#name,V1,V2,V3,V4,V5,V6,V7,V8,V9,V10,V11,V12,V13,V14,V15,V16,V17,V18,V19,V20
trpos2840.txt_allergen_93,-0.8062,-2.1812,-1.275,-1.4438,-2.7562,-1.5312,-0.875,-1.6375,-1.0875,-1.225,-1.675,-0.7312,-1.5375,-2.0187,-2.025,-0.7688,-0.6375,-3.2687,-1.8375,-0.9875
trpos2840.txt_allergen_1025,0.0417,-1.6667,-1.4,-2.5583,-1.8667,-1.7,-2.3667,-1.6417,-2.7083,-1.6,-1.525,-1.425,-1.175,-2.8167,-1.8333,-0.5333,-0.7333,-3.8333,-2.6833,-0.9083
trpos2840.txt_allergen_3152,-0.8354,-1.6402,-0.8841,-1.9634,-2.4512,-1.0549,-1.6524,-1.9817,-1.4451,-1.8659,-1.9085,-1.1341,-1.5183,-1.9268,-1.8659,-0.628,-1.1768,-2.5549,-1.1707,-1.3902
trpos2840.txt_allergen_2406,-1.5445,-1.4418,-1.7979,-1.9555,-1.9349,-1.4007,-1.4623,-2.6781,-1.3973,-1.3185,-1.2021,-1.0548,-0.9418,-1.8288,-2.6473,-1.339,-1.4247,-3.3699,-1.7363,-1.4075
trpos2840.txt_allergen_3270,-0.3448,-1.569,-1.0948,-1.7716,-1.7802,-1.1853,-1.6724,-1.0302,-1.5948,-1.6724,-1.7931,-1.3276,-1.5388,-1.8922,-1.5172,-0.3707,-0.4741,-2.5819,-1.7629,-1.2371
trpos2840.txt_allergen_2992,-0.4484,-1.4953,-0.7469,-1.1313,-2.3391,-0.9922,-1.1797,-1.3578,-1.6234,-1.2719,-1.4344,-1.0891,-1.4,-1.6156,-1.6547,-0.1891,-0.3375,-2.3188,-1.0984,-1.0266
trpos2840.txt_allergen_499,-0.8208,-1.3962,-0.9088,-1.1305,-2.6164,-0.9119,-1.0566,-1.5425,-1.3019,-1.4638,-1.3459,-1.0346,-1.3318,-1.4701,-1.6635,-0.5519,-0.5959,-2.3129,-1.1619,-1.1352
trpos2840.txt_allergen_3177,-0.5057,-1.6502,-1.3688,-1.9886,-2.4943,-1.4297,-1.9202,-1.2966,-1.9848,-1.8365,-1.8213,-1.4639,-1.5361,-2.0837,-2.057,-0.6882,-0.8289,-2.924,-1.8897,-1.3232
trpos2840.txt_allergen_876,-0.3982,-1.5619,-1.0487,-1.7743,-1.8761,-1.2168,-1.7124,-1.1681,-1.6726,-1.8142,-1.8363,-1.3717,-1.5841,-1.854,-1.5752,-0.4823,-0.5,-2.7035,-1.7699,-1.3407
trpos2840.txt_allergen_409,-0.4022,-1.162,-0.7207,-0.9609,-1.3296,-0.6536,-0.743,-1.0726,-1.1899,-1.3911,-1.4581,-0.8492,-0.8994,-1.7318,-1.3464,-0.1453,-0.6313,-2.3855,-1.3352,-1.0335
trpos2840.txt_allergen_2020,-0.3659,-0.939,-1.1585,-1.2378,-2.0732,-0.8598,-0.5671,0.3598,-1.6585,-2.4817,-2.4573,-0.3415,-1.8537,-2.5793,-0.122,-0.5366,-1.189,-2.9024,-2.1524,-2.0488
trpos2840.txt_allergen_1400,-1.2317,-1.378,-1.4146,-0.9268,-3.0244,-1.1463,-0.5366,-2.4756,-1.8659,-1.7317,-1.5244,-0.5,-0.2927,-1.7561,-3.4878,-1.2927,-1.3293,-3.8659,-1.939,-1.7439
trpos2840.txt_allergen_730,-0.6656,-1.5756,-1.4107,-1.4214,-3.087,-0.9542,-0.7924,-2.1115,-2.0611,-1.3374,-1.5481,-0.7908,-1.6046,-2.3786,-2.3969,-0.826,-0.8382,-4.0229,-2.4214,-1.1527
trpos2840.txt_allergen_2083,-0.994,-2.3862,-1.1018,-1.4701,-3.0299,-1.0778,-1.6677,-1.488,-2.2754,-1.4491,-1.6796,-1.6766,-1.7305,-1.5479,-2.1497,-0.1647,-0.3772,-3.2725,-1.2934,-1.1138
trpos2840.txt_allergen_3239,-0.7877,-1.3184,-0.5991,-1.5354,-2.1038,-0.9693,-1.2547,-1.5778,-1.4481,-1.8491,-1.9481,-0.8491,-1.5778,-2.0495,-1.5425,-0.4505,-0.8632,-2.3821,-1.1392,-1.4269
trpos2840.txt_allergen_2555,-0.9167,-1,-0.9583,-1.4583,-2.125,-0.25,-0.6667,-2,-1.4167,-1.3333,-0.9167,-0.875,-0.4167,-1.375,-0.875,-0.4583,-0.0417,-1.75,-1.25,-1.0417
trpos2840.txt_allergen_1585,0.5,-1.2843,-1.2255,-1.4804,-1.9706,-0.7353,-0.7353,-1.5588,-1.6765,-1.4314,-1.6569,-0.5686,-1.1078,-1.9902,-1.1078,-0.0392,-0.1373,-2.5196,-1.4314,-0.902
trpos2840.txt_allergen_3524,-0.9223,-1.4706,-1.0525,-1.438,-2.7153,-1.0095,-1.146,-1.7836,-1.3729,-1.4601,-1.4002,-1.2784,-1.3393,-1.5032,-1.8183,-0.6439,-0.5945,-2.3393,-1.1576,-1.1019
trpos2840.txt_allergen_2284,-1.0562,-1.4073,-1.2753,-1.3118,-2.5534,-1.0674,-0.9213,-2.0449,-1.6264,-1.3876,-1.236,-0.8062,-1.2781,-2.0253,-2.2472,-0.8848,-0.9831,-3.2022,-1.8933,-1.2837
trpos2840.txt_allergen_3271,-0.3522,-1.6087,-1.1652,-1.8435,-1.8304,-1.2304,-1.7261,-1.1522,-1.7304,-1.787,-1.8739,-1.3913,-1.6174,-1.9783,-1.5783,-0.3957,-0.487,-2.7609,-1.9043,-1.3348
trpos2840.txt_allergen_931,-0.3518,-1.4853,-1.0163,-1.0228,-2.202,-0.8502,-0.4397,-0.013,-1.7752,-1.4463,-1.4169,-1.1205,-1.3974,-2.1922,-0.5472,0.2573,-0.4691,-2.7622,-2.1205,-0.9316
trpos2840.txt_allergen_1212,-0.9605,-1.5954,-0.9704,-1.5724,-2.4671,-1.1086,-1.3289,-1.852,-1.7401,-1.5592,-1.6349,-1.0395,-1.4704,-1.8849,-2.0592,-0.6645,-0.8618,-3.148,-1.6217,-1.398
trpos2840.txt_allergen_1420,-0.4831,-0.3333,-1.0749,-0.8727,-2.4757,0.0749,0.5094,-1.7603,-0.7228,-1.6479,-1.3783,0.3933,-0.8689,-2.0225,-1.8801,-0.4757,-0.6367,-2.4831,-1.2846,-1.382
trpos2840.txt_allergen_161,-0.7436,-1.2479,-1.1111,-1.3419,-2.5556,-0.8803,-0.9573,-1.8462,-1.4359,-1.8718,-1.4872,-1.2564,-1.359,-1.9316,-1.7094,-0.7521,-0.9487,-2.3504,-1.3675,-1.2991
trpos2840.txt_allergen_1682,-0.4275,-2.0305,-1.5267,-1.9466,-2.3206,-1.145,-1.7634,-1.0992,-2.0916,-1.7328,-1.8168,-1.313,-1.4733,-2.4122,-2.542,-0.916,-0.8473,-3.5954,-2.1527,-1.1679
trpos2840.txt_allergen_2493,0.1667,-1,-1,-1.3333,-1.5833,-0.4167,-0.4167,-1.25,-1.75,-0.5,-1,-0.5833,-0.5,-1.9167,-1.5,0.1667,0,-2.6667,-1.6667,0.1667
trpos2840.txt_allergen_694,-0.0956,-0.995,-1.3296,-1.0151,-3.2604,0.7899,0.317,-0.3723,-1.6906,-2.4264,-2.0403,0.2642,-2.1535,-3.0604,1.5358,0.6679,0.122,-3.6629,-2.3044,-1.4541
trpos2840.txt_allergen_2178,-0.4286,-2.0827,-1.5038,-1.782,-2.2707,-1.1429,-1.7594,-1.0902,-2.1278,-1.6466,-1.7669,-1.2632,-1.4962,-2.3308,-2.5263,-0.8797,-0.812,-3.5263,-2.0902,-1.2256
trpos2840.txt_allergen_2782,-0.773,-1.4757,-1.2486,-1.9351,-2.4973,-0.8811,-1.3027,-2.4865,-1.6811,-1.1243,-1.2919,-1.2973,-1.227,-1.973,-0.573,-0.6432,-0.4486,-3.1135,-1.627,-0.8054
trpos2840.txt_allergen_1322,-0.5325,-1.2078,-0.6494,-1.4156,-1.2338,-0.8312,-0.8961,-1.6234,-1.5844,-1.5714,-1.7662,-0.6364,-1.1169,-2.0519,-1.7273,-0.4026,-0.5325,-2.4286,-1.5325,-1.1169
trpos2840.txt_allergen_3115,-0.9284,-1.586,-1.4226,-1.1791,-3.3309,-1.1189,-0.5587,-2.3825,-1.9613,-1.8496,-1.7923,-0.7521,-1.649,-2.3539,-2.51,-0.9527,-1.0516,-3.533,-2.2206,-1.5917
trpos2840.txt_allergen_2160,-1.5325,-1.4705,-1.2254,-1.3192,-3.2224,-1.1967,-1.2073,-2.6203,-0.8517,-1.6248,-1.593,-1.2466,-1.0378,-1.2995,-2.416,-1.2844,-1.177,-2.9713,-0.7186,-1.23
trpos2840.txt_allergen_1816,-0.8473,-1.926,-0.4344,-1.1432,-2.5107,-1.3174,-1.568,-1.0143,-1.8329,-1.358,-2.0143,-1.031,-1.8234,-2.1169,-2.2649,-0.2005,-0.2792,-3.148,-1.8759,-1.0835
trpos2840.txt_allergen_3365,-0.9228,-1.4718,-0.997,-1.5519,-2.2582,-1.1454,-1.3234,-1.7507,-1.7359,-1.5223,-1.454,-1.0178,-1.3739,-1.7122,-1.9644,-0.6291,-0.8249,-2.8961,-1.4866,-1.2671
trpos2840.txt_allergen_2598,-1.0938,-1.4375,-1.375,-1.5312,-2.4375,-1.0312,-1.3438,-2.125,-1.6875,-1.375,-1.3125,-0.6562,-1.2812,-1.7812,-2.125,-0.7188,-0.7188,-2.9688,-1.5625,-1.0625
trpos2840.txt_allergen_2357,-0.2,-0.9333,-0.4,-0.9333,-1.9333,-0.6,-0.2,-0.2,-1.4667,-1.7333,-1.8667,-0.3333,-1.2,-1.8,-1.5333,0.5333,-0.0667,-2.4,-1.7333,-1.0667
trpos2840.txt_allergen_924,-0.944,-1.3782,-1.3025,-1.7283,-2.8515,-0.9972,-1.2969,-2.0756,-1.4006,-1.5322,-1.3025,-1.1737,-1.3081,-1.7647,-1.93,-1.0112,-0.9468,-2.5322,-1.3669,-1.2213
trpos2840.txt_allergen_2012,-0.8788,-0.9636,-1.1333,-0.5879,-2.2121,-0.6303,-0.1939,-2.0909,-1.2061,-1.5576,-1.4,-0.1818,-0.3939,-1.2121,-2.4606,-0.8364,-1.0909,-3.1152,-1.697,-1.6485
trpos2840.txt_allergen_3405,-0.782,-1.3945,-1.0242,-1.6401,-2.9619,-1.1938,-1.5502,-1.9377,-2.1522,-1.3356,-1.3564,-1.1176,-1.5571,-1.7163,-2.218,-0.4291,-0.2215,-3.218,-1.8131,-0.9723
trpos2840.txt_allergen_2239,0.0083,-1.6833,-1.3417,-2.4833,-1.875,-1.6917,-2.3,-1.5917,-2.625,-1.5583,-1.4833,-1.45,-1.2,-2.7583,-1.825,-0.475,-0.6917,-3.7333,-2.65,-0.8917
trpos2840.txt_allergen_1480,-0.5814,-1.2698,-1.2,-1.0419,-2.4233,-0.8233,-0.7767,-1.8791,-1.3256,-0.9442,-1.0465,-0.614,-0.7163,-1.7488,-1.786,-0.7488,-0.6651,-2.8372,-1.6186,-0.7302
trpos2840.txt_allergen_1705,-0.7627,-1.9831,-0.5303,-1.2518,-2.4576,-1.3511,-1.6247,-1.0073,-1.9685,-1.2155,-1.8571,-1.0702,-1.707,-1.9056,-2.2349,-0.1501,-0.2809,-3.046,-1.9516,-1.0315
trpos2840.txt_allergen_532,-0.3835,-2.1278,-1.4737,-1.8271,-2.2331,-1.1203,-1.7293,-1.1353,-2.1729,-1.6015,-1.782,-1.2406,-1.4511,-2.3609,-2.5113,-0.8346,-0.7444,-3.4962,-2.1278,-1.1278
trpos2840.txt_allergen_1174,-0.2713,-2.1296,-1.6883,-2.0121,-2.6397,-1.5668,-1.4211,-2.0445,-2.1215,-1.4008,-1.6559,-1.3563,-1.9312,-2.3887,-2.664,-1.1417,-1.332,-3.8259,-2.5547,-1.1215
trpos2840.txt_allergen_2868,-0.3893,-2.1603,-1.4733,-1.9313,-2.3435,-1.1527,-1.6947,-1.1221,-2.1985,-1.7023,-1.855,-1.2672,-1.4809,-2.313,-2.5115,-0.8168,-0.7939,-3.5191,-2.0992,-1.2366
trpos2840.txt_allergen_891,-0.378,-0.9146,-1.1646,-1.2317,-2.1341,-0.8598,-0.5122,0.3659,-1.7317,-2.5244,-2.4817,-0.3476,-1.8476,-2.5854,-0.0976,-0.5244,-1.25,-2.9634,-2.1585,-2.0366
trpos2840.txt_allergen_3050,-0.5354,-1.4398,-1.1472,-0.9197,-2.9446,-0.8222,-0.4015,-2.0841,-1.3786,-1.3423,-1.1663,-0.4876,-1.4551,-1.2314,-1.7553,-0.6195,-0.8604,-2.912,-1.5717,-0.8489
trpos2840.txt_allergen_1537,-0.7674,-2,-1.1783,-1.3333,-2.3101,-1.0078,-1.1163,-1.9302,-1.876,-1.155,-1.7519,-0.5969,-1.7364,-2.6357,-1.7287,-0.7054,-0.5271,-3.3643,-2.2481,-0.7209
trpos2840.txt_allergen_1676,-0.3893,-2.1603,-1.4733,-1.9313,-2.3435,-1.1527,-1.6947,-1.1221,-2.1985,-1.7023,-1.855,-1.2672,-1.4809,-2.313,-2.5115,-0.8168,-0.7939,-3.5191,-2.0992,-1.2366
trpos2840.txt_allergen_1403,-1.1566,-1.747,-1.5904,-1.0241,-2.988,-1.2169,-0.5904,-2.6024,-1.9398,-1.7952,-1.5783,-0.6024,-0.3614,-1.8193,-3.5542,-1.2289,-1.4458,-3.7108,-2.1687,-1.8554
trpos2840.txt_allergen_968,-0.0625,-1.5417,-1.1562,-2.0417,-1.0938,-0.9375,-1.5625,-1.4688,-1.9167,-1.3854,-1.2604,-1.2083,-0.9062,-2.0208,-1.2396,-0.3854,-0.5417,-2.8958,-1.8125,-0.8125
trpos2840.txt_allergen_3324,-0.1857,-1.3714,-1.5143,-1.5857,-1.8857,-0.7714,-0.7714,-1.6143,-1.4143,-0.9143,-1.1286,-0.8857,-0.7429,-1.5286,-1.1,-0.6857,-0.6286,-2.4571,-1.3429,-0.5429
trpos2840.txt_allergen_2346,-0.234,0.2571,-0.8333,-1.2234,-2.1436,0.4397,0.3652,-1.4273,-1.1365,-1.7252,-0.9716,0.0461,-0.9167,-2.6082,-2.1082,0.406,-0.4379,-3.4858,-2.0709,-1.4273
trpos2840.txt_allergen_2810,-0.8673,-1.9469,-0.7301,-1.1726,-2.1903,-0.7212,-1.3496,-0.9845,-1.7257,-1.0796,-1.1991,-1.3274,-1.2544,-1.3164,-1.4358,-0.0221,-0.3341,-2.5442,-0.9735,-0.9646
trpos2840.txt_allergen_3218,-0.5109,-1.6957,-1.3514,-1.9348,-2.5036,-1.4674,-1.8804,-1.1594,-1.942,-1.8261,-1.8333,-1.3768,-1.3804,-2.1196,-2.029,-0.6884,-0.9058,-2.9312,-1.8514,-1.337
trpos2840.txt_allergen_17,-0.4126,-0.9441,-1.8531,-1.965,-1.8671,-0.8531,-1.2797,-1.6294,-2.0839,-1.6224,-1.2308,-1.5035,-0.951,-2.2028,-1.5804,-0.6434,-0.7902,-2.5524,-1.8741,-0.8322
trpos2840.txt_allergen_1771,-0.4682,-1.5543,-1.2772,-1.9513,-2.4532,-1.4719,-1.9026,-1.1236,-1.9888,-1.8951,-1.9401,-1.4007,-1.5543,-2.0749,-2.1236,-0.6442,-0.8614,-2.8502,-1.8989,-1.3783
trpos2840.txt_allergen_2942,-0.4104,-2.1269,-1.4701,-1.8657,-2.2015,-1.0746,-1.694,-1.1119,-2.1866,-1.6866,-1.806,-1.2388,-1.4403,-2.306,-2.5299,-0.8358,-0.7687,-3.4627,-2.0821,-1.2313
trpos2840.txt_allergen_3161,-0.7414,-0.8017,-1.7845,-1.7586,-1.8276,-0.7155,-1.181,-1.5517,-2.0431,-1.8017,-1.4828,-1.4828,-1.2586,-2.3879,-1.2672,-0.8534,-0.819,-2.3621,-1.8448,-1.0948
trpos2840.txt_allergen_2481,-0.5287,-1.0984,-1.168,-0.8893,-2.6148,-0.4016,-0.1434,-1.9057,-1.4836,-1.5287,-1.5697,-0.3279,-1.1475,-2.2623,-1.8443,-0.5287,-0.7254,-2.8852,-1.8443,-1.1393
trpos2840.txt_allergen_2844,-0.9858,-1.717,-0.9764,-1.684,-2.4717,-1.3208,-1.4481,-1.6321,-1.6509,-1.8915,-2.217,-1.2783,-1.7264,-2.316,-2.6509,-0.7264,-1.1321,-2.9292,-1.3868,-1.5566
trpos2840.txt_allergen_200,0.0977,-1.5865,-1.3083,-2.4361,-1.7143,-1.6391,-2.203,-1.5489,-2.4962,-1.5038,-1.4135,-1.3383,-1.0376,-2.6391,-1.797,-0.3083,-0.6767,-3.7068,-2.4511,-0.7594
trpos2840.txt_allergen_446,-0.6989,-1.6237,-1.4516,-1.4946,-1.7742,-1,-0.9462,-2.2258,-1.5054,-1.0538,-0.7957,-1.1075,-0.4839,-1.4624,-2.0215,-0.7204,-0.4946,-2.5699,-1.3333,-0.7419
trpos2840.txt_allergen_314,-0.4791,-1.5932,-1.3042,-1.9087,-2.4563,-1.4677,-1.8213,-1.1559,-2.038,-1.9011,-1.9544,-1.3726,-1.5171,-2.0951,-2.0684,-0.6084,-0.8251,-2.9582,-1.8897,-1.3802
trpos2840.txt_allergen_2258,-0.5602,-1.2319,-1.0843,-1.1325,-2.4036,-0.762,-0.8012,-1.756,-0.8042,-1.8072,-1.4849,-0.5211,-1.0964,-1.7018,-2.1175,-0.7741,-0.8946,-2.6958,-1.494,-1.4247
trpos2840.txt_allergen_157,-0.5149,-0.9604,-0.797,-0.6782,-2.396,-0.2228,-0.1782,-1.3416,-1.495,-2.0396,-1.9901,-0.4455,-1.5495,-2.7178,-0.6238,0.3366,-0.4257,-3.1832,-2.2525,-1.396
trpos2840.txt_allergen_1945,-0.3537,-1.6138,-1.1057,-1.748,-1.748,-1.1423,-1.7033,-0.9837,-1.6341,-1.7602,-1.813,-1.378,-1.5894,-1.878,-1.4919,-0.4106,-0.4634,-2.7195,-1.7764,-1.2886
trpos2840.txt_allergen_555,0.0357,-1.4143,-1.6929,-1.8143,-2.2429,-0.8429,-1.4286,-1.1357,-1.7143,-1.1,-0.9643,-1.1214,-0.5214,-1.8214,-1.8786,-0.4571,-0.3214,-2.8,-1.5786,-0.7071
trpos2840.txt_allergen_247,0.1875,-2.2875,-1.75,-1.6313,-2.7687,-1.4438,-1.5,-1.9375,-1.1812,-1.4875,-1.1438,-1.0312,-1.1875,-1.6938,-2.9062,-0.9188,-1.0437,-3.6625,-2.225,-0.8125
trpos2840.txt_allergen_1297,-0.8,-2.0023,-1.6818,-1.8568,-2.95,-1.6614,-1.475,-2.0023,-2.2136,-1.7364,-1.9591,-1.3273,-1.7182,-2.4727,-2.8568,-1.1227,-1.2091,-3.7068,-2.3318,-1.5659
trpos2840.txt_allergen_2441,-0.7063,-1.8981,-0.5437,-1.1869,-2.483,-1.3811,-1.568,-0.9078,-1.9126,-1.2888,-1.9248,-1.0413,-1.733,-1.9951,-2.0922,-0.2451,-0.3204,-3.0364,-1.8762,-0.9806
trpos2840.txt_allergen_2254,-0.5412,-1.2437,-0.8084,-1.1597,-1.8874,-0.8101,-0.9546,-1.279,-1.3815,-1.2655,-1.2672,-0.9613,-0.8588,-1.6269,-0.9697,-0.3479,-0.4353,-2.363,-1.3798,-0.9529
trpos2840.txt_allergen_2435,-0.35,-0.35,0.45,-0.35,-2.2,-0.2,0.05,-0.25,-1.1,-2.45,-2.2,0.15,-1.5,-2.6,-1,0.65,-0.2,-2.85,-2.2,-1.85
trpos2840.txt_allergen_2384,-0.9099,-1.4414,-0.7417,-1.6336,-2.7267,-1.2252,-1.2132,-1.7598,-1.4294,-1.6517,-1.7237,-0.976,-1.2823,-1.9489,-2.4054,-0.7027,-1.021,-2.6877,-1.2342,-1.3183
trpos2840.txt_allergen_3391,-0.5548,-1.3699,-1.2877,-1.9932,-1.8219,-1.0068,-1.3973,-1.9658,-1.6301,-1.0479,-0.7877,-1.1438,-0.6644,-1.8014,-1.5411,-0.4726,-0.4178,-2.5479,-1.6986,-0.8356
trpos2840.txt_allergen_2565,-0.875,-0.9375,-1.25,-1.8125,-2.25,-1.125,-1.25,-2.1875,-1.5625,-1.3125,-1.125,-1.0625,-1.1875,-1.5625,0.5,-0.875,-0.625,-2.75,-1.5625,-1.1875
trpos2840.txt_allergen_1525,-0.8514,-1.8333,-0.8514,-1.536,-2.4505,-1.3243,-1.4595,-1.464,-1.7523,-1.7117,-2.1261,-1.2207,-1.5541,-2.2432,-2.4595,-0.5766,-1.0631,-2.8378,-1.3784,-1.2703
trpos2840.txt_allergen_401,-0.2289,0.2324,-0.4296,-0.6408,-3.4437,1.3063,1.7183,-3.1232,-1.1373,-1.6232,-0.6972,1.1796,-0.8204,-3.4683,-3.9225,-0.6056,-0.8345,-4.3979,-2.7289,-1.7465
trpos2840.txt_allergen_428,-0.8842,-1.305,-0.5946,-1.583,-1.7876,-0.9807,-1.3127,-1.4981,-1.3591,-1.7954,-1.7259,-0.7568,-1.4479,-1.9691,-1.6139,-0.4942,-0.834,-2.2896,-1.0579,-1.3784
trpos2840.txt_allergen_3237,-0.783,-1.3561,-0.6179,-1.5377,-2.0212,-1.0047,-1.2453,-1.5873,-1.4552,-1.8373,-1.9858,-0.8679,-1.5566,-2.0495,-1.5377,-0.4316,-0.8396,-2.3656,-1.1014,-1.3962
trpos2840.txt_allergen_996,0.1351,-1.2162,-1.1892,-1.1892,-2.2703,-0.5676,-0.7838,-1.3514,-1.5676,-1.6486,-1.5946,-0.4054,-1.4054,-2.4595,-1.027,-0.5946,-0.5946,-2.973,-1.7027,-1.4324
trpos2840.txt_allergen_230,-0.1402,-1.6553,-1.4697,-1.9318,-2.7083,-1.2197,-1.4886,-1.0341,-2.2348,-1.4962,-1.2348,-1.2121,-1.5076,-1.3295,-1.3826,-0.5682,-0.8144,-2.4735,-1.8864,-1.1364
trpos2840.txt_allergen_661,0.6355,-2.1495,-1.7477,-1.243,-2.7196,-1.4486,-0.5327,-1.0748,-2.5047,-1.8505,-1.8411,-0.9907,-1.5607,-2.6075,-1.4673,-0.3832,-0.9813,-3.5981,-2.5794,-1.1963
trpos2840.txt_allergen_877,-0.0779,-1.4329,-0.7532,-1.0346,-1.9524,-0.4935,-0.2121,-0.1948,-1.3723,-1.5152,-1.5801,-0.8139,-1.2597,-2.1861,-0.9048,0.039,-0.5455,-2.3074,-1.9394,-1.013
trpos2840.txt_allergen_1871,-0.869,-1.3214,-1.2381,-1.5476,-2.631,-0.9286,-0.8095,-1.9881,-1.6548,-1.25,-1.6667,-0.869,-1.369,-2.1667,-1.4762,-0.8095,-0.7024,-3.1786,-1.7976,-0.6667
trpos2840.txt_allergen_190,-0.8608,-1.4489,-0.8295,-1.6506,-2.5824,-1.125,-1.1676,-1.7727,-1.2983,-1.6648,-1.7188,-0.9489,-1.2642,-1.9318,-2.2159,-0.5938,-0.9347,-2.7045,-1.1761,-1.3693
trpos2840.txt_allergen_2228,-0.0758,-1.4015,-1.0833,-1.1439,-1.5152,-1.1591,-1,-1.2879,-1.7803,-1.7273,-1.7955,-0.7955,-1.4697,-2.0682,-0.6439,-0.2197,-0.4545,-3.0152,-2.0455,-1.3258
trpos2840.txt_allergen_1560,-0.9113,-1.6371,-0.871,-1.6129,-2.6855,-0.5484,-1.379,-2.1532,-1.4516,-1.7419,-1.5,-1.3306,-1.1855,-1.6855,-2.4435,-0.7339,-0.7984,-3,-1.5,-1.3548
trpos2840.txt_allergen_2488,-0.8333,-1.6667,-0.25,-1.25,-1.3333,-1.25,-1.5,-0.3333,-1.5833,-2.3333,-2.0833,-1.3333,-1.5,-2.4167,0.0833,-0.1667,-0.4167,-1.9167,-2,-1.9167
trpos2840.txt_allergen_1432,-0.8259,-1.3404,-0.723,-1.5409,-2.4327,-1.1768,-1.1451,-1.7018,-1.285,-1.6544,-1.6464,-0.9024,-1.2744,-1.8153,-2.066,-0.6016,-0.9499,-2.7546,-1.1636,-1.3325
trpos2840.txt_allergen_2172,-0.4436,-1.9925,-1.4812,-1.8195,-2.2331,-1.1654,-1.7594,-1.0752,-2.1053,-1.6316,-1.7444,-1.2782,-1.4887,-2.3083,-2.4887,-0.8872,-0.812,-3.5188,-2.1579,-1.203
trpos2840.txt_allergen_3168,-0.532,-1.612,-1.404,-2.008,-2.6,-1.436,-1.908,-1.316,-2.048,-1.908,-1.904,-1.472,-1.604,-2.092,-2.172,-0.736,-0.912,-3,-1.808,-1.424
trpos2840.txt_allergen_2127,-0.2754,-1.1522,-0.6594,-0.971,-1.529,-0.7246,-0.7609,-1.058,-1.2101,-1.5,-1.4058,-0.7899,-0.9855,-1.5072,-1.5072,-0.0435,-0.3913,-2.1377,-1.2029,-1.1522
trpos2840.txt_allergen_1671,-0.7865,-0.9479,-1.2917,-0.8281,-2.2865,-0.6875,-0.4896,-2.0521,-1.2552,-1.4167,-1.3802,-0.1615,-0.401,-1.5833,-2.1823,-0.7135,-0.8542,-3.1458,-1.9167,-1.4479
trpos2840.txt_allergen_3109,-0.1206,-2.1348,-1.6879,-1.8014,-2.8865,-1.3262,-1.617,-1.9929,-0.9291,-1.7518,-1.5035,-1.0355,-1.3191,-2.0284,-3.0496,-1.227,-1.2128,-4.0638,-2.3121,-1.0851
trpos2840.txt_allergen_910,-0.7208,-2.1558,-1.3766,-1.4675,-2.8442,-1.5714,-0.8636,-1.5455,-1.0714,-1.1234,-1.6818,-0.7078,-1.5909,-2.026,-2.1169,-0.7987,-0.6104,-3.2532,-1.8636,-0.9221
trpos2840.txt_allergen_866,-0.5486,-1.4861,-0.8264,-0.9861,-1.7222,-0.9028,-0.8472,-1.1597,-1.4028,-1.3056,-1.3958,-1.1319,-0.9306,-1.4861,-1.2847,-0.3542,-0.2083,-1.8264,-1.2778,-0.8889
trpos2840.txt_allergen_260,-0.3817,-2.1374,-1.4656,-1.8626,-2.313,-1.084,-1.687,-1.145,-2.2137,-1.687,-1.8321,-1.2595,-1.5038,-2.3359,-2.542,-0.8015,-0.7863,-3.4962,-2.084,-1.2519
trpos2840.txt_allergen_53,-0.7481,-1.4912,-0.6952,-1.3854,-2.5264,-1.3149,-1.5617,-1.4005,-1.4282,-1.33,-1.7683,-1.0479,-1.4912,-1.9219,-2.0982,-0.4257,-0.6599,-2.6952,-1.3275,-1.1864
trpos2840.txt_allergen_660,-0.4198,-2.1221,-1.5573,-1.9237,-2.3435,-1.0458,-1.6718,-1.1832,-2.1985,-1.6183,-1.9084,-1.2443,-1.5725,-2.3588,-2.542,-0.8321,-0.771,-3.4656,-1.9924,-1.1985
trpos2840.txt_allergen_1589,-1.0459,-1.8165,-1.5321,-0.8899,-2.789,-1.2844,-0.5046,-2.4679,-2,-1.8532,-1.6147,-0.6972,-0.5046,-1.6514,-2.9817,-1.1376,-1.3028,-3.7431,-2.3119,-1.6789
trpos2840.txt_allergen_3288,-1.3942,-1.3776,-0.4855,-1.0539,-2.9834,-0.8921,-0.8548,-2.0166,-1.3361,-1.195,-1.3817,-0.3817,-1.278,-1.4564,-2.0871,-0.5851,-0.6017,-2.971,-1.1286,-1.2614
trpos2840.txt_allergen_1340,-0.2772,-0.604,-0.7822,-1.0594,-2.0198,0.604,-0.297,-0.5842,-0.9208,-2.1782,-1.7624,-0.4356,-0.9208,-2.0891,-0.8218,-0.0495,-0.7228,-2.099,-1.2079,-1.505
trpos2840.txt_allergen_2455,-0.7692,-1.3846,-1.1538,-1,-1.4615,-0.8462,-0.9231,-1.6154,-1.9231,-1.3077,-1.0769,-0.4615,-0.7692,-2.3077,-0.6923,-0.5385,-0.8462,-2.9231,-2.0769,-1
trpos2840.txt_allergen_114,-0.7646,-1.7335,-0.5214,-1.1751,-2.3191,-1.1479,-1.4319,-1.0506,-1.642,-1.323,-1.8268,-0.9611,-1.5311,-2.0506,-2.0058,-0.3113,-0.3541,-3.0233,-1.7082,-0.9981
trpos2840.txt_allergen_2447,-1,-1.5814,-1.4419,-0.8488,-2.8837,-1.1512,-0.5,-2.4651,-1.9535,-1.8605,-1.5,-0.5581,-0.2791,-1.8837,-3.4419,-1.0698,-1.4535,-4,-2.314,-1.7558
trpos2840.txt_allergen_2749,-0.3152,-1.587,-1.0652,-2.2935,-2.0761,-1.5326,-2.3152,-1.6522,-2.7065,-1.9457,-2.0217,-1.25,-1.7717,-3.2826,-1.8587,-0.4239,-0.6087,-4.2174,-2.9022,-1.4022
trpos2840.txt_allergen_978,-0.6234,-1.3669,-1.2695,-1.4578,-2.7013,-1.0162,-1.0195,-1.7468,-1.5877,-1.0422,-1.0097,-1,-1.4026,-1.6688,-1.8994,-0.8831,-0.776,-2.974,-1.5942,-0.7208
trpos2840.txt_allergen_683,-0.6548,-1.3274,-1.1964,-1.4167,-1.9881,-0.9286,-0.9345,-1.7917,-1.744,-1.4107,-1.4107,-0.5952,-1.2202,-1.9643,-1.6726,-0.619,-0.6488,-2.9702,-1.7024,-0.8929
trpos2840.txt_allergen_969,-0.4046,-2.1603,-1.4656,-1.9237,-2.3435,-1.1374,-1.6947,-1.1374,-2.1908,-1.6718,-1.8473,-1.2519,-1.4809,-2.3664,-2.5267,-0.8168,-0.7863,-3.5344,-2.084,-1.2366
trpos2840.txt_allergen_1187,-0.4286,-1.6044,-0.967,-1.7692,-1.1209,-1.044,-1.6813,-0.6374,-1.7692,-2.1758,-2.1538,-1.2527,-1.8681,-2.1648,-1.3297,-0.2198,-0.4835,-2.1209,-1.6484,-1.7692
trpos2840.txt_allergen_885,-1.0734,-1.844,-1.5688,-0.8807,-2.8257,-1.2202,-0.5229,-2.4587,-1.844,-1.7431,-1.633,-0.7706,-0.5596,-1.7798,-3.055,-1.1651,-1.2569,-3.7431,-2.3578,-1.633
trpos2840.txt_allergen_671,0.1102,-1.7627,-1.3559,-2.5169,-1.9407,-1.6695,-2.3729,-1.6525,-2.6864,-1.5254,-1.5085,-1.4746,-1.1695,-2.7712,-1.8475,-0.5085,-0.7797,-3.8475,-2.6271,-0.8983
trpos2840.txt_allergen_2643,-0.7925,-2.1006,-1.3396,-1.478,-2.8491,-1.522,-0.8805,-1.6164,-1.1258,-1.1698,-1.6289,-0.7484,-1.5409,-1.9497,-1.9686,-0.7987,-0.6101,-3.2013,-1.8113,-0.9434
trpos2840.txt_allergen_24,-0.6943,-1.5073,-1.4992,-1.4293,-2.4276,-0.9317,-0.6114,-2.3821,-1.3415,-1.7951,-1.348,-0.7057,-1.3626,-2.0455,-1.9268,-0.6439,-0.7122,-3.439,-1.9317,-1.3593
trpos2840.txt_allergen_2094,-0.7913,-1.9008,-0.5751,-1.2366,-2.4682,-1.3639,-1.5776,-1.0102,-1.8168,-1.2545,-1.8982,-1.0153,-1.6209,-2.0254,-2.0992,-0.2799,-0.2901,-3.0331,-1.9033,-0.9924
trpos2840.txt_allergen_3517,-0.72,-1.44,-0.52,-0.68,-1.88,-0.8,-0.8,-1.08,-1.24,-1.68,-1.96,-0.92,-1.4,-1.8,-1.28,0.08,-0.2,-2.92,-1.68,-1.36
trpos2840.txt_allergen_2309,-0.5056,-1.7222,-1.1556,-1.7778,-1.9222,-1.0889,-1.7833,-1.1556,-1.8333,-2.1444,-2.2611,-1.3722,-1.9056,-2.4111,-1.4444,-0.4778,-0.6833,-2.9833,-2.1667,-1.6389
trpos2840.txt_allergen_2046,-0.7597,-2.1883,-1.3961,-1.5325,-2.8377,-1.6104,-0.9286,-1.6494,-1.1623,-1.1558,-1.7078,-0.7792,-1.6494,-2.0455,-2.2013,-0.8377,-0.6234,-3.4156,-1.9221,-0.961
trpos2840.txt_allergen_836,-0.6234,-1.4091,-1.1591,-1.461,-2.6039,-0.9643,-0.9286,-1.8182,-1.6753,-0.9578,-1.2273,-1.0065,-1.4968,-1.6883,-1.8571,-0.8474,-0.7597,-2.9513,-1.6201,-0.8312
trpos2840.txt_allergen_1611,-0.7786,-1.1603,-0.9313,-1.0534,-2.1679,-0.8855,-0.687,-1.6336,-1.7252,-1.458,-1.5878,-0.5115,-1.374,-2.0458,-1.6031,-0.5573,-0.5115,-2.9847,-1.7557,-1.1069
trpos2840.txt_allergen_994,-0.5105,-1.27,-1.4219,-1.4726,-2.5612,-1.0802,-0.8354,-2.1392,-1.2869,-1.5021,-0.9662,-0.7173,-1.3122,-1.4008,-1.6456,-1.0802,-1.0633,-2.5148,-1.173,-1.1814
trpos2840.txt_allergen_3082,-0.3203,-1.2745,-1.8039,-1.6471,-1.7451,-0.9804,-1.3791,-1.4575,-1.902,-1.4902,-1.3007,-1.4771,-0.9542,-2.1503,-1.183,-0.5882,-0.6863,-2.4248,-1.6863,-0.8431
trpos2840.txt_allergen_1920,-0.7763,-2.1184,-1.1184,-1.4934,-2.8947,-1.6447,-1.6053,-1,-1.5592,-1.9013,-2.0066,-1.375,-2.0329,-2.6118,-1.8421,-0.9671,-0.7697,-3.7303,-2.4803,-1.4737
trpos2840.txt_allergen_417,-0.1796,0.4683,-0.5176,-0.6549,-3.5423,1.4789,1.7711,-3.0775,-1.2007,-1.7606,-0.6761,1.1303,-0.7817,-3.5246,-4.0528,-0.6479,-0.9049,-4.4789,-2.9331,-1.8028
trpos2840.txt_allergen_533,-1.0188,-1.3835,-1.4398,-1.8759,-2.5714,-1.2105,-1.7331,-1.9586,-1.5,-1.5414,-1.5752,-1.4248,-1.6316,-1.9023,-1.7594,-0.7481,-0.8421,-2.5752,-1.7218,-1.0489
trpos2840.txt_allergen_538,-0.6068,-1.3831,-0.6949,-1.261,-1.8881,-0.8983,-1.3831,-0.8102,-1.7119,-2.0542,-2.061,-1.3119,-1.7458,-1.9492,-1.4881,-0.5898,-0.8644,-2.4407,-1.6,-1.7051
trpos2840.txt_allergen_2436,-0.7688,-2.1625,-1.4,-1.5125,-2.8875,-1.4937,-0.9188,-1.6687,-1.1875,-1.1562,-1.65,-0.8062,-1.6125,-1.85,-2.05,-0.7438,-0.6125,-3.225,-1.8438,-0.9375
trpos2840.txt_allergen_3398,-0.529,-1.5543,-1.279,-1.8442,-2.3841,-1.3913,-1.8623,-1.2174,-2.0399,-1.7428,-1.8225,-1.3877,-1.4674,-2.0435,-2.1594,-0.6051,-0.8225,-2.8225,-1.8333,-1.2391
trpos2840.txt_allergen_944,-0.2289,0.2993,-0.5352,-0.6796,-3.5493,1.4437,1.7641,-3.1197,-1.1162,-1.7993,-0.7394,1.1373,-0.7958,-3.5528,-4.081,-0.581,-0.8979,-4.4049,-2.8099,-1.7465
trpos2840.txt_allergen_2056,-0.9537,-1.8333,-1.5833,-0.6852,-2.6389,-1.3056,-0.5278,-2.3981,-1.9537,-1.75,-1.7315,-0.713,-0.5093,-1.8333,-3.037,-1.2407,-1.1944,-3.6481,-2.2222,-1.5556
trpos2840.txt_allergen_392,-1.6031,-1.7481,-1.2443,-1.542,-2.9618,-1.1374,-0.7252,-2.2748,-1.9618,-1.4733,-1.916,-0.3511,-1.5038,-2.0611,-3.0611,-0.9847,-0.3817,-3.0687,-1.9618,-0.916
trpos2840.txt_allergen_2294,-0.9912,-1.5265,-1.1858,-1.469,-2.677,-1.146,-1.1195,-1.7566,-1.8009,-1.6637,-2.0133,-0.7788,-1.6018,-2.0664,-1.885,-0.9292,-0.7788,-3.5664,-1.9071,-1.3274
trpos2840.txt_allergen_3449,-0.5476,-1.6786,-1.4643,-2,-2.5357,-1.4286,-1.9286,-1.2937,-2.123,-1.8452,-1.9048,-1.4484,-1.5357,-2.131,-2.1746,-0.6944,-0.8849,-3.0119,-1.9524,-1.3214
trpos2840.txt_allergen_453,0.0114,-1.2159,-1.608,-1.6761,-2.3125,-0.6818,-1.3295,-0.875,-1.483,-1.1761,-1.125,-1.0795,-0.7557,-1.7955,-1.8352,-0.483,-0.2102,-2.7955,-1.4318,-0.7273
trpos2840.txt_allergen_3508,-0.425,-1.575,-1.125,-1.5,-2.275,-1.05,-1.25,-1.775,-1.55,-1.3,-1.35,-0.725,-1.325,-1.925,-1.7,-0.725,-0.725,-2.55,-1.7,-0.8
trpos2840.txt_allergen_2958,-0.4046,-2.1221,-1.4046,-1.916,-2.2901,-1.084,-1.6718,-1.1145,-2.1679,-1.7328,-1.9542,-1.2366,-1.5496,-2.4275,-2.5191,-0.771,-0.7405,-3.5496,-2.1145,-1.2748
trpos2840.txt_allergen_3153,-0.8382,-1.5434,-0.8844,-1.8902,-2.5434,-1.1272,-1.6416,-2.0231,-1.5029,-1.8844,-1.8382,-1.0867,-1.5607,-1.8671,-1.9364,-0.5434,-1.1329,-2.4451,-1.1792,-1.2948
trpos2840.txt_allergen_2185,-0.561,-0.1463,-0.5854,-0.9268,-2.1951,-0.122,-0.1463,-1.4634,-0.8049,-1.878,-1.6585,-0.1463,-0.9024,-1.8537,-1.0732,-0.1951,-0.4634,-2.1951,-1.2683,-1.4634
trpos2840.txt_allergen_2205,-0.6133,-1.4076,-0.5048,-0.84,-2.6686,-1.0476,-1.219,-1.12,-1.2152,-1.4286,-1.4457,-1.3276,-1.3086,-1.2705,-1.8133,-0.6076,-0.6781,-1.5505,-0.8781,-1.3295
trpos2840.txt_allergen_3368,-0.4355,-0.4892,-1.2903,-1.4624,-1.4194,0.0108,-0.543,-1.2043,-1.4785,-1.4194,-1.3011,-0.9839,-0.9032,-1.8441,-1.2366,-0.3333,-0.7581,-2.1505,-1.4892,-1.0699
trpos2840.txt_allergen_2654,-0.75,-1.8846,-1.625,-1.6731,-3.0673,-1.125,-0.9135,-2.625,-1.7115,-1.2308,-1.4519,-0.7692,-1.4327,-1.5962,-2.7115,-1.25,-1.1731,-3.7404,-2.1635,-0.7885
trpos2840.txt_allergen_2705,-1.2362,-1.4831,-0.1779,-1.4632,-3.2776,-1.0706,-1.4724,-1.796,-1.9294,-0.9816,-1.3773,-1.4954,-1.7316,-1.4801,-1.9525,-0.3926,-0.2715,-3.0706,-1.1626,-1.3512
trpos2840.txt_allergen_946,-0.5719,-1.4118,-1.2222,-1.4346,-2.7451,-1.0392,-1,-1.8039,-1.5359,-1.0915,-1.1405,-1.0163,-1.4542,-1.7614,-1.8333,-0.8791,-0.6895,-2.9739,-1.5654,-0.7778
trpos2840.txt_allergen_2522,-0.7673,-2.1321,-1.283,-1.5157,-2.8616,-1.5031,-0.9119,-1.673,-1.1132,-1.1635,-1.6667,-0.7484,-1.5472,-1.9497,-2.0314,-0.7925,-0.6667,-3.2264,-1.8491,-0.9434
trpos2840.txt_allergen_2078,0.1111,-1.5897,-1.3846,-2.5641,-1.8547,-1.6325,-2.3162,-1.6838,-2.6239,-1.735,-1.5043,-1.4188,-1.1111,-2.8462,-1.8803,-0.453,-0.7692,-3.8376,-2.7179,-1.0256
trpos2840.txt_allergen_64,0.1083,-1.55,-1.3667,-2.625,-1.65,-1.675,-2.3833,-1.65,-2.7417,-1.6667,-1.5333,-1.4333,-1.1167,-2.9,-1.8,-0.5167,-0.7167,-3.9,-2.7417,-0.9417
trpos2840.txt_allergen_2069,-0.4842,-2.0526,-1.5579,-0.9368,-2.7158,-1.3684,-0.9053,-1.8421,-1.7368,-1.7789,-2.0421,-0.7474,-1.4316,-1.9474,-2.8737,-0.8421,-1.1053,-3.4211,-2.2421,-1.6947
trpos2840.txt_allergen_3535,-0.5382,-1.3885,-0.7102,-1.2771,-1.8121,-0.8822,-1.3662,-0.793,-1.6943,-1.914,-1.9363,-1.3025,-1.6656,-1.9108,-1.4586,-0.5478,-0.8439,-2.3917,-1.5955,-1.6274
trpos2840.txt_allergen_2235,-0.57,-1.34,-0.68,-1.1,-0.94,-0.7,-0.84,-0.94,-1.15,-1.73,-1.68,-0.85,-1.13,-1.66,-1.58,-0.15,-0.54,-1.68,-1.1,-1.32
trpos2840.txt_allergen_1917,-0.7368,-2.1053,-1.1053,-1.5329,-2.9408,-1.6513,-1.5921,-1.0197,-1.5461,-1.9145,-2.0132,-1.3816,-2.0395,-2.6513,-1.7895,-1.0263,-0.7829,-3.7763,-2.5263,-1.4803
trpos2840.txt_allergen_2691,-1.0884,-1.5646,-1.2993,-1.7347,-2.5102,-1.4762,-1.7551,-2.0408,-1.7483,-1.8571,-1.6667,-1.1905,-1.6803,-2.2721,-2.6939,-0.966,-1.1973,-3.0612,-1.8707,-1.619
trpos2840.txt_allergen_1593,-0.4109,-2.1163,-1.3101,-1.6822,-2.1783,-1.0233,-1.5659,-1.1705,-2.0775,-1.4651,-1.7519,-1.2636,-1.4031,-2.2248,-2.5581,-0.8062,-0.7907,-3.3411,-2.0233,-1.3798
trpos2840.txt_allergen_3065,-1.6308,-1.7462,-1.2538,-1.5385,-2.9923,-1.1692,-0.7923,-2.2923,-1.9846,-1.4692,-1.9923,-0.3846,-1.4462,-2.0769,-3.0308,-1.0385,-0.3769,-3.0923,-2,-0.9077
trpos2840.txt_allergen_50,-0.7107,-1.5372,-1.557,-1.4248,-2.3851,-0.9835,-0.6066,-2.3785,-1.3802,-1.8099,-1.3901,-0.6975,-1.4165,-2.0645,-1.9653,-0.7008,-0.7025,-3.4149,-1.9554,-1.3587
trpos2840.txt_allergen_1027,-0.1282,-1.4551,-1.2179,-1.6474,-1.9936,-1.1923,-1.4487,-0.0577,-1.859,-2.1859,-2.109,-0.9167,-1.6346,-2.1603,0.0705,-0.4551,-0.8526,-2.9487,-1.7179,-1.7179
trpos2840.txt_allergen_128,-0.848,-1.3088,-0.6765,-1.5735,-2.1225,-0.8971,-1.3382,-1.5637,-1.348,-1.9167,-1.9363,-0.7745,-1.549,-2.1029,-1.7402,-0.5343,-0.8775,-2.3137,-1.1961,-1.3676
trpos2840.txt_allergen_3195,-0.4907,-1.4124,-0.7588,-1.3216,-1.9918,-1.0165,-1.233,-1.2268,-1.6433,-1.3918,-1.4495,-1.0619,-1.1052,-1.7299,-1.6124,-0.2,-0.4928,-2.3216,-1.4598,-1.0082
trpos2840.txt_allergen_782,-0.193,0.3579,-0.5544,-0.6246,-3.5614,1.3649,1.8,-3.0491,-1.186,-1.7123,-0.6772,1.2035,-0.8596,-3.5789,-4.0632,-0.614,-0.8772,-4.3825,-2.8982,-1.7439
trpos2840.txt_allergen_1416,-0.4328,-0.5896,-0.9627,-0.9776,-2.3955,-0.1791,0.2463,-1.8134,-0.8209,-1.791,-1.5896,0.2239,-1.1269,-2.1642,-1.791,-0.3657,-0.597,-2.5522,-1.2985,-1.3881
trpos2840.txt_allergen_1891,-0.5245,-1.6078,-0.7794,-1.4118,-0.9657,-1.1078,-1.6471,-0.7402,-1.8431,-1.9265,-1.8235,-1.4314,-1.5588,-1.9216,-1.8088,-0.3775,-0.6863,-2.3529,-1.6569,-1.4755
trpos2840.txt_allergen_2672,-1.3178,-1.3488,-1.0233,-1.4496,-2.7519,-1.3411,-1.5736,-2.031,-1.5271,-2.124,-2.1085,-0.969,-1.8372,-2.5271,-2.8295,-1.0233,-1.2171,-2.9845,-1.8682,-1.9302
trpos2840.txt_allergen_1714,0.25,-1.0833,-1.3333,-1.5833,-1.6667,-0.5833,-1,-0.5833,-1.9167,-1.3333,-1.4167,-0.75,-0.5833,-2.3333,-0.0833,-0.3333,-0.4167,-2.5,-2,-0.4167
trpos2840.txt_allergen_257,0.6678,-1.2028,-1.2273,-1.3741,-1.9126,-0.8182,-0.7832,-1.1993,-1.4755,-1.528,-1.6643,-0.6608,-1.2972,-1.9825,-0.6329,0.0105,-0.1783,-2.4965,-1.5455,-0.8636
trpos2840.txt_allergen_2095,-1.0533,-2.0533,-0.6568,-1.3077,-2.2959,-1.4852,-1.568,-0.9941,-2.2071,-1.4379,-2.0947,-1.0592,-1.7396,-2.5444,-2.213,-0.2485,-0.2189,-3.142,-2,-0.9467
trpos2840.txt_allergen_3059,-0.7095,-1.9429,-1.4095,-1.5429,-2.5143,-1.3714,-0.8714,-1.6905,-1.2238,-0.8619,-1.2524,-0.7048,-1.2476,-1.7571,-2.0095,-0.6952,-0.6,-3.0095,-1.6286,-0.681
trpos2840.txt_allergen_549,-0.9231,-0.3636,-1.7413,-1.7972,-2.1119,0.4755,-0.5524,-1.9161,-1.7273,-1.5594,-1.5455,-1.2098,-0.3706,-1.8671,-1.6573,-0.8462,-1.1748,-2.9371,-2,-1.4406
trpos2840.txt_allergen_442,-0.7764,-2.1739,-1.3975,-1.4658,-2.6708,-1.5155,-0.8385,-1.646,-0.9938,-1.1677,-1.6149,-0.764,-1.528,-2.0497,-2.0807,-0.8447,-0.6087,-3.2671,-1.8137,-0.8882
trpos2840.txt_allergen_3146,-0.5073,-1.1777,-1.0403,-1.37,-2.5678,-1.1355,-1.2949,-1.2985,-1.4432,-1.4835,-1.3828,-1.2674,-1.2802,-1.7015,-1.5073,-0.7033,-0.6996,-2.7747,-1.4744,-1.1099
trpos2840.txt_allergen_244,-0.7727,-2.1429,-1.3896,-1.487,-2.8247,-1.526,-0.8766,-1.6039,-1.1299,-1.1883,-1.7143,-0.7338,-1.5844,-2.0325,-2.2013,-0.8052,-0.6169,-3.3052,-1.8961,-0.9156
trpos2840.txt_allergen_1108,-1.0789,-1.2816,-1.1421,-1.1737,-2.4763,-0.9632,-0.8447,-1.9395,-1.5395,-1.4421,-1.2553,-0.6921,-1.2658,-1.9868,-2.1053,-0.8763,-1.0368,-3.0763,-1.8132,-1.3237
trpos2840.txt_allergen_3347,-0.6091,-1.4306,-0.9943,-1.4589,-3.0057,-1.2266,-1.4958,-1.6289,-2.17,-1.3909,-1.4051,-1.1728,-1.4136,-1.4249,-2.0255,-0.5581,-0.7252,-2.9688,-2.1388,-1.1898
trpos2840.txt_allergen_1041,-1.1163,-1.5233,-1.5233,-0.9419,-3.093,-1.1628,-0.4884,-2.4535,-1.9186,-1.7442,-1.5116,-0.6279,-0.1977,-1.8837,-3.5,-1.0581,-1.407,-3.9651,-2.1163,-1.7326
trpos2840.txt_allergen_325,-0.7875,-1.5967,-0.6921,-1.3651,-2.4169,-1.3651,-1.6322,-1.267,-1.455,-1.3134,-1.8392,-1.1771,-1.5204,-1.9183,-2.248,-0.4087,-0.6349,-2.7003,-1.4033,-1.2398
trpos2840.txt_allergen_2026,-0.8514,-1.4009,-0.6622,-1.6441,-1.7748,-0.9369,-1.3649,-1.6306,-1.3829,-1.7973,-1.8108,-0.8108,-1.4189,-2.1712,-1.7568,-0.536,-0.8559,-2.4324,-1.1216,-1.2793
trpos2840.txt_allergen_2468,-0.1538,-1.1538,-0.6923,-1.4615,-1.5385,-0.8462,-0.8462,-0.8462,-1.8462,-1,-0.6154,-0.6923,-0.5385,-1.7692,-1.6923,0.4615,0.1538,-2.4615,-1.8462,-0.6923
trpos2840.txt_allergen_2899,-0.4133,-1.8533,-1.56,-1.2,-2.6133,-1.24,-0.7733,-1.9333,-1.9733,-1.8667,-1.8267,-0.6267,-1.6267,-1.64,-2.5067,-0.8933,-1.1333,-3.4933,-2.08,-1.5867
trpos2840.txt_allergen_40,0.1722,-2.2781,-1.5629,-1.596,-3.2649,-1.298,-1.5629,-1.702,-1.2848,-1.543,-1.3311,-0.894,-1.2848,-1.7881,-2.755,-0.9735,-1.0464,-3.7285,-2.3113,-1.0199
trpos2840.txt_allergen_2201,-0.6495,-1.4286,-0.5276,-0.8629,-2.6724,-1.0838,-1.2229,-1.1429,-1.1962,-1.4514,-1.461,-1.3467,-1.3505,-1.2724,-1.781,-0.6171,-0.7067,-1.5352,-0.8933,-1.3124
trpos2840.txt_allergen_2428,-0.3839,-0.2321,-0.7946,-0.9375,-3.7232,-0.3036,0.1696,-1.8661,-1.6786,-2.5714,-2.3393,0.7054,-1.3661,-2.9464,-1.7232,-0.4732,-1.3125,-3.3571,-1.9286,-2.1607
trpos2840.txt_allergen_1227,-0.5193,-1.1916,-1.1747,-0.741,-3.4145,1.2795,0.0771,-0.3458,-1.488,-2.2253,-2.2072,0.1771,-1.7217,-3.0446,1.0036,0.2482,-0.3096,-3.6602,-2.0867,-1.8711
trpos2840.txt_allergen_374,-1.1482,-1.6683,-1.2915,-1.598,-2.9221,-1.2261,-1.304,-2.5452,-1.5402,-1.4472,-1.2462,-0.9171,-0.9698,-1.7211,-2.3995,-0.696,-0.7387,-3.5503,-1.9774,-1.2337
trpos2840.txt_allergen_288,-0.5876,-1.0258,-0.8686,-1.1082,-2.1082,-0.7216,-0.8247,-1.4459,-1.3995,-1.0644,-0.9536,-0.6649,-0.982,-1.4536,-1.4253,-0.4072,-0.3454,-2.3557,-1.268,-1
trpos2840.txt_allergen_717,-1.0805,-0.4497,-1.4564,-1.3758,-1.953,0.4161,-0.5369,-1.5973,-1.7181,-1.6711,-1.4765,-0.9396,-0.7987,-1.9329,-1.9866,-0.9463,-1.2752,-2.5772,-1.9866,-1.4832
trpos2840.txt_allergen_1305,-0.2692,-1.4231,-0.8077,-0.7308,-2.5,-0.7692,-0.0385,-1,-1.3846,-1.7692,-2.1538,-0.5769,-1.6538,-1.9231,-1.2308,-0.1923,-0.1538,-2.1538,-1.1923,-1.3077
trpos2840.txt_allergen_2909,-1.0244,-1.6466,-0.8929,-1.2914,-2.6654,-1.0846,-1.1711,-1.7876,-1.4831,-1.4079,-1.2199,-1.109,-1.2726,-1.4605,-1.9323,-0.5132,-0.7274,-2.5263,-1.1823,-1.2293
trpos2840.txt_allergen_253,-0.86,-0.9,-0.38,-0.26,-1.12,-0.36,-0.04,-1.52,-0.96,-1.92,-1.86,-0.22,-1.2,-1.76,-1.56,-0.2,-0.6,-2.44,-1.34,-1.5
trpos2840.txt_allergen_1709,-0.1166,-1.6427,-0.9479,-1.2581,-2.8288,-1.1489,-1.3548,-1.34,-1.7667,-1.4864,-1.6873,-1.2283,-1.6203,-2.0968,-2,-0.2035,-0.5012,-2.8362,-1.4516,-1.0868
trpos2840.txt_allergen_1058,0.1217,-1.687,-1.2522,-2.5478,-1.8348,-1.713,-2.3478,-1.6435,-2.7217,-1.6087,-1.5217,-1.5304,-1.0522,-2.8522,-1.8261,-0.4522,-0.7043,-3.9478,-2.713,-0.913
trpos2840.txt_allergen_3349,-0.2905,-1.8857,-1.6238,-1.8286,-2.2524,-1.7333,-1.7524,-1.3762,-1.5619,-1.2429,-1.3286,-1.5333,-1.0524,-1.8952,-2.119,-0.8667,-0.8143,-3.4333,-1.9381,-0.581
trpos2840.txt_allergen_1574,-0.7568,-1.7296,-0.5253,-1.1712,-2.2957,-1.142,-1.4339,-1.0428,-1.644,-1.3074,-1.8249,-0.9728,-1.5311,-2.035,-1.9805,-0.3249,-0.3949,-3.0117,-1.6926,-1.0097
trpos2840.txt_allergen_3521,-0.5111,-1.3111,-0.6,-0.7333,-2,-0.5556,-0.4889,-1.1778,-1.2,-1.4889,-1.6889,-0.8222,-1.0667,-1.8222,-1.5556,0.0222,-0.4222,-2.7778,-1.5111,-1.0444
trpos2840.txt_allergen_735,-0.6774,-1.8968,-1.2387,-1.4323,-2.2,-1.1032,-1.2065,-1.7419,-1.8839,-0.9806,-1.4,-0.8065,-1.4194,-2.1161,-1.8065,-0.8129,-0.6065,-3.0323,-2.1161,-0.4839
trpos2840.txt_allergen_2584,-0.4667,-0.4667,-0.5333,-0.5333,-2.2667,-0.2,0.2,-1.2667,-0.5333,-1.8,-1.9333,-0.0667,-1.2667,-2,-1,0,-0.8,-2.6667,-1.2,-1.2667
trpos2840.txt_allergen_2878,-0.8744,-2.2286,-0.9799,-1.4899,-2.7915,-1.0628,-1.6508,-1.5754,-2.1583,-1.3342,-1.4874,-1.5729,-1.6382,-1.5528,-1.897,-0.1608,-0.3141,-3.2839,-1.3668,-0.9799
trpos2840.txt_allergen_407,-0.178,0.4053,-0.5265,-0.6667,-3.4962,1.4697,1.803,-3.0644,-1.2159,-1.7803,-0.697,1.0985,-0.8788,-3.6364,-4.1742,-0.6894,-1.0227,-4.6098,-3.0265,-1.7121
trpos2840.txt_allergen_1320,-0.5844,-1.1948,-0.7013,-1.3636,-1.1299,-0.7922,-0.8831,-1.6364,-1.5844,-1.5844,-1.7662,-0.6104,-1.1429,-2.0779,-1.7403,-0.4026,-0.5844,-2.4935,-1.5584,-1.1299
trpos2840.txt_allergen_2549,-0.9231,-1.2308,-1.0769,-1.4615,-2.4615,-0.9231,-1.3846,0,-1.3846,-1.6923,-1.5385,-1.3846,-0.9231,-1.3077,-1.6923,-0.9231,-1.4615,-2.1538,-1.0769,-1.4615
trpos2840.txt_allergen_1782,-0.4046,-2.1221,-1.458,-1.8855,-2.3435,-1.084,-1.6794,-1.1374,-2.2137,-1.687,-1.8321,-1.2366,-1.5191,-2.3359,-2.5573,-0.8015,-0.8015,-3.4809,-2.0534,-1.2366
trpos2840.txt_allergen_1802,-1.2426,-2.0533,-1.574,-1.1953,-3,-1.3669,-0.8876,-2.1479,-2.1657,-1.716,-1.8639,-0.9467,-1.3373,-2.1953,-2.6627,-1.2663,-1.2308,-3.4142,-1.9704,-1.2426
trpos2840.txt_allergen_668,-1.1258,-1.1921,-1.1126,-0.404,-1.894,-0.702,-0.2781,-2.1457,-1.0066,-1.5166,-1.3642,-0.404,-0.1921,-1.2781,-2.6093,-0.9139,-1.0199,-2.6623,-1.4768,-1.5828
trpos2840.txt_allergen_2222,-1.1831,-0.1237,-0.9831,-1.2237,-2.978,0.1576,-0.0814,-1.7305,-1.1627,-2.0814,-1.8797,-0.6508,-1.9915,-2.0864,-1.3508,-0.522,-1.2508,-3.1424,-1.822,-1.6407
trpos2840.txt_allergen_2936,-0.3881,-2.1194,-1.5149,-1.903,-2.1642,-1.0597,-1.6642,-1.1493,-2.1791,-1.6343,-1.7761,-1.2612,-1.3881,-2.291,-2.5597,-0.8657,-0.7687,-3.4552,-2.0597,-1.1866
trpos2840.txt_allergen_2821,-0.5909,-1.5341,-1.3258,-2,-2.5985,-1.3447,-1.8485,-1.2576,-2.0568,-1.8636,-1.9015,-1.2992,-1.5189,-2.072,-2.1591,-0.6705,-0.8674,-2.9129,-1.8295,-1.3788
trpos2840.txt_allergen_3462,-0.8432,-1.4915,-0.822,-1.6271,-2.1441,-1,-1.3941,-1.8517,-1.5381,-1.7627,-1.7119,-0.9576,-1.4576,-1.9492,-1.7839,-0.4873,-0.9831,-2.3898,-1.161,-1.3008
trpos2840.txt_allergen_2262,-1.1065,-1.6348,-1.1652,-1.537,-2.55,-1.05,-1.3348,-2.1783,-1.6304,-1.7239,-1.6174,-1.5543,-1.263,-2.0261,-2.5152,-0.6522,-0.937,-3.4913,-1.6935,-1.4478
trpos2840.txt_allergen_250,-0.5219,-1.0985,-1.0584,-0.9927,-2.1971,-0.5255,-0.4927,-1.8869,-1.1423,-0.9416,-0.7847,-0.7993,-0.4708,-1.2372,-1.5839,-0.5474,-0.573,-2.3431,-1.0876,-0.7774
trpos2840.txt_allergen_920,-1.3548,-1,-1,-1.8387,-2.0323,-0.9677,-0.8387,-2.3226,-0.9032,-1.4516,-1.5484,-0.8387,-1.0968,-0.871,-1.9032,-0.9677,-1,-1.4516,-0.4194,-1.2903
trpos2840.txt_allergen_2052,-0.5714,-1.9082,-1.4184,-0.8163,-2.8367,-1.2245,-0.7449,-1.6531,-1.9388,-1.7347,-1.9082,-0.6531,-1.3367,-2.0408,-2.8776,-0.9184,-1.2347,-3.5204,-2.3571,-1.6224
trpos2840.txt_allergen_844,-1.1113,-1.7024,-0.9358,-1.5203,-2.3983,-1.2377,-1.2441,-1.9079,-1.454,-1.4818,-1.379,-1.1606,-1.3619,-1.6039,-1.985,-0.5482,-0.8608,-2.5696,-1.1178,-1.2377
trpos2840.txt_allergen_3117,-0.5865,-0.9495,-1.1194,-1.3492,-2.1424,-0.8101,-0.83,-1.6417,-1.1685,-1.317,-1.121,-0.902,-0.9985,-1.4058,-1.1302,-0.6049,-0.6616,-2.1011,-1.1363,-1.0628
trpos2840.txt_allergen_1519,-0.1482,-1.5754,-0.8291,-1.1533,-2.8593,-1.103,-1.2889,-1.2714,-1.8492,-1.4774,-1.6407,-1.1558,-1.5754,-2.1156,-1.9422,-0.206,-0.5025,-2.7739,-1.4623,-1.0075
trpos2840.txt_allergen_1177,-0.76,-1.04,-0.54,-1.44,-0.58,-0.84,-1.08,-1.4,-1.14,-2.32,-2.38,-0.46,-1.68,-1.94,-2.14,-0.52,-0.9,-2.18,-1.42,-1.94
trpos2840.txt_allergen_3403,-0.4793,-1.6414,-1.2034,-1.7483,-2.469,-1.4621,-1.8,-0.8897,-1.8862,-1.9517,-2.0793,-1.4172,-1.5828,-2.2103,-1.9586,-0.6034,-0.8138,-2.8897,-1.8897,-1.4759
trpos2840.txt_allergen_2678,-0.7562,-2.1375,-1.3,-1.4563,-2.75,-1.5312,-0.9062,-1.575,-1.1125,-1.1687,-1.7,-0.7812,-1.5875,-2.0187,-2.0375,-0.7312,-0.6125,-3.175,-1.8062,-0.9688
trpos2840.txt_allergen_3093,-0.5634,-1.9789,-1.3592,-1.4507,-2.1549,-1.0282,-1.2394,-1.8451,-1.9085,-1.0423,-1.507,-0.7535,-1.5352,-2.4437,-1.838,-0.6972,-0.4789,-3.3028,-2.1268,-0.4507
trpos2840.txt_allergen_562,-1.0989,-0.772,-0.7914,-1.6108,-2.9656,-0.1849,-0.8065,-1.6968,-1.2882,-1.6,-1.4538,-1.1742,-1.6774,-1.5398,-1.8194,-0.4903,-0.9849,-3.1441,-1.772,-1.2796
trpos2840.txt_allergen_2498,-0.9814,-0.6766,-0.816,-1.5428,-2.7286,0.0446,-0.6952,-1.4312,-1.29,-1.4572,-1.4628,-1.0874,-1.5167,-1.4665,-1.5428,-0.4647,-0.9349,-2.6766,-1.6636,-1.2491
trpos2840.txt_allergen_799,-0.8302,-2.1321,-1.3333,-1.4025,-2.9497,-1.5157,-0.8616,-1.7107,-1.0692,-1.1384,-1.7421,-0.7547,-1.4906,-2.0818,-2.2138,-0.8302,-0.6415,-3.2453,-1.9245,-0.9686
trpos2840.txt_allergen_1304,-0.2692,-1.3462,-0.7308,-0.6923,-2.3846,-0.6923,-0.1154,-1,-1.3077,-1.8846,-2.1154,-0.6923,-1.6154,-1.8846,-1.1923,-0.1923,0,-2.1154,-1.1154,-1.3846
trpos2840.txt_allergen_3442,-0.9427,-1.2357,-1.2994,-1.8854,-3.0573,-0.7898,-1.0382,-2.051,-1.4459,-1.4522,-1.5732,-1.0955,-1.8408,-2.0573,-1.6624,-0.2038,-0.2994,-2.8981,-1.8471,-1.0828
trpos2840.txt_allergen_351,-0.4504,-2.0305,-1.5191,-1.9008,-2.3282,-1.1527,-1.771,-1.0916,-2.1145,-1.7557,-1.8397,-1.3282,-1.4733,-2.4046,-2.5496,-0.9084,-0.8855,-3.6183,-2.1527,-1.1908
trpos2840.txt_allergen_2197,-0.8778,-1.5837,-1.3575,-1.7421,-2.4163,-0.9276,-1.0271,-2.3077,-1.3167,-1.4072,-1.1448,-0.7919,-0.905,-1.4751,-2.0724,-1.1946,-1.2805,-2.5928,-1.3122,-1.2941
trpos2840.txt_allergen_1774,-0.669,-2,-1.4296,-1.6479,-2.2394,-1.1408,-1.2394,-2.1479,-1.9718,-0.9648,-1.4577,-0.7254,-1.5282,-2.2465,-1.9085,-0.7676,-0.5563,-3.2958,-2.1056,-0.5563
trpos2840.txt_allergen_3499,-0.2993,-1.1971,-0.6642,-0.9562,-1.5255,-0.7591,-0.854,-1.0511,-1.1679,-1.4964,-1.4088,-0.8175,-1,-1.4234,-1.5109,-0.0584,-0.3723,-2.0657,-1.1898,-1.146
trpos2840.txt_allergen_1310,-0.4755,-1.5396,-1.3019,-1.9019,-2.4075,-1.4491,-1.917,-1.1547,-2.0151,-1.9019,-1.9283,-1.3472,-1.4792,-2.1245,-1.966,-0.6189,-0.8868,-2.7811,-1.8943,-1.3283
trpos2840.txt_allergen_1884,-0.2254,0.3627,-0.4225,-0.6901,-3.4472,1.3768,1.7782,-3.1197,-1.1549,-1.7183,-0.7113,1.25,-0.7887,-3.5106,-4.1338,-0.5986,-0.8556,-4.5352,-2.912,-1.7782
trpos2840.txt_allergen_3062,-1.1511,-1.6978,-1.0844,-1.6178,-2.5622,-1.0622,-1.4044,-2.1978,-1.6422,-1.7289,-1.6156,-1.56,-1.28,-2.0956,-2.5778,-0.64,-0.9867,-3.5067,-1.72,-1.5133
trpos2840.txt_allergen_602,-0.3778,-1.64,-1.0844,-1.7822,-1.7644,-1.2,-1.6933,-1.1289,-1.7067,-1.7778,-1.84,-1.4178,-1.5822,-1.8844,-1.5289,-0.3778,-0.4444,-2.7911,-1.84,-1.3778
trpos2840.txt_allergen_2949,-0.4179,-2.1194,-1.5,-1.8731,-2.1866,-1.0821,-1.6716,-1.1343,-2.194,-1.6418,-1.7687,-1.2388,-1.4254,-2.3134,-2.5373,-0.8657,-0.7388,-3.4552,-2.0746,-1.1866
trpos2840.txt_allergen_29,-1.0851,-1.2021,-1.0798,-1.2128,-2.734,-1.234,-1.0053,-1.3883,-1.8191,-1.3298,-1.4947,-1.0585,-1.7872,-1.6277,-1.3723,-0.6702,-0.8936,-2.984,-1.5745,-0.8564
trpos2840.txt_allergen_3064,-0.3673,-0.8571,-1.8707,-1.9456,-1.9116,-0.9116,-1.4286,-1.5918,-1.9456,-1.7075,-1.2653,-1.5782,-1.1497,-2.3469,-1.4762,-0.6735,-0.8503,-2.5918,-1.7755,-0.8095
trpos2840.txt_allergen_2159,-0.9607,-0.9045,-1.0562,-1.618,-2.6798,0.1517,-0.7753,-1.4551,-1.1573,-1.7303,-1.8371,-1.264,-1.5393,-1.5112,-1.5281,-0.5787,-0.9551,-2.7135,-1.5562,-1.4101
trpos2840.txt_allergen_1204,-0.4524,-1.6905,-1.5952,-1.7381,-2.2381,-0.9048,-1.2857,-0.7857,-1.5,-1.119,-1.1429,-1.4286,-0.9286,-1.8571,-1.9286,-0.8571,-1.0238,-2.2381,-1.2857,-1.0476
trpos2840.txt_allergen_2362,-0.8426,-1.4352,-0.9537,-1.8333,-3.2037,-1.037,-1.4815,-1.5741,-1.713,-2.1574,-2.1574,-1.1111,-1.6389,-2.2685,-2.2963,-0.6019,-0.75,-2.7593,-1.7407,-1.4167
trpos2840.txt_allergen_2114,-0.7755,-2.0116,-1.6505,-1.838,-2.9792,-1.6852,-1.456,-1.9884,-2.2176,-1.713,-1.9606,-1.3565,-1.7106,-2.4352,-2.8403,-1.1273,-1.2292,-3.7106,-2.3287,-1.5417
trpos2840.txt_allergen_689,-0.7056,-1.671,-0.8983,-1.3333,-2.8961,-1.119,-1.3853,-1.5584,-1.4264,-1.6342,-1.5043,-1.21,-1.5346,-1.5779,-1.7662,-0.7468,-0.7987,-2.6169,-1.2641,-1.2879
trpos2840.txt_allergen_986,-0.6691,-1,-1.3309,-1.0441,-2.4853,-0.3603,-0.2868,-2.2059,-1.2279,-1.125,-1.0221,-0.3162,-0.5956,-1.6176,-2.2941,-0.9265,-0.7279,-2.8235,-1.5882,-1.0735
trpos2840.txt_allergen_3199,-0.5573,-1.6166,-1.4032,-2.0514,-2.5968,-1.415,-1.9091,-1.2846,-2.0751,-1.8933,-1.8379,-1.4704,-1.4743,-2.0751,-2.17,-0.7154,-0.9289,-2.9289,-1.7431,-1.3834
trpos2840.txt_allergen_1999,-0.1972,0.1338,-0.493,-0.6408,-3.4296,1.2254,1.7289,-3.1338,-1.1479,-1.8169,-0.7254,1.2535,-0.9014,-3.5704,-3.9472,-0.6373,-0.831,-4.4049,-2.8451,-1.7359
trpos2840.txt_allergen_1542,-0.7984,-1.9457,-1.2093,-1.2713,-2.2636,-1.0543,-1.062,-1.9225,-1.8217,-1.1783,-1.6667,-0.6589,-1.5891,-2.5969,-1.7054,-0.7674,-0.5271,-3.2171,-2.155,-0.7519
trpos2840.txt_allergen_295,-0.6201,-1.3571,-1.2857,-1.4123,-2.6786,-0.9513,-1.0065,-1.7727,-1.6331,-1.0162,-0.9773,-0.9481,-1.4416,-1.6136,-1.8604,-0.8117,-0.7695,-2.8896,-1.5974,-0.7403
trpos2840.txt_allergen_26,0.1126,-2.1854,-1.5232,-1.4172,-2.9205,-1.1921,-1.245,-1.7815,-1,-1.702,-1.3113,-0.6623,-1.3311,-1.8609,-2.6225,-0.8742,-0.9603,-3.7285,-2.3642,-1
trpos2840.txt_allergen_2529,0.3333,-1.0833,-1.5833,-1.9167,-1.75,-1.0833,-1.1667,-0.75,-1.5833,-1.0833,-0.8333,-1.1667,-0.8333,-1.5833,-1.25,-0.5833,-1,-2.5,-1.25,-0.75
trpos2840.txt_allergen_2587,-0.5294,-0.8824,-0.8235,-1.3529,-2.3529,-1.1765,-1.2941,0.1765,-1.2353,-1.8235,-1.9412,-0.8824,-1.4118,-1.8824,-1.4706,-0.5882,-0.9412,-2.7059,-1.7059,-1.3529
trpos2840.txt_allergen_1831,-0.5241,-1.8048,-0.8503,-1.5668,-2.8422,-1.1791,-1.6578,-1.6684,-1.9171,-1.4144,-1.5348,-1.3984,-1.5,-1.8235,-1.8957,-0.2701,-0.5321,-2.9599,-1.6765,-1.1658
trpos2840.txt_allergen_2611,-0.8,0,-0.675,-0.625,-1.4,1.425,0.75,-1.55,-0.825,-2.325,-1.85,0.1,-0.775,-2.5,-1.375,-0.375,-0.95,-2.275,-1.475,-1.6
trpos2840.txt_allergen_2464,-0.2727,-1.2727,-1.1818,-2.1818,-1.6364,-1.1818,-1.7273,-1.3636,-1.0909,-0.4545,-0.9091,-1.3636,-0.7273,-1.8182,-2.0909,-0.6364,-0.6364,-3,-1.6364,-0.5455
trpos2840.txt_allergen_1522,0.1017,-1.5593,-1.1073,-0.7514,-3.6384,0.2429,1.6045,-2.2429,-2.3446,-2.2486,-2.4859,0.6328,-2.3785,-3.7797,1.1695,0.2373,0.904,-4.2599,-3.4237,-0.3503
trpos2840.txt_allergen_2141,-0.4205,-0.9811,-0.8485,-1.125,-1.2235,-0.4432,-0.553,-1.5492,-1.3939,-1.3674,-1.3106,-0.4886,-0.7121,-1.8295,-1.3333,-0.2424,-0.4773,-2.3636,-1.4697,-0.9394
trpos2840.txt_allergen_2303,-1.5926,-1.6593,-1.1704,-1.4593,-2.8444,-1.1407,-0.7481,-2.163,-1.8667,-1.3704,-1.9111,-0.3778,-1.4148,-1.9852,-2.8963,-1.0296,-0.3111,-2.9037,-1.8963,-0.8519
trpos2840.txt_allergen_956,-0.487,-1.6261,-1.0174,-1.3739,-1.2087,-0.7826,-0.9739,-1.2087,-1.3652,-1.6522,-1.6522,-1.0348,-1.2087,-1.7478,-1.713,-0.2087,-0.5304,-2.0696,-1.2609,-1.2696
trpos2840.txt_allergen_1604,-0.7652,-1.2273,-1.0152,-1.2348,-2.1818,-0.9848,-0.7727,-1.7576,-1.7955,-1.3712,-1.5833,-0.553,-1.3788,-2.0606,-1.6894,-0.6364,-0.5227,-2.9545,-1.7576,-1.0227
trpos2840.txt_allergen_2402,-0.9213,-0.6234,-0.7021,-1.483,-2.5426,-0.3213,-0.7277,-1.6553,-1.3128,-1.5894,-1.4957,-1.0255,-1.5532,-1.6277,-1.7872,-0.5319,-0.983,-2.8043,-1.6362,-1.2468
trpos2840.txt_allergen_734,-1.0795,-0.8124,-0.894,-1.7726,-2.9956,-0.3841,-0.9625,-1.7152,-1.4525,-1.5585,-1.468,-1.1501,-1.7108,-1.5607,-1.8344,-0.5982,-1.0795,-3.234,-1.7792,-1.2804
trpos2840.txt_allergen_861,-0.9725,-1.7982,-1.5229,-0.6972,-2.6789,-1.2202,-0.367,-2.2752,-2.1009,-1.8257,-1.633,-0.5963,-0.5505,-1.6789,-2.945,-1.1009,-1.3486,-3.5963,-2.4128,-1.5596
trpos2840.txt_allergen_2287,-0.4198,-2.1832,-1.4809,-1.916,-2.3053,-1.1603,-1.7023,-1.1679,-2.2366,-1.7023,-1.8321,-1.2595,-1.4885,-2.3435,-2.5496,-0.8168,-0.7481,-3.5344,-2.0992,-1.2366
trpos2840.txt_allergen_1873,0.0133,-0.8533,-0.9667,-0.7133,-2.24,-0.1133,-0.2667,-1.6867,-1.2267,-1.4667,-1.4333,-0.4067,-0.86,-1.8867,-1.0267,-0.28,-0.5,-2.74,-1.56,-1
trpos2840.txt_allergen_3159,-0.7563,-0.7647,-1.8824,-1.7395,-1.7731,-0.5042,-1.3025,-1.7479,-1.8655,-1.7899,-1.437,-1.5546,-1.0504,-2.3529,-1.042,-0.9076,-0.8655,-2.5126,-1.7815,-1.0336
trpos2840.txt_allergen_2898,-0.8968,-1.7222,-1.7619,-1.8254,-3.1032,-1.7222,-1.0476,-2.381,-2.0952,-1.6032,-2.0794,-1.4921,-1.6825,-2.4127,-2.619,-1.2063,-1.5952,-3.7143,-2.381,-1.4762
trpos2840.txt_allergen_1603,-0.7576,-1.2197,-1.0076,-1.2348,-2.1742,-0.9848,-0.7727,-1.7803,-1.803,-1.3409,-1.5379,-0.5455,-1.3561,-2.0682,-1.6818,-0.6288,-0.5152,-3.0303,-1.7803,-1
trpos2840.txt_allergen_2998,-0.7934,-1.3192,-0.6761,-1.4977,-2.1315,-0.9577,-1.3756,-1.5258,-1.3239,-1.8498,-1.9343,-0.8075,-1.5117,-2.108,-1.6056,-0.5352,-0.8263,-2.2864,-1.1925,-1.4038
trpos2840.txt_allergen_1026,-0.8408,-1.151,-0.8286,-1.1551,-2.4571,-0.7959,-0.9306,-1.702,-1.2735,-1.498,-1.4939,-0.8245,-1.0694,-1.7347,-2.0776,-0.5714,-0.7306,-2.3592,-1.2041,-1.2408
trpos2840.txt_allergen_2452,0.0714,-0.7857,-0.5714,-1.2143,-1.5714,-0.9286,-1.0714,-0.6429,-1.7143,-1.0714,-1,-0.7143,-0.7857,-2,-1.7143,-0.0714,-0.2857,-2.6429,-1.9286,-0.5714
trpos2840.txt_allergen_1911,-0.7434,-2.1118,-1.1053,-1.5197,-2.9145,-1.6645,-1.5789,-1,-1.5526,-1.8882,-2.0066,-1.3553,-2.0132,-2.6447,-1.8026,-0.9671,-0.8026,-3.7368,-2.4671,-1.4737
trpos2840.txt_allergen_979,0.0597,-1.3731,-0.9851,-1.9701,-0.8806,-0.8806,-1.5075,-1.1642,-1.8657,-1.6866,-1.4776,-1.0597,-1.3881,-2.3134,-0.9403,-0.0896,-0.5373,-2.8806,-1.9104,-1.1791
trpos2840.txt_allergen_3053,-0.423,-1.4803,-0.8607,-1.2344,-2.3787,-1.0148,-1.1836,-1.423,-1.6656,-1.3803,-1.4082,-1.0902,-1.4016,-1.7148,-1.6787,-0.2164,-0.3967,-2.3508,-1.2131,-1.0754
trpos2840.txt_allergen_2635,-0.7925,-2.1321,-1.2893,-1.4277,-2.7862,-1.5094,-0.8742,-1.6541,-1.0943,-1.1572,-1.6667,-0.7484,-1.5535,-1.9748,-2.0314,-0.7484,-0.6226,-3.2201,-1.8239,-0.9371
trpos2840.txt_allergen_1377,-0.8102,-1.1679,-1.0292,-1.1314,-2.2044,-0.9051,-0.7445,-1.6788,-1.6861,-1.4234,-1.5912,-0.5328,-1.3796,-1.9781,-1.708,-0.635,-0.5839,-3.0146,-1.7153,-1.0219
trpos2840.txt_allergen_942,-1.6103,-1.6544,-1.1838,-1.4779,-2.9191,-1.1176,-0.6324,-2.2721,-1.8603,-1.3897,-1.9412,-0.3309,-1.4706,-1.9338,-2.9338,-0.9853,-0.3676,-3.0147,-1.8971,-0.8824
trpos2840.txt_allergen_862,-0.9636,-1.8091,-1.5364,-0.9182,-2.6818,-1.2818,-0.5364,-2.3091,-2.0091,-1.8727,-1.7545,-0.6727,-0.6909,-1.8545,-2.8,-1.1182,-1.2909,-3.7636,-2.4909,-1.5818
trpos2840.txt_allergen_2539,-0.931,-0.6171,-0.7822,-1.461,-2.5953,0.1688,-0.6279,-1.3521,-1.2269,-1.3394,-1.392,-1.0236,-1.4356,-1.4428,-1.4192,-0.4138,-0.873,-2.6261,-1.6098,-1.1361
trpos2840.txt_allergen_1488,-0.75,-2.2062,-1.3,-1.4812,-2.8188,-1.5437,-0.9188,-1.6375,-1.1,-1.2,-1.7375,-0.7812,-1.5813,-2.0875,-2.1437,-0.7812,-0.6188,-3.325,-1.8562,-1.0188
trpos2840.txt_allergen_3505,-0.7949,-2.1346,-1.3782,-1.5256,-2.9167,-1.3846,-0.9487,-1.4808,-1.3654,-1.0769,-1.5128,-0.5641,-1.5577,-1.9551,-2.0705,-0.7051,-0.6026,-3.1731,-1.8205,-0.9551
trpos2840.txt_allergen_2682,-1.1223,-1,-0.8498,-1.2768,-0.8627,-0.7425,-1.1052,-1.3219,-0.5944,-1.5923,-1.5687,-1.2039,-1.3948,-1.6609,-1.1094,-0.4893,-0.618,-2.2232,-1.4313,-1.1309
trpos2840.txt_allergen_699,-1.2181,-1.2346,-1.0864,-1.716,-2.6955,-1.0823,-1.6049,-1.7366,-1.251,-1.5391,-1.716,-1.2305,-1.4938,-1.8765,-1.8436,-0.6955,-0.7202,-2.1481,-1.5267,-1.1276
trpos2840.txt_allergen_3112,-0.1549,0.2394,-0.4225,-0.662,-3.4965,1.3099,1.757,-3.0951,-1.3415,-1.7218,-0.6972,1.1725,-0.7887,-3.5599,-4.0387,-0.5493,-0.8732,-4.5211,-2.8979,-1.743
trpos2840.txt_allergen_1992,-0.3239,0.2077,-0.4859,-0.6373,-3.5211,1.2394,1.7817,-3.1303,-1.1831,-1.7711,-0.6972,1.2148,-0.8415,-3.5669,-3.9824,-0.6268,-0.9225,-4.4789,-2.9331,-1.7782
trpos2840.txt_allergen_2951,-0.403,-2.1119,-1.4776,-1.8582,-2.1791,-1.0896,-1.6716,-1.1418,-2.1791,-1.6493,-1.806,-1.2239,-1.4179,-2.3134,-2.5373,-0.8582,-0.7612,-3.4552,-2.0672,-1.194
trpos2840.txt_allergen_2390,-1.3114,-1.1922,-1.4015,-1.6715,-3.292,-1.0292,-1.2214,-1.8637,-0.7372,-1.5499,-1.1971,-1.2384,-1.4015,-1.91,-1.8102,-0.6083,-0.8808,-3.1095,-1.7153,-1.2409
trpos2840.txt_allergen_234,0.0088,-1.5702,-1.386,-2.5439,-1.8421,-1.6316,-2.386,-1.6842,-2.6754,-1.6667,-1.5614,-1.4737,-1.2193,-2.8772,-1.7895,-0.4649,-0.6491,-4.0263,-2.7456,-1.0351
trpos2840.txt_allergen_2120,-0.5321,-1.7594,-0.8316,-1.5775,-2.7807,-1.1257,-1.6257,-1.5749,-1.8476,-1.4011,-1.5,-1.3984,-1.4358,-1.7834,-1.8583,-0.3021,-0.4973,-2.885,-1.6471,-1.1524
trpos2840.txt_allergen_664,-0.056,-1.4421,-0.7954,-1.0154,-2.6158,-0.9633,-0.9595,-1.1004,-1.5734,-1.4228,-1.4826,-0.9228,-1.4286,-1.8803,-1.7683,-0.1795,-0.5193,-2.5058,-1.3938,-1.0444
trpos2840.txt_allergen_1754,-0.6096,-1.9452,-1.411,-1.5753,-2.1164,-1.0479,-1.2808,-1.9726,-1.9726,-0.9658,-1.4041,-0.6849,-1.4247,-2.2466,-1.863,-0.8151,-0.5548,-3.2945,-2.0959,-0.4521
trpos2840.txt_allergen_20,-0.8062,-2.1437,-1.3375,-1.4875,-2.9,-1.4937,-0.9312,-1.7063,-1.1625,-1.2188,-1.6875,-0.7562,-1.5875,-1.9812,-2.0562,-0.8062,-0.625,-3.2562,-1.8813,-1.0063
trpos2840.txt_allergen_1413,-0.75,-2.2062,-1.3,-1.475,-2.825,-1.5437,-0.925,-1.6187,-1.0938,-1.2063,-1.725,-0.8062,-1.5938,-2.1,-2.15,-0.7562,-0.6312,-3.3125,-1.825,-1.025
trpos2840.txt_allergen_2759,-0.3977,-1.4091,-1.1818,-1.1136,-1.3864,-0.7273,-0.8068,-1.875,-1.625,-1.0682,-1.1136,-0.9318,-0.8636,-2.0682,-1.25,-0.5341,-0.3295,-2.875,-1.6023,-0.7045
trpos2840.txt_allergen_569,0.1983,-1.9052,-1.3534,-2.5086,-1.7241,-1.681,-2.3017,-1.6121,-2.7845,-1.6724,-1.569,-1.3534,-1.1207,-2.9052,-1.7241,-0.2931,-0.6207,-4.0345,-2.7586,-0.8793
trpos2840.txt_allergen_352,-0.4656,-2.1527,-1.5038,-1.916,-2.2595,-1.145,-1.6794,-1.145,-2.1756,-1.6489,-1.8397,-1.2824,-1.4656,-2.3435,-2.5573,-0.8626,-0.7939,-3.5267,-2.1221,-1.2061
trpos2840.txt_allergen_3002,-0.3846,-1.5734,-1.2168,-1.7692,-2.5,-1.4231,-1.7762,-1.0839,-2.014,-1.8252,-1.9196,-1.3147,-1.521,-2.1678,-1.9476,-0.5874,-0.7517,-2.7063,-1.8427,-1.3252
trpos2840.txt_allergen_1424,-0.5448,-0.5373,-1.0224,-1.2388,-2.403,-0.0224,0.2239,-1.7985,-0.7687,-1.6119,-1.4701,0.0896,-0.7985,-1.9403,-1.806,-0.4478,-0.5597,-2.4701,-1.2015,-1.2388
trpos2840.txt_allergen_2004,-0.7785,-0.2785,-1.1456,-1.1519,-1.7278,0.5127,-0.1139,-1.7532,-1.3861,-1.6646,-1.3671,-0.8228,-0.6519,-1.981,-1.7911,-0.443,-1.0823,-2.6519,-1.6899,-1.3861
trpos2840.txt_allergen_2880,-1.2119,-1.1159,-1.2384,-1.4503,-2.4305,-1.0464,-1.2616,-1.9603,-1.5563,-1.457,-1.2583,-0.904,-1.2086,-1.6755,-2.1987,-0.7682,-0.7185,-2.8179,-1.5066,-1.1821
trpos2840.txt_allergen_269,-1.2184,-1.3506,-1.408,-1.5977,-3.2816,-1.1897,-0.8966,-2.3276,-1.6724,-1.3333,-1.2471,-0.9655,-1.2701,-1.5575,-2.4655,-1.023,-0.5862,-3.3333,-1.7931,-0.9425
trpos2840.txt_allergen_2826,-0.6264,-1.619,-1.3883,-1.9634,-2.5824,-1.3773,-1.8242,-1.2344,-1.9634,-1.8022,-1.8352,-1.3883,-1.4872,-2.0403,-2.0476,-0.8022,-0.8608,-2.8242,-1.7253,-1.3297
trpos2840.txt_allergen_1548,0.777,-1.2997,-1.2857,-1.4355,-1.9443,-0.8362,-0.77,-1.0418,-1.5645,-1.4355,-1.6341,-0.6132,-1.2787,-1.9686,-0.7456,0.0105,-0.1359,-2.554,-1.5366,-0.7805
trpos2840.txt_allergen_3253,-0.6925,-1.6288,-0.9834,-1.3573,-3.097,-1.0526,-1.4432,-1.6565,-1.4792,-1.687,-1.4626,-1.1994,-1.6371,-1.5651,-1.9834,-0.831,-1.0305,-2.5789,-1.3573,-1.4432
trpos2840.txt_allergen_2290,-0.8462,-0.3846,-0.2308,-1,-2.3846,0.0769,0.0769,-1.4615,-0.8462,-1.7692,-1.5385,-0.1538,-1,-2,-1.0769,-0.1538,-0.5385,-2.4615,-1.2308,-1.3077
trpos2840.txt_allergen_426,-0.7793,-1.6158,-0.7548,-1.3924,-2.515,-1.3733,-1.654,-1.2534,-1.5068,-1.3188,-1.8447,-1.1935,-1.5286,-1.9346,-2.2289,-0.406,-0.6512,-2.6076,-1.3733,-1.2916
trpos2840.txt_allergen_489,-0.4046,-2.1374,-1.4733,-1.8855,-2.2977,-1.1221,-1.7099,-1.1756,-2.229,-1.687,-1.8244,-1.2519,-1.4733,-2.3511,-2.6031,-0.8473,-0.8397,-3.4962,-2.0229,-1.1985
trpos2840.txt_allergen_386,-0.6438,-0.4312,-0.9125,-0.9188,-1.8562,0.2313,-0.2625,-1.6562,-1.2437,-1.725,-1.4187,-0.5375,-0.7438,-2.125,-1.4812,-0.3312,-0.775,-2.3875,-1.5875,-1.2875
trpos2840.txt_allergen_3335,-0.9385,-1.4615,-0.4462,-0.8,-1.5692,-0.3538,-0.4308,-1.0308,-1.3385,-2.2462,-2.2308,-0.9385,-1.6462,-2.5077,-1.6308,-0.4615,-0.5846,-2.8462,-1.9692,-1.7846
trpos2840.txt_allergen_3019,-1.3333,-1.537,-0.9444,-1.6667,-1.8889,-1.2593,-1.6111,-2.1296,-1.7037,-2.037,-2.2037,-1.0556,-1.7222,-2.2222,-2,-0.8519,-1.0556,-3.963,-2.3704,-1.6111
trpos2840.txt_allergen_427,-0.4275,-2.1527,-1.458,-1.9389,-2.3206,-1.1527,-1.6947,-1.1298,-2.2061,-1.6947,-1.8092,-1.2519,-1.4656,-2.3511,-2.5344,-0.8168,-0.8168,-3.5267,-2.1298,-1.1908
trpos2840.txt_allergen_443,-0.7453,-2.1615,-1.3727,-1.4658,-2.7019,-1.5093,-0.9193,-1.6273,-0.9876,-1.1553,-1.6398,-0.7578,-1.5155,-2.0248,-2.0683,-0.8323,-0.6149,-3.2422,-1.8323,-0.9006
trpos2840.txt_allergen_1271,-0.8725,-1.5536,-0.8638,-1.7217,-2.6377,-1.2319,-1.2261,-1.887,-1.3101,-1.7304,-1.6957,-0.9913,-1.3478,-1.887,-2.3478,-0.6725,-1.0116,-2.8348,-1.2348,-1.4029
trpos2840.txt_allergen_438,-0.6018,-1.5449,-1.2949,-1.3817,-3.0374,-0.9446,-0.759,-2.0644,-2.0584,-1.3353,-1.6078,-0.7859,-1.6033,-2.3892,-2.3174,-0.7784,-0.7919,-3.9731,-2.4581,-1.1257
trpos2840.txt_allergen_194,-0.1333,-1.5867,-1.5067,-1.6533,-1.64,-1.36,-1.24,-1.64,-1.9867,-0.8267,-0.6933,-0.8267,-0.6133,-1.7733,-1.6267,-0.68,-0.52,-2.6,-1.7733,-0.2933
trpos2840.txt_allergen_1475,-0.8933,-0.8933,-0.3733,-0.8733,-2.2267,-0.5,-0.64,-1.24,-0.6933,-1.9267,-1.9667,-0.42,-1.38,-1.8667,-1.1333,-0.3867,-0.6267,-2.3867,-1.2267,-1.6733
trpos2840.txt_allergen_3317,-0.8571,-1.25,-1.4048,-1.5595,-2.6429,-0.7857,-0.7143,-1.9405,-1.6667,-1.2619,-1.5476,-0.8452,-1.3333,-2.1548,-1.5238,-0.8214,-0.7262,-3.1667,-1.8452,-0.7143
trpos2840.txt_allergen_90,-0.6639,-1.6066,-1.1967,-1.9508,-3.1066,-1.1557,-1.5902,-1.4508,-2.2295,-1.8525,-1.9426,-1.1967,-1.4672,-2.2131,-2.3689,-0.5246,-0.8361,-2.6311,-1.8852,-1.1311
trpos2840.txt_allergen_3018,-0.7449,-1.4898,-1.1808,-1.395,-2.3965,-1.016,-1.0773,-1.8222,-1.691,-1.9519,-1.8134,-0.8265,-1.6953,-2.2784,-1.8921,-0.6166,-0.9052,-3.0598,-1.8907,-1.4461
trpos2840.txt_allergen_3498,-0.3723,-1.3504,-0.7956,-1.1022,-1.7664,-0.7883,-0.9343,-1.1168,-1.2993,-1.6277,-1.6131,-0.8759,-1.2117,-1.5912,-1.6423,-0.1752,-0.3431,-2.4234,-1.2555,-1.2044
trpos2840.txt_allergen_2608,-0.5337,-1.2642,-1.2487,-1.4767,-2.4093,-1.0777,-1.3316,-1.5285,-1.3264,-1.4197,-1.3834,-1.3109,-1.3005,-1.6995,-1.4197,-0.7098,-0.8394,-2.715,-1.4922,-1.0881
trpos2840.txt_allergen_2545,-0.0625,-1.625,-1.3125,-1.9375,-1.875,-1.0625,-1.0625,-1.125,-0.3125,-1.4375,-1.4375,-1.1875,-1,-1.625,-2,-0.5625,-0.875,-2.3125,-0.1875,-0.875
trpos2840.txt_allergen_848,-0.9524,-0.3333,-1.7619,-1.8367,-2.1633,0.5578,-0.5442,-1.9388,-1.7347,-1.6259,-1.4898,-1.2721,-0.449,-1.9796,-1.6939,-0.8163,-1.2109,-2.8844,-2.0476,-1.3605
trpos2840.txt_allergen_1472,-1.0149,-1.2761,-0.9328,-1.2313,-1.6716,-0.9925,-0.9925,-1.6269,-1.0746,-1.806,-1.7463,-0.8881,-1.2313,-1.6119,-2.0299,-0.5821,-0.694,-2.0821,-1.0821,-1.5522
trpos2840.txt_allergen_2291,0.4022,-1.1685,-1.2826,-0.7554,-3.462,0.1141,1.5,-1.6739,-2.4728,-2.1848,-2.6413,0.3913,-2.3043,-3.6087,1.3152,0.1957,0.413,-4.2283,-3.288,-0.5978
trpos2840.txt_allergen_1719,0.9375,-1.125,-1.1875,-1,-1.5625,-0.5625,-0.75,-0.25,-1.5,-2.125,-2.0625,-0.75,-1.5,-2.375,0.25,0.125,-0.5,-2.3125,-1.75,-1.25
trpos2840.txt_allergen_3541,-0.5621,-1.4037,-0.8665,-1.3447,-1.6242,-1.0186,-1.5124,-0.8106,-1.8602,-1.8696,-1.7609,-1.3106,-1.4814,-1.8727,-1.5559,-0.5248,-0.7919,-2.3043,-1.6429,-1.559
trpos2840.txt_allergen_1693,-1.2992,-0.0315,-1.2835,-1.2205,-1.9606,0.8189,-0.1732,-1.685,-1.378,-2.063,-1.811,-0.6299,-0.7638,-2.2677,-1.9134,-0.8898,-1.3543,-2.7323,-1.9764,-1.8268
trpos2840.txt_allergen_2887,-0.7258,-1.5435,-1.555,-1.4204,-2.4351,-0.9672,-0.5961,-2.3629,-1.3629,-1.8161,-1.3645,-0.7094,-1.3908,-2.1002,-1.9721,-0.6864,-0.6617,-3.3974,-1.9524,-1.3629
trpos2840.txt_allergen_2164,-0.7044,-2.1572,-1.3333,-1.4654,-2.9057,-1.5409,-0.9497,-1.6226,-1.0692,-1.1824,-1.7484,-0.7862,-1.673,-2.0503,-2.1258,-0.7862,-0.6226,-3.283,-1.8113,-1.0063
trpos2840.txt_allergen_2537,0.3902,-0.4024,0.378,-0.5732,-1.4024,-0.1463,-0.3049,-0.6707,-1.0366,-1.6829,-1.5976,0.1463,-0.8049,-1.9146,-1.122,1.622,0.3902,-2.0366,-1.7561,-0.939
trpos2840.txt_allergen_1127,-0.4779,-1.5551,-1.2941,-1.9596,-2.4265,-1.4853,-1.9081,-1.1103,-1.9559,-1.8676,-1.886,-1.386,-1.4632,-2.0441,-2.0294,-0.5846,-0.8272,-2.8235,-1.9265,-1.3272
trpos2840.txt_allergen_2506,-0.4348,-1.3217,-0.7913,-1.0261,-1.8957,-0.6522,-0.7826,-1.1913,-1.2783,-1.6696,-1.6522,-0.7826,-1.087,-1.5217,-1.6957,-0.2,-0.4087,-2.3304,-1.2261,-1.2609
trpos2840.txt_allergen_1977,-0.7293,-1.0055,-0.7845,-1.0994,-1.9779,-0.6464,-0.7238,-1.6685,-0.8895,-1.5193,-1.4972,-0.7459,-1.0829,-1.558,-1.7956,-0.453,-0.4641,-2.4365,-0.9945,-1.2044
trpos2840.txt_allergen_2893,-0.8651,-1.754,-1.7778,-1.8413,-3.119,-1.7302,-1.0714,-2.3333,-2.1032,-1.619,-2.0714,-1.4762,-1.7222,-2.4206,-2.5873,-1.1984,-1.5873,-3.7222,-2.373,-1.4921
trpos2840.txt_allergen_1777,-0.6761,-1.9789,-1.4296,-1.6549,-2.2324,-1.1197,-1.2606,-2.1479,-1.9859,-0.9577,-1.4648,-0.7324,-1.5282,-2.2746,-1.9155,-0.7746,-0.507,-3.3099,-2.0986,-0.507
trpos2840.txt_allergen_462,-0.7877,-1.9703,-1.6142,-1.7991,-2.9566,-1.6553,-1.4247,-1.9817,-2.1689,-1.7123,-1.9247,-1.3059,-1.7215,-2.4087,-2.7831,-1.0982,-1.1918,-3.6621,-2.2694,-1.5023
trpos2840.txt_allergen_3436,-0.8008,-1.4938,-1.5975,-1.7593,-2.444,-0.2116,-0.8714,-2.3029,-1.4813,-1.1494,-0.805,-1.0083,-0.7178,-1.7303,0.0207,-0.6307,-0.7012,-2.8133,-1.6307,-0.722
trpos2840.txt_allergen_2061,-1.1111,-1.7593,-1.5648,-0.6574,-2.7963,-1.3148,-0.4815,-2.3704,-1.9259,-1.787,-1.6944,-0.6759,-0.4815,-1.7685,-3.0093,-1.1481,-1.1944,-3.5556,-2.3889,-1.5278
trpos2840.txt_allergen_3131,-0.7396,-1.3542,-0.7812,-0.599,-2.3906,-0.7135,-0.5469,-1.5469,-1.5938,-1.3542,-1.2969,-0.6823,-0.9323,-1.276,-2.1927,-0.7708,-0.8906,-2.3385,-1.3646,-1.1719
trpos2840.txt_allergen_2119,-0.7907,-1.9302,-1.2326,-1.3023,-2.2946,-0.9535,-1.0698,-1.8837,-1.845,-1.155,-1.7442,-0.5969,-1.6512,-2.6589,-1.7287,-0.7442,-0.4961,-3.3333,-2.2171,-0.6589
trpos2840.txt_allergen_2487,-1.1689,-1.6911,-1.1333,-1.6244,-2.56,-1.0689,-1.4133,-2.1933,-1.6489,-1.7333,-1.6311,-1.5667,-1.2644,-2.1089,-2.5911,-0.64,-0.9689,-3.4822,-1.7467,-1.5111
trpos2840.txt_allergen_1607,-0.7252,-1.1679,-1.0076,-1.1603,-2.0916,-0.9389,-0.6947,-1.7023,-1.7176,-1.3817,-1.5649,-0.5344,-1.3511,-2.0611,-1.6031,-0.6336,-0.5038,-2.9542,-1.7176,-1.0458
trpos2840.txt_allergen_3484,-0.3203,-1.3516,-0.7812,-1.1719,-1.7891,-0.8594,-0.875,-1.1719,-1.2734,-1.6875,-1.625,-0.9297,-1.2344,-1.5625,-1.6641,-0.0938,-0.3438,-2.3984,-1.25,-1.3672
trpos2840.txt_allergen_612,-0.9778,-1.5538,-0.9304,-1.5063,-2.3703,-1.1234,-1.3671,-1.8608,-1.6614,-1.4842,-1.4968,-1.0728,-1.3797,-1.9399,-1.8987,-0.6487,-0.7342,-3.1203,-1.6962,-1.3671
trpos2840.txt_allergen_1397,-0.8131,-1.4775,-1.6574,-1.9135,-2.7301,1.3806,-0.3668,-1.7612,-1.7405,-1.7993,-1.6713,-0.7855,-1.5052,-2.2907,1.2734,-0.3356,-0.5571,-2.9412,-2.0104,-1.2215
trpos2840.txt_allergen_1353,-0.5435,-1.4674,-1.3804,-1.5543,-1.3804,-0.837,-1,-2,-1.7065,-0.8696,-0.8804,-1.0652,-0.6739,-1.8478,-1.6739,-0.7391,-0.5,-2.6522,-1.4891,-0.7174
trpos2840.txt_allergen_3185,-0.5703,-1.6305,-1.3855,-2,-2.5462,-1.4418,-1.8755,-1.2369,-2.1124,-1.9036,-1.9438,-1.4297,-1.5622,-2.1365,-2.1968,-0.7028,-0.9197,-3.0522,-1.8715,-1.4016
trpos2840.txt_allergen_2901,-1.0278,-1.787,-1.4537,-0.7407,-2.6574,-1.3148,-0.5093,-2.287,-1.9722,-1.8796,-1.7407,-0.7778,-0.5,-1.9537,-3.0556,-1.1574,-1.3148,-3.6852,-2.3333,-1.6389
trpos2840.txt_allergen_3279,-0.9715,-1.9268,-0.8659,-1.626,-3.0854,-1.5407,-1.5813,-2.2276,-1.9431,-1.3415,-1.6301,-1.4756,-1.8374,-1.8008,-2.1992,-0.2561,-0.2276,-3.061,-1.6829,-1.1179
trpos2840.txt_allergen_1616,-0.6286,-1.9714,-1.4929,-1.6786,-2.2429,-1.0929,-1.2429,-2.0929,-2.0357,-0.9643,-1.4143,-0.7571,-1.5571,-2.2857,-1.9214,-0.8143,-0.5786,-3.2786,-2.1643,-0.5
trpos2840.txt_allergen_2808,-0.3636,-0.8264,-2.0413,-1.9091,-1.9587,-0.7603,-1.2397,-1.7934,-2.0579,-1.6033,-1.3636,-1.4132,-1.1157,-2.2727,-1.4793,-0.6281,-0.8678,-2.7355,-1.9339,-0.876
trpos2840.txt_allergen_1236,0.3846,-0.9231,-1.3333,-1.4615,-1.4872,0.1282,-0.5385,-1.2308,-1.4103,-1.3333,-1.0769,-0.5385,-0.5385,-2.0256,-1,-0.0256,-0.3846,-2.6667,-1.8718,-0.7179
trpos2840.txt_allergen_1500,-1.1025,-0.8975,-0.8724,-1.6993,-2.9271,-0.385,-0.9658,-1.8132,-1.4305,-1.6241,-1.533,-1.1686,-1.6948,-1.6629,-1.9567,-0.6128,-1.1185,-3.1845,-1.7859,-1.3166
trpos2840.txt_allergen_2552,-0.5,-1,-1.3333,-1.9167,-2,-0.5833,-1,-1.6667,-1.3333,-0.75,-0.6667,-1.1667,-0.5,-1.5,-2.0833,-1,-0.9167,-2.4167,-1,-0.6667
trpos2840.txt_allergen_1839,-0.1725,0.3838,-0.4824,-0.5951,-3.3732,1.3345,1.75,-3.0528,-1.0986,-1.6866,-0.6373,1.088,-0.7254,-3.4859,-4.1479,-0.6303,-0.9261,-4.5,-2.8873,-1.7641
trpos2840.txt_allergen_2427,-0.4927,-1.4854,-1.3066,-1.8942,-2.3321,-1.4088,-1.8577,-1.146,-1.8796,-1.8321,-1.8613,-1.3613,-1.5219,-2.073,-1.9416,-0.6277,-0.8431,-2.7445,-1.8613,-1.3066
trpos2840.txt_allergen_3527,-1.07,-1.451,-1.2465,-1.2913,-2.535,-1.0756,-0.9412,-2.0392,-1.6751,-1.4006,-1.2073,-0.8011,-1.2857,-2.0112,-2.2549,-0.8824,-0.9832,-3.2045,-1.8908,-1.2633
trpos2840.txt_allergen_3264,-0.8833,-1.5,-0.8083,-1.6583,-2.1833,-0.9542,-1.4208,-1.8875,-1.5292,-1.9875,-1.9167,-0.9292,-1.5917,-2.2417,-1.8875,-0.5375,-0.9042,-2.6875,-1.3792,-1.4875
trpos2840.txt_allergen_2619,-0.6198,-1.562,-1.3223,-1.4793,-2.9256,-0.8512,-0.7686,-2.3884,-1.2066,-1.6033,-1.5041,-0.6942,-1.4793,-1.7521,-2.2479,-0.9091,-0.8595,-3.3802,-1.9917,-0.9174
trpos2840.txt_allergen_1114,-0.3924,-1.3671,-0.8291,-1.0633,-1.7785,-0.7405,-0.8481,-1.1329,-1.3038,-1.4241,-1.519,-0.9494,-1.0443,-1.5886,-1.5759,-0.2532,-0.3291,-2.4051,-1.2658,-1.0949
trpos2840.txt_allergen_1628,-0.7687,-1.1269,-0.9776,-1.1567,-2.1343,-0.9478,-0.6791,-1.6493,-1.6642,-1.4552,-1.5896,-0.5149,-1.403,-2.0373,-1.6418,-0.6045,-0.5075,-2.9403,-1.6791,-1.1045
trpos2840.txt_allergen_2272,-0.613,-1.4047,-0.8684,-1.1532,-2.3969,-0.8409,-0.9391,-1.444,-1.3556,-1.5796,-1.5403,-0.8585,-1.2004,-1.7544,-1.6719,-0.6346,-0.6955,-2.3497,-1.2574,-1.279
trpos2840.txt_allergen_2366,-0.558,-1,-1.2319,-1.4855,-1.7464,-0.971,-1.058,-2.0797,-1.9203,-1,-1.2391,-0.4275,-1.0072,-2.1449,-1.7174,-0.7536,-0.5507,-2.8261,-1.7464,-0.7971
trpos2840.txt_allergen_1779,-0.8692,-1.8538,-1.2462,-1.4385,-2.3154,-0.9615,-1.0846,-1.9769,-1.8692,-1.1692,-1.8077,-0.5692,-1.6846,-2.5462,-1.7231,-0.8,-0.5846,-3.3231,-2.2462,-0.7692
trpos2840.txt_allergen_1740,-0.1796,0.3451,-0.5458,-0.5986,-3.7254,1.3063,1.669,-3.0423,-1.1127,-1.7218,-0.7324,1.162,-0.8873,-3.4331,-3.9366,-0.5845,-0.8944,-4.3908,-2.8239,-1.6901
trpos2840.txt_allergen_2041,-0.7834,-1.461,-0.6952,-1.3879,-2.5214,-1.3224,-1.5063,-1.3123,-1.4534,-1.3904,-1.7733,-1.1259,-1.5013,-1.995,-2.1033,-0.3804,-0.67,-2.733,-1.4257,-1.2947
trpos2840.txt_allergen_1173,-0.8932,-1.1761,-1.1455,-1.3568,-2.7031,-0.9096,-0.831,-1.9765,-1.3779,-1.3627,-1.3251,-0.8592,-1.25,-1.7993,-2.0798,-0.9636,-1.0434,-2.5915,-1.4965,-1.2606
trpos2840.txt_allergen_435,-0.6558,-1.3377,-1.224,-1.3896,-2.7305,-0.9578,-1.0097,-1.7857,-1.6364,-0.9448,-0.9708,-0.961,-1.2695,-1.6136,-1.8896,-0.8377,-0.7662,-2.9481,-1.5649,-0.7273
trpos2840.txt_allergen_324,-0.6364,-0.9305,-0.5027,-0.7059,-1.6257,-0.4278,-0.4492,-1.4706,-0.984,-1.6417,-1.5294,-0.4171,-0.984,-1.6524,-1.2888,-0.1337,-0.4973,-2.2567,-1.1283,-1.2781
trpos2840.txt_allergen_2076,0.1282,-1.6752,-1.4359,-2.5556,-1.8376,-1.6325,-2.2735,-1.7009,-2.6496,-1.7265,-1.453,-1.4359,-1.0427,-2.8376,-1.8889,-0.4359,-0.7521,-3.9487,-2.6923,-1
trpos2840.txt_allergen_1192,-0.4688,-1.375,-1.0938,-1.4375,0.5625,-0.875,-1.0938,-1.6875,-1.375,-1.8125,-1.9375,-0.7812,-1.7188,-2.625,-1.4375,-0.4375,-0.7188,-3.0312,-1.9375,-1.5
trpos2840.txt_allergen_3039,-1.1854,-0.7488,-0.7854,-1.5537,-2.9341,-0.2634,-0.8244,-1.7902,-1.4244,-1.5707,-1.6073,-1.2024,-1.7244,-1.7927,-1.9366,-0.722,-1.0659,-3.1951,-1.778,-1.2366
trpos2840.txt_allergen_336,-0.2746,0.3592,-0.5317,-0.5634,-3.5951,1.2852,1.743,-3.0528,-1.0634,-1.6514,-0.7394,1.1866,-0.7535,-3.5669,-4.1092,-0.6092,-0.9049,-4.3979,-2.8592,-1.7923
trpos2840.txt_allergen_1701,-0.1,-2.1,-1,-2.1,-1.25,-1.55,-1.95,-1.4,-1.75,-0.95,-1.5,-1.6,-1.05,-0.85,-1.25,-0.65,-0.2,-2,-1.15,-0.6
trpos2840.txt_allergen_1597,-0.9048,-0.7619,-1.2381,-2.0952,-2.1905,-1,-1.2381,-2.0952,-1.4762,-0.9524,-0.7143,-0.7619,-0.4762,-0.9048,-1.7143,-0.8095,-0.3333,-2.2857,-0.9048,-0.9048
trpos2840.txt_allergen_1836,-0.25,0.2852,-0.4754,-0.6303,-3.4894,1.2923,1.7007,-3.162,-1.2289,-1.7641,-0.7535,1.1725,-0.9613,-3.4613,-4.1127,-0.6232,-0.8944,-4.4085,-2.9225,-1.7148
trpos2840.txt_allergen_3106,-0.8506,-1.5833,-0.7931,-1.6753,-2.7126,-1.2356,-1.2385,-1.8103,-1.3132,-1.7213,-1.8333,-0.9397,-1.2902,-1.9195,-2.3046,-0.6523,-0.9713,-2.7931,-1.2586,-1.4253
trpos2840.txt_allergen_1454,-0.8903,-0.1355,-1.0581,-0.9032,-1.7419,0.3806,-0.0516,-1.6452,-1.1871,-1.6645,-1.4387,-0.5613,-0.6581,-2.1871,-1.7742,-0.5742,-1.0258,-2.5419,-1.6774,-1.5871
trpos2840.txt_allergen_1627,-0.7259,-1.2148,-0.9852,-1.0889,-2.0815,-0.9704,-0.6889,-1.7037,-1.7333,-1.3778,-1.5926,-0.5407,-1.3926,-2.0296,-1.6296,-0.5407,-0.4444,-2.9333,-1.7407,-1.0444
trpos2840.txt_allergen_391,-0.7273,-0.7818,-1.0727,-0.9091,-2.6091,-0.1455,-0.0545,-2.1909,-0.9909,-1.3909,-0.9636,-0.2545,-0.7091,-1.7273,-2.0727,-0.8273,-0.7273,-2.7818,-1.5091,-1.2636
trpos2840.txt_allergen_1856,-0.8143,-1.2,-1.0143,-1.1786,-2.2,-0.9429,-0.7786,-1.6643,-1.6929,-1.3786,-1.5643,-0.55,-1.3786,-2.0143,-1.5214,-0.6643,-0.5857,-2.9929,-1.7429,-1.0571
trpos2840.txt_allergen_3473,-0.3478,-1.3986,-0.8696,-1.1087,-1.7464,-0.8696,-0.9348,-1.1014,-1.3406,-1.6377,-1.6087,-0.9565,-1.2101,-1.6087,-1.6087,-0.1304,-0.3551,-2.4493,-1.3188,-1.2464
trpos2840.txt_allergen_126,-0.9122,-1.2976,-0.7073,-1.6195,-2.2049,-0.9805,-1.2976,-1.6146,-1.2341,-1.9024,-1.9951,-0.7805,-1.6537,-2.1512,-1.7756,-0.5073,-0.8683,-2.3024,-1.1512,-1.4537
trpos2840.txt_allergen_1855,-0.7368,-2.0921,-1.0855,-1.4868,-2.9211,-1.6711,-1.5789,-0.9803,-1.5263,-1.8947,-2.0066,-1.3816,-2.0132,-2.6513,-1.8026,-0.9934,-0.8158,-3.7566,-2.4671,-1.4803
trpos2840.txt_allergen_1797,-0.6589,-1.0078,-1.3488,-1.155,-2.5194,-0.3566,-0.3643,-2.2248,-1.2093,-1.2636,-0.969,-0.3643,-0.7442,-1.6124,-2.3023,-0.9225,-0.7752,-2.907,-1.5969,-1.1628
trpos2840.txt_allergen_1128,-1.0092,-1.789,-1.7064,-0.7064,-2.6606,-1.2661,-0.4862,-2.4679,-1.8899,-1.8073,-1.6147,-0.7431,-0.5872,-1.8899,-3.0459,-1.0917,-1.3119,-3.5596,-2.422,-1.5229
trpos2840.txt_allergen_2068,-1,-1.8426,-1.5648,-0.6667,-2.5648,-1.25,-0.4907,-2.2685,-2.0556,-1.7685,-1.6204,-0.713,-0.4722,-1.8519,-3.0185,-1.2222,-1.3333,-3.5926,-2.3704,-1.5648
trpos2840.txt_allergen_1348,-0.8759,-0.2138,-1.2345,-1.3241,-1.9103,0.6552,-0.4759,-1.4828,-1.1724,-1.7862,-1.4759,-0.5586,-0.931,-2.0414,-0.931,-0.7793,-1.0828,-2.3172,-1.731,-1.469
trpos2840.txt_allergen_3233,-0.9954,-1.0534,-0.8376,-1.232,-1.4919,-0.8817,-1.174,-1.3619,-0.8956,-1.5313,-1.5104,-1.1485,-1.5012,-1.652,-1.2599,-0.4594,-0.5986,-2.3086,-1.3248,-1.1067
trpos2840.txt_allergen_188,-0.7875,-2.2,-1.2812,-1.4563,-2.7687,-1.525,-0.8562,-1.675,-1.125,-1.2063,-1.6938,-0.7188,-1.5562,-2.0062,-2.0625,-0.7812,-0.6125,-3.275,-1.8375,-0.9875
trpos2840.txt_allergen_2144,-0.4242,-0.9886,-0.8371,-1.1174,-1.2159,-0.4545,-0.5795,-1.5379,-1.3636,-1.3712,-1.3182,-0.5,-0.7159,-1.8258,-1.3371,-0.2348,-0.4962,-2.3674,-1.4583,-0.9545
trpos2840.txt_allergen_522,-0.6548,-1.2798,-1.1786,-1.3929,-1.9524,-0.9107,-0.875,-1.8036,-1.756,-1.369,-1.3333,-0.6012,-1.2262,-1.9405,-1.6429,-0.619,-0.631,-2.9702,-1.7083,-0.8869
trpos2840.txt_allergen_111,-0.839,-0.8098,-1.1854,-0.6195,-2.2049,-0.5756,-0.0878,-1.8634,-1.2488,-1.3902,-1.2439,0.0049,-0.2927,-1.3366,-2.2146,-0.6439,-0.8195,-2.8927,-1.6976,-1.522
trpos2840.txt_allergen_909,-0.7985,-1.4685,-0.7103,-1.403,-2.534,-1.3249,-1.5365,-1.3174,-1.4761,-1.3778,-1.7834,-1.1259,-1.5038,-2.0176,-2.1134,-0.3753,-0.6599,-2.7154,-1.4257,-1.3023
trpos2840.txt_allergen_3236,-0.3646,-1.3291,-0.7063,-1.2557,-2.5038,-0.8937,-1.1797,-0.9544,-1.5848,-1.8076,-1.7924,-0.8228,-1.4633,-1.6835,-1.5975,0.1418,-0.162,-2.281,-1.3823,-1.3671
trpos2840.txt_allergen_1936,-0.9714,-0.7253,-0.7121,-1.4505,-2.9473,-0.2615,-0.6923,-1.6615,-1.2286,-1.5099,-1.4659,-0.989,-1.5934,-1.5011,-1.6835,-0.5319,-0.9275,-3.1495,-1.7165,-1.222
trpos2840.txt_allergen_1120,-0.8704,-1.4737,-1.1457,-1.3887,-2.6397,-1.2713,-1.0405,-1.6923,-1.8664,-1.7814,-1.9109,-0.7935,-1.587,-2.0405,-1.6518,-0.7773,-0.6073,-3.3644,-1.9271,-1.3522
trpos2840.txt_allergen_165,0.6818,-2.0818,-1.6091,-1.3545,-2.5909,-1.3455,-0.5091,-1.0182,-2.4364,-1.8636,-1.8455,-0.9909,-1.5364,-2.5182,-1.3818,-0.4091,-0.9545,-3.4727,-2.5364,-1.2182
trpos2840.txt_allergen_1866,-0.1338,0.3556,-0.5176,-0.5845,-3.5669,1.3063,1.7746,-3.1303,-1.2394,-1.7887,-0.7148,1.1585,-0.8275,-3.4613,-4.0704,-0.6479,-0.919,-4.5106,-2.8732,-1.7782
trpos2840.txt_allergen_1197,-1.3178,-1.3411,-1.0078,-1.4031,-2.7674,-1.3566,-1.5814,-2.0155,-1.5349,-2.1318,-2.1085,-0.9535,-1.8915,-2.5194,-2.7209,-1.0078,-1.2481,-2.969,-1.8062,-1.9845
trpos2840.txt_allergen_1324,-0.7938,-2.15,-1.2312,-1.4375,-2.7188,-1.4625,-0.8625,-1.5938,-1.075,-1.1875,-1.6562,-0.7312,-1.4875,-1.975,-2.0187,-0.7438,-0.6438,-3.2313,-1.85,-0.975
trpos2840.txt_allergen_1825,-0.3893,-2.145,-1.5267,-1.916,-2.3893,-1.0611,-1.6947,-1.1527,-2.1832,-1.6336,-1.8168,-1.2137,-1.5725,-2.3435,-2.5496,-0.8321,-0.8092,-3.5115,-1.9847,-1.2061
trpos2840.txt_allergen_523,-0.6842,-1.5362,-1.5181,-1.4128,-2.4062,-0.9688,-0.5674,-2.3454,-1.3322,-1.7697,-1.3306,-0.6891,-1.3783,-2.0345,-1.9655,-0.6826,-0.6546,-3.3503,-1.903,-1.3421
trpos2840.txt_allergen_1711,-0.7448,-1.4588,-0.9871,-1.3428,-2.7216,-0.7448,-0.9691,-2.0155,-1.6959,-1.4021,-1.0773,-1.1881,-1.2629,-1.4124,-1.7191,-0.6572,-0.6418,-2.6263,-1.2577,-1.0387
trpos2840.txt_allergen_2250,-0.5269,-1.2424,-0.8047,-1.1616,-1.8855,-0.8131,-0.9562,-1.2727,-1.3721,-1.2778,-1.2811,-0.9646,-0.8704,-1.6212,-0.9596,-0.3485,-0.4242,-2.3586,-1.3754,-0.9613
trpos2840.txt_allergen_1047,-1.1032,-1.4335,-1.0013,-1.2981,-2.7329,-0.9923,-1.0826,-1.9123,-1.2335,-1.2568,-1.3277,-1.0516,-1.3703,-1.3006,-1.9135,-0.5148,-0.7213,-2.4168,-0.8735,-1.1406
trpos2840.txt_allergen_82,-0.4198,-2.1679,-1.4504,-1.9084,-2.2824,-1.1145,-1.7176,-1.1985,-2.1832,-1.687,-1.855,-1.2901,-1.4962,-2.3053,-2.5038,-0.8092,-0.7634,-3.5115,-2.0916,-1.2672
trpos2840.txt_allergen_3516,-0.9,-0.95,-0.85,-1.05,-1.9,-0.75,-0.65,-1.45,-1.15,-1.5,-1.6,-0.7,-1.15,-1.95,-0.7,-0.65,-1,-2.65,-1.2,-1.2
trpos2840.txt_allergen_1440,-0.4179,-2.1119,-1.4701,-1.8657,-2.1567,-1.1045,-1.6716,-1.1269,-2.1866,-1.6567,-1.791,-1.2463,-1.403,-2.306,-2.5373,-0.8731,-0.7612,-3.4478,-2.0522,-1.2015
trpos2840.txt_allergen_1765,-0.7625,-2.2188,-1.3188,-1.4438,-2.8,-1.5437,-0.9188,-1.6438,-1.1438,-1.1938,-1.7,-0.7938,-1.5688,-1.975,-2.05,-0.7625,-0.6062,-3.3,-1.8625,-1
trpos2840.txt_allergen_1713,-1.1614,-0.2889,-0.6717,-1.2983,-2.8274,0.0788,-0.3039,-1.6435,-1.1557,-1.7824,-1.7355,-0.8105,-1.7317,-1.9156,-1.6473,-0.6492,-1.1463,-3,-1.6529,-1.4203
trpos2840.txt_allergen_2451,0.1667,-0.6667,-0.8333,-0.8333,-1.6667,-0.1667,-0.4167,-1.6667,-1.6667,-1.3333,-1.1667,-0.0833,-0.75,-2.25,-0.5833,0.25,0.25,-2.6667,-1.9167,-0.6667
trpos2840.txt_allergen_419,-0.7766,-1.5967,-0.6948,-1.3706,-2.4196,-1.3488,-1.6485,-1.2888,-1.4687,-1.3052,-1.861,-1.1935,-1.5313,-1.9373,-2.2425,-0.3978,-0.6022,-2.6866,-1.4278,-1.2643
trpos2840.txt_allergen_3375,-1.2556,-1.2278,-1.4389,-1.6167,-2.9667,-1.0667,-0.8833,-2.2889,-1.7222,-1.3389,-1.2222,-0.8722,-1.2667,-1.5556,-2.3444,-1.0167,-0.6667,-3.1778,-1.8167,-0.9278
trpos2840.txt_allergen_3550,-1.4,-0.7,-0.4,-1.15,-2.65,-0.6,-0.95,-1.7,-1.25,-1.25,-1.6,-0.55,-0.9,-1.35,-1.9,-1.05,-0.95,-2.2,-1.25,-1.1
trpos2840.txt_allergen_703,-0.4742,-1.2238,-1.0764,-1.4547,-2.5311,-1.1403,-1.325,-1.3233,-1.4245,-1.4298,-1.3961,-1.3091,-1.2966,-1.6767,-1.5364,-0.6732,-0.7549,-2.6341,-1.4227,-1.0746
trpos2840.txt_allergen_2582,-1.3043,-2,-1.2174,-2,-3.087,-1.8696,-1.913,-1.4783,-1.913,-1.5217,-1.6087,-1.7826,-0.9565,-2.0435,-2.4783,-1,-0.8261,-3.5652,-2,-1.6522
trpos2840.txt_allergen_622,-1.0075,-1.2164,-0.8806,-1.2388,-1.6716,-1,-1.0672,-1.6791,-1.0448,-1.7836,-1.7239,-0.8582,-1.2015,-1.6791,-2.0522,-0.5373,-0.6119,-2.2985,-1.1493,-1.5149
trpos2840.txt_allergen_1244,-0.8723,-0.305,-1.539,-1.7163,-1.9858,0.5248,-0.4113,-2.078,-1.6667,-1.5461,-1.2979,-1.0851,-0.2411,-2.1631,-1.7305,-0.7376,-1.1064,-2.7872,-1.9149,-1.2695
trpos2840.txt_allergen_2142,-0.4205,-0.9545,-0.875,-1.2614,-1.2576,-0.4583,-0.5758,-1.5568,-1.3864,-1.3409,-1.2879,-0.5152,-0.8106,-1.8295,-1.428,-0.2955,-0.5189,-2.3826,-1.4848,-0.9356
trpos2840.txt_allergen_1180,-1.0759,-1.0886,-1.4304,-2.1139,-1.5316,-1.3544,-1.7089,-2.0759,-1.7089,-1.519,-1.3291,-1.2532,-1.1139,-1.6835,-2.443,-0.8354,-0.7975,-3,-2.0506,-1.2025
trpos2840.txt_allergen_2124,-0.648,-1.248,-1.13,-1.488,-2.352,-1.024,-1.07,-1.59,-1.42,-1.25,-1.228,-1.018,-1.152,-1.582,-1.832,-0.57,-0.674,-2.5,-1.388,-0.912
trpos2840.txt_allergen_1677,-0.8551,-1.1538,-1.1181,-1.1699,-2.6816,-0.6977,-0.4955,-1.8569,-1.5259,-1.7692,-1.4651,-0.653,-1.6082,-1.9141,-1.6494,-0.39,-0.771,-2.941,-1.78,-1.4061
trpos2840.txt_allergen_3512,-0.8571,-2.3571,-2.4286,-2.8571,-2,-2,-2,-1.8571,-2.3571,-0.2143,-0.2143,-2.2857,-0.4286,-0.7857,-1.1429,-1.6429,-1.0714,-2.3571,-1.3571,-0.3571
trpos2840.txt_allergen_2769,-0.5376,-1.8387,-1.6774,-1.6882,-1.871,-1.1828,-1.043,-2.2151,-2.2581,-1.0108,-0.4731,-1.0968,-0.4624,-1.8925,-1.914,-0.6774,-0.5376,-3.3333,-1.9892,-0.7634
trpos2840.txt_allergen_3226,-0.6954,-0.93,-1,-1.0586,-2.2997,-0.6368,-0.4316,-1.8127,-1.4316,-0.9577,-1.114,-0.6042,-0.9153,-1.7932,-1.702,-0.7752,-0.7671,-2.7313,-1.5261,-0.9137
trpos2840.txt_allergen_1810,-0.7218,-1.7471,-0.4844,-1.1868,-2.3054,-1.1654,-1.4358,-1.0467,-1.644,-1.3327,-1.8307,-0.9397,-1.5175,-2.0564,-1.965,-0.3327,-0.3988,-2.9942,-1.7179,-1.0447
trpos2840.txt_allergen_3433,-0.5962,-1.4038,-1.2346,-1.7692,-2.4231,-1.2308,-1.6846,-1.2154,-1.8692,-1.75,-1.6846,-1.2885,-1.4385,-1.8769,-1.9885,-0.7462,-0.7808,-2.5538,-1.5615,-1.3269
trpos2840.txt_allergen_1913,-0.75,-2.1053,-1.0921,-1.5132,-2.875,-1.6645,-1.5789,-0.9934,-1.5263,-1.8947,-2.0132,-1.3684,-2,-2.6184,-1.8026,-0.9803,-0.8026,-3.7303,-2.4737,-1.4737
trpos2840.txt_allergen_3116,-0.4906,-0.2849,-0.6962,-0.6358,-2.9358,0.1981,0.7189,-1.5321,-1.3302,-2.1887,-1.9868,0.6491,-1.6811,-2.8226,-0.634,0.117,-0.4434,-3.3189,-2.4038,-1.3321
trpos2840.txt_allergen_1633,-0.5446,-1.3192,-1.2676,-1.0704,-2.4366,-0.8357,-0.7653,-1.8685,-1.3803,-0.9155,-1.0516,-0.6385,-0.6995,-1.7559,-1.7653,-0.7793,-0.6808,-2.8169,-1.615,-0.7465
trpos2840.txt_allergen_3343,-0.4429,-1.4819,-1.1699,-1.4039,-2.3621,-1.1031,-0.9889,-1.6156,-1.4401,-1.1588,-1.3844,-0.8189,-1.1643,-1.8747,-2.0529,-0.8886,-0.9387,-2.9276,-1.7465,-1.0028
trpos2840.txt_allergen_1443,-0.7438,-2.2,-1.3188,-1.4812,-2.8375,-1.5375,-0.925,-1.6187,-1.1062,-1.175,-1.75,-0.775,-1.5813,-2.0875,-2.1437,-0.7625,-0.6062,-3.325,-1.8438,-1.0312
trpos2840.txt_allergen_1801,-0.9883,-0.6934,-0.875,-1.5,-2.7383,-0.0254,-0.7695,-1.5195,-1.3516,-1.5547,-1.4883,-1.1055,-1.5586,-1.5176,-1.6328,-0.4512,-0.9141,-2.8379,-1.6992,-1.2441
trpos2840.txt_allergen_1838,-0.1549,0.3944,-0.493,-0.588,-3.4472,1.4155,1.7254,-3.0775,-1.0951,-1.6972,-0.6796,1.1197,-0.8908,-3.4437,-4.088,-0.6056,-0.9542,-4.4613,-2.8592,-1.7289
trpos2840.txt_allergen_2339,-0.814,-1.3907,-0.7023,-1.5488,-2.1767,-1.014,-1.3581,-1.586,-1.3953,-1.7442,-1.9116,-0.7581,-1.5116,-2.0698,-1.6419,-0.5814,-0.7721,-2.3535,-1.2233,-1.3907
trpos2840.txt_allergen_2276,-0.4192,-1.4904,-1.3123,-1.5096,-2.4384,-0.8192,-0.8603,-1.7123,-1.7534,-1.5753,-1.5041,-0.7562,-1.3205,-2.1863,-1.9808,-0.8274,-0.8356,-2.9753,-1.8466,-1.2986
trpos2840.txt_allergen_2622,-0.8125,-2.175,-1.2875,-1.4625,-2.8375,-1.5188,-0.8875,-1.6438,-1.1125,-1.2,-1.6375,-0.7938,-1.55,-1.9688,-2.0187,-0.7938,-0.625,-3.2938,-1.8438,-0.9875
trpos2840.txt_allergen_138,-0.8069,-1.269,-1.0414,-1.0828,-2.2069,-0.9034,-0.6621,-1.7241,-1.6483,-1.3862,-1.5931,-0.6138,-1.3724,-2.0414,-1.4828,-0.6621,-0.6,-2.9931,-1.7448,-1.0621
trpos2840.txt_allergen_1514,-0.7597,-2.2078,-1.4156,-1.5065,-2.8247,-1.6039,-0.9091,-1.6104,-1.1169,-1.1623,-1.7013,-0.7857,-1.5909,-2.0195,-2.1818,-0.8052,-0.6299,-3.3117,-1.8831,-0.9351
trpos2840.txt_allergen_2652,-0.8931,-2.0692,-1.2453,-1.3711,-2.8868,-1.4591,-0.8491,-1.6289,-1.0692,-1.1509,-1.6541,-0.6981,-1.5031,-1.9623,-2.0252,-0.7987,-0.6415,-3.1069,-1.8113,-0.9119
trpos2840.txt_allergen_590,-0.7877,-1.2466,-1.0342,-1.0822,-2.1918,-0.8767,-0.6918,-1.726,-1.6712,-1.3699,-1.5548,-0.589,-1.3219,-2.0205,-1.5,-0.6849,-0.589,-2.9726,-1.726,-1.0548
trpos2840.txt_allergen_2794,-0.8831,-2.1169,-1.3896,-1.3701,-2.8312,-1.5195,-0.8506,-1.6753,-1.013,-1.1039,-1.7338,-0.7532,-1.5584,-2.0714,-2.2532,-0.8766,-0.6688,-3.2273,-1.9416,-0.8896
trpos2840.txt_allergen_1393,-0.5532,-1.9574,-1.3475,-1.5603,-2.1489,-1.0922,-1.2908,-2.0142,-1.9858,-1.0284,-1.4397,-0.7447,-1.3759,-2.2908,-1.9007,-0.7234,-0.4894,-3.2553,-2.0355,-0.4539
trpos2840.txt_allergen_1198,-0.7,-1.95,-0.975,-1.85,-0.3,-1.125,-1.8,-0.5,-2.275,-2.975,-2.625,-1.525,-2.55,-2.925,-2.175,-0.425,-1.2,-2.825,-2.55,-2.55
trpos2840.txt_allergen_970,-0.839,-0.9746,-1.1525,-1.322,-2.839,-0.7542,-0.6186,-2.5169,-1.3051,-1.3729,-1.0424,-0.6949,-0.8898,-1.5508,-1.8475,-0.9915,-1.0085,-2.5508,-1.1186,-1.2373
trpos2840.txt_allergen_613,-0.9684,-1.5538,-0.9557,-1.5032,-2.3797,-1.1139,-1.3449,-1.8354,-1.6297,-1.5158,-1.5063,-1.0665,-1.3829,-1.9114,-1.9114,-0.6519,-0.769,-3.1646,-1.712,-1.3734
trpos2840.txt_allergen_2662,-0.8518,-1.0996,-0.365,-0.9381,-2.3119,-0.6991,-0.9447,-1.677,-1.2212,-1.4978,-1.4513,-0.8982,-0.9668,-1.7257,-1.7876,-0.4314,-0.5664,-2.4535,-1.3584,-1.2146
trpos2840.txt_allergen_1658,-0.3212,-1.3358,-0.8759,-1.0511,-1.8321,-0.7883,-0.8686,-1.1679,-1.2409,-1.7299,-1.6569,-0.9051,-1.2336,-1.5693,-1.6204,-0.146,-0.4307,-2.4015,-1.2482,-1.3285
trpos2840.txt_allergen_631,0.113,-1.687,-1.3565,-2.5391,-1.8174,-1.713,-2.3217,-1.7217,-2.6783,-1.7565,-1.5826,-1.4522,-1.0957,-2.913,-1.8087,-0.4174,-0.713,-4.1391,-2.7304,-1.0348
trpos2840.txt_allergen_1068,-0.189,-1.374,-1.2047,-1.2205,-1.6457,-0.8701,-1.0118,-1.7205,-1.6457,-0.5787,-0.8031,-0.9016,-0.6417,-1.6614,-1.4724,-0.5118,-0.4016,-2.748,-1.4803,-0.2362
trpos2840.txt_allergen_2448,-0.5356,-1.5843,-1.3258,-1.8951,-2.5131,-1.4195,-1.9213,-1.1423,-2.0037,-1.8614,-1.9551,-1.3633,-1.5281,-2.1124,-2.1161,-0.6367,-0.8614,-2.8352,-1.8277,-1.3596
trpos2840.txt_allergen_564,-0.8178,-0.9159,-0.9252,-1.4019,-2.4065,-0.0701,-0.285,-2,-1.0234,-1.2383,-1.0748,-0.5701,-0.8551,-1.514,-0.8925,-0.3318,-0.8318,-2.4579,-1.1121,-1.1168
trpos2840.txt_allergen_2541,0.0667,-0.7333,-1.0667,-1.4,-1.8667,-0.4667,-0.6,-0.8667,-1.6667,-1.4667,-1.4,-0.5333,-0.9333,-2.3333,-0.4667,-0.1333,-0.4667,-2.6667,-2,-0.8
trpos2840.txt_allergen_2824,-0.4317,-1.5827,-1.2842,-1.9281,-2.4928,-1.4353,-1.777,-1.1187,-1.9712,-1.8669,-1.8453,-1.3489,-1.4496,-2.0252,-1.946,-0.6115,-0.8165,-2.741,-1.8201,-1.2914
trpos2840.txt_allergen_3453,-0.6555,-0.9412,-1.0042,-1.2185,-1.584,-0.521,-0.6345,-1.5924,-1.0798,-1.8067,-1.4538,-0.7227,-1.1261,-1.8319,-1.3067,-0.1891,-0.6429,-2.2899,-1.4454,-1.5462
trpos2840.txt_allergen_3520,-0.4,-2,-1.45,-1.9,-1.5,-1.6,-1.45,-2.05,-1.75,-0.9,-1.1,-1.45,-0.55,-0.45,-1.8,-0.8,-0.4,-2.2,-0.65,-0.45
trpos2840.txt_allergen_818,-0.3884,-1.5413,-1.0661,-1.7438,-1.8388,-1.186,-1.6942,-1.0661,-1.6033,-1.7851,-1.7521,-1.343,-1.5496,-1.8182,-1.4628,-0.3595,-0.4339,-2.686,-1.7479,-1.2479
trpos2840.txt_allergen_3416,-1.3077,-1.4396,-1.1813,-1.7637,-2.9725,-1.2363,-1.6648,-1.8956,-1.3407,-1.8077,-1.8242,-1.4505,-1.6429,-2.1648,-2.033,-0.7363,-0.7418,-2.6703,-1.6484,-1.2857
trpos2840.txt_allergen_2850,-0.619,-0.381,-1.0272,-0.818,-2.5629,0.0629,0.5374,-1.9269,-0.7976,-1.5901,-1.2347,0.3946,-0.932,-2.0901,-2.0918,-0.5153,-0.8452,-2.7126,-1.5238,-1.4252
trpos2840.txt_allergen_1571,-0.9461,-1.0359,-0.9581,-1.3114,-1.8263,-0.8743,-0.9581,-1.6647,-1.1138,-1.6647,-1.5449,-0.8563,-1.0838,-1.6467,-2.0958,-0.5808,-0.6886,-2.1617,-1.1737,-1.4371
trpos2840.txt_allergen_1143,-0.1136,-1.4545,-1.1439,-1.25,-1.4773,-1.2576,-1.1439,-1.2424,-1.9091,-1.8788,-1.8333,-0.6061,-1.4545,-2.0152,-0.6288,-0.2803,-0.3712,-3.053,-2.0455,-1.3485
trpos2840.txt_allergen_3370,-0.4372,-0.6448,-1.5519,-1.3224,-2.377,-0.9617,-0.612,-1.612,-1.3224,-1.4262,-1.4317,-0.9945,-1.2568,-1.6066,-1.6011,-1.0164,-0.8689,-2.1475,-1.153,-1.1148
trpos2840.txt_allergen_1129,-1.1961,-1.281,-1.3268,-0.6601,-2.2157,-0.7516,-0.3529,-2.3268,-1.3203,-1.4967,-1.3333,-0.3791,-0.1111,-1.3987,-2.6536,-1.1046,-1.1242,-3.3137,-1.8039,-1.5294
trpos2840.txt_allergen_1903,-0.7434,-2.0855,-1.0658,-1.5132,-2.9145,-1.6184,-1.5987,-0.9276,-1.5395,-1.8882,-1.9934,-1.3553,-2.0132,-2.6645,-1.8289,-1.0132,-0.8487,-3.7368,-2.4539,-1.4539
trpos2840.txt_allergen_1606,-0.7442,-1.1938,-0.9767,-1.1395,-2.093,-0.9612,-0.6899,-1.6822,-1.7054,-1.4031,-1.5891,-0.5349,-1.3876,-2.062,-1.6047,-0.5969,-0.4961,-2.969,-1.7364,-1.1318
trpos2840.txt_allergen_1415,-0.7312,-2.2,-1.325,-1.4812,-2.85,-1.5312,-0.9312,-1.6062,-1.0813,-1.1938,-1.75,-0.8062,-1.5938,-2.0938,-2.15,-0.7562,-0.6188,-3.3312,-1.8188,-1.0375
trpos2840.txt_allergen_1034,-0.4019,-1.514,-1.4019,-1.7664,-0.9159,-0.7757,-1.1308,-1.8505,-1.5794,-1.243,-1.3645,-0.8318,-0.9159,-1.7664,-1.3551,-0.6822,-0.7009,-2.2804,-1.3551,-0.9533
trpos2840.txt_allergen_1185,-0.8542,-0.8698,-1.1823,-0.6354,-2.3802,-0.5938,-0.3802,-2.0417,-1.2188,-1.5052,-1.3906,-0.1562,-0.474,-1.6667,-2.1094,-0.7344,-0.849,-3.1927,-1.9792,-1.5208
trpos2840.txt_allergen_2547,-0.5,-1.25,-1.2917,-1.3333,-1.875,-0.9583,-1.0417,-1.9583,-1.9167,-0.5,-0.75,-0.9167,-0.5,-1.9583,-0.7083,-0.5833,-0.0833,-2.9167,-1.875,-0.25
trpos2840.txt_allergen_741,-1.072,-0.7225,-0.7839,-1.625,-2.9047,-0.1758,-0.9047,-1.6864,-1.2754,-1.589,-1.5106,-1.1992,-1.6504,-1.5678,-1.7775,-0.5339,-0.9936,-2.9831,-1.7754,-1.2373
trpos2840.txt_allergen_832,-0.945,-1.8532,-1.422,-0.8899,-2.7431,-1.2202,-0.4679,-2.3394,-1.8899,-1.7064,-1.6147,-0.7615,-0.4587,-1.7798,-2.9725,-1.1927,-1.2018,-3.6514,-2.3394,-1.6606
trpos2840.txt_allergen_166,-0.869,-0.2276,-1.1862,-1.2897,-1.8552,0.7655,-0.4276,-1.3724,-1.1241,-1.7655,-1.5586,-0.5655,-0.9793,-2.0414,-0.9103,-0.7172,-1.0966,-2.3103,-1.7103,-1.4897
trpos2840.txt_allergen_312,-0.3912,-1.0662,-0.5789,-1.0047,-1.7697,-0.7177,-0.7603,-1.0994,-1.1688,-1.3391,-1.3375,-0.8691,-0.8959,-1.5331,-1.3896,-0.1057,-0.3502,-2.2303,-1.1972,-0.9637
trpos2840.txt_allergen_596,-0.1316,-1.6429,-1.3459,-1.891,-1.9474,-1.4436,-1.6917,-1.5075,-1.3233,-1.1992,-1.1466,-1.5038,-0.8722,-1.7669,-2.2594,-0.7368,-0.7895,-2.5827,-1.6955,-0.8233
trpos2840.txt_allergen_1264,-0.7944,-0.9439,-0.9252,-1.3598,-2.4486,-0.1262,-0.2804,-2.0327,-1.0047,-1.229,-1.0794,-0.6308,-0.9206,-1.4626,-0.9673,-0.3318,-0.8598,-2.4673,-1.0514,-1.1308
trpos2840.txt_allergen_528,-0.7464,-0.6014,-1.7754,-2.0435,-2.2899,0.2464,-0.8986,-1.6884,-1.7536,-1.8188,-1.5145,-1.2754,-0.6957,-2.0797,-1.7174,-0.7971,-1.3768,-2.8623,-1.8768,-1.3768
trpos2840.txt_allergen_492,-0.8469,-1.2347,-1.1735,-1.1633,-2.5714,-0.6122,-0.5714,-1.8571,-1.398,-1.5,-1.5918,-0.4694,-1.102,-2.0714,-1.7959,-0.7653,-0.5612,-3,-1.5612,-1.2653
trpos2840.txt_allergen_2730,-0.707,-2.1847,-1.3631,-1.5287,-2.9745,-1.4777,-1.0573,-1.5478,-1.3949,-1.1338,-1.6815,-0.8917,-1.5669,-1.949,-2.0064,-0.707,-0.6306,-3.1911,-1.8599,-0.9172
trpos2840.txt_allergen_1699,-0.234,-1.0957,-1.2021,-1.5319,-1.0106,-0.7021,-0.7872,-1.6489,-1.3617,-1.3723,-1.3511,-0.5532,-0.9787,-1.7128,-1.1809,-0.4468,-0.734,-2.234,-1.2128,-0.9149
trpos2840.txt_allergen_1405,-1.1125,-1.625,-1.6625,-1,-2.95,-1.1375,-0.3875,-2.575,-2.025,-1.8,-1.4875,-0.5,-0.3625,-1.825,-3.5625,-1.3375,-1.4125,-3.725,-2.2,-1.7375
trpos2840.txt_allergen_2633,-0.5833,-1.3148,-1.2315,-1.5926,-1.7593,-0.8704,-0.8241,-1.9352,-1.6296,-0.8426,-0.6019,-0.9815,-0.5185,-1.3889,-1.8148,-0.4722,-0.4722,-2.3426,-1.2222,-0.6111
trpos2840.txt_allergen_1037,-0.6131,-1.3393,-1.2143,-1.3274,-2.006,-0.9226,-0.8512,-1.7798,-1.7738,-1.3631,-1.4167,-0.5893,-1.244,-1.9345,-1.6667,-0.5833,-0.6131,-2.9762,-1.7083,-0.8869
trpos2840.txt_allergen_2286,-0.8931,-2.1006,-1.327,-1.3459,-2.9434,-1.5094,-0.7862,-1.7358,-1.0755,-1.1447,-1.6918,-0.8176,-1.5409,-1.9748,-2.1447,-0.8302,-0.6101,-3.1887,-1.8553,-0.9371
trpos2840.txt_allergen_1337,-0.8952,-1.0349,-1.4279,-1.5677,-1.9651,1.2707,-0.3581,-1.8865,-1.3799,-1.5895,-1.3275,-0.7642,-0.9389,-1.8428,0.1616,-0.1135,-0.8122,-2.2926,-1.7511,-1.3188
trpos2840.txt_allergen_897,-0.4135,-2.1353,-1.4887,-1.8722,-2.2632,-1.1353,-1.6917,-1.1278,-2.2105,-1.6992,-1.8421,-1.3008,-1.5564,-2.3308,-2.5714,-0.8496,-0.8346,-3.5564,-2.1203,-1.218
trpos2840.txt_allergen_408,-0.824,-1.904,-1.24,-1.464,-2.352,-0.968,-1.128,-1.976,-1.936,-1.096,-1.72,-0.608,-1.68,-2.544,-1.832,-0.776,-0.52,-3.304,-2.24,-0.672
trpos2840.txt_allergen_2054,-1.0463,-1.8519,-1.5185,-0.7222,-2.5463,-1.2407,-0.5185,-2.4074,-1.8611,-1.7407,-1.7685,-0.6667,-0.6204,-1.8519,-3.0556,-1.1944,-1.2593,-3.6574,-2.213,-1.6204
trpos2840.txt_allergen_3334,-0.9077,-1.4769,-0.4462,-0.8308,-1.5538,-0.3846,-0.4462,-1.0615,-1.3231,-2.2462,-2.2462,-0.8923,-1.6462,-2.5385,-1.6154,-0.4308,-0.5692,-2.8462,-1.9846,-1.8
trpos2840.txt_allergen_1286,-1.0376,-1.1828,-1.3871,-1.8441,-2.0161,1.5591,-0.7742,-1.7796,-1.2151,-1.3656,-1.1828,-1.0376,-0.8011,-1.8817,-0.7688,-0.6559,-1.0914,-2.5054,-1.6237,-1.0538
trpos2840.txt_allergen_1289,-0.6721,-0.9795,-1.4221,-1.8934,-2.127,1.3074,-0.9057,-1.7664,-1.2213,-1.3689,-1.2377,-0.9754,-0.8811,-1.9549,-0.3033,-0.541,-0.9549,-2.5451,-1.7541,-1.0492
trpos2840.txt_allergen_2391,-0.7188,-2.1437,-1.3562,-1.5063,-2.775,-1.525,-0.9,-1.6375,-1.1313,-1.1438,-1.6562,-0.7688,-1.5375,-1.925,-1.9812,-0.7438,-0.6188,-3.2125,-1.8375,-0.9375
trpos2840.txt_allergen_1135,-0.732,-1.209,-1.1251,-1.2007,-2.3388,-0.9362,-0.8253,-1.2184,-1.536,-1.4557,-1.5844,-0.6635,-1.5053,-2.2102,-1.353,-0.5006,-0.4628,-3.1334,-1.8194,-0.7084
trpos2840.txt_allergen_1379,-0.8162,-1.2059,-1.0368,-1.1176,-2.1912,-0.9191,-0.7279,-1.6912,-1.7059,-1.3971,-1.5882,-0.5368,-1.3529,-1.9926,-1.6985,-0.6985,-0.5882,-2.9779,-1.7206,-1.0368
trpos2840.txt_allergen_1226,-0.4207,-0.9724,-1.9931,-1.869,-1.7793,-0.8069,-1.4345,-1.7655,-2.1655,-1.5655,-1.2,-1.5655,-1.0069,-2.1034,-1.3172,-0.669,-0.869,-2.5862,-1.9034,-0.8138
trpos2840.txt_allergen_1321,-0.5325,-1.1818,-0.6883,-1.3896,-1.2338,-0.7792,-0.8182,-1.6234,-1.5844,-1.5844,-1.7532,-0.6104,-1.1299,-2.0519,-1.6883,-0.3377,-0.5065,-2.4416,-1.5714,-1.1299
trpos2840.txt_allergen_2396,-0.4,-1.12,-1.3867,-1.7533,-1.4533,-0.2,-1.2133,-1.4467,-1.46,-1.2067,-1.0267,-1.1067,-0.6867,-1.5333,-1.7533,-0.48,-0.7867,-2.2667,-1.2333,-0.98
trpos2840.txt_allergen_1079,-0.7207,-2.015,-0.606,-1.3267,-2.5112,-1.3267,-1.6559,-1.0349,-1.9551,-1.3441,-1.9975,-0.9825,-1.7257,-2.0698,-2.1347,-0.2219,-0.2743,-3.0648,-1.985,-1.0374
trpos2840.txt_allergen_2875,-0.7962,-1.7472,-0.8104,-1.3697,-2.575,-1.2006,-1.3302,-1.7409,-1.8547,-1.5229,-1.3128,-1.3144,-1.3555,-1.6493,-1.921,-0.3602,-0.4471,-2.6524,-1.5245,-1.2543
trpos2840.txt_allergen_3166,-0.5603,-1.6304,-1.3619,-1.9105,-2.4981,-1.3969,-1.8249,-1.2607,-2.0739,-1.9027,-1.8599,-1.428,-1.5331,-2.0661,-2.1245,-0.6265,-0.9027,-2.8093,-1.856,-1.3852
trpos2840.txt_allergen_633,0.1304,-1.6609,-1.4,-2.5217,-1.8522,-1.7391,-2.3652,-1.7217,-2.6783,-1.7391,-1.5217,-1.4522,-1.2087,-2.8,-1.8087,-0.4609,-0.6696,-4.1478,-2.7304,-1.0348
trpos2840.txt_allergen_1303,-1.0282,-1.5563,-1.2324,-1.6056,-2.5141,-1.2887,-1.6549,-1.9859,-1.7817,-1.7746,-1.662,-1.007,-1.4648,-2.2394,-2.7113,-0.9789,-1.1831,-2.9366,-1.7958,-1.507
trpos2840.txt_allergen_1578,-1.2202,0,-1.5596,-1.8165,-2.0642,0.9174,-0.4495,-1.8165,-1.3028,-1.9541,-1.6972,-0.7431,-0.2569,-2.422,-1.5413,-0.9725,-1.4587,-2.9174,-2.1284,-1.7248
trpos2840.txt_allergen_2908,-0.7105,-1.5329,-1.5132,-1.4211,-2.4046,-0.9868,-0.5461,-2.3766,-1.4046,-1.7977,-1.3586,-0.6908,-1.3964,-2.0888,-1.9638,-0.7039,-0.6793,-3.375,-1.9688,-1.3618
trpos2840.txt_allergen_803,-1.073,-1.4466,-1.1994,-1.2275,-2.5028,-1.0871,-0.9466,-2.0169,-1.6096,-1.4185,-1.1685,-0.8287,-1.2753,-2.0646,-2.2051,-0.8764,-0.9944,-3.1994,-1.8961,-1.2219
trpos2840.txt_allergen_3020,-0.9607,-0.7955,-0.814,-1.6054,-2.8678,-0.1198,-0.9112,-1.5393,-1.4112,-1.4793,-1.4649,-1.2004,-1.6033,-1.564,-1.6364,-0.5041,-0.936,-3.0186,-1.7479,-1.2293
trpos2840.txt_allergen_825,-0.4215,-1.4766,-1.2314,-1.4325,-2.4463,-0.8127,-0.8953,-1.6887,-1.7355,-1.5785,-1.4959,-0.7493,-1.3058,-2.2314,-1.8926,-0.7796,-0.8402,-3.011,-1.8733,-1.3416
trpos2840.txt_allergen_2755,-0.6706,-1.1118,-0.8824,-1.1824,-1.6941,-0.6294,-0.6353,-1.9118,-1.1941,-0.9941,-1.0706,-0.8235,-0.6706,-1.7353,-1.6294,-0.5765,-0.3882,-2.6529,-1.3353,-0.8
trpos2840.txt_allergen_378,-0.051,-1.551,-0.7767,-1.1238,-2.7087,-1.1117,-1.2427,-1.1796,-1.682,-1.4248,-1.5971,-1.0898,-1.4854,-2.0534,-1.8422,-0.1942,-0.4684,-2.6699,-1.4272,-1.0607
trpos2840.txt_allergen_460,-0.289,0.4451,-0.3858,-0.6662,-2.6951,1.5217,1.6272,-2.7818,-0.7139,-1.5694,-0.4104,0.9668,-0.5737,-2.948,-3.448,-0.4668,-0.8035,-3.5347,-2.3555,-1.4899
trpos2840.txt_allergen_1594,-0.5484,-1.1694,-1.2419,-1.2984,-2.4032,-0.7823,-0.6694,-1.8145,-1.2661,-1.2016,-1.0645,-0.8629,-0.75,-1.6129,-1.5161,-0.5323,-0.6532,-2.6613,-1.4194,-0.9516
trpos2840.txt_allergen_249,-0.509,-1.0112,-1.0561,-1.1099,-2.2444,-0.5493,-0.565,-1.8206,-1.13,-1.0157,-0.8969,-0.8229,-0.5942,-1.4462,-1.5179,-0.5291,-0.5897,-2.4372,-1.2399,-0.8206
trpos2840.txt_allergen_674,-0.6858,-1.3501,-1.0557,-0.7738,-2.605,-0.8043,-0.298,-1.711,-1.4991,-1.4542,-1.5494,-0.3268,-1.386,-1.8061,-1.1903,-0.5494,-0.754,-2.4542,-1.4776,-1.2298
trpos2840.txt_allergen_575,-1.0698,-0.0698,-1.3953,-1.6589,-2.031,0.8682,-0.4729,-1.5039,-1.2248,-1.938,-1.6357,-0.7287,-0.3643,-2.2946,-1.2171,-0.7984,-1.3333,-2.6512,-1.9225,-1.8217
trpos2840.txt_allergen_1141,-0.1364,-1.4394,-1.1894,-1.25,-1.5379,-1.303,-1.303,-1.2197,-1.8712,-1.9015,-1.8712,-0.7121,-1.5303,-2.0758,-0.5758,-0.2879,-0.3106,-3.0758,-2.1061,-1.3409
trpos2840.txt_allergen_1459,-0.1761,0.1901,-0.419,-0.6197,-3.3099,1.3204,1.7113,-3.0352,-1.1232,-1.7113,-0.7817,1.2465,-0.8838,-3.4331,-3.919,-0.5951,-0.9437,-4.3838,-2.8451,-1.7324
trpos2840.txt_allergen_3035,-0.4707,-1.4396,-0.8718,-1.4505,-2.5623,-0.9945,-1.293,-1.5751,-1.8571,-1.4084,-1.4963,-0.978,-1.2949,-1.8883,-1.967,-0.3205,-0.2802,-2.9286,-1.6282,-1.0183
trpos2840.txt_allergen_240,-0.1071,-1.4808,-0.796,-1.1152,-2.7192,-0.9879,-1.1071,-1.2061,-1.5495,-1.3374,-1.4525,-0.998,-1.4162,-1.8707,-1.7152,-0.1697,-0.5879,-2.402,-1.3596,-0.9636
trpos2840.txt_allergen_1265,-0.7768,-1.5223,-1.6964,-1.8259,-2.5268,-0.2634,-0.9777,-2.3393,-1.6027,-1.1607,-0.7857,-1.0446,-0.7366,-1.7812,-0.0893,-0.7366,-0.75,-2.8795,-1.6741,-0.7277
trpos2840.txt_allergen_3135,0.1448,-1.1818,-0.9125,-1.5185,-1.9158,-1.101,-1.2929,-0.697,-1.7879,-1.4343,-1.5286,-1.1178,-1.2862,-2.0976,-1.7003,-0.0539,-0.0471,-2.5286,-1.7138,-0.8047
trpos2840.txt_allergen_2282,-0.25,0.3239,-0.4613,-0.6408,-3.4577,1.3838,1.7324,-3.1197,-1.088,-1.7042,-0.6479,1.2148,-0.7676,-3.581,-4.088,-0.6092,-0.8521,-4.4014,-2.9472,-1.8134
trpos2840.txt_allergen_3087,-0.75,-2.1437,-1.2875,-1.4688,-2.7875,-1.5437,-0.9,-1.5625,-1.0938,-1.2,-1.7125,-0.7375,-1.6062,-2.0125,-2.0312,-0.7375,-0.6438,-3.2,-1.8188,-1
trpos2840.txt_allergen_3141,-0.1831,0.3345,-0.6021,-0.6162,-3.4331,1.3768,1.7289,-3,-1.1549,-1.8239,-0.75,1.2394,-0.8873,-3.4894,-4,-0.6831,-0.8486,-4.4296,-2.7676,-1.7289
trpos2840.txt_allergen_3376,-1.1713,-1.232,-1.4751,-1.6519,-3.0276,-1.0608,-0.8895,-2.2099,-1.6685,-1.3039,-1.1768,-0.8508,-1.1989,-1.4807,-2.2873,-1.0387,-0.7293,-3.0166,-1.7072,-0.9227
trpos2840.txt_allergen_1470,-0.5773,-1.0541,-0.8763,-1.0876,-2.0722,-0.7062,-0.799,-1.4227,-1.3943,-1.0567,-0.933,-0.6392,-0.9665,-1.4407,-1.4021,-0.4072,-0.3582,-2.3892,-1.2526,-0.982
trpos2840.txt_allergen_2963,-0.4563,-1.3883,-1.2039,-1.754,-2.8382,-0.521,-0.8608,-1.6408,-1.6764,-1.6634,-2,-0.7023,-1.767,-2.4466,0.3528,-0.1327,-0.246,-2.9838,-1.6181,-0.9935
trpos2840.txt_allergen_744,-0.0296,-1.1479,-1.568,-1.5562,-2.2663,-0.6213,-1.3195,-1.071,-1.4911,-1.142,-1.0473,-1.0118,-0.7396,-1.8225,-1.8107,-0.4556,-0.1124,-2.787,-1.503,-0.7633
trpos2840.txt_allergen_2616,-0.4472,-1.7724,-1.4146,-1.5691,-3,-1.0244,-0.7236,-2.1951,-1.878,-1.2683,-1.6016,-0.813,-1.5285,-1.9024,-2.252,-0.9593,-0.9756,-3.4309,-2.2358,-0.7642
trpos2840.txt_allergen_72,-0.6377,-1.9565,-1.3406,-1.5,-2.2101,-1.0145,-1.2319,-1.9203,-1.942,-1.058,-1.5652,-0.6594,-1.6377,-2.4275,-1.8043,-0.7246,-0.5145,-3.3406,-2.2174,-0.5362
trpos2840.txt_allergen_2149,-0.5,-1.8333,-0.9167,-1.3333,-0.9167,-1.1667,-1.5833,-2.0833,-1.6667,-0.6667,-1.0833,-1.5833,-0.75,-0.75,-2.1667,-0.3333,0.5833,-2.5,-1.1667,-0.3333
trpos2840.txt_allergen_1624,-0.4504,-2.1603,-1.5038,-1.916,-2.3206,-1.1069,-1.6718,-1.1679,-2.1756,-1.6641,-1.8473,-1.2672,-1.4962,-2.3282,-2.5191,-0.8626,-0.8473,-3.5267,-2.0534,-1.2137
trpos2840.txt_allergen_729,-0.9239,-1.8587,-1.6957,-2,-0.8913,-1.3152,-1.7609,-0.9891,-1.7391,-1.7391,-1.2826,-1.7609,-1.4348,-2.1413,-1.4239,-0.5326,-1.1196,-3.0543,-2.2174,-1.3913
trpos2840.txt_allergen_1660,-0.3406,-1.1594,-0.6304,-1.029,-1.6232,-0.7101,-0.7826,-0.9928,-1.2609,-1.4928,-1.4275,-0.7971,-1.0725,-1.5507,-1.6087,-0.0362,-0.4058,-2.2101,-1.2174,-1.1449
trpos2840.txt_allergen_1938,-0.578,-1.194,-1.088,-1.396,-2.306,-1.056,-0.956,-1.482,-1.434,-1.174,-1.18,-1.036,-1.128,-1.588,-1.78,-0.55,-0.674,-2.516,-1.374,-0.84
trpos2840.txt_allergen_153,-0.6981,-2.1321,-1.3333,-1.4969,-2.9245,-1.4654,-0.9623,-1.4969,-1.3082,-1.239,-1.6981,-0.7233,-1.5723,-2.0252,-2,-0.7358,-0.6352,-3.1761,-1.8428,-0.9497
trpos2840.txt_allergen_3513,-0.587,-0.9565,-0.7609,-0.9783,-1.8043,-0.5435,-0.3478,-1.5652,-1.3478,-1.1087,-0.8913,-0.587,-0.4565,-1.4783,-1.5217,-0.1304,-0.7826,-2.5,-1.4565,-1
trpos2840.txt_allergen_1460,-0.1461,-1.6096,-0.8438,-1.204,-2.7985,-1.1713,-1.3577,-1.2519,-1.8262,-1.398,-1.6851,-1.2494,-1.6499,-2.1083,-1.9471,-0.2494,-0.4962,-2.6952,-1.5038,-1.0126
trpos2840.txt_allergen_303,0.7456,-1.1847,-1.4495,-1.5505,-1.9582,-0.9268,-0.9094,-1.1847,-1.5784,-1.5192,-1.6341,-0.7143,-1.2021,-2.0348,-0.8258,-0.0592,-0.1359,-2.5401,-1.6446,-0.8049
trpos2840.txt_allergen_789,0.0431,-1.7328,-1.4741,-2.5862,-1.8793,-1.6897,-2.3793,-1.7328,-2.7155,-1.6207,-1.4741,-1.569,-1.1724,-2.8103,-1.8879,-0.5086,-0.681,-4,-2.6897,-0.9052
trpos2840.txt_allergen_2380,-1.0619,-0.8222,-0.768,-1.5747,-2.8686,-0.1856,-0.8196,-1.6495,-1.3479,-1.4304,-1.4974,-1.2036,-1.6495,-1.6624,-1.7165,-0.5747,-0.9742,-2.8557,-1.7165,-1.201
trpos2840.txt_allergen_429,-0.448,-1.696,-1.4,-1.472,-2.952,-1.064,-0.768,-2.24,-1.776,-1.288,-1.456,-0.736,-1.536,-1.776,-2.344,-1.008,-0.872,-3.584,-2.152,-0.688
trpos2840.txt_allergen_1755,-0.8723,-1.7553,-1.7447,-1.9574,-0.6596,-1.1596,-1.5106,-1.2128,-1.9362,-1.7128,-1.1915,-1.766,-1.2553,-1.9894,-1.3298,-0.4468,-0.8936,-3.0638,-2.0851,-1.2021
trpos2840.txt_allergen_2249,-0.7299,-0.5311,-0.9435,-0.7435,-2.7853,0.2486,0.3469,-2.2486,-1.2203,-1.4294,-0.7977,0.0124,-0.8712,-2.2644,-2.6734,-0.7254,-0.9006,-3.2881,-2.1785,-1.3401
trpos2840.txt_allergen_9,-0.5205,-1.4521,-1.1507,-1.5753,-0.7671,-1.1096,-1.0959,-1.7397,-1.7671,-1.0959,-1.2466,-0.9315,-0.9452,-1.6164,-1.9041,-0.3836,-0.4932,-2.3562,-1.3562,-0.8219
trpos2840.txt_allergen_141,-0.7421,-2.1635,-1.3648,-1.4591,-2.8805,-1.5535,-0.8553,-1.5472,-1.1195,-1.1887,-1.673,-0.7358,-1.6289,-2.0252,-2.0503,-0.7799,-0.6038,-3.2013,-1.8365,-0.9748
trpos2840.txt_allergen_328,-0.6194,-0.8657,-1.1567,-1.0821,-2.4254,-0.291,-0.2015,-2.1194,-1.0299,-1.2313,-0.9776,-0.2388,-0.6194,-1.6045,-2.0448,-0.8209,-0.694,-2.6716,-1.4254,-1.0746
trpos2840.txt_allergen_524,-1.0074,-1.1852,-1.0568,-1.5753,-1.9111,-0.9778,-1.3185,-1.679,-1.1309,-1.4716,-1.516,-1.1235,-1.4815,-1.7827,-1.4617,-0.5432,-0.6864,-2.6099,-1.3827,-1.1062
trpos2840.txt_allergen_1099,-0.4312,-2.2018,-1.5872,-1.8716,-2.3486,-1.2385,-1.7431,-1.2569,-2.1376,-1.6881,-1.8991,-1.2936,-1.5963,-2.2844,-2.5321,-0.8532,-0.7798,-3.5413,-2.1101,-1.3211
trpos2840.txt_allergen_2011,-0.8868,-2.0755,-1.2327,-1.3836,-2.7862,-1.4969,-0.8113,-1.6164,-1.0692,-1.0943,-1.5912,-0.7736,-1.4843,-1.8994,-1.9874,-0.8176,-0.6164,-3.1132,-1.805,-0.9308
trpos2840.txt_allergen_67,-1.0142,-1.0849,-0.7453,-0.9575,1.7123,-0.5943,-1.1368,-0.1368,-1.1179,-2.6321,-2.2547,-1.7075,-2.2642,-2.1934,-1.184,-0.2783,-0.8113,-2.6557,-1.9811,-1.7689
trpos2840.txt_allergen_402,-0.9883,-1.0526,-1.1462,-0.5263,-2.2456,-0.6667,-0.1228,-2.1462,-1.0117,-1.4912,-1.3392,-0.3099,-0.2222,-1.2632,-2.5731,-0.9064,-1.0117,-3,-1.7018,-1.5673
trpos2840.txt_allergen_2765,-0.5263,-1.1096,-0.9781,-1.193,-2.136,-0.4123,-0.693,-1.5965,-1.3553,-1.4211,-1.3816,-0.5965,-1.114,-1.557,-1.4956,-0.3202,-0.3684,-2.6667,-1.4956,-1.0351
trpos2840.txt_allergen_3393,-0.6268,-2.0211,-1.4366,-1.6831,-2.2113,-1.169,-1.2676,-2.1268,-1.993,-0.9296,-1.4225,-0.7465,-1.5141,-2.2606,-1.9014,-0.7465,-0.5352,-3.2958,-2.0986,-0.493
trpos2840.txt_allergen_1491,-0.5093,-1.5799,-1.3271,-1.948,-2.5762,-1.5093,-1.8848,-1.1561,-1.9331,-1.9219,-1.9851,-1.4238,-1.5688,-2.1152,-2.0372,-0.6952,-0.8699,-2.829,-1.8662,-1.3606
trpos2840.txt_allergen_2324,-1.0264,-1.3795,-0.7228,-1.5677,-2.769,-1.1848,-1.198,-1.6964,-1.3465,-1.7492,-1.9241,-0.9043,-1.3828,-2,-2.3828,-0.7129,-1.0198,-2.8152,-1.3102,-1.4224
trpos2840.txt_allergen_1959,-0.4088,-1.3139,-0.7226,-1.0511,-1.8029,-0.7664,-0.8978,-1.1095,-1.2847,-1.6642,-1.6496,-0.8832,-1.1971,-1.635,-1.6423,-0.2044,-0.4088,-2.438,-1.2628,-1.2482
trpos2840.txt_allergen_1592,-0.9164,-0.7212,-0.8086,-1.4926,-2.6338,0.0651,-0.7138,-1.4145,-1.2695,-1.4517,-1.4219,-1.0632,-1.474,-1.4777,-1.4814,-0.448,-0.881,-2.6729,-1.6747,-1.2045
trpos2840.txt_allergen_2739,-0.583,-1.2046,-1.0386,-1.4923,-2.3031,-1.0541,-0.971,-1.4479,-1.4884,-1.1815,-1.0483,-1.0347,-1.056,-1.5907,-1.7857,-0.5386,-0.6718,-2.5502,-1.4498,-0.8436
trpos2840.txt_allergen_2331,-0.9099,-1.8108,-0.9054,-1.6081,-2.4054,-1.3243,-1.473,-1.464,-1.8559,-1.7568,-2.0991,-1.2523,-1.6486,-2.3288,-2.464,-0.6081,-1.018,-3.027,-1.3919,-1.3468
trpos2840.txt_allergen_1536,-0.7519,-2,-1.1783,-1.3333,-2.3101,-1.0078,-1.093,-1.9302,-1.8682,-1.155,-1.7597,-0.5969,-1.7364,-2.6434,-1.7287,-0.7132,-0.5271,-3.3643,-2.2481,-0.7054
trpos2840.txt_allergen_1563,-0.1143,-1.7429,-1.0095,-1.3619,-0.9619,-0.8857,-1.2095,-1.1143,-1.8,-1.1714,-1.3524,-1.1714,-0.9714,-2.1048,-1.5238,-0.3333,-0.5429,-2.9905,-1.9143,-0.8381
trpos2840.txt_allergen_1484,-0.761,-2.2013,-1.3082,-1.4717,-2.8616,-1.5472,-0.9119,-1.6415,-1.1069,-1.195,-1.7233,-0.7484,-1.5975,-2.0314,-2.0881,-0.805,-0.6415,-3.3648,-1.8365,-1.0126
trpos2840.txt_allergen_21,-0.7938,-2.1562,-1.2812,-1.4375,-2.8812,-1.5188,-0.9312,-1.6812,-1.125,-1.25,-1.6687,-0.75,-1.5688,-1.9688,-2.025,-0.8188,-0.6312,-3.2687,-1.8438,-1
trpos2840.txt_allergen_1223,-0.4974,-1.101,-1,-1.2358,-2.0544,-0.8031,-0.8938,-1.5285,-1.4948,-1.1244,-0.9301,-0.7642,-0.8238,-1.4067,-1.4819,-0.5104,-0.3912,-2.3446,-1.3264,-0.8523
trpos2840.txt_allergen_2676,-1.3577,-1.3008,-0.9756,-1.374,-2.7561,-1.2683,-1.4634,-2.0976,-1.6341,-2.0488,-2.1463,-0.8862,-1.7642,-2.5366,-2.8699,-1.0813,-1.3008,-2.9268,-1.7724,-1.8943
trpos2840.txt_allergen_2367,-0.9857,-1.6286,-0.7857,-1.8571,-2.2,-1.1429,-1.6,-1.3286,-1.4857,-1.9286,-2.4286,-0.9429,-1.8,-1.7571,-1.9857,-0.7714,-0.9571,-2.1,-0.7571,-1.3571
trpos2840.txt_allergen_1586,-0.2923,-1.3231,-1.2154,-1.8308,-1.4615,-0.6308,-1.1385,-1.8462,-1.2,-0.8462,-0.8615,-1.1538,-0.4615,-1.4769,-1.8769,-0.4923,-0.2923,-2.6,-1.2308,-0.5077
trpos2840.txt_allergen_2835,-0.8325,-1.4354,-0.8612,-1.7273,-2.067,-1.0335,-1.4211,-1.7177,-1.488,-1.8612,-1.8038,-1.0335,-1.4928,-1.9665,-1.7273,-0.4498,-0.9665,-2.4593,-1.2967,-1.3158
trpos2840.txt_allergen_252,0.7652,-1.2045,-1.2386,-1.3485,-1.8485,-0.8598,-0.7992,-1.1061,-1.5076,-1.4659,-1.6477,-0.6326,-1.2235,-1.9545,-1.1326,-0.0114,-0.1705,-2.4962,-1.5682,-0.822
trpos2840.txt_allergen_581,-0.8949,-1.4474,-0.7688,-1.6366,-2.7057,-1.2132,-1.2312,-1.7417,-1.3934,-1.6817,-1.7057,-0.967,-1.2613,-1.9279,-2.3934,-0.7087,-1.018,-2.7057,-1.2072,-1.3453
trpos2840.txt_allergen_1986,-1.1042,-1.4131,-1.3938,-1.9305,-2.668,-1.2625,-1.749,-1.9266,-1.4903,-1.583,-1.5483,-1.3822,-1.5869,-1.9344,-1.9459,-0.7954,-0.8417,-2.6255,-1.7066,-1.0811
trpos2840.txt_allergen_561,-1.1518,-0.6892,-0.6916,-1.4964,-3.0723,-0.2627,-0.7181,-1.7422,-1.3349,-1.6602,-1.6386,-1.0313,-1.7855,-1.8048,-1.8554,-0.7205,-1.0892,-3.2602,-1.7952,-1.3566
trpos2840.txt_allergen_1053,0.0513,-1.7692,-1.3932,-2.4872,-1.8632,-1.6325,-2.265,-1.6496,-2.6838,-1.641,-1.4872,-1.4615,-1.094,-2.7949,-1.9658,-0.453,-0.735,-4.0171,-2.735,-0.9231
trpos2840.txt_allergen_713,-1.0464,-1.1258,-1.0397,-0.4768,-1.9007,-0.7285,-0.2119,-2.1391,-0.8477,-1.4768,-1.298,-0.3444,-0.1391,-1.2318,-2.4901,-0.9007,-0.9669,-2.6159,-1.3974,-1.5232
trpos2840.txt_allergen_2819,-0.5096,-1.5019,-1.3908,-1.9923,-2.3946,-1.4215,-1.8352,-1.2107,-2.0613,-1.8199,-1.8429,-1.3487,-1.4981,-2.0536,-2.1303,-0.6552,-0.7931,-2.908,-1.8736,-1.3218
trpos2840.txt_allergen_1803,-0.934,-0.6777,-0.7922,-1.5223,-2.7476,0,-0.7398,-1.4816,-1.2641,-1.4718,-1.4214,-1.0913,-1.5534,-1.4291,-1.5126,-0.4447,-0.8932,-2.767,-1.7029,-1.2194
trpos2840.txt_allergen_722,-0.6786,-0.9929,-1.2857,-1.1,-2.6214,-0.4143,-0.2786,-2.1286,-1.1643,-1.1786,-1,-0.25,-0.5571,-1.55,-2.1929,-0.9429,-0.8,-2.7143,-1.4571,-1.1357
trpos2840.txt_allergen_1746,-0.641,-1.8173,-0.859,-1.5417,-2.9904,-1.1987,-1.7212,-1.6699,-1.9904,-1.5385,-1.6186,-1.4455,-1.5994,-1.8686,-1.8878,-0.5256,-0.6859,-2.9519,-1.6346,-1.2885
trpos2840.txt_allergen_23,-1.1088,-1.5646,-1.2925,-1.7347,-2.517,-1.4694,-1.7619,-2.034,-1.7483,-1.8503,-1.6871,-1.1701,-1.6327,-2.2993,-2.6939,-0.9728,-1.2041,-3.068,-1.8707,-1.6259
trpos2840.txt_allergen_47,-1.0282,-1.5423,-1.2254,-1.5986,-2.5141,-1.2746,-1.6549,-1.9859,-1.7817,-1.7746,-1.6549,-1.007,-1.4507,-2.2324,-2.6549,-0.9648,-1.1831,-2.9437,-1.8099,-1.5282
trpos2840.txt_allergen_3269,-0.382,-1.6524,-1.1459,-1.9142,-1.8584,-1.2361,-1.7382,-1.1588,-1.6738,-1.8026,-1.8369,-1.4421,-1.5665,-1.9356,-1.6052,-0.4292,-0.4893,-2.7167,-1.8455,-1.3262
trpos2840.txt_allergen_467,-0.2558,-1.2651,-1.1116,-0.5907,-2.9767,-0.3163,0.1442,-1.5628,-1.4884,-1.6651,-2.0233,-0.3953,-1.4744,-2.8558,-1.4605,-0.3628,-0.7953,-3.5814,-2.586,-1.2651
trpos2840.txt_allergen_3489,-0.4015,-1.3577,-0.8321,-1.1168,-1.7883,-0.7737,-0.8467,-1.1533,-1.2628,-1.7445,-1.6861,-0.8832,-1.2628,-1.6788,-1.6277,-0.0876,-0.3504,-2.4161,-1.2336,-1.3431
trpos2840.txt_allergen_702,-0.4231,-0.8077,-0.6154,-1.1538,-0.9231,-0.5,-0.5385,-1.1923,-1.1154,-1.5385,-1.6923,-0.6538,-1.0769,-2,-1.1923,-0.1538,-0.6923,-2.5385,-1.2692,-1
trpos2840.txt_allergen_2166,-0.6477,-0.9545,-1.2045,-1.8636,-0.8523,-1.0909,-1.5341,-1.6364,-1.5795,-1.7273,-1.3409,-0.7159,-1.0114,-1.8068,-1.75,-0.375,-0.5,-2.5455,-1.375,-1.2955
trpos2840.txt_allergen_2663,-0.7438,-0.1375,-1.1187,-1.1187,-1.8313,0.5188,-0.1688,-1.75,-1.425,-1.6313,-1.3562,-0.8375,-0.6688,-2,-1.8188,-0.5125,-1.1313,-2.7,-1.7125,-1.3813
trpos2840.txt_allergen_1707,-0.416,-1.2185,-0.5042,-0.8571,-1.6303,-0.7731,-0.7605,-0.9034,-1.1345,-1.4328,-1.458,-0.7857,-0.979,-1.6176,-1.4538,-0.084,-0.5882,-2.4328,-1.395,-1.1092
trpos2840.txt_allergen_83,-0.4592,-1.9442,-1.0258,-1.8069,-2.9013,-1.0901,-1.2532,-1.9528,-1.6309,-1.7768,-1.5622,-1,-1.8069,-2.1202,-2.4464,-1.0944,-1.0944,-3.0515,-2.0386,-1.5365
trpos2840.txt_allergen_2720,-0.7105,-0.0132,-1.1447,-1.1316,-1.8618,0.5526,-0.1447,-1.9013,-1.3026,-1.6118,-1.3487,-0.7303,-0.6776,-2.0724,-1.7763,-0.4737,-1.0921,-2.6513,-1.8158,-1.3882
trpos2840.txt_allergen_1369,-0.8,-2.1875,-1.2688,-1.45,-2.7875,-1.525,-0.8875,-1.6625,-1.0875,-1.2563,-1.675,-0.725,-1.5562,-2.0375,-2.025,-0.7812,-0.6438,-3.2812,-1.8438,-0.9875
trpos2840.txt_allergen_2944,-0.4254,-2.097,-1.4925,-1.8358,-2.1791,-1.0746,-1.6642,-1.097,-2.1866,-1.6269,-1.791,-1.2388,-1.4328,-2.3209,-2.5149,-0.8284,-0.7388,-3.4403,-2.0597,-1.1791
trpos2840.txt_allergen_3356,-1.1287,-1.0906,-1.0965,-1.5351,-2.5526,-0.8099,-1.0322,-1.7456,-1.5,-1.0439,-1.1287,-0.9591,-1.4708,-1.9123,-1.0175,0.0234,-0.0614,-2.693,-1.8158,-0.7573
trpos2840.txt_allergen_2293,-0.8526,-0.7789,-0.9842,-1.1737,-2.1316,-0.4737,-0.5263,-2.0053,-1.3053,-1.2158,-1.1684,-0.5895,-0.6947,-1.4105,-1.7895,-0.6053,-0.6053,-2.3579,-1.2211,-1.0895
trpos2840.txt_allergen_2511,0.1875,-1.4375,-1.375,-1.625,-1.5,-1,-0.75,-1.5,-1.875,-0.5,-0.625,-1.125,-0.5,-1.375,-1.1875,-0.0625,0.0625,-2.375,-1.5,0
trpos2840.txt_allergen_842,0.122,-1.5203,-1.3659,-2.4146,-1.8049,-1.5122,-2.1951,-1.5772,-2.6098,-1.561,-1.4553,-1.2602,-1.2846,-2.8374,-1.5935,-0.374,-0.561,-3.8374,-2.6992,-0.9675
trpos2840.txt_allergen_423,-0.267,0.3544,-0.397,-0.6064,-2.6456,1.3682,1.5857,-2.6628,-0.7342,-1.4879,-0.4246,0.9229,-0.5949,-2.7802,-3.1933,-0.3855,-0.7261,-3.2785,-2.1887,-1.4292
trpos2840.txt_allergen_399,0.1304,-1.5652,-1.3739,-2.5826,-1.8696,-1.6783,-2.3565,-1.6609,-2.7304,-1.7391,-1.5652,-1.4957,-1.1304,-2.913,-1.8348,-0.5043,-0.7217,-4,-2.7826,-1.0957
trpos2840.txt_allergen_554,-0.374,-2.1603,-1.4809,-1.9237,-2.3588,-1.1374,-1.7176,-1.1374,-2.2061,-1.687,-1.8015,-1.2443,-1.4733,-2.2977,-2.5878,-0.8168,-0.7481,-3.5267,-2.0763,-1.1985
trpos2840.txt_allergen_1631,-0.8093,-1.3432,-1.25,-1.5805,-2.3983,-0.8814,-0.9534,-2.2415,-1.2203,-1.3856,-1.1314,-0.6864,-0.8008,-1.2331,-1.7881,-1.1907,-1.1314,-2.4492,-1.1992,-1.1737
trpos2840.txt_allergen_416,-0.1498,-1.5,-0.7672,-1.0101,-2.7146,-0.9717,-1.1336,-1.1862,-1.583,-1.3927,-1.5344,-0.9798,-1.4899,-1.8887,-1.832,-0.1417,-0.5283,-2.5547,-1.3259,-1.0142
trpos2840.txt_allergen_546,-0.7211,-1.5263,-1.2737,-1.9158,-2.4,-0.8632,-1.2947,-2.4316,-1.6211,-1.0632,-1.3316,-1.2842,-1.2158,-1.9368,-0.4474,-0.6526,-0.4368,-3,-1.5,-0.7316
trpos2840.txt_allergen_2631,-0.5254,-1.8644,-1.5424,-1.5085,-3.0085,-1.0339,-0.7627,-2.3898,-1.7966,-1.2966,-1.4915,-0.7881,-1.4237,-1.9661,-2.2797,-0.9831,-1.0678,-3.4576,-2.178,-0.7203
trpos2840.txt_allergen_2330,-0.9054,-1.7793,-0.8604,-1.5721,-2.3604,-1.3153,-1.4369,-1.473,-1.7613,-1.7342,-2.1081,-1.1757,-1.6351,-2.3198,-2.4414,-0.6036,-1.0045,-2.8514,-1.3243,-1.2703
trpos2840.txt_allergen_2834,-0.7677,-2.1419,-1.2903,-1.4968,-2.7032,-1.471,-0.8258,-1.6,-1.0903,-1.0903,-1.5742,-0.6903,-1.4065,-1.9226,-2.0516,-0.8065,-0.6323,-3.2516,-1.8452,-0.9032
trpos2840.txt_allergen_193,-1.6462,-1.7538,-1.2231,-1.5462,-2.9692,-1.1615,-0.8154,-2.3154,-1.9846,-1.4769,-1.9769,-0.3923,-1.4308,-2.0769,-3.0462,-1.0385,-0.3308,-3.0615,-1.9923,-0.9077
trpos2840.txt_allergen_793,0.0508,-1.7373,-1.2881,-2.5254,-1.9068,-1.6695,-2.3305,-1.5932,-2.7288,-1.6864,-1.5424,-1.5254,-1.0254,-2.8305,-1.9576,-0.4661,-0.7373,-3.8983,-2.7034,-1.0085
trpos2840.txt_allergen_2370,-0.7452,-2.172,-1.3185,-1.4331,-2.6624,-1.5732,-0.8981,-1.6433,-1.2484,-1.172,-1.6688,-0.7771,-1.5032,-2.0637,-2.0382,-0.7898,-0.6178,-3.2866,-1.9236,-1.0127
trpos2840.txt_allergen_2314,-0.1974,0.1803,-0.588,-0.6438,-3.5064,1.2532,1.6824,-3,-1.3991,-1.9356,-0.8755,1.0558,-1.2189,-3.5579,-3.9528,-0.6309,-0.9399,-4.5064,-2.9871,-1.8026
trpos2840.txt_allergen_1687,-0.6296,-1.3981,-1.4306,-1.4676,-2.3981,-0.9815,-0.8241,-2.1667,-1.3657,-1.3194,-0.8657,-0.8148,-0.7778,-1.213,-2.0139,-1.3657,-1.1852,-2.2361,-1.1296,-1.0093
trpos2840.txt_allergen_1371,-0.7875,-2.1375,-1.2563,-1.4312,-2.75,-1.4625,-0.8438,-1.5625,-1.0688,-1.1562,-1.6625,-0.7062,-1.4625,-1.9688,-2,-0.7625,-0.6125,-3.1938,-1.8313,-0.9625
trpos2840.txt_allergen_3481,-0.3431,-1.3066,-0.8832,-1.1387,-1.7737,-0.8029,-0.9197,-1.1752,-1.2847,-1.6861,-1.6277,-0.927,-1.1971,-1.635,-1.635,-0.1679,-0.3431,-2.4015,-1.2701,-1.2774
trpos2840.txt_allergen_557,-0.3893,-2.1221,-1.4885,-1.9084,-2.3359,-1.1069,-1.6718,-1.1679,-2.2137,-1.6718,-1.8244,-1.2672,-1.4962,-2.3359,-2.542,-0.8015,-0.7557,-3.5115,-2.0458,-1.2366
trpos2840.txt_allergen_3336,-0.9385,-1.4615,-0.4308,-0.8,-1.6308,-0.4462,-0.4308,-1.0308,-1.3385,-2.2308,-2.2308,-0.9385,-1.6615,-2.5231,-1.6462,-0.4615,-0.6,-2.8615,-1.9538,-1.8154
trpos2840.txt_allergen_3174,-0.3929,-1.6821,-1.3571,-1.9321,-2.5429,-1.4321,-1.8286,-1.1679,-1.8964,-1.8464,-1.7679,-1.4393,-1.4964,-2.0393,-1.9429,-0.6429,-0.8179,-2.8786,-1.7857,-1.325
trpos2840.txt_allergen_1328,-0.4295,-0.9128,-1.8859,-1.9396,-1.8591,-0.8993,-1.1946,-1.651,-2.0134,-1.7383,-1.2752,-1.5168,-1.0738,-2.2013,-1.5705,-0.5235,-0.8188,-2.443,-1.7852,-0.8993
trpos2840.txt_allergen_1870,-0.4453,-1.365,-0.8686,-1.073,-1.8467,-0.7883,-0.8321,-1.3942,-1.219,-1.6861,-1.6423,-0.927,-1.2117,-1.5401,-1.6496,-0.2044,-0.4015,-2.3796,-1.1825,-1.3723
trpos2840.txt_allergen_2939,-0.4104,-2.1269,-1.4925,-1.8731,-2.1791,-1.097,-1.6716,-1.1269,-2.194,-1.6567,-1.7836,-1.2239,-1.4254,-2.306,-2.5448,-0.8657,-0.7463,-3.4552,-2.0672,-1.1866
trpos2840.txt_allergen_2624,-0.761,-2.1258,-1.283,-1.5094,-2.8553,-1.5031,-0.8994,-1.6604,-1.1447,-1.1509,-1.6667,-0.7484,-1.5535,-1.9623,-2.0252,-0.7799,-0.6604,-3.2264,-1.8365,-0.9371
trpos2840.txt_allergen_34,-0.5667,-0.7333,-0.8333,-1.4333,-1.7333,-0.5,-0.9333,-1.7,-1.5667,-1.1,-1.0667,-0.8667,-0.7,-2.0667,-1.2667,-0.1,0,-2.9333,-1.8,-0.8
trpos2840.txt_allergen_3219,-0.5059,-1.6588,-1.3882,-1.9765,-2.5569,-1.451,-1.9765,-1.2627,-2.1216,-1.9608,-1.9294,-1.4745,-1.5765,-2.0784,-2.2431,-0.6431,-0.8627,-3.0824,-1.8706,-1.4039
trpos2840.txt_allergen_2039,-0.7406,-1.4937,-0.6751,-1.3955,-2.5088,-1.2922,-1.5668,-1.3854,-1.4131,-1.3149,-1.7632,-1.0529,-1.4987,-1.9395,-2.1108,-0.4156,-0.6826,-2.6751,-1.335,-1.1914
trpos2840.txt_allergen_6,-0.0857,-1.4286,-1.5714,-1.4571,-1.9429,-0.8571,-0.6143,-1.6571,-1.5857,-1,-1.0857,-0.9857,-0.8143,-1.6286,-0.8143,-0.7714,-0.7143,-2.3143,-1.4,-0.7
trpos2840.txt_allergen_3044,-0.7055,-1.3356,-0.9521,-1.5753,-2.7603,-1.0582,-1.4247,-1.8425,-2.0171,-1.2637,-1.3527,-1.0925,-1.4452,-1.6747,-2.0582,-0.4247,-0.2671,-3.0685,-1.6199,-0.9418
trpos2840.txt_allergen_781,-0.2148,0.2606,-0.4507,-0.6514,-3.5423,1.3028,1.6937,-3,-1.088,-1.6655,-0.7113,1.1127,-0.7676,-3.4472,-4.1162,-0.5704,-0.8063,-4.3486,-2.8345,-1.7394
trpos2840.txt_allergen_2425,-0.5726,-1,-1.7903,-1.6935,-1.8145,-0.8871,-1.3065,-1.4839,-1.9435,-1.9113,-1.6371,-1.4677,-1.3468,-2.3952,-0.9435,-0.879,-0.8468,-2.4677,-1.7016,-1.129
trpos2840.txt_allergen_214,-0.725,-2.1625,-1.3375,-1.425,-2.825,-1.525,-0.9062,-1.6,-1.1062,-1.2437,-1.6625,-0.7562,-1.5437,-1.9812,-1.9937,-0.75,-0.6062,-3.2188,-1.8188,-0.95
trpos2840.txt_allergen_1235,-0.6629,-1,-1.25,-1.7809,-2.5421,1.573,-0.9635,-1.5506,-1.132,-1.9663,-1.7584,-0.7219,-1.25,-2.1545,0.8118,-0.2388,-0.6404,-2.736,-1.6938,-1.4663
trpos2840.txt_allergen_2789,0.1186,-1.7373,-1.339,-2.5169,-1.9576,-1.661,-2.3644,-1.6525,-2.678,-1.5339,-1.4661,-1.4661,-1.178,-2.7542,-1.8644,-0.5,-0.7458,-3.8644,-2.6356,-0.9237
trpos2840.txt_allergen_415,-0.5732,-1.5325,-1.2236,-1.7967,-2.7073,-1.4431,-1.8211,-1.122,-1.9919,-2.0691,-2.1911,-1.3659,-1.8171,-2.3537,-2.0813,-0.6911,-0.8699,-2.9106,-1.9919,-1.5894
trpos2840.txt_allergen_529,-0.4524,-1.4524,-1.2619,-1.3571,-1.9286,-1.0714,-0.8095,-1.6905,-1.5,-0.6905,-1.0476,-1.0714,-0.9524,-1.1429,-1.3333,-0.4524,-0.119,-2.3095,-0.9524,-0.3571
trpos2840.txt_allergen_2993,-0.4593,-0.5037,-1.0519,-0.9407,-2.4667,0.1111,0.2667,-1.8889,-0.363,-1.763,-1.3481,0.3333,-1.0519,-2.0963,-1.9926,-0.6148,-0.7704,-2.5852,-1.2963,-1.4889
trpos2840.txt_allergen_2199,-0.6571,-1.4457,-0.5238,-0.8686,-2.6724,-1.0533,-1.2324,-1.1486,-1.2038,-1.4895,-1.48,-1.3352,-1.3467,-1.2571,-1.8381,-0.6095,-0.6838,-1.5543,-0.8876,-1.3352
trpos2840.txt_allergen_2796,-0.6071,-0.9107,-1.2679,-1.6964,-2.0179,-0.4464,-0.8929,-2,-1.5,-0.9107,-0.7857,-0.8036,-0.4821,-1.6607,-0.8393,-0.6607,-0.4464,-2.5714,-1.2857,-0.5893
trpos2840.txt_allergen_1430,0.5377,-1.1981,-1.2642,-1.3585,-2.0377,-0.8774,-0.7453,-1.4623,-1.3019,-1.4434,-1.4623,-0.5283,-1.1792,-1.8679,-1.217,-0.2453,-0.2547,-2.3585,-1.434,-0.8396
trpos2840.txt_allergen_801,-1.0877,-1.4386,-1.4702,-1.9474,-2.5368,-1.3123,-1.8211,-1.9123,-1.4772,-1.4561,-1.4175,-1.4386,-1.4772,-1.9228,-1.6807,-0.7298,-0.8632,-2.5614,-1.7158,-1.0456
trpos2840.txt_allergen_1568,-0.5937,-1.0427,-0.8609,-1.1405,-2.7837,-0.8623,-1.095,-1.2231,-1.3251,-1.1983,-1.2479,-0.9325,-1.3058,-1.3471,-1.5895,-0.1804,-0.5165,-2.354,-1.0096,-1
trpos2840.txt_allergen_3466,-0.813,-0.8304,-0.9565,-1.3609,-2.4087,-0.0609,-0.2522,-2.0174,-1,-1.3304,-1.0696,-0.6522,-0.9826,-1.513,-0.8783,-0.4261,-0.8609,-2.4043,-1.0957,-1.1435
trpos2840.txt_allergen_997,-0.4167,-0.5833,-1,-1,-1.8333,-0.6667,-0.4167,-2.25,-1.6667,-0.4167,-0.5833,-0.25,-0.5,-1.75,-1.75,-0.25,-0.25,-2.9167,-1.75,-0.3333
trpos2840.txt_allergen_3312,-0.931,-1.6897,-1.7586,-2.1379,-0.9885,-1.1724,-1.5862,-1.6782,-2,-1.6437,-1.2759,-1.7816,-1.7126,-2.1149,-1.4483,-0.6897,-1.023,-3.3103,-2.1724,-1.3908
trpos2840.txt_allergen_2881,-1.0463,-1.8704,-1.6852,-0.8333,-2.713,-1.3056,-0.463,-2.4444,-1.9815,-1.7685,-1.6389,-0.7963,-0.5833,-1.8981,-3.1389,-1.213,-1.3611,-3.6111,-2.4444,-1.6204
trpos2840.txt_allergen_1882,-0.9439,-1.5016,-0.8255,-1.6542,-2.6075,-1.2586,-1.2804,-1.7445,-1.4268,-1.6168,-1.6854,-1.0031,-1.3178,-1.9408,-2.2804,-0.7196,-1.0374,-2.7196,-1.271,-1.3084
trpos2840.txt_allergen_2072,-0.5934,-1.8462,-1.3407,-0.6044,-3.1209,-1.1758,-0.6374,-2.1209,-2.1978,-1.9341,-1.978,-0.7253,-1.3736,-1.8681,-3.011,-1.0879,-1.2967,-3.7802,-2.2637,-1.7692
trpos2840.txt_allergen_2003,-0.9412,-0.6373,-0.6275,-1.4059,-2.8451,0.0824,-0.6,-1.4608,-1.2961,-1.4549,-1.502,-1.0725,-1.602,-1.5,-1.5314,-0.4275,-0.8863,-2.8314,-1.6725,-1.1882
trpos2840.txt_allergen_3303,-0.6574,-1.2315,-1.7222,-1.8704,-2,-1.0741,-1.4167,-1.7963,-1.8333,-1.8056,-1.0093,-1.6481,-0.8056,-1.5556,-1.6852,-0.537,-0.9815,-2.463,-1.3056,-1.037
trpos2840.txt_allergen_2838,-0.8538,-1.0943,-0.4387,-1.1745,-1.8774,-0.7406,-0.9104,-1.5,-1.2123,-1.9198,-1.8396,-0.6792,-1.5849,-2.1085,-1.3679,-0.3821,-0.684,-2.3726,-1.033,-1.467
trpos2840.txt_allergen_3029,-0.7962,-0.7752,-0.9916,-0.9433,-2.3866,-0.5147,-0.4076,-1.7185,-1.3088,-1.355,-1.0651,-0.4958,-0.6807,-1.4307,-1.9265,-0.5861,-0.7059,-2.6492,-1.5063,-1.1345
trpos2840.txt_allergen_3472,-0.4241,-1.4494,-0.8608,-0.981,-1.7848,-0.8291,-0.9177,-1.2532,-1.2785,-1.557,-1.6329,-0.9937,-1.1582,-1.6139,-1.6329,-0.2658,-0.3165,-2.481,-1.2848,-1.1835
trpos2840.txt_allergen_1495,-0.0263,-1.5,-1.0066,-0.7237,-3.6776,-0.0066,0.3092,-1.6974,-2.3487,-2.2961,-2.3684,-0.1842,-1.6711,-3.3816,-2.4605,-0.6579,-1.0724,-4.4342,-3.0526,-1.9474
trpos2840.txt_allergen_3314,-0.686,-1.4884,-0.6628,-1.0814,-1.0465,-0.8721,-1,-1.5465,-1.0349,-1.5698,-1.6395,-1.0581,-1.1628,-1.8605,-1.6279,-0.3488,-0.4651,-2.7442,-1.2326,-1.2558
trpos2840.txt_allergen_2940,-0.4403,-2.1119,-1.4627,-1.8433,-2.2239,-1.097,-1.6642,-1.1343,-2.1642,-1.6194,-1.8209,-1.209,-1.4627,-2.3134,-2.5075,-0.8209,-0.7612,-3.4552,-2.0746,-1.2015
trpos2840.txt_allergen_607,-1.2675,-0.6723,-0.7133,-1.4892,-3.0434,-0.2,-0.7566,-1.747,-1.3518,-1.7181,-1.7157,-1.1349,-1.8506,-1.8554,-1.9253,-0.7398,-1.1614,-3.2482,-1.7855,-1.3639
trpos2840.txt_allergen_159,-0.7975,-2.0684,-1.0253,-1.5418,-2.9342,-1.0101,-1.5949,-1.5316,-2.1468,-1.3139,-1.4203,-1.3595,-1.5772,-1.5443,-2.0152,-0.2481,-0.3949,-3.3266,-1.362,-0.9468
trpos2840.txt_allergen_241,-0.3893,-2.1298,-1.4656,-1.8855,-2.3359,-1.084,-1.6794,-1.1603,-2.1908,-1.6794,-1.8244,-1.2901,-1.5267,-2.3435,-2.5267,-0.7939,-0.771,-3.5038,-2.084,-1.2366
trpos2840.txt_allergen_2604,-0.75,-0.6667,-0.8333,-0.4167,-1.4167,0.0833,0.4167,-2.25,-1.3333,-1.1667,-0.9167,-0.5,-0.6667,-2,-1.75,-0.25,-0.3333,-2.6667,-1.75,-0.9167
trpos2840.txt_allergen_892,-0.1414,-1.5682,-0.8015,-1.1464,-2.8065,-1.1042,-1.3102,-1.196,-1.7444,-1.4293,-1.6352,-1.1514,-1.5906,-1.9975,-1.933,-0.2109,-0.5682,-2.6427,-1.3672,-0.9801
trpos2840.txt_allergen_461,-0.7945,-1.9612,-1.6119,-1.7991,-2.9247,-1.6416,-1.4087,-1.9772,-2.1689,-1.7146,-1.9178,-1.3082,-1.7146,-2.3995,-2.7854,-1.1005,-1.1941,-3.6621,-2.2808,-1.5091
trpos2840.txt_allergen_990,-0.9143,-1.2571,-1.3143,-1.7857,-2.7143,-1.1143,-1.0714,-2.3571,-1.8857,-1.3286,-1.5429,-1,-1.3571,-2.1571,-1.7143,-1.0286,-0.7429,-3.2286,-1.8857,-0.6286
trpos2840.txt_allergen_213,-0.725,-2.1625,-1.3375,-1.425,-2.8188,-1.525,-0.9062,-1.6062,-1.1062,-1.2375,-1.6625,-0.7562,-1.5437,-1.9875,-1.9937,-0.75,-0.6125,-3.2188,-1.8188,-0.95
trpos2840.txt_allergen_3190,-0.55,-1.6231,-1.3885,-1.9962,-2.4577,-1.4077,-1.9154,-1.25,-2.0577,-1.9308,-1.8654,-1.4115,-1.5577,-2.0077,-2.1038,-0.6346,-0.8615,-2.8615,-1.8462,-1.4038
trpos2840.txt_allergen_577,-0.7273,-1.4,-0.8364,-1.2,-2.1091,-0.6545,-0.7818,-1.4545,-1,-1.2364,-1.3091,-1.0909,-0.9455,-1.0545,-1.6364,-0.5455,-0.7273,-1.6545,-0.3818,-0.9273
trpos2840.txt_allergen_484,-0.5382,-1.6031,-1.3244,-1.9733,-2.5458,-1.4962,-1.916,-1.1298,-1.9084,-1.8359,-1.9237,-1.4237,-1.5382,-2.0802,-2.0534,-0.729,-0.8244,-2.813,-1.874,-1.3664
trpos2840.txt_allergen_1119,-0.5924,-1.5649,-1.2855,-1.3374,-3.0962,-0.9359,-0.7145,-1.9481,-1.9618,-1.3878,-1.6885,-0.7618,-1.5481,-2.4443,-2.2718,-0.7878,-0.8122,-4.0733,-2.5099,-1.1649
trpos2840.txt_allergen_3437,-0.9115,-1.354,-1.5664,-1.8894,-2.5088,-0.2611,-0.8761,-2.4381,-1.3186,-1.146,-0.7832,-1.0088,-0.7212,-1.6726,0.1195,-0.7389,-0.7965,-2.8097,-1.5442,-0.6549
trpos2840.txt_allergen_835,-0.775,-2.1437,-1.2812,-1.4937,-2.7875,-1.525,-0.8938,-1.6313,-1.1187,-1.175,-1.6938,-0.7625,-1.5562,-2.0187,-2.05,-0.7812,-0.6,-3.2687,-1.8875,-0.9625
trpos2840.txt_allergen_883,-0.9395,-1.1851,-1.4413,-1.7438,-2.2562,1.9964,-0.7295,-2.0071,-1.1637,-1.5552,-1.2918,-0.879,-1.0819,-1.7473,0.4484,-0.5018,-0.8754,-2.5979,-1.4982,-1.2135
trpos2840.txt_allergen_2183,-0.4627,-2,-1.4851,-1.7985,-2.2015,-1.1418,-1.7239,-1.0373,-2.097,-1.6716,-1.7537,-1.2537,-1.3731,-2.3209,-2.4851,-0.9104,-0.7985,-3.5149,-2.1418,-1.1791
trpos2840.txt_allergen_1134,-0.3082,-1.6918,-1.1258,-1.4969,-1.9371,-0.8365,-1.3082,-0.8931,-1.7421,-1.4025,-1.5157,-1.0189,-1.1887,-1.8616,-2.0126,-0.6667,-0.5975,-2.7107,-1.566,-0.9623
trpos2840.txt_allergen_2540,-0.8,-1.5,-1.55,-2.4,-2.05,-1.1,-1.7,-1.4,-1.1,-0.95,-0.7,-1.65,-0.65,-1.6,-1.75,-0.9,-0.6,-2.35,-0.7,-0.85
trpos2840.txt_allergen_3204,-0.5192,-1.6846,-1.4462,-2.0077,-2.5192,-1.4269,-1.9077,-1.1923,-2.0269,-1.9077,-1.8269,-1.4115,-1.4808,-2.0654,-2.0769,-0.6385,-0.8808,-2.9462,-1.9462,-1.3231
trpos2840.txt_allergen_2032,-0.2292,-1.0729,-0.7396,-1.1562,-1.375,-0.9271,-1.0938,-0.2188,-1.4896,-2.4167,-2.5104,-0.4167,-1.9896,-2.5521,-0.0938,-0.2292,-0.8021,-2.7083,-2.0312,-1.9896
trpos2840.txt_allergen_51,-0.7702,-1.4773,-0.7247,-1.404,-2.5429,-1.3005,-1.5404,-1.404,-1.4217,-1.3384,-1.7247,-1.0985,-1.447,-1.904,-2.1566,-0.3788,-0.6742,-2.601,-1.3813,-1.2626
trpos2840.txt_allergen_2494,-0.0714,-1.7143,-1,-1,-0.4286,-1.5,-1.5,1,-2.0714,-2.3571,-2.5,-1.3571,-1.8571,-2.7143,-0.5714,-0.2857,-0.7857,-2.6429,-2.5,-1.5714
trpos2840.txt_allergen_2550,-0.2727,-0.5455,0,-0.5455,-1.7273,-0.6364,-0.7273,-0.2727,-1.5455,-2,-1.7273,-0.3636,-1.2727,-2.2727,-1.4545,0.7273,0.5455,-2.5455,-2.1818,-1.4545
trpos2840.txt_allergen_1145,-0.0348,-1.687,-1.2609,-2.4957,-1.9304,-1.6957,-2.3391,-1.7043,-2.7478,-1.6783,-1.5565,-1.4435,-1.2348,-2.8783,-1.9913,-0.5304,-0.7565,-3.8435,-2.7739,-1.0087
trpos2840.txt_allergen_1259,-1.0463,-1.8426,-1.5556,-0.6852,-2.6852,-1.2963,-0.5278,-2.463,-1.8889,-1.7037,-1.6852,-0.7778,-0.5741,-1.9444,-3.0648,-1.1667,-1.213,-3.6204,-2.287,-1.5648
trpos2840.txt_allergen_1515,-0.9955,-1.2252,-1.1667,-1.3739,-2.6622,-1.3829,-1.2432,-1.6171,-1.8153,-1.2162,-1.1216,-1.2883,-1.4685,-1.3018,-1.3333,-0.5586,-0.8018,-2.8829,-1.6486,-0.7523
trpos2840.txt_allergen_3488,-0.3406,-1.3913,-0.8188,-1.1957,-1.7464,-0.8623,-0.9203,-1.2029,-1.3043,-1.6522,-1.6304,-0.9493,-1.2391,-1.587,-1.6377,-0.1304,-0.3768,-2.4275,-1.2826,-1.3551
trpos2840.txt_allergen_1996,-0.2394,0.2782,-0.5352,-0.6197,-3.5176,1.3592,1.75,-3.1866,-1.1444,-1.8415,-0.7782,1.1937,-1.0317,-3.419,-4.0493,-0.6444,-0.9824,-4.4718,-2.8873,-1.7359
trpos2840.txt_allergen_676,-1.1084,-1.4699,-1.5663,-0.9398,-3.0361,-1.1084,-0.5542,-2.5422,-1.8434,-1.7711,-1.5542,-0.5663,-0.3133,-1.759,-3.4819,-1.1325,-1.3614,-3.506,-2.2169,-1.8313
trpos2840.txt_allergen_3419,-0.655,-1.2984,-0.2597,0.5543,-2.655,-0.3643,0.4457,-0.7752,-1.4922,-2.1318,-2.407,-0.4651,-1.7791,-2.7171,-1.3643,-0.0194,-0.6124,-3.438,-2.3217,-1.3798
trpos2840.txt_allergen_837,-0.2958,0.3838,-0.4859,-0.6514,-3.4085,1.3944,1.7394,-3.0915,-1.0317,-1.7535,-0.7465,1.1549,-0.669,-3.4648,-4.1197,-0.5035,-0.8803,-4.2958,-2.7746,-1.7817
trpos2840.txt_allergen_2053,-1.0185,-1.9537,-1.6389,-0.7222,-2.7222,-1.2315,-0.537,-2.4352,-1.9907,-1.7222,-1.7222,-0.7037,-0.537,-1.9352,-3.0741,-1.1667,-1.2685,-3.6944,-2.3426,-1.6111
trpos2840.txt_allergen_1975,-0.7875,-2.1625,-1.2875,-1.4812,-2.825,-1.5312,-0.9062,-1.6375,-1.1313,-1.2,-1.7312,-0.7812,-1.5813,-2.025,-2.075,-0.7938,-0.6125,-3.2875,-1.9125,-0.975
trpos2840.txt_allergen_1697,-1.1808,-1.6,-0.7923,-1.2769,-2.6923,-1.1,-1.1462,-1.9192,-1.4577,-1.5038,-1.3769,-1.1077,-1.2077,-1.7385,-2.0192,-0.6077,-0.6962,-2.5346,-1.0077,-1.3231
trpos2840.txt_allergen_8,-0.7474,-1.4711,-0.8474,-1.6,-2.6079,-1.1921,-1.2105,-1.7184,-1.3711,-1.7342,-1.7947,-0.9105,-1.3237,-1.8974,-2.1684,-0.5026,-0.9658,-2.7421,-1.2789,-1.3816
trpos2840.txt_allergen_1229,-0.9755,-1.3566,-1.7902,-2.1958,-2.7378,1.7902,-0.7727,-1.7727,-1.6469,-1.8427,-1.465,-0.8741,-0.7028,-1.951,1.0804,-0.5,-0.5455,-2.965,-1.9825,-1.2972
trpos2840.txt_allergen_840,-1.0642,-1.7064,-1.5505,-0.7615,-2.5229,-1.2936,-0.4771,-2.3578,-1.8165,-1.7431,-1.5596,-0.6789,-0.4312,-1.7248,-3.0459,-1.1009,-1.2661,-3.6514,-2.2936,-1.5229
trpos2840.txt_allergen_271,-0.4427,-2.1527,-1.458,-1.9389,-2.3664,-1.1145,-1.7252,-1.1756,-2.1679,-1.687,-1.8855,-1.2748,-1.542,-2.3588,-2.5344,-0.8244,-0.7405,-3.5038,-2.0153,-1.2672
trpos2840.txt_allergen_1646,-1.1098,-1.5,-1.6829,-0.9146,-3,-1.1951,-0.4512,-2.3537,-1.7317,-1.8171,-1.5732,-0.6098,-0.3659,-1.9268,-3.4146,-1.1829,-1.3171,-3.7439,-2.2561,-1.7805
trpos2840.txt_allergen_2306,-1.4295,-1.2756,-1.2115,-1.4038,-3.2821,-0.9103,-0.5513,-2.3654,-1.6346,-1.5577,-1.7051,-0.4103,-1.3718,-1.8782,-2.2051,-0.9615,-0.5641,-3.3718,-1.5385,-1.2756
trpos2840.txt_allergen_917,-1.1324,-1.369,-1.2254,-1.1887,-2.5352,-1.0225,-0.8873,-1.9183,-1.538,-1.4563,-1.2197,-0.7493,-1.3324,-1.9662,-2.1521,-0.8817,-1.0451,-3.1775,-1.8113,-1.3239
trpos2840.txt_allergen_1149,-1.0644,-1.4286,-1.2633,-1.2997,-2.4706,-1.0448,-0.8992,-1.9552,-1.5966,-1.4202,-1.2213,-0.8067,-1.2409,-1.9972,-2.2045,-0.8739,-1.0196,-3.1373,-1.8515,-1.2773
trpos2840.txt_allergen_335,-0.2007,0.3099,-0.4577,-0.5986,-3.493,1.3908,1.75,-3.1021,-1.0775,-1.7711,-0.6725,1.2324,-0.7817,-3.5,-4.0423,-0.6056,-0.8486,-4.3662,-2.9331,-1.7923
trpos2840.txt_allergen_1464,-0.7312,-2.1812,-1.3,-1.4875,-2.8375,-1.5312,-0.9375,-1.6313,-1.0938,-1.1687,-1.7125,-0.7625,-1.5063,-2,-2.0688,-0.7812,-0.6125,-3.2875,-1.7937,-1.0125
trpos2840.txt_allergen_155,-0.6736,-1.0486,-0.6111,-0.8819,-1.6111,-0.5069,-0.375,-1.7361,-0.5139,-1.2222,-1.3472,-0.7847,-0.8611,-1.6667,-1.3958,-0.2431,-0.1389,-2.4028,-1.1528,-0.8611
trpos2840.txt_allergen_3540,-0.6293,-1.3621,-1.6638,-1.931,-2.9828,-1.1379,-0.9655,-2.1121,-1.7241,-1.3276,-1.2069,-0.8879,-1.1121,-2.1466,-2.0172,-0.8966,-0.8793,-3.4052,-2.1121,-0.4052
trpos2840.txt_allergen_3390,-0.4315,-0.4589,-1.2534,-1.1027,-3.2603,0.7397,0.7877,-2.4589,-1.7945,-2.2945,-1.2329,-0.1781,-1.5068,-3.137,-3.0479,-0.637,-0.8082,-3.7877,-2.5959,-1.726
trpos2840.txt_allergen_1748,-0.3896,-1.1341,-0.5773,-1.0032,-1.7681,-0.7161,-0.7587,-1.0978,-1.1498,-1.3375,-1.336,-0.8675,-0.8943,-1.5315,-1.4006,-0.1025,-0.3486,-2.2303,-1.1972,-1.0016
trpos2840.txt_allergen_3103,-0.2394,-2.0986,-1.662,-1.9085,-2.831,-1.3239,-1.5211,-2.0845,-1.0282,-1.8239,-1.5634,-1.0775,-1.2535,-2.0775,-3.0845,-1.169,-1.1831,-3.9859,-2.2606,-1.1408
trpos2840.txt_allergen_1202,-0.7684,-1.594,-0.752,-1.3515,-2.4877,-1.3678,-1.6158,-1.2834,-1.5177,-1.327,-1.8202,-1.1771,-1.4932,-1.9346,-2.2725,-0.3924,-0.6185,-2.6485,-1.4142,-1.2916
trpos2840.txt_allergen_119,-0.5065,-1.1948,-0.6883,-1.4156,-1.1948,-0.7662,-0.8052,-1.5844,-1.5584,-1.5584,-1.7403,-0.6104,-1.0909,-2.0519,-1.7013,-0.3506,-0.5455,-2.4416,-1.5455,-1.1169
trpos2840.txt_allergen_1830,-0.5374,-1.7995,-0.8529,-1.5508,-2.8529,-1.1738,-1.6417,-1.631,-1.877,-1.4358,-1.5267,-1.4037,-1.4786,-1.8369,-1.9064,-0.2567,-0.5214,-2.9305,-1.6658,-1.1658
trpos2840.txt_allergen_2795,-0.6456,-2.1266,-1.2532,-1.481,-2.8291,-1.4873,-0.9241,-1.5,-1.4051,-1.1076,-1.6392,-0.8481,-1.5063,-1.9177,-1.9241,-0.6709,-0.5886,-3.1139,-1.8291,-0.8861
trpos2840.txt_allergen_2358,-0.1655,-1.2014,-0.9568,-1.7842,-2.0576,-1.0647,-1.6115,-1.3741,-2.2374,-1.8273,-1.7914,-0.9209,-1.6835,-2.8273,-0.7914,-0.3022,-0.4748,-3.5899,-2.5396,-1.2806
trpos2840.txt_allergen_929,-0.6154,-1.9231,-1.359,-2.0256,-1.2308,-1.1795,-1.7179,-1.0769,-1.5385,-1.0256,-1.3333,-1.359,-1.1026,-1.6667,-1.7179,-0.7949,-0.8462,-2.5128,-1.0256,-0.9231
trpos2840.txt_allergen_3385,-0.9252,-1.5714,-0.9048,-1.7279,-1.3946,-1.1769,-1.3265,-1.2857,-1.4354,-1.8163,-1.9728,-1.0748,-1.6122,-1.8027,-1.7551,-0.5986,-0.9252,-2.1905,-0.7823,-1.4422
trpos2840.txt_allergen_558,-1.1395,-1.4651,-1.4419,-0.8256,-2.9302,-1.0698,-0.4767,-2.6395,-1.7674,-1.907,-1.5233,-0.5349,-0.5116,-1.814,-3.5116,-1.1279,-1.4884,-3.8256,-2.1977,-1.9302
trpos2840.txt_allergen_1742,-0.1585,0.3592,-0.4366,-0.6725,-3.5106,1.3486,1.6373,-2.9577,-1.088,-1.6303,-0.6866,1.1338,-0.8768,-3.4859,-3.9261,-0.5669,-0.8803,-4.2535,-2.7535,-1.6127
trpos2840.txt_allergen_58,-0.7455,-1.3507,-0.8036,-0.8657,-2.9479,-1.0741,-1.2365,-1.2204,-0.8838,-1.5271,-1.4589,-1.4269,-1.2164,-1.0481,-1.8397,-0.6633,-0.8637,-1.1723,-0.7475,-1.3347
trpos2840.txt_allergen_2137,-0.3709,-1.2582,-0.8451,-1.1831,-1.5258,-1.0376,-1.1174,-1.0376,-1.5117,-1.7183,-1.6901,-1.1174,-1.3146,-2.216,-1.3662,-0.2347,-0.5023,-2.6761,-1.8967,-1.3286
trpos2840.txt_allergen_2215,-1.3015,0.3971,-0.9265,-0.4191,-1.9632,1.0735,0.7132,-1.8309,-0.8309,-2.6176,-2.2059,-0.125,-1.5,-2.4926,-1.3897,-0.7353,-0.9191,-2.5074,-1.5147,-2.1176
trpos2840.txt_allergen_1967,-0.3456,-1.1434,-1.8566,-1.5956,-3.2353,1.9485,0.5551,-1.5809,-1.0404,-2.4044,-1.9338,0.1985,-1.6507,-3.25,1.7279,-0.3676,-0.5735,-3.5221,-2.7757,-1.3566
trpos2840.txt_allergen_981,-0.8601,-1.3782,-0.715,-1.4767,-2.7073,-1.0984,-1.1244,-1.8394,-1.3575,-1.671,-1.7228,-0.7824,-1.2694,-1.9534,-2.1321,-0.544,-0.9223,-2.7383,-1.1658,-1.3938
trpos2840.txt_allergen_1614,-0.6383,-1.9787,-1.5035,-1.7021,-2.2482,-1.0922,-1.2553,-2.0993,-2.0284,-0.9433,-1.3901,-0.773,-1.4894,-2.2695,-1.9291,-0.8156,-0.5816,-3.2624,-2.1277,-0.5035
trpos2840.txt_allergen_2168,-0.9012,-1.506,-1.018,-1.6257,-2.4521,-1.0808,-1.4012,-1.8114,-1.8413,-1.506,-1.497,-1.0808,-1.4581,-1.7335,-2.018,-0.7036,-0.8802,-2.9461,-1.479,-1.3383
trpos2840.txt_allergen_1907,-0.75,-2.1053,-1.1053,-1.5197,-2.9145,-1.6645,-1.5724,-0.9934,-1.5526,-1.9145,-2,-1.375,-1.9934,-2.6382,-1.7961,-0.9934,-0.8224,-3.7566,-2.4605,-1.4737
trpos2840.txt_allergen_916,-0.9722,-0.7202,-0.7937,-1.5079,-2.7123,-0.0417,-0.7639,-1.4802,-1.2718,-1.4524,-1.3869,-1.1409,-1.5992,-1.4187,-1.619,-0.4861,-0.9286,-2.7956,-1.6488,-1.1706
trpos2840.txt_allergen_1248,-0.6893,-1.6214,-0.8821,-1.5429,-1.575,-1.1,-1.6893,-0.8893,-1.8286,-1.9464,-1.9643,-1.5107,-1.5929,-1.9464,-1.7429,-0.5464,-0.8107,-2.6429,-1.7393,-1.6607
trpos2840.txt_allergen_1708,-0.0815,-1.5358,-0.7753,-1.1284,-2.7235,-1.0691,-1.2914,-1.2864,-1.7333,-1.4247,-1.6543,-1.116,-1.6025,-2.1383,-1.8519,-0.1901,-0.5012,-2.7012,-1.3753,-0.9358
trpos2840.txt_allergen_1084,-0.6462,-1.3487,-1.2462,-0.9231,-2.5282,-0.7846,-0.8564,-1.8256,-1.4615,-0.9641,-1.1846,-0.6103,-0.8359,-1.8308,-1.9077,-0.7949,-0.6,-3.0256,-1.8769,-0.8308
trpos2840.txt_allergen_704,-1,-1.394,-0.6954,-1.5629,-2.7682,-1.1358,-1.1689,-1.6689,-1.3311,-1.7715,-1.9669,-0.9172,-1.4371,-2.1656,-2.4172,-0.7616,-1.0795,-2.8146,-1.3146,-1.4669
trpos2840.txt_allergen_2230,-0.0833,-1.3409,-1.1742,-1.1818,-1.5682,-1.2273,-1.1894,-1.2197,-1.8106,-1.9242,-1.8636,-0.7121,-1.553,-2.0682,-0.5606,-0.2652,-0.4015,-3.0682,-2.1061,-1.3788
trpos2840.txt_allergen_1806,-0.4091,-1.3977,-1.2273,-1.1364,-1.3864,-0.7273,-0.7955,-1.8977,-1.6364,-1.0795,-1.0909,-0.9091,-0.8523,-2.0568,-1.2386,-0.5341,-0.3523,-2.8523,-1.6023,-0.7159
trpos2840.txt_allergen_886,-0.3407,-1.5275,-1.1209,-2.3846,-2.0989,-1.5934,-2.4396,-1.6264,-2.7802,-2.011,-2.011,-1.2527,-1.9341,-3.2088,-1.9011,-0.4176,-0.6154,-4.1648,-2.8901,-1.4725
trpos2840.txt_allergen_3063,-0.7729,-1.9885,-1.633,-1.828,-2.9266,-1.6445,-1.4335,-1.9679,-2.1995,-1.6995,-1.9358,-1.3326,-1.7317,-2.4381,-2.828,-1.1009,-1.2018,-3.6812,-2.3005,-1.539
trpos2840.txt_allergen_2712,-0.7025,-2.2025,-1.3038,-1.5443,-2.9304,-1.462,-1.0253,-1.519,-1.3418,-1.1582,-1.7089,-0.8228,-1.5506,-1.9937,-1.9494,-0.6582,-0.6899,-3.1772,-1.8987,-0.9684
trpos2840.txt_allergen_1489,-0.7562,-2.2062,-1.2937,-1.4812,-2.8125,-1.5437,-0.9188,-1.6438,-1.1,-1.2063,-1.725,-0.7688,-1.5875,-2.0875,-2.1437,-0.7812,-0.6188,-3.325,-1.8625,-1.0188
trpos2840.txt_allergen_733,-0.6233,-1.9726,-1.4452,-1.5616,-2.1233,-1.1027,-1.2808,-1.9658,-1.9863,-0.9795,-1.4863,-0.7671,-1.4178,-2.3973,-1.8562,-0.7808,-0.5548,-3.2603,-2.0822,-0.5205
trpos2840.txt_allergen_201,0.1353,-1.3985,-1.3985,-2.4887,-1.7368,-1.6241,-2.2406,-1.6617,-2.4361,-1.5414,-1.3985,-1.3233,-1.0451,-2.6692,-1.8271,-0.4887,-0.6692,-3.6241,-2.5263,-0.7669
trpos2840.txt_allergen_456,-0.8954,-0.5425,-1.8627,-1.7647,-2.281,0.4379,-0.7974,-1.6797,-1.8824,-1.5229,-1.4052,-1.281,-0.3856,-1.9477,-1.4314,-0.7843,-1.2941,-2.7451,-1.7908,-1.1699
trpos2840.txt_allergen_3086,-1.0046,-1.1324,-0.968,-1.379,-2.9041,-0.4201,-0.6758,-1.6164,-0.7123,-1.4429,-1.3973,-0.9315,-1.4064,-1.7032,-1.1598,-0.0228,-0.0548,-2.3562,-1.3699,-0.8082
trpos2840.txt_allergen_3122,-0.2183,0.3204,-0.4789,-0.6725,-3.4437,1.338,1.7711,-3.0282,-1.2852,-1.7746,-0.6655,1.1866,-0.8908,-3.5282,-3.9507,-0.6585,-0.8592,-4.5317,-2.8486,-1.7077
trpos2840.txt_allergen_387,-0.5382,-1.8206,-0.9765,-1.6412,-2.9235,-1.2059,-1.7559,-1.65,-1.9706,-1.4,-1.4647,-1.4912,-1.4824,-1.7147,-1.9088,-0.4706,-0.6471,-2.9353,-1.6441,-1.1971
trpos2840.txt_allergen_2573,-1,-1.9167,-1.1667,-1.8333,-2.1667,-1.75,-1.75,-1.9167,-1.5,-0.8333,-1,-1.5833,-0.8333,-0.3333,-2.4167,-1,-0.5833,-2.0833,-0.4167,-0.75
trpos2840.txt_allergen_2379,-1.0617,-0.7584,-0.7095,-1.5604,-2.8663,-0.2519,-0.8175,-1.6324,-1.2956,-1.5321,-1.509,-1.1491,-1.6144,-1.5707,-1.7866,-0.5373,-0.9614,-2.9203,-1.7609,-1.144
trpos2840.txt_allergen_56,-0.7834,-1.4584,-0.6826,-1.3879,-2.5164,-1.3174,-1.5013,-1.3149,-1.4559,-1.3829,-1.7708,-1.1209,-1.5038,-1.9798,-2.1083,-0.3804,-0.665,-2.733,-1.4232,-1.2821
trpos2840.txt_allergen_3155,-0.3442,-1.7792,-0.6104,-1.3377,-2.7792,-1.0779,-1.4968,-1.4708,-1.9773,-1.289,-1.4123,-1.2175,-1.4188,-1.5812,-1.5649,-0.2695,-0.6039,-2.7403,-1.3409,-1.0584
trpos2840.txt_allergen_2745,-0.6807,-1.8434,-1.259,-0.9819,-2.8976,-1.3193,-0.9759,-1.4819,-1.8494,-1.1084,-1.3313,-0.8494,-1.6265,-1.5602,-1.9518,-0.8735,-0.8675,-3.1566,-1.8735,-0.7651
trpos2840.txt_allergen_3423,-1.2932,-1.297,-0.4511,-0.985,-2.6955,-0.8083,-0.6654,-1.8609,-1.3383,-1.1805,-1.3083,-0.3158,-1.1917,-1.4023,-1.9549,-0.5113,-0.594,-2.7519,-1.0564,-1.218
trpos2840.txt_allergen_448,-1.1605,-1.6049,-1.6914,-1.0988,-2.9753,-1.1358,-0.5679,-2.6296,-2.0741,-1.7778,-1.5679,-0.679,-0.3457,-1.7778,-3.3704,-1.2469,-1.4321,-3.6667,-2.3704,-1.6914
trpos2840.txt_allergen_1210,0.05,-1.4,-0.8,-1,-0.3,-0.7,-1,-0.85,-1.6,-1.85,-2.15,-0.65,-1.6,-2.35,-1.9,0.35,-0.35,-2.95,-2,-1.35
trpos2840.txt_allergen_3011,-0.415,-1.6463,-1.6054,-1.7551,-2.6259,-1.3197,-1.2517,-1.6871,-1.6531,-1.4966,-1.3061,-1.3469,-1.3878,-1.8776,-1.8435,-0.5714,-0.4082,-2.8231,-1.8639,-0.9728
trpos2840.txt_allergen_494,-1.0092,-1.8624,-1.7615,-0.7615,-2.7156,-1.3303,-0.4862,-2.3578,-2.0092,-1.789,-1.6697,-0.8165,-0.4679,-1.8716,-3.0826,-1.2018,-1.3303,-3.6147,-2.4862,-1.5505
trpos2840.txt_allergen_2602,0.6,0.1333,-1.4,-1.9333,-1.6667,-0.2667,-0.8,-1,-1.5333,-1.6667,-1.5333,-0.0667,-0.7333,-1.9333,-1.6667,-0.1333,-0.7333,-1.8667,-1.6,-1.2
trpos2840.txt_allergen_497,-0.9087,-0.6408,-0.8602,-1.5495,-2.7301,-0.066,-0.7825,-1.4466,-1.3456,-1.5029,-1.4718,-1.0621,-1.5592,-1.4505,-1.532,-0.4524,-0.9087,-2.8505,-1.701,-1.235
trpos2840.txt_allergen_3543,-0.3508,-1.6169,-1.0081,-1.7661,-1.8831,-1.1492,-1.621,-1.1653,-1.625,-1.7581,-1.7339,-1.4234,-1.5565,-1.8145,-1.5,-0.371,-0.4435,-2.7379,-1.746,-1.2661
trpos2840.txt_allergen_3544,-0.7516,-2.1373,-1.3399,-1.3856,-2.8301,-1.5294,-0.915,-1.5752,-1.085,-1.0915,-1.6732,-0.7386,-1.5882,-2,-2.1634,-0.817,-0.6405,-3.3007,-1.9216,-0.8758
trpos2840.txt_allergen_670,-0.6589,-1,-1.3488,-1.155,-2.5194,-0.3411,-0.3721,-2.2171,-1.2093,-1.2558,-0.9767,-0.3566,-0.7442,-1.6124,-2.2946,-0.9225,-0.7597,-2.907,-1.5969,-1.1628
trpos2840.txt_allergen_3537,-0.725,-2.1562,-1.3438,-1.5125,-2.7687,-1.5188,-0.9,-1.6438,-1.1375,-1.15,-1.65,-0.775,-1.5437,-1.9187,-1.9875,-0.7438,-0.6312,-3.2125,-1.8375,-0.9375
trpos2840.txt_allergen_507,0.0431,-1.6983,-1.25,-2.4741,-2.0259,-1.6293,-2.2845,-1.6552,-2.7414,-1.6638,-1.5345,-1.4483,-1.1207,-2.8879,-1.8966,-0.5776,-0.7328,-3.819,-2.6466,-0.9569
trpos2840.txt_allergen_145,-0.9269,-1.6073,-1.3653,-1.7123,-2.5068,-1.0365,-1.1233,-2.3196,-1.4292,-1.4247,-1.2055,-0.8174,-0.8493,-1.4658,-2.0228,-1.3379,-1.2466,-2.621,-1.2603,-1.3196
trpos2840.txt_allergen_2006,-0.8,-1.4179,-1.0179,-1.4627,-2.2269,-0.9642,-1.2507,-1.7164,-1.6418,-1.409,-1.4328,-1.0657,-1.391,-1.7045,-1.9582,-0.6448,-0.7373,-2.9313,-1.409,-1.1731
trpos2840.txt_allergen_663,-0.3953,-1.3953,-0.9499,-1.528,-2.587,-1.0973,-1.4012,-1.2743,-1.8909,-1.5693,-1.826,-1.0088,-1.531,-1.9322,-1.7729,-0.4985,-0.4159,-2.764,-1.4867,-1.0914
trpos2840.txt_allergen_2738,-0.8011,-1.5967,-0.7466,-1.3678,-2.4305,-1.3569,-1.6185,-1.3079,-1.4905,-1.346,-1.8283,-1.2016,-1.4986,-1.9373,-2.2398,-0.4196,-0.654,-2.6403,-1.4033,-1.2752
trpos2840.txt_allergen_2122,-0.4962,-1.2406,-0.6767,-0.8722,-1.4812,-0.7594,-0.7744,-1.1504,-1.2632,-1.4135,-1.391,-0.8722,-0.9624,-1.406,-1.5263,-0.1278,-0.3383,-2.1278,-1.1353,-1.0977
trpos2840.txt_allergen_1794,-0.7452,-2.1592,-1.3758,-1.4713,-2.9618,-1.4841,-0.8599,-1.6752,-1.2548,-1.1338,-1.6752,-0.7325,-1.4904,-1.9936,-1.9809,-0.7516,-0.6178,-3.3057,-1.879,-0.9682
trpos2840.txt_allergen_3316,-0.7952,-1.3012,-1.2771,-1.6627,-2.6747,-0.8675,-0.8072,-1.8795,-1.6747,-1.4578,-1.6988,-0.8313,-1.3735,-2.2651,-1.4819,-0.759,-0.6506,-3.1807,-1.8193,-0.7711
trpos2840.txt_allergen_2224,-1.2209,-0.027,-0.9966,-1.1636,-2.9798,0.1164,-0.0961,-1.5632,-1.0202,-2.0742,-1.8297,-0.6459,-1.9511,-2.0658,-1.3963,-0.4806,-1.3052,-3.1568,-1.7622,-1.6998
trpos2840.txt_allergen_3383,-0.8828,-0.2621,-1.2276,-1.3034,-1.9034,0.6276,-0.4552,-1.5241,-1.1931,-1.8138,-1.4759,-0.5793,-0.9655,-2.0276,-0.9034,-0.7862,-1.1103,-2.2483,-1.7241,-1.5241
trpos2840.txt_allergen_770,-0.2113,0.3838,-0.4331,-0.6338,-3.4754,1.4049,1.7535,-3.0035,-1.0634,-1.6901,-0.6338,1.1162,-0.7746,-3.3979,-4.007,-0.6268,-0.912,-4.2148,-2.8345,-1.7218
trpos2840.txt_allergen_3099,-0.489,-1.2431,-1.0343,-1.2514,-2.772,-0.9066,-1.0343,-1.6923,-1.3846,-1.6813,-1.6223,-1.0865,-1.4643,-1.7596,-1.7129,-0.7239,-0.8255,-2.6978,-1.6277,-1.2212
trpos2840.txt_allergen_323,-1.3765,-1.9383,-1.3148,-1.7346,-2.784,-1.716,-1.4938,-1.7901,-2.1296,-1.8457,-2.2407,-1.1667,-1.9321,-2.1728,-2.3395,-1.2593,-0.9074,-3.8272,-2.142,-1.4568
trpos2840.txt_allergen_130,-0.9024,-1.2341,-0.7024,-1.6195,-2.1122,-0.9415,-1.2927,-1.5756,-1.2683,-1.9317,-1.9951,-0.7756,-1.6244,-2.1854,-1.7415,-0.5415,-0.8976,-2.4585,-1.2244,-1.4293
trpos2840.txt_allergen_1067,-0.7688,-2.1562,-1.2937,-1.475,-2.8688,-1.5063,-0.8938,-1.6687,-1.1375,-1.175,-1.6687,-0.8062,-1.5625,-1.9438,-2.0125,-0.775,-0.5938,-3.2625,-1.8625,-0.9688
trpos2840.txt_allergen_3395,-0.5631,-1.5666,-1.2423,-1.6792,-2.2867,-1.2833,-1.7133,-1.2048,-1.9147,-1.727,-1.744,-1.3072,-1.4334,-2.0239,-1.9249,-0.6621,-0.8191,-2.6212,-1.7986,-1.3242
trpos2840.txt_allergen_2036,-0.8369,-1.7924,-0.8051,-1.286,-2.5593,-0.8369,-1.3686,-1.1928,-1.8178,-1.2669,-1.2903,-1.2267,-1.3983,-1.4809,-1.6398,-0.0763,-0.3411,-2.8242,-1.1631,-0.9894
trpos2840.txt_allergen_162,-0.5745,-1.9291,-1.4043,-1.6028,-2.1631,-1.0851,-1.3191,-2.0922,-2.0213,-0.9787,-1.4752,-0.7447,-1.4113,-2.227,-1.9007,-0.773,-0.5319,-3.227,-2.0567,-0.4752
trpos2840.txt_allergen_2242,-0.3901,0.0966,-0.4638,-0.913,-2.5664,0.7742,0.8756,-2.3261,-0.9662,-1.7415,-0.8768,0.5205,-0.8829,-2.6884,-2.8092,-0.2391,-0.6872,-3.2524,-2.1377,-1.5459
trpos2840.txt_allergen_932,-0.4068,-0.9729,-0.9322,-1.339,-1.2373,-0.4847,-0.5695,-1.6678,-1.3559,-1.2542,-1.2,-0.5932,-0.8034,-1.7492,-1.4508,-0.3153,-0.4644,-2.322,-1.3966,-0.8644
trpos2840.txt_allergen_2311,0.0506,-2.2975,-1.6456,-1.538,-2.8987,-1.3734,-1.5316,-1.7025,-1.2975,-1.5316,-1.3481,-0.9684,-1.1329,-1.7975,-2.7911,-0.9367,-1.1835,-3.7278,-2.3038,-0.8481
trpos2840.txt_allergen_3254,-0.6345,-1.6997,-0.9556,-1.4125,-3.047,-1.0235,-1.4883,-1.6214,-1.5352,-1.5979,-1.3969,-1.2428,-1.5535,-1.577,-2.0366,-0.7781,-0.9426,-2.5561,-1.389,-1.3316
trpos2840.txt_allergen_1902,-0.75,-2.0987,-1.1053,-1.5197,-2.9211,-1.6579,-1.5724,-0.9868,-1.5526,-1.9145,-2.0066,-1.375,-1.9934,-2.6447,-1.7961,-0.9934,-0.8158,-3.75,-2.4605,-1.4803
trpos2840.txt_allergen_25,-0.2444,-1.3556,-1.3111,-1.9556,-0.2667,-0.9778,-1.1556,-1.3556,-1.5333,-1.7778,-1.9333,-0.8,-1.4222,-2.1778,-1.4889,-0.2,-0.8667,-2.0667,-1.3111,-1.4222
trpos2840.txt_allergen_2037,-0.7652,-1.4848,-0.7449,-1.3838,-2.5278,-1.2879,-1.5455,-1.4015,-1.4293,-1.3359,-1.75,-1.0783,-1.452,-1.9217,-2.1768,-0.3813,-0.6768,-2.6515,-1.3965,-1.2601
trpos2840.txt_allergen_3406,-0.0278,-1.4861,-1.5382,-1.684,-2.8056,-0.7569,-0.5,-1.4132,-2.0069,-1.8125,-1.7743,-0.7986,-1.7674,-2.8576,1.2569,0.2569,0.3715,-3.4306,-2.1319,-0.7847
trpos2840.txt_allergen_396,0.7297,-2.2793,-1.8108,-1.3514,-2.7297,-1.4414,-0.5315,-1.1622,-2.4595,-2.2072,-2.0721,-0.955,-1.7838,-3.009,-1.7477,-0.3423,-1.1261,-3.8378,-2.7568,-1.2883
trpos2840.txt_allergen_2910,-1.0813,-1.4715,-1.439,-1.9756,-2.4472,-1.1951,-1.2927,-2.4146,-1.8211,-1.8049,-1.8293,-1.439,-1.3902,-1.9512,-2.1382,-1.1545,-1.1951,-2.7642,-1.439,-1.5041
trpos2840.txt_allergen_1698,-1.4672,-1.4672,-0.5474,-1.5182,-1.7007,-1.0146,-1.3504,-2.1533,-1.3285,-1.6715,-0.4234,-1.438,-1.5693,-1.8613,-2.2482,-0.1606,-0.9708,-3.2628,-2.2263,-1.7591
trpos2840.txt_allergen_2081,0.1197,-1.7521,-1.4872,-2.5983,-1.8974,-1.6496,-2.3077,-1.6923,-2.6752,-1.7265,-1.547,-1.453,-1.0769,-2.8974,-1.8291,-0.453,-0.7094,-3.9744,-2.7265,-1.0171
trpos2840.txt_allergen_1306,-0.3529,-1.0588,-0.6471,-0.5294,-2.2353,-0.4118,0.2941,-0.8824,-1.2353,-1.8235,-2.0588,-0.5882,-1.4706,-2.1765,-0.9412,-0.0588,0.0588,-2.5294,-1.5882,-1.0588
trpos2840.txt_allergen_1559,-0.856,-1.608,-0.944,-1.544,-2.6,-0.568,-1.4,-2.088,-1.4,-1.696,-1.52,-1.336,-1.136,-1.688,-2.472,-0.704,-0.696,-2.992,-1.528,-1.312
trpos2840.txt_allergen_749,-0.9408,-1.4642,-0.8349,-1.6449,-2.5639,-1.2555,-1.2991,-1.7196,-1.4112,-1.6417,-1.6729,-0.9813,-1.3551,-1.9439,-2.2648,-0.704,-1.028,-2.7601,-1.2648,-1.3146
trpos2840.txt_allergen_2106,-0.1489,-1.5426,-1.2766,-2.3191,-2.0957,-1.6277,-2.3404,-1.5426,-2.7766,-1.9574,-1.9787,-1.2766,-1.9362,-3.2766,-1.6915,-0.3617,-0.6277,-4.1489,-2.8617,-1.4681
trpos2840.txt_allergen_2027,-0.6423,-0.9927,-1.2482,-1.5474,-1.708,-0.9489,-1.0876,-2.0146,-1.8759,-0.9051,-1.219,-0.4234,-0.927,-2.1095,-1.7007,-0.7518,-0.5036,-2.8029,-1.7445,-0.7445
trpos2840.txt_allergen_2636,-0.5541,-0.6329,-1.0113,-0.8559,-2.4527,-0.2207,0.0878,-1.7297,-0.6824,-1.6779,-1.4752,0.1396,-1.0766,-1.9842,-1.9144,-0.6284,-0.7095,-2.4977,-1.3378,-1.3919
trpos2840.txt_allergen_2856,-0.5373,-1.6567,-1.2761,-1.597,-1.1791,-1.3358,-1.4403,-1.7463,-1.8507,-1.0224,-0.8955,-1.1716,-0.9552,-1.8955,-0.3134,-0.5075,-0.5522,-2.8358,-1.7687,-0.8955
trpos2840.txt_allergen_2031,-0.3433,-1.2164,-0.7687,-1.1567,-1.9104,-0.9403,-0.6493,0.6791,-1.8134,-2.8284,-2.8806,-0.2761,-2.1866,-2.7239,-0.2836,-0.3731,-1.1194,-2.9179,-2.3806,-2.2612
trpos2840.txt_allergen_116,-0.9819,-1.3233,-1.2508,-1.6677,-3.0604,-0.9819,-1.2598,-2.1088,-1.3776,-1.7221,-1.5529,-1.0755,-1.4411,-1.8852,-2.0091,-0.9668,-0.9668,-2.5831,-1.3414,-1.3474
trpos2840.txt_allergen_2024,-0.8333,-1.2791,-0.5465,-1.4457,-1.7829,-0.8527,-1.2093,-1.5465,-1.3798,-1.7519,-1.7326,-0.7636,-1.4884,-1.907,-1.5039,-0.4341,-0.8023,-2.3256,-0.9612,-1.2907
trpos2840.txt_allergen_266,-0.4403,-2.1119,-1.4627,-1.8507,-2.2239,-1.097,-1.6642,-1.1343,-2.1642,-1.6194,-1.8209,-1.209,-1.4627,-2.3134,-2.5075,-0.8209,-0.7612,-3.4552,-2.0746,-1.2015
trpos2840.txt_allergen_1146,0.0345,-1.7586,-1.3879,-2.5776,-1.931,-1.681,-2.2931,-1.7241,-2.6983,-1.6983,-1.5086,-1.4483,-1.1121,-2.9483,-1.9138,-0.431,-0.6724,-3.931,-2.7759,-1.0172
trpos2840.txt_allergen_1059,-1.1009,-1.7339,-1.4771,-0.8899,-2.6881,-1.2294,-0.5596,-2.422,-2.0092,-1.7798,-1.5046,-0.8165,-0.4587,-1.6697,-3,-1.2294,-1.2477,-3.6239,-2.3394,-1.578
trpos2840.txt_allergen_2709,-0.2427,-1.3024,-0.9585,-1.0537,-2.3817,-0.8488,-0.9,-1.2061,-1.4902,-1.3341,-1.2707,-1.0207,-1.1488,-1.772,-1.5012,-0.5561,-0.6878,-2.5463,-1.4293,-0.911
trpos2840.txt_allergen_3057,-0.8596,-1.3947,-0.8026,-1.693,-2.1316,-1.0351,-1.3772,-1.6096,-1.3947,-1.5833,-1.7544,-0.8377,-1.4035,-1.9561,-1.8596,-0.5746,-0.7939,-2.3114,-1.1404,-1.2149
trpos2840.txt_allergen_3496,-0.3723,-1.365,-0.8175,-1.0657,-1.7737,-0.8248,-0.9124,-1.1168,-1.2555,-1.6496,-1.6642,-0.9197,-1.2482,-1.6277,-1.635,-0.1752,-0.3577,-2.438,-1.2409,-1.2847
trpos2840.txt_allergen_3399,-0.9505,-1.2198,-1.4505,-1.967,-2.0879,0.989,-0.9286,-2.0989,-1.2637,-1.2637,-1.1484,-1.0934,-0.8516,-1.9121,-0.9011,-0.6044,-0.8407,-2.467,-1.6264,-1.0385
trpos2840.txt_allergen_2715,-0.5089,-1.375,-1.3482,-1.6875,-1.8214,-0.9107,-0.8661,-1.8571,-1.6786,-0.8839,-0.5804,-1,-0.4375,-1.4196,-1.8482,-0.5446,-0.4821,-2.4286,-1.2946,-0.5714
trpos2840.txt_allergen_2542,-0.4118,-0.5882,-0.6471,-1.7647,-1.8235,-0.4706,-1.0588,-1.4706,-0.8824,-1.1176,-0.6471,-0.7059,-0.1765,-1.3529,-1.4706,-0.0588,-0.6471,-2.4706,-1.2353,-1.0588
trpos2840.txt_allergen_640,-0.4144,-1.4033,-0.9088,-1.4365,-2.6298,-1.058,-1.3785,-1.2707,-1.9006,-1.5083,-1.7099,-0.9972,-1.4834,-1.9227,-1.8812,-0.4751,-0.4116,-2.7735,-1.5387,-1.058
trpos2840.txt_allergen_2280,-1.3735,-1.3795,-1.3554,-1.5422,-3.1506,-1.1747,-0.9518,-2.3855,-1.494,-1.2711,-1.1386,-0.6506,-1.0542,-1.5301,-2.5723,-1.0422,-0.494,-3.506,-1.6566,-1
trpos2840.txt_allergen_2317,-1.0282,-0.7571,-1.1695,-0.5819,-2.2034,-0.5763,-0.1073,-2.0565,-1.0791,-1.7288,-1.3955,-0.1186,-0.4011,-1.2147,-2.5198,-0.887,-1.0847,-3.096,-1.5819,-1.7006
trpos2840.txt_allergen_3179,-0.5136,-1.6109,-1.358,-1.9728,-2.4903,-1.3696,-1.8755,-1.144,-1.9961,-1.9805,-1.8521,-1.4202,-1.4942,-2.0506,-2.1128,-0.7082,-0.9183,-3.0156,-1.856,-1.3735
trpos2840.txt_allergen_3130,-0.8177,-1.2604,-0.9792,-0.5781,-2.4479,-0.6667,-0.5365,-1.7031,-1.4792,-1.4219,-1.1771,-0.8698,-0.8854,-1.4635,-2.1198,-0.7552,-1.0312,-2.4115,-1.3542,-1.2917
trpos2840.txt_allergen_2289,0.5636,-1.1818,-1.2636,-1.3909,-2.0273,-0.8727,-0.7909,-1.3909,-1.3182,-1.5,-1.5273,-0.5091,-1.2,-1.9091,-1.2364,-0.2364,-0.2455,-2.3909,-1.4364,-0.8636
trpos2840.txt_allergen_2723,-0.6918,-2.1761,-1.283,-1.5094,-2.9308,-1.4591,-0.9245,-1.5975,-1.2327,-1.1887,-1.6352,-0.7673,-1.5094,-1.9937,-1.9686,-0.7296,-0.6289,-3.1761,-1.8239,-0.9119
trpos2840.txt_allergen_1649,-0.7676,-1.3588,-0.7765,-1.4971,-2.6265,-1.1618,-1.1971,-1.6059,-1.2794,-1.5706,-1.6824,-0.9324,-1.2794,-1.8294,-2.2971,-0.5882,-0.9176,-2.6294,-1.0559,-1.2647
trpos2840.txt_allergen_2475,-0.3846,-0.8462,-1.1538,-0.7692,-1.8462,-0.0769,-0.5385,-2.0769,-1.3077,-1.0769,-0.8462,-0.8462,-0.6154,-1.8462,-1.0769,-0.5385,-0.4615,-2.4615,-1.1538,-0.8462
trpos2840.txt_allergen_855,-1.0933,-1.22,-1.1533,-0.56,-1.9067,-0.74,-0.3067,-2.14,-0.86,-1.48,-1.3,-0.42,-0.2133,-1.2133,-2.66,-0.9667,-0.9667,-2.7867,-1.42,-1.4133
trpos2840.txt_allergen_1233,-0.5993,-1.329,-1.5928,-1.785,-2.1433,1.3713,-0.886,-1.6156,-1.4821,-1.5733,-1.2638,-0.7492,-1.0717,-2.0228,0.7068,-0.3029,-0.671,-2.6808,-1.8893,-1.1694
trpos2840.txt_allergen_1445,-0.9,-2.2167,-1.3083,-1.5583,-2.7,-1.6,-1.1417,-1.4833,-1.175,-1.15,-1.75,-0.85,-1.5833,-2.0667,-2.0917,-0.6417,-0.4417,-3.2583,-1.925,-0.8833
trpos2840.txt_allergen_338,-0.5922,-1.3325,-1.2184,-1.2888,-2.3519,-0.8252,-0.7112,-1.9757,-1.4248,-1.0146,-0.6893,-0.9903,-0.6141,-1.483,-1.8301,-0.7451,-0.6383,-2.4733,-1.3641,-0.7791
trpos2840.txt_allergen_2473,-0.0588,-1.4118,-0.8824,-0.9412,-1.5882,-0.6471,-0.7647,-1.1765,-1.4706,-1.0588,-1.2353,-0.8824,-0.8235,-1.5882,-1.7059,-0.2353,-0.2941,-1.8235,-1.1176,-0.5294
trpos2840.txt_allergen_3327,-0.8788,-1.4848,-0.4394,-0.6667,-1.5455,-0.4091,-0.3485,-0.9697,-1.2879,-2.2273,-2.2879,-0.8939,-1.697,-2.5303,-1.6061,-0.3333,-0.5606,-2.8788,-2,-1.7879
trpos2840.txt_allergen_2737,-0.8846,-0.7485,-0.5917,-0.9438,-2.497,-0.6006,-0.5444,-1.7959,-1.0473,-1.429,-1.4822,-0.3225,-0.9201,-1.6479,-1.6716,-0.3639,-0.5266,-2.5325,-1.1568,-1.2396
trpos2840.txt_allergen_1524,-0.8874,-1.8018,-0.8874,-1.518,-2.4054,-1.2883,-1.4189,-1.4414,-1.7207,-1.7072,-2.0766,-1.1802,-1.5631,-2.2207,-2.3919,-0.5721,-1.0315,-2.8018,-1.3739,-1.2568
trpos2840.txt_allergen_2265,-0.7763,-1.4974,-0.8026,-1.5158,-2.65,-1.1974,-1.2026,-1.7237,-1.3842,-1.7026,-1.7947,-0.9237,-1.3553,-1.8842,-2.2184,-0.5026,-0.9553,-2.7132,-1.2605,-1.3947
trpos2840.txt_allergen_283,-0.0921,-1.5263,-0.7895,-1.3882,-1.8289,-1.0197,-1.2961,-1.0855,-1.6513,-1.3684,-1.5263,-1.1908,-1.125,-1.8947,-1.4408,-0.1382,-0.1908,-2.5132,-1.5921,-1
trpos2840.txt_allergen_697,-0.8382,-1.2696,-0.6814,-1.6275,-2.0931,-0.9265,-1.3873,-1.5833,-1.3039,-1.8284,-1.9559,-0.7696,-1.5294,-2.1176,-1.7402,-0.5686,-0.848,-2.3627,-1.2402,-1.3431
trpos2840.txt_allergen_971,-0.3625,-2.425,-0.9625,-1.95,-0.625,-1.5125,-1.1875,-0.25,-2.3875,-2.7,-2.6125,-1.35,-1.55,-2.875,-2.375,-0.0625,-0.8625,-3.6125,-2.6375,-1.8875
trpos2840.txt_allergen_195,0.3311,-1.2252,-1.0265,-1.0132,-3.8675,0.1722,1.6159,-1.8675,-2.543,-2.4768,-2.6291,0.5828,-2.5099,-3.9669,1.2252,0.2053,0.755,-4.4636,-3.3576,-0.6623
trpos2840.txt_allergen_1842,-0.6691,-1,-1.3382,-1.0588,-2.4779,-0.375,-0.3088,-2.1765,-1.2868,-1.125,-1.0221,-0.3162,-0.6103,-1.6397,-2.2941,-0.9338,-0.7426,-2.8235,-1.5809,-1.0735
trpos2840.txt_allergen_459,0.0087,-1.7826,-1.3826,-2.6,-1.9739,-1.6957,-2.3739,-1.713,-2.7652,-1.7565,-1.6174,-1.4609,-1.1565,-2.9652,-1.8783,-0.5304,-0.7826,-4.0522,-2.8087,-1.0435
trpos2840.txt_allergen_1409,0.7869,-1.1738,-1.3639,-1.4984,-2.0295,-0.882,-0.8689,-1.2393,-1.5934,-1.4262,-1.5377,-0.6557,-1.2393,-1.9639,-0.5738,-0.1016,-0.1115,-2.5574,-1.5377,-0.8033
trpos2840.txt_allergen_809,-0.7846,-1.4668,-1.1239,-1.4668,-2.8636,-1.0844,-1.3088,-1.7307,-1.5153,-1.3986,-1.1311,-1.2406,-1.2837,-1.4704,-1.6248,-0.7433,-0.8618,-2.6014,-1.4039,-1.1095
trpos2840.txt_allergen_84,0.7917,-1.1731,-1.3365,-1.4679,-1.9167,-0.8718,-0.891,-1.1699,-1.5609,-1.4679,-1.5288,-0.6859,-1.2019,-1.9551,-0.609,-0.0962,-0.1731,-2.3974,-1.5256,-0.8013
trpos2840.txt_allergen_3410,-0.9309,-1.8145,-0.8327,-1.4909,-2.9709,-1.4436,-1.5855,-2.0109,-1.9236,-1.3891,-1.5709,-1.3855,-1.8436,-1.6691,-1.9055,-0.1855,-0.2873,-2.96,-1.5745,-1.0873
trpos2840.txt_allergen_903,-1.6029,-1.6471,-1.1912,-1.4485,-2.9118,-1.0956,-0.6324,-2.2574,-1.8382,-1.3603,-1.9191,-0.3162,-1.4632,-1.9118,-2.9044,-0.9853,-0.3529,-3.0147,-1.875,-0.8676
trpos2840.txt_allergen_1534,-0.7829,-2,-1.2171,-1.3566,-2.3023,-1.062,-1.124,-1.9535,-1.8837,-1.1395,-1.7752,-0.6202,-1.7209,-2.6279,-1.7364,-0.7209,-0.5504,-3.3721,-2.2636,-0.7287
trpos2840.txt_allergen_2256,0,-1.4943,-1.1724,-1.4828,-2.2299,-0.9004,-0.9272,-1.0881,-1.5747,-1.387,-1.5249,-0.9464,-1.0958,-1.9579,-1.5632,-0.5134,-0.3831,-2.6475,-1.6284,-1.0268
trpos2840.txt_allergen_1496,-1.0459,-1.6055,-1.4404,-0.5596,-2.6697,-1.3211,-0.5321,-2.2018,-1.8624,-1.6422,-1.5872,-0.6422,-0.4312,-1.633,-2.9541,-1.0826,-1.1376,-3.6239,-2.2202,-1.5413
trpos2840.txt_allergen_3157,-0.8729,-0.7458,-1.7966,-1.8136,-1.6864,-0.7288,-1.3475,-1.6695,-1.9322,-1.6864,-1.5254,-1.4831,-1.2288,-2.2034,-1.2203,-0.8051,-0.7627,-2.1949,-1.7627,-1.1441
trpos2840.txt_allergen_1081,-0.6818,-0.9773,-1.1364,-1.9773,-0.7727,-1.0568,-1.5455,-1.5,-1.6477,-1.7159,-1.3182,-0.7045,-1.0455,-1.8295,-1.7955,-0.3977,-0.5227,-2.5455,-1.3636,-1.2955
trpos2840.txt_allergen_617,-0.7857,-1.9747,-1.6244,-1.8249,-2.9816,-1.6544,-1.4401,-1.9516,-2.2212,-1.7143,-1.9562,-1.3203,-1.7005,-2.4378,-2.8272,-1.0991,-1.2419,-3.7304,-2.3111,-1.5415
trpos2840.txt_allergen_1221,0.0522,-1.5075,-1.2836,-2.4104,-1.7537,-1.5672,-2.1418,-1.709,-2.5597,-1.4403,-1.3433,-1.2985,-0.9552,-2.694,-1.8507,-0.3657,-0.6642,-3.7313,-2.5896,-0.8134
trpos2840.txt_allergen_882,-0.2935,-1.7935,-1.1304,-2.3261,-2.0217,-1.5435,-2.3478,-1.5109,-2.6739,-1.9239,-1.9674,-1.163,-1.7826,-3.2283,-1.8043,-0.3043,-0.5761,-4.1957,-2.7935,-1.3804
trpos2840.txt_allergen_2790,-0.0364,-1.8,-1.3091,-2.4545,-1.8545,-1.7,-2.3273,-1.6545,-2.6818,-1.6273,-1.6455,-1.4727,-1.4,-2.9,-1.7636,-0.4727,-0.7273,-4.0091,-2.6727,-1.0182
trpos2840.txt_allergen_1396,-0.5529,-1.3059,-1.1176,-1.2,-1.9588,-0.8941,-0.7882,-1.6588,-1.7176,-1.3412,-1.4294,-0.6941,-1.2706,-2.0059,-1.5412,-0.4765,-0.5471,-2.9824,-1.7412,-0.9471
trpos2840.txt_allergen_2630,-0.8805,-2.0818,-1.2264,-1.3019,-2.8491,-1.4717,-0.8302,-1.5849,-0.9937,-1.1321,-1.5849,-0.7296,-1.4906,-1.9245,-1.956,-0.8176,-0.5849,-3.1384,-1.8113,-0.9623
trpos2840.txt_allergen_2736,0.0339,-1.7712,-1.322,-2.5085,-1.8559,-1.6695,-2.2797,-1.661,-2.7203,-1.6441,-1.4831,-1.4746,-1.1017,-2.9153,-1.8559,-0.4322,-0.7119,-4.0169,-2.7203,-0.9576
trpos2840.txt_allergen_1982,-0.4241,-1.5253,-1.0127,-1.6772,-1.7215,-1.0886,-1.6709,-0.9051,-1.7025,-2.0316,-2.1139,-1.3228,-1.7911,-2.3291,-1.5,-0.3924,-0.6646,-2.981,-2.1076,-1.481
trpos2840.txt_allergen_2818,-0.6259,-0.8367,-1.8095,-1.8912,-1.7959,0.1633,-1.0748,-1.5306,-1.7075,-1.5238,-1.3878,-1.4218,-0.7279,-2.0068,-1.5578,-0.6871,-1.2177,-2.5102,-1.7211,-1.1837
trpos2840.txt_allergen_3374,-1.4049,-1,-1.1963,-1.411,-3.3067,-1.0245,-0.7117,-2.319,-1.6074,-1.4049,-1.4601,-0.6074,-1.2331,-1.6994,-2.3252,-1.0123,-0.6135,-3.135,-1.6196,-1.0613
trpos2840.txt_allergen_2486,0,-1.0909,-1.4545,-1.3636,-2,-0.8182,-0.4545,-0.4545,-1.6364,-1.6364,-1.8182,-1,-1.2727,-2.0909,-1.0909,-0.6364,-1,-1.6364,-1.7273,-1
trpos2840.txt_allergen_1976,-0.775,-2.15,-1.2812,-1.4812,-2.8062,-1.5312,-0.9,-1.6375,-1.1313,-1.2,-1.7188,-0.7812,-1.5813,-2.0187,-2.0812,-0.7875,-0.6062,-3.2625,-1.9,-0.9688
trpos2840.txt_allergen_1529,-0.8694,-1.8378,-0.8919,-1.545,-2.4414,-1.3198,-1.4189,-1.4369,-1.7613,-1.7207,-2.0721,-1.2477,-1.6081,-2.2072,-2.518,-0.5856,-1.0676,-2.8604,-1.3423,-1.2883
trpos2840.txt_allergen_2823,-0.5016,-1.4058,-1.2556,-1.9073,-2.2875,-1.3546,-1.754,-1.1438,-1.9617,-1.7093,-1.6198,-1.262,-1.2524,-1.8978,-1.9808,-0.7093,-0.8914,-2.6486,-1.7093,-1.2428
trpos2840.txt_allergen_1449,-0.7312,-2.1562,-1.2812,-1.4812,-2.8688,-1.55,-0.9375,-1.6125,-1.0875,-1.2188,-1.725,-0.8,-1.5875,-2.0875,-2.1125,-0.7812,-0.6312,-3.3062,-1.8625,-0.9938
trpos2840.txt_allergen_1294,-0.625,-0.5,-1.0417,-1.875,-1.4583,-0.9583,-1.375,-1.625,-1.5833,-1.8333,-2,-0.625,-1.2917,-2.125,-2.375,-0.7083,-0.5833,-1.375,-1.625,-1.2917
trpos2840.txt_allergen_820,-0.3577,-1.6138,-1.1057,-1.752,-1.7561,-1.1504,-1.6992,-0.9837,-1.6301,-1.7602,-1.7927,-1.378,-1.5894,-1.878,-1.4878,-0.4024,-0.4593,-2.7154,-1.7764,-1.2846
trpos2840.txt_allergen_1158,-1.1014,0.2041,-1.0215,-1.1838,-2.9303,0.763,0.417,-2.0951,-1.1876,-1.948,-1.2991,-0.2015,-1.6185,-2.2624,-1.9645,-0.7934,-1.2788,-3.0798,-2.0279,-1.692
trpos2840.txt_allergen_2554,-0.8261,-0.7391,-0.7826,-0.9565,-2.4783,1.087,0,-1.3478,-1.1739,-2.1304,-1.7826,-0.4348,-0.5652,-2.5652,0.2609,-0.4348,-0.913,-2.1304,-1.6087,-1.3913
trpos2840.txt_allergen_995,-0.1143,-0.8857,-0.6429,-1.2857,-0.8429,-0.7857,-1.0571,-0.5429,-1.2714,-1.9143,-1.7571,-0.8714,-1.1714,-2.1,-1.3857,-0.0714,-0.6286,-2.5286,-1.7857,-1.5
trpos2840.txt_allergen_1946,-0.4351,-2.1527,-1.4885,-1.9313,-2.3053,-1.145,-1.687,-1.1603,-2.1908,-1.6794,-1.8397,-1.2595,-1.4809,-2.3511,-2.5496,-0.8397,-0.8168,-3.5267,-2.0763,-1.2214
trpos2840.txt_allergen_1011,-0.6177,-1.5902,-1.2752,-1.344,-3.1009,-0.9358,-0.6942,-2.0138,-2.0122,-1.4067,-1.6758,-0.7829,-1.578,-2.4587,-2.315,-0.7737,-0.8486,-4.055,-2.4908,-1.1789
trpos2840.txt_allergen_2058,-1.0278,-1.8333,-1.6111,-0.8333,-2.6111,-1.3056,-0.463,-2.3519,-1.9444,-1.75,-1.6759,-0.6944,-0.5648,-1.7963,-3.0185,-1.2037,-1.3519,-3.6019,-2.463,-1.5648
trpos2840.txt_allergen_864,-0.549,-1.727,-1.4392,-1.457,-2.7745,-1.638,-1.3976,-1.9436,-1.9703,-1.3472,-1.7329,-1.1721,-1.5134,-2.4748,-2.3353,-1.0178,-0.8872,-3.7329,-2.2196,-0.8783
trpos2840.txt_allergen_332,-1.0391,-0.7194,-0.8099,-1.2522,-2.8135,0.1652,-0.5044,-1.4885,-1.4405,-1.6767,-1.7016,-1.0107,-1.6803,-1.8952,-1.6874,-0.5382,-0.9876,-3.0551,-1.8828,-1.373
trpos2840.txt_allergen_2029,-0.1351,-1.3063,-1.018,-1.4144,-1.4234,-1.0541,-1.0721,-0.7658,-1.7117,-1.8739,-1.8739,-0.6396,-1.5315,-1.955,-0.3604,-0.4144,-0.7658,-2.7117,-1.8919,-1.4865
trpos2840.txt_allergen_1354,-0.751,-1.7412,-0.5,-1.177,-2.2899,-1.1342,-1.4086,-1.0097,-1.6381,-1.3249,-1.8541,-0.965,-1.5447,-2.0603,-1.9572,-0.3054,-0.3735,-3.037,-1.7218,-1.0467
trpos2840.txt_allergen_281,0.6812,-1.1087,-1.4855,-1.6667,-2.1304,-0.9928,-1.0362,-1.3696,-1.5217,-1.5797,-1.4928,-0.6594,-1.2174,-2.0145,-0.7536,-0.2754,-0.2826,-2.5072,-1.5507,-0.8913
trpos2840.txt_allergen_2634,-0.8145,-1.3774,-0.9104,-1.1258,-2.6006,-0.9182,-1.0472,-1.5283,-1.2767,-1.456,-1.3443,-1.0204,-1.3097,-1.4969,-1.6619,-0.5456,-0.5786,-2.3066,-1.1462,-1.1384
trpos2840.txt_allergen_600,-1.6336,-1.7863,-1.2137,-1.542,-2.9771,-1.1603,-0.7786,-2.3282,-2,-1.4504,-1.9618,-0.3893,-1.4275,-2.0611,-3.0382,-1.0534,-0.374,-3.084,-1.9466,-0.8702
trpos2840.txt_allergen_3118,0.7913,-2.1913,-1.8,-1.1913,-2.6435,-1.4,-0.4783,-1.0174,-2.3826,-2.1913,-2.0348,-0.9478,-1.6261,-2.8696,-1.5913,-0.3478,-1.1217,-3.6261,-2.687,-1.2522
trpos2840.txt_allergen_1287,-0.7401,-1.4408,-1.7303,-2.023,-2.4671,1.5132,-0.7632,-1.352,-1.7336,-1.6283,-1.5461,-0.727,-1.1941,-2.1349,0.7303,-0.2105,-0.5691,-2.852,-1.8651,-1.0033
trpos2840.txt_allergen_665,-0.9765,-1.3,-1.2265,-1.6765,-3,-0.9971,-1.2471,-2.0941,-1.3735,-1.6882,-1.5412,-1.0853,-1.4029,-1.8,-1.9912,-0.9588,-0.9206,-2.4735,-1.3441,-1.3324
trpos2840.txt_allergen_2990,0.0339,-1.6864,-1.3729,-2.4576,-1.8729,-1.6695,-2.2966,-1.5847,-2.661,-1.6102,-1.4915,-1.4915,-1.0932,-2.7881,-1.8559,-0.5,-0.7373,-3.8305,-2.6695,-0.9831
trpos2840.txt_allergen_2214,-0.2043,-1.6452,-1.1935,-2.3333,-2.0645,-1.5806,-2.3441,-1.5699,-2.6989,-1.9677,-1.957,-1.2473,-1.8817,-3.2366,-1.7204,-0.3441,-0.6559,-4.2688,-2.871,-1.4624
trpos2840.txt_allergen_2118,-0.8295,-1.907,-1.2326,-1.4031,-2.2713,-0.969,-1.1085,-1.9767,-1.8605,-1.1395,-1.7364,-0.5659,-1.7054,-2.5426,-1.7364,-0.8062,-0.5271,-3.3721,-2.2403,-0.7287
trpos2840.txt_allergen_2896,-1.0833,-1.8056,-1.5,-0.6574,-2.6852,-1.2593,-0.5093,-2.3611,-2,-1.7778,-1.6944,-0.8611,-0.5278,-1.8704,-3.0463,-1.1944,-1.287,-3.6111,-2.3796,-1.5833
trpos2840.txt_allergen_1422,-0.4981,-0.3296,-1.0861,-0.8764,-2.4682,0.0787,0.5056,-1.7528,-0.7004,-1.6217,-1.3633,0.3783,-0.8577,-2.0112,-1.9026,-0.4682,-0.633,-2.4794,-1.2659,-1.3783
trpos2840.txt_allergen_678,-1.0875,-1.0625,-0.9562,-0.6188,-2.0187,-0.6688,-0.1688,-2.075,-0.8625,-1.4125,-1.4062,-0.375,-0.0625,-1.2063,-2.5,-0.9062,-0.9875,-2.95,-1.4937,-1.5625
trpos2840.txt_allergen_2965,-0.4403,-2.1343,-1.4925,-1.8731,-2.2015,-1.0821,-1.6418,-1.0896,-2.2239,-1.6493,-1.7985,-1.2313,-1.4478,-2.2463,-2.4851,-0.8507,-0.7761,-3.4403,-2.0746,-1.1493
trpos2840.txt_allergen_1349,-0.5376,-1.362,-1.6882,-1.8781,-2.8495,1.5161,-0.509,-1.6918,-1.5376,-2.0394,-1.9176,-0.7599,-1.5305,-2.6989,1.4552,-0.4337,-0.3728,-3.2939,-2.2258,-1.2222
trpos2840.txt_allergen_639,-0.3929,-1.3571,-1.3452,-1.4048,-1.5357,-0.9643,-0.8929,-1.869,-1.8214,-0.8214,-0.869,-0.5833,-0.5952,-1.6905,-1.619,-0.5357,-0.4048,-2.4405,-1.5,-0.4524
trpos2840.txt_allergen_503,-1.0982,-0.5446,-0.7946,-1.4732,-2.9554,-0.1071,-0.6094,-1.7366,-1.2165,-1.7634,-1.7232,-0.9353,-1.7701,-1.8504,-1.7545,-0.6049,-1.1138,-3.1629,-1.7545,-1.4598
trpos2840.txt_allergen_3262,-0.8583,-1.4833,-0.775,-1.6333,-2.1292,-0.9417,-1.3958,-1.8875,-1.5333,-1.95,-1.8583,-0.9333,-1.55,-2.1708,-1.8333,-0.475,-0.9083,-2.6292,-1.3417,-1.4333
trpos2840.txt_allergen_2079,0.1429,-1.605,-1.395,-2.521,-1.7983,-1.6387,-2.2521,-1.6807,-2.6555,-1.6639,-1.4622,-1.4286,-0.9664,-2.8319,-1.7395,-0.437,-0.6891,-3.8655,-2.7143,-0.9832
trpos2840.txt_allergen_1434,-0.6632,-1.5316,-1.5111,-1.3692,-2.4342,-0.9436,-0.5197,-2.3556,-1.335,-1.8274,-1.4068,-0.6632,-1.4068,-2.1333,-1.9692,-0.706,-0.6838,-3.3983,-1.9299,-1.3761
trpos2840.txt_allergen_1243,-0.5556,-0.8148,-1.5926,-2.2963,-2.1852,-0.6667,-1.3333,-1.5185,-2.0741,-0.7407,-0.963,-0.6296,-0.7037,-1.9259,-1.6667,-0.6667,-0.4815,-2.2963,-1.7778,-0.8148
trpos2840.txt_allergen_2499,-0.8214,-0.5643,-0.7286,-1.3571,-3.0357,-0.1429,-0.4071,-1.4214,-1.3786,-1.6571,-1.8643,-0.75,-1.6857,-1.75,-1.7929,-0.6429,-1.2071,-3.0786,-1.8429,-1.2286
trpos2840.txt_allergen_261,-0.2077,0.3556,-0.5739,-0.6514,-3.5282,1.3239,1.7641,-3.1021,-1.162,-1.7254,-0.7042,1.1514,-0.8732,-3.5282,-4.0423,-0.6725,-0.8556,-4.3873,-2.831,-1.7394
trpos2840.txt_allergen_945,0.6636,-2.1402,-1.7103,-1.2897,-2.7383,-1.4579,-0.5607,-1.1495,-2.5047,-1.8318,-1.8505,-0.9907,-1.5607,-2.5888,-1.4673,-0.4112,-0.9813,-3.5794,-2.5888,-1.2243
trpos2840.txt_allergen_2849,0.7338,-1.1883,-1.3636,-1.487,-1.9253,-0.9351,-0.8994,-1.3701,-1.6364,-1.3409,-1.3929,-0.6494,-1.1234,-1.8214,-0.6688,-0.1688,-0.1883,-2.526,-1.5,-0.7565
trpos2840.txt_allergen_383,-1.1696,-0.152,-0.7904,-1.1136,-2.6656,0.2768,0.0272,-1.6304,-1.1248,-2.0432,-1.8928,-0.5216,-1.8816,-2.1984,-1.5904,-0.6368,-1.1088,-3.0272,-1.8176,-1.6912
trpos2840.txt_allergen_169,-0.3306,-1.5551,-1.0898,-1.7143,-1.8367,-1.1347,-1.702,-1.0694,-1.6286,-1.8,-1.7796,-1.3633,-1.5551,-1.7755,-1.4694,-0.3714,-0.4449,-2.6286,-1.7265,-1.2531
trpos2840.txt_allergen_3004,-0.3486,-1.4679,-1.1346,-1.6055,-2.4006,-1.3028,-1.5963,-0.9327,-1.6116,-1.9358,-1.9664,-1.1927,-1.5566,-2.1865,-1.6055,-0.4526,-0.7492,-2.7156,-1.7615,-1.4128
trpos2840.txt_allergen_1970,-0.902,-0.5359,-1.8758,-1.7843,-2.281,0.4444,-0.7974,-1.6797,-1.8889,-1.5556,-1.4118,-1.2876,-0.3922,-1.9542,-1.451,-0.8039,-1.3072,-2.7582,-1.7974,-1.1961
trpos2840.txt_allergen_1930,-1.0728,-1.6093,-0.8212,-1.8808,-2.7351,-1.0265,-1.6026,-1.9669,-1.351,-2.0927,-2.2781,-1.0662,-1.755,-2.2781,-2.2185,-0.7881,-1.1656,-2.6026,-1.0927,-1.5166
trpos2840.txt_allergen_3322,-0.013,-1.2857,-1.4026,-1.3506,-1.8831,-0.8182,-0.4675,-1.5844,-1.3247,-0.8961,-1,-0.8961,-0.7273,-1.4545,-0.6494,-0.6753,-0.7013,-2.1299,-1.1688,-0.5584
trpos2840.txt_allergen_584,-0.6809,-1.9574,-1.4326,-1.6525,-2.1631,-1.156,-1.2908,-2.1277,-2.0355,-0.922,-1.4681,-0.695,-1.5532,-2.2057,-1.9291,-0.773,-0.4468,-3.2624,-2.1206,-0.5177
trpos2840.txt_allergen_2779,-0.7582,-1.5495,-1.2253,-1.9011,-2.4451,-0.8626,-1.3132,-2.4945,-1.6429,-1.1703,-1.3571,-1.3242,-1.2418,-1.9615,-0.5934,-0.6154,-0.4231,-3.1209,-1.5659,-0.8407
trpos2840.txt_allergen_2842,-0.773,-2.092,-1.2454,-1.3742,-2.8344,-1.4233,-0.9264,-1.5583,-1.3865,-1.1656,-1.6442,-0.7607,-1.5337,-1.9571,-2.0061,-0.7362,-0.6258,-3.2945,-1.773,-0.8957
trpos2840.txt_allergen_2646,-0.7925,-2.1069,-1.2704,-1.4214,-2.7987,-1.5283,-0.8994,-1.6415,-1.0755,-1.1887,-1.6478,-0.7233,-1.522,-1.9937,-1.9937,-0.7736,-0.6352,-3.2013,-1.8113,-0.9497
trpos2840.txt_allergen_2714,-0.5526,-1.2895,-1.2544,-1.5702,-1.9298,-0.9211,-0.6754,-1.7895,-1.614,-1.0263,-0.6842,-0.8246,-0.4474,-1.5088,-1.7719,-0.5702,-0.3158,-2.5614,-1.3947,-0.6842
trpos2840.txt_allergen_2983,-0.7522,-1.4388,-0.9522,-1.7731,-2.3343,-1.1313,-1.5642,-1.4179,-1.794,-1.6,-1.6627,-1.197,-1.2269,-1.8716,-1.9612,-0.5104,-0.6657,-2.8,-1.6299,-1.1701
trpos2840.txt_allergen_509,-0.875,-0.3452,-1.5595,-1.619,-2.1131,0.631,-0.5893,-1.506,-1.756,-1.5952,-1.5238,-1.125,-0.5238,-1.8512,-1.5952,-0.7917,-1.1905,-2.369,-1.8333,-1.381
trpos2840.txt_allergen_1737,-0.7238,-2.1286,-0.9667,-1.7905,-3.1571,-1.1667,-1.2762,-2.0476,-1.6048,-1.8571,-1.6333,-0.9619,-1.8238,-2.0762,-2.5333,-1.3048,-1.2571,-2.9905,-1.9524,-1.6524
trpos2840.txt_allergen_1912,-0.7368,-2.1053,-1.1053,-1.5197,-2.9079,-1.6579,-1.5724,-0.9934,-1.5526,-1.8947,-2.0197,-1.3618,-2.0066,-2.6382,-1.8092,-0.9671,-0.8026,-3.7368,-2.4539,-1.4803
trpos2840.txt_allergen_1093,-0.7914,-1.5092,-0.8466,-1.6933,-2.4356,-0.9018,-1.4233,-1.773,-1.4294,-1.6933,-1.6871,-0.9816,-1.5031,-1.8896,-1.7423,-0.5521,-1.0736,-2.3252,-1.0429,-1.3067
trpos2840.txt_allergen_2261,-0.6157,-1.3657,-1.4769,-1.4537,-2.3241,-1.0093,-0.8287,-2.1574,-1.3148,-1.2407,-0.8611,-0.7824,-0.8056,-1.1667,-2.0231,-1.3333,-1.162,-2.1389,-1.125,-0.9722
trpos2840.txt_allergen_466,-0.4391,-1.8587,-0.75,-1.4413,-2.7043,-1.1065,-1.6478,-1.4935,-1.9848,-1.5565,-1.6065,-1.3848,-1.6,-1.8652,-1.8326,-0.263,-0.6217,-2.9609,-1.6913,-1.2109
trpos2840.txt_allergen_2167,-0.787,-1.9977,-1.6505,-1.8264,-2.9722,-1.6944,-1.4282,-1.9745,-2.2199,-1.7245,-1.9514,-1.3611,-1.7269,-2.4329,-2.8287,-1.1157,-1.2384,-3.706,-2.338,-1.5278
trpos2840.txt_allergen_3033,-0.615,-1.4318,-0.8935,-1.1533,-2.3664,-0.8206,-0.9701,-1.3364,-1.428,-1.6056,-1.5364,-0.8617,-1.1607,-1.8075,-1.6224,-0.6355,-0.7009,-2.3271,-1.329,-1.2916
trpos2840.txt_allergen_2348,-0.0312,-1.5729,-1.375,-2.0833,-0.8958,-1.125,-1.5417,-1.6562,-1.9688,-1.2917,-1.1562,-1.2396,-1.0104,-2.1354,-1.1354,-0.3854,-0.5417,-2.8542,-1.7292,-0.625
trpos2840.txt_allergen_1757,-0.5595,-1.5714,-1.3095,-1.9048,-2.6627,-1.504,-1.881,-1.1905,-2.004,-2.0437,-2.1032,-1.4048,-1.6627,-2.2619,-2.0516,-0.7302,-0.8571,-2.873,-1.9841,-1.5317
trpos2840.txt_allergen_1355,-0.8391,-1.372,-0.7177,-1.533,-2.4591,-1.153,-1.1557,-1.7045,-1.2533,-1.6649,-1.6966,-0.9156,-1.2691,-1.8259,-2.0792,-0.6095,-0.9631,-2.7493,-1.1451,-1.3404
trpos2840.txt_allergen_2231,-0.1515,-1.4545,-1.1515,-1.3182,-1.5455,-1.303,-1.2576,-1.1439,-1.8485,-1.8939,-1.9167,-0.6591,-1.5227,-2.0909,-0.5606,-0.2652,-0.3106,-3.1136,-2.0909,-1.3864
trpos2840.txt_allergen_2186,-0.72,-0.84,-0.72,-0.44,-2.2,-0.44,-0.24,-1.48,-1.04,-2,-1.76,-0.56,-1.08,-1.96,-0.32,-0.08,-0.4,-2.28,-1.68,-1.68
trpos2840.txt_allergen_531,-0.406,-1.9699,-1.4812,-1.8947,-2.2331,-1.188,-1.7444,-1.1053,-2.1053,-1.6466,-1.8195,-1.2556,-1.5113,-2.3534,-2.5338,-0.9023,-0.8421,-3.5564,-2.1504,-1.188
trpos2840.txt_allergen_3137,-1.1281,-1.696,-1.2839,-1.5779,-2.9472,-1.2462,-1.2965,-2.5025,-1.5678,-1.4472,-1.2312,-0.9196,-0.9874,-1.7211,-2.4322,-0.7261,-0.7261,-3.5553,-1.9397,-1.2312
trpos2840.txt_allergen_385,-0.9225,0.1395,-0.7829,-0.845,-1.907,0.5969,0.1395,-1.5891,-1.124,-2.0465,-1.7364,-0.3643,-0.7829,-2.5504,-1.8682,-0.5039,-0.8992,-2.7132,-1.9612,-1.7829
trpos2840.txt_allergen_646,-0.5531,-1.1614,-1.0571,-1.3583,-2.2835,-1.0413,-0.9409,-1.4567,-1.4843,-1.1181,-1.1181,-1.0413,-1.1083,-1.626,-1.6772,-0.5512,-0.5709,-2.5433,-1.4272,-0.7795
trpos2840.txt_allergen_1061,-0.7378,-1.949,-1.6102,-1.7958,-2.819,-1.6102,-1.4107,-1.9026,-2.1346,-1.6775,-1.8747,-1.2831,-1.6334,-2.3712,-2.6891,-1.0626,-1.1624,-3.5661,-2.2413,-1.5058
trpos2840.txt_allergen_1096,-1.2965,-1.8953,-1.2791,-1.7035,-2.7093,-1.6279,-1.4942,-1.7209,-2.0465,-1.7965,-2.1919,-1.1453,-1.9012,-2.1744,-2.1628,-1.1744,-0.9012,-3.7965,-2.1163,-1.5988
trpos2840.txt_allergen_2043,-0.7143,-2.2208,-1.3961,-1.513,-2.7922,-1.5714,-0.9416,-1.5584,-1.1429,-1.1234,-1.6948,-0.7662,-1.5584,-1.9935,-2.1494,-0.7792,-0.6169,-3.2727,-1.9026,-0.9091
trpos2840.txt_allergen_3536,-0.7188,-2.1562,-1.3438,-1.5063,-2.7687,-1.5125,-0.9,-1.6438,-1.1375,-1.15,-1.65,-0.775,-1.5375,-1.9187,-1.9875,-0.7438,-0.6312,-3.2125,-1.8375,-0.9438
trpos2840.txt_allergen_716,-0.4529,-1.266,-1.0477,-1.251,-2.8186,-0.8295,-1.0355,-1.6849,-1.3533,-1.7094,-1.6385,-1.0682,-1.5143,-1.7817,-1.6671,-0.7162,-0.8377,-2.734,-1.6767,-1.2401
trpos2840.txt_allergen_1599,-0.4122,-2.1527,-1.5038,-1.916,-2.2595,-1.145,-1.7176,-1.1679,-2.2214,-1.7023,-1.8092,-1.2672,-1.5038,-2.3511,-2.5725,-0.8015,-0.7939,-3.5496,-2.1527,-1.2137
trpos2840.txt_allergen_628,-0.8488,-2.1432,-0.5199,-1.1538,-2.6021,-1.443,-1.7347,-1.0663,-2.0531,-1.3952,-2.1485,-1.1114,-1.9443,-2.2175,-2.3369,-0.2891,-0.3024,-3.321,-2.0424,-1.1671
trpos2840.txt_allergen_2241,-0.4403,-1.5094,-1.0377,-1.673,-1.7484,-1.0503,-1.6667,-0.9245,-1.7233,-2.0566,-2.1509,-1.283,-1.8176,-2.3711,-1.478,-0.4151,-0.6667,-2.9811,-2.1132,-1.4969
trpos2840.txt_allergen_2914,-0.5549,-1.4033,-0.5382,-0.8095,-2.5438,-0.9847,-1.1599,-1.114,-1.1127,-1.37,-1.4172,-1.2698,-1.3463,-1.267,-1.5855,-0.5188,-0.4882,-1.3894,-0.9054,-1.0793
trpos2840.txt_allergen_2445,-0.3636,-0.8182,-1.0909,-2.0909,-1.8182,-1.1818,-1.4545,-2.0909,-1.3636,-1.2727,-0.8182,-0.9091,-0.6364,-0.6364,-2.0909,-0.3636,-0.0909,-2.1818,-0.9091,-1
trpos2840.txt_allergen_2617,-0.0695,-1.6402,-0.8983,-1.2581,-2.8511,-1.1538,-1.3499,-1.3077,-1.799,-1.4417,-1.6278,-1.2382,-1.5955,-2.0918,-1.9653,-0.2208,-0.4888,-2.6824,-1.4839,-0.9801
trpos2840.txt_allergen_2403,-0.5317,-1.8204,-0.8768,-1.5599,-2.6127,-1.0845,-1.6655,-1.331,-1.8134,-1.5986,-1.5246,-1.4437,-1.6162,-1.4789,-1.9014,-0.3732,-0.7923,-2.5599,-1.243,-1.3768
trpos2840.txt_allergen_1576,-0.3926,-1.5702,-1.0331,-1.7769,-1.814,-1.2066,-1.7149,-1.0372,-1.6446,-1.7645,-1.7479,-1.3926,-1.562,-1.8512,-1.4793,-0.4091,-0.4463,-2.7273,-1.7479,-1.2355
trpos2840.txt_allergen_2234,-1.1549,-0.6408,-0.7418,-1.5892,-2.9977,-0.2911,-0.7582,-1.7817,-1.338,-1.6737,-1.6432,-1.007,-1.6995,-1.7465,-1.8427,-0.6362,-1.0986,-3.1479,-1.777,-1.3826
trpos2840.txt_allergen_624,-0.017,-1.2159,-1.5909,-1.6818,-2.3125,-0.6818,-1.3011,-0.8864,-1.483,-1.1648,-1.125,-1.0739,-0.7273,-1.8068,-1.8239,-0.4659,-0.2273,-2.7784,-1.4148,-0.6875
trpos2840.txt_allergen_2812,-0.8686,-1.8664,-0.7149,-1.118,-2.1826,-0.7884,-1.3207,-1.0089,-1.7105,-1.0379,-1.1626,-1.3007,-1.294,-1.2829,-1.5323,0.0111,-0.2517,-2.5523,-0.8686,-0.882
trpos2840.txt_allergen_808,-1.0085,-0.7717,-0.8097,-1.5877,-2.8689,-0.1734,-0.8774,-1.611,-1.3615,-1.5285,-1.4757,-1.1797,-1.6575,-1.5666,-1.6808,-0.5349,-0.9387,-3.0698,-1.7421,-1.2431
trpos2840.txt_allergen_822,-0.0375,-1.415,-0.7549,-0.9308,-2.6304,-0.8972,-0.9743,-1.1561,-1.6087,-1.3617,-1.5514,-0.9012,-1.419,-1.9506,-1.7233,-0.1186,-0.5178,-2.5771,-1.3142,-0.9684
trpos2840.txt_allergen_2637,-0.875,-1.8295,-1.0227,-1.75,-3.2727,-1.2841,-1.5795,-1.6477,-2.1477,-2.0455,-2.1023,-1.4091,-1.6477,-2.3182,-2.4432,-0.5909,-0.7614,-2.6932,-2.0909,-1.1705
trpos2840.txt_allergen_102,-0.3664,-2.145,-1.4809,-1.916,-2.3435,-1.1145,-1.6947,-1.1832,-2.2595,-1.6641,-1.8092,-1.2443,-1.5115,-2.3359,-2.5649,-0.8473,-0.7863,-3.4656,-2.0305,-1.2061
trpos2840.txt_allergen_3025,-0.9677,-0.6452,-0.6754,-1.506,-2.5685,-0.0363,-0.6976,-1.5927,-1.1734,-1.4093,-1.3589,-1.0766,-1.5181,-1.3871,-1.5403,-0.4778,-0.8589,-2.621,-1.5464,-1.0907
trpos2840.txt_allergen_3071,-1.0128,-1.3878,-0.6955,-1.5833,-2.7853,-1.1154,-1.1731,-1.6763,-1.2468,-1.8526,-2.0417,-0.8942,-1.4615,-2.1955,-2.3846,-0.7372,-1.1122,-2.8686,-1.3365,-1.5417
trpos2840.txt_allergen_952,-0.7617,-1.3212,-0.7461,-0.6995,-2.2073,-0.6839,-0.6373,-1.6891,-1.5803,-1.4301,-1.4197,-0.5751,-1.0311,-1.3575,-2.0881,-0.6995,-0.9016,-2.3212,-1.2642,-1.2487
trpos2840.txt_allergen_2751,-0.5164,-1.5055,-1.2436,-1.9273,-2.5018,-1.4036,-1.7527,-1.0764,-1.8873,-1.8582,-1.8836,-1.32,-1.6036,-2.1273,-2.0218,-0.6327,-0.8255,-2.8727,-1.8073,-1.3164
trpos2840.txt_allergen_468,-0.7863,-1.1069,-0.9924,-1.2214,-2.0687,-0.8244,-0.6641,-1.7023,-1.6107,-1.4733,-1.626,-0.4504,-1.4504,-2.0076,-1.626,-0.4198,-0.3969,-2.8702,-1.6794,-0.9313
trpos2840.txt_allergen_1656,-1.1121,-0.6355,-0.7547,-1.4346,-2.8972,-0.0911,-0.6262,-1.5561,-1.2944,-1.5771,-1.5794,-1.007,-1.7523,-1.7921,-1.7056,-0.6238,-1.0888,-3.0794,-1.7734,-1.3318
trpos2840.txt_allergen_1384,-0.8382,-1.1691,-1.0588,-1.2059,-2.2132,-0.9044,-0.75,-1.6765,-1.6838,-1.4191,-1.5882,-0.5294,-1.3824,-1.9632,-1.6985,-0.6618,-0.5809,-3.0221,-1.7132,-1.0074
trpos2840.txt_allergen_192,-0.1304,0.2475,-0.5552,-0.6957,-3.4749,1.3077,1.7893,-3.1405,-1.1572,-1.7826,-0.7492,1.1271,-0.7425,-3.5184,-4.0635,-0.6522,-0.8094,-4.4181,-2.893,-1.7625
trpos2840.txt_allergen_218,-1.1559,-1.2366,-1.0161,-1.0968,-2.8172,-1.3441,-0.9946,-1.5161,-1.8118,-1.4032,-1.5161,-1.172,-1.7473,-1.7366,-1.2258,-0.7043,-0.8387,-3.0538,-1.5806,-0.957
trpos2840.txt_allergen_2217,-0.86,-1.04,-0.6,-0.94,-1.56,-0.72,-0.46,-1.6,-0.78,-1.94,-1.94,-0.66,-1.48,-1.42,-1.34,-0.3,-0.54,-1.86,-0.98,-1.62
trpos2840.txt_allergen_3529,-1.0232,-1.0213,-0.9381,-1.2108,-0.4913,-0.795,-0.9323,-1.5609,-1.1683,-1.9091,-1.6789,-0.7466,-1.5126,-1.9246,-1.2979,-0.5145,-0.8414,-3.4797,-2.06,-1.4139
trpos2840.txt_allergen_821,-1.0367,-1.844,-1.5138,-0.8899,-2.6422,-1.3028,-0.5321,-2.3945,-1.789,-1.8349,-1.7339,-0.7706,-0.6606,-1.9174,-2.8532,-1.1193,-1.2936,-3.5688,-2.3945,-1.578
trpos2840.txt_allergen_1100,-1.2849,-1.8663,-1.2442,-1.7209,-2.75,-1.657,-1.5407,-1.7733,-1.9884,-1.7965,-2.1686,-1.0988,-1.8837,-2.1977,-2.1512,-1.1686,-0.843,-3.8198,-2.0756,-1.5698
trpos2840.txt_allergen_521,0,-1.381,-0.9524,-0.9048,-1,-0.5238,-0.9048,-1.7619,-1.619,-0.7619,-0.8571,-1.0476,-0.5714,-1.6667,-1.1905,0.3333,0.2381,-2.4286,-1.381,-0.4286
trpos2840.txt_allergen_3,-1.0731,-1.4038,-1.3577,-1.9346,-2.6423,-1.2192,-1.8462,-1.9615,-1.4769,-1.6115,-1.6923,-1.4038,-1.6769,-1.9962,-2.05,-0.7731,-0.8192,-2.5769,-1.6962,-1.1038
trpos2840.txt_allergen_2490,-0.8442,-0.7487,-0.6708,-1.0442,-2.3876,-0.3929,-0.3381,-1.8319,-1.0177,-1.1752,-1.2637,-0.1894,-0.8938,-1.4832,-1.5894,-0.5912,-0.5363,-2.3133,-1.0726,-1.046
trpos2840.txt_allergen_2884,-0.9021,-1.3196,-0.7113,-1.8196,-3.3454,-0.732,-1.3144,-1.732,-1.8608,-1.5825,-1.6753,-1.3557,-1.6649,-1.5928,-1.9845,-0.6649,-0.8918,-3.6546,-1.8454,-1.1598
trpos2840.txt_allergen_3027,-0.9915,-0.9089,-0.8623,-1.1292,-0.2669,-0.7564,-0.8941,-1.3941,-1.1843,-1.9322,-1.7246,-0.678,-1.5763,-1.9195,-1.25,-0.4894,-0.9004,-3.5953,-2.1186,-1.4492
trpos2840.txt_allergen_3088,-0.7562,-2.1375,-1.2875,-1.4688,-2.7875,-1.5437,-0.9,-1.5688,-1.0938,-1.2,-1.7125,-0.7375,-1.6062,-2.0125,-2.0312,-0.7438,-0.6438,-3.2188,-1.8188,-0.9938
trpos2840.txt_allergen_1659,-0.3504,-1.3431,-0.8175,-1.1314,-1.8248,-0.7883,-0.8905,-1.2847,-1.3139,-1.6861,-1.6058,-0.9562,-1.219,-1.6642,-1.5547,-0.1606,-0.3212,-2.4088,-1.3139,-1.3723
trpos2840.txt_allergen_233,0.3259,-1.147,-1.1406,-1.4952,-1.8882,-0.8307,-0.8403,-1.3962,-1.4026,-1.3387,-1.3962,-0.7252,-0.9936,-1.7348,-1.4185,-0.0543,-0.3003,-2.5942,-1.4569,-0.8147
trpos2840.txt_allergen_2681,-1.1605,-0.9826,-0.7787,-1.1779,-0.5336,-0.7354,-1.2321,-1.18,-0.4317,-1.6573,-1.7093,-1.2842,-1.3774,-1.6204,-1.1735,-0.5423,-0.6095,-2.2364,-1.3319,-1.2451
trpos2840.txt_allergen_1909,-0.7566,-2.0921,-1.0921,-1.5197,-2.9145,-1.6579,-1.5724,-0.9934,-1.5526,-1.9145,-2,-1.375,-1.9934,-2.6382,-1.7961,-0.9934,-0.8158,-3.7434,-2.4671,-1.4803
trpos2840.txt_allergen_1738,-1.2953,-1.2953,-0.4803,-0.9016,-2.7402,-0.7913,-0.7244,-1.8622,-1.3346,-1.1693,-1.3543,-0.2717,-1.3071,-1.4055,-1.9606,-0.5787,-0.6929,-2.7992,-1.1496,-1.2795
trpos2840.txt_allergen_2059,-0.9907,-1.8426,-1.5463,-0.7222,-2.6574,-1.2222,-0.3426,-2.3148,-1.9352,-1.7315,-1.6759,-0.7685,-0.5463,-1.8704,-3.0926,-1.1852,-1.3148,-3.4907,-2.4352,-1.5833
trpos2840.txt_allergen_3142,-0.207,0.2773,-0.5312,-0.668,-3.3164,1.3203,1.6797,-2.9883,-1.1602,-1.7656,-0.7852,1.0586,-0.9336,-3.4844,-3.8906,-0.5898,-0.8945,-4.4336,-2.832,-1.7188
trpos2840.txt_allergen_2866,-0.1743,-1.2752,-0.5505,-0.8624,-1.4404,-1.0183,-0.9083,-0.8073,-1.4495,-2.055,-2.1743,-0.6514,-1.8165,-2.3945,-0.3394,-0.0183,-0.3303,-2.8716,-1.945,-1.6514
trpos2840.txt_allergen_547,-0.8868,-2.0755,-1.2327,-1.3145,-2.8302,-1.4654,-0.8302,-1.5912,-1,-1.1258,-1.5786,-0.7358,-1.5031,-1.9245,-1.9623,-0.8239,-0.5849,-3.1384,-1.805,-0.9497
trpos2840.txt_allergen_52,-0.7111,-1.495,-0.7513,-1.4121,-2.5452,-1.3467,-1.6131,-1.3518,-1.4372,-1.3367,-1.7789,-1.0251,-1.4724,-1.9774,-2.1884,-0.3668,-0.6307,-2.7462,-1.392,-1.2085
trpos2840.txt_allergen_2049,-1.0231,-1.4224,-0.7426,-1.604,-2.8845,-1.2178,-1.2508,-1.7657,-1.4092,-1.7723,-1.9835,-0.934,-1.4917,-2.1155,-2.4686,-0.7228,-1.1089,-2.934,-1.3861,-1.4356
trpos2840.txt_allergen_2614,-1.1833,-1.2889,-1.5167,-1.5333,-3.3611,-0.9167,-0.85,-2.3222,-1.5167,-1.2889,-1.0889,-0.8667,-1.1667,-1.6,-2.3778,-1.0833,-0.6778,-3.2111,-1.8222,-0.9889
trpos2840.txt_allergen_132,-0.5267,-1.4644,-0.911,-1.1797,-2.7865,-1.0623,-1.0943,-1.589,-1.7153,-1.2473,-1.4004,-0.7544,-1.3078,-1.7473,-1.7171,-0.7776,-0.7438,-2.8452,-1.3719,-0.952
trpos2840.txt_allergen_2980,-0.9549,-0.2566,-0.8942,-1.14,-2.9673,0.3204,-0.0778,-1.4184,-1.2224,-1.9456,-1.7807,-0.7372,-1.7465,-2.0078,-1.6843,-0.5692,-1.0824,-3.2426,-1.8756,-1.5552
trpos2840.txt_allergen_545,-0.1212,-1.4545,-0.9773,-1.1515,-1.4242,-1.3106,-1.1667,-1.1742,-1.7727,-1.6894,-1.7652,-0.8788,-1.3409,-1.8939,-0.5758,-0.2197,-0.3333,-2.9545,-2.0227,-1.3939
trpos2840.txt_allergen_2882,-0.7117,-1.5371,-1.5338,-1.3954,-2.4234,-0.9654,-0.5684,-2.3591,-1.4036,-1.8237,-1.3657,-0.687,-1.397,-2.112,-1.9357,-0.7068,-0.6771,-3.3723,-1.9506,-1.3707
trpos2840.txt_allergen_1252,-1.2247,-1.3315,-1.5056,-1.6236,-3.1685,-1.1011,-0.9101,-2.3258,-1.618,-1.3483,-1.2191,-0.8764,-1.2865,-1.6067,-2.2978,-1.0955,-0.6629,-3.1517,-1.7079,-0.9719
trpos2840.txt_allergen_61,-0.5686,-1.5539,-0.7745,-1.3137,-0.9706,-1.098,-1.5882,-0.7059,-1.8088,-1.8971,-1.7892,-1.4412,-1.5637,-1.8725,-1.7549,-0.3971,-0.6814,-2.299,-1.6029,-1.5049
trpos2840.txt_allergen_3100,-0.6161,-1.5782,-0.6445,-1.5024,-2.4265,-0.8483,-1.3791,-0.9621,-1.5877,-1.8152,-2.0332,-1.1896,-1.4123,-1.8673,-2.0664,-0.1137,-0.2607,-2.3555,-1.1754,-1.3128
trpos2840.txt_allergen_3092,-1.013,-0.4286,-1.8377,-1.9351,-2.3117,0.461,-0.7403,-1.7208,-1.9935,-1.6688,-1.474,-1.3961,-0.4805,-1.9935,-1.961,-0.8636,-1.2597,-2.6429,-1.9935,-1.3766
trpos2840.txt_allergen_3107,-0.174,0.295,-0.3982,-0.5605,-3.3009,1.2891,1.7581,-2.9027,-1.1563,-1.6785,-0.5516,1.2006,-0.8584,-3.4071,-3.8142,-0.5428,-0.823,-4.2478,-2.8289,-1.6283
trpos2840.txt_allergen_1473,-0.4644,-1.6517,-1.2434,-1.9438,-2.5169,-1.4644,-1.8689,-1.1685,-2.0749,-1.9213,-1.985,-1.4232,-1.5468,-2.1124,-2.015,-0.6554,-0.839,-2.8764,-1.9251,-1.367
trpos2840.txt_allergen_948,-0.7837,-0.9375,-1.1058,-0.7308,-2.4423,-0.5673,-0.2548,-1.899,-1.2548,-1.6587,-1.4712,-0.0048,-0.726,-2.0721,-1.976,-0.649,-0.8894,-3.2788,-2.101,-1.5673
trpos2840.txt_allergen_1003,-0.1637,-1.3097,-0.7456,-0.9034,-2.641,-0.8639,-0.9053,-1.1479,-1.4892,-1.4576,-1.6095,-0.854,-1.4675,-1.9211,-1.712,-0.1558,-0.5819,-2.5365,-1.3333,-1.0059
trpos2840.txt_allergen_2962,-0.3955,-2.097,-1.4701,-1.8806,-2.1716,-1.0373,-1.6418,-1.1418,-2.209,-1.5896,-1.7985,-1.2164,-1.4328,-2.3134,-2.5299,-0.8284,-0.7687,-3.4179,-2.0448,-1.209
trpos2840.txt_allergen_2200,-0.6362,-1.4057,-0.501,-0.8362,-2.6971,-1.0552,-1.2248,-1.1124,-1.2038,-1.4743,-1.44,-1.3333,-1.339,-1.259,-1.8057,-0.6019,-0.6952,-1.501,-0.9086,-1.3524
trpos2840.txt_allergen_987,-1.0259,-0.6739,-0.6955,-1.5551,-2.8683,-0.2937,-0.7041,-1.6847,-1.2678,-1.635,-1.5529,-1.0497,-1.6134,-1.7192,-1.7862,-0.4968,-1.0065,-2.9892,-1.7451,-1.3175
trpos2840.txt_allergen_3257,-0.5774,-1.6194,-1.0184,-1.4672,-3.0656,-1.0709,-1.5617,-1.6378,-1.5906,-1.6535,-1.4304,-1.2782,-1.5144,-1.601,-2.0079,-0.7612,-0.9895,-2.5669,-1.2756,-1.4252
trpos2840.txt_allergen_1772,-0.669,-2,-1.4296,-1.6549,-2.2324,-1.1268,-1.2676,-2.1479,-1.9789,-0.9507,-1.4577,-0.7254,-1.5282,-2.2746,-1.9085,-0.7676,-0.5282,-3.3099,-2.1127,-0.5141
trpos2840.txt_allergen_3046,-1.0489,-1.3511,-1.0311,-1.5489,-2.4978,-1.0689,-1.1556,-1.8533,-1.6822,-1.4444,-1.4867,-0.9356,-1.3156,-1.6778,-1.9778,-0.6222,-0.6667,-2.9044,-1.52,-1.3
trpos2840.txt_allergen_1763,-0.775,-2.2,-1.3062,-1.475,-2.8438,-1.55,-0.9062,-1.6562,-1.1313,-1.225,-1.6875,-0.7938,-1.5813,-1.9625,-2.0688,-0.7625,-0.6375,-3.2812,-1.8687,-0.9625
trpos2840.txt_allergen_1097,-0.776,-1.9861,-1.642,-1.8476,-2.9584,-1.6582,-1.4342,-1.9584,-2.2079,-1.6975,-1.9469,-1.3533,-1.6744,-2.388,-2.8245,-1.1062,-1.2425,-3.7182,-2.3072,-1.515
trpos2840.txt_allergen_1528,-0.8559,-1.8468,-0.8333,-1.5541,-2.4279,-1.3468,-1.4279,-1.455,-1.7117,-1.7072,-2.1216,-1.2342,-1.5766,-2.1622,-2.4865,-0.5856,-1.0856,-2.8333,-1.3153,-1.3108
trpos2840.txt_allergen_3127,-0.8709,-1.9453,-0.5295,-1.2495,-2.5536,-1.3129,-1.5864,-1.1838,-1.7112,-1.2516,-1.8643,-1.0635,-1.628,-1.8906,-2.1969,-0.2823,-0.3042,-3.0613,-1.7527,-1.0438
trpos2840.txt_allergen_667,-0.9344,-1.612,-0.8197,-1.3443,-2.5027,-1.1311,-1.2295,-1.9454,-1.9399,-1.5301,-1.4809,-0.918,-1.5137,-1.3224,-2.1639,-0.6612,-0.5519,-2.7978,-1.0492,-0.9836
trpos2840.txt_allergen_2099,-1.0833,-1.4684,-1.1466,-1.2759,-2.5086,-1.0632,-0.9799,-1.9885,-1.5891,-1.454,-1.2615,-0.8075,-1.319,-2.0029,-2.2299,-0.8937,-1.069,-3.1638,-1.9023,-1.3132
trpos2840.txt_allergen_2296,-0.4351,-2.1603,-1.4427,-1.8855,-2.3053,-1.1221,-1.6641,-1.1679,-2.1985,-1.6718,-1.8092,-1.2595,-1.5038,-2.3817,-2.5344,-0.8168,-0.7099,-3.5038,-2.1145,-1.2519
trpos2840.txt_allergen_3156,-1.2432,-0.2206,-0.8583,-1.1385,-2.9211,0.124,-0.0515,-1.7713,-1.2512,-2.0016,-1.8744,-0.6071,-1.9436,-2.087,-1.4316,-0.5765,-1.1208,-3.1514,-1.868,-1.6023
trpos2840.txt_allergen_2632,-0.3661,-1.4464,-1.2054,-1.5446,-1.8304,-0.9286,-0.9196,-1.7589,-1.7054,-1.0357,-0.7054,-0.9464,-0.3304,-1.4821,-1.6964,-0.4821,-0.3393,-2.5446,-1.4018,-0.5982
trpos2840.txt_allergen_3421,-0.2161,-1.5788,-1.2637,-1.3919,-2.4249,-1.0769,-1.1429,-1.0806,-1.7033,-1.5604,-1.7875,-1.1978,-1.2454,-2.0842,-1.8168,-0.685,-0.4029,-2.7839,-1.8462,-1.1282
trpos2840.txt_allergen_878,-0.761,-2.2453,-1.3648,-1.5031,-2.6541,-1.5597,-0.9497,-1.6541,-1.1509,-1.2013,-1.6478,-0.7987,-1.5786,-1.9623,-2.0818,-0.8176,-0.6855,-3.2704,-1.8491,-0.9434
trpos2840.txt_allergen_464,-0.4427,-2.145,-1.5191,-1.9237,-2.313,-1.0992,-1.7023,-1.1374,-2.1756,-1.687,-1.8855,-1.2595,-1.5191,-2.3969,-2.5649,-0.8626,-0.7939,-3.5344,-2.0305,-1.2061
trpos2840.txt_allergen_975,-1.1713,-1.2928,-1.3591,-1.5249,-3.3425,-1.0055,-0.8398,-2.221,-1.5635,-1.3867,-1.232,-0.8011,-1.1934,-1.4972,-2.2762,-1.0221,-0.6685,-3.1436,-1.663,-0.9613
trpos2840.txt_allergen_3246,-0.188,-1.2964,-1.2627,-1.4024,-2.0675,-1.0193,-1,-1.2819,-1.1277,-1.1398,-1.1325,-1.1277,-0.9904,-1.441,-1.5783,-0.6361,-0.6651,-2.7301,-1.3928,-0.8627
trpos2840.txt_allergen_2295,-0.9235,-0.6098,-0.6118,-1.3176,-2.8431,0.1059,-0.5529,-1.451,-1.2098,-1.498,-1.5137,-1.0098,-1.6137,-1.5137,-1.5431,-0.4373,-0.9137,-2.7431,-1.6451,-1.202
trpos2840.txt_allergen_1553,0.7038,-1.2021,-1.2056,-1.3171,-1.8502,-0.7805,-0.7456,-1.1394,-1.4146,-1.4564,-1.6132,-0.5889,-1.2021,-1.9547,-0.7979,-0.0279,-0.1638,-2.446,-1.4495,-0.8258
trpos2840.txt_allergen_3546,-0.9767,-0.7674,-0.9535,-0.8372,-2.5349,1.1395,0.3256,-2.186,-0.7674,-1.9302,-1.7209,-0.4186,-0.7907,-1.5349,0.0465,-0.5349,-0.6047,-1.9535,-0.6744,-1.1628
trpos2840.txt_allergen_2995,-1.172,-1.0376,-0.871,-0.7312,1.2312,-0.5645,-0.8817,-0.0591,-0.8226,-2.5914,-2.3118,-1.629,-2.2151,-2.2957,-0.6559,-0.1452,-0.9516,-2.8925,-1.9677,-1.9892
trpos2840.txt_allergen_1747,-0.9141,-1.2646,-1.0825,-1.1959,-2.5842,-1.0241,-0.5636,-1.5704,-1.2405,-1.3436,-1.3677,-0.6323,-1.3814,-1.7251,-1.9003,-0.89,-0.9759,-2.5155,-1.5258,-1.1718
trpos2840.txt_allergen_330,-0.5813,-1.1321,-1.061,-1.0894,-2.2134,-0.5711,-0.5894,-1.874,-1.124,-0.8577,-0.7947,-0.8516,-0.5203,-1.3415,-1.5752,-0.5976,-0.561,-2.4146,-1.1463,-0.7053
trpos2840.txt_allergen_3274,-0.3455,-1.5772,-1.1057,-1.748,-1.8455,-1.126,-1.6138,-1.1545,-1.5163,-1.8293,-1.8537,-1.3374,-1.5894,-1.9065,-1.4837,-0.3618,-0.3862,-2.7073,-1.7398,-1.3211
trpos2840.txt_allergen_274,-0.7812,-2.1625,-1.2688,-1.4312,-2.75,-1.4875,-0.9125,-1.6062,-1.075,-1.1938,-1.6812,-0.7188,-1.5625,-1.9937,-2.0375,-0.7438,-0.6062,-3.25,-1.8188,-0.9938
trpos2840.txt_allergen_2538,-1.0292,-1.1825,-1.1496,-1.3212,-2.3431,-0.708,-0.7993,-1.9818,-1.1387,-1.8285,-1.5474,-0.9015,-1.6314,-2.0511,-1.9124,-0.4781,-0.5657,-3.1387,-1.7007,-1.0401
trpos2840.txt_allergen_2606,-1.1538,0.5385,-0.1538,-0.1538,-2.8462,0.3077,1.0769,-2.2308,-0.7692,-1.5385,-1.4615,0.3846,-1,-2.3077,-1.7692,-0.6154,-0.9231,-3.0769,-1.8462,-1.1538
trpos2840.txt_allergen_2482,-0.8873,-1.5462,-0.6098,-1.2399,-2.6012,-1.3988,-1.552,-1.2861,-1.3642,-1.3873,-1.974,-1.1127,-1.5462,-2.052,-2.2312,-0.4306,-0.6936,-2.7399,-1.3786,-1.3526
trpos2840.txt_allergen_1807,-0.7568,-1.7237,-0.5117,-1.1887,-2.3016,-1.142,-1.4358,-1.0545,-1.644,-1.3132,-1.8249,-0.9728,-1.5136,-2.0311,-1.9844,-0.3268,-0.3872,-3.0117,-1.716,-1.0195
trpos2840.txt_allergen_1272,-0.513,-1.0699,-0.9896,-1.1917,-2.0881,-0.772,-0.8912,-1.5389,-1.487,-1.1114,-0.9275,-0.7461,-0.8005,-1.4067,-1.5078,-0.5104,-0.399,-2.3083,-1.3264,-0.886
trpos2840.txt_allergen_747,-1.626,-1.7328,-1.1908,-1.4809,-2.9466,-1.1145,-0.6718,-2.2595,-1.8855,-1.5038,-1.9542,-0.3893,-1.4351,-2.0458,-2.9771,-0.9847,-0.3817,-3.0611,-1.9008,-0.9084
trpos2840.txt_allergen_983,0.0917,-1.625,-1.3833,-2.525,-1.925,-1.675,-2.3167,-1.65,-2.675,-1.5833,-1.4833,-1.3833,-1.2667,-2.8167,-1.8417,-0.5,-0.6667,-3.8583,-2.6583,-0.85
trpos2840.txt_allergen_1895,-0.7799,-2.2075,-1.3333,-1.5031,-2.9308,-1.4906,-0.9182,-1.6226,-1.2767,-1.2264,-1.6855,-0.7673,-1.6101,-1.9623,-2.0314,-0.7799,-0.6289,-3.2013,-1.8742,-0.9434
trpos2840.txt_allergen_1172,-0.0231,-1.1561,-1.6243,-1.6416,-2.3699,-0.5954,-1.3988,-0.7052,-1.3873,-1.1445,-1.0347,-1.0925,-0.7225,-1.6994,-1.948,-0.4682,-0.2948,-2.7225,-1.3757,-0.8439
trpos2840.txt_allergen_750,-0.9439,-1.4798,-0.81,-1.6573,-2.6012,-1.271,-1.3209,-1.7259,-1.4673,-1.648,-1.6947,-1.0312,-1.3925,-1.947,-2.2617,-0.704,-1.0218,-2.7944,-1.2773,-1.3396
trpos2840.txt_allergen_1623,-0.4504,-2.1374,-1.4962,-1.9313,-2.3282,-1.1069,-1.687,-1.1985,-2.1679,-1.687,-1.8702,-1.2214,-1.4885,-2.3435,-2.5344,-0.8626,-0.8397,-3.5115,-2.0229,-1.2061
trpos2840.txt_allergen_1411,0.7029,-1.1943,-1.2286,-1.5429,-1.8343,-0.8857,-0.8229,-1.24,-1.6114,-1.3086,-1.5143,-0.6971,-1.1029,-1.9486,-1.1143,0.04,-0.0571,-2.5886,-1.48,-0.7143
trpos2840.txt_allergen_2268,-0.9818,-1.6273,-1.5091,-0.7818,-2.6091,-1.1455,-0.5182,-2.3727,-1.7818,-1.8,-1.5727,-0.6,-0.5455,-1.7,-2.9909,-1.0182,-1.1818,-3.5364,-2.1,-1.6273
trpos2840.txt_allergen_2207,-0.7455,0.1091,-0.8364,-0.9909,-1.8273,0.1545,-0.0455,-1.7455,-0.9182,-1.8545,-1.6545,-0.3091,-1.0182,-2.0727,-1.3545,-0.2091,-0.4545,-2.6,-1.4909,-1.5636
trpos2840.txt_allergen_2342,-0.5755,-1.0849,-1.4528,-1.8585,-2.1226,-0.8302,-1.0472,-2.1792,-1.6321,-0.7075,-0.7642,-0.9528,-0.5283,-1.566,-1.8774,-0.7358,-0.2736,-2.3208,-1.1792,-0.4528
trpos2840.txt_allergen_3359,-0.8974,-1.522,-0.7654,-1.4604,-2.5924,-1.1906,-1.1202,-1.6891,-1.4076,-1.5924,-1.6921,-0.9296,-1.3284,-1.7507,-2.3109,-0.5982,-0.9062,-2.7185,-1.0997,-1.3021
trpos2840.txt_allergen_3074,-0.8393,-2.1571,-1.6286,-1.7143,-2.875,-1.6964,-1.4679,-2.0107,-2.2929,-1.6893,-1.8607,-1.3107,-1.6,-2.2964,-2.6786,-1.1786,-1.3679,-3.6571,-2.25,-1.5393
trpos2840.txt_allergen_516,-0.9458,-1.1938,-1.1708,-1.275,-2.5583,-0.7625,-0.7562,-1.8333,-1.3188,-1.6313,-1.4688,-0.5875,-1.4563,-1.9229,-1.8938,-0.7,-0.8396,-2.9333,-1.7542,-1.2708
trpos2840.txt_allergen_687,0.0684,-1.5812,-1.4103,-2.5641,-1.8803,-1.6667,-2.3675,-1.6581,-2.7009,-1.7265,-1.5214,-1.5043,-1.1368,-2.8889,-1.9573,-0.453,-0.7436,-3.9658,-2.7949,-0.9573
trpos2840.txt_allergen_1042,-0.8996,-1.2355,-1.583,-1.7915,-2.5637,-0.305,-0.7954,-2.4286,-1.3938,-1.1776,-0.7722,-0.9421,-0.6873,-1.6602,-0.1583,-0.6911,-0.8726,-2.8494,-1.5985,-0.7529
trpos2840.txt_allergen_1193,-0.5556,-0.7619,-1.0159,-1.8254,-0.3651,-1.0476,-1.5238,-1.5714,-1.3333,-2.2698,-2.0952,-0.4921,-1.7778,-2.4603,-1.5873,-0.4127,-0.5873,-2.7778,-1.6032,-1.7302
trpos2840.txt_allergen_2783,-0.7816,-1.3766,-0.8544,-1.5728,-2.8038,-1.0253,-1.4051,-1.8892,-2.0823,-1.3259,-1.3924,-1.0095,-1.4652,-1.7816,-2.0886,-0.4557,-0.1392,-3.0886,-1.7532,-1.0253
trpos2840.txt_allergen_1695,-0.6807,-1.4421,-1.5754,-2.0667,-2.6491,1.4281,-0.6386,-1.7825,-1.207,-1.8281,-1.6526,-0.7579,-0.9474,-2.3579,1.0596,-0.3123,-0.4351,-3.0526,-1.7263,-1.1404
trpos2840.txt_allergen_3289,-0.9099,-1.4592,-0.7597,-1.6481,-2.176,-0.9313,-1.3948,-1.8841,-1.4421,-2,-2.03,-0.8755,-1.6695,-2.2961,-1.9399,-0.5107,-0.9056,-2.6309,-1.3734,-1.5665
trpos2840.txt_allergen_2090,-1.0092,-1.6239,-1.578,-0.7248,-2.6055,-1.2752,-0.4954,-2.3945,-1.8991,-1.6881,-1.578,-0.7248,-0.3578,-1.7798,-2.8257,-1.0642,-1.2569,-3.4587,-2.3486,-1.5229
trpos2840.txt_allergen_3434,-0.54,-1.62,-1.42,-1.984,-2.632,-1.468,-1.996,-1.208,-2.148,-1.972,-1.964,-1.44,-1.696,-2.136,-2.232,-0.708,-0.864,-3.104,-1.948,-1.428
trpos2840.txt_allergen_1582,0.5676,-1.2162,-1.2973,-1.4234,-2,-0.8649,-0.7748,-1.4054,-1.3333,-1.4595,-1.4775,-0.5135,-1.1351,-1.8919,-1.2252,-0.2162,-0.2342,-2.3514,-1.4685,-0.8288
trpos2840.txt_allergen_3404,-0.7587,-1.3007,-0.8916,-1.5874,-2.965,-1.1014,-1.4406,-1.8811,-2.049,-1.2692,-1.3671,-1.0594,-1.5385,-1.7343,-2.2028,-0.3986,-0.1713,-3.0559,-1.7028,-0.986
trpos2840.txt_allergen_2764,-0.6351,-1.8161,-0.9253,-1.592,-2.7902,-1.1782,-1.7356,-1.6293,-1.9138,-1.4368,-1.4655,-1.454,-1.5,-1.7126,-1.8793,-0.4397,-0.6264,-2.9713,-1.6207,-1.1897
trpos2840.txt_allergen_502,-0.3363,-0.8304,-0.4532,-0.8801,-1.9737,-0.3743,-0.3538,-1.1813,-0.6257,-1.3947,-1.4942,-0.6754,-0.9708,-1.9357,-1.2865,-0.1491,-0.3041,-2.6374,-1.4269,-0.9327
trpos2840.txt_allergen_1468,-0.7812,-1.8672,-1.1641,-1.3906,-2.1797,-0.9766,-1.1016,-1.8047,-1.7734,-1.2031,-1.6328,-0.5469,-1.5781,-2.4688,-1.7656,-0.7031,-0.4844,-3.2891,-2.1641,-0.7188
trpos2840.txt_allergen_1860,-0.8071,-1.2714,-1.0143,-1.1857,-2.1286,-0.9214,-0.7214,-1.7143,-1.7286,-1.4071,-1.5786,-0.55,-1.4071,-2.0071,-1.5214,-0.6571,-0.5571,-2.9857,-1.75,-1.0143
trpos2840.txt_allergen_2536,-0.243,0.2465,-0.3908,-0.5317,-3.2852,1.3239,1.743,-3.1197,-1.0739,-1.6408,-0.6585,1.1831,-0.7606,-3.419,-4.0528,-0.5915,-0.8768,-4.4049,-2.7641,-1.7676
trpos2840.txt_allergen_2523,-0.7862,-2.1321,-1.3145,-1.4969,-2.8868,-1.5346,-0.8994,-1.6604,-1.1447,-1.195,-1.6352,-0.761,-1.5535,-1.956,-1.9874,-0.8113,-0.6415,-3.2264,-1.8365,-0.9308
trpos2840.txt_allergen_2044,-0.7403,-2.2013,-1.3961,-1.487,-2.8247,-1.5909,-0.9091,-1.5844,-1.1494,-1.1494,-1.6818,-0.7727,-1.6039,-2.0195,-2.1948,-0.8117,-0.6234,-3.3312,-1.8831,-0.9286
trpos2840.txt_allergen_36,-0.75,-1.4115,-0.7344,-0.5833,-2.276,-0.7969,-0.5885,-1.625,-1.526,-1.3021,-1.3281,-0.6979,-0.901,-1.2969,-2.1771,-0.7552,-0.9427,-2.3594,-1.3073,-1.1823
trpos2840.txt_allergen_2514,-0.1268,0.3122,-0.7854,-0.7854,-3.6098,1.4293,1.5951,-3.0439,-1.5902,-2.0683,-0.9024,1.0244,-0.9902,-3.7951,-3.9512,-0.7756,-0.9659,-4.639,-3.1463,-1.722
trpos2840.txt_allergen_1538,-0.7674,-2,-1.1783,-1.3333,-2.3023,-0.9845,-1.1085,-1.9225,-1.8605,-1.155,-1.7442,-0.6047,-1.7287,-2.6357,-1.7209,-0.6977,-0.5194,-3.3566,-2.2403,-0.7054
trpos2840.txt_allergen_1557,0.7282,-1.3031,-1.2613,-1.3937,-1.8571,-0.8223,-0.77,-1.1185,-1.5087,-1.4774,-1.6411,-0.6132,-1.1916,-1.9756,-0.7805,-0.0244,-0.1324,-2.5401,-1.4878,-0.8223
trpos2840.txt_allergen_908,-0.7468,-1.5039,-0.7209,-1.4419,-2.4935,-1.3566,-1.6072,-1.354,-1.4884,-1.3385,-1.7054,-1.1912,-1.491,-1.9612,-2.168,-0.3824,-0.6563,-2.6873,-1.4548,-1.2274
trpos2840.txt_allergen_1551,0.7561,-1.3275,-1.3101,-1.4425,-1.9721,-0.8606,-0.77,-1.0383,-1.5645,-1.4425,-1.6237,-0.6237,-1.2753,-1.9826,-0.7666,-0.0035,-0.1394,-2.5749,-1.547,-0.77
trpos2840.txt_allergen_2984,-0.486,-1.6434,-1.3147,-1.9965,-2.2028,-1.465,-1.9091,-1.1783,-2.0315,-1.6329,-1.7692,-1.4336,-1.3601,-1.9021,-2.0175,-0.5594,-0.7063,-2.8636,-1.7517,-1.0559
trpos2840.txt_allergen_1125,-1.3795,-1.5181,-1.4036,-1.494,-3.1265,-1.1566,-0.8133,-2.4398,-1.5241,-1.3072,-1.1687,-0.6928,-1.0361,-1.6446,-2.3735,-1.0361,-0.5482,-3.488,-1.6928,-0.988
trpos2840.txt_allergen_3171,-0.5498,-1.6096,-1.3984,-2.004,-2.6016,-1.49,-1.8924,-1.2948,-2.0558,-1.9163,-1.9044,-1.4183,-1.5618,-2.0478,-2.2151,-0.6614,-0.8884,-2.9681,-1.9124,-1.3865
trpos2840.txt_allergen_2869,-0.9455,-0.8727,-1.0606,-0.5758,-2.2182,-0.5333,-0.2182,-2.0788,-1.0485,-1.5152,-1.3576,-0.1455,-0.2485,-1.1636,-2.3758,-0.8121,-0.9394,-2.9091,-1.5636,-1.6424
trpos2840.txt_allergen_2748,-1.1222,-1.3213,-1.1629,-1.5701,-3.1493,-0.7421,-1.0317,-1.6516,-1.4661,-1.7195,-1.6154,-0.9864,-1.8416,-2.0905,-1.5566,0.1357,0.0271,-2.9638,-1.81,-1.0271
trpos2840.txt_allergen_3265,-0.8417,-1.525,-0.7917,-1.6292,-2.0708,-0.9417,-1.4333,-1.8542,-1.5667,-1.975,-1.8792,-0.9417,-1.575,-2.2292,-1.8042,-0.4958,-0.9208,-2.5083,-1.3417,-1.5
trpos2840.txt_allergen_3113,0.0699,-0.7688,-0.6882,-0.957,-2.629,0.172,0.2742,-2.0323,-1.3978,-1.4892,-1.0806,0.1774,-1.1075,-2.2903,-1.871,-0.2742,-0.5161,-3.1344,-2,-1.1075
trpos2840.txt_allergen_3348,-0.6034,-1.4221,-1.0057,-1.4646,-3.034,-1.2295,-1.5184,-1.6261,-2.1756,-1.4051,-1.4136,-1.2125,-1.4108,-1.4419,-2.0538,-0.5524,-0.7479,-2.9972,-2.1586,-1.1756
trpos2840.txt_allergen_347,-0.7358,-2.1321,-1.3208,-1.522,-2.8365,-1.5409,-0.8742,-1.5346,-1.1258,-1.1698,-1.6855,-0.7358,-1.5912,-1.9748,-1.9811,-0.7736,-0.5849,-3.2013,-1.7862,-0.9874
trpos2840.txt_allergen_3463,-0.6681,-0.9787,-1.6596,-1.4426,-2.9362,-1,-0.8383,-2.0255,-1.6085,-1.3447,-1.4894,-1.217,-1.3702,-2.4043,-1.6723,-1.0383,-0.9872,-3.4043,-2.1702,-1.1191
trpos2840.txt_allergen_375,-0.7024,-2.239,-0.9756,-1.8,-3.1268,-1.1463,-1.2244,-2.0732,-1.5902,-1.9415,-1.7366,-1.0634,-2.0049,-2.2,-2.5902,-1.2976,-1.2683,-3.078,-2.078,-1.7171
trpos2840.txt_allergen_1048,-0.9699,-1.3014,-1.2712,-1.6795,-2.8356,-1.0301,-1.2904,-2.0959,-1.4247,-1.5562,-1.3644,-1.1315,-1.3178,-1.7479,-1.937,-0.9479,-0.9233,-2.4795,-1.3288,-1.2411
trpos2840.txt_allergen_2568,-0.1429,-2.1429,-1.8571,-2,-1.2857,-1.7857,-1.5,-1.8571,-1.5714,-1.1429,-1.3571,-1.6429,-1.0714,-0.3571,-2.3571,-1,-1.0714,-1.9286,-0.4286,-0.8571
trpos2840.txt_allergen_905,-0.6709,-1.5,-0.691,-1.407,-2.5,-1.3191,-1.6206,-1.3241,-1.4472,-1.3241,-1.7915,-1.0251,-1.4874,-1.9246,-2.1658,-0.3442,-0.6206,-2.7136,-1.3894,-1.191
trpos2840.txt_allergen_350,-0.3817,-2.1908,-1.4733,-1.9847,-2.2824,-1.1069,-1.7176,-1.1756,-2.2443,-1.687,-1.8092,-1.2366,-1.5038,-2.2824,-2.6107,-0.8168,-0.7863,-3.5038,-2.1069,-1.2137
trpos2840.txt_allergen_57,-0.6932,-0.9943,-0.5909,-1.0625,-2.142,-0.5909,-0.75,-1.3409,-0.8864,-1.6818,-1.7159,-0.5341,-1.2102,-1.8295,-1.142,-0.3977,-0.5568,-2.4602,-1.3068,-1.4148
trpos2840.txt_allergen_1498,-0.9222,-1.6389,-1.4,-1.45,-2.7222,-0.7,-0.7222,-2.6278,-0.8889,-2.0389,-1.4722,-0.8333,-1.3444,-2.1111,-2.9,-0.9556,-1.2056,-3.2167,-1.6611,-1.6222
trpos2840.txt_allergen_1281,-0.6997,-1.3291,-1.7796,-1.8403,-2.5048,1.4409,-0.508,-1.6837,-1.5495,-1.8275,-1.6038,-0.6006,-1.4121,-2.361,1.3387,-0.2971,-0.4537,-2.9808,-2.0831,-1.1246
trpos2840.txt_allergen_3298,-0.9056,-1.5451,-0.7639,-1.6781,-2.1416,-1.0129,-1.4893,-1.9313,-1.5622,-2,-1.9485,-0.9657,-1.6266,-2.176,-1.7554,-0.5236,-0.97,-2.6266,-1.3348,-1.4979
trpos2840.txt_allergen_3326,-0.9385,-1.4769,-0.4615,-0.8462,-1.5692,-0.3538,-0.4308,-1.0308,-1.3538,-2.2462,-2.2308,-0.9385,-1.6462,-2.5077,-1.6308,-0.4615,-0.5846,-2.8462,-1.9692,-1.7846
trpos2840.txt_allergen_321,-0.5095,-1.5361,-1.2966,-1.8745,-2.4068,-1.4677,-1.8479,-1.1407,-2,-1.9163,-1.9392,-1.3764,-1.5323,-2.0989,-2.0266,-0.6388,-0.8631,-2.8897,-1.8859,-1.3612
trpos2840.txt_allergen_210,-0.8125,-2.1625,-1.3062,-1.45,-2.8688,-1.5188,-0.8938,-1.6438,-1.1187,-1.2375,-1.6562,-0.8062,-1.5562,-1.9688,-2.0062,-0.7938,-0.6188,-3.3,-1.8813,-1.0188
trpos2840.txt_allergen_3413,-0.9127,-1.8218,-0.8182,-1.4909,-2.9564,-1.4109,-1.5527,-2,-1.9127,-1.3927,-1.5309,-1.3855,-1.8182,-1.6545,-1.9127,-0.1927,-0.28,-2.9636,-1.5564,-1.0691
trpos2840.txt_allergen_1410,0.585,-1.2313,-1.3571,-1.432,-1.8946,-0.8129,-0.8061,-1.2959,-1.4864,-1.3503,-1.4592,-0.6701,-1.1395,-1.8878,-0.8776,-0.1429,-0.2959,-2.5102,-1.5068,-0.7619
trpos2840.txt_allergen_514,-0.6888,-0.7423,-1.2551,-1.523,-2.6454,-0.8724,-1.0357,-1.2577,-1.3673,-1.4592,-1.6173,-0.2143,-1.4821,-2.051,-1.4745,-0.8469,-0.7219,-2.7755,-1.7883,-0.949
trpos2840.txt_allergen_731,-0.6514,-0.9371,-0.4057,-0.6514,-1.9714,-0.4571,-0.3943,-1.5086,-1.2514,-1.2286,-1.2914,-0.7257,-0.7943,-1.72,-1.3943,-0.0857,-0.0171,-2.3543,-1.4743,-0.8571
trpos2840.txt_allergen_1650,-0.8757,-1.3343,-0.5207,-1.3018,-2.5325,-1.0118,-0.926,-1.4615,-1.2722,-1.5444,-1.7249,-0.787,-1.3698,-1.7899,-2.0178,-0.5976,-0.8964,-2.7012,-0.9763,-1.2751
trpos2840.txt_allergen_2809,-0.917,-0.6304,-0.7549,-1.4269,-2.6877,-0.0296,-0.6779,-1.5138,-1.2174,-1.5059,-1.4032,-1.087,-1.5731,-1.5474,-1.5494,-0.4585,-0.8478,-2.7352,-1.6304,-1.1996
trpos2840.txt_allergen_1998,-0.2923,0.1937,-0.4542,-0.6021,-3.5106,1.2394,1.6796,-3.0845,-1.2254,-1.7289,-0.7746,1.1972,-0.8627,-3.412,-3.9613,-0.5669,-0.7817,-4.5423,-2.7676,-1.7359
trpos2840.txt_allergen_710,-1.0606,-0.8247,-0.8485,-1.7078,-2.9329,-0.2229,-0.9567,-1.7056,-1.4177,-1.513,-1.4957,-1.2446,-1.6104,-1.539,-1.7597,-0.5844,-1.0043,-3.1126,-1.8182,-1.2186
trpos2840.txt_allergen_2013,-1.6073,-1.4977,-1.1979,-1.3044,-3.3044,-1.2466,-1.1705,-2.6408,-0.7336,-1.723,-1.7154,-1.2009,-1.0274,-1.3227,-2.3942,-1.3288,-1.1811,-2.8356,-0.6591,-1.3059
trpos2840.txt_allergen_1132,-0.4286,-2.0526,-1.4662,-1.9323,-2.3083,-1.1955,-1.7744,-1.2331,-2.1053,-1.7068,-1.8421,-1.3233,-1.4962,-2.3308,-2.5414,-0.9098,-0.8947,-3.6316,-2.1203,-1.2256
trpos2840.txt_allergen_2690,-0.5731,-1.419,-0.6917,-1.3043,-2.1779,-1.0158,-1.4071,-1.1225,-1.5731,-1.7708,-1.8182,-1.3755,-1.4664,-1.7115,-1.8419,-0.6759,-0.8261,-2.502,-1.5494,-1.5059
trpos2840.txt_allergen_1239,-0.8203,-1.2949,-1.6814,-1.9559,-2.2949,1.3898,-0.8407,-1.5525,-1.478,-1.6068,-1.3153,-0.9763,-1,-1.8746,0.4678,-0.2983,-0.8136,-2.6746,-1.678,-1.0508
trpos2840.txt_allergen_135,-0.2007,0.2372,-0.4891,-0.5657,-3.3978,1.3431,1.7336,-3.0912,-1.3394,-1.7555,-0.7628,1.1788,-0.9672,-3.4708,-4.0657,-0.6277,-0.8723,-4.4015,-2.9088,-1.7263
trpos2840.txt_allergen_1820,-1.0248,-1.3622,-1.2693,-1.6533,-3.0526,-0.9814,-1.2477,-2.1022,-1.3467,-1.6904,-1.4923,-1.1053,-1.3746,-1.7833,-1.9659,-1.0217,-0.9598,-2.4582,-1.3375,-1.3251
trpos2840.txt_allergen_2449,0,-1.1429,-0.8095,-0.8095,-1.0952,-0.3333,-0.7143,-1.6667,-1.5238,-1.0952,-1.0476,-0.7143,-0.6667,-1.8095,-1.0952,0.4286,0.2381,-2.4286,-1.4286,-0.6667
trpos2840.txt_allergen_1165,-1.3049,-1.4878,-1.561,-0.8902,-3.2195,-1.0854,-0.5488,-2.5488,-1.9146,-1.9268,-1.561,-0.5976,-0.3659,-1.878,-3.378,-1.1707,-1.3293,-3.8293,-2.378,-1.8537
trpos2840.txt_allergen_3125,-0.7203,-0.8842,-0.9464,-1.2712,-1.2465,-0.702,-0.9078,-1.2219,-1.1393,-1.5981,-1.2647,-1.2154,-1.2797,-1.6849,-1.1158,-0.5284,-0.7213,-2.5831,-1.5498,-1.2497
trpos2840.txt_allergen_3189,-0.4198,-1.6221,-1.4084,-1.9809,-2.4351,-1.4046,-1.9313,-1.1832,-2.0496,-1.874,-1.8664,-1.4504,-1.4924,-2.0687,-2.0992,-0.5725,-0.8588,-2.9198,-1.8588,-1.3473
trpos2840.txt_allergen_1273,-0.9495,-0.7248,-0.6239,-1.6193,-3.0275,-0.5275,-0.9817,-1.6514,-1.4633,-1.6284,-1.6193,-0.9587,-1.5642,-1.6147,-1.9083,-0.4679,-1.0092,-3.1422,-1.7798,-1.2752
trpos2840.txt_allergen_1080,-0.2606,0.2923,-0.4331,-0.6479,-3.4331,1.3204,1.7535,-3.1444,-1.0915,-1.743,-0.6761,1.1444,-0.9014,-3.3768,-4.0669,-0.5528,-0.8908,-4.4331,-2.7183,-1.7254
trpos2840.txt_allergen_826,-1.0866,-1.3202,-1.1234,-1.2362,-2.5118,-0.9921,-0.8976,-1.9318,-1.5223,-1.4016,-1.21,-0.6929,-1.2625,-1.958,-2.1549,-0.8819,-1.0315,-3.0656,-1.853,-1.3202
trpos2840.txt_allergen_384,-0.3893,-2.1374,-1.4733,-1.916,-2.2824,-1.1374,-1.7252,-1.1527,-2.1985,-1.6641,-1.8168,-1.2519,-1.458,-2.3282,-2.5496,-0.7939,-0.7939,-3.5191,-2.0382,-1.2443
trpos2840.txt_allergen_2251,-0.5168,-1.2441,-0.8333,-1.1667,-1.8805,-0.8266,-0.9529,-1.2761,-1.3838,-1.2744,-1.2609,-0.9663,-0.8687,-1.6212,-0.9579,-0.362,-0.431,-2.3535,-1.3737,-0.9478
trpos2840.txt_allergen_1339,-0.7355,-0.9348,-1.4819,-1.4312,-2.6196,1.6087,-0.3804,-1.9022,-1.1051,-1.9348,-1.5254,-0.5471,-1.3877,-2.2862,0.9384,-0.3261,-0.7246,-2.7174,-1.7645,-1.3188
trpos2840.txt_allergen_309,-0.3684,-2.1429,-1.4135,-1.8947,-2.3158,-1.0827,-1.6617,-1.1955,-2.2105,-1.6165,-1.8271,-1.2331,-1.4511,-2.2782,-2.5564,-0.8647,-0.7594,-3.4812,-2.0602,-1.218
trpos2840.txt_allergen_3444,-0.9714,-1.0898,-1.2735,-1.7429,-2.951,-0.7714,-1.0571,-1.8327,-1.3143,-1.1796,-1.2776,-0.9551,-1.2,-1.6286,-1.0776,-0.1796,-0.2367,-2.6857,-1.4857,-0.6245
trpos2840.txt_allergen_1092,-0.8712,-1.5337,-0.773,-1.7239,-2.4356,-0.9632,-1.4724,-1.7607,-1.3926,-1.7607,-1.7485,-1.0429,-1.5521,-1.908,-1.7791,-0.5706,-1.0307,-2.2883,-1.0798,-1.3558
trpos2840.txt_allergen_843,-0.115,0.3484,-0.4739,-0.6376,-3.5296,1.4146,1.7735,-3.0976,-1.2544,-1.6934,-0.7108,1.2369,-0.9791,-3.4425,-4.0941,-0.6237,-0.8815,-4.4564,-2.8153,-1.777
trpos2840.txt_allergen_143,-0.6865,-1.4766,-1.2071,-1.4213,-2.3532,-1.0695,-1.0837,-1.8241,-1.7206,-1.8369,-1.722,-0.8468,-1.5688,-2.1901,-1.9121,-0.6326,-0.8936,-3.0468,-1.8709,-1.3688
trpos2840.txt_allergen_1610,-0.7727,-1.1212,-1,-1.1818,-2.1591,-0.9621,-0.75,-1.697,-1.8106,-1.3712,-1.553,-0.5303,-1.3258,-2,-1.6515,-0.6364,-0.5076,-3.0227,-1.7576,-0.9773
trpos2840.txt_allergen_2916,-0.4403,-2.1119,-1.4627,-1.8433,-2.2239,-1.097,-1.6642,-1.1343,-2.1642,-1.6194,-1.8209,-1.209,-1.4627,-2.3134,-2.5075,-0.8209,-0.7612,-3.4552,-2.0746,-1.2015
trpos2840.txt_allergen_637,-0.8053,-1.3584,-0.7743,-1.6062,-2.1504,-0.9602,-1.2478,-1.615,-1.2832,-1.5575,-1.7655,-0.8761,-1.4513,-1.9602,-1.6593,-0.5088,-0.8053,-2.2566,-1.0796,-1.2257
trpos2840.txt_allergen_2710,-0.7025,-2.1392,-1.2405,-1.519,-2.8481,-1.4494,-1.0127,-1.5,-1.4367,-1.1329,-1.6582,-0.8291,-1.5253,-1.9304,-1.9304,-0.6709,-0.6203,-3.1392,-1.8671,-0.8861
trpos2840.txt_allergen_297,-0.7793,-1.1931,-0.9793,-1.0897,-2.2207,-0.8759,-0.7034,-1.6828,-1.6897,-1.3931,-1.6,-0.5448,-1.3655,-2.0552,-1.469,-0.6345,-0.5724,-3,-1.7379,-1.0552
trpos2840.txt_allergen_180,-0.5305,-1.2864,-1.2394,-1.0657,-2.3944,-0.8451,-0.7746,-1.8685,-1.3615,-0.8779,-1.0423,-0.6197,-0.6901,-1.7512,-1.7746,-0.784,-0.6854,-2.8169,-1.6056,-0.723
trpos2840.txt_allergen_1822,-0.987,-2.2338,-1.1403,-1.7117,-2.9818,-1.0961,-1.7273,-1.6519,-2.1091,-1.4364,-1.4623,-1.613,-1.6831,-1.6364,-2.0961,-0.3662,-0.5273,-3.3169,-1.4545,-1.1299
trpos2840.txt_allergen_229,-0.7421,-2.1761,-1.3082,-1.4654,-2.7673,-1.5031,-0.9245,-1.6478,-1.0314,-1.1384,-1.5975,-0.7233,-1.4969,-1.9119,-2.0943,-0.8679,-0.673,-3.2327,-1.761,-0.9119
trpos2840.txt_allergen_86,0.1988,-2.1925,-1.7329,-1.6646,-2.7888,-1.3478,-1.5217,-1.9752,-1.0559,-1.4286,-1.1304,-0.9814,-1.2547,-1.6522,-2.6708,-0.9689,-1.0807,-3.6087,-2.2484,-0.764
trpos2840.txt_allergen_2773,-0.627,-1.2715,-0.4434,-0.7715,-2.7285,-1.002,-1.2188,-1.041,-0.9297,-1.332,-1.2988,-1.3281,-1.0957,-1.0137,-1.6348,-0.7051,-0.6875,-1.3379,-0.6699,-1.2617
trpos2840.txt_allergen_398,0.1111,-1.5812,-1.3846,-2.5385,-1.8291,-1.6325,-2.3162,-1.6667,-2.6239,-1.735,-1.5299,-1.4444,-1.0769,-2.8462,-1.9145,-0.4444,-0.7778,-3.8547,-2.7265,-1.0427
trpos2840.txt_allergen_1427,-0.615,-1.4759,-0.5882,-1.2139,-1.0749,-0.9572,-1.508,-0.7754,-1.7968,-2.0267,-1.9893,-1.2995,-1.7219,-1.9947,-1.7487,-0.3957,-0.6684,-2.2995,-1.6096,-1.6578
trpos2840.txt_allergen_2518,-0.1287,0.1931,-0.6881,-0.7327,-3.599,1.2525,1.5743,-3.1089,-1.4901,-2.005,-0.8614,1.0347,-1.0644,-3.6931,-3.896,-0.7574,-0.9752,-4.5297,-2.9703,-1.7822
trpos2840.txt_allergen_1169,-0.1243,-1.1775,-1.6746,-1.716,-2.4201,-0.6095,-1.3136,-0.8166,-1.5503,-1.2189,-1.0947,-1.0237,-0.6686,-1.7811,-2.0178,-0.5325,-0.284,-2.8698,-1.4852,-0.8402
trpos2840.txt_allergen_2528,-0.3969,-2.1679,-1.458,-1.9313,-2.3511,-1.1145,-1.6947,-1.1756,-2.1832,-1.687,-1.8168,-1.2519,-1.5115,-2.313,-2.5725,-0.7863,-0.7557,-3.5191,-2.0763,-1.2214
trpos2840.txt_allergen_1736,0.7297,-2.2703,-1.7928,-1.3604,-2.6937,-1.4414,-0.5315,-1.1532,-2.4505,-2.1802,-2.0811,-0.9459,-1.7658,-3.009,-1.7658,-0.3063,-1.1261,-3.8108,-2.7387,-1.2523
trpos2840.txt_allergen_3249,-0.6005,-1.6684,-0.9974,-1.423,-3.0888,-1.107,-1.4935,-1.611,-1.5091,-1.5718,-1.3943,-1.2637,-1.5144,-1.5561,-1.9948,-0.7546,-0.9817,-2.53,-1.3603,-1.3394
trpos2840.txt_allergen_3252,-0.6122,-1.6195,-0.9854,-1.4512,-3.0024,-1.0317,-1.4854,-1.6171,-1.4976,-1.539,-1.3659,-1.2561,-1.4463,-1.5878,-2.0146,-0.7244,-0.9,-2.4659,-1.3707,-1.2195
trpos2840.txt_allergen_3490,-0.365,-1.3577,-0.8248,-1.1095,-1.7737,-0.8175,-0.927,-1.1095,-1.2482,-1.6569,-1.6569,-0.9197,-1.2336,-1.6204,-1.6277,-0.1752,-0.3723,-2.4161,-1.2409,-1.2774
trpos2840.txt_allergen_1013,-1.073,-1.441,-1.2837,-1.3006,-2.4888,-1.0393,-0.9382,-2.0112,-1.6292,-1.3708,-1.2022,-0.8174,-1.2809,-2.0056,-2.2163,-0.9073,-1.0169,-3.1798,-1.9017,-1.2303
trpos2840.txt_allergen_2050,-0.5638,-1.4027,-0.6946,-1.2584,-1.7483,-0.9094,-1.4329,-0.7919,-1.6577,-2.0235,-2.0268,-1.302,-1.7248,-1.8826,-1.4396,-0.5101,-0.7617,-2.4161,-1.6376,-1.7248
trpos2840.txt_allergen_3427,-0.8353,-1.5098,-0.8863,-1.7059,-2.0353,-1.0078,-1.3686,-1.7882,-1.5961,-1.7451,-1.7255,-1.0314,-1.5216,-1.9294,-1.6745,-0.4314,-0.7843,-2.5412,-1.2667,-1.3098
trpos2840.txt_allergen_1751,-0.4021,-1.2275,-0.7302,-0.9048,-1.5291,-0.9735,-0.9365,-0.8624,-1.4127,-1.873,-1.9788,-1.0582,-1.4656,-2.4074,-1.3069,-0.1534,-0.5079,-2.709,-1.8995,-1.4444
trpos2840.txt_allergen_2981,-0.5959,-1.6678,-1.1301,-1.9007,-2.3562,-1.339,-1.9041,-1.2329,-1.9384,-1.4384,-1.7295,-1.3938,-1.3288,-1.7568,-2.0514,-0.6952,-0.7432,-2.6404,-1.5137,-1.0719
trpos2840.txt_allergen_2740,-0.6767,-1.6099,-1.3254,-1.9504,-2.6121,-1.4138,-1.8103,-1.2953,-2.0388,-1.8901,-1.9353,-1.3987,-1.5496,-2.1638,-2.1487,-0.7974,-0.9289,-2.8836,-1.8556,-1.3664
trpos2840.txt_allergen_2758,-0.5467,-1.2076,-1.0876,-1.4,-2.2019,-1.0552,-0.9924,-1.5105,-1.4781,-1.1276,-1.0857,-1.0324,-1.0838,-1.5752,-1.7467,-0.5086,-0.619,-2.5048,-1.3848,-0.8229
trpos2840.txt_allergen_3523,-0.72,-0.64,-0.36,-1.16,-2.12,-0.48,-0.68,-1.32,-0.88,-1.28,-1.2,-0.44,-0.48,-1.4,-1.6,-0.12,-0.84,-2.56,-1.32,-1.2
trpos2840.txt_allergen_974,-0.5269,-1.4122,-1.6452,-1.9642,-2.6738,1.6595,-0.491,-1.7276,-1.7276,-1.8781,-1.8172,-0.6882,-1.5735,-2.5878,1.3871,-0.3369,-0.5627,-3.233,-2.2616,-1.233
trpos2840.txt_allergen_2322,-1.0231,-1.363,-0.7459,-1.6304,-2.802,-1.1815,-1.231,-1.7492,-1.3828,-1.7921,-1.9571,-0.9241,-1.4587,-2.0957,-2.3927,-0.7261,-1.0858,-2.9208,-1.3729,-1.4917
trpos2840.txt_allergen_965,-0.3134,0.2817,-0.507,-0.5739,-3.6162,1.3521,1.7641,-3.1162,-1.0739,-1.669,-0.6796,1.2394,-0.8415,-3.4261,-4.0423,-0.6021,-0.9085,-4.3697,-2.9648,-1.7465
trpos2840.txt_allergen_726,-1.3681,-1.9571,-1.3497,-1.7117,-2.7975,-1.6503,-1.5399,-1.8098,-2.0552,-1.816,-2.2515,-1.1411,-1.8528,-2.1534,-2.3067,-1.1963,-0.8712,-3.816,-2.1595,-1.454
trpos2840.txt_allergen_1506,-0.7986,-0.1875,-1.2708,-1.4653,-1.7639,0.4444,-0.3264,-1.75,-1.5069,-1.6806,-1.3611,-0.7083,-0.375,-2.1528,-1.9861,-0.5,-1.0903,-2.5625,-1.8889,-1.4306
trpos2840.txt_allergen_2674,-1.1156,-1.5578,-1.2789,-1.7211,-2.5034,-1.517,-1.7619,-2.0544,-1.7483,-1.8639,-1.6871,-1.1769,-1.6054,-2.2789,-2.7143,-0.9388,-1.1905,-3.0476,-1.8639,-1.5986
trpos2840.txt_allergen_3475,-0.3796,-1.3869,-0.7591,-1.0073,-1.7737,-0.7591,-0.8686,-1.1241,-1.292,-1.6423,-1.6423,-0.9197,-1.2263,-1.6423,-1.6277,-0.1095,-0.3723,-2.4453,-1.2774,-1.2774
trpos2840.txt_allergen_2335,-0.9234,-1.8829,-0.8919,-1.5721,-2.4234,-1.3153,-1.5045,-1.5,-1.8333,-1.7703,-2.1441,-1.2658,-1.6622,-2.2748,-2.5405,-0.6351,-1.0135,-2.8694,-1.3784,-1.3108
trpos2840.txt_allergen_1285,-0.7766,-1.3582,-1.7092,-1.8936,-2.5957,1.4965,-0.3759,-2.0496,-1.6312,-1.7801,-1.5177,-0.6879,-1.3511,-2.3369,1.1277,-0.3865,-0.4433,-3.2624,-2.1489,-1.1312
trpos2840.txt_allergen_938,0.7036,-1.2704,-1.4853,-1.5798,-1.9055,-0.9218,-0.9479,-1.3811,-1.5993,-1.3485,-1.43,-0.8046,-1.1238,-1.9479,-0.8274,-0.1661,-0.1889,-2.4886,-1.5147,-0.7362
trpos2840.txt_allergen_2412,-0.8103,-2,-1.4051,-1.3795,-3.0308,-1.3949,-1.2359,-1.9744,-1.8872,-1.2462,-1.4205,-0.7897,-1.6256,-1.9795,-2.0462,-1.0974,-0.9692,-3.3897,-1.8769,-0.9487
trpos2840.txt_allergen_2480,-0.6667,-1,-0.3333,-1.0556,-1.8333,-0.8889,-1.0556,-1.0556,-1.1111,-1.5556,-1.5,-0.8333,-1.1111,-1.2778,-1.3333,0.0556,0.1667,-2,-0.8333,-1.1111
trpos2840.txt_allergen_1851,-0.8947,-0.1729,-1.6316,-1.609,-1.9173,0.3985,-0.4812,-1.8722,-1.3985,-1.7594,-1.4135,-0.7744,-0.1579,-2.1429,-1.8346,-0.8271,-1.3609,-2.5564,-1.9624,-1.5113
trpos2840.txt_allergen_2091,-0.7215,-1.8506,-0.5544,-1.1797,-2.4835,-1.2886,-1.5139,-0.9165,-1.7595,-1.2203,-1.838,-1.0228,-1.6101,-1.9291,-2.2,-0.2861,-0.3367,-2.9747,-1.843,-1.0101
trpos2840.txt_allergen_1404,-1.1687,-1.759,-1.6265,-1.0241,-2.9639,-1.1928,-0.5904,-2.6024,-1.9277,-1.8193,-1.5783,-0.5904,-0.2651,-1.8193,-3.5422,-1.1687,-1.4217,-3.6627,-2.2048,-1.8193
trpos2840.txt_allergen_2920,-0.4046,-2.1527,-1.4427,-1.9084,-2.3359,-1.1069,-1.7099,-1.1603,-2.2214,-1.7023,-1.8168,-1.2595,-1.4504,-2.3206,-2.542,-0.8321,-0.7786,-3.5725,-2.0687,-1.2214
trpos2840.txt_allergen_1343,-0.725,-2.175,-1.4,-1.5875,-3.0625,-1.4875,-1.0625,-1.75,-1.6875,-1.1375,-1.7,-1.05,-1.6125,-1.9875,-1.9375,-0.7375,-0.5875,-3.325,-2.075,-0.8125
trpos2840.txt_allergen_2381,-1.0809,-0.7859,-0.8094,-1.5953,-2.9713,-0.2846,-0.8616,-1.6684,-1.3316,-1.5431,-1.564,-1.1906,-1.705,-1.6997,-1.7937,-0.5953,-1.0209,-2.9896,-1.765,-1.201
trpos2840.txt_allergen_3193,-0.572,-1.6,-1.412,-1.988,-2.572,-1.412,-1.888,-1.32,-2.04,-1.888,-1.888,-1.448,-1.528,-2.144,-2.184,-0.704,-0.844,-2.984,-1.896,-1.356
trpos2840.txt_allergen_2108,-0.3455,-1.6463,-1.0976,-1.7764,-1.7805,-1.1463,-1.7073,-1.0081,-1.6423,-1.7642,-1.7967,-1.4065,-1.561,-1.8821,-1.4593,-0.3943,-0.4675,-2.7317,-1.7846,-1.2439
trpos2840.txt_allergen_1644,-0.558,-1.148,-1.07,-1.342,-2.33,-1.054,-0.928,-1.478,-1.444,-1.16,-1.15,-1.058,-1.122,-1.598,-1.688,-0.58,-0.61,-2.528,-1.372,-0.798
trpos2840.txt_allergen_3454,-0.7353,-1,-0.6218,-1.1597,-1.8487,-0.6387,-0.7437,-1.4496,-1.0336,-1.3193,-1.2983,-0.5924,-0.8109,-1.5,-1.5294,-0.395,-0.6092,-2.1933,-1.0252,-1.0084
trpos2840.txt_allergen_1160,-0.5576,-1.3129,-0.5827,-1.0162,-2.1619,-0.8741,-1.0701,-1.2788,-1.4083,-1.205,-1.2176,-1.0306,-1.0378,-1.5018,-1.6187,-0.4982,-0.5647,-1.8309,-1.036,-1.0558
trpos2840.txt_allergen_1613,-0.6434,-1.021,-0.5594,-1.035,-1.6923,-0.4965,-0.4056,-1.7063,-0.3636,-1.2587,-1.3916,-0.7343,-0.993,-1.7273,-1.3566,-0.2378,-0.1189,-2.4476,-1.1469,-0.9161
trpos2840.txt_allergen_771,-1.1458,-1.2986,-1.25,-0.6042,-2.3542,-1.0278,-0.5625,-2.2569,-1.5833,-1.5833,-1.5556,-0.5556,-0.2153,-1.6389,-2.6736,-1.0556,-0.9931,-3.5417,-1.9931,-1.6597
trpos2840.txt_allergen_947,-1.0474,-1.2895,-1.3474,-1.4158,-3.0895,-0.8421,-0.7474,-2.0895,-1.4263,-1.2947,-1.1316,-0.8947,-1.2263,-1.5842,-2.1684,-0.8632,-0.6474,-3.1737,-1.7158,-0.9737
trpos2840.txt_allergen_3361,-0.8419,-1.5319,-0.8146,-1.5897,-2.7112,-1.2492,-1.2188,-1.7052,-1.4316,-1.6535,-1.7386,-0.9909,-1.3587,-1.8936,-2.3283,-0.6778,-1.0091,-2.8055,-1.1641,-1.307
trpos2840.txt_allergen_2830,-0.7578,-1.6143,-1.2377,-1.843,-2.7848,-1.3901,-1.7982,-1.2511,-2.1121,-2.0717,-2.1076,-1.3767,-1.713,-2.3049,-2.2063,-0.8296,-0.9193,-3.0314,-1.991,-1.5247
trpos2840.txt_allergen_2500,-0.3846,-0.7692,-0.4615,-1.1538,-2.0769,-0.0769,-0.0769,-0.7692,-1.0769,-1.4615,-1.5385,-0.4615,-0.6923,-1.8462,-1.6154,-0.3077,-0.5385,-2.1538,-1.1538,-0.6923
trpos2840.txt_allergen_1453,-0.6496,-0.9854,-1.2482,-1.5474,-1.7007,-0.9562,-1.0876,-2.0146,-1.9197,-0.8978,-1.1971,-0.4234,-0.9124,-2.0949,-1.708,-0.7591,-0.4964,-2.781,-1.7445,-0.7518
trpos2840.txt_allergen_2833,-0.7742,-2.1613,-1.329,-1.5161,-2.7226,-1.4968,-0.9161,-1.6258,-1.0839,-1.129,-1.5935,-0.7161,-1.4968,-1.9677,-2.1032,-0.8452,-0.6387,-3.3161,-1.8774,-0.9355
trpos2840.txt_allergen_2165,-0.7233,-2.1887,-1.3019,-1.4528,-2.8616,-1.5409,-0.9245,-1.5975,-1.0818,-1.1509,-1.7547,-0.7862,-1.6352,-2.0881,-2.1384,-0.7736,-0.6101,-3.3145,-1.8428,-1
trpos2840.txt_allergen_2708,-0.2165,-0.9381,-0.4742,-0.8144,-2.268,-0.2577,-0.732,0.1856,-0.3814,-2.433,-2.3608,-0.7113,-1.567,-2.1237,-1.3918,0,-0.6907,-2.268,-1.0722,-2
trpos2840.txt_allergen_1848,-0.6439,-0.8864,-1.25,-1.2121,-2.5152,-0.3409,-0.2652,-2.1894,-1.1212,-1.1439,-0.9924,-0.4318,-0.6894,-1.697,-2.1515,-0.8939,-0.6742,-2.7727,-1.6212,-1.1212
trpos2840.txt_allergen_1263,-0.7742,-1.3011,-1.1828,-1.5269,-2.6667,-0.1183,-0.7312,-2.0215,-0.828,-1.5269,-1.1935,-1.0215,-0.8602,-1.2581,-0.4731,-0.6129,-0.8925,-2.1613,-0.5484,-1.1183
trpos2840.txt_allergen_2155,-0.9355,-0.8032,-0.6742,-0.929,-2.4774,-0.6032,-0.5806,-1.7161,-1.0258,-1.4516,-1.4,-0.4032,-0.9097,-1.8194,-1.6323,-0.4161,-0.5968,-2.6742,-1.3161,-1.2839
trpos2840.txt_allergen_585,-0.6761,-2.007,-1.4085,-1.6479,-2.2324,-1.1338,-1.2887,-2.1268,-2.007,-0.9437,-1.4507,-0.7324,-1.5211,-2.2535,-1.8873,-0.7606,-0.5493,-3.3099,-2.1268,-0.5211
trpos2840.txt_allergen_31,-0.8557,-1.8454,-1.1959,-1.9897,-3.2474,-1.268,-1.701,-1.6598,-2.1649,-2.0825,-2.1856,-1.2784,-1.7835,-2.3196,-2.4433,-0.5773,-0.7216,-2.6907,-2.0515,-1.3814
trpos2840.txt_allergen_556,-0.3333,-1.7561,-0.6016,-1.1545,-1.878,-0.9675,-1.3577,-1.3659,-2.0325,-2.122,-2.0976,-1.0163,-1.7967,-2.4065,-1.2439,0.2114,-0.3333,-3.0081,-1.9675,-1.4634
trpos2840.txt_allergen_673,-0.4515,-1.7364,-0.897,-1.497,-2.5697,-1.0909,-1.5424,-1.2545,-1.7333,-1.5848,-1.497,-1.3061,-1.5152,-1.5333,-1.8152,-0.2939,-0.6818,-2.503,-1.2333,-1.3697
trpos2840.txt_allergen_1009,-0.6564,-1.9052,-0.5403,-1.1801,-2.4242,-1.2725,-1.5972,-0.9739,-1.8081,-1.1848,-1.8602,-1.0071,-1.6114,-1.9953,-2.128,-0.2749,-0.3318,-3.1137,-1.8744,-1.0071
trpos2840.txt_allergen_2246,-0.6241,-1.0075,-1.2256,-1.1278,-2.4962,-0.3534,-0.3008,-2.1654,-1.1203,-1.1729,-0.985,-0.3985,-0.6767,-1.7143,-2.0827,-0.8722,-0.6617,-2.782,-1.5639,-1.0226
trpos2840.txt_allergen_1144,0.0431,-1.7672,-1.4052,-2.5431,-1.931,-1.6552,-2.2672,-1.6897,-2.6638,-1.6983,-1.5172,-1.4052,-1.0862,-2.9397,-1.8966,-0.3793,-0.7672,-4.0948,-2.7845,-1.0086
trpos2840.txt_allergen_1531,-0.9054,-1.8063,-0.8108,-1.491,-2.3514,-1.3063,-1.4099,-1.4324,-1.7477,-1.7207,-2.0991,-1.1892,-1.6081,-2.2432,-2.3784,-0.5495,-1.009,-2.8108,-1.3874,-1.2928
trpos2840.txt_allergen_1579,-0.8584,-1.4932,-1.3379,-1.7078,-2.4338,-0.9543,-0.9772,-2.3288,-1.2694,-1.3973,-1.1644,-0.8037,-0.8539,-1.379,-2.0776,-1.2968,-1.2237,-2.5753,-1.2877,-1.3196
trpos2840.txt_allergen_2375,-0.5593,-1.6271,-1.2966,-1.9746,-2.8983,-1.3051,-1.6017,-1.6356,-2.2458,-1.8644,-1.8051,-1.161,-1.4407,-2.1356,-2.322,-0.5847,-0.6525,-2.7542,-1.8729,-1.0847
trpos2840.txt_allergen_1625,-0.3835,-2.1278,-1.4361,-1.8571,-2.3008,-1.0602,-1.6842,-1.188,-2.1729,-1.6241,-1.797,-1.1955,-1.5188,-2.2857,-2.5489,-0.8271,-0.7744,-3.4361,-2.0075,-1.2256
trpos2840.txt_allergen_598,-1.3293,-1.9085,-1.3659,-1.7378,-2.7683,-1.6829,-1.5122,-1.8354,-2.0305,-1.7866,-2.1951,-1.1524,-1.8659,-2.1646,-2.2988,-1.189,-0.8902,-3.8049,-2.1341,-1.5244
trpos2840.txt_allergen_777,-0.8786,-2.2429,-1.0543,-1.5788,-2.9767,-1.0749,-1.677,-1.6357,-2.093,-1.3514,-1.3721,-1.5581,-1.6047,-1.5039,-2.0543,-0.2351,-0.4755,-3.2817,-1.4238,-1.0181
trpos2840.txt_allergen_504,-0.2366,-2.2545,-1.5982,-1.9688,-2.5893,-1.5848,-1.4107,-1.9375,-2.0134,-1.4911,-1.7188,-1.4107,-2.0446,-2.4866,-2.6161,-1.1607,-1.3304,-3.8571,-2.5446,-1.1875
trpos2840.txt_allergen_966,-0.2077,0.2465,-0.412,-0.5599,-3.6338,1.2958,1.7993,-3.1373,-1.2535,-1.7148,-0.6866,1.1901,-0.9049,-3.5387,-4.1373,-0.6056,-0.9085,-4.5,-2.9366,-1.7711
trpos2840.txt_allergen_873,-1.2874,-1.454,-1.4253,-1.4713,-3.1839,-1.1207,-0.7299,-2.3103,-1.5115,-1.3563,-1.2874,-0.6782,-1.1494,-1.8046,-2.2874,-1.046,-0.569,-3.4483,-1.6437,-0.9713
trpos2840.txt_allergen_2937,-0.4179,-2.1119,-1.4776,-1.8657,-2.1642,-1.1045,-1.6716,-1.1194,-2.1866,-1.6567,-1.791,-1.2463,-1.403,-2.3134,-2.5373,-0.8731,-0.7612,-3.4552,-2.0597,-1.209
trpos2840.txt_allergen_2526,-0.8038,-2.1519,-1.3354,-1.4747,-2.7722,-1.5443,-0.9051,-1.6456,-1.1139,-1.1392,-1.6139,-0.7215,-1.519,-2.019,-2,-0.7785,-0.6013,-3.2532,-1.8671,-0.9177
trpos2840.txt_allergen_211,-0.8,-2.15,-1.2563,-1.425,-2.8312,-1.5188,-0.8875,-1.6375,-1.1,-1.2437,-1.65,-0.7688,-1.5562,-1.9688,-2.0187,-0.7875,-0.6312,-3.275,-1.8562,-0.9938
trpos2840.txt_allergen_2304,-0.1298,0.4386,-0.5228,-0.5649,-3.4035,1.3965,1.8421,-3.0667,-1.2947,-1.7368,-0.7053,1.2386,-0.9263,-3.4947,-4.1123,-0.6982,-0.8877,-4.3579,-2.8842,-1.7474
trpos2840.txt_allergen_906,-0.7431,-1.4962,-0.6927,-1.3929,-2.5239,-1.3023,-1.5718,-1.398,-1.4332,-1.3275,-1.7683,-1.0479,-1.5139,-1.927,-2.0907,-0.4207,-0.6801,-2.6977,-1.335,-1.204
trpos2840.txt_allergen_1929,-0.7452,-2.172,-1.3758,-1.4968,-2.9299,-1.5159,-0.8535,-1.6688,-1.0637,-1.1911,-1.7006,-0.7389,-1.5159,-2.0064,-2.0255,-0.7834,-0.6369,-3.3567,-1.9236,-0.9236
trpos2840.txt_allergen_3551,-1.0625,-0.625,-0.8125,-0.625,-2.75,-0.4375,-0.3125,-0.8125,-1.25,-1.6875,-1.5625,-0.9375,-0.8125,-1.375,-2.1875,-0.75,-0.9375,-2.375,-1.4375,-1.625
trpos2840.txt_allergen_1572,-0.7374,-1.7354,-0.5039,-1.1965,-2.3093,-1.1712,-1.4514,-1.0097,-1.6556,-1.3346,-1.823,-0.9689,-1.5311,-2.0525,-1.9883,-0.3288,-0.3911,-3.0136,-1.7257,-1.0486
trpos2840.txt_allergen_2747,-0.7625,-2.1875,-1.3625,-1.5312,-2.9188,-1.4937,-0.9438,-1.5688,-1.225,-1.2,-1.675,-0.7812,-1.5063,-1.9187,-2.0187,-0.7562,-0.6562,-3.25,-1.8438,-0.9625
trpos2840.txt_allergen_755,-0.8571,-1.4167,-1.4048,-1.7619,-0.6548,-0.7857,-1.25,-1.8095,-1.369,-1.75,-1.5357,-1.5714,-1.4881,-2.2024,-1,-0.5714,-0.9405,-3.0714,-1.7143,-1.2738
trpos2840.txt_allergen_1808,-0.7607,-1.7315,-0.5156,-1.1946,-2.3016,-1.144,-1.4436,-1.0739,-1.6595,-1.3268,-1.8288,-0.9767,-1.5214,-2.0506,-2.0117,-0.3366,-0.3774,-3.0311,-1.7354,-1.0214
trpos2840.txt_allergen_1317,-0.0263,-2.1579,-1.1842,-2.5526,-1.2895,-1.6053,-2.4474,-0.6842,-2.6842,-1.9211,-1.8421,-1.9211,-2,-2.9737,-1.7105,-0.1579,-0.6842,-3.7105,-2.5789,-1.2368
trpos2840.txt_allergen_619,0.0244,-0.6341,-0.8049,-1.4878,-2.1951,-0.2927,-1.1707,-1.3659,-1.0244,-2.2195,-2,-1.0488,-1.4634,-2.3415,-2.0732,-0.3171,-0.7805,-2.6341,-1.5854,-1.4146
trpos2840.txt_allergen_411,-1.1077,-0.093,-0.9217,-1.0848,-2.8613,0.1566,-0.0783,-1.7096,-1.1468,-2.031,-1.7325,-0.4927,-1.8401,-2.2219,-1.602,-0.5285,-1.2447,-3.1452,-1.832,-1.7015
trpos2840.txt_allergen_2093,-0.7735,-1.8855,-0.5573,-1.2316,-2.458,-1.3537,-1.57,-1.0102,-1.7964,-1.2672,-1.9008,-1.0076,-1.626,-2.0382,-2.0941,-0.2646,-0.2875,-3.0229,-1.9059,-1.0127
trpos2840.txt_allergen_1083,-0.0735,-1.3824,-1.0882,-2.0588,-0.9118,-1,-1.6029,-1.3235,-1.8235,-1.7647,-1.6176,-1.2353,-1.4412,-2.3971,-0.9412,-0.1324,-0.4412,-2.9265,-1.8824,-1.1912
trpos2840.txt_allergen_1775,-0.6761,-2.007,-1.4155,-1.6549,-2.2324,-1.1338,-1.2676,-2.1479,-1.9789,-0.9296,-1.4507,-0.7183,-1.5211,-2.2746,-1.9155,-0.7746,-0.5563,-3.3099,-2.1056,-0.5141
trpos2840.txt_allergen_1112,-0.1532,-2.1895,-1.6613,-2.0202,-2.6452,-1.5927,-1.4315,-1.996,-2.1774,-1.3589,-1.6734,-1.3226,-1.9556,-2.4315,-2.6008,-1.1048,-1.3024,-3.875,-2.5363,-1.0887
trpos2840.txt_allergen_1862,-0.398,-1.5373,-0.9453,-1.6617,-1.7164,-1.0697,-1.6219,-1.0945,-1.6866,-2,-1.9851,-1.2687,-1.7114,-2.0697,-1.3284,-0.3781,-0.5323,-2.6567,-1.8259,-1.4478
trpos2840.txt_allergen_740,-1.0726,-0.6411,-0.8246,-1.5766,-2.8931,-0.1149,-0.7722,-1.6633,-1.2984,-1.6008,-1.5625,-1.129,-1.6532,-1.5907,-1.7077,-0.4778,-0.998,-2.9819,-1.7823,-1.2802
trpos2840.txt_allergen_2867,0.7045,-1.2143,-1.3799,-1.5357,-1.9578,-0.9188,-0.9318,-1.4026,-1.6364,-1.3182,-1.4188,-0.6786,-1.1234,-1.8149,-0.6753,-0.1623,-0.1558,-2.5714,-1.4545,-0.737
trpos2840.txt_allergen_1335,-0.3147,-0.951,-0.9441,-1.8881,-2.1119,-1.0909,-1.6434,-1.3846,-2.021,-1.8322,-1.7972,-0.8392,-1.6154,-2.6364,-0.7273,-0.4406,-0.5245,-3.3846,-2.3566,-1.3077
trpos2840.txt_allergen_823,-0.6176,-1.2647,-0.3529,-0.9412,-0.7353,-0.8235,-1.0588,-0.7647,-1.0882,-1.9118,-1.8824,-1.0588,-1.5294,-2.3824,-1.2059,0.0294,-0.5588,-2.8529,-1.9118,-1.6471
trpos2840.txt_allergen_3008,-0.63,-1.3967,-1.2767,-1.4867,-2.6967,-1.0067,-1.0567,-1.7933,-1.63,-1,-1.0167,-0.9867,-1.33,-1.7633,-1.93,-0.82,-0.7267,-3.0767,-1.67,-0.7067
trpos2840.txt_allergen_357,-0.4015,-2.1061,-1.5,-1.8485,-2.3106,-1.0909,-1.6742,-1.1591,-2.1894,-1.6742,-1.8409,-1.2045,-1.5227,-2.3258,-2.5455,-0.8561,-0.8258,-3.5227,-2.1061,-1.197
trpos2840.txt_allergen_3238,-0.781,-1.4952,-0.7667,-1.619,-2,-1.0048,-1.4238,-1.6667,-1.4524,-1.819,-1.8476,-1.0095,-1.519,-2.0476,-1.6952,-0.4381,-0.9143,-2.3095,-1.2905,-1.3095
trpos2840.txt_allergen_224,-0.7597,-2.1688,-1.3961,-1.4805,-2.7597,-1.5195,-0.8701,-1.5844,-1.1623,-1.1104,-1.6948,-0.7532,-1.5779,-2.0519,-2.1623,-0.7857,-0.5649,-3.2857,-1.9351,-0.9156
trpos2840.txt_allergen_172,-0.4144,-1.5475,-1.2852,-1.8631,-2.5361,-1.4221,-1.8783,-1.1369,-1.9354,-1.8935,-1.8707,-1.3498,-1.5057,-2.076,-2.0114,-0.5856,-0.8023,-2.7567,-1.7681,-1.308
trpos2840.txt_allergen_1817,-0.437,-1.5667,-1.2963,-1.9556,-2.4778,-1.4889,-1.8815,-1.1741,-2.0704,-1.863,-1.9111,-1.3889,-1.437,-2.0889,-2.0222,-0.6481,-0.7778,-2.8741,-1.9481,-1.3259
trpos2840.txt_allergen_3493,-0.3942,-1.3723,-0.7737,-1.0146,-1.7956,-0.7664,-0.8832,-1.0876,-1.3139,-1.6496,-1.6642,-0.8832,-1.2482,-1.6496,-1.5693,-0.1971,-0.4307,-2.4453,-1.2847,-1.292
trpos2840.txt_allergen_1675,-0.694,-1.5374,-0.9217,-1.4377,-1.8541,-1.1068,-1.6441,-1.0854,-1.9466,-1.8719,-1.9324,-1.4164,-1.5872,-1.9004,-1.8221,-0.5267,-0.8256,-2.605,-1.7794,-1.6014
trpos2840.txt_allergen_2139,-0.3289,-1.5822,-1,-1.8,-1.6978,-1.1556,-1.72,-1.0622,-1.6978,-1.7556,-1.7378,-1.3422,-1.4933,-1.7822,-1.5067,-0.3467,-0.4578,-2.6889,-1.6933,-1.2978
trpos2840.txt_allergen_868,-1.0033,-1.3808,-0.6854,-1.5662,-2.7583,-1.1093,-1.1358,-1.6788,-1.3477,-1.8113,-1.9503,-0.9139,-1.4669,-2.1523,-2.394,-0.7517,-1.0728,-2.8179,-1.2781,-1.5066
trpos2840.txt_allergen_371,-0.3893,-2.0992,-1.4733,-1.9618,-2.3588,-1.084,-1.6718,-1.1756,-2.145,-1.7252,-1.8626,-1.2214,-1.5496,-2.3206,-2.5115,-0.8244,-0.8244,-3.4809,-1.9847,-1.2366
trpos2840.txt_allergen_1521,-0.8295,-1.907,-1.2326,-1.4341,-2.2713,-0.9845,-1.1085,-1.876,-1.8605,-1.124,-1.7442,-0.5659,-1.6977,-2.5271,-1.7597,-0.7907,-0.5581,-3.3101,-2.2016,-0.7132
trpos2840.txt_allergen_2096,-1.0533,-2.0059,-0.6272,-1.3077,-2.2959,-1.4497,-1.5621,-0.9763,-2.1834,-1.4734,-2.142,-1.0296,-1.7337,-2.5621,-2.2308,-0.2189,-0.1775,-3.1538,-1.9763,-0.9704
trpos2840.txt_allergen_1075,-0.9824,-0.7333,-0.8196,-1.5706,-2.7529,-0.0608,-0.7588,-1.4784,-1.3235,-1.4765,-1.4059,-1.0804,-1.5745,-1.4098,-1.5843,-0.4196,-0.9196,-2.8824,-1.6686,-1.2235
trpos2840.txt_allergen_2170,-0.374,-2.1221,-1.4275,-1.9084,-2.374,-1.0534,-1.6489,-1.1374,-2.1527,-1.7481,-1.9237,-1.229,-1.5802,-2.3817,-2.5267,-0.7939,-0.7557,-3.5191,-2.0687,-1.2443
trpos2840.txt_allergen_3330,-0.9385,-1.4615,-0.4769,-0.8615,-1.6,-0.4769,-0.4308,-1.0308,-1.3538,-2.2615,-2.2615,-0.9231,-1.6462,-2.5538,-1.6615,-0.4462,-0.6,-2.8615,-2,-1.8154
trpos2840.txt_allergen_2583,-1.0625,-2.125,-2,-2.1875,-1.6562,-1.9375,-2.0938,-1.6875,-1.6562,-1.1875,-1.6562,-2.1875,-1.4688,-2.4688,-2.25,-0.7812,-0.7188,-3.6562,-1.9375,-0.7188
trpos2840.txt_allergen_794,-0.725,-2.1625,-1.3375,-1.425,-2.8188,-1.5188,-0.9062,-1.6,-1.1062,-1.2375,-1.6625,-0.7562,-1.5437,-1.9937,-1.9937,-0.75,-0.6125,-3.2188,-1.8188,-0.95
trpos2840.txt_allergen_3276,-0.4493,-1.6087,-0.9952,-1.7246,-1.7343,-1.1643,-1.686,-1.0676,-1.7633,-1.9807,-2.0676,-1.3865,-1.7971,-2.0966,-1.4058,-0.4541,-0.4638,-2.7681,-1.9517,-1.4783
trpos2840.txt_allergen_900,-0.7438,-2.1812,-1.3313,-1.5063,-2.925,-1.4812,-0.9312,-1.575,-1.2063,-1.25,-1.6938,-0.7562,-1.525,-1.9312,-1.9937,-0.7375,-0.6562,-3.2375,-1.8687,-0.9312
trpos2840.txt_allergen_919,-0.2359,0.2993,-0.4225,-0.6127,-3.4754,1.3275,1.75,-3.1127,-1.1408,-1.7359,-0.6866,1.257,-0.8627,-3.4613,-4.0493,-0.5634,-0.8451,-4.3838,-3.0458,-1.7218
trpos2840.txt_allergen_918,-0.8585,-1.7642,-1.5377,-1.6698,-3.0283,-1.1132,-0.8868,-2.6321,-1.6887,-1.2547,-1.4434,-0.6698,-1.2547,-1.7358,-2.6792,-1.2925,-1.0849,-3.3208,-2.0377,-0.8019
trpos2840.txt_allergen_3105,-0.684,-0.8708,-1.2163,-1.3848,-2.3778,-0.7177,-0.9958,-1.5885,-1.4045,-1.5562,-1.0702,-1.1011,-1.0927,-1.5997,-1.2626,-0.6194,-0.736,-2.5239,-1.5646,-1.1461
trpos2840.txt_allergen_2260,-0.7688,-2.1562,-1.4375,-1.5063,-2.8875,-1.5,-0.9312,-1.6562,-1.2125,-1.1625,-1.6313,-0.8188,-1.6062,-1.9125,-2.0438,-0.7438,-0.5938,-3.2,-1.8188,-0.9438
trpos2840.txt_allergen_2065,-0.963,-1.7685,-1.5648,-0.5833,-2.6759,-1.3333,-0.4074,-2.2685,-2.0741,-1.7778,-1.713,-0.6111,-0.4074,-1.9722,-3,-1.1481,-1.2685,-3.537,-2.3796,-1.6389
trpos2840.txt_allergen_1841,-0.36,-1.6089,-1.12,-1.8578,-1.8311,-1.2267,-1.7244,-1.2044,-1.6667,-1.76,-1.8578,-1.4578,-1.5644,-1.8889,-1.6267,-0.4133,-0.4089,-2.7378,-1.7644,-1.3289
trpos2840.txt_allergen_1060,-0.7663,-1.9258,-1.627,-1.8045,-2.8629,-1.6135,-1.409,-1.9393,-2.1528,-1.6517,-1.9258,-1.2899,-1.6697,-2.3978,-2.7281,-1.0742,-1.173,-3.5888,-2.2404,-1.5146
trpos2840.txt_allergen_1142,-0.0909,-1.4545,-1.0606,-1.25,-1.4697,-1.25,-1.1515,-1.1894,-1.8333,-1.7652,-1.8864,-0.6212,-1.4242,-2.0152,-0.5833,-0.2803,-0.4773,-3.0758,-2.0455,-1.3864
trpos2840.txt_allergen_2212,0.125,-1.8482,-1.3929,-2.6161,-1.7232,-1.6607,-2.3125,-1.7232,-2.7589,-1.7768,-1.6429,-1.4286,-1.0357,-2.9554,-1.8482,-0.5,-0.6964,-4.125,-2.8304,-0.9464
trpos2840.txt_allergen_904,-1.6107,-1.7252,-1.2061,-1.5038,-2.9695,-1.084,-0.6641,-2.3359,-1.8626,-1.3435,-1.9313,-0.2977,-1.4351,-1.9542,-3,-0.9847,-0.3664,-3,-1.916,-0.855
trpos2840.txt_allergen_3212,-0.4767,-1.6595,-1.3118,-1.8925,-2.5699,-1.4588,-1.8387,-1.147,-1.9606,-1.8674,-1.9462,-1.3728,-1.4444,-2.1577,-2.0072,-0.7276,-0.9283,-2.9032,-1.8029,-1.3728
trpos2840.txt_allergen_163,-0.6099,-1.8936,-1.4113,-1.6028,-2.1631,-1.0496,-1.2766,-2.0922,-2.0213,-1.0142,-1.4539,-0.773,-1.4184,-2.2057,-1.9149,-0.766,-0.539,-3.2057,-2.0426,-0.4752
trpos2840.txt_allergen_2223,-0.9937,0.0377,-0.9702,-1.0471,-3.1068,0.2951,0.1915,-1.8179,-1.0283,-2.0581,-1.7159,-0.3046,-1.9262,-2.3297,-1.3642,-0.416,-1.1381,-3.2088,-1.9702,-1.617
trpos2840.txt_allergen_2613,-1.1667,-1.3278,-1.3333,-1.5111,-3.1944,-0.8722,-0.7778,-2.1722,-1.4222,-1.2556,-1.0278,-0.8278,-1.1333,-1.5,-2.2056,-1.0778,-0.6056,-3.1222,-1.6278,-0.9111
trpos2840.txt_allergen_2153,-0.7228,-2.2178,-1,-1.7723,-3.2574,-1.1733,-1.2574,-2.0941,-1.6584,-1.9109,-1.6535,-1.0743,-2.0446,-2.1832,-2.6584,-1.2871,-1.3663,-3.005,-1.995,-1.6287
trpos2840.txt_allergen_2639,-0.805,-2.1258,-1.2516,-1.4528,-2.8113,-1.5283,-0.8931,-1.6352,-1.1069,-1.2013,-1.6415,-0.7296,-1.522,-1.9811,-1.9937,-0.7925,-0.6289,-3.2201,-1.805,-0.9686
trpos2840.txt_allergen_3173,-0.4337,-1.7204,-1.3477,-1.9104,-2.6057,-1.491,-1.8638,-1.1792,-1.9677,-1.8459,-1.9104,-1.4194,-1.4731,-2.1649,-2.0538,-0.6953,-0.8925,-2.9462,-1.8674,-1.3262
trpos2840.txt_allergen_1351,-0.7245,-1.2704,-1.1276,-1.7704,-2.3929,-1.0255,-1.352,-1.801,-1.8163,-1.4898,-1.551,-1.0561,-1.1071,-1.8163,-2.1837,-0.5357,-0.6837,-2.6071,-1.6939,-1.0204
trpos2840.txt_allergen_1718,1.2,-1.45,-1,-0.8,-1.25,-1.1,-1.05,0.45,-1.7,-2,-2.1,-1.25,-1.7,-2.25,-0.5,0.35,-0.1,-2.2,-1.95,-1.15
trpos2840.txt_allergen_711,-0.7625,-2.1312,-1.3125,-1.4625,-2.8438,-1.4875,-0.9125,-1.65,-1.1062,-1.1562,-1.6438,-0.7312,-1.55,-1.925,-1.975,-0.7688,-0.6188,-3.1875,-1.8313,-0.9375
trpos2840.txt_allergen_1950,-0.4733,-2.1756,-1.4885,-1.9237,-2.3206,-1.0763,-1.7405,-1.1298,-2.1908,-1.7328,-1.8855,-1.2519,-1.4885,-2.3511,-2.5802,-0.8321,-0.8168,-3.5344,-2.0611,-1.2061
trpos2840.txt_allergen_1880,0.02,-0.8467,-1.0133,-0.7333,-2.24,-0.1667,-0.2667,-1.6733,-1.26,-1.4533,-1.4,-0.4,-0.82,-1.88,-1.08,-0.2933,-0.5267,-2.7533,-1.54,-1
trpos2840.txt_allergen_1375,-0.9879,-1.3474,-1.2719,-1.6949,-3.0544,-0.9728,-1.2417,-2.1208,-1.3897,-1.7251,-1.5498,-1.0876,-1.4592,-1.8701,-2.0091,-0.9909,-0.9698,-2.5166,-1.3505,-1.3776
trpos2840.txt_allergen_1523,-0.8649,-1.7793,-0.8559,-1.5,-2.3739,-1.2793,-1.4009,-1.4369,-1.6982,-1.7027,-2.0766,-1.1847,-1.5811,-2.1622,-2.3919,-0.5495,-1.036,-2.7973,-1.2973,-1.2432
trpos2840.txt_allergen_3313,-0.1163,-2.1512,-1.8953,-2.3023,-2.6512,-1.2093,-1.3023,-2.3023,-2.407,-0.8488,-1.7209,-1.3721,-1.8023,-2.5581,-2.6047,-1.1047,-1.2326,-3.814,-2.4186,-0.5465
trpos2840.txt_allergen_1115,-0.3709,-1.3192,-0.8967,-1.1831,-1.5446,-1.0235,-1.1362,-1.0188,-1.554,-1.6995,-1.6667,-1.1127,-1.2864,-2.2113,-1.3427,-0.216,-0.5023,-2.6808,-1.892,-1.3239
trpos2840.txt_allergen_3206,-0.6417,-1.65,-1.4333,-2.0625,-2.6833,-1.5083,-1.9708,-1.3583,-2.1625,-1.9583,-1.9833,-1.4792,-1.5458,-2.175,-2.2083,-0.7583,-0.9042,-3.0833,-1.9958,-1.4458
trpos2840.txt_allergen_1626,-0.7727,-1.1667,-0.9924,-1.2045,-2.1742,-0.9697,-0.75,-1.6439,-1.7955,-1.3788,-1.5758,-0.5379,-1.3712,-2.0985,-1.6818,-0.6439,-0.553,-3.0379,-1.7955,-1.0455
trpos2840.txt_allergen_2743,-0.6737,-1.2915,-1.1139,-1.5676,-2.3205,-1.0386,-1.1351,-1.4846,-1.5444,-1.2181,-1.1004,-0.9768,-1.1004,-1.5425,-1.9517,-0.612,-0.6236,-2.4749,-1.4788,-0.8668
trpos2840.txt_allergen_1162,-0.817,-2.1242,-1.0654,-1.5425,-2.902,-1.7386,-1.634,-1.0065,-1.6471,-1.9412,-2.098,-1.3464,-2.0523,-2.6601,-2.085,-1.0654,-0.8431,-3.7712,-2.549,-1.4902
trpos2840.txt_allergen_1064,-0.3817,-2.0153,-1.4809,-1.8702,-2.2214,-1.145,-1.7557,-1.0229,-2.1374,-1.5878,-1.8473,-1.2519,-1.6107,-2.3511,-2.4885,-1,-0.8702,-3.6183,-2.1145,-1.1756
trpos2840.txt_allergen_1602,-0.7576,-1.1667,-0.9848,-1.2197,-2.1894,-0.9621,-0.75,-1.7576,-1.7803,-1.3636,-1.5909,-0.5152,-1.3712,-2.0909,-1.6742,-0.6212,-0.5076,-3.0379,-1.7879,-1.0227
trpos2840.txt_allergen_349,-0.4427,-2.0153,-1.5191,-1.916,-2.313,-1.1527,-1.7634,-1.084,-2.0992,-1.7405,-1.8015,-1.3053,-1.4733,-2.3969,-2.542,-0.916,-0.8626,-3.5878,-2.145,-1.1679
trpos2840.txt_allergen_285,-0.4046,-2.145,-1.5115,-1.9466,-2.3053,-1.0763,-1.7023,-1.1603,-2.1679,-1.687,-1.855,-1.2672,-1.5344,-2.3359,-2.5267,-0.8244,-0.7634,-3.4656,-2.0382,-1.2137
trpos2840.txt_allergen_2440,-0.4,-1.2629,-1.1771,-1.32,-1.88,-1.0343,-0.92,-1.6971,-1.7886,-1.3086,-1.36,-0.6914,-1.2857,-1.9943,-1.48,-0.5486,-0.4686,-2.9771,-1.7714,-0.8114
trpos2840.txt_allergen_1539,-0.7674,-2,-1.186,-1.3333,-2.3101,-1.0078,-1.1163,-1.9302,-1.876,-1.155,-1.7519,-0.5969,-1.7364,-2.6357,-1.7287,-0.7054,-0.5271,-3.3643,-2.2481,-0.7132
trpos2840.txt_allergen_551,-0.5781,-1.9367,-1.0211,-1.8228,-2.9789,-1.1266,-1.3629,-2.0253,-1.6414,-1.7848,-1.4852,-1.038,-1.8312,-2.0844,-2.27,-1.0295,-1.1561,-2.9916,-1.8819,-1.5148
trpos2840.txt_allergen_1735,-0.6556,-0.727,-1.2347,-1.5051,-2.6071,-0.8648,-1.0255,-1.2372,-1.3673,-1.4566,-1.6199,-0.2066,-1.4592,-2.0204,-1.426,-0.8342,-0.7143,-2.7321,-1.7474,-0.9413
trpos2840.txt_allergen_287,-0.2591,0.3029,-0.4635,-0.5839,-3.5766,1.3175,1.7299,-3.135,-1.1898,-1.8285,-0.7336,1.1277,-0.9161,-3.4526,-4.0109,-0.5328,-0.8869,-4.3321,-2.9672,-1.7628
trpos2840.txt_allergen_317,-0.75,-2.2062,-1.3,-1.475,-2.8188,-1.5437,-0.9188,-1.6438,-1.1,-1.1938,-1.7312,-0.7812,-1.575,-2.0875,-2.15,-0.775,-0.6125,-3.3188,-1.8562,-1.0188
trpos2840.txt_allergen_3024,-0.678,-0.7024,-0.5984,-0.961,-2.6293,-0.3024,-0.3203,-0.8309,-1.4081,-2.0846,-1.8585,-0.3463,-1.5073,-2.4927,-0.9106,0.265,-0.161,-2.722,-2.0081,-1.6683
trpos2840.txt_allergen_3176,-0.549,-1.6431,-1.3725,-1.9412,-2.6118,-1.4392,-1.9804,-1.2941,-2.0941,-1.8471,-1.8627,-1.4902,-1.5451,-2.051,-2.1922,-0.7647,-0.8588,-2.9843,-1.9059,-1.3843
trpos2840.txt_allergen_993,-0.1481,-1.1944,-0.6296,-0.75,-1.537,-0.9352,-0.7778,-0.9444,-1.4815,-2.3148,-2.3519,-0.6111,-1.963,-2.6204,-0.0741,-0.0833,-0.4074,-2.8796,-2.0093,-1.7963
trpos2840.txt_allergen_1843,-0.6691,-0.9926,-1.3456,-1.0515,-2.4853,-0.3529,-0.2941,-2.2132,-1.2868,-1.125,-1.0221,-0.3088,-0.5882,-1.6397,-2.3088,-0.9265,-0.7353,-2.8309,-1.5809,-1.0809
trpos2840.txt_allergen_899,-0.3735,-1.6265,-1.608,-1.5247,-2.8179,-1.0957,-1.1019,-2.1512,-2.0278,-1.1481,-1.3241,-0.9228,-1.6142,-2.2778,-2.3302,-0.9753,-1.0309,-3.4846,-2.1358,-1.1451
trpos2840.txt_allergen_1302,-0.1201,-1.2814,-0.8593,-1.1295,-2.5066,-0.94,-1.1295,-1.2946,-1.5666,-1.3265,-1.454,-1.0019,-1.424,-1.878,-1.6041,-0.0976,-0.4371,-2.5197,-1.3846,-0.9174
trpos2840.txt_allergen_1549,0.777,-1.3171,-1.2927,-1.4355,-1.9477,-0.8467,-0.7666,-1.0453,-1.5679,-1.439,-1.6341,-0.6272,-1.2787,-1.9826,-0.7422,0.0105,-0.1429,-2.561,-1.5296,-0.777
trpos2840.txt_allergen_3342,-0.4148,-1.4121,-1.3764,-1.4478,-2.4038,-1.206,-1.1044,-1.75,-1.5962,-1.2473,-1.2033,-1.1401,-1.3571,-2,-2.1401,-1.1813,-0.9313,-3.0659,-1.8242,-0.8571
trpos2840.txt_allergen_1966,0,-1.5265,-1.3705,-1.8245,-3.5209,0.7772,-0.195,-1.5794,-1.9526,-2.4903,-2.4178,-0.2618,-1.922,-2.7354,2.766,0.3816,0.4318,-3.7131,-0.8607,-1.1114
trpos2840.txt_allergen_2383,0.2031,-1.3828,-1.3203,-2.4453,-1.6875,-1.6484,-2.2656,-1.6016,-2.6016,-1.625,-1.5625,-1.4141,-1.1641,-2.8906,-1.7188,-0.4141,-0.625,-3.8516,-2.7109,-0.9453
trpos2840.txt_allergen_1455,-0.6792,-2.1384,-1.3019,-1.4906,-2.9245,-1.522,-0.9748,-1.6101,-1.0252,-1.2264,-1.7484,-0.805,-1.6478,-2.0189,-2.1069,-0.7673,-0.6164,-3.2704,-1.8239,-1.0189
trpos2840.txt_allergen_1921,-0.6528,-1.2222,-1.4537,-1.4074,-2.3056,-0.9167,-0.8889,-2.0556,-1.1944,-1.3565,-0.9167,-0.7731,-0.8981,-1.2315,-1.8565,-1.2917,-1.125,-2.0556,-1.0556,-1.0463
trpos2840.txt_allergen_1980,-0.3139,-1.1022,-0.6423,-0.9416,-1.5547,-0.7007,-0.8175,-1.0584,-1.1971,-1.5109,-1.4161,-0.7591,-0.9854,-1.4307,-1.5036,-0.0511,-0.3942,-2.1387,-1.1971,-1.1679
trpos2840.txt_allergen_2521,-0.4328,-0.4179,-1.097,-0.8134,-3.3433,0.5224,0.8881,-2.597,-2.0672,-1.9627,-1.3657,0.194,-1.4627,-3.1642,-3.209,-0.8358,-0.9328,-3.8209,-2.7687,-1.709
trpos2840.txt_allergen_3147,-0.7764,-2.1925,-1.3913,-1.5093,-2.9565,-1.4845,-0.8634,-1.6398,-1.2857,-1.1925,-1.6335,-0.7764,-1.5901,-1.9565,-2.0124,-0.7516,-0.6273,-3.2795,-1.913,-0.9006
trpos2840.txt_allergen_1619,-0.6383,-1.9645,-1.4752,-1.6667,-2.2411,-1.0993,-1.2553,-2.1135,-2.0213,-0.9574,-1.4255,-0.7518,-1.4894,-2.2128,-1.9362,-0.8014,-0.5603,-3.2695,-2.1135,-0.4823
trpos2840.txt_allergen_322,-0.5581,-1.8256,-1.3372,-1.0291,-2.7093,-1.407,-1.0233,-1.6047,-1.8372,-1.1163,-1.1337,-0.907,-1.4419,-1.564,-1.8721,-0.8081,-0.7733,-2.8314,-1.7558,-0.6686
trpos2840.txt_allergen_264,-0.774,-1.1986,-0.9521,-1.1164,-2.226,-0.8836,-0.7055,-1.6575,-1.6849,-1.3973,-1.5822,-0.5616,-1.3562,-2.089,-1.4795,-0.6301,-0.5753,-3.0205,-1.7603,-1.0274
trpos2840.txt_allergen_1745,-0.9414,-1.8063,-0.8874,-1.5946,-2.4234,-1.3378,-1.4685,-1.491,-1.8333,-1.7703,-2.1306,-1.2162,-1.6486,-2.3243,-2.5405,-0.6126,-1.045,-2.8468,-1.3694,-1.3649
trpos2840.txt_allergen_2364,-0.8683,-1.2488,-0.7268,-1.6537,-2.1463,-0.9659,-1.3171,-1.5902,-1.2537,-1.8683,-1.9951,-0.761,-1.6293,-2.1756,-1.7317,-0.478,-0.9024,-2.3561,-1.1366,-1.439
trpos2840.txt_allergen_2689,-0.8396,-1.1654,-0.7544,-1.0952,-2.2281,-0.8672,-1.0426,-1.5789,-1.3784,-1.3008,-1.2406,-0.9098,-1.0201,-1.4211,-1.6992,-0.5388,-0.5514,-2.3484,-1.1328,-1.0175
trpos2840.txt_allergen_2454,-0.3636,-0.7273,-0.7273,-0.9091,-1.8182,-0.7273,-0.8182,-1.1818,-1.7273,-1.1818,-1.2727,-0.4545,-0.8182,-2.1818,-0.8182,0.0909,-0.0909,-2.9091,-2,-0.6364
trpos2840.txt_allergen_1893,-0.9703,-0.6634,-0.8158,-1.5129,-2.7347,-0.0634,-0.7921,-1.505,-1.2832,-1.4634,-1.3842,-1.0931,-1.5743,-1.4495,-1.5604,-0.4495,-0.895,-2.7782,-1.6238,-1.1782
trpos2840.txt_allergen_1182,-0.7911,-0.2785,-0.8038,-0.7152,-1.9051,0.443,-0.1456,-1.6646,-1.0823,-1.7785,-1.4684,-0.5063,-0.7785,-2.2089,-1.4494,-0.4177,-0.6646,-2.462,-1.6709,-1.462
trpos2840.txt_allergen_267,0.5188,-1.1562,-1.35,-1.5125,-1.8938,-0.8219,-0.8969,-1.3188,-1.5375,-1.4969,-1.5219,-0.6188,-1.1438,-2.0344,-1.0031,-0.1688,-0.3125,-2.6437,-1.5938,-0.8188
trpos2840.txt_allergen_1268,-0.6316,-0.6053,-0.7632,-0.9737,-2.5,0.2632,0.1447,-1.7237,-0.9211,-1.4474,-1.3553,-0.1974,-0.9211,-2.3421,-1.3816,-0.1184,-0.5526,-2.7237,-1.4737,-1.3421
trpos2840.txt_allergen_319,-0.5547,-1.7956,-1.0949,-1.5693,-1.2774,-1.292,-1.5474,-1.4745,-2.2117,-1.3358,-1.4234,-1.2628,-1.2847,-2.2044,-2.0511,-0.3212,-0.4453,-3.146,-2.0876,-0.8029
trpos2840.txt_allergen_3175,-0.5564,-1.6873,-1.3091,-1.9273,-2.5709,-1.5055,-1.8473,-1.1455,-2,-1.8436,-1.9055,-1.3491,-1.4473,-2.1455,-2.0691,-0.6764,-0.8691,-3.0436,-1.8545,-1.3382
trpos2840.txt_allergen_3455,-0.5107,-1.8627,-1.0429,-1.7425,-2.9485,-1.1245,-1.2661,-1.9914,-1.6352,-1.7854,-1.4335,-1.0086,-1.8283,-2.0215,-2.3605,-1.1159,-1.1159,-2.8627,-1.9914,-1.5408
trpos2840.txt_allergen_239,-0.502,-1.1818,-0.1265,0.7352,-2.7866,-0.3123,0.4427,-0.8419,-1.6917,-2.3636,-2.4941,-0.5929,-1.8972,-2.7984,-1.4111,0.2174,-0.7075,-3.5336,-2.4032,-1.6561
trpos2840.txt_allergen_659,-0.8077,-1.2788,-0.6947,-1.1346,-2.3149,-0.9231,-1.1034,-1.7885,-1.4279,-1.3486,-1.25,-1.0673,-0.9135,-1.6178,-1.8221,-0.5192,-0.5817,-2.4135,-1.2957,-1.0769
trpos2840.txt_allergen_1883,-0.2746,0.1796,-0.4014,-0.662,-3.6303,1.2183,1.75,-3.1338,-1.1937,-1.7077,-0.7993,1.1761,-0.8803,-3.4683,-3.9824,-0.6092,-0.8627,-4.6021,-2.8732,-1.8521
trpos2840.txt_allergen_2825,-0.5181,-1.6413,-1.3188,-1.9275,-2.442,-1.5072,-1.8514,-1.1341,-1.9529,-1.8551,-1.8623,-1.442,-1.5435,-2.1341,-2.1268,-0.6051,-0.8442,-2.9565,-1.8913,-1.2464
trpos2840.txt_allergen_3277,-0.3915,-1.6681,-1.0851,-1.7957,-1.7745,-1.2,-1.6766,-1.1532,-1.6723,-1.8511,-1.834,-1.4298,-1.6213,-1.9191,-1.5234,-0.4085,-0.4213,-2.7787,-1.7745,-1.3319
trpos2840.txt_allergen_1350,0.5684,-1.1509,-1.2211,-1.3333,-1.9684,-0.8351,-0.7439,-1.1544,-1.4702,-1.4175,-1.5684,-0.6,-1.2456,-1.8842,-0.7193,-0.0421,-0.2105,-2.5123,-1.4842,-0.8035
trpos2840.txt_allergen_2799,-0.3618,-1.7566,-0.8783,-1.5592,-2.5329,-1.1283,-1.6513,-1.2138,-1.8388,-1.5757,-1.4638,-1.3849,-1.5296,-1.5132,-1.8849,-0.3421,-0.7171,-2.4013,-1.2072,-1.3816
trpos2840.txt_allergen_133,-0.7938,-2.1875,-1.2688,-1.45,-2.7687,-1.5188,-0.875,-1.6687,-1.1,-1.2375,-1.675,-0.7375,-1.55,-2.025,-2.0312,-0.7938,-0.6312,-3.2625,-1.8438,-0.9938
trpos2840.txt_allergen_3518,-0.375,-0.6875,-1.375,-2,-1.9375,-1,-1.1875,-1.5,-2,-0.625,-0.5625,0.0625,-0.4375,-1.9375,-1.3125,-0.75,-0.5625,-2.875,-1.8125,-0.1875
trpos2840.txt_allergen_3485,-0.4348,-1.3551,-0.7464,-1.0725,-1.7754,-0.7971,-0.8188,-1.3043,-1.2681,-1.6667,-1.6377,-0.8986,-1.2464,-1.5725,-1.6304,-0.0435,-0.2971,-2.3768,-1.2246,-1.3913
trpos2840.txt_allergen_1044,-0.318,-1.0461,-0.9217,-1.3825,-1.129,-0.5069,-0.8479,-1.4839,-1.4885,-1.1244,-1.1152,-0.7235,-0.5991,-1.7788,-1.3825,-0.1843,-0.3041,-2.4194,-1.4516,-0.7235
trpos2840.txt_allergen_3005,-0.673,-1.1327,-1.0237,-1.4265,-2.2654,-0.9336,-1.2464,-1.2417,-1.5687,-1.5071,-1.5829,-0.7583,-1.0142,-2.0853,-1.9336,-0.5829,-0.7299,-2.5782,-1.6351,-1.2986
trpos2840.txt_allergen_1987,-1.112,-1.3822,-1.3668,-1.9035,-2.6448,-1.2741,-1.7336,-1.9228,-1.4788,-1.5637,-1.5483,-1.3822,-1.5598,-1.9151,-1.9537,-0.8069,-0.8263,-2.6255,-1.7066,-1.0965
trpos2840.txt_allergen_1612,-0.6383,-1.9787,-1.5035,-1.7021,-2.2482,-1.0922,-1.2553,-2.0993,-2.0284,-0.9504,-1.3901,-0.773,-1.4894,-2.2695,-1.9291,-0.8156,-0.5816,-3.2624,-2.1277,-0.4965
trpos2840.txt_allergen_2019,-0.4122,-2.1679,-1.5038,-1.9237,-2.3282,-1.1221,-1.6794,-1.145,-2.1908,-1.687,-1.8397,-1.2519,-1.4885,-2.374,-2.5344,-0.8092,-0.7786,-3.5267,-2.0992,-1.2366
trpos2840.txt_allergen_2136,-0.3709,-1.2488,-0.8545,-1.1643,-1.5258,-1.0376,-1.1127,-1.0423,-1.493,-1.7183,-1.6901,-1.0939,-1.3192,-2.2394,-1.3991,-0.216,-0.493,-2.7136,-1.8967,-1.3427
trpos2840.txt_allergen_2829,-0.5833,-1.5909,-1.3182,-1.9432,-2.5871,-1.4735,-1.8788,-1.2576,-2.0568,-1.7879,-1.8295,-1.447,-1.5417,-2.0265,-2.0833,-0.7348,-0.8939,-2.8902,-1.8523,-1.3295
trpos2840.txt_allergen_1783,-0.3969,-2.1145,-1.458,-1.8779,-2.3435,-1.0916,-1.6718,-1.1298,-2.2137,-1.6794,-1.8321,-1.2519,-1.5191,-2.3435,-2.542,-0.8092,-0.7786,-3.4809,-2.0458,-1.229
trpos2840.txt_allergen_487,-0.6102,-0.9808,-0.8115,-0.9553,-2.0895,-0.5527,-0.5911,-1.7572,-1.2396,-1.5335,-1.4696,-0.2684,-0.9649,-1.6933,-1.623,-0.4281,-0.5335,-2.4409,-1.2556,-1.1917
trpos2840.txt_allergen_463,-0.4198,-2.1603,-1.4809,-1.916,-2.3511,-1.0687,-1.7252,-1.1832,-2.1908,-1.6947,-1.8702,-1.313,-1.4809,-2.3435,-2.5725,-0.8092,-0.8092,-3.5267,-2.0153,-1.2137
trpos2840.txt_allergen_1691,-0.8995,-1.5525,-1.3151,-1.6849,-2.3516,-0.9452,-1.0183,-2.3516,-1.3333,-1.411,-1.1826,-0.7534,-0.8676,-1.4521,-2.0548,-1.2968,-1.2603,-2.6347,-1.274,-1.3196
trpos2840.txt_allergen_2917,-0.4254,-2.1119,-1.4478,-1.8582,-2.1418,-1.0896,-1.6866,-1.1269,-2.2164,-1.6269,-1.8134,-1.2313,-1.4254,-2.2985,-2.4925,-0.8284,-0.7537,-3.4478,-2.0746,-1.194
trpos2840.txt_allergen_1984,-0.3117,-2.0779,-1.5844,-2.0519,-2.8442,-1.1818,-1.5455,-1.1299,-2.1818,-1.5844,-1.8961,-1.0779,-1.5195,-2.1948,-2.2208,-0.8701,-0.6364,-3.7532,-2.2078,-1.2597
trpos2840.txt_allergen_127,-0.8578,-1.3137,-0.6912,-1.5784,-2.1029,-0.902,-1.348,-1.5686,-1.3088,-1.8922,-1.9412,-0.7941,-1.5392,-2.0637,-1.7353,-0.4951,-0.8775,-2.3578,-1.2304,-1.3725
trpos2840.txt_allergen_2763,-1.2,-1.5647,-1.5647,-1,-3,-1.1059,-0.5765,-2.6118,-1.9176,-1.7765,-1.5765,-0.6824,-0.1647,-1.9647,-3.5176,-1.3294,-1.3294,-3.7176,-2.1647,-1.7765
trpos2840.txt_allergen_1673,-0.5808,-1.2058,-1.1365,-1.5308,-2.3038,-1.0327,-1.1212,-1.5385,-1.4712,-1.175,-1.1,-1.0173,-1.1558,-1.5212,-1.8577,-0.6154,-0.6462,-2.3308,-1.4192,-0.8712
trpos2840.txt_allergen_3047,-0.642,-0.98,-1.294,-1.256,-2.136,-1.002,-0.87,-1.278,-1.296,-1.238,-0.916,-0.99,-1.246,-1.438,-1.548,-0.544,-0.706,-2.322,-1.29,-0.896
trpos2840.txt_allergen_3091,-0.9504,-0.9696,-0.9072,-1.3392,-1.36,-0.8144,-1.0304,-1.3312,-1.04,-1.7856,-1.5712,-1.0592,-1.7072,-1.8784,-1.0704,-0.4768,-0.68,-2.44,-1.5248,-1.2448
trpos2840.txt_allergen_2458,-0.5294,-1.4118,-0.8824,-1.0588,-1.5294,-0.9412,-0.8824,-1.9412,-1.2941,-1.3529,-1.2353,-1.2941,-0.7059,-1.4706,-1.6471,-0.7647,-0.7647,-2.7059,-1.1765,-1.1176
trpos2840.txt_allergen_1274,-1.2473,-0.1221,-0.8419,-1.1721,-2.8232,0.2582,0.0125,-1.7715,-1.2034,-1.9687,-1.795,-0.5446,-1.8685,-2.0923,-1.4304,-0.5665,-1.0673,-3.0516,-1.82,-1.6213
trpos2840.txt_allergen_293,-0.3511,-2.1221,-1.4427,-1.9771,-2.3206,-1.1145,-1.7099,-1.1603,-2.229,-1.7252,-1.8244,-1.2443,-1.5038,-2.3282,-2.5267,-0.8397,-0.7939,-3.5267,-2.084,-1.1985
trpos2840.txt_allergen_1332,-0.9221,-1.5389,-0.81,-1.6854,-2.6604,-1.3115,-1.352,-1.7601,-1.5109,-1.6667,-1.7539,-1.0717,-1.3925,-1.9782,-2.3583,-0.729,-1.0748,-2.8162,-1.3209,-1.3427
trpos2840.txt_allergen_3154,-0.6303,-0.916,-1.5378,-2.3613,-2.0336,-0.7983,-1.7059,-2.3109,-1.8319,-1.4958,-1.2773,-0.6807,-1.2437,-2.0588,-1.7395,-0.5042,-0.4622,-3.1597,-2.3361,-1.0504
trpos2840.txt_allergen_1383,-0.7862,-1.1862,-0.9793,-1.1034,-2.2276,-0.8759,-0.7034,-1.6828,-1.6897,-1.4207,-1.6138,-0.5379,-1.3724,-2.0552,-1.4621,-0.6207,-0.5655,-3.0138,-1.7586,-1.0345
trpos2840.txt_allergen_304,-1.0706,-1.4941,-1.4824,-0.9294,-3.0588,-1.0471,-0.4235,-2.6706,-1.9647,-1.7765,-1.4588,-0.5176,-0.2353,-1.9059,-3.5294,-1.1294,-1.3412,-3.7647,-2.2588,-1.8235
trpos2840.txt_allergen_440,-0.4198,-2.145,-1.4733,-1.9084,-2.3359,-1.1069,-1.6947,-1.1298,-2.1908,-1.6794,-1.8092,-1.2748,-1.5191,-2.3435,-2.5344,-0.8015,-0.7786,-3.5038,-2.0687,-1.2519
trpos2840.txt_allergen_1922,-0.2077,0.3028,-0.4683,-0.5387,-3.5423,1.3169,1.7394,-3.1197,-1.169,-1.6937,-0.6796,1.2289,-0.7887,-3.3979,-4.0634,-0.6232,-0.8908,-4.412,-2.8768,-1.6972
trpos2840.txt_allergen_55,-0.7704,-1.4949,-0.75,-1.4337,-2.5485,-1.3265,-1.5944,-1.3495,-1.5153,-1.3112,-1.7092,-1.1607,-1.4362,-1.9311,-2.2219,-0.3903,-0.6199,-2.6633,-1.4566,-1.2143
trpos2840.txt_allergen_3307,0.2083,-1.5,-1.4271,-2.1771,-1.1667,-1.1354,-1.6979,-1.1979,-2.0417,-1.4271,-1.2396,-1.3229,-0.8542,-2.1771,-1.3333,-0.3542,-0.6042,-2.9479,-1.9062,-0.7083
trpos2840.txt_allergen_1821,-0.7867,-1.5965,-0.5706,-1.2305,-2.6225,-1.3199,-1.5216,-1.1873,-1.4121,-1.3487,-1.9135,-1.1095,-1.5908,-2.049,-2.2651,-0.3631,-0.6571,-2.6744,-1.4265,-1.3141
trpos2840.txt_allergen_2924,-0.4179,-2.1119,-1.4925,-1.8806,-2.1642,-1.097,-1.6716,-1.1269,-2.1791,-1.6493,-1.791,-1.2164,-1.4254,-2.306,-2.5373,-0.8657,-0.7612,-3.4552,-2.0597,-1.1866
trpos2840.txt_allergen_1543,-0.7907,-1.9535,-1.2171,-1.3023,-2.3023,-1.062,-1.1008,-1.9225,-1.8372,-1.2016,-1.6512,-0.6744,-1.5659,-2.5891,-1.7364,-0.7752,-0.5116,-3.2713,-2.1628,-0.7442
trpos2840.txt_allergen_2718,-0.4634,-1.2073,-1.2195,-1.4146,-2.0671,-1,-0.9939,-1.7073,-1.8415,-1.2988,-1.2805,-0.7195,-1.2256,-1.9451,-1.6341,-0.5061,-0.6159,-3.0732,-1.7805,-0.7866
trpos2840.txt_allergen_2338,-0.964,-1.8288,-0.9234,-1.5811,-2.4009,-1.3559,-1.491,-1.509,-1.8514,-1.7252,-2.0991,-1.2207,-1.6261,-2.3018,-2.536,-0.6036,-1.0541,-2.9369,-1.3649,-1.3559
trpos2840.txt_allergen_2840,-0.7762,-1.4762,-0.8,-1.6762,-2.1286,-1.0333,-1.419,-1.719,-1.4571,-1.8095,-1.7571,-0.9381,-1.4476,-2,-1.6524,-0.4333,-0.9667,-2.4857,-1.2333,-1.3667
trpos2840.txt_allergen_1971,-0.9908,-1.6972,-1.6055,-0.8716,-2.7798,-1.3119,-0.4128,-2.3394,-1.945,-1.7615,-1.6239,-0.7339,-0.3211,-1.8073,-3.0183,-1.2385,-1.3853,-3.5413,-2.3211,-1.5963
trpos2840.txt_allergen_3255,-0.6292,-1.705,-0.9478,-1.4386,-3.0627,-1.0392,-1.517,-1.6397,-1.5379,-1.577,-1.4334,-1.2742,-1.53,-1.5561,-2.0287,-0.7885,-0.9478,-2.5744,-1.4021,-1.3238
trpos2840.txt_allergen_933,-1.3176,-1.4,-1.4294,-1.6,-3.1588,-1.2059,-0.8706,-2.5118,-1.5235,-1.3235,-1.2471,-0.7941,-1.0588,-1.8,-2.4882,-1.1706,-0.6412,-3.5412,-1.7118,-1
trpos2840.txt_allergen_1441,-0.6276,-1.9517,-1.4207,-1.6138,-2.1793,-1.0828,-1.3034,-1.9517,-2.0345,-0.9517,-1.4759,-0.731,-1.5172,-2.3379,-1.8483,-0.8138,-0.5793,-3.2759,-2.1379,-0.4966
trpos2840.txt_allergen_3507,-0.961,-2.1039,-1.3636,-1.3831,-2.7403,-1.513,-0.7922,-1.6948,-0.961,-0.9675,-1.6234,-0.5779,-1.3961,-1.8182,-2.3117,-0.8182,-0.5714,-3.1494,-1.7922,-0.8506
trpos2840.txt_allergen_298,-0.3187,-1.5824,-1.044,-2.2747,-2.0769,-1.5385,-2.3077,-1.6044,-2.7033,-1.989,-2.0769,-1.2308,-1.8352,-3.2967,-1.8462,-0.4066,-0.6154,-4.2198,-2.9121,-1.4505
trpos2840.txt_allergen_2469,-0.25,-1.3333,-1.3333,-0.8333,-2,-0.9167,-0.25,-0.8333,-1.75,-0.75,-1.4167,-0.9167,-0.9167,-1.5,-1.75,-0.75,-0.8333,-2.5833,-1.5,0
trpos2840.txt_allergen_815,0.0086,-1.7328,-1.4138,-2.5086,-1.7845,-1.6724,-2.2845,-1.6638,-2.6552,-1.7241,-1.5259,-1.4224,-1.0776,-2.9655,-1.8793,-0.3793,-0.7414,-4.0086,-2.7845,-1.0172
trpos2840.txt_allergen_1759,-0.7723,-2.0198,-0.5569,-1.2178,-2.3762,-1.4257,-1.604,-0.9356,-1.9158,-1.2475,-1.9109,-1.0099,-1.75,-2.0074,-2.1782,-0.2351,-0.2649,-3.0668,-1.9109,-1.0495
trpos2840.txt_allergen_1993,-0.2641,0.2887,-0.493,-0.662,-3.507,1.4085,1.8099,-3.2077,-1.1162,-1.8169,-0.669,1.2535,-0.7993,-3.4754,-4.0176,-0.6197,-0.8415,-4.5282,-2.8521,-1.7007
trpos2840.txt_allergen_3178,-0.5219,-1.6096,-1.3466,-2.012,-2.5578,-1.4781,-1.8964,-1.2829,-2.0956,-1.8685,-1.9402,-1.4343,-1.5418,-2.1713,-2.1633,-0.6614,-0.8805,-2.9721,-1.8924,-1.3865
trpos2840.txt_allergen_541,-0.9439,-1.4891,-0.81,-1.6822,-2.5919,-1.2866,-1.3115,-1.7445,-1.4642,-1.648,-1.7072,-1.0218,-1.3801,-1.9564,-2.2835,-0.7103,-1.0405,-2.7975,-1.2928,-1.3364
trpos2840.txt_allergen_1507,-0.9173,-0.218,-1.6617,-1.5714,-1.9098,0.4962,-0.3534,-1.9398,-1.3985,-1.7669,-1.4511,-0.8271,-0.2256,-2.188,-1.8045,-0.7293,-1.3835,-2.6241,-1.985,-1.4286
trpos2840.txt_allergen_3460,-0.428,-1.2288,-0.9237,-1.2881,-1.7246,-0.7203,-0.7034,-1.7246,-1.5847,-1.3856,-1.3432,-0.6144,-0.9322,-2.0254,-1.5508,-0.4025,-0.3856,-2.7034,-1.661,-0.9873
trpos2840.txt_allergen_265,-0.7808,-1.1986,-0.9932,-1.1096,-2.226,-0.8699,-0.6849,-1.6781,-1.6918,-1.4041,-1.6027,-0.5479,-1.3562,-2.0342,-1.5205,-0.6507,-0.589,-3.0274,-1.7877,-1.0342
trpos2840.txt_allergen_2129,-0.385,-1.3239,-0.8779,-1.1315,-1.4883,-1.0329,-1.1221,-1.0235,-1.5634,-1.7277,-1.6948,-1.1127,-1.3146,-2.2488,-1.3521,-0.2113,-0.5305,-2.7089,-1.8638,-1.3286
trpos2840.txt_allergen_1094,-0.3817,-2.1679,-1.4504,-1.9466,-2.2366,-1.1298,-1.7481,-1.1679,-2.1908,-1.687,-1.8168,-1.2748,-1.4504,-2.3206,-2.5878,-0.8092,-0.7786,-3.5267,-2.1145,-1.229
trpos2840.txt_allergen_1323,-0.7799,-2.1447,-1.2138,-1.4151,-2.7296,-1.4465,-0.8365,-1.6164,-1.0566,-1.2075,-1.6855,-0.7233,-1.5535,-1.9874,-2.0063,-0.7484,-0.6289,-3.2327,-1.8428,-0.9874
trpos2840.txt_allergen_1499,-1.1707,-0.0805,-0.8937,-1.0789,-2.9179,0.1659,-0.037,-1.599,-1.0886,-2.0725,-1.8341,-0.5282,-1.8889,-2.0918,-1.4767,-0.57,-1.1481,-3.1514,-1.9018,-1.7391
trpos2840.txt_allergen_2459,0.2857,-1.0714,-1.0714,-1.3571,-1.2143,-1,-1.2143,-1.2857,-1.9286,-0.3571,-0.5714,-1.0714,-0.2143,-1.6429,-1.6429,0.1429,0.2143,-2.5,-1.7857,0.0714
trpos2840.txt_allergen_87,-0.7233,-2.1761,-1.3333,-1.4214,-2.8302,-1.5031,-0.9119,-1.5975,-1.0881,-1.2327,-1.6792,-0.7799,-1.5912,-1.9811,-1.9748,-0.7862,-0.5912,-3.239,-1.8176,-0.9686
trpos2840.txt_allergen_1968,-0.6272,-1.3988,-2.0231,-1.5549,-3.4133,1.6821,0.8671,-1.841,-1.3613,-1.9133,-1.5723,0.2543,-1.5145,-3.1908,1.3295,-0.2486,-0.3208,-3.8613,-3.0029,-0.7861
trpos2840.txt_allergen_2900,-0.2326,-1.9884,-1.6163,-1.2209,-2.5814,-1.2791,-0.8837,-1.9535,-2.0581,-1.8953,-1.8721,-0.6395,-1.7326,-1.8837,-2.5465,-0.8372,-1.1279,-3.593,-2.2326,-1.6512
trpos2840.txt_allergen_361,-0.6526,-1.4741,-0.5912,-0.8522,-2.7927,-1.0211,-1.2169,-1.1862,-1.1977,-1.3896,-1.3647,-1.3244,-1.3013,-1.1689,-1.8311,-0.6507,-0.7793,-1.4952,-0.9213,-1.3033
trpos2840.txt_allergen_605,-1.2143,-0.9524,-0.7619,-0.8333,-2.2143,-0.7857,-0.5476,-2.0952,-1.119,-1.2381,-1.4048,-0.4286,-1.0238,-1.5,-1.881,-0.5952,-0.4762,-2.5714,-1.1429,-1.2857
trpos2840.txt_allergen_896,-0.6122,-1.8707,-0.9468,-1.4411,-2.8403,-1.1445,-1.6578,-1.3232,-1.6464,-1.7376,-1.673,-1.4183,-1.711,-1.6046,-2.0228,-0.3802,-0.8441,-2.654,-1.2738,-1.5247
trpos2840.txt_allergen_1486,-0.1145,-1.6648,-0.6089,-1.0838,-2.6117,-1.1816,-1.2989,-1.0698,-1.7374,-1.5223,-1.7682,-1.3045,-1.5978,-2.1899,-1.9469,-0.1369,-0.4832,-2.5642,-1.3296,-1.1229
trpos2840.txt_allergen_136,-0.4914,-1.66,-1.5714,-1.7314,-2.2714,-1.5971,-1.4714,-1.4486,-1.32,-1.0771,-1.3543,-1.1886,-1.02,-1.8629,-1.8486,-1.0257,-0.9286,-2.9743,-1.7914,-0.6629
trpos2840.txt_allergen_2491,-1.3333,-0.25,0.0833,0.4167,-2.5833,0.1667,0.25,-1.3333,-0.6667,-2.0833,-1.75,-0.4167,-1.25,-2,-1.8333,-0.5833,-1.0833,-2.5833,-1.3333,-1.8333
trpos2840.txt_allergen_1974,-0.8805,-2.0503,-1.3836,-1.3522,-2.8805,-1.478,-0.805,-1.6981,-1.0818,-1.1635,-1.7233,-0.7233,-1.4969,-1.9937,-2.1258,-0.8113,-0.6101,-3.1447,-1.8679,-0.9497
trpos2840.txt_allergen_3198,-0.5529,-1.5647,-1.3961,-1.9765,-2.6,-1.4118,-1.898,-1.2078,-2.1373,-1.8784,-1.8235,-1.4275,-1.5412,-2,-2.149,-0.6706,-0.898,-2.9569,-1.8784,-1.3451
trpos2840.txt_allergen_2997,-0.345,-1.0643,-1.731,-1.6316,-1.5965,-0.9415,-1.117,-1.3099,-1.7544,-1.386,-1.0468,-1.4094,-0.9883,-1.883,-1.0409,-0.6199,-0.7018,-1.9649,-1.4795,-0.8246
trpos2840.txt_allergen_2645,-0.8113,-2.1132,-1.3396,-1.4654,-2.8239,-1.522,-0.8868,-1.6667,-1.1258,-1.1761,-1.6352,-0.761,-1.5472,-1.9623,-1.9874,-0.7799,-0.6164,-3.2075,-1.805,-0.9371
trpos2840.txt_allergen_1784,-0.3817,-2.1221,-1.4656,-1.8779,-2.3435,-1.0992,-1.6718,-1.1527,-2.2519,-1.6794,-1.8321,-1.2443,-1.5115,-2.3435,-2.542,-0.8015,-0.7634,-3.4733,-2.0382,-1.2366
trpos2840.txt_allergen_2467,-0.8333,-0.75,-0.0833,-0.4167,-2.5,-0.1667,-0.1667,0,-1.3333,-2.3333,-2.1667,-0.1667,-1.4167,-2.6667,-0.9167,-0.3333,-1.0833,-2.8333,-2.1667,-1.6667
trpos2840.txt_allergen_2803,-0.9257,-0.8108,-1.723,-1.8311,-2.1149,0.3649,-0.8581,-1.8784,-1.8514,-1.4122,-1.4054,-1.2838,-0.7838,-1.973,-1.6824,-0.75,-1.2027,-2.5338,-1.8514,-1.2973
trpos2840.txt_allergen_872,-0.6583,-1.6043,-0.8957,-1.5288,-1.5755,-1.0468,-1.6655,-0.8561,-1.8633,-1.9568,-1.9388,-1.5144,-1.6115,-1.9712,-1.7302,-0.5647,-0.8561,-2.741,-1.7086,-1.6331
trpos2840.txt_allergen_2948,-0.4275,-2.1756,-1.4809,-1.9313,-2.3359,-1.1069,-1.7481,-1.1603,-2.1756,-1.7099,-1.855,-1.2672,-1.4504,-2.3206,-2.5573,-0.7939,-0.7939,-3.5115,-2.0153,-1.2137
trpos2840.txt_allergen_1973,-0.8553,-2.0566,-1.3145,-1.3396,-2.8491,-1.4403,-0.8176,-1.6855,-1.0566,-1.1195,-1.673,-0.7296,-1.4654,-2.0063,-2.1006,-0.8176,-0.6289,-3.1258,-1.8805,-0.9497
trpos2840.txt_allergen_1065,-1.1056,-0.4283,-0.8645,-1.4582,-2.8367,-0.0976,-0.4801,-1.7291,-1.2112,-1.753,-1.6713,-0.8625,-1.6355,-1.8685,-1.8028,-0.6494,-1.0976,-2.9323,-1.6693,-1.4442
trpos2840.txt_allergen_3471,-0.623,-0.8115,-1.9344,-1.7541,-2.0328,-0.7541,-1.2049,-1.5082,-2.082,-1.9344,-1.5164,-1.5656,-1.3525,-2.4426,-1.2705,-0.7951,-0.8279,-2.5246,-1.8607,-1.123
trpos2840.txt_allergen_3014,-0.0076,-1.5682,-1.2348,-2.197,-1.8561,-1.4242,-1.9848,-1.5985,-2.4394,-1.4773,-1.4242,-1.2879,-1.0303,-2.6061,-1.7424,-0.4773,-0.6439,-3.6136,-2.3939,-0.7652
trpos2840.txt_allergen_123,-0.6522,-0.9928,-1.2101,-1.4928,-1.7246,-0.9638,-1.0797,-2.0072,-1.8841,-0.9855,-1.1957,-0.4203,-0.9348,-2.1159,-1.6232,-0.7464,-0.5217,-2.8043,-1.7536,-0.7899
trpos2840.txt_allergen_3531,-1.1493,-1.5784,-1.3321,-1.7015,-2.8955,-1,-1.194,-1.9963,-0.9403,-1.6082,-1.4142,-1.194,-1.6157,-1.8806,-1.7985,-0.6567,-0.8619,-2.9888,-1.8396,-1.3545
trpos2840.txt_allergen_377,-0.6694,-1.022,-0.8926,-1.0895,-2.792,-0.9545,-1.1198,-1.2424,-1.4146,-1.27,-1.332,-0.9573,-1.376,-1.3705,-1.6129,-0.1928,-0.5193,-2.3719,-1.0537,-1.0565
trpos2840.txt_allergen_973,-0.1602,0.2617,-0.5234,-0.7109,-3.5391,1.3945,1.8281,-3.0977,-1.1172,-1.8281,-0.8242,1.1992,-0.9023,-3.8125,-3.9492,-0.6641,-0.8438,-4.5625,-3.0703,-1.6914
trpos2840.txt_allergen_1262,-0.7051,-1.0214,-0.5128,-0.9274,-1.9615,-0.6026,-0.6111,-1.6197,-1.1538,-1.1838,-1.1197,-0.5812,-0.7393,-1.4915,-1.3333,-0.1068,-0.2222,-2.3761,-1.2393,-0.9487
trpos2840.txt_allergen_203,-0.7375,-2.2,-1.3188,-1.4812,-2.8438,-1.5312,-0.9312,-1.6187,-1.1,-1.1875,-1.7437,-0.7812,-1.5813,-2.0812,-2.1437,-0.7562,-0.6188,-3.3188,-1.8438,-1.0312
trpos2840.txt_allergen_1818,-0.4944,-1.6431,-1.3086,-1.9777,-2.5948,-1.5242,-1.8699,-1.1896,-2.0186,-1.8773,-2.0112,-1.4052,-1.487,-2.197,-2.0223,-0.6543,-0.7695,-2.8848,-1.974,-1.3643
trpos2840.txt_allergen_2182,-0.391,-2.1353,-1.4662,-1.8872,-2.3158,-1.0526,-1.6842,-1.1504,-2.1805,-1.6692,-1.797,-1.2632,-1.5188,-2.3383,-2.5489,-0.8571,-0.7519,-3.5038,-2.0301,-1.1805
trpos2840.txt_allergen_1876,0.0467,-0.8333,-1.0067,-0.78,-2.2333,-0.1733,-0.2867,-1.6933,-1.2333,-1.4533,-1.4133,-0.4333,-0.8333,-1.8867,-1.0533,-0.3,-0.5133,-2.76,-1.5467,-0.9733
trpos2840.txt_allergen_2198,-0.6533,-1.4133,-0.5029,-0.8457,-2.6571,-1.059,-1.219,-1.1048,-1.1676,-1.4629,-1.4571,-1.3314,-1.3638,-1.261,-1.7943,-0.5867,-0.6914,-1.4914,-0.8743,-1.3352
trpos2840.txt_allergen_334,-0.805,-2.1824,-1.2642,-1.434,-2.7484,-1.522,-0.8742,-1.6352,-1.0755,-1.2453,-1.6918,-0.717,-1.6164,-2.0377,-2,-0.7862,-0.6352,-3.2704,-1.8428,-0.9874
trpos2840.txt_allergen_3502,-0.7152,-2.1772,-1.3734,-1.5633,-2.8544,-1.4873,-0.9557,-1.5063,-1.4177,-1.1519,-1.6203,-0.7658,-1.538,-1.943,-1.981,-0.6899,-0.6076,-3.1519,-1.8481,-0.8608
trpos2840.txt_allergen_3354,-0.3919,-1.8386,-1.5735,-1.7954,-2.7349,-1.5533,-1.4582,-1.7637,-2.1095,-1.1902,-1.4784,-1.1873,-1.147,-2.4063,-2.4784,-0.7983,-0.9798,-3.4323,-2.366,-0.7435
trpos2840.txt_allergen_1744,-0.2218,0.3873,-0.5106,-0.7359,-3.4683,1.3908,1.7218,-2.9613,-1.1021,-1.7641,-0.6972,1.1408,-0.9225,-3.4789,-4.088,-0.5704,-0.9472,-4.3944,-2.8556,-1.7113
trpos2840.txt_allergen_2650,-0.7116,-1.5535,-0.814,-1.6977,-2.1953,-1.1116,-1.4,-1.6558,-1.5302,-1.7442,-1.8,-1.0605,-1.4326,-1.9581,-1.6047,-0.4791,-0.907,-2.3721,-1.2837,-1.2465
trpos2840.txt_allergen_2798,-0.7713,-1.5372,-1.2074,-1.8777,-2.3617,-0.8617,-1.3032,-2.4521,-1.5745,-1.0638,-1.3032,-1.2979,-1.1649,-1.883,-0.5319,-0.6489,-0.3989,-2.9149,-1.516,-0.734
trpos2840.txt_allergen_197,-0.7562,-2.2,-1.325,-1.5063,-2.9188,-1.4812,-0.9312,-1.5875,-1.2625,-1.1812,-1.6625,-0.775,-1.525,-1.9187,-2.0187,-0.75,-0.6562,-3.2062,-1.825,-0.95
trpos2840.txt_allergen_45,-0.793,-1.3656,-0.7709,-1.6432,-2.0661,-1.0044,-1.3656,-1.5639,-1.3833,-1.6432,-1.7401,-0.8767,-1.37,-1.9868,-1.7093,-0.5639,-0.8106,-2.3084,-1.1762,-1.2423
trpos2840.txt_allergen_1450,-0.9,-2.2083,-1.2667,-1.5667,-2.6333,-1.575,-1.1333,-1.4,-1.15,-1.0917,-1.7167,-0.8583,-1.5583,-2.0583,-2.0333,-0.6083,-0.4083,-3.075,-1.8417,-0.825
trpos2840.txt_allergen_2017,-0.6076,-1.3418,-1.362,-1.2532,-2.3443,-0.8177,-0.7418,-2.043,-1.3722,-1.119,-0.8481,-1.0051,-0.6785,-1.4557,-1.7823,-0.6861,-0.6785,-2.4987,-1.3241,-0.8076
trpos2840.txt_allergen_2816,-0.5417,-1.5871,-1.2917,-1.9318,-2.4924,-1.5038,-1.8485,-1.2311,-2.053,-1.8258,-1.8447,-1.4242,-1.5455,-2.0682,-2.0152,-0.7197,-0.9205,-2.8939,-1.8864,-1.3409
trpos2840.txt_allergen_2305,-0.8164,-1.2344,-0.9023,-1.2695,-2.3594,-0.8945,-1.0312,-1.793,-1.3672,-1.4922,-1.3828,-0.8906,-1.0039,-1.668,-2.1562,-0.6133,-0.7266,-2.3789,-1.1992,-1.1445
trpos2840.txt_allergen_1301,-0.9167,-1.2794,-1.1667,-1.4167,-2.6912,-1.3333,-1.2255,-1.598,-1.8333,-1.3971,-1.3578,-1.2206,-1.7402,-1.3725,-1.5392,-0.5196,-0.7353,-3.098,-1.4706,-0.9167
trpos2840.txt_allergen_988,-0.7562,-2.1688,-1.3687,-1.5312,-2.8375,-1.5312,-0.8625,-1.6187,-1.1625,-1.1438,-1.625,-0.75,-1.5875,-1.9812,-2.0438,-0.7688,-0.6312,-3.2375,-1.825,-0.9188
trpos2840.txt_allergen_2504,-0.3333,-0.6667,-1.1667,-0.8333,-1.9167,0,0.0833,-2.1667,-1.5,-0.4167,-0.5833,-0.5833,0,-1.75,-1.6667,-0.4167,-0.5833,-2.75,-1.5833,0
trpos2840.txt_allergen_2734,0.1083,-1.7417,-1.475,-2.475,-1.6667,-1.7333,-2.3333,-1.5833,-2.6917,-1.5417,-1.4167,-1.4,-1.0667,-2.825,-1.825,-0.3583,-0.625,-3.9167,-2.65,-0.825
trpos2840.txt_allergen_1106,-0.169,0.2782,-0.4437,-0.6796,-3.6197,1.3063,1.8134,-3.1725,-1.2852,-1.7993,-0.75,1.1901,-0.8345,-3.5246,-4.1197,-0.6444,-0.9472,-4.6056,-2.993,-1.8099
trpos2840.txt_allergen_77,-1.2,-1.3,-1.5278,-1.5,-3.3556,-0.9056,-0.8556,-2.2889,-1.5556,-1.2778,-1.1278,-0.8667,-1.1333,-1.6,-2.35,-1.0944,-0.7056,-3.2111,-1.8056,-0.9833
trpos2840.txt_allergen_2921,-0.4104,-2.1194,-1.5,-1.8731,-2.1418,-1.0896,-1.6866,-1.1194,-2.194,-1.6642,-1.7687,-1.2239,-1.4328,-2.2985,-2.5224,-0.8358,-0.7761,-3.4627,-2.0896,-1.194
trpos2840.txt_allergen_688,0.0342,-1.5641,-1.3846,-2.5726,-1.7692,-1.6325,-2.2906,-1.6667,-2.6239,-1.6325,-1.5299,-1.4872,-1.0427,-2.8974,-1.9402,-0.4444,-0.7863,-3.8718,-2.7436,-1.0256
trpos2840.txt_allergen_2827,-0.4669,-1.5993,-1.2904,-1.9338,-2.511,-1.4596,-1.8676,-1.1544,-1.9522,-1.8566,-1.9154,-1.3787,-1.4669,-2.0809,-2.0331,-0.5956,-0.8346,-2.7941,-1.8713,-1.3346
trpos2840.txt_allergen_3085,-0.5543,-1.6571,-1.1886,-1.2171,-1.7829,-0.9771,-1.04,-1.6229,-1.5429,-0.8286,-1.2057,-0.64,-1.1257,-1.8629,-1.4971,-0.6286,-0.4514,-2.68,-1.6971,-0.44
trpos2840.txt_allergen_2134,-0.3615,-1.3146,-0.8732,-1.1502,-1.5446,-1.0188,-1.1221,-1,-1.507,-1.7089,-1.6808,-1.0986,-1.2958,-2.2347,-1.4085,-0.1831,-0.493,-2.7089,-1.8873,-1.3333
trpos2840.txt_allergen_3539,-0.9049,-1.9722,-0.8956,-1.2784,-2.3387,-0.8794,-1.4501,-1.0928,-1.9188,-1.1206,-1.2088,-1.4153,-1.3503,-1.3016,-1.6241,-0.1067,-0.2761,-2.7262,-1.0626,-0.9536
trpos2840.txt_allergen_2073,-0.2148,0.3345,-0.4577,-0.5845,-3.4014,1.3239,1.7465,-3.0528,-1.1127,-1.7148,-0.6514,1.2042,-0.7817,-3.5246,-4.0282,-0.6761,-0.9014,-4.507,-2.9542,-1.7077
trpos2840.txt_allergen_980,-1.1395,-1.2267,-1.3721,-1.4302,-3.2558,-0.907,-0.7209,-2.1105,-1.3953,-1.3547,-1.3023,-0.8081,-1.343,-1.686,-2.4128,-0.9593,-0.6163,-3.3372,-1.7035,-1.0291
trpos2840.txt_allergen_959,-0.3991,-1.3333,-0.8685,-1.1221,-1.4977,-1.0329,-1.1221,-1.0376,-1.554,-1.7324,-1.6995,-1.1127,-1.3239,-2.2582,-1.3474,-0.1972,-0.5352,-2.7089,-1.8638,-1.3427
trpos2840.txt_allergen_3235,-0.697,-1.3287,-0.9068,-1.2914,-2.3357,-0.9744,-1.2145,-1.4918,-1.5315,-1.5082,-1.296,-1.1189,-0.972,-1.662,-1.8648,-0.5688,-0.8345,-2.2284,-1.3753,-1.3287
trpos2840.txt_allergen_78,-0.6534,-1.5365,-0.8455,-1.2171,-2.5595,-0.9541,-1.0522,-1.8768,-1.5762,-1.6033,-1.3403,-1.2317,-1.4029,-1.4906,-1.7871,-0.4676,-0.5407,-2.5407,-1.0564,-1.2526
trpos2840.txt_allergen_2147,-0.908,-1.2025,-1.1104,-1.4294,-1.3006,-0.6748,-0.9571,-1.3006,-1.6503,-2.2454,-2.0368,-0.6933,-1.4908,-1.9816,-1.6258,-0.6012,-0.9018,-2.6871,-1.7362,-1.7485
trpos2840.txt_allergen_2206,-0.8116,-1.6087,-1.0435,-1.3333,-1.4348,-1.0435,-1.1739,-1.4638,-1,-1.1594,-1.4058,-1.2029,-1.0435,-1.8116,-1.4058,-0.6087,-0.6812,-2.6232,-1.3478,-0.971
trpos2840.txt_allergen_1988,-1.0394,-1.276,-1.2509,-1.8423,-2.3333,-1.2151,-1.6201,-1.767,-1.4803,-1.4409,-1.448,-1.3011,-1.4875,-1.8781,-1.5986,-0.6595,-0.7348,-2.6774,-1.6559,-0.9462
trpos2840.txt_allergen_816,-0.0256,-1.7778,-1.3419,-2.5983,-2.0171,-1.6923,-2.3932,-1.6923,-2.8462,-1.7179,-1.6068,-1.4701,-1.1026,-2.8462,-2.0171,-0.4274,-0.7949,-3.9487,-2.7949,-0.9829
trpos2840.txt_allergen_2785,-0.4662,-1.7814,-0.9614,-1.4984,-2.627,-1.0997,-1.6077,-1.3183,-1.7942,-1.5949,-1.5145,-1.3666,-1.4469,-1.5531,-1.9068,-0.3151,-0.7074,-2.6013,-1.3248,-1.4469
trpos2840.txt_allergen_1727,-0.4046,-2.1679,-1.4809,-1.9237,-2.3435,-1.1145,-1.687,-1.1374,-2.1832,-1.7023,-1.8244,-1.2595,-1.4809,-2.3435,-2.5496,-0.8244,-0.771,-3.5267,-2.0763,-1.2519
trpos2840.txt_allergen_1796,-0.6667,-1,-1.3488,-1.155,-2.5194,-0.3488,-0.3721,-2.2171,-1.2093,-1.2481,-0.9767,-0.3566,-0.7442,-1.6124,-2.2946,-0.9225,-0.7597,-2.907,-1.5969,-1.1705
trpos2840.txt_allergen_340,-0.7421,-2.2327,-1.3585,-1.5094,-2.9245,-1.5346,-0.8742,-1.5849,-1.239,-1.2013,-1.6855,-0.805,-1.6101,-2.0377,-2.0755,-0.7358,-0.6352,-3.1698,-1.8994,-0.9497
trpos2840.txt_allergen_2831,-0.5018,-1.5164,-1.24,-1.9273,-2.4982,-1.4109,-1.7709,-1.1018,-1.8873,-1.8655,-1.9018,-1.3345,-1.6,-2.1164,-2.0218,-0.6436,-0.8255,-2.8509,-1.8036,-1.3382
trpos2840.txt_allergen_2986,-1.0595,-1.254,-0.9611,-1.0858,-2.3009,-0.9588,-0.8936,-1.9554,-1.1808,-1.5103,-1.3684,-0.9039,-1.2506,-1.476,-1.7059,-0.6236,-0.7162,-2.6053,-1.2918,-1.2311
trpos2840.txt_allergen_1166,-1.093,-1.6047,-1.5349,-0.9535,-3,-1.1163,-0.4767,-2.5698,-1.8256,-1.7791,-1.5349,-0.5465,-0.1628,-1.8488,-3.3372,-1.1977,-1.4186,-3.8256,-2.1512,-1.6977
trpos2840.txt_allergen_2615,-0.7548,-2.2,-1.4129,-1.5742,-2.9613,-1.5161,-0.9097,-1.6194,-1.2581,-1.1226,-1.6452,-0.7032,-1.5484,-2.0065,-1.9935,-0.8387,-0.6645,-3.3032,-1.9419,-0.8968
trpos2840.txt_allergen_2285,-1.1664,-0.4607,-0.7751,-1.3144,-2.7715,-0.0073,-0.3291,-1.8044,-1.1389,-1.777,-1.7294,-0.8373,-1.596,-1.8647,-1.7861,-0.6252,-1.0731,-2.8373,-1.6399,-1.4991
trpos2840.txt_allergen_2401,-1.0794,-1.2804,-1.4392,-1.5344,-3.037,-0.8413,-0.8148,-2.1164,-1.5503,-1.2646,-1.1111,-0.8307,-1.164,-1.5873,-2.3545,-1.0635,-0.6667,-3.2116,-1.8201,-0.8889
trpos2840.txt_allergen_1217,-0.9816,-1.2903,-1.1382,-1.4009,-2.6774,-1.3456,-1.2028,-1.5991,-1.8065,-1.447,-1.4562,-1.2581,-1.6728,-1.4747,-1.5806,-0.5714,-0.682,-3.0138,-1.553,-1.0323
trpos2840.txt_allergen_1532,-0.9414,-1.8153,-0.8559,-1.4955,-2.4369,-1.3243,-1.4279,-1.4369,-1.7252,-1.7342,-2.1126,-1.1937,-1.6036,-2.1532,-2.3739,-0.5631,-1.0225,-2.8288,-1.3108,-1.2793
trpos2840.txt_allergen_632,0.1217,-1.7043,-1.3478,-2.5391,-1.8174,-1.713,-2.313,-1.7217,-2.6696,-1.7391,-1.5739,-1.4609,-1.0957,-2.9217,-1.8087,-0.4174,-0.713,-4.1217,-2.7304,-1.0348
trpos2840.txt_allergen_2931,-0.4254,-2.1045,-1.5,-1.8806,-2.1642,-1.0821,-1.6716,-1.1343,-2.1866,-1.6269,-1.7687,-1.2463,-1.3955,-2.306,-2.5522,-0.8731,-0.7537,-3.4552,-2.0672,-1.1791
trpos2840.txt_allergen_2886,-0.4272,-1.2649,-0.8806,-1.334,-2.1884,-0.8396,-1.1194,-1.1567,-1.2537,-1.3731,-1.2015,-1.0299,-0.9664,-1.5299,-1.4776,-0.3862,-0.4739,-1.9552,-1.0336,-1.1175
trpos2840.txt_allergen_1087,0.1453,-1.7607,-1.3675,-2.5214,-1.8205,-1.7179,-2.2991,-1.6752,-2.735,-1.6496,-1.4786,-1.3932,-1.188,-2.7949,-1.8462,-0.453,-0.6581,-4.0684,-2.6667,-0.8889
trpos2840.txt_allergen_3371,-1.1944,-1.3556,-1.5278,-1.5667,-3.1778,-1.1722,-0.9167,-2.3056,-1.6167,-1.3889,-1.2333,-0.9,-1.2389,-1.6111,-2.2444,-1.0444,-0.6889,-3.3833,-1.8,-0.9556
trpos2840.txt_allergen_365,-1.0588,-0.7756,-0.7974,-1.671,-2.9085,-0.22,-0.9695,-1.6754,-1.3704,-1.5599,-1.5011,-1.2222,-1.6776,-1.4858,-1.7538,-0.5338,-0.9673,-3.0501,-1.7952,-1.207
trpos2840.txt_allergen_3381,-1.2444,-1.3,-1.1,-1.3,-3.1611,-1.4444,-1.1611,-1.6278,-1.9278,-1.4778,-1.5556,-1.2,-1.8278,-1.7278,-1.3889,-0.7611,-0.9167,-3.25,-1.6722,-1.0167
trpos2840.txt_allergen_911,-0.3993,-1.5417,-0.8142,-1.2066,-2.3368,-1.059,-1.2309,-1.3611,-1.6684,-1.4462,-1.4653,-1.1285,-1.4306,-1.7448,-1.724,-0.2257,-0.4201,-2.3958,-1.2135,-1.1545
trpos2840.txt_allergen_1408,-0.7562,-2.175,-1.2937,-1.4688,-2.8375,-1.55,-0.925,-1.6187,-1.125,-1.1438,-1.75,-0.825,-1.5813,-2.0875,-2.1437,-0.75,-0.6125,-3.2938,-1.825,-0.975
trpos2840.txt_allergen_3333,-0.9385,-1.4615,-0.4462,-0.7846,-1.5692,-0.3692,-0.4308,-1.0308,-1.3385,-2.2462,-2.2308,-0.9385,-1.6462,-2.5077,-1.6308,-0.4615,-0.5846,-2.8462,-1.9846,-1.7846
trpos2840.txt_allergen_2318,-0.4159,-1.0265,-1.177,-1.7257,-1.0796,-0.9735,-1.3274,-1.469,-1.2832,-1.4867,-1.4425,-0.708,-1.0973,-1.7965,-1.6372,-0.4513,-0.5398,-2.3805,-1.3097,-1.0619
trpos2840.txt_allergen_572,-0.6684,-0.9694,-0.7755,-1.0867,-1.8571,-0.5408,-0.5765,-1.9592,-1.2347,-1.3112,-1.1276,-0.3469,-0.8367,-1.6378,-1.7296,-0.4337,-0.602,-2.5867,-1.2296,-0.9082
trpos2840.txt_allergen_1716,-0.0571,-1.3714,-0.9429,-1.7143,-2.4286,-1.1429,-1.3714,-0.8,-1.8571,-2.0857,-2.2,-0.5143,-1.7714,-2.3143,-0.4571,-0.5714,-0.3714,-1.9143,-1.5429,-1.7429
trpos2840.txt_allergen_758,-1,-1.5155,-1.0807,-1.5559,-2.3354,-1.2081,-1.4037,-1.8634,-1.5932,-1.4037,-1.3665,-1.1398,-1.2795,-1.6863,-1.9752,-0.7205,-0.8385,-3.1056,-1.5745,-1.2609
trpos2840.txt_allergen_3519,-0.7647,-0.6471,-0.7059,-0.4706,-1,0.1765,-0.2353,-1.6471,-1.4706,-1.8824,-1.4706,-0.4706,-0.9412,-2.4118,-1.1176,-0.2941,0,-2.5294,-1.9412,-1.4118
trpos2840.txt_allergen_1758,-0.7366,-2.0024,-0.539,-1.2146,-2.3927,-1.3829,-1.5951,-0.9268,-1.8854,-1.2195,-1.8537,-0.9951,-1.6927,-1.9854,-2.1122,-0.2122,-0.261,-3.0317,-1.8268,-0.9829
trpos2840.txt_allergen_2023,-1.4745,-1.4234,-1.2058,-1.2569,-3.165,-1.1109,-1.1518,-2.4993,-0.7372,-1.5825,-1.5314,-1.181,-0.9796,-1.2409,-2.3226,-1.2569,-1.0949,-2.7723,-0.6774,-1.1796
trpos2840.txt_allergen_2063,-1.0833,-1.8241,-1.5648,-0.7222,-2.8426,-1.2407,-0.5185,-2.4259,-1.9074,-1.7037,-1.6852,-0.7778,-0.5278,-1.7963,-2.9722,-1.0741,-1.2407,-3.6389,-2.3981,-1.5185
trpos2840.txt_allergen_1924,-0.6069,-1.9724,-1.4552,-1.6345,-2.1586,-1.069,-1.2621,-1.9862,-1.9793,-1,-1.5034,-0.7103,-1.4966,-2.269,-1.8345,-0.7793,-0.5655,-3.2621,-2.1103,-0.5379
trpos2840.txt_allergen_2813,-0.7812,-1.8482,-0.6272,-1.1518,-2.1629,-0.7143,-1.3304,-0.9933,-1.6228,-1.0022,-1.1362,-1.1786,-1.2723,-1.1964,-1.4844,-0.0045,-0.2634,-2.4442,-0.8527,-0.9219
trpos2840.txt_allergen_708,-0.4887,-1.1602,-0.9547,-1.246,-2.4353,-1.0291,-1.2168,-1.2233,-1.2767,-1.3625,-1.246,-1.2217,-1.2362,-1.3916,-1.2751,-0.6214,-0.6634,-2.377,-1.3382,-0.9498
trpos2840.txt_allergen_1148,-0.54,-1.38,-1.26,-1.7667,-2.3933,-1.1133,-1.5333,-1.1467,-1.5867,-1.3067,-1.4733,-1.2933,-1.2067,-1.5467,-2.1,-0.3733,-0.5267,-2.38,-1.1867,-0.9733
trpos2840.txt_allergen_1663,0.0783,-1.687,-1.4609,-2.5826,-1.8609,-1.7565,-2.4174,-1.7565,-2.7391,-1.7739,-1.5913,-1.4522,-1.2261,-2.8783,-1.8435,-0.4696,-0.6783,-4.1913,-2.8,-1.0783
trpos2840.txt_allergen_2525,-0.7669,-2.1534,-1.3988,-1.5521,-2.8037,-1.4233,-0.9571,-1.5644,-1.3252,-1.0982,-1.638,-0.7914,-1.5399,-1.9755,-2.0552,-0.7239,-0.589,-3.184,-1.8221,-0.8282
trpos2840.txt_allergen_3306,-0.84,-1.18,-1.24,-1.78,-2.27,-1.07,-1.01,-1.86,-2.02,-2.17,-1.55,-0.99,-1.45,-2.24,-1.75,-0.58,-1.01,-3.35,-1.94,-1.8
trpos2840.txt_allergen_1338,-0.8352,-0.8544,-1.3065,-1.5134,-2.4444,1.4981,-0.3218,-1.8199,-1.2299,-1.8812,-1.728,-0.4598,-1.1341,-2.2874,0.5594,-0.3027,-0.728,-2.6092,-1.6667,-1.5057
trpos2840.txt_allergen_1960,-0.403,-1.3284,-0.7015,-1.0299,-1.806,-0.7612,-0.8731,-1.0821,-1.2313,-1.7015,-1.709,-0.8657,-1.2313,-1.694,-1.6194,-0.209,-0.403,-2.4627,-1.2687,-1.2612
trpos2840.txt_allergen_2389,-0.9207,-1.0617,-1.0749,-1.1189,-2.5286,-0.9427,-1.0352,-1.5154,-1.2423,-1.5683,-1.5859,-0.8062,-1.3921,-1.0441,-1.4978,-0.6388,-0.8062,-2.1013,-0.837,-1.3348
trpos2840.txt_allergen_728,-0.7182,-1.8273,-1.4818,-1.5364,-3.1455,-1.1455,-0.8364,-2.5909,-1.6091,-1.4,-1.4364,-0.6273,-1.3364,-1.8636,-2.6636,-1.2273,-1.1182,-3.5,-2.0273,-0.7636
trpos2840.txt_allergen_2283,-1.0758,-1.441,-1.2416,-1.2837,-2.5365,-1.073,-0.9354,-2.0365,-1.6713,-1.4157,-1.2163,-0.7949,-1.3034,-2.014,-2.2528,-0.882,-0.9831,-3.1994,-1.8848,-1.2725
trpos2840.txt_allergen_1389,-0.3758,-0.9936,-1.8471,-1.6943,-1.8217,-0.8153,-1.3376,-1.293,-1.8344,-1.6242,-1.2803,-1.5732,-1.0764,-2.0637,-1.2102,-0.6752,-0.8854,-2.414,-1.6051,-0.7962
trpos2840.txt_allergen_3041,-0.7757,-1.0753,-0.6627,-0.6438,-2.6558,-0.8442,-0.8836,-1.2055,-0.7517,-1.3887,-1.125,-1.1644,-1.1455,-1.036,-1.6729,-0.7671,-0.8425,-1.1558,-0.6764,-1.2055
trpos2840.txt_allergen_819,-0.3577,-1.5976,-1.0732,-1.752,-1.752,-1.1341,-1.687,-1,-1.6138,-1.748,-1.7764,-1.378,-1.5772,-1.8415,-1.4797,-0.3943,-0.4431,-2.687,-1.748,-1.2886
trpos2840.txt_allergen_479,-0.7925,-2.1509,-1.327,-1.5094,-2.8616,-1.5094,-0.8931,-1.6164,-1.1258,-1.1761,-1.6541,-0.7421,-1.5786,-1.9811,-2,-0.805,-0.6604,-3.2264,-1.8113,-0.9811
trpos2840.txt_allergen_2479,-0.25,-1.125,-1.0625,-1.5,-1.5625,-1.0625,-1.125,-2.125,-1.875,0.0625,-0.5,-1,-0.3125,-1.875,-1.25,-0.5625,0.3125,-3,-1.6875,0.5
trpos2840.txt_allergen_306,-1.1282,-1.5513,-1.6154,-0.9487,-3,-1.1923,-0.5513,-2.5769,-1.7308,-1.8974,-1.5128,-0.7051,-0.3077,-1.7564,-3.5256,-1.3077,-1.4872,-3.9487,-2.2051,-1.7308
trpos2840.txt_allergen_2902,-0.7089,-1.5395,-1.5625,-1.4293,-2.4243,-0.9819,-0.5724,-2.3898,-1.3947,-1.8043,-1.3635,-0.6957,-1.4013,-2.074,-1.9638,-0.7122,-0.6727,-3.4095,-1.9556,-1.3635
trpos2840.txt_allergen_3377,-1.2,-1.3389,-1.5667,-1.5556,-3.1611,-1.1889,-0.9111,-2.2722,-1.6667,-1.3944,-1.2333,-0.9444,-1.2611,-1.6611,-2.3389,-1.0389,-0.7222,-3.3222,-1.8056,-0.8833
trpos2840.txt_allergen_2245,-0.6222,-0.9407,-1.1111,-1.0741,-2.4741,-0.3259,-0.2444,-2.1481,-1.0148,-1.2296,-0.9852,-0.3778,-0.6741,-1.6222,-2,-0.837,-0.7037,-2.7556,-1.4889,-1.0741
trpos2840.txt_allergen_2457,-0.7143,-0.6071,-0.1786,-0.8571,-1.2143,-0.5,-0.5357,-0.8571,-0.7857,-2.3571,-2.2143,0,-1.4643,-2.2857,-0.7857,0.0357,-0.6786,-2.5714,-1.4286,-1.8214
trpos2840.txt_allergen_2443,-0.227,-1.411,-0.9509,-1.2515,-1.5215,-0.9816,-1.0429,-1.1718,-1.5337,-0.8834,-1.0245,-0.9816,-0.7301,-1.4356,-1.4847,-0.1902,-0.3129,-2.3313,-1.3252,-0.5521
trpos2840.txt_allergen_1140,-0.0758,-1.2803,-1.1818,-1.3182,-1.6515,-1.2121,-1.1591,-1.2576,-1.7955,-1.9242,-1.9545,-0.6894,-1.5455,-2.1136,-0.5758,-0.3106,-0.4697,-3.1364,-2.1742,-1.447
trpos2840.txt_allergen_1247,0.7883,-1.1303,-1.3681,-1.4853,-1.9577,-0.9479,-0.886,-1.0814,-1.5798,-1.4104,-1.5277,-0.6873,-1.2182,-1.9446,-0.7264,-0.0521,-0.1075,-2.5081,-1.5537,-0.759
trpos2840.txt_allergen_3366,-0.8738,-1.5282,-0.9236,-1.5482,-2.5349,-0.9535,-1.3389,-1.8073,-1.8937,-1.4784,-1.608,-0.9934,-1.4784,-1.8638,-2.0033,-0.6545,-0.8372,-3.0997,-1.5249,-1.4153
trpos2840.txt_allergen_318,-0.8062,-2.1938,-1.2875,-1.45,-2.7875,-1.5188,-0.8875,-1.65,-1.1,-1.2375,-1.675,-0.725,-1.5312,-2.0312,-2.0562,-0.7875,-0.6375,-3.2875,-1.8438,-0.9875
trpos2840.txt_allergen_526,-0.8112,-1.1469,-1,-1.1748,-2.2238,-0.8881,-0.6993,-1.6573,-1.7413,-1.5035,-1.6503,-0.4615,-1.4196,-2.1049,-1.5594,-0.5524,-0.5524,-3.049,-1.8182,-1.0839
trpos2840.txt_allergen_1964,-0.9094,-0.7113,-0.7151,-1.4868,-2.7075,-0.0113,-0.7,-1.4849,-1.3283,-1.4132,-1.3698,-1.1057,-1.5151,-1.4075,-1.5698,-0.417,-0.8849,-2.7755,-1.6377,-1.1491
trpos2840.txt_allergen_3345,-1.0252,-1.4398,-1.2493,-1.3025,-2.4986,-1.0728,-0.9496,-1.9692,-1.6583,-1.437,-1.2325,-0.8655,-1.2885,-2.0112,-2.1877,-0.8908,-0.9888,-3.1877,-1.8908,-1.2549
trpos2840.txt_allergen_2952,-0.4104,-2.097,-1.4776,-1.8507,-2.1343,-1.0896,-1.694,-1.1194,-2.2164,-1.6642,-1.8134,-1.2388,-1.4328,-2.2836,-2.5299,-0.8657,-0.7612,-3.4478,-2.0672,-1.2015
trpos2840.txt_allergen_3250,-0.6919,-1.6005,-0.9739,-1.4204,-3.1018,-1.0679,-1.5248,-1.6162,-1.4961,-1.5483,-1.3603,-1.2533,-1.4439,-1.5222,-2.0052,-0.7755,-0.953,-2.5222,-1.3446,-1.282
trpos2840.txt_allergen_3129,-0.2148,0.2782,-0.412,-0.6479,-3.669,1.2676,1.7817,-3.0915,-1.1831,-1.669,-0.7007,1.1866,-0.8521,-3.4894,-4.0141,-0.5775,-0.919,-4.3944,-2.9225,-1.7324
trpos2840.txt_allergen_37,-1.04,-1.14,-1.04,-0.4933,-1.82,-0.68,-0.24,-2,-0.8,-1.4733,-1.3133,-0.3733,-0.2533,-1.0467,-2.5,-0.84,-0.9733,-2.7467,-1.2333,-1.5333
trpos2840.txt_allergen_433,-0.6025,-1.5533,-1.209,-1.8279,-2.7213,-1.459,-1.8607,-1.1352,-1.9836,-2.0328,-2.1844,-1.3566,-1.7664,-2.3484,-2.0902,-0.7541,-0.8525,-2.8852,-1.959,-1.627
trpos2840.txt_allergen_648,-0.6714,-1.2128,-1.0662,-1.3759,-2.2695,-1.0851,-1.0922,-1.4728,-1.4444,-1.1962,-1.2199,-1.0284,-1.0496,-1.5461,-1.7234,-0.5863,-0.617,-2.5296,-1.4208,-0.8416
trpos2840.txt_allergen_376,0.7387,-2.2703,-1.7748,-1.3153,-2.6757,-1.4685,-0.5495,-1.1441,-2.4505,-2.1982,-2.0811,-0.964,-1.7477,-3,-1.6937,-0.3243,-1.0721,-3.8108,-2.7207,-1.2523
trpos2840.txt_allergen_2000,-0.2007,0.1479,-0.4331,-0.6972,-3.4683,1.2113,1.7183,-3.1232,-1.2923,-1.7746,-0.8099,1.1831,-0.8838,-3.5915,-4.088,-0.6056,-0.8415,-4.6338,-2.8451,-1.7218
trpos2840.txt_allergen_1997,-0.2535,0.3028,-0.4507,-0.6655,-3.4613,1.2711,1.7077,-3.1831,-1.169,-1.7359,-0.6972,1.2289,-0.838,-3.5211,-4.0599,-0.6303,-0.838,-4.5493,-2.7958,-1.6972
trpos2840.txt_allergen_3363,-0.8944,-1.4596,-0.7857,-1.7205,-2.6242,-1.2516,-1.2578,-1.7081,-1.4099,-1.6988,-1.7919,-0.9472,-1.3447,-1.9348,-2.3416,-0.7112,-1.028,-2.8168,-1.2547,-1.3012
trpos2840.txt_allergen_273,-0.1725,0.3239,-0.4577,-0.6056,-3.6092,1.2958,1.743,-3.0634,-1.1831,-1.743,-0.7218,1.162,-0.8028,-3.4296,-4.0282,-0.5528,-0.8134,-4.5423,-2.9049,-1.7289
trpos2840.txt_allergen_3332,-0.9385,-1.4615,-0.4769,-0.8615,-1.6,-0.4923,-0.4308,-1.0308,-1.3538,-2.2615,-2.2615,-0.9231,-1.6462,-2.5538,-1.6615,-0.4462,-0.6,-2.8615,-2,-1.8462
trpos2840.txt_allergen_2173,-0.4351,-2.145,-1.4656,-1.8702,-2.2901,-1.0992,-1.6947,-1.1603,-2.2214,-1.6794,-1.8015,-1.2901,-1.4885,-2.3435,-2.5344,-0.7863,-0.7481,-3.4809,-2.1145,-1.229
trpos2840.txt_allergen_951,-0.2609,-1.6304,-1.087,-2.2174,-2.0326,-1.587,-2.4022,-1.5,-2.5978,-1.8804,-1.9565,-1.2609,-1.8587,-3.1196,-1.7609,-0.3696,-0.5543,-4.0217,-2.7609,-1.4239
trpos2840.txt_allergen_2082,0.188,-1.735,-1.4615,-2.5641,-1.906,-1.6581,-2.3162,-1.7009,-2.6838,-1.7179,-1.5641,-1.453,-1.0769,-2.906,-1.7692,-0.4359,-0.7179,-3.9744,-2.735,-1
trpos2840.txt_allergen_1651,-0.8466,-1.3127,-0.6254,-1.3068,-2.6431,-1.0059,-0.941,-1.4867,-1.2271,-1.6667,-1.8201,-0.7847,-1.3215,-1.764,-2.0678,-0.5929,-0.8732,-2.708,-0.9764,-1.354
trpos2840.txt_allergen_470,-0.7863,-1.084,-0.9924,-1.1603,-2.0611,-0.8092,-0.687,-1.6565,-1.6031,-1.4733,-1.6336,-0.4504,-1.4351,-1.9771,-1.5878,-0.4046,-0.374,-2.8473,-1.6412,-0.9466
trpos2840.txt_allergen_1861,-0.3626,-1.5385,-1.0769,-2.3626,-2.0769,-1.5604,-2.4505,-1.6044,-2.7582,-2,-2.022,-1.2747,-1.9341,-3.1978,-1.8791,-0.4066,-0.6264,-4.1319,-2.8681,-1.4615
trpos2840.txt_allergen_2450,-0.0833,-1.375,-0.9167,-0.7917,-0.3333,-0.9167,-0.9167,-1.3333,-1.7083,-1.2917,-1.2917,-0.7083,-0.9583,-1.9167,-1.2917,0.25,-0.0833,-2.625,-1.6667,-0.9167
trpos2840.txt_allergen_1721,-0.7614,-0.9625,-1.5282,-1.6568,-2.6461,1.7131,-0.689,-1.6542,-1.0134,-1.8365,-1.4906,-0.9437,-1.3137,-1.9946,0.689,-0.3244,-0.8418,-2.8016,-1.756,-1.3619
trpos2840.txt_allergen_1692,-0.9452,-1.621,-1.3059,-1.7534,-2.4201,-1.032,-1.0548,-2.2466,-1.3288,-1.4201,-1.2146,-0.79,-0.8539,-1.379,-1.9406,-1.3151,-1.2466,-2.6621,-1.1918,-1.3516
trpos2840.txt_allergen_3111,-0.2465,0.2289,-0.4049,-0.5986,-3.4296,1.257,1.8063,-3.1232,-1.2535,-1.7711,-0.6866,1.2641,-0.7746,-3.3944,-3.8803,-0.6232,-0.8662,-4.5106,-2.8908,-1.7324
trpos2840.txt_allergen_941,-0.6098,-1.4824,-1.607,-1.9024,-2.4309,1.0894,-0.4336,-1.8266,-1.7236,-1.7805,-1.7615,-0.5501,-1.5556,-2.626,1.3062,0.1057,-0.1382,-3.2168,-2.0136,-1.252
trpos2840.txt_allergen_1618,-0.6383,-1.9858,-1.5035,-1.7021,-2.2553,-1.0922,-1.2695,-2.078,-2.0355,-0.9504,-1.3901,-0.7872,-1.4823,-2.2695,-1.9291,-0.8085,-0.5745,-3.2624,-2.1348,-0.4965
trpos2840.txt_allergen_2349,-0.0435,-1.5435,-1.2283,-2.0435,-1.0543,-1.0761,-1.5543,-1.5652,-1.9565,-1.337,-1.163,-1.1957,-1.0109,-2,-1.1848,-0.2717,-0.4022,-2.7826,-1.7826,-0.7826
trpos2840.txt_allergen_846,-0.6592,-1.2867,-1.646,-1.4584,-3.1731,-1.1731,-1.0713,-2.3012,-1.9221,-1.4993,-1.424,-1.041,-1.753,-2.0806,-2.2444,-1.1638,-1.1162,-3.0489,-1.9234,-1.2483
trpos2840.txt_allergen_805,-0.8392,-1.3367,-0.7387,-1.6181,-2.206,-0.8995,-1.3317,-1.4824,-1.3668,-1.8744,-1.9397,-0.8492,-1.5678,-2.1558,-1.6784,-0.5578,-0.8593,-2.1608,-1.1156,-1.3367
trpos2840.txt_allergen_615,-0.3822,-1.3185,-0.8471,-1.172,-1.7325,-0.7898,-0.879,-1.1847,-1.3439,-1.4331,-1.5669,-0.9045,-1.051,-1.5159,-1.5924,-0.2611,-0.3185,-2.3949,-1.242,-1.0892
trpos2840.txt_allergen_2180,-1.0508,-0.8146,-0.8698,-1.6534,-2.8874,-0.1656,-0.8786,-1.7395,-1.3576,-1.5762,-1.5254,-1.2318,-1.6358,-1.596,-1.7616,-0.5077,-0.9558,-3.0486,-1.7461,-1.2737
trpos2840.txt_allergen_570,-0.8093,-1.1701,-1.0979,-1.3454,-1.2526,-0.567,-0.799,-1.3969,-1.5258,-2.0567,-1.8402,-0.5773,-1.2887,-1.7371,-1.5515,-0.6082,-0.7887,-2.567,-1.5412,-1.6495
trpos2840.txt_allergen_3341,-0.3621,-2,-1.5862,-0.8448,-2.8103,-1.2241,-0.4828,-2.0345,-1.8276,-1.9828,-2.1552,-0.6552,-1.9483,-1.8621,-2.5172,-0.8793,-1.1897,-3.5517,-2.2414,-1.7241
trpos2840.txt_allergen_2400,-0.7527,-1.6129,-1.3226,-1.5699,-1.7849,-1.0108,-0.9462,-2.2581,-1.4839,-1.043,-0.9032,-1.043,-0.4516,-1.4086,-1.9892,-0.7957,-0.4301,-2.5376,-1.2581,-0.7742
trpos2840.txt_allergen_786,-1.0859,-0.804,-0.7863,-1.6938,-2.9251,-0.3855,-0.9207,-1.7026,-1.4626,-1.5485,-1.5044,-1.1035,-1.6674,-1.5947,-1.7863,-0.5903,-1.0485,-3.1872,-1.8326,-1.2577
trpos2840.txt_allergen_2841,-0.7902,-1.6104,-0.7193,-1.3651,-2.4196,-1.3815,-1.6158,-1.297,-1.4823,-1.2888,-1.8038,-1.1826,-1.5313,-1.9755,-2.2834,-0.4087,-0.6458,-2.6921,-1.3678,-1.2452
trpos2840.txt_allergen_3387,-0.75,-1.1591,-0.9773,-1.2121,-2.1894,-0.9621,-0.7576,-1.7576,-1.7727,-1.3561,-1.5833,-0.5227,-1.3712,-2.0833,-1.6742,-0.6136,-0.5227,-3.0379,-1.7879,-1.0152
trpos2840.txt_allergen_1664,-0.2182,-1.5909,-1.1,-1.9909,-2.1,-1.1727,-1.7636,-0.7727,-1.7727,-1.8,-1.7818,-1.5,-1.5455,-1.7091,-1.8091,-0.3455,-0.3545,-2.3818,-1.7273,-1.4273
trpos2840.txt_allergen_2735,-0.1702,-1.6809,-1.1277,-2.2447,-2.0106,-1.5957,-2.2447,-1.4362,-2.7021,-1.9149,-1.9255,-1.2234,-1.8617,-3.2128,-1.7766,-0.3723,-0.6383,-4.1915,-2.8511,-1.3511
trpos2840.txt_allergen_364,-0.973,-0.3919,-1.6419,-1.6351,-2.2162,0.4392,-0.473,-2.0811,-1.6757,-1.6014,-1.4257,-1.1622,-0.4257,-2.0338,-1.6757,-0.7905,-1.2027,-3.0473,-2.0473,-1.3986
trpos2840.txt_allergen_1118,-1.1322,-1.2314,-1.2149,-0.7438,-2.6446,-0.9174,-0.314,-2.405,-1.7851,-1.7273,-1.5702,-0.4959,-0.3306,-1.8843,-2.7769,-1.157,-1,-3.5868,-2.1818,-1.7521
trpos2840.txt_allergen_1076,-0.6993,-2,-1.4056,-1.6434,-2.1818,-1.1259,-1.2797,-2.0629,-1.9231,-0.9371,-1.4336,-0.8042,-1.4965,-2.2308,-1.9091,-0.8112,-0.5524,-3.2517,-2.0979,-0.5315
trpos2840.txt_allergen_2563,-1.2484,-1.6646,-1.2422,-1.4286,-2.6335,-1.0497,-0.6957,-2.0373,-1.9752,-1.118,-1.5217,-0.5714,-1.236,-1.8944,-2.7081,-0.8944,-0.236,-2.8634,-1.764,-0.6522
trpos2840.txt_allergen_3469,-1.1228,-1.7675,-1.2237,-1.8114,-2.7456,-1.1711,-1.5175,-1.6096,-2.1053,-0.7544,-0.2675,-1.4342,-1.0088,-1.9386,-1.8816,-0.6579,-0.6798,-3.3947,-2.3991,-0.4912
trpos2840.txt_allergen_154,-0.9286,-1.5268,-1.0893,-1.6875,-2.4673,-1.2054,-1.3958,-1.8155,-1.7827,-1.494,-1.4881,-1.0863,-1.4107,-1.7946,-1.997,-0.6786,-0.8363,-2.9702,-1.5595,-1.2976
trpos2840.txt_allergen_2008,-0.2465,0.2923,-0.4437,-0.6197,-3.4437,1.338,1.7042,-3.0141,-1.1549,-1.6514,-0.6408,1.243,-0.7183,-3.493,-3.9577,-0.6127,-0.8415,-4.4049,-2.8768,-1.6972
trpos2840.txt_allergen_2865,-0.7566,-2.1053,-1.1184,-1.5132,-2.8947,-1.6842,-1.5855,-1.0066,-1.5658,-1.8947,-1.9934,-1.3684,-2.0263,-2.625,-1.875,-1,-0.7566,-3.7368,-2.4737,-1.4803
trpos2840.txt_allergen_2802,-0.7699,-1.3014,-0.8274,-1.2795,-2.5479,-0.8712,-1.2274,-1.4329,-1.5644,-1.4548,-1.4603,-0.9205,-1.211,-1.3151,-1.8164,-0.3699,-0.5178,-1.9452,-1.0082,-1.1014
trpos2840.txt_allergen_3479,-0.3869,-1.3504,-0.7956,-1.0949,-1.7883,-0.8102,-0.9197,-1.1168,-1.2847,-1.6423,-1.6204,-0.9197,-1.2336,-1.635,-1.6423,-0.1971,-0.3796,-2.4234,-1.2336,-1.2774
trpos2840.txt_allergen_2586,-0.35,-1.8,-1,-1.85,-2,-1.4,-1.55,-1.05,-1.9,-1.05,-1.15,-1.25,-0.65,-1.45,-2.15,-0.3,-0.4,-2.6,-1.65,-0.85
trpos2840.txt_allergen_1642,-0.5426,-1.0026,-0.8553,-1.0517,-2.1008,-0.677,-0.7649,-1.4496,-1.4005,-1.0853,-0.9587,-0.6202,-0.907,-1.4005,-1.4264,-0.3928,-0.3023,-2.3747,-1.2171,-1.0388
trpos2840.txt_allergen_2979,-1.0735,-0.3641,-0.9282,-1.1983,-2.8821,0.4154,-0.1231,-1.5128,-1.2034,-1.8291,-1.6513,-0.841,-1.706,-1.7983,-1.6068,-0.4667,-1.0855,-3.1179,-1.7829,-1.5726
trpos2840.txt_allergen_2266,-1.1751,-1.1638,-1.1469,-1.209,-3.3503,-0.7175,-0.5198,-2.0734,-1.2881,-1.3898,-1.4633,-0.7345,-1.3785,-1.8531,-2.1864,-0.9209,-0.6328,-3.2881,-1.6893,-1.0226
trpos2840.txt_allergen_1401,-1.1704,-1.6717,-1.2957,-1.6165,-2.9123,-1.2607,-1.2882,-2.5865,-1.6165,-1.4261,-1.2331,-0.9073,-0.9875,-1.7794,-2.3935,-0.7419,-0.7945,-3.5639,-1.9323,-1.2281
trpos2840.txt_allergen_1683,-0.4351,-2.0229,-1.5191,-1.9313,-2.3206,-1.1527,-1.7634,-1.0687,-2.0992,-1.7405,-1.7863,-1.3053,-1.4733,-2.3893,-2.542,-0.916,-0.8626,-3.5802,-2.1527,-1.1679
trpos2840.txt_allergen_2768,-0.4874,-1.5993,-1.2744,-1.9531,-2.5199,-1.4513,-1.852,-1.2527,-1.9747,-1.8339,-1.8195,-1.343,-1.4874,-2.1336,-2.0253,-0.6354,-0.7798,-2.7798,-1.9061,-1.361
trpos2840.txt_allergen_1845,-0.6618,-0.9926,-1.3309,-1.0441,-2.4853,-0.3603,-0.2868,-2.2059,-1.2426,-1.1176,-1.0221,-0.3088,-0.6176,-1.625,-2.2794,-0.9338,-0.7426,-2.8162,-1.5882,-1.0588
trpos2840.txt_allergen_3302,-0.6545,-1.3545,-1.6636,-1.8182,-1.8909,-1.1455,-1.4,-1.7182,-1.7455,-1.7455,-0.8636,-1.6455,-0.8182,-1.5273,-1.5545,-0.5818,-1.1909,-2.4636,-1.3545,-1.0455
trpos2840.txt_allergen_1319,-1.0096,-1.3798,-1.2067,-1.4087,-2.6587,-1.2885,-1.1779,-1.5962,-1.8413,-1.2067,-1.2981,-1.1394,-1.7788,-1.4279,-1.4183,-0.5144,-0.6202,-2.8173,-1.5529,-0.8077
trpos2840.txt_allergen_1493,0.7828,-1.2138,-1.3724,-1.5621,-2.0207,-0.9379,-0.9276,-1.2207,-1.6172,-1.5345,-1.6207,-0.7276,-1.2621,-2.0621,-0.8586,-0.0379,-0.1793,-2.6,-1.631,-0.8379
trpos2840.txt_allergen_1722,-0.7907,-1.9225,-1.2558,-1.3101,-2.2713,-0.9922,-1.0698,-1.969,-1.8295,-1.124,-1.7674,-0.5891,-1.6744,-2.6047,-1.7132,-0.7752,-0.5194,-3.2713,-2.1938,-0.6977
trpos2840.txt_allergen_574,-0.8125,-1.8661,-1.3304,-2.1429,-3.0446,-1.3125,-1.9554,-1.7857,-2.3125,-1.8393,-1.8571,-1.4643,-1.375,-2.1071,-2.4911,-0.6875,-0.625,-2.5625,-1.7946,-1.1161
trpos2840.txt_allergen_3192,-0.4749,-1.6139,-1.3475,-1.9151,-2.4633,-1.4479,-1.9035,-1.166,-2.0695,-1.8919,-1.8533,-1.4556,-1.5135,-2.0502,-2.0425,-0.6486,-0.8301,-2.8108,-1.8224,-1.3784
trpos2840.txt_allergen_1240,-0.7579,-1.5053,-1.807,-1.9789,-2.3053,1.5895,-1.0035,-1.4561,-1.6035,-1.6982,-1.4246,-0.8491,-1.3018,-2.207,1.0877,-0.193,-0.6632,-2.8702,-2.007,-1.2737
trpos2840.txt_allergen_2658,-0.6548,-1.2321,-1.125,-1.2262,-2.1726,-0.9226,-0.8214,-1.7798,-1.7143,-1.3333,-1.4286,-0.6012,-1.2619,-1.9405,-1.5238,-0.6131,-0.5179,-2.9464,-1.7143,-0.9107
trpos2840.txt_allergen_341,-0.6855,-2.1069,-1.2579,-1.5031,-2.9057,-1.4465,-0.8931,-1.4843,-1.239,-1.1698,-1.7296,-0.7296,-1.5094,-1.9371,-1.9119,-0.717,-0.5912,-3.1006,-1.7799,-0.8994
trpos2840.txt_allergen_1492,-0.1093,-1.4291,-0.7429,-1.0628,-2.6599,-0.9332,-1.1235,-1.1457,-1.504,-1.3664,-1.4939,-0.9453,-1.4271,-1.917,-1.8543,-0.1619,-0.5466,-2.5101,-1.3057,-0.9636
trpos2840.txt_allergen_3123,-0.1338,0.2289,-0.4014,-0.7042,-3.6585,1.2007,1.7007,-3.0387,-1.243,-1.7817,-0.7113,1.1725,-0.8768,-3.5775,-3.9648,-0.6303,-0.8275,-4.5035,-2.9894,-1.757
trpos2840.txt_allergen_766,-0.9725,-1.7982,-1.5505,-0.8165,-2.6697,-1.3486,-0.4862,-2.3486,-1.9174,-1.7156,-1.7339,-0.7523,-0.5321,-1.9908,-3.1193,-1.0734,-1.2018,-3.9174,-2.578,-1.578
trpos2840.txt_allergen_1386,-0.5326,-1.4348,-1.25,-1.3587,-1.4457,-0.8261,-0.8587,-1.8261,-1.6413,-1.0978,-0.9022,-1,-0.8043,-1.9457,-1.663,-0.5978,-0.5435,-2.5543,-1.5978,-0.8478
trpos2840.txt_allergen_60,-0.8493,-0.6712,-1.8904,-1.9315,-2.2671,0.3151,-0.8356,-1.6301,-1.8904,-1.6781,-1.5411,-1.3836,-0.6781,-1.9658,-1.9658,-0.9521,-1.2671,-2.8356,-2.1233,-1.4932
trpos2840.txt_allergen_3478,-0.3913,-1.3696,-0.8188,-1.1957,-1.7826,-0.8986,-0.9493,-1.1522,-1.3333,-1.6522,-1.6232,-0.9493,-1.2246,-1.6159,-1.6304,-0.1812,-0.3551,-2.4565,-1.3188,-1.3551
trpos2840.txt_allergen_425,-0.7847,-1.6185,-0.7411,-1.3896,-2.5232,-1.3706,-1.6757,-1.2507,-1.5041,-1.3297,-1.842,-1.1962,-1.5286,-1.9237,-2.218,-0.406,-0.6512,-2.6104,-1.3815,-1.2834
trpos2840.txt_allergen_2620,-0.7812,-2.1375,-1.2688,-1.425,-2.8312,-1.5125,-0.8875,-1.6375,-1.1125,-1.2437,-1.6438,-0.7562,-1.55,-1.9812,-2.0062,-0.8,-0.625,-3.275,-1.8562,-0.9875
trpos2840.txt_allergen_681,-0.601,-1.4495,-0.7045,-1.3763,-2.4773,-1.298,-1.5,-1.2197,-1.4293,-1.2449,-1.6944,-1.0682,-1.4773,-1.8687,-2.1111,-0.2929,-0.5934,-2.6919,-1.4242,-1.1768
trpos2840.txt_allergen_1318,0.7179,-1.2321,-1.2714,-1.425,-1.9179,-0.8643,-0.8357,-1.0893,-1.4857,-1.5357,-1.6857,-0.6357,-1.2286,-2.0536,-0.925,-0.0179,-0.1393,-2.575,-1.5893,-0.8857
trpos2840.txt_allergen_1208,-0.7855,-2.0449,-0.4688,-1.2045,-2.4489,-1.3691,-1.591,-0.9102,-1.7631,-1.1397,-1.8055,-1.0848,-1.7756,-1.8953,-2.217,-0.2544,-0.2494,-2.8978,-1.8254,-0.9576
trpos2840.txt_allergen_477,-0.6066,-1.5574,-1.2172,-1.8689,-2.7213,-1.4631,-1.873,-1.1434,-1.9918,-2.0328,-2.1926,-1.3648,-1.7828,-2.3443,-2.0984,-0.7664,-0.8607,-2.8934,-1.9795,-1.623
trpos2840.txt_allergen_3058,-0.2286,-1.4571,-1.6,-1.7857,-1.9286,-0.8286,-0.8714,-1.7,-1.4857,-0.9286,-1.0857,-0.9714,-0.7429,-1.6429,-1.1714,-0.7429,-0.6429,-2.4857,-1.3857,-0.7571
trpos2840.txt_allergen_926,-1.0733,-1.26,-1.14,-0.54,-2.0267,-0.7333,-0.2667,-2.1667,-0.9,-1.4867,-1.36,-0.5067,-0.0933,-1.18,-2.6667,-1.0267,-0.98,-2.92,-1.36,-1.5267
trpos2840.txt_allergen_3522,-0.5769,-0.9615,-1.6538,-2.3462,-2.0385,-0.8077,-1.3462,-1.5385,-2.1154,-0.6923,-0.8846,-0.6923,-0.7308,-2,-1.6538,-0.7692,-0.6154,-2.3077,-1.8077,-0.8462
trpos2840.txt_allergen_225,0.7509,-1.2171,-1.2705,-1.4306,-1.8932,-0.8612,-0.8078,-1.0463,-1.4875,-1.5445,-1.7046,-0.6263,-1.2598,-2.0819,-0.9395,-0.0534,-0.1673,-2.5552,-1.5552,-0.8897
trpos2840.txt_allergen_2337,-0.9099,-1.8153,-0.8468,-1.5631,-2.455,-1.2973,-1.4144,-1.4279,-1.7883,-1.7477,-2.0631,-1.2117,-1.6306,-2.3153,-2.5,-0.5901,-1.009,-2.9279,-1.3288,-1.2793
trpos2840.txt_allergen_2693,-1.3256,-1.3566,-1.0233,-1.4341,-2.7442,-1.3333,-1.5659,-2.0155,-1.5581,-2.1008,-2.0465,-0.9845,-1.8295,-2.5116,-2.7674,-1.0155,-1.2248,-2.969,-1.8605,-1.9457
trpos2840.txt_allergen_1580,-0.9727,-0.7364,-0.5242,-0.9333,-2.4455,-0.5273,-0.5061,-1.7242,-0.9545,-1.4818,-1.397,-0.3758,-0.8697,-1.7727,-1.6848,-0.3909,-0.5788,-2.5515,-1.2303,-1.3
trpos2840.txt_allergen_1879,0.06,-0.8467,-0.9867,-0.7667,-2.2133,-0.12,-0.2733,-1.68,-1.2333,-1.4467,-1.4333,-0.4067,-0.8333,-1.88,-1.0267,-0.26,-0.5133,-2.74,-1.5533,-0.96
trpos2840.txt_allergen_2089,-1.0093,-1.8056,-1.6111,-0.9074,-2.6389,-1.3796,-0.5,-2.4352,-2,-1.7222,-1.6389,-0.7222,-0.537,-1.8796,-2.9722,-1.2222,-1.3426,-3.4815,-2.3796,-1.5093
trpos2840.txt_allergen_66,-1.345,-1.9298,-1.2865,-1.6667,-2.7251,-1.6374,-1.5789,-1.7719,-2.0351,-1.7778,-2.1988,-1.1053,-1.8713,-2.2047,-2.2456,-1.193,-0.8713,-3.8421,-2.0643,-1.5439
trpos2840.txt_allergen_2398,-0.5706,-1.7794,-1.45,-1.6353,-2.6353,-1.6324,-1.4147,-1.9176,-1.9206,-1.3529,-1.7353,-1.2324,-1.5588,-2.4412,-2.3206,-0.9471,-0.8324,-3.6471,-2.1735,-0.8647
trpos2840.txt_allergen_2104,-0.2128,-1.5532,-1.1277,-2.3511,-2.1277,-1.5106,-2.3085,-1.6383,-2.734,-2.0638,-2.0532,-1.2979,-1.8723,-3.3191,-1.7234,-0.383,-0.734,-4.1915,-2.9681,-1.4787
trpos2840.txt_allergen_2255,-0.5286,-1.2391,-0.8047,-1.1616,-1.8872,-0.8081,-0.9545,-1.271,-1.3704,-1.2828,-1.2795,-0.9613,-0.8636,-1.6212,-0.9579,-0.3485,-0.4242,-2.3569,-1.3737,-0.9663
trpos2840.txt_allergen_1363,0.6667,-1.6667,-2,-2,-1.4,-1.3333,-1.5333,-0.8,-2.2667,-0.8,-1,-1.4,-0.5333,-2.2,0.6,-0.6,-0.6667,-2.6667,-2.0667,0
trpos2840.txt_allergen_565,-0.3402,-1.3581,-0.688,-1.1867,-2.1509,-0.7801,-1.0588,-1.1739,-1.3862,-1.2353,-1.0895,-0.9156,-1.0179,-1.2941,-1.2532,-0.3453,-0.468,-2.266,-1.0537,-1.0102
trpos2840.txt_allergen_2853,-1.0192,-1.024,-1.0337,-1.3942,-0.6346,-0.8317,-1.0721,-1.8173,-1.4087,-1.875,-1.7933,-0.7596,-1.601,-1.976,-1.5144,-0.524,-0.976,-3.7212,-2.101,-1.3558
trpos2840.txt_allergen_2022,-0.9537,-1.6667,-1.5093,-0.8889,-2.75,-1.2407,-0.463,-2.3889,-1.9352,-1.8704,-1.6667,-0.6574,-0.6204,-1.7963,-3.0185,-1.0833,-1.3148,-3.6204,-2.3426,-1.6204
trpos2840.txt_allergen_2110,-1.345,-1.8421,-1.2515,-1.655,-2.6842,-1.6433,-1.4912,-1.7251,-1.9591,-1.7544,-2.1579,-1.1053,-1.8246,-2.0936,-2.1988,-1.2339,-0.9181,-3.7018,-2.0994,-1.5731
trpos2840.txt_allergen_2329,-0.955,-1.8514,-0.9054,-1.5991,-2.4414,-1.3378,-1.473,-1.4955,-1.8153,-1.7613,-2.1261,-1.2252,-1.6622,-2.3243,-2.5405,-0.6351,-1.0586,-2.9369,-1.3739,-1.3559
trpos2840.txt_allergen_251,0.6792,-1.2958,-1.2792,-1.4292,-1.975,-0.85,-0.8042,-1.2167,-1.6208,-1.4083,-1.5667,-0.6,-1.1667,-1.9125,-1.1833,-0.0583,-0.1625,-2.5167,-1.4875,-0.7792
trpos2840.txt_allergen_1637,-0.3778,-1.6711,-1.1156,-1.8489,-1.8089,-1.1911,-1.72,-1.1289,-1.7422,-1.7911,-1.8311,-1.4356,-1.5822,-1.8711,-1.5511,-0.3733,-0.4222,-2.7867,-1.8444,-1.3644
trpos2840.txt_allergen_797,-0.7938,-2.15,-1.2688,-1.425,-2.8438,-1.5188,-0.8812,-1.6375,-1.1187,-1.2375,-1.65,-0.7625,-1.5562,-1.975,-2.0125,-0.7875,-0.6375,-3.2875,-1.8625,-1
trpos2840.txt_allergen_806,-1.1948,0.0818,-0.8773,-1.0638,-3.0229,0.2602,-0.0147,-1.7201,-0.8609,-2.036,-1.7234,-0.5499,-1.8363,-2.2013,-1.6383,-0.5254,-1.2684,-3.1817,-1.8429,-1.653
trpos2840.txt_allergen_1438,-0.4074,-0.1111,-0.8889,-1.5185,-1.1481,-0.1111,-0.2963,-1.7037,-0.963,-1.4444,-1.4815,-0.4815,-0.9259,-1.6667,-1.5185,-0.3704,-0.6296,-2.4074,-1,-1.1481
trpos2840.txt_allergen_2877,-0.943,-1.1606,-0.8808,-1.2902,-2.342,-0.0052,-0.3938,-2.3161,-1.2383,-1.0207,-1.456,-0.2746,-0.9741,-1.4508,-1.1606,-0.2642,-0.5285,-2.4041,-1.0207,-0.9689
trpos2840.txt_allergen_3350,-0.5,-1.6429,-1.5571,-1.6771,-2.3171,-1.6114,-1.4743,-1.4257,-1.3429,-1.0686,-1.36,-1.2029,-1.0114,-1.8343,-1.8486,-1.04,-0.9429,-2.9771,-1.78,-0.6286
trpos2840.txt_allergen_525,-1.3,-1.0156,-1.5656,-1.65,-1.9906,-1.0906,-1.125,-2.2812,-1.2937,-1.3219,-1.15,-0.7188,-0.8594,-1.8875,-2.2406,-0.9875,-1.2375,-3.175,-1.7781,-1.225
trpos2840.txt_allergen_1381,-0.8759,-1.1314,-1.0511,-1.1314,-2.2044,-0.927,-0.7007,-1.6861,-1.6569,-1.4234,-1.5766,-0.5036,-1.365,-1.9635,-1.6423,-0.6496,-0.5693,-2.9708,-1.7299,-1.0073
trpos2840.txt_allergen_785,-1.0366,-0.2561,-1.2134,-1.2195,-1.9878,0.5305,-0.1524,-1.8598,-1.4939,-1.5183,-1.439,-0.9268,-0.5915,-1.939,-1.6768,-0.6037,-1.0732,-2.8049,-1.878,-1.4878
trpos2840.txt_allergen_1734,0.2,-1.4556,-1.237,-1.5185,-2.563,-0.3593,-0.7704,-1.5259,-2.0296,-1.8741,-1.737,-0.8,-1.7852,-2.7,1.0444,0.3444,0.2852,-3.3852,-2.3259,-0.9963
trpos2840.txt_allergen_1639,-0.717,-2.1698,-1.2893,-1.4528,-2.8428,-1.5346,-0.9119,-1.5975,-1.0943,-1.1509,-1.7547,-0.7987,-1.6478,-2.1069,-2.1258,-0.761,-0.6101,-3.3019,-1.8428,-0.9937
trpos2840.txt_allergen_2874,-0.4888,-1.112,-0.8287,-0.8854,-2.4256,-0.946,-0.9974,-1.3281,-1.6627,-1.498,-1.3505,-0.8208,-1.4124,-1.5639,-1.3597,-0.4875,-0.7233,-2.4954,-1.693,-1.2213
trpos2840.txt_allergen_802,-1.0387,-1.366,-1,-1.2487,-2.741,-1.0129,-1.0683,-1.8196,-1.2796,-1.2049,-1.2242,-0.9948,-1.3595,-1.2629,-1.8363,-0.4691,-0.6598,-2.3647,-0.8853,-1.0374
trpos2840.txt_allergen_1104,-1.0642,-1.8349,-1.6239,-0.7982,-2.6422,-1.3028,-0.5046,-2.4587,-2,-1.6055,-1.5321,-0.8165,-0.4312,-1.7615,-2.9541,-1.2202,-1.3486,-3.5505,-2.4128,-1.5046
trpos2840.txt_allergen_767,-0.116,-1.5825,-0.7113,-1.0412,-2.549,-1.0438,-1.1057,-1.0902,-1.6907,-1.5412,-1.7526,-1.1521,-1.6057,-2.1005,-1.8454,-0.1521,-0.5026,-2.4227,-1.3402,-1.1186
trpos2840.txt_allergen_100,-0.8062,-2.1812,-1.275,-1.4438,-2.7562,-1.5312,-0.875,-1.6375,-1.0875,-1.225,-1.675,-0.7312,-1.5375,-2.0187,-2.025,-0.7688,-0.6375,-3.2687,-1.8375,-0.9875
trpos2840.txt_allergen_2146,-0.428,-0.9886,-0.8523,-1.25,-1.2538,-0.4697,-0.5833,-1.553,-1.3712,-1.3409,-1.303,-0.5492,-0.822,-1.8144,-1.428,-0.2955,-0.4811,-2.3636,-1.4545,-0.928
trpos2840.txt_allergen_2320,-0.7131,-1.5656,-1.2951,-2.1393,-3.1885,-1.1066,-1.6967,-1.3934,-2.2377,-1.9016,-1.959,-1.2623,-1.5492,-2.2869,-2.4098,-0.582,-0.7787,-2.6721,-1.9754,-1.1148
trpos2840.txt_allergen_1206,-0.8592,-1.3107,-0.6748,-1.5534,-2.1311,-0.9369,-1.3447,-1.5243,-1.1893,-1.8495,-1.9417,-0.8107,-1.6845,-2.2136,-1.6699,-0.5583,-0.8204,-2.301,-1.1553,-1.4223
trpos2840.txt_allergen_3073,-1.7627,-1.7288,-1.1525,-1.4237,-3.0169,-1.0932,-0.6441,-2.1017,-1.9407,-1.5085,-2.1017,-0.3644,-1.5085,-2.1356,-3.0847,-0.8983,-0.3051,-3.161,-2.1102,-0.9407
trpos2840.txt_allergen_1854,-0.9972,-2.4091,-1.0994,-1.5398,-2.9943,-1.0824,-1.7528,-1.4943,-2.2074,-1.392,-1.5824,-1.6278,-1.6506,-1.5256,-2.1449,-0.2216,-0.3466,-3.3324,-1.3438,-1.0625
trpos2840.txt_allergen_491,-0.544,-1.5409,-0.8333,-1.3616,-1.7799,-1.0629,-1.5503,-0.9308,-1.8491,-1.9214,-1.8302,-1.4245,-1.5472,-1.8994,-1.6352,-0.5094,-0.8176,-2.4465,-1.6855,-1.6164
trpos2840.txt_allergen_853,-0.1526,-2.1968,-1.6827,-2.0241,-2.6586,-1.6265,-1.4618,-1.9639,-2.1205,-1.4217,-1.7028,-1.3735,-1.9719,-2.4578,-2.6185,-1.0964,-1.3414,-3.8755,-2.5622,-1.1165
trpos2840.txt_allergen_238,-0.5567,-1.0464,-0.8505,-1.1082,-2.116,-0.6959,-0.7784,-1.4433,-1.3737,-1.0902,-0.9562,-0.6675,-0.9201,-1.451,-1.4021,-0.366,-0.3222,-2.3969,-1.1701,-1.0412
trpos2840.txt_allergen_3426,-0.8158,-1.3308,-0.8008,-1.6353,-2.203,-0.8835,-1.2932,-1.7632,-1.4286,-1.6917,-1.6842,-1.0188,-1.4549,-1.9887,-1.5489,-0.4023,-0.7143,-2.3158,-1.2368,-1.2669
trpos2840.txt_allergen_2227,-0.8519,-1.3195,-0.6416,-1.3844,-2.7325,-1.039,-1.0156,-1.7247,-1.1506,-1.8078,-1.8805,-0.7247,-1.3481,-2.0078,-2.1481,-0.4779,-0.9039,-2.6909,-1.1013,-1.4727
trpos2840.txt_allergen_2913,-0.5441,-1.7941,-1.1103,-1.5735,-1.2353,-1.3015,-1.5588,-1.4779,-2.2941,-1.3529,-1.4191,-1.2574,-1.2868,-2.1912,-2.0294,-0.3088,-0.4338,-3.1765,-2.1471,-0.7941
trpos2840.txt_allergen_2599,-0.8214,-1.75,-1.1786,-1.1429,-1.8571,-1.1786,-1.1429,-0.8929,-2.3214,-2.25,-1.8571,-1.0357,-1.6786,-3.0357,-1.9643,-0.75,-0.7143,-3.1786,-2.7143,-1.5714
trpos2840.txt_allergen_3101,-0.7337,-2.1033,-0.6277,-1.3098,-2.4864,-1.3886,-1.7147,-1.0462,-2.0299,-1.375,-1.913,-0.9891,-1.7527,-2.0924,-2.3397,-0.2092,-0.2446,-3.0788,-2.0136,-1.0734
trpos2840.txt_allergen_1828,-0.8452,-1.2857,-1.2619,-1.5476,-2.5952,-0.869,-0.7738,-2,-1.6429,-1.1786,-1.5238,-0.7976,-1.3214,-2.1071,-1.4762,-0.8452,-0.7024,-3.1071,-1.8095,-0.5714
trpos2840.txt_allergen_1254,-1.1088,-1.551,-1.2993,-1.7279,-2.517,-1.4626,-1.7619,-2.0408,-1.7347,-1.8571,-1.6871,-1.1769,-1.6395,-2.2857,-2.7007,-0.9796,-1.1973,-3.0612,-1.8776,-1.6395
trpos2840.txt_allergen_2327,-1.0196,-1.1307,-0.9935,-0.5359,-1.6078,-0.6209,-0.2745,-2.085,-0.902,-1.366,-1.3399,-0.4052,-0.0654,-1.2941,-2.7712,-0.9412,-0.9346,-2.6928,-1.3399,-1.4837
trpos2840.txt_allergen_3323,-0.0857,-1.4286,-1.5429,-1.5429,-1.9571,-0.8571,-0.6,-1.6714,-1.5857,-1,-1.1143,-0.9857,-0.8286,-1.6857,-0.8,-0.8,-0.7429,-2.3286,-1.4286,-0.7286
trpos2840.txt_allergen_1766,-0.6813,-1.5165,0.022,0.9267,-2.6557,-0.4982,0.326,-0.7033,-1.685,-2.011,-2.3407,-0.5275,-1.696,-2.641,-1.5971,0.0623,-0.63,-3.4029,-2.3663,-1.4615
trpos2840.txt_allergen_118,-0.5455,-1.1948,-0.6883,-1.3506,-1.1169,-0.8052,-0.8052,-1.6104,-1.5974,-1.5844,-1.7792,-0.6104,-1.1429,-2.0649,-1.7403,-0.4026,-0.5455,-2.4935,-1.5455,-1.1429
trpos2840.txt_allergen_949,-1.0588,-1.3978,-1.2689,-1.3109,-2.5602,-1.0616,-0.9048,-2.0504,-1.6246,-1.3922,-1.2437,-0.8039,-1.2801,-2.0364,-2.2353,-0.8908,-0.9804,-3.2101,-1.9048,-1.2857
trpos2840.txt_allergen_1827,-0.5942,-1.4251,-1.2271,-1.1014,-2.4783,-0.9034,-0.9758,-1.7198,-1.4203,-0.971,-1.1111,-0.6667,-0.7826,-1.7826,-2.0097,-0.8406,-0.6908,-3.0048,-1.7729,-0.7488
trpos2840.txt_allergen_1953,-0.7592,-1.1518,-0.9058,-1.2827,-1.9476,-0.712,-0.7539,-1.8639,-0.9581,-1.534,-1.3927,-0.8115,-1.0471,-1.5759,-1.8482,-0.5236,-0.4974,-2.3927,-1.0105,-1.2094
trpos2840.txt_allergen_508,-0.1021,0.2676,-0.507,-0.6831,-3.3732,1.3063,1.7359,-3.0528,-1.1479,-1.7077,-0.6901,1.1232,-0.9331,-3.5141,-3.8908,-0.6408,-0.8451,-4.4718,-2.8028,-1.6866
trpos2840.txt_allergen_1478,-0.2218,0.2359,-0.6232,-0.6479,-3.5352,1.243,1.7007,-3.1585,-1.1549,-1.7958,-0.7923,1.1831,-0.8028,-3.4824,-4.1479,-0.6197,-0.8345,-4.5493,-2.8979,-1.7254
trpos2840.txt_allergen_2047,-0.7143,-2.2143,-1.3766,-1.5195,-2.7857,-1.5649,-0.9416,-1.5455,-1.1364,-1.1169,-1.6948,-0.7597,-1.5455,-2.0065,-2.1364,-0.7792,-0.6104,-3.2727,-1.8961,-0.9091
trpos2840.txt_allergen_236,-0.2484,-1.3516,-0.8484,-1.0677,-1.8935,-0.7839,-0.7839,-1.2484,-1.0548,-1.5194,-1.5226,-1.0903,-1.1548,-1.6806,-1.5548,-0.1871,-0.3097,-2.1968,-1.1806,-1.1677
trpos2840.txt_allergen_1935,-0.9303,-0.7936,-0.7614,-1.4477,-2.9973,-0.2493,-0.748,-1.5979,-1.3727,-1.4477,-1.4665,-0.9705,-1.6327,-1.689,-1.5979,-0.4933,-0.9517,-3.2064,-1.8606,-1.1555
trpos2840.txt_allergen_1049,-0.0758,-1.3561,-1.0379,-1.1364,-1.553,-1.1364,-1.0682,-1.2348,-1.7348,-1.7652,-1.7879,-0.7879,-1.4015,-2.0303,-0.5985,-0.197,-0.4848,-2.947,-2.0379,-1.3788
trpos2840.txt_allergen_2496,-0.8918,-1.6061,-1.3766,-1.7273,-2.5281,-0.8961,-1.013,-2.2857,-1.3247,-1.5281,-1.2511,-0.7706,-0.9048,-1.4416,-2.026,-1.2251,-1.1948,-2.7143,-1.316,-1.3636
trpos2840.txt_allergen_1933,-0.9598,-0.7721,-0.7292,-1.4209,-3.0563,-0.2011,-0.7426,-1.6702,-1.2842,-1.4558,-1.4879,-0.9759,-1.63,-1.7185,-1.5845,-0.5389,-0.9732,-3.1877,-1.874,-1.1528
trpos2840.txt_allergen_3386,-0.7808,-1.1918,-0.9658,-1.0959,-2.226,-0.863,-0.6849,-1.637,-1.6918,-1.4247,-1.5685,-0.5685,-1.3493,-2.1301,-1.5342,-0.6233,-0.5753,-3.0411,-1.7945,-1.0205
trpos2840.txt_allergen_476,-0.3796,-1.963,-1.25,-1.7315,-3.3148,-1.3148,-1.3333,-1.6759,-1.8981,-2.2778,-2.4074,-0.3796,-2.0093,-2.7407,-2.1481,-1.1019,-1.0556,-3.5278,-2.3519,-1.75
trpos2840.txt_allergen_1056,-0.8774,-2.1226,-1.3097,-1.3548,-2.7677,-1.5032,-0.8258,-1.6065,-1.0065,-1.0839,-1.6387,-0.7161,-1.4452,-1.9419,-2.1161,-0.8258,-0.6323,-3.1677,-1.871,-0.9032
trpos2840.txt_allergen_147,-1.2254,-1.7228,-1.3212,-1.6399,-2.9482,-1.2824,-1.3109,-2.5466,-1.6166,-1.4974,-1.2746,-0.9819,-1.0026,-1.8109,-2.5181,-0.7746,-0.7876,-3.5959,-1.9352,-1.2539
trpos2840.txt_allergen_3040,-0.6977,-1.4871,-1.1691,-1.3968,-2.3582,-1.0315,-1.1246,-1.8338,-1.7178,-1.8295,-1.6791,-0.8281,-1.5272,-2.1963,-1.9155,-0.6375,-0.9097,-3.01,-1.8954,-1.3281
trpos2840.txt_allergen_3415,-0.6245,-1.6743,-0.8966,-1.5939,-1.7165,-1.1188,-1.6935,-1.0115,-1.9042,-1.977,-1.8812,-1.5096,-1.6015,-1.8429,-1.8314,-0.6552,-0.8621,-2.6207,-1.7011,-1.6743
trpos2840.txt_allergen_1261,-0.4393,-1.9075,-1.2717,-1.9827,-2,-1.3757,-1.9422,-1.0983,-1.8613,-1.8728,-1.9306,-1.711,-1.6821,-1.948,-1.7514,-0.4509,-0.3526,-2.8266,-1.8035,-1.3699
trpos2840.txt_allergen_1859,-0.8071,-1.2071,-1,-1.1786,-2.2071,-0.95,-0.7643,-1.6714,-1.7143,-1.4143,-1.6071,-0.5429,-1.4,-2.0786,-1.55,-0.65,-0.5857,-3.0357,-1.7571,-1.05
trpos2840.txt_allergen_1826,-1.6154,-1.7231,-1.2231,-1.5538,-2.9308,-1.1692,-0.7769,-2.3077,-1.9308,-1.4385,-1.9077,-0.4077,-1.4077,-2.0231,-3.0846,-1.0538,-0.3462,-3.0308,-1.9462,-0.8769
trpos2840.txt_allergen_2603,0.3636,0.2727,-1,-1.0909,-2.0909,0.5455,0.6364,-1.6364,-0.8182,-1.7273,-1.5455,0.5455,-0.9091,-2,-1.3636,-0.1818,-0.7273,-2.4545,-1,-0.8182
trpos2840.txt_allergen_1190,-0.9007,-0.4752,-1.8582,-1.7801,-2.0284,0.3688,-0.5674,-1.6241,-1.8298,-1.7163,-1.461,-1.2979,-0.3617,-1.9716,-1.695,-0.8652,-1.2128,-2.6525,-2.0284,-1.3617
trpos2840.txt_allergen_847,-1.0091,-1.7455,-1.4364,-0.8091,-2.6909,-1.2455,-0.5364,-2.5818,-1.9182,-1.7727,-1.6818,-0.7636,-0.4182,-1.8273,-3.0727,-1.1455,-1.2273,-3.6273,-2.2636,-1.6
trpos2840.txt_allergen_2800,-0.6309,-1.1157,-0.8926,-1.1543,-2.8733,-0.9793,-1.1336,-1.3113,-1.3402,-1.2672,-1.3388,-0.9408,-1.314,-1.4339,-1.7259,-0.2163,-0.5289,-2.5028,-1.0207,-0.9876
trpos2840.txt_allergen_1723,-0.4708,-1.0255,-1.2555,-1.2445,-2.1971,-0.9015,-1.208,-1.6168,-0.4745,-1.0803,-0.7482,-1.3102,-0.9124,-0.8723,-1.5146,-0.9708,-0.9927,-1.7701,-0.9526,-0.9124
trpos2840.txt_allergen_1632,-0.9278,-1.4068,-0.7795,-1.6616,-2.7186,-1.1293,-1.2471,-1.8365,-1.3384,-1.6958,-1.6312,-1.0076,-1.3612,-1.981,-2.3232,-0.5932,-1.0418,-2.8631,-1.2966,-1.3688
trpos2840.txt_allergen_286,-0.7484,-2.1572,-1.3522,-1.4528,-2.8742,-1.5535,-0.8428,-1.5975,-1.1132,-1.1761,-1.6667,-0.7736,-1.6289,-2.0377,-2.0692,-0.761,-0.5975,-3.195,-1.8365,-0.9497
trpos2840.txt_allergen_3034,-0.6187,-1.428,-0.8879,-1.1551,-2.3757,-0.8243,-0.9738,-1.3308,-1.4393,-1.5963,-1.5271,-0.8617,-1.1664,-1.8093,-1.6168,-0.6486,-0.7047,-2.3364,-1.3364,-1.2879
trpos2840.txt_allergen_208,-0.7125,-2.175,-1.2937,-1.4625,-2.8625,-1.5375,-0.925,-1.5938,-1.0938,-1.15,-1.75,-0.8125,-1.5688,-2.0812,-2.1375,-0.7625,-0.6125,-3.3125,-1.8062,-0.9875
trpos2840.txt_allergen_120,-0.7326,-1.5535,-0.7032,-1.4358,-2.5,-1.3449,-1.5989,-1.2219,-1.5455,-1.3262,-1.8743,-1.0749,-1.5535,-2.0588,-2.2193,-0.4144,-0.6096,-2.7139,-1.4759,-1.3209
trpos2840.txt_allergen_2354,-0.7793,-1.2345,-0.9931,-1.1034,-2.1862,-0.9034,-0.6621,-1.7034,-1.6552,-1.4,-1.6,-0.5793,-1.3724,-2.069,-1.4897,-0.6483,-0.5862,-2.9862,-1.731,-1.0414
trpos2840.txt_allergen_1761,-1.1469,-0.2693,-0.7363,-1.3691,-2.9247,0.0885,-0.3446,-1.678,-1.1563,-1.823,-1.7778,-0.7891,-1.7627,-1.9322,-1.7175,-0.6516,-1.1318,-3.0678,-1.6742,-1.4633
trpos2840.txt_allergen_2025,-0.8417,-1.3166,-0.5521,-1.5405,-1.7761,-0.973,-1.3089,-1.5483,-1.3745,-1.7375,-1.7413,-0.7568,-1.417,-1.9691,-1.61,-0.5598,-0.8494,-2.305,-1.0386,-1.3436
trpos2840.txt_allergen_888,0.0142,-1.0342,-1.4505,-0.7311,-3.1757,0.9599,0.4198,-0.52,-1.2311,-2.3821,-1.8726,0.0802,-2.0861,-3.1167,1.1167,0.5861,-0.0425,-3.8538,-2.6274,-1.4292
trpos2840.txt_allergen_2784,0.2395,-0.4697,-0.832,-0.7403,-2.3328,0.0249,0.4432,-0.958,-1.311,-1.9378,-1.9409,0.3561,-1.2784,-2.4635,-1.325,0.2815,-0.2224,-2.7947,-1.8678,-1.2986
trpos2840.txt_allergen_1867,-1.2035,-0.2956,-0.7159,-1.261,-2.8407,0.1382,-0.2265,-1.6315,-1.1919,-1.8868,-1.7927,-0.8177,-1.785,-1.904,-1.62,-0.6276,-1.1631,-2.9443,-1.7063,-1.5355
trpos2840.txt_allergen_2352,-0.3522,-1.5749,-1.0688,-1.7287,-1.83,-1.1538,-1.6154,-1.2024,-1.5304,-1.8178,-1.8381,-1.3441,-1.5547,-1.8826,-1.4777,-0.3887,-0.4291,-2.6802,-1.7328,-1.3401
trpos2840.txt_allergen_2030,-0.4929,-0.7214,-0.9143,-1.1,-2.1571,-0.7857,-0.4857,0.5071,-1.65,-2.9,-2.8571,-0.1,-2.2643,-2.8857,0.05,-0.55,-1.3286,-3.0143,-2.2857,-2.4071
trpos2840.txt_allergen_1071,0.1121,-1.8362,-1.431,-2.5431,-1.9483,-1.7155,-2.2241,-1.6379,-2.6724,-1.6207,-1.6034,-1.5,-1.0948,-2.9569,-1.8448,-0.4914,-0.7328,-4.0862,-2.6638,-0.9569
trpos2840.txt_allergen_2859,-1.2044,-1.2431,-1.0994,-1.2044,-2.8895,-1.3757,-1.2099,-1.442,-1.8066,-1.5249,-1.6133,-1.3039,-1.8453,-1.6685,-1.5691,-0.7459,-0.8177,-3.1105,-1.558,-1.0387
trpos2840.txt_allergen_2580,-0.3846,-0.1538,-1.2308,-2.0769,-2.0769,-0.9231,-1.1538,-1.4615,-0.8462,-1.1538,-1.3846,-0.7692,-1.0769,-1.6154,-0.6923,-0.6923,-0.8462,-2.7692,-1.3077,-0.8462
trpos2840.txt_allergen_2928,-0.4328,-2.1194,-1.4552,-1.8433,-2.2164,-1.0896,-1.6642,-1.1418,-2.1716,-1.6269,-1.7985,-1.2164,-1.4851,-2.2836,-2.5075,-0.8284,-0.7537,-3.4478,-2.0672,-1.2239
trpos2840.txt_allergen_2774,-0.2597,-2.2078,-1.6494,-1.8442,-2.7078,-1.5065,-1.5844,-1.8182,-1.1104,-2.0065,-1.6104,-1.0909,-1.4351,-2.1494,-2.961,-1.0649,-1.2403,-3.8442,-2.3766,-1.2468
trpos2840.txt_allergen_984,0.1083,-1.6833,-1.4083,-2.5083,-1.8667,-1.6917,-2.3417,-1.5583,-2.7083,-1.675,-1.4833,-1.4417,-1.1,-2.8583,-1.7667,-0.4667,-0.6417,-3.7833,-2.7083,-0.975
trpos2840.txt_allergen_3292,-0.8039,-1.5588,-0.8333,-1.6422,-2.3137,-1.0392,-1.4559,-1.7647,-1.5882,-1.9608,-1.9902,-1.0637,-1.6422,-2.1618,-1.7206,-0.4559,-0.951,-2.5392,-1.3922,-1.5049
trpos2840.txt_allergen_1136,0.2544,-1.7632,-1.4035,-2.5,-1.6316,-1.7281,-2.4386,-1.5526,-2.7719,-1.614,-1.4561,-1.5088,-1.1316,-2.8421,-1.7281,-0.4123,-0.6579,-3.9912,-2.7456,-0.8772
trpos2840.txt_allergen_1214,-0.9753,-0.7691,-0.8309,-1.6227,-2.8227,-0.1464,-0.8371,-1.567,-1.3588,-1.5052,-1.4536,-1.1753,-1.5918,-1.5505,-1.7299,-0.5567,-0.9485,-2.9691,-1.7216,-1.2082
trpos2840.txt_allergen_2756,-0.6129,-0.9597,-1.8306,-1.6371,-1.9194,-0.8952,-1.2742,-1.5484,-1.9194,-1.8548,-1.6048,-1.4758,-1.4194,-2.379,-1.0484,-0.8468,-0.871,-2.3629,-1.6371,-1.1452
trpos2840.txt_allergen_2851,-0.9634,-1.0524,-0.5969,-1.7906,-3.267,-0.7173,-1.2775,-1.7539,-1.8063,-1.5969,-1.6387,-1.2775,-1.6335,-1.7644,-2.1466,-0.6545,-0.8639,-3.2984,-1.8848,-1.089
trpos2840.txt_allergen_2341,-0.68,-2.22,-1.33,-1.47,-2.82,-1.6,-1.08,-1.42,-1.62,-1.24,-1.67,-0.9,-1.53,-2.11,-2.06,-0.65,-0.69,-3.48,-1.88,-1.14
trpos2840.txt_allergen_2115,-0.9836,-1.3651,-0.6908,-1.5625,-2.7796,-1.125,-1.1217,-1.6743,-1.3158,-1.8191,-1.9704,-0.9408,-1.4507,-2.1447,-2.4112,-0.7237,-1.0329,-2.8322,-1.3158,-1.4704
trpos2840.txt_allergen_1203,-0.9412,-1.1667,-1.0098,-1.5,-1.9412,-0.5882,-1.0588,-1.8431,-0.9608,-1.3235,-0.902,-1.2353,-0.6765,-1.7353,-1.6078,-0.8922,-0.7353,-2.5098,-1.2255,-1.1961
trpos2840.txt_allergen_3098,-0.5071,-1.4504,-0.9681,-1.133,-2.766,-1.0213,-1.094,-1.5709,-1.6986,-1.195,-1.3528,-0.7287,-1.3085,-1.7411,-1.6259,-0.7943,-0.734,-2.7571,-1.3103,-0.9025
trpos2840.txt_allergen_3297,-0.8875,-1.4875,-0.8,-1.6458,-2.0833,-0.9125,-1.4125,-1.8833,-1.5,-1.95,-1.85,-0.95,-1.5458,-2.1792,-1.9792,-0.4583,-0.9375,-2.5917,-1.3542,-1.475
trpos2840.txt_allergen_1184,-0.7461,-1.2266,-0.8945,-1.2656,-2.3789,-0.8594,-1.0039,-1.7344,-1.3281,-1.4453,-1.3828,-0.8477,-0.9805,-1.6523,-2.043,-0.5547,-0.7148,-2.3594,-1.1836,-1.1328
trpos2840.txt_allergen_1218,-1.0369,-1.2949,-1.1843,-1.4055,-2.7696,-1.3641,-1.2673,-1.6267,-1.8249,-1.4747,-1.4931,-1.2535,-1.7419,-1.5668,-1.576,-0.6083,-0.7235,-3.106,-1.5853,-1.0876
trpos2840.txt_allergen_3080,-0.9278,-1.5567,-1.4249,-1.1714,-3.3159,-1.1133,-0.5113,-2.3343,-1.9207,-1.8088,-1.745,-0.7238,-1.6275,-2.3399,-2.4603,-0.932,-1.0581,-3.449,-2.1856,-1.5963
trpos2840.txt_allergen_1372,-0.3276,-1.1897,-0.4138,-1.069,-1.5172,-0.5172,-0.8621,-1.2414,-1.1897,-1.0862,-1.069,-0.8448,-0.569,-1.3966,-1.6379,0.1034,-0.1724,-2.3621,-1.1897,-0.7931
trpos2840.txt_allergen_1277,-0.6722,-1.4901,-1.6987,-2.0166,-2.5894,1.3411,-0.6954,-1.8974,-1.6457,-1.7119,-1.5132,-0.6623,-1.2715,-2.3046,1.0728,-0.457,-0.4404,-3.149,-2.1159,-1.2185
trpos2840.txt_allergen_685,-0.3359,-1.8281,-1.4062,-1.3594,-3.1641,-1.0547,-0.6094,-2.1016,-1.6953,-1.5078,-1.6016,-0.8281,-1.4531,-1.875,-2.3438,-0.9297,-0.9609,-3.5469,-2.1641,-0.7578
trpos2840.txt_allergen_3266,-0.9,-1.4667,-0.7708,-1.5792,-2.15,-0.9167,-1.3958,-1.9292,-1.5208,-1.9375,-1.8917,-0.9583,-1.5833,-2.2167,-1.8583,-0.4583,-0.9125,-2.7,-1.3542,-1.4583
trpos2840.txt_allergen_11,-0.7375,-2.2125,-1.2875,-1.4688,-2.8563,-1.5625,-0.9125,-1.6313,-1.1,-1.1938,-1.7375,-0.8125,-1.575,-2.0938,-2.1437,-0.775,-0.6438,-3.3312,-1.8438,-1.0188
trpos2840.txt_allergen_599,-0.5571,-1.9857,-1.3571,-1.4429,-2.1857,-1.0286,-1.2286,-1.8857,-1.9214,-1.0143,-1.5071,-0.75,-1.5643,-2.4929,-1.8571,-0.7143,-0.4643,-3.3071,-2.1786,-0.5
trpos2840.txt_allergen_723,-1.0899,-1.4719,-1.2051,-1.2247,-2.4888,-1.0618,-0.9494,-2.0253,-1.6376,-1.4129,-1.1685,-0.8146,-1.2753,-2.0309,-2.2303,-0.882,-1.0197,-3.1938,-1.8792,-1.2275
trpos2840.txt_allergen_39,-0.8717,-1.3351,-1.2251,-1.6492,-2.7094,-0.9162,-1.2382,-2.0393,-1.3482,-1.5,-1.2958,-1.1152,-1.2199,-1.733,-1.8639,-0.9084,-0.8403,-2.4843,-1.3089,-1.1518
trpos2840.txt_allergen_2103,-1.2488,-0.7033,-0.7536,-1.6029,-3.0191,-0.3636,-0.8325,-1.8158,-1.4593,-1.622,-1.6292,-1.2225,-1.8541,-1.8565,-1.9617,-0.7823,-1.1722,-3.1746,-1.866,-1.311
trpos2840.txt_allergen_1620,-0.6241,-1.9787,-1.4965,-1.6879,-2.2695,-1.1135,-1.2553,-2.0709,-2.078,-0.9716,-1.3901,-0.7518,-1.4823,-2.2624,-1.9291,-0.8227,-0.539,-3.2695,-2.1277,-0.4539
trpos2840.txt_allergen_739,-0.9933,-0.6644,-1.7517,-1.8792,-2.1879,0.3557,-0.7785,-1.6644,-1.8993,-1.7315,-1.5369,-1.2282,-0.5302,-1.9799,-1.6779,-0.7852,-1.2886,-2.651,-1.953,-1.5034
trpos2840.txt_allergen_2872,-0.7658,-1.4237,-0.8737,-1.5579,-2.6026,-1.1211,-1.1842,-1.6947,-1.3447,-1.7263,-1.7368,-0.8632,-1.3368,-1.9079,-2.1105,-0.4658,-0.8895,-2.7368,-1.2316,-1.3342
trpos2840.txt_allergen_1937,-0.554,-1.15,-1.062,-1.356,-2.324,-1.034,-0.944,-1.488,-1.478,-1.142,-1.14,-1.068,-1.106,-1.61,-1.684,-0.592,-0.604,-2.54,-1.392,-0.822
trpos2840.txt_allergen_2477,0.125,-0.875,-0.25,-1.4375,-1.625,-0.375,-0.875,-1.125,-1.125,-0.875,-0.9375,-0.75,-0.625,-1.6875,-1.8125,-0.1875,-0.625,-2.375,-1.125,-0.5
trpos2840.txt_allergen_2648,-0.6715,-0.2319,-1.1159,-1.2174,-1.744,0.2899,-0.4396,-1.6039,-1.4203,-1.6425,-1.4396,-0.8164,-0.7585,-1.9807,-1.5459,-0.4638,-1.0531,-2.6473,-1.7633,-1.4106
trpos2840.txt_allergen_3258,-0.8514,-1.4538,-0.8072,-1.6707,-2.1165,-0.9357,-1.4337,-1.8434,-1.498,-1.7831,-1.751,-0.9398,-1.5141,-2.0361,-1.7912,-0.494,-0.9116,-2.6426,-1.261,-1.4177
trpos2840.txt_allergen_3182,-0.4045,-1.5955,-1.3184,-1.9326,-2.5094,-1.4682,-1.8577,-1.1161,-1.9176,-1.8577,-1.8652,-1.4307,-1.5281,-2.0637,-2,-0.6142,-0.8352,-2.8727,-1.824,-1.3109
trpos2840.txt_allergen_3028,-0.2651,-1.2977,-1.2186,-0.6884,-3.0512,-0.3116,0.014,-1.6,-1.5628,-1.7535,-1.9767,-0.4605,-1.5488,-2.893,-1.4651,-0.3767,-0.7907,-3.6791,-2.6465,-1.2651
trpos2840.txt_allergen_2151,-0.3246,-0.8246,-0.4503,-0.8772,-1.9708,-0.3713,-0.3509,-1.1725,-0.6228,-1.4064,-1.5,-0.6725,-0.9766,-1.9386,-1.2836,-0.1404,-0.3041,-2.6374,-1.4298,-0.9444
trpos2840.txt_allergen_1948,-0.7297,-1.3333,-1.6261,-1.5676,-2.6216,-1.0676,-0.9505,-2.3198,-1.2387,-1.3514,-0.8649,-0.8604,-1.1622,-1.2748,-2.1937,-1.3333,-1.1036,-2.3378,-1.0586,-1.1216
trpos2840.txt_allergen_2077,0.1111,-1.5812,-1.3846,-2.5299,-1.8632,-1.6325,-2.3419,-1.6581,-2.6325,-1.7436,-1.5128,-1.4359,-1.0513,-2.8376,-1.906,-0.4359,-0.7607,-3.8547,-2.7265,-1.0342
trpos2840.txt_allergen_2675,-1.3643,-1.3411,-1.0155,-1.4574,-2.7519,-1.3256,-1.5581,-2.031,-1.5504,-2.1163,-2.062,-0.9612,-1.845,-2.5349,-2.7597,-1.031,-1.2481,-2.9767,-1.8527,-1.9535
trpos2840.txt_allergen_1703,0.0088,-1.7368,-1.4123,-2.5175,-1.9035,-1.6579,-2.386,-1.693,-2.6754,-1.6316,-1.5088,-1.5,-1.193,-2.8509,-1.7982,-0.4649,-0.6404,-3.9912,-2.7105,-1.0263
trpos2840.txt_allergen_2638,-0.8868,-2.0818,-1.2453,-1.3208,-2.8113,-1.4654,-0.8176,-1.5849,-1.0189,-1.1635,-1.5975,-0.7296,-1.4969,-1.9623,-1.9937,-0.8113,-0.5786,-3.1384,-1.8365,-0.9623
trpos2840.txt_allergen_219,-1.1016,-1.2353,-1.385,-1.5134,-3.0642,-1.0107,-0.7968,-2.1604,-1.4866,-1.3048,-1.1283,-0.8556,-1.2353,-1.5348,-2.3957,-1.0267,-0.6471,-3.2406,-1.6845,-0.984
trpos2840.txt_allergen_1425,-1.1728,-1.1152,-0.9215,-0.8796,-2.9843,-0.7958,-0.3298,-2.2094,-1.644,-1.6283,-1.4921,-0.5079,-0.7225,-1.7592,-2.6073,-0.7016,-0.8901,-3.1204,-1.9058,-1.5497
trpos2840.txt_allergen_1365,-1.25,-1.3405,-1.25,-1.8147,-2.9052,-1.3017,-1.6983,-1.9655,-1.3362,-1.7026,-1.7888,-1.3621,-1.6207,-2.0603,-1.9741,-0.7974,-0.8664,-2.5862,-1.6595,-1.2155
trpos2840.txt_allergen_2879,-0.8793,-1.5115,-0.7701,-1.6351,-2.6121,-1.1897,-1.2126,-1.8218,-1.3017,-1.7069,-1.7787,-0.9368,-1.3017,-1.8937,-2.2816,-0.6523,-0.977,-2.7902,-1.1839,-1.4339
trpos2840.txt_allergen_2345,-0.4914,-0.3184,-0.5984,-0.7583,-2.2774,-0.0423,0.0938,-1.3765,-1.1506,-1.6262,-1.4148,-0.0092,-0.9313,-2.0343,-1.3514,-0.2048,-0.535,-2.6116,-1.6499,-1.247
trpos2840.txt_allergen_2446,-1.1304,-0.7174,-0.7364,-1.5435,-3.0571,-0.3315,-0.7582,-1.6957,-1.375,-1.587,-1.6168,-1.1277,-1.7364,-1.8587,-1.8696,-0.7228,-1.1304,-3.2799,-1.8043,-1.2962
trpos2840.txt_allergen_1186,-0.6884,-0.7789,-1.0804,-0.5528,-2.2764,-0.608,-0.3417,-1.8643,-1.3116,-1.6131,-1.5377,-0.1156,-0.5327,-1.7638,-1.7437,-0.7186,-0.9397,-3.3317,-1.9698,-1.5578
trpos2840.txt_allergen_3456,-0.6498,-2.0737,-0.9493,-1.8433,-3.0783,-1.1475,-1.3041,-1.9493,-1.6866,-1.9862,-1.6728,-1.0138,-1.9585,-2.1705,-2.5484,-1.1843,-1.1751,-3.0968,-2.0276,-1.682
trpos2840.txt_allergen_2163,-0.25,0.2711,-0.4683,-0.5634,-3.5352,1.3768,1.7923,-3.1373,-1.1901,-1.6972,-0.6655,1.2218,-0.8345,-3.4296,-4.1162,-0.5986,-0.8838,-4.4155,-3.0317,-1.8063
trpos2840.txt_allergen_3013,-0.5135,-1.0147,-0.8329,-1.0369,-2.1499,-0.6806,-0.7985,-1.4251,-1.3047,-1.086,-1.0074,-0.6413,-0.887,-1.4103,-1.3808,-0.4545,-0.4251,-2.3022,-1.2064,-1.0074
trpos2840.txt_allergen_280,0.3604,-1.1269,-0.8071,-0.9492,-1.4721,-0.665,-0.6548,-1.1066,-1.6447,-1.0609,-1.1827,-0.7259,-0.8629,-1.9137,-1.0863,0.3959,0.1117,-2.5431,-1.736,-0.5482
trpos2840.txt_allergen_1170,-0.7264,-1.7736,-1.566,-1.4811,-2.9906,-1.0283,-0.8113,-2.4811,-1.7075,-1.3113,-1.5377,-0.6887,-1.3491,-1.566,-2.5283,-1.2264,-0.9434,-3.0472,-1.9811,-0.7642
trpos2840.txt_allergen_420,-0.7302,-1.6267,-0.7003,-1.3651,-2.5177,-1.3706,-1.6512,-1.2534,-1.5041,-1.2916,-1.8392,-1.1853,-1.5286,-1.9319,-2.2861,-0.406,-0.6267,-2.7193,-1.4441,-1.2943
trpos2840.txt_allergen_296,-0.7517,-1.1793,-0.9862,-1.0552,-2.2069,-0.8897,-0.6552,-1.6828,-1.669,-1.469,-1.6,-0.5448,-1.4,-2.0897,-1.4966,-0.6069,-0.5793,-3.0483,-1.7724,-1.0552
trpos2840.txt_allergen_1681,-0.3984,-1.6016,-1.0935,-1.7886,-1.7927,-1.1179,-1.6748,-1.0528,-1.6016,-1.8008,-1.7846,-1.3902,-1.5854,-1.8211,-1.4837,-0.4593,-0.4797,-2.5691,-1.7398,-1.3211
trpos2840.txt_allergen_198,-0.784,-1.6107,-0.7253,-1.336,-2.464,-1.4107,-1.6587,-1.2053,-1.5573,-1.3733,-1.8827,-1.168,-1.5627,-2.0827,-2.2747,-0.424,-0.688,-2.768,-1.5227,-1.304
trpos2840.txt_allergen_3394,-0.2937,-1.7413,-1.5315,-1.7902,-2.5315,-1.0559,-1.028,-1.6014,-2.3147,-0.6573,-1.2937,-1.0769,-1.014,-2.007,-2.1259,-0.6993,-0.5804,-3.4755,-2.4895,-0.3566
trpos2840.txt_allergen_246,0.1553,-2.2484,-1.7267,-1.5714,-2.8075,-1.3913,-1.5404,-1.8509,-1.118,-1.4845,-1.0373,-1.0062,-1.087,-1.6832,-2.9068,-0.9814,-1.0994,-3.7267,-2.2112,-0.7826
trpos2840.txt_allergen_875,-0.3984,-1.4588,-0.9286,-1.4808,-2.522,-1.0742,-1.467,-1.3324,-1.8984,-1.3654,-1.6374,-1.044,-1.3434,-1.8159,-1.8214,-0.4093,-0.3462,-2.7143,-1.4368,-0.9478
trpos2840.txt_allergen_3079,-0.7854,-1.9589,-1.621,-1.8174,-2.9589,-1.6461,-1.4201,-1.9703,-2.1826,-1.7078,-1.9224,-1.3219,-1.7237,-2.4224,-2.8059,-1.0959,-1.1941,-3.6735,-2.2945,-1.4977
trpos2840.txt_allergen_2,-1.2472,-1.3146,-1.4944,-1.6404,-3.2303,-1.073,-0.8989,-2.2191,-1.5674,-1.2753,-1.1742,-0.8876,-1.309,-1.6348,-2.3258,-1.0674,-0.6685,-3.2135,-1.8034,-0.9888
trpos2840.txt_allergen_1033,-1.4333,-1.05,-1.9,-2.35,-0.0667,-1.05,-1.4667,-2.85,-1.9667,-1.6167,-1.3667,-1.0333,-1.2,-2.5,-2.5333,-1.1667,-1.1,-3.6667,-2.5833,-1.4167
trpos2840.txt_allergen_2405,-0.813,-1.4559,-0.6891,-0.9013,-2.8004,-1.0252,-1.2017,-1.416,-1.084,-1.4097,-1.3277,-1.3046,-1.1408,-1.0945,-1.7752,-0.6639,-0.8319,-1.7311,-0.834,-1.3193
trpos2840.txt_allergen_3369,-0.3656,-1.2151,-0.957,-1.3656,-1.6398,-0.9086,-1.0645,-1.1183,-1.5376,-1.3387,-1.2473,-0.7151,-0.8656,-1.6075,-1.1828,-0.2419,-0.4516,-2.2688,-1.3817,-0.9785
trpos2840.txt_allergen_3215,-0.4809,-1.5954,-1.3817,-2,-2.4771,-1.4237,-1.8702,-1.1756,-2.0038,-1.9237,-1.8435,-1.416,-1.5382,-2.0229,-2.1603,-0.5878,-0.8092,-2.9198,-1.813,-1.3969
trpos2840.txt_allergen_354,-0.7358,-2.1635,-1.3648,-1.4654,-2.8491,-1.5472,-0.8365,-1.5472,-1.1195,-1.1572,-1.6667,-0.7358,-1.6289,-2.0126,-2.0503,-0.7673,-0.5912,-3.195,-1.8365,-0.9686
trpos2840.txt_allergen_3021,0.0058,-1.5233,-1.2791,-1.7965,-2.686,-1.1802,-1.5988,-1.8372,-2.5756,-1.3256,-1.6977,-1.4593,-1.6453,-2.4651,-2.5058,-0.4826,-0.814,-3.5407,-2.0872,-1.2384
trpos2840.txt_allergen_184,-0.8,-2.1688,-1.2625,-1.475,-2.775,-1.4937,-0.9188,-1.6187,-1.0938,-1.1875,-1.6812,-0.7188,-1.55,-1.9688,-2.025,-0.7625,-0.6188,-3.25,-1.8562,-0.9875
trpos2840.txt_allergen_3084,-0.8966,-1.5078,-0.8088,-1.605,-2.627,-1.2696,-1.3009,-1.7085,-1.4765,-1.6458,-1.6959,-0.9561,-1.3762,-1.8903,-2.3918,-0.6646,-0.9749,-2.7524,-1.232,-1.2915
trpos2840.txt_allergen_3318,-1.4643,-2.25,-1.4643,-2.1786,-2.0119,-2.4762,-2.1071,-1.6905,-2.25,-1.9167,-2,-1.0595,-2.0119,-2.2857,-2.869,-1.131,-1.4048,-2.75,-1.3095,-1.7619
trpos2840.txt_allergen_737,-0.7956,-2.0657,-1.3723,-1.4526,-2.8905,-1.6131,-1.0511,-1.5912,-1.1606,-1.0657,-1.6642,-0.6788,-1.6131,-2.0511,-1.9708,-0.7591,-0.562,-3.2117,-1.8613,-0.9927
trpos2840.txt_allergen_3402,-0.9245,-1.4568,-0.9424,-1.4065,-2.9065,-1.0647,-1.4496,-1.6475,-1.4748,-1.7554,-1.8705,-1.0719,-1.4317,-1.4784,-1.9676,-0.536,-0.4784,-2.1727,-1.0612,-1.4317
trpos2840.txt_allergen_207,-0.7438,-2.1938,-1.3,-1.475,-2.85,-1.5437,-0.925,-1.6375,-1.1,-1.175,-1.7375,-0.7938,-1.5875,-2.0938,-2.1437,-0.7562,-0.6312,-3.3125,-1.85,-1.0188
trpos2840.txt_allergen_2703,-0.4081,-1.4843,-1.5695,-1.6771,-1.9238,0.1031,-0.8251,-1.6099,-1.2601,-1.8475,-1.5605,-1.1928,-1.2915,-2.1076,0.5964,-0.0762,-0.5336,-2.3543,-1.4753,-1.296
trpos2840.txt_allergen_2852,-1.227,-1.6176,-1.2249,-1.5562,-3.2577,-1.454,-1.1922,-1.8998,-1.4519,-1.6789,-1.7423,-1.2311,-1.5746,-1.5849,-2.2004,-1.182,-1.3067,-2.6892,-1.2761,-1.6339
trpos2840.txt_allergen_1561,-0.3391,-1.1217,-0.687,-0.8783,-1.6435,-0.6348,-0.6435,-1.1913,-1.2261,-1.4696,-1.3391,-0.713,-0.8957,-1.3304,-1.6,-0.0087,-0.3913,-2.0696,-1.1565,-1.1826
trpos2840.txt_allergen_2471,-0.0714,-0.8571,-1.2143,-1.5714,-1.8571,-0.3571,-0.6429,-1.3571,-1.0714,-1.5,-1.3571,-0.7857,-0.9286,-1.6429,-0.5,-0.2857,-0.5,-2,-0.7143,-0.8571
trpos2840.txt_allergen_2659,-1.3101,-1.3488,-1.0155,-1.4574,-2.7364,-1.3488,-1.5659,-2.0078,-1.5581,-2.124,-2.093,-0.9457,-1.845,-2.5271,-2.8527,-1.0233,-1.2248,-2.9922,-1.8915,-1.9535
trpos2840.txt_allergen_1423,-0.5522,-0.4925,-1.0224,-1.2388,-2.4179,-0.0299,0.2164,-1.791,-0.8134,-1.6269,-1.4925,0.0896,-0.806,-2.0224,-1.8134,-0.4403,-0.5522,-2.4627,-1.2015,-1.2463
trpos2840.txt_allergen_1951,-0.548,-1.4573,-0.9306,-1.1851,-2.7847,-1.0783,-1.0658,-1.5996,-1.7295,-1.2473,-1.395,-0.7651,-1.2936,-1.7776,-1.7224,-0.8114,-0.7438,-2.7989,-1.3932,-0.9199
trpos2840.txt_allergen_1238,-0.4828,-0.9724,-1.9931,-1.8759,-1.8552,-0.8621,-1.3103,-1.7034,-2.0552,-1.6828,-1.1931,-1.5103,-1.0276,-2.2345,-1.3793,-0.6138,-0.8414,-2.5517,-1.8621,-0.8483
trpos2840.txt_allergen_1752,-0.4725,-1.6583,-1.0986,-0.8028,-3.1216,-0.9771,-0.289,-2.0115,-1.5711,-1.4427,-1.3555,-0.3761,-1.5849,-1.3876,-1.7546,-0.4197,-0.7523,-3.1835,-1.6789,-0.9266
trpos2840.txt_allergen_2356,0.3,-1.2,-0.95,-0.45,-1.6,-0.6,-0.7,-0.95,-1.65,-1.45,-1.75,-0.95,-1.15,-2.15,-0.65,0.25,-0.25,-2.25,-1.9,-0.9
trpos2840.txt_allergen_1985,-0.2087,-2.0435,-1.4696,-2.0696,-2.3739,-1.1652,-1.7304,-1.0609,-2.1652,-1.6957,-1.913,-1.1913,-1.5304,-2.3565,-2.5826,-0.7652,-0.8174,-3.6783,-2.0957,-1.1391
trpos2840.txt_allergen_2684,-0.9238,-1.9048,-1.4476,-1.5524,-3.1333,-1.0952,-0.8952,-2.7143,-1.7905,-1.4381,-1.5619,-0.6857,-1.4095,-1.7238,-2.5429,-1.2952,-1.1048,-3.381,-2.0952,-0.8476
trpos2840.txt_allergen_2912,-1.4259,-1.4259,-1.1296,-1.7407,-2.0926,-1.2963,-1.6852,-2.4444,-1.537,-2.2222,-2.3889,-1.0185,-1.8148,-2.5556,-2.2037,-0.9259,-1.2037,-4.0741,-2.3889,-1.7963
trpos2840.txt_allergen_2923,-0.4179,-2.1493,-1.4328,-1.8284,-2.2388,-1.0672,-1.7015,-1.1269,-2.1716,-1.6418,-1.806,-1.2313,-1.4851,-2.2836,-2.4925,-0.8134,-0.7612,-3.4627,-2.0821,-1.209
trpos2840.txt_allergen_1123,-1.154,-1.7601,-1.1591,-1.851,-2.3838,-1.1212,-1.6616,-2.2121,-1.5606,-1.6263,-1.5783,-1.702,-1.2475,-2.1212,-2.5631,-0.6061,-0.8687,-3.6086,-1.8182,-1.452
trpos2840.txt_allergen_1435,-0.7018,-1.5321,-1.5222,-1.4036,-2.3624,-0.9703,-0.5783,-2.3657,-1.397,-1.7974,-1.3361,-0.71,-1.3839,-2.0659,-1.9736,-0.6985,-0.6886,-3.3674,-1.9506,-1.3476
trpos2840.txt_allergen_2470,-0.2,-0.9333,-0.9333,-1.4,-1.8,-0.6667,-1,-1,-1.7333,-1.0667,-0.8,-0.7333,-0.6,-2.0667,-1.2667,-0.6,-0.8,-2.8,-1.8667,-0.6667
trpos2840.txt_allergen_3503,-0.7628,-2.2115,-1.3846,-1.4936,-2.9167,-1.4872,-0.9808,-1.5962,-1.4038,-1.141,-1.6026,-0.8269,-1.5577,-1.9551,-2.0128,-0.7821,-0.641,-3.1667,-1.8333,-0.8846
trpos2840.txt_allergen_1361,-0.3451,-0.8496,-1.354,-1.4602,-1.6195,-0.823,-1.1681,-1.0885,-1.6106,-1.6283,-1.5221,-1.0885,-1.2035,-2.0796,-1.3982,-0.646,-0.7788,-2.292,-1.6195,-1.0442
trpos2840.txt_allergen_784,0.1837,-0.7347,-1.0544,-1.2381,-2.1088,-0.1497,-0.4422,-1.5306,-1.3401,-1.381,-1.3469,-0.4422,-0.7483,-1.9184,-1.1633,-0.2993,-0.5782,-2.5918,-1.5986,-0.9252
trpos2840.txt_allergen_369,-0.5887,-1.2128,-1.0567,-1.7163,-1.6099,-0.8865,-1.2553,-1.9504,-1.1418,-1,-0.9078,-1.0142,-0.6596,-1.3546,-1.5177,-0.2908,-0.1844,-2.5816,-1.0709,-0.7589
trpos2840.txt_allergen_2941,-0.4254,-2.1119,-1.4552,-1.8433,-2.1791,-1.1045,-1.6866,-1.1045,-2.1716,-1.6642,-1.806,-1.2388,-1.4403,-2.291,-2.5149,-0.8507,-0.7537,-3.4478,-2.0448,-1.1716
trpos2840.txt_allergen_1878,0.0467,-0.8533,-0.9733,-0.8067,-2.2267,-0.1733,-0.2933,-1.68,-1.2333,-1.4533,-1.4133,-0.4133,-0.8333,-1.8867,-1.0467,-0.2867,-0.52,-2.7333,-1.54,-0.9733
trpos2840.txt_allergen_3260,-0.8442,-1.4805,-0.7749,-1.6407,-2.1169,-0.9351,-1.4329,-1.8874,-1.5152,-1.9048,-1.8788,-0.974,-1.5758,-2.1342,-1.7835,-0.4762,-0.9177,-2.6537,-1.2857,-1.5238
trpos2840.txt_allergen_1228,-0.1451,-1.0509,-1.2855,-1.0617,-3.0818,0.7901,0.0586,-0.4815,-1.5262,-2.1975,-1.7145,-0.142,-1.858,-2.8997,1.287,0.642,-0.1111,-3.4321,-2.1373,-1.4552
trpos2840.txt_allergen_881,-0.5537,-1.0413,-1.7521,-1.5702,-1.8099,-0.9669,-1.3306,-1.3802,-1.9339,-1.8678,-1.7851,-1.4711,-1.4132,-2.562,-1.0248,-0.7521,-0.9339,-2.6694,-1.876,-1.2314
trpos2840.txt_allergen_2148,-0.8896,-1.2025,-1.092,-1.3742,-1.3067,-0.6748,-0.9571,-1.2638,-1.6196,-2.227,-2.0798,-0.6319,-1.454,-2.0429,-1.638,-0.6319,-0.8528,-2.7055,-1.7178,-1.8098
trpos2840.txt_allergen_142,0.2119,-2.2583,-1.6026,-1.5497,-3.3311,-1.3444,-1.6093,-1.7616,-1.3576,-1.5894,-1.3841,-0.894,-1.2185,-1.7947,-2.8344,-0.9934,-1.0993,-3.6954,-2.3179,-1.0397
trpos2840.txt_allergen_2578,-0.6522,-1.2174,-1.7391,-1.8696,-2.6957,-0.5652,-1,-1.9565,-2.087,-1.8261,-1.6957,-1.1739,-0.6522,-2.5652,-1.6957,-0.6087,-0.7391,-2.9565,-2.0435,-1.3478
trpos2840.txt_allergen_3007,-0.3295,-1.1761,-1.6136,-1.7273,-2.3011,-1.267,-1.483,-1.3295,-1.733,-1.2784,-1.1818,-1.1932,-0.9943,-1.7102,-1.4489,-0.5,-0.767,-2.4432,-1.5682,-0.7784
trpos2840.txt_allergen_871,-0.8583,-1.8057,-0.5142,-1.2045,-2.496,-1.2814,-1.4757,-1.0648,-1.7045,-1.3381,-1.8462,-1.0607,-1.6174,-1.8887,-2.1215,-0.2794,-0.3664,-3.0162,-1.834,-1.1356
trpos2840.txt_allergen_202,0.0739,-1.1648,-1.3239,-2.0511,-1.7955,-1.1761,-1.7784,-1.5284,-2.1989,-1.4943,-1.3864,-1.0568,-1.1136,-2.6307,-0.9716,-0.4205,-0.5625,-3.4205,-2.3807,-0.7557
trpos2840.txt_allergen_1463,-0.725,-2.2062,-1.3,-1.4625,-2.8563,-1.5562,-0.9125,-1.6375,-1.1,-1.1625,-1.7312,-0.8062,-1.575,-2.0812,-2.1125,-0.7562,-0.6438,-3.3125,-1.8375,-0.9875
trpos2840.txt_allergen_1121,-1.271,-1.5794,-1.2991,-1.3178,-2.5421,-0.7196,-0.6822,-2.3084,-1.0561,-2.0467,-1.4953,-0.8037,-1.3364,-2.4019,-2.8879,-1.0561,-1.215,-3.2804,-2.0841,-1.8785
trpos2840.txt_allergen_2510,-0.1579,-2,-1.6842,-2.5263,-1.0526,-1.7368,-1.7368,-2.1053,-1.9474,-0.4211,-0.5789,-1.6842,-0.4737,-0.8947,-2.2632,-0.8421,-0.2105,-2.2632,-0.7895,0
trpos2840.txt_allergen_2915,-1.0521,-1.5781,-1.6562,-1.8802,-2.1146,-1.3438,-1.3125,-2.2552,-1.6979,-1.625,-1.6458,-1.375,-1.5677,-2.4167,-2.0052,-0.7656,-1,-3.6771,-2.0365,-1.2865
trpos2840.txt_allergen_1767,-0.5561,-1.0807,-0.5605,-0.7758,-1.8655,-0.565,-0.4888,-1.5291,-1.2601,-1.1345,-1.2063,-0.7758,-0.7534,-1.6278,-1.4215,-0.1166,-0.1166,-2.3498,-1.4395,-0.8296
trpos2840.txt_allergen_2860,-0.3197,-1.3197,-0.9728,-1.1973,-1.8367,-0.9932,-0.6327,0.3469,-1.7959,-2.2993,-2.2313,-0.4898,-1.7619,-2.3061,-0.6939,-0.3537,-1.1156,-2.8163,-2.2313,-1.8503
trpos2840.txt_allergen_1558,0.7561,-1.3275,-1.3066,-1.4425,-1.9721,-0.8606,-0.77,-1.0418,-1.5645,-1.446,-1.6237,-0.6237,-1.2753,-1.9791,-0.7666,-0.0035,-0.1394,-2.5714,-1.5436,-0.77
trpos2840.txt_allergen_1418,-0.4135,-0.5414,-0.9323,-1.0226,-2.4211,-0.2105,0.2556,-1.7218,-0.7744,-1.8271,-1.5489,0.1805,-1.0902,-2.0376,-1.7895,-0.391,-0.6165,-2.5338,-1.2857,-1.391
trpos2840.txt_allergen_1390,-0.3438,-0.9875,-1.7125,-1.7125,-1.9,-0.7062,-1.3687,-1.2125,-1.7625,-1.6687,-1.2688,-1.6125,-1.0437,-2,-1.3438,-0.6062,-0.825,-2.3937,-1.6625,-0.9312
trpos2840.txt_allergen_2084,-1.0099,-1.5695,-0.9868,-1.5728,-2.447,-1.1887,-1.3841,-1.8974,-1.7152,-1.5199,-1.543,-1.0464,-1.4205,-1.9106,-1.9801,-0.6954,-0.8146,-3.0762,-1.6391,-1.3642
trpos2840.txt_allergen_582,-0.6779,-1.4743,-0.5474,-0.8735,-2.7391,-1.002,-1.3123,-1.1838,-1.166,-1.4901,-1.4526,-1.3854,-1.2688,-1.1917,-1.7925,-0.6146,-0.7134,-1.6107,-0.8221,-1.3577
trpos2840.txt_allergen_2625,-0.8868,-2.0755,-1.239,-1.3145,-2.805,-1.4528,-0.8239,-1.5912,-1.0189,-1.1635,-1.5975,-0.7296,-1.4969,-1.9623,-1.9874,-0.8113,-0.5786,-3.1384,-1.8176,-0.9686
trpos2840.txt_allergen_449,-0.4275,-2.1069,-1.4885,-1.9084,-2.3206,-1.1679,-1.6947,-1.1679,-2.1985,-1.6718,-1.8397,-1.2366,-1.4656,-2.3282,-2.5573,-0.8092,-0.7863,-3.5267,-2.0611,-1.2137
trpos2840.txt_allergen_3509,-0.8667,-0.6,-0.8,-0.6667,-2.6,1.6667,0.2667,-1.8667,-0.8,-1.7333,-2,-0.2,-0.6667,-1.8,0.8667,-0.1333,-0.8667,-1.8667,-1.1333,-1.7333
trpos2840.txt_allergen_2071,-0.6064,-1.9468,-1.4255,-0.8191,-3.0638,-1.1489,-0.6702,-2.0745,-2.2234,-1.7872,-2,-0.8191,-1.2234,-1.9149,-3.266,-1.1702,-1.2872,-3.883,-2.5,-1.7553
trpos2840.txt_allergen_1057,-0.871,-2.1161,-1.3097,-1.4065,-2.7871,-1.5226,-0.8645,-1.6452,-1.0839,-1.0968,-1.6194,-0.7161,-1.3935,-1.8903,-2.2129,-0.8645,-0.6387,-3.2387,-1.8645,-0.8645
trpos2840.txt_allergen_1892,-0.4326,-1.1528,-0.9741,-1.2668,-1.9922,-0.715,-0.8446,-1.5622,-1.3886,-1.1347,-1.0285,-0.7668,-0.7435,-1.4974,-1.5,-0.4041,-0.2953,-2.2902,-1.2617,-0.8912
trpos2840.txt_allergen_2885,-0.8769,-1.2633,-1.1061,-1.2933,-2.6507,-0.8999,-0.8749,-1.7147,-1.3914,-1.1822,-1.2913,-1.3403,-1.5015,-1.9099,-1.3924,-0.4464,-0.4134,-3.3133,-1.7648,-0.7087
trpos2840.txt_allergen_804,-0.4906,-1.5396,-1.3245,-1.9321,-2.5358,-1.4302,-1.8792,-1.1245,-1.9849,-1.8679,-1.9736,-1.3887,-1.5396,-2.1698,-2.1208,-0.6415,-0.8868,-2.8189,-1.9057,-1.3623
trpos2840.txt_allergen_3458,-0.6171,-1.9955,-1.0586,-1.8333,-3.018,-1.2072,-1.3198,-2.0541,-1.6757,-1.9099,-1.6486,-1,-1.9414,-2.1126,-2.518,-1.1216,-1.1036,-3.0901,-2.018,-1.6036
trpos2840.txt_allergen_3495,-0.3723,-1.3869,-0.7007,-1.0657,-1.7664,-0.7591,-0.8905,-1.073,-1.219,-1.6496,-1.6569,-0.9197,-1.2263,-1.6204,-1.6277,-0.1314,-0.3942,-2.4234,-1.2555,-1.2701
trpos2840.txt_allergen_2621,-0.5251,-1.0902,-0.98,-1.1543,-2.1102,-0.7114,-0.8537,-1.485,-1.4188,-1.2204,-1.1483,-0.7475,-0.8717,-1.4629,-1.513,-0.4108,-0.5411,-2.485,-1.3828,-0.9359
trpos2840.txt_allergen_1583,-0.4907,-1.5762,-1.3234,-1.9442,-2.5911,-1.4981,-1.881,-1.145,-1.9442,-1.8848,-1.974,-1.4201,-1.5428,-2.1004,-2.026,-0.6691,-0.8253,-2.8141,-1.8885,-1.3606
trpos2840.txt_allergen_1509,-0.4545,-1.5758,-1.3333,-1.8977,-2.5,-1.4583,-1.8788,-1.1932,-2.0152,-1.9205,-1.928,-1.3826,-1.5417,-2.1098,-1.9924,-0.6326,-0.8674,-2.8864,-1.8826,-1.3561
trpos2840.txt_allergen_714,-1.1126,-1.2053,-1.0728,-0.4172,-1.9868,-0.6755,-0.1921,-2.1457,-0.9404,-1.4437,-1.3576,-0.3576,-0.0861,-1.2914,-2.543,-0.9536,-1.0331,-2.8212,-1.4371,-1.5497
trpos2840.txt_allergen_579,-0.7586,-1.2138,-0.9793,-1.0759,-2.131,-0.8897,-0.6414,-1.6897,-1.6276,-1.3724,-1.5586,-0.5586,-1.331,-2.069,-1.4897,-0.6414,-0.5586,-2.931,-1.6897,-1
trpos2840.txt_allergen_2906,-0.4122,-2.1527,-1.458,-1.9618,-2.2672,-1.1221,-1.7099,-1.145,-2.2061,-1.7252,-1.9084,-1.2595,-1.5344,-2.4122,-2.5649,-0.7786,-0.7634,-3.542,-2.1069,-1.229
trpos2840.txt_allergen_1530,-0.8829,-1.7748,-0.8378,-1.5225,-2.3604,-1.2838,-1.4054,-1.4369,-1.6982,-1.7252,-2.0991,-1.1486,-1.6216,-2.1441,-2.3694,-0.5631,-1.0045,-2.8468,-1.3288,-1.2973
trpos2840.txt_allergen_1122,-0.7263,-1.3657,-0.8593,-1.1714,-2.2685,-0.9463,-0.7698,-1.8696,-1.1509,-1.1893,-1.4246,-0.6624,-1.2737,-1.7008,-1.4808,-0.7315,-0.8414,-2.734,-1.2967,-1.0332
trpos2840.txt_allergen_3285,-1.2934,-1.3306,-0.4587,-0.9421,-2.6653,-0.7851,-0.7479,-1.8843,-1.2727,-1.1529,-1.3595,-0.4421,-1.1736,-1.3264,-1.9669,-0.5992,-0.5992,-2.657,-1.0041,-1.1405
trpos2840.txt_allergen_1552,0.7561,-1.3275,-1.3066,-1.4425,-1.9721,-0.8606,-0.77,-1.0523,-1.5645,-1.4425,-1.6237,-0.6237,-1.2753,-1.9826,-0.7666,-0.0035,-0.1394,-2.5749,-1.547,-0.77
trpos2840.txt_allergen_62,-0.5437,-1.6111,-1.2937,-1.881,-2.631,-1.4921,-1.8254,-1.1706,-2.0516,-1.9881,-2.0437,-1.381,-1.6905,-2.2381,-2.0198,-0.7183,-0.8968,-2.9246,-1.9127,-1.4206
trpos2840.txt_allergen_3213,-0.5195,-1.6641,-1.3633,-1.9922,-2.5352,-1.4336,-1.918,-1.2734,-2.1406,-1.9375,-1.8867,-1.5,-1.5352,-2.082,-2.1719,-0.6328,-0.8711,-3.0156,-1.9453,-1.4297
trpos2840.txt_allergen_999,-0.8509,-1.6584,-1.0807,-2.0124,-2.5404,-1.118,-1.7019,-1.9379,-1.5093,-1.8385,-2.0621,-1.2298,-1.6087,-2.0745,-2.0745,-0.559,-1.0745,-2.4845,-1.1056,-1.2795
trpos2840.txt_allergen_3477,-0.3841,-1.3478,-0.7899,-1.2029,-1.7681,-0.8551,-0.913,-1.2609,-1.3333,-1.6522,-1.6087,-0.9493,-1.2029,-1.6957,-1.6087,-0.0797,-0.1667,-2.3986,-1.3116,-1.3623
trpos2840.txt_allergen_3070,-1.106,-1.3825,-1.2258,-1.3364,-2.6037,-1.3779,-1.106,-1.6129,-1.8157,-1.2212,-1.2673,-1.1613,-1.6636,-1.2857,-1.4608,-0.659,-0.8664,-2.9677,-1.47,-0.8571
trpos2840.txt_allergen_2775,-1.1349,-1.3581,-1.2744,-1.5209,-2.2558,-0.7767,-1.0605,-2.0837,-1.2791,-1.6279,-1.4791,-1.1256,-1.0605,-1.6605,-1.8977,-0.7767,-1.0186,-2.7302,-1.3349,-1.4977
trpos2840.txt_allergen_3447,-0.7778,-1.2341,-0.6786,-1.5992,-1.8492,-0.9563,-1.2817,-1.496,-1.369,-1.7698,-1.8333,-0.9524,-1.4444,-2.0754,-1.6429,-0.5198,-0.8016,-2.0952,-1.1627,-1.3849
trpos2840.txt_allergen_2092,-0.7212,-1.8977,-0.5652,-1.1918,-2.4757,-1.3171,-1.5601,-0.9054,-1.7801,-1.1995,-1.8338,-1.0614,-1.6138,-1.9284,-2.2097,-0.2916,-0.3325,-2.977,-1.844,-0.9949
trpos2840.txt_allergen_2837,-0.7952,-1.4714,-0.7524,-1.6286,-2.0762,-1.0286,-1.4095,-1.7381,-1.4333,-1.8286,-1.7333,-0.9286,-1.481,-2.0286,-1.6857,-0.4571,-0.9619,-2.4619,-1.2667,-1.3476
trpos2840.txt_allergen_863,-1.0734,-1.7706,-1.4771,-0.8257,-2.7615,-1.2385,-0.5046,-2.5321,-1.789,-1.8716,-1.6789,-0.7798,-0.5138,-1.7798,-3.0183,-1.2385,-1.2569,-3.5688,-2.3028,-1.633
trpos2840.txt_allergen_3501,-0.4015,-1.4088,-0.8175,-1.1022,-1.781,-0.8321,-0.9197,-1.1241,-1.2628,-1.6204,-1.6423,-0.927,-1.2336,-1.6204,-1.6277,-0.1168,-0.2774,-2.4307,-1.2409,-1.2482
trpos2840.txt_allergen_43,-0.6075,-0.8598,-0.7944,-0.9626,-1.7477,-0.352,-0.405,-1.7259,-1.1153,-1.324,-1.19,-0.2835,-0.704,-1.4829,-1.433,-0.3551,-0.6386,-2.2835,-1.1059,-0.9813
trpos2840.txt_allergen_1918,-0.7566,-2.0987,-1.0855,-1.5066,-2.9145,-1.6579,-1.5855,-0.9671,-1.5461,-1.9342,-2.0197,-1.3882,-1.9868,-2.6382,-1.8224,-1.0066,-0.8289,-3.75,-2.4605,-1.4671
trpos2840.txt_allergen_2204,-0.6495,-1.4133,-0.5048,-0.8438,-2.661,-1.0629,-1.2286,-1.1067,-1.1867,-1.461,-1.48,-1.3257,-1.3657,-1.2819,-1.819,-0.5962,-0.7029,-1.5276,-0.8686,-1.3295
trpos2840.txt_allergen_2388,-1.4279,-1.6269,-1.1144,-1.7861,-3.0945,-1.2388,-1.6318,-2.2537,-1.0697,-1.3284,-1.3483,-1.408,-1.209,-1.9801,-2.408,-0.7264,-0.9005,-3.3383,-1.5821,-1.2289
trpos2840.txt_allergen_936,-1.4846,-1.4553,-1.2299,-1.325,-3.1508,-1.1464,-1.1713,-2.5827,-0.8448,-1.6003,-1.5622,-1.2035,-1.0469,-1.3236,-2.3411,-1.2694,-1.1625,-2.9224,-0.7467,-1.2064
trpos2840.txt_allergen_715,-1.039,-1.1299,-1.1104,-0.5779,-1.8247,-0.6623,-0.3571,-1.9675,-0.8961,-1.3961,-1.2922,-0.3442,-0.1948,-1.1494,-2.5909,-0.9286,-0.9416,-2.7403,-1.3961,-1.4481
trpos2840.txt_allergen_471,-0.9779,-1.1691,-0.875,-1.2279,-1.7426,-0.9706,-1,-1.6471,-1.0588,-1.75,-1.6838,-0.8676,-1.1838,-1.6618,-1.8897,-0.5368,-0.6912,-2.2574,-1.1397,-1.5294
trpos2840.txt_allergen_2208,-0.6476,-1.4095,-0.5067,-0.8324,-2.6648,-1.0648,-1.2133,-1.1162,-1.1714,-1.4476,-1.4686,-1.3219,-1.3771,-1.2667,-1.8038,-0.5886,-0.6914,-1.4724,-0.861,-1.3295
trpos2840.txt_allergen_1910,-0.75,-2.1118,-1.1118,-1.5197,-2.9079,-1.6513,-1.5658,-0.9671,-1.5658,-1.8684,-2.0329,-1.3684,-2.0066,-2.6447,-1.8092,-0.9671,-0.8026,-3.75,-2.4539,-1.4737
trpos2840.txt_allergen_1387,-0.4096,-0.9096,-1.753,-1.6807,-1.9157,-0.6566,-1.3735,-1.3193,-1.747,-1.7349,-1.3253,-1.5181,-1.1807,-2.1325,-1.2108,-0.6145,-0.8313,-2.3916,-1.6386,-0.9759
trpos2840.txt_allergen_91,-0.8204,-1.5243,-1.3786,-1.7184,-2.3738,-1.0485,-1.0049,-2.2961,-1.1068,-1.3252,-1.0243,-0.932,-0.6893,-1.2913,-2.0146,-1.3058,-1.2864,-2.5922,-1.0728,-1.1117
trpos2840.txt_allergen_1770,-0.487,-1.632,-1.3309,-1.9777,-2.5799,-1.5056,-1.881,-1.2119,-2.0595,-1.8773,-1.9814,-1.4052,-1.4833,-2.2193,-2.0669,-0.7026,-0.7546,-2.8662,-1.974,-1.3494
trpos2840.txt_allergen_2002,-0.8175,-1.3004,-0.5095,-1.4487,-1.8517,-0.9772,-1.2928,-1.5779,-1.4639,-1.635,-1.749,-0.8289,-1.4753,-1.9696,-1.597,-0.4563,-0.7224,-2.346,-1.1483,-1.3688
trpos2840.txt_allergen_2716,-0.4821,-1.3839,-1.3214,-1.6161,-1.8929,-0.7679,-0.7857,-1.7857,-1.5,-1.0268,-0.8036,-0.8125,-0.4911,-1.5982,-1.7054,-0.5357,-0.2679,-2.4554,-1.2589,-0.625
trpos2840.txt_allergen_751,-0.6038,-1.4434,-1.1981,-1.1226,-2.4858,-0.9104,-1.0189,-1.6651,-1.4198,-0.9953,-1.1132,-0.6745,-0.7925,-1.7358,-2.0236,-0.8302,-0.7123,-2.9717,-1.7594,-0.7972
trpos2840.txt_allergen_1635,-1.089,-1.7799,-1.2998,-1.6651,-2.7143,-1.2225,-1.3185,-2.4731,-1.4965,-1.37,-1.082,-1.0422,-0.9461,-1.6511,-2.3583,-0.7002,-0.7307,-3.3841,-1.9087,-1.1452
trpos2840.txt_allergen_1785,-0.3817,-2.1145,-1.4504,-1.9466,-2.3359,-1.0916,-1.6718,-1.1527,-2.2443,-1.6718,-1.7863,-1.2137,-1.4885,-2.3282,-2.5573,-0.8244,-0.7863,-3.5267,-2.0611,-1.2137
trpos2840.txt_allergen_1036,-0.7667,-1.16,-1.0133,-1.1533,-2.2133,-0.82,-0.6733,-1.6933,-1.6667,-1.5267,-1.62,-0.46,-1.3933,-2.0733,-1.5667,-0.5667,-0.5733,-3,-1.7533,-1.0667
trpos2840.txt_allergen_1299,-0.9444,-1.3194,-1.1204,-1.3657,-2.7083,-1.338,-1.1944,-1.5694,-1.8056,-1.412,-1.3981,-1.2593,-1.6806,-1.4861,-1.5833,-0.5139,-0.6713,-3.0185,-1.6065,-1.0324
trpos2840.txt_allergen_79,-0.1518,-1.1518,-1.375,-1.3839,-1.6071,-0.6607,-0.6964,-1.625,-1.7411,-0.7946,-0.8393,-0.4911,-0.4911,-1.8125,-1.1786,-0.5268,-0.4911,-2.5804,-1.6964,-0.3571
trpos2840.txt_allergen_3389,-0.7655,-1.2138,-0.9586,-1.0828,-2.2138,-0.8966,-0.6828,-1.6621,-1.6897,-1.4207,-1.6069,-0.531,-1.3862,-2.1103,-1.4828,-0.6276,-0.5793,-3.0276,-1.7655,-1.0483
trpos2840.txt_allergen_146,-0.104,-1.3871,-0.6457,-1.0178,-2.3721,-1.0602,-1.1149,-0.9631,-1.7606,-1.212,-1.409,-0.9425,-1.2969,-1.7497,-1.5636,0.0246,-0.2982,-2.4282,-1.2914,-0.7332
trpos2840.txt_allergen_10,-0.8146,-0.5056,-1.2697,-1.3989,-1.9438,0.2697,-0.5112,-1.7079,-1.3427,-1.5618,-1.3258,-0.8483,-0.8596,-1.8371,-1.3315,-0.5899,-0.9607,-2.4494,-1.6517,-1.3034
trpos2840.txt_allergen_1116,-0.6984,-0.8413,-0.9365,-1.0952,-2.0317,-0.5238,-0.3095,-1.9524,-1.3413,-1.4921,-1.3413,-0.2857,-1.0873,-2.0794,-1.619,-0.6349,-0.4603,-2.5079,-1.4127,-1.246
trpos2840.txt_allergen_2589,-0.9167,-0.75,-1.0833,-1.1667,-1.4167,-0.8333,-1,-1.5833,-1.75,-2.1667,-1.75,-0.25,-1.25,-2.4167,-0.4167,-0.5833,-0.1667,-1.75,-1.9167,-1.6667
trpos2840.txt_allergen_3010,-0.6299,-1.0714,-1.3442,-1.7468,-1.9416,0.2987,-0.9221,-1.7273,-1.4935,-1.1169,-0.9545,-1.039,-0.539,-1.526,-0.8961,-0.5455,-0.5714,-2.474,-1.3701,-0.7987
trpos2840.txt_allergen_2312,0.0621,-2.1517,-1.5448,-1.4138,-2.869,-1.3103,-1.4414,-1.8276,-0.9517,-1.6414,-1.2207,-0.8966,-1.3448,-1.8414,-2.7103,-0.9586,-1.0276,-3.731,-2.2069,-0.9793
trpos2840.txt_allergen_1667,-0.7102,-1.0114,-0.5739,-1.0341,-2.1307,-0.5966,-0.7273,-1.358,-0.8977,-1.6875,-1.7443,-0.5114,-1.2102,-1.8466,-1.1193,-0.3807,-0.5455,-2.4602,-1.2898,-1.4375
trpos2840.txt_allergen_3160,-0.3388,-0.8099,-1.9917,-1.843,-1.9587,-0.6942,-1.2066,-1.8512,-2.0165,-1.6198,-1.3719,-1.4298,-1.1322,-2.2727,-1.5289,-0.5868,-0.9008,-2.7107,-1.8678,-0.8595
trpos2840.txt_allergen_1789,-0.4351,-2.1603,-1.4885,-1.9008,-2.3282,-1.1298,-1.7023,-1.1374,-2.1985,-1.6947,-1.855,-1.2595,-1.5191,-2.313,-2.4962,-0.7939,-0.7634,-3.5267,-2.084,-1.2595
trpos2840.txt_allergen_1888,-0.8834,-1.7623,-0.7892,-1.5336,-2.3543,-1.2825,-1.3722,-1.4395,-1.722,-1.6592,-2.0583,-1.1973,-1.574,-2.1345,-2.4081,-0.574,-1.0135,-2.7623,-1.3094,-1.2735
trpos2840.txt_allergen_3424,-1.297,-1.3195,-0.4511,-0.9699,-2.703,-0.8158,-0.6842,-1.8308,-1.312,-1.1917,-1.3496,-0.3571,-1.2068,-1.4098,-1.9887,-0.5338,-0.6278,-2.7556,-1.0188,-1.2895
trpos2840.txt_allergen_299,-0.9872,-0.869,-1.1534,-0.9521,-2.476,-0.5974,-0.5176,-1.9521,-1.2907,-1.3323,-1.0575,-0.6038,-0.6709,-1.2332,-2.1278,-0.8626,-0.7604,-2.6901,-1.4249,-1.23
trpos2840.txt_allergen_828,-1.1905,-1.5476,-1.6548,-0.869,-3.119,-1.1071,-0.631,-2.5476,-1.9762,-1.8452,-1.5952,-0.5238,-0.131,-2.0119,-3.3333,-1.2857,-1.3095,-3.6548,-2.2024,-1.7262
trpos2840.txt_allergen_1991,-0.6033,-1.073,-0.8774,-1.1047,-2.7782,-0.9587,-1.1116,-1.259,-1.3719,-1.2645,-1.2879,-0.9518,-1.2975,-1.4022,-1.6061,-0.197,-0.5152,-2.4545,-0.978,-0.9972
trpos2840.txt_allergen_2982,-0.3377,-1.7061,-1.2456,-1.9079,-2.4693,-1.4868,-1.9868,-1.0132,-1.9167,-1.9605,-2.0263,-1.5088,-1.5088,-2.1842,-2.0263,-0.5614,-0.7544,-2.9342,-1.943,-1.3772
trpos2840.txt_allergen_2950,-0.4403,-2.1269,-1.5,-1.8731,-2.209,-1.1045,-1.7015,-1.1343,-2.2015,-1.6418,-1.7985,-1.2687,-1.403,-2.2985,-2.5522,-0.8806,-0.7761,-3.4627,-2.097,-1.209
trpos2840.txt_allergen_3056,-0.4569,-1.4633,-1.1565,-1.5399,-2.1182,-1.2109,-1.5974,-1.1086,-1.8275,-1.7604,-1.754,-1.2907,-1.4601,-1.9521,-1.9073,-0.5016,-0.7923,-2.5719,-1.6486,-1.2971
trpos2840.txt_allergen_2871,-1.0465,-1.4535,-1.6047,-0.9535,-2.9186,-1.093,-0.5465,-2.4535,-1.907,-1.7093,-1.3837,-0.5698,-0.3953,-1.9302,-3.5233,-1.2093,-1.4186,-3.8605,-2.1977,-1.9535
trpos2840.txt_allergen_1508,0.7245,-1.2679,-1.234,-1.434,-1.9245,-0.8264,-0.7585,-1.2038,-1.5208,-1.5019,-1.6868,-0.6189,-1.2679,-2.0491,-1.0075,-0.0075,-0.1321,-2.5849,-1.5623,-0.8453
trpos2840.txt_allergen_1479,-0.2641,0.2289,-0.4683,-0.6056,-3.4859,1.243,1.6796,-3.088,-1.1021,-1.7148,-0.6655,1.162,-0.8944,-3.3627,-4.0211,-0.6408,-0.8556,-4.4296,-2.7887,-1.7606
trpos2840.txt_allergen_927,-0.7244,-1.4178,-0.8311,-1.6578,-2.2978,-1,-1.3822,-1.5556,-1.48,-1.6889,-1.8444,-0.8889,-1.5067,-2.0578,-1.6667,-0.5511,-0.8489,-2.4089,-1.2,-1.2667
trpos2840.txt_allergen_2595,-0.5833,-2.1944,-1.5278,-1.25,-2.8333,-1.5,-0.8611,-1.8611,-2.0278,-2.1667,-2.3333,-0.6944,-1.9167,-2.1944,-2.9167,-0.9167,-1.25,-3.5,-1.8333,-1.8889
trpos2840.txt_allergen_2806,-0.5877,-1.5088,-1.4825,-1.8596,-2.5439,-1.0439,-1.2281,-1.2456,-2.1754,-1.5175,-1.5614,-1.1667,-1.0526,-2.4123,-1.7544,-0.8421,-0.6842,-3.2193,-2.2193,-0.9123
trpos2840.txt_allergen_421,-0.7275,-1.6458,-0.6866,-1.3161,-2.485,-1.3379,-1.6376,-1.2262,-1.5422,-1.3297,-1.8392,-1.1689,-1.545,-1.9564,-2.2861,-0.327,-0.5995,-2.6621,-1.4632,-1.2343
trpos2840.txt_allergen_1326,-0.7,-1.45,-0.35,-1.6,-1.65,-1.15,-1.1,-1.1,-0.9,-1.45,-1.5,-1.05,-1.2,-1.1,-1.25,-0.35,-0.6,-2.45,-1.1,-1.15
trpos2840.txt_allergen_1674,-1.0871,-1.4382,-1.236,-1.2781,-2.5281,-1.0562,-0.9326,-2.014,-1.6573,-1.3904,-1.1938,-0.7978,-1.2893,-2.0056,-2.2809,-0.8736,-1,-3.1938,-1.8708,-1.2669
trpos2840.txt_allergen_1739,-0.4351,-2.1985,-1.5038,-1.9008,-2.2977,-1.145,-1.687,-1.1374,-2.2061,-1.7176,-1.8244,-1.2672,-1.4809,-2.3588,-2.5496,-0.8168,-0.7786,-3.5267,-2.1298,-1.229
trpos2840.txt_allergen_1063,-0.1049,-1.4177,-1.6193,-1.6481,-2.3663,-1.1749,-1.2654,-1.714,-1.677,-1.3107,-1.4609,-1.3395,-1.286,-2.216,-2.2593,-0.9979,-0.8951,-3.0967,-2.0597,-0.9115
trpos2840.txt_allergen_1638,0.1478,-1.7652,-1.4174,-2.4957,-1.9043,-1.7217,-2.3652,-1.713,-2.6783,-1.713,-1.5913,-1.4174,-1.2174,-2.8783,-1.7826,-0.4435,-0.6522,-4.1304,-2.7043,-1.0435
trpos2840.txt_allergen_444,0.7855,-1.2046,-1.4026,-1.5281,-1.9736,-0.9373,-0.9802,-1.1254,-1.6205,-1.5116,-1.637,-0.7096,-1.2376,-2.0429,-0.8845,-0.0561,-0.132,-2.571,-1.6139,-0.8086
trpos2840.txt_allergen_680,-0.4662,-2.0602,-1.5113,-1.9023,-2.2782,-1.1805,-1.782,-1.1504,-2.1278,-1.6917,-1.8045,-1.3308,-1.5038,-2.3459,-2.5188,-0.8271,-0.8195,-3.5714,-2.1579,-1.2481
trpos2840.txt_allergen_3068,-0.4126,-0.958,-1.965,-1.7552,-1.7832,-0.7692,-1.2308,-1.5804,-2,-1.6573,-1.2098,-1.5175,-1.0979,-2.035,-1.4406,-0.7552,-0.8601,-2.5664,-1.8671,-0.7972
trpos2840.txt_allergen_397,-0.5278,-1.2315,-1.2269,-1.0787,-2.3333,-0.8287,-0.7685,-1.8519,-1.3611,-0.8565,-0.9861,-0.625,-0.6991,-1.7407,-1.7639,-0.7454,-0.6806,-2.8194,-1.6019,-0.7315
trpos2840.txt_allergen_3120,-1.1686,-2.064,-1.5465,-1.186,-2.9535,-1.3547,-0.75,-2.1105,-2.1453,-1.6744,-1.8721,-0.8953,-1.4651,-2.093,-2.6279,-1.2791,-1.2384,-3.3605,-1.8837,-1.2267
trpos2840.txt_allergen_2442,-1.4,-1.5,-1.82,-1.66,-2.84,-0.54,-1.16,-2.48,-2.04,-1.58,-1.58,-1.18,-0.78,-1.86,-2.4,-1.32,-1.42,-3.2,-1.74,-1.46
trpos2840.txt_allergen_2431,-0.3275,0.3063,-0.4507,-0.6232,-3.5106,1.3486,1.7359,-3.088,-1.1127,-1.7077,-0.6268,1.1268,-0.8662,-3.4789,-4.0528,-0.6373,-0.8239,-4.5951,-2.9225,-1.6373
trpos2840.txt_allergen_2088,-0.2404,-1.2021,-0.8676,-0.9861,-2.0488,-0.446,-0.453,-0.007,-1.5575,-1.4808,-1.547,-0.7178,-1.3693,-2.2439,0.0871,0.122,-0.5889,-2.5505,-2.0105,-1.0697
trpos2840.txt_allergen_175,-0.4656,-2.2061,-1.5115,-1.9237,-2.3359,-1.0687,-1.7023,-1.1527,-2.1908,-1.687,-1.8702,-1.2901,-1.4962,-2.3817,-2.6031,-0.8397,-0.7786,-3.542,-2.0763,-1.2137
trpos2840.txt_allergen_1005,-0.4211,-1.5827,-1.3158,-1.9248,-2.5226,-1.5,-1.8421,-1.0677,-2.0226,-1.9624,-1.9925,-1.3835,-1.5639,-2.203,-2.0263,-0.6692,-0.7519,-2.891,-1.9737,-1.4211
trpos2840.txt_allergen_2532,0.1667,-1.0833,-0.5833,-1.2917,-1.5,-1,-1.0833,-1.6667,-1.75,-1.1667,-1.2083,-0.9583,-1,-2.2917,0.2917,0.25,1,-2.75,-2.0833,-0.5417
trpos2840.txt_allergen_3261,-0.8223,-1.5331,-0.8099,-1.6736,-2.0744,-0.9545,-1.4421,-1.876,-1.5702,-1.8884,-1.9256,-0.9504,-1.6116,-2.124,-1.8182,-0.5083,-0.9339,-2.6364,-1.3017,-1.5248
trpos2840.txt_allergen_2423,-0.9048,-1.2313,-1.6803,-1.1701,-2.4626,-1.1633,-0.6735,-2.1497,-2.034,-1.6259,-1.5102,-0.4354,-1.449,-2.0408,-2.1973,-0.7415,-0.7823,-3.0068,-1.8912,-1.034
trpos2840.txt_allergen_3459,-0.7429,-2.1619,-0.9762,-1.7905,-3.1857,-1.1476,-1.2857,-2.1,-1.6048,-1.8905,-1.6286,-1.0571,-1.9286,-2.081,-2.6476,-1.2857,-1.2714,-2.9238,-1.9381,-1.6905
trpos2840.txt_allergen_394,-0.4867,-1.5589,-1.308,-1.9163,-2.3992,-1.4715,-1.8593,-1.1369,-2.0228,-1.9049,-1.9202,-1.3802,-1.5247,-2.1255,-2.0152,-0.654,-0.8517,-2.8669,-1.8821,-1.3498
trpos2840.txt_allergen_790,-0.3696,-1.5326,-1.1196,-2.3913,-2.0978,-1.6304,-2.4457,-1.6087,-2.7935,-1.913,-1.8913,-1.3043,-1.8478,-3.0652,-1.8478,-0.3913,-0.6196,-4.0978,-2.8478,-1.4674
trpos2840.txt_allergen_651,-0.6096,-1.9315,-1.411,-1.5822,-2.1164,-1.0479,-1.2808,-1.9726,-1.9726,-0.9658,-1.411,-0.6849,-1.4247,-2.2534,-1.863,-0.8151,-0.5479,-3.2945,-2.0959,-0.4452
trpos2840.txt_allergen_2744,-0.6004,-1.2471,-1.0676,-1.5232,-2.2896,-1.0637,-1.027,-1.4614,-1.6081,-1.1544,-1.0232,-1.0541,-1.0714,-1.5927,-1.8649,-0.583,-0.6448,-2.5425,-1.4691,-0.8571
trpos2840.txt_allergen_28,0.0795,-2.1325,-1.4503,-1.3775,-2.894,-1.2252,-1.2252,-1.7616,-0.8874,-1.6689,-1.2583,-0.7881,-1.3576,-1.947,-2.4901,-0.8742,-1,-3.4768,-2.2914,-0.9669
trpos2840.txt_allergen_2351,-0.6087,-1.3416,-1.236,-1.3851,-1.9441,-1.0683,-0.9068,-1.8137,-1.7826,-1.3354,-1.3602,-0.7391,-1.2236,-1.8571,-1.764,-0.6522,-0.6335,-3.0248,-1.6522,-0.9068
trpos2840.txt_allergen_403,-0.4089,-1.6133,-1.1556,-1.7867,-1.7867,-1.1778,-1.6933,-1.1778,-1.6889,-1.7956,-1.7911,-1.4311,-1.5689,-1.8844,-1.5378,-0.3422,-0.4267,-2.7289,-1.8222,-1.3467
trpos2840.txt_allergen_1452,-0.7623,-1.6148,-1.2459,-2.1066,-3.1475,-1.0984,-1.6393,-1.4426,-2.2213,-1.8033,-1.9672,-1.2049,-1.5328,-2.2869,-2.3689,-0.5574,-0.8525,-2.623,-1.9754,-1.0656
trpos2840.txt_allergen_2021,-1.0367,-1.5963,-1.5596,-0.8257,-2.6789,-1.1835,-0.4954,-2.3211,-1.8899,-1.7706,-1.4771,-0.7615,-0.4862,-1.6972,-2.9174,-1.2477,-1.3119,-3.5505,-2.2569,-1.4679
trpos2840.txt_allergen_2987,-0.5588,-1.6681,-1.4034,-2.084,-2.4496,-1.458,-2.0336,-1.1471,-2.1008,-1.7773,-1.979,-1.4244,-1.5714,-2.0588,-2.2101,-0.6807,-0.7521,-2.8613,-1.7857,-1.2353
trpos2840.txt_allergen_2519,-0.5446,-0.6339,-1.0268,-0.7857,-3.2946,0.2679,0.7589,-2.6161,-2.1607,-1.9375,-1.5179,0.0982,-1.625,-3.0982,-3.0357,-0.7768,-1,-3.7946,-2.4286,-1.5893
trpos2840.txt_allergen_3096,-1.5317,-1.7937,-1.1825,-1.5635,-3.0317,-1.1825,-0.7778,-2.1825,-2.1111,-1.5397,-2.0317,-0.3413,-1.4921,-2.1508,-3.0556,-0.9286,-0.2937,-3.2302,-2.1508,-0.8968
trpos2840.txt_allergen_2661,-1.3101,-1.3256,-1.0233,-1.4729,-2.7442,-1.3488,-1.5504,-1.9922,-1.5504,-2.1318,-2.0853,-0.9767,-1.8605,-2.5349,-2.8527,-1.0233,-1.2326,-2.9845,-1.907,-1.9535
trpos2840.txt_allergen_879,-0.8153,-2.1529,-1.3439,-1.3949,-2.8025,-1.5096,-0.8917,-1.6433,-1.0637,-1.1338,-1.6879,-0.7643,-1.4777,-2.0191,-2.0701,-0.7962,-0.6688,-3.2229,-1.9745,-0.9809
trpos2840.txt_allergen_104,0.7611,-2.2389,-1.8053,-1.2389,-2.7168,-1.4248,-0.5133,-1.0885,-2.4602,-2.2478,-2.0442,-0.9292,-1.7434,-3,-1.6637,-0.3628,-1.1239,-3.7168,-2.7699,-1.292
trpos2840.txt_allergen_2520,-0.5128,-0.6752,-1.1026,-0.9573,-3.1197,0.2051,0.8462,-2.5641,-2.094,-1.9744,-1.5385,0.0342,-1.5812,-3.1368,-3.1026,-0.8462,-0.7949,-3.7778,-2.5897,-1.6496
trpos2840.txt_allergen_277,-0.755,-1.5695,-0.6126,-1.1424,-2.596,-1.0132,-1.2781,-1.3146,-1.4901,-1.6556,-1.6722,-1,-1.3841,-1.3411,-1.798,-0.1589,-0.2483,-1.9868,-1.0132,-1.3079
trpos2840.txt_allergen_2213,0.0593,-1.7373,-1.2881,-2.5339,-1.9068,-1.6864,-2.322,-1.5847,-2.7203,-1.6949,-1.5424,-1.5169,-1.0254,-2.822,-1.9661,-0.4746,-0.7373,-3.8898,-2.7034,-1.0085
trpos2840.txt_allergen_1776,-0.662,-2,-1.3451,-1.6408,-2.2183,-1.1761,-1.2746,-2.0986,-2.0141,-0.9366,-1.4648,-0.7324,-1.5211,-2.2535,-1.9296,-0.7606,-0.5423,-3.3028,-2.0704,-0.5141
trpos2840.txt_allergen_2048,-0.7468,-2.1688,-1.3831,-1.5065,-2.8247,-1.5649,-0.8506,-1.5584,-1.0584,-1.1429,-1.6818,-0.7273,-1.5584,-2.026,-2.1299,-0.7857,-0.6169,-3.2922,-1.8766,-0.9286
trpos2840.txt_allergen_3128,-0.1373,0.2148,-0.4648,-0.7007,-3.6549,1.2606,1.7641,-3.0106,-1.2324,-1.7676,-0.7465,1.1831,-0.9155,-3.5986,-4.0141,-0.6338,-0.831,-4.5634,-3.0458,-1.75
trpos2840.txt_allergen_1021,-0.4286,-2.1579,-1.4436,-1.8947,-2.2707,-1.1353,-1.6917,-1.1654,-2.188,-1.6541,-1.812,-1.2707,-1.4812,-2.3083,-2.5489,-0.8195,-0.7444,-3.4662,-2.0451,-1.1729
trpos2840.txt_allergen_1298,-0.9341,-1.8095,-0.7985,-1.3919,-2.989,-1.4579,-1.5568,-2.0293,-1.9634,-1.4469,-1.6447,-1.3773,-1.9011,-1.7546,-1.9487,-0.2271,-0.2711,-2.978,-1.6337,-1.1245
trpos2840.txt_allergen_849,-0.406,-2.1203,-1.4436,-1.9398,-2.2857,-1.0752,-1.7068,-1.1353,-2.1579,-1.6692,-1.8421,-1.2556,-1.4812,-2.3083,-2.4962,-0.8271,-0.7669,-3.4436,-2.0226,-1.1729
trpos2840.txt_allergen_2190,-1.3046,-1.523,-1.3218,-1.4828,-3.2069,-1.1207,-0.7759,-2.2816,-1.4943,-1.3333,-1.2931,-0.6782,-1.2701,-1.7701,-2.3333,-0.9828,-0.6034,-3.523,-1.7011,-0.9828
trpos2840.txt_allergen_379,-0.99,-1.5282,-0.9635,-1.5482,-2.3588,-1.1362,-1.3322,-1.8472,-1.691,-1.5382,-1.5216,-1.0365,-1.3787,-1.9003,-1.9601,-0.701,-0.794,-3.1262,-1.6279,-1.3522
trpos2840.txt_allergen_3001,-1.2474,-1.7191,-1.3325,-1.6598,-2.9768,-1.2809,-1.3325,-2.5387,-1.6134,-1.4536,-1.2861,-0.9562,-1.0077,-1.7732,-2.4716,-0.7964,-0.7861,-3.6314,-1.9227,-1.25
trpos2840.txt_allergen_478,-0.8679,-2.0755,-1.2201,-1.3082,-2.8491,-1.4591,-0.8428,-1.5723,-1,-1.1572,-1.5912,-0.7358,-1.4969,-1.9308,-1.9497,-0.8176,-0.6038,-3.1447,-1.8176,-0.956
trpos2840.txt_allergen_327,-1.1111,-1.4023,-1.3448,-1.8966,-2.6552,-1.2797,-1.8123,-1.9693,-1.5211,-1.567,-1.5517,-1.4291,-1.6667,-1.9808,-1.9579,-0.7548,-0.8812,-2.7203,-1.7241,-1.0345
trpos2840.txt_allergen_2192,0.1074,-1.3963,-1.1667,-1.5593,-2.4815,-0.4963,-0.8815,-1.5407,-1.9704,-1.7667,-1.8259,-0.8704,-1.6778,-2.6037,0.6704,0.2889,0.2963,-3.1963,-2.1037,-0.9778
trpos2840.txt_allergen_2263,-0.4308,-2.1231,-1.5769,-1.9692,-2.3692,-1.1154,-1.7538,-1.0769,-2.2231,-1.6846,-1.8923,-1.2615,-1.6077,-2.3308,-2.5615,-1.0231,-0.9,-3.6846,-2.1154,-1.2769
trpos2840.txt_allergen_1040,-0.7966,-0.9746,-1.1864,-1.322,-2.8305,-0.7542,-0.6356,-2.4915,-1.3051,-1.3814,-1.0678,-0.7458,-0.8898,-1.5339,-1.8559,-1,-0.9915,-2.5339,-1.1271,-1.2203
trpos2840.txt_allergen_559,0.7535,-1.2958,-1.3028,-1.4718,-1.9613,-0.8592,-0.7782,-1.0423,-1.5704,-1.4401,-1.6092,-0.6338,-1.257,-1.9542,-0.7958,-0.007,-0.1514,-2.5106,-1.5563,-0.7817
trpos2840.txt_allergen_2109,-0.1569,-1.3922,-0.8431,-2.2941,-1.7255,-1.5882,-2.2941,-1.0588,-2.549,-2.0196,-2.1569,-1.1765,-2.0392,-3.1961,-1.3922,-0.2157,-0.8431,-3.9216,-2.7451,-1.5686
trpos2840.txt_allergen_19,-0.7812,-2.1375,-1.2688,-1.425,-2.8312,-1.5125,-0.8875,-1.6375,-1.1125,-1.2437,-1.6438,-0.7562,-1.55,-1.9812,-2.0062,-0.8,-0.625,-3.275,-1.8562,-0.9875
trpos2840.txt_allergen_2815,-0.5018,-1.4579,-1.2418,-1.8535,-2.4652,-1.337,-1.7839,-1.1868,-1.8755,-1.8608,-1.8425,-1.2894,-1.4322,-2.0366,-2.022,-0.6557,-0.8571,-2.7473,-1.8608,-1.348
trpos2840.txt_allergen_1927,-0.3969,-2.1985,-1.5038,-1.8931,-2.3664,-1.1221,-1.7176,-1.1527,-2.2137,-1.7099,-1.8702,-1.2519,-1.5496,-2.3282,-2.5496,-0.8321,-0.7481,-3.5573,-2.1145,-1.2061
trpos2840.txt_allergen_3428,-0.8306,-1.405,-0.8099,-1.719,-2.1405,-0.9793,-1.4628,-1.814,-1.6488,-1.7479,-1.6777,-0.9545,-1.4669,-1.9669,-1.7273,-0.5,-0.9008,-2.376,-1.1736,-1.376
trpos2840.txt_allergen_362,-0.7066,-1.8743,-1.4012,-1.0838,-2.8922,-1.3293,-1.1138,-1.7485,-1.976,-0.9521,-1.1437,-0.8802,-1.515,-1.4491,-1.9341,-0.9341,-0.8623,-3.2335,-1.8683,-0.8563
trpos2840.txt_allergen_772,0.0467,-0.8533,-1,-0.78,-2.2333,-0.1733,-0.2867,-1.6867,-1.24,-1.4533,-1.4133,-0.4133,-0.8333,-1.8867,-1.0467,-0.2933,-0.5133,-2.76,-1.5467,-0.9733
trpos2840.txt_allergen_3301,-0.7048,-1.3524,-1.7714,-1.981,-1.9143,-1.2667,-1.5714,-1.819,-1.9048,-1.7714,-0.9333,-1.8095,-0.9048,-1.4095,-1.7048,-0.8095,-1.181,-2.4286,-1.2857,-1.1429
trpos2840.txt_allergen_1555,0.777,-1.3171,-1.2927,-1.4355,-1.9477,-0.8467,-0.7666,-1.0314,-1.5679,-1.439,-1.6341,-0.6307,-1.2787,-1.9826,-0.7422,0.0105,-0.1429,-2.561,-1.5296,-0.777
trpos2840.txt_allergen_307,-0.6328,-1.8531,-1.209,-1.1299,-2.8023,-1.4124,-1.0056,-1.4689,-1.8983,-1.1017,-1.2147,-0.8023,-1.6045,-1.5876,-1.791,-0.7684,-0.8136,-3.0169,-1.8362,-0.678
trpos2840.txt_allergen_2080,0.094,-1.6581,-1.4615,-2.5385,-1.812,-1.6496,-2.265,-1.6667,-2.641,-1.6667,-1.4615,-1.4444,-1.0513,-2.8547,-1.9316,-0.4188,-0.7607,-3.9145,-2.7094,-1
trpos2840.txt_allergen_2864,-0.5546,-1.6807,-1.2605,-1.7731,-1.2773,-1.2017,-1.4874,-1.6303,-1.8824,-0.9496,-0.8908,-1.1429,-0.8235,-1.8655,-0.8739,-0.4958,-0.4538,-2.7899,-1.7311,-0.6639
trpos2840.txt_allergen_3149,-0.8862,-1.6168,-0.8443,-1.9581,-2.485,-1.0359,-1.6228,-1.9461,-1.4491,-1.8443,-1.8623,-1.018,-1.6287,-1.8922,-1.9102,-0.6168,-1.2395,-2.503,-1.2635,-1.2994
trpos2840.txt_allergen_1089,-0.8037,-1.5337,-0.8528,-1.7301,-2.4847,-0.9018,-1.4663,-1.8221,-1.4172,-1.7117,-1.6564,-1.0491,-1.4847,-1.8957,-1.7301,-0.546,-1.0675,-2.2945,-1.0982,-1.3067
trpos2840.txt_allergen_3263,-1.009,-1.5294,-0.7285,-1.6063,-2.1629,-0.8643,-1.4389,-1.8145,-1.5158,-2.0543,-2.1674,-0.9321,-1.7059,-2.3258,-1.8552,-0.5792,-0.9457,-2.6697,-1.3167,-1.6154
trpos2840.txt_allergen_2647,-0.4773,-1.1602,-0.9806,-1.2411,-2.4207,-1.0259,-1.2152,-1.2023,-1.2864,-1.377,-1.212,-1.2104,-1.2168,-1.3786,-1.2913,-0.61,-0.6537,-2.3544,-1.3608,-0.966
trpos2840.txt_allergen_2410,-0.651,-1.9597,-1.4631,-1.6376,-2.1477,-1.0872,-1.1812,-1.8993,-1.9933,-0.9732,-1.3624,-0.7852,-1.443,-2.2013,-1.7852,-0.7852,-0.557,-3.1007,-1.9597,-0.4497
trpos2840.txt_allergen_1710,-0.2893,-1.3223,-0.595,-0.9174,-1.5165,-0.7603,-0.8554,-0.8058,-1.2314,-1.3512,-1.3843,-1.0331,-0.8926,-1.5207,-1.5455,-0.0661,-0.4917,-2.3058,-1.3182,-1.0248
trpos2840.txt_allergen_3251,-0.6162,-1.6005,-0.9634,-1.4073,-3.0131,-1.0104,-1.423,-1.6084,-1.4909,-1.6005,-1.4047,-1.2272,-1.4987,-1.5927,-1.9974,-0.7415,-0.9765,-2.4804,-1.3916,-1.3264
trpos2840.txt_allergen_506,-0.4132,-1.562,-1.2562,-1.3554,-2.9669,-0.8926,-0.6694,-2.2066,-1.5455,-1.1653,-1.4298,-0.3884,-1.3388,-1.6033,-2.1983,-0.9587,-0.9669,-3.0992,-1.8843,-0.686
trpos2840.txt_allergen_1267,-0.7263,-1.5211,-1.2632,-1.9158,-2.4,-0.8632,-1.2895,-2.4474,-1.6263,-1.0684,-1.3421,-1.2842,-1.2105,-1.9526,-0.4632,-0.6368,-0.4211,-3.0158,-1.5105,-0.7789
trpos2840.txt_allergen_3220,-0.8598,-1.622,-0.8963,-1.9451,-2.4695,-1.0549,-1.6585,-1.9634,-1.4573,-1.9146,-1.9146,-1.1159,-1.5183,-1.939,-1.872,-0.622,-1.1585,-2.5549,-1.1951,-1.4207
trpos2840.txt_allergen_2416,-0.9319,-0.6021,-0.7085,-1.483,-2.5468,-0.3255,-0.7213,-1.6617,-1.3128,-1.5979,-1.5,-1.0234,-1.5574,-1.6298,-1.7979,-0.5362,-0.9851,-2.8106,-1.6511,-1.2553
trpos2840.txt_allergen_3465,-0.694,-1.3362,-0.6509,-1.6078,-2.0948,-0.8836,-1.2974,-1.5819,-1.4353,-1.5776,-1.7026,-0.7802,-1.3793,-1.9828,-1.5043,-0.4957,-0.7328,-2.2888,-1.1595,-1.2328
trpos2840.txt_allergen_594,-0.3968,-0.9325,-1.0556,-1.3651,-1.6984,-0.2698,-0.7222,-1.5595,-1.2063,-1.2619,-1.1706,-0.8611,-0.7698,-1.5198,-1.2976,-0.2857,-0.5119,-2.1825,-1.123,-0.9127
trpos2840.txt_allergen_2778,-0.7368,-1.5211,-1.2474,-1.9105,-2.3895,-0.8421,-1.3,-2.4474,-1.6158,-1.0842,-1.3,-1.2789,-1.2053,-1.9105,-0.4789,-0.6368,-0.4316,-2.9789,-1.4947,-0.7632
trpos2840.txt_allergen_1615,-0.6383,-1.9645,-1.4894,-1.6525,-2.2411,-1.0993,-1.2553,-2.1206,-2.0213,-0.9574,-1.4255,-0.7518,-1.4894,-2.2128,-1.9362,-0.8014,-0.5603,-3.2695,-2.1135,-0.4823
trpos2840.txt_allergen_32,-0.8866,-1.7113,-1.0722,-1.9175,-3.299,-1.2371,-1.6598,-1.7835,-2.3608,-2.0103,-2.1546,-1.1546,-1.6495,-2.3711,-2.3402,-0.6392,-0.6186,-2.8557,-2.134,-1.2474
trpos2840.txt_allergen_2817,-0.7755,-0.8027,-1.6599,-1.898,-2.0204,0.2925,-0.9456,-1.6667,-1.7075,-1.4762,-1.3129,-1.3878,-0.7959,-2.0612,-1.7143,-0.7415,-1.2041,-2.5986,-1.8095,-1.1633
trpos2840.txt_allergen_1195,-0.5685,-1.9521,-1.3836,-1.5137,-2.1233,-1.0479,-1.2603,-1.9384,-1.9452,-0.9863,-1.4452,-0.6986,-1.3973,-2.3151,-1.863,-0.7877,-0.5068,-3.2603,-2.0479,-0.4315
trpos2840.txt_allergen_2688,-0.7025,-2.1266,-1.2468,-1.519,-2.8544,-1.4494,-1,-1.5063,-1.4304,-1.1329,-1.6582,-0.8228,-1.5253,-1.9367,-1.9177,-0.6646,-0.6139,-3.1329,-1.8544,-0.8861
trpos2840.txt_allergen_3483,-0.3723,-1.3796,-0.8175,-1.0876,-1.7591,-0.8248,-0.8905,-1.1387,-1.2555,-1.7007,-1.6934,-0.9051,-1.2774,-1.5985,-1.6423,-0.1752,-0.3942,-2.3869,-1.2117,-1.2774
trpos2840.txt_allergen_2483,-0.4054,-2.2162,-1.7027,-1.7838,-2.8108,-1.1081,-1.2432,-2.3243,-2.1081,-1.1081,-1.5135,-1.2432,-1.2973,-1.9459,-1.4054,-0.7297,-0.3514,-3.4865,-1.9459,-0.6486
trpos2840.txt_allergen_2111,-0.5915,-1.4902,-1.2582,-1.4412,-2.6013,-1.0425,-1.0817,-1.8333,-1.6667,-1.0033,-1.1601,-1.0196,-1.4444,-1.6765,-1.8007,-0.8791,-0.7549,-2.9673,-1.6275,-0.8039
trpos2840.txt_allergen_1608,-0.771,-1.1603,-0.9618,-1.0763,-2.1069,-0.9084,-0.6565,-1.6947,-1.6947,-1.4122,-1.5878,-0.5344,-1.3893,-2.0534,-1.6031,-0.6031,-0.5038,-2.9618,-1.7405,-1.1298
trpos2840.txt_allergen_481,-0.7799,-2.1258,-1.3208,-1.4717,-2.8176,-1.5031,-0.8868,-1.6038,-1.0943,-1.1824,-1.6415,-0.7233,-1.5346,-1.9874,-1.9874,-0.7736,-0.6226,-3.2138,-1.805,-0.9497
trpos2840.txt_allergen_2814,-0.782,-1.8225,-0.6629,-1.0247,-2.0944,-0.6742,-1.3011,-1.0067,-1.6584,-0.8921,-1.182,-1.2697,-1.1775,-1.1348,-1.3371,0.036,-0.1955,-2.4135,-0.7258,-0.8652
trpos2840.txt_allergen_2975,-0.3955,-2.1269,-1.4925,-1.8881,-2.1493,-1.097,-1.6716,-1.1269,-2.1866,-1.6642,-1.791,-1.2463,-1.3955,-2.2985,-2.5522,-0.8731,-0.7761,-3.4552,-2.0672,-1.1866
trpos2840.txt_allergen_3328,-0.7778,-1.5139,-0.5972,-0.9861,-1.4444,-0.5,-0.5417,-1.125,-1.3889,-2.0556,-2.125,-0.9722,-1.5556,-2.5,-1.6944,-0.375,-0.5694,-2.875,-1.9722,-1.6111
trpos2840.txt_allergen_71,-0.5411,-1.911,-1.3973,-1.5137,-2.1438,-1.0342,-1.2603,-1.8904,-1.9178,-0.9452,-1.4041,-0.6849,-1.3836,-2.3219,-1.8425,-0.7603,-0.4658,-3.2466,-2.0342,-0.4589
trpos2840.txt_allergen_898,-0.702,-1.1589,-0.947,-1.1921,-2.1987,-0.8742,-0.755,-1.5497,-1.649,-1.5497,-1.5828,-0.4503,-1.351,-2.0795,-1.6821,-0.5695,-0.5033,-2.9536,-1.7152,-1.0596
trpos2840.txt_allergen_736,0.1111,-1.5641,-1.4188,-2.5641,-1.812,-1.6752,-2.3504,-1.6667,-2.6581,-1.6667,-1.4872,-1.453,-1.2137,-2.8632,-1.8462,-0.4615,-0.7094,-3.8034,-2.7094,-1.0684
trpos2840.txt_allergen_1439,-0.4179,-2.1119,-1.4701,-1.8582,-2.1493,-1.097,-1.6716,-1.1194,-2.2015,-1.6642,-1.791,-1.2313,-1.4179,-2.3134,-2.5448,-0.8582,-0.7612,-3.4552,-2.0672,-1.209
trpos2840.txt_allergen_1778,-0.669,-2,-1.4155,-1.6549,-2.2324,-1.1338,-1.2676,-2.1479,-1.9789,-0.9296,-1.4507,-0.7254,-1.5211,-2.2746,-1.9155,-0.7746,-0.5563,-3.3099,-2.1056,-0.5211
trpos2840.txt_allergen_125,-0.8812,-1.297,-0.703,-1.5594,-2.2673,-0.8861,-1.3119,-1.5446,-1.3564,-1.9356,-2.0347,-0.6931,-1.6139,-2.0545,-1.7277,-0.5594,-0.8663,-2.396,-1.1386,-1.4257
trpos2840.txt_allergen_2787,-0.7111,-1.212,-0.8893,-1.1088,-2.4484,-0.8743,-1.2158,-1.3096,-0.8705,-1.4878,-1.0657,-1.1557,-1.2045,-1.3021,-1.1689,-0.6529,-0.7167,-1.9906,-1.0901,-1.2008
trpos2840.txt_allergen_608,-0.7625,-2.1188,-1.3062,-1.4875,-2.8125,-1.5375,-0.8375,-1.6313,-1.175,-1.1625,-1.6187,-0.7625,-1.55,-1.95,-2.025,-0.7438,-0.5938,-3.2125,-1.825,-0.9438
trpos2840.txt_allergen_181,-0.9057,-2.0377,-1.239,-1.3208,-2.8239,-1.4969,-0.8365,-1.5912,-1.0377,-1.1258,-1.6164,-0.7296,-1.5094,-1.9686,-1.9874,-0.805,-0.5975,-3.1384,-1.8176,-0.9308
trpos2840.txt_allergen_1451,-0.75,-2.2,-1.3,-1.475,-2.8188,-1.5375,-0.9375,-1.6375,-1.1125,-1.2063,-1.7437,-0.7812,-1.5938,-2.0875,-2.1312,-0.775,-0.6125,-3.3438,-1.8687,-1.0312
trpos2840.txt_allergen_3144,-0.169,0.3204,-0.5141,-0.6338,-3.5246,1.338,1.7148,-3.1268,-1.169,-1.7606,-0.7077,1.1901,-0.8169,-3.4824,-3.9965,-0.6725,-0.8944,-4.419,-2.7852,-1.7007
trpos2840.txt_allergen_2275,-0.1549,0.3239,-0.5458,-0.6303,-3.3627,1.4049,1.7606,-2.9754,-1.2042,-1.6655,-0.6303,1.1761,-0.7817,-3.4296,-3.9366,-0.5599,-0.8627,-4.4859,-2.8099,-1.7218
trpos2840.txt_allergen_263,-0.7671,-1.1986,-0.9589,-1.0959,-2.2192,-0.8767,-0.6986,-1.6644,-1.6781,-1.411,-1.589,-0.5616,-1.3425,-2.089,-1.4932,-0.637,-0.5753,-3.0205,-1.7671,-1.0205
trpos2840.txt_allergen_698,-0.775,-2.1625,-1.3,-1.4875,-2.8312,-1.525,-0.875,-1.6,-1.0875,-1.2188,-1.675,-0.7562,-1.5688,-1.9375,-2.0187,-0.7688,-0.6188,-3.2812,-1.85,-0.9812
trpos2840.txt_allergen_1965,-0.7474,-1.4175,-0.9948,-1.3273,-2.75,-0.7706,-0.9639,-2.0515,-1.7191,-1.4381,-1.0644,-1.2294,-1.2629,-1.4768,-1.7294,-0.6495,-0.6443,-2.6314,-1.2577,-1.0103
trpos2840.txt_allergen_458,-0.7945,-2.0046,-1.6142,-1.8105,-2.9361,-1.6575,-1.4429,-1.9795,-2.1918,-1.6918,-1.9384,-1.3265,-1.7078,-2.395,-2.7945,-1.0982,-1.1986,-3.6667,-2.2785,-1.5091
trpos2840.txt_allergen_1600,-0.5374,-1.7941,-0.8503,-1.5561,-2.8422,-1.1765,-1.6551,-1.6257,-1.8797,-1.4439,-1.5214,-1.4037,-1.4759,-1.8449,-1.9037,-0.254,-0.5241,-2.9332,-1.6765,-1.1711
trpos2840.txt_allergen_1947,-0.39,-1.5768,-1.0871,-1.7386,-1.7967,-1.195,-1.7054,-1.0747,-1.5975,-1.8216,-1.7842,-1.3527,-1.5643,-1.8216,-1.4357,-0.3859,-0.4564,-2.751,-1.7593,-1.2656
trpos2840.txt_allergen_149,-0.805,-2.1447,-1.3019,-1.4654,-2.8239,-1.522,-0.8931,-1.6038,-1.1006,-1.1824,-1.6415,-0.6918,-1.5283,-1.9874,-2.0126,-0.7862,-0.6352,-3.2264,-1.805,-0.9686
trpos2840.txt_allergen_1018,-0.8784,-1.2095,-1.6486,-1.1757,-2.3784,-1.1284,-0.6757,-2.1622,-2.0203,-1.6419,-1.5405,-0.3716,-1.4257,-2.0473,-2.1892,-0.7432,-0.7635,-3.0068,-1.8851,-1.0338
trpos2840.txt_allergen_1666,-0.7035,-1.5305,-1.5552,-1.4201,-2.3839,-0.9852,-0.6046,-2.3674,-1.3921,-1.804,-1.369,-0.6787,-1.402,-2.0741,-1.9572,-0.6936,-0.6969,-3.4053,-1.9605,-1.3476
trpos2840.txt_allergen_1732,-0.2581,-1.3097,-0.829,-1.0129,-1.8806,-0.7484,-0.7548,-1.2645,-1.0258,-1.5129,-1.471,-1.0484,-1.1355,-1.6774,-1.5129,-0.2032,-0.3161,-2.1484,-1.1516,-1.1613
trpos2840.txt_allergen_764,-1.2794,0.4412,-0.9853,-0.5074,-2.0368,1.1544,0.6471,-1.8235,-0.7059,-2.7647,-2.3235,0.0221,-1.5368,-2.5735,-1.375,-0.7426,-0.8824,-2.5,-1.5441,-2.1985
trpos2840.txt_allergen_647,-0.1871,-1.6988,-0.6901,-1.0146,-2.6053,-1.1842,-1.3567,-1.1433,-1.7778,-1.5351,-1.7573,-1.3275,-1.6637,-2.1462,-1.8772,-0.2485,-0.5789,-2.4591,-1.3187,-1.0731
trpos2840.txt_allergen_856,-0.391,-2.1579,-1.5113,-1.9098,-2.2481,-1.0451,-1.6992,-1.1353,-2.203,-1.6842,-1.7895,-1.2256,-1.4962,-2.3459,-2.5489,-0.8421,-0.7519,-3.4887,-2.0677,-1.1805
trpos2840.txt_allergen_406,-0.4046,-2.1756,-1.4656,-1.9389,-2.4046,-1.1527,-1.7023,-1.1679,-2.2061,-1.7099,-1.8321,-1.2595,-1.4733,-2.3435,-2.4962,-0.8397,-0.7939,-3.4885,-2.0992,-1.1756
trpos2840.txt_allergen_3089,-1,-2.1498,-0.5061,-1.3279,-2.4575,-1.4858,-1.6194,-1.0688,-1.919,-1.3563,-2.2105,-1.1822,-1.7773,-2.3644,-2.2915,-0.2551,-0.251,-3.2146,-2.085,-1.0202
trpos2840.txt_allergen_2252,-0.5269,-1.2525,-0.8266,-1.1431,-1.8771,-0.8114,-0.9141,-1.2828,-1.3872,-1.2744,-1.2811,-0.968,-0.8636,-1.6313,-0.9529,-0.362,-0.4226,-2.3586,-1.3771,-0.9495
trpos2840.txt_allergen_2973,-0.4104,-2.1269,-1.4925,-1.8731,-2.1791,-1.097,-1.6716,-1.1269,-2.194,-1.6493,-1.7836,-1.2239,-1.4254,-2.306,-2.5448,-0.8657,-0.7463,-3.4552,-2.0672,-1.1866
trpos2840.txt_allergen_2162,-0.9689,-0.6673,-0.8288,-1.5214,-2.7938,-0.0817,-0.7451,-1.4689,-1.3366,-1.5447,-1.4553,-1.0623,-1.5895,-1.4514,-1.5428,-0.428,-0.9125,-2.8872,-1.7062,-1.2062
trpos2840.txt_allergen_989,-0.3736,-1.5934,-1.0989,-2.3736,-2.1099,-1.6374,-2.4615,-1.6264,-2.8242,-2.0659,-2.033,-1.2967,-1.9341,-3.2418,-1.9121,-0.4176,-0.6044,-4.1868,-2.9011,-1.4725
trpos2840.txt_allergen_3167,-0.5524,-1.6613,-1.379,-2.004,-2.5565,-1.4839,-1.9677,-1.254,-2.1169,-1.9234,-1.9194,-1.4637,-1.5726,-2.121,-2.0806,-0.7339,-0.9516,-3.0121,-1.8629,-1.4153
trpos2840.txt_allergen_2432,-0.1538,-1.1282,-0.5128,-0.9744,-1.5385,-0.5641,-0.7436,-1.2821,-0.7436,-1.6154,-1.4103,-0.9231,-0.8718,-1.2564,-0.9487,0.2308,-0.5128,-2.3846,-1.0769,-1.4103
trpos2840.txt_allergen_2828,-0.5137,-1.5719,-1.2329,-1.8836,-2.4521,-1.4315,-1.7295,-1.1199,-1.9144,-1.7568,-1.8459,-1.2671,-1.3904,-2.1644,-1.8836,-0.6096,-0.8048,-2.7021,-1.8493,-1.2397
trpos2840.txt_allergen_1900,-0.75,-2.0987,-1.1053,-1.5197,-2.9211,-1.6579,-1.5724,-0.9934,-1.5526,-1.9079,-2,-1.375,-1.9934,-2.6447,-1.7895,-1,-0.8158,-3.75,-2.4605,-1.4803
trpos2840.txt_allergen_752,-0.8631,-1.3899,-0.7113,-1.5952,-2.5833,-1.1845,-1.2232,-1.6667,-1.4256,-1.6815,-1.7381,-0.9137,-1.3304,-1.878,-2.3542,-0.7113,-0.997,-2.6994,-1.1488,-1.4077
trpos2840.txt_allergen_1901,-0.8125,-2.1736,-1.0486,-1.5556,-3.0278,-1.5764,-1.6458,-1.0278,-1.4792,-1.9931,-2.0764,-1.4306,-1.9653,-2.6944,-1.8403,-1.0139,-0.8889,-3.7917,-2.5278,-1.5486
trpos2840.txt_allergen_237,0.0424,-1.7712,-1.3814,-2.4831,-1.4322,-1.7034,-2.2712,-1.6186,-2.6864,-1.4661,-1.4237,-1.4237,-0.9915,-2.839,-1.8644,-0.3983,-0.7288,-3.8898,-2.6864,-0.7542
trpos2840.txt_allergen_2503,-0.4706,-1.0588,-0.8235,-1.6471,-1.8235,-0.8235,-1,-1.6471,-0.9412,-1.0588,-0.6471,-0.9412,-0.5882,-1.5882,-0.9412,-0.2941,-0.4118,-2.4706,-1.1176,-0.8824
trpos2840.txt_allergen_869,0.0847,-1.7034,-1.3051,-2.4915,-1.678,-1.678,-2.2797,-1.6356,-2.6695,-1.6356,-1.4746,-1.4576,-1.0593,-2.8729,-1.7627,-0.4237,-0.6864,-3.8814,-2.7458,-0.9661
trpos2840.txt_allergen_3467,-0.8131,-0.9252,-0.8832,-1.3972,-2.3645,-0.0794,-0.2477,-2.028,-0.9813,-1.2523,-1.0561,-0.5514,-0.8738,-1.5374,-0.8692,-0.3224,-0.8131,-2.4766,-1.1121,-1.1355
trpos2840.txt_allergen_2393,-0.7688,-2.1938,-1.2937,-1.475,-2.8125,-1.5312,-0.8438,-1.6125,-1.1187,-1.1687,-1.6812,-0.7375,-1.55,-1.9812,-2.0187,-0.7875,-0.625,-3.2625,-1.8687,-1.0188
trpos2840.txt_allergen_2873,-1.4259,-1.4815,-0.9074,-1.7963,-1.6111,-1.2037,-1.7037,-2.2407,-1.6111,-2.037,-2.1852,-1.1111,-1.7037,-2.1852,-2.0185,-0.8704,-1.1481,-4,-2.5185,-1.6481
trpos2840.txt_allergen_1689,-0.4531,-1.1172,-1.4219,-1.2266,-2.6094,-0.3906,-0.3594,-2.1797,-1.2812,-1.1172,-0.9609,-0.4453,-0.4609,-1.7266,-2.4141,-0.8828,-0.6953,-2.9688,-1.6484,-1.0859
trpos2840.txt_allergen_282,-0.2902,-1.2587,-0.6434,-0.951,-1.7098,-0.7657,-0.7238,-0.7133,-1.2273,-1.5245,-1.6364,-0.9196,-1.1259,-1.6993,-1.3916,-0.0315,-0.4545,-2.0909,-1.3636,-1.0839
trpos2840.txt_allergen_1330,-0.312,-1.36,-0.744,-0.916,-2.024,-0.744,-0.66,-1.12,-0.96,-1.696,-1.716,-1.032,-1.268,-1.864,-1.716,-0.132,-0.356,-2.3,-1.24,-1.336
trpos2840.txt_allergen_2257,-0.8941,-2.2481,-1.0827,-1.6098,-2.969,-1.1034,-1.7158,-1.6848,-2.1628,-1.3902,-1.4109,-1.5969,-1.6434,-1.5194,-2.0362,-0.2842,-0.4884,-3.3385,-1.4264,-1.0413
trpos2840.txt_allergen_2669,-1.2276,-1.3008,-0.8699,-1.2602,-2.7073,-1.1626,-1.4228,-1.9675,-1.5203,-2.1463,-2.1057,-0.8049,-1.7642,-2.5366,-2.7561,-0.9756,-1.2439,-2.7398,-1.7724,-1.935
trpos2840.txt_allergen_2444,-0.8742,-0.8176,-0.9937,-1.1509,-1.783,-0.4874,-0.6855,-1.8962,-1.3491,-1.7421,-1.5943,-0.5975,-1.2075,-2.1352,-1.2421,-0.3805,-0.5503,-2.8522,-1.805,-1.2799
trpos2840.txt_allergen_1647,-0.6241,-1.9787,-1.4468,-1.7021,-2.2411,-1.078,-1.2199,-2.1064,-1.9929,-1.0071,-1.4823,-0.766,-1.5248,-2.3262,-1.8582,-0.7943,-0.5674,-3.305,-2.156,-0.4965
trpos2840.txt_allergen_817,-0.7438,-2.1562,-1.3062,-1.5,-2.925,-1.525,-0.9312,-1.65,-1.2437,-1.1687,-1.6313,-0.7938,-1.575,-1.9563,-2.0438,-0.725,-0.6,-3.2438,-1.8687,-0.9312
trpos2840.txt_allergen_1257,-1.2332,-1.7254,-1.3187,-1.6373,-2.9534,-1.2927,-1.3135,-2.5544,-1.6114,-1.4948,-1.2798,-0.9793,-1.0052,-1.8187,-2.5155,-0.7772,-0.785,-3.601,-1.9378,-1.2642
trpos2840.txt_allergen_205,-0.7375,-2.2,-1.3188,-1.4812,-2.8438,-1.5312,-0.9312,-1.6187,-1.1,-1.1812,-1.7437,-0.7812,-1.5813,-2.0812,-2.1437,-0.7562,-0.6188,-3.3188,-1.8438,-1.0312
trpos2840.txt_allergen_393,-0.8902,-1.5347,-0.6185,-1.2543,-2.6098,-1.396,-1.5549,-1.2948,-1.3584,-1.3931,-1.9595,-1.1185,-1.5607,-2.0549,-2.2254,-0.4393,-0.6908,-2.7543,-1.3786,-1.3526
trpos2840.txt_allergen_1224,-0.4378,-1.1425,-0.987,-1.2487,-2.0311,-0.7176,-0.8653,-1.5518,-1.4093,-1.1658,-1.0259,-0.7642,-0.7772,-1.5259,-1.544,-0.4067,-0.3083,-2.3057,-1.2927,-0.9352
trpos2840.txt_allergen_2692,-1.3023,-1.3411,-1.0543,-1.4496,-2.7519,-1.3256,-1.5581,-1.9922,-1.5504,-2.1318,-2.093,-0.9767,-1.814,-2.5504,-2.8062,-0.9922,-1.2403,-2.9767,-1.907,-1.9147
trpos2840.txt_allergen_893,-0.6378,-1.8205,-0.859,-1.5417,-2.9904,-1.1987,-1.7212,-1.6667,-1.9936,-1.5385,-1.6186,-1.4487,-1.5929,-1.8686,-1.891,-0.5224,-0.6827,-2.9551,-1.6346,-1.2885
trpos2840.txt_allergen_1362,-1.0232,-1.305,-1.6178,-1.8726,-2.4865,1.6873,-0.4903,-2.1506,-1.4015,-1.7259,-1.5907,-0.8494,-1.1467,-2.1236,0.6062,-0.5135,-0.7954,-2.8031,-1.7915,-1.4402
trpos2840.txt_allergen_2960,-0.4179,-2.1119,-1.4925,-1.8657,-2.1493,-1.097,-1.6642,-1.1194,-2.2015,-1.6567,-1.791,-1.2239,-1.4179,-2.3134,-2.5448,-0.8582,-0.7612,-3.4552,-2.0672,-1.194
trpos2840.txt_allergen_1939,-0.58,-1.19,-1.092,-1.39,-2.314,-1.06,-0.962,-1.486,-1.438,-1.172,-1.176,-1.036,-1.124,-1.588,-1.78,-0.552,-0.678,-2.52,-1.372,-0.842
trpos2840.txt_allergen_3244,-1.134,-1.7656,-1.3804,-1.6962,-2.8301,-1.244,-1.3493,-2.5024,-1.61,-1.433,-1.2249,-1.0502,-1.0742,-1.8421,-2.3876,-0.6794,-0.7656,-3.5861,-1.933,-1.2225
trpos2840.txt_allergen_593,-1.0728,-1.3027,-1.3257,-1.6743,-2.3372,-0.9885,-1.4828,-1.7356,-1.3448,-1.5441,-1.4444,-1.2989,-1.433,-1.9387,-1.6782,-0.6705,-0.7778,-2.5479,-1.7203,-0.9962
trpos2840.txt_allergen_2001,-0.7443,-1.2374,-0.6301,-1.5616,-1.8813,-0.9224,-1.3242,-1.7489,-1.3653,-1.3333,-1.4932,-0.7078,-1.3196,-1.7534,-1.7945,-0.4703,-0.7397,-2.1826,-1.0457,-1.105
trpos2840.txt_allergen_682,-1.1951,-1.5732,-1.622,-0.9634,-3.0976,-1.1341,-0.5122,-2.5366,-1.9024,-1.8537,-1.5732,-0.5976,-0.2073,-1.8902,-3.3293,-1.1341,-1.3537,-3.7927,-2.378,-1.8171
trpos2840.txt_allergen_3102,-0.2183,0.3204,-0.4401,-0.7113,-3.4507,1.3873,1.7782,-3.2289,-1.0915,-1.6725,-0.6127,1.1655,-0.757,-3.4965,-4.0669,-0.6232,-0.919,-4.3063,-2.7958,-1.75
trpos2840.txt_allergen_1315,-0.7902,-1.5089,-1.692,-1.8304,-2.5045,-0.2768,-0.9598,-2.3393,-1.5759,-1.1562,-0.7812,-1.0223,-0.7277,-1.7545,-0.0893,-0.7321,-0.7366,-2.8482,-1.6607,-0.7411
trpos2840.txt_allergen_3243,-0.9189,-2.0811,-0.9332,-1.5251,-2.8902,-1.0883,-1.5847,-1.5585,-2.0525,-1.253,-1.4582,-1.3962,-1.5298,-1.6181,-1.895,-0.1838,-0.389,-3.148,-1.358,-1.0525
trpos2840.txt_allergen_3351,-0.6418,-1.4298,-0.9513,-1.3868,-1.7393,-0.9885,-1.0172,-1.6934,-1.2292,-0.937,-1.0344,-1.1261,-0.9169,-1.2665,-1.3381,-0.4269,-0.4384,-2.2063,-0.9771,-0.7364
trpos2840.txt_allergen_738,-0.8261,-1.5043,-1.6609,-2.0174,-2.7478,-0.9478,-1.0348,-2.5391,-1.8348,-1.2957,-1.0348,-0.7304,-1.087,-2.0609,-2.4,-0.8087,-0.9478,-3.4087,-2.0261,-0.5478
trpos2840.txt_allergen_1159,-1.1248,0.0793,-0.8904,-1.2074,-3.027,0.43,0.0624,-1.8179,-1.1417,-2.0641,-1.6863,-0.6088,-1.8229,-2.1636,-1.796,-0.6307,-1.3204,-3.1366,-1.9224,-1.7066
trpos2840.txt_allergen_537,-1.0843,-1.441,-1.2669,-1.3006,-2.5421,-1.0758,-0.9466,-2.0253,-1.6292,-1.4073,-1.2191,-0.809,-1.2865,-2.0112,-2.2612,-0.8989,-1.0028,-3.1713,-1.8904,-1.2669
trpos2840.txt_allergen_3216,-0.5214,-1.6265,-1.3346,-1.965,-2.5136,-1.4163,-1.8911,-1.179,-2.0584,-1.9144,-1.8482,-1.4591,-1.5058,-2.0661,-2.1323,-0.6732,-0.8794,-2.9105,-1.8249,-1.3852
trpos2840.txt_allergen_2319,-0.125,-1.4167,-1.1667,-1.125,-1.625,-0.8333,-0.875,-0.9583,-1.7083,-1.125,-1.0833,-1.0833,-0.8333,-1.6667,-1.4167,-0.2083,-0.3333,-2,-1.4167,-0.7083
trpos2840.txt_allergen_2564,1.0667,-1.8,-2,-2.0667,-0.4667,-1.4667,-1.6667,-1.4667,-2.3333,-0.6667,-0.8,-1.6,-0.7333,-2.2667,-2,-0.4,-0.4,-3,-2,-0.0667
trpos2840.txt_allergen_693,-0.3244,-1.5956,-1.0044,-1.7911,-1.7289,-1.1422,-1.6978,-1.0711,-1.6933,-1.7644,-1.7467,-1.3422,-1.4667,-1.8,-1.4578,-0.3556,-0.4711,-2.6933,-1.7022,-1.3289
trpos2840.txt_allergen_1958,-0.3066,-1.1533,-0.6423,-0.9416,-1.5547,-0.7153,-0.8321,-1.0146,-1.2044,-1.5109,-1.4161,-0.781,-0.9927,-1.4307,-1.5036,-0.0511,-0.3942,-2.1387,-1.2044,-1.1679
trpos2840.txt_allergen_1045,-0.9327,-0.7082,-0.7163,-1.5306,-2.8857,-0.2633,-0.7041,-1.5592,-1.2918,-1.4122,-1.3245,-0.9796,-1.551,-1.5469,-1.6449,-0.451,-0.9531,-3.0327,-1.7408,-1.1184
trpos2840.txt_allergen_3293,-0.8333,-1.5125,-0.7667,-1.6083,-2.0875,-0.9458,-1.3625,-1.8917,-1.525,-1.9208,-1.875,-0.9708,-1.5542,-2.1208,-1.8333,-0.45,-0.9,-2.6333,-1.3,-1.4208
trpos2840.txt_allergen_1978,-0.976,-1.5569,-0.6587,-1.1497,-2.7006,-1.1737,-1.1018,-1.8802,-1.6766,-1.5868,-1.7425,-0.8563,-1.5689,-1.4491,-2.018,-0.6467,-0.6287,-2.6108,-0.988,-1.0659
trpos2840.txt_allergen_812,-1.0843,-1.4663,-1.264,-1.3202,-2.5478,-1.0646,-0.9663,-2.014,-1.6433,-1.4185,-1.2247,-0.8371,-1.2753,-2.014,-2.2416,-0.8876,-1.0337,-3.191,-1.8904,-1.2837
trpos2840.txt_allergen_3435,-0.7629,-1.5259,-1.7328,-1.8534,-2.5172,-0.2457,-0.9828,-2.3966,-1.5603,-1.2112,-0.7759,-1.0905,-0.7328,-1.7888,0.1078,-0.7069,-0.694,-2.9052,-1.6853,-0.7241
trpos2840.txt_allergen_1102,-1.2126,-1.4195,-1.4138,-1.4943,-3.3218,-1.069,-0.8333,-2.454,-1.6552,-1.3103,-1.1724,-0.8218,-1.2299,-1.7471,-2.4598,-1.0345,-0.592,-3.4943,-1.7701,-0.9713
trpos2840.txt_allergen_3049,-0.67,-1.9723,-1.8287,-2.9093,-0.9698,-1.9521,-2.5113,-2.0932,-1.7254,-0.6927,-0.3476,-2.262,-0.4937,-0.3829,-2.0302,-0.3703,-0.3123,-1.8262,-1.1285,-0.4081
trpos2840.txt_allergen_2307,-1.4679,-1.3205,-1.2372,-1.3974,-3.2628,-0.891,-0.5192,-2.3782,-1.609,-1.5833,-1.6603,-0.4808,-1.4103,-1.8462,-2.2051,-0.9808,-0.5449,-3.4038,-1.5449,-1.2885
trpos2840.txt_allergen_610,-0.7438,-2.1437,-1.325,-1.5,-2.9125,-1.5188,-0.9312,-1.6438,-1.2437,-1.1687,-1.6313,-0.7875,-1.5688,-1.9563,-2.05,-0.7188,-0.6,-3.225,-1.875,-0.9188
trpos2840.txt_allergen_690,-0.5376,-1.5771,-0.859,-1.2594,-2.5789,-1.0094,-1.0883,-1.312,-1.4793,-1.5846,-1.4793,-1.1635,-1.5038,-1.6635,-1.2387,-0.5376,-0.5376,-2.5545,-1.3609,-1.2068
trpos2840.txt_allergen_1702,-0.3819,-1.4615,-0.9203,-1.4698,-2.5192,-1.0549,-1.4643,-1.3462,-1.8654,-1.3654,-1.6374,-1.0549,-1.3352,-1.8132,-1.8269,-0.4066,-0.3489,-2.7198,-1.4093,-0.9176
trpos2840.txt_allergen_1731,-0.79,-1.9589,-1.6142,-1.7968,-2.9247,-1.6416,-1.411,-1.9772,-2.1667,-1.7055,-1.9224,-1.3128,-1.7078,-2.4041,-2.7922,-1.105,-1.1941,-3.6689,-2.2854,-1.5046
trpos2840.txt_allergen_2221,-1.2293,-0.1103,-0.8741,-1.2517,-2.819,0.181,-0.1466,-1.7724,-1.1741,-2.0017,-1.831,-0.6948,-1.9017,-2.0897,-1.5897,-0.5931,-1.2431,-3.2069,-1.7517,-1.6828
trpos2840.txt_allergen_2839,-0.8009,-1.4265,-0.763,-1.6919,-2.2038,-0.9905,-1.4408,-1.7346,-1.4408,-1.8294,-1.763,-1.0474,-1.5877,-1.9052,-1.6588,-0.4739,-0.9905,-2.3934,-1.2796,-1.4171
trpos2840.txt_allergen_2181,-0.7585,-2.1286,-0.5249,-1.2283,-2.5958,-1.3832,-1.7113,-1.0394,-2.0262,-1.3255,-2.0892,-1.0787,-1.811,-2.1864,-2.1706,-0.2861,-0.2336,-3.1549,-2.0131,-1.063
trpos2840.txt_allergen_2034,-0.3362,-1.2759,-0.8966,-1.4483,-1.4224,-0.9828,-0.9138,-0.4655,-1.6638,-1.9828,-2.0862,-0.6983,-1.5345,-2.069,-1.3966,-0.4828,-1.0345,-2.5776,-1.9224,-1.3534
trpos2840.txt_allergen_2274,-0.7355,-2.1097,-1.3484,-1.4581,-2.7548,-1.4387,-0.8065,-1.5677,-1.1742,-1.0452,-1.5742,-0.5871,-1.6129,-1.9548,-2.0968,-0.6516,-0.5419,-3.2968,-1.7355,-0.9032
trpos2840.txt_allergen_422,-0.7602,-1.6076,-0.7275,-1.3351,-2.5232,-1.3406,-1.6213,-1.2234,-1.5068,-1.327,-1.8338,-1.1662,-1.5123,-1.9346,-2.2534,-0.3869,-0.6267,-2.6676,-1.4387,-1.267
trpos2840.txt_allergen_1105,-0.4264,-1.9339,-1.6156,-1.8378,-2.7898,-1.5255,-1.5165,-1.8559,-2.1772,-1.1922,-1.5556,-1.2823,-1.3003,-2.3694,-2.4745,-0.8679,-0.976,-3.5916,-2.3634,-0.7778
trpos2840.txt_allergen_1426,-0.2293,-1,-1.5096,-1.707,-1.6497,-1.0318,-1.3949,-1.2357,-1.5414,-1.586,-1.3185,-1.3567,-1,-2.0701,-1.242,-0.5478,-0.8089,-2.4268,-1.6497,-0.8217
trpos2840.txt_allergen_110,0.1366,-2.2236,-1.7081,-1.6211,-2.7329,-1.4348,-1.5839,-1.9938,-1,-1.3913,-1.1056,-1.0435,-1.2484,-1.7267,-2.7764,-0.9255,-1.118,-3.5901,-2.2671,-0.764
trpos2840.txt_allergen_603,-0.3956,-1.6711,-1.1067,-1.7956,-1.7778,-1.2089,-1.72,-1.1111,-1.7244,-1.7867,-1.8489,-1.44,-1.5689,-1.8756,-1.5156,-0.3556,-0.4222,-2.7822,-1.8311,-1.36
trpos2840.txt_allergen_1853,-1,-1.675,-1.545,-1.83,-2.545,-1.04,-1.07,-2.5,-1.41,-1.575,-1.105,-0.855,-0.825,-1.42,-2.405,-1.48,-1.3,-2.925,-1.39,-1.31
trpos2840.txt_allergen_1790,-0.3893,-2.1527,-1.4656,-1.9695,-2.3588,-1.1221,-1.7099,-1.1756,-2.229,-1.7405,-1.855,-1.2519,-1.5191,-2.3206,-2.4733,-0.8244,-0.771,-3.5267,-2.0687,-1.2366
trpos2840.txt_allergen_216,-0.7888,-2.1491,-1.2298,-1.4348,-2.7702,-1.4658,-0.8323,-1.5652,-1.0621,-1.1801,-1.6646,-0.6894,-1.472,-1.9752,-2,-0.7391,-0.6273,-3.2422,-1.8385,-0.9689
trpos2840.txt_allergen_1780,-0.3817,-2.1221,-1.4656,-1.8779,-2.3435,-1.0992,-1.6718,-1.1527,-2.2519,-1.6794,-1.8321,-1.2443,-1.5115,-2.3435,-2.542,-0.8015,-0.7634,-3.4733,-2.0382,-1.2366
trpos2840.txt_allergen_3281,-0.5885,-1.9342,-1.4733,-2.1111,-2.0576,-1.2634,-1.5885,-1.5967,-1.8601,-0.7449,-0.7942,-1.535,-0.6584,-1.284,-1.4115,-0.2222,-0.4815,-2.7449,-1.5802,-0.7531
trpos2840.txt_allergen_2066,-1.3649,-1.7162,-1.6351,-0.8514,-3.0811,-1.3108,-0.5541,-2.6622,-2.0811,-2.0135,-1.7162,-0.8108,-0.9324,-1.8649,-3.5676,-1.2297,-1.4324,-3.5541,-2.2838,-1.7703
trpos2840.txt_allergen_1266,-0.9241,-1.2634,-1.6384,-1.7679,-2.5893,-0.2902,-0.7679,-2.4688,-1.4062,-1.2054,-0.7366,-0.9911,-0.7366,-1.6741,-0.0893,-0.7098,-0.8705,-2.8929,-1.6741,-0.7589
trpos2840.txt_allergen_3054,-0.4615,-1.7692,-1.4923,-2.0077,-1.9692,-1.5769,-2.0462,-1.0615,-2.2154,-1.5231,-1.7,-1.5692,-1.2077,-1.8538,-1.8385,-0.7615,-0.9,-2.8154,-1.6923,-1.1923
trpos2840.txt_allergen_2414,-0.2911,-0.9494,-1.8924,-1.7595,-1.9367,-0.8228,-1.3418,-1.5316,-1.8671,-1.7532,-1.2658,-1.538,-0.9747,-2.1266,-1.2722,-0.6646,-0.9051,-2.4241,-1.8797,-0.8608
trpos2840.txt_allergen_1566,-0.3312,-1.0764,-1.7898,-1.7261,-1.8153,-0.7452,-1.3185,-1.2803,-1.7834,-1.5732,-1.1592,-1.5669,-1.0255,-2.0828,-1.2102,-0.5987,-0.8726,-2.414,-1.6115,-0.8217
trpos2840.txt_allergen_316,-0.891,-1.4611,-0.8037,-1.5888,-2.5452,-1.1963,-1.2305,-1.6542,-1.3738,-1.6199,-1.7134,-0.9844,-1.3427,-1.9315,-2.2586,-0.676,-0.972,-2.7196,-1.162,-1.2555
trpos2840.txt_allergen_96,-0.6875,-2.1688,-1.3062,-1.5063,-2.925,-1.5125,-1,-1.6313,-1.0938,-1.2125,-1.7437,-0.825,-1.5813,-2,-2.125,-0.7875,-0.6062,-3.2875,-1.8188,-1.0188
trpos2840.txt_allergen_2996,-0.5981,-0.8193,-0.7726,-1.0062,-1.7882,-0.3489,-0.3988,-1.7508,-1.1028,-1.3427,-1.2087,-0.2679,-0.729,-1.5701,-1.3801,-0.3427,-0.6137,-2.3209,-1.1215,-0.9907
trpos2840.txt_allergen_1444,-0.7062,-2.1625,-1.3188,-1.4812,-2.8812,-1.55,-0.9562,-1.5813,-1.0813,-1.175,-1.7312,-0.825,-1.575,-2.075,-2.1188,-0.775,-0.6375,-3.2875,-1.8,-0.9875
trpos2840.txt_allergen_3299,-0.8954,-1.4644,-0.8159,-1.6318,-2.1548,-0.8661,-1.4184,-1.887,-1.5732,-1.9079,-1.9079,-0.9958,-1.5523,-2.1674,-1.841,-0.4812,-0.9247,-2.5565,-1.3724,-1.4644
trpos2840.txt_allergen_418,-0.752,-1.6649,-0.7139,-1.3351,-2.5041,-1.3515,-1.6349,-1.2425,-1.5014,-1.3433,-1.8093,-1.2234,-1.5177,-1.9673,-2.2807,-0.3706,-0.6349,-2.7139,-1.4632,-1.2616
trpos2840.txt_allergen_1497,-1,-1.8716,-1.5596,-0.8073,-2.7248,-1.3119,-0.5321,-2.3945,-1.9174,-1.7615,-1.6606,-0.6881,-0.4404,-1.6789,-2.9908,-1.1284,-1.2752,-3.6147,-2.2385,-1.5596
trpos2840.txt_allergen_355,-0.7792,-1.9569,-0.4137,-1.0635,-2.467,-1.2741,-1.4442,-0.8883,-1.8249,-1.302,-2.0761,-0.9569,-1.8706,-2.066,-2.0888,-0.2411,-0.2741,-3.0355,-1.8934,-1.0761
trpos2840.txt_allergen_1015,-1.0938,-1.2937,-1.2188,-0.45,-2.5625,-0.8125,-0.2562,-2.2875,-1.475,-1.7,-1.5375,-0.3562,-0.4938,-1.65,-2.7687,-0.95,-0.9812,-3.1812,-1.9312,-1.775
trpos2840.txt_allergen_2870,-1.1786,-1.369,-1.5952,-0.9405,-3.1429,-1.0476,-0.7143,-2.4643,-1.8095,-1.8214,-1.7143,-0.5119,-0.3929,-1.869,-3.4048,-1.2738,-1.4881,-3.8333,-2.2381,-1.8452
trpos2840.txt_allergen_42,-0.8916,-1.3103,-0.7094,-1.6749,-2.0837,-0.9901,-1.3448,-1.6355,-1.335,-1.9015,-2.0148,-0.7734,-1.5862,-2.1232,-1.7488,-0.5862,-0.9163,-2.335,-1.1133,-1.3941
trpos2840.txt_allergen_424,-0.2394,0.3697,-0.5387,-0.6479,-3.4472,1.4049,1.7852,-3.1021,-1.2007,-1.7958,-0.669,1.2535,-0.838,-3.5775,-4.1268,-0.6092,-0.9366,-4.4648,-2.9225,-1.8204
trpos2840.txt_allergen_1290,-0.5339,-1.4582,-1.6813,-2,-2.8446,1.6574,-0.2709,-1.9761,-1.6494,-1.9004,-1.7052,-0.5498,-1.3944,-2.6614,1.0956,-0.3028,-0.3745,-3.247,-2.3267,-1.1315
trpos2840.txt_allergen_2788,-0.7295,-1.2947,-1.3285,-1.7343,-2.6087,-0.4879,-0.9565,-2.1256,-1.5362,-1.4155,-0.7681,-0.9517,-0.8213,-1.9807,-1.8357,-0.6763,-0.5314,-3.0483,-2.0338,-1.2899
trpos2840.txt_allergen_2836,-0.7667,-1.4286,-0.7905,-1.6905,-2.1476,-0.9714,-1.4381,-1.6714,-1.4095,-1.8143,-1.7381,-0.9952,-1.4857,-2.0143,-1.6476,-0.4667,-0.9857,-2.4048,-1.2905,-1.3286
trpos2840.txt_allergen_1510,-0.9722,-1.6389,-1.5463,-0.8426,-2.7685,-1.2685,-0.4907,-2.3056,-1.8796,-1.8148,-1.6667,-0.6574,-0.5648,-1.7222,-2.963,-1.1944,-1.3241,-3.6019,-2.3148,-1.5278
trpos2840.txt_allergen_775,-0.1866,0.3521,-0.5211,-0.6831,-3.4014,1.4366,1.6972,-3.0528,-1.0458,-1.757,-0.6373,1.1127,-0.9366,-3.5493,-3.912,-0.5986,-0.8662,-4.3592,-2.7887,-1.669
trpos2840.txt_allergen_2336,-0.9279,-1.8198,-0.9144,-1.6351,-2.4459,-1.3378,-1.5045,-1.5135,-1.8288,-1.7162,-2.1126,-1.2432,-1.5991,-2.2748,-2.5541,-0.6036,-1.045,-2.982,-1.3604,-1.3198
trpos2840.txt_allergen_2497,0.1026,-1.5983,-1.5385,-2.641,-1.7692,-1.6923,-2.4017,-1.7265,-2.7607,-1.7179,-1.547,-1.4188,-1.2479,-2.9915,-1.7607,-0.5556,-0.7778,-3.9231,-2.7778,-0.9744
trpos2840.txt_allergen_3110,-0.3878,-2.1973,-1.6871,-1.9048,-2.7959,-1.4014,-1.5918,-2.1293,-0.9252,-1.9456,-1.6054,-1.1429,-1.3197,-2.1293,-2.9524,-1.1565,-1.2721,-3.8639,-2.381,-1.3129
trpos2840.txt_allergen_176,-0.4349,-1.539,-1.2937,-1.9405,-2.3717,-1.4684,-1.9071,-1.197,-2.0483,-1.8662,-1.9071,-1.3494,-1.4015,-2.1115,-1.9963,-0.5874,-0.8364,-2.8104,-1.881,-1.2602
trpos2840.txt_allergen_3032,-0.4,-1.7643,-1.3571,-1.75,-2.2143,-1.1214,-1.5357,-0.9786,-1.9286,-1.35,-1.6857,-1.1786,-1.4429,-2.1286,-2.1643,-0.9714,-0.7571,-3.3571,-1.9429,-1.1857
trpos2840.txt_allergen_1077,-0.5152,-1.2475,-0.8249,-1.1448,-1.8737,-0.8047,-0.9209,-1.2744,-1.3838,-1.2828,-1.2811,-0.968,-0.8653,-1.6195,-0.9663,-0.3586,-0.4209,-2.3502,-1.3687,-0.9596
trpos2840.txt_allergen_901,-0.3262,-1.6523,-1.6431,-1.5846,-2.8462,-1.1169,-1.0954,-2.1785,-2.1046,-1.2031,-1.3754,-0.9415,-1.6123,-2.28,-2.36,-0.9908,-1.0523,-3.48,-2.1508,-1.2123
trpos2840.txt_allergen_1161,-0.4715,-1.5627,-1.27,-1.9011,-2.4677,-1.4487,-1.8631,-1.1939,-1.9734,-1.8897,-1.8783,-1.365,-1.4981,-2.0989,-2.0418,-0.6388,-0.8593,-2.8783,-1.8631,-1.3688
trpos2840.txt_allergen_2988,-0.6689,-1.3706,-0.9189,-1.1228,-2.6382,-0.7346,-1.0022,-1.6974,-1.4956,-1.5789,-1.2346,-1.1031,-1.3048,-1.3991,-1.5307,-0.5154,-0.6162,-2.443,-1.0439,-1.1491
trpos2840.txt_allergen_2365,-1.0866,-0.1969,-1.3858,-1.7087,-2.0866,0.9606,-0.5512,-1.5984,-1.2756,-1.8976,-1.7008,-0.7874,-0.4331,-2.3701,-1.1811,-0.7717,-1.3386,-2.7087,-2.0236,-1.8819
trpos2840.txt_allergen_2156,0.1011,-1.5628,-1.3251,-1.8443,-3.2541,1.0519,-0.2322,-1.3934,-1.5464,-2.5273,-2.1995,-0.4454,-1.5219,-2.8087,2.5492,0.541,0.306,-3.7896,-1.2596,-0.9344
trpos2840.txt_allergen_860,-1,-1.6636,-1.4273,-0.8545,-2.8455,-1.1273,-0.3636,-2.4545,-1.8909,-1.8455,-1.6727,-0.5727,-0.5364,-1.8909,-3.0273,-1.2091,-1.3273,-3.7545,-2.3727,-1.5636
trpos2840.txt_allergen_2855,-0.4122,-2.1603,-1.4656,-1.9313,-2.3359,-1.1298,-1.6947,-1.145,-2.1832,-1.6718,-1.8473,-1.2519,-1.4809,-2.3664,-2.5267,-0.8092,-0.7786,-3.5267,-2.084,-1.2366
trpos2840.txt_allergen_3045,-0.4404,-1.1503,-0.9845,-1.2487,-2.0207,-0.715,-0.8575,-1.5415,-1.4119,-1.1606,-1.0259,-0.7358,-0.7642,-1.5155,-1.5337,-0.4067,-0.2979,-2.2876,-1.3031,-0.9249
trpos2840.txt_allergen_2363,0.7623,-1.2453,-1.2491,-1.3887,-1.8717,-0.8189,-0.7736,-1.1245,-1.4792,-1.4868,-1.6981,-0.6189,-1.2302,-2.0264,-1.1019,-0.0113,-0.1358,-2.5434,-1.5472,-0.8113
trpos2840.txt_allergen_3379,-1.1685,-1.236,-1.6236,-1.6573,-3.0449,-1.1236,-0.9382,-2.3034,-1.691,-1.3427,-1.2247,-0.927,-1.2135,-1.6685,-2.3708,-0.9719,-0.5899,-3.2978,-1.6798,-0.9157
trpos2840.txt_allergen_759,-1.1535,-1.8026,-1.25,-1.8377,-2.7807,-1.1579,-1.4825,-1.6623,-2.1667,-0.7982,-0.2982,-1.5439,-1.1404,-1.9693,-1.9561,-0.6886,-0.6491,-3.4518,-2.4123,-0.5307
trpos2840.txt_allergen_1622,-0.4122,-2.1679,-1.5191,-1.9313,-2.3282,-1.1679,-1.7023,-1.1527,-2.1603,-1.6718,-1.8321,-1.2519,-1.4885,-2.3435,-2.5573,-0.8397,-0.771,-3.5191,-2.084,-1.2137
trpos2840.txt_allergen_1760,-0.7567,-2.0365,-0.5036,-1.2141,-2.3309,-1.3869,-1.6253,-0.9635,-1.927,-1.2287,-1.8832,-1.0414,-1.6959,-1.9878,-2.1168,-0.236,-0.2482,-3.0195,-1.8881,-1.0219
trpos2840.txt_allergen_2512,-1.0769,-1.3077,-0.3077,-0.1538,-2.5385,-0.4615,0.3077,-1.3846,-0.2308,-1.6154,-2,-0.9231,-1.3846,-1.3077,-1.2308,-0.3846,-1,-2.3846,-0.6923,-1.3077
trpos2840.txt_allergen_2465,-0.7647,-0.9412,-1,-0.5882,-2.5294,-0.3529,0.1765,-1.5294,-1.0588,-2.1176,-1.8824,-0.1176,-1.2941,-1.4706,-0.2353,-0.3529,-1.0588,-2.3529,-1.1176,-1.6471
trpos2840.txt_allergen_1225,-0.9674,-1.5212,-1.7199,-1.9283,-2.8013,1.5472,-0.3453,-2.0717,-1.7362,-1.7199,-1.4853,-0.7622,-1.2508,-2.1368,0.8958,-0.4267,-0.3844,-3.202,-1.9186,-1.1759
trpos2840.txt_allergen_601,-0.0877,-1.693,-1.4737,-0.886,-2.8158,-0.9386,-0.2939,-1.9035,-2.0263,-1.6184,-1.5526,-0.3728,-1.5439,-2.1184,-1.636,-0.6053,-0.7982,-3.0351,-2.1798,-1
trpos2840.txt_allergen_2732,-0.6943,-2.1911,-1.3439,-1.535,-2.9108,-1.4713,-1.0318,-1.5096,-1.3694,-1.1401,-1.6879,-0.8217,-1.5478,-1.9809,-1.9299,-0.7006,-0.6688,-3.1656,-1.8854,-0.9427
trpos2840.txt_allergen_1307,-0.2692,-1.3462,-0.6923,-0.6923,-2.3846,-0.7308,-0.0769,-1.0769,-1.3077,-1.8462,-2.0769,-0.6923,-1.6154,-1.8462,-1.1923,-0.2308,0,-2.1538,-1.1154,-1.3077
trpos2840.txt_allergen_1474,-0.2326,0.4989,-0.5645,-0.8393,-3.0909,1.463,1.6533,-2.8436,-0.9767,-1.7674,-0.5116,1.0169,-0.8076,-3.2431,-3.5899,-0.4672,-0.8541,-3.8457,-2.5877,-1.6068
trpos2840.txt_allergen_1952,-0.7605,-1.4474,-0.8342,-1.5605,-2.6132,-1.1711,-1.2079,-1.7158,-1.3289,-1.7316,-1.7868,-0.8947,-1.3605,-1.9,-2.2,-0.4842,-0.9447,-2.7026,-1.2526,-1.3711
trpos2840.txt_allergen_757,-0.3333,-2.1,-1.4,-1.8333,-2.3667,-1.2667,-1.3667,-1.0333,-2.0333,-1.3333,-1.7333,-1.3,-1.3,-2.2333,-2.1333,-0.4333,-0.1667,-3.2,-2.1,-0.4
trpos2840.txt_allergen_1875,0.0533,-0.86,-1,-0.78,-2.2333,-0.16,-0.28,-1.6867,-1.2333,-1.46,-1.4133,-0.4133,-0.84,-1.9,-1.0467,-0.2867,-0.5133,-2.76,-1.5267,-0.9733
trpos2840.txt_allergen_3030,-1.3316,-1.0214,-1.4866,-1.9198,-2.5348,-0.6738,-1.3904,-2.7326,-0.9626,-1.6096,-0.8396,-1.3583,-0.9412,-1.7968,-2.2567,-0.9091,-0.8449,-2.8824,-1.8663,-1.5936
trpos2840.txt_allergen_3397,-0.5412,-1.6129,-1.2258,-1.8351,-2.3262,-1.3799,-1.9283,-1.2115,-1.9785,-1.81,-1.8459,-1.405,-1.4982,-2.0287,-2.1004,-0.6022,-0.8495,-2.8566,-1.8172,-1.2616
trpos2840.txt_allergen_437,-0.7073,-2.239,-0.9707,-1.8098,-3.122,-1.161,-1.2293,-2.0732,-1.5951,-1.9268,-1.7317,-1.0683,-2.0146,-2.2049,-2.5854,-1.2927,-1.2732,-3.0732,-2.0683,-1.7073
trpos2840.txt_allergen_1547,0.7561,-1.324,-1.2997,-1.4495,-1.9721,-0.8571,-0.7735,-1.0557,-1.5714,-1.453,-1.6341,-0.6237,-1.2787,-1.993,-0.77,-0.007,-0.1324,-2.5714,-1.5505,-0.777
trpos2840.txt_allergen_1183,-1.0376,-1.3872,-1.4286,-1.8045,-2.5489,-1.2143,-1.7331,-1.9286,-1.4662,-1.5827,-1.5602,-1.3985,-1.6541,-1.8722,-1.7068,-0.7932,-0.8346,-2.4549,-1.6541,-1.0451
trpos2840.txt_allergen_3425,-1.4064,-1.4104,-0.4462,-0.9801,-2.9641,-0.8765,-0.7769,-2.0478,-1.4223,-1.239,-1.4661,-0.2351,-1.3426,-1.4104,-1.9641,-0.494,-0.6056,-2.9124,-1.0717,-1.3307
trpos2840.txt_allergen_1016,-0.2186,-2.1741,-1.6802,-1.9717,-2.664,-1.587,-1.4453,-2.0243,-2.1538,-1.3725,-1.6559,-1.3279,-1.9231,-2.417,-2.6761,-1.1336,-1.3117,-3.834,-2.4858,-1.1093
trpos2840.txt_allergen_2610,-0.8333,-0.05,-0.6833,-0.6333,-1.5833,1.7,0.5833,-1.8,-0.6667,-2.0833,-1.7,-0.0667,-0.3667,-2.3167,-1.4333,-0.4167,-1,-2.25,-1.2667,-1.45
trpos2840.txt_allergen_679,-0.4436,-2.0376,-1.4737,-1.797,-2.2481,-1.1805,-1.7368,-1.0677,-2.1128,-1.6391,-1.8045,-1.2632,-1.4812,-2.3684,-2.4737,-0.9023,-0.797,-3.5564,-2.1429,-1.2256
trpos2840.txt_allergen_2064,-0.9722,-1.7963,-1.5556,-0.7407,-2.7963,-1.287,-0.4722,-2.4537,-1.8889,-1.7963,-1.6852,-0.7685,-0.537,-1.6944,-2.9444,-1.1389,-1.213,-3.7037,-2.3611,-1.5278
trpos2840.txt_allergen_1513,-0.549,-1.4412,-1.2974,-1.4706,-2.6765,-1.0523,-1.0327,-1.781,-1.5229,-1.0588,-1.1242,-1.0882,-1.4216,-1.7745,-1.8562,-0.7974,-0.6863,-2.9739,-1.5458,-0.7516
trpos2840.txt_allergen_814,-1.0585,-1.2338,-1.0523,-1.2523,-0.5323,-1.1662,-1.5908,-1.64,-0.5385,-1.3292,-1.2308,-1.1415,-1.3785,-1.3231,-2.4185,-0.0769,-0.4431,-1.9354,-1.3508,-0.9385
trpos2840.txt_allergen_2686,-0.6943,-2.1911,-1.3439,-1.535,-2.9108,-1.4713,-1.0318,-1.5159,-1.3694,-1.1401,-1.6879,-0.8217,-1.5414,-1.9809,-1.9299,-0.7006,-0.6688,-3.1592,-1.8854,-0.9427
trpos2840.txt_allergen_3532,-0.7947,-1.5211,-0.8237,-1.5158,-2.6974,-1.1711,-1.1895,-1.75,-1.3842,-1.7079,-1.7921,-0.9526,-1.3474,-1.8605,-2.2105,-0.5289,-0.95,-2.7684,-1.2474,-1.4105
trpos2840.txt_allergen_2359,-0.5813,-1.8373,-1.4458,-1.5542,-2.6777,-1.6566,-1.4759,-2.0241,-1.8976,-1.2982,-1.7651,-1.2681,-1.6295,-2.3825,-2.3464,-0.9277,-0.8675,-3.6867,-2.2229,-0.8283
trpos2840.txt_allergen_3497,-0.3723,-1.3796,-0.8175,-1.0876,-1.7737,-0.7737,-0.9124,-1.1095,-1.2993,-1.6496,-1.6496,-0.8686,-1.2409,-1.6131,-1.6204,-0.1606,-0.3431,-2.438,-1.2628,-1.219
trpos2840.txt_allergen_765,-0.9358,-1.7248,-1.4954,-0.7798,-2.5963,-1.2385,-0.4862,-2.1927,-1.9083,-1.7339,-1.6239,-0.5963,-0.5046,-1.8073,-2.9358,-1.0367,-1.2661,-3.6055,-2.4495,-1.6514
trpos2840.txt_allergen_2417,-1.0467,-1.4825,-1.3852,-2.07,-2.7432,-1.3774,-1.8755,-1.8794,-1.4825,-1.677,-1.6693,-1.4864,-1.6732,-2.1128,-1.9883,-0.7977,-0.786,-2.6226,-1.8327,-1.1712
trpos2840.txt_allergen_2143,-0.4129,-1.0152,-0.8523,-1.1098,-1.2083,-0.4659,-0.5795,-1.5417,-1.4205,-1.3523,-1.2992,-0.5379,-0.7083,-1.8447,-1.303,-0.2311,-0.4659,-2.3864,-1.5076,-0.9356
trpos2840.txt_allergen_3210,-0.4551,-1.5,-1.1474,-1.734,-2.5,-1.2917,-1.5865,-1.0481,-1.6154,-1.7596,-1.8237,-1.2756,-1.3269,-2.0609,-1.7179,-0.6026,-0.7885,-2.6603,-1.6667,-1.3269
trpos2840.txt_allergen_1073,-0.9636,-1.7,-1.4545,-0.7455,-2.6273,-1.2091,-0.4364,-2.4,-1.9364,-1.7727,-1.7,-0.7273,-0.6,-1.7273,-2.9818,-1.1727,-1.3091,-3.5182,-2.1545,-1.6455
trpos2840.txt_allergen_1133,-0.2697,-1.0112,-0.9026,-1.2247,-2.2772,-0.7041,-0.8652,-1.4682,-1.5843,-1.4457,-1.397,-0.6517,-1.2772,-1.764,-1.4831,-0.0524,-0.4906,-2.7491,-1.4569,-0.9288
trpos2840.txt_allergen_1291,-0.4495,-1.4312,-1.685,-1.9113,-2.9144,1.2508,-0.1131,-1.9969,-1.9664,-1.8685,-2,-0.2875,-1.0061,-2.7982,1.5596,-0.2875,-0.0275,-3.6361,-2.3211,-0.9052
trpos2840.txt_allergen_2386,-0.7531,-2.1975,-1.3086,-1.4691,-2.7531,-1.5494,-0.9321,-1.6049,-1.1173,-1.1914,-1.6852,-0.7716,-1.5679,-1.9815,-2.0247,-0.7593,-0.6235,-3.3086,-1.8642,-0.9753
trpos2840.txt_allergen_2253,-0.5269,-1.2424,-0.8047,-1.1616,-1.8855,-0.8165,-0.9562,-1.2727,-1.3721,-1.2778,-1.2795,-0.9663,-0.8754,-1.6212,-0.9596,-0.3502,-0.4259,-2.3586,-1.3754,-0.9613
trpos2840.txt_allergen_1333,-1.0587,-0.5427,-0.8577,-1.2651,-2.8043,0.1548,-0.4502,-1.4804,-1.4306,-1.7064,-1.7491,-1.0071,-1.6975,-1.9253,-1.6601,-0.4964,-0.9715,-3.0961,-1.9573,-1.4466
trpos2840.txt_allergen_732,-0.1295,-1.2086,-0.9496,-1.7122,-2.0288,-1.0935,-1.5971,-1.3309,-2.1655,-1.7914,-1.777,-0.9065,-1.6619,-2.7914,-0.777,-0.2662,-0.4676,-3.5468,-2.5108,-1.2662
trpos2840.txt_allergen_1540,-0.8217,-1.9302,-1.2481,-1.2946,-2.2946,-1.0853,-1.0853,-1.9457,-1.8605,-1.155,-1.6357,-0.6977,-1.5659,-2.5814,-1.7054,-0.7752,-0.5116,-3.2636,-2.1783,-0.7674
trpos2840.txt_allergen_284,-0.4046,-2.1298,-1.4733,-1.9466,-2.3359,-1.0687,-1.7099,-1.1374,-2.1679,-1.6641,-1.8779,-1.2595,-1.5191,-2.3359,-2.5496,-0.8015,-0.7634,-3.458,-2.0076,-1.2214
trpos2840.txt_allergen_597,-0.0487,-1.6592,-1.3783,-1.9775,-1.9888,-1.4831,-1.6742,-1.5056,-1.4307,-1.2135,-1.2397,-1.3933,-0.8652,-1.8315,-2.1835,-0.7828,-0.7828,-2.6891,-1.794,-0.8577
trpos2840.txt_allergen_625,-0.7529,-1.7588,-0.4708,-1.1226,-2.3463,-1.1751,-1.43,-1.0331,-1.7179,-1.358,-1.8599,-0.9844,-1.6381,-2.0603,-2.0078,-0.2802,-0.3852,-2.9922,-1.7004,-1.0798
trpos2840.txt_allergen_245,0.1056,-2.2609,-1.6708,-1.528,-2.8199,-1.4658,-1.5466,-1.9068,-1.1863,-1.4348,-1.1056,-1.0435,-1.0435,-1.7702,-2.795,-0.9379,-1.1366,-3.7205,-2.2484,-0.795
trpos2840.txt_allergen_1176,-0.5331,-0.8884,-0.7769,-1.124,-1.8347,-0.3719,-0.405,-1.7025,-1.1405,-1.2975,-1.1653,-0.2851,-0.7769,-1.5702,-1.3967,-0.3099,-0.5826,-2.3264,-1.1777,-0.938
trpos2840.txt_allergen_542,-0.2757,-1.4757,-1.0432,-1.3081,-2.1622,-0.8432,-1.0054,-1.8324,-1.8054,-1.2811,-1,-0.6378,-1.1027,-1.8054,-2.0378,0.0649,-0.2703,-3.2054,-1.7838,-0.9297
trpos2840.txt_allergen_1039,-0.7134,-0.3537,-0.9939,-1.1098,-1.7683,-0.0793,-0.378,-1.4878,-1.1402,-1.6463,-1.3902,-0.6159,-0.8963,-1.8049,-1.4268,-0.2134,-0.628,-2.2439,-1.3902,-1.311
trpos2840.txt_allergen_745,-0.1727,-2.1566,-1.6667,-2.0482,-2.6386,-1.5663,-1.4498,-2.0321,-2.1767,-1.3735,-1.6506,-1.3092,-1.8916,-2.4257,-2.6345,-1.1526,-1.3012,-3.7952,-2.5141,-1.0201
trpos2840.txt_allergen_2858,-0.8807,-1.4587,-1.4312,-0.7248,-2.7248,-1.1927,-0.422,-2.2294,-1.8165,-1.8716,-1.7431,-0.5596,-0.4587,-1.8073,-2.8349,-1.0459,-1.2844,-3.7523,-2.3761,-1.5413
trpos2840.txt_allergen_488,-0.4046,-2.1298,-1.4809,-1.9084,-2.3053,-1.1221,-1.7099,-1.1221,-2.2137,-1.7099,-1.8321,-1.229,-1.4733,-2.3282,-2.5725,-0.8397,-0.8168,-3.542,-2.1069,-1.2366
trpos2840.txt_allergen_2340,-1.1304,-1.3043,-2.3043,-2.7826,-1.3913,-1.3913,-1.7826,-2.6522,-1.5652,-0.3913,0.3043,-1.8261,-0.2609,-1.087,-1.5652,-1.4348,-0.6957,-2.3478,-1,-0.5652
trpos2840.txt_allergen_2929,-0.4403,-2.1119,-1.4627,-1.8507,-2.2239,-1.097,-1.6642,-1.1343,-2.1642,-1.6194,-1.8209,-1.209,-1.4627,-2.3134,-2.5075,-0.8209,-0.7612,-3.4552,-2.0746,-1.2015
trpos2840.txt_allergen_991,-0.1389,-1.1759,-0.6296,-0.7685,-1.5278,-0.9352,-0.787,-0.963,-1.4722,-2.3333,-2.3611,-0.6111,-1.9537,-2.6296,-0.0648,-0.0833,-0.4074,-2.8889,-2.037,-1.7963
trpos2840.txt_allergen_1163,-0.4511,-2.0752,-1.4962,-1.9023,-2.2707,-1.1955,-1.7669,-1.1429,-2.1353,-1.6767,-1.8496,-1.2782,-1.5263,-2.3534,-2.5263,-0.8571,-0.8195,-3.609,-2.1654,-1.2556
trpos2840.txt_allergen_2382,-1.0463,-0.8149,-0.8098,-1.5604,-2.8946,-0.1954,-0.7841,-1.6478,-1.401,-1.5141,-1.527,-1.1902,-1.6427,-1.671,-1.7249,-0.581,-0.9717,-2.8869,-1.7018,-1.2134
trpos2840.txt_allergen_3355,-0.9563,-1.1399,-1.0904,-1.5394,-2.4315,-0.828,-0.9388,-1.7726,-1.6327,-1.0904,-1.0787,-0.9504,-1.3499,-1.9475,-1.1633,-0.07,-0.2391,-2.5685,-1.7493,-0.8251
trpos2840.txt_allergen_2292,-0.0788,-1.5051,-1.6242,-1.6566,-2.396,-1.2081,-1.2485,-1.7374,-1.6808,-1.3131,-1.4263,-1.3212,-1.3576,-2.1616,-2.2,-0.9919,-0.8949,-3.101,-2.0566,-0.9051
trpos2840.txt_allergen_1596,-0.6935,-1.4576,-1.1977,-1.3955,-2.3051,-1.0141,-1.096,-1.8079,-1.7175,-1.846,-1.6907,-0.8559,-1.5664,-2.2076,-1.9548,-0.6412,-0.9068,-3.0212,-1.9336,-1.3446
trpos2840.txt_allergen_748,-0.8598,-1.5047,-0.8069,-1.6199,-2.5483,-1.2399,-1.2492,-1.6978,-1.4206,-1.6075,-1.6947,-0.9813,-1.3458,-1.9408,-2.2586,-0.6885,-1.0031,-2.7508,-1.2555,-1.2741
trpos2840.txt_allergen_3211,-0.3381,-1.6187,-1.277,-1.9029,-2.5396,-1.4245,-1.8345,-1.1007,-1.9245,-1.8921,-1.9209,-1.3957,-1.5,-2.0647,-1.9964,-0.5827,-0.8129,-2.8345,-1.8309,-1.3381
trpos2840.txt_allergen_495,-0.7829,-1.8837,-1.2093,-1.2946,-2.2713,-0.9612,-1.0775,-1.907,-1.8295,-1.124,-1.7209,-0.5814,-1.6124,-2.6279,-1.7054,-0.7597,-0.5194,-3.3333,-2.1705,-0.6434
trpos2840.txt_allergen_961,-0.2024,-2.1538,-1.6478,-1.9514,-2.6437,-1.5992,-1.417,-2.0324,-2.1781,-1.4211,-1.6316,-1.3198,-1.9352,-2.4453,-2.664,-1.1093,-1.3279,-3.8138,-2.5061,-1.0891
trpos2840.txt_allergen_2925,-0.4179,-2.1119,-1.5,-1.8657,-2.1493,-1.097,-1.6642,-1.1269,-2.1866,-1.6493,-1.791,-1.2239,-1.4179,-2.3134,-2.5373,-0.8582,-0.7612,-3.4552,-2.0672,-1.194
trpos2840.txt_allergen_353,-0.3817,-2.1603,-1.4504,-1.916,-2.3588,-1.1145,-1.6794,-1.1908,-2.2061,-1.6947,-1.8321,-1.2443,-1.5115,-2.3435,-2.5878,-0.7939,-0.7481,-3.5191,-2.084,-1.1985
trpos2840.txt_allergen_3143,-0.8221,-1.5,-1.2692,-1.7644,-2.5721,-0.976,-1.0962,-2.3462,-1.1731,-1.3798,-1.101,-0.8173,-0.8125,-1.4375,-2.0529,-1.2548,-1.149,-2.4375,-1.149,-1.3125
trpos2840.txt_allergen_308,-0.6687,-1.7952,-1.2349,-0.9578,-2.8554,-1.3253,-0.9458,-1.5241,-1.8193,-1.1145,-1.3012,-0.7952,-1.6084,-1.5241,-1.9277,-0.8494,-0.8855,-3.1024,-1.9277,-0.753
trpos2840.txt_allergen_2502,-0.9091,-1.3636,-1.4545,-1.3636,-2.2727,-1,-0.8182,-1.5455,-1.6364,-1.1818,-1.2727,-1.1818,-1,-1.2727,-1.4545,-0.8182,-0.9091,-1.4545,-1.1818,-0.9091
trpos2840.txt_allergen_921,-0.907,-1.5017,-1.0066,-1.6113,-2.5382,-1.1528,-1.4585,-1.8638,-1.8306,-1.515,-1.6346,-1.0731,-1.4319,-1.8106,-2.0299,-0.7608,-0.8804,-3.0233,-1.5017,-1.3721
trpos2840.txt_allergen_1466,-0.7886,-1.9818,-1.6386,-1.8227,-2.9477,-1.6455,-1.4477,-1.9682,-2.1727,-1.7114,-1.9364,-1.3045,-1.7068,-2.4,-2.7886,-1.1091,-1.2136,-3.6523,-2.2705,-1.525
trpos2840.txt_allergen_1518,-1.0642,-1.7798,-1.5688,-0.7339,-2.6881,-1.3028,-0.422,-2.4037,-1.945,-1.8165,-1.6697,-0.7248,-0.4037,-1.7523,-2.8716,-1.1009,-1.2844,-3.6881,-2.3486,-1.578
trpos2840.txt_allergen_3287,-0.314,-1.6488,-0.9215,-1.4091,-1.5744,-0.9545,-1.4711,-0.5289,-1.5744,-1.8884,-1.9421,-1.2645,-1.5413,-2.1364,-1.0331,-0.157,-0.3678,-2.343,-1.405,-1.4711
trpos2840.txt_allergen_1352,-1.1059,-0.2215,-0.741,-1.3257,-2.5717,0.2117,-0.1824,-1.5423,-1.1124,-1.7964,-1.6759,-0.7508,-1.6857,-1.9316,-1.5326,-0.5261,-1.0684,-2.8599,-1.6336,-1.4674
trpos2840.txt_allergen_1535,-0.8217,-1.9457,-1.2403,-1.2636,-2.2481,-1.1008,-1.1085,-1.9302,-1.8295,-1.1473,-1.6667,-0.6822,-1.5736,-2.5814,-1.6977,-0.7752,-0.5504,-3.3411,-2.1395,-0.6899
trpos2840.txt_allergen_2656,-0.4606,-1.543,-1.0054,-1.3154,-2.9319,-0.9158,-1.0394,-1.4283,-1.552,-1.7849,-1.6075,-1.0376,-1.5896,-1.9606,-0.8799,-0.3817,-0.3674,-2.8584,-1.6434,-1.2688
trpos2840.txt_allergen_1051,-0.1136,-1.3788,-1.0076,-1.2121,-1.5985,-1.2197,-1.0379,-1.1515,-1.75,-2.0076,-1.9697,-0.7727,-1.5985,-2.1515,-0.5909,-0.303,-0.5833,-3.1061,-2.1515,-1.5227
trpos2840.txt_allergen_1550,0.7561,-1.3275,-1.3101,-1.4425,-1.9721,-0.8606,-0.77,-1.0418,-1.5645,-1.446,-1.6237,-0.6202,-1.2753,-1.9791,-0.7666,-0.0035,-0.1394,-2.5714,-1.5436,-0.77
trpos2840.txt_allergen_568,-1.183,-0.4719,-0.8004,-1.4511,-2.9522,-0.106,-0.5489,-1.7443,-1.1975,-1.8254,-1.7277,-0.894,-1.7609,-1.763,-1.7505,-0.6549,-1.104,-3.0104,-1.7609,-1.4366
trpos2840.txt_allergen_3209,-0.4586,-1.6504,-1.3008,-1.9624,-2.4173,-1.4549,-1.8797,-1.1729,-2.0263,-1.8383,-1.8308,-1.391,-1.4737,-2.0226,-2.1203,-0.5414,-0.8308,-2.8045,-1.8421,-1.3571
trpos2840.txt_allergen_2462,-1.1429,-1.2857,-1.1429,-1.7857,-2.0714,-0.6429,-0.9286,-2.5714,-1.4286,-0.8571,-0.6429,-0.8571,-0.6429,-1.4286,-0.8571,-0.8571,-0.2143,-1.5,-0.8571,-0.6429
trpos2840.txt_allergen_2895,-0.9453,-1.7188,-1.7891,-1.9062,-3.1328,-1.6719,-1.0078,-2.4141,-2.0781,-1.6094,-2.0625,-1.5,-1.6953,-2.4453,-2.5938,-1.2109,-1.5703,-3.7969,-2.4062,-1.4844
trpos2840.txt_allergen_1103,-0.4121,-1.4725,-1.2775,-1.4258,-2.4588,-0.8159,-0.8297,-1.7005,-1.761,-1.5769,-1.5082,-0.7582,-1.3104,-2.2527,-1.956,-0.8022,-0.8407,-2.9918,-1.8571,-1.3242
trpos2840.txt_allergen_928,-1.047,-0.5503,-1.5839,-1.7047,-2.1275,0.2215,-0.5503,-1.7584,-1.5302,-1.6846,-1.4765,-0.9128,-0.4832,-1.8255,-1.7584,-0.8591,-1.2081,-2.4295,-1.8322,-1.4899
trpos2840.txt_allergen_2970,-0.4179,-2.1343,-1.4851,-1.8433,-2.2164,-1.097,-1.7239,-1.1567,-2.2015,-1.6418,-1.8284,-1.2836,-1.4104,-2.291,-2.5672,-0.8284,-0.7313,-3.5,-2.1493,-1.194
trpos2840.txt_allergen_858,-1.0642,-1.8257,-1.6147,-0.8073,-2.8165,-1.2844,-0.4128,-2.4771,-1.8807,-1.6972,-1.6972,-0.8349,-0.2844,-1.7706,-3.0642,-1.2202,-1.3761,-3.5413,-2.2569,-1.5596
trpos2840.txt_allergen_2112,-1.0504,-1.4258,-1.2773,-1.3221,-2.5518,-1.0756,-0.9272,-2.0308,-1.6331,-1.3978,-1.2409,-0.7871,-1.2913,-2.0168,-2.2269,-0.8768,-1,-3.1793,-1.8964,-1.2661
trpos2840.txt_allergen_1805,-0.3795,-0.9217,-1.6928,-1.6566,-1.9096,-0.6747,-1.253,-1.3675,-1.7651,-1.6928,-1.3133,-1.4759,-1.0843,-2.1205,-1.0904,-0.5361,-0.7892,-2.2831,-1.6506,-0.9277
trpos2840.txt_allergen_3380,-1.25,-1.4318,-1.3864,-1.5739,-3.1989,-1.0966,-0.8352,-2.267,-1.6307,-1.2784,-1.1761,-1.017,-1.2273,-1.3864,-2.3807,-1.0398,-0.6136,-3.3523,-1.6932,-1.0682
trpos2840.txt_allergen_2956,-0.4403,-2.1119,-1.4851,-1.8358,-2.2313,-1.0896,-1.6567,-1.1343,-2.1642,-1.6119,-1.8209,-1.2015,-1.4701,-2.3134,-2.5075,-0.8209,-0.7612,-3.4552,-2.0746,-1.1866
trpos2840.txt_allergen_2978,-0.3511,-1.542,-1.5954,-2.2748,-2.0076,-1.626,-2.0992,-0.9389,-2.0305,-1.6412,-1.8931,-1.5878,-1.3664,-2.0534,-2.0916,-0.6489,-0.8015,-3.0611,-1.7786,-1.2672
trpos2840.txt_allergen_2702,-0.0583,-1.5485,-0.7767,-1.0704,-2.7476,-1.0534,-1.2597,-1.3034,-1.7112,-1.4757,-1.6214,-1.0777,-1.5777,-2.1141,-1.8228,-0.1748,-0.4903,-2.682,-1.4126,-1.0364
trpos2840.txt_allergen_2793,-0.7031,-1.5208,-1.1667,-1.8698,-2.349,-0.8073,-1.2448,-2.401,-1.5417,-1.0729,-1.2604,-1.2396,-1.1719,-1.8177,-0.5365,-0.651,-0.4271,-2.9219,-1.4844,-0.7344
trpos2840.txt_allergen_148,-1.1294,-1.5294,-1.5765,-0.8118,-3.1176,-1.0824,-0.5059,-2.6353,-2.0353,-1.8471,-1.6235,-0.6824,-0.3176,-2.0941,-3.4353,-1.1647,-1.3647,-3.7294,-2.4118,-1.8
trpos2840.txt_allergen_3494,-0.4015,-1.2847,-0.7956,-1.2263,-1.781,-0.8102,-0.927,-1.2701,-1.3723,-1.6496,-1.6277,-0.9051,-1.2117,-1.6715,-1.5912,-0.1752,-0.2993,-2.4307,-1.3431,-1.3504
trpos2840.txt_allergen_3183,-0.5081,-1.6707,-1.4065,-2.0041,-2.5366,-1.5081,-1.9553,-1.2154,-2.1179,-1.9553,-1.9634,-1.5081,-1.5772,-2.2033,-2.2073,-0.7154,-0.9309,-3.0081,-1.9106,-1.4268
trpos2840.txt_allergen_3170,-0.4055,-1.5361,-1.2371,-1.866,-2.5361,-1.4021,-1.8076,-1.0825,-1.8832,-1.8282,-1.89,-1.3883,-1.4467,-2.1718,-1.7904,-0.6564,-0.866,-2.6907,-1.7869,-1.2887
trpos2840.txt_allergen_2601,0.0526,-0.3158,-1.1053,-1.6316,-1.7368,-0.3684,-0.3684,-1.9474,-1.3684,-0.9474,-0.8947,-0.1053,-0.4737,-1.7895,-1.1053,-0.1579,0.3158,-2.4737,-1.3684,-0.4737
trpos2840.txt_allergen_2273,-1.0683,-0.9089,-0.8428,-1.6651,-2.8975,-0.4943,-0.9841,-1.8269,-1.3736,-1.5923,-1.4829,-1.1367,-1.6492,-1.6424,-1.8952,-0.6014,-1.0866,-3.1913,-1.7745,-1.2893
trpos2840.txt_allergen_2673,-1.2868,-1.3411,-1.0465,-1.4419,-2.7442,-1.3178,-1.5659,-2,-1.5659,-2.1318,-2.093,-0.969,-1.8217,-2.5504,-2.7907,-1.0155,-1.2403,-2.9767,-1.8992,-1.9302
trpos2840.txt_allergen_3207,-0.5076,-1.5455,-1.3295,-1.9394,-2.3258,-1.4053,-1.8902,-1.2121,-2.0606,-1.8144,-1.8295,-1.4659,-1.5,-2.0303,-2.0076,-0.6061,-0.8447,-2.7992,-1.7424,-1.3295
trpos2840.txt_allergen_1526,-0.8649,-1.8288,-0.8514,-1.5586,-2.4234,-1.3018,-1.4459,-1.473,-1.7658,-1.7072,-2.0991,-1.2342,-1.5856,-2.1757,-2.4955,-0.5631,-1.0541,-2.8288,-1.3333,-1.2477
trpos2840.txt_allergen_1501,-1.2156,-1.7143,-1.2961,-1.6597,-2.9662,-1.2987,-1.3143,-2.5455,-1.6026,-1.4987,-1.2883,-0.987,-1.0416,-1.8,-2.5247,-0.774,-0.7844,-3.6338,-1.9506,-1.2571
trpos2840.txt_allergen_2890,-1.0249,-0.9164,-0.8843,-1.2776,-1.2456,-0.7669,-1.048,-1.3292,-0.9021,-1.758,-1.532,-1.1779,-1.6335,-1.7438,-1.1512,-0.5285,-0.6601,-2.4769,-1.427,-1.2918
trpos2840.txt_allergen_1680,-0.3984,-1.5935,-1.0976,-1.7886,-1.7927,-1.1382,-1.6829,-1.0528,-1.6016,-1.7967,-1.7805,-1.3862,-1.6016,-1.8374,-1.4634,-0.4756,-0.4756,-2.561,-1.7276,-1.313
trpos2840.txt_allergen_1117,-0.2024,-2.1457,-1.7085,-1.9798,-2.6518,-1.5992,-1.4291,-2.0567,-2.17,-1.4049,-1.668,-1.3158,-1.9271,-2.4453,-2.6761,-1.1538,-1.3036,-3.8219,-2.5101,-1.0972
trpos2840.txt_allergen_2932,-0.403,-2.1045,-1.4851,-1.8507,-2.1716,-1.0821,-1.6493,-1.1343,-2.209,-1.6493,-1.7761,-1.2313,-1.4403,-2.306,-2.5373,-0.8582,-0.7463,-3.4403,-2.0821,-1.194
trpos2840.txt_allergen_934,-1.3059,-1.3941,-1.5529,-1.6176,-3.1294,-1.0412,-0.7353,-2.5235,-1.5824,-1.2882,-1.2412,-0.7824,-1.1647,-1.7529,-2.5176,-1.1353,-0.6,-3.4882,-1.6118,-0.9824
trpos2840.txt_allergen_1865,-0.3942,-1.1752,-0.6861,-0.8905,-1.562,-0.7226,-0.7518,-1.1825,-1.2263,-1.4307,-1.3796,-0.8102,-0.9708,-1.4234,-1.5255,-0.1168,-0.3723,-2.1679,-1.1533,-1.0949
trpos2840.txt_allergen_2811,-0.6835,-2.1709,-1.2975,-1.4937,-2.8861,-1.4747,-0.9177,-1.557,-1.3861,-1.1139,-1.6203,-0.8734,-1.5506,-1.9304,-1.9557,-0.7215,-0.6519,-3.1456,-1.8228,-0.8734
trpos2840.txt_allergen_1109,-0.1232,0.3063,-0.4225,-0.6021,-3.6831,1.331,1.7289,-3.0387,-1.2007,-1.7782,-0.669,1.1268,-0.8908,-3.5035,-3.919,-0.6056,-0.8486,-4.5634,-2.8979,-1.8063
trpos2840.txt_allergen_2117,-0.8217,-1.9225,-1.2636,-1.3178,-2.2713,-0.9922,-1.0698,-1.9612,-1.8295,-1.1163,-1.7674,-0.5891,-1.6744,-2.6124,-1.7054,-0.7829,-0.5194,-3.2713,-2.2016,-0.7054
trpos2840.txt_allergen_268,-0.5899,-1.3241,-1.3671,-1.2709,-2.3418,-0.8481,-0.7544,-2.0101,-1.3722,-1.1139,-0.8304,-1,-0.6861,-1.4203,-1.7949,-0.6987,-0.6937,-2.4861,-1.3089,-0.8127
trpos2840.txt_allergen_272,-0.2148,0.3486,-0.5141,-0.6232,-3.4824,1.3838,1.7535,-3.1725,-1.0211,-1.8099,-0.6549,1.2394,-0.831,-3.4824,-4.1796,-0.6232,-0.9401,-4.4225,-2.8521,-1.8099
trpos2840.txt_allergen_22,-0.7812,-2.15,-1.275,-1.4438,-2.875,-1.525,-0.9312,-1.6812,-1.125,-1.25,-1.6687,-0.75,-1.575,-1.975,-2.0312,-0.8312,-0.625,-3.2625,-1.85,-0.9875
trpos2840.txt_allergen_1634,-0.9589,-1.6667,-1.4658,-1.7215,-2.5479,-0.9726,-1.1142,-2.4064,-1.2511,-1.4932,-1.2603,-0.8356,-0.9909,-1.4247,-2.0457,-1.3699,-1.274,-2.7717,-1.242,-1.3744
trpos2840.txt_allergen_2016,-0.89,-1.75,-1.08,-1.95,-3.33,-1.14,-1.65,-1.66,-2.19,-2.04,-2.15,-1.27,-1.62,-2.21,-2.43,-0.72,-0.79,-2.82,-1.92,-1.32
trpos2840.txt_allergen_2857,-1.0198,-1.0972,-1.4563,-1.869,-2.3016,-1.2044,-1.4306,-2.1508,-0.9147,-1.1032,-0.6528,-1.254,-0.4722,-0.9306,-1.9385,-0.9762,-0.881,-2.3472,-1.4623,-1.0893
trpos2840.txt_allergen_1368,-0.7062,-2.1688,-1.325,-1.4812,-2.8875,-1.5625,-0.95,-1.6,-1.1,-1.175,-1.7375,-0.8062,-1.5875,-2.0688,-2.1375,-0.7875,-0.6375,-3.3,-1.8188,-0.975
trpos2840.txt_allergen_2353,-0.6522,-1.6087,-1.8261,-2.5652,-1.087,-1.3478,-1.6957,-2.087,-2.4348,-0.1304,-0.4348,-0.7826,-0.4783,-2.1739,-2.2609,-0.7826,-0.2174,-2.7826,-1.8696,-0.087
trpos2840.txt_allergen_1581,-0.6058,-1.5768,-1.2241,-1.8091,-2.6971,-1.4149,-1.7967,-1.1286,-2.083,-2.112,-2.1992,-1.2988,-1.7427,-2.3859,-1.9751,-0.7469,-0.8548,-2.9668,-1.9295,-1.556
trpos2840.txt_allergen_1457,-0.7296,-2.1761,-1.3208,-1.4969,-2.9119,-1.5409,-0.9497,-1.6604,-1.1384,-1.2013,-1.7233,-0.7547,-1.6164,-2.0314,-2.0881,-0.8113,-0.6478,-3.3208,-1.8302,-1
trpos2840.txt_allergen_95,-0.8062,-2.1875,-1.275,-1.4438,-2.7625,-1.5312,-0.875,-1.6562,-1.0938,-1.2312,-1.675,-0.725,-1.5375,-2.0187,-2.025,-0.7688,-0.625,-3.2687,-1.8375,-0.9938
trpos2840.txt_allergen_1086,-1.1498,-1.1982,-0.7445,-1.1806,-2.0529,-0.7621,-1.0264,-1.837,-1.1498,-1.3172,-1.1366,-0.8062,-1.0176,-1.8282,-1.7093,-0.7401,-0.6344,-2.8326,-1.511,-1.022
trpos2840.txt_allergen_2596,-1.2,-2.225,-1.875,-1.25,-3,-1.125,-0.8,-2.65,-1.95,-2.25,-2.05,-1.125,-1.75,-1.925,-2.825,-1.225,-1.525,-2.2,-1.225,-1.975
trpos2840.txt_allergen_344,-0.7358,-2.1635,-1.3711,-1.4591,-2.8553,-1.5472,-0.8553,-1.5597,-1.1132,-1.195,-1.6667,-0.7233,-1.6289,-2.0377,-2.0503,-0.7736,-0.6164,-3.195,-1.8365,-0.9811
trpos2840.txt_allergen_642,-0.9281,-1.4248,-0.7516,-1.7516,-2.7974,-1.0196,-1.5098,-1.9673,-1.2745,-2.2222,-2.3464,-0.9542,-1.7908,-2.2941,-2.098,-0.6536,-1.1176,-2.4967,-1.2222,-1.6667
trpos2840.txt_allergen_774,-0.3893,-2.1374,-1.4656,-1.9466,-2.2901,-1.1298,-1.7023,-1.1221,-2.1985,-1.7023,-1.7557,-1.2748,-1.4809,-2.3053,-2.5802,-0.8321,-0.8092,-3.542,-2.0992,-1.1908
trpos2840.txt_allergen_3042,-0.9549,-1.4511,-0.8402,-1.0602,-2.7218,-0.9361,-1.0789,-1.5282,-1.3327,-1.3289,-1.3026,-1.0226,-1.4117,-1.4511,-1.782,-0.6015,-0.5846,-2.3571,-1.1278,-1.032
trpos2840.txt_allergen_1963,-0.0345,-1.3517,-1.6552,-1.7793,-2.2276,-0.7448,-1.3172,-1.1448,-1.5103,-1.0966,-0.9517,-1.0966,-0.5793,-1.6552,-1.7724,-0.3724,-0.1517,-2.6552,-1.4276,-0.6759
trpos2840.txt_allergen_1200,-1.0797,-0.9043,-0.8337,-1.672,-2.9066,-0.4282,-0.9727,-1.8064,-1.3941,-1.5923,-1.4738,-1.1481,-1.6469,-1.656,-1.8998,-0.6105,-1.0774,-3.1891,-1.7654,-1.2779
trpos2840.txt_allergen_2422,-1.2931,-1.5287,-1.3276,-1.477,-3.2011,-1.1149,-0.7701,-2.2759,-1.4828,-1.3161,-1.2874,-0.6782,-1.2644,-1.7644,-2.3161,-0.9885,-0.6034,-3.5172,-1.7011,-0.9713
trpos2840.txt_allergen_2843,-0.6218,-1.2305,-1.0828,-1.2403,-2.4399,-0.8555,-0.9302,-1.6104,-1.3393,-1.3101,-1.211,-0.9432,-1.1883,-1.4675,-1.5536,-0.6088,-0.7321,-2.2695,-1.1331,-0.9773
trpos2840.txt_allergen_2717,-0.6522,-1.3565,-1.2,-1.5217,-1.8957,-0.8261,-0.8087,-1.8174,-1.6348,-0.9565,-0.713,-0.8522,-0.487,-1.5652,-1.8609,-0.6609,-0.287,-2.5304,-1.2957,-0.4957
trpos2840.txt_allergen_1725,-0.4122,-2.1603,-1.4809,-1.916,-2.3435,-1.1221,-1.687,-1.1374,-2.1832,-1.7023,-1.8244,-1.2595,-1.4809,-2.3664,-2.5496,-0.8168,-0.7863,-3.5267,-2.0763,-1.2443
trpos2840.txt_allergen_657,-0.3893,-2.1756,-1.4885,-1.9618,-2.3511,-1.1603,-1.7023,-1.1221,-2.2061,-1.7252,-1.8626,-1.2672,-1.4885,-2.3206,-2.5344,-0.8244,-0.7939,-3.5267,-2.0916,-1.2366
trpos2840.txt_allergen_500,-0.7532,-2.1688,-1.3052,-1.487,-2.7987,-1.474,-0.9545,-1.6494,-1.0325,-1.1494,-1.6169,-0.6883,-1.4935,-1.9351,-2.1039,-0.8506,-0.6104,-3.2662,-1.8442,-0.9091
trpos2840.txt_allergen_2760,-0.4457,-1.6848,-1.587,-1.5326,-1.7283,-1.087,-1.1522,-2.0543,-2.2283,-0.9239,-0.6413,-1.0761,-0.5,-1.8478,-1.7935,-0.587,-0.3913,-2.9674,-1.9891,-0.8043
trpos2840.txt_allergen_2605,0.2917,-0.3333,-0.4583,-0.5833,-1.7917,0.0417,-0.0833,-1.4583,-1.25,-1.5,-1.0833,-0.2917,-0.8333,-2.1667,-1.5,0,-0.4167,-2.625,-1.875,-1.0417
trpos2840.txt_allergen_2270,-0.3676,-1.9926,-1.4338,-1.8382,-2.2206,-1.1838,-1.7426,-1.0074,-2.0882,-1.6838,-1.8897,-1.25,-1.6103,-2.3676,-2.4706,-0.8162,-0.8456,-3.5662,-2.1838,-1.2426
trpos2840.txt_allergen_1932,-1.0865,-1.3587,-1.0129,-1.2374,-2.7871,-1.0052,-1.0206,-1.8477,-1.2568,-1.2142,-1.311,-0.9548,-1.3652,-1.3368,-1.8155,-0.489,-0.6774,-2.4271,-0.9161,-1.0297
trpos2840.txt_allergen_2629,-0.8742,-2.0818,-1.2264,-1.3019,-2.8491,-1.4717,-0.8302,-1.5849,-0.9937,-1.1321,-1.5849,-0.7296,-1.4906,-1.9245,-1.956,-0.8176,-0.5849,-3.1384,-1.8113,-0.956
trpos2840.txt_allergen_3169,-0.4962,-1.5725,-1.3664,-1.9313,-2.4542,-1.4275,-1.8702,-1.2099,-2.0649,-1.8664,-1.8626,-1.4046,-1.4962,-2.0992,-2.1298,-0.6183,-0.9008,-2.874,-1.8855,-1.3168
trpos2840.txt_allergen_2966,-0.4179,-2.1269,-1.4776,-1.8657,-2.2015,-1.0821,-1.6716,-1.1269,-2.194,-1.6493,-1.7761,-1.2537,-1.4104,-2.3209,-2.5373,-0.8657,-0.7537,-3.4552,-2.0821,-1.2164
trpos2840.txt_allergen_3443,-1,-1.012,-1.412,-1.764,-3.028,-0.732,-0.936,-1.816,-1.396,-1.164,-1.116,-1.112,-1.28,-1.796,-1.04,-0.144,-0.208,-2.832,-1.828,-0.62
trpos2840.txt_allergen_1346,-0.8897,-0.2276,-1.2207,-1.3586,-1.8621,0.6207,-0.4621,-1.4483,-1.1586,-1.7379,-1.5034,-0.531,-0.9655,-2.0414,-0.8966,-0.7793,-1.1103,-2.3103,-1.7034,-1.4621
trpos2840.txt_allergen_511,-1.0367,-1.7248,-1.4954,-0.6881,-2.6147,-1.2202,-0.422,-2.367,-1.7156,-1.7156,-1.6055,-0.7615,-0.3945,-1.6789,-2.9541,-1.1101,-1.2018,-3.7615,-2.3853,-1.5505
trpos2840.txt_allergen_1168,-1.0701,-0.6369,-0.8365,-1.4735,-2.9151,-0.1911,-0.6285,-1.758,-1.2569,-1.7006,-1.6136,-0.9788,-1.6985,-1.8089,-1.7304,-0.6327,-1.0573,-3.087,-1.7197,-1.397
trpos2840.txt_allergen_2969,-0.4179,-2.1194,-1.4776,-1.8731,-2.1493,-1.097,-1.6791,-1.1567,-2.1791,-1.6716,-1.7761,-1.2388,-1.4179,-2.291,-2.5373,-0.8582,-0.7761,-3.4403,-2.0597,-1.209
trpos2840.txt_allergen_870,-0.7585,-1.3517,-1.2288,-1.5339,-2.3602,-0.9492,-0.9237,-2.1907,-1.2203,-1.4068,-1.0975,-0.7288,-0.7585,-1.2542,-1.8432,-1.2288,-1.1186,-2.4958,-1.1398,-1.1102
trpos2840.txt_allergen_2385,-0.4981,-1.5502,-1.3197,-1.948,-2.5836,-1.5019,-1.8736,-1.1413,-1.974,-1.8625,-1.9405,-1.4201,-1.5279,-2.0781,-2.0446,-0.6952,-0.855,-2.803,-1.8885,-1.368
trpos2840.txt_allergen_2087,-0.4375,-1.4,-0.85,-1.275,-1.8687,-0.9938,-1.1125,-0.4812,-1.5688,-1.3687,-1.4688,-1.1187,-0.975,-1.9563,-0.725,-0.3188,-0.8312,-2.5625,-1.7625,-0.9375
trpos2840.txt_allergen_2560,-0.5154,-1.5308,-1.0923,-1.4231,-1.2846,-1.1538,-1.1385,-1.5538,-1.5615,-1.4308,-1.4231,-1.0385,-0.9692,-1.6615,-1.4692,-0.3615,-0.5,-2.5769,-1.4615,-1.1077
trpos2840.txt_allergen_430,-0.3407,-1.5824,-1.044,-2.2747,-2.0659,-1.5385,-2.3077,-1.6044,-2.7253,-1.989,-2.0659,-1.2308,-1.8352,-3.2967,-1.8352,-0.4066,-0.5934,-4.2198,-2.9121,-1.4615
trpos2840.txt_allergen_1573,-0.7588,-1.7257,-0.5233,-1.1751,-2.321,-1.1518,-1.43,-1.0525,-1.644,-1.3171,-1.8249,-0.963,-1.5272,-2.0467,-2.0097,-0.3093,-0.3774,-3.0214,-1.7082,-0.9961
trpos2840.txt_allergen_99,-0.7125,-2.1938,-1.3062,-1.4625,-2.8688,-1.5562,-0.9312,-1.625,-1.0938,-1.1625,-1.75,-0.8062,-1.575,-2.0812,-2.1437,-0.7625,-0.625,-3.3125,-1.8313,-1
trpos2840.txt_allergen_3140,-0.3484,-0.8516,-1.8387,-1.7742,-1.8129,-0.8258,-1.2,-1.4839,-2.0581,-1.6968,-1.3355,-1.4452,-1.1484,-2.3097,-1.1871,-0.5806,-0.7419,-2.6774,-1.8903,-0.8581
trpos2840.txt_allergen_1955,-0.8781,-1.5063,-0.7219,-1.6062,-2.5938,-1.1969,-1.2469,-1.6906,-1.4375,-1.6531,-1.7156,-1.0312,-1.3687,-2,-2.3688,-0.6875,-1.0531,-2.7844,-1.2875,-1.3031
trpos2840.txt_allergen_787,-0.9842,-0.6515,-0.8079,-1.5248,-2.7267,-0.0475,-0.7624,-1.5525,-1.2535,-1.5069,-1.4178,-1.0931,-1.596,-1.4851,-1.598,-0.4238,-0.9168,-2.7901,-1.6772,-1.1663
trpos2840.txt_allergen_413,-0.6423,-0.9635,-1.2409,-1.562,-1.708,-0.9489,-1.0949,-2.0146,-1.9343,-0.9051,-1.1898,-0.4088,-0.927,-2.1168,-1.7153,-0.7737,-0.5255,-2.781,-1.7591,-0.7299
trpos2840.txt_allergen_3138,-1.1332,-1.6658,-1.2889,-1.5754,-2.9296,-1.2437,-1.2915,-2.5226,-1.5879,-1.4824,-1.2412,-0.9171,-0.9598,-1.7688,-2.4171,-0.7161,-0.7613,-3.5603,-1.9422,-1.2186
trpos2840.txt_allergen_1795,-0.6589,-1,-1.3488,-1.1473,-2.5194,-0.3411,-0.3643,-2.2093,-1.2093,-1.2558,-0.9922,-0.3566,-0.7519,-1.6202,-2.2326,-0.9225,-0.7597,-2.9147,-1.5969,-1.1628
trpos2840.txt_allergen_760,0.0216,-1.1459,-0.7351,-1.0649,-1.4054,-0.5676,-0.7838,-0.9784,-1.2757,-1.3514,-1.4054,-0.8973,-0.9027,-1.627,-1.3297,0.0649,-0.4162,-2.3081,-1.3135,-0.9622
trpos2840.txt_allergen_824,-0.8333,-2.18,-1.34,-1.4733,-2.7733,-1.5733,-0.8667,-1.7067,-1.2533,-1.14,-1.5933,-0.7667,-1.5533,-1.9333,-2.04,-0.8067,-0.6067,-3.2267,-1.82,-0.9267
trpos2840.txt_allergen_2399,-0.4333,-1.8111,-1.7778,-2.0222,-1.7889,-1.1222,-1.1111,-2.3778,-2.3556,-1.0111,-0.4889,-1.0111,-0.5778,-1.8222,-1.8667,-0.6667,-0.5556,-3.1333,-2.0222,-0.7556
trpos2840.txt_allergen_2726,-0.8797,-1.4232,-0.8257,-1.7718,-2.1162,-1.0622,-1.4689,-1.7261,-1.6058,-1.6888,-1.7095,-0.9419,-1.4564,-1.9461,-1.7386,-0.473,-0.8382,-2.5062,-1.249,-1.3071
trpos2840.txt_allergen_1798,-0.597,-0.8881,-1.1418,-1.0672,-2.4627,-0.2761,-0.2388,-2.1119,-0.9925,-1.2388,-0.9851,-0.3209,-0.6269,-1.5746,-2.0373,-0.8134,-0.6716,-2.6791,-1.4627,-1.0746
trpos2840.txt_allergen_343,-0.7358,-2.1635,-1.3648,-1.4654,-2.8491,-1.5472,-0.8365,-1.5472,-1.1195,-1.1572,-1.6667,-0.7358,-1.6289,-2.0189,-2.0503,-0.7736,-0.5912,-3.195,-1.8365,-0.9686
trpos2840.txt_allergen_1237,-0.4196,-0.8881,-1.9301,-1.986,-1.8392,-0.7552,-1.3287,-1.7273,-2.0629,-1.6993,-1.1888,-1.5944,-1.042,-2.2657,-1.6294,-0.6224,-0.8881,-2.5105,-1.7552,-0.8811
trpos2840.txt_allergen_1804,-0.3865,-0.9264,-1.7362,-1.6933,-1.9141,-0.773,-1.3252,-1.3742,-1.7853,-1.7362,-1.2699,-1.5399,-1.0675,-2.1779,-1.2086,-0.546,-0.7669,-2.362,-1.6258,-0.9755
trpos2840.txt_allergen_1070,-0.2641,0.2958,-0.5141,-0.6831,-3.4225,1.3451,1.7887,-3.1232,-1.0739,-1.7394,-0.6725,1.2324,-0.7746,-3.3944,-4.0423,-0.6092,-0.8908,-4.2676,-2.8838,-1.7007
trpos2840.txt_allergen_1477,-0.2535,0.3099,-0.5282,-0.6549,-3.4437,1.331,1.8275,-3.1514,-1.1021,-1.7606,-0.662,1.2148,-0.8063,-3.4437,-4.0563,-0.662,-0.7958,-4.507,-2.75,-1.6761
trpos2840.txt_allergen_915,-0.9292,-0.6534,-0.8276,-1.4646,-2.6334,0.1325,-0.6552,-1.3793,-1.274,-1.3848,-1.3721,-1.0653,-1.4483,-1.461,-1.4574,-0.412,-0.8929,-2.6316,-1.6225,-1.1633
trpos2840.txt_allergen_1609,-0.7576,-1.0606,-1,-1.1061,-2.3182,-0.8939,-0.6591,-1.7576,-1.803,-1.5076,-1.6439,-0.5076,-1.4091,-2.1288,-1.6742,-0.5909,-0.5606,-3.1818,-1.9773,-1.1136
trpos2840.txt_allergen_2524,-0.8931,-2.0818,-1.2201,-1.3208,-2.8239,-1.4591,-0.8176,-1.5975,-0.9937,-1.1698,-1.6038,-0.7233,-1.5031,-1.9686,-1.9874,-0.8113,-0.6038,-3.1384,-1.8365,-0.956
trpos2840.txt_allergen_1791,-0.3969,-2.1374,-1.4656,-1.9695,-2.3664,-1.1145,-1.7023,-1.1756,-2.229,-1.7481,-1.855,-1.2519,-1.5191,-2.3359,-2.4733,-0.8321,-0.7634,-3.5191,-2.0687,-1.2366
trpos2840.txt_allergen_3451,-0.9291,-1.0906,-1.5551,-1.8071,-2.7323,-0.8583,-1.0354,-1.6969,-1.437,-1.4449,-1.1732,-1.2323,-1.374,-1.9764,-1.5433,-0.5591,-0.5354,-2.4016,-1.7283,-0.6969
trpos2840.txt_allergen_3229,-0.3159,-1.3682,-0.6614,-1.0455,-1.9045,-0.8386,-0.8386,-1.05,-1.2932,-1.6205,-1.6386,-0.8955,-1.2114,-1.7159,-1.5682,0.175,-0.2818,-2.4045,-1.3341,-1.2795
trpos2840.txt_allergen_2728,-0.4302,-1.1544,-1.3399,-1.4811,-2.22,-1.1675,-1.1034,-1.5057,-1.11,-1.2512,-1.1363,-1.1117,-1.2266,-1.5714,-1.757,-0.8916,-1.0213,-2.3629,-1.2874,-0.9425
trpos2840.txt_allergen_2626,-0.7925,-2.1761,-1.283,-1.4906,-2.8302,-1.4969,-0.8931,-1.6415,-1.0629,-1.195,-1.6541,-0.7107,-1.5472,-1.9937,-2.0314,-0.7673,-0.6478,-3.239,-1.8113,-0.9748
trpos2840.txt_allergen_137,-0.7931,-1.2,-0.9793,-1.1172,-2.2483,-0.869,-0.7103,-1.6552,-1.6897,-1.4276,-1.5931,-0.5586,-1.4,-2.1034,-1.5034,-0.6414,-0.5724,-3.0345,-1.7793,-1.0552
trpos2840.txt_allergen_2355,-0.2,-1.05,-0.65,-0.5,-1.75,-0.4,-0.6,-1.1,-1.5,-1.6,-1.5,-0.85,-0.65,-2.05,-0.75,0.05,-0.35,-2.25,-1.85,-1.15
trpos2840.txt_allergen_3000,-0.5833,-0.9028,-1.2083,-1.3194,-1.9028,0.8472,-0.2639,-1.9861,-1.125,-1.5278,-1.25,-0.625,-0.4861,-1.875,-0.1111,-0.4167,-0.5556,-2.0417,-1.3611,-1.0833
trpos2840.txt_allergen_963,-0.9064,-1.6082,-1.2924,-1.4094,-2.731,-0.7251,-0.7135,-2.4854,-0.9006,-2.0936,-1.5731,-0.8421,-1.3392,-2.0702,-2.9825,-0.9415,-1.2573,-3.2047,-1.5731,-1.7485
trpos2840.txt_allergen_1293,-0.481,-0.9656,-1.254,-0.9926,-3.265,1.3558,0.0675,-0.189,-1.4491,-2.2233,-2.1472,0.1472,-1.3387,-3.0663,1.1767,0.3252,-0.227,-3.4957,-2.1963,-1.6356
trpos2840.txt_allergen_457,-1.1624,-0.2718,-0.8598,-1.2684,-2.7077,0.1829,-0.1607,-1.6701,-1.1009,-1.9726,-1.7504,-0.7009,-1.7932,-2.0051,-1.6154,-0.706,-1.1829,-2.959,-1.8017,-1.6325
trpos2840.txt_allergen_167,-0.5674,-1.2558,-1.2,-1.0419,-2.4093,-0.8326,-0.7628,-1.8558,-1.3349,-0.907,-1.0512,-0.614,-0.7163,-1.7488,-1.7767,-0.7581,-0.6791,-2.8279,-1.6279,-0.7302
trpos2840.txt_allergen_1032,-0.6204,-1.0833,-1.2593,-1.3333,-1.7315,-0.8241,-0.7778,-1.9722,-1.3611,-1.213,-0.9352,-1.0185,-0.7315,-1.4167,-1.4074,-0.3611,-0.5093,-2.3704,-1.4074,-0.8611
trpos2840.txt_allergen_1017,-1.0716,-1.6139,-1.0824,-1.5315,-2.449,-1.0282,-1.2885,-2.1584,-1.6182,-1.7007,-1.577,-1.4946,-1.1692,-1.9588,-2.4013,-0.6659,-0.9328,-3.4056,-1.6443,-1.4382
trpos2840.txt_allergen_2543,-0.375,-1.5417,-1.2083,-1.9583,-1.7083,-1.125,-1.2917,-1.2917,-1.2917,-1.375,-1.4583,-1.375,-1.0833,-0.2917,-1.375,-0.5417,-0.5,-1.9583,-0.7083,-1.25
trpos2840.txt_allergen_3487,-0.413,-1.3623,-0.8333,-1.1594,-1.7754,-0.7681,-0.8768,-1.2609,-1.3333,-1.6522,-1.6377,-0.9348,-1.1884,-1.6884,-1.6087,-0.1159,-0.3478,-2.3913,-1.3406,-1.3551
trpos2840.txt_allergen_1829,-0.2769,-1,-1.1385,-1.4308,-2.2308,-0.4308,-0.7538,-1.9385,-0.9385,-0.9692,-0.9231,-0.7692,-0.2,-1.5846,-1.9846,-0.4923,-0.7077,-2.5692,-1.1846,-0.6615
trpos2840.txt_allergen_3158,-1.1736,-0.0843,-0.886,-1.157,-2.9438,0.0595,-0.1488,-1.7983,-1.1421,-2.076,-1.8694,-0.5603,-1.9521,-2.1207,-1.5934,-0.6198,-1.2066,-3.1157,-1.8281,-1.7306
trpos2840.txt_allergen_1868,-1.0462,0.1626,-0.9538,-0.9824,-2.7934,0.4154,0.2132,-1.8923,-0.9736,-2.0945,-1.6725,-0.4176,-1.7077,-2.3648,-1.5099,-0.4813,-1.2176,-3.0769,-1.8703,-1.7209
trpos2840.txt_allergen_649,-0.6096,-1.9521,-1.4178,-1.6096,-2.1096,-1.0822,-1.3014,-1.9863,-1.9726,-0.9658,-1.4041,-0.6712,-1.4315,-2.2534,-1.8425,-0.8151,-0.5274,-3.2603,-2.0959,-0.4452
trpos2840.txt_allergen_2513,-0.5385,-1.1795,-0.6667,-1.1538,-2.0256,-0.8718,-0.9487,-1.5128,-1.5897,-1.4615,-1.3846,-0.641,-1.1026,-1.9231,-1.2564,-0.1538,-0.2051,-2.5385,-1.8205,-1.0513
trpos2840.txt_allergen_2822,-0.5598,-1.5985,-1.3552,-2.0116,-2.5676,-1.4633,-1.9073,-1.2432,-2.0618,-1.8803,-1.9305,-1.4286,-1.5521,-2.0772,-2.1853,-0.6757,-0.8417,-2.9112,-1.8764,-1.3359
trpos2840.txt_allergen_1171,-0.7736,-1.8491,-1.6132,-1.5189,-3.0755,-0.9528,-0.783,-2.4623,-1.6509,-1.3208,-1.5943,-0.6132,-1.4057,-1.6132,-2.5472,-1.283,-0.9811,-3.0943,-1.9434,-0.7453
trpos2840.txt_allergen_2989,0.0417,-1.7417,-1.225,-2.4167,-1.75,-1.675,-2.25,-1.6667,-2.675,-1.5,-1.4417,-1.4,-1.0083,-2.825,-1.8083,-0.3417,-0.6833,-3.9083,-2.6167,-0.9
trpos2840.txt_allergen_1256,-1.1436,-1.3315,-1.4586,-1.547,-3.2983,-0.8674,-0.9669,-2.2155,-1.6409,-1.2762,-1.0663,-0.9448,-1.1105,-1.6464,-2.2928,-1,-0.6188,-3.3315,-1.779,-1
trpos2840.txt_allergen_3548,-0.425,-1.7292,-1.2125,-1.8792,-1.8583,-1.2542,-1.8292,-1.1792,-1.7583,-1.8792,-1.9,-1.475,-1.7583,-2.0583,-1.5542,-0.3792,-0.4375,-2.9375,-1.8958,-1.3375
trpos2840.txt_allergen_2694,-1.0352,-1.5634,-1.2394,-1.6127,-2.5141,-1.2958,-1.6549,-1.9718,-1.7887,-1.7606,-1.662,-1.0211,-1.4789,-2.2254,-2.6127,-0.9648,-1.1901,-2.9507,-1.8099,-1.5
trpos2840.txt_allergen_2530,0.5556,-0.8889,-1.0556,-1.4444,-1.5556,-0.6667,-0.5,-0.7222,-1.2222,-1.4444,-1.2222,-0.8333,-0.7778,-2,-1.1111,0.1111,-0.2778,-2.7222,-1.7222,-0.6111
trpos2840.txt_allergen_1502,-0.5382,-1.645,-1.2748,-1.958,-2.4924,-1.4695,-1.8893,-1.1527,-1.9427,-1.8168,-1.9122,-1.4198,-1.5725,-2.0992,-2.0611,-0.7176,-0.8321,-2.7824,-1.8931,-1.374
trpos2840.txt_allergen_609,-0.7438,-2.1875,-1.3062,-1.5,-2.8812,-1.5312,-0.925,-1.6438,-1.2188,-1.1812,-1.675,-0.7688,-1.5938,-1.975,-2.0562,-0.725,-0.6188,-3.2375,-1.8875,-0.925
trpos2840.txt_allergen_1012,-0.8885,-1.5709,-1,-1.0135,-2.2601,-1.0912,-0.7027,-1.9324,-1.3108,-1.2568,-1.5439,-0.6655,-1.4865,-1.8446,-1.4392,-0.9324,-1,-2.777,-1.4527,-1.0777
trpos2840.txt_allergen_2750,-0.4627,-1.5224,-1.3955,-1.9478,-2.4888,-1.4478,-1.9142,-1.1679,-2.0075,-1.8881,-1.9142,-1.3209,-1.5448,-2.153,-2.1791,-0.5858,-0.8545,-2.8955,-1.9366,-1.3545
trpos2840.txt_allergen_3043,-0.7458,-1.3411,-0.9431,-1.6488,-2.786,-1.087,-1.4649,-1.8462,-2.0803,-1.1973,-1.2676,-1.0803,-1.4448,-1.602,-1.8997,-0.4415,-0.3077,-3.0435,-1.699,-0.8428
trpos2840.txt_allergen_74,-1.0661,-0.8793,-0.836,-1.6743,-2.8998,-0.4351,-0.9681,-1.795,-1.3804,-1.5604,-1.4601,-1.1481,-1.6469,-1.6469,-1.9043,-0.6036,-1.0706,-3.1822,-1.7608,-1.2733
trpos2840.txt_allergen_289,0.7572,-1.2971,-1.2428,-1.4275,-1.9601,-0.8986,-0.7464,-1.0688,-1.5761,-1.4493,-1.6377,-0.663,-1.2754,-1.9891,-1.0543,0,-0.1196,-2.5036,-1.5725,-0.7862
trpos2840.txt_allergen_1476,-0.5276,-1.5578,-1.0653,-1.7337,-1.7839,-1.1357,-1.7085,-1.201,-1.7437,-1.9749,-2.0503,-1.3568,-1.794,-2.1156,-1.4623,-0.4221,-0.5126,-2.804,-1.9196,-1.5427
trpos2840.txt_allergen_3514,-1.1304,-1.2174,-0.1304,-0.5217,-1.3478,-0.6087,-0.5652,-1.087,-0.1739,-2.3043,-2.3043,-0.7826,-1.5652,-2.1739,-2.1739,-0.6522,-1.1739,-3.1304,-1.5217,-2.1739
trpos2840.txt_allergen_1898,-0.7384,-0.9302,-0.9302,-1.1802,-2.4302,0.0814,-0.1221,-1.8023,-0.8372,-1.4244,-1.2965,-0.5814,-0.9535,-1.5581,-0.8663,-0.3314,-0.7616,-2.3081,-1.0058,-1.1919
trpos2840.txt_allergen_1359,-0.3333,-0.955,-1.4234,-1.5225,-1.6667,-0.8919,-1.2252,-1.2072,-1.5946,-1.7477,-1.6126,-1.1441,-1.2973,-2.2703,-1.4505,-0.7477,-0.8559,-2.5495,-1.7387,-1.1171
trpos2840.txt_allergen_2561,-1.073,-1.4775,-1.2331,-1.236,-2.4972,-1.0927,-0.9494,-2.0056,-1.5899,-1.4129,-1.1966,-0.8174,-1.2949,-2.0169,-2.1742,-0.8848,-0.9888,-3.1882,-1.8652,-1.2079
trpos2840.txt_allergen_573,0.4915,-1.0763,-1.3644,-1.3898,-1.6695,-0.7966,-0.6271,-1.7881,-1.7797,-1.0085,-1.0678,-0.4915,-0.5254,-1.9068,-1.3814,-0.3305,-0.3729,-2.5085,-1.6102,-0.4831
trpos2840.txt_allergen_548,0.1176,-1.605,-1.3361,-2.4958,-1.8739,-1.7395,-2.3277,-1.6218,-2.6891,-1.6639,-1.4958,-1.5126,-1.2017,-2.8571,-1.8571,-0.4454,-0.605,-3.8487,-2.6387,-1.0084
trpos2840.txt_allergen_1995,-0.3063,0.2817,-0.5387,-0.6268,-3.3592,1.3803,1.7746,-3.0599,-1.1761,-1.757,-0.6655,1.1725,-0.8979,-3.4824,-3.9507,-0.6585,-0.9085,-4.2993,-2.9261,-1.6937
trpos2840.txt_allergen_2107,-0.5282,-1.8177,-0.8445,-1.5469,-2.8606,-1.1528,-1.6568,-1.6354,-1.8579,-1.429,-1.496,-1.4048,-1.5013,-1.8338,-1.882,-0.2895,-0.5255,-2.9303,-1.6354,-1.1582
trpos2840.txt_allergen_763,-0.6928,-2.1699,-1.3529,-1.5686,-2.8627,-1.5229,-0.9739,-1.549,-1.5033,-1.0784,-1.634,-0.8954,-1.4706,-1.9281,-1.9869,-0.7451,-0.5686,-3.1373,-1.8627,-0.8105
trpos2840.txt_allergen_1283,-0.9733,-1.1107,-1.687,-2.0191,-2.6679,1.7328,-0.4771,-2.0534,-1.4962,-1.7137,-1.3588,-0.9084,-0.4046,-1.9122,0.7328,-0.5725,-0.7443,-2.8359,-1.6527,-1.229
trpos2840.txt_allergen_3273,-0.3463,-1.6277,-1.0909,-1.7662,-1.8052,-1.1818,-1.6797,-1.1472,-1.6061,-1.7965,-1.8052,-1.4069,-1.5584,-1.8095,-1.5411,-0.3939,-0.4589,-2.6667,-1.7316,-1.303
trpos2840.txt_allergen_187,-0.7938,-2.175,-1.275,-1.4438,-2.75,-1.5,-0.825,-1.575,-1.0938,-1.1687,-1.6375,-0.7188,-1.4563,-1.9625,-2.0187,-0.7688,-0.6625,-3.225,-1.8375,-0.9562
trpos2840.txt_allergen_1437,-0.4867,-1.5779,-1.3156,-1.9278,-2.403,-1.4981,-1.8631,-1.1825,-2.019,-1.9163,-1.962,-1.3612,-1.4791,-2.1027,-2.0114,-0.6274,-0.8631,-2.9316,-1.9087,-1.3422
trpos2840.txt_allergen_1385,-0.4659,-1.4205,-1.375,-1.3068,-1.8182,-0.9318,-0.9091,-2.0455,-2,-1.2955,-1,-0.9432,-0.7841,-1.9318,-1.4886,-0.4091,-0.4318,-3.0909,-1.9545,-1.0568
trpos2840.txt_allergen_972,-0.3692,-1.7692,-0.6154,-0.6769,-0.5538,-1.1385,-0.8462,-0.9077,-1.7692,-1.8769,-2.2154,-0.8923,-1.4,-2.5538,-1.8769,-0.0308,-0.2308,-3.0615,-2.0462,-1.2462
trpos2840.txt_allergen_1885,-0.2218,0.338,-0.5352,-0.6725,-3.4542,1.3979,1.7641,-3.1549,-1.1514,-1.7782,-0.7148,1.1831,-0.9085,-3.5423,-4.1549,-0.669,-0.8415,-4.4296,-2.919,-1.7887
trpos2840.txt_allergen_880,-0.775,-0.7917,-1.9083,-1.725,-1.9167,-0.65,-1.275,-1.6333,-2.0167,-1.8583,-1.45,-1.5333,-1.125,-2.3917,-1.1667,-0.7833,-0.9,-2.375,-1.9,-1.1167
trpos2840.txt_allergen_2377,-0.4908,-1.4982,-1.3395,-1.9336,-2.3801,-1.4391,-1.8856,-1.1882,-1.941,-1.8672,-1.8782,-1.3764,-1.4945,-2.0369,-2.0701,-0.6679,-0.8376,-2.7823,-1.8192,-1.3616
trpos2840.txt_allergen_666,-0.7548,-2.2194,-1.4129,-1.5419,-2.9613,-1.5097,-0.9097,-1.6065,-1.2774,-1.1161,-1.6452,-0.7161,-1.5226,-2.0258,-1.9806,-0.8452,-0.6839,-3.3355,-1.9613,-0.9032
trpos2840.txt_allergen_2397,-0.1619,-2.1943,-1.7126,-1.9919,-2.6194,-1.6073,-1.4453,-2.0607,-2.17,-1.3887,-1.6478,-1.3806,-1.9433,-2.4372,-2.6559,-1.1377,-1.3482,-3.8623,-2.5101,-1.0769
trpos2840.txt_allergen_2297,-0.5585,-1.6491,-1.3019,-1.9321,-2.4302,-1.4415,-1.9245,-1.3057,-2.0075,-1.8377,-1.883,-1.5057,-1.5962,-2.1057,-2.1962,-0.717,-0.8113,-2.8566,-1.9132,-1.3321
trpos2840.txt_allergen_2126,-0.4122,-2.1756,-1.5038,-1.9237,-2.3282,-1.1298,-1.6794,-1.145,-2.1908,-1.687,-1.8397,-1.2519,-1.4885,-2.374,-2.5344,-0.8092,-0.7786,-3.5344,-2.0992,-1.229
trpos2840.txt_allergen_1685,-0.4504,-2.1374,-1.4962,-1.9466,-2.2977,-1.145,-1.687,-1.1527,-2.1756,-1.6794,-1.855,-1.2748,-1.4885,-2.3588,-2.5573,-0.8321,-0.7863,-3.5344,-2.084,-1.2214
trpos2840.txt_allergen_107,-0.7841,-1.9705,-1.6295,-1.825,-2.9386,-1.6409,-1.4455,-1.9773,-2.175,-1.7,-1.9364,-1.3045,-1.7023,-2.3977,-2.7886,-1.1,-1.2114,-3.65,-2.2636,-1.5205
trpos2840.txt_allergen_1366,-0.7938,-2.1688,-1.2688,-1.4375,-2.7687,-1.5188,-0.8688,-1.6187,-1.075,-1.2125,-1.6875,-0.7125,-1.5437,-2.025,-2.0375,-0.775,-0.6125,-3.2812,-1.8313,-0.9938
trpos2840.txt_allergen_1031,-0.7632,-1.5395,-0.8947,-1.5395,-1.1842,-0.9342,-1.2105,-1.9605,-1.4737,-1.3289,-1.1974,-1.1053,-0.7763,-1.3684,-1.1842,-0.2763,-0.4868,-2.5526,-1.5,-0.9605
trpos2840.txt_allergen_2098,-1.0414,-2.0355,-0.645,-1.4024,-2.2781,-1.3964,-1.5325,-0.9645,-2.1302,-1.4793,-2.1361,-1.0178,-1.7278,-2.503,-2.1775,-0.2189,-0.2189,-3.1124,-1.9882,-1.0473
trpos2840.txt_allergen_3272,-0.3891,-1.6234,-1.0795,-1.7448,-1.7824,-1.1464,-1.7071,-1.0293,-1.6695,-1.8033,-1.7866,-1.4059,-1.6234,-1.8536,-1.4812,-0.4393,-0.4435,-2.6904,-1.7699,-1.3305
trpos2840.txt_allergen_530,-0.9126,-1.3155,-0.665,-1.6068,-2.1311,-0.966,-1.3107,-1.5922,-1.2427,-1.9078,-1.9854,-0.7476,-1.6214,-2.1602,-1.7476,-0.5437,-0.8689,-2.2379,-1.1165,-1.4126
trpos2840.txt_allergen_388,-0.6218,-0.7899,-0.9832,-1.2689,-1.7563,-0.7731,-0.8739,-1.9244,-1.8067,-1.1345,-1.395,-0.2017,-1.1176,-2.3193,-1.4958,-0.6555,-0.5042,-2.8908,-1.8067,-0.9496
trpos2840.txt_allergen_2883,-0.8972,-1.7664,-1.5234,-0.7944,-2.7477,-1.1963,-0.4579,-2.3364,-1.9159,-1.8785,-1.7664,-0.8505,-0.5607,-1.8037,-3.1028,-1.2056,-1.2804,-3.5421,-2.3738,-1.7009
trpos2840.txt_allergen_1345,-0.9034,-0.2138,-1.2,-1.3724,-1.8828,0.6069,-0.4138,-1.469,-1.1517,-1.7793,-1.5034,-0.5586,-0.9655,-2.0276,-0.8621,-0.7379,-1.1241,-2.2414,-1.6621,-1.4966
trpos2840.txt_allergen_1972,-1.0048,-1.1286,-1.0143,-1.3571,-0.6571,-0.8333,-1.0762,-1.6905,-1.3238,-1.8619,-1.7143,-0.7857,-1.6238,-1.8714,-1.4762,-0.5762,-0.8905,-3.7286,-2.1714,-1.4095
trpos2840.txt_allergen_3186,-0.4942,-1.6926,-1.4047,-1.9922,-2.4747,-1.4669,-1.9455,-1.2062,-2.0195,-1.9261,-1.8521,-1.4397,-1.5136,-2.144,-2.0311,-0.7354,-0.8872,-2.9222,-1.8872,-1.3268
trpos2840.txt_allergen_1295,-0.3333,-0.9394,-1.7333,-1.703,-1.8788,-0.8545,-1.297,-1.4485,-1.7697,-1.6667,-1.297,-1.4788,-1.0909,-2.2,-1.1455,-0.5515,-0.7879,-2.2848,-1.6242,-0.8727
trpos2840.txt_allergen_2343,-0.9965,-1.8596,-0.8386,-1.5404,-3.0035,-1.5298,-1.586,-2.1053,-1.986,-1.3684,-1.6105,-1.4,-1.8912,-1.7088,-2.0737,-0.2035,-0.2456,-3.0456,-1.5298,-1.1439
trpos2840.txt_allergen_1881,-1.0911,-0.7267,-0.8178,-1.661,-2.9089,-0.1864,-0.9153,-1.7076,-1.3051,-1.5826,-1.5381,-1.2161,-1.6928,-1.5975,-1.7669,-0.5636,-1.0169,-3.0233,-1.8157,-1.2712
trpos2840.txt_allergen_3245,-0.5947,-1.9856,-1.6619,-1.7914,-2.9784,-1.7986,-1.3261,-2.0911,-2.2974,-1.482,-1.7002,-1.0647,-1.6163,-2.458,-2.6667,-1.1751,-1.3885,-3.9712,-2.4173,-1.2134
trpos2840.txt_allergen_1899,-0.6891,-0.7227,-0.9916,-0.8824,-2.6639,-0.0252,0,-2.1008,-0.7899,-1.521,-1.1681,-0.1176,-0.8067,-1.7983,-1.9412,-0.7983,-0.7227,-2.7731,-1.5378,-1.3529
trpos2840.txt_allergen_2594,-0.8571,-1.4082,-1.7755,-1.6531,-2.898,-1.7347,-1.3265,-1.6327,-2.0612,-2.3265,-2.449,-1.3061,-2.2653,-2.7143,-2.6327,-0.7347,-1.0612,-3.5102,-2.1429,-1.6327
trpos2840.txt_allergen_1082,-0.3011,-1.5484,-1.086,-2.3548,-2.086,-1.5376,-2.3978,-1.6237,-2.7527,-1.9677,-1.9677,-1.2473,-1.8172,-3.172,-1.6882,-0.3871,-0.6129,-4.1075,-2.9032,-1.4409
trpos2840.txt_allergen_2243,-0.645,-0.985,-0.63,-0.85,-1.61,-0.48,-0.56,-1.575,-1.06,-1.49,-1.33,-0.5,-0.83,-1.53,-1.33,-0.215,-0.535,-2.22,-1.095,-1.175
trpos2840.txt_allergen_150,-1.2376,-1.6436,-1.198,-1.3069,-2.297,-1.0198,-0.8416,-2.1881,-1.6139,-1.7327,-1.4455,-0.6931,-1.1287,-2.0792,-2.6634,-0.901,-1.1683,-3.604,-2.1485,-1.6535
trpos2840.txt_allergen_2964,-0.4122,-2.1603,-1.458,-1.9466,-2.2977,-1.1145,-1.7328,-1.1221,-2.2443,-1.7252,-1.8855,-1.2672,-1.4504,-2.3511,-2.5573,-0.8092,-0.7939,-3.5496,-2.1069,-1.2443
trpos2840.txt_allergen_1251,0.1118,-2.1863,-1.7516,-1.5839,-2.8385,-1.3975,-1.5342,-1.9565,-1.1304,-1.4472,-1.0745,-1.0248,-1.236,-1.7205,-2.6894,-0.9876,-1.0807,-3.6708,-2.2609,-0.7267
trpos2840.txt_allergen_720,0.1913,-1.7739,-1.5217,-2.5565,-1.6348,-1.687,-2.2957,-1.687,-2.687,-1.6522,-1.5652,-1.4,-1.1304,-2.913,-1.9739,-0.4783,-0.6348,-4.0261,-2.8,-0.9217
trpos2840.txt_allergen_2135,-0.3662,-1.3192,-0.8732,-1.1408,-1.554,-1.0282,-1.1174,-1,-1.5023,-1.7136,-1.6995,-1.0986,-1.3099,-2.216,-1.4085,-0.1831,-0.4977,-2.7089,-1.8732,-1.338
trpos2840.txt_allergen_2476,-0.6875,-0.9375,-0.125,-1.25,-2.125,-0.4375,-0.625,-1.4375,-1.125,-1.3125,-1.1875,-0.625,-0.8125,-2,-0.75,-0.4375,-0.4375,-2.625,-1.3125,-0.8125
trpos2840.txt_allergen_985,-0.775,-2.1938,-1.2937,-1.475,-2.75,-1.5063,-0.875,-1.6062,-1.1187,-1.1625,-1.6375,-0.725,-1.45,-1.9875,-2.0688,-0.7375,-0.6438,-3.2375,-1.85,-0.9125
trpos2840.txt_allergen_1989,-1.0287,-1.3011,-1.3118,-1.8638,-2.3047,-1.233,-1.6523,-1.7993,-1.5269,-1.4516,-1.491,-1.3118,-1.4409,-1.871,-1.6738,-0.6667,-0.7599,-2.6774,-1.681,-0.9713
trpos2840.txt_allergen_940,0.1469,-1.5424,-1.2147,-0.8814,-3.5989,0.0565,1.6949,-2.1243,-2.3503,-2.1864,-2.5706,0.7853,-2.3107,-3.7966,1.2938,0.1186,0.7684,-4.3107,-3.4746,-0.3955
trpos2840.txt_allergen_1249,-1.3527,-1.3566,-0.5349,-1.0581,-2.8101,-0.8256,-0.7326,-2.0233,-1.3488,-1.1977,-1.3992,-0.2984,-1.2481,-1.2752,-1.9884,-0.5581,-0.6124,-2.7674,-1.0698,-1.3295
trpos2840.txt_allergen_1331,-0.6314,-1.6128,-1.3297,-1.3701,-3.1073,-0.958,-0.7449,-2.0607,-2.0404,-1.4168,-1.7341,-0.846,-1.6299,-2.5179,-2.3281,-0.8367,-0.8538,-4.0295,-2.5303,-1.1337
trpos2840.txt_allergen_2776,-1.3139,-1.8467,-1.3358,-1.9781,-1.8102,-1.7007,-1.7445,-2.1679,-2.0365,-2.2117,-1.8905,-1.0292,-1.8102,-2.2409,-2.4964,-1.3212,-1.1898,-2.7153,-1.7737,-2.0511
trpos2840.txt_allergen_1511,-0.7929,-1.594,-0.7357,-1.3624,-2.4278,-1.3569,-1.6131,-1.3025,-1.4823,-1.3488,-1.8202,-1.1989,-1.4986,-1.9237,-2.2207,-0.4087,-0.6512,-2.6294,-1.4005,-1.267
trpos2840.txt_allergen_105,-0.1618,-1.6324,-1.348,-1.7206,-2.4804,-1.1078,-1.1618,-1.1863,-1.5294,-1.2745,-1.5196,-1.2059,-1.1422,-1.848,-2.0049,-0.8431,-0.6275,-2.652,-1.6569,-1.0539
trpos2840.txt_allergen_2572,-0.48,-1.16,-0.6,-0.96,-2,-0.52,-0.68,-1.2,-0.88,-1.36,-1.36,-1.04,-0.92,-1.52,-1.6,-0.28,-0.84,-2.08,-1.04,-1.16
trpos2840.txt_allergen_3136,0.1605,-1.1505,-0.9231,-1.408,-2.0736,-1.0836,-1.2977,-0.7057,-1.806,-1.4348,-1.5385,-0.9599,-1.4181,-2.204,-1.689,-0.0602,-0.0702,-2.5987,-1.7358,-0.7525
trpos2840.txt_allergen_1919,-0.8421,-2.0987,-1.1513,-1.5066,-2.9145,-1.5724,-1.6118,-1.0987,-1.5855,-1.9013,-1.9868,-1.4408,-1.8618,-2.5526,-1.8947,-0.9539,-0.8092,-3.7039,-2.4342,-1.4671
trpos2840.txt_allergen_1270,0.1282,-1.7179,-1.3932,-2.5128,-1.7265,-1.7179,-2.3761,-1.6752,-2.6752,-1.6068,-1.4359,-1.453,-1.0684,-2.8803,-1.8632,-0.4188,-0.7265,-3.9915,-2.7009,-0.9145
trpos2840.txt_allergen_2959,-0.4179,-2.1119,-1.5,-1.8358,-2.194,-1.0896,-1.6194,-1.1269,-2.209,-1.6493,-1.7836,-1.209,-1.4925,-2.2836,-2.5,-0.8507,-0.7463,-3.4478,-2.0746,-1.209
trpos2840.txt_allergen_493,-0.9908,-1.8716,-1.5505,-0.8165,-2.6514,-1.3486,-0.5505,-2.3394,-1.8624,-1.6606,-1.5963,-0.6789,-0.6055,-1.8073,-3,-1.0734,-1.2202,-3.4587,-2.4312,-1.578
trpos2840.txt_allergen_2271,-1.0634,-0.8451,-0.7441,-1.5845,-2.9695,-0.1925,-0.8052,-1.6948,-1.3709,-1.5446,-1.493,-1.1455,-1.6479,-1.6479,-1.7958,-0.5634,-0.9624,-3.0446,-1.7136,-1.2418
trpos2840.txt_allergen_305,-1.119,-1.4286,-1.4762,-0.7738,-2.9762,-1.0714,-0.5357,-2.5238,-1.9286,-1.9405,-1.6429,-0.5,-0.4524,-1.7738,-3.2619,-1.1429,-1.4167,-3.6667,-2.2619,-2.0238
trpos2840.txt_allergen_1890,-0.4361,-2.0827,-1.4962,-1.782,-2.2707,-1.1353,-1.7444,-1.1128,-2.1053,-1.6842,-1.7594,-1.2481,-1.4962,-2.3308,-2.5263,-0.8571,-0.8045,-3.5338,-2.1203,-1.2331
trpos2840.txt_allergen_3362,-0.8242,-1.4727,-0.8515,-1.5939,-2.5758,-1.2061,-1.1909,-1.703,-1.4152,-1.5848,-1.6939,-0.9606,-1.2545,-1.7879,-2.3091,-0.6909,-1.0697,-2.8909,-1.1576,-1.2636
trpos2840.txt_allergen_131,-0.8786,-1.2136,-0.699,-1.6214,-2.0049,-0.9563,-1.3058,-1.5728,-1.2816,-1.8641,-2,-0.7816,-1.5922,-2.1262,-1.6942,-0.534,-0.8932,-2.4078,-1.233,-1.3495
trpos2840.txt_allergen_2495,-0.4118,-1.4706,-0.7647,-1.4118,-0.5882,-1.2353,-1.4706,-1.4706,-1.5294,-1.1176,-1.4118,-1.2353,-1,-1.8824,-0.4706,0.2353,-0.2353,-2.7647,-1.5294,-1
trpos2840.txt_allergen_2641,-0.7987,-2.1258,-1.3396,-1.4843,-2.8679,-1.5157,-0.9057,-1.6478,-1.1447,-1.1824,-1.6352,-0.7547,-1.5535,-1.9497,-1.9874,-0.805,-0.6289,-3.2075,-1.8302,-0.9434
trpos2840.txt_allergen_2474,-0.6957,-1.087,-0.5652,-0.2609,-2,-0.4783,-0.3043,-1.6957,-1.6087,-1.0435,-0.9565,-0.4783,-0.7391,-2,-1.3043,-0.1739,-0.4783,-2.9565,-1.913,-0.8696
trpos2840.txt_allergen_3196,-0.5968,-1.7782,-1.4113,-2.0121,-2.621,-1.4677,-1.9073,-1.254,-2.0806,-1.9073,-1.871,-1.4677,-1.5927,-2.1734,-2.2258,-0.7298,-0.871,-3.0444,-2,-1.4073
trpos2840.txt_allergen_3191,-0.5098,-1.6039,-1.302,-2.0392,-2.5451,-1.451,-1.9255,-1.2863,-2.0275,-1.9451,-1.8902,-1.4667,-1.5333,-2.1451,-2.1804,-0.6588,-0.8784,-2.9686,-1.9137,-1.3882
trpos2840.txt_allergen_505,0.6881,-2.2661,-1.844,-1.3119,-2.7431,-1.422,-0.578,-1.1651,-2.4679,-2.2844,-2.1651,-0.9725,-1.789,-3.0275,-1.7064,-0.3394,-1.1193,-3.8073,-2.8257,-1.3303
trpos2840.txt_allergen_620,-0.4098,-1.5628,-0.8552,-1.3443,-2.2896,-0.8825,-1.1612,-1.2896,-1.5792,-1.2049,-1.0437,-1.0301,-1.1202,-1.224,-1.5437,-0.4426,-0.571,-2.4016,-0.9836,-1.0574
trpos2840.txt_allergen_2651,-0.761,-2.1258,-1.3082,-1.5283,-2.8742,-1.5157,-0.8931,-1.673,-1.1447,-1.1635,-1.6667,-0.7358,-1.522,-1.9434,-2.0126,-0.7736,-0.6352,-3.239,-1.8679,-0.9434
trpos2840.txt_allergen_1894,-0.7358,-2.1761,-1.2893,-1.4591,-2.8428,-1.5346,-0.9182,-1.6164,-1.0943,-1.1509,-1.761,-0.7862,-1.6541,-2.0943,-2.1321,-0.7673,-0.6101,-3.3082,-1.8491,-1.0063
trpos2840.txt_allergen_1823,-0.1316,-1.6466,-1.3383,-1.9173,-1.9248,-1.4361,-1.6579,-1.5038,-1.3271,-1.2068,-1.1353,-1.4624,-0.8684,-1.7218,-2.2368,-0.7368,-0.7895,-2.6128,-1.6805,-0.8195
trpos2840.txt_allergen_3108,0.1525,-0.3861,-0.9537,-1.0077,-3.2934,0.8938,0.7876,-1.8764,-1.222,-2.0116,-1.2645,0.4363,-1.1641,-3.2934,-0.8494,-0.1274,-0.2703,-4.11,-2.4942,-1.5019
trpos2840.txt_allergen_3222,-0.9143,-1.6457,-0.8171,-1.8229,-2.5257,-1.0686,-1.5086,-1.9257,-1.48,-1.9543,-2.0514,-1.0571,-1.6343,-2.1314,-1.9371,-0.6343,-1,-2.5714,-1.2743,-1.4914
trpos2840.txt_allergen_1897,-0.761,-0.9268,-1.0341,-1.3561,-2.5561,-0.0098,-0.2341,-1.9122,-0.8537,-1.4341,-1.1951,-0.561,-0.9268,-1.6,-0.8878,-0.3659,-0.8244,-2.4634,-1.1415,-1.1756
trpos2840.txt_allergen_2184,-1.1429,-1.5238,-1.5357,-0.8452,-2.9405,-1.0595,-0.5238,-2.5714,-1.8929,-1.8214,-1.5357,-0.5833,-0.3333,-1.7857,-3.3571,-1.1905,-1.369,-3.5476,-2.369,-1.8214
trpos2840.txt_allergen_1556,0.777,-1.2962,-1.2578,-1.4111,-1.8676,-0.8223,-0.777,-1.1429,-1.5052,-1.4739,-1.6516,-0.6028,-1.1777,-1.9756,-0.7387,-0.0139,-0.108,-2.554,-1.4878,-0.8362
trpos2840.txt_allergen_1376,-0.6851,-1.4752,-1.2,-1.3972,-2.3447,-1.0681,-1.0979,-1.8199,-1.722,-1.8057,-1.7106,-0.844,-1.5745,-2.1844,-1.8922,-0.6184,-0.8894,-3.0383,-1.8567,-1.3589
trpos2840.txt_allergen_3294,-0.8828,-1.5021,-0.7615,-1.6569,-2.1213,-1.0293,-1.4519,-1.9079,-1.5565,-1.9749,-1.9247,-0.9582,-1.6025,-2.1632,-1.887,-0.4728,-0.9205,-2.5983,-1.3515,-1.5188
trpos2840.txt_allergen_480,-0.7358,-2.1635,-1.3711,-1.4591,-2.8553,-1.5472,-0.8553,-1.5597,-1.1132,-1.195,-1.6667,-0.7233,-1.6289,-2.0377,-2.0503,-0.7736,-0.6164,-3.195,-1.8365,-0.9811
trpos2840.txt_allergen_1769,-0.9394,-1.7677,-1.2626,-2.0404,-3.2222,-1.3737,-1.8586,-1.5657,-2.2828,-2.1717,-2.1818,-1.2525,-1.7374,-2.3737,-2.7071,-0.697,-0.7071,-2.7172,-2.1313,-1.3636
trpos2840.txt_allergen_1178,-0.7894,-1.2292,-0.6319,-1.0463,-2.2569,-0.8935,-1.0694,-1.7199,-1.331,-1.3449,-1.3102,-1.0532,-0.8819,-1.5694,-1.787,-0.5532,-0.588,-2.4329,-1.3056,-1.0949
trpos2840.txt_allergen_5,-0.1042,-1.6303,-0.9702,-1.273,-2.8213,-1.1439,-1.3499,-1.34,-1.7494,-1.4516,-1.6725,-1.2308,-1.6154,-2.067,-2.0025,-0.1886,-0.4739,-2.8288,-1.4566,-1.0744
trpos2840.txt_allergen_1645,-0.562,-1.148,-1.064,-1.34,-2.33,-1.048,-0.924,-1.468,-1.444,-1.158,-1.146,-1.044,-1.126,-1.61,-1.688,-0.578,-0.604,-2.53,-1.376,-0.794
trpos2840.txt_allergen_2707,-0.4524,-2.0238,-1.6429,-2,-2.3571,-1.246,-1.7937,-1.1667,-2.1508,-1.7698,-1.8095,-1.3254,-1.5714,-2.3968,-2.5794,-0.9921,-0.8571,-3.619,-2.127,-1.2381
trpos2840.txt_allergen_2576,-0.5,-0.9167,-1.4167,-1.5,-2,-0.5,-0.9167,-1.6667,-1.5,-0.9167,-0.75,-0.5833,-0.5,-1.75,-1.1667,-0.9167,-0.9167,-2.5,-1.0833,-0.5
trpos2840.txt_allergen_2889,-1.3617,-1.0053,-1.4521,-1.9362,-2.7234,-0.6968,-1.3883,-2.734,-1.0745,-1.766,-0.9468,-1.3404,-0.9309,-1.8936,-2.3989,-0.867,-0.8032,-2.9468,-1.8723,-1.6543
trpos2840.txt_allergen_1090,-0.8589,-1.546,-0.8221,-1.773,-2.4908,-0.9693,-1.4785,-1.8466,-1.3865,-1.7239,-1.773,-0.9693,-1.5951,-1.9448,-1.9325,-0.5399,-1.0307,-2.3742,-1.1043,-1.3497
trpos2840.txt_allergen_2247,-0.6,-0.9704,-1.2148,-1.1407,-2.4815,-0.3481,-0.2444,-2.1926,-1.0963,-1.2296,-0.9333,-0.363,-0.6444,-1.6667,-1.9926,-0.8815,-0.6815,-2.7259,-1.4815,-1.0519
trpos2840.txt_allergen_356,0.3512,-1.4107,-1.1548,-0.8036,-3.744,0.3631,1.6012,-1.6905,-2.0774,-2.3452,-2.631,0.381,-2.4881,-3.7619,1.1964,0.2976,0.7381,-4.4048,-3.1845,-0.5595
trpos2840.txt_allergen_1030,-0.6292,-0.9551,-0.8876,-1.1798,-1.764,-0.764,-0.8764,-1.7753,-1.6854,-1.7079,-1.8427,-0.5506,-1.3034,-2.3596,-1.7753,-0.4382,-0.4831,-3.1011,-2.1236,-1.3034
trpos2840.txt_allergen_834,-0.8742,-2.0566,-1.3836,-1.3459,-2.8805,-1.4717,-0.805,-1.6981,-1.0818,-1.1635,-1.717,-0.7233,-1.4906,-1.9937,-2.1258,-0.805,-0.6226,-3.1384,-1.8553,-0.9497
trpos2840.txt_allergen_2590,0.3333,-0.3333,-0.8333,-1.3333,-2,-0.6667,-0.3333,0.8333,-1.5,-2,-2.1667,-0.6667,-1.5,-2.5,-1.6667,-0.3333,-1,-2.5,-2.1667,-1
trpos2840.txt_allergen_960,-0.8985,-1.7563,-1.3909,-1.5584,-2.7259,-0.9442,-0.9695,-2.3401,-1.5127,-1.4772,-1.132,-0.868,-1.0964,-1.4315,-2.1523,-1.3959,-1.3046,-2.5025,-1.3959,-1.3299
trpos2840.txt_allergen_3022,-0.6949,-1.0113,-0.5763,-1.0339,-2.1243,-0.5989,-0.7288,-1.3559,-0.8983,-1.6723,-1.7345,-0.5198,-1.209,-1.8418,-1.1186,-0.3785,-0.5424,-2.4576,-1.2881,-1.4181
trpos2840.txt_allergen_2195,-0.2797,0.3607,-0.4235,-0.6849,-2.5833,1.3379,1.4932,-2.5947,-0.6655,-1.4715,-0.4315,0.9429,-0.5046,-2.7466,-3.1096,-0.3699,-0.6975,-3.2203,-2.1416,-1.4155
trpos2840.txt_allergen_2994,-0.9314,-1.152,-1.3382,-1.3922,-1.9853,-0.7696,-0.9559,-2.1569,-1.5343,-1.1275,-1.3922,-1.0245,-1.3873,-2.3382,-2.1127,-0.7451,-0.7745,-3.5147,-2.2353,-0.9804
trpos2840.txt_allergen_2301,-0.7455,-1.3667,-0.7495,-0.8537,-2.9078,-1.0521,-1.2044,-1.2305,-0.8778,-1.5571,-1.4349,-1.4469,-1.2405,-1.0882,-1.7956,-0.6493,-0.8437,-1.1764,-0.7375,-1.2966
trpos2840.txt_allergen_2579,-0.7333,-0.8667,-1.1333,-1.4667,-2.2667,-0.9333,-1,-1.4667,-1.2,-1.2667,-1.0667,-1.2667,-0.9333,-1.4667,-2.1333,-0.7333,-0.2667,-2.7333,-1.3333,-1.0667
trpos2840.txt_allergen_2772,-0.5964,-1.0804,-0.8419,-1.111,-2.724,-0.8363,-1.0388,-1.2538,-1.3162,-1.2275,-1.2607,-0.9237,-1.3495,-1.3883,-1.6227,-0.2497,-0.5201,-2.4272,-0.9293,-0.9972
trpos2840.txt_allergen_1191,-0.9512,-1.7866,-0.439,-1.1524,-2.2195,-1.1707,-1.4756,-1.25,-1.6768,-1.2073,-1.7927,-0.9939,-1.5366,-2.1341,-2.1524,-0.372,-0.4573,-3.0061,-1.8963,-1
trpos2840.txt_allergen_3382,-1.2364,-0.0455,-1.5,-1.8909,-2.2455,0.8455,-0.4909,-1.8818,-1.2909,-1.9727,-1.7545,-0.8,-0.2091,-2.4091,-1.4,-0.9091,-1.5091,-2.9091,-1.9818,-1.8636
trpos2840.txt_allergen_80,-0.4351,-2.1603,-1.4962,-1.8931,-2.3359,-1.1221,-1.6947,-1.1603,-2.2137,-1.7023,-1.8168,-1.2824,-1.5191,-2.3359,-2.4733,-0.8092,-0.7481,-3.5267,-2.0992,-1.2595
trpos2840.txt_allergen_3482,-0.3504,-1.3285,-0.8613,-1.0803,-1.7956,-0.7591,-0.8394,-1.2555,-1.2847,-1.7299,-1.6642,-0.9197,-1.2628,-1.6058,-1.562,-0.1095,-0.3942,-2.3869,-1.2409,-1.4015
trpos2840.txt_allergen_2946,-0.4179,-2.1119,-1.4701,-1.8657,-2.1567,-1.1045,-1.6716,-1.1343,-2.1866,-1.6567,-1.791,-1.2388,-1.403,-2.306,-2.5373,-0.8731,-0.7612,-3.4478,-2.0597,-1.2015
trpos2840.txt_allergen_1007,-0.5546,-1.7227,-1.4202,-1.9916,-2.8992,-1.1681,-1.6555,-1.5798,-2.2857,-1.7731,-1.7899,-1.1597,-1.4202,-2.2521,-2.1849,-0.5126,-0.5798,-2.7815,-2.0504,-0.9748
trpos2840.txt_allergen_1756,-0.5133,-1.5894,-1.3004,-1.9163,-2.5894,-1.4943,-1.9125,-1.1179,-2.0342,-1.9316,-2.019,-1.4183,-1.4297,-2.1749,-2.0304,-0.673,-0.8479,-2.8669,-1.9468,-1.3992
trpos2840.txt_allergen_1874,0.0333,-0.86,-1.02,-0.7867,-2.2467,-0.18,-0.2933,-1.7,-1.2467,-1.46,-1.42,-0.42,-0.84,-1.8933,-0.9933,-0.3267,-0.5267,-2.7667,-1.5533,-0.9733
trpos2840.txt_allergen_2713,-0.6084,-1.3675,-1.2169,-1.4096,-1.9337,-0.9337,-0.9036,-1.7048,-1.7651,-1.259,-1.3434,-0.6867,-1.2108,-1.9157,-1.6747,-0.5843,-0.5181,-2.9217,-1.7108,-0.8373
trpos2840.txt_allergen_2697,-0.449,-1.3597,-0.9056,-1.1531,-1.9464,-0.8036,-1.0179,-1.1964,-1.5255,-1.2398,-1.227,-1.0485,-1.125,-1.6378,-1.3342,-0.1071,-0.2832,-2.3954,-1.2934,-0.8852
trpos2840.txt_allergen_3295,-0.7978,-1.4888,-0.8876,-1.7135,-2.3933,-1.0393,-1.6236,-1.8202,-1.4438,-1.7921,-1.8258,-1.0787,-1.5169,-1.9382,-1.882,-0.5618,-1.0899,-2.4213,-1.2191,-1.3596
trpos2840.txt_allergen_653,-0.8,-1.2138,-1.0276,-1.0828,-2.1517,-0.8966,-0.669,-1.7103,-1.6483,-1.3724,-1.5379,-0.5586,-1.3448,-2.0621,-1.5034,-0.6552,-0.5793,-2.9379,-1.6897,-1.0069
trpos2840.txt_allergen_1367,-0.7062,-2.1688,-1.3188,-1.4812,-2.8937,-1.5625,-0.95,-1.6062,-1.1,-1.1812,-1.7375,-0.8062,-1.5938,-2.075,-2.1312,-0.7875,-0.6438,-3.3,-1.8125,-0.9812
trpos2840.txt_allergen_553,-0.458,-2.1527,-1.4885,-1.9313,-2.3053,-1.1527,-1.6794,-1.1527,-2.1756,-1.6794,-1.8397,-1.2824,-1.4809,-2.3588,-2.5496,-0.8244,-0.7939,-3.5344,-2.084,-1.229
trpos2840.txt_allergen_2894,-0.3816,-1.8816,-1.4868,-0.9342,-2.6842,-1.1579,-0.6579,-2.0395,-1.9605,-1.9737,-2.0921,-0.6447,-1.9079,-1.9211,-2.4605,-0.8553,-1.2237,-3.5921,-2.25,-1.7895
trpos2840.txt_allergen_1014,-1.1054,-1.7775,-1.2927,-1.6393,-2.7307,-1.2108,-1.3138,-2.4801,-1.4754,-1.3677,-1.0796,-1.0703,-0.9274,-1.6745,-2.3372,-0.719,-0.74,-3.4052,-1.8993,-1.1405
trpos2840.txt_allergen_3446,-1.004,-0.948,-1.456,-1.772,-3.024,-0.768,-0.988,-1.808,-1.388,-1.2,-1.072,-1.112,-1.256,-1.748,-0.996,-0.132,-0.196,-2.776,-1.812,-0.66
trpos2840.txt_allergen_1554,0.6864,-1.2125,-1.2091,-1.3206,-1.8537,-0.784,-0.7282,-1.1463,-1.4216,-1.4634,-1.6237,-0.5923,-1.2021,-1.9512,-0.7979,-0.0348,-0.1603,-2.446,-1.453,-0.8293
trpos2840.txt_allergen_754,-0.2368,-0.7961,-1.2829,-1.0987,-2.2566,-0.2171,-0.2434,-1.7566,-1.5329,-1.3684,-1.1382,-0.375,-0.7368,-1.9474,-1.3355,-0.5461,-0.3947,-2.3421,-1.5658,-1.0724
trpos2840.txt_allergen_2131,-0.3615,-1.3192,-0.9014,-1.1831,-1.5399,-1.0235,-1.1362,-1.0188,-1.554,-1.6995,-1.662,-1.1127,-1.2911,-2.2113,-1.3427,-0.216,-0.5023,-2.6808,-1.892,-1.3192
trpos2840.txt_allergen_1327,-0.8431,-1.2794,-0.6814,-1.6324,-2.1078,-0.9216,-1.3873,-1.5784,-1.3088,-1.8333,-1.951,-0.7794,-1.5245,-2.1275,-1.7402,-0.5588,-0.848,-2.3627,-1.2206,-1.3578
trpos2840.txt_allergen_2369,-0.6402,-1.5774,-1.3305,-1.8494,-2.6946,-1.5146,-1.8452,-1.1046,-2.0544,-2.1883,-2.2678,-1.3431,-1.8326,-2.4351,-1.9582,-0.7908,-0.8494,-2.9623,-2.0335,-1.7029
trpos2840.txt_allergen_3319,-1.0482,-1.4699,-1.5904,-2.0361,-1.5301,-0.9277,-1.6506,-1.9157,-1.8675,-0.9277,-1.241,-0.5181,-1.1687,-1.7349,-1.8916,-0.7952,-0.8554,-2.6747,-1.8795,-0.9759
trpos2840.txt_allergen_1019,-0.9451,-2.1372,-1.1072,-1.5661,-2.9476,-1.0898,-1.6459,-1.5436,-2.0973,-1.3591,-1.3691,-1.5187,-1.6384,-1.5511,-1.9751,-0.202,-0.419,-3.1721,-1.4339,-1.0524
trpos2840.txt_allergen_255,-0.8797,-0.2278,-0.8671,-0.7215,-1.7152,0.3228,-0.1076,-1.7468,-1.2025,-1.7089,-1.4114,-0.4937,-0.7468,-2.1013,-1.5316,-0.4114,-0.7785,-2.4304,-1.5886,-1.538
trpos2840.txt_allergen_2426,-0.5,-1.7787,-1.5328,-1.5,-2.9508,-1.0492,-0.7705,-2.418,-1.8279,-1.3033,-1.5492,-0.7377,-1.5082,-1.9754,-2.1393,-0.877,-0.918,-3.3525,-2.2377,-0.8443
trpos2840.txt_allergen_1652,-0.9084,-1.4249,-0.707,-1.3516,-2.326,-1.1172,-1.0989,-1.2821,-1.4103,-1.5861,-1.9084,-0.978,-1.3407,-2.0293,-1.9927,-0.6374,-0.8791,-2.7949,-1.1502,-1.2454
trpos2840.txt_allergen_2666,-0.3662,-1.4554,-1.3286,-1.9249,-3.2629,-0.9061,-0.9859,-2.6995,-2.3099,-1.0047,-1.0563,-0.6056,-1.4085,-2.0469,-2.9061,-0.6948,-0.7418,-4.061,-2.3239,-0.723
trpos2840.txt_allergen_2316,0.7436,-1.6667,-1.6026,-1.1667,-2.3974,-1.2051,-0.2821,-1.6795,-1.9359,-1.7179,-1.9231,-0.7179,-1.3462,-2.0897,-0.9872,-0.4872,-0.8077,-3.2564,-2.0513,-0.9872
trpos2840.txt_allergen_1465,-0.8725,-1.3186,-0.6765,-1.5735,-2.0539,-0.9314,-1.3431,-1.5637,-1.3578,-1.8725,-1.9216,-0.8088,-1.5588,-2.0735,-1.7206,-0.4902,-0.8775,-2.348,-1.2206,-1.3676
trpos2840.txt_allergen_857,0.2862,-0.4121,-0.8491,-0.7449,-2.2939,0.0575,0.4526,-0.9565,-1.2473,-1.916,-1.9253,0.3157,-1.2644,-2.4277,-1.2768,0.283,-0.2115,-2.7325,-1.8149,-1.2924
trpos2840.txt_allergen_583,-1.0255,-1.3018,-1.2655,-1.8364,-2.4509,-1.2,-1.6,-1.8618,-1.3782,-1.5091,-1.4873,-1.2364,-1.5127,-1.9055,-1.7418,-0.6982,-0.7055,-2.5818,-1.6327,-1.0509
trpos2840.txt_allergen_3227,-0.7727,-1.0114,-0.7432,-0.8841,-2.3545,-0.5091,-0.5091,-1.6773,-1.0409,-1.2273,-1.4068,-0.5841,-1.0159,-1.5773,-1.4523,-0.4682,-0.4023,-2.6295,-1.1659,-1.0773
trpos2840.txt_allergen_1095,-0.8381,-1.2024,-0.4899,-0.9271,-1.8583,-0.5304,-0.5466,-1.6761,-1.17,-1.7206,-1.6316,-0.9676,-1.3725,-2.0405,-1.2429,-0.3279,-0.3522,-2.7854,-1.498,-1.1781
trpos2840.txt_allergen_1024,-0.7938,-2.175,-1.3,-1.4375,-2.7938,-1.5125,-0.9188,-1.6375,-1.1562,-1.1812,-1.6875,-0.7562,-1.5813,-1.9625,-2.05,-0.775,-0.6312,-3.2562,-1.8875,-0.9812
trpos2840.txt_allergen_560,-1.2201,-0.6483,-0.7488,-1.4904,-3.0359,-0.1627,-0.7057,-1.7488,-1.3325,-1.6914,-1.7081,-1.1172,-1.8421,-1.8517,-1.8684,-0.7249,-1.1364,-3.1794,-1.7656,-1.3684
trpos2840.txt_allergen_954,-1.1373,-1.3007,-1.2941,-0.6013,-2.268,-0.8366,-0.4183,-2.3922,-1.2484,-1.4902,-1.3203,-0.3464,-0.098,-1.4314,-2.7647,-1.085,-1.0523,-3.2288,-1.7974,-1.5817
trpos2840.txt_allergen_1726,-1.0467,-1.8037,-1.4953,-0.6355,-2.6075,-1.2617,-0.4579,-2.3551,-1.7664,-1.6822,-1.5794,-0.7196,-0.5701,-1.8318,-2.9907,-1.1028,-1.215,-3.5514,-2.2991,-1.486
trpos2840.txt_allergen_3194,-0.4444,-1.567,-1.3755,-1.9732,-2.5287,-1.4138,-1.9502,-1.2797,-2.0077,-1.8851,-1.8391,-1.4483,-1.5862,-2.0766,-2.0268,-0.6398,-0.8352,-2.9885,-1.8889,-1.3946
trpos2840.txt_allergen_2711,-0.7261,-2.1529,-1.3631,-1.4968,-2.9172,-1.4777,-0.949,-1.6369,-1.2675,-1.1401,-1.6178,-0.7197,-1.4586,-1.9236,-1.9045,-0.7834,-0.6433,-3.1465,-1.8089,-0.9427
trpos2840.txt_allergen_223,-0.6787,-2.1357,-0.9729,-1.7919,-3.1267,-1.1403,-1.2941,-1.9548,-1.6471,-1.8371,-1.6109,-1.0045,-1.8326,-2.1493,-2.4344,-1.1946,-1.1538,-3.0181,-1.9955,-1.638
trpos2840.txt_allergen_75,-0.775,-2.175,-1.2688,-1.4438,-2.7687,-1.4688,-0.8438,-1.5813,-1.075,-1.1812,-1.675,-0.6875,-1.4812,-1.9625,-2.0062,-0.7562,-0.6438,-3.2438,-1.8313,-0.975
trpos2840.txt_allergen_2376,-0.9199,-1.2509,-1.7735,-1.9408,-2.6341,1.8049,-0.8467,-1.7735,-1.5575,-1.7909,-1.547,-0.9024,-0.7422,-2.1324,0.8502,-0.6237,-0.7596,-2.9791,-1.8606,-1.4111
trpos2840.txt_allergen_776,-1.0702,-1.4326,-1.2809,-1.3343,-2.5478,-1.0646,-0.9494,-2.0393,-1.6376,-1.4073,-1.236,-0.8258,-1.2697,-1.9747,-2.2247,-0.8792,-1.0084,-3.191,-1.9017,-1.2837
trpos2840.txt_allergen_3414,-0.3873,-1.6127,-1.2077,-1.9014,-2.4542,-1.3697,-1.8169,-1.0915,-1.9507,-1.8556,-1.7887,-1.4049,-1.419,-1.9648,-1.993,-0.5669,-0.7993,-2.7148,-1.7923,-1.338
trpos2840.txt_allergen_1175,-0.5981,-0.8255,-0.7695,-1,-1.7913,-0.3302,-0.3956,-1.7321,-1.0966,-1.3333,-1.2056,-0.2804,-0.7134,-1.5639,-1.3832,-0.3458,-0.6137,-2.3178,-1.1121,-0.9844
trpos2840.txt_allergen_768,-0.858,-1.5,-0.8395,-1.7716,-2.4506,-0.9321,-1.4938,-1.7963,-1.3642,-1.7654,-1.784,-1.0494,-1.5432,-1.8951,-1.7593,-0.5679,-1.0617,-2.3148,-1.0802,-1.3765
trpos2840.txt_allergen_1344,-0.7125,-2.1875,-1.3875,-1.575,-3.0875,-1.5125,-1.0875,-1.75,-1.7,-1.1375,-1.675,-1.075,-1.6125,-1.975,-1.9625,-0.7375,-0.575,-3.325,-2.0875,-0.8
trpos2840.txt_allergen_315,-0.6593,-1.9259,-1.3185,-1.4815,-2.2148,-1.0074,-1.1926,-1.9037,-1.9185,-1.0963,-1.6296,-0.6148,-1.6667,-2.4519,-1.7704,-0.7926,-0.5778,-3.3185,-2.2148,-0.5556
trpos2840.txt_allergen_2660,-1.0952,-1.5986,-1.2789,-1.6939,-2.517,-1.4898,-1.7619,-1.9728,-1.7143,-1.8299,-1.6939,-1.1429,-1.6939,-2.2857,-2.6939,-0.9456,-1.1905,-3.034,-1.8776,-1.6122
trpos2840.txt_allergen_3311,-0.4896,-0.9583,-1.125,-1.3854,-1.3125,-0.3229,-0.6771,-1.7292,-1.2292,-1.4167,-1.3021,-0.5729,-0.8958,-1.9896,-1.7292,-0.375,-0.5521,-2.6771,-1.4792,-1.0833
trpos2840.txt_allergen_63,-0.4487,-1.5779,-1.3042,-1.9278,-2.4221,-1.4677,-1.8555,-1.1445,-2.0114,-1.943,-1.9544,-1.3954,-1.5627,-2.1293,-2.038,-0.6274,-0.8745,-2.9125,-1.8289,-1.365
trpos2840.txt_allergen_447,-0.1392,-1.4235,-0.7614,-0.9523,-2.6561,-0.9245,-1.0875,-1.1849,-1.5388,-1.3141,-1.4612,-0.994,-1.3857,-2.004,-1.6958,-0.165,-0.507,-2.4891,-1.3638,-0.994
trpos2840.txt_allergen_115,-1.0881,-1.3946,-1.3372,-1.9387,-2.6513,-1.2797,-1.7893,-1.9617,-1.5096,-1.5402,-1.4981,-1.4061,-1.6437,-1.9502,-1.931,-0.7778,-0.8314,-2.6475,-1.7203,-1.0805
trpos2840.txt_allergen_483,-1.0873,-1.4479,-1.2394,-1.2451,-2.507,-1.0901,-0.9268,-1.9803,-1.6366,-1.3634,-1.2028,-0.7831,-1.231,-1.9859,-2.2338,-0.8732,-1.0169,-3.1493,-1.8676,-1.2338
trpos2840.txt_allergen_121,-0.7312,-2.1688,-1.2875,-1.4688,-2.7812,-1.5312,-0.8562,-1.6062,-1.0437,-1.1812,-1.6938,-0.725,-1.475,-2.0312,-2.0375,-0.7625,-0.65,-3.2313,-1.8875,-0.9625
trpos2840.txt_allergen_275,-0.4662,-0.2762,-0.625,-0.7562,-2.3238,-0.07,0.1262,-1.3388,-1.09,-1.7063,-1.5263,0.0225,-1.0688,-2.1338,-1.3388,-0.21,-0.4888,-2.6525,-1.645,-1.3337
trpos2840.txt_allergen_2701,-0.1172,-1.7135,-0.9948,-1.2344,-2.8099,-1.1589,-1.3646,-1.3516,-1.7474,-1.4297,-1.6589,-1.3177,-1.5833,-2.0286,-1.9062,-0.2422,-0.651,-2.6927,-1.4609,-1.0729
trpos2840.txt_allergen_1669,-0.6879,-2.172,-1.2994,-1.4013,-2.8726,-1.535,-0.8662,-1.6115,-1.0637,-1.2166,-1.6943,-0.707,-1.535,-2.0637,-2.0446,-0.7134,-0.5987,-3.2803,-1.828,-0.9936
trpos2840.txt_allergen_3290,-0.7025,-1.4557,-0.8228,-1.6139,-2.1962,-0.9304,-1.5127,-2,-1.4747,-1.7532,-1.7342,-0.9747,-1.443,-1.8924,-1.8354,-0.481,-0.9557,-2.5633,-1.3038,-1.2911
trpos2840.txt_allergen_2903,-0.699,-1.5247,-1.5132,-1.4128,-2.3997,-0.9852,-0.5378,-2.375,-1.3964,-1.7763,-1.347,-0.6875,-1.3816,-2.0592,-1.9589,-0.6957,-0.6743,-3.3602,-1.9424,-1.3487
trpos2840.txt_allergen_1598,-0.8402,-0.0828,-1.0355,-0.8757,-1.7278,0.3905,-0.0769,-1.5325,-1.3254,-1.6213,-1.4615,-0.6331,-0.7278,-2.0888,-1.6805,-0.3669,-1.0533,-2.426,-1.5858,-1.4615
trpos2840.txt_allergen_1280,-0.7423,-1.3093,-1.6254,-1.8282,-2.5189,1.5808,-0.5704,-1.7904,-1.5086,-1.7698,-1.5155,-0.9003,-1.1856,-2.0893,0.8385,-0.4467,-0.7285,-2.8694,-1.8935,-1.2062
trpos2840.txt_allergen_14,-0.2754,-1.2754,-1.4928,-1.2754,-2.3551,-0.7101,-0.7319,-1.8043,-1.6232,-1.2101,-1.2029,-0.7464,-1.058,-1.8043,-1.7319,-0.6014,-0.6449,-2.8551,-1.4493,-0.442
trpos2840.txt_allergen_3121,-0.1056,0.243,-0.5317,-0.6408,-3.4261,1.3486,1.7782,-2.9965,-1.0739,-1.7359,-0.6655,1.2289,-0.7676,-3.4613,-4,-0.6127,-0.8345,-4.5106,-2.8556,-1.6901
trpos2840.txt_allergen_2463,1.9091,-0.8182,-1.5455,-1.8182,-0.9091,-0.3636,-0.8182,-0.3636,-1.8182,-1.0909,-1,-0.5455,-0.3636,-2,-1.2727,0.2727,-0.4545,-2.6364,-1.8182,-0.1818
trpos2840.txt_allergen_2957,-0.4275,-2.1679,-1.458,-1.9313,-2.3206,-1.1221,-1.7099,-1.1374,-2.2061,-1.7099,-1.916,-1.2595,-1.4885,-2.374,-2.5496,-0.8092,-0.7786,-3.5344,-2.1145,-1.2519
trpos2840.txt_allergen_1309,0.1,-1.3,-1.25,-0.95,-1.7,-0.5,-0.6,-1.1,-1.7,-1.1,-0.95,-0.9,-0.7,-1.65,-1.3,-0.25,-0.8,-2.6,-1.65,-0.75
trpos2840.txt_allergen_2777,-1.3986,-1.8986,-1.4275,-2.0145,-1.8768,-1.7391,-1.8116,-2.1304,-2.1014,-2.3768,-1.971,-1.0942,-1.9493,-2.3696,-2.6159,-1.3116,-1.2391,-2.8768,-1.913,-2.1304
trpos2840.txt_allergen_2424,-0.7556,-1.1667,-0.5333,-0.6111,-1.6556,-0.7111,-0.5,-1.7444,-0.9,-1.4444,-1.6,-0.7889,-1.1,-1.6667,-1.1667,-0.2778,-0.3,-2.3111,-1.2111,-1.1556
trpos2840.txt_allergen_101,-0.7,-2.15,-1.3062,-1.4875,-2.8812,-1.5437,-0.9688,-1.6062,-1.075,-1.2125,-1.7375,-0.825,-1.575,-2.025,-2.1188,-0.775,-0.6312,-3.275,-1.825,-0.9812
trpos2840.txt_allergen_1231,-0.8986,-1.2552,-1.7832,-2.2448,-2.8042,1.7378,-0.8252,-1.7308,-1.6189,-1.8497,-1.5,-0.9825,-0.6748,-2.0629,0.8846,-0.5594,-0.6888,-2.9545,-1.9021,-1.1993
trpos2840.txt_allergen_2943,-0.4328,-2.1343,-1.4851,-1.8209,-2.2687,-1.097,-1.6567,-1.1045,-2.1866,-1.6418,-1.806,-1.2164,-1.4627,-2.306,-2.5,-0.8582,-0.7463,-3.4627,-2.0746,-1.1866
trpos2840.txt_allergen_779,-0.383,-1.773,-0.7766,-1.5993,-2.7092,-1.2021,-1.4929,-1.2411,-1.7234,-1.5887,-1.383,-1.0035,-1.6809,-1.5957,-2.3085,-0.273,-0.1099,-3.0071,-1.7908,-1.0567
trpos2840.txt_allergen_700,-1.072,-0.168,-1.4,-1.84,-2.12,0.88,-0.584,-1.664,-1.232,-1.952,-1.688,-0.784,-0.408,-2.288,-1.192,-0.768,-1.368,-2.76,-2.016,-1.872
trpos2840.txt_allergen_3083,-0.814,-1.9302,-1.2481,-1.4031,-2.3023,-0.9767,-1.124,-1.9457,-1.876,-1.1163,-1.7287,-0.5581,-1.6977,-2.5504,-1.7364,-0.7984,-0.5659,-3.3643,-2.2636,-0.6744
trpos2840.txt_allergen_2754,-0.4618,-1.5236,-1.3127,-1.9055,-2.4036,-1.4218,-1.8218,-1.1891,-1.9382,-1.8327,-1.8727,-1.32,-1.4655,-2.1164,-1.9891,-0.6073,-0.76,-2.7418,-1.8764,-1.3345
trpos2840.txt_allergen_2438,-0.2678,-1.1803,-0.7104,-0.9945,-1.2623,-0.7158,-0.7814,-1.0601,-1.2678,-1.388,-1.4208,-0.8689,-0.9235,-1.6831,-1.3388,-0.0383,-0.4754,-2.3825,-1.377,-1.0328
trpos2840.txt_allergen_3480,-0.4088,-1.3723,-0.8321,-1.1606,-1.8102,-0.8248,-0.927,-1.0584,-1.2774,-1.7518,-1.6277,-0.9416,-1.2263,-1.6496,-1.6642,-0.1825,-0.4015,-2.3869,-1.2263,-1.3066
trpos2840.txt_allergen_1167,-0.7843,-2.0784,-1.0458,-1.5098,-2.9216,-1.6993,-1.5425,-0.902,-1.5033,-1.8497,-2.0261,-1.3072,-2.0065,-2.5882,-2.0523,-1.0523,-0.8039,-3.8039,-2.4902,-1.4837
trpos2840.txt_allergen_913,-0.8672,-1.4414,-0.6055,-1.5703,-1.8672,-1.0469,-1.3281,-1.5039,-1.5273,-1.6445,-1.832,-0.9023,-1.5469,-2.1406,-1.5625,-0.5117,-0.7812,-2.3398,-1.2148,-1.2422
trpos2840.txt_allergen_1428,-0.7697,-1.9551,-1.2303,-1.4438,-2.6236,-1.4382,-0.8146,-1.5787,-1.1011,-1.1798,-1.6236,-0.691,-1.4494,-1.9326,-2.0449,-0.7416,-0.6011,-3.1292,-1.7247,-0.9438
trpos2840.txt_allergen_2533,0.1667,-0.6667,-0.0556,-0.9444,-1.8333,-0.1667,-0.5556,-1.4444,-1.3333,-1.7778,-1.7778,-0.5556,-1.1111,-2.3889,0.5,0.3333,0.5,-2.8333,-2.0556,-1.1111
trpos2840.txt_allergen_2040,-0.7406,-1.4937,-0.6751,-1.3955,-2.5088,-1.2922,-1.5668,-1.3854,-1.4131,-1.3149,-1.7632,-1.0529,-1.4987,-1.9395,-2.1108,-0.4156,-0.6826,-2.6751,-1.3325,-1.1914
trpos2840.txt_allergen_2086,-0.5278,-1.0556,-0.5556,-0.7708,-1.7292,-0.5625,-0.5347,-1.2292,-1.1667,-1.7153,-1.7708,-0.3889,-1.2569,-1.8958,-1.4653,-0.0208,0.2014,-2.2361,-1.2292,-1.2153
trpos2840.txt_allergen_1840,-0.1831,0.3873,-0.3592,-0.5634,-3.5035,1.4754,1.7817,-3.0915,-1.088,-1.669,-0.6408,1.1162,-0.8063,-3.5176,-4.1655,-0.6408,-0.912,-4.412,-2.9049,-1.7077
trpos2840.txt_allergen_69,-1.2,-1.2333,-1.4944,-1.5278,-3.2389,-0.9167,-0.8222,-2.2722,-1.5,-1.2667,-1.0556,-0.85,-1.15,-1.5556,-2.3667,-1.0667,-0.6389,-3.15,-1.7056,-0.9889
trpos2840.txt_allergen_235,-0.875,-1.6875,-1.0625,-1.875,-3.2604,-1.1458,-1.6042,-1.7708,-2.2812,-2.0833,-2.1146,-1.1771,-1.5938,-2.3333,-2.3542,-0.6042,-0.6979,-2.8542,-2.1042,-1.2812
trpos2840.txt_allergen_3214,-0.5019,-1.6134,-1.3086,-1.9368,-2.4907,-1.4535,-1.881,-1.1933,-2,-1.8736,-1.8587,-1.4089,-1.4721,-2.0297,-2.0595,-0.632,-0.855,-2.7844,-1.8067,-1.3829
trpos2840.txt_allergen_2042,-0.9652,-1.313,-1.2638,-1.6899,-2.9971,-1.0058,-1.2406,-2.1014,-1.3797,-1.6696,-1.5188,-1.1275,-1.4319,-1.8348,-1.9826,-0.971,-0.9362,-2.542,-1.3275,-1.313
trpos2840.txt_allergen_3360,-0.7826,-1.4441,-0.7391,-1.646,-2.559,-1.1894,-1.1925,-1.6522,-1.382,-1.677,-1.7671,-0.941,-1.3199,-1.8323,-2.3665,-0.6304,-0.9627,-2.705,-1.1801,-1.2764
trpos2840.txt_allergen_611,-0.9674,-1.5223,-1.0059,-1.5638,-2.2315,-1.1869,-1.3858,-1.8665,-1.6617,-1.4184,-1.4392,-1.1365,-1.3947,-1.7478,-1.8516,-0.6588,-0.8249,-3.0326,-1.5519,-1.3442
trpos2840.txt_allergen_2010,-0.725,-2.1562,-1.35,-1.5188,-2.7687,-1.525,-0.9062,-1.6375,-1.1375,-1.15,-1.65,-0.7688,-1.5437,-1.9187,-1.9812,-0.7438,-0.6312,-3.2062,-1.8375,-0.9375
trpos2840.txt_allergen_1617,-0.6454,-1.9716,-1.4894,-1.6809,-2.2553,-1.1064,-1.2482,-2.1277,-2.0355,-0.9433,-1.4184,-0.766,-1.4894,-2.234,-1.9291,-0.8014,-0.5603,-3.2695,-2.1206,-0.4681
trpos2840.txt_allergen_807,-0.7667,-1.2333,-0.5667,-0.7556,-1.7556,-0.7556,-0.5333,-1.7556,-0.9111,-1.4111,-1.5778,-0.8444,-1.2222,-1.5667,-1.3111,-0.3,-0.3111,-2.2667,-1.1556,-1.1333
trpos2840.txt_allergen_227,-0.9571,-1.5611,-1,-1.5512,-2.4818,-1.1782,-1.3729,-1.8713,-1.7624,-1.5083,-1.5743,-1.099,-1.4422,-1.8383,-2.0495,-0.7294,-0.8845,-3.0825,-1.5611,-1.3168
trpos2840.txt_allergen_536,-0.7558,-0.0523,-0.9826,-0.936,-1.7209,0.343,-0.1395,-1.6628,-1.3314,-1.5698,-1.4477,-0.7267,-0.7326,-1.9593,-1.6047,-0.4477,-1.0872,-2.5,-1.6279,-1.4477
trpos2840.txt_allergen_1469,0.8306,-1.1827,-1.4053,-1.4983,-1.8904,-0.9169,-0.9169,-1.1429,-1.598,-1.485,-1.5947,-0.7375,-1.2259,-2.0432,-0.8738,-0.0332,-0.1694,-2.5249,-1.608,-0.8073
trpos2840.txt_allergen_2240,-0.5117,-0.1372,-1.2003,-1.0219,-2.7764,0.3594,0.524,-2.2826,-1.4211,-1.8793,-1.0082,-0.1619,-1.3978,-2.7051,-2.3361,-0.3882,-0.9616,-3.5967,-2.4513,-1.5638
trpos2840.txt_allergen_2926,-0.4254,-2.1269,-1.4701,-1.8433,-2.1716,-1.0896,-1.7015,-1.1418,-2.194,-1.6642,-1.7985,-1.2612,-1.4403,-2.306,-2.5448,-0.8881,-0.7761,-3.4552,-2.0746,-1.194
trpos2840.txt_allergen_212,-0.8062,-2.1625,-1.3062,-1.45,-2.8688,-1.525,-0.9,-1.6438,-1.1187,-1.2375,-1.6562,-0.8062,-1.5562,-1.9625,-2.0062,-0.8,-0.625,-3.3,-1.8813,-1.0125
trpos2840.txt_allergen_2557,-0.8185,-0.7083,-0.5108,-0.9059,-2.3333,-0.4745,-0.3925,-1.75,-1.0067,-1.4207,-1.371,-0.293,-0.871,-1.6277,-1.6116,-0.3185,-0.5659,-2.504,-1.1559,-1.1492
trpos2840.txt_allergen_359,-1.1685,-1.8034,-1.2191,-1.5449,-2.764,-1.5225,-1.4607,-1.5899,-1.927,-1.7528,-2.0843,-0.9944,-1.9157,-2.1067,-1.9045,-1.1067,-0.8034,-3.6798,-2.073,-1.5337
trpos2840.txt_allergen_2302,0.0526,-1.4211,-1,-1.8421,-0.6316,-0.9474,-1.5263,-1.0526,-1.5789,-0.8421,-1.4211,-1.2105,-0.6842,-1.6842,-1.4737,-0.0526,-0.5789,-2.5789,-1.4737,-0.5263
trpos2840.txt_allergen_3392,-0.6923,-1.9161,-1.3846,-1.6643,-2.1888,-1.0979,-1.2308,-2.0559,-2,-0.993,-1.3776,-0.7343,-1.4545,-2.2098,-1.8252,-0.7972,-0.5245,-3.1748,-2.035,-0.5594
trpos2840.txt_allergen_769,-0.5217,-1.9261,-0.9565,-1.8217,-2.9783,-1.1478,-1.2913,-1.9957,-1.687,-1.8391,-1.5478,-1.0391,-1.8696,-2.0652,-2.4696,-1.1043,-1.1217,-3.0522,-2.0522,-1.5783
trpos2840.txt_allergen_1275,-1.0116,-0.5853,-0.7132,-1.4283,-2.7287,0.0097,-0.6802,-1.5407,-1.3857,-1.4748,-1.4167,-1.0891,-1.5911,-1.562,-1.5775,-0.4826,-0.9128,-2.7616,-1.6705,-1.2384
trpos2840.txt_allergen_2558,-0.603,-1.6269,-0.9024,-1.3167,-2.8547,-1.0282,-1.2972,-1.4794,-1.4859,-1.6117,-1.449,-1.1714,-1.4707,-1.6443,-1.7028,-0.6616,-0.82,-2.5033,-1.2061,-1.2928
trpos2840.txt_allergen_1124,-0.884,-1.096,-0.676,-0.952,-1.696,-0.432,-0.6,-1.82,-1.052,-1.62,-1.588,-0.9,-1.384,-1.896,-0.972,-0.38,-0.448,-2.544,-1.436,-1.272
trpos2840.txt_allergen_1813,-0.751,-1.7374,-0.5175,-1.1887,-2.2879,-1.142,-1.4358,-1.0603,-1.6498,-1.3113,-1.821,-0.9786,-1.5097,-2.0389,-1.9864,-0.3268,-0.3872,-3.0078,-1.7198,-1.0175
trpos2840.txt_allergen_2193,-0.2795,-1.1366,-0.646,-0.9752,-1.7205,-0.7143,-0.6584,-0.8012,-1.1304,-1.5,-1.5342,-0.8634,-1.0404,-1.6957,-1.4379,-0.0528,-0.4814,-2.1335,-1.3447,-1.0714
trpos2840.txt_allergen_1398,-0.44,-1.24,-1.24,-1.28,-1.92,-0.48,-0.68,-1.56,-1.76,-0.92,-0.96,-0.56,-0.4,-1.8,-0.68,-0.4,-0.52,-2.64,-1.64,-0.4
trpos2840.txt_allergen_348,-0.4627,-2.0075,-1.5224,-1.8358,-2.2463,-1.1269,-1.7388,-1.0672,-2.097,-1.6493,-1.791,-1.3134,-1.5373,-2.3507,-2.5448,-0.8731,-0.8433,-3.5672,-2.1418,-1.2015
trpos2840.txt_allergen_2695,-0.7582,-2.183,-1.281,-1.4183,-2.8105,-1.5229,-0.915,-1.634,-1.085,-1.1111,-1.5882,-0.6993,-1.5556,-1.9085,-2.0523,-0.8039,-0.6209,-3.2222,-1.8301,-0.9477
trpos2840.txt_allergen_1201,-0.5556,-0.7619,-1.0159,-1.8413,-0.3651,-1.0635,-1.5714,-1.5714,-1.3333,-2.2698,-2.0952,-0.4603,-1.7778,-2.4603,-1.5873,-0.4127,-0.5873,-2.7778,-1.6032,-1.7302
trpos2840.txt_allergen_2667,-1.0423,-1.5563,-1.2254,-1.5986,-2.4789,-1.2817,-1.6549,-1.9859,-1.7676,-1.7606,-1.6549,-1.0211,-1.4789,-2.2183,-2.6127,-0.9507,-1.1831,-2.9507,-1.8028,-1.5141
trpos2840.txt_allergen_3367,-0.2789,-1.5045,-1.457,-1.3175,-2.6053,-0.9792,-0.8694,-1.9941,-1.9525,-1.0237,-1.2433,-0.7122,-1.4065,-2.1009,-2.1128,-0.8813,-0.905,-3.2136,-1.9822,-1.1335
trpos2840.txt_allergen_889,0.087,-1.6957,-1.3565,-2.5478,-1.9826,-1.6348,-2.3391,-1.687,-2.687,-1.6609,-1.5391,-1.513,-1.1478,-2.9304,-1.913,-0.5217,-0.7478,-3.9043,-2.713,-1
trpos2840.txt_allergen_695,-0.2973,-2.2703,-1.0541,-2.7027,-1.3514,-1.6486,-2.5676,-0.8649,-2.7297,-2,-1.8919,-1.9189,-1.9459,-3,-1.7297,-0.3514,-0.5135,-3.7838,-2.5946,-1.2973
trpos2840.txt_allergen_1072,-1.0183,-1.6606,-1.4128,-0.7064,-2.4587,-1.2477,-0.5046,-2.4128,-1.7615,-1.7064,-1.578,-0.6606,-0.4037,-1.7523,-2.9174,-1.0734,-1.2661,-3.4312,-2.211,-1.5963
trpos2840.txt_allergen_778,-0.9948,-1.2356,-0.8796,-0.7016,-2.4974,-0.8063,-0.4817,-1.7277,-1.5602,-1.3455,-1.3089,-0.5183,-0.7277,-1.4084,-2.1571,-0.8743,-0.9319,-2.6492,-1.3979,-1.3246
trpos2840.txt_allergen_2326,-1.0198,-1.4257,-0.7393,-1.6106,-2.8515,-1.1914,-1.2541,-1.7657,-1.4059,-1.769,-1.9571,-0.9307,-1.4818,-2.1122,-2.462,-0.7195,-1.0858,-2.9241,-1.3663,-1.4554
trpos2840.txt_allergen_217,-0.8075,-2.1429,-1.2174,-1.4286,-2.7453,-1.4658,-0.8447,-1.5839,-1.0559,-1.1863,-1.6584,-0.7019,-1.472,-1.9814,-1.9938,-0.764,-0.6211,-3.236,-1.8447,-0.9752
trpos2840.txt_allergen_686,0.0256,-1.6068,-1.3761,-2.5385,-1.7179,-1.5983,-2.4017,-1.735,-2.7179,-1.735,-1.5556,-1.4786,-1.265,-2.8376,-1.9487,-0.547,-0.7179,-3.9658,-2.7778,-1.0769
trpos2840.txt_allergen_1357,-1.3944,-1.662,-1.6338,-1.0845,-2.9577,-1.4507,-0.7042,-2.507,-1.8592,-1.9859,-1.6338,-0.831,-0.4366,-1.8451,-3.4789,-1.3521,-1.4789,-4.0141,-2.4366,-1.9296
trpos2840.txt_allergen_2706,-0.8217,-2.1592,-1.3121,-1.4777,-2.7771,-1.5096,-0.9045,-1.5987,-1.0892,-1.1529,-1.6178,-0.758,-1.535,-1.949,-1.9873,-0.8217,-0.6178,-3.2293,-1.8025,-0.9682
trpos2840.txt_allergen_645,-0.4504,-2.1527,-1.4885,-1.9542,-2.2977,-1.1374,-1.6794,-1.1298,-2.1908,-1.7023,-1.8321,-1.2443,-1.4885,-2.3206,-2.5496,-0.8321,-0.8092,-3.5267,-2.0763,-1.2214
trpos2840.txt_allergen_254,-0.7607,-1.2991,-0.6966,-1.6026,-2.0897,-0.9701,-1.3205,-1.5085,-1.4188,-1.5513,-1.688,-0.7735,-1.3675,-2.0128,-1.7863,-0.4786,-0.8291,-2.1923,-1.2009,-1.1923
trpos2840.txt_allergen_2430,-0.6295,-1.2788,-0.6205,-1.0629,-2.2086,-0.8831,-1.1007,-1.2806,-1.3777,-1.2446,-1.205,-0.9874,-1.045,-1.4802,-1.6583,-0.4874,-0.5342,-1.8795,-1.0629,-1.0701
trpos2840.txt_allergen_436,-0.1024,-1.1747,-1.6807,-1.5361,-2.3855,-0.6205,-1.4578,-0.8434,-1.3976,-1.1988,-1.1386,-1.1867,-0.7048,-1.8072,-1.9398,-0.5241,-0.1627,-2.8855,-1.4759,-0.8313
trpos2840.txt_allergen_3286,-1.3058,-1.3223,-0.4298,-0.9504,-2.6694,-0.781,-0.7438,-1.8802,-1.2603,-1.1322,-1.3554,-0.4298,-1.1818,-1.3347,-1.9793,-0.5868,-0.6074,-2.6653,-1,-1.1364
trpos2840.txt_allergen_2670,-1.321,-1.9938,-1.3086,-1.6728,-2.8333,-1.6975,-1.4938,-1.8148,-2.0556,-1.9321,-2.1543,-1.1173,-1.9136,-2.1667,-2.2963,-1.2531,-0.9074,-3.8519,-2.1296,-1.5741
trpos2840.txt_allergen_3291,-0.8996,-1.4895,-0.8661,-1.6778,-2.1339,-0.9331,-1.4226,-1.9582,-1.4979,-1.9498,-1.8661,-1.0335,-1.6025,-2.1423,-1.841,-0.4644,-0.9121,-2.7197,-1.3975,-1.4937
trpos2840.txt_allergen_2574,-0.7,-0.95,-1.05,-0.85,-2.3,-0.75,-0.35,-1.75,-1.45,-1,-1.25,-1,-0.95,-1.4,-1.55,-0.45,-0.5,-2.65,-1.45,-1
trpos2840.txt_allergen_2757,-0.6429,-1.7262,-1.3929,-1.0774,-2.744,-1.3333,-1.0179,-1.4702,-1.8333,-1.0714,-1.1964,-0.8929,-1.369,-1.5417,-1.9583,-0.8631,-0.8155,-2.9226,-1.6964,-0.8036
trpos2840.txt_allergen_2727,-0.7801,-1.2982,-0.9367,-1.5843,-2.1687,-0.8163,-1.0301,-1.7349,-1.4639,-1.5813,-1.5422,-0.9187,-1.2741,-1.8434,-1.6416,-0.5211,-0.8735,-2.2982,-1.25,-1.1024
trpos2840.txt_allergen_139,-0.7931,-1.2138,-0.9862,-1.0828,-2.2414,-0.869,-0.6966,-1.669,-1.6966,-1.4414,-1.6276,-0.5586,-1.4,-2.0759,-1.5103,-0.6414,-0.5793,-3.0414,-1.7862,-1.0483
trpos2840.txt_allergen_174,-0.5267,-1.7433,-0.8182,-1.5695,-2.7834,-1.1283,-1.6283,-1.5695,-1.8717,-1.393,-1.5,-1.3957,-1.4251,-1.7727,-1.8583,-0.2834,-0.5107,-2.8877,-1.6524,-1.1417
trpos2840.txt_allergen_1494,-0.782,-1.9528,-1.6315,-1.7955,-2.8562,-1.6315,-1.4225,-1.9551,-2.1573,-1.6674,-1.9124,-1.3079,-1.6494,-2.3753,-2.7326,-1.0697,-1.1865,-3.582,-2.2202,-1.4831
trpos2840.txt_allergen_1055,-0.6818,-0.9886,-1.1364,-1.9886,-0.7727,-1.0341,-1.5341,-1.5114,-1.5909,-1.7159,-1.3182,-0.7159,-1.0455,-1.8182,-1.7955,-0.3977,-0.5227,-2.5568,-1.3523,-1.2955
trpos2840.txt_allergen_124,-0.8911,-1.3218,-0.7129,-1.6238,-2.2673,-0.9307,-1.3218,-1.599,-1.401,-1.9455,-2.0644,-0.7129,-1.6535,-2.0792,-1.7426,-0.5693,-0.8911,-2.4307,-1.1535,-1.4406
trpos2840.txt_allergen_2546,-0.6429,-1.4286,-1.5,-1.5,-2.4286,-0.7857,-1,-1.6429,-1.5,-0.8571,-1.2857,-1.2143,-0.7857,-0.4286,-1.6429,-1.0714,-0.5714,-2.2857,-0.9286,-0.5714
trpos2840.txt_allergen_451,-1,-1.2687,-0.9179,-1.2463,-1.6716,-1,-1.0149,-1.6194,-1.0672,-1.7985,-1.7612,-0.8881,-1.2463,-1.6045,-2.0597,-0.5821,-0.6791,-2.0821,-1.0821,-1.5522
trpos2840.txt_allergen_3525,-0.8261,-0.6087,-0.5217,-0.7391,-2.4783,1.3043,0.0435,-1.5652,-0.913,-2.2174,-1.8696,-0.2609,-0.5217,-2.2609,0.7391,-0.3043,-0.7826,-2.3043,-1.5652,-1.4348
trpos2840.txt_allergen_3549,-0.1562,-1.2188,-0.4062,-1.5,-0.7812,-0.875,-1.3125,-1.2812,-1.6562,-1.1562,-0.875,-1.0312,-0.7188,-2.0938,-1.0625,-0.0938,0.0625,-2.75,-1.875,-0.8125
trpos2840.txt_allergen_2062,-1.0278,-1.8981,-1.5,-0.7407,-2.5741,-1.2685,-0.537,-2.3796,-1.9815,-1.75,-1.6759,-0.713,-0.5741,-1.9167,-3,-1.1944,-1.2685,-3.6204,-2.2963,-1.5833
trpos2840.txt_allergen_2786,-0.5446,-0.9703,-0.7921,-0.6386,-2.3564,-0.3119,-0.203,-1.2871,-1.5248,-1.9703,-1.995,-0.4257,-1.4901,-2.7525,-0.6139,0.3168,-0.4356,-3.1089,-2.2921,-1.3861
trpos2840.txt_allergen_98,-0.7062,-2.1688,-1.3062,-1.4688,-2.8875,-1.5562,-0.9625,-1.6438,-1.125,-1.1812,-1.725,-0.7938,-1.6,-2.0625,-2.1312,-0.8,-0.625,-3.2687,-1.8188,-0.9875
trpos2840.txt_allergen_2360,-0.8452,-2.1161,-1.329,-1.3677,-2.8258,-1.4839,-0.8516,-1.6645,-1.0516,-1.0645,-1.6323,-0.7419,-1.4516,-1.9548,-2.1548,-0.8258,-0.5677,-3.1355,-1.871,-0.9419
trpos2840.txt_allergen_1887,-1.6565,-1.7328,-1.145,-1.5649,-2.9695,-1.1527,-0.7176,-2.2595,-1.8931,-1.5115,-1.9542,-0.4275,-1.4122,-2.0763,-3.0763,-0.9618,-0.3435,-3.1145,-1.9008,-0.9313
trpos2840.txt_allergen_2033,-0.2727,-1.2909,-0.9,-1.4273,-1.3636,-0.9727,-0.9727,-0.6364,-1.6455,-2.1,-2.1273,-0.6727,-1.5727,-2.1182,-1.0364,-0.3818,-0.9909,-2.6273,-1.9545,-1.5091
trpos2840.txt_allergen_912,-1.0351,-1.7851,-1.2325,-1.8202,-2.7763,-1.1272,-1.5395,-1.8158,-2.1579,-0.7719,-0.2018,-1.5307,-1.0702,-1.9518,-1.9561,-0.6974,-0.6096,-3.3816,-2.3377,-0.557
trpos2840.txt_allergen_3468,-0.7897,-0.9486,-0.8925,-1.3692,-2.4346,-0.1028,-0.3037,-2.0514,-1.0374,-1.271,-1.0981,-0.6355,-0.986,-1.4813,-0.9112,-0.3178,-0.8598,-2.4626,-1.0748,-1.1355
trpos2840.txt_allergen_1388,-0.3125,-0.8375,-1.725,-1.7063,-1.925,-0.6812,-1.2937,-1.3562,-1.775,-1.6875,-1.3062,-1.475,-1.0875,-2.1437,-1.0625,-0.5625,-0.775,-2.3812,-1.6812,-0.8812
trpos2840.txt_allergen_2927,-0.4254,-2.1119,-1.5,-1.8657,-2.1642,-1.0672,-1.6866,-1.1418,-2.1642,-1.6418,-1.791,-1.2388,-1.4328,-2.306,-2.5522,-0.8731,-0.7388,-3.4328,-2.0448,-1.1791
trpos2840.txt_allergen_345,-0.7358,-2.1635,-1.3648,-1.4654,-2.8491,-1.5472,-0.8365,-1.5472,-1.1195,-1.1572,-1.6667,-0.7358,-1.6289,-2.0126,-2.0503,-0.7673,-0.5912,-3.195,-1.8365,-0.9686
trpos2840.txt_allergen_168,0.6545,-2.0727,-1.6182,-1.3364,-2.6091,-1.3455,-0.5091,-0.9818,-2.4364,-1.8636,-1.7727,-0.9727,-1.5455,-2.3818,-1.3727,-0.4,-0.9273,-3.4,-2.5273,-1.3091
trpos2840.txt_allergen_182,-0.8125,-2.175,-1.2625,-1.4812,-2.7812,-1.4812,-0.9125,-1.6062,-1.1,-1.1812,-1.6812,-0.7438,-1.55,-1.9812,-2.0312,-0.7688,-0.6188,-3.2687,-1.8625,-1
trpos2840.txt_allergen_3150,-0.5548,-2.1613,-1.4065,-1.5032,-2.8581,-1.5097,-0.9484,-1.4129,-1.5355,-1.1419,-1.6387,-0.929,-1.5226,-2.0645,-1.9742,-0.671,-0.529,-3.2387,-1.9161,-0.8839
trpos2840.txt_allergen_1925,-0.458,-2.145,-1.4885,-1.9313,-2.2977,-1.1527,-1.6794,-1.1527,-2.1756,-1.6794,-1.8397,-1.2824,-1.4809,-2.3588,-2.5573,-0.8321,-0.7863,-3.5344,-2.084,-1.229
trpos2840.txt_allergen_170,-0.6868,-1.0165,-0.8077,-1.0879,-1.9725,-0.6593,-0.7363,-1.6538,-0.8901,-1.511,-1.533,-0.7582,-1.1264,-1.5549,-1.7967,-0.4505,-0.478,-2.4505,-0.9835,-1.1923
trpos2840.txt_allergen_1787,-0.4198,-2.1679,-1.4504,-1.9084,-2.2824,-1.1145,-1.7176,-1.1985,-2.1832,-1.687,-1.855,-1.2901,-1.4962,-2.3053,-2.5038,-0.8092,-0.7634,-3.5115,-2.0916,-1.2672
trpos2840.txt_allergen_2226,-1.1934,-1.2376,-1.453,-1.5083,-3.2983,-0.9779,-0.8729,-2.2155,-1.547,-1.3646,-1.1105,-0.8785,-1.1713,-1.5746,-2.2928,-1.0055,-0.6851,-3.2155,-1.7127,-0.9779
trpos2840.txt_allergen_363,-0.0345,-1.3448,-1.6345,-1.8,-2.2345,-0.6966,-1.2966,-1.1517,-1.5379,-1.0828,-0.9241,-1.0966,-0.5724,-1.6759,-1.8276,-0.3931,-0.1448,-2.6828,-1.4759,-0.6276
trpos2840.txt_allergen_1621,-0.4198,-2.1679,-1.4504,-1.8931,-2.2977,-1.1145,-1.6947,-1.1832,-2.1527,-1.6794,-1.8397,-1.2672,-1.4656,-2.3511,-2.5573,-0.7786,-0.771,-3.5038,-2.0534,-1.2366
trpos2840.txt_allergen_1833,-0.5241,-1.8048,-0.8476,-1.5668,-2.8422,-1.1791,-1.6578,-1.6684,-1.9171,-1.4144,-1.5348,-1.3984,-1.5,-1.8235,-1.8957,-0.2701,-0.5321,-2.9599,-1.6765,-1.1658
trpos2840.txt_allergen_2130,-0.3944,-1.3286,-0.8732,-1.1221,-1.493,-1.0376,-1.1174,-1.0376,-1.5634,-1.723,-1.6948,-1.1127,-1.3192,-2.2488,-1.3521,-0.2113,-0.5211,-2.7089,-1.8638,-1.3286
trpos2840.txt_allergen_2128,-0.3139,-1.1533,-0.6496,-0.9416,-1.5474,-0.7226,-0.8394,-1.073,-1.2117,-1.5036,-1.4088,-0.7883,-0.9854,-1.4234,-1.5109,-0.0511,-0.3723,-2.1314,-1.1971,-1.1606
trpos2840.txt_allergen_439,-0.2095,-2.1779,-1.6917,-2.0593,-2.5731,-1.5731,-1.4545,-2.0277,-2.1581,-1.3755,-1.6443,-1.3123,-1.9407,-2.4348,-2.6601,-1.1028,-1.3202,-3.7905,-2.5731,-1.1028
trpos2840.txt_allergen_3201,-0.6546,-1.6867,-1.3775,-1.992,-2.6064,-1.4859,-1.9277,-1.2972,-2.0723,-1.9076,-1.8956,-1.4538,-1.5301,-2.1365,-2.1606,-0.7269,-0.8956,-2.9719,-1.8835,-1.4257
trpos2840.txt_allergen_629,0.0063,-1.1887,-1.6541,-1.7044,-2.3208,-0.7736,-1.3396,-1.0189,-1.3899,-1.2579,-1.1069,-1.1258,-0.7799,-1.7673,-1.8742,-0.5031,-0.2264,-2.7421,-1.4403,-0.7925
trpos2840.txt_allergen_44,-0.8421,-1.2344,-0.689,-1.6172,-2.1483,-0.9426,-1.2775,-1.5646,-1.2392,-1.8804,-1.9904,-0.7656,-1.5981,-2.177,-1.7512,-0.4545,-0.8325,-2.3828,-1.1627,-1.4306
trpos2840.txt_allergen_742,-0.669,-2,-1.4296,-1.6479,-2.2324,-1.1268,-1.2676,-2.1479,-1.9789,-0.9577,-1.4648,-0.7254,-1.5141,-2.2746,-1.9085,-0.7676,-0.5211,-3.3099,-2.1056,-0.5141
trpos2840.txt_allergen_1643,-0.2113,0.2394,-0.4155,-0.6725,-3.4789,1.4014,1.7711,-3.0387,-1.2289,-1.7183,-0.7289,1.2007,-0.8944,-3.5,-4.1444,-0.6303,-0.919,-4.3732,-2.8768,-1.7183
trpos2840.txt_allergen_2138,-0.3803,-1.3286,-0.8732,-1.1596,-1.5493,-1.0329,-1.1127,-1.0282,-1.5164,-1.7136,-1.6854,-1.1221,-1.3052,-2.2394,-1.3803,-0.2207,-0.4836,-2.7183,-1.8967,-1.338
trpos2840.txt_allergen_381,-0.4991,-1.6631,-1.0919,-1.4523,-2.8775,-0.7982,-1.2811,-1.5261,-1.4937,-1.6919,-1.5207,-1.2234,-1.555,-1.9279,-0.8973,-0.3279,-0.3784,-2.8198,-1.4577,-1.2054
trpos2840.txt_allergen_1849,-0.6212,-0.9015,-1.25,-1.2197,-2.5152,-0.3409,-0.2803,-2.1742,-1.1212,-1.1439,-0.9924,-0.4242,-0.6894,-1.697,-2.1439,-0.8939,-0.6894,-2.7727,-1.6212,-1.1212
trpos2840.txt_allergen_950,-0.2609,-1.6413,-1.087,-2.2283,-2.0326,-1.5978,-2.4022,-1.5,-2.6304,-1.8804,-1.9565,-1.2609,-1.8696,-3.1196,-1.75,-0.3587,-0.5761,-4.0217,-2.75,-1.4239
trpos2840.txt_allergen_1442,-0.8654,-1.4862,-0.8012,-1.6239,-2.5535,-1.2202,-1.2783,-1.6972,-1.367,-1.6544,-1.7003,-0.9694,-1.315,-1.8838,-2.3028,-0.6758,-1.0031,-2.6697,-1.1804,-1.2722
trpos2840.txt_allergen_2232,-0.0758,-1.3939,-1.0758,-1.1364,-1.5152,-1.1591,-0.9924,-1.2803,-1.7727,-1.7424,-1.7879,-0.7879,-1.4621,-2.0682,-0.6364,-0.2273,-0.4318,-3.0076,-2.0455,-1.3561
trpos2840.txt_allergen_630,-0.3516,-1.6593,-1.1429,-2.3626,-2.1099,-1.6044,-2.3736,-1.6264,-2.7143,-1.967,-1.989,-1.2527,-1.8791,-3.2418,-1.8242,-0.3736,-0.6044,-4.2857,-2.8681,-1.4396
trpos2840.txt_allergen_27,0.1589,-2.1126,-1.4371,-1.3311,-3.1523,-1.3179,-1.2715,-1.6689,-1.4636,-1.6291,-1.3841,-0.8013,-1.3245,-1.8808,-2.5166,-0.6887,-0.9404,-3.5629,-2.2914,-0.9934
trpos2840.txt_allergen_3003,-0.8119,-1.326,-1.7367,-1.7398,-2.4765,1.4232,-0.4765,-1.5737,-1.6113,-1.7743,-1.4545,-0.6207,-1.3041,-2.2821,0.9592,-0.4013,-0.4639,-2.9592,-2.0658,-0.9749
trpos2840.txt_allergen_2668,-1.3023,-1.3488,-1.0388,-1.4496,-2.7442,-1.3333,-1.5891,-2.0233,-1.5504,-2.124,-2.0853,-0.9535,-1.8372,-2.5504,-2.8062,-1.0078,-1.2248,-2.9845,-1.876,-1.9535
trpos2840.txt_allergen_3104,-0.2621,-2.1724,-1.6276,-1.8069,-2.5931,-1.531,-1.6621,-1.9517,-0.9241,-1.8897,-1.5448,-1.1103,-1.3724,-2.1034,-2.7862,-1.0828,-1.2276,-4.0276,-2.3586,-1.269
trpos2840.txt_allergen_310,-0.3429,-1.5265,-1.0531,-1.7265,-1.7633,-1.102,-1.6245,-1.0204,-1.5592,-1.7673,-1.7184,-1.3592,-1.5469,-1.7714,-1.4122,-0.3551,-0.4327,-2.5551,-1.7306,-1.2449
trpos2840.txt_allergen_2721,-0.7647,-0.1634,-1.2157,-1.1765,-1.9412,0.6797,-0.2026,-1.8105,-1.3333,-1.6797,-1.3725,-0.7712,-0.7255,-2.0784,-1.6928,-0.5098,-1.1176,-2.6471,-1.7516,-1.4118
trpos2840.txt_allergen_3430,-0.5399,-1.6464,-1.3232,-1.9278,-2.4639,-1.4373,-1.8935,-1.2966,-1.9696,-1.8251,-1.8973,-1.4791,-1.597,-2.0722,-2.1711,-0.6692,-0.8517,-2.8669,-1.9049,-1.3422
trpos2840.txt_allergen_3364,-0.7706,-1.3265,-0.5735,-1.3559,-2.4118,-1.0735,-1.0618,-1.4265,-1.3147,-1.4029,-1.5853,-0.8441,-1.2088,-1.75,-2.0176,-0.5794,-0.7824,-2.5559,-1.0059,-1.1824
trpos2840.txt_allergen_1869,-0.1937,0.3099,-0.4085,-0.5704,-3.3486,1.338,1.7007,-3.0211,-1.0035,-1.6408,-0.6056,1.1725,-0.757,-3.4261,-3.9366,-0.5986,-0.912,-4.2782,-2.7218,-1.6901
trpos2840.txt_allergen_2961,-0.4104,-2.1045,-1.5,-1.8657,-2.1418,-1.0896,-1.6716,-1.1343,-2.194,-1.6343,-1.7687,-1.2388,-1.4254,-2.3134,-2.5448,-0.8657,-0.7537,-3.4552,-2.0746,-1.1866
trpos2840.txt_allergen_571,-1.044,-1.3736,-1.3297,-1.7289,-2.4396,-1.1319,-1.652,-1.7656,-1.3993,-1.5641,-1.5238,-1.3443,-1.4982,-1.8864,-1.6996,-0.6667,-0.7692,-2.5311,-1.6593,-0.967
trpos2840.txt_allergen_2187,-0.8947,-0.6842,-0.1579,0.2632,-2.5263,-0.1579,0.5263,-1.2105,-0.5789,-2.3158,-2.3684,-0.2105,-1.5789,-2,-1.1579,-0.1579,-0.6316,-2.2105,-1.5263,-1.8421
trpos2840.txt_allergen_2408,-1.0272,-1.5058,-1.3774,-2.0661,-2.7198,-1.3735,-1.9027,-1.8794,-1.4786,-1.6576,-1.6926,-1.537,-1.6031,-2.1167,-1.8988,-0.7899,-0.7977,-2.6304,-1.8482,-1.1401
trpos2840.txt_allergen_1832,-0.5214,-1.746,-0.8182,-1.5668,-2.7834,-1.1364,-1.6257,-1.5722,-1.8556,-1.4011,-1.5027,-1.3957,-1.4332,-1.7861,-1.8529,-0.2941,-0.5027,-2.8984,-1.6524,-1.1711
trpos2840.txt_allergen_15,-0.5205,-1.0137,-1.5205,-1.4521,-1.8425,-0.7192,-1.1918,-1.363,-1.6233,-1.7534,-1.6575,-1.2808,-1.2192,-2.3014,-0.8151,-0.6096,-0.774,-2.5685,-1.6301,-1.0822
trpos2840.txt_allergen_3031,-0.6986,-1.4507,-1.1563,-1.4028,-2.3493,-0.9887,-1.0789,-1.7873,-1.6873,-1.8296,-1.707,-0.8099,-1.5366,-2.1873,-1.9099,-0.6451,-0.8592,-3.0028,-1.9056,-1.3296
trpos2840.txt_allergen_405,-0.4504,-2.1985,-1.4733,-1.916,-2.3511,-1.145,-1.687,-1.1603,-2.1908,-1.6794,-1.8244,-1.2595,-1.4733,-2.3664,-2.5344,-0.8092,-0.7786,-3.5267,-2.0992,-1.2137
trpos2840.txt_allergen_1010,-0.7317,-1.9951,-0.5659,-1.2341,-2.3659,-1.3561,-1.6244,-0.9756,-1.8293,-1.2146,-1.8268,-1.0488,-1.6659,-1.9659,-2.0951,-0.2585,-0.2415,-3.0659,-1.8756,-1.0098
trpos2840.txt_allergen_1378,-0.8309,-1.1912,-1.0662,-1.1397,-2.1985,-0.9265,-0.7353,-1.6985,-1.6912,-1.3824,-1.5588,-0.5515,-1.3603,-1.9779,-1.6765,-0.6985,-0.5809,-2.9779,-1.7279,-1.0221
trpos2840.txt_allergen_2188,-0.5833,-1.3333,-0.75,-0.1667,-2.1667,-0.6667,-0.1667,-1.1667,-0.75,-1.6667,-1.75,-0.75,-1.25,-1.5833,-1,-0.25,-0.9167,-2.6667,-1.4167,-1.3333
trpos2840.txt_allergen_1481,-0.254,-1.5321,-0.8824,-1.3422,-2.8102,-1.131,-1.4332,-1.3904,-1.7941,-1.4893,-1.6872,-1.2888,-1.5348,-2.0588,-2.0401,-0.2433,-0.6043,-2.7567,-1.4278,-1.1524
trpos2840.txt_allergen_753,-0.6178,-1.4324,-0.5985,-0.8629,-2.834,-1.0579,-1.2819,-1.1371,-1.1795,-1.5251,-1.4614,-1.3668,-1.3185,-1.2143,-1.8475,-0.6332,-0.749,-1.5849,-0.8629,-1.3591
trpos2840.txt_allergen_2531,-1,-0.5263,-0.3158,-0.5263,-2.5263,1,0.4211,-2,-0.5263,-1.9474,-1.3684,-0.1053,-0.6316,-1.9474,-0.7368,-0.1053,-0.8421,-2.5263,-1.2632,-1.6316
trpos2840.txt_allergen_796,-0.8062,-2.1625,-1.3062,-1.45,-2.8688,-1.5188,-0.8938,-1.6438,-1.1187,-1.2375,-1.6562,-0.8062,-1.5562,-1.9688,-2.0062,-0.7938,-0.6188,-3.3,-1.8813,-1.0188
trpos2840.txt_allergen_94,-0.725,-2.1875,-1.2812,-1.4937,-2.825,-1.525,-0.925,-1.6375,-1.1,-1.1687,-1.7437,-0.8062,-1.5813,-2.0375,-2.1188,-0.7688,-0.6125,-3.2812,-1.8375,-1.0188
trpos2840.txt_allergen_152,-0.6859,-1.551,-1.5444,-1.4062,-2.4128,-0.9737,-0.5641,-2.3586,-1.3832,-1.8076,-1.3536,-0.7089,-1.398,-2.0872,-1.9786,-0.7122,-0.6875,-3.3964,-1.9589,-1.3701
trpos2840.txt_allergen_140,0.1522,-1.3913,-1.2899,-2.3261,-1.6522,-1.5,-2.1304,-1.4928,-2.3986,-1.471,-1.3551,-1.2971,-1.0652,-2.6304,-1.4928,-0.3188,-0.558,-3.5797,-2.5072,-0.7899
trpos2840.txt_allergen_1665,-0.8828,-0.2345,-1.2138,-1.331,-1.9034,0.6828,-0.4552,-1.4828,-1.1586,-1.7862,-1.469,-0.5793,-0.9448,-2.0552,-0.8966,-0.7586,-1.0966,-2.2276,-1.7172,-1.4966
trpos2840.txt_allergen_2791,-0.5833,-1.8661,-0.9107,-1.6935,-3.0179,-1.2143,-1.756,-1.7351,-2.0506,-1.4702,-1.5565,-1.4673,-1.503,-1.7798,-1.9583,-0.4673,-0.7649,-3.003,-1.6429,-1.1815
trpos2840.txt_allergen_258,0.7746,-1.2359,-1.2324,-1.4437,-1.8803,-0.8627,-0.8063,-1.0493,-1.4894,-1.5387,-1.7183,-0.6162,-1.2606,-2.0528,-0.9542,-0.0106,-0.1338,-2.5387,-1.5951,-0.8627
trpos2840.txt_allergen_1562,-1.0457,-0.895,-1.1324,-1.79,-2.5479,0.105,-0.9498,-1.6301,-1.1918,-1.758,-1.6393,-1.3333,-1.5479,-1.4977,-1.7397,-0.516,-1,-2.8128,-1.6667,-1.5023
trpos2840.txt_allergen_3358,-0.8862,-1.4341,-0.7725,-1.491,-2.6707,-1.1287,-1.1587,-1.6497,-1.4281,-1.5539,-1.7814,-0.9072,-1.2904,-1.7545,-2.2814,-0.6527,-0.8862,-2.7485,-1.0479,-1.3293
trpos2840.txt_allergen_1512,-0.257,0.3838,-0.4718,-0.6444,-3.4683,1.4085,1.7077,-3.1092,-1.1162,-1.6901,-0.7077,1.2394,-0.8028,-3.5211,-4.1197,-0.6655,-0.8627,-4.3239,-2.8732,-1.7887
trpos2840.txt_allergen_1004,-0.6549,-1.5881,-0.9314,-1.256,-2.6698,-0.9685,-1.0946,-1.4249,-1.4601,-1.5529,-1.4879,-1.1169,-1.5696,-1.666,-1.2041,-0.5584,-0.5269,-2.59,-1.4527,-1.2523
trpos2840.txt_allergen_1028,-0.6984,-1.5061,-0.6053,-0.9312,-2.9393,-1.1336,-1.3178,-1.2105,-1.0951,-1.4858,-1.4049,-1.4109,-1.2753,-1.1559,-1.8947,-0.7024,-0.7874,-1.4777,-0.7409,-1.2854
trpos2840.txt_allergen_2954,-0.403,-2.1194,-1.4776,-1.8657,-2.1493,-1.0896,-1.709,-1.1418,-2.2015,-1.6642,-1.791,-1.2313,-1.4403,-2.291,-2.5299,-0.8433,-0.7687,-3.4552,-2.0746,-1.209
trpos2840.txt_allergen_1181,-0.8056,-1.1667,-1.4722,-2.1944,-1.3333,-1.4583,-1.7917,-1.9722,-1.6667,-1.6389,-1.3472,-1.3056,-1.1944,-1.4722,-2.5833,-0.7778,-0.8056,-2.9583,-1.9861,-1.3611
trpos2840.txt_allergen_618,-1.2922,-0.9351,-1.2273,-1.0779,-3.2922,-0.9805,-0.8052,-2.039,-1.3442,-1.4286,-1.7208,-0.8312,-1.4286,-1.6169,-1.6688,-0.6364,-1.026,-3.2857,-1.7597,-1.2143
trpos2840.txt_allergen_3066,-0.3951,-0.9444,-1.7469,-1.7469,-1.9444,-0.7963,-1.2901,-1.4691,-1.7716,-1.7037,-1.2531,-1.5247,-1.0494,-2.179,-1.1975,-0.5802,-0.8025,-2.3827,-1.6111,-0.9753
trpos2840.txt_allergen_2559,-0.3615,-2.1615,-1.4385,-1.9308,-2.3385,-1.0923,-1.6923,-1.1692,-2.1615,-1.7154,-1.8462,-1.2538,-1.5769,-2.3692,-2.5154,-0.7846,-0.7692,-3.5,-2.0231,-1.2462
trpos2840.txt_allergen_1412,-0.7312,-2.1875,-1.2812,-1.5,-2.8438,-1.5188,-0.925,-1.6187,-1.0938,-1.1687,-1.7625,-0.8062,-1.575,-2.0375,-2.1125,-0.7562,-0.6062,-3.3,-1.8125,-1.0063
trpos2840.txt_allergen_1462,-0.7375,-2.2,-1.3188,-1.4812,-2.8438,-1.5312,-0.9312,-1.6187,-1.1,-1.1875,-1.7437,-0.7812,-1.5813,-2.0812,-2.1375,-0.7562,-0.6188,-3.3188,-1.8438,-1.0312
trpos2840.txt_allergen_3506,-0.9355,-2.129,-1.2645,-1.2516,-2.7742,-1.5161,-0.7677,-1.7742,-0.9935,-1.1355,-1.729,-0.5548,-1.4323,-1.8839,-2.2516,-0.8645,-0.6194,-3.1677,-1.7677,-0.9226
trpos2840.txt_allergen_3223,-0.9583,-1.7024,-1.0655,-2.006,-2.4702,-1.0476,-1.6845,-1.9405,-1.5476,-1.7679,-1.8988,-1.131,-1.5536,-1.8333,-2.0476,-0.7143,-1.0893,-2.5238,-1.0714,-1.2857
trpos2840.txt_allergen_2597,-0.4035,-0.9474,-0.8246,-1.3684,-2.614,-0.6316,-0.6842,-1.7018,-1.5789,-1.7544,-1.8421,-0.5088,-1.4912,-2.4211,-1.7018,-0.5965,-0.7193,-3.193,-1.9474,-1.5088
trpos2840.txt_allergen_1308,-0.5981,-1.4019,-1.215,-1.5981,-1.6542,-0.8131,-1,-1.8411,-1.7757,-0.8785,-0.7103,-1.1776,-0.3832,-1.6075,-1.9346,-0.6542,-0.2991,-2.7009,-1.4766,-0.5981
trpos2840.txt_allergen_54,-0.7431,-1.4962,-0.6927,-1.3929,-2.529,-1.3048,-1.5718,-1.398,-1.4383,-1.3325,-1.7683,-1.0479,-1.5139,-1.9295,-2.0907,-0.4207,-0.6801,-2.7003,-1.335,-1.204
trpos2840.txt_allergen_1768,-0.7174,-1.3387,-0.7756,-0.8317,-2.8737,-1.0541,-1.2044,-1.2325,-0.9038,-1.521,-1.4068,-1.4389,-1.1864,-1.0601,-1.7996,-0.6473,-0.8016,-1.0842,-0.7415,-1.2986
trpos2840.txt_allergen_412,-0.5985,-0.9854,-1.2555,-1.5474,-1.7226,-0.9927,-1.0511,-2.0146,-1.9197,-0.927,-1.1752,-0.4234,-0.9416,-2.1095,-1.7153,-0.7518,-0.5328,-2.8029,-1.7664,-0.7518
trpos2840.txt_allergen_294,-0.5092,-1.408,-0.7853,-1.3006,-1.7454,-1.0399,-1.4877,-0.9264,-1.816,-1.7515,-1.6871,-1.3436,-1.4325,-1.7209,-1.4571,-0.4693,-0.8098,-2.3742,-1.5982,-1.4264
trpos2840.txt_allergen_2051,-1.0871,-1.441,-1.2556,-1.3006,-2.5337,-1.0646,-0.927,-2.0225,-1.618,-1.4213,-1.2191,-0.8174,-1.2781,-2.0084,-2.2472,-0.8848,-0.986,-3.1713,-1.8933,-1.2528
trpos2840.txt_allergen_2264,-0.3169,0.2958,-0.5387,-0.6796,-3.4789,1.3239,1.7535,-3.1444,-1.1162,-1.7183,-0.6796,1.2782,-0.75,-3.507,-4.1549,-0.6197,-0.8768,-4.2535,-2.9225,-1.7359
trpos2840.txt_allergen_2600,-0.6032,-1.619,-1.3968,-1.5556,-1.9841,-0.9841,-1.2381,-1.8413,-1.6984,-1.5079,-1.619,-1.2222,-1.3492,-2.3968,-1.8254,-0.9365,-1.2222,-3.2063,-2.1429,-1.2063
trpos2840.txt_allergen_3337,-0.9385,-1.4615,-0.4462,-0.8308,-1.6308,-0.4462,-0.4462,-1.0308,-1.3538,-2.2615,-2.2308,-0.9385,-1.6462,-2.5538,-1.6615,-0.4615,-0.6,-2.8615,-1.9692,-1.8308
trpos2840.txt_allergen_400,-1.0215,-1.2903,-1.3405,-1.8315,-2.233,-1.2186,-1.6308,-1.7778,-1.4373,-1.4624,-1.4588,-1.3692,-1.4875,-1.8996,-1.6595,-0.681,-0.7312,-2.6057,-1.6738,-0.9892
trpos2840.txt_allergen_859,-1,-1.789,-1.5046,-0.5963,-2.6239,-1.2844,-0.5138,-2.2385,-2.1193,-1.8165,-1.6789,-0.7431,-0.6055,-1.844,-2.9083,-1.2018,-1.3211,-3.7706,-2.4037,-1.633
trpos2840.txt_allergen_2767,-0.3977,-1.3977,-1.2273,-1.125,-1.3864,-0.7159,-0.7955,-1.8864,-1.6364,-1.0682,-1.1136,-0.9091,-0.8636,-2.0682,-1.2386,-0.5341,-0.3409,-2.8636,-1.6023,-0.7045
trpos2840.txt_allergen_2516,-0.169,0.3204,-0.4577,-0.6479,-3.5669,1.3415,1.7359,-3.0775,-1.1268,-1.7324,-0.7148,1.2077,-0.8556,-3.5106,-4.0915,-0.6796,-0.8803,-4.4718,-2.9577,-1.8028
trpos2840.txt_allergen_3431,0.117,-1.3094,-1.1887,-1.3472,-2.0906,-0.7962,-0.7321,-1.517,-1.6415,-1.5509,-1.6377,-0.7321,-1.2038,-2.2679,-0.3736,0.1623,0.1283,-2.8868,-1.834,-0.8604
trpos2840.txt_allergen_2453,0,-0.6429,0.0714,-0.8571,-1.7143,-0.7857,-0.8571,-0.3571,-1.4286,-1.4286,-1.5,-0.5714,-1.0714,-2.2143,-1.6429,0.1429,-0.2143,-2.7857,-2,-0.8571
trpos2840.txt_allergen_1196,-0.6233,-1.9521,-1.4178,-1.6027,-2.1712,-1.1027,-1.2534,-1.9795,-2.0205,-0.9863,-1.4795,-0.7603,-1.4521,-2.274,-1.8356,-0.7945,-0.6027,-3.2397,-2.089,-0.5685
trpos2840.txt_allergen_1846,-0.6765,-0.9926,-1.3603,-1.0515,-2.4853,-0.3529,-0.3088,-2.2206,-1.2868,-1.1324,-1.0368,-0.3088,-0.5882,-1.6397,-2.2794,-0.9338,-0.7647,-2.8529,-1.5882,-1.0809
trpos2840.txt_allergen_2007,-0.3985,-2.1429,-1.4887,-1.8722,-2.3008,-1.0677,-1.6992,-1.1203,-2.2105,-1.6692,-1.7895,-1.2556,-1.4436,-2.3158,-2.5038,-0.812,-0.782,-3.5113,-2.0827,-1.203
trpos2840.txt_allergen_567,-1,-0.3913,-1.6646,-1.764,-2.0994,0.3851,-0.5652,-2.0311,-1.6335,-1.5839,-1.441,-1.1863,-0.4969,-1.7081,-1.7826,-0.795,-1.1988,-2.7702,-1.913,-1.3416
trpos2840.txt_allergen_2489,-0.3756,-1.2127,-0.7692,-0.9457,-1.6787,-0.7738,-0.7376,-1.2941,-1.2308,-1.19,-1.3575,-1.0362,-0.9638,-1.5113,-1.1357,-0.2172,-0.3756,-2.4163,-1.1674,-0.7964
trpos2840.txt_allergen_2628,-0.6696,-1.2143,-1.2232,-1.625,-1.8839,-0.8036,-0.9286,-1.8661,-1.5,-0.9732,-0.5268,-0.9464,-0.4286,-1.4107,-1.9018,-0.5714,-0.4643,-2.4464,-1.2321,-0.6696
trpos2840.txt_allergen_2655,-0.7264,-1.4953,-0.783,-1.7217,-2.1226,-1.0519,-1.467,-1.6368,-1.5472,-1.8019,-1.717,-1.0377,-1.4481,-1.9717,-1.6698,-0.5283,-0.8962,-2.3491,-1.3208,-1.3349
trpos2840.txt_allergen_196,-0.664,-1.6382,-1.3201,-1.3201,-3.2107,-0.9722,-0.6322,-2.1511,-2.1551,-1.493,-1.7197,-0.8012,-1.7157,-2.6998,-2.5626,-0.8688,-0.8708,-4.2147,-2.6103,-1.2266
trpos2840.txt_allergen_2203,-0.6438,-1.4133,-0.4914,-0.8533,-2.6838,-1.0514,-1.2305,-1.099,-1.181,-1.4762,-1.461,-1.339,-1.3505,-1.2686,-1.8095,-0.5981,-0.6895,-1.5752,-0.8971,-1.3333
trpos2840.txt_allergen_798,-0.725,-2.1625,-1.3375,-1.425,-2.8188,-1.5188,-0.9125,-1.5938,-1.1,-1.2188,-1.6562,-0.7562,-1.5375,-1.9937,-2.0125,-0.75,-0.6062,-3.2188,-1.8125,-0.9438
trpos2840.txt_allergen_650,-0.6027,-1.9247,-1.411,-1.589,-2.1096,-1.0548,-1.2877,-1.9795,-1.9726,-0.9589,-1.3973,-0.6712,-1.4247,-2.2466,-1.863,-0.8151,-0.5411,-3.3014,-2.0959,-0.4452
trpos2840.txt_allergen_2308,-0.6875,-1.5362,-1.5263,-1.4145,-2.4359,-0.9671,-0.574,-2.3586,-1.3388,-1.7763,-1.3405,-0.7023,-1.3799,-2.0411,-1.9868,-0.6941,-0.6678,-3.3701,-1.9161,-1.3487
trpos2840.txt_allergen_382,-1.0345,-0.0706,-0.8964,-1.1757,-2.6276,0.2508,0.1141,-1.7372,-1.1577,-1.9249,-1.6336,-0.5225,-1.7222,-1.9234,-1.6111,-0.6922,-1.1396,-2.9324,-1.7387,-1.6021
trpos2840.txt_allergen_614,-0.9905,-1.5696,-0.9684,-1.481,-2.3639,-1.1108,-1.3544,-1.8481,-1.6361,-1.519,-1.4968,-1.0949,-1.3956,-1.943,-1.9051,-0.6487,-0.7627,-3.1456,-1.712,-1.3703
trpos2840.txt_allergen_3450,-0.5586,-1.5938,-1.3086,-1.9062,-2.4961,-1.3711,-1.832,-1.2695,-2.1406,-1.9492,-1.9258,-1.3516,-1.5469,-2.1094,-2.168,-0.6367,-0.8672,-2.9492,-1.8555,-1.3945
trpos2840.txt_allergen_1406,-0.3818,-1.2525,-1.0871,-1.1493,-2.4701,-0.8905,-0.9229,-1.3582,-1.5833,-1.3035,-1.2998,-0.9552,-1.2512,-1.801,-1.6306,-0.5547,-0.6841,-2.5386,-1.4826,-0.9117
trpos2840.txt_allergen_171,-0.5847,-1.6331,-1.3065,-1.8629,-2.6411,-1.4516,-1.8629,-1.1371,-2.0968,-2.0282,-2.1129,-1.3468,-1.6935,-2.375,-1.9879,-0.7621,-0.9435,-2.9153,-2.0121,-1.5363
trpos2840.txt_allergen_1786,-0.3969,-2.1221,-1.458,-1.8855,-2.3359,-1.0916,-1.6794,-1.1298,-2.2061,-1.6794,-1.8321,-1.2443,-1.5115,-2.3282,-2.5649,-0.8092,-0.8015,-3.4885,-2.0534,-1.2137
trpos2840.txt_allergen_2174,-0.3835,-2.1504,-1.4662,-1.8872,-2.218,-1.0752,-1.6917,-1.1729,-2.188,-1.6466,-1.7519,-1.2406,-1.4962,-2.3158,-2.5489,-0.8271,-0.7669,-3.4887,-2.0977,-1.1955
trpos2840.txt_allergen_1022,-0.1969,-1.513,-0.6995,-1.044,-2.4508,-1.1114,-1.2073,-1.0959,-1.6995,-1.5,-1.7435,-1.2047,-1.601,-2.1632,-1.9197,-0.1813,-0.4767,-2.3964,-1.4352,-1.1321
trpos2840.txt_allergen_2219,-1.1735,0.0884,-0.8985,-1.1097,-3.0475,0.2455,0.0556,-1.7349,-0.9624,-2.018,-1.7201,-0.563,-1.8331,-2.216,-1.5957,-0.5385,-1.1751,-3.2095,-1.7954,-1.5925
trpos2840.txt_allergen_2132,-0.4038,-1.3239,-0.8685,-1.1174,-1.4977,-1.0376,-1.1033,-1.0329,-1.5587,-1.7277,-1.7136,-1.1174,-1.3286,-2.2629,-1.338,-0.2019,-0.5211,-2.7089,-1.8638,-1.3286
trpos2840.txt_allergen_380,-0.9428,-1.2888,-1.2289,-1.6213,-2.9046,-0.9755,-1.248,-2.0518,-1.3896,-1.5858,-1.4305,-1.1281,-1.3597,-1.8147,-1.9373,-0.8692,-0.9074,-2.5259,-1.3651,-1.248
trpos2840.txt_allergen_2005,-0.413,-1.3982,-0.9499,-1.4956,-2.6018,-1.1032,-1.4041,-1.2832,-1.9086,-1.5723,-1.8171,-1.0088,-1.5428,-1.9292,-1.7965,-0.5044,-0.4012,-2.7611,-1.4867,-1.0826
trpos2840.txt_allergen_1847,-0.6691,-1,-1.3676,-1.0588,-2.4926,-0.3676,-0.3015,-2.1838,-1.2868,-1.1324,-1.0368,-0.3088,-0.5735,-1.6397,-2.3162,-0.9191,-0.7574,-2.8382,-1.5809,-1.0809
trpos2840.txt_allergen_2888,-0.7364,-1.2145,-0.8345,-1.1036,-2.5291,-0.8745,-1.0855,-1.3073,-0.8764,-1.3509,-1.0218,-1.1473,-1.0636,-1.1545,-1.1073,-0.6455,-0.7927,-1.9727,-0.9073,-1.1909
trpos2840.txt_allergen_2501,-0.75,-1.25,-0.6875,-1.625,-2.0625,-0.9375,-0.8125,-2.0625,-1.1875,-0.9375,-1.1875,-0.5625,-0.9375,-1,-0.875,-0.5625,-0.125,-2.3125,-0.75,-0.5
trpos2840.txt_allergen_3241,-0.4371,-0.9572,-0.8124,-1.0784,-2.2233,-0.3634,-0.5938,-1.152,-0.9501,-1.8432,-1.3373,-0.8765,-0.9311,-1.9572,-0.4656,0.1164,-0.6627,-2.5249,-1.4062,-1.5724
trpos2840.txt_allergen_1886,-0.4046,-2.1603,-1.5038,-1.9618,-2.3664,-1.1145,-1.6947,-1.1221,-2.2214,-1.7405,-1.8168,-1.2519,-1.458,-2.3664,-2.5573,-0.8626,-0.7863,-3.5267,-2.0916,-1.1832
trpos2840.txt_allergen_719,-0.6087,-1,-1.2246,-1.5072,-1.7174,-0.9275,-1.0507,-2.0072,-1.8913,-0.9565,-1.1812,-0.4348,-0.9493,-2.0942,-1.6739,-0.7536,-0.5725,-2.7826,-1.7464,-0.7754
trpos2840.txt_allergen_1431,-0.856,-0.896,-0.464,-0.84,-2.312,-0.576,-0.664,-1.048,-0.664,-1.968,-2.056,-0.488,-1.408,-1.784,-1.032,-0.344,-0.76,-2.448,-1.208,-1.632
trpos2840.txt_allergen_2421,-0.8272,-1.3598,-1.1077,-1.4919,-3.0407,-0.9634,-1.2195,-2.1402,-1.3618,-1.9492,-1.9939,-1.2642,-1.6768,-1.8679,-1.939,-1.0224,-1.0061,-2.8394,-1.748,-1.502
trpos2840.txt_allergen_2154,-0.5589,-1.3131,-1.1902,-1.1074,-3.0906,-0.63,-0.2471,-2.0323,-1.9961,-1.4114,-1.5317,-0.3338,-1.5433,-2.5188,-2.2393,-0.7827,-0.8642,-3.8642,-2.4217,-1.1759
trpos2840.txt_allergen_2680,-1.1197,-1.5915,-1.3099,-1.6972,-2.5704,-1.4577,-1.7606,-2.0775,-1.8592,-1.7465,-1.7042,-1.0704,-1.5352,-2.2676,-2.7887,-1.0493,-1.2324,-3,-1.838,-1.5915
trpos2840.txt_allergen_2567,-0.9167,-1.4167,-1,-1.0833,-2.75,-0.5,-0.6667,-0.8333,-1.25,-1.5833,-1.6667,-0.8333,-0.5833,-0.1667,-2.3333,-0.75,-1.1667,-2,-0.8333,-1.3333
trpos2840.txt_allergen_3547,-0.1655,0.2359,-0.5423,-0.6092,-3.588,1.338,1.7077,-3.0352,-1.1761,-1.7817,-0.7254,1.1725,-0.8204,-3.5211,-4.0106,-0.6268,-0.8169,-4.4894,-2.8415,-1.6831
trpos2840.txt_allergen_1374,-0.8462,-0.5769,-0.0769,-0.5769,-2.1154,-0.1538,-0.0769,-1.1923,-0.4231,-2.1538,-1.9615,-0.5,-1.3077,-1.5,-1.5769,-0.3462,-0.8462,-2.3462,-1,-1.8462
trpos2840.txt_allergen_1601,-0.6167,-1.6,-1.2625,-1.8333,-2.7292,-1.4625,-1.8333,-1.2083,-2.1,-2.1042,-2.25,-1.3208,-1.7833,-2.3917,-2.0083,-0.775,-0.8875,-2.9833,-2.0125,-1.5875
trpos2840.txt_allergen_810,-0.8418,-0.8418,-1.1412,-0.6271,-2.5028,-0.6271,-0.2881,-1.8814,-1.2373,-1.7006,-1.6215,-0.0847,-0.4859,-1.904,-2.3446,-0.7401,-0.8701,-3.2825,-1.9548,-1.678
trpos2840.txt_allergen_177,-1.1899,-1.6329,-1.6456,-0.9114,-3.0633,-1.3291,-0.5316,-2.6962,-1.7595,-1.7595,-1.5949,-0.7215,-0.2532,-1.7468,-3.6835,-1.2658,-1.3797,-3.7215,-2.1519,-1.7595
trpos2840.txt_allergen_1904,-0.6908,-2.1513,-1.0921,-1.5461,-2.9342,-1.7039,-1.6447,-0.9868,-1.5789,-1.8947,-1.9934,-1.375,-2.0461,-2.5855,-1.8158,-0.9803,-0.7171,-3.7829,-2.4408,-1.4671
trpos2840.txt_allergen_156,-0.6212,-0.9015,-1.2121,-1.0909,-2.4924,-0.3409,-0.2424,-2.1591,-1.0606,-1.2424,-0.9545,-0.3561,-0.6061,-1.5758,-2.0833,-0.8258,-0.6894,-2.6894,-1.4091,-1.0758
trpos2840.txt_allergen_1584,-0.6439,-0.9015,-1.1894,-1.0909,-2.5076,-0.3485,-0.2424,-2.1742,-1.0682,-1.25,-0.9394,-0.3485,-0.6061,-1.6061,-2.0985,-0.8485,-0.697,-2.697,-1.4091,-1.0758
trpos2840.txt_allergen_2070,-0.4493,-1.913,-1.5652,-1.0725,-2.6087,-1.2174,-0.7101,-1.942,-1.8696,-1.913,-2.0145,-0.7391,-1.8406,-1.6667,-2.5507,-0.9275,-1.2174,-3.5217,-2.1014,-1.7246
trpos2840.txt_allergen_1246,0.7688,-1.1802,-1.2402,-1.4024,-1.7808,-0.8649,-0.8679,-1.0691,-1.4535,-1.3694,-1.4595,-0.6517,-1.1021,-1.8709,-0.7838,-0.0631,-0.1111,-2.3453,-1.4384,-0.7267
trpos2840.txt_allergen_1896,-0.9764,0.1496,-0.7953,-0.8504,-1.9134,0.5984,0.1654,-1.5827,-1.1969,-2.0315,-1.7244,-0.3465,-0.7717,-2.5748,-1.8268,-0.4882,-0.8898,-2.7165,-2.0157,-1.7874
trpos2840.txt_allergen_2640,-1.1215,-1.2597,-1.4365,-1.5746,-3.2376,-0.884,-0.9613,-2.1713,-1.6077,-1.2707,-1.0939,-0.9282,-1.1215,-1.5525,-2.2652,-1.011,-0.6519,-3.2707,-1.7845,-0.9613
trpos2840.txt_allergen_756,-0.7172,-1.6759,-0.6138,-1.3,-2.731,-1.3414,-1.6345,-1.231,-1.5,-1.3897,-1.9759,-1.0621,-1.6448,-2.0517,-2.3207,-0.3897,-0.5207,-2.7483,-1.4241,-1.2655
trpos2840.txt_allergen_3180,-0.5412,-1.6118,-1.3961,-2.0275,-2.4784,-1.4471,-1.949,-1.3137,-2.1176,-1.8824,-1.8627,-1.4863,-1.5529,-2.0471,-2.149,-0.7569,-0.8431,-2.9529,-1.8627,-1.349
trpos2840.txt_allergen_3197,-0.5037,-1.4619,-1.0516,-1.5946,-2.1597,-1.1548,-1.484,-1.1081,-1.7518,-1.5184,-1.5651,-1.1794,-1.226,-1.7568,-1.7715,-0.4128,-0.516,-2.4472,-1.4619,-1.1155
trpos2840.txt_allergen_452,-1.3837,-1.4651,-1.3372,-1.6163,-3.1337,-1.0174,-0.8663,-2.3837,-1.686,-1.314,-1.1977,-0.7326,-1.2733,-1.6628,-2.4767,-0.9535,-0.6163,-3.4244,-1.6919,-0.936
trpos2840.txt_allergen_1364,-0.4,-1.7333,-1.5333,-2.2667,-1.8667,-1.2667,-1.6667,-0.8667,-1,-0.6667,-0.6667,-1.5333,-0.2,-1.6,-1,-1.1333,-1.0667,-2.6,-1.3333,-0.2
trpos2840.txt_allergen_1101,-1.0629,-1.3504,-1.0026,-1.2786,-2.7664,-1.0205,-1.0347,-1.8447,-1.249,-1.2349,-1.3479,-0.9795,-1.38,-1.3209,-1.8036,-0.5045,-0.6675,-2.4775,-0.9204,-1.0757
trpos2840.txt_allergen_1023,-0.7625,-2.1188,-1.275,-1.4937,-2.8563,-1.5375,-0.8812,-1.6313,-1.1562,-1.1687,-1.625,-0.775,-1.55,-1.95,-2.0125,-0.75,-0.5875,-3.2125,-1.8188,-0.9438
trpos2840.txt_allergen_1837,-0.1831,0.3204,-0.4718,-0.6056,-3.5106,1.3627,1.7676,-3.1197,-1.1092,-1.7676,-0.5915,1.1338,-0.8803,-3.5317,-4.1831,-0.5599,-0.8592,-4.4331,-2.9437,-1.7359
trpos2840.txt_allergen_1640,-0.75,-2.0987,-1.1053,-1.5197,-2.9211,-1.6579,-1.5724,-0.9868,-1.5526,-1.9079,-2,-1.375,-1.9934,-2.6447,-1.7961,-0.9934,-0.8158,-3.75,-2.4605,-1.4803
trpos2840.txt_allergen_2176,-0.3759,-2.1504,-1.4662,-1.8872,-2.218,-1.0752,-1.6917,-1.1729,-2.188,-1.6466,-1.7519,-1.2406,-1.4962,-2.3233,-2.5489,-0.8271,-0.7669,-3.4887,-2.0977,-1.1955
trpos2840.txt_allergen_626,-0.2077,0.3803,-0.5352,-0.6303,-3.4261,1.4014,1.7535,-3.0282,-1.1585,-1.7852,-0.6831,1.081,-0.7254,-3.4225,-3.9472,-0.5634,-0.8521,-4.2746,-2.7746,-1.7042
trpos2840.txt_allergen_256,-0.8262,-1.416,-0.7578,-1.5869,-2.7179,-1.1937,-1.1282,-1.7664,-1.3989,-1.6125,-1.7123,-0.849,-1.2593,-2.0057,-2.396,-0.6325,-1.0028,-2.7293,-1.2821,-1.3818
trpos2840.txt_allergen_2729,-0.7452,-2.1529,-1.3694,-1.4904,-2.9236,-1.4777,-0.949,-1.6561,-1.2611,-1.1592,-1.6306,-0.7134,-1.4586,-1.9363,-1.9236,-0.7771,-0.6497,-3.1465,-1.8025,-0.9236
trpos2840.txt_allergen_578,-0.7161,-0.9226,-0.4129,-0.7548,-1.7161,-0.3032,-0.3419,-1.4065,-0.7484,-1.6516,-1.5613,-0.5677,-0.9355,-1.6452,-1.2774,-0.0065,-0.4516,-2.2194,-1.0581,-1.3355
trpos2840.txt_allergen_1458,0.8339,-1.1761,-1.3887,-1.5216,-1.8671,-0.9003,-0.9103,-1.1229,-1.5581,-1.4718,-1.5748,-0.7475,-1.2093,-2.0133,-0.8638,-0.0299,-0.1827,-2.5017,-1.5515,-0.8206
trpos2840.txt_allergen_3275,-0.373,-1.5574,-1.0738,-1.75,-1.8074,-1.1352,-1.7008,-1.041,-1.6516,-1.7582,-1.7623,-1.3443,-1.5984,-1.7951,-1.4713,-0.4057,-0.4549,-2.627,-1.7582,-1.2828
trpos2840.txt_allergen_2704,-0.8007,-1.5018,-0.6449,-1.2228,-3.0145,-1.212,-1.3967,-1.4475,-1.2283,-1.3062,-1.3243,-1.3623,-0.9312,-1.4746,-1.1576,-0.788,-0.404,-2.4312,-1.2192,-0.8297
trpos2840.txt_allergen_2534,-0.6667,-0.7222,-0.7222,-0.7222,-2.3333,1.2778,0.0556,-1.7222,-0.9444,-1.6111,-1.7222,-0.2778,-0.5556,-1.7222,0.4444,0.1111,-0.6667,-1.8333,-1.2222,-1.5
trpos2840.txt_allergen_2344,-0.7594,-0.9305,-1.1765,-0.7487,-2.3583,-0.5989,-0.3155,-1.8717,-1.2995,-1.5775,-1.615,-0.1711,-0.2834,-1.893,-2.3797,-0.6203,-0.8663,-3.2353,-1.9305,-1.7005
trpos2840.txt_allergen_2220,-1.1526,-0.1244,-0.9469,-1.1874,-2.8391,0.1177,-0.0713,-1.864,-1.2902,-1.9751,-1.7794,-0.607,-1.8673,-2.1625,-1.5572,-0.5025,-1.1028,-3.2023,-1.9851,-1.4959
trpos2840.txt_allergen_106,-0.152,-1.6324,-1.4608,-1.8137,-2.5196,-1.0931,-1.2647,-1.1765,-1.6912,-1.3676,-1.5588,-1.2108,-1.1324,-1.8578,-1.9804,-0.8235,-0.6078,-2.6471,-1.6667,-1.0833
trpos2840.txt_allergen_108,0.0494,-2.3272,-1.7037,-1.537,-2.8889,-1.4321,-1.4691,-1.9691,-1.1543,-1.5123,-1.1235,-0.9753,-1.2778,-1.8148,-2.7778,-0.9506,-1.0988,-3.7654,-2.3086,-0.7531
trpos2840.txt_allergen_2433,-1.1282,-0.3846,-1.2821,-2.2564,-2.1795,-0.8205,-1.3846,-2.7179,-1.0256,-0.7436,-0.7179,-0.9231,-0.5897,-1,-1.9744,-0.6667,-0.1538,-2.359,-0.7949,-0.641
trpos2840.txt_allergen_1232,-0.6358,-1.2109,-1.7764,-1.8818,-2.6454,1.639,-0.5048,-1.7668,-1.6006,-1.8339,-1.5176,-0.6709,-1.4026,-2.4217,1.3482,-0.2588,-0.4665,-3.0927,-2.1693,-1.0895
trpos2840.txt_allergen_1131,-0.7429,-1.4857,-0.8286,-1.7048,-2.0952,-1.019,-1.4667,-1.7571,-1.4381,-1.8095,-1.7143,-0.9857,-1.481,-1.9429,-1.6429,-0.481,-0.9381,-2.4524,-1.2333,-1.3381
trpos2840.txt_allergen_1110,-0.6246,-1.8078,-1.4685,-1.5676,-2.6817,-1.6426,-1.4625,-1.997,-1.9039,-1.3934,-1.7718,-1.2733,-1.6066,-2.4925,-2.4054,-0.976,-0.8348,-3.6787,-2.2312,-0.9009
trpos2840.txt_allergen_1517,-0.8636,-1.7636,-1.5636,-0.7727,-2.5,-1.2727,-0.4545,-2.3727,-1.8818,-1.8636,-1.7364,-0.7545,-0.5818,-1.9182,-2.8818,-1.0182,-1.2182,-3.5364,-2.3455,-1.6364
trpos2840.txt_allergen_1230,-0.8615,-1.3919,-1.7162,-1.9561,-2.6757,1.5169,-0.6182,-2.1486,-1.4459,-1.6723,-1.3784,-0.9831,-1.0676,-2.152,0.5574,-0.4899,-0.6588,-2.875,-1.7804,-1.2196
trpos2840.txt_allergen_2845,-0.7018,-1.5371,-1.5288,-1.4267,-2.3904,-0.9605,-0.5783,-2.3591,-1.3954,-1.8007,-1.3723,-0.7018,-1.397,-2.0593,-1.9786,-0.6952,-0.6837,-3.3871,-1.9819,-1.3558
trpos2840.txt_allergen_1815,-0.7588,-1.7276,-0.5136,-1.1654,-2.3268,-1.1245,-1.4222,-1.0486,-1.6401,-1.3444,-1.8327,-0.9514,-1.535,-2.0525,-1.9903,-0.3016,-0.3619,-3.0097,-1.7062,-0.9922
trpos2840.txt_allergen_3407,-1.1066,-1.4344,-1.4139,-2,-2.5656,-1.3238,-1.8238,-1.9057,-1.4959,-1.4918,-1.6025,-1.4631,-1.6475,-1.9467,-1.8975,-0.7336,-0.7582,-2.5902,-1.7049,-1.0287
trpos2840.txt_allergen_1215,-0.9455,-0.7293,-0.8465,-1.6,-2.7374,-0.1071,-0.7636,-1.5495,-1.3394,-1.4545,-1.4343,-1.1111,-1.5717,-1.5616,-1.7131,-0.5293,-0.8889,-2.8646,-1.7192,-1.1677
trpos2840.txt_allergen_326,-0.7161,-2.1032,-1.3548,-1.4581,-2.7677,-1.4645,-0.7548,-1.5613,-1.1548,-1.0581,-1.5935,-0.5742,-1.6065,-1.9677,-2.071,-0.6774,-0.5548,-3.2645,-1.729,-0.929
trpos2840.txt_allergen_3464,-1.434,-1.2979,-0.3872,-1.0809,-2.817,-0.8213,-0.8043,-2.0979,-1.4213,-1.1021,-1.2894,-0.2383,-1.2511,-1.4,-2.0766,-0.6085,-0.6213,-2.9106,-1.0553,-1.1872
trpos2840.txt_allergen_1245,0.6622,-1.252,-1.1903,-1.3271,-1.8954,-0.8418,-0.7051,-1.252,-1.4665,-1.3727,-1.5147,-0.5925,-1.1716,-1.8472,-1.0697,-0.1072,-0.1984,-2.4665,-1.4397,-0.7453
trpos2840.txt_allergen_215,-0.75,-2.1375,-1.3,-1.4062,-2.7875,-1.5312,-0.8812,-1.5875,-1.075,-1.2188,-1.7,-0.7812,-1.6,-2,-2.0312,-0.7875,-0.6125,-3.2313,-1.8375,-0.9625
trpos2840.txt_allergen_186,-0.7,-2.1562,-1.3188,-1.475,-2.8812,-1.5562,-0.9438,-1.5938,-1.0813,-1.1687,-1.7312,-0.8062,-1.5875,-2.075,-2.1437,-0.7812,-0.6438,-3.2875,-1.825,-0.9938
trpos2840.txt_allergen_370,-0.4474,-1.3289,-0.8618,-1.4013,-1.3947,-0.8882,-1.1908,-1.625,-1.3487,-1.0855,-0.9276,-1.0724,-0.6184,-1.5197,-0.9539,0.0066,-0.125,-2.2632,-1.2895,-0.9276
trpos2840.txt_allergen_1156,-1.0261,-1.1503,-1.0065,-0.5098,-1.8105,-0.6405,-0.268,-2.0719,-0.9804,-1.4183,-1.3464,-0.3529,-0.1111,-1.2549,-2.6863,-0.8954,-0.9673,-2.7451,-1.3725,-1.5033
trpos2840.txt_allergen_2665,-0.937,-2.2073,-1.0289,-1.6457,-3.1102,-1.0709,-1.7113,-1.6562,-2.0945,-1.4199,-1.4541,-1.5932,-1.5801,-1.6325,-2.126,-0.294,-0.4672,-3.2625,-1.4751,-1.0919
trpos2840.txt_allergen_783,-1.0088,0.2109,-1.0518,-1.2071,-2.9242,0.649,0.3573,-2.0669,-1.1869,-1.9495,-1.303,-0.2866,-1.5947,-2.2689,-1.9672,-0.8396,-1.3737,-3.1263,-1.9735,-1.7538
trpos2840.txt_allergen_3055,-0.4091,-1.549,-1.2238,-1.7727,-2.4895,-1.4266,-1.8007,-1.0944,-2.014,-1.8252,-1.9231,-1.3322,-1.4895,-2.1259,-1.8741,-0.6259,-0.7832,-2.7448,-1.8217,-1.2972
trpos2840.txt_allergen_2140,-0.3026,0.3671,-0.3867,-0.6203,-2.5167,1.374,1.5593,-2.5995,-0.6939,-1.4614,-0.4281,0.9344,-0.5512,-2.7181,-3.1369,-0.3993,-0.6951,-3.1392,-2.1013,-1.4407
trpos2840.txt_allergen_3268,-0.9818,-1.5136,-0.6955,-1.6182,-2.1955,-0.8864,-1.3773,-1.8955,-1.4182,-2.0955,-2.2091,-0.9318,-1.7818,-2.35,-1.9273,-0.5318,-0.9136,-2.6773,-1.3727,-1.6818
trpos2840.txt_allergen_894,-1.0622,-1.3005,-0.9845,-1.2435,-2.658,-0.8705,-1.0207,-1.7824,-1.2176,-1.5596,-1.4819,-1.057,-1.6632,-1.7772,-2.2124,-0.5855,-0.5285,-2.8601,-1.6321,-0.9948
trpos2840.txt_allergen_3119,-0.7951,-1.0459,-0.7982,-1.0979,-2.3914,-0.37,-0.5933,-1.5382,-1.1988,-1.6055,-1.581,-0.6606,-1.1468,-2.0275,-1.5076,-0.5076,-0.5963,-2.6942,-1.5596,-1.3058
trpos2840.txt_allergen_3036,-1.0054,-0.9081,-0.7946,-1.2757,-0.7514,-0.7135,-1.1081,-1.7297,-1.2162,-2.0703,-1.8919,-0.6865,-1.7676,-2.1622,-1.6865,-0.6162,-0.8649,-3.8108,-2.3027,-1.5459
trpos2840.txt_allergen_2607,-0.2381,-0.4286,-0.1429,-0.9048,-2.0952,-0.0952,0,-1.3333,-0.9524,-1.5238,-1.1905,-0.1905,-0.9048,-1.9524,-1.7143,-0.1905,-0.7619,-2.5238,-1.4286,-1.1429
trpos2840.txt_allergen_1461,-0.1204,-1.488,-0.7527,-1.0547,-2.6674,-1.0481,-1.1597,-1.1357,-1.628,-1.3829,-1.488,-1.1094,-1.453,-1.8862,-1.7593,-0.1291,-0.5646,-2.4289,-1.3042,-1.0197
trpos2840.txt_allergen_3124,-0.1411,0.1532,-0.5,-0.7339,-3.4597,1.2702,1.7298,-2.9879,-1.4113,-1.8306,-0.754,1.0645,-1.0202,-3.6169,-3.9637,-0.5968,-0.9073,-4.5081,-2.9677,-1.6532
trpos2840.txt_allergen_1035,-0.7467,-1.2667,-0.98,-1.1333,-2.26,-0.8667,-0.6867,-1.72,-1.7133,-1.58,-1.6133,-0.5267,-1.4267,-2.1133,-1.5733,-0.6333,-0.5467,-3.02,-1.7733,-1.0733
trpos2840.txt_allergen_1541,-0.814,-1.9612,-1.2636,-1.2868,-2.2558,-1.0698,-1.0853,-1.9302,-1.8372,-1.1705,-1.6667,-0.6589,-1.5814,-2.5891,-1.6357,-0.7442,-0.5426,-3.2713,-2.1473,-0.6822
trpos2840.txt_allergen_1052,0,-1.7863,-1.2821,-2.4957,-1.8291,-1.6496,-2.3248,-1.6838,-2.6581,-1.6154,-1.4957,-1.4701,-1.0427,-2.8034,-1.9231,-0.4188,-0.7265,-3.9316,-2.7179,-0.9573
trpos2840.txt_allergen_3300,0.6204,-2.1204,-1.5926,-1.3056,-2.5463,-1.3611,-0.537,-0.963,-2.4444,-1.8333,-1.8889,-0.9537,-1.5185,-2.4815,-1.3241,-0.3889,-0.9259,-3.4537,-2.5185,-1.25
trpos2840.txt_allergen_1994,-0.2711,0.3627,-0.6303,-0.75,-3.5634,1.3979,1.8063,-3.0775,-1.1373,-1.7746,-0.6796,1.25,-0.7746,-3.5669,-4.0176,-0.669,-0.9155,-4.5246,-2.9754,-1.7676
trpos2840.txt_allergen_1591,-0.9563,-0.7421,-0.8492,-1.5496,-2.7639,-0.0536,-0.7639,-1.5496,-1.3095,-1.4583,-1.4722,-1.123,-1.5615,-1.4444,-1.5456,-0.4345,-0.9266,-2.7798,-1.7421,-1.2143
trpos2840.txt_allergen_2509,-0.875,-1.5,-0.25,-1.375,-2.0625,-1.25,-1.4375,-1.0625,-1.5,-1.3125,-1.1875,-1.4375,-0.9375,-1.6875,-2.25,-0.375,-0.5,-2.875,-1.6875,-1.1875
trpos2840.txt_allergen_635,0.0783,-1.687,-1.4435,-2.5652,-1.8348,-1.7652,-2.4087,-1.7565,-2.7217,-1.7652,-1.5826,-1.4522,-1.2087,-2.8783,-1.8348,-0.4696,-0.6783,-4.1739,-2.7826,-1.0696
trpos2840.txt_allergen_3234,-0.7628,-2.0279,-0.9326,-1.3512,-2.7698,-0.9884,-1.4558,-1.3628,-2.0116,-1.2465,-1.3628,-1.3372,-1.5465,-1.4302,-1.8209,-0.1256,-0.4047,-3.0977,-1.2884,-1.0093
trpos2840.txt_allergen_1706,-1.0233,-1.5367,-1.0133,-1.5733,-2.57,-1.2267,-1.4067,-1.83,-1.74,-1.6067,-1.61,-1.1,-1.4733,-1.89,-2.0233,-0.6867,-0.88,-3.0967,-1.5733,-1.3867
trpos2840.txt_allergen_1296,-0.3376,-0.8217,-1.7516,-1.7707,-1.8025,-0.8599,-1.2357,-1.4076,-1.8408,-1.7006,-1.1847,-1.4904,-1.1656,-2.1911,-1.2293,-0.5732,-0.8217,-2.3439,-1.7707,-0.8917
trpos2840.txt_allergen_3221,-0.8537,-1.5854,-0.8476,-1.9268,-2.4512,-1.061,-1.6524,-1.9939,-1.3841,-1.9329,-1.9085,-1.0915,-1.5061,-1.9634,-1.9634,-0.6037,-1.1159,-2.5366,-1.2073,-1.372
trpos2840.txt_allergen_3163,-0.5,-1.5909,-1.3977,-1.9773,-2.5114,-1.428,-1.8788,-1.1818,-1.9318,-1.9356,-1.8447,-1.4356,-1.4886,-2.0152,-2.1212,-0.6023,-0.8068,-2.8674,-1.7955,-1.3788
trpos2840.txt_allergen_3422,-1.297,-1.2632,-0.4586,-0.9699,-2.7105,-0.8158,-0.7406,-1.8872,-1.3158,-1.0789,-1.3158,-0.3158,-1.2218,-1.312,-1.9624,-0.5902,-0.6429,-2.7331,-1.1053,-1.2068
trpos2840.txt_allergen_1188,-0.5556,-0.7619,-0.9841,-1.8095,-0.3651,-1.0635,-1.5079,-1.5556,-1.2222,-2.3333,-2.1111,-0.5238,-1.7937,-2.4286,-1.5556,-0.381,-0.6032,-2.7937,-1.5397,-1.8095
trpos2840.txt_allergen_1284,-0.7946,-1.6633,-1.7508,-1.9865,-2.7879,1.6768,-0.5993,-2.0875,-1.5657,-1.8316,-1.4478,-0.8653,-1.266,-2.1212,0.8586,-0.3737,-0.4983,-3.2189,-1.9461,-1.1616
trpos2840.txt_allergen_2177,-0.3893,-2.1756,-1.4427,-1.9313,-2.3588,-1.1221,-1.7023,-1.1679,-2.1908,-1.6641,-1.8473,-1.2824,-1.4885,-2.3435,-2.5496,-0.7863,-0.771,-3.5115,-2.1069,-1.2366
trpos2840.txt_allergen_2801,-0.7569,-1.5046,-1.3073,-1.6789,-2.4587,-0.9771,-1.0917,-2.2431,-1.2752,-1.4633,-1.1239,-0.7339,-0.8257,-1.4404,-1.9312,-1.2385,-1.1651,-2.4541,-1.2844,-1.2752
trpos2840.txt_allergen_576,-0.625,-1.7083,-1.0417,-0.9583,-2.125,-1.125,-0.7917,-1.7917,-1.4583,-1.0417,-1.2083,-1.25,-0.9167,-1.0417,-2.125,-0.4583,-0.25,-2.4583,-0.75,-0.8333
trpos2840.txt_allergen_3321,-0.2375,-0.2,-0.4875,-1.075,-1.65,-0.4,-0.55,-1.475,-1.15,-1.65,-1.4875,-0.225,-0.9375,-2.1125,-0.7375,0.375,0.05,-2.65,-1.65,-1.1375
trpos2840.txt_allergen_1006,-0.4925,-1.5714,-1.3496,-1.9887,-2.5376,-1.4699,-1.9173,-1.1579,-1.9812,-1.8722,-1.9474,-1.4211,-1.5075,-2.0677,-2.1053,-0.6541,-0.812,-2.8308,-1.8534,-1.3609
trpos2840.txt_allergen_2935,-0.4104,-2.1269,-1.4776,-1.8731,-2.1642,-1.0896,-1.7015,-1.1418,-2.1791,-1.6642,-1.7761,-1.2313,-1.4328,-2.306,-2.5299,-0.8433,-0.7612,-3.4478,-2.0746,-1.2015
trpos2840.txt_allergen_1957,-0.3986,-0.9371,-1.965,-1.979,-1.8671,-0.7832,-1.3147,-1.7343,-2.0839,-1.6783,-1.2308,-1.5734,-1.021,-2.2937,-1.6294,-0.6853,-0.8951,-2.6014,-1.8811,-0.9091
trpos2840.txt_allergen_2133,-0.3615,-1.3192,-0.8732,-1.1455,-1.5493,-1.0235,-1.1174,-1,-1.507,-1.7089,-1.6808,-1.0986,-1.3005,-2.2347,-1.4085,-0.1831,-0.493,-2.7089,-1.8873,-1.3333
trpos2840.txt_allergen_616,-1.1344,-1.2688,-1.4086,-1.5968,-3.0054,-0.9301,-0.7957,-2.0699,-1.5269,-1.3925,-1.2366,-0.8441,-1.1613,-1.6613,-2.3226,-0.8978,-0.6828,-3.1344,-1.7527,-1.0215
trpos2840.txt_allergen_964,-0.4198,-2.145,-1.458,-1.9237,-2.3359,-1.1145,-1.687,-1.145,-2.1908,-1.6794,-1.8168,-1.2595,-1.4962,-2.3588,-2.5725,-0.8092,-0.771,-3.5267,-2.084,-1.2366
trpos2840.txt_allergen_33,-0.7219,-1.2055,-0.6926,-0.7116,-2.6943,-0.9585,-0.9793,-1.2142,-0.8636,-1.3558,-1.1364,-1.2763,-1.1485,-0.9724,-1.6097,-0.7098,-0.7962,-1.3402,-0.6839,-1.19
trpos2840.txt_allergen_1595,-0.7291,-1.2069,-1.133,-1.2906,-1.9754,-0.6798,-0.8424,-1.7389,-1.4729,-1.4828,-1.2611,-0.9852,-0.8522,-1.6798,-1.8424,-0.7882,-0.9113,-2.3744,-1.399,-1.1724
trpos2840.txt_allergen_2097,-1.0355,-2.0355,-0.645,-1.4024,-2.2781,-1.3905,-1.5385,-0.9645,-2.142,-1.4734,-2.1302,-1.0237,-1.7278,-2.4852,-2.1893,-0.2189,-0.2189,-3.1065,-1.9882,-1.0355
trpos2840.txt_allergen_243,-0.7338,-2.1558,-1.3961,-1.4805,-2.8052,-1.5519,-0.8831,-1.5844,-1.1623,-1.1104,-1.6948,-0.7468,-1.5844,-2.0455,-2.1429,-0.7792,-0.5974,-3.2792,-1.9221,-0.8961
trpos2840.txt_allergen_1436,-0.1842,-1.2105,-1.7895,-1.7105,-1.7237,-1.0987,-1.4539,-1.4145,-1.875,-1.5987,-1.2697,-1.5855,-0.9868,-2.1645,-1.1776,-0.5855,-0.7105,-2.5197,-1.8355,-0.9079
trpos2840.txt_allergen_2368,-0.6556,-1.0444,-0.4667,-1.2778,-1.6111,-0.5556,-0.7556,-1.6778,-1.4444,-1.5889,-1.2,-0.2778,-0.7889,-2.1,-1.1556,-0.4333,-0.4889,-2.6556,-1.5222,-1.0667
trpos2840.txt_allergen_2507,-0.6364,-1.2727,-0.5909,-0.9545,-0.5455,-0.1364,-0.6364,-1.3182,-0.8636,-1.6818,-1.6818,-0.7727,-0.9545,-1.4091,-1.9091,0.2273,-0.6818,-1.4545,-0.4545,-1.4091
trpos2840.txt_allergen_2210,-0.7347,-1.2245,-0.5612,-0.7245,-1.6224,-0.7449,-0.602,-1.7959,-1.0816,-1.2857,-1.4694,-0.7653,-1,-1.602,-1.2143,-0.2755,-0.1429,-2.3061,-1.2245,-0.9694
trpos2840.txt_allergen_3133,-0.7757,-1.9863,-1.6316,-1.8261,-2.9153,-1.643,-1.4279,-1.9794,-2.1945,-1.6865,-1.9314,-1.3341,-1.7094,-2.4279,-2.8284,-1.103,-1.2059,-3.6819,-2.2975,-1.524
trpos2840.txt_allergen_1153,-0.4627,-2.0597,-1.4552,-1.8657,-2.2612,-1.1343,-1.7612,-1.0597,-2.1343,-1.6791,-1.8284,-1.2761,-1.4179,-2.2836,-2.5448,-0.8358,-0.7985,-3.5149,-2.1269,-1.2463
trpos2840.txt_allergen_992,-0.1204,-1.1944,-0.6389,-0.7685,-1.537,-0.9352,-0.787,-0.8889,-1.4722,-2.3333,-2.3611,-0.6111,-1.9722,-2.6389,-0.0833,-0.0741,-0.4444,-2.8889,-2.0093,-1.8056
trpos2840.txt_allergen_2028,-0.4286,-1.5137,-1.2637,-1.478,-2.4258,-0.8434,-0.9093,-1.6786,-1.739,-1.6099,-1.467,-0.7225,-1.2802,-2.206,-1.9698,-0.794,-0.8022,-2.989,-1.8626,-1.3434
trpos2840.txt_allergen_2592,-0.48,-1.2,-1.12,-1.04,-1.92,-0.84,-0.76,-2.12,-1.8,-0.76,-0.92,-0.72,-0.56,-2.12,0,-0.48,-0.24,-3.08,-1.96,-0.4
trpos2840.txt_allergen_925,-0.8531,-0.9266,-1.1017,-0.6102,-2.3898,-0.5989,-0.2373,-1.8362,-1.2486,-1.6384,-1.5763,-0.1638,-0.4181,-2,-2.3955,-0.678,-0.8531,-3.3672,-2.0452,-1.7006
trpos2840.txt_allergen_1809,-0.7626,-1.7237,-0.5233,-1.179,-2.3093,-1.144,-1.4339,-1.0564,-1.642,-1.3249,-1.8268,-0.9767,-1.5214,-2.0428,-1.9903,-0.3268,-0.3852,-3.0233,-1.7023,-1.0039
trpos2840.txt_allergen_1962,-0.8339,-1.278,-0.5596,-1.4477,-1.8556,-0.9097,-1.2022,-1.5235,-1.3827,-1.6859,-1.7798,-0.8628,-1.5126,-1.9314,-1.5776,-0.5451,-0.7365,-2.1047,-1.065,-1.2744
trpos2840.txt_allergen_2055,-1.0185,-1.8056,-1.5741,-0.75,-2.5833,-1.25,-0.4815,-2.3981,-1.9167,-1.7685,-1.7315,-0.6667,-0.5741,-1.8796,-3.0185,-1.1944,-1.213,-3.6019,-2.2315,-1.6019
trpos2840.txt_allergen_2731,-0.5872,-1.3721,-1.2209,-1.3256,-1.8953,-1.0174,-0.9244,-1.75,-1.7674,-1.3023,-1.3256,-0.686,-1.2267,-1.7733,-1.6977,-0.564,-0.564,-2.907,-1.6512,-0.7791
trpos2840.txt_allergen_2805,-0.6945,-1.2806,-1.048,-0.7584,-2.6519,-0.794,-0.3393,-1.6323,-1.508,-1.4583,-1.5506,-0.3339,-1.3499,-1.8117,-1.1901,-0.5826,-0.7549,-2.4583,-1.5009,-1.222
trpos2840.txt_allergen_1467,-1.0807,-1.1988,-0.9938,-0.4658,-2.0186,-0.7267,-0.2857,-2.0932,-1.0186,-1.4099,-1.354,-0.3416,-0.1429,-1.3913,-2.5155,-0.9193,-1.0062,-3.118,-1.4596,-1.5342
trpos2840.txt_allergen_3378,-1.1833,-1.2778,-1.4889,-1.5778,-3.0611,-1.0611,-0.8389,-2.1667,-1.5889,-1.3,-1.15,-0.8222,-1.2444,-1.6111,-2.3556,-0.9889,-0.6722,-3.1444,-1.7833,-0.9278
trpos2840.txt_allergen_1906,-0.7368,-2.1053,-1.0987,-1.5,-2.9079,-1.625,-1.5658,-0.9737,-1.5658,-1.8947,-2,-1.3816,-1.9934,-2.625,-1.7895,-0.9605,-0.7961,-3.7434,-2.4539,-1.4605
trpos2840.txt_allergen_1926,-0.374,-2.1603,-1.4885,-1.9237,-2.3817,-1.1221,-1.6947,-1.145,-2.1985,-1.6947,-1.8779,-1.2366,-1.5267,-2.3206,-2.5649,-0.8168,-0.771,-3.5267,-2.084,-1.2214
trpos2840.txt_allergen_3225,-0.8531,-1.6045,-0.9379,-1.7797,-2.3672,-1.0734,-1.5367,-1.9605,-1.5198,-1.8814,-1.9831,-1.1525,-1.5989,-2.2203,-1.904,-0.548,-1.0339,-2.5593,-1.1299,-1.4124
trpos2840.txt_allergen_431,-0.7663,-1.9371,-1.6337,-1.7933,-2.8674,-1.6157,-1.4135,-1.9551,-2.1528,-1.6517,-1.9101,-1.3056,-1.6539,-2.3663,-2.7371,-1.0697,-1.1843,-3.582,-2.2067,-1.4966
trpos2840.txt_allergen_3344,-1.0843,-1.4354,-1.2416,-1.2781,-2.5281,-1.0449,-0.9242,-2.014,-1.6657,-1.4045,-1.2416,-0.7978,-1.2837,-2.0169,-2.2331,-0.8764,-0.9691,-3.2163,-1.8876,-1.2753
trpos2840.txt_allergen_998,-0.8021,-2.066,-0.5594,-1.1953,-2.4881,-1.4354,-1.6491,-1.0792,-1.9604,-1.3272,-2.0528,-1.0449,-1.7836,-2.2005,-2.2243,-0.3694,-0.2164,-3.1425,-2.0396,-1.1029
trpos2840.txt_allergen_2225,-1.1504,-0.1438,-1.0198,-1.1835,-2.8893,0.1868,-0.0909,-1.6694,-1.1702,-1.9917,-1.7372,-0.6099,-1.8496,-2.1669,-1.6777,-0.6661,-1.2463,-3.1669,-1.8926,-1.6843
trpos2840.txt_allergen_967,-0.8211,-1.5321,-1.2294,-1.7248,-2.5,-0.9587,-1,-2.2523,-1.2523,-1.4495,-1.156,-0.7936,-0.922,-1.3899,-2.0413,-1.2477,-1.211,-2.5642,-1.1514,-1.2615
trpos2840.txt_allergen_2158,-0.8799,-1.2721,-1.4947,-1.742,-2.159,1.3604,-0.8905,-1.8763,-1.2686,-1.5053,-1.2544,-0.9894,-1.0459,-1.9753,0.2968,-0.3922,-0.9258,-2.5972,-1.841,-1.1731
trpos2840.txt_allergen_1943,-0.7688,-2.1312,-1.3125,-1.4688,-2.8438,-1.4937,-0.9,-1.65,-1.1,-1.1625,-1.65,-0.7312,-1.55,-1.925,-1.9812,-0.775,-0.6125,-3.1875,-1.8375,-0.9375
trpos2840.txt_allergen_333,-0.717,-2.1887,-1.3019,-1.4528,-2.8616,-1.5472,-0.9245,-1.6038,-1.0818,-1.1635,-1.7547,-0.7925,-1.6352,-2.0943,-2.1384,-0.7673,-0.6164,-3.3145,-1.8428,-1.0063
trpos2840.txt_allergen_68,-0.7066,-1.9341,-1.2695,-1.1557,-2.8743,-1.3892,-1.0599,-1.6707,-1.976,-1.2575,-1.3353,-0.8683,-1.5868,-1.5749,-1.9521,-0.8802,-0.8802,-3.1078,-1.9042,-0.9281
trpos2840.txt_allergen_1341,-0.9432,-1.7614,-1.0568,-1.7614,-3.2841,-1.3068,-1.6705,-1.6705,-2.1364,-2.1591,-2.1477,-1.3977,-1.7273,-2.3864,-2.4091,-0.625,-0.7841,-2.6705,-2.1023,-1.2727
trpos2840.txt_allergen_122,0.0633,-2.2722,-1.6456,-1.538,-2.9367,-1.3861,-1.557,-1.7342,-1.3354,-1.5696,-1.3291,-0.9177,-1.1899,-1.7278,-2.8481,-0.9494,-1.1646,-3.7089,-2.3987,-0.8544
trpos2840.txt_allergen_512,-0.6596,-1.9574,-1.4894,-1.695,-2.2057,-1.1206,-1.2837,-2.078,-2.0355,-0.9504,-1.4539,-0.7943,-1.4681,-2.2411,-1.9291,-0.7801,-0.4894,-3.2766,-2.0851,-0.5177
trpos2840.txt_allergen_395,-0.1511,-1.5693,-0.864,-1.1411,-2.8212,-1.0882,-1.2972,-1.3048,-1.7758,-1.3627,-1.6222,-1.2569,-1.5743,-2.1083,-1.9597,-0.2166,-0.5088,-2.7985,-1.4584,-1.0101
trpos2840.txt_allergen_2116,-1,-1.4033,-0.7475,-1.577,-2.7934,-1.2393,-1.1639,-1.7344,-1.3279,-1.7607,-1.941,-0.9016,-1.4295,-2.0689,-2.3377,-0.6885,-1.059,-2.8361,-1.3246,-1.4525
trpos2840.txt_allergen_2797,-0.5747,-1.5368,-1.7137,-1.6589,-2.6211,-1.3895,-1.2716,-1.6947,-1.8274,-1.5895,-1.6211,-1.3474,-1.2653,-1.9979,-1.9137,-1.1895,-1.1095,-3.1095,-1.7937,-1.3032
trpos2840.txt_allergen_887,-0.2852,0.257,-0.4754,-0.6197,-3.3944,1.3556,1.7852,-3.1373,-1.2042,-1.6655,-0.6831,1.2887,-0.8169,-3.4718,-4.1021,-0.6585,-0.8415,-4.5246,-2.9613,-1.75
trpos2840.txt_allergen_930,-0.6336,-1.5343,-0.9188,-1.1588,-2.8682,-1.0722,-1.0939,-1.713,-1.7365,-1.139,-1.4007,-0.7762,-1.3051,-1.8213,-1.7509,-0.9079,-0.7942,-2.926,-1.3809,-0.843
trpos2840.txt_allergen_1199,-0.7,-1.9,-0.975,-1.95,-0.3,-1.1,-1.8,-0.5,-2.275,-2.975,-2.625,-1.525,-2.55,-2.925,-2.175,-0.425,-1.2,-2.825,-2.525,-2.55
trpos2840.txt_allergen_1503,-0.7688,-2.175,-1.2812,-1.4875,-2.7938,-1.5188,-0.875,-1.675,-1.175,-1.1687,-1.6875,-0.7812,-1.5562,-2.025,-2.05,-0.7938,-0.5938,-3.2438,-1.8625,-0.9875
trpos2840.txt_allergen_3396,-0.4545,-1.5964,-1.3091,-1.7855,-2.2873,-1.4182,-1.9236,-1.2436,-2.0618,-1.8436,-1.8582,-1.4545,-1.56,-2.0255,-2.0545,-0.6036,-0.8327,-2.8,-1.7564,-1.2982
trpos2840.txt_allergen_1194,-0.7677,-2.1548,-1.3161,-1.4839,-2.7226,-1.4968,-0.929,-1.6323,-1.1032,-1.1161,-1.6194,-0.7161,-1.5097,-1.9871,-2.0903,-0.8516,-0.6323,-3.3097,-1.8516,-0.9419
trpos2840.txt_allergen_1313,-0.3517,-0.9793,-2.0069,-1.9241,-1.7448,-0.9517,-1.3862,-1.7448,-2.0759,-1.531,-1.1655,-1.5655,-1.0069,-1.9931,-1.4138,-0.669,-0.7517,-2.4552,-1.8345,-0.8138
trpos2840.txt_allergen_2484,-0.2657,-1.0629,-1.014,-1.8951,-2.042,-1.0909,-1.5944,-1.3776,-1.979,-1.7762,-1.8042,-0.8112,-1.5804,-2.6503,-0.6783,-0.3986,-0.4825,-3.3986,-2.3007,-1.2238
trpos2840.txt_allergen_2527,-0.3911,-1.5403,-1.0645,-1.754,-1.7823,-1.1008,-1.6734,-1.0484,-1.5887,-1.7742,-1.7379,-1.3589,-1.5282,-1.7419,-1.4355,-0.4476,-0.4516,-2.5323,-1.6976,-1.3226
trpos2840.txt_allergen_73,-0.9629,-0.7526,-0.8268,-1.6062,-2.7959,-0.1505,-0.8392,-1.567,-1.3588,-1.4866,-1.4433,-1.1773,-1.5814,-1.5237,-1.7216,-0.5505,-0.9237,-2.9588,-1.7196,-1.2
trpos2840.txt_allergen_2461,-0.3125,-1.375,-0.9375,-1,-1.9375,-1.0625,-1.125,-1.5625,-1.0625,-1.25,-1.375,-1.375,-1.0625,-1.25,-2,-0.125,0.3125,-2.625,-0.875,-0.875
trpos2840.txt_allergen_3296,-0.8375,-1.5375,-0.7875,-1.6583,-2.075,-0.9625,-1.4167,-1.8625,-1.575,-1.9792,-1.8917,-0.9542,-1.5833,-2.1792,-1.8333,-0.4792,-0.8958,-2.6125,-1.3917,-1.4875
trpos2840.txt_allergen_586,-0.7014,-1.9722,-1.3681,-1.6528,-2.2361,-1.1389,-1.2431,-2.0903,-1.9861,-0.9514,-1.4931,-0.7222,-1.5139,-2.3056,-1.8681,-0.7569,-0.5139,-3.2569,-2.1458,-0.5069
trpos2840.txt_allergen_367,-0.7358,-1.8396,-1.5849,-1.6509,-2.934,-1.0849,-0.9811,-2.5755,-1.717,-1.283,-1.4151,-0.7264,-1.4151,-1.7075,-2.5094,-1.3113,-1.0943,-3.4528,-1.9811,-0.7925
trpos2840.txt_allergen_2535,-0.7678,-1.269,-1.4254,-1.2002,-2.519,-1.0237,-0.6137,-1.7784,-1.7773,-0.8175,-1.2832,-0.7998,-0.9384,-1.8021,-1.8732,-1.0095,-0.9206,-3.2488,-1.6742,-0.7464
trpos2840.txt_allergen_486,-0.5981,-1,-0.7942,-1.0225,-2.0997,-0.508,-0.4695,-1.717,-0.9325,-1.5338,-1.4598,-0.2765,-1.074,-1.7363,-1.8328,-0.5595,-0.8071,-2.4695,-1.2412,-1.1447
trpos2840.txt_allergen_831,-0.458,-2.1527,-1.4885,-1.9389,-2.3053,-1.0763,-1.6947,-1.1145,-2.1756,-1.7176,-1.8855,-1.2672,-1.5267,-2.374,-2.5725,-0.8397,-0.7557,-3.5191,-2.0382,-1.229
trpos2840.txt_allergen_41,-0.7489,-1.4405,-0.8678,-1.674,-2.2291,-1.0925,-1.467,-1.6256,-1.4978,-1.6696,-1.793,-0.859,-1.467,-2.1057,-1.674,-0.5859,-0.837,-2.3833,-1.1894,-1.2247
trpos2840.txt_allergen_3231,-1.0803,-0.7546,-0.828,-1.672,-2.9518,-0.2729,-0.8303,-1.7844,-1.422,-1.6789,-1.5505,-1.1353,-1.6789,-1.6789,-1.8922,-0.6124,-1.117,-3.1583,-1.7408,-1.3532
trpos2840.txt_allergen_1253,-0.4487,-1.5741,-1.3118,-1.9278,-2.4144,-1.4715,-1.8555,-1.1483,-2.019,-1.9202,-1.9544,-1.3802,-1.5475,-2.1293,-2.0456,-0.6388,-0.8707,-2.9278,-1.8441,-1.3422
trpos2840.txt_allergen_691,0.073,-1.4745,-1.7737,-2.0511,-2.219,-0.8905,-1.5401,-1.1533,-1.7737,-0.9124,-0.8175,-1.2117,-0.562,-1.6204,-2.0073,-0.4234,-0.2628,-2.7518,-1.5255,-0.5912
trpos2840.txt_allergen_1792,-0.3664,-2.1527,-1.4809,-1.9847,-2.3435,-1.1145,-1.7405,-1.2061,-2.2137,-1.6718,-1.771,-1.3053,-1.4504,-2.2901,-2.4656,-0.7939,-0.7634,-3.5191,-2.0611,-1.2366
trpos2840.txt_allergen_1154,-0.1613,-1.2473,-1.2043,-1.7634,-1.0215,-1.0538,-1.172,-1.5054,-1.5806,-1.3548,-1.3656,-0.871,-0.957,-1.2151,-1.7634,-0.3763,-0.6344,-2.172,-1.2581,-0.957
trpos2840.txt_allergen_788,-0.4143,-1.5109,-0.8567,-1.5826,-2.5981,-1.1028,-1.5016,-1.4206,-1.9688,-1.5607,-1.8816,-1.2118,-1.5607,-1.9128,-2.0031,-0.5202,-0.3707,-2.8629,-1.5607,-1.0654
trpos2840.txt_allergen_2508,-0.3077,-0.5385,-0.8462,-0.3846,-2.2308,0.3077,0.7692,-2,-1,-1.4615,-1.3077,0.0769,-0.9231,-1.8462,-1.4615,-0.2308,-0.4615,-2.4615,-1.1538,-0.9231
trpos2840.txt_allergen_2323,-1.0132,-1.3465,-0.7459,-1.5875,-2.7294,-1.2079,-1.1782,-1.703,-1.3432,-1.7591,-1.9208,-0.9043,-1.3993,-2.0792,-2.3102,-0.6964,-1.033,-2.8746,-1.3531,-1.4158
trpos2840.txt_allergen_2863,-0.8342,-2.0214,-1.3743,-1.492,-2.9733,-1.3155,-1.2139,-2.016,-1.9305,-1.2406,-1.3743,-0.8984,-1.6631,-1.9305,-2.0214,-1.1497,-0.9144,-3.4652,-1.9519,-0.9305
trpos2840.txt_allergen_3420,-0.2308,-1.5824,-1.2564,-1.3883,-2.4322,-1.0806,-1.1465,-1.0586,-1.7033,-1.5714,-1.7985,-1.2015,-1.2527,-2.0879,-1.8205,-0.6886,-0.4103,-2.7802,-1.8498,-1.1392
trpos2840.txt_allergen_1325,0.7481,-1.2672,-1.1298,-1.4809,-1.6947,-0.8015,-0.8168,-1.0534,-1.6031,-1.3893,-1.6031,-0.6412,-1.1145,-1.8168,-1.0076,0.0916,0.0153,-2.626,-1.458,-0.6947
trpos2840.txt_allergen_3417,-0.5471,-1.558,-1.3913,-2.0688,-2.3732,-1.4891,-1.8986,-1.3551,-2.0435,-1.7101,-1.7065,-1.3696,-1.3007,-2.0072,-2.0181,-0.808,-0.8877,-2.8696,-1.9094,-1.2355
trpos2840.txt_allergen_566,-1.0469,-1.4332,-1.278,-1.7509,-2.4693,-1.213,-1.6787,-1.7184,-1.509,-1.6137,-1.6426,-1.3538,-1.5343,-2.0072,-1.6751,-0.6426,-0.7545,-2.5307,-1.7437,-1.1336
trpos2840.txt_allergen_2820,-0.6139,-1.6602,-1.3745,-2.0309,-2.583,-1.5212,-1.8958,-1.2471,-2.0618,-1.8687,-1.9189,-1.4517,-1.5328,-2.1197,-2.1351,-0.7027,-0.861,-2.8417,-1.7452,-1.3436
trpos2840.txt_allergen_830,-0.8261,-1.4348,-1.5217,-1.3913,-2.2609,-0.7826,-1.1739,-1.1739,-1.5652,-0.6522,-0.7826,-1.4783,-0.4348,-1.4783,-1.7826,-1.1304,-1.1304,-2.3913,-1.0435,-0.4783
trpos2840.txt_allergen_2328,0.1241,-1.4345,-0.9448,-0.5793,-3.4759,0.0345,0.3862,-1.4483,-2.3172,-2.2828,-2.2759,-0.2345,-1.5241,-3.1241,-2.2759,-0.7034,-1.0621,-4.2414,-2.8828,-1.8414
trpos2840.txt_allergen_1944,-0.374,-1.6382,-1.0976,-1.7927,-1.7927,-1.1626,-1.7276,-0.9878,-1.6748,-1.7602,-1.8008,-1.4106,-1.5854,-1.8902,-1.4756,-0.4146,-0.4634,-2.7317,-1.8008,-1.2439
trpos2840.txt_allergen_2683,-0.9048,-1.8667,-1.6857,-1.6667,-3.0381,-1.2,-0.9524,-2.7143,-1.7143,-1.2381,-1.4667,-0.8095,-1.2762,-1.7524,-2.5714,-1.3143,-1.1429,-3.4476,-2.0762,-0.6286
trpos2840.txt_allergen_410,-0.2386,0.2772,-0.5123,-0.5825,-3.3895,1.4175,1.7404,-3.1368,-1.0807,-1.7474,-0.6772,1.1368,-0.8912,-3.4912,-3.8877,-0.607,-0.8877,-4.214,-2.8211,-1.7684
trpos2840.txt_allergen_2437,-0.1908,0.212,-0.5124,-0.682,-3.4205,1.2721,1.7314,-3.0071,-1.2898,-1.7067,-0.7668,1.2332,-0.9081,-3.4382,-3.9046,-0.6219,-0.8763,-4.2403,-2.9152,-1.6784
trpos2840.txt_allergen_3429,-0.5509,-1.6151,-1.2679,-1.8717,-2.5132,-1.4226,-1.883,-1.2868,-1.9811,-1.7887,-1.8755,-1.4755,-1.6189,-2.0981,-2.2189,-0.6755,-0.8491,-2.8566,-1.8717,-1.317
trpos2840.txt_allergen_3388,-0.8235,-1.2132,-1.0588,-1.1838,-2.1544,-0.9265,-0.7353,-1.7132,-1.6471,-1.375,-1.5662,-0.5662,-1.3603,-1.9853,-1.6838,-0.6838,-0.5515,-2.9485,-1.6765,-1.0368
trpos2840.txt_allergen_2892,-0.9245,-1.6887,-1.6321,-0.8679,-2.6887,-1.3113,-0.4245,-2.1981,-2.0094,-1.9057,-1.7358,-0.6887,-0.6415,-1.7642,-2.8396,-1.0566,-1.3868,-3.6038,-2.3962,-1.6698
trpos2840.txt_allergen_279,-0.4286,-2.1278,-1.4436,-1.8647,-2.2857,-1.1128,-1.6992,-1.1203,-2.1729,-1.6917,-1.8346,-1.2481,-1.5188,-2.3383,-2.5263,-0.8045,-0.7519,-3.4962,-2.0977,-1.2105
trpos2840.txt_allergen_3184,-0.5607,-1.4822,-0.8486,-1.415,-2.0467,-1.0579,-1.3308,-1.0972,-1.6804,-1.2523,-1.3477,-1.1963,-1.0131,-1.6449,-1.5981,-0.3813,-0.6112,-2.3327,-1.4374,-0.9589
trpos2840.txt_allergen_3052,-0.9368,-0.9737,-0.8474,-0.8632,-2.3526,-0.5105,-0.1947,-1.8947,-1.3579,-1.4895,-1.4526,-0.4,-0.8368,-1.6895,-1.9579,-0.6263,-0.7316,-2.7474,-1.5684,-1.3053
trpos2840.txt_allergen_2373,-0.5071,-2.0714,-1.3929,-1.8857,-2.2857,-1.0214,-1.6357,-1.1143,-1.8214,-1.7786,-1.9286,-1.2286,-1.5643,-2.3071,-2.55,-0.8071,-0.8143,-3.4286,-1.8929,-1.3214
trpos2840.txt_allergen_1928,-0.2574,-1.9109,-0.6436,-1.0792,-2.099,-0.9604,-1.4257,-1.3762,-1.9604,-2.2772,-2.1683,-1.1188,-1.9208,-2.4455,-1.7129,0.1089,-0.4851,-3.0693,-1.901,-1.5743
trpos2840.txt_allergen_368,-0.2835,-0.8262,-0.8506,-1.4177,-2.4756,-0.128,-0.8598,-1.4573,-1.4177,-1.689,-1.622,-0.7896,-0.7744,-2.0274,-0.8384,-0.122,-0.3384,-2.9604,-1.4451,-1.2012
trpos2840.txt_allergen_248,-0.7305,-1.9504,-1.4681,-1.6738,-2.2411,-1.078,-1.2411,-2.0851,-2.0071,-1,-1.4326,-0.7943,-1.5248,-2.3333,-1.8582,-0.7801,-0.5319,-3.3121,-2.1489,-0.5248
trpos2840.txt_allergen_3242,-0.8858,-2.1294,-0.9873,-1.5279,-2.9492,-1.0482,-1.6294,-1.599,-2.198,-1.3376,-1.3629,-1.4315,-1.6142,-1.5152,-2.0203,-0.2741,-0.4061,-3.2335,-1.3807,-0.9924
trpos2840.txt_allergen_2102,0.7443,-1.2718,-1.3107,-1.4304,-1.8447,-0.8447,-0.822,-1.2039,-1.5113,-1.4369,-1.521,-0.6796,-1.1553,-1.9515,-0.7929,-0.0906,-0.1845,-2.4531,-1.4919,-0.8091
trpos2840.txt_allergen_1544,-0.8062,-2.0078,-1.1783,-1.3333,-2.3178,-1.062,-1.1008,-1.9535,-1.8837,-1.155,-1.7442,-0.5891,-1.7287,-2.6279,-1.6589,-0.7209,-0.5271,-3.3643,-2.2481,-0.6899
trpos2840.txt_allergen_2575,-0.4615,-1.1538,-1.1538,-1.1538,-2.2308,-1.0769,-1.0769,-0.7692,-1.6923,-1.7692,-1.6923,-0.7692,-1.2308,-2,0.0769,-0.3846,-1,-2.9231,-1.9231,-1.4615
trpos2840.txt_allergen_2404,-0.5656,-1.733,-1.0498,-1.9502,-2.638,-1.3213,-1.724,-1.7738,-2.0407,-1.0995,-1.2353,-1.4434,-1.2579,-1.4072,-1.9186,-0.6335,-0.6742,-3.3077,-1.7738,-0.81
trpos2840.txt_allergen_1949,-0.8165,-1.7523,-1.3349,-1.2844,-2.8165,-1.2844,-1.0826,-1.922,-1.8257,-1.3165,-1.3716,-0.578,-1.5917,-1.7982,-1.8716,-1.0963,-1.0275,-3.0275,-1.6651,-1.0367
trpos2840.txt_allergen_2236,-0.4519,-1.2308,-0.7115,-1.2115,-0.9135,-0.6346,-0.875,-0.8942,-1.1346,-1.7019,-1.5288,-0.8654,-1.0385,-1.6731,-1.5962,-0.0385,-0.6154,-1.7981,-1.1058,-1.3654
trpos2840.txt_allergen_1050,-0.1136,-1.3712,-1.0909,-1.2121,-1.4924,-1.2576,-1.2879,-1.2424,-1.8485,-1.8864,-1.8712,-0.697,-1.4621,-2.1061,-0.6212,-0.2727,-0.3333,-3.0606,-2.0909,-1.3561
