#name,V1,V2,V3,V4,V5,V6,V7,V8,V9,V10,V11,V12,V13,V14,V15,V16,V17,V18,V19,V20,V21,V22,V23,V24,V25,V26,V27,V28,V29,V30,V31,V32,V33,V34,V35,V36,V37,V38,V39,V40,V41,V42,V43,V44,V45,V46,V47,V48,V49,V50,V51,V52,V53,V54,V55,V56,V57,V58,V59,V60,V61,V62,V63,V64,V65,V66,V67,V68,V69,V70,V71,V72,V73,V74,V75,V76,V77,V78,V79,V80,V81,V82,V83,V84,V85,V86,V87,V88,V89,V90,V91,V92,V93,V94,V95,V96,V97,V98,V99,V100,V101,V102,V103,V104,V105,V106,V107,V108,V109,V110,V111,V112,V113,V114,V115,V116,V117,V118,V119,V120,V121,V122,V123,V124,V125,V126,V127,V128,V129,V130,V131,V132,V133,V134,V135,V136,V137,V138,V139,V140,V141,V142,V143,V144,V145,V146,V147,V148,V149,V150,V151,V152,V153,V154,V155,V156,V157,V158,V159,V160,V161,V162,V163,V164,V165,V166,V167,V168,V169,V170,V171,V172,V173,V174,V175,V176,V177,V178,V179,V180,V181,V182,V183,V184,V185,V186,V187,V188,V189,V190,V191,V192,V193,V194,V195,V196,V197,V198,V199,V200,V201,V202,V203,V204,V205,V206,V207,V208,V209,V210,V211,V212,V213,V214,V215,V216,V217,V218,V219,V220,V221,V222,V223,V224,V225,V226,V227,V228,V229,V230,V231,V232,V233,V234,V235,V236,V237,V238,V239,V240,V241,V242,V243,V244,V245,V246,V247,V248,V249,V250,V251,V252,V253,V254,V255,V256,V257,V258,V259,V260,V261,V262,V263,V264,V265,V266,V267,V268,V269,V270,V271,V272,V273,V274,V275,V276,V277,V278,V279,V280,V281,V282,V283,V284,V285,V286,V287,V288,V289,V290,V291,V292,V293,V294,V295,V296,V297,V298,V299,V300,V301,V302,V303,V304,V305,V306,V307,V308,V309,V310,V311,V312,V313,V314,V315,V316,V317,V318,V319,V320,V321,V322,V323,V324,V325,V326,V327,V328,V329,V330,V331,V332,V333,V334,V335,V336,V337,V338,V339,V340,V341,V342,V343,V344,V345,V346,V347,V348,V349,V350,V351,V352,V353,V354,V355,V356,V357,V358,V359,V360,V361,V362,V363,V364,V365,V366,V367,V368,V369,V370,V371,V372,V373,V374,V375,V376,V377,V378,V379,V380,V381,V382,V383,V384,V385,V386,V387,V388,V389,V390,V391,V392,V393,V394,V395,V396,V397,V398,V399,V400
0-211.txt_1,11.3125,5.125,4.25,3.875,5.4375,5.375,5.3125,5.625,4.5,5.1875,5.3125,5.5625,6.0625,3.75,4.8125,7.3125,6.3125,2.8125,4.0625,6.25,4.375,11,5,3.6875,2.8125,6.5625,5.4375,2.9375,4.9375,3.0625,3.3125,7.5625,4.3125,2.3125,3.0625,4.4375,4.625,2.1875,3.25,2.9375,1.375,2,4.625,2.75,0.8125,2.125,2.25,2.4375,2.4375,0.75,0.75,2.125,1.1875,0.75,1.25,2.5,2.0625,0.5,1.1875,0.8125,1.9375,1.6875,3.25,6.25,1,2.5625,3.625,2,2,1.25,0.75,2.1875,1.0625,1,2,2.625,2.25,0.375,0.9375,1.125,0.8125,0.3125,0.5625,0.8125,2.5625,0.4375,0.4375,0.5,0.375,0.5625,0.5625,0.375,0.5625,0.375,0.4375,0.75,0.75,0.375,0.4375,0.6875,1.3125,2.1875,2.1875,2.0625,0.6875,3.5625,2.4375,1.125,1.75,0.625,1,2.125,1.5625,0.6875,1.25,1.8125,1.4375,1.5625,1.375,0.9375,4.625,6.3125,5.375,7.1875,1.375,7.9375,11.625,3.0625,6.4375,2,2.4375,7.0625,3.5,1.9375,5,5.875,5.0625,2.3125,3.6875,3,3.5625,2.4375,3.3125,2.9375,1.8125,2.5625,2.5,7.625,2.125,1.0625,1.3125,2.5625,1.875,1.375,2.5625,3.5625,2.375,1.75,1.375,1.5,1.625,2.5,3,1.9375,0.9375,2.75,2.6875,1.4375,7.375,0.9375,1.125,2.1875,1.6875,2.125,1.4375,2.1875,1.625,2.25,3.9375,0.875,2.625,1.375,1.75,1.625,2.3125,1.5625,1.25,1.3125,1.375,6.125,4.25,1.625,3.875,3.375,1.4375,1.9375,2.875,1.5625,2.5,4.75,2.625,1.875,1.25,0.875,2.625,1.875,1.3125,0.8125,1.375,5.25,6.5,1.875,4.9375,4.0625,1.5,2,3.125,2.125,2.9375,4.5625,4.1875,6.9375,4.5625,3.8125,1.875,5.75,5.4375,3.75,4.375,2.125,2.75,9.5625,3.5625,2,3.625,4.5625,3.875,1.9375,3,2.875,1.625,1.5625,1.125,0.6875,1.5625,1.875,1.1875,0.75,1.1875,2.75,3.25,1.5625,4.5,2.1875,1.125,1.5625,1.75,1.5625,1.75,2.5625,1.625,1.0625,1.0625,0.875,1.4375,1,1,0.8125,1.625,2.6875,2.4375,1,2.4375,5.375,0.75,1.5625,1.9375,2.625,3.625,2.5,1.75,1.25,1.375,1.625,0.875,1.6875,1.75,1.1875,1.6875,1,1,1.75,1.625,0.5625,5.25,1.75,1.75,0.5,1,1.25,3.125,1.875,3,2.6875,1.8125,2.3125,2.375,2.25,1.9375,1.3125,1.25,2.25,1.6875,1.125,1.875,4.3125,2.9375,0.875,1.4375,1.5,1.5,1.5625,1.5,1.1875,1.125,1.3125,1.25,0.9375,1,1.1875,1.125,1.375,1.25,0.8125,1.1875,1.8125,3.0625,0.8125,0.9375,1.4375,0.8125,1.25,0.5625,0.4375,1,1.25,0.875,1,1.3125,0.8125,1.125,1,1.375,2.1875,0.4375,0.8125,1.125,5.75,2.75,0.8125,2.3125,2.125,2,1.3125,2.6875,2.625,2.125,1.375,4.875,2.75,2.9375,2.125,2.875,5.9375,2.0625,2.1875,2.25,4.9375,8.75,2.875,6.1875,2.6875,2.6875,2.25,4.8125,3.3125,3.1875,3.25,2.125,8.9375,6.9375,3.3125,6.9375,4.8125,3.125,4.125,6.3125,3.3125,4.3125,10.9375
0-211.txt_3,24.7143,8.9286,9.1429,9.2143,10.4286,11.2857,10.7857,14.0714,8.5,9.4286,8.9286,10.9286,11.5714,7.3571,10.3571,16,13.7143,6.9286,9,12.9286,1.6429,5.0714,2.5,1.7143,0.9286,2.7857,2.3571,1.3571,2.2143,1.2857,1.4286,3.1429,1.7143,1.8571,1.5714,2.1429,1.9286,1.3571,1.8571,1.3571,2.2857,2.1429,5.5,3,1.7857,2.5714,2.4286,2.5714,2.5714,2.3571,1.7857,2.5714,2.1429,1.6429,1.6429,3.0714,2.7857,1.0714,1.7857,2.4286,9,8.0714,14.7143,24.9286,4.5,10.7857,14.2143,9.4286,9.6429,4.3571,4.2143,9.8571,5.2143,5.1429,8.0714,11.3571,9.5,2.8571,5.7143,5.0714,0.9286,1.0714,0.9286,0.9286,0.5,2,1.4286,0.6429,1,0.6429,0.8571,1.1429,1,0.5,0.7143,1.2143,0.9286,0.5,0.6429,0.6429,5.3571,5.3571,5.5,7.3571,2.7143,7.2143,11.2143,4.4286,5.2143,3.0714,3.3571,6.3571,3.9286,2.9286,4.7857,6.5,5.8571,3,3.9286,3.9286,13.6429,8,12.1429,9.8571,6.7857,9.9286,10,26.7143,8.9286,4.2857,4.4286,9.8571,7.0714,5.1429,7.1429,12.9286,10.2857,7.1429,7,5.3571,0.4286,0.5714,0.6429,0.4286,0.2857,0.9286,0.7143,0.3571,1.6429,0.2857,0.2857,0.5714,0.5,0.5714,0.3571,0.5,0.5,1.1429,0.8571,0.2857,2.4286,1.5,1.5714,1.6429,2.0714,1.5714,1.6429,1.2857,1.2143,4.9286,3.2857,1.5714,3.0714,2.4286,1.5714,2,2.4286,1.3571,1.8571,4.1429,6.9286,4.6429,3.7857,3.3571,6.0714,4.6429,4.4286,3.5,4.7143,10.4286,14.2857,4.6429,10.5,9.1429,4.2143,5.6429,7,5.7857,7.5714,9.9286,3.0714,4.8571,3.1429,3.1429,1.5,3.7857,3.4286,2.2143,3.2857,1.8571,1.8571,6.2143,2.5,2.3571,2.5,3.6429,3.0714,2.1429,3.6429,2.0714,2.3571,2.2857,2.7857,2.2857,2.0714,3,2.2857,2.1429,2.1429,3.0714,3.6429,2.4286,6.4286,3.0714,1.7143,2.7857,3,2,2.2857,2.9286,3.2143,2.5,3,1.9286,2.6429,2.2143,1.8571,1.7857,3.7143,5.6429,5.5714,2.0714,5.1429,11.6429,1.5714,2.8571,3.5,5.4286,7.7143,4.6429,1.5,1.0714,1.0714,1.0714,1.0714,1.2143,1.2857,1,1.0714,1.4286,1.2857,1.2857,1.2857,1.4286,4.0714,1.4286,1.3571,1,1.3571,1.5,7.9286,6.0714,8.0714,7,5.0714,7.2857,7.2857,6.5714,5.9286,3.7857,4.0714,7.2857,4.9286,4.4286,5.5714,12.5714,8.3571,4.2143,5.3571,4.3571,7.1429,5.9286,7,6.4286,5.4286,6.5,6.4286,4.7857,4.7857,6.2143,5.0714,6.4286,6,4.3571,5.5,8.3571,13.9286,3.4286,5,7.4286,4.5,3.6429,4.3571,2.2143,2.8571,3.8571,3.5,2.7143,6.9286,3.9286,4.6429,3.7143,4.6429,8.1429,2.6429,4.2857,4.0714,6.8571,13.4286,4.5,7.9286,4.2143,5.6429,4.6429,6.1429,4.7143,4.7857,4,3.6429,10.9286,8.9286,4.5714,8.1429,6.0714,4,6.2857,8,3.2143,5.2857,14.1429,0,0,0,0,0,0,0,0,0,0,0,0,0,0,0,0,0,0,0,0,0,0,0,0,0,0,0,0,0,0,0,0,0,0,0,0,0,0,0,0
0-211.txt_5,7.8824,3.4706,4.2941,3.4706,4.1176,4.3529,4,3.8235,4.1176,3.7647,3.4706,3.8824,4,2.8824,3.8235,5.6471,4.7647,2.4118,3.7059,4.5882,5.2941,12.5882,6.5294,5,2.7059,7.4118,6.1765,4.5882,6.1176,3.2353,3.6471,9.1176,5.7059,2.8824,4.2941,6.7647,5.3529,2.7647,4.3529,3.9412,6.4118,8,17.6471,10.0588,4.5294,8.5882,8.2353,7.2941,9.2941,3.9412,4.8235,8.4706,5.8824,5.4118,5.9412,9.6471,7.8235,3.5294,6.3529,4.2353,6.1176,6.1765,9.5882,15.0588,2.9412,8.1176,9.7647,5.3529,7.4706,3.0588,2.7647,7.5882,3.9412,2.7647,5.5882,8.1176,6.8235,2.2353,4.3529,3.7059,4,2,1.9412,1.5294,10.0588,2.2353,1.7059,1.8235,1.7647,4,3.7059,2.2941,3.2353,2.3529,2.5294,3.5294,4.1176,1.9412,2.5882,4.4706,4.9412,6.2941,6,6.0588,2.8824,11.8235,7.5882,3.6471,5.8824,3.3529,4.0588,7,5,3.5882,3.8235,5.4706,5.0588,3.1176,4.2941,3.8824,8.7647,10.1176,10.6471,12.3529,4.1176,13.5882,19.3529,7.3529,10.1765,4.0588,4.5882,11.7059,6.1765,4.2353,7.5294,10.6471,9.1765,4.8235,6.6471,6,7.5294,5,8.1765,7.7059,3.7059,5.4118,5.7647,14.7059,5.2353,3.5882,3,6.0588,4.1765,3.4118,4.7647,7.7647,6.2353,3.2353,3.7059,3.7647,3.4706,4.4706,5,4.3529,2.0588,5.5294,5.2353,3.4118,11.4706,2.2353,2.5882,4.4118,3.2353,3.7647,2.9412,4.4118,3.5294,2.9412,6.2941,2.3529,7.7647,5.0588,4.2941,4.0588,8.2941,6,4.8824,3.4706,4.5294,18.7647,14,5.3529,11.7059,10.7059,5.4118,6.5882,8.2941,5.4118,8,13.9412,11.0588,8.1765,5.5882,5.1176,9.8235,8.8235,6.8824,5.5882,7.0588,17.9412,25.1765,7.8824,18.8235,16.2353,6.6471,9.1176,10.7059,10.6471,12.7059,15.8824,8.5294,13,11.6471,10.5882,4.1176,12.7059,11.8235,7.8235,8.7647,4.4118,5.1765,18.9412,6.9412,3.9412,8.4118,10.7647,9.3529,3.8824,6.2941,5.5882,2.6471,2.5294,2.1765,1.4706,2.1176,3,1.9412,1.7059,2.0588,3.7059,4.7059,2.4118,6.8235,3.1176,2.0588,2.8824,2.9412,2.8235,2.8824,3.3529,5.5294,4.3529,4.1765,3.7647,5.4706,4.3529,4.0588,4.3529,6.7059,8.4118,8.9412,4.6471,8.4118,18.0588,3.8235,5.3529,5.5882,8.4118,12,8.0588,6.5294,4.8824,5.8235,6.0588,3.4118,6.1765,6.7647,4.8824,5.0588,3.5294,3.4118,6.2941,4.5294,3.2353,17.8235,7.4118,7.1765,2.4118,4.0588,4.2353,10.1765,8.7647,10.4118,9.2353,6.3529,9.0588,9.2941,7.8235,8.0588,4.8235,5.1176,10,6.6471,5.6471,7,16.2353,10.5882,3.9412,7.1176,6.3529,6.6471,4.8235,6.5882,4.7059,5.1176,5.2353,5.2353,4.4118,4.1765,6.4706,4.9412,5.8235,5.5882,4,4.7647,7.4118,11.8824,3,4.2353,6.8235,1.8235,1.3529,0.9412,0.7647,1.4118,1.4706,1.1176,1.0588,1.8235,2.5294,2.7059,1.3529,2.5294,3,0.8824,1.2941,1.6471,7.2353,3.4118,2.5294,4.1765,3.6471,4.1765,2.7059,3.3529,4.1176,3.4118,3.2353,7.2353,5.7647,6.4118,3.5882,5.5882,10.4706,2.6471,4,4.5294,9.2353,15.0588,5.7059,7.5882,5.4706,4,4.0588,6.0588,5.2353,4.5294,3.7647,4.1176,11.2353,9.4706,5.0588,8.7647,6.8235,3.8824,6.0588,7.5882,4.1765,6.2941,13.7059
0-211.txt_7,14.3529,6.9412,7.3529,6,8.7647,6.5294,7.7059,8.7059,5.8235,7.1765,8.8824,7.4706,7.7059,6.7059,6.5294,9.6471,8.2941,4.7059,6.1765,7.8824,5.1765,11,6.2941,4.8235,2.7059,6.1765,6.3529,4.1176,4.8235,4.5294,4.9412,8.1765,4.8824,4.8235,5.8235,5,5.2941,3.1176,5.4706,4.4118,6.7647,8.7059,13.4706,10.1176,3.8824,8.8235,9.5882,6.3529,7.1176,4.7647,4.8824,9.4118,4.8824,4.0588,8,8.5882,8.6471,2.8824,5.7059,4.7647,5.2941,6.2353,6.7647,11,2.9412,6.7647,8.5882,5,6.0588,2.6471,3.1765,6.5294,4,2.1765,4.0588,6.8824,5.9412,2.8824,3.6471,2.8235,2.4706,2.3529,2.0588,2.2941,3.5882,1.9412,1.8235,1.8235,2,1.8235,1.4706,2.2353,1.4706,1.8824,2.2353,2.2941,2.5294,0.9412,1.7647,1.5882,4.7059,6.4706,5.4118,5.3529,1.4706,7.6471,7.3529,3.0588,4.3529,2.1765,2.8824,6.2941,3.4118,1.8235,2.6471,4.3529,4,1.8824,3.0588,2.8824,6.1765,6.5882,5.2941,7.6471,2.9412,7.5294,10.6471,3.2353,5.5294,4.3529,4.2353,6.8235,4.1176,3.1765,4.7647,6.3529,6.3529,2.6471,3.2941,4.2941,13.2941,6.4706,9.3529,8.2941,4.8235,7.1765,7.8235,21.2941,6.5294,4.6471,4.7059,8.3529,5.8824,3.7059,7.0588,11.4706,9.2941,4.0588,4.8824,5.8235,2.3529,3.5294,3.7059,3.3529,1.1176,3.4118,3.1176,2.0588,4.9412,2.1176,2,3.3529,1.8235,2.2353,2.6471,2.6471,2.5882,1.5882,3.1176,2.4706,19,12.8235,11.8235,10.6471,15.2941,13.2353,13.2353,11.3529,12.0588,31.3529,24.0588,13,20.4706,18.0588,10.7647,14.9412,17.1176,11.8235,16.5294,27,15.8824,13.8824,9.7059,11.4118,12.1765,13.2353,13.1765,8.4118,11,23,30.0588,13.9412,21.1176,19.2941,10.0588,12.4118,15.3529,10.5294,16.9412,21.1765,15.8824,20.8235,14.7059,16.7647,6.5294,17.5294,19.0588,12,14.4706,10.1176,10.2353,24.2941,10.9412,8.5294,11.8824,14.7647,14,7.5882,9.8824,10.2353,0.8824,0.5882,0.6471,0.6471,0.5882,0.8235,0.9412,0.6471,0.5294,0.9412,1.4118,0.7647,2.2941,1.1765,0.4118,0.8235,0.7647,0.5882,0.7059,0.9412,6.2353,5,4.4706,4.7059,4.5294,4.9412,5.1765,4.4706,6.7059,7.2941,8.2353,5.0588,8.1176,13.9412,4.2353,5.9412,5.5294,7.5882,10.2353,7.5294,3.4706,3,3.1176,3.0588,2.2353,3.4706,4.0588,2.9412,4.1765,2.4118,2.7647,3.2353,2.3529,1.7059,9.1176,3.4706,3.5882,1.2353,2.6471,2.6471,9.8235,6.9412,8.1765,7.5294,5.0588,7.0588,7.7647,7.7059,5.8824,5,4.8235,7.3529,5.3529,4.8235,6.8824,11.2353,8.5294,3.3529,6.1176,5.6471,6,5.1176,5.9412,4.3529,4.7647,4.2941,5,4.2941,3.5882,4.3529,4.7059,5.3529,5.2941,3.5294,5.4118,7.7059,9.4118,3.1176,4.4706,4.7647,1.1765,1.2353,0.7059,0.8824,0.7647,1.1176,1,0.8235,1.2353,1.6471,2.0588,1.1765,1.4706,1.7059,0.8235,1.1176,1.4118,4.2353,1.8824,1.5294,3.2353,3.4118,2.2941,2.6471,2.2941,3,3.3529,1.6471,3.8235,2.7647,3.0588,3.4706,2.6471,3.6471,2,2.5882,2.8235,2.1176,5.4118,2.7647,11.7647,7.3529,5.6471,5.3529,9.7059,7.1176,6.9412,4.8235,5.7059,17.7059,13.6471,7.2353,11.8235,10.8235,6,8.2353,9.9412,5.8824,9,19.4706
0-211.txt_9,3,1.1765,1.5294,0.7647,2.0588,1.3529,1,2,1.0588,1.6471,1.7647,1.4706,1.6471,1.4118,1.6471,2.2353,2.0588,0.7059,1.4118,1.6471,1.6471,4.1765,1.8824,1.4118,0.9412,2.8235,1.9412,1.5882,2.2353,1.1765,1.2353,3.4706,1.5882,0.7647,1.2353,2.0588,1.8235,1.2353,1.4706,1.1765,2.4118,2.5294,5.8235,4.5882,1.1176,3.4706,4.4706,3.6471,3.2941,1.4706,1.0588,4,1.6471,1.3529,2.8235,3.6471,3.6471,0.8235,1.8235,2.0588,2.1176,1.5294,2.6471,4.4118,1.1765,2.4118,3.5294,2.2941,1.5294,1.8235,1.5882,2,1.4706,1.3529,1.6471,2.4706,2.4706,0.7647,1.8824,2,0.6471,0.4118,0.7059,0.4118,0.4118,1.1765,0.7647,0.2353,0.6471,0.5882,0.8235,0.6471,0.8824,0.4706,0.2353,0.4706,0.5294,0.1765,0.2941,0.8824,3.2941,3.7059,4.2941,4.5882,1.2941,4.7647,6.7059,2.4706,3.8235,2.1765,1.7647,6.0588,2.7059,1.5882,2.5294,4.2941,5.0588,1.5882,2,2.7059,2.8824,1.8235,3.5294,4,1.8824,2.1765,2.7647,6.1765,2.1765,1.1176,0.8824,2.2353,1.2353,1.0588,1.5882,3.5294,2.4706,0.8235,1.0588,1.4118,1.4706,1.5294,1.5294,1.2941,1.6471,1.6471,1.7647,0.7647,1.3529,3.4706,2.3529,1.8235,2.4118,2.7647,0.8824,1.8235,2.5294,2,2.7647,3.4118,2.5294,2.0588,1.5882,1.1176,2.3529,2.2941,1.3529,1.4118,1.7647,3.9412,4.7059,2.9412,3.7647,3.5882,1.7647,2.5882,3.1176,2.0588,2.1176,4.1765,3.5882,5.5882,4.3529,3.8824,1.7647,5.4118,5.4118,2.1176,4.5882,3.4706,2.7059,7.9412,3.0588,1.4706,2.7647,4.0588,5.3529,1.0588,2.1765,3.9412,0.6471,0.6471,0.2353,0.1765,0.4706,0.8235,0.3529,0.2353,0.4118,1.1765,1.5882,0.6471,2.1765,0.9412,0.2353,0.4118,0.5882,0.7059,0.6471,1.1176,1.3529,1.0588,1,0.7647,1.9412,1.5294,1.0588,1,2.2353,2.3529,2.2353,1.2941,2.4118,5.7059,1.0588,1.9412,1.5882,2.8824,4.2353,2.2353,1.3529,1,1.7059,1.3529,0.8824,1.8235,1.4118,1.6471,1.2353,0.8824,0.7647,1.4118,0.8235,0.7647,0.8824,2.4118,2.2353,0.5294,1.1765,1.1765,2.4706,3.0588,2.5882,2.4706,1.4706,3.2941,4.2353,1.5294,2.5882,3.2941,2.2353,4,2.2941,1.6471,1.7059,3.0588,5,1.7647,2.3529,3.4706,0.3529,0.2353,0.1176,0.0588,0.5882,0.2353,0.1765,0.1176,0.3529,0.5882,0.4706,0.1765,0.4118,1,0.2353,0.2353,0.2941,1.6471,1.2353,0.7647,1.1176,0.7059,0.5882,0.7059,1.2941,0.7059,0.8824,0.5294,0.9412,1.5882,1.4118,0.6471,2.3529,1.7647,0.3529,1,0.6471,1.4118,2.0588,1.2941,2.8235,1.9412,2.2941,2.1765,1.7647,2.7647,3.0588,1.3529,2.0588,4.5882,3.2941,3,3.7059,3.1765,1.5294,2.9412,3.8824,2.1176,2.6471,5.4118,0,0,0,0,0,0,0,0,0,0,0,0,0,0,0,0,0,0,0,0,0,0,0,0,0,0,0,0,0,0,0,0,0,0,0,0,0,0,0,0,0,0,0,0,0,0,0,0,0,0,0,0,0,0,0,0,0,0,0,0
0-211.txt_11,5.4444,2.3333,2.6111,1.9444,3.0556,3.0556,2.7778,3.6111,2.1667,3.5,3.6667,2.6667,3.6667,2.8889,2.1111,4.0556,4.4444,2.2778,3.1111,3.5556,4.7778,10.6667,6.5556,5.0556,3.0556,7.4444,6,3.8333,5.4444,2.8889,3.1667,7.8333,3.8889,2.7778,3.6111,6.8889,6.1667,3.1111,3.9444,3.5,22.6111,26.1111,47.8333,32.5556,14.5,26.9444,26.5556,25.5,26.8889,14.8333,15.3889,27.2778,18,14.6667,18.8333,31.3889,27.8333,12.6667,19.7222,17.8889,8.7222,8.1667,14.6667,20.9444,5,10.3333,12.8889,9.5,8.8333,5.5,5.5,9.9444,6.2222,5.5,7.7222,11,10.3889,5.5556,7,6.3889,0.8333,0.7778,0.9444,0.9444,1.8889,0.8889,1.0556,0.8333,0.8333,0.8333,0.7222,0.8333,0.7222,0.8333,1.0556,1,0.8889,1,1.0556,0.8333,7.8333,9.5556,6.8889,6.3889,4.7778,12.8333,8.3889,6.7778,7.3889,4.6111,5.5556,10.5,6.2222,4,5.7778,7.6111,6.4444,4.5,5.5,5.1111,12.8333,12.7778,15.1667,18.2222,6.7778,16.2222,21.8333,10.6111,12.1667,7.8333,8.7222,15.1111,9.8889,6.6111,11.3889,14.6111,12.8889,6.6667,8.8333,9.3333,14,8.3333,12.4444,10.4444,6.6111,9.3333,8.9444,28.3889,8.7222,4.7778,6.2778,9.6667,8,6.6111,7.5556,12.3889,9.6667,6.3889,6.3333,6.1111,3.1667,4.6111,4.5556,3.7778,2.2778,4.6667,4,2.4444,7.4444,2.3333,2.6667,4.0556,3.5556,3.5556,2.2778,4.1111,4.0556,2.9444,5.2778,2.5,29.8333,18.6667,16.6111,15.6667,22.7778,19.6667,16.6111,15.6667,16.1667,50.4444,36.6667,21.1111,34.8889,31.2222,17.5,22.7222,29.5,22.5,27.6111,44,17.7778,14.5,12.6667,11.1667,14,14.4444,12.6111,10.6667,12.1667,25.5,33.6111,14.1111,24.4444,22.1667,11.9444,15.6111,18.2222,16.0556,17.2222,24.3889,24.1667,34,28.7778,28.5556,12.4444,32.4444,31.9444,20.6667,24.7222,15.2778,16.1667,44.1667,19,13.0556,21.0556,27.9444,25.6111,11.6667,18.5,17.9444,1.1667,1.1111,1,0.5556,1,1.0556,0.8333,0.6667,0.9444,2.0556,2.1111,1.1111,3.2222,2,0.7222,1.2222,1.4444,1.0556,1.5556,1.6667,18.4444,14.3333,14.3333,12.0556,14.3333,14.0556,13.1111,12.5556,16.6667,24.2222,26.8333,14.7222,23.1667,44.5556,13.8889,17.2222,18.7778,21.1667,29.4444,24.5,5.0556,4.7222,4.7778,3.8333,2.6111,4.5556,4.5,3.6667,3.7778,2.6667,2.6667,4.8333,3.2222,2.1111,12.4444,5.6111,5.3889,2.3333,2.8333,3.3889,21.0556,16.9444,20.0556,18.1667,12.0556,18.5556,18.3889,20.2222,15.3889,12,13.2222,18.3889,14.2222,11.5,16.5,29.9444,21.2778,10.3889,13.8889,13.6111,9.9444,8.8333,10.5,9.2778,6.5556,9.2778,9.3333,8.8333,7.0556,7.7222,7.2222,10.0556,7.8889,6.5,6.5556,12.2222,16.1667,4.6667,7.2778,9.7778,1.6667,1.4444,1.0556,0.9444,1.6111,1.5,1.6111,1.2778,1.8889,1.6111,1.9444,1.4444,1.8333,3.4444,1.0556,1.8889,1.6667,7.0556,3.6667,1.5,10.1667,11.1111,10.1667,7.3889,7.5556,10.8889,9.1111,7.3333,13.8333,10.2778,10.1667,10.8889,10.3333,15.5556,6.4444,11.2222,10.9444,12.6667,24.6667,10.5,7.0556,5.3333,4.6111,4.5,4.7222,4.9444,5.4444,4.1667,4.2778,8.5556,6.5556,5.5556,6.2222,5.1111,4.2222,6.0556,7.3333,3.3889,5.8889,10.7222
0-211.txt_13,12.3125,8,7.3125,6.875,7.625,7.625,7.875,6,6.8125,9.0625,8.3125,8.1875,8.125,7,6.8125,9.4375,8.625,4.625,6.8125,9.6875,6.25,10.25,7.1875,6.5,5.25,7.25,7.6875,5.6875,7.8125,6,5.375,8.75,5.8125,5.1875,4.4375,6.5625,6.25,3.875,5.3125,4.9375,1.1875,1.4375,3,2.5,0.5625,1.3125,1.75,1.1875,1.9375,0.5,0.5625,2,0.625,0.4375,0.875,1.625,1.3125,0.4375,0.8125,0.5,4.5625,4.0625,5.6875,8.625,1.75,4.6875,6.3125,3.6875,4.0625,2.6875,2.3125,5.1875,3.125,2.75,5.125,4.5,4.375,1.75,3.1875,2.5625,6.0625,8.25,7.25,8.125,3.5,9.6875,9.3125,4.75,7.8125,6.125,5.9375,8.5625,6.25,4.5625,4.3125,6.5,7,3.875,5.25,5.875,3.875,4.5625,4.1875,4.625,1.4375,5.125,6.4375,2.8125,4.375,2.5,2.875,5.4375,2.5,2.1875,3.1875,3.75,3.5625,1.4375,2.5,3.3125,7.8125,5.5625,7.5625,6.875,4.625,6.0625,6.375,11,5.375,4.5625,4.6875,6.625,4.0625,4.625,5.875,6.75,6,3.5,4.1875,5.4375,1.75,1.625,1.6875,1.9375,1.125,2.1875,2,1,2.75,2.5,2.0625,1.6875,1.9375,1.75,1.3125,1.625,2,1.4375,1.75,2.4375,2.3125,1.5,1.25,1.125,1.5625,1.5625,1.25,1.375,1.375,3,2.4375,1.625,2.5625,1.9375,1.3125,1.6875,1.875,1.75,2.0625,2.875,9,6.5,5,4.4375,8.1875,6.25,5.9375,4.5,5.6875,14.6875,14.75,7.1875,11.75,10.6875,6.5625,6.75,8.625,6.375,7.75,12.375,3.3125,4.375,3.5625,3.25,2.25,4.375,4.1875,2.5625,3.1875,2.375,2.75,6.3125,3.125,1.5625,2.6875,3.3125,3.375,1.4375,2.125,2.1875,1.5625,0.9375,1.1875,0.75,1.375,1.1875,1.0625,0.625,1.125,2.3125,2.0625,1.0625,2.9375,1.5625,0.8125,1.1875,1.3125,0.875,1.1875,2.0625,2.0625,1.5625,1.3125,1.4375,1.8125,1.75,2.125,1.6875,2.1875,2.9375,3.0625,1.75,2.875,3.8125,1.3125,2,2.125,2.75,3.0625,2.625,2.875,2.6875,2.25,2.8125,1.5,2.3125,2.5625,2.9375,2.1875,2.1875,2.25,3.0625,1.9375,1.875,5.125,2.8125,2.375,1.8125,2.125,2.125,3.625,2.875,3.875,3.625,2.5625,3.5,3.75,3.3125,3.125,2.1875,1.9375,4,2.25,2.1875,3.4375,6.5625,5.25,1.8125,2.6875,3,4.4375,4,4.875,4,2.5625,4.4375,4.5,3.0625,3.75,3.9375,3.875,4.5625,4,3.5,4.1875,4.6875,6.4375,2.125,3,3.75,0.6875,0.625,0.5625,0.3125,0.8125,0.6875,0.6875,0.5,0.75,1,1,0.5,0.8125,1.1875,0.3125,0.6875,0.8125,1.8125,1.25,0.6875,3.125,3.5625,2.3125,2.0625,2.1875,3.125,2.6875,2.375,3.625,4.75,3.875,2.6875,3.6875,5.5,2.4375,2.75,3.6875,3.125,4.9375,3.8125,4.9375,3.625,3.5,3.0625,4.375,3.625,3.6875,2.5625,3.6875,9.5,7.625,4.25,6.8125,6.375,3.125,3.875,5.4375,3.3125,4.9375,9.625,0,0,0,0,0,0,0,0,0,0,0,0,0,0,0,0,0,0,0,0
0-211.txt_15,17.7059,8.8824,9.4706,7.2353,8.9412,10.4118,9.2353,8.8235,7.3529,9.6471,10.5294,11,9.9412,9,7.8235,12.8824,12.1765,4.7647,7.5882,10.4706,6.0588,14.0588,8.8235,7.4706,3.1765,9.9412,8.4706,4.2353,8.1765,3.2353,3.6471,11.4706,4.8235,2.9412,4.6471,7.6471,6.8824,2.4706,5.2941,4.7059,1.7059,2.2353,5.5294,3.3529,0.8824,2.4118,2.2353,2.3529,2.5882,1.0588,0.7647,2.3529,1.2353,0.7647,1.2941,2.8824,2.5294,0.3529,1.2353,0.8824,2.8824,2.9412,6.2353,8.5882,1.1765,4.2353,5.7059,2.9412,3.4706,1.2941,1.1765,4.1765,1.6471,1.2941,2.6471,4.3529,3.7647,0.6471,1.7059,1.6471,5.1765,8.5882,6.8235,6,2.4118,14.6471,9.2941,4.0588,7,3.1765,4.6471,9.2941,5.8824,3.2941,4.5882,7.2941,6.7647,3.8824,4.9412,3.8235,3.5294,3.8235,4.7059,4.5882,1.5882,5.1176,7.4706,2.5882,3.2941,2.5294,2.4118,4.7647,2.6471,1.7647,3.1765,4.4118,3.8235,1.2353,2.1765,2.9412,11.2941,7.1765,14.4118,10.2353,4.7059,9.1765,7.9412,21.9412,8,4.2353,4.1765,10.1176,5.7059,4.4118,6.5294,13.1176,8.9412,3.4118,5.5294,4.7059,1.1765,2.1765,2.1765,1.4118,1.1176,2.1176,1.6471,1.2941,4.7647,0.6471,0.8235,1.9412,1.2353,1.5882,1.2353,1.6471,1.2353,1.1176,2.6471,0.7059,4.5882,1.9412,2.2941,1.6471,4.1176,2.2353,1.7059,0.7647,1.8235,13.4706,8.7647,2.1765,7.8824,6.1176,1.8235,3.7059,5.3529,3.1176,4.7059,9.8824,12.8824,9.0588,7,4.8235,12.5882,9.6471,7.2941,4.1765,8.2353,29.4706,34,9.2353,23.3529,23.8824,7,10.7059,15.5882,12.7059,17.5294,24.2941,1.8235,3.1176,2.8235,2.0588,0.8235,3.2353,3,1.4706,2,1,1.2941,4.9412,1.5882,1.2353,1.8824,2.2353,2,0.8824,1.7647,1.4118,1.8824,1.2941,1.0588,1.2941,1.3529,2,1.6471,0.7647,1.1765,3,2.8824,1.5882,4.2941,1.7647,1,1.7059,2.2353,1.0588,1.7647,2.7647,2.0588,1.7059,1.4118,0.7647,1.7647,1.8824,1.2353,1.2353,2.2941,4.3529,4.5882,1.7059,4.2353,9.2941,0.7647,1.7647,2.3529,3.5882,5.4706,3.7059,4.5294,4.1176,6.3529,4.7647,2.4118,5.4118,5,3.7059,3.7647,2.9412,3.2941,5.9412,3.3529,3,13.7647,5.7059,5.1176,3.1765,3.0588,3.5882,6.7059,4.9412,7.2353,5.6471,3.8235,5.9412,5.5294,6.1176,4.4118,4.4118,3.3529,5.8824,4.1765,3.5294,4.9412,11.7059,7.9412,2.1765,4.4706,4.0588,8.2941,7.1176,9.0588,6.8235,5.7059,8.4706,8.0588,5.8235,6.4118,7.1176,6.7647,8.8235,6.7647,6.3529,5.6471,10.4706,15.0588,3.5882,6.7647,7.6471,1.4706,1.6471,1.1765,0.7647,1.5882,1.9412,1.5294,1,1.7059,2,1.8824,1.6471,1.9412,3.5294,0.5882,1.7647,1.9412,8.4706,4.3529,1.6471,2.3529,2.4706,2.2941,1.5882,1.8235,2.7647,2.1176,1.1176,5.6471,3.1765,3.5294,2.2941,3.5294,7.6471,1.1176,2.3529,2.6471,5.5882,11.4706,3.1765,7.4118,3.2941,4.7059,2.7647,6.2941,3.8824,3.1176,2.4118,3.4706,14.6471,11.4118,4.2353,9.3529,9.4118,3.1765,5.1765,7.5294,4.5294,7.2353,14.9412,0,0,0,0,0,0,0,0,0,0,0,0,0,0,0,0,0,0,0,0
0-211.txt_17,90.4444,48.9444,48.6111,42.6111,48.2778,53.0556,51.6111,54.8889,45.1667,45.6111,45.6111,53.1111,50.8889,37.6667,54.2222,69.2778,62.7778,33.6111,40.8889,54.6667,15.0556,31.8333,16.5556,12.7222,8.4444,19.6111,18.2222,11.9444,16.3889,9.7222,11.3333,22.8889,13.3889,9.8333,12.6667,17.4444,15.8333,9.5556,12.2222,11.3333,29.4444,32.1667,61.0556,38.7778,22.1111,34.8333,34.1667,32.0556,36.9444,19.0556,18.7778,33.8889,23.5,20,26.5556,39.6667,36.3889,16.7778,23.6667,21.0556,19.9444,19.5556,28.2778,43.8889,13,24.9444,29.2778,21.0556,22.2778,14.5556,14.5,22.7778,15.2778,13,21.5556,26.2222,21.7222,10.7222,14.7778,14.4444,5.0556,4.0556,3.9444,2.7222,11,4.2778,3.3889,3.7222,4.0556,4.2778,4.3889,3.6667,4.0556,3.2222,3.3333,5.2222,5.0556,2.6667,3.6111,4.8889,44.3333,52.9444,47.1667,45.8889,27.8889,84.3333,59.6667,35.0556,47,29.8889,32.7222,55.5556,43.2778,25.5,45.0556,52.0556,46.7778,28.6111,37.1667,35.3333,22.5556,25.7778,25.2778,31.3889,12.4444,33.6111,46.0556,19,25,13.3889,13.9444,29.0556,17.3333,12.4444,21.3333,26.5,22.3889,12.5,17.3333,16.3889,34,24.5,31.6667,26.5556,22.1667,27.0556,24.3889,57.5556,24.3889,20.2778,20.6667,27.7778,23.5,19.7222,24.5,35.2778,30.0556,20.5556,21.2222,22.1111,16.8333,20.6111,22.4444,17.2778,12.2778,22.7222,20.8889,14.1111,45.1111,13.3889,13.8889,19.1111,17.5,17.2778,15.1111,19.6667,16.8889,13.5556,25.3889,13.1667,16.5556,12.5556,11.5556,11.5556,14.8333,13.2222,12.1111,10.1111,11.9444,30.5556,22.1111,13.7778,21.7778,17.8333,12.2222,14.8333,17.7222,11.5,15.0556,25.0556,30.3889,25.5556,19.8889,19.5556,28.0556,27,22.4444,19.0556,21.3333,42.6667,58.6667,25.5,49.2778,34.8333,21.5556,27.2222,33.6111,24.5556,29.2222,41.8333,26.6111,37.8333,28.2222,26.6111,14.5,34.3889,34.0556,23.8889,24.1111,16.8333,18.3333,48.3889,22.5556,14.8889,26,30.7778,26.0556,14.5,19.2222,18.3333,13.1111,11.5,10.3333,8.5556,10.2222,13.1111,10.7778,8.6667,10.6667,15,17,12.2778,26.6111,12.5556,11.6111,12.7222,14.1111,9.4444,11,14.7222,9.6111,7.5,7.8889,6.8889,8.5556,7.6111,7.7778,7.2222,11.1667,12.7222,13.2222,7.5556,13.1667,26.4444,6.3889,9.0556,10,15.2778,19.1667,11.2778,51.5,39.7222,40.3889,44.4444,31.0556,47.7222,48.7222,39.0556,39.1667,33.1667,33.0556,48,36.9444,26.5,125,51.6111,51.6111,25.1111,31,37.7222,78,61.9444,71.2222,64.0556,55.1667,67.9444,65.8889,61.8889,58.7222,44.1667,45.3333,66.5556,55.5,42.4444,64.4444,111.4444,83.3889,36.9444,48.5556,50.2778,48.6667,40.9444,47.6667,40,39.1667,44.0556,41.6111,39.3889,35.2222,39.3889,39.7222,42.7222,42.2222,31.3889,42.6111,59.7778,80.5,29.1667,34,46.6667,1.8333,1.7222,1.2222,1.0556,1.0556,2,1.5556,1.2222,1.6111,1.5,1.8889,1.7222,2.2222,2.1111,1,1.7778,1.3333,4.9444,3.2222,1.3889,6.3333,6.3889,6.4444,5.3333,5.4444,7.2222,6.3889,4.7222,11.6667,7.1111,7.3889,6.7222,7.1667,11.7778,5,7.2222,7.2222,10.1667,17.0556,6.8889,26.3333,18.1111,16.5,16.3889,21.6111,19.6667,18.5,14.8889,15.5,34.1111,29.2222,18.7222,29,21.8333,19.5556,21.7778,27.1667,14.3333,21.8333,41.9444
0-211.txt_19,5.2667,2,1.4,1.3333,2.6,2,2,2.6667,1.3333,2,1.4,2,2,1.3333,2,3.3333,2.8667,0.6667,1.3333,2.6667,1.8,5.9333,2.4,1.2667,0.6,3.1333,2.4667,1.2,2.4,0.6,1.2,3.6,1.8,0.6,1.2,1.8,1.8,0.6667,1.2,0.6667,0.8,1.6,4,2,0.4,1.6,1.6,1.6,2,0.4,0.4,1.6,0.8,0.4,0.8,2,1.6,0,0.8,0.4,2.2,2.2,5.2,9.7333,0.1333,4.0667,6,3.1333,3.0667,1,0.1333,3.1333,1,0.2667,2.1333,4,3,0,1,1,2.8,4.6,3.6667,3.6667,0.9333,8.3333,5.5333,1.8667,3.7333,0.9333,1.8667,4.6667,3.6667,0.9333,3.2,3.7333,2.8,1.8,2.7333,1.8667,2.2,2.9333,2.9333,4.4,0,4.4,6.6,1.4667,2.9333,0.7333,0.7333,3.6667,1.4667,0.7333,2.2,2.9333,2.2,0.7333,1.4667,0.7333,2.1333,1.4,2.1333,1.6,0.5333,1.1333,1.1333,5.2667,1.1333,0,0.0667,1.2,0.6,0.5333,1.0667,2.1333,1.1333,0.5333,0.5333,0.5333,1,0.4,0.4,0.4,1,0.4,0.4,0.0667,0.3333,2.6,1.8667,0.4,1.6667,1.2667,0.4,0.7333,1.2,0.3333,1,2.2667,2.8667,2.8,1.4,0,4.2,2.8,1.4,0,1.4,8.4667,11.1333,1.4,8.4,5.6,1.4,1.4667,4.2,2.8,4.2,7,2.6,5.6,3.4667,2.6,0.8667,4.6,4.2,1.7333,2.7333,0.8667,1.1333,7.4667,2.6,0.8667,2.5333,3.4667,2.6,0.8667,1.7333,1.7333,1.2,1.1333,0.7333,0.4,1.2,1.5333,0.8,0.4,0.8,2.1333,2.4,1.1333,3.9333,1.6,0.4,0.8,1.2,1.1333,1.2,2,0.9333,0.4667,0.4667,0,0.9333,0.4667,0.4667,0.4667,1.4,1.8667,1.8667,0.4667,1.8667,4.6667,0,0.9333,0.9333,2.3333,3.2667,1.4,1.4,0.9333,0.9333,0.9333,0.4667,1.4,1.4,0.9333,0.9333,0.4667,0.4667,1.4,0.4667,0,5.6,1.4,1.4,0,0.4667,0.9333,2,1.2,2,1.6,1.2,1.6,1.6,1.6,1.2,0.8,0.4,1.6,0.8,0.8,1.2,3.2,2,0.4,0.8,0.8,2.1333,1.6,2.1333,1.6,1.6,1.6,1.6,1.0667,1.0667,1.6,1.6,1.6,1.6,1.0667,1.6,2.6667,4.8,0.5333,1.0667,2.1333,0.2667,0.2667,0,0,0.5333,0.5333,0.2667,0.2667,0.5333,0.2667,0.5333,0.2667,0.8,1.3333,0,0.2667,0.2667,4,1.6,0.2667,0.2667,0.2667,0.2667,0.1333,0.2667,0.4,0.2667,0.1333,0.8,0.4,0.4,0.2667,0.4,0.9333,0.1333,0.2667,0.2667,0.8,1.4667,0.4,2.6667,0.6667,0.6667,0.6667,2,1.3333,0.6667,0.6667,0.6667,4.6667,3.3333,1.3333,3.3333,2,1.3333,1.3333,2.6667,0.6667,2,5.3333,0,0,0,0,0,0,0,0,0,0,0,0,0,0,0,0,0,0,0,0,0,0,0,0,0,0,0,0,0,0,0,0,0,0,0,0,0,0,0,0
0-211.txt_21,24.4211,14,14.5263,15.0526,17,15.6842,15,22.3684,13.5263,13.9474,14.5789,15.8947,15.1053,11.8947,16,19.8947,17.3158,11.4211,12.4737,16.5263,34.3684,55.1053,34,33.3158,20.8421,39.9474,36.2105,37.5789,31.1053,23.8421,25.8421,43.9474,27.7368,22.1579,40.3684,34.7895,32.1053,21.7895,24.7895,26.2105,14.2105,14.4737,21.8947,18.5789,10.0526,15.2632,15.2632,15.5789,15.8421,8.7895,9.1579,15.6842,10.9474,9.6842,13.6316,17.0526,14.8421,8.0526,10.6842,10.3684,20.3158,19.4211,23.3684,35.3684,14.4211,20.2632,23.2632,25.8421,18.3684,13.1579,13.3684,19.8947,12.9474,11.9474,20.5789,22.5789,18.5789,10.1579,12.7368,15.4211,2.8947,1.4737,1.7368,1.8421,4,1.6842,1.5263,2.5789,1.6842,2.1579,2.0526,1.4737,2.1053,1.6842,1.5789,2.4737,2.0526,1.4737,1.6316,2.6316,35.8421,42.8421,35.1053,38.6842,19.2105,52.1053,40,31.9474,33,25.8421,25.9474,46.4211,31.1579,19.1579,46.8947,36.2632,33.9474,15.8421,21.2632,28.6842,25.1579,25.5263,25.5263,27.7895,18.8421,28.7368,34.9474,31.4211,22.4211,17.5263,18.3684,27.2105,19.2105,16.8947,27.2632,27.3684,23.5263,16,18.5789,19.8421,67,48.1579,58.1053,57.4211,42.6842,53.3158,50.7895,129.3158,44.0526,29.7895,33.1053,53.5263,38.3158,32.7368,63.4737,65.2632,49.8421,32.6316,32.5789,37.2105,17.1053,17.9474,19.2105,18.2105,11.4211,19.5789,18.8947,19.2105,29.2632,10.8947,12.8421,18.3684,14.4211,13,20.4211,18.7368,15.6842,9.3684,14.5263,12.1053,10,8.7895,8.4737,8.8947,8.9474,9.3158,9.0526,8.6316,8.4211,16.0526,13.1579,9.5263,12,9.8421,10.3158,9.6842,11.4737,6.6842,8.1053,15.1053,21.8421,20.4737,16.7895,16.1053,18.4211,19.7368,17.7368,18.8421,17.2105,27.5789,31,20.5263,26,23.7895,22,20.2105,21.4737,16.4737,19.8421,25.6316,15.6842,23.1053,18.0526,16.8421,11.5263,19.5789,19.1579,16.1053,17.4211,11.8947,12.7895,26.1053,14,10.7368,14.5263,18.3684,17.7895,10.2105,13.7368,13.3684,17.3158,16,15.2632,15.6842,14.3158,18.1579,17.3158,16.7895,13.2105,18,19.2632,17.0526,23.5263,17,19.3158,17,16.8421,11.6316,14,18.2632,13.8421,12.4211,11.7368,11.0526,11.7895,12.3684,12.4737,13.4211,13.1579,16.8947,17.6842,12.6316,14.8947,23.6316,14.4211,12.4737,13.4211,13.8947,15.7895,15.9474,65.5263,55.1053,51.5263,62.7368,35.4737,60.4211,64.2105,66.8421,49.6842,46.0526,48,62.4737,47.9474,39.5789,126.4737,62.3158,57.2105,30.4737,36.8947,49.0526,25.3158,19.6316,21.7895,22.9474,19.1053,21.4211,21.0526,25.3158,19.3158,15.8421,16.5263,20.3684,16.8421,14.5263,25.3158,31.5263,23.1579,10.6316,15.0526,18.2632,13.0526,12.3684,12.5263,12.3684,11.5789,12.5789,12.2105,11.5789,11.2632,9.9474,10.2105,12.5789,10.1579,8.7895,9.3158,16.6316,18.8421,5.5789,9.4737,10.5789,4.7368,4.8421,3.6316,2.8421,5.3158,4.8421,3.7895,5.2105,6.1579,6,6.8421,4.3158,6,10.0526,3.5263,4.7895,5.3158,17.4211,10.0526,5.7368,3.4211,3.8421,3.3684,3.4737,3.7368,3.9474,3.4211,2.8421,4.7895,4.4211,4.2105,3.8421,3.8947,4.5789,3.3158,4.2632,4.1053,4.8421,6.1579,4.0526,11.8421,7.7895,7.3158,7,13.5789,8.4211,7.3158,6.8947,7.7368,16.8947,14.4211,8.6842,13.3158,11.1579,7.6842,10.4737,12.1053,7.2105,9.0526,18
0-211.txt_23,5.9412,2.6471,3.1176,3,3.3529,3.4706,3.5294,3.4118,2.5882,2.7059,2.4118,3.3529,2.9412,1.8824,3.2353,4.1176,4,1.7647,2.3529,3.2353,1.0588,2.7647,1.1176,0.9412,0.5294,1.5294,1.4118,0.6471,1.0588,0.6471,0.9412,1.8824,1.0588,0.5882,1.1765,1.2353,1.6471,0.5294,0.8235,0.8824,1.3529,2,4.0588,3.0588,0.5294,1.9412,2.4118,1.5294,2.2941,0.4706,0.5882,2.0588,1,0.5882,1.2353,2.1176,1.7059,0.2941,1.1176,0.6471,2,1.7647,3.2353,5.2941,0.9412,2.3529,3.1765,2.3529,1.8824,1.1765,0.9412,2.1176,1.2353,0.8824,1.6471,3,2.4118,0.7059,1.1176,1.2353,1.5294,0.5882,0.8235,0.5882,5,0.6471,0.5294,0.8824,0.6471,1.2353,1.2353,0.6471,1.2353,1.2353,0.7059,1.5294,1.4118,0.9412,1,1.3529,1.4706,2,2.2353,2.4706,0.6471,4.0588,2.8235,1.2353,1.8824,0.7647,0.9412,2.3529,1.5294,0.5294,1.2353,1.9412,2.2353,0.7647,1.1176,1,1.1176,1.4118,1.6471,1.8235,0.5882,1.7647,2.6471,0.9412,1.2941,0.5294,0.5882,1.8235,0.8235,0.5294,1,1.5882,1.2353,0.5882,0.7647,0.7059,5.2353,3.0588,5.4706,5.2353,3.3529,4.0588,4.4706,10.5294,3.2353,2.3529,2.1176,4,2.8824,2.1176,3.7647,5.3529,5.1765,2.2941,2.2353,2.5882,0.6471,0.6471,0.7647,0.5294,0.9412,0.7647,0.6471,0.4118,2.1176,0.4118,0.4118,0.6471,0.5294,0.6471,0.4118,0.8824,0.8235,0.5294,1.1765,0.4118,1.1176,0.5882,0.7059,1.2941,0.8235,0.7059,0.7059,0.4706,0.5294,2.6471,1.5294,0.7059,1.4706,1.4706,1.1176,0.8235,1.1176,0.5294,0.9412,1.8235,3.5294,2.4706,1.7647,1.7059,3.2353,2.6471,2.7059,1.3529,2.7059,6.6471,8.4118,2.5882,6.0588,5.1765,2.0588,2.7647,3.7647,3.0588,4.2353,6.0588,2.9412,3.7647,3.3529,2.8235,1.4118,3.6471,3.2353,2.3529,2.3529,1.9412,1.8235,5.8235,2.8824,1.4118,2.2353,3.1765,2.8824,1.3529,1.8824,2,0.9412,1.2941,0.7647,0.5882,0.8235,1.1176,0.8235,0.5882,0.8235,1.2353,1.4706,1.0588,2.2941,1.4118,0.7647,0.9412,0.9412,0.9412,1.1176,1.2353,2.0588,1.6471,1.7059,1.6471,1.6471,1.9412,1.9412,1.1765,3.0588,3.1176,3.4118,1.6471,3.4118,7.2941,1.1176,2.1765,2.2941,3.8824,6.1176,2.8235,1.5882,1,0.9412,1.1176,0.8824,1.5882,1.3529,0.9412,1,1.1176,1.1765,1.3529,1.1765,0.7059,4.0588,1.4118,1.3529,0.5882,0.8235,1.2941,4.1765,3.2353,4.1176,3.4706,2.4118,4.2353,3.4706,3.2941,2.8824,1.9412,1.9412,3.8235,2.5294,2.0588,3.1176,6.2941,4.2941,1.6471,2.3529,2.4118,5.7647,4.7059,5.6471,4.5294,4.1176,5.2353,5.4118,3.6471,3.8824,4.7647,4,5.6471,4.6471,3.3529,4.2353,7,10.5294,2.8824,3.8235,5.3529,0.2941,0.2353,0.1176,0.0588,0.2941,0.2353,0.2353,0.1765,0.2353,0.4706,0.5882,0.1765,0.4706,0.6471,0.1176,0.2353,0.2941,1.7647,0.7059,0.5882,1.2353,0.9412,0.8235,0.4118,1.4118,1.1765,0.8235,0.4706,2.2941,1.5294,1.6471,0.9412,1.6471,3.7059,0.4118,1.1765,1.2353,2.7059,4.9412,1.2941,2.2941,1.3529,1.4118,1.0588,1.5294,1.5882,1.4706,1,1.0588,2.9412,2.5882,1.7059,2.6471,1.8235,1.1765,1.8824,2,0.9412,1.5294,3.8235
0-211.txt_25,53.25,21.8125,23.625,21.25,20.875,29.4375,29.5625,27,19.6875,23.5,22.9375,28.9375,23.875,15.3125,26.25,38.3125,34.0625,11.6875,18.4375,29.8125,6.3125,13,7.125,5.5625,2.875,8.25,7.3125,4.9375,6.125,4,4.4375,10,5,3.9375,4.625,6.5,6.25,3.1875,4.5,4.8125,20.625,21.5625,52.3125,30.3125,11.3125,25,24.9375,22.1875,24.0625,10.875,11,24.6875,14.75,11.875,17.5625,28.375,27.375,9.1875,17,13.9375,22.375,19.9375,32.125,54.5,9.75,25.75,34.375,21.5,19.5,11.4375,10.375,27.5625,13.0625,9.3125,19.4375,27,25.375,6.125,12.6875,12.25,12.625,15,15.125,14,5.625,27.5625,19.125,8.75,12.3125,7.1875,7.875,18.1875,10.375,5.1875,10.5,14.9375,13.9375,6.0625,9.4375,9.0625,25.6875,25.25,27.9375,32.125,10.8125,33.125,49.1875,17.8125,21.5625,14.3125,14.75,30.9375,17.5625,12.125,22.5,27.25,25.75,11.3125,15.875,17.8125,24.8125,14.5625,23.25,19.3125,10.875,19.8125,18.3125,45.875,15.5625,8.0625,8.5625,19.6875,12.1875,9.6875,13.5,24.4375,20.0625,11.25,11.1875,10.375,5.0625,5.5,6.625,5.0625,2.5625,6.1875,6.25,4.9375,13.4375,3.0625,3.3125,6.25,4.375,4.625,3.625,5.875,5.25,3,6.4375,3.5625,15.5625,10.1875,10.5,9.75,11.5,11.875,10.8125,8.625,9.4375,30.75,21.75,11.4375,19.4375,17.375,8.875,12.875,16.375,10.6875,15.8125,24.1875,17.8125,13.875,12.875,11.5625,13.75,15.25,14.3125,8.625,12.1875,26.5,36.75,15.1875,26.875,20.8125,12.375,16.5625,19.9375,13,19.3125,25.4375,40.375,49.8125,41.625,39.125,18.0625,50.125,49.4375,28.75,33.3125,24.5625,24.5625,77.375,30.5625,16.75,37,43.3125,43.75,16.625,27,28.5625,3.6875,2.625,2.8125,1.9375,2.75,3.375,2.3125,1.9375,2.5,5.0625,5.3125,3.125,8.3125,4.0625,2,3.25,3.8125,2.4375,3.1875,4.75,8.5,7.5,7,5.4375,6.25,7.6875,6.6875,5.5,9,11.375,12.875,7.125,12.1875,24.5,5.4375,9.375,9.0625,11.9375,18.25,11.9375,16.4375,10.3125,12.3125,13.1875,7.3125,15.625,15.625,10.3125,10.1875,8.6875,8.625,16.125,9.3125,5.625,41.4375,16.25,17,4.875,8.3125,10.6875,21.9375,16.9375,20.875,17.625,11.9375,20.125,18.625,17.625,15.5625,13,12.75,20.1875,13.8125,10.6875,14.9375,31.875,22.9375,8.3125,13.6875,14.375,33.0625,26.875,32.6875,29.1875,22.0625,31.25,33.8125,23.375,21.4375,27.125,23.9375,33.9375,27.25,17.3125,26.5625,41.4375,63.5,13,20.9375,32.3125,2.5625,1.9375,1.25,0.875,1.625,2.0625,1.8125,1.6875,2.8125,1.8125,2.0625,1.75,2.125,4,1.0625,2.125,2.0625,9.5625,6.0625,1.875,7.8125,7.5625,7.4375,5.1875,4.8125,8.75,8.8125,4.8125,13,8.1875,8.5,8.4375,8.3125,14.625,5.4375,8.375,8.5625,11.625,23.875,8,36.3125,23.125,21.9375,20.625,25.0625,25.1875,24.25,17.375,18.3125,49.1875,40.625,25.5625,37.6875,30.9375,22.6875,29.75,38.1875,17.8125,27.75,60.8125,0,0,0,0,0,0,0,0,0,0,0,0,0,0,0,0,0,0,0,0
0-211.txt_27,17.8824,9.7059,10,10.1176,10,10.5882,10.5882,11.7059,10.3529,14.8235,13.1176,11.1765,14.2353,10.8824,10.1765,12.4706,12.2353,9.4118,10.8235,15.1765,6.0588,8.1176,6,6.7647,3.4118,6.2941,7.4118,4.7647,6.6471,4.4118,4.2353,8.1765,5.1176,4.2353,5.5882,6.7647,6.7647,3.8235,4.8235,6.2941,3.3529,3.3529,4.7059,3.5294,2.4706,3.3529,3.5882,3.2353,3.2941,1.5882,1.6471,3.7059,2.6471,1.6471,2.2353,4.0588,3.2941,1.4706,1.7647,1.7647,5.1176,5.1765,6.4118,8.7059,3.5882,5.9412,7.9412,5.1176,5.8824,3.7059,3.6471,6.5294,4.2941,4.0588,5,5.7059,5.1765,2.7059,3.7647,4.7059,1.1176,1,0.7059,0.5294,1.6471,0.7647,0.6471,0.9412,0.9412,1.1765,1.2353,1.0588,1.3529,0.9412,0.9412,0.8824,1.2941,0.4706,1,1.4118,5.7647,6.7647,5.7647,6.5882,3.4706,8.2941,7.4118,4.7059,7.2353,5,4.7059,8.5882,4.5882,4.4118,4.9412,6.3529,6.0588,3.9412,6.1176,5.2941,6.6471,7.2353,7.1765,8.9412,2.7059,8,10.1765,5.1176,7.3529,4.7647,5.1765,8.7059,5.2353,4.2353,6.7059,7.0588,7.0588,4.8824,6.1765,5.8235,12.7647,8.4706,11.5294,10.6471,7.9412,8.9412,8.8235,23.7059,10.0588,7.4118,7.4118,9.5294,8.0588,8.5294,10.0588,12.5882,10.0588,8.2941,8.2353,8.1176,1.8235,2.5882,1.5882,1.1765,1.0588,1.9412,1.8824,1.1176,2.6471,1.6471,1.9412,2.8824,1.5294,1.2941,1.2941,1.6471,1.7647,0.8824,1.4706,1.8235,4.8824,4.2353,3.2353,3,3.4118,3.7647,3.4118,3.1176,4.8235,7.1176,6.4706,3.8235,6.8824,5.5882,3.3529,4.2353,4.7059,3.8235,4.8235,6.7059,12.2941,6.8824,7.5882,5.7059,10.5294,7.2353,6.9412,8.1176,8.2941,15.1176,16.4706,8.1765,14.7059,14.0588,7.2941,9.1176,10.2941,9.7647,12,15.8235,5.4706,5.0588,5,5.3529,2.4118,5.2941,5.7059,3.8235,5.0588,3.3529,3.4118,6.8824,4.4706,2.4118,5.1765,5.2941,5.0588,2.5294,2.8235,3.7059,3.4118,2.5294,2.7059,1.6471,3,2.4118,1.9412,2.2941,2.6471,3.5294,3.9412,2.7059,5.1765,3.4706,1.9412,2.8824,2.8235,2.4706,3.6471,3.8235,3.7059,1.7647,2.1765,2.4118,3.1176,2.4706,2.2941,3.4706,3.0588,3.7647,3.9412,2.1176,3.4118,4.8824,2.5882,2.5882,3,2.6471,3.7647,3.9412,4.9412,4.4118,5.9412,5.6471,2.8235,5.6471,5.4706,4.4706,4.1176,4,3.8824,5.2353,3.8824,3.4706,8.5294,5.1176,5.0588,2.4706,3.3529,4.3529,6.3529,4.7059,4.9412,6.3529,4.4118,5.3529,6.3529,5.3529,5,4.7647,4.4118,5.9412,4.4118,3.5294,5.0588,7.4118,6.3529,3.2941,3.7059,5.5882,6.4118,6.5294,6.9412,6,6.7059,6.7059,6.8235,5.2353,6.1765,7,6.2353,6.8824,6.7647,5.7647,6.1176,7.2941,8.5294,3.1765,5.5294,7.5294,2.4706,1.7059,2.1176,2.4706,1.9412,2.1176,1.7059,1.8235,2.5882,1.8235,1.9412,1.7059,2.0588,3.2941,2,2.1765,2.2353,3.4706,3.2353,2,2.1176,1.7059,1.4706,1.5294,1.8824,1.6471,1.5882,1.2941,2.4118,1.9412,1.8824,2,1.9412,2,1.7059,1.4118,1.4118,1.1176,2.1176,1.7647,11.6471,5.5882,5.9412,4.9412,10.1176,6.0588,5.4118,7.2353,6.4118,17.4706,13.8824,6.5294,13.1176,10.9412,6.9412,9.1765,12.1176,7.7059,9.3529,19.2941
0-211.txt_29,21.0526,14.2632,14.5263,13.6842,14.0526,14.6316,13.5263,14.0526,12.8421,14.3158,14.5789,13.9474,13.3158,11.6316,13.1579,18.7895,15.5789,9.1053,11.0526,16.1579,11.2632,18.2105,13.2632,10.4211,7.7368,13.6842,13.2632,10.0526,12.2632,7.6842,9.1053,14.6316,9.4211,7.2632,11,13.4211,11.4737,7.4737,9.2632,8.9474,4.4737,5.9474,10,6.3158,5.0526,5.7895,5.6316,5.5789,7.1053,3.7368,3.5263,5.6316,4.4211,4.3684,4.6842,6.4737,5.6316,3.6316,4.5263,3.7895,9.4211,11.6842,16.0526,19.5263,6.4211,12.6842,14.8421,11.1053,11.5263,7,8,11.5789,7.8947,7.4737,10.7895,13.6842,11.3158,6.4737,8.3158,7.6842,3.9474,2.8421,3.2105,3.3684,10.7895,2.9474,3.3684,2.9474,2.8421,3.6316,4.1053,2.7368,3.3158,3.1053,3.0526,4.1053,3.4211,3.1053,3,3.7895,10.0526,13.2105,10.9474,10.1053,8.2105,17.6842,12.5263,8.6316,11.1053,7.2105,8.9474,12.9474,9.6316,7.3158,8.5263,11.8947,11.3158,7.2105,8.2632,8.3158,4.6316,5.2632,6.6842,6.6842,3.4211,6.3158,8,5.1579,5.5263,3.7895,4.5789,5.6842,4.2105,3.6842,4.5263,6.0526,5.1053,4.3158,4.3158,4.1579,10.7368,8.7895,11.1579,10.2105,8.1579,9.2632,9.3158,16.8947,8.8947,6.2632,7.2632,8.8947,7.6316,6.5789,8.6316,11.4737,9.3158,6.6842,7.0526,7.2632,3.7368,4.6316,5.2632,4.0526,3.5263,4.7368,4.4737,3.5789,8.1053,3,3.4211,4.9474,3.6316,4.2632,2.8421,4.9474,4,3.3158,5.3684,3.5789,5.7368,4.4211,5.1579,3.5263,5.3684,4.6842,4.1053,3.2105,3.8421,10.1053,9.2632,4.4737,6.5263,6.2632,3.5789,5.4211,5.9474,4.1579,4.3158,8.3684,18.8947,14.3684,13.1053,10.0526,18.8947,15.2632,13.4737,10.8421,13.4737,27.8947,37.5789,14.5263,27.7368,26.2105,12.9474,15.9474,18.2105,18.3684,18.4211,25.1579,6.2632,8.2105,6.7895,6.4211,4.5263,7.6842,7.4737,5.8947,6.1053,4.4737,5.2105,9.3158,5.3158,3.9474,7.3684,7.2105,6.0526,3.8947,4.9474,5,1.0526,0.9474,1,0.8421,0.8421,1.1053,0.7368,0.5789,0.8421,1.8421,2.0526,0.8421,2.3158,1.7895,0.6842,1.1579,1.2105,0.8947,1.3158,1.8421,8.2632,6.8421,7.6316,6.6842,7.7368,7.5263,7.4737,7.1579,8.8947,12.0526,13.5263,6.8947,11.2632,19.6842,5.7368,8.3684,8.4211,10.2632,13.0526,11.1053,11.6316,10.2632,10.4211,10.3684,8.0526,11.1579,11.4211,9.3684,9.7895,8.9474,10.2632,10.2105,8.6316,8.5263,21.5789,13.0526,11.3684,6.2105,8.2105,9.4211,14.9474,13.9474,16.3158,13.2105,12.0526,15.0526,14.1579,12.9474,13.2632,11.6316,12.3158,14.0526,11.7895,11.1053,14,22,17.9474,9.0526,11.2632,13.0526,9,8.6842,9,7.6842,6.6316,8.8947,8.3158,7.8421,8.5789,7.9474,8.6842,8.4211,7.7368,6.2105,7.6316,11.1053,12.1579,6.5263,6.5789,7.9474,2.6842,3.2105,2.4211,2.1579,2.6842,3.6316,3.1053,2.5789,3.3158,2.5789,3.3684,3.2105,3.2105,4.1579,2.6316,3.3158,3.3158,8.7368,4.2105,3.2105,5.2105,5.3158,5.2105,4.1053,5.4737,5.8947,5.1053,4.4211,8,5.8947,7,5.0526,6.4737,10.8421,4.1579,5.5263,5.5263,7.6842,12.5789,6.1579,11.1579,8.8421,9.5263,7.4737,10.4211,9.4211,10,7.7368,9.1053,17.1053,15.9474,9.0526,12.6316,11.6316,8.5263,11.6316,13.2632,7.7368,9.6842,17.1579
0-211.txt_31,36.375,22.0625,25.6875,22.875,16.4375,27.0625,23.6875,26.25,20.0625,24.5625,25.125,23.375,23.125,22.25,23.375,30.4375,29.25,19.1875,25.5,28.1875,11.75,22.5,14.375,12.6875,6.5,15.875,13.5,10.0625,12.25,8.625,9.125,17.75,9.8125,9.0625,9.4375,14.375,14.5,9.875,12.8125,9.75,14.4375,16.1875,25.5625,19.6875,7.6875,16.5625,15.625,16.125,14.875,11.3125,10.625,16.1875,11.625,12.0625,13.3125,18.25,17.75,8.6875,15.4375,12.25,18.6875,18.875,27.5,33.125,10.6875,22.4375,23.0625,20.1875,17.375,14,13.8125,20.75,14.125,12.8125,17.3125,22.5625,21.625,12.4375,15.6875,13.9375,1.5625,1.625,1.6875,1.3125,2.4375,1.5,1.1875,1.6875,1.375,1.6875,1.8125,1.375,1.375,1.25,1,1.9375,2.1875,1.25,1.8125,1.8125,12.8125,16.4375,17.3125,13.375,6.875,20.75,14.5625,12.9375,13.25,9.875,10.125,14.375,10.8125,11.3125,10.125,14.75,15.3125,8.625,12.875,11.1875,12.6875,14.375,16.0625,18.125,6.25,16.9375,20.9375,10.625,12.0625,8.375,8.9375,16.4375,8.8125,7.75,11.375,14.3125,14.9375,7.125,9.875,9.9375,27.5625,18.25,25.25,21.9375,13.125,20,18.625,41.0625,16.5625,16.125,15.9375,19.75,15.8125,16.75,18.3125,26.875,23,14.625,18.5625,17.3125,2.6875,3.75,3.8125,3.0625,1.625,4,3.0625,2.5625,5.8125,2.125,2.3125,3.125,2.375,2.625,2.6875,3.25,3.375,2.625,3.8125,1.75,7.875,6.1875,6.1875,6.1875,4.5625,6.625,6.25,5.4375,4.6875,11.25,8.75,6.1875,8.625,7.5,5.125,8,8,5.6875,7.5625,9.6875,20.25,14.6875,15.875,15.1875,11.3125,16.25,13.5,16.125,14.1875,24.875,27.25,14.625,21.5625,21.5,15.375,17.875,19.875,15.9375,20.0625,23.25,14,19.625,18.125,16.75,7.25,17.125,16.25,12.875,14,11.875,10.5625,22.5625,11.25,11.8125,12.75,16.5,16.5625,8.8125,14.8125,9.9375,5,4.4375,5.25,4.875,3,5.25,4.3125,3.8125,3.875,7.375,6.9375,4.5,9.0625,6.25,3.25,5.5,6.375,4.3125,5.4375,5.625,12.5,10.0625,10.0625,9.6875,8,11.875,9.875,11.3125,13.25,14.0625,16.8125,10.1875,13.4375,23.875,9.75,12.0625,13.3125,17.3125,20.625,14.5625,16.8125,12.625,15.5,14.625,9.3125,13.9375,12.9375,14.75,12.5,12.5625,13.625,13.8125,11.3125,11.6875,26.625,16.875,17.1875,9.125,13,13.5625,24.5,21.5625,27.8125,24.75,12.75,23.0625,20.9375,25.625,19.375,15.75,15.6875,23.375,17.5625,14.1875,18.0625,32,28.1875,14.4375,19.875,17.3125,22.9375,21.625,27,23.625,14.0625,24.6875,22,22.0625,18.1875,20.8125,20.0625,21.125,19.8125,16.3125,17.625,28.5625,34.5625,15.9375,20.3125,21.5,3.25,3.4375,3.625,2.875,2.125,3.875,3.5,3.75,3.5625,3.25,3.75,3.6875,3.1875,4.75,3.3125,3.375,3.5,8.25,6.125,3.1875,14.5,13.625,14.9375,11.5,8.625,15.6875,12.625,13.3125,18,14.5625,15.5,13.1875,15.1875,22.6875,10.625,16.25,15.75,22.875,33.5,15.125,20.875,16,14.25,12.75,13.5625,17.3125,14.125,15.625,15,27.5625,26.125,15.1875,20.6875,22.0625,13.25,18.75,22.125,18.8125,20.8125,29.75
0-211.txt_33,53.5,28,30.6111,30.3333,29.8333,32.0556,33.5,31.9444,26.5556,32.7222,30.7222,31.9444,31.8333,28.0556,30.6667,42.5,37.5556,18.0556,27.8333,34.5556,23.5,52.1667,30.3333,24,13.3333,34.1667,30.0556,18.7778,29.7222,16.3889,18,38.6111,21.0556,16.2778,19.7222,27.0556,25.1111,14.2778,21.1667,18.5,12.4444,14.4444,27.5556,17.7222,8.1667,15.3889,15.7222,12.3333,16.2778,8.8889,8.7778,15.8333,11,9.6111,10.5556,17.1667,16.2222,8.3333,11.8889,9.8333,21.6111,21.7222,34.2778,48.8889,13.5556,26.7222,35.0556,20.0556,25,17.1667,14.4444,25.0556,17.8889,13.8333,19.8889,28.3333,24.1111,11.4444,17,16.2222,16.5,10.0556,12.3333,9.3889,47,11.7222,9.8333,10.4444,11.3889,15.3333,15.1111,10.3889,14.3889,12,10.9444,17.4444,17,10.1111,12.6667,16,25.2778,34.0556,31.2222,27.3889,15.5,51.6667,35.8333,19.5,30.2778,18.5556,21,35.6667,24.5556,17.6667,23.2222,29,26.2778,14.8889,23.3889,20.1667,36.7778,39.7222,43.5,52.2778,19.0556,52,74.3889,29.8889,38.9444,23.5556,24.2778,47.2778,28.3333,22.2222,31.3889,43.7222,36.3333,18.5,28.2778,27.0556,28.3333,21.4444,28.2222,25.6667,19.0556,23.6667,23.5,48.7778,20.4444,15.4444,15.8333,23,17.1111,15.8333,21.1667,32.1667,24.9444,14.2778,17.2222,18,15,20.6111,21.0556,17.5556,11.3889,22.3889,20.0556,13.3889,43.7778,11.8333,12.9444,19.5,15.8889,17.0556,14.2778,18.3333,16.3333,11.3333,23.8333,12.7778,22.8889,14.8889,14.8889,13.7778,20.2778,16.7778,15.3889,10.7778,14.9444,45.9444,34.0556,15.9444,31.6111,26.7778,14.6667,19.1111,22.7222,15.5,22.7778,34.1667,46.2778,37.9444,30.7222,26.2222,46.8333,41.7222,34.3333,24.2778,34.3889,78.7222,102.2778,36.8333,76.3889,66.6667,32.3889,40.2222,50.0556,39.4444,52.5,69.6111,23.2222,36.7222,27.8333,25.6111,13.3889,31.7222,33.5,18.8333,24.5556,16.8333,17.3889,46.8333,19.8889,14.2778,20.6111,27.2222,23.6667,12.9444,18.8889,17.2778,14.3333,11.6667,10.9444,8.1667,12.6667,13.2222,10.7222,7.9444,11.9444,20.5556,22.8333,12,33,19.8333,8.1667,12.7778,15.0556,11.5,17.5,19.7222,15.1667,12.5556,12.3889,11.2222,14.3333,12.5,12,9.7778,17.3889,25.1111,26.3889,13.4444,24.3333,46.1111,10.3333,14.9444,15.7222,24.0556,34,21.8889,24.9444,20.3889,21.2778,23.4444,16.2778,24.4444,26,19.0556,18.8333,17.7778,17.8333,25.1111,18.6667,13.8889,56.3333,27.5,24.2222,10.8333,17.3333,20,42.2778,35.1667,42.1111,38.0556,29.8889,39.2778,39.5,35.7778,34,27.1667,26.6667,38.6667,29.5,25,32.7222,61.0556,45.2222,19.7778,30.6667,30.3333,27.6667,22.8333,26,24.4444,20.0556,23.9444,23.7778,19,20.8333,26.1111,23.5556,24.2222,26.3889,18.7778,22.3889,31.0556,43.8333,12.7222,18.3333,27.7778,4.5556,4.6111,4.6667,3.6667,3.5556,4.7778,4.2778,3.5556,5.5,4.2778,5.3333,4.1111,5.3889,7.9444,2.9444,4.6667,4.0556,19.4444,8.6667,4.1667,12.3889,12.1111,12.1111,9.3889,10.4444,13.7778,11.5556,8.5,19.8889,13.7222,15,11.7222,14.2778,23.2778,7.8889,13.2222,13,17.3333,33.5556,12.8889,29.5556,19.3333,20.3889,18.1667,24.0556,22.7778,20.8889,18.2222,18.5,42.9444,37.1667,22.3333,33.2222,29.1111,21.1667,26.9444,31.3333,16.3333,25.2778,50.5
0-211.txt_35,6.2632,4.3684,4.0526,4.0526,4,4.6316,4.2632,4.2105,4.2105,3.6316,4.3158,4.9474,3.6316,3.7368,3.6316,4.4737,3.8421,3.4211,3.6842,4,3.7895,7.6842,3.8421,3.2632,1.6842,4.4211,4.3158,2.5789,4.5789,1.9474,2.5263,5.3684,2.9474,1.8421,2.5789,3.4737,3.2632,2.4211,2.8421,2.2632,5.1053,6.1053,9,7.0526,3.4211,6.0526,6.2105,5.4737,6.2105,2.7895,3.5789,6.2105,3.8421,3.9474,4.6842,4.8947,5.1053,2.5789,4.4211,3.0526,2.1579,2.3158,3.5263,4.7368,1.2105,3.0526,3.7895,2.2632,3.1579,2.2632,1.5263,2.5263,1.7368,2.3158,2.3684,2.5263,2.3158,2.6842,2.3158,2.0526,1.2632,1.2632,1.5789,0.9474,2.3158,1.3684,1.2105,1.1053,2.3158,1.1053,1.3684,1.2632,1.3158,1.7368,1.6842,2.0526,1.4737,0.7368,1.8421,1.2105,2.3684,2.5263,2.5789,2.1579,1.2105,2.8947,3.2105,1.2105,2.1579,2,2.5263,2.6316,2.2105,2,1.5789,2.2105,2.1579,1.3158,1.8947,2.1053,6.2632,6.6842,7.3158,7.6316,3,7.1579,9.7368,4.9474,6,3.4211,3.9474,7.8421,4.2632,3.1053,6.6316,6.1579,5.5263,2.5789,3.8421,4.2105,4,3.2632,3.7368,4.3684,2.3158,3.5263,3.6842,6.6316,2.5263,2.0526,1.9474,3.3684,2.0526,1.7368,3.0526,3.6842,3.1053,2,1.8947,2,1.4211,1.7368,1.8947,1.5263,1.5789,2,1.7368,1.4737,3.4737,1.3684,1.5789,1.5263,1.5263,2.3158,1.1053,1.7368,1.6316,1.7895,2.9474,1.4211,5.3158,3.7368,2.7895,2.7368,4.1053,3.4737,3.5263,2.7368,3.2105,10.5263,8.9474,4,6.7895,6.7895,3.8947,4.1053,5.5789,4.7895,4.3158,9.4211,5.5263,4.6316,3.5263,3.1053,4.7368,4.8421,4.2105,2.4737,4.1579,8.4737,9.6316,4.0526,8.4737,6.6842,3.2632,4.3158,5,4.1579,5.9474,8.1053,5.8947,8.5263,7.2105,5.7895,2.5789,6.8947,6.1579,4.4737,7,4.2632,3.9474,9.8947,5.3158,4.1053,4.8421,6.0526,6.0526,4.5789,5.6316,3.8947,1.8947,2.3684,2.2632,1.8947,1.6316,2.1579,2.1053,1.2632,2.4737,2.6316,2.6842,2.3684,3.4211,2,1.5263,1.7895,2.1053,2.3684,2.2105,2.3684,4.2105,3.6842,3.2105,2.8421,4.3158,3.2105,2.7368,2.5789,5.2105,4.7895,5.2105,3.3158,5.2632,9.4211,2.4737,3.5263,3.8947,5.8421,7.3158,4.8947,2.1579,1.8421,2.1579,2.5263,0.9474,2.5263,2.5263,1.4737,2.5263,1.6842,1.7368,2.7368,1.6842,1.7895,5.5789,2.0526,2.2105,1.7368,2.0526,1.6842,2.3684,1.7368,1.8421,2,1.3158,2.1579,1.9474,1.0526,1.6316,1.7895,1.7368,2.0526,1.8947,1.1053,2.3684,2.4737,2.2105,0.7895,1.3158,1.9474,2.9474,2.8947,2.6842,2.5789,1.5789,3.0526,3.0526,2,2.4737,2.6316,2.7368,2.8421,2.5263,2,2.2105,3.1579,4.1053,1.6316,2.4737,2.6842,1.0526,1.2632,1.2105,1.1579,1.1579,1.1053,1.5789,1,2.4211,1.4737,1.4211,1.0526,1.1579,2.0526,0.8421,1.0526,1.1053,3.7368,2.1053,1.3684,1.7895,1.5263,1.4211,1.1579,1.3684,1.6316,1.6316,1.1053,2,1.8947,2.0526,1.3684,1.8947,2,1,1.5789,1.5789,1.3684,2.4211,1.8421,1.5789,1.6316,1.0526,0.7895,1.2105,1.1579,1.1579,1.3684,0.8421,2.4737,2.1053,1.1053,2.0526,1.5789,1.3684,1.2105,1.3684,1.0526,1.1579,2.4211
0-211.txt_37,32.5625,22.125,24,20.6875,13.6875,24,21.4375,24.75,18.5625,19.625,19,22.3125,17.8125,19.375,20.625,27.625,26.6875,14.5,21.1875,21.5,15.8125,28.125,18.125,17.8125,8.1875,20.1875,17.8125,13.4375,15.625,13.875,13.125,22.3125,14.125,11.8125,12.1875,18,18.8125,9.75,16.8125,13.9375,18,19.1875,31.25,23.75,9.125,19.6875,18.4375,19.875,17,11.1875,10.875,20.875,13.625,9.75,13.625,21.875,20.4375,9.5,14.6875,11.625,18.5,19.625,26.3125,33.625,10.375,22.5625,24.5,18.5,18.3125,13.125,13,20.625,13.125,12.6875,17.1875,23.3125,22.0625,10.5625,15,14.0625,14.0625,14.875,15.375,14.8125,7.3125,20.5625,15.6875,13.5,13.5,10.4375,10.6875,14.4375,11.125,8.9375,12.375,16.75,15,7.9375,12.75,11.3125,11.75,13.5,14.9375,17.9375,5.8125,16.6875,19.5,11.5,12.1875,8.5625,8.1875,15.25,8.4375,7.875,9.75,14.25,12.75,6.5625,9.5,8.25,35.1875,26.9375,33.9375,30.1875,16.6875,29,25.875,51,24.875,19.3125,19.625,27.8125,21.8125,21.3125,25.1875,34.9375,30.375,18.5,23.9375,21.8125,5.8125,7,7.375,6.375,3.375,7.125,6.125,5,11.25,4.75,5.375,6.6875,5.75,5.9375,4.6875,6.6875,6.75,5.375,7.8125,4.5,10,9,9.4375,8.625,7.4375,9.0625,7.75,7,7.1875,16.5,14.0625,8.625,11.875,10.4375,7.375,9.625,11.5625,8.3125,10.6875,14.0625,25.1875,20.75,19.375,18.3125,16.5625,22,18.4375,19.6875,17.6875,31.5625,38.6875,19.125,30.25,29.625,18.5625,22.125,26.75,21.5,27.3125,30.8125,8.875,11.6875,10.4375,10.375,4.3125,12.4375,10.3125,8.375,8.8125,6.1875,6.625,14.0625,7.375,6.3125,7.9375,10.3125,9.5,5.625,8.625,7.125,6.4375,4.25,4.5625,4.375,4.125,4.5625,4.3125,5.5,3.6875,7.625,7.5,3.875,8.4375,6.1875,3.625,5.625,6.625,5.1875,5.625,7.4375,10.6875,9.75,8.375,7.375,6.375,9.9375,8.1875,8.375,9.8125,13.875,13.25,8.0625,12.4375,20.6875,7.6875,10.625,10.9375,14.6875,18.3125,12.625,17.375,13.6875,15.25,13.875,9.375,14.5,14.25,15.375,12.6875,11.8125,12.4375,15.5,12.125,11.75,26.125,18.125,16.9375,11.1875,12.8125,13,25.0625,21.5625,27,23.625,14.6875,22.75,21.6875,24.5625,20.5,17.0625,17.5,22.875,17,17.9375,19.9375,33.125,28.4375,14.75,20.5625,19.5,22.75,21.375,25.5,19.75,13.3125,22.9375,19.875,20,17.6875,19.8125,18.625,21.3125,18.3125,18.125,17.5,24.875,32.5625,16.5,20.8125,20.125,3.6875,4.3125,3.625,3.25,2.8125,4.4375,3.5625,3.5,4.5,4.9375,5.125,4.0625,3.6875,5.9375,2.75,4.1875,5,10.0625,6.8125,5.375,13.125,11.0625,13.5,9.9375,8.1875,14.75,11.375,11.125,16.75,13.75,15.375,11.75,12.9375,20.375,8.6875,14.375,15.5625,22.1875,30.5625,13.75,16.5,10.375,12,10.75,10.25,13.375,10.25,11.1875,9.75,21.625,20.4375,11,16.8125,15.9375,11.5,14.8125,16.5,10.6875,17.25,24.0625,0,0,0,0,0,0,0,0,0,0,0,0,0,0,0,0,0,0,0,0
0-211.txt_39,36.7222,18.8333,17.5556,17.3333,18.2778,19.5556,20.1111,22.5556,16.5,18.9444,18.8333,19.1667,19.4444,16.6111,17.6111,25.9444,22.2778,14.0556,16.1667,21.3333,18.1667,38.0556,18.3889,15.3333,10.8889,22.2778,19.3889,13.6667,20.4444,13,15,24.9444,15.9444,11,12.7222,18.4444,17.2222,9.9444,13.5,14,6.0556,6.8889,13.1111,9.5,4.7222,7.2222,7.0556,5.7222,7.7778,4.4444,3.7222,6.7222,5.1111,3.6667,5.1667,8,6.7222,3.8333,5.2222,4.5556,13.1111,12,16.1667,25.1667,6.3889,13.6667,15.8889,11.7222,11.0556,6.7222,7.0556,12.8889,7.9444,5.8333,11.0556,13.5,12.5556,5.2222,7.5556,7.5,3.8889,2,1.8333,1.6667,5.8333,2.2222,2.0556,1.8333,2.2222,2.7778,2.7222,2.0556,2.8333,3.0556,1.7778,3.1111,3.1111,2.1111,3.1667,3.1111,9.5,10.6667,9,9.2222,6.6667,17,11.2222,7.1111,10.1667,6.7222,7.9444,10.6111,8.8333,6,8,9.8333,9.2222,6.2222,7.2222,7.7778,13.0556,13.2222,12.1667,15.2778,6.2222,15.5556,22.1111,9.6667,12.2778,8.9444,10.2778,14.2222,10.0556,7,11.2222,12.7778,11.9444,6.2778,8.5,10.1111,16.8333,12.3333,13.1667,12.2222,10,11.8889,10.7778,27.9444,10.1667,8.2778,8.2222,12.6111,9.7222,8,11.2222,15.1667,12,8.6111,8.6111,9.9444,5.1667,6.3889,5.9444,5,3.1667,6.8889,6.1111,3.9444,12.7778,3.2222,4.2222,6.0556,4.3889,4.7778,5.5556,5.6667,4.9444,3.2778,6.2778,3.5,10.4444,6.8333,5.8889,5.1667,9.1667,6.7222,6.1111,5.6667,6.1667,18.8333,14.7222,6.6667,13.4444,11.6667,5.9444,8.0556,10.5556,8.2222,10.0556,15.1111,28.6667,20,18.0556,14.6667,24.3889,21.8889,18.2778,16.4444,19.5,41.5,54.5,19.3889,41.5,36.8333,20,22.5,28.0556,25.1111,27.6667,38.5556,9.6111,13.1111,8.5556,7.8333,4.7222,10.6111,9.9444,8.6111,9.1111,6.1667,6.2778,15.5556,7.3333,4.9444,7.1667,9.1667,8.3889,4.6111,6.7222,6.7778,8.2778,6.3889,4.8889,4.1667,5.8889,7.2222,5.5,5.2222,5.6111,10.8333,11.6667,6,17.0556,8.6111,5.5556,6.3889,7.6111,5.7222,6.7778,10.2778,11.3889,7.2778,6.5556,5.5556,8.5,7.3333,6.5,7.5556,9.0556,14.3333,16.4444,7.1111,13.8333,25.1667,7.2222,9.5,9.5556,15.3333,17.5,12.6111,13,10.6111,9.7222,10.7222,7.8333,11.5,11.6667,9.7778,10.2222,10.3333,9.7222,11.6667,9.8889,7.4444,31.3889,13.0556,12.5556,6.8889,8.1667,10.5556,20.2222,14.0556,16.3889,15.6667,11.1667,15.1111,15.3889,16.7778,13.2222,11.1667,9.8889,15.2778,12,9.8889,16.3889,26.2778,19.2778,9.3889,12.2778,12.6667,13.3889,8.8889,10.0556,9.3333,9.8889,10.7222,9.2778,9.3333,7.9444,11.5556,10.0556,9.5,11.2778,8.5,9.7778,13.8889,19.3889,6.3889,8.5556,11.6667,7.7222,6.8333,5.4444,4.2778,6.8333,6.8333,6.2222,6.3889,6.9444,8.1111,9.1111,6.3889,9.0556,12.3333,5.5,7,7,27.1111,13.2222,7.5,6.1111,6.0556,5.4444,4.1667,4.3333,6.4444,5.3333,4.5556,8.5,6.3333,6.0556,6.0556,6.3333,10.4444,5.6667,5.8889,6,8.3333,14.8889,6.7778,18.7778,12.3889,11.3889,9.7778,13.6111,12.7222,11.8889,11.7778,11.2778,24.8333,22.3889,11.8333,21.7222,16.8889,11.7778,14.1667,18.1667,9.8333,13.6667,28.9444
0-211.txt_41,22.875,11.3125,11.9375,11.4375,11.4375,12.9375,12.6875,12.9375,10.8125,13.25,12.0625,12.375,12,9.6875,10.4375,17.0625,14.5,6.75,11.6875,12.9375,9.0625,19.5,10.375,9.4375,3.9375,12.375,11.1875,6.875,10.875,5.875,7,14.5,7.75,5.6875,6.9375,10.4375,8.625,6.25,8.25,6.375,10.9375,12.6875,19.5,15.125,5.75,14.125,14.125,10.1875,11.6875,7.6875,7.3125,13.5,8.75,6.9375,10.375,12.875,12.375,4.3125,8.625,8.1875,8.4375,9.75,12.4375,19.875,4.625,10.875,13.25,8.125,10.625,5.9375,5.9375,9.625,6.875,5.5625,6.9375,10.6875,9.3125,4.25,7.5,6.8125,4.5,2.8125,3.0625,2.4375,9.75,3.5,2.9375,2.75,3.3125,4.0625,4.875,2.8125,4,3.75,2,4.125,3.875,2.5625,3.75,4.625,10.0625,12.875,13,11.625,5.8125,19.875,14,7.6875,11.5625,7.0625,8.0625,13.5625,8.375,6.1875,8.8125,11.6875,10.875,4.9375,8.375,7.375,13.375,15.6875,14.125,17.375,6.375,18.625,23.1875,9.25,13,9.5,9.5625,16.8125,11,8,10.375,15.0625,12.8125,6.75,9.75,9.8125,15.5,12.75,13.8125,13,7.75,13.0625,12.875,23.9375,13.125,10,10.5,14.875,9.5,7.5625,12.25,15.9375,12.75,7.375,9.375,9.6875,2.375,2.5,3.1875,1.625,0.875,2.4375,2.0625,1.8125,4.875,1.375,1.5,2.3125,1.8125,1.625,1.3125,2.375,1.625,1.125,3.0625,1.3125,13,9.9375,8.625,7.375,11.625,9.75,8.1875,7.1875,8.125,23.3125,19.875,9.8125,17.125,16.1875,7.75,10.9375,13.375,9.25,12.9375,19.6875,22.125,17.0625,15.125,12.5,19.0625,18.6875,15.8125,12.5,16.125,36.875,45.5625,16.8125,32.125,29.75,15.8125,17.625,21.5,17.4375,23.6875,32.8125,13.9375,18.9375,14.6875,12.875,6.5,16.5625,16.875,10,12.5,10.9375,10.9375,22.625,10.4375,6.5,10.9375,13.875,13.9375,5.8125,8.5625,10.3125,2.6875,2.375,2,1.6875,1.5625,3,2.3125,1.625,2,2.8125,3.1875,2.4375,5.25,2.4375,2.1875,2.375,2.6875,1.625,2.875,2.75,9.0625,7.625,5.1875,3.875,6.375,6.1875,5.75,5.4375,9.3125,12.5,14.625,7.1875,11.75,20,5.125,6.9375,6.8125,9.3125,13.1875,11.3125,5.875,5.4375,4.875,7,3.8125,5.8125,7.0625,4.5,4.1875,4.5,4.625,6.8125,4.6875,4.3125,14.25,6.5,5.625,3.875,5.125,4.875,14.875,14.8125,14.625,14.8125,8.4375,15.0625,14.8125,12.0625,12.6875,10.125,10.4375,15.5,10.75,9.3125,11.4375,20.25,15.375,7.1875,11.4375,11.375,12.5625,11.4375,11.625,12.1875,9.375,12,12.375,8.875,8.875,10.4375,9.6875,12.9375,10.5625,8.75,9.6875,15.125,19.9375,5.5625,8.5625,11.6875,1.625,1.25,1.25,0.6875,1.4375,1,1.0625,1.1875,1.625,1.75,1.8125,1.3125,1.625,2,1,1.6875,1.75,4.1875,2,1.6875,4.8125,5.6875,5.0625,4.25,3.75,5.5625,5.4375,4.375,7.625,5.8125,5.5625,5.6875,4.9375,7.9375,4.4375,5.4375,4.6875,4.4375,11.4375,5.0625,12.9375,7.875,8.4375,6.5625,11.1875,9.1875,8.6875,6.25,6.875,18.3125,15.5,8.25,14.4375,12.375,8.125,11,12.0625,6.4375,10.3125,20.125
0-211.txt_43,1.3529,0.8235,0.9412,0.8824,0.5882,0.8235,1.2941,0.8824,0.5882,0.3529,0.4118,1.1176,0.4706,0.2941,0.8235,1.2941,1.1176,0.2353,0.5294,0.5882,0.2941,1.5294,0.5294,0.2941,0.4118,0.7647,0.4706,0.2353,0.4706,0.1176,0.2353,1,0.2941,0.1176,0.2353,0.3529,0.4118,0.1176,0.2353,0.1176,1.5882,1.6471,4.1765,2.3529,0.9412,2.2941,2.6471,2.1176,1.8824,1.7647,1.5882,2.1765,1.5882,1.1765,1,2.0588,2.1765,1.2353,1.1765,1.7647,0.9412,0.8824,2.0588,2.4706,0.4118,1,1.5882,1.6471,1.0588,0.4706,0.7059,0.8824,0.8824,0.4706,0.7059,1.2353,1.1176,0.2941,0.5294,0.6471,1.6471,2.1176,2.3529,2.5294,1.1176,3.7059,3,1.1176,2.2353,1.2941,1.2941,3.0588,1.5294,0.9412,1.2941,2.4706,2.5882,0.6471,1.4706,1.8235,3.1176,3.4118,3.5882,5.7059,1.2941,4.4706,7.8235,1.9412,3.1176,2.4118,1.8824,4.9412,2.6471,2.0588,2.4706,3.8235,3.9412,2.1176,2.3529,3.2353,3.4118,1.6471,3.5882,3.4118,1.2353,2.2941,2.4706,7.0588,1.5294,1.3529,1,2.6471,1.2941,1.0588,2.3529,3.4118,2.5294,1.4706,1.1765,1.4706,3.1176,3,2.1765,2.1176,2.0588,2.5882,2.7647,1.2353,2.1176,5.8824,4.2353,3.3529,4.7647,3.5882,1.8235,2.7647,4.3529,1.8235,3.2941,5.1176,1.8235,1.2941,1.0588,1,1.5882,1.7059,1.5882,0.8235,1.2941,3.6471,4,1.7647,4.2941,3.0588,1,1.4118,2,2.0588,2.6471,3.5882,3.7647,5.8235,5,4,1.7647,5.1765,4.9412,2.9412,4.4118,2.8824,2.7059,9.3529,3.3529,1.5294,3,4.4706,5.4118,1.1176,2.8235,3.6471,1.1765,0.6471,0.3529,0.2353,1.1765,0.8235,0.4118,0.4706,0.5294,1.5294,1.9412,0.5294,3.0588,1.1765,0.6471,0.8824,0.7647,1.1176,1.0588,1.5882,1.4706,1,0.8824,0.6471,2,1.4118,1,0.8824,1.7059,2.6471,2.4118,1,3.1765,5.2353,0.7059,1.6471,1.6471,3.1176,4.2353,2.4706,2.1765,1.5294,2.1765,2,2,1.8235,1.5882,1.4706,2.0588,1.9412,1.8824,2.2941,1.4706,2.5882,1.4118,3.1765,2,1.7059,2.3529,2,3.1765,3.5294,3.2353,2.8824,2.7059,3.8235,3.8235,2.7059,3.5294,3.2353,2.5294,4.3529,2.1765,1.7059,1.6471,4,6.3529,1.2353,2.4706,3.9412,2.5294,2,2.4118,1.8235,2.4118,2.4118,2.6471,1.1765,2.2941,4.0588,2.8824,2.7059,2.5294,2.4706,1.4706,2.9412,4.6471,1.7059,2.1176,5.3529,0,0,0,0,0,0,0,0,0,0,0,0,0,0,0,0,0,0,0,0,0,0,0,0,0,0,0,0,0,0,0,0,0,0,0,0,0,0,0,0,0,0,0,0,0,0,0,0,0,0,0,0,0,0,0,0,0,0,0,0,0,0,0,0,0,0,0,0,0,0,0,0,0,0,0,0,0,0,0,0,0,0,0,0,0,0,0,0,0,0,0,0,0,0,0,0,0,0,0,0
0-211.txt_45,9.4,3.1333,3.2,3.1333,4.3333,3.8667,4.0667,3.9333,2.8667,5.8,4.9333,3.8,5.3333,4.0667,3.6,6.2667,5.1333,2.5333,3.6,7.2667,1.4,4,2.0667,1.6667,0.5333,2.2,1.7333,1.6667,1.5333,0.4667,0.7333,2.7333,1.0667,0.8,1,1.9333,1.3333,0.6,1.1333,0.8,1.9333,2.0667,5.6667,3.1333,1.2,2.1333,2.2,2.3333,2.4667,1,0.9333,2.1333,1.4,1.4,1.4,3.2,2.5333,0.8667,1.8,1.2667,1.6667,2.5333,3.1333,5.2667,0.6667,2.6,3.3333,1.6,2.6667,0.6,0.6667,3.2667,1.1333,0.6,1.6,2.6,2.1333,0.4667,1.2,1,1.8,2.5333,2.2,2.0667,0.7333,4.4667,2.5333,1.8,2.0667,1,1.1333,3.0667,1.7333,1.2,1.2667,2,2,1.1333,1.9333,1.3333,1.5333,1.6667,1.6,2.4,0.6,2.2667,3.7333,0.8667,1.8,1.0667,1.0667,2,1.2,1.0667,1.5333,1.6667,1.4,0.6667,1.4,1.2,7.1333,3.6667,6.3333,5.3333,3.0667,4.5333,4.4,13.9333,3.6,2,2,4.7333,3.3333,2,3.3333,7.3333,5.1333,2.5333,2.2667,3.0667,1.8,0.9333,1.1333,0.7333,1.4,1.1333,0.8667,0.6667,0.7333,4.2667,3.2,1.0667,3.0667,1.8667,0.9333,1.5333,2.0667,0.9333,1.4,3.2667,1.8667,1.0667,1,0.6667,1.4,1.0667,1,0.7333,0.6667,3.2,3.6667,1.0667,2.8,2,0.9333,1.6,1.8,1.6667,1.5333,3.3333,2.0667,3.7333,2.7333,2.5333,0.8,3.1333,2.7333,1.8667,2.5333,1.0667,1.2667,4.9333,1.9333,0.8667,1.8,2.4,2.2667,0.8,1.5333,1.2667,1.1333,0.8,0.7333,0.8,0.7333,0.9333,0.7333,0.7333,1.0667,1.6667,1.7333,1.0667,2.4667,1.0667,0.9333,0.9333,1.3333,0.6,0.9333,1.4667,1.9333,0.9333,0.6667,0.5333,1.4,0.8667,0.7333,0.7333,1.3333,3.3333,3,0.8667,2.9333,5.4667,0.6667,1.2667,1.6,2.7333,3.5333,3.2,1.0667,0.8,0.8,1.1333,0.5333,1.1333,1,0.7333,0.7333,0.5333,0.5333,1.1333,0.7333,0.8,3.1333,1.2667,0.9333,0.5333,0.6667,0.6667,5.8,3.6667,5.6,5.0667,3.2,4.0667,4.4,4.8,3.6667,2.2667,2.0667,4.0667,3.2,1.9333,3.7333,8.8,5.8,1.5333,2.6667,3,5,3.3333,4.2667,3.2667,3.0667,4.2,4.2,3.9333,2.8,3.3333,3,4,3.6667,2.4,3,6,8.0667,1.8667,2.7333,4.0667,0.2667,0.2667,0.5333,0.2,0.2667,0.6,0.3333,0.2,0.5333,0.3333,0.4667,0.2667,0.4667,1.0667,0.2,0.3333,0.3333,1.9333,1.1333,0.3333,3.3333,3.1333,3.1333,2.2,2.2,4,2.8,1.9333,6.4667,3.5333,3.6,3.2,3.6667,7.7333,1.6,3.4,4.1333,7.1333,12.2667,3.8667,3.4,1.6,1.4667,1.2,2.8667,2.2667,1.5333,1.3333,1.6667,4.8667,3.9333,1.9333,4.1333,3.6,1.6,2.4,3.6667,2.4667,3.1333,6.2667,0,0,0,0,0,0,0,0,0,0,0,0,0,0,0,0,0,0,0,0,0,0,0,0,0,0,0,0,0,0,0,0,0,0,0,0,0,0,0,0
0-211.txt_47,7.7333,4.8667,3.2667,3.2,3.7333,3.8,3.7333,4.6,3.7333,3.6667,4.6,4.6,4,4.0667,3.0667,5.3333,4.6,2.0667,4.3333,4.8667,4,9.6667,5.2667,3.4667,2.2667,5.8667,5.4,2.8667,4.2667,2.3333,3.0667,6.4667,3.6,3.1333,4.9333,4.2667,4.7333,2.6667,3.4667,3.0667,7.8,6.6667,16.3333,9.4667,3.7333,8.1333,8.2,10.5333,7,3.5333,4,7.6667,5.6,4.8,6.2,11.2,8.7333,3.8667,5.4,4.1333,6.1333,6.5333,11.2667,16.0667,2.9333,7.6,10,6.7333,8.3333,3.4667,3,7.5333,4.1333,2.4667,5.1333,9.2667,7.4667,2,3.8,3.7333,1.8,1.3333,1.4,1.8,3.4667,1.4667,1.2,1.4667,1.2,1.8667,2.4,1.3333,1.9333,1.8,1,1.5333,1.9333,1.2,1.6667,1.8,4.6667,7.4667,6.0667,7.0667,2.2,10.4667,7.8667,4.6667,5.5333,3.3333,3.9333,7.6,4.4,4,3.9333,6.1333,6.4,2.4667,4.0667,4.1333,4.0667,5.6,5.7333,6.8,2.4667,7.3333,9.3333,4.0667,4.4,3.0667,3.2667,6.8,3.8,2.5333,4.4667,5.5333,5,2.9333,3,4.4,11.0667,7.2667,10.5333,7.9333,4.8,7.5333,7.1333,22.2,6.6667,4,3.8,8.6,5.2,3.3333,6.8,11.6667,8.2667,3.6667,5,5.0667,4.6667,5,5.7333,4.7333,2.5333,5.7333,4.8667,3.7333,12.2667,3.6667,4.2667,5.2,4.9333,5.0667,3.6,5.7333,5.8667,4.4,7.6,4,7.6,4.6667,6,4.1333,5.1333,5.3333,4.8667,5.1333,4.5333,12.4,9.2667,5.2667,7.9333,8.1333,5.4667,6.8667,7.2667,4.5333,6.3333,9.5333,15.5333,12,11.1333,8.5333,10.8667,12.4,10.6667,11,10.1333,22.9333,29.2,12.4667,20.6667,19.2667,8.4667,14.1333,17.1333,12,17.6667,21.6667,8.2,13.2,11.4,10.0667,3.8667,10.6,10.4667,8.2,8.4667,5,5.3333,16.2667,6.2,5.6667,8,10.7333,9.4667,5.4667,8.6667,5.8667,2.7333,2.5333,2.0667,1.7333,1.7333,2.6,2.0667,2,2.0667,3.8,3.5333,2.2667,5.8667,3.4667,1.3333,2.8667,2.4667,2.0667,4.1333,3.8,6.8667,4.5333,4,2.7333,4.6,4.6667,3.7333,3.3333,6.0667,9.6,10.1333,5,8.6667,18.4,3.0667,5.9333,6.2667,10.4667,13,9.4667,6.1333,4.8,5.0667,6.2667,3.3333,5.1333,5.8667,4.8,4.8667,3.9333,3.6667,5.9333,3.8667,3.4667,14.0667,5.9333,5.6,2.6,4.2667,4.9333,16.3333,12.4,15.9333,14.3333,10.2667,13.9333,13.9333,12.9333,11.1333,8.4,8.8,13.3333,10.2667,7.8,11.4667,23.5333,17.0667,6.6,9.0667,10.1333,11.6,9.3333,10.6667,7.6667,6.5333,8.9333,8.0667,9,7.1333,8.2667,8.8,9.5333,8.6,7.8,7.0667,13.2,17.8,7.1333,9.1333,9.8,1.4,1.2667,0.7333,0.4667,1,1.2667,0.8,1.4667,1.8,2.6,3,0.8667,1.9333,3.2667,0.6667,1.2667,1.4,5.6,2.7333,2.0667,3.5333,3.3333,3.3333,2.2,2.5333,2.8,3.3333,3.8,3.5333,2.4667,2.5333,2.5333,3.1333,4.8,1.6667,3.7333,3.2667,5.4667,7.2667,2.8,6.4,4.8667,3.7333,3.6667,4.4,5,3.9333,2.6667,3.1333,8.2667,7.8,4.8,6.9333,6.2,3.6667,5,6.4,4.4,5.5333,11.6
0-211.txt_49,4.1176,1.6471,1.9412,2.0588,1.7647,1.8824,2.3529,2.5294,2,2,2.1765,1.8824,1.9412,1.8235,1.9412,2.4706,2.3529,1.2941,1.9412,2.5882,2.1176,4.5294,2.1176,1.9412,1.1765,2.4706,2.2941,2.1765,2.7647,1.5882,1.6471,2.9412,1.8824,1.5294,1.4706,2.2353,3.0588,1,1.7647,1.7647,2.1765,2.4118,5.7059,3.7647,1.1765,2.5294,2.9412,2.5882,2.4118,0.8824,0.7647,2.6471,1.3529,0.7647,1.7647,3.9412,3.3529,0.5294,1.2941,1.1765,1.4706,1.6471,2.4118,4.8824,0.6471,2.3529,2.7647,1.8824,1.5294,0.7059,0.6471,2.2941,0.8824,0.6471,1.3529,2.4706,2.0588,0.2941,0.7647,0.8235,1.2941,0.7647,0.8235,0.6471,3.9412,0.8824,0.8824,0.9412,0.7647,0.8824,0.8824,1.2353,0.8824,0.8235,0.6471,1.5294,1.1176,0.7647,1.3529,1.1176,3.2941,3.5882,3.4118,3.8235,2.2941,6.5882,4.9412,2.7059,2.9412,1.7647,2.2941,4.4706,2.7647,1.4706,3,3.5882,3.5882,1.4706,2.1765,2.1176,3.5294,3.5882,4.4706,5.0588,1.5882,4.8235,7.2941,3.0588,3.2353,2,1.8235,4.8235,2.4118,1.5882,3.8824,4.7059,4.2941,1.4118,2.9412,2.4118,3,1.2941,2.7059,2.5294,1.1765,1.7059,1.8235,5.5882,1.4706,1.5294,1.0588,1.7647,1.4118,1.5294,1.4118,2.5294,2.2353,1.1765,1.6471,1.5294,0.7647,0.8824,0.6471,0.7059,0.3529,0.7059,0.5882,0.4118,1.8824,0.4118,0.5882,0.7647,0.5882,0.8235,0.3529,0.5882,0.5294,0.4118,0.8824,0.4118,2.2941,1.4706,1.4706,1.9412,1.6471,2.0588,1.7647,1.1176,1.4118,4.1765,2.5294,1.9412,2.7059,2.4706,1.8235,2.1765,2.7059,1.2353,2.1176,3.4118,3.6471,2.2353,1.7059,1.5882,2.6471,2.6471,2.0588,1.3529,1.8235,5.4118,7,2.9412,4.7059,4.2353,2.5294,3.3529,4.0588,2.2941,3.6471,5.1176,3.4118,4.7059,3.7647,3.8235,1.5294,4.7647,4.1765,2.2941,3,2.0588,2.4118,8.2941,3.2941,2.4706,4,4,3.7059,1.5882,3.2941,2.5294,0.7059,0.5294,0.4118,0.3529,0.5882,0.5882,0.4706,0.4118,0.4706,1.0588,1.1176,0.5294,1.8235,0.7647,0.4706,0.5882,0.9412,0.5294,0.6471,1.1765,1.5882,1.1765,1.1765,1,1.7647,1,0.9412,0.8235,2.2353,2.5882,2.4706,1.1176,2.4118,6.1765,0.7059,1.4706,1.6471,2.8824,5.0588,2.1176,0.6471,1,0.7059,0.6471,0.3529,1.0588,1,0.4706,1,0.2941,0.4118,1.2353,0.4118,0.2941,1.5294,0.9412,1.0588,0.2353,0.4706,0.4118,2.8235,2.2353,3.5882,2.8824,2,2.8824,2.6471,3,2.0588,1.5882,1.2941,3.0588,1.7647,1.4118,1.8235,4.5294,3.2941,1,1.5294,1.6471,5.2941,3.2941,4.0588,4.1176,2.8824,4,4.5294,3.7059,2.8824,2.8235,2.8235,3.4706,3.1765,2.2941,3.7647,5.4706,8.1765,2,2.8824,3.7647,2.3529,2.3529,2.6471,1.7647,2.8824,2.7647,2.0588,1.6471,3.9412,2.3529,2.2353,2.6471,2.2353,3.9412,1.8824,2.5294,2.2941,2.8235,6.2941,2.0588,4.2353,2.2941,2.5294,1.7059,2.7059,2.5882,2.6471,1.9412,2.1176,5.2353,4.9412,2.7059,4.4706,3.8824,2.7647,2.8824,3.5294,2,3.8824,6.9412,0,0,0,0,0,0,0,0,0,0,0,0,0,0,0,0,0,0,0,0
0-211.txt_51,20,7.5,5,5,10,7.5,7.5,10,5,7.5,7.5,7.5,7.5,5,7.5,12.5,10,2.5,5,10,1.7143,5.1429,2.2857,1.1429,0.5714,2.8571,2.2857,1.1429,2.2857,0.5714,1.1429,3.4286,1.7143,0.5714,1.1429,1.7143,1.7143,0.5714,1.1429,1.1429,2.2857,4.5714,11.4286,5.7143,1.1429,4.5714,4.5714,4.5714,5.7143,1.1429,1.1429,4.5714,2.2857,1.1429,2.2857,5.7143,4.5714,0,2.2857,1.1429,4.1429,4.1429,10.3571,20.7143,2.0714,8.2857,12.4286,6.2143,6.2143,2.0714,0,6.2143,2.0714,2.0714,6.2143,8.2857,6.2143,0,2.0714,2.0714,1.9286,3.2143,2.5714,2.5714,0.6429,5.7857,3.8571,1.2857,2.5714,0.6429,1.2857,3.2143,2.5714,0.6429,1.9286,2.5714,1.9286,1.2857,1.9286,1.2857,2.1429,2.8571,2.8571,4.2857,0,4.2857,6.4286,1.4286,2.8571,0.7143,0.7143,3.5714,1.4286,0.7143,2.1429,2.8571,2.1429,0.7143,1.4286,1.4286,10,5,10,7.5,5,5,5,25,5,0,0,5,2.5,2.5,5,10,5,5,2.5,2.5,2.7857,0.9286,0.9286,0.9286,2.7857,0.9286,0.9286,0,0.9286,7.4286,5.5714,0.9286,4.6429,3.7143,0.9286,1.8571,2.7857,0.9286,2.7857,6.5,3,2,1,0,3,2,1,0,1,6,8,2,6,4,1,2,3,2,3,5,0.8571,1.7143,1.1429,0.8571,0.2857,1.4286,1.4286,0.5714,0.8571,0.2857,0.5714,2.2857,0.8571,0.2857,0.8571,1.1429,0.8571,0.2857,0.5714,0.5714,0.6429,0.6429,0.4286,0.2143,0.6429,0.8571,0.4286,0.2143,0.4286,1.0714,1.2857,0.6429,1.9286,0.8571,0.4286,0.6429,0.6429,0.6429,0.6429,1.0714,2.2857,1.1429,1.1429,1.1429,2.2857,1.1429,1.1429,1.1429,3.4286,4.5714,4.5714,1.1429,4.5714,11.4286,0,2.2857,2.2857,5.7143,8,3.4286,8.9286,5.3571,8.9286,7.1429,5.3571,7.1429,7.1429,7.1429,5.3571,3.5714,3.5714,7.1429,5.3571,3.5714,5.3571,14.2857,8.9286,1.7857,3.5714,3.5714,6.2857,4.7143,6.2857,4.7143,4.7143,4.7143,4.7143,3.1429,3.1429,4.7143,4.7143,4.7143,4.7143,3.1429,4.7143,7.8571,14.1429,3.1429,3.1429,6.2857,0.2857,0.2857,0,0,0.5714,0.5714,0.2857,0.5714,0.5714,0.2857,0.5714,0.2857,0.8571,1.4286,0,0.2857,0.5714,4,1.7143,0.2857,2.7143,2.7143,2.7143,1.3571,2.7143,4.0714,2.7143,1.3571,8.1429,4.0714,4.0714,2.7143,4.0714,9.5,1.3571,2.7143,2.7143,8.1429,14.9286,4.0714,7.4286,3.7143,1.8571,1.8571,5.5714,3.7143,3.7143,1.8571,1.8571,13,9.2857,3.7143,9.2857,5.5714,3.7143,3.7143,7.4286,1.8571,5.5714,14.8571,0,0,0,0,0,0,0,0,0,0,0,0,0,0,0,0,0,0,0,0,0,0,0,0,0,0,0,0,0,0,0,0,0,0,0,0,0,0,0,0,0,0,0,0,0,0,0,0,0,0,0,0,0,0,0,0,0,0,0,0
0-211.txt_53,51.0556,26.6111,28.5,25.6111,29.7778,30.7778,30.1667,33.9444,24.1667,29.6667,29.7778,30.0556,30.4444,26.1667,25.6111,39.0556,35,18.6667,23.4444,33.3333,13,19.5,12.6111,12.2222,7.3333,15,14.7778,10.5,14.2778,11.3889,11.6111,18,11.8889,9.9444,9.2778,13.7222,12.2222,8.5556,9.8333,11.8333,4.9444,5.8889,9.2778,5.8889,3.6111,5.7778,4.8889,4.7778,5.3889,4.7222,4.4444,6.0556,4.5,4.3889,3.3889,6.4444,5.4444,2.6667,4.6667,4.8889,8,8.3889,12.2222,18.2778,5.5,10,11.9444,8.4444,9.0556,5.5556,5.2778,9.6111,6.1667,4.7778,7.3889,10.0556,8.4444,4.2778,5.0556,5.9444,1.9444,1,1.2778,1.2778,4.5,1.1111,1.6667,0.7222,1.0556,2.5,1.6111,1.1667,1.7222,1.3333,1.1111,1.6667,2.1667,1.1667,1.2778,2.5,22.7778,27.1667,24.4444,23.1667,14.7222,30.5,27.4444,17.6667,25.3333,17.3333,17.5,28.7778,18.2778,14.5,16.5,23.9444,23.3889,10.7778,17.0556,18.2222,11.0556,13.0556,12.7222,14.1667,7.2778,14.1111,18.5556,10,10.7778,7.7222,7.4444,12.8889,9.7222,6,8,12.3333,12.2778,5.6667,7.7778,8.8333,26.7778,17.9444,23.6111,20.4444,16.5,18.6111,19,39.7222,19.2778,16.0556,16.5556,20.3333,16.9444,17.7222,16.6111,24.5,20.6667,13.7222,17.5,17.7778,1.7778,2,2.2222,2.5,1.3333,2.6111,2.6667,1.7778,3.7778,1.9444,1.5,2.3889,1.8889,1.7778,1.7778,2.2222,2.6111,1.7222,1.5556,1.8889,19.2778,13.1667,11.8333,9.7222,18.1667,12.7222,11.5,12.4444,11.2222,31.8333,26.7778,13.3333,26,22.1111,11.5556,16.5,19.5,12.8889,15.5,28.3889,27.5556,20.2778,18.2222,15.5556,24.8333,21.1667,20,16.6667,18.9444,41.6667,45.3889,20.3889,36.8333,35.6667,18.6667,22.3889,26.6111,21.1111,25.6111,37.5556,3.9444,6.7778,4.3889,3.5556,2.5556,5.3333,5.2778,2.6667,3.4444,3.2778,3.1111,7.8889,4.0556,2.7222,3.2222,3.8333,4.2778,2.1111,3.4444,3.8889,4.3889,3.0556,3.1111,2.3889,2.6667,3.3333,3.2222,2.6111,4.3333,5.9444,5.8889,2.8889,9.0556,5.6667,2.6667,4.0556,4,3.5556,4.1111,5.2222,5.9444,4.1667,3.7222,3.2222,4.8889,4.3889,4.1111,3.7778,5,7.6667,8.4444,3.8889,6.6667,11.2222,3.2222,4.8889,5.2222,8.0556,8.6667,7.1111,10.6111,8.6111,9.4444,10.2222,6.7222,8.8333,10.0556,7.9444,8.3889,9.2222,8.2222,9.5556,8.8333,6.8889,20.2222,11.0556,10.2778,5.2778,6.8333,8.6111,14.5556,11.7222,12.6667,12.6111,11.1111,11.3889,13.1111,12.2222,10.8889,10.3333,9.8333,11.8333,10.5556,9.0556,10.6111,18.8333,14.9444,6.6667,9.3333,10.9444,19.7778,14.8333,17.6667,16.1111,14.4444,16.5,16.5556,13.2222,14,18.5556,15.6111,16.8889,17.1111,13.9444,12.8333,21.7778,27.5556,8.6667,14.3333,19,5.1667,5.0556,4.8889,3.5556,3.7222,5,4.2778,4.3889,6.2778,7.0556,6.6111,4.6111,6.1111,7.7222,3.7222,4.2778,5.1111,10.6667,7.2222,6.7222,3.2778,2.6111,2.9444,2.3889,2.3333,2.7222,2.6111,2.8889,3.8333,3.6667,3.8889,3.0556,3.6111,5.1111,2.3333,3.3333,3.1667,5.0556,6.2778,3.3333,24.1111,13.5,12.1667,11.0556,22.5,14.3889,13.5,12.9444,11.0556,34.8889,29.6667,15.0556,27.1667,23.6667,15.6667,17.9444,23.5,12.6111,17.7222,39.2778
0-211.txt_55,21.4211,13.2105,13.4211,13.1053,11.4211,14.9474,15.0526,14.1053,13.2632,12.3684,12.0526,15.2632,12.8421,10.9474,13.8947,18.4737,15.7368,8.7368,11.4211,14.5789,16.9474,33.1579,18.8421,17.4211,11.4211,22.1053,20.6842,15.0526,18.5263,13.7368,15.2105,26.3684,17.0526,11.3684,15.8421,19.1579,18.2105,12.1053,13.5789,14.8947,9.3158,10.4737,18.0526,13.4211,7.1579,11,12.2632,11.0526,10.6842,7.1579,7.6316,10.6316,8.7368,6.8947,8.1053,11.8421,11.0526,5.6316,8.5789,7.6316,14.7368,14.1053,19.4211,28.5789,9.9474,17.8947,21.0526,14.6842,15.5789,10.6842,10.6316,16.7895,11.3158,9.0526,15.6316,17.4737,15.3684,7.5789,10,11.4737,6.6316,3.4211,4.2632,3.9474,21.3684,4.3684,4,4.5789,4.2105,6.3684,6.1053,4.1579,5.8421,4.5789,4.0526,7,7.1579,4.1579,4.5263,6.7368,10.7368,13.3684,11.2105,10.7895,7.6842,18.6316,14,8.9474,11.3684,9.0526,9.8421,14.1053,10.4211,7.9474,9.4211,12.4211,12.1579,7.4211,9.3158,9.4737,18.0526,19.6842,19.3684,22.6842,10.1053,23.4737,30.1053,15.5789,18.5263,12.1053,11.9474,22.0526,13.4737,9.3684,17.8421,19.4737,17.7368,9,11.8421,13.8421,19.6316,15.1579,18.1053,16.5263,12.1579,17.0526,16.4737,33.5789,13.5263,11.7895,11.4211,18.3158,12.7368,11.5263,16,19.5789,16.2632,11.5789,12.5263,14.0526,4.7368,5.7368,6,6.3684,4.1579,6.5263,5.7895,4.7368,11.2105,3.6842,3.5789,5.7368,4.1053,4.1053,4.5789,6,5.3158,3.7895,5.8947,3.6842,6.5789,4.1579,4.1579,4.0526,5.2105,5.1053,4.6842,3.9474,4.4737,11.7368,9,4.7895,8.1579,6.7895,4.8421,5.4211,6.7895,4.2105,5.4211,9.8947,18.0526,15.4737,14.6842,12.8421,15.0526,17.8947,15.9474,12.7368,14.7895,23.2632,29.8947,16.3684,23.3684,19.0526,15.5789,16.8421,17.9474,13.2105,16.1053,23.2632,18.4211,24.5789,20.5263,18.9474,11.5789,23.5789,23.7895,16.2632,17.2105,13.4737,15.2632,31,16.2632,12.1579,16.8421,20.5263,19.6842,11.0526,13.5263,14.8421,3.5263,4.2632,3.7368,3.3158,3.0526,4,3.6316,2.7895,3.5263,5.0526,5.4211,4.1579,7.3684,3.8421,2.8947,4.1579,4.0526,2.8947,3.3158,5,5.8421,5.3158,5.2632,4.8947,5.4737,5.7895,5.7368,4.1053,6.4211,6.8947,7.7368,6,6.7895,11.0526,4.4737,5.6316,5.5789,5.7895,8.6842,6.7368,14.2632,12.6842,13.0526,13.9474,9.3158,13.8947,14.6842,11.3684,12.1053,11.1579,10.6316,14.0526,11.4737,9.6316,28.1579,15.2632,14.7368,8.1579,9.7895,11.2632,22.5263,20.3684,21.5263,18.8947,17.3684,21.5789,21.2105,19.5789,16.6842,14.1579,15.7895,22.4211,16.6842,13.7895,20.4211,30.2105,23.3684,12,15.3158,16.8421,13.3158,11.9474,12.8947,12.4211,10.5263,12.7895,12.9474,10.2632,10.1579,12.6316,12,12.6842,12.5263,9.5789,10.5789,16.3158,20.1053,8.2632,9,12.7895,3.3158,2.9474,2.7368,2.6842,3.3158,3.7368,3.3158,3.1579,3.1579,3.5789,4.2632,3.4737,3.7368,5.6842,2.5263,3.3684,3.4211,10.7368,5.1053,3.0526,7.3684,8.3158,8.2632,6.2632,6.8947,8.0526,8.3158,5.7368,10.5789,8.2105,8.7895,8.1579,8.5789,12.7895,5.7895,8.3684,8.5263,9.8947,18.2105,7.9474,18.2632,13.4737,12.2105,11.5263,15.4211,14.8421,14,11.0526,12.4737,25.2105,21.4211,14.5789,22.4211,17.7895,14.2632,15.5263,18.5263,11.7368,16.2105,30.3684
0-211.txt_57,7.8333,4.8333,4.8889,4.8333,4.6667,5.2778,5.3889,5,3.7778,4.7222,4.5556,5.4444,5.1667,3.8333,4.6111,6,5.7778,2.7222,4.2778,4.9444,4.6667,10.5556,4.9444,3.8333,3.7222,6.1111,5.5556,3.0556,5.5556,3.6111,4.1667,8.2222,4.9444,3.2222,3.8333,5.0556,6.0556,2.9444,4.3333,4.0556,2.8889,3.4444,6,4.4444,2.2778,3,3,3.0556,3.1667,1.9444,1.7222,3.7222,2.5,1.4444,2.2778,4.1667,3.2778,1.8333,2.1667,2.1111,5.5,5.4444,9.0556,14.1667,3,7.3889,9.8333,5.0556,6.1667,3.4444,3.6667,7.2222,3.9444,3.0556,5.7778,6.7778,6.3333,2.6111,4,4.4444,2.3333,2.2222,2.2222,1,5.0556,1.7778,1.4444,1.3889,2.1667,2.1111,2.7222,1.7222,2.4444,2.3333,1.8889,2.3333,1.9444,1.8889,2.6667,2.3889,6.1667,6.8889,7.0556,7.6111,4,12.0556,10.3889,4.5,6.5,4.3889,5.7222,8.0556,5.6667,4.4444,5.3889,7.0556,7.3889,2.7778,5.4444,4.8333,7.5,9.4444,8.9444,10.9444,4,11.8889,16.1667,5.8333,7.1667,5.8889,5.8333,11.3333,6.3333,4.5556,7.1111,9.3889,8,3.4444,6.5556,6.7222,8.1667,5.8889,8.7778,7.4444,4.1667,6.5,6.8889,16.7222,6.7222,3.3333,3.3889,8,4.7222,3.3889,6.7778,9.2778,6.9444,4.1111,5.1111,4.4444,1.7222,2.0556,2.4444,2,1.2778,2.3333,2.1111,1.0556,4.6667,1.4444,1.1667,2.1667,1.2778,1.4444,1.1667,2.3333,2,1.1111,2.7222,1.3333,4.8333,3.7222,3.4444,2.3333,3.9444,3.1667,3.0556,2.4444,2.7778,10.3333,7.6667,3.6667,6.7778,7,2.8889,3.7778,4.5556,4.8889,4.9444,8.6667,9.9444,8.3889,5.6111,6,7.4444,8.6667,7.1667,4.7778,9.1111,17.6667,21.3333,7.8333,16.8889,15.3889,5,7.3333,10.0556,8.1111,12.2222,15.5,9.2778,13.5556,11.5556,9.6667,4.6111,12.7778,11.8889,7.3333,9.3889,6.1667,7.3333,17.9444,8.8333,6.6667,7.2778,11.3889,9.8889,6.5556,8.1667,7.1111,2.8333,2.7222,1.8889,1.8333,3.4444,2.7222,2.2778,1.9444,2.2778,3.9444,4.3333,3,6,3.6111,1.3333,2.8333,3,1.9444,3.2778,3.8889,3,2.3333,2.5556,1.6667,2.8333,2.6667,2.3889,1.9444,4.3333,5.6111,5.8889,2.3889,5.0556,10.2778,1.6111,2.8333,3.3333,6.7778,7.6111,5.1111,6.2778,6.0556,5.7778,6.8333,3.5556,5.9444,7.0556,4.7222,4.7778,4.3333,4.5,7.2222,3.6111,3.2222,15.6667,6.5556,6.0556,2.9444,5.2222,5.0556,6.5556,5.5,6.2778,6,4.2778,5.4444,6.5,5.2778,5.9444,4.5,3.7778,7,3.7778,3.5556,6.3889,9.7778,8.1111,3.3889,4.2778,5.2222,4.9444,5.0556,5.5,4.5,3.8889,4.8889,5.5,3.5556,4.2778,4.1667,3.9444,5.5556,4.3333,3.3889,3.6667,6.1111,8.2222,2.5,4.2778,4.7222,1.3333,1.2222,1.1111,1.3333,1.5,1.1667,1.2222,0.8333,1.3333,1.1667,1.7222,1.3889,1.5,2.5,0.6667,1.5556,1.2778,4.4444,2.9444,1.3333,4.2222,3.1667,3.2778,2.2222,2.7222,3.6111,3.7778,2.2778,5.4444,5.3889,5.6667,2.9444,4.9444,7.3333,2.5556,3.8333,4.4444,5.4444,10.5556,5.4444,6.8333,4.5556,3.6111,4.8333,4.9444,4.5,5.7222,3.6111,4.7222,11.1667,9.8889,4.7222,8.2778,7.6111,5.4444,5.6111,7.4444,4.4444,6.4444,13.5
0-211.txt_59,97.7895,52.9474,55.2105,54.3684,55.2632,61.9474,60.5789,57.5789,52.1579,56.0526,55.8421,58.7895,61,48.4211,53.1579,72.3158,67.6316,36.7895,51.2632,64.1053,52.8947,101.4211,58.2632,50.1579,33,67.0526,61.3684,42.8947,59.3158,42.0526,42.6316,79.5263,49.9474,37,42.8421,57.4737,55.2632,32.7368,47.1579,44.0526,47.0526,54.5263,87.2105,61.5263,32.8947,54.8421,55,48.4737,53.5263,33.0526,33.4211,57.6842,39.2632,30.7895,42.0526,58.7895,54.6316,25.6842,39.8421,36.1579,47.9474,48.5789,67.5263,98.4211,31.1053,58.3158,74.0526,47.1579,53.4737,34.2105,32.8947,56.6842,39.3684,29.9474,45.8947,57.5263,52.2632,24.4737,36.8421,37.9474,18.5789,13.0526,12.4211,11.5263,37.8947,14.4211,12.2105,13.3158,13.7368,17.3158,16.6842,13.7368,18.1579,13.8947,12.4211,17.6842,17.3684,12.8947,14.6842,18.0526,37.8421,42.2105,41.0526,37.5789,24.2105,63.1579,46.5789,32,41,27.1579,28.8947,46.6842,34.1053,25.3158,31.0526,41.3684,36.5789,21.9474,30.6842,29.4737,68.3684,74.5263,74.9474,92.4211,39.6842,87.7368,119.5263,58.3158,67.6842,49.9474,49.5789,83.4211,57.7368,42.5789,58.8947,75.8421,70.6316,37.4737,51.0526,55.1053,60.4211,46.4211,57.6316,52.1053,38.3684,49.8421,50.1053,105.8947,45.4737,32.8421,34.5263,52.7895,40.4737,36.9474,43.7895,61.2632,51.1579,33.6842,38.7368,38.4211,26.2632,30.8421,31.4737,27.2105,19.2105,33.2105,30.4211,20.4737,58.4737,20.2632,21.4211,29.3684,24.6316,25.1053,22.6842,28.3158,26.2105,19.2632,34.9474,22.2632,50.1053,37.1053,34.3158,33,47.1053,40.2105,36.9474,31.4211,37,95,71,39.8947,69.1053,57.2632,35.6316,42.8421,52.3684,34.6842,47.0526,79.5263,75.7368,64.0526,54.1053,48.4737,70.8947,67.8947,59.4211,48.5789,60.2105,115.8947,143.7368,65.0526,115.2632,100.1579,52.3158,66.8947,81.0526,62.4737,82.5263,106.3158,68.7895,98.2632,74.6842,67.8947,43.3158,85.6316,80.2105,56.7895,70.3158,50.6842,51.8947,123.7368,59.9474,44.1053,64.3684,75.0526,70.7895,36.4211,54.2105,56.6316,28.5263,26.0526,22.6842,19.3684,26.5263,27.1053,23.8421,19.7368,26.4211,38.2105,40.1579,26.2632,57.7895,32.0526,19.2105,26.2632,29.9474,23.5789,29.0526,35.6316,41.6842,38.2105,33.9474,31.2105,39.5263,37.3158,34.8947,30.5789,45.8947,56.9474,59.6316,37.6842,56.5263,94.7368,30.5263,39.1579,43.2105,52.6842,70.3684,53.3158,33.3684,28.2105,27,29.4737,21,31,32.2632,25.6842,25.5789,23.4737,22.2105,32.7895,25.7368,19.1053,69.7895,34.3684,31.1053,15.2105,22.9474,25.6316,76.9474,63.8421,75.7895,64.8421,57.2632,70,66.6316,62.3158,60.8947,49.1579,47.6842,68,54.1579,46.9474,60.3684,102.4737,82.5789,35.3158,51.3158,55,62.2632,57,61.3684,54.8947,49.9474,59.4211,57.1579,48.7368,51.3158,54.8421,50.3684,60.0526,56.4737,42.6316,48.6842,72.2632,98.7895,33.3158,45.3684,60.1053,9.2632,9.2105,7.6842,7.1053,9.6316,9.2632,9.1053,8.4737,10.8947,9.4211,10.7368,9.2105,10.5263,15.5263,7.8947,9.4737,9.3158,32.4211,17.3158,10.1579,24.1053,25.6316,22.5263,18.6842,21.2105,23.6842,21.2105,17.7895,35.3158,29.6316,30.3158,24.5789,30.9474,44.5789,18.2105,24,24.6842,35.7895,61.4211,29.0526,68.6842,51,50.2105,44.4737,58.8421,55.1579,50,42.5263,48.8421,98.2632,81.0526,54.5263,80.9474,68.4211,46.7895,62.3684,72.1053,42.3684,60.5789,112.1579
0-211.txt_61,12.1667,5.9444,5.3333,4.9444,7.3333,5.8333,5.8333,8.2222,4.8333,5.8889,5.7778,5.8889,5.9444,4.6111,5.8333,8.7222,7.6667,3.6111,4.9444,7.2778,5.4444,11.1667,6.2778,4.5,3,7,6.3333,4.3333,6.2778,3.0556,3.9444,8.1111,4.8889,2.9444,4.0556,5.6667,5.3889,2.8889,4.0556,3.5,4.6667,5.6111,11,6.9444,2.7222,6.3333,6,5.8889,6.4444,2.7222,2.6111,5.6111,3.6667,2.6111,4.5556,6.8889,5.4444,1.8889,3.5556,3,3.3889,3.6667,6.6111,10.1667,2.8333,5.2222,6.8333,4.2222,5.0556,2.4444,1.7222,4.3889,2.6667,2.6667,3.8333,5.2778,4.2222,1.7778,3.0556,2.5,0.5556,0.2778,0.2778,0.2778,1.4444,0.2778,0.2222,0.3333,0.2778,0.9444,0.6111,0.2778,0.6111,0.4444,0.2778,0.6111,0.5,0.3333,0.3889,0.6667,3.6667,5.3333,4.9444,4.8889,2.1111,7.8333,5.8333,3.2222,4.3889,2.4444,2.6111,5.3333,3.8889,2.1667,3.5556,4.8333,4.1111,2.5556,3.6667,2.9444,6.3889,7.7222,7.7778,9.7222,2.6667,9.6667,13.3889,5.2222,7.2778,3.7778,3.5556,8.5556,4.8333,3.4444,6.0556,7.8333,6.7222,3.4444,4.6667,4.9444,12.2222,8.1667,12.4444,10.3333,7.8889,8.3889,7.9444,23.5556,8,4.1111,4.1667,8.2778,6.1111,6.8333,7.4444,11.8333,8.5,7.2222,7,6.0556,1.2778,2.1111,2.4444,1.6667,0.8889,2.2778,2.0556,1.3889,4.2222,0.8889,0.9444,1.9444,1.2778,1.7222,1.2778,1.6667,1.3333,1.2222,2.2778,0.8889,5.0556,2.7778,3.3889,2.9444,4.9444,2.8333,2.9444,1.9444,2.7778,10.1111,7.6667,2.8333,6.6667,5.5556,2.7778,3.8333,4.8333,2.6667,4.5,9.0556,7.3889,5.7778,4.4444,3.2222,6.7778,5.7222,4.6667,2.9444,4.2778,11.8333,14.3889,5.5,11.5556,8.6111,4.3889,5.8333,7.4444,5.2778,6.8333,10.6667,4.6667,6.7778,5.2222,4.7778,2.5556,6,6,3.4444,4.2222,2.5,3.1667,8.8333,4.0556,2.5,4.8333,5.4444,4.3889,2.4444,3.5556,3.3333,1,1,0.7778,0.6111,1,1.1667,0.7778,0.6111,0.8889,1.5,1.7222,0.9444,2.4444,1.7222,0.7778,1,1,1.1667,1.2222,1.4444,3.5,2.3333,2.3889,2.0556,3.4444,2.4444,2.3889,2.5556,4.1111,5,4.8889,2.3889,4.5,9.7222,1.6667,3,3.1667,5.2778,6.8333,4.1111,5.3889,4.2222,3.9444,4.7778,3.0556,5.0556,5.0556,4.1667,3.8889,3.1111,3.3889,5.1667,4.1111,2.3889,12.4444,5.1667,5.1667,2.1111,3.0556,4.0556,9.5556,7.7222,10,9.1111,6,9.5556,9.5,8.1111,6.8889,5.4444,5.1667,8.8333,6.7778,5.4444,6.5556,13.6667,9.8333,3.9444,5.6667,5.7778,4.0556,3.2778,5,3.9444,3.2778,3.6111,3.5556,2.7778,3.0556,3.3889,3.1667,3.7222,3.3889,2.5556,3.0556,4.7222,7.2778,2.2222,2.6111,3.7778,1.1111,1.1111,0.7222,0.7222,1.4444,1.5,1.1111,1.4444,1.5,1.1111,1.5,1.1111,1.8333,2.6667,0.7222,1.1111,1.4444,6.3333,3.2222,1.1111,2.0556,2.3333,2.2778,1.6667,1.8889,2.7778,2.0556,1.5,4.1667,2.8889,2.6667,2.2778,2.6667,4.9444,1.5,2.1111,2.1667,4,7,2.6111,7.7222,4.7222,4.3889,4,6.7222,5.6667,5,3.6111,4.2222,12.6667,10.1111,5.2222,9.3889,7.3333,4.6667,5.5556,7.8889,4.2778,7.4444,13.8889
0-211.txt_63,18.6111,12.2778,13.0556,11.8333,10.7222,12.9444,12.3889,13.3889,11.3889,12.8333,13.1667,12,14.6111,12.2222,13.2778,15.8889,15.1667,10.0556,11.1111,13.3333,7.5556,16.8333,9.7778,8.5556,5.1667,11.8333,10.0556,6.4444,11.8333,6.2778,7.3889,12.9444,7.7222,6.6667,7.3889,8.7778,8.9444,6.6111,8.1111,6.6111,7.0556,7.7778,11.8333,10.2222,5.5,8.1667,7.9444,6.8889,9.9444,6.1667,6.4444,8.2778,7,6.6111,7.3889,8.8333,7.8333,4.7222,6.3889,6.1667,6.4444,7.3889,8.7222,11.4444,4.6111,7.7778,9.2222,5.8889,7.2778,4.6111,4.7778,7.2778,5.7778,4.7222,6.0556,7.5556,6.8333,4.1667,4.8333,5.5556,2.3333,1.6111,1.6667,1.2222,3.8889,1.6111,1.3889,1.8889,1.7222,2.1111,1.7778,1.5,2,1.7222,1.3333,2,2.1111,1.2222,1.5,2.2778,7.3889,7.7222,7.4444,7.4444,5.6111,8.8333,8.0556,5.7778,7.8333,5.9444,6.2222,8.1111,7.1111,6.0556,4.5556,7.7222,7.4444,4.3333,6.7222,6.3333,10.2222,11.7222,11.6111,13.4444,6.4444,13.8889,17.3333,9,11.3333,7.2778,7.7778,12.8889,8.6667,6.6667,8.8333,11.3889,10.2222,5.2222,7.7222,8.3889,13.8333,11.2222,13.7778,13.3889,8.2222,12.0556,12.3889,20,12,9.1111,8.8333,11.9444,9.9444,9.6667,11.8889,14.5556,12.5556,8.9444,9.6111,9.4444,3.1111,4.2222,3.3889,3,1.7222,3.7778,3.1667,2.7222,6.3333,2.3889,2.7222,3.3889,2.7222,3.5,2.5,3.1667,2.7778,3.5556,4.5556,2.2778,12.3889,9.6667,7.9444,7.1667,11.5556,9.6111,8.5556,7.1111,9.9444,21.8333,19.5556,9.2222,17.7778,18.1667,9.8333,10.7778,12.6111,10.8333,12.5556,19.2778,16.6111,13.0556,10.7222,9.4444,14.6111,13.5556,11.1111,9.7222,12.7778,23.7222,28.9444,12.1667,26.0556,20.7778,10.2222,13.3889,16.0556,15.2222,16.1111,22.0556,8.8889,13,9.6667,9.6667,6.2222,12.1111,11.0556,8.0556,10.0556,7.8889,8.3333,14.0556,8.7222,6.5556,8.5,9.9444,9.2778,5.9444,7.0556,8.2222,6.1667,5.5,4.6111,4.5556,5.6667,5.6667,5.1667,4.4444,5.8333,7.5556,8.7778,5.1667,9.8333,7.5556,5.7778,5.7778,5.7778,4.5556,6.7222,7.1667,5.8333,5.8889,4.9444,3.9444,5.2778,5.0556,4.5556,4,6.4444,8.7778,9.1111,5.5556,8.4444,13,4.3333,6.1111,7.1111,9.5556,9.5556,8.1111,7.7222,7.8889,7.2778,7.5556,4.9444,7.1667,7.5,6.8889,7.8889,5.9444,6.8889,8.3889,6.2778,5.6667,14.7778,8.2778,8,4.1111,6.1667,6.6111,9.7778,11.6667,10.3333,9,6.5,10.7222,10,9.2778,11.3889,7.7222,8.9444,11.0556,9.1111,8.6111,10.4444,12.4444,10.6667,7.2222,8.4444,8.0556,8.7222,7.6667,8.1667,7.2222,6.6111,7.6111,7.1111,6.5556,7.8889,7.7778,7.7222,7.2778,8.3333,6.8889,6.7222,9.5,11.3333,5.5,6.1667,7.7778,3.2222,3.0556,2.6111,1.8889,2.6667,3.1667,2.6111,3.5,3.5556,4.0556,4.7222,2.5556,4.3333,6.1111,3.3333,2.9444,3.2222,7.4444,4.9444,3.6111,7,6,5.6667,3.8889,6.0556,5.6111,5.3889,4.5556,8.6667,7.7222,9.2222,5.8333,8.4444,11,4,6.1667,6.3889,7.9444,11.2778,7.3889,9.9444,6.7222,6,4.7222,9.1667,6.0556,6,5.1111,6.4444,13.2222,12.6667,6.1111,12.2222,11.7222,6.3333,8.3889,9.6111,5.8333,8.2778,14.5
0-211.txt_65,6.3529,2.8824,2.4118,2.6471,2.5294,3,2.8824,2.8824,2.2353,3.4118,3.2941,3.5882,3.3529,2.3529,3.1765,3.8824,4.1176,1.6471,2.5294,4.4118,1.3529,3.0588,1.6471,1.1176,0.8235,2.1765,1.6471,1.7059,1.3529,1.1176,1.0588,1.8235,1.2353,0.7059,1,1.7059,2.4706,0.7647,1,1.0588,2.6471,2.7647,7,5.8235,1.2941,3.6471,4.0588,3.0588,3.4118,1.2941,1.5294,3.9412,1.9412,1.2941,2.1176,3.7647,3.2941,0.9412,2.0588,1.5294,1.6471,1.5882,2.5294,4.4706,0.8235,2.0588,2.5882,1.5882,1.7647,0.7647,0.7059,2.1765,1.1176,1.3529,1.7059,2.6471,2.0588,0.8235,2,0.8235,1.5882,0.4118,0.6471,0.4706,4.8824,0.5294,0.4118,1,0.5882,1.1176,1.1176,0.5294,1.1176,1.5294,0.5882,1.4118,1.1765,0.8824,1.0588,1.2353,1.7059,1.9412,2.0588,1.8235,0.7647,3.4118,2.4706,1.4118,1.6471,1,1,2.9412,1.4118,1,1.1765,2,1.8235,0.8235,1.2941,1.5294,1.5294,1.2941,1.5882,2.0588,0.7647,1.6471,2.7059,1,1.2941,1.2941,1.1765,1.9412,1.1176,0.8824,1.4118,1.8824,1.7059,0.7059,1.3529,1.5294,3.8235,2.7647,4.1765,3.5882,1.8235,3.2353,3.4706,6.9412,3.1765,1.7059,1.7647,3.8824,2.4706,1.6471,2.2353,4.3529,3,1.8235,2.4706,1.8824,1.4118,1.4706,1.5294,1.3529,0.5294,1.3529,1.4118,1.0588,3.3529,0.5294,0.7059,1.3529,0.8824,0.7647,0.7647,1.5294,1.0588,0.4706,1.2353,0.6471,2.4706,1.5882,1.4118,1.2941,2.1176,1.6471,1.7647,1.1176,1.3529,4.9412,3.1765,1.9412,2.7059,2.7059,1.8235,2.0588,3.2941,1.4118,2.2941,3.4706,3.0588,2.1176,2.1765,2,2.8235,2.4706,2.7647,1.5294,2.4118,4.5882,6.7647,2.4118,4.7059,3.7059,2,2.5882,3.1765,2.3529,3.5294,4.1176,4,4.7647,4,3.7647,1.7059,5,4.4118,2.8235,3,1.9412,2.0588,8,2.7059,1.2353,4.1176,4.5294,4.3529,1.1176,1.8824,2.4706,0.5882,0.7647,0.5294,0.4118,0.4706,1.2941,0.6471,0.4118,0.5882,0.7647,0.9412,1.0588,2,0.5882,0.4118,0.5882,0.7059,0.4706,0.5294,0.7059,1.5294,1.2353,0.7059,0.5882,1,0.8824,0.7647,0.6471,1.6471,2.1765,2.2941,1.0588,2.0588,5.1176,0.6471,1.3529,1.2353,2.3529,3.8824,1.8824,0.5882,0.5294,0.7647,0.6471,0.4118,0.7059,1.0588,0.4706,0.7647,0.5294,0.7647,0.6471,0.6471,0.7059,1.6471,0.8235,0.5882,0.6471,1.3529,0.5882,4.7059,4.3529,5.3529,5.7059,2.8824,4.9412,4.8235,4.9412,3.5294,2.4118,2.6471,5.5882,3.0588,2.1176,3.7647,7.4706,5.4118,1.8824,2.7647,3.0588,5.3529,3.2941,4.6471,3.9412,3.5882,4.1176,4,3.4706,2.8235,4.2941,3.5882,4,4.1176,3.1176,3.7059,5.7647,9.4118,2.2353,3.0588,5.2353,0.2941,0.2353,0.1176,0.1176,0.2941,0.2941,0.2353,0.2353,0.3529,0.3529,0.5882,0.2353,0.4706,0.8235,0.1176,0.2353,0.2941,1.7059,0.9412,0.2941,1.9412,1.2941,1.4706,1.4706,1.9412,1.6471,1.5294,1.9412,3,1.5294,1.8235,1.3529,1.7647,3.7059,1,2.0588,1.7059,2.6471,5.5294,1.4706,2.2353,1.0588,1.2353,1,1.1176,1.2353,1.8235,1.1176,0.9412,2.3529,2.1176,1.1765,1.7647,1.6471,0.9412,1.3529,1.7059,1,1.7059,3.2353
0-211.txt_67,11.4737,3.9474,4.4737,3.4737,7.3684,4.3684,4.5263,8.6316,4.1053,9.2105,7.7368,4.6316,6.9474,7.1579,5.2105,7.8421,7.4211,4.4737,5,9.1579,4.3158,9.3684,4.3158,3.8421,2.4211,5.3158,4.3158,2.5789,4.2632,3.2632,3.5263,6.3158,3.6316,3.6316,3.5263,5.0526,4.3158,3.8421,4.8947,3.2632,2.6316,2.5789,5.2105,3.3684,2.2105,2.8947,2.8947,3.2632,3,1.6842,1.9474,3,1.6842,1.8947,2.5263,3.0526,2.5263,2.3158,2.0526,1.8421,1.9474,1.6316,3.1053,4.1053,1,2.2105,2.6316,2,1.6842,1.4211,1.3158,1.9474,1.3684,1.5263,2.3158,2.3684,2,1.8421,1.4211,1.4211,0.7895,0.2105,0.3158,0.2632,0.6316,0.3158,0.2105,1.1579,0.2105,0.5789,0.5263,0.3158,0.4737,0.6842,0.3158,0.5263,0.3684,0.2632,0.3684,0.6842,3.6842,3.4211,4.2105,3.4737,2,6.1579,4.0526,3.1053,4.9474,2.3684,2.7895,3.7368,3.3684,2.5789,2.2105,3.7368,3.1579,2.9474,4.0526,2.6316,4.2632,5.3684,4.9474,4.4737,2.6316,5.2105,6.6842,3.5789,4.2105,2.9474,3.2632,4.9474,3,3.3684,4.5263,4.6316,4.5263,2.8947,3.3684,3.1579,9.5263,4.3684,6.5263,4.8421,4.1053,5.4211,4.4211,15.2105,4.6316,5.3158,5.0526,5.5789,5.8421,6.1053,5.1053,7.3684,5.8421,4.1579,4.8421,5.4211,1.3158,1.7895,2.0526,1.6316,0.8947,1.8421,1.6316,0.9474,3.8421,1.6316,1.1579,1.6316,1.3158,1.9474,1.4211,1.7368,1.7368,2.5789,2.8421,1.3158,10,4.8947,4.4211,3.6842,7.1579,5.3158,4.7895,5.2632,5.5263,18.3158,14.4737,4.8947,13.5263,14.6316,5,7,8.8947,8.5789,10,14.1053,10.6842,6.4737,5.2105,3.6316,8.9474,6.5263,5,6.2105,6.1053,18.4737,19.4211,5.9474,16.8421,17.3158,7.3158,8.1053,9.7368,11.4737,12.5263,15.4211,2.3158,4.3158,2.5789,2.1053,1.3158,3.0526,2.4737,1.6842,2.9474,1.8947,1.7895,4.5263,1.7368,2.0526,3.0526,2.6316,2.2632,2,3.1053,1.7368,1.7368,1.1579,1.1579,1,1.7368,1.7368,1.1579,1.2105,1.3684,2.6316,2.5789,1.2105,3.6316,2.4737,1.1053,1.5789,1.8421,1.5263,1.7368,2.4737,3.4211,2.2632,2.1579,1.8421,2.4211,2.6842,2.3158,2.9474,2.5263,5.3158,4.7368,2.3684,4.1579,8.1053,2.5263,3.2632,3.6316,6.6316,5.3158,4.5789,2.3684,1.6316,2,1.8947,1.5263,1.7895,1.6842,2.1053,1.6316,1.9474,1.8947,1.6842,1.8947,1.6842,5.7895,2.2632,2,1.2632,1.2632,1.7895,3.3684,2.0526,3.1579,2.9474,2.5263,2.4211,2.4737,3.2632,2.1053,1.6842,2.1579,2.4211,2.1579,2.2632,2.6842,4.5263,3.1579,1.2632,2.1053,2,2.5789,1.3158,1.8421,1.7895,1.5263,2.1053,2.2632,2.2105,1.5263,2.6316,2.2632,1.6842,2.2105,2.5263,1.4737,2.6842,3.2105,1.7895,1.5789,2.6842,1.9474,1.7895,1.4211,0.9474,1.8421,1.3158,1.2105,2.1053,1.5789,2.7895,3.2632,1.2105,2.4737,3.6316,1.4737,1.7368,1.9474,6.8947,3.2105,1.8421,3.7895,3.2632,3.2105,2.0526,2.9474,3.1579,2.6842,2.9474,5.3684,4.5789,4.3684,2.8947,4.1579,7.9474,2.4211,3.3684,3.6316,6.6842,10.4737,4.2632,4.6316,2.7368,2.1579,2,4.0526,2.5789,2.3684,2.4737,2.1053,6.7368,5.9474,2.6842,5.1053,6.1053,2.5263,3.4737,4.1053,3.5263,4.0526,6.6316
0-211.txt_69,4.0588,1.7059,1.5882,1.7059,1.7647,1.8824,1.8824,2.0588,1.5294,1.6471,1.4118,2,1.8235,1.4118,1.7647,2.8235,2.3529,1.1176,1.7647,2.1176,2.0588,4.1765,2,1.6471,1.9412,2.1765,2,1.5882,1.9412,1.1176,1.3529,2.9412,1.7059,1.0588,1.2353,2.2353,2.2353,0.9412,1.7647,1.3529,2.3529,2.2941,5.1765,3.7059,1.2353,2.7059,2.6471,2.5294,3.2353,1.4118,1.1176,2.5294,1.5882,1.0588,1.5294,3.1765,3.1765,0.7647,1.7647,1.6471,1.2353,0.9412,1.8235,2.7647,0.6471,1.5294,1.8824,1.1176,1,0.9412,0.6471,1.1765,0.8824,0.6471,0.9412,1.2941,1.4118,0.5294,0.9412,0.8235,0.6471,0.1176,0.2353,0.1176,1.6471,0.2353,0.1765,0.2941,0.2941,0.3529,0.3529,0.2353,0.3529,0.4118,0.1765,0.4118,0.4118,0.3529,0.6471,0.4118,1.0588,1,0.8824,0.7647,0.5294,2.1765,1.1176,1.1176,1,0.7059,0.7059,1.0588,0.9412,1.0588,0.6471,0.9412,0.8824,0.7059,1.2353,0.9412,1.7647,1.8824,1.7059,1.7647,0.5882,2.0588,3.1176,0.9412,1.8824,0.7647,1.1176,1.7059,1.5294,0.8235,1.4706,1.6471,1.2941,0.7647,1.4118,1,3.5882,1.9412,3.1765,2.3529,1.5882,2.1176,2,7.1176,1.7059,0.6471,0.7059,2.2941,1.5882,0.9412,1.5882,3.3529,2.7059,1.4118,1.0588,1.2353,0.4118,0.4706,0.5294,0.3529,0.2941,0.4706,0.4706,0.2941,1.1765,0.4118,0.5294,0.4118,0.4706,0.4706,0.2941,0.4706,0.6471,0.2353,0.6471,0.5882,2.2353,1.4706,1.5882,1.4118,1.8235,2,2,1.0588,1.7647,3.5294,2.4706,1.7647,2.4706,1.6471,1.2353,1.8235,2.1176,1.1765,1.7647,2.5882,3.1176,2.7647,1.5294,1.2941,4,3.2941,2.1765,0.9412,1.9412,6.8235,8.8235,2.2353,6.4118,4.7059,1.7647,2.2353,3.9412,2.5882,3.5294,6.1176,2.1176,3.2353,3.0588,2.7647,0.8235,3,3.2941,1.7059,2.1176,1.1765,1.0588,4.4118,1.7647,1,1.5294,2.4118,2.5294,0.9412,1.7059,1.2941,0.6471,0.5882,0.5294,0.3529,0.4706,0.9412,0.5882,0.2941,0.5294,0.9412,1,0.7647,1.7647,0.9412,0.3529,0.5882,0.8824,0.4706,0.7059,1,0.9412,0.7647,1.1176,0.5882,0.8824,0.7647,0.7059,0.5294,1.6471,1.8824,2.0588,0.6471,2,4.3529,0.3529,1,1.0588,3.3529,2.6471,1.5882,0.9412,0.5882,0.6471,0.6471,0.4706,0.7059,0.8235,0.5882,0.5882,0.6471,0.5882,0.8235,0.5882,0.2941,2.9412,0.8824,1.1765,0.2353,0.4706,0.8824,4.2353,2.2941,3.4118,3.5294,2.1765,3,3.1765,3.8235,2.3529,1.6471,1.8824,2.8824,2.4706,1.5882,2.7059,5.9412,3.8235,1.2353,2.1176,2.0588,5.9412,4.3529,6,5.3529,4.4706,4.8824,5,3.7059,4,4.8235,4.2353,4.7647,4.4706,3.3529,4.1765,7.4706,11.1765,2.8235,4.4118,5.3529,0.4706,0.8824,0.2353,0.1765,0.4706,0.7059,0.4706,0.4706,0.5882,0.4118,0.5882,0.8235,0.7059,1.1765,0.1765,0.4118,0.5294,3.8824,1.5294,0.2941,2.4118,1.3529,1.4706,1,2,1.5294,1.3529,1.0588,1.0588,3.5294,2.6471,1.5882,2.7059,1.7647,1.3529,2.1176,2.8824,0.8824,1.7647,4.8824,0,0,0,0,0,0,0,0,0,0,0,0,0,0,0,0,0,0,0,0
0-211.txt_71,18.55,9.35,9.1,7.9,18,9.55,8.85,11.9,9.95,18,16.6,9.65,17.6,17,9.95,14.8,16.3,11.4,13.35,17.95,6.7,13.55,7.8,6.2,7.25,10,7.4,5.8,10.7,6.1,6.7,11.05,7.75,6.4,7.05,7.65,7.9,6.15,6.8,6.3,1.7,1.75,3.9,2,1.45,2.05,1.9,1.95,2.6,1.25,1.1,1.75,1.4,1.25,1.55,3.05,2.45,0.8,1.6,1.65,1.4,1.85,2.35,2.1,0.85,1.6,1.6,1.45,2,0.85,0.95,1.55,1.05,1.25,1.15,2.15,1.65,0.65,1.45,0.9,1.85,1.15,1.5,1.1,4.2,1.35,0.95,1.15,1.4,1.6,1.7,1.05,1.8,2.05,1.3,1.85,1.8,1.4,1.65,1.6,3.5,4.25,3.55,2.95,2.85,4.75,3.5,3.3,4.45,3.05,3.45,4.2,3.7,2.75,3.05,3.65,3.55,2.6,3.25,3.5,1.3,1.2,1.7,2.25,2.35,1.55,2.15,1.15,1.6,1.05,1.3,1.3,1.55,1.3,1.4,1.7,1.5,1.6,1.35,1.25,9.8,6.85,6.95,5.7,8.1,5.95,6.05,10.1,6.5,8.45,8.25,6.4,8.1,8.05,5.85,8.9,8.95,6.25,7.25,8.85,1.35,1.75,1.15,1.05,1.7,1.3,1.05,0.95,2,0.8,0.7,1.3,0.9,0.65,0.75,1.75,1.4,0.85,0.95,0.8,1.7,0.85,1.05,0.7,1.6,0.95,0.85,1.15,1.25,2.5,1.85,0.9,1.55,2,0.85,1.6,2.1,1,1.3,2.15,21.5,10.85,10.9,7.9,23.4,12.2,9.55,13.1,13.05,27.1,31,11.7,26.85,27.7,10.75,18.4,20.5,16.05,19.2,27.05,1.35,1.15,0.95,0.55,1.8,1.05,0.65,0.75,1.2,1.7,1.95,0.9,2.45,1.55,0.65,0.95,1.1,1.65,2,1.8,1.9,1.45,1.3,0.95,2.65,1.45,1.15,1.4,1.85,3.7,3.85,1.15,3.45,4.8,1.2,2.05,2.3,2.95,3.6,3.35,8.75,6.65,7.45,7.25,7.05,7.4,7.05,6.35,7.65,6.55,6.7,6.55,6.75,6.5,13.95,9,8.7,6.25,7.2,7.15,9.55,7.25,8.95,7.2,9.1,7.65,7.6,8,8.8,7.25,7.45,6.95,8.15,8.05,6.95,13.1,10.25,7.1,7.55,8.55,3.9,3.4,3.2,2.5,3.65,2.8,3.2,2.5,2.7,3.95,3.7,3,4.05,3.5,2.9,4.2,5.1,2.1,3.3,4.4,2.1,2.05,1.45,1.25,2.3,2.1,1.7,1.6,2.65,2.6,3.05,1.95,2.9,3.7,1.5,1.85,2.6,6,3.85,2.5,2.3,2.2,2.1,1.4,2.8,2.15,1.6,1.7,3.25,2.65,2.85,1.55,2.75,4.45,1.8,2.35,2.5,3.45,5.3,2.65,5.6,3.8,4.4,2.85,5.45,4.3,3.2,3.6,3.85,8.15,7.2,3.75,6.8,6.55,3.55,5,6.15,5.4,4.9,8.3,0,0,0,0,0,0,0,0,0,0,0,0,0,0,0,0,0,0,0,0
0-211.txt_73,27.7059,10.4706,12.5294,11,12.0588,12.9412,13.1765,15.2941,11.4706,15.0588,14.1765,12.4706,14.6471,11.8235,12.5294,18.4706,16.0588,6.9412,10.8824,15.8824,1.7647,4.2353,2.2941,1.7647,0.7647,2.8235,2.2941,1.5882,2.0588,0.8824,1.2353,2.7647,1.5294,1,2.0588,2.1765,2.1765,1.1765,1.2353,1.0588,4.0588,3.7059,9.3529,5.4706,2.5294,4.5882,4.1765,4.1176,4.2353,2.4706,2.5294,4,3.4706,1.8824,2.9412,5.3529,5.4706,1.1765,2.2353,3.1765,3.5882,3.8824,4.5294,8.0588,2.0588,4,5.2353,2.8824,3.6471,2.4706,2.5882,4.1765,2.6471,2.1176,4.5882,4.4706,3.6471,2.1765,2.3529,2.5294,1.4706,0.8235,0.6471,0.4118,3.1176,0.9412,0.6471,1.2353,0.5882,1.7647,1.4118,0.6471,1.8824,0.9412,0.9412,0.9412,1.1765,1.2353,1.2353,1.5294,5.7647,6.6471,5.2941,5.5882,2.7647,11.3529,7.3529,4.4706,7.1765,3.7647,4.1765,6.8235,5,2.8235,4.8824,5.5882,5.7059,2.5294,4.3529,4.1176,4.4118,4.4118,5.0588,6.5294,1.8824,5.2353,8.7059,3.7647,3.8235,3.3529,3.0588,4.5882,3.4706,2.5882,3.7059,5,4.4706,2.8235,3,3.6471,11.5882,5.5294,7.6471,6.3529,5.1176,6,5.7059,20.4118,6.7059,6.2353,5.5294,6.8824,6.6471,5.9412,5.9412,10.1176,7.9412,4.5882,4.8824,7.2353,4.2353,4.8235,4.4706,4.2941,2.2941,5.5882,5.2353,3,10.5294,3.7059,3.2941,4.3529,3.5882,4.1176,3.5882,4,3.7059,3.7647,5.4706,3.0588,10.2941,5.7059,4.2353,3.7059,8.3529,6.1765,5.2353,4.4706,4.5882,23.5294,18.1765,6.2353,15.5294,13.1176,5.4118,7.5294,10.5294,7.3529,9.2353,18.8824,14.5882,8.2353,6.5294,5.5882,11.9412,9.6471,8.8824,6.8824,7.5294,25.1176,33.3529,8.8235,23.4118,19.8824,8.6471,11.2941,15.5294,12.7647,14.6471,22.1765,4.6471,6.9412,4.5294,4.1176,1.8824,4.7059,4.9412,3.3529,3.3529,3.1176,3.2353,8.3529,3.5882,1.8824,3.4118,4.8235,4.1765,2.2941,3.0588,3.4706,4.1765,3.1176,1.8235,1.2941,2.8235,3.1765,2.0588,2,2.4118,6.4706,7.0588,3,10.8235,5.5882,2.4706,3.2353,4.1176,3.2941,4.4118,6.2941,7.3529,6.8824,6.0588,4,5.3529,5.5294,5.4118,5.1176,7.7647,12.1765,13.1176,6,11.3529,24.9412,5,7.1176,8.1765,10.8235,15.2941,11.1765,4.5882,2.4118,2.5294,2.8235,2.0588,3.5882,3.5882,2.6471,2.7059,3.5882,3.5882,3.4118,2.8235,2.5882,11,4.1176,3.6471,1.3529,2.0588,3.5882,8.4706,5.2353,7.5882,6.2941,6.0588,6.9412,6.8235,7.1765,6.1765,6.2941,5.1176,6.3529,7.1765,4.8824,5.7647,13.0588,9.3529,3.6471,4.6471,6.7059,7.8824,5.3529,6.1176,5.5294,5.2353,5.4118,5.5294,5.8824,5.1765,6.3529,5.5294,5.6471,6.3529,4.6471,4.7059,8.2353,13.2941,2.8824,4.3529,6.7647,1.0588,1.0588,0.5294,0.2941,0.6471,1.2353,0.7059,0.8824,1.2353,1.5294,1.5882,1,1.2353,2,0.4706,1,0.9412,4.7647,2.4706,1.4118,3.6471,2.5294,2.1176,1.7059,2.0588,2.3529,1.9412,2.5882,3.2941,3.7059,3.2941,2.2353,3.6471,4.7647,1.5294,3,2.7647,4.2353,7.4706,3.5294,12.4118,6.5294,6.0588,4.2941,8.4118,7.0588,6.2353,5.6471,5.3529,20.7059,17.2353,7.7059,16.4118,12.8824,6.5882,8.8235,12.4706,7.1765,10.1176,24.1176
0-211.txt_75,21.5263,10.6316,12.2105,11.6842,9.9474,12.0526,13.2632,15.3158,10.3684,8.7895,8.2632,12.6316,10,6.4737,11.4737,15.4211,13.0526,5.5263,7.5263,11.3158,8.1579,15.7895,7.2632,7.1053,4.7895,10.4737,9.1053,5.7368,9,6.9474,7.3684,11.7368,7.6316,6.2632,6.9474,7.9474,8.3684,5.4211,7.4211,7,2.2105,2.4737,3.6842,2.5263,2,2.1579,2.1053,2.8421,1.9474,1,1.3158,2.1579,1.5263,0.8421,2,2.2632,2.2105,0.6842,0.9474,1.2105,7.7368,6.2632,10,14.3684,3.4737,7.8947,10.2105,7.1579,6.8421,3.6842,4.2105,7.5263,4.3684,3.5789,6.5789,8,6.8947,2.5789,4.5263,4.2632,5.8421,5.5789,5.7895,4.8421,2.8421,8.2105,6.4211,3.6316,5.9474,3.5789,3.8421,6.8421,4,2.9474,3.7368,5.3684,5.1053,2.4737,4.4737,4,8.2105,7.7368,8.2105,10.6842,3.8421,10,14,6.8947,7.7368,5.4211,5.1579,9.1579,5.2105,4.0526,6.0526,8.1053,7.1579,3.3158,4.5789,5.9474,11.7368,7.8947,10.2105,9.7368,6.3684,8,8.5263,21.2632,7.7895,4.9474,4.5263,8.8947,6,5.4211,7.4211,11,8.7368,4.8421,5.1579,6.1053,2.2632,2.3684,3.0526,2.3684,1.8421,2.8947,2.6316,1.9474,5.7368,1.1579,1.6842,2.2105,2,1.5263,1.5789,2.3158,2.2632,1.6316,2.6842,1.4737,5,3,2.9474,2.3158,5.0526,3.3158,2.7895,2.7895,2.4211,10.2632,7.5263,3.5789,6.7368,6.1053,3.0526,3.5789,5.6842,3.8421,5,9.2632,10.5789,9.2632,6.5263,5.8421,10.6316,9.3158,7.4737,5.4211,8.5789,15.8947,21.2632,8.1053,16.1053,14.9474,6.5263,8.3684,11.2105,10.8421,11.5263,15.4211,3.2105,4.9474,2.8947,2.4211,1.5263,3.9474,3.3684,2.3684,3.3158,2.2632,2.3158,6.1053,2.5263,1.9474,2.3684,3.4211,3.4211,1.3684,2.0526,2.8947,3.1053,2.9474,2.3158,1.6842,3.2632,3.2632,2.4211,1.7895,2.8421,5.2105,6.2632,2.6316,8.2632,5.5789,1.9474,2.8947,3.7895,3.2632,4.2105,4.5789,2.9474,2.6316,2.3158,1.5263,2.2632,2.7368,2.1579,1.7368,3.2105,3.5789,4.0526,2.1053,3.8421,7.6842,2.1053,2.5263,2.9474,5,5.3684,3.2632,3.6316,3.7895,3.2105,3.5263,1.9474,3.5263,3.9474,2.4211,2.8947,2.3684,2.8421,4.1579,3,2.8421,9.3158,3.4737,3.4737,1.7895,3,2.5789,6.4211,4.9474,5.6842,5.4737,3.7895,5.4737,5.0526,6.2632,3.7368,3.4211,3,5.5789,3.4211,2.5789,4.8421,8.2105,7.4211,2.2105,3.1579,3.9474,4.1579,3,3.4211,3.1579,3.8421,3.0526,3.3684,2.5789,3.3684,3.4737,3.5263,3.0526,2.8947,2.3684,3.3684,4.7895,6.8947,1.5789,2.7368,4.4211,2.1579,1.7368,1.2632,0.8421,1.5263,1.7368,1.4737,1.1579,2.3158,2,2.4737,1.8421,1.9474,3.2632,1.1053,1.4211,1.5789,5.2632,2.8947,1.7368,1.4737,1.3684,1.2632,0.7895,0.9474,1.5263,1.3684,1.1579,2.9474,2.1579,2.1053,1.4737,1.7368,3.5789,1,1.5263,1.6842,3.0526,5.2632,1.8947,8.4211,5.4737,4.6316,4.3684,7.7368,5.6842,6,4.5263,5.0526,13.5263,10.3684,5.9474,9.5789,7.6842,5.4211,6.4211,9.8947,3.9474,6.8421,16.3158,0,0,0,0,0,0,0,0,0,0,0,0,0,0,0,0,0,0,0,0
0-211.txt_77,32.0556,16.2778,18.6667,16.7222,18.0556,18.5556,18.2778,19.7222,17.2222,15.5556,15.7778,18.6111,17,13.5,17.9444,25.6111,20.9444,10.8333,15.1111,18.2222,12.4444,23.9444,13.0556,10.1667,6.5556,15.8333,14,9.5556,12.2778,8.3889,9.2222,17.8889,10.3889,7.6667,9.1111,12.6111,11.9444,6.9444,9.7778,9.1667,17.4444,21.7222,38.2778,24.1111,11.9444,23,21.2222,18.2778,22.7222,11.8889,12,22.8333,15.0556,13,15.6667,23.2778,20.8333,10.2222,15.2222,13.5556,15.3889,15.8333,20.7778,32.7222,8.1667,18.3333,22.3889,14.7222,14.8333,9.2222,9,16.8333,10.5556,7.9444,14.7222,19,17,7,10.1111,10.3889,4.6667,3.1667,2.8333,2.3889,8.2222,2.7222,2.3889,3.6667,2.5,3.5,3.3889,3.2778,3.6111,2.9444,2.9444,4.2778,3.6667,2,2.6111,3.6111,12.1667,14.7778,12.5556,12.5556,6.7222,22,15.9444,9.1667,13.7222,7.8333,8.9444,14.7778,11.2222,7.2778,9.5,13.1111,11.0556,7.5,9.3333,9.1111,19.2778,23.4444,23.1111,28.6667,9.5,28.5,38.2222,16.7778,19.7778,11.0556,12.7778,25.4444,15.5,10.9444,17.6667,22.5556,20.2778,10.7222,14.8333,13.2778,13.1667,8.6667,11.1667,10,7.6667,10.2222,9.7778,24.1111,8.7222,5.3333,5.6667,10.2222,7.4444,5.6667,10.7778,12.8333,10.1111,6.0556,6,6.8333,7.4444,9.6111,10.8889,8.3889,4.1111,10.6111,9.6111,6.0556,19.2222,4.1111,4.7778,9.1667,6.4444,6.2778,6.7778,8.7222,7.5,4.9444,10.5,4.9444,17.2222,12.8889,10.6667,10.3333,15.2778,14.1111,11.7778,10.1667,11.5,36.3889,25.9444,13.1111,23.9444,20.2222,11.9444,15.2778,19.1111,12.8889,17.3889,29.9444,19.2778,16.6111,13,11.2778,17.8333,17.2222,14.6111,10.2778,14.6111,32.4444,41.8889,16.1667,32.5556,26.9444,15.0556,16.7222,21.2222,16.6111,20.6111,30.1111,19.4444,26.7778,23.7222,20.4444,12.1667,25,25.0556,15.4444,19.4444,13,12.7222,34.0556,16.4444,12.2778,15.1111,21.6667,19.1111,10.8889,15.1111,14.3333,5.3333,5.1111,4.0556,3.6111,4.1667,5.3333,4.5,4.6667,4.1111,6.8889,8.1111,5,11.9444,6.7222,3.6667,5.2778,5.4444,4.4444,5.6667,6.1667,11.5,10.4444,8.8333,6.9444,10.6667,9.1667,8.2222,8.5,13.0556,15.3333,17.7222,9.1667,15.8889,31.3889,7.3333,10.2222,11.1667,17.2778,22.2778,13.7778,13.3889,10.3889,11.1111,11.3333,8.0556,11.6111,12.5556,9.6111,9.9444,9.5,9.3333,12.9444,9.9444,7.0556,31.4444,13.7222,13.3333,6.5556,8.2222,10.4444,45.5556,33.5,40.4444,36.7778,29.9444,38.5556,36.8889,36.6667,31.1667,25.0556,24.5556,37.6667,28.3333,22.2778,34.3889,60,43.7778,18.6111,25.1667,29.2222,14.2778,12.1667,13.7778,12.3889,10.4444,13,13.2778,10.5,10.4444,12.7222,12.5,12.6111,12.6667,10.1667,11.2778,16.4444,22.8889,9,10.7222,13.7778,2.5,2.4444,1.7222,1.3333,1.8889,2.7222,2.7778,2.5556,3.1111,2.6111,3.3333,2.1667,3.4444,4.8889,1.2222,2,2.5,11.2222,5.2222,2.5556,9.4444,8.1667,7.5,6.8333,6.6111,8.6111,8.6111,5.8889,12.1667,9.2222,10.5,8.5,10.5556,15.6667,6.2778,9.1667,9,13.2778,22.5,9.9444,23.7778,16.2778,16,14.3333,19.6111,17.6667,16.8889,14.0556,15.0556,34.1111,28.7778,17.5556,27.5,20.8333,15.5,20.8333,25.3333,13.4444,19.6111,39.1111
0-211.txt_79,30,16.3158,16.4211,15.4737,20.6842,17.7895,18.2105,16.4737,17.6842,18.5789,18.1053,17.3158,18.3684,15.1053,17.2105,22.7368,20,11,15.6842,20.0526,13.8947,24.6316,15.8947,14.4211,10.4211,18.2632,17.3158,11.8947,16.6842,10.5789,12.0526,20.4211,13.1579,9.8947,12.8421,15.8947,14.5789,10,12.5263,11.3684,11.4737,13.2105,22,17,9.7895,14,14.7368,12,15.4737,9.3158,9.6842,13.8947,10.4737,8.6316,9.8947,14.4737,13.2632,8.5263,10.7895,9.5789,16.5263,17.8421,24.1579,31.2105,13,20.2105,23.3684,15.9474,20.0526,12.1579,12.5263,20.1053,14.1053,11.5789,15.1053,19.7368,18.1053,10.7895,14.2632,12.2105,6.1579,4.9474,4.7895,4.6842,10.5789,5,5,4.0526,4.1053,5.6842,5.2105,5.0526,5,4.4211,4.1579,5.6842,6.1579,4.5263,5.4211,6.3158,14.4211,17.5263,17.1053,16.3158,11.4737,23.2105,18.3684,13.2632,17.3684,11.3158,12.7895,17.8421,13.2105,11.0526,14.0526,16.4737,14.7368,11.4211,13.5263,12.5263,18.2105,20.3158,20.6316,24.8421,12.8421,24.2632,30.4211,16.2632,19.7895,14.7368,14.5263,22.5789,15.1053,12.7895,16.8947,20,19.0526,12.3684,15.0526,15.1053,29.2632,24.1053,29.8421,25.9474,20.5789,23.8421,25.2632,45.8947,24.6316,16.9474,18,25.7368,19.7895,18.4737,21.6842,30.2632,24.2632,16.4211,20.5789,18.6842,9,10.6842,11.5789,10.6316,8.8947,11.0526,10.6316,7.5263,19.5263,7.7895,7.7895,10.8947,9.9474,9.2105,7.0526,9.2632,8.7368,7.5789,10.8947,7.5789,9.3684,7.7368,6,5.8421,8.8421,7.4211,7.2105,4.9474,6.4737,16.4737,12.9474,7.2632,11.5263,9.1579,5.8947,7.8947,9.4211,6.3684,8.7895,14.2105,26.8421,23.9474,21.5789,18.8947,29.7895,25,23.4211,16.6842,24.6316,40.7368,48.9474,22.6842,39,32.2105,18.6316,23.8421,27.5789,24.5263,29.2632,36.3684,18.4737,24.1053,20.2105,18.8421,14.5789,22.7895,21.2632,16.0526,19.6842,15.4737,15.7895,27.6316,16.4211,12.7895,17.7895,19.5789,19.2105,12.2105,15.7895,15.1579,5.5789,5.5263,4.9474,4.5263,4.6842,6.6842,5.3684,3.9474,5.2632,6.9474,7.8421,6.2632,9.4211,6.1579,4.1053,5.3158,5.5263,4.8947,6.4737,6.7368,8.5263,7.6316,8.2105,7.0526,8.1053,8,7.2105,6.5789,10.7895,10.1579,10.6842,7.8421,10.2632,16.5263,6.6316,8.2632,8.4211,9.6842,13.6316,9.6316,18,14.6316,15.6316,15.6316,12.5263,16.1579,16.4737,13.8947,13.6316,13.5789,12.9474,15.9474,13.4737,10.4737,32.1053,17.4737,16.7368,9.0526,13,14.8947,27.1053,23.3158,26,23.5263,21.1579,23.7895,25.3158,21.7368,23.5789,18.6316,19.1053,24.8947,18.5789,15.9474,20.6842,33.3684,25.8947,15.1579,17.8947,19.7895,11.5789,11.7895,14,11.6842,10.2632,12.7368,12.4737,9.8947,11.4737,11.2105,10.8421,12.6842,10.7368,9.5263,9.9474,14.3158,18.6842,7.0526,9.6316,11.7368,0.6842,0.4737,0.5789,0.6316,0.8421,0.7368,0.5789,0.7895,0.5263,0.8947,1.0526,0.6842,1.0526,1.5263,0.5789,0.6842,0.6842,2.3684,1.2105,0.8421,5.4211,5.2632,5.9474,4.3158,4.9474,5.8947,5.7895,4.0526,8.5263,5.5263,6.2632,5.4737,5.7895,9.6842,4.3684,5.7895,6.0526,8.0526,12.4211,5.7895,20.5789,13.2105,13.4211,12.5789,18.6316,14.6316,14.5789,12.1579,13.3158,26.1053,23.7895,14.3158,22.0526,18.2632,15.3158,16.5263,19.0526,12,17.3158,29.5789
0-211.txt_81,19.6471,12.3529,11.4118,11.0588,11.4706,13.4706,13.4706,11.6471,11.3529,13.8824,12.4706,15.2353,11.2353,10.5882,10.2353,15.2941,13.5882,7.8235,11.5294,14.5882,7.0588,11.8824,8.2353,6.9412,3.4118,8.9412,8.5294,5.0588,8.1765,6.3529,5.3529,11.8824,5.6471,4.8235,5.1765,7.1176,6.8824,3.5882,5.6471,5.9412,1.5882,1.6471,2.7647,1.5882,0.6471,1.7059,1.6471,2.3529,1.9412,0.5294,0.7647,2.2353,0.8824,0.7059,1.0588,2,1.7647,0.6471,1.1765,0.8824,2.7647,3.1176,3.2353,5.6471,1.7059,3.1176,4.1176,2.4706,2.7647,2.5882,1.7647,3.2941,2.2353,1.4706,3.0588,3.8235,3.2353,1.0588,2.8235,2.5882,6.7647,7.1765,6.2353,7.3529,3.0588,10,9.3529,4.5882,6.1176,5.2941,5.5882,8.1176,5.8824,5.0588,5.0588,6.5882,6.4118,4.1176,6.1176,5.3529,5.4706,5.2941,7.1176,8.1765,2.2941,7,9.1765,3.8235,4.7647,3.4118,3.4118,6.3529,3.8824,2.3529,4.2353,5.6471,5,1.9412,4.5294,3.4706,12.0588,9.4118,13.8235,13.6471,6.6471,10.7059,11.8824,19.2941,9.6471,6.8824,6.5882,11.5294,8.0588,5.5882,8.9412,13.7059,11.4118,5.2353,6.7647,7.6471,4,4.2353,4.4118,3.8235,3.0588,4.1765,4.1765,3.1176,6.6471,3.1765,3.3529,4.2353,3.7059,4,2.6471,4.3529,4.3529,2.4706,4.7647,3.2353,2.9412,1.5294,1.4118,1.3529,2.4706,1.9412,1.8824,1.4118,2,6.6471,5.1176,1.5882,4.0588,4.1176,2.5294,2.0588,3.1765,2.0588,2.7059,5.2353,12.6471,9.1176,7.8824,7.0588,10,9.4118,9.5294,7.2353,8.1176,19.4706,20.4706,9.4118,16.4706,14.0588,6.9412,11.2941,12.1176,8.1176,11.2353,17.4706,0.7059,0.4706,0.5882,0.8235,0.3529,0.6471,0.9412,0.9412,0.6471,0.5882,0.6471,0.9412,0.8235,1,0.3529,0.5882,0.7059,0.4118,0.9412,0.8235,3.1765,2.3529,3,2.4706,2,3.0588,3.1765,1.8824,3.6471,4.9412,5,3.1176,4.3529,7.0588,2.5882,2.8824,3.3529,3.9412,6.1176,4.4706,4.7059,3.9412,4.4118,4.6471,2.0588,4.3529,4.9412,3.3529,4.0588,4.2941,4,4.7647,3.4706,3.1765,8.1176,5.4706,5.0588,2.1765,3.7647,3.8824,4.4118,3.6471,4.8235,4.2353,3.4706,3.8235,4.8235,3.8824,3.6471,3.5294,3.2941,4.4706,3.0588,3.8824,3.8824,6.1176,4.8824,2.5882,4.2353,3.3529,6.9412,5.1176,5.7647,5.1765,4.7647,5.5294,5.4706,5.1176,5,6.9412,5.4118,5.4118,5.0588,5.8824,3.9412,7.0588,8.7647,3.7059,5.1765,6.0588,1.7647,1.3529,1.2353,1.1176,1.2941,1.5882,1.5882,1.6471,2.1176,2.1176,1.8824,1.5294,1.8824,2.4706,1,1.3529,1.2941,1.8235,3.1176,1.7059,10.8824,6.1765,6.1765,5.1765,7.1176,6.1765,6,5.1765,6.1765,14.6471,12.8235,7.1176,11.1765,11.3529,4.9412,8.4118,9.8235,6.2941,8.7059,15.2353,0,0,0,0,0,0,0,0,0,0,0,0,0,0,0,0,0,0,0,0,0,0,0,0,0,0,0,0,0,0,0,0,0,0,0,0,0,0,0,0,0,0,0,0,0,0,0,0,0,0,0,0,0,0,0,0,0,0,0,0
0-211.txt_83,33.1667,20.5556,19.2778,20.7778,20.4444,18.6111,22.9444,24,21.5,22.1667,20.9444,20.5556,21.8333,18.4444,19.3889,23.9444,23.0556,17.1667,20.0556,25.2778,10.0556,14.3333,9.8333,9.2222,4.9444,10.3333,10.9444,7.6667,10.0556,6.8889,7.9444,11.2222,8.4444,6.5,6.5,9.5556,9.0556,5.3889,7.5,7.2778,2.7222,2.8889,4.1667,4,2.2222,2.6667,3.1111,2.4444,3.3889,2.1667,2,2.5,2.1667,2.3333,2.7222,3.2222,3.3333,2.1111,2.7222,2.1111,9.2222,9.9444,11.3889,16.5556,5.6111,10.1111,12.6667,9.4444,9.1667,6.7778,6.2222,9.4444,7.1111,5.3333,8.3333,9.5556,9.1667,5.8333,6.2222,6.8333,5.3889,3.8333,3.1667,3.2778,6.5556,3.2222,3.6667,3.8889,3.7222,4.4444,4.7222,3.6667,4.3333,3.8333,3.0556,4,4.4444,2.7222,4,4.7778,3.3333,3.3889,3.0556,3.1667,2.3333,3.9444,3.5556,2.7222,4,3.1111,3.2222,3.7222,3.2222,2.3889,3.4444,3.0556,3.5,2.3333,2.6111,2.9444,9.2778,9.5556,8.3333,10.6111,5.1111,9.9444,13.3333,7.4444,9.1667,5.8333,6.0556,9.8333,6.8889,5.6111,7.5,8.1667,8.2778,3.8889,5.9444,6.5556,15.2778,11.5,13.6111,12.9444,8.1667,11.6111,11.8333,21.4444,11.7222,7.2222,7.3333,11.9444,8.4444,7.3333,10.0556,13,11.5,5.2222,7.3889,8.1667,6.7222,8.1667,8.0556,7.0556,4.7222,7.6111,7.8333,7.1111,13.3889,5,5.8333,7.7222,6.2778,6.1111,5.1111,6.6111,6.7222,4.0556,7.4444,5.0556,7.2778,4.7778,4.3889,3.7222,6.0556,4.8889,4.5,3.8889,5.6667,12.6667,10.3333,5.2778,8.2222,7.8333,4.6667,5.1667,7.1667,5.7222,6.6667,11.2222,19.4444,15.1667,12.4444,13.3889,15.4444,14.8333,14.5,12.8333,14.8333,23.6667,26.1111,15.1111,24,20.9444,13.4444,14.8889,18,15.9444,17.8889,21.9444,2.3889,3.1111,1.9444,2.1111,1.3333,2.1111,2.2778,2.2222,2.6111,1.5556,2.1111,3.1111,1.8333,1.7222,1.8333,2.0556,1.7778,1.2222,1.8889,1.8333,6.8333,6.0556,4.6667,4.6111,5.8333,6,5.1667,4.8333,5.4444,7.8333,8.6111,5.1667,11.3889,7,4.6111,5.9444,6.6667,5.6667,6.6667,7.2222,2.7222,2.5,2.2222,2.2222,2.2222,2.1667,2.3333,2.1667,3.0556,3.5,3.3889,1.9444,3.2222,4,2.5,2.3333,2.6667,2.4444,3.6111,3.6111,8.0556,8.0556,6.6111,7.6667,5.2222,7.5,8.6111,6.1667,7.0556,6.1111,6.2778,7.7222,6,5.0556,13.9444,7.5,7.5556,4.8333,5.6667,6.1111,4.9444,3.6111,4.1111,3.9444,4.8333,3.8333,4.2778,4.5556,4,3.7778,3.8889,3.8889,4.7222,3.7778,4.7222,5.3333,4.6111,2,3.7778,4.2222,12.1667,11.2222,12.3889,10.9444,9.1111,11.6111,11.8333,11.1111,9.8333,11.5556,10.9444,11.1111,11.4444,8.7778,10.8333,13.6667,17.0556,7.1667,9.3333,11.8333,1.7222,1.4444,1.1111,1.1111,1.0556,1.2778,1.2222,1.4444,1.1667,1.7778,1.3333,1.5556,1.2778,1.6667,1.3333,1.2222,1.3333,2.7778,1.7222,1.5,2.2222,2.5,1.5,1.6111,2.0556,1.8889,1.8333,1.7222,2.9444,2.3889,2.8333,2.2222,2.6111,3.6111,2.0556,1.8889,1.9444,2.7778,4.0556,2.9444,9.8333,6.3889,4.9444,5.5,7.9444,6,6.3889,5.7222,5.4444,11.7778,8.9444,5.8333,9.3889,8.2222,6.6111,6.8333,8.1667,5.5,6.7222,12.3889
0-211.txt_85,265.3684,140.3684,153.1053,138.7368,164.4211,155.9474,154.3158,163.7895,139.1053,152.5789,148.3158,157.5263,156.8947,136.1053,144.2632,201.2632,181.9474,105.5263,139.5263,177.1579,79.1579,154.6842,90.4737,77.0526,58.1053,99.2105,88.9474,65.9474,85.2632,62.2105,67.8421,119.4737,75.7368,56.8947,68.4211,89.3684,81.8947,53.2632,69.1053,69.6842,111.8947,115.1579,217.4737,143.8947,81.3684,122.7368,122.8421,119.6316,123.3158,77.4211,74.7895,125.3158,88.4737,74.2105,93.4211,137.2632,126.3158,61.6316,90.8947,86.0526,109.8421,110.6842,164.1053,242.4737,72.3158,133.6842,164.5789,112.1579,118.1053,78.3684,73.4211,126.6316,85.5263,69.6842,105.1053,136.8947,123.3684,56.8947,82.3158,85.7368,80.3158,49.0526,52.8947,44.7368,177.5263,52.6316,46.1053,53.7895,49.2105,72.5789,72.6316,52.2632,70.4737,64.6842,49.8421,72.2105,72.5789,52.2105,60.2632,78.4737,76.2632,86.3158,82.7895,82.0526,51.6842,133.2105,93.4211,62.2105,78.5789,57,60.1053,93.7368,71.5263,53.0526,66.1579,83.8947,78.1579,49.8421,63.0526,65.4211,113.8421,113.7895,124.7368,158.6842,73.0526,141.5789,195.6316,93.5263,109.3684,78.1579,80.3158,134.0526,90.8421,71.4211,110.2105,128.4737,117.6316,65.1579,85.5789,96.9474,144.8947,107.6842,145.1053,130.5789,92.6316,115.7895,113.2105,265.1053,108.5789,73.5789,75.8421,124,92.7368,81.7368,105.6842,146.5789,118,81.0526,86.3158,89.1579,42.4211,50.2632,55.0526,44.6316,36.5789,53.5789,49.2632,40.1579,106.6842,38.3684,39.4737,48.0526,45.3158,49.7895,36.9474,48.5789,44.4737,38.4211,64.7368,40.8421,101.3684,73.9474,69.8947,65.4737,98.3684,79.3158,71,59.7368,73.5789,182.6842,139.9474,78.5789,130.0526,117.7895,70.1579,87.2632,106.0526,76.2632,105.0526,159.6842,203.8421,163.1053,141.0526,125.8947,203.7895,169.3158,150.1579,124.2632,152.7368,287.7895,368.8947,167,288.4737,257.7895,142.1053,174.1053,202.5789,173.2105,217.6316,277.7895,131.4211,178.6316,144.1579,132.2632,92.7895,161.2105,152.8421,111.3684,125.8421,98.8947,101.4737,235.5263,117.3158,87.4737,116.9474,145.3158,137.7368,79,105.7895,115.5789,54.3158,46.0526,43.3158,38.2632,50.8421,51.9474,43.6842,36.6842,45.1053,72.7368,77.9474,48.2105,109.2105,64,37.8947,50.3684,58.1053,45.3158,56.5789,71.3158,87.2105,70.3684,69.4737,56.5263,84.4211,71.6842,65.6842,62.8947,93.3684,118.1053,127.6316,69.1053,118.3158,220.6316,58.9474,81.8421,89.1053,125.4737,164,114.1053,87.4737,69.7368,76.9474,79.5263,61.7368,79.2105,81.4211,68.2105,69.2105,64.7895,61.9474,83.0526,66.6842,52.6842,181.4211,87.4737,85.4737,43.8947,59.4737,74.9474,171.6842,132.6842,165.1053,148,126.2632,146.8421,146.3684,146.2632,130.8421,113.3158,109.4737,147.1053,124,106.3158,127.3684,232.6316,179.4737,88.7895,114.4211,128.2632,169.5789,140.8421,165.7368,144.5789,146.2105,149.1579,150.1579,131.4211,129.7368,154.4737,144,155.6316,150,129.8947,136.2632,196.7895,264,102.2632,131.4211,176.6842,17.7368,16.4737,12.6842,10.7368,17.5789,18.2632,15.4211,14.1579,18.9474,19.2632,22.4737,15.3684,22.2105,35.3684,14.1053,16.7368,19.5263,68.6316,36.9474,19.1053,86.3684,82.8947,83.8947,68.7368,80.3684,86.3158,79.4211,66.2105,126.1579,100.3684,104.7895,85.8421,100.9474,161.1053,67.6842,88.1053,88.9474,135,228.2105,102.1053,193.3684,132.6316,129.7895,121.6842,178.5263,145.8947,136.2105,117.4211,126.1579,268.8947,226.8947,146.7368,217.3684,194.6316,136.4737,163.1053,200.8947,127,178.4211,328.2105
0-211.txt_87,3.6667,0.9444,1.2778,1.1667,2.0556,1.2778,1.2778,1.8333,1,2.1667,2,1.2222,1.7222,1.8889,1.9444,2.5,2.2778,0.9444,1.7778,2.8333,2.3333,4.2222,2.1111,2.1111,0.8889,2.7222,2.4444,1.4444,1.9444,1.3333,1.5556,3.3333,1.3889,0.9444,2.6667,2.1667,2.0556,0.6111,1.2778,1.6667,1.0556,1.0556,1.7222,1.1667,0.7222,1.1111,1.5,1.4444,0.7778,0.7222,0.7778,1.3889,0.7222,0.5,1.3333,1.3889,1.8333,0.3889,0.7222,1.0556,3.3333,2.6111,4.9444,7.4444,1.3889,3.8333,5.0556,3.1667,3.1111,2,1.4444,4.1111,1.6111,1.6667,3.3889,3.8889,3,0.8889,1.9444,1.8889,0.8333,0.2222,0.3333,0.1667,2.2222,0.3889,0.3889,0.4444,0.2778,0.8333,0.7778,0.5,0.9444,0.3889,0.5,0.6667,1.1111,0.2778,0.5556,1.1111,1.5556,1.6111,1.3333,1.4444,0.7778,2.0556,1.7778,0.7778,1.7778,1.1111,1.2222,1.7778,1.3333,0.9444,1.5556,1.3333,1.5556,1.4444,1.3333,1.5,5.0556,4.3333,5.1111,6.2778,2.2222,5.7222,8.1111,3.2222,4.1667,2.5556,2.6111,6.2778,2.6111,1.8889,4.6667,5.3333,4.5,1.3333,2.2222,3.1667,5.5,4.0556,6.2222,6.0556,2.8333,4.4444,4.8333,9.8333,4.6667,2.5,2.5556,5.1111,2.8333,2.6111,3.7778,5.2222,5.0556,3.2222,3.4444,3.2222,0.7222,0.6667,1.2778,0.7222,0.2222,1.1667,1.0556,0.6667,1.5556,0.6111,0.6667,0.9444,0.8889,0.5,0.7222,0.6667,0.7778,0.5,1.0556,0.7778,2.8333,2,2,1.6111,2.1667,1.8333,1.6667,1.7778,2.4444,5.7222,4.6667,2.5556,4.3333,3.0556,1.7222,2,2.9444,1.2222,2.0556,5,4.6667,2.3889,2.1111,1.9444,2.3333,3.2222,2.2778,2.3889,2.1111,6.1667,6.9444,3.1667,5.3333,3.9444,1.8889,3.2778,3.6111,1.6667,3.7778,6.5,3.5556,4.3333,4.6111,5.2222,1.4444,4.8333,4.8889,3.3889,3.4444,2.4444,2.2222,6.2778,2.4444,1.6111,2.9444,4.2778,3.3889,1,2,2.6667,1.3333,0.4444,0.3333,0.2222,0.7222,0.5556,0.4444,0.5,0.3889,1.4444,1.8333,0.5556,1.9444,1.1111,0.3889,0.7778,0.8889,0.4444,0.7778,1.8333,2.4444,1.1667,1.6111,1.5,1.6667,1.3333,1.5,1.6667,2.3889,3.4444,3.7778,1.2778,3.2778,7.3333,1.7222,2.3333,1.9444,2.8333,4.6667,3.0556,1.7778,1.4444,1.1667,1.5,0.7222,1.4444,1.6667,0.9444,1.3333,0.8889,0.9444,1.8889,0.8889,0.5556,3.9444,1.7222,2.2778,0.3889,0.7778,1.0556,3.3889,2,3.0556,2.7222,2.2778,2.3889,1.7222,2.1111,2.1111,2.2222,2.1667,2.1111,2.1667,1,1.7222,4.4444,3.2222,0.5,1.4444,2.0556,3.1111,3.3333,3,2.4444,2.2778,3.2222,2.6111,2.6667,2.5556,2.3333,2.3889,3.6111,2.7222,1.6667,2.4444,2.8333,3.6667,0.7778,2.2222,2.2778,0.3889,0.4444,0.3889,0.1111,0.2222,0.3333,0.2778,0.5,0.3889,0.5,0.4444,0.6667,0.5,1.2222,0.4444,0.3889,0.3889,2.7222,1.2778,0.6111,1.2222,0.5556,0.7222,0.6111,0.4444,1.3333,0.9444,0.3333,1.8889,1.2778,1.8333,0.8333,1.2778,2.7778,0.5556,0.7778,1,2.5,3.1667,1.1667,3.3333,1.5556,1.7222,1.1111,2.6111,1.9444,2.0556,1.0556,1.8889,6.6667,4.9444,2.0556,4.2222,4.4444,1.7222,2.2222,3.9444,2.1111,3.9444,6.8889
0-211.txt_89,6.8571,2.5714,1.7143,1.7143,3.4286,2.5714,2.5714,3.4286,1.7143,2.5714,2.5714,2.5714,2.5714,1.7143,2.5714,4.2857,3.4286,0.8571,1.7143,3.4286,0.8571,2.5714,1.1429,0.5714,0.2857,1.4286,1.1429,0.5714,1.1429,0.2857,0.5714,1.7143,0.8571,0.2857,0.5714,0.8571,0.8571,0.2857,0.5714,0.2857,2.4286,4.8571,12.1429,6.0714,1.2143,4.8571,4.8571,4.8571,6.0714,1.2143,1.2143,4.8571,2.4286,1.2143,2.4286,6.0714,4.8571,0,2.4286,1.2143,2.1429,2.1429,5.3571,10.7143,1.0714,4.2857,6.4286,3.2143,3.2143,1.0714,0,3.2143,1.0714,1.0714,3.2143,4.2857,3.2143,0,1.0714,1.0714,2.5714,0.6429,0.6429,0.6429,8.3571,0.6429,0,1.2857,0.6429,1.9286,1.9286,0.6429,1.9286,1.2857,0.6429,1.9286,1.9286,1.2857,1.2857,1.9286,2.1429,3.5714,2.8571,2.8571,0.7143,6.4286,4.2857,1.4286,2.8571,0.7143,1.4286,3.5714,2.8571,0.7143,2.1429,2.8571,2.1429,1.4286,2.1429,1.4286,3.8571,5.1429,5.1429,7.7143,0,7.7143,11.5714,2.5714,5.1429,1.2857,1.2857,6.4286,2.5714,1.2857,3.8571,5.1429,3.8571,1.2857,2.5714,2.5714,3.4286,1.7143,3.4286,2.5714,1.7143,1.7143,1.7143,8.5714,1.7143,0,0,1.7143,0.8571,0.8571,1.7143,3.4286,1.7143,1.7143,0.8571,0.8571,1.2857,2.5714,3.2143,1.9286,0.6429,2.5714,2.5714,1.2857,7.7143,0.6429,0.6429,1.9286,1.2857,1.9286,1.2857,1.9286,1.2857,1.2857,3.8571,0.6429,4.0714,1.3571,1.3571,1.3571,4.0714,1.3571,1.3571,0,1.3571,10.8571,8.1429,1.3571,6.7857,5.4286,1.3571,2.7143,4.0714,1.3571,4.0714,9.5,3.4286,2.2857,1.1429,0,3.4286,2.2857,1.1429,0,1.1429,6.8571,9.1429,2.2857,6.8571,4.5714,1.1429,2.2857,3.4286,2.2857,3.4286,5.7143,4.2857,8.5714,5.7143,4.2857,1.4286,7.1429,7.1429,2.8571,4.2857,1.4286,2.8571,11.4286,4.2857,1.4286,4.2857,5.7143,4.2857,1.4286,2.8571,2.8571,1.7143,1.7143,1.1429,0.5714,1.7143,2.2857,1.1429,0.5714,1.1429,2.8571,3.4286,1.7143,5.1429,2.2857,1.1429,1.7143,1.7143,1.7143,1.7143,2.8571,1.2857,0.6429,0.6429,0.6429,1.2857,0.6429,0.6429,0.6429,1.9286,2.5714,2.5714,0.6429,2.5714,6.4286,0,1.2857,1.2857,3.2143,4.5,1.9286,0.8571,0.5714,0.5714,0.8571,0.2857,0.8571,0.8571,0.5714,0.5714,0.2857,0.2857,0.8571,0.5714,0,3.1429,0.8571,0.8571,0,0.2857,0.5714,5,3,5,4,3,4,4,4,3,2,2,4,3,2,3,8,5,1,2,2,7.4286,5.5714,7.4286,5.5714,5.5714,5.5714,5.5714,3.7143,3.7143,5.5714,5.5714,5.5714,5.5714,3.7143,5.5714,9.2857,16.7143,3.7143,3.7143,7.4286,2.5714,2.5714,2.5714,1.2857,2.5714,3.8571,2.5714,1.2857,7.7143,3.8571,3.8571,2.5714,3.8571,9,1.2857,2.5714,2.5714,7.7143,14.1429,3.8571,2.5714,0.6429,0.6429,0.6429,1.9286,1.2857,1.2857,0.6429,0.6429,4.5,3.2143,1.2857,3.2143,1.9286,1.2857,1.2857,2.5714,0.6429,1.9286,5.1429,0,0,0,0,0,0,0,0,0,0,0,0,0,0,0,0,0,0,0,0
0-211.txt_91,2.8824,1.2941,1,1.1765,1.2353,1.2941,1.3529,1.8235,0.9412,1.3529,1.2941,1.2353,1.4706,0.7647,1.4118,1.7059,1.5882,0.6471,0.8824,1.5882,0.8824,2,1.4118,0.8235,0.5294,1.1765,1,0.6471,0.8235,0.9412,0.8235,1.2941,1.1765,0.5882,0.6471,1.2941,1.2353,0.4118,0.7059,0.8824,2.4706,2.7059,5.7647,4.1176,1.8824,3.1765,3.3529,2.7647,2.5882,1.4118,1.5294,2.8824,1.8235,1.1765,2.2941,3.8235,3.1765,1.0588,1.5294,1.8235,0.4706,0.4706,0.6471,1.1765,0.2353,0.5294,0.6471,0.5882,0.4118,0.1765,0.1765,0.6471,0.2941,0.1765,0.4118,0.6471,0.4706,0.1176,0.2353,0.2353,1.1765,0.4706,0.6471,0.3529,4.0588,0.8824,0.3529,0.8824,1.0588,1.1176,0.8824,0.5882,0.9412,0.7647,0.8235,0.9412,0.8824,0.7059,1.1176,1.0588,1.1176,1.0588,1.5294,1.0588,0.7059,1.8824,1.4706,0.8824,1.1176,0.5882,0.7059,1.4118,0.8824,0.8824,0.8235,1.2353,0.9412,0.7647,1.0588,0.7647,3.8235,3.8824,4.0588,5.8235,1.7647,5,7.4118,3,3.3529,2.1176,1.9412,5.5882,2.6471,1.5882,3,5.1765,3.7647,1.4118,2.2353,2.4706,3,1.6471,2.5882,2.7059,1.9412,1.9412,2.2353,6,1.5294,1.5882,1.7647,2.2353,1.8235,1.5294,1.9412,2.6471,2.1765,1.2353,1.3529,2.1765,0.5882,0.7059,0.8824,0.5882,0.2941,0.8235,0.7059,0.4706,2.1176,0.2941,0.2941,0.6471,0.5294,0.7647,0.4118,0.8235,0.5882,0.5882,1.4118,0.3529,2.1176,1.5294,1.4706,1.2941,1.7647,1.8235,1.5882,1,1.7647,4.7059,3.5882,1.5294,2.8824,3.0588,1.2941,2.0588,3,1.7647,2.5882,3.2941,1.7647,1.0588,0.9412,0.8235,1.8235,1.2941,1.1176,1,1.2353,2.5294,3.5294,1.1765,2.4706,2.6471,0.8824,1.5294,2.4118,1.4706,2.7647,2.6471,6.8235,9,8.5294,7.5882,3.1176,9.3529,8.8824,5.8235,6.5882,3.7059,4.0588,13.7647,5.1765,3.1176,6.3529,7.3529,7.8824,2.9412,5,4.2941,0.4118,0.4706,0.2941,0.1765,0.2941,0.5294,0.3529,0.2353,0.3529,0.6471,0.7647,0.6471,1.4706,0.5294,0.2353,0.3529,0.4706,0.2941,0.4118,0.5294,1.8824,1.3529,1.2941,0.9412,1.4706,1.4118,1.2353,1,2.7647,2.4706,2.5294,1.2353,2.4118,6.0588,1.3529,1.9412,2,3.0588,5.3529,2.1765,1.4118,0.8235,0.8824,1.0588,0.6471,1.1176,1.1176,0.8824,0.8235,0.6471,0.6471,1.1176,0.8235,0.3529,3.3529,1.3529,1.5294,0.2941,0.5882,0.9412,3.9412,2.7647,4,3.8824,3.2353,3.5882,3.5882,3.2353,2.5882,1.8824,1.6471,3.5882,2.2941,1.3529,2.7059,6.2941,4.3529,1.1765,1.8824,2.4118,3.5882,2.7059,3.2941,2.8824,2.3529,3.3529,3.4706,2.1176,2.8235,2.8235,2.4706,3.5882,2.8235,2.1765,2.8235,3.8824,6.8824,1.6471,2.7647,3.4706,0.2941,0.2353,0.0588,0.0588,0.2941,0.2941,0.1765,0.2941,0.2941,0.2353,0.3529,0.1765,0.4118,0.6471,0.0588,0.1765,0.2941,1.8824,0.8235,0.1765,0.5882,0.5294,0.4706,0.4706,0.4706,0.5882,0.7647,0.4118,0.8824,0.6471,0.7059,0.5882,0.7059,1.5882,0.7059,0.5882,0.5882,1,1.8824,0.5882,2.5294,1.2941,1.3529,0.8824,2.2941,1.3529,1.1765,0.9412,1.1765,3.8824,3.5882,1.3529,2.8824,2.8235,1.1176,1.5882,2.4706,1.4118,2.4706,5.0588
0-211.txt_93,36.7647,14.5882,13.9412,12.8235,17.5882,17,15.9412,19.1765,13.4706,17.1176,17.0588,17.0588,17.7647,12,16.2941,23.8235,20.2353,9.8235,13.2941,19.5882,5.9412,15.0588,7.0588,5.0588,3.2941,8.8824,7.4118,4.8824,7.2353,3.1176,4.1765,10.1176,5.2941,3.4118,4.4118,7.1176,6.6471,3.1765,4.9412,4,0.7647,0.7647,2,1,0.4118,0.8235,0.7647,0.7647,0.9412,0.2941,0.2941,0.7647,0.4706,0.2941,0.4706,1,0.8824,0.1765,0.4118,0.3529,2.6471,2.5882,5.0588,7.8235,1.2353,3.5882,4.4706,2.5294,2.8235,1.5294,1.3529,3.1765,1.7059,1.2353,2.8824,3.7059,3.2941,0.7059,1.4118,1.5882,0.6471,1.2941,0.7059,0.7059,0.2941,1.5882,1.1176,0.4118,0.7647,0.6471,0.7647,1.1765,0.7647,0.3529,0.4706,0.7059,0.7059,0.3529,0.5294,0.7647,2.5882,3,3.2353,3.8824,1.1765,3.8235,5.8235,1.9412,2.7059,1.4118,1.2353,3.3529,1.8235,1.1765,2.7059,3.6471,3.1176,1.2353,1.7647,1.7059,13.8235,6.8824,11.4118,9.2941,6.2941,9.0588,7.4706,27.3529,7.1765,5.2353,5.7059,9,6.8824,5.2353,6.5882,11.5882,9.0588,6.0588,5.5882,5.9412,1.6471,2.3529,2.7059,2.2941,1,2.6471,2.7647,1.3529,6.6471,1.1176,1.5294,2.3529,1.8235,1.8824,1.5294,2.1176,1.6471,1.3529,3.2941,1.1765,6.8235,3.1176,2.3529,2.2941,5.7647,3.8235,2.8235,2.4706,2.5294,16.8235,11.5294,3.8824,10.8824,8.1765,3.7647,4.2941,7,4.7059,5.8235,12.8235,12.5882,8.6471,5.6471,4.7647,11.2941,9.3529,6.1765,5.7059,7.8824,22.5882,30.5294,8.7059,23.7647,20.5882,6.1765,9.8235,13.3529,12.3529,14.9412,20.4706,0.7059,1.3529,0.7059,0.7059,0.1765,1.0588,1,0.5294,0.7059,0.3529,0.3529,1.8824,0.5294,0.1765,0.6471,0.7059,0.7059,0.1765,0.5294,0.3529,3.3529,2.4118,1.3529,1.2353,2.9412,2,1.4706,1.3529,3.2941,6.0588,6.9412,1.8235,6.2941,12.5882,1.3529,2.6471,3.3529,6,8.5294,6,6.7059,4.4706,4.5882,5.1176,3.4118,6.1176,5.9412,4.8235,4.3529,3.7059,3.7647,6.8235,4.0588,2.5882,18.4118,6.4706,5.7647,2.2353,3.4118,4.5882,7.5294,5,7.1765,5.7059,5.0588,6.1765,5.7059,5.5294,5.7059,3.5294,3.4706,5.7059,4.4706,3.1765,5.0588,11.2353,7.1765,2.6471,4.1176,4.2353,8.2941,5.4706,6.5882,5.4118,5.5294,6.1176,6.1176,5.2353,4.6471,6.0588,5.5882,6.3529,6.1176,4.4118,5.7059,9.7059,13.2941,4.1176,4.8235,7.2353,0.9412,0.8824,0.5882,0.4118,1,1.0588,0.8824,0.8235,1.0588,1.0588,1.5882,0.7647,1.5294,2.5882,0.5882,1,1.2941,6.5294,2.9412,1.0588,0.7059,0.5294,0.5294,0.2941,1.0588,0.5882,0.4706,0.6471,1.2353,0.9412,1.1176,0.4706,0.9412,1.9412,0.2941,0.7059,0.7059,1.4118,2.6471,0.8235,13.2353,6.7647,5.3529,4.5294,9.8235,8.1176,7,4.8235,4.8824,20.9412,18.5294,7.3529,17.1176,12,7.5882,9.1765,12.5294,6.2353,9.2941,24.1765,0,0,0,0,0,0,0,0,0,0,0,0,0,0,0,0,0,0,0,0,0,0,0,0,0,0,0,0,0,0,0,0,0,0,0,0,0,0,0,0
0-211.txt_95,3.5556,1.7222,1.8333,1.7222,1.5556,2.1667,1.7778,2.5,1.8333,1.6111,1.5556,1.7778,1.9444,1.6111,1.9444,2.2222,2,1.3889,2.1111,1.8889,1.8889,2.7778,1.5556,1.5556,1.3889,1.7778,1.6667,1.2222,1.7778,1.1667,1.5556,2.3889,1.3889,1.0556,1.7778,2.4444,2.2222,1,1.5556,1.3889,4.0556,4.3333,9.3889,5.3333,2.5556,5.1667,5.3333,4.6667,4.5,2.8333,3.3889,5.2222,3.5556,2.4444,3.6111,5.6111,5.1111,1.8889,3.1111,3.3333,2.2778,2.5556,3.6667,5.5556,1.2778,3.2222,4.3889,2.0556,2.3889,1.5,1.6667,3.1111,1.8889,1.2222,3.1111,3.1111,2.6667,1,1.5556,1.5,1.6111,0.7222,1.3889,0.8333,4.9444,0.9444,0.8333,0.9444,0.8889,1.4444,1.5556,0.9444,1.5,1.2778,0.9444,1.6667,1.6111,0.9444,1.0556,1.7222,3,3,2.8889,2.7778,1.5556,5.1667,4.0556,2.2778,2.5556,2.1111,2.2222,4,2.8889,2.3333,3,2.7222,2.9444,1.7778,2.6111,2.1111,3.6667,2.5,3.0556,3.7222,1.9444,3.3889,5.3333,2.0556,2.5,2.1111,2.1667,2.9444,2.6667,1.7778,3.3889,3.5556,3.9444,2.2222,2.1667,2.6667,3.7778,2.3889,4.1111,3.3333,2.0556,2.7778,3.0556,6.5556,2.3889,2.9444,2.6667,3,2.8333,2.7222,2.6667,3.6667,3.2222,2.7222,2.1667,2.6111,1,0.8889,1.0556,0.7778,0.5556,0.9444,1,0.6667,1.8889,0.5,0.5556,1.2222,0.8889,0.5,0.6111,1.1111,1.0556,0.9444,0.8889,0.7778,1.7222,1.0556,1.1111,0.9444,1.4444,1.1667,1.1111,0.8889,1,3.5,2.1667,1.1667,2.3333,1.7222,1.0556,1.5556,2.0556,1.1111,1.7222,2.6111,1.7778,1.7778,1.1111,0.9444,1.5556,1.4444,1.2222,1,1.3889,3.0556,3.9444,1.7778,2.9444,3.0556,1.5,1.6111,1.9444,2.1667,2.3333,2.8333,4.6111,6.6111,5.6667,4.6667,3.2222,6.7222,6.0556,4.2778,4.9444,3.1667,3.8333,9.2222,4.5,3.6667,4.3889,5.5556,5.1111,3.3333,4.2222,3.6667,0.6667,0.8333,0.4444,0.2778,0.6111,0.6667,0.5,0.3333,0.6667,1.1111,1.3889,0.6111,1.8333,1,0.3889,0.5556,0.6667,0.7222,1.2222,0.8889,2.7222,2.5,2.1111,1.6667,3,2.2778,2.0556,2.2778,2.9444,3.8889,3.7222,2.6111,3.3889,7.4444,1.8889,2.5556,2.7222,4.2778,5.8333,3.7222,0.8333,0.7778,0.7778,0.6111,0.5556,0.7222,0.8333,0.5,0.5556,0.7778,0.9444,0.7222,0.7778,0.9444,1.7778,0.8333,0.8333,0.5556,0.6667,1,8.2778,6.5556,8.0556,7.6111,5.0556,7.2222,7.3333,6.0556,6.7778,6.2222,5.3889,7.1111,5.9444,5.7778,7,11,8.3889,4.3889,6.8333,6.6667,4.3889,3.7778,5.1667,4.1111,3.1667,4.6667,4.5556,3.2778,3.3333,3.6111,3.7222,4.1111,3.8333,3.3889,3.8333,5.2778,8.1111,3.1667,3.3889,4.1667,1.6667,2,2.2222,1.6667,1.1667,2.0556,1.9444,1.4444,2.7778,2.0556,2.0556,1.8333,2,3.5556,1.3333,1.7778,1.7778,2.7222,5.4444,1.7778,3.6111,2.6667,2.4444,2.6667,3.2222,2.7778,2.6667,1.6667,2.2222,6.2222,4.6667,2.4444,4.1667,3.7222,2.0556,3,3.9444,2.1111,3.3889,6.5556,0,0,0,0,0,0,0,0,0,0,0,0,0,0,0,0,0,0,0,0
0-211.txt_97,5.1667,2.7222,2.7222,2.3333,2.8333,2.8889,2.8333,2.8333,2.2222,2.5556,2.8333,2.6667,2.8889,2.3333,2.4444,3.8333,3.1111,2.0556,2.5556,3.1111,2.0556,3.3333,1.7222,1.6667,1.9444,2.3889,1.8889,1.6111,2.2222,1.9444,1.7778,2.2778,1.7222,1.1667,1.6111,2.5,2.3889,1,1.4444,1.7778,4.7222,5.6111,10.7222,6.8889,3.7222,5.6111,5.6111,5.5,5.4444,3.6667,3.8333,6.3333,4,4.3333,4,6.6111,6.5556,3.2222,4.3889,3.8889,6,5.9444,9.4444,14.4444,3.8333,7.7222,9.6667,7,6,5.1667,3.6667,7.8889,4.5556,4.1111,6.7778,8.0556,7.6111,3.0556,4.4444,5.1667,2.4444,1.1667,1.3333,1.0556,5.2778,1.2778,1.3333,1.6111,1.1667,1.6667,1.3889,1.6667,1.5,1.1111,1.2222,2.2778,2.0556,1.0556,1.2222,1.9444,2.3333,2.7778,2.7778,2.7222,1.2778,4.5,3.2778,1.7778,2.3889,1.2778,1.5556,3.2778,2.5,1.1667,2.6111,2.9444,2.3333,1.4444,1.8889,1.6111,10.1667,12,11.7778,14.1667,4.3889,15.5556,21.7778,8.1111,11.3333,6.3889,6.1111,14,8,6.0556,10.6111,12.1111,10.2222,5.8333,8.1111,9,7.7222,5.4444,7.5556,6.3333,4.7222,5.7222,5.8333,14.1667,5.6111,3.1111,3.1667,6.2222,4.1667,4,5.6667,7.6667,5.7778,4.5556,4.0556,4.1667,2,1.8889,2.1111,2.2222,1.2778,2.8333,2.5556,1.5556,4,1.7222,1.5556,2.5556,1.7222,2.1667,1.7778,2.3889,2,1.4444,1.9444,1.7778,3.3889,2.3333,2.3889,2.0556,2.7222,2.5,2.1111,1.9444,2.3889,6.5,4.2222,2.5556,4.0556,3.6111,2,2.9444,3.8333,2.2778,3.6111,5.0556,2.8889,2.2222,1.9444,1.6667,2.2222,2.4444,2.5,1.5,2.3333,4.3333,5.1667,2.4444,4.2222,4.3333,2.1111,2.3889,2.8333,2.5,3.7778,3.8333,6.8889,7.8889,7.0556,6.5556,3.7778,7.3333,7.6667,4.6667,5.2222,3.8333,4.3889,11.0556,4.8889,3.2222,5.8889,7.1111,6.5,3,4.1667,4.4444,0.7778,0.6667,0.5556,0.3889,0.6111,1.0556,0.6111,0.3889,0.6111,1.2222,1.2222,0.8333,2,0.8333,0.5,0.8333,0.7778,0.5556,0.6111,1.2222,2.7778,1.7778,1.6667,1.7222,1.8889,2.1667,2.0556,1.7778,2.5,3.3333,3.7778,1.7778,3.2778,6.7778,1.7222,2.3333,2.7222,4.5556,5.3333,3.2222,1.5556,0.8333,0.7778,0.7778,0.7222,1.1667,0.9444,0.7778,0.6667,0.7778,0.7778,1.1667,1.0556,0.5556,2.5556,1.2222,1.2778,0.4444,0.6667,0.9444,3.8333,2.3889,3.4444,3,2.3889,2.6667,2.8889,2.8889,2.3889,1.8889,2.0556,3.2778,2.2222,2.3889,3.1111,4.2778,2.9444,1.7778,3.0556,2.4444,5.5,4.7778,6.2222,5.1667,3.7222,5.2222,5.7222,4.3333,4.2222,4.7222,4.5556,5.4444,4.4444,4.2778,4.5556,6.3889,9.5,2.8333,4.2778,5.2778,0.5,0.3333,0.4444,0.2222,0.3333,0.3889,0.3333,0.6111,0.3333,0.3333,0.5,0.3333,0.3889,0.6111,0.2778,0.3889,0.3333,1.6111,0.8889,0.3333,3.9444,2.8889,3.0556,2.3333,2.9444,3.3889,3.5556,2.1667,5.4444,3.8889,3.8889,2.9444,3.8333,5.5556,2.6111,3.7222,3.6667,5.3333,8.6667,4.0556,5.1111,3.9444,4.8333,3.5,4.3333,4.4444,4.7222,3.7778,3.6111,7.1111,6.9444,5.0556,6.3333,4.5,3.2222,4.9444,6.4444,2.7222,4.2222,9.3333
0-211.txt_99,28.8889,16.7222,16.8889,16.3333,18.1111,19,18.2222,17.8333,18.1667,18.7222,18.4444,18.2222,18.5556,16.7222,18.3889,21.8889,20.9444,11.7222,17.1667,21.2778,17.9444,27.1667,19.4444,16.3889,12.1111,20.0556,19,14.6111,17.3333,13.6111,14.8889,20.6667,15.6111,13.3333,14.8889,19.0556,18.3889,9.8889,14,14.7778,6.0556,6.4444,8.6667,6.5556,4.5556,6.2778,6.4444,6.3889,6.7222,3.6667,4.2222,5.8889,4.3333,4.0556,5,6.7222,6.2222,3.7222,4.7222,4.0556,10.2222,11.6111,14.2778,20.8333,6.7222,12.8889,15.5,10.2222,11.1667,7.2222,8.2222,12.0556,8.6667,8.1111,10.4444,12.2778,11.5,7.2222,8.2778,7.8889,5.7222,3.8889,3.8333,3.1667,8.8889,4.3333,3.6111,4.0556,3.8333,6.8889,5.5556,3.8889,5.6111,5,4.7222,5.3889,5.6667,4.4444,4.5,6.6667,10.1111,11.5556,10.5,10.4444,6.2222,13.6667,11.9444,8.1667,9.4444,8.5556,7.5,11.5556,8.7222,6.5,8.1111,10.2778,9.7222,7.1667,8.7778,8.7222,8.8333,9.3889,9.5556,11.5556,4.8333,11.6667,15.6111,7,10.5556,5.7222,5.7778,11.1667,7.5,6.3889,9.3333,9.1667,8.7222,6,7,6.3333,22.3333,17.3333,20.3333,19.6111,15,17.5,18.3889,35.1667,17.0556,13.9444,13.7222,19.1667,14.7778,14.7778,17.8889,21.3333,18,14.2778,15.1111,15.1111,3.5,3.5,3.4444,3.4444,2.6667,3.5556,3.6667,2.5556,6.1667,2.1667,2.7222,3.4444,2.4444,3.1111,3.3889,3.5,3.3889,4,4.1111,2.6667,9.0556,6,5.3889,4.9444,7.7778,7.0556,5.7778,5.6111,6.5556,13.8333,11.8889,5.7222,11.2778,9.7778,5.8889,7.5556,8.8333,6.7778,8.8889,12.3333,25.2222,18.4444,17,15.4444,22.5,19.6667,17.8889,16.1667,19.3889,33.3333,38.5556,18.7222,32.1111,27.3333,18.1111,20.8889,23.6667,18.7778,22.3333,31.6111,7,9.2778,6.7778,7.2222,3.5,8.1111,8.0556,5.9444,6.4444,4.8333,4.6111,11.2222,4.7222,4,6,6.8889,7.1667,3.6667,4.6111,5.5,3.8889,3.5,2.9444,2.3333,3.2222,3.2222,2.9444,2.7778,3.5556,5.3333,6,3.3889,6.4444,5.3333,3.0556,3.3333,3.5556,4.5,5,4.8333,8.4444,6.5556,6.0556,5.3333,8.2778,7.2222,6.0556,6.2778,8.1111,12.3333,12.2778,6.2222,11.2222,16.8889,4.7778,7.6111,8.8333,11.7222,13,10.7778,10.6667,9.6667,9,11,6.7778,9.6667,11.8889,8.5,9.6111,8.0556,8.0556,10.5556,7.2222,6.5,19.5556,11,10,5.9444,6.8889,9.1111,15.2222,12.1667,13.5556,13.5,9.3889,12.9444,13.6667,13.6667,11.7222,10.6667,10,12.8333,10.3333,8.7778,11.7778,17.6111,14.4444,7.2778,10.4444,12.1111,11.0556,9.8889,10.3889,9.2778,7.9444,9.9444,9.3889,7.4444,8.2778,8.3889,8.9444,10.2222,8.2222,6.2222,8,12.4444,16.9444,4.7778,6.5556,9.6667,2.6111,2.1667,1.7778,1.5556,2.5556,2.5,2.1667,1.5,2.2778,3.5556,3.7222,2.1667,3.6667,4.2778,1.6111,2.3333,2.4444,7.5,4.2778,3.2222,7.5,6.8889,5.8889,4.7778,6.3333,6.7222,5.7778,5.1667,8.8889,8.5556,9,5.6667,8.3889,11.5,4.3333,6.4444,7.6667,9.3333,14.6111,8,19.1111,15.8333,13.2778,12,16.3333,14.5,13.7222,12.8889,16.5556,25.2222,21,14.6667,20.3889,17.6667,13.5,15.2778,18.5556,14.0556,17.0556,27.1111
0-211.txt_101,38.6316,25.4737,21.7895,22.4737,19.2105,25.7368,24.8947,21.7895,23.1053,18.9474,21.0526,23.8947,20.5263,17,19.6316,28.3158,25.4211,15,18.2105,22.2632,20.5789,42.6316,21.1053,18.2632,11.6842,26.4737,23.8421,15.5263,24.1579,12.9474,16.9474,28.1053,17.1579,14.3684,15.1579,21.2105,19.4211,12.5789,19.4737,15.3684,9.6316,9.6316,16.4211,11.3158,6.5263,10.2632,10.3684,9.1053,11.3684,6.0526,6.5263,9.6316,7.3158,5.4211,7.1053,10.6842,9.7368,4.4211,6.8947,6.7895,18.2105,20.7895,21.7895,32.5789,9.2105,23.0526,26.0526,16.8947,19.1053,10.1053,10.5789,19.5263,12.2105,9.0526,17.5789,19.7368,17.8421,7.6316,11.5263,11.2632,1.0526,0.6842,0.5789,0.4211,1.6842,0.6316,0.8947,0.7895,0.9474,0.7368,1.0526,0.7368,0.8421,1.3684,0.4737,0.7368,0.7895,0.7368,1.2105,0.8421,12.3684,14.2105,11.7895,13.0526,6.1053,20.0526,16.2105,9.4737,13.5789,7.3158,9.4211,13.5263,10.5789,6.4211,10.6842,11.7368,11.1053,6.7368,8.4211,8.1579,29.6316,31,26.7895,35.0526,13.8947,36.5263,47.5263,20.6316,26.2632,16.0526,17.4211,30.4211,20.3158,13.5263,20.7895,27.1579,25.1579,13.3158,18.4737,19.1579,20.1053,13.6842,17.5789,18.0526,10.6316,14.8421,15.5263,34.5789,14.2105,8.0526,8.5263,14.6842,10.2105,8.8947,13.7368,19.2105,15.1053,8.8947,9.8421,11.1053,5,6.6842,5.4737,5.1053,3.3158,6.2105,5.4737,3.8947,9.0526,4.1579,4.3158,4.9474,4.1053,3.9474,4,5.2632,4.8421,4.2105,5.0526,3.7368,14.1053,9.1579,7.0526,6.7368,12.7368,8.9474,7.8421,5.9474,7.2105,28,23.5789,8.5263,20.1579,15.2632,8.2632,10.3684,13.6842,9.7368,12.1579,23.4211,28.1579,25.3158,18.4737,16.7895,24.3158,26,22,14.7368,20.8947,44.4211,59.6842,22.2105,43.9474,36.6316,17.7895,22.3684,28.1579,24.8421,28.6316,40.5263,10.5263,14.4211,10.4211,11.0526,5.3158,12.3158,12.7895,8.2632,10.1579,5.7895,6.0526,14.3684,7.1053,4.7895,7.9474,9.8421,9.3684,4.0526,6.4211,6.4211,4.6316,3.8421,3.3158,2.4737,3.8421,3.7895,3.3158,2.7368,4.1579,6.5263,7.8947,3.3684,9.9474,5.3158,2.8421,3.7895,4.3158,4,4.8947,6,6.6316,5.7368,4.3684,3.8421,6.7368,5.3684,4.7895,4.4211,6.9474,9.7895,11.3158,5.1579,9.8947,16.3158,4.6842,5.8421,6.8421,7.7368,11.3158,8.5789,11.6842,10.1579,8.6842,10.2105,5.9474,10.2105,10.3684,8.6842,8.6316,8.4211,8.3158,10.2632,8.5263,6.6842,26,11,10.8947,4.5263,6.9474,9.6842,26,20.4211,21,19.8947,15.1579,20.7368,21.2632,19.2105,18.5789,12.2632,12.7368,19.4211,15.3158,10.5789,15.3158,31.8421,24.7895,10.4737,13.1579,16.0526,18.9474,14.5263,14.7895,14.6842,12.0526,15.1053,15.1579,12.1579,13.2632,13.5789,14.2105,14.7368,13.8947,10.0526,13.0526,19.2105,26.4737,8.2632,10.3684,15.7895,2.7895,2.3684,1.6316,1.4737,2.1053,2.4737,2.2632,2.0526,2.7368,2.7895,3.7895,2.1053,3.4737,4.8421,1.5789,2.1579,2.6842,9.7368,4.7368,2.5789,6.8947,8.1579,7.4211,5.8421,5.2632,7.7895,6.5263,5.7368,13.1579,8,9.2632,7.1053,8.2632,14.5789,4.5263,7.1579,7.3684,11.3684,19.7895,7.9474,21.6842,15.3684,12.4737,11.5263,16.3158,15.8947,14.4211,12.1053,14.0526,29.1053,27.6316,14.7895,23.4211,20.2632,15.3158,15.8421,21.7368,14.1579,17.2632,33.6316
0-211.txt_103,2,1.1176,1,0.6471,1,0.9412,0.8235,1.1765,1.0588,1.1765,1.2353,1.5294,1.1765,0.5294,1.0588,1.2353,1.0588,0.4118,0.7647,1.4706,1.7059,4.4706,2.1176,1.4706,1.1765,2.7059,2.6471,1.1176,2.0588,1.9412,1.2941,3.8235,1.5294,0.8824,1.1176,2.2353,3.2941,0.7059,1.8235,2.2941,2.4706,2.7647,4.7059,4.4118,1.2353,3.1176,3.7059,3.0588,2.5882,1.8235,1.3529,3.9412,1.9412,1.1176,2.4706,3.3529,3.6471,0.9412,1.8824,2.0588,1.7059,1.5294,3.1765,3.8824,0.5294,2,2.6471,2.4118,1.4118,0.6471,0.7647,2.1765,0.7647,0.5882,1.2353,2.1765,2.1765,0.2941,0.6471,0.7647,1.4706,1.2941,1.5882,1.1765,0.7647,2.2353,2,0.8824,1.7647,1.2941,1.1176,1.5882,1.5294,1.1176,0.8235,2.0588,2.2941,0.5294,0.8235,1.7059,3.8235,3.8824,4.4118,5.4706,1.3529,5,7.8235,2.7647,3.7059,3,1.9412,5.8235,2.8824,2.1176,2.8235,3.8235,3.7647,2.1765,2.9412,3.5882,2.0588,1.4706,3.2353,3.2353,0.6471,1.5294,2.2941,5.2941,1.1765,0.2941,0.3529,1.7059,0.7059,0.4706,1.7059,2.4118,1.4118,0.5882,0.5294,0.7059,1.0588,0.9412,1,1.1176,0.9412,1.1176,1.1176,1.0588,1.6471,0.7059,1,0.8824,0.9412,0.7647,0.5294,0.8824,1.1176,0.3529,0.6471,0.6471,2.2941,1.5294,1.5882,1.8824,1.7647,1.8824,2.4118,1.0588,1.5882,3.8824,2.7059,2.3529,2.5882,2.4706,1.3529,2,2.8235,0.9412,1.9412,3.7647,2.8824,2.1176,1.9412,2.0588,3.1765,3,2.0588,1.2941,2.1765,5.4118,5.6471,2.4118,5,4.9412,1.1765,3.1176,3.6471,3.1765,3.4706,5.3529,2.8235,4.6471,3.8235,3.5294,1.5294,5.1765,4.7647,2.8824,3.5294,1.9412,1.8235,7.5294,2.4118,1.7647,2.7059,3.5882,4.1765,1.2941,2.0588,2.2353,0.6471,0.6471,0.3529,0.2941,0.5882,0.9412,0.4706,0.3529,0.5294,1.0588,1.4118,0.5294,2.4118,0.8824,0.8235,0.5294,0.7059,0.8235,0.6471,1.1765,1.7059,1.2353,1.2353,0.9412,2.6471,1.6471,1.3529,1.1176,1.5294,3.0588,3.1176,1.8235,3.1765,5.5882,1,2,1.9412,3.3529,3.8235,3.2941,0.7059,0.2353,0.4706,0.2941,0.2941,0.5882,0.2941,0.5294,0.2353,0.7059,0.7647,0.4118,0.8235,0.5882,1.1765,0.6471,0.3529,0.1765,0.2941,0.7059,2.7059,1.8235,2.4118,1.7647,2.2941,1.9412,2.3529,2.1176,1.7059,2.6471,1.9412,2.1765,2.0588,1.5882,1.5294,4,3.9412,1.3529,2,2.7647,2.4706,3.6471,3.2941,2.5294,1.6471,3.8824,3.4118,1.8824,3.2941,3.5294,2.3529,4.4118,2.8824,1.8824,2.3529,3.9412,5.7647,1.1765,3.0588,3.5882,0.6471,0.7059,0.5294,0.4706,0.4118,0.7059,1,0.3529,1.2353,0.9412,0.8824,0.7059,1.1176,1.9412,0.3529,1.0588,0.7647,2.6471,2.4118,0.8824,0.6471,0.3529,0.2353,0.1765,1.4118,0.3529,0.2353,0.1765,0.8824,1.1765,1.1765,0.3529,1.2941,1.5294,0.2353,0.6471,0.6471,1.0588,1.5294,1.3529,1.2941,1.0588,1.2353,1.5882,0.8824,1.6471,1.7059,0.8824,0.9412,1.8824,1.3529,1.2941,1.2941,0.9412,0.7647,1.1765,1.5294,0.5882,1.5882,2.4118,0,0,0,0,0,0,0,0,0,0,0,0,0,0,0,0,0,0,0,0
0-211.txt_105,3.6667,2.5,1.6111,1.2222,2.5,2.2222,2,1.8333,1.8889,1.7222,2.2222,2.1111,1.9444,1.7778,1.2222,2.7222,1.7778,1.4444,2,2.0556,2.4444,3.6111,1.5,1.3333,1.6667,2.1667,1.8333,1.6111,1.9444,1.3333,1.7222,2.5,1.7222,1.3333,1,2,1.8889,1.4444,1.8889,1.7778,3.6667,3.4444,3.7222,3,3.1667,3.3889,2.8889,2.7222,3.3889,2.0556,1.9444,3.0556,2.6667,1.8333,2.1111,3.4444,3.3889,1.7778,2.3333,2.3333,2.6667,2.5,3.1667,5.2222,1.3889,2.8333,3.6111,2.4444,2.6111,1.2778,1.2778,2.6667,1.4444,1.1667,2.7222,2.8889,2.1667,0.7778,1.7222,1.4444,1,0.6667,0.7778,1.0556,1.2222,0.5556,0.7222,0.6111,0.5,0.7222,0.8889,0.7222,0.8889,0.7222,1.1111,1.1111,0.7778,1.2222,0.8889,0.7222,4.1667,4.4444,2.7778,2.9444,3.0556,4.8889,3.7778,2.7222,3.2778,2.5,2.6111,3.5556,2.2778,2.1667,1.6111,3.5,3.5556,3.1667,2.2778,3.1667,6.6667,6.7778,5.7222,7.8889,3.2778,7.5556,9.7778,4.4444,5.8889,3.7222,3.5,5.8889,4.4444,3,4.2778,6.2222,5.9444,2.6111,3.0556,4.7778,6.2222,3.4444,4.6667,4.2222,3.0556,3.3889,4.2222,10,3.3889,1.5556,1.8889,3.3889,2.5,1.7222,2.5556,4.9444,3.4444,2.2778,1.6111,1.9444,1.7222,2.0556,1.6667,2,0.6111,2.3333,2.5556,1.3889,2.5,1,1.0556,1.8333,1.1667,0.5,1.0556,1.6111,1.4444,0.8889,0.8889,1.1111,3.7222,2.2778,1.6111,1.5,3.1667,2.6111,2.3333,1.6111,2.5556,7.6111,7.1111,2.1111,5.8333,5.6667,1.7222,2.2778,3.2778,3.5,4.4444,6.5,4.8889,3.8889,2.8889,2.0556,4.8889,4.2222,2.9444,2.3333,3.5556,8.2778,10.6111,3.4444,7.7778,6.0556,2.6667,3.7778,5.1111,5.6667,4.8333,7.7222,5.6111,7.9444,4.8333,5,3.6111,7.1111,6.5556,3.6111,5.5,3.3333,3.7778,8.5,3.5556,2.7778,3.8333,5.5,4.9444,2.1667,3.2222,4,1,0.6667,0.5,0.3333,0.6111,1.1111,0.5556,0.7778,0.5556,1.1111,1.0556,0.8333,1.8889,0.5556,0.3889,0.6667,0.8333,0.3889,0.5,1.2778,3.2778,2.5556,2.2222,2.1111,2.6111,2.7778,2.2222,1.6111,3.6667,4.1111,4.3889,2.3889,3.6667,5.1111,1.9444,2.3333,2.8889,2.3333,4.1111,3.7778,3.1111,2.1667,2,2.1111,1.2778,2.1667,2.2778,1.6111,1.7222,1.5,1.4444,2.3889,1.3333,0.8333,6.1667,2.8333,2.2778,0.5,0.8333,1.8889,6.0556,5.0556,4.2778,4.2222,3.3889,4.4444,4.2778,4.6111,3.7778,3.3333,3,4.3889,3.4444,2.6667,3.1111,6.2222,5.1667,1.9444,3,4,2.9444,1.7778,1.8333,1.7222,1.5,2.3333,2.1667,1.6667,1.5,1.3333,1.5,1.9444,1.5,1.3333,2.2222,3.3333,4.1667,1.1111,1.2778,1.8333,0.6667,0.7222,0.4444,0.3333,0.5,0.5556,0.6111,0.2778,0.6111,0.5556,0.7222,0.5556,0.6111,0.8333,0.6111,0.8333,0.9444,1.3333,0.7778,0.5,2.6111,2.0556,2.3333,2.0556,2.7778,2.1111,2.1111,1.2778,3.6667,2.5,3.1111,1.7778,2.4444,4.1667,1.8889,2.7778,2.7222,3.3333,5.7778,2.7778,4.3889,2.2222,1.6111,1.7222,3.8333,2.5,2.1111,1.6111,2.6111,5.9444,5.3889,1.8889,4.2778,3.5,2.4444,2.6111,2.9444,1.6667,3.0556,7.1111
0-211.txt_107,12.7895,6.1053,7.1053,6.3684,5.4737,7,6.6316,8.6842,5.8947,5.6316,6.1053,6.4211,6.6316,5.5789,7.3684,9.7368,8.0526,3.5789,5.4211,7.1579,2.5789,5.5263,2.5789,1.9474,1.8947,3.5789,2.8421,2.0526,3,1.6316,1.6316,4.3158,2.3158,1.5789,2.1053,2.7368,3.1053,1.8947,2.0526,1.8947,5.6316,5.5789,9.3684,6.8421,4.1053,4.8947,5.3684,6.4211,5.4737,3.8421,3.6316,5.8947,3.8421,4.4211,4.3684,6.6842,6.0526,3.8947,5.1579,3.8947,3.9474,3.5789,5.5789,7.3158,1.8947,4.3158,4.7368,5.1053,3.5263,2.1053,2.2105,3.5263,2.4211,2,3.6316,4.3684,3.8421,1.4737,2.1053,2.5789,3.6842,1.7895,1.5789,1.4737,7.8947,1.8421,1.4211,2.4737,1.7895,2.1579,2.2105,1.6842,2.3684,2.3158,1.5789,2.9474,2.3158,2.2632,2.2105,2.2105,1.2632,1.5263,1.5263,1.1579,0.8421,1.8947,1.1579,1.1053,0.8947,0.9474,0.8421,1.7895,1.4737,0.6316,0.7368,1.2632,1.2105,0.8947,0.8421,1.1579,3.0526,2.7368,3.2105,3.5789,2.0526,3.9474,4.5263,2.6842,3.3158,1.8947,2,3.2632,2.2632,1.7368,2.2632,3.5789,2.9474,2.2632,2.3684,2.0526,10.6842,7.2632,8,7.5263,5.9474,7.2105,7.3158,18.4737,6.7895,5.6316,5.6842,7.5263,6.7368,5.3684,6.6842,9.9474,8.4211,5.3684,5.7368,6.4211,0.7895,1.3158,1.3158,1.1053,0.4737,1.2105,0.8947,0.7368,2.0526,0.4737,0.4737,1.2632,0.6316,0.5789,0.5789,0.8947,1,0.5263,0.7895,0.7895,4.4211,2.7895,3.4211,2.6842,3.8947,3.4737,3.3158,2.5263,3.0526,8.5789,6.2632,3.1579,5.7368,5.5789,3.4211,3.6842,4.4211,3.4737,4.6842,7.8421,4.3684,4.6842,4.1053,3.3158,3.1579,4.6842,3.9474,3.7368,3.6316,4.9474,6.7368,4.5263,6.1053,4.2632,3.1579,4.7368,4.5789,2.9474,4,5.1053,6.8947,8.8421,7.8421,7.4211,3.6842,8.8947,7.7895,6.5789,6.8421,4.9474,5.4211,11.0526,6.3158,3.7895,6.2105,7.7895,8.0526,4.9474,5.4737,5.8421,2.4737,1.9474,1.6842,1.4737,1.9474,2,1.7895,1.2105,2.0526,3.1053,3.4737,1.7895,5.1053,2.5263,1.3158,2.2105,2.5263,1.6842,2.1579,3.3158,1.1579,1.0526,0.7895,0.5263,1.1579,0.8421,0.8421,0.6842,1.7368,2.5263,2.5789,0.8421,2.3158,5.1053,0.6316,1.0526,1.1579,2.7895,3.5263,1.8947,8.3158,7.0526,6.2632,5.7368,4.1053,6.7368,5.8947,6.6842,5.7895,5,4.5789,6.3158,5.0526,5,13.2632,7.7895,6.6316,3.7895,5.3158,5.1579,5.2632,4.0526,4.8421,3.7895,3.3158,3.9474,3.4737,4.8421,3.7895,2.3158,2.4737,4.0526,3.3158,2.3684,2.8421,7.1579,5.1053,2,2.6842,3.0526,3.7895,2.9474,3.2105,2.8421,2.1579,2.8421,2.6842,2.3684,2.3158,2.9474,2.6316,2.9474,2.7368,1.8947,2.7895,4.1579,5.9474,1.4737,2.1053,3.5789,0.8421,0.8947,0.5263,0.4737,1.1579,1,0.7895,0.9474,1.4211,0.8947,1.1579,0.6842,1.3158,2.7368,0.4211,0.7368,0.8947,5.8421,2.8947,0.7368,2.8421,3.1053,3.2632,2.3684,2,2.6842,2.8421,1.7895,4.7368,2.9474,3.2105,3.3684,3.2632,6.1053,2.4737,2.7895,3.3684,4.5263,8.2105,3.1053,7.3684,4,4.1579,3.6316,5.2632,4.8947,4.2105,3.7895,3.4737,9.8947,7.8421,4.5789,7.3158,5.7895,4.5789,5.3684,7.7895,3.6316,4.6316,12.0526
0-211.txt_109,4.7778,3.1667,3.7778,3.5,2.3889,3.2222,3.3333,2.8333,2.7778,2.6111,2.1667,3.3333,2.6667,2.3333,3.3889,4.5556,3.2222,1.6111,2.7222,2.8333,6.2222,10.6667,6.5,6.2222,3.8889,7.5,6.2778,5.3889,6.1111,4.7778,5.3333,8.3333,6.0556,4.2778,6.7778,6.9444,6.5,3.7778,4.6667,4.9444,2.1667,2.8333,4.2778,3,1.7778,2.3333,2.7778,2.0556,3.4444,1.3889,1.2222,2.5556,1.7222,1.2778,1.9444,2.8333,2.2778,1.0556,2,1.5,2.5,2.6667,4.2222,6.2778,1.2778,3.2222,4.5,3,2.6111,2,1.7778,3.2778,1.9444,1.7778,2.8333,2.8889,2.6667,2.2222,1.9444,1.7222,1.8333,1.0556,1.1111,1.2222,3.7778,1.1111,1.0556,1.3889,1.2778,1.5556,1.8889,1.1667,1.7222,1.6667,1.1667,1.7222,1.5,0.8889,1.4444,1.6667,4.5,5.1111,5.2222,5.8333,3,7.9444,6.2222,3.8333,4.3333,3.6111,3.2222,4.8333,3.5,2.7222,4.6667,5.2778,4.8333,2.8889,3.2222,3.9444,4.0556,4.0556,5.8333,6.5,2.6111,5.4444,7.8333,3.2778,4.3889,2.7778,3.5556,4.8333,3.1667,2.8333,4.6667,5.2778,4.6667,2.0556,3.6111,3.4444,7.2222,6.7222,8.2778,6.6667,4.5,7.1111,7,12.1667,5.8333,4.0556,3.7778,7.3889,4.7222,4,6.2222,8,7.0556,3.8333,4.6667,4.6667,2.1667,3.2222,3.5,2.5,1.8333,3.4444,2.6667,1.6111,6.3333,2.2222,2.5,2.9444,2.7222,2.7778,2.2222,3.0556,2.3333,3.2222,4.7778,2.1111,3.1111,2.3889,1.5,1.3889,2.5556,2.1667,1.8333,1.3889,1.3889,7.5556,5.5,2.4444,4.3889,3.1667,1.7778,2.2222,3,1.7222,2.7222,6.1667,8.6667,6.3333,5.3333,5.0556,7.6667,7.0556,5.9444,4.1667,6.1667,15.1667,17.5556,6.5,13.5556,11.1667,5.7778,7.5556,9.1111,6.6667,8.3889,12.5556,2.5556,4.1111,3.1667,3.1667,1.2222,3.7778,3.6667,1.8889,2.6111,1.4444,1.8333,5.0556,1.9444,1.5556,3.2778,3.1667,2.8889,1.4444,2.4444,1.6111,1.7778,1.7222,1.5556,1.2778,1.5,1.9444,2.1111,1.2778,1.8333,2.1111,2.0556,2,4.0556,1.8889,1.8889,2.1667,2.0556,1.2222,1.8889,2,2.5556,2.0556,1.9444,1.5,1.7778,2.4444,2.1111,1.6111,2.5556,3.6667,4.0556,2.2222,3.3889,6.3333,2.2222,2.4444,2.5556,3.2778,4.5556,3.2778,5,3.6667,3.5,4.6111,2.5,4.5556,4.3333,3.3889,3.0556,3.0556,3.3333,4.7222,3.1667,3,11.2778,5.2778,4.5,2.3889,3.2778,3.6667,5.1667,4.1111,5.5556,4.1667,3.8889,5.2222,4.9444,4.5,5.2222,4.0556,4.1667,4.8333,4.2222,3.9444,3.8889,7.7778,6.0556,2.3889,3.9444,4.0556,4.2778,3.7222,4,3.3889,3.5556,4,3.4444,3.0556,3,4.5,4.9444,3.7222,4.2778,3.1111,4.0556,5,7.3333,2.3889,3.5,5.1667,1.8333,1.2778,0.9444,0.9444,1.6667,1.5,1.4444,1.4444,1.3889,2.1667,2.4444,1.2222,2.3889,3.3889,1.2778,1.4444,1.5,7.8889,3.1667,2.3333,1.2222,0.8333,0.9444,0.8333,0.7222,1.1111,0.8333,0.6111,1.7222,1.1111,1.2222,0.8333,1.7222,2.8333,0.5,1.2222,1.0556,1.9444,3.1667,1.5,8.3333,5.3333,5.2222,5.8889,7.8889,5.9444,5.1667,4.5,5.3333,12.7778,10.8333,5.8333,9.7778,8.8333,5.9444,6.6111,8.9444,4.3333,7.1111,13.7222
0-211.txt_111,9.2353,4,4.4118,4.1765,5.1176,5.2353,4.8824,5.0588,4.5882,5.8235,5.7059,4.7647,7,5.0588,5.7647,6.2353,5.4706,3.4118,5,6.6471,3.4706,6,3.4118,3.5294,2.2941,3.8824,3.5882,2.5882,3.3529,2.7647,3.2941,5.0588,3.8235,3.1176,4.1176,3.1176,3.1765,2.7059,4.1765,2.7647,3.4706,3.4706,5.0588,3.5294,2.4118,3.8824,3.4118,3.3529,4.0588,2.4118,2.1765,4.1176,2.5294,2.1765,2.1765,3.5294,3.2941,1.5294,2.1765,2.2941,5,4.0588,6.8235,8.7647,3.6471,5.4706,7.1176,4.9412,4.5294,2.3529,3,5.0588,3.2941,2.8235,3.7059,5.6471,5.2353,1.9412,3.5294,3.0588,1.7647,1.6471,1.7059,1.4118,0.8235,2.2353,2.0588,1.1765,1.3529,0.8235,1.1176,2.2353,0.9412,0.8824,1.1765,1.7059,1.7059,0.4706,0.7647,1.1765,8.1765,9.9412,8.5294,9.5294,4.1176,9.6471,12.4118,5.5882,9.1765,5.5882,5.9412,10.2353,5.7059,5.6471,7,7.7059,8.4118,4.3529,6.2941,6.5882,4.6471,3.5294,4.5882,5,3,3.8824,3.9412,6.5882,3.8824,3.1176,3.8235,4.4706,3.2941,3.0588,3.6471,4.6471,4.7059,2.4118,4.0588,3.2941,0.6471,0.7059,0.7059,0.8824,0.3529,0.8824,0.8235,0.2941,1.4118,0.7647,0.5882,0.6471,0.7647,0.8824,0.7647,0.5294,0.6471,0.7647,0.7647,0.5882,3.6471,2.4706,2.1176,2.2353,3,2.7059,3.1176,2,2.4118,5.5294,4.9412,3.0588,4.2353,3.4118,1.5882,2.4118,3,2.8235,3.4118,4.5882,7,5.1176,4.5882,4.1176,6.1765,5.2941,5.4118,3.7647,6.2941,8.4706,11.5882,5.2941,9.2353,9.3529,4.3529,5.1176,5.7647,7,7.7647,8.2353,8.7647,10.0588,9.1765,9.1176,5.8824,10.4706,9.9412,7.7647,8.3529,5,6.4118,13.2353,6.7059,5.2353,7,9.0588,8.5294,5.8824,6.5882,6.2353,1.1765,1.0588,1.0588,0.6471,0.7059,1.0588,0.8824,0.9412,0.9412,1.2353,1.2941,0.9412,2.0588,0.8824,0.6471,0.9412,1.1176,1.0588,1.1176,1.2941,5.5882,5.1176,4.1176,3.2941,6.0588,5,4.1765,3.5882,6.6471,7.2941,8.2941,4.2941,7.2941,11.6471,4.1176,4.5294,5,8.3529,10.0588,6.9412,4.2941,2.7647,2.9412,2.9412,2.6471,3.2353,3.4706,3.7647,3,2.4706,2.6471,4.0588,2.8824,2.0588,8.2353,4.1765,4,3.0588,2.7059,2.6471,5.8235,4.4706,4.5882,3.9412,4.4118,4.3529,4.6471,3.8235,3.7647,2.9412,3.9412,5.1176,3.8235,3.4118,5.2941,6.5294,5.1765,2.7647,3.5882,4.1176,0.9412,0.8235,0.5294,0.4706,0.6471,0.9412,0.6471,0.7647,0.7647,0.7059,0.7059,1.1176,0.8235,0.5882,0.7647,0.7059,0.8824,0.3529,0.8824,0.8235,1.7059,1.5294,0.8824,0.9412,1.1176,1.1765,0.9412,0.8824,1.3529,2.2941,2.1765,1.2353,2.1176,2.2353,1.3529,1.3529,1.5882,4.4118,2.8824,1.7647,2.8235,2.5294,2.4118,2.3529,2.9412,2.6471,2.7059,2.1176,3.9412,3.6471,3.6471,2.8235,4,4.9412,2.3529,2.4118,2.8235,2.8235,5.4118,3.4706,7.7059,5.2941,4.8235,4.2353,6.3529,5.5294,4.6471,4.3529,5.5882,10,8.5294,5.2941,8.7647,8.5882,5.7647,6,7.0588,6.1176,7.1176,10.2353,0,0,0,0,0,0,0,0,0,0,0,0,0,0,0,0,0,0,0,0
0-211.txt_113,54.3158,38.9474,39.4737,38.0526,45.8421,42.3684,42.4211,39.9474,41.5263,40.5263,43.7368,39.2105,41.4737,38.6842,41.3158,48.5263,43.6316,36.3158,35.5789,43.4211,21.3684,37.3684,23.9474,22.5789,19.0526,30.7368,27.8421,18.8947,28.3158,16.4211,19.6316,31.1053,20.6842,16.4737,21.0526,26.1053,24.1579,16,18.4737,18.7895,11.1579,11.8421,24.7895,13.6316,19.1053,13.4211,11.9474,10.8421,14.6316,10.6316,13.0526,12.6316,12.3158,9.7368,11.0526,15.4211,13.4737,11.6316,10.8947,11,13.3684,15.0526,17.8421,24.6316,11.4737,16.2632,18.9474,12.9474,16.4737,10.0526,11.4737,15.0526,11.2105,10.1579,14.2632,16.7895,14.9474,9.3684,10.8421,11.3684,7.2632,6.1053,6.6316,5.7368,14.2105,6.8421,5.9474,6.4211,6.8421,7,8.2105,6.6316,7.3684,6.8947,5.6842,8.6842,7.7895,5.2632,6.3158,7.3158,18.3684,24.5263,21.3158,20.1579,15.3684,29.7368,24.8947,17.3158,23.1053,14.2632,16.6842,23.9474,16.5263,14.1053,18.1579,22.7368,19.2632,14.6842,15.9474,15.4737,16.5263,19.6316,18.4211,20.2105,12.4737,21.6316,26.3158,16.0526,19.1579,11.8947,13.3684,20.3684,13.3684,12,16.4737,18.4211,16.6316,11.2632,14.0526,12.4737,29.7895,28.3684,30.5789,29.1579,26.3684,30.1053,28.3684,43.2632,28.1053,22.3158,23.8421,28.8421,24.3158,22.7895,28.2632,33.6316,27.8421,21,22.2105,23.2105,7.5263,9.9474,9.7895,10.2105,5.8421,10.6316,10.8947,7.0526,14.7895,6.3158,6.9474,9.9474,7.3684,7.9474,8.2632,10.0526,8.6842,6.7895,8.9474,6.8947,10.0526,8.4211,7.3158,5.8947,10.6316,9.5789,8.2105,6.3158,7.5789,20,20.4737,8.3158,15.2632,14.8421,7.2105,8.5263,10.3684,8.6316,10.0526,15.8421,42.4211,35.7368,31.5263,30.2105,45.5263,38.4211,35.0526,27.6842,34.9474,65.2105,88.1579,35.3684,63.5263,66.5263,34.5263,39.6842,42.3158,39.4211,45.1579,59,10.5789,15.9474,11.7368,11.4211,9.3684,14.5789,14.1579,9.8947,12.4737,8.4737,9.1053,17.5263,10.2632,7.8421,11.1053,12.7895,11.8947,8.6842,9.3684,9.1053,6.9474,6.3684,5.8947,4.8947,6.5263,7.2632,6.4211,4.7895,7.2105,9.2632,10.3158,6.3684,11.1053,7.8947,5.3684,7.3158,7.7368,5.8947,7.2105,9.1053,7.3684,5.7895,5.1579,4.3684,7.7368,5.6316,5.3684,5.1579,7.3158,9.3158,11.7368,5.7368,9.1579,15.7895,4.8947,6.9474,7.0526,8.7368,10.3158,9.5263,11.7895,11.1579,11,11.3158,10.6316,12.7368,12.4211,10.3158,11.4211,8.9474,10.3684,12,9.3684,9.1579,23.4737,13.4211,12.5263,8.5263,9.2632,9.7368,26.0526,28.6842,29.4211,26.2105,26.5789,30,28.6842,24.2105,28.1053,21,22.7895,28.8421,23.3684,21.2632,22.7895,36.5263,29.2632,20.1579,22.5789,23.4211,15.9474,18.1053,17.8947,14.5263,14.1579,17.8947,16.8947,14.2632,17.4211,13.6842,14.9474,17.6842,14.5263,13.4737,13.5789,20.2105,23.1053,11.1053,13.0526,15.3158,2.5263,2.7368,2.5263,2.2632,2.3684,2.8421,2.4737,2.3158,3.1579,2.5789,3.2105,2.5263,3,2.8421,2,2.9474,2.6316,5.2632,3.1579,2.5263,3.4737,3.4211,3.6316,2.8421,3.1579,3.1579,2.8421,2.5789,5,4.1053,4.2632,2.9474,3.7895,6.8947,2.2105,4.3684,3.8421,4.7368,7.6842,4.1053,19.2632,16,15.1053,14.8421,17.7895,16.7368,16.5789,13.8421,17.3684,21.1579,22.6842,15.9474,19.5789,17.8947,15.1053,17.5263,18.3158,13.0526,14.6316,24.2632
0-211.txt_115,12.3158,8.5263,7.9474,7.1579,6.8421,8.8947,8,8,7.8947,7,6.8947,8.2632,7.4737,6.0526,9.1579,9.8947,9.0526,5.5263,6.8947,8.3158,8.1579,14.2105,7.6316,7.0526,5.0526,9,8.1579,6.1579,7.6316,5.4211,6.1053,11.2632,7.0526,4.8421,6.8947,8.1053,7.4737,4.4737,6.3158,6.2632,4.3684,5,8.1053,5.9474,3.3684,5.0526,5,4.6842,5.6842,3.4737,3.0526,5.2105,3.5789,2.9474,4.6316,5.5789,5.1053,2.1053,4.2632,3.3684,10.2105,9.4737,11.1053,15.5789,7.0526,10.6842,12.4737,9.3158,9.1579,6.7368,7,10.0526,7.2632,6.0526,10.2632,11.6842,8.9474,5.8947,6.6842,7.0526,2.8421,1.7368,1.8947,2,5.9474,2.3158,2.1053,1.8947,1.7895,2.3158,2.2105,1.7895,2.2632,1.6316,2.2632,2.7368,2.9474,1.5263,1.8947,2.6842,6.1579,7.5789,6.5263,7,3.4211,10.7368,8.5263,5,7.5263,4.5263,5.1579,7.6316,6.3684,4.0526,5.5789,6.6316,6.4211,3.3158,5.1053,4.7895,7.9474,8,7.9474,10.0526,5.2632,10,13.1579,7.1053,8.3684,5.6316,5.8421,8.7368,6.5263,5.5263,8.3158,8.9474,7.5789,4.8947,6.1579,6.2105,10.6842,9.3158,9.4211,9.5263,7.6316,9.6842,9.2105,15.8947,9.1053,7.3158,7.3158,9.2632,8.4211,6.2105,9.3684,11.6316,10.1053,5.8947,6.7368,8,3.4211,3.9474,4.7895,3.4737,2.6842,4.6842,3.9474,3.1053,8.3684,3.1053,2.8947,3.6842,3.3684,3.7368,3.2105,4.1579,4.0526,3.1053,4.9474,3.0526,4.6842,4.3158,3.8421,3.4737,4.4737,5.2105,4.5789,3.2632,4.2105,7.4211,6.2105,4.3684,6,4.4737,4.3158,4.4211,4.8947,4,4.6316,5.9474,10.6316,10.2632,9.0526,8,9.2632,11.3684,10.6842,7.8421,9.5789,13.3684,18.6842,9.8421,15.7368,12.6316,9.2632,11,10.9474,8.8421,10.5263,12.9474,3.6316,6,3.6842,3.7895,2,4.8421,4.8947,3,3.8421,2.8421,2.6842,6.8947,3.2105,2,3.5789,3.6842,3.9474,1.6842,2.7368,2.8421,2.3158,1.8947,2.0526,1.3684,2,2.6316,1.8947,1.6842,1.8947,3.1053,3.9474,1.8421,5.2632,2.5263,2,2.6842,2.3684,1.6316,2.6842,3.1053,3.5789,3.5789,3.2105,2.8421,3.1579,3.7895,3.4737,2.5789,4.5263,4.2105,4.5789,3.6316,4.2632,8.2105,2.4211,3.3684,3.5263,4.3684,6.7895,3.8421,9.6842,8.5263,9.1579,8.4737,7.7368,9.4211,9.4737,7.8947,7.8947,7.4211,7.5789,9.3684,7.8421,5.8947,20.2632,10.7368,9.7895,5.4737,6.6842,8.1579,13.0526,10.8421,11.8421,12.2632,9.7895,12.5789,12.2632,11.3684,10.2632,8.1579,9.1579,11.8421,9.1053,7.8947,11.7895,17.6316,13.7368,7.2105,9.4211,9.7895,6.6842,5.4737,6,6.4211,5.2105,6,6.5263,6.3684,5.0526,5.7895,6,5.8421,5.8947,4.4211,7.0526,7.8421,9.3158,3.7895,4.7368,6.3684,1.1579,1,0.6842,0.4737,1.1053,1,1.0526,0.7895,1.3684,0.8947,1.2632,0.8421,1,1.6842,0.6842,0.9474,1.0526,3.2632,1.7895,1.0526,2.2105,2.1579,2.2105,1.5789,2.4211,2.2105,2.1579,1.6316,3.8947,2.3158,2.7368,2.2632,2.2632,3.6842,1.6842,2.2632,2.2105,3,5.5789,2.3684,5,3.7895,3.2105,3.2105,4.1579,4.0526,4,3.7895,3.1053,5.4737,5.4211,4.1579,5.2105,3.7895,3.7368,4.1053,4.8421,3.2632,3.6842,6.4737
0-211.txt_117,25.2222,15.8889,15.7222,15.7222,12.8889,17.5,19,14.3333,14.1667,15.7222,16.1667,18.2222,16.5,13.8889,13.7222,19.4444,18.2222,11.6111,14.5,15.7778,9.5556,22.2778,11.0556,9.2778,6.0556,13.1111,11.8889,6.8333,12,8.9444,9.1111,16.0556,9,7,7.9444,9.7222,9.2222,7.1111,9.8333,8.2222,4.7222,4.3333,8.6111,5.6667,2.8333,4.4444,4.5556,4.2222,5.5556,3.0556,3.2222,4.3333,3.7222,3,4,5.7778,4.7778,3,3.7778,3.2778,10.5,11.0556,13.6111,21.0556,5.7778,11.6667,15.6667,9.6667,10.5556,7.4444,6.0556,12.2222,7.1111,6.0556,10.8889,11.6111,9.6111,4.9444,6.6667,7.2222,1.0556,0.3889,0.3333,0.6667,1.5556,0.6111,0.4444,0.4444,0.2778,0.3333,0.3889,0.3889,0.3333,0.2222,0.5556,0.7222,0.7222,0.2222,0.3889,0.6667,6.6667,7.6667,7.1111,7.2222,3.7222,10.2222,9.1667,5.3333,7.1111,4.2222,4.2778,8.5556,4.9444,3.5,5.2222,6.8889,6.0556,2.7778,4.7778,4.7222,11.5556,10.1667,10.5556,14.2778,5,12.6111,17.6667,8.7222,10.2778,6.2778,6.2222,12.6667,6.7778,5.5556,8.7778,10.1667,9.7778,5.8889,6.0556,7.3333,10.9444,9.4444,12.1667,11.5556,5.6667,10.2778,11.6111,19.3889,10.6111,6.7222,6.5556,10.6667,6.8333,7.4444,9.2222,10.6667,9.1667,6.3333,8.1111,6.9444,3,4.1111,3.8333,3.6111,2.3889,4.1111,3.9444,2.1111,7.7222,2.3889,3.2222,4.3333,3.2222,3.6111,2.3889,3.1111,3.2778,2.7778,4.2778,2.5,6.7778,4.7222,4.6111,4.3889,6.3333,5.5,4.1111,3.3333,5.1111,14.2222,11.7222,4.8333,11.3889,9,4.6667,4.8333,6,7.1667,7.6111,11.0556,14.6667,11.6667,9.2778,8,12.7222,11.6667,11.2222,7.7778,10.4444,21.5556,25.0556,11.2222,20.5,18.0556,9.1667,10.8889,13.0556,12.2778,14.7222,18.1667,6.4444,8.6111,7.1111,6.8889,2.9444,8,6.9444,5.5,7.2222,4.2778,4.4444,11.2778,5.1667,3.3333,5,6,5.7778,3.3333,4.6111,4.7778,4.2222,3.0556,2.9444,2.8889,3.2222,4,3.2778,3,4.5556,5.0556,6.2778,3.4444,8.0556,5.1667,2.9444,3.8889,4,3.6111,4.3333,4.5,3.6111,3.1111,2.5556,2.6111,4,2.7222,2.8333,1.5556,4.0556,5.7778,6.3889,2.7778,5.9444,9.1111,2.3333,3.2222,3.6111,5.5,7.1667,4.8333,11.5556,9.5556,9.5,9.6667,6.8889,9.5556,11,8.4444,9.4444,8,7.1667,10.3333,8.2778,8.6111,19.1111,10.3333,9.2222,7.1667,9.2222,8.5556,4.4444,3.6111,4.8333,4.8889,2.6111,3.5,5.0556,3.7222,3.1111,2.6667,2.3333,4.3889,2.5556,1.8889,4.2222,6.5,5.2222,1.1667,2.5556,3.1111,5.8889,5.6111,5.7222,5,3.1667,5,5.1111,4.6667,4.6111,5,5.2222,5.7778,6,4.2778,4.3889,6.8333,9,3.5,5.1111,5,2.8333,2.6667,2.0556,1.6111,2.5556,2.6111,2.3333,1.8889,3.3333,3.2222,3.2778,2.2222,3.1111,4.3889,1.6111,2.7222,2.3889,7.1667,4.1111,2.7778,3.1111,3,2.6111,2.2222,2.6111,3.0556,2.6667,2.1111,6.2222,4.8333,5.2778,2.5556,4.7778,8.3333,1.8889,3.1111,3.2778,5.7778,10.3889,4.5,14.5556,9.8333,8,8.3889,11.7778,10.1667,10.7222,7.6667,9.3889,19.1667,15.7778,9.8889,13.7778,13.6667,8.8889,11.5,13.6667,10.5,12.3889,20.1667
0-211.txt_119,2.8824,1.1765,1.1765,1.2941,1.1765,1.7647,1.7647,1.5294,1.0588,1.0588,1.1765,1.5294,1.1765,0.7647,1.4118,1.7647,1.5882,0.6471,0.8235,1.5882,1.8824,4,1.9412,2.2941,0.9412,2.7059,2.4706,1.1176,2.1176,1.4118,1.4706,2.8235,1.8235,1,1.6471,1.9412,1.7059,0.7647,1.2941,1.5294,2.4118,2.1176,5.3529,3.6471,1.1176,2.9412,3.2353,2.1765,2.7059,1.2941,1.2353,2.4118,1.5882,1.4118,1.5882,3.3529,3.1765,0.9412,1.9412,1.3529,1,0.8824,1.3529,2.7647,1.0588,1.2353,1.5882,1.1176,0.8824,0.6471,0.6471,1.2353,1.1176,0.5294,0.8824,1.5294,1.1176,0.2941,0.5882,0.8235,2.1176,0.9412,1,1.1765,5.3529,1.1176,0.9412,1.0588,1.3529,1.5294,1.5882,1.2353,1.8235,1.2353,0.9412,1.5882,1.4118,1.1176,1.4118,1.7059,0.8824,0.7647,0.9412,0.6471,0.4118,1.5294,0.8824,0.4706,0.7059,0.5294,0.4706,1,0.6471,0.2941,0.9412,0.8235,0.9412,0.2941,0.5294,0.7647,2.2353,2.4118,2.4118,3.4706,1.0588,3,4.8824,1.3529,2,0.8824,1.0588,2.9412,1.4118,0.8235,1.7059,2.6471,2.6471,0.7647,1.1765,1.3529,3.4706,2.4706,3.9412,3.3529,1.6471,3.2941,3.2941,7.4706,2.9412,1.0588,1.1176,3.4706,1.9412,1.7647,2.8235,3.8235,3.8235,1.5882,2.7647,1.4706,1,1,1.1176,1.2941,0.9412,1.2941,1,1.1176,2.4118,0.3529,0.4118,1.1765,0.5882,0.5294,0.6471,1.2941,1,0.2941,0.8824,0.4706,0.9412,0.7647,1,1,0.8824,1.1765,0.7647,0.5294,0.6471,2.5882,1.5294,0.8235,1.7059,1.0588,0.7059,0.9412,1.5294,0.6471,0.8235,1.9412,2,1.2353,0.9412,0.9412,1.4118,1.2941,1.4118,1.1176,1.0588,2.5294,3.8235,1.4118,2.5882,2.2353,1.3529,1.5882,1.9412,1.3529,1.9412,2.8824,3.8824,6.2353,5.4118,4.8235,1.8824,5.3529,5.0588,3.3529,3.7059,1.8824,2.4706,9,3.1176,1.4118,4.1765,5.1765,4.4706,1.5294,2.4118,2.4118,1.2353,1,1.2941,0.7647,0.7647,1.1176,1.1176,0.7059,1.4118,1.3529,1.6471,1.1765,2.9412,1.5882,1,1.0588,1.4706,0.8824,1.1765,1.1765,1.4118,1.2941,0.8824,0.7059,1.4118,0.9412,0.8235,0.7059,1.7059,3.2353,2.8824,0.9412,2.4706,5.5882,0.7647,1.2353,1.6471,2.5882,4.0588,2.3529,1.9412,1.8235,2,1.9412,1.0588,1.8824,2.2353,1.8824,1.3529,1.9412,1.4706,2.3529,1.5294,1,4.4706,2.0588,1.7647,0.7647,1.1765,1.8824,1.4706,1.2353,1.1176,0.9412,0.7647,1.1176,1.2353,0.8824,0.8824,0.8235,1.0588,1.2941,1.0588,0.7059,1.4118,2.1765,1.9412,1.1176,0.8235,1.1765,5.7059,3.9412,6.1765,4.8824,3.5294,4.7647,4.3529,4.4118,3.6471,4.2941,3.8235,4.9412,4.1765,3.2941,3.5882,6.2941,10.1765,2.5882,4.4118,4.9412,1.5882,1.8824,2.1765,1.7059,1.2353,1.8824,1.8235,1.1765,3.1765,1.8824,1.8824,1.6471,2.1765,3.9412,1.2353,2,1.8235,2.7647,5.5882,1.7647,3.9412,1.8235,1.8824,1.7647,2.9412,2.1765,2.0588,2.1176,1.9412,4.5882,3.5882,2.2941,3.3529,3.8235,1.8824,3.3529,3.4706,2.0588,3.4706,6,0,0,0,0,0,0,0,0,0,0,0,0,0,0,0,0,0,0,0,0
0-211.txt_121,3.8333,2.6667,2.3333,1.8889,2.3333,2.7222,2.6667,2.5,2,1.6111,2.5,3,1.6667,1.8889,1.8889,3.2222,2.4444,1.5,2.3333,2.1111,2.4444,4.8889,3.1667,3,2.2222,3.2222,3.3889,1.9444,3.7222,2.3889,3.0556,3.9444,2.1111,2.7778,1.5,2.6667,3.3889,1.5556,4.1111,2.2778,1.1667,1.3333,1.9444,2.5556,0.8333,1.8333,2.2222,1,1.8333,0.6111,1.1111,1.7222,1,0.6111,0.6111,1.1667,1.0556,0.3333,1.0556,0.6111,3.4444,1.3333,2.6667,2.1667,11.3889,2.2778,1.6667,1.9444,1.7778,2.7222,2.8889,2.0556,2.6111,1.8333,1.7778,3.4444,3.3889,1.0556,1.8333,3,1.6667,2.5556,2.1111,2.2222,3.5556,3.1667,2.6111,1.6111,1.6667,1.7778,2.2222,2.3889,1.6667,1.8333,1.7222,2.3889,2.5,1.3889,1.9444,2,1.8889,2.5556,2.5,3.5556,1.5,3.0556,4.1667,2.0556,2.5,0.8889,1.3889,2.5556,1.1111,1.1111,1.6111,2.3889,1.9444,0.8889,1.3333,1.1111,3.8333,3.8333,4.0556,3,2.7222,3.2222,2.6667,6.2222,3.2222,1.1111,1.3889,3.4444,1.6667,1.6111,1.8889,3.4444,2.7222,1.6111,2.1111,1.6667,1.3889,1.7222,1.3333,0.6111,0.8889,1.6667,1.1667,0.6111,2.5556,1.3333,1.3333,1.4444,0.8889,1.5,0.7222,1.1667,1.3333,1.3889,1.9444,1.3889,2.7778,1.5,1.4444,0.9444,3.1667,2,1.8889,0.8889,2.2778,4.6111,3.8333,1.7222,2.8889,2.3889,1.3889,2,3.1111,1.0556,2.1111,4.2778,4.1111,3.6111,1.7778,1.3889,4.3889,3.9444,2.7222,1.5,3.0556,7.2222,9.1667,3.1667,5.5,5.0556,2.5,2.8889,4.1111,2.5,4.3889,6.4444,0.5556,1.4444,1,0.5,0.8889,1,0.8889,0.4444,0.7222,0.2778,0.5556,1.7778,0.4444,0.7222,0.3889,0.8333,0.6111,0.2222,0.5556,0.3333,0.3889,0.7778,0.2778,0.2222,0.2778,0.5,0.3889,0.2778,0.3889,0.7222,0.6111,0.7222,1.0556,0.5556,0.2778,0.3889,0.4444,1.1111,0.5556,0.5556,0.6667,0.9444,0.3889,0.4444,0.9444,0.8889,1,0.2778,0.4444,0.8333,1,0.6667,0.7778,1.6111,0.3889,0.4444,0.5556,0.5556,1,0.7778,1.1667,1.1111,0.7778,1.2222,0.6667,1.2778,2,0.6111,1.5,0.9444,0.8333,1.1111,0.7222,0.8333,2.8889,0.9444,0.9444,0.6111,1.0556,1.6667,4.3333,4.1667,3.8889,3.8889,3.2222,4.6111,4,3.3333,4.0556,3.1111,3.1667,4.2778,3.2222,2.9444,4.7778,6,5.3333,2.2778,2.8333,3.4444,2.2222,2.2778,2.1667,1.8889,2.4444,2.0556,1.8889,1.1667,1.8889,1.7222,2.3889,1.9444,1.6667,1.8333,1.9444,2.7222,3.2778,1.0556,2.3889,1.7778,0.3333,0.1111,0.0556,0,0.5,0.2222,0.1111,0.1111,0.5556,0.5,0.3889,0.1111,0.3333,0.7778,0,0.2222,0.3333,1.9444,1.0556,0.5556,1.5556,2.5,1.5556,1.1667,1.6111,2,1.4444,1,2.1111,1.3333,2.1111,2.0556,1.7222,2.6667,0.6111,1.6111,1.6667,1.8889,3.6111,1.5,2.8889,2.8889,2.3889,1.6667,2.8333,2.7778,2.5556,1.1111,2.6667,3.8333,3.9444,2.3333,3.6667,3.7222,1.7778,2.7222,3.1111,2.1111,3.9444,4.2222,0,0,0,0,0,0,0,0,0,0,0,0,0,0,0,0,0,0,0,0
0-211.txt_123,22.5263,10.4737,11.9474,9.3158,15,13.3158,11.2632,16.2105,10.6842,16.6842,16.3684,11.9474,16.3684,15.5789,13.0526,18.5263,16.4737,10.6842,12.8947,17.1579,10.8421,18.4737,11.4211,9.8421,7.1053,12.7895,11.4737,9.3684,10.4737,9.2632,9.8421,14.5789,10.0526,9.2105,9.1579,11.5789,11.1053,10.0526,10.5263,9.7895,2.6316,2.0526,3.8947,2.7895,1.5789,2.6316,2.5263,3.5789,2.3684,2.1053,1.7368,2.3684,1.8421,2.2632,2.3158,3.1579,2.6842,1.5263,2.4211,1.7895,8.7368,8.5263,11.1053,15.0526,6.2632,9.6316,11.6842,9.4211,8.7895,6.2632,6.4211,9.3158,6.8421,6.2632,7.5789,10.7895,9.2105,5.1053,7.5789,6.9474,2.8421,1.6316,2.1579,1.8421,4.8421,1.8421,1.5263,2.5789,1.9474,3.3684,3.0526,1.6316,3.6842,3.4211,1.9474,3,2.7368,2.7368,2.1053,2.8947,4.2632,5.5263,4.4737,4.2632,2.6842,6.4211,5.2632,3.7895,4,3.2105,3.4211,5.1579,3.7895,2.6842,3.8947,4.1579,4.0526,2.6842,3.1579,3.6842,4.7895,4.3684,4.3158,4.5789,2.9474,5.6842,6.5263,4.3684,4.9474,4.8421,4.7368,5.1053,4.7368,3.8947,3.8947,4.8421,4.5789,4.2105,4.4211,4.5789,20.8421,10.3158,15.2105,11.8421,14.3158,13.2632,11.7368,28.4737,11.5789,14.2105,14.6842,11.8947,15.3158,15.8421,13.1053,19.3158,16.5789,13.5789,13.1053,15.2632,1.4737,2.3158,1.9474,1.2105,1.0526,2.3158,1.4211,1.5789,3.0526,1.2632,1.2105,1.9474,1.5263,1.4211,1.5263,1.7368,1.2632,1.2105,1.8947,1.1579,10.7895,5.3684,6.6842,5.5789,9.1053,6.8947,5.7895,7.8421,5.2632,16.7895,13.5263,5.5263,13.2632,12.3684,6.3158,8.8947,10.5789,8.3158,9.6316,14.1053,23.2632,12.8947,14,11.0526,21.6316,15.7895,12.8421,17.6842,13.1053,33.1053,37.4737,14.1579,31.3684,32.9474,15,20.2632,22.5789,22.8421,24.0526,29.1579,1.3158,1.6316,1.2632,0.8947,0.9474,1.2632,1.1579,1.3158,1.2105,1.2632,1.2105,1.7368,1.2105,1,1.2105,1.4211,1.1579,1.1579,1.0526,1.3684,2.7895,1.6842,1.3684,1.0526,2.3158,1.6316,1.4737,2,1.4737,3.5263,3.8947,1.4737,4.9474,3.2632,1.2632,2.2632,2.6316,2.3158,2.9474,3.1053,9.1579,5.2105,6.0526,4.3158,8.7895,6.2632,4.7895,7,7.0526,11.1579,11.6316,5.5263,11.8421,17.8947,5.5789,8.1579,8.5789,11.3158,13.8421,10.4737,12.3684,9.4211,10.1579,9.8947,7.7895,11.3158,11.5263,10.3158,9.5789,10.1053,9.7895,11.4737,9.6316,8.8947,20.6842,13.4211,12.7368,6.8421,8.4737,10.3158,20.5789,12.8421,15.1579,12.5789,14.6316,16.5263,13.4211,19.1579,11.7368,16.0526,14.7368,14.1053,17.0526,14.8947,14.4211,23.5789,18.2105,12.4211,14.8947,15.5789,9.7368,7,9,6.5263,7.6316,6.9474,6.3684,8.5263,6.2632,9.2105,8.5789,7.3158,8.7895,8.7895,7.4211,10.8947,12.3684,5.8947,7.7368,9.5789,2.7895,2.0526,2.1579,1.6842,2.2632,2.3158,2.1053,2.8421,2.2632,3.1053,2.8947,2.2632,2.9474,4.0526,2.3684,3,3.0526,7,4.1579,2.8947,4.4211,2.6842,3.4737,2.2632,3.0526,3.4211,2.4211,3.5789,3.1579,4.5789,4.5789,2.7368,4.5789,5.7895,3.6842,4,3.6842,4.5263,6.6842,3.8421,15.2632,7.7895,8.6316,6.4211,12.9474,9.6842,7.4211,10.5263,7.5263,21.3158,18.5789,8.0526,17.6316,17.9474,10.4737,13.1579,15,11.2105,12.4737,22
0-211.txt_125,1.6471,0.7059,0.7059,0.8824,0.4706,0.6471,1.1176,0.9412,0.4706,0.9412,0.7647,0.8235,0.8235,0.7059,0.5882,0.9412,0.7059,0.2941,0.5882,1,1.4706,3.7059,2.1176,1.6471,0.7059,2.4118,2.4118,1.1176,1.7647,1.5294,1.2941,3.5294,1.2941,1.1176,1.1176,2,3,0.5882,1.2941,1.6471,1.4118,1.2941,2.9412,1.5294,0.9412,1.4706,1.5294,1.4706,1.1765,0.7647,0.7647,1.5294,0.7647,0.4118,1.1765,2.1176,1.8235,0.2353,0.5294,0.9412,3.0588,2.4706,5.6471,6.5294,1.2941,3.4706,4.7647,4.4118,2.5882,1.4118,1.1765,3.8824,1.5294,1.1176,2.1176,3.8824,3.4706,0.8824,1.5294,2,1.0588,0.5882,0.4706,0.3529,2.1765,0.8235,0.6471,0.7059,1.4118,0.7647,0.8824,0.4706,0.7647,1,0.3529,0.8824,1,0.4118,1,1.1765,1.7647,2.8824,1.8235,1.4706,1.2941,3.7059,2.2941,1.1176,2.4706,1.5882,1.5882,2.8824,1.5882,1.5882,1.1765,1.9412,2.4118,0.8235,1.7059,2.0588,3.1765,3.3529,4.4706,5.8824,1.2941,4.4118,7.5882,3.1176,2.9412,2.4118,1.5294,5.2941,2.4118,1.5882,3.2353,3.5882,3.8235,1.0588,2.2941,2.5882,2.8824,1.9412,3.5294,3.5294,1.4118,2,2.4706,6,2.1176,1.1765,0.9412,2.4118,1.4118,1.0588,1.8824,3.3529,3,1.5882,1.3529,1.5294,0.4118,0.6471,0.5882,0.4706,0.2941,0.4706,0.5294,0.2353,1,0.8235,0.4706,0.8235,0.4706,0.2941,0.2941,0.5882,0.7647,0.2353,0.7647,0.8824,1.8824,1.4706,1.1176,1.2353,1.1765,1.4118,1.5294,0.7059,1.5882,3.4118,2.6471,1.8235,3.1176,2.5882,1.1765,1.7059,2.2353,1.2941,2.2353,3.1765,2.9412,2.2353,2.5882,2.3529,2.2353,2.9412,3.0588,1.3529,2.0588,4.2353,5.4118,2.7647,5.5294,2.9412,1.5294,2.6471,3.7059,1.8235,2.7647,4.4706,2.7059,4.6471,3.2941,3.1765,1.3529,4.7059,4.5882,2.1765,3.3529,2.1176,1.8824,7.5882,2.5294,1.5294,2.2941,3.4706,4.1765,0.9412,1.9412,3.1176,1.2353,1.1176,1.5882,0.6471,1.5294,1.4118,1,0.5882,1.2353,2.4118,2.2941,1.5294,3.5882,2.2941,0.5882,1.2941,1.5294,1.7059,1.9412,2.1176,1.0588,0.7647,0.7059,0.5882,1.7059,1,0.7059,0.8235,1.1765,1.4706,1.8235,1,1.7059,4.4706,0.5294,1.5882,1,2.1176,2.9412,1.4118,0.5294,0.2941,0.2941,0.2941,0.5294,0.4706,0.3529,0.4706,0.2353,0.7059,0.4706,0.3529,0.3529,0.5294,1.5294,0.6471,0.5294,0.1765,0.2941,0.7647,0.5882,0.4706,0.7059,0.5294,0.4706,0.6471,0.5294,0.4706,0.5882,0.3529,0.2941,0.6471,0.3529,0.3529,0.4706,1,1.1765,0.2353,0.5294,0.4118,2.2353,1.5882,2.0588,1.5294,1.8824,1.8824,1.9412,1.7647,1.4118,2.6471,2,2,2,1.3529,1.6471,2.8824,4,1,1.4706,2.7059,0.7059,0.9412,0.5882,0.4706,0.5882,1.0588,1.0588,0.3529,1.1765,1.1176,1.2941,1.0588,1.2353,1.6471,0.4706,0.6471,0.9412,3.1176,1.8235,1.1176,0.5294,0.8824,0.7647,0.4118,0.4118,0.7059,0.5294,0.3529,1,0.9412,0.7059,1.0588,1,1.1765,0.3529,0.8235,1.4118,0.6471,1.7059,0.8824,4,2.7059,2.5882,2.7059,3.1176,3,3.5882,1.8235,2.8824,5.2353,4.2353,3.2941,4.4118,3.8235,1.9412,3.8235,4.1176,3.5294,3.4118,6.5294
0-211.txt_127,2.3529,1.1176,1.5882,1.2941,1.5882,1.1176,1.5294,1.1176,1.2353,1.1765,1.1765,1.4118,1,1.4118,1.5882,2,1.7059,0.5882,1.2941,1.1765,0.7059,2,0.8235,0.7647,0.2353,1.3529,0.8824,0.4706,1.1765,0.2941,0.4706,1.1765,0.5294,0.2941,0.4706,1.0588,0.8824,0.2941,0.7647,0.3529,0.7647,1.0588,2.4118,1.7059,0.3529,1.1765,1.5294,1.3529,0.9412,0.6471,0.4118,1.4706,0.6471,0.3529,0.7059,1.1176,1.1176,0.2941,0.8235,0.8824,1.8824,1.9412,3.0588,5.2353,1.1765,2.9412,4.7059,2.4706,1.8235,1.5294,1.4118,3,1.7059,1.4706,1.5882,2.2353,2.0588,0.8235,1.8235,1.7059,2.0588,1.7059,1.8824,1.9412,1.4118,3,2.6471,1.4706,2.1176,1.8824,1.8824,2.7647,2.4118,1.3529,1.6471,1.9412,2.4706,0.7647,1.1176,2.0588,2.8824,2.7647,3.4706,4.3529,1.4118,4,6.0588,2.0588,3,1.9412,1.8824,4,2.7647,2.3529,2.0588,3.6471,3.8824,2.1176,2.3529,2.2941,3.4118,2.4706,3.9412,4.5294,1.1765,2.8824,3.2353,7.2353,2.1765,1.2353,1.0588,3.4706,1.5882,1.0588,2.2353,3.2941,2.4118,0.8824,1.3529,1.7059,1,1,0.6471,0.4118,1.5294,0.7647,0.6471,0.3529,1.0588,1.7647,1.7647,1.1765,1.6471,1.0588,0.4118,1,1.2353,0.7647,1.0588,1.7059,1.5294,1.8824,1.6471,0.9412,1.5294,1.2353,1.2353,0.7059,0.8824,2.5294,3.1765,1.8824,3,2.0588,0.6471,1.4706,2.0588,1.1176,1.5294,2.8824,3.1765,4.6471,3.5882,3.2353,1.8235,4.7059,4.2941,2.2353,3.9412,3.4118,2.8824,7.2353,3.4706,1.8235,2.2941,3.7059,4.6471,1.4706,3.1176,3.9412,0.8235,0.5882,0.3529,0.3529,1.1176,0.8235,0.4706,0.3529,1.0588,1.8235,1.8235,0.5882,2,3.1765,0.3529,0.7059,0.9412,2.2353,2.7059,1.8824,0.4118,0.4706,0.4706,0.3529,0.1765,0.7059,0.5882,0.4118,0.5882,0.4118,0.3529,0.9412,0.4706,0.4118,1.1176,0.5882,0.5294,0.1176,0.2353,0.4118,3.7647,2.2941,3.9412,3.1765,2.7647,3,3.4118,3.5294,2.8235,3.6471,2.9412,3.4118,2.9412,2.5882,2.5882,5.2353,4.8824,2.2353,2.2941,3.6471,3.0588,2.4118,3.8824,2.1176,2.5882,2.9412,2.7059,2.2353,2.8235,3.5294,2.3529,3.4706,2.5294,3.0588,1.6471,3.8824,5.9412,1.5882,2.5294,4.1176,2.7647,1.8824,1.9412,1.5294,2.0588,1.5882,1.8235,1.2941,2.1765,4.4706,3.1765,1.8824,3.2941,5.2941,1.2941,2.3529,3.1176,4.5294,5.4118,4.2353,3.4706,4.0588,3.5294,3,2.4118,5,4.8235,2.1176,3.4118,4.3529,4.4118,4.7059,4.1765,3.0588,2.2353,4.5882,5.6471,2.1176,2.5882,6.1176,0,0,0,0,0,0,0,0,0,0,0,0,0,0,0,0,0,0,0,0,0,0,0,0,0,0,0,0,0,0,0,0,0,0,0,0,0,0,0,0,0,0,0,0,0,0,0,0,0,0,0,0,0,0,0,0,0,0,0,0,0,0,0,0,0,0,0,0,0,0,0,0,0,0,0,0,0,0,0,0
0-211.txt_129,15.4118,8.3529,8.6471,7.8824,6.9412,9.6471,8.9412,10.7059,7.8235,8.7059,9.5294,9.5882,8.7059,7.1765,8,11.4118,10.1176,5.1765,7.6471,8.8824,10.8235,23.2353,14.0588,12.4706,6.1176,15.1765,13.9412,9.8824,12.9412,8.1176,9.5882,16.8824,9.7647,8.1765,9,14.3529,12.1176,7.1765,10.4118,9,4.5882,6.3529,10.6471,6.4118,3.3529,5.6471,5.5882,6.0588,5,3.2353,3.8824,5.6471,4.2353,3.0588,4.0588,6.2941,5.8235,2.3529,3.7059,3.5294,11.2941,11.7059,18.0588,23.3529,7,13.4118,16.1176,10.8824,10.9412,6.7059,7.0588,13.4706,7.8235,6.6471,9.5294,13.7059,11.9412,5,8.1765,7.7059,1,0.4706,0.5294,0.4706,2.5882,0.5294,0.3529,0.6471,0.5294,0.8235,0.8235,0.5294,0.8235,0.6471,0.5294,0.8824,0.8824,0.6471,0.6471,0.8824,5.5882,8.1765,7.5294,7.7647,3.1176,11.9412,8.6471,4.9412,6.2353,4.2353,4.4118,7.4706,5.1176,4.1176,4.7059,6.5294,6.7059,4.1176,5.6471,4.7059,8.0588,9.9412,10.5882,10.6471,4.2353,10.2941,14.5882,6.4706,8.3529,5.7059,5.8824,10.7647,6.7647,4.8235,6.8824,9.6471,8.5294,5.3529,6.4118,7.1176,17.7059,11.8235,17.1765,14.2353,8.6471,14,12.5294,33.8235,12.7059,8.5882,8.5294,14.1176,11.1765,9.7647,10.6471,17.2941,13.6471,8.1765,10.2941,9.4706,1.6471,2.2941,2.5294,1.5294,0.9412,2,2.1765,1.3529,4,1.4118,1.2353,2.3529,1.2941,1.4118,1.1765,2.1765,1.7647,0.8824,1.8235,1.4706,7.2941,4.2941,4.8235,4.9412,5.2353,5,4.8824,4.0588,4.7059,13.4706,10.5294,5.1176,9.5294,9.0588,3.9412,5.7647,7.3529,5.2353,7.8235,10.6471,14.5294,11.1765,11.6471,10.8824,11.9412,12.1765,12.7059,9.2353,11.8235,21,26.6471,12,19.2941,18.0588,10,13.5294,15.7647,11.8824,17,18.7647,9.2941,12.7647,11.4706,10,4.8824,13.1765,11.1765,8.7059,10.1176,6.5882,6.4118,16.8824,8.2353,6.4118,7.6471,10.4118,9.4706,5.0588,8.3529,7.3529,1.7059,1.7059,1.5294,1.2353,1.1765,1.5294,1.3529,1.1765,1.5882,2.1176,2.4706,1.8824,3.5294,2.4118,1.0588,2,1.5882,1.4118,2.1176,1.7647,5.5882,4.5882,4.9412,3.5882,4.7059,5.4706,4.3529,4.1176,7.0588,9.0588,8.5294,4.7059,8.4706,16,3.2353,5.6471,6.3529,9.0588,12.0588,8.0588,6.9412,6.8235,7.5294,7.4706,4.1765,7.5294,7.7647,5.5882,5.9412,5,4.8824,8.2941,5.2353,4.0588,17.0588,7.9412,7.1765,3.1176,4.9412,5.5294,14.7647,13.1765,17.0588,13.0588,8.5882,12.9412,12.6471,13.3529,11.4706,8.8235,8.6471,14.2353,10.8235,8.1765,10.7059,22.0588,17.1765,6.7647,10.5882,9.8235,13.7059,11.5882,13.1176,10.7059,8.7059,11.4118,11.1176,10.8824,10.8824,11.7059,11.5882,12.2353,11.8235,11.5882,9.8824,16.7059,21.9412,8.1176,13.4118,12.5294,3.7647,3.1765,3.4118,2.4706,2.7059,3.6471,2.8235,2.3529,3.3529,4.3529,4.2941,3.1765,4.6471,5.8235,2.5294,3.6471,3.6471,11.2353,6,4.5882,6.4706,5.7059,6.5294,5.1176,4.7647,5.8235,5.4118,5.1765,8.8235,8.5294,8.4706,5.4118,7.4706,12.0588,4.5294,7.0588,7.1765,8.8235,16.9412,8.1176,12.8824,8.7059,9,7.5882,9.2941,10.3529,9.1176,6.5882,8,18.3529,16.4706,10.2353,14.8235,13.6471,7.3529,11.1176,13.3529,8.0588,12.1765,21.8235
0-211.txt_131,28,10.625,11.4375,10.875,12.8125,13.3125,13.3125,17.125,10.125,10.8125,9.9375,13.4375,13,7.375,12.8125,20.125,17.5,6.5625,9.625,15.75,8.125,26.625,11.875,8.3125,3.75,14.9375,12.5625,5.875,13.4375,5.0625,7.375,17.75,8.0625,5.5625,7.5,10.5625,10.1875,5.25,8.4375,5.4375,9.4375,11.4375,27.9375,15.4375,6.1875,13.1875,13,11.4375,14.8125,3.875,3.8125,13.375,8.1875,5.375,8.375,16.8125,14.5625,3.375,7.9375,6.1875,9.25,9.25,18.0625,31.4375,3.3125,14.875,20.375,9.125,12.125,5.625,3.25,11.9375,6,3.0625,9.4375,14.625,11.75,0.625,6.125,3.5625,2.4375,0.8125,1.4375,0.875,7.5,1.375,0.9375,1.3125,1.25,2.125,2.125,1.375,1.75,1.125,1.25,2.6875,2.625,1.125,1.25,2.1875,7.25,10.9375,8.9375,8.5,3.75,18.8125,12.0625,5.75,10.1875,3.9375,5.4375,10.75,7.3125,2.625,5.5625,8.75,7.3125,5.1875,6.0625,5.25,9.875,12.125,12.5625,17.8125,2.6875,17,26.5,7.875,12,2.8125,4.875,14.6875,7.25,2.6875,9.6875,12.5,10.1875,4.75,7.1875,5.3125,15.5625,7.5625,13.3125,10.1875,6.5,9.875,9.9375,32.8125,10.1875,3.6875,3.75,10,6.625,6.75,10,15.8125,10.125,6.5,7.625,4.0625,3.75,5.625,6.9375,4.5,2.4375,5.75,5.75,3.5,14.75,1.5625,2.5,4.625,3.6875,4.875,4.0625,4.9375,3.875,2.875,8.4375,2.5625,10.125,6.25,4.1875,5.6875,11.6875,6.5,4.25,3.6875,3.75,27.8125,19.8125,6.5,17.625,13.875,6.25,7.5625,13.1875,6,9.1875,23.125,13.8125,13.0625,5.0625,4.6875,17.4375,13.375,9.1875,4.6875,9.5,31.125,39.1875,9.3125,30.75,22.4375,8.9375,9.5625,17.75,13.125,17.9375,26.8125,8.625,14.6875,10.1875,8.625,3.875,12.375,12.0625,6.3125,8.8125,4.4375,4.3125,19.1875,6.4375,4.3125,7.75,10.125,8.9375,4.375,6.8125,4.5625,4.25,3.5625,3.0625,2,3.1875,4.25,3.125,2.0625,3.125,6.25,7.5625,3.5,11.1875,5.125,2.25,3.375,4.5,3.125,4.1875,6.3125,3.3125,3.3125,3.25,1.625,3.25,1.75,1.6875,3.25,6.625,8.0625,8.0625,3.25,8.0625,19.375,1.625,3.3125,4.875,9.8125,13.1875,6.5,6.625,4.8125,5.125,5.125,3.5,5,6.25,4.875,4.875,3.375,3.375,6.1875,3.5,2.3125,19.3125,7.0625,6.875,2,3.625,3.75,19.0625,12.625,18.1875,14.75,12.8125,14.9375,14.6875,15,12.1875,7.9375,8,15,10.5625,7.5,13,27.1875,19.5625,6.5,9.875,10.375,14.125,9.75,12.5625,10.125,11.4375,10.8125,10.3125,9.375,8.0625,11.25,10.25,10.4375,10.9375,7.6875,10.5,16.375,24.1875,5.25,7.875,13.25,0.6875,0.6875,0.375,0.0625,0.6875,1,0.625,0.625,0.6875,0.8125,1.125,0.6875,1.375,1.8125,0.375,0.6875,0.75,4.8125,2.0625,0.8125,3,3.0625,3.0625,2,2.0625,3.125,3,1.9375,7.1875,3.125,4.1875,3,4.0625,7.8125,2,3.0625,3,6.75,11.75,3.9375,15.0625,6.5,6.5,3.625,12.9375,9,6.4375,3.625,6.0625,24.5,19.0625,6.5625,18.9375,12.625,6.4375,9.8125,15.1875,6.4375,12.125,27.3125
0-211.txt_133,11.7778,6.5,6.3889,5.5556,4.9444,7.3333,6.5,6.5,5.7222,5.8333,5.4444,6.5556,5.9444,4.0556,4.7222,8.2222,7,2.9444,4.3333,7,9,17.9444,9.1667,8.6667,4.1667,11.7222,11.2778,7.2222,9.8333,4.1111,5,13.1111,6.5556,4.1111,7.1111,9.5,8,4.2778,6.0556,5,1.7778,2.3889,4.8889,2.3889,1.8889,2.4444,1.9444,1.5556,2.7222,1.1667,1.3333,2.3333,1.6667,1.5,1.6667,2.7778,2.2222,0.7778,1.5556,1.2778,8.3333,8.6667,12.3333,20.2778,3.9444,10.0556,12.6111,7.6667,9.7778,4.4444,4.5,8.6667,5.2778,3.7778,8.1111,9.2222,8.7778,2.2778,4.9444,5.6667,3,2.1111,1.9444,1.2778,5.8333,1.7222,1.5,2.2778,1.9444,2.8889,2.1111,1.8333,1.9444,2.4444,1.8333,2.2778,2.2778,1.2778,1.7222,3,4.3889,4.7778,4.6667,4,2.3889,7.4444,5.2778,2.6667,4.3889,2.6667,2.6667,5.1111,4.3333,2.2778,3.1667,4.6667,3.9444,2.8889,3.1111,3,6.6111,7.6667,6.2222,8.3889,2.3889,8.9444,11.7778,4.8333,6.5556,3.5,3.8333,7.3889,4.1667,2.8333,4.2222,6.5556,6.3333,3.8889,4.0556,4.0556,9.8889,5.7222,8.2778,7.8889,4.2222,7.3333,7.2222,17.4444,5.5,3.4444,3.5,7.2222,4.6111,3.3333,6.1111,8.3889,7.5556,3.9444,3.9444,4.5,1.7222,2.8333,2.9444,2.2222,0.8889,3.7222,2.8889,1.4444,6.4444,1.3333,1.7778,2.2778,1.8889,1.8889,1.5556,2.1667,1.9444,1.8333,3.1667,1.3333,4.7778,2.8889,1.8333,1.6111,4.2222,2.6667,2.2222,1.7778,2.5556,12.3333,9.3333,2.8333,8.1111,6.6667,2.4444,3.2778,5.3889,3.1111,5.4444,9.7222,10.3889,7.3333,4.9444,4.6667,8.4444,7,6.6667,3.8889,7.2778,16.3889,23.0556,7.1667,17.3333,15.1111,5.4444,7.7778,9.6111,7.9444,11.1111,14.3333,6.1667,9.8889,6.6111,6.2778,2.3889,7.8889,7.8333,4.1667,6.7222,4.2778,4.0556,12.1111,4.7222,3.1667,5.1111,6.2222,5.7778,2.5,5.1111,3.7778,3.0556,2.8889,2.2778,1.9444,2.3889,3.3333,2.4444,1.5,2.2778,3.7778,4.2778,2.5556,6.9444,2.7778,1.8333,2.5,3.2222,2.3333,2.2222,3.7222,4.2778,3.2222,2.7222,1.7778,3.3889,2.9444,2.7222,3.0556,5.8889,6,7.5556,2.9444,6.1111,14.9444,1.7778,4,3.8889,7.6667,10.8333,5.3889,5.5,4.0556,3.9444,4.5556,3.0556,4.6111,5.1667,3.8889,3.2778,4.5,4.8333,4.7778,3.8333,2.9444,12,5.6111,5.2222,2.4444,3.1667,4.6111,5.7222,3.6667,4.9444,4.9444,3.2222,4.6667,5.3889,3.8333,4.5556,2.3333,2.3333,4.5,3.2778,2.5,4.3333,8.2222,5.8333,1.9444,3.1111,3,5.6111,5.5,5.6667,4.7778,4.8889,5.1667,5.1667,4,4.3889,4.3889,4.2778,5.6667,4.1667,3.0556,4.1667,6.6111,10.5556,2.3333,4.1667,5.1111,0.8333,0.5,0.3333,0.2222,0.5,0.9444,0.5,0.7778,0.5556,0.7778,1.0556,0.5,1.0556,1.4444,0.2778,0.5556,0.6667,3.7778,1.5556,0.8889,5.5556,4.1667,3.4444,2.5556,3.6667,4.5556,4,2.3889,6.1667,5.3889,6.1111,3.7222,5.1667,9.9444,2.5556,4.3333,4,8.2778,12.3889,5.5,7.8333,4.1111,3.0556,2.6111,5.8333,3.9444,3.7222,3.3333,3.7778,9.7222,8.2222,3.7222,7.6667,5.8333,3.2222,5.0556,6.8889,3.6667,5.3889,11.8889
0-211.txt_135,13.0556,7.2222,7.4444,6.8889,7.1667,8.0556,8.3333,7.7778,6.5556,7.9444,7.9444,9,7.6111,6.2778,8.2222,9.5,9.2778,5.3889,6.3889,8.8889,11.2222,21.1111,12.2778,10.8889,7.7778,13.9444,14.1111,9.1667,12,8.6667,9.8333,16.3333,9.8333,7.8333,8.9444,12,11.5556,6.7778,9.8333,10.3333,4.2778,5.2778,6.4444,4.9444,2.7778,5.3889,5,4,4.1667,3.3333,3.5,5.0556,3.8333,2.5,4.0556,4.7778,4.6111,2.2778,3.6667,3.5,7.7222,8.7222,10.3333,14.4444,4.3333,9.1667,11.2778,6.5556,7.6667,5.0556,5.4444,9.4444,5.2222,5.2778,7.2222,8.3333,7.3889,4.2778,5.2778,5.6111,3.1111,1.9444,2.1111,1.8333,3.9444,2.2222,2.1667,2.7778,1.8889,1.7778,1.8333,2.3333,2.0556,1.7778,1.4444,3.4444,2.7778,1.1111,1.5,2.0556,10.9444,10.7778,11.1667,10.8889,6.0556,14.6667,13.1667,10,9.5556,7.3333,7.5,11.8889,8.3889,7.1667,8.9444,10.9444,9.7222,6.0556,7.3333,7.8889,10.4444,11.5,11.4444,13.2778,6,12.1111,16.6667,8.6667,9.6667,8.2222,7.6667,12.1667,8.5,7.5556,8.1111,11.5556,10.5556,5.5556,8.5,8.6111,10,8.3333,10.2778,10.1111,5.8889,9.6667,10.2222,15.7778,7.7778,7,7.1667,9.3333,7.2778,6.4444,7.3333,9.5,8.8889,5.3889,6.2222,7.5556,8.4444,8.1667,8.8889,8.5,4.6667,9.7222,9.2778,7.2222,16.6111,7.6111,7.5556,8.3889,8.2222,7.1667,5.9444,8.2222,8.7222,5.6667,9.2222,7.8889,4.5,3.2222,2.8333,2.7222,3.7222,3.8889,3.3889,2.6667,3.0556,7.7778,6.2778,3.3333,5.8889,5.6667,2.5,3.7222,4.4444,2.8333,4.1667,6.6667,15.5,13.8333,11.2778,10.5,11,13.3889,12.7222,9.3889,11.8889,22.1111,25.4444,12.8889,21.6667,19.6111,10.9444,12.8889,14.9444,11.1111,16.2778,20.5,7.2222,8.6111,7,7.5556,4.3333,7.8333,8.6111,6,6.4444,6.8333,6.2778,10.7222,6.6111,4.5,5.3333,7.2778,7.2222,3.5556,5.8889,6.0556,3,2.2222,2,2.1111,2.3889,2.7222,2.2778,2,2.1667,3.7222,4.2222,2.4444,5.1111,3.5,2.3333,2.2778,2.8333,2.8889,3.2778,3.8889,9,7.4444,7.6667,6.6111,7.6111,7.5,7.5556,6.3333,8.5556,11.7778,11.8333,7.7222,10.6667,18.8333,6.3333,7.8333,8.6111,10.3889,13,11.1667,5.5,4.2778,4.5,5.1111,3.3333,5.3889,5.6667,3.8889,4.3333,4.1111,3.6667,5.6111,4.0556,2.7778,10.8889,4.8889,4.7222,2.1667,3.2222,4.0556,12.3333,9.2222,10.8333,10.2222,6.7778,9.9444,10.6667,9.2222,9.0556,7.4444,7.2222,10.8333,8.2778,7.0556,8.8333,13.7778,11.9444,5.1667,7.2222,8.2222,6.5556,6.3333,6.5556,5.8889,4.4444,6.2778,7,5.3333,4.9444,5.2222,5.7222,7.1111,5.3889,3.6111,5.3889,7.1667,9.1667,3.3889,4.5556,5.3333,3.2778,2.2222,2.5,2.4444,2.3889,2.5,2.8333,2.1111,2.8333,3.7222,3.9444,2.6667,3.7222,4.7778,2.5556,2.9444,3.2222,6.3889,4.8333,3.7778,4.3889,3.8889,4.2222,3,3.3333,3.8889,3.7778,3.3889,5.6111,5.8889,6.3333,4.0556,5,8.5,2.6667,4.3333,4.5556,5.0556,9.7778,5.3333,13.6667,8.8889,8.9444,8.7778,11.7222,10.2778,10.8333,8.7222,8.5556,19.7222,16.3333,9.6667,15.2778,13.1111,9.6111,10.8889,13.3333,7.5556,11.2778,20.2222
0-211.txt_137,20.4,8.9333,6.7333,6.7333,11.2,9,9,11.2667,6.7333,9.0667,9.2667,9,9.2,6.8,9,13.5333,11.2667,4.6,6.8,11.3333,6.7333,16.4667,7.9333,5.4667,3.2,9.7333,8.1333,5.3333,7.9333,3.4667,5.0667,11.4667,6.4667,3.4,4.8,6.6667,6.6,3.2667,4.8667,3.6,5.4,8.4667,19.1333,10.2667,3.6,9.0667,8.4667,8.2667,9.9333,3.2667,3.2667,8.9333,5.0667,3.4667,5.2667,9.9333,8.5333,2,5.2667,3.6,5.3333,5.4,10.9333,18.9333,3.3333,8.4667,11.6667,6.7333,7,3.3333,1.9333,7,3.5333,3.2667,6.6667,8.6,7.2667,1.6,3.4667,3.4,3.1333,1.2667,1.3333,1.1333,9.2667,1.4,0.7333,1.7333,1.3333,2.7333,3,1.3333,3.1333,2.0667,1.3333,2.6,2.6667,1.9333,1.9333,2.8,6.4,8.8667,7.4667,7.6,3,15.2667,10.9333,4.6,7.5333,3.3333,4.6667,9.0667,7.4,2.9333,5.8,7.6,6.1333,4.3333,5.7333,4.4667,16.6667,20,19.8667,27.6667,4.6,28.2667,40.4667,12.0667,19.9333,8.2,8.3333,24,12.2667,7.8667,16.6,20.6,16.4,8.0667,12.1333,12.2667,10.6667,6.3333,10.4,8.2667,6.1333,6.9333,6.4,23.0667,6.5333,2.3333,2.4,6.6667,4.5333,4,6.2,10.6,6.6667,6.0667,4.1333,4.1333,3.1333,4.8667,6.1333,4.0667,2.0667,5,5,3.1333,12.9333,1.8667,1.9333,4,3,3.8,2.9333,4.3333,3.2,2.8,6.7333,1.9333,14.4667,7.8,7.8,7.4,15,7.9333,7.3333,4.1333,7.3333,33.6667,25.4,8.1333,22.2,18.3333,7.6667,11,15,7.6,14.3333,29.2667,14.6667,11.2,7.8667,4.4,14.6,11.2,7.6,4.2,7.7333,26.6,33.8,11.4,26.2667,19.2,7.7333,11.1333,15,11.4667,14.9333,22.6667,13.3333,23.6667,16.3333,13.4,6.0667,19.8667,20,10,13.2667,6.8667,9.4667,30.2667,13.0667,6.3333,13.5333,16.3333,13.3333,6.6,9.9333,9.4,4.2,4.1333,3.1333,2.2,4.0667,5.1333,3.4667,2.1333,3.2,6.2667,7.2,4.1333,10.6667,5.5333,3.0667,4.1333,4.2,4.2,4.4,6.3333,7.6,5.4667,5.8667,5.1333,7.4667,5.2,5,4.9333,9.9333,13.0667,13.1333,5.1333,12.9333,28.6,3,7.6,8,15.0667,20.2,10.5333,7,5.1333,5.3333,6.8,3.5333,6.8667,7.2667,5,5.1333,3.6,3.6,7,5,1.8667,20.8667,7,6.9333,1.9333,3.6,5,25.6,17.7333,25.7333,21.6,17,21.6667,21.9333,21,17.3333,12.6667,12.5333,21.8667,16.8,12.4667,17.1333,38.8,25.7333,8.5333,12.9333,13.2,11.6667,9.3333,12.5333,9.9333,9.9333,9.5333,9.4667,7.3333,7.4,9.4,9.2,9.4667,9.8,7.1333,9.2,14.3333,23.5333,7,7.6667,11.5333,0.4667,0.3333,0.2,0.2,1.2667,0.5333,0.3333,0.5333,0.5333,0.4667,0.6,0.4,0.7333,1.0667,0.2,0.4667,0.6,3,1.3333,0.4667,5.6667,5.5333,5.4667,3.6,5.3333,7.0667,5.4667,3.5333,12.8667,7.4,7.5333,5.4667,7.4,15,4.2,5.6,5.6667,12.7333,22.0667,7.6,11.6,4.8,4.6,4.4,9.2667,6.6667,6.6667,4.4667,4.5333,18.3333,13.9333,6.6667,13.8,9.6667,6.6667,7.2667,11.6667,4.8,9.1333,20.8
0-211.txt_139,41.5,20.25,22.375,21.125,22.75,25.5625,23.4375,26.625,21.9375,23.1875,22.5625,23.6875,24.9375,18.375,22.8125,29.75,26.625,13.625,20.625,26.125,15.3125,23.4375,14.125,14.25,9.125,17.875,16.3125,12.625,15.6875,10.8125,11.5,17.5625,12.1875,9.5625,12.625,15.125,14.6875,9.0625,11.1875,12.75,5.5,5.625,10.6875,6,3.6875,6,6.125,5.125,6.9375,4,4.625,5.6875,5.3125,4.625,4.875,6.8125,6.125,3.5625,4.875,4.3125,10.25,10.5625,14.6875,18.4375,5.4375,12.1875,12.5,9.875,11.0625,6.375,5.6875,10.875,7.5625,5.3125,8.75,11,9.8125,4.3125,7.0625,6.375,1.9375,1,1.375,0.8125,3,0.875,0.9375,1.0625,1.1875,1.875,1.5,1.0625,1.375,1.625,1.6875,1.375,1.3125,1.8125,2.4375,2.25,5.6875,5.375,4.8125,5.25,3.375,8.4375,5.5625,3.5625,5.875,4.9375,4.625,5.9375,5.125,3.9375,3.8125,5.375,5.3125,4,5.0625,5.5625,6.5625,7.75,7.25,9.3125,4.5,7.4375,11.375,5.5625,7.0625,3.8125,4.3125,7.625,5.125,4,5.375,7.25,7.25,3.4375,4.6875,4.875,18.4375,13.4375,16.5625,14.3125,10.6875,15.4375,14.125,28.9375,13.5,10.5625,11.0625,14.25,12.8125,10.4375,10.625,16.4375,14.375,10.875,11.8125,11.25,5.375,5.3125,5.125,4.9375,2.5,5.875,5.0625,5.0625,10.1875,4,4.5,5.8125,4.5,4.5625,4.125,4.625,4.25,5.5,6.625,4.125,6,5.0625,3.25,3.8125,4.75,5.0625,4.3125,3,4.1875,11.4375,8.4375,4.625,7.5625,6.875,3.1875,4.75,6.125,3.625,5.875,9.75,18,13.0625,11.75,11.3125,13.3125,14.5625,12.875,11.3125,11.0625,24.375,28.375,12.875,22.5625,20.3125,10,14.25,17.0625,14.1875,16.3125,22.625,1.0625,1.1875,0.8125,0.75,0.625,0.9375,0.875,1,1.1875,0.8125,0.75,1.6875,0.75,0.6875,1.4375,1.1875,1.0625,1,1.0625,0.9375,2,1.25,1,0.75,1.8125,1.375,0.875,1.4375,0.9375,1.625,2.25,1.25,3,1.375,1.4375,1.375,1.75,0.8125,1.25,2.125,4.1875,3,3.25,3.375,3.0625,3.5,3.5,2.625,4.25,5.5625,5.625,3.5,5.1875,7.875,2.9375,3.75,4.4375,3,5.8125,4.8125,14.4375,13.125,12.8125,12.8125,7.6875,13.875,14.375,12.3125,9.8125,10.125,9.5,15.5,10.25,7.6875,27.5625,14.0625,13.4375,7.0625,8.875,12.0625,10.25,7.4375,9.1875,9.3125,6,9.625,8.75,7.6875,7.8125,7.9375,6.875,7.625,7.625,6.4375,8.5625,13.1875,10.6875,5.0625,7.5,9.125,11.875,8.8125,9.3125,8.625,9.1875,10,10.1875,8.125,7.625,11.4375,11.1875,10.0625,10.0625,8.6875,10.875,12.5,16.5625,5.625,8.75,12.125,1.3125,1.1875,1.25,1.375,0.8125,1.0625,1.375,1.375,1.3125,1.3125,1.0625,0.9375,1.25,1.6875,1.0625,1.375,1.125,3.25,1.625,1.375,2.25,1.875,1.4375,1.5625,1.125,1.9375,1.5625,1.125,2.3125,2,1.875,1.75,2.4375,2.125,2.1875,2.0625,2.375,1.9375,2.8125,1.875,19.25,11.875,10.875,10.1875,14.875,13.6875,12.1875,10.3125,13.125,25.5,22.3125,12,20.5625,19.3125,11,13.5625,16.4375,11.6875,17.0625,28.3125
0-211.txt_141,6.5556,2.3889,2.5556,2.5556,2.9444,3,3.1111,3.7778,2.7222,2.4444,2.2222,2.9444,2.8333,1.9444,3.0556,3.9444,3.9444,1.6111,2.5556,3.1667,6.1111,13.7222,7.5556,6.5,2.8333,9.1667,8.4444,6.2222,6.2778,3.3333,4.1667,9.7222,5.2222,3.2222,4.0556,6.7222,6.2778,3.7778,4.1667,3.8333,0.8333,1.3333,1.8889,1.6667,0.5,1.3889,1.1111,1,1.5556,0.6667,0.8889,1.0556,0.8889,0.7778,0.6667,1.2778,1.3333,0.5556,1.2222,0.6667,1.7222,2.1667,3.0556,3.2778,1.1667,2.1667,2.3333,1.6111,2.5,1.0556,1,2.4444,1.2222,1,2.0556,2.1667,2.2222,0.8889,1.7778,1.1111,2.0556,1.6667,1.3889,0.8889,4.7222,1.3889,1.3333,1.1111,1.9444,1.6667,1.5556,1.5556,1.8333,1.8333,1,2.0556,1.7222,1.5556,1.8333,1.9444,2.3889,4.5,3.3333,2.8889,1.2222,5.7778,3.5556,2.3333,2.6111,1.7778,1.8333,4.5556,2.6111,1.2778,2.4444,2.9444,2.6111,1.3333,1.7222,1.7222,2.8333,3.8889,3.3333,3.7222,1.6667,4.1111,6.3889,2.6667,3.2778,1.6111,1.5,3.8333,2.0556,1.2222,2.7222,3.1667,2.7222,1.2222,1.9444,2.1667,4.2778,4.5556,4.1111,3.7222,2.2222,3.9444,4.1667,7.4444,3.6111,1.8333,1.7778,4,2.3889,1.6111,3.5,5.2222,4.1667,1.8333,2.5,2.4444,1.2778,2.1667,2.2778,1.4444,0.6667,2.1111,1.7778,1.3889,4.5,0.7222,0.7222,2.0556,1.1667,1.1111,1,1.6667,1.3889,0.9444,2,0.8333,2,1.2222,1.2222,1.0556,2.1111,1.7778,1.3889,1.0556,1.8889,4.9444,3.3333,1.3333,3.1667,2.7222,1.1111,1.6667,2.2222,1.3889,2.3333,4.0556,4.4444,3.6667,2.8889,2.0556,5.7778,3.7778,2.8889,2.5556,4.1667,7.7222,10.8333,3.3889,7.8333,6.6111,3.2222,4.2778,4.9444,5.1667,6.3333,7.1667,4.1667,6.2778,4.7222,4.1667,2.0556,6,5.6667,3.3333,3.7778,2.6111,2.6667,7.8333,4,1.9444,3.5556,4.1667,5,1.7778,2.5556,3.0556,0.4444,0.5,0.3333,0.2778,0.3889,0.6667,0.3889,0.2222,0.4444,0.6667,0.8333,0.6667,1.4444,0.5,0.3333,0.4444,0.5,0.3889,0.4444,0.7222,1.0556,0.8333,0.7222,0.5,1,0.8889,0.6111,0.5556,1.6111,2.1111,2.0556,0.7778,1.9444,3.6667,0.6111,0.8333,1.1667,2,2.9444,1.7778,3.0556,2.6111,2.3889,2.5556,1.6111,3.0556,2.5556,2.7778,3.1667,2.6667,2.6111,2.7778,2.7222,1.9444,7.8333,3.1111,2.8333,1.3333,2.0556,2.3889,3.7222,3.2778,3.3333,3.1667,2.3333,3.6667,3.2222,3.2222,2.9444,3.1111,2.6667,3.3333,2.7222,2.0556,3.3889,6.1667,4.3333,2.0556,2.5,2.8889,3.1667,2.4444,2.6111,2.0556,2,2.7222,2.5,2.2778,1.8889,2.3333,1.9444,2.5,2.7222,1.5,2.7222,3.8889,5.5,1.7778,1.7778,2.6667,1.9444,2.6667,1.5556,0.9444,1.9444,2.1667,1.8333,1.5,2.5556,1.8889,2.4444,2.0556,2.5,3.7222,1.1111,1.8889,2.0556,10,4.3333,2,1.6111,2.0556,1.6667,1.2222,1.0556,2.1667,1.6667,1.3333,3.6667,1.6667,1.7778,1.7222,1.8333,3.3889,1.1667,1.7778,1.6111,3.3889,5.5556,1.7778,3.6667,2.8889,1.9444,1.8333,2.8889,2.5556,2.2778,2,2.3333,5.2778,4.1667,2.7778,4.1667,3.2222,2.1111,2.8889,3.3889,2.8333,3.5,7.2222
0-211.txt_143,1.3529,0.4706,0.7647,1.1765,1.0588,0.7059,1.1765,0.8824,0.5294,0.5882,0.5882,0.7059,0.9412,0.9412,0.7059,0.8824,0.6471,0.3529,0.8235,0.6471,0.9412,3.6471,1.3529,0.7647,0.7059,1.8235,1.3529,0.5882,1.2353,1,0.8824,2.2941,1,0.4706,0.6471,1,1.3529,0.4118,0.9412,1,1.7059,2.1176,3.3529,2.2353,1.2941,2.0588,2.5294,1.4118,2.1765,1.2941,1.1765,3.1176,1.2941,0.9412,1.5882,2.1765,2.4706,0.8824,1.2941,1.7059,1.7059,1.5882,4.2941,5.7059,0.7059,2.7059,4.1176,3.0588,1.8824,0.8824,0.7647,2.5294,1,0.8235,1.3529,2.4706,2.1765,1.0588,1.2941,1.1765,0.6471,1,0.7647,0.8824,0.8235,1.9412,1.1176,0.4118,1.2941,0.5294,0.5294,1.4706,0.5882,0.7647,0.6471,0.7059,0.9412,0.2941,0.5882,0.7059,2.1176,2.2353,2.3529,2.8824,0.9412,2.8824,4.3529,1.7059,2.4118,1.6471,1.7059,3.1176,2.1176,1.4118,1.5294,2.4706,2.7059,1.3529,1.9412,1.8824,2.5294,1.1176,2.7059,2.7059,0.7647,1.4706,1.7059,5.6471,1,0.4706,0.2941,1.7647,0.6471,0.5294,1.2353,2.3529,1.4118,0.6471,0.7059,0.7647,0.8824,1,0.4706,0.4118,0.5882,0.7647,0.7647,0.3529,1.1176,1.4706,1.0588,1.2353,1,0.7059,0.4118,0.6471,1.0588,0.8824,1,1.3529,1.7059,1.6471,1.1765,0.8824,1.4118,1.3529,1.1765,0.6471,1.0588,3.0588,3.1765,1.8235,3.0588,2,0.7647,1.8235,2.4118,0.9412,1.8824,3.2941,3.2941,4.7647,3.6471,3,1.4118,4.7647,4.7647,2.4706,4.0588,2.7059,2.6471,7.2941,3.2353,1.7647,2.2353,3.8235,4.8824,1.7647,2.5882,3.6471,1.1765,1,0.7647,0.4706,1.2353,1.4706,0.8235,0.5294,1.1176,2.4706,2.7059,1.1176,3.8824,2.1765,0.5882,0.9412,1.2353,2.0588,1.8824,2.5882,1.2353,0.7647,0.6471,0.5882,1.9412,0.8235,0.6471,0.8235,1.1176,2.5882,2.5294,1.0588,2.2353,4.8824,0.6471,1.4706,1.1765,2.2353,2.7059,2.2353,0.4706,0.2941,0.6471,0.7059,0.2353,0.5294,0.6471,0.5294,0.2941,0.7647,0.4706,0.4706,0.3529,0.4706,1.2941,0.5882,0.4118,0.2353,0.4706,0.4706,4.6471,3.1176,4.6471,4.2941,2.4706,4.4706,4.4118,3.9412,3.2941,2.4118,2.1765,4.1176,2.8235,1.7059,3.4706,5.5294,4.4118,1.0588,2.3529,2.8824,5.4118,5.0588,6.3529,5.0588,3.1765,6.7059,7.6471,3.7647,4.5294,6.0588,4.5294,7.4706,5.2941,3.4118,3.7059,7.2353,10.8824,1.8235,3.4706,7.5294,0.3529,0.2353,0.2353,0.4706,0.5294,0.2941,0.5294,0.2941,0.4118,0.4118,0.5294,0.2353,0.5882,1.1176,0.1765,0.5294,0.3529,1.7059,1.0588,0.4706,3.8235,2.6471,2.4118,2,4.1765,2.5882,2.2941,1.7059,2.8824,6.2353,5.1176,3.2353,4.9412,5,1.8235,3.5294,4.8824,3.2353,5,6.9412,0,0,0,0,0,0,0,0,0,0,0,0,0,0,0,0,0,0,0,0,0,0,0,0,0,0,0,0,0,0,0,0,0,0,0,0,0,0,0,0,0,0,0,0,0,0,0,0,0,0,0,0,0,0,0,0,0,0,0,0
0-211.txt_145,29.5,15.1111,15.5,15.2222,13.8333,16.8889,16.2222,18.8333,13.5,15.3889,17.1667,15.2222,16.6111,12.5556,17.6667,21.6111,20.6667,11.1667,13.8889,20.0556,12.8333,23.7222,12.6111,13.3889,6.6111,15.4444,14.1667,11.3889,11.1111,9.0556,9.4444,14.7222,9.5,7.8333,11.2778,14.8889,14.3889,7.5556,9.3333,11.6111,4.2778,3.8333,5.8333,6.2778,1.7778,3.7778,4.2778,3.7778,3.3889,2.1111,2.1111,3.6111,2.2778,1.6667,3.1667,4.7222,3.7222,1.8333,2.3333,2.7778,14.2222,12.9444,16.2222,23.4444,7.5,14.2778,16.7222,16,10.3889,7.8889,9.1111,13.2222,9.8889,6.9444,13.8333,16.6111,14.9444,6.7778,7.5556,10.1111,1.2778,0.3889,0.5,0.3889,2,0.6111,0.4444,0.6667,0.3889,0.7222,0.6111,0.5,1.1111,0.6667,0.4444,0.8889,0.8889,0.4444,0.5,0.8333,7.6111,7.9444,7.3889,7.0556,3.5,11.5,7.4444,6.0556,6.2778,4.8889,4.4444,7.1111,5,3,5.5556,8.7778,8.2778,2.8889,4.1667,5.8889,17.1111,15.7778,15.4444,18.0556,9.2222,16.6667,21.6111,15.1111,12.1667,10.6111,10.5,14.1111,11.3889,7.8889,17.3889,16.8889,14.7222,8.9444,10,12.4444,19.7778,14.2778,17.3333,16.9444,9.3333,16.1111,15,31.7778,12.2778,8.6667,9.7222,14.5,11.3333,9.6111,15.8889,19.5556,16.9444,9.1111,11.1111,11.1111,1.9444,2.2778,1.8333,1.3333,1.1111,1.7778,1.5556,1.6111,2.9444,1.2778,1.2778,1.6667,1.3333,1.7222,1.9444,1.8333,1.7778,1.1667,1.8889,1.6667,3.9444,3.3333,2.6111,2.6111,2.3889,3.3333,2.9444,2.2778,2.2778,6.8889,5.0556,2.7222,4.1111,3.2222,3.1111,3.3333,3.8333,1.8889,3.0556,6,17.8889,13.9444,10.7222,9.6667,12.6111,14.5,11.7222,12.2778,11.7222,23.1667,29.9444,12.6111,21.9444,18.4444,12.7222,14.3889,16.7778,11.9444,16,24,2.6111,2.7222,1.8333,2.0556,1.0556,2.2778,2.1667,1.6111,1.3333,1.7222,1.6111,3,2.1111,1.1111,1.4444,2.5556,2.1111,1.3333,1.2222,2.1667,3.5556,2.6111,2.0556,1.6111,1.8333,3.2222,2.3333,2.5556,1.8889,3.4444,4.0556,2.5,5.3889,3.1111,2.1111,2.7778,3.3333,2.3333,2.6667,3.5556,3.7222,2.7222,2.2222,2.4444,2.0556,3.5,2.5,2.6111,3.1667,3.8889,3.8889,2.5556,3.1111,6.2778,3.2222,2.6667,3,3.6667,5.5556,4.2222,11,8.2222,8.5,9.4444,5.6667,9.2778,9.8333,9,7.1667,5.8889,6.0556,8.5556,6.1111,4.8333,22.3889,11.2222,9.7778,4.2222,5.8333,7.0556,14.1667,10.6667,11.5556,11.6667,7.1111,11.6667,10.8889,10.3889,8.8333,7.1667,8,9.7778,7.9444,6.6111,10.2222,17.0556,13.5556,6.3333,8.1111,9.6667,16.4444,12.6667,12.3333,12.3333,9.1111,14.4444,12.0556,12.2778,10.1667,12.1667,10.9444,11.3333,11.8889,8.9444,11.3889,16.5556,21.7222,6.7222,8.7778,15.6667,3,2.1667,1.8333,1.3333,1.8889,3.2778,2.5,2,2.1111,2.3889,3.2778,2.0556,2.9444,3.9444,1.9444,2.6111,2.3333,9.7222,4.5556,2.7222,3.4444,3,2.1667,2.2222,2.0556,2.8889,2.5,1.7778,4.1111,3.8889,4.6111,2.3333,3.7778,6.3889,1.8333,2.8333,3.1111,4.3889,8.1111,4.2778,20.7778,13.7222,12.8889,11.1667,12.7778,14.4444,13.7222,12.1111,13.5,23.9444,22.2778,13.7222,20.1667,16,13.5,16.8333,21.1667,11.2222,15.1111,32.6667
0-211.txt_147,94.6842,54.2632,55.2105,52.2105,54,58.5789,58.3158,62.1053,50.6842,62.5263,59.2105,57,58.9474,50.5263,55.7368,75.4211,69.3684,41.6842,52.2105,68.2105,41.1579,72.0526,44.3684,40.7368,26.2105,52.8947,47.7368,35.6316,45.9474,33.3158,34.8421,56,37.0526,31.4737,36.2105,43.5263,42.3684,33.0526,36.4211,34.4211,25.8421,29.3158,48.6842,35.1053,19.5789,31.3158,30.8421,27.8947,32.1579,18.3158,19.4211,29.6316,22,20.6316,23.2105,34.1579,29.2105,17.1579,24.3684,20.1053,32.3684,33.1579,43.1053,60.4211,20.7895,37.5789,44.7368,31.2105,34.2105,24.7895,24.1579,36.1053,26.1579,23.1579,31.7895,37.5263,33.6316,20.4737,24.8947,25.4737,14.2632,9.3684,9.7368,9.2105,26.3158,10.9474,10.2632,8.6842,9.4737,13.9474,13.6316,10.3684,12.7895,12.6316,9.2632,12.9474,12.8947,9.4737,11.0526,14.9474,32.8947,40.1053,36.6842,36.1579,19.6842,58.5789,44.5789,28,37,25.2105,27.9474,41.3684,33.0526,22.8947,30.3158,36.2105,33.1053,21.8421,27.1579,27.4737,43.7895,48.4737,48.4211,57.1579,27.9474,58.5789,77.7368,38.1053,44.1053,33.4211,34.7368,52.2105,37.8421,31.2632,41.6316,48.2105,44.0526,26.5789,33.5789,36.4211,60.5789,46.1053,59.1579,51.4737,40.1053,48.8421,47.7368,99.6316,47.1053,36,38.1579,49,42.8421,39.4211,41.8421,59.5263,49.8421,36.5789,41.7895,39.5263,15.4737,19.1053,19.4737,18.6316,10.1579,20.2632,18.8947,13.4737,32.6316,13.1053,13.7895,18.3158,14.7895,15.0526,13.5263,17.3158,16.2632,11.6842,17.7895,13.3684,30.1053,21.9474,19.1579,17,25.4211,22.6316,20.1579,19.1579,20.2632,54.4211,45.3158,21.8947,40.8947,37.8421,20.6842,25.2632,30,23.9474,28.7895,45.4211,84.5789,71,59.5789,55.9474,78.7368,74.3684,66.3684,54.3684,66.4211,129.4737,157.5789,68.7895,126.5789,111.1579,63.6316,73.7895,86.8421,74.8947,86.1579,120.1579,28.9474,44.2105,32.6316,31,18.0526,39.8421,37.2632,26.2632,34.0526,22.1053,23.5263,52.1579,26.8947,22.2632,27.6842,31.3158,29.4737,18.8947,26.8947,23.7895,18.5789,15.3158,12.9474,11.7368,14.2105,17.9474,13.5263,13.3684,15,24.8421,26.3684,15.0526,36.5263,22.3158,13.1053,17.1579,18.6842,15,17.4211,22.8421,30.7895,26.5263,25.2105,22.4737,26.5789,25.7368,25.8421,22.8947,29.7895,42.6842,45.5263,26,41.9474,69.1053,23.1053,29.6316,30.5789,39.4737,47.5263,38.7895,46.6842,39.7368,40.6316,41.5789,31.5789,44.7368,45.7368,36.9474,38,35.5263,37.3158,43.9474,37.3684,35.1053,92.7895,48.5263,45.3158,29.5263,34.7895,38.1053,72.5789,63.2105,72.1579,65.5263,51.5789,65.8947,67.0526,64.0526,61.3684,50.6316,52.3684,67.8421,55.7895,49.4211,60.7368,97.3684,74.8947,42,53.2105,56,42.5263,34.8947,43.3684,38.1053,34.1053,40.6316,38.9474,35.2632,33.5263,40.7368,39.3158,38.2105,39.3158,34.4737,37.4737,49.9474,65.5263,27.5263,34.0526,42.0526,9.6842,9.6842,7.8421,6.3684,8.0526,10.0526,8.8421,7.8421,8.9474,10.3158,11.1053,8.7895,11.6842,13.1579,8,9.5789,9.3158,26.5263,13.8947,9.8947,21.2105,20.2105,19.0526,17,17.2105,22.2105,19.7895,17.8947,26.7895,22.7368,25.7368,20.9474,24.0526,39.9474,17.4737,21.5263,20.8421,27.4737,47.9474,22.6316,56.0526,41.8947,39.8421,36.3158,47.3158,44.2632,41.3158,35.8947,38.7368,76.5789,70.1053,42,64.7368,59.3158,40.0526,49.6316,57.9474,38.1053,50.1579,86.2105
0-211.txt_149,5.5263,3.5789,3,2.7895,2.8947,3.6842,3.8421,3,3.1579,3.7895,4,3.5789,3.5263,3.2632,2.6316,3.8947,3.5263,1.8947,3.0526,3.9474,2.1053,6.0526,2.4211,2.5789,1.3684,3.1053,3,2.0526,3.3684,1.3158,1.8421,3.8947,1.9474,1.8421,1.9474,2.1579,2,1.8421,2.5263,1.3684,3.6316,4.6842,7.5263,4.9474,2.9474,4.8947,4.1053,3.4737,6.3158,2.5789,2.5789,3.7368,3,3.7368,2.6842,4.2105,3.6316,3,4.3158,2.4211,3.6316,3.8947,4.9474,7.1579,2.1053,4.4737,5.3684,3.2632,3.7895,2.0526,2.1053,4.2105,2.3158,1.9474,3.8947,4.0526,3.4737,1.6316,2.4211,2.2632,2.5789,3.5263,2.8947,2.5263,1.1053,3.1579,3.1053,1.6316,2.8947,1.4737,1.9474,3.1053,1.7895,1.2632,1.6316,2.2105,2.1579,1,1.6842,1.5789,5.1579,6,5.7895,6.1053,2.8947,6.5789,8.5789,3.5789,6.1053,3.2105,3.3158,6.4211,3.3684,2.5789,3.7368,4.8421,4.6842,3.6842,3.8421,3.4211,5.3158,3.3684,4.8947,4.8421,2.8947,3.9474,4.2632,8.3158,3.8947,2.5263,2.6316,4.5263,2.5789,2.5263,4.3684,4.5789,3.7368,2.1579,2.5263,3,2.1053,3.1579,2.8421,2.4737,1.8421,2.8421,2.8947,1.5263,4.9474,2.2105,2,2.5789,2.2105,2.5789,2.3684,2.3684,2.2632,2.4211,3.2105,2.5789,2.9474,1.7368,1.3158,1.5263,3,1.8947,1.4737,1.7368,1.8947,6.0526,5.3684,1.9474,4.3158,3.7895,2,2.5263,3.4737,2.2105,2.5263,5.3158,4.4737,3.6842,2.6316,2.6316,3.2632,3.7895,3.4211,2.1579,3.1053,7.2632,8.4737,3.6316,6.7368,6.6842,3.1053,3.5263,4,4.2632,5,6.3158,5.5263,7.4211,6.2632,5.6316,2.4737,6.3158,6.1579,4.4211,4.9474,4.1579,4.6842,9.2105,5.3158,3.2105,4,5.2632,5.1579,2.6316,4.1053,3.8947,1.3158,1.2105,1.2105,1.1053,0.8947,2.1053,1.6842,0.6842,1.3158,1.9474,2.3158,1.3158,2.8421,1.4211,1,1.3158,1.4211,0.8947,1.1579,2.1053,3.7368,2.5789,2.8421,1.5789,3.2632,2.4211,2.1053,2.3158,3.8421,3.9474,4.3158,2.2632,4.1579,7.7368,2.2632,2.8947,3.1579,4.2632,5.3158,3.8421,2.3158,2.2632,2.4737,2.3158,1,2.4737,2.5789,2.0526,2.3684,1.4737,1.3684,2.8947,1.5789,1.4211,5.4211,2.3158,2.3158,1.5789,1.5789,1.4737,4.8947,3.5789,4.2632,4.2632,3,4.1053,4.7368,3,3.6316,3.3684,3.6316,4,3.6842,2.9474,5.5789,5.5789,5.0526,2.6842,3.3684,4,2.9474,2.3684,3.0526,2.4211,2.3158,2.6842,2.9474,1.7895,2.4737,2.3158,2.3684,2.8421,2.6842,2.2632,2,3.6842,4.3684,1.1579,2.4737,2.7368,0.8421,1.1053,0.9474,0.8947,0.5789,1,0.7368,0.9474,1.3684,0.9474,1.4211,1.1579,1,1.7895,0.7895,0.7895,0.7895,3.2105,1.5263,0.7368,2.5789,2.5263,2.3158,1.8947,1.9474,2.4737,2.3684,1.2632,4.0526,2.7368,3.1053,2.1579,2.7368,4.6842,1.3158,2.2632,2.5263,4.2632,5.4737,2.5263,5.4737,4.5263,3.2632,3.0526,4.8947,4.1579,3.5789,3.4211,3.2632,8.2105,7.5263,4.5263,6.4211,5.8947,3.2632,4.1579,4.8421,4.7895,4.7368,7.9474,0,0,0,0,0,0,0,0,0,0,0,0,0,0,0,0,0,0,0,0
0-211.txt_151,34.8125,14.4375,17.875,14.1875,14,17.875,16.3125,24.5625,13.5,23.8125,21.125,17.5625,22.0625,17.5625,20.3125,25.5,23.625,12.6875,15.75,25,3.5625,6.25,3.9375,4.25,1.5625,4.8125,4.25,2.5,3.4375,3,2.375,6.375,3.1875,2.25,2.875,4.125,3.4375,1.3125,2.9375,2.875,5.3125,4.3125,9.25,5.25,2.625,6.625,5.625,5.9375,4.875,4.375,4.1875,5.1875,4.875,3.0625,5.25,6.1875,6.5,1.75,3.375,4.4375,6.3125,7.75,10.625,13.9375,2.8125,9.625,10.125,7.25,6.875,3.625,3.3125,8.9375,4.125,2.4375,5.4375,8.875,7.5,2.5,4.9375,4,6.75,6.1875,6.75,7.4375,2.8125,9.625,7.9375,4.75,5.0625,4,4.5,7.9375,4.375,2.625,4.8125,6.4375,6.75,2.0625,3.4375,4.1875,8.1875,8.0625,10.125,11.375,3.3125,10.375,13.8125,7.0625,7.5625,5.0625,4.25,11.375,6,3.8125,7,9.375,8.3125,3.0625,4.875,5.5625,23.375,10.5,18.875,14.5,9.3125,14,12.5,39.4375,13,11.625,10.625,14.1875,13.375,13.25,13.5,20.1875,16.75,9.4375,9.8125,12.875,4.5625,3.8125,5.375,3.4375,2,5,4.375,2.8125,9.6875,3.5,3.6875,5.4375,3.375,3.9375,3.3125,4.3125,3.6875,2.25,5.4375,3.3125,18.0625,8.3125,8.5,7.0625,11.5,8.625,8.3125,10,7.5625,32.5,25.4375,9.6875,22.4375,21.625,8.875,12.5625,16.75,12.375,14.625,26.9375,17.8125,8.9375,7.875,6.8125,11.9375,10.125,7.875,9.9375,8.8125,32.8125,33.125,9.6875,28.3125,26.9375,9.5625,11.5,16.0625,12.5,16.5,27.125,10.1875,12.0625,11.3125,10.25,4.1875,12.6875,12.6875,9.1875,9.125,7.5625,7.5625,17.3125,9.4375,5.375,8.75,10.4375,10.125,4.0625,6.375,7.875,6.125,2.625,4.0625,2.5,4.125,3.5625,3.625,5,3.5625,8.875,8.125,3.3125,10.4375,7.3125,3.6875,4.1875,4.5625,3.6875,5.75,7.1875,8.6875,4.625,5.875,3.3125,5.5625,5.5,5.0625,5.8125,6.125,13.125,12.375,5.5625,12.875,19.5625,4.8125,6.5625,7.9375,10.375,13.375,11.3125,10.625,6.75,8.0625,7.8125,4.25,8.0625,8.125,8.1875,6.75,7.8125,7.25,8.6875,7.1875,5.9375,20.875,9.25,8.9375,4,5.4375,8.5625,19.5,11.75,14,11.1875,8.875,14.75,13.625,14.875,10.5,10.5,10.5625,15.4375,11.75,8.6875,9.4375,20.125,17.6875,6,8.5,12.125,11.8125,6.9375,9.3125,7.125,6.6875,8.8125,7.8125,8.875,7.25,12.4375,9.8125,8.75,11.4375,9.5625,7.5,12.375,16.625,4.4375,6.625,11.4375,0.9375,0.9375,0.875,0.625,0.4375,1,0.5625,1.3125,1.3125,1.3125,1.25,0.9375,1.1875,2.25,1,0.6875,0.8125,3.0625,1.9375,1.1875,5.375,3.75,3.375,2.8125,3.1875,3.875,3.1875,5.125,5.9375,6.1875,5.5,5.1875,5.9375,8.75,3.875,4.5625,4.625,7.4375,10.25,5.4375,18.375,9.375,9.5625,7.9375,11.375,11,9.1875,10.125,9.6875,27.1875,22,11.375,21.4375,18.125,10.5,12.875,18,9.5,14.4375,28.125,0,0,0,0,0,0,0,0,0,0,0,0,0,0,0,0,0,0,0,0
0-211.txt_153,125.1667,63.9444,65.2222,58.5556,62.2778,79.0556,69.6667,80.7778,60.8333,60.3333,61.9444,69.3333,63.7222,48.8333,94.7222,102.3333,88.3889,41.3333,52.7222,75.9444,42.2222,75.6111,43.7222,38.1667,24.9444,53.8889,47.1111,33.3889,41.7222,25.6111,31.5,56.1667,36.4444,23.9444,42.1111,44.3333,44.7222,25.4444,30.5556,32,7.8333,7.6667,13.6667,9.3889,5.5556,8.8333,7.9444,8.2778,8.8889,5.1667,5.3333,8.7222,5.7778,4.8333,8.8333,10.9444,9.2778,3.8889,5.3889,5.6111,22.5,23.2778,30.8333,46.8889,13,29.5556,33,22.5556,23.4444,14.5556,14.0556,25.0556,15.5556,12.1111,28.7778,29.1667,25.2222,10.1111,14.5,16.2222,7.9444,5.3889,6.0556,4.9444,17.3333,5.4444,4.8333,5.4444,4.9444,6.3333,6.8889,5.3333,7.3333,5.5,6,8,7.4444,5.0556,5.7778,7.1111,28.2222,30.7222,28.2778,27.1667,14.3333,51.5,36.7222,21.6667,27.1111,17.1667,20.1111,32.8333,24.3333,14.7778,31.3333,33.6111,30.5,16.6667,21.1111,20.9444,43.7222,47.2222,45.5556,56.4444,25.0556,64.1667,81.5,34.9444,46.7222,26.9444,27.9444,53.1111,32.7222,24.8889,50.3333,52.5556,44.0556,22.2222,31.7222,33.1667,89.7778,58.7778,75.1111,67.2222,50.1111,70.2778,64.2778,133,59.5,46.5,47.7222,67.3889,55.9444,42.2778,81.0556,92.2222,80.2222,43.1111,46.6111,56.8333,9.5,10.4444,11.2778,8,5.9444,12.0556,10.6111,7.6111,21.7778,6.7222,6.7222,9.8889,9,8.5556,10.3333,10,9.1111,6.9444,12.5,7.3889,12.1667,8.8333,8.0556,8.6667,9.0556,10.2778,9.4444,8.5,8.7778,17.8889,13.8889,9.9444,13.7778,10.7778,13.8333,12.1111,13.3889,7.3889,10.8333,16.7222,51.2222,38.9444,34.6111,34.2778,37.8333,45.4444,38,35.1667,35,54.2778,75.8333,39.6111,58.0556,45.7222,49.9444,48.7778,53.2778,32,43.3889,59,30.1667,38.0556,30.3333,27.5556,16.5556,37.8333,34.8889,25.9444,27.5,20.0556,21.5,50.5556,26.0556,16.3889,34.9444,35.1111,32.3333,15.2778,21.7222,24.9444,8.3889,6.5556,6.3333,5.1111,6.1111,8.8889,6.6667,6,6.2778,8.7778,10.6111,6.8889,14.9444,7.4444,7.6667,7.6111,8.6667,6.0556,7.1667,9.7222,17.4444,13.9444,14.3333,14.1111,12.1667,15.5,15.6667,13.5,15.5556,18.2222,20.1111,14.1667,18.8333,33.0556,17.9444,17.8889,19.1111,17.1111,23.6111,18.2778,117.6111,87.8889,86.5,94.9444,61.3889,110.6111,104,89.6667,87.4444,68.4444,70.6667,104.1667,78.3889,54.5556,276.3889,125.2778,118.0556,47.5,65.1111,89.5,106.3889,78,93.1667,81.7222,63.1667,97,88.1667,85.3333,77.2222,57.1667,59.1111,86.8333,68.1111,51.3333,106,146.3333,111.7778,41.7778,57.2222,69.6667,59,43.9444,48.8333,43.6111,35.5,53.5556,46.7222,43.6667,39.3889,41.5556,41.3889,45.9444,42.1111,31.7778,61.1111,69.8889,87.9444,27.5,38.2222,51.7778,3.8889,3.4444,2.5556,2.3889,3,3.8889,3.1111,3.5556,3.5,3.2778,3.6667,3.1111,3.8889,5.1111,3.1111,3.3889,3.7222,11.4444,6.4444,3.0556,7.2222,7.1111,6.1111,5.2222,5.2222,8.7222,6.6667,5.4444,10.7222,6.3889,6.7778,6.8333,6.8333,9.2778,7.3333,7.4444,8.2778,8.2778,14.5556,7.1667,50.9444,33.4444,31.5,31.6111,35,43.2222,37.7222,31.6111,29.8333,56.6667,52.3333,36.6667,50.3889,36.7778,48.3889,45.9444,54.5556,24.8333,38.3333,73.6111
0-211.txt_155,39.5294,18.2941,17.3529,17.5294,24.7059,21.3529,21.6471,22.7059,18.5882,22.4118,22.3529,21.1765,20.8235,17.0588,17.4118,26.5882,22.4118,14.5882,20.8824,23.9412,6.6471,13.0588,7.6471,7.3529,6.1765,9.8824,8.9412,5.1176,8.3529,6.7059,8.4118,11,8.2941,5.4118,5.4706,7.1765,6.7059,6.2941,7,6.5882,7.0588,9.4118,13.1176,10.4118,6.2941,9.8824,10.6471,6.0588,9.2353,4.4706,6,9.8824,7.2353,5.1176,5.9412,8.4118,7.3529,3.5882,6.5882,5,11.4118,11.1176,13,17.2353,8,13.2941,15.5294,8.3529,12.8235,8.2941,8.9412,13.1765,8.8824,8.1765,7.7647,11.4706,10.7647,7.9412,11,8.3529,5,3,3.5882,3.1765,6.9412,3.1765,2.9412,2.4706,3.5294,3.4118,4,3.1765,3.6471,4.1176,1.5882,3.9412,3.1765,3.5882,4.7647,3.4706,11.2353,15.1176,14.8824,13.9412,8.7059,18.1765,16.3529,9.2941,14.8824,9.0588,10.5294,16.1765,13.4706,8.4118,7.8824,11.9412,10.4706,7.4706,12,8.5882,15.9412,17.5882,17.5882,20.1765,9.8824,20.9412,24.8235,11.0588,15.8235,11.4706,12.2353,18.9412,13.5882,11.2941,12.3529,15.8235,13.8235,10.8235,13.8824,11.1765,16.0588,10.9412,12.9412,11.7059,11.2353,11.3529,12.2353,22.8235,10.6471,7.2353,7.7059,12.2353,9.1176,7.8235,9.7059,13.8824,10.4706,7.8824,9.0588,8.4118,2.2941,3.0588,3.5882,2.2353,2,3.2353,3,1.5294,4.4706,1.5882,2.4118,3,2.2941,2.2353,1.7647,2.5294,2,2.1765,3.5294,1.2941,8.1765,6.7647,5.4706,4.8824,8.2941,7.4118,6.8235,4.2941,6.7059,11.8824,11.8235,7.2353,9.4706,8.1176,4,6.0588,6.7647,6.2941,8.8235,9.0588,16.8235,17.1765,15.3529,12.6471,17.8235,18.4706,16.7647,10.7647,18.0588,22.0588,28.9412,16.8235,22.7059,19.5882,10.5882,14.8235,16.2941,15.5294,20.3529,19.7647,17.8235,24.3529,20.3529,19,12.7059,23.8824,24,12,20.8824,14.4118,15.7059,28.2353,18.5882,14.0588,12.2353,17.8235,16.9412,10.4706,17.0588,13.5294,5.4706,5.2353,4.5294,4.5294,4.9412,5.4118,5.4706,3.0588,5.6471,6.2941,7,5.8824,8.1176,5.7059,3.5882,4.8235,4.7647,5.5882,7.2353,5.7647,4.8235,4.3529,4.2353,3.5294,6.2353,5.2941,4.5294,3.2941,6.1176,5.2941,6.5294,4.7059,5.6471,8.8235,3.1765,4.4118,4.2941,6.2353,9.2353,4.8235,7.0588,6.2353,6.6471,6.7647,6.0588,7.4118,8.2353,5.7647,6.7059,5.1765,5.3529,7.8235,5.7059,5.5882,15.5882,7.2353,6.9412,3.1176,5.9412,5.3529,12.2353,9.8824,12.2941,11.0588,8,11.5882,11.9412,8.9412,9.7647,7.6471,8.2941,11,8.4706,6.7647,8.2941,13.0588,11.0588,6.1765,8.4118,7.5882,6.1765,6.4118,6.8824,6.1176,4.5882,7.0588,6.8824,3.9412,6.2353,5.7647,6.4118,6.7647,6.2353,4.0588,4.4118,6.7647,8.2941,4,5.5882,5.6471,0.8824,1.0588,0.8824,0.5294,1,0.8824,0.8824,0.8235,1.1176,1,1.4118,1,1.4706,1.7059,0.7059,0.9412,0.9412,3,1.8235,0.8824,6.1765,6.5882,6.4118,4.5882,7.2941,7,5.3529,3.4706,11.1176,7.1765,9.3529,6.1176,7.7059,11.2941,3.6471,5.2941,5.0588,12.5882,15.4706,6.1765,9.2353,5.4706,4.6471,4.2941,8.2353,6.0588,5.8824,4.6471,4.9412,9.7647,9.4118,5.6471,8.2941,7.5882,4.8235,6.2941,6.8824,5.1765,8.1176,10.2941
0-211.txt_157,2.5,1.1667,1.5,1.2222,1.6111,1.3889,1.3889,2.2222,1.5556,1.5556,1.1667,1.3333,1.8889,0.8889,1.6667,2.2222,1.8889,0.6667,0.9444,1.6667,1.2222,3.8333,1.6667,1.3333,0.6667,1.7222,1.3889,0.9444,1.6667,0.6667,1.2778,2.3889,1.1667,0.6111,1,1.4444,1.3333,0.5,1,0.6667,1.1667,1.6111,2.5,1.9444,1.2222,1.7222,1.4444,1.1667,1.9444,0.6667,0.6111,1.8889,0.9444,0.7778,0.8333,1.8889,1.6111,0.7222,1.2222,0.7778,0.7222,0.7222,1,1.6111,0.7222,1.2778,1.2778,0.8333,0.8333,0.3889,0.5556,1.1111,0.6667,0.2778,0.6667,1,0.7778,0.6111,0.3333,0.7222,0.8889,0.2778,0.3333,0.2778,2.3333,0.3333,0.3333,0.3889,0.3333,0.8889,0.7222,0.3333,0.9444,0.7778,0.7778,0.8333,0.7222,0.4444,0.8333,0.8333,1.3889,2.4444,1.9444,1.6111,2,2.8889,1.7778,0.9444,1.9444,1.5,1.2222,2.1667,1.1667,1,1.1111,2.0556,2.0556,0.6111,1.2778,1.2222,0.4444,0.7222,0.5556,0.8333,0.7222,0.7778,1,0.3889,0.7778,0.3333,0.5556,0.7778,0.6111,0.2222,0.4444,0.6667,0.7222,0.2222,0.3889,0.5556,1.6111,1.2778,2,1.4444,1.1667,1.3889,1.2778,3.1667,1.2222,0.8889,0.9444,1.6667,1,0.8889,0.9444,2.2222,2,0.6667,1.1111,1.2222,0.6667,0.9444,0.8889,0.6667,1.1667,0.8889,0.7222,0.8333,1.8889,0.5556,0.5,0.9444,0.5,0.6667,0.3333,1,1.1111,0.3889,1.0556,0.7222,0.8333,0.6111,0.2778,0.1667,1.3889,0.4444,0.2778,0.1667,0.6667,2.0556,1.8333,0.4444,1.6667,1.2778,0.2778,0.5556,0.7222,1.0556,0.9444,2.0556,0.9444,0.5,0.4444,0.6667,1.1111,0.6111,0.5,0.2222,0.7778,2.3333,2.8333,0.5,1.8333,1.7222,0.4444,0.7222,1.3889,0.7222,1.2778,1.7778,0.9444,1.5556,1.5,1.0556,0.2778,1.6111,1.2222,0.8333,1.3889,0.4444,0.3889,2.4444,0.6111,0.2222,0.7778,1.1111,1.0556,0.2222,0.5556,0.6111,1.1667,1.2778,1.2778,0.6667,1.1111,1,0.7778,1.2222,1.9444,1.7222,1.8889,1.0556,1.8333,4.1111,0.5556,1.4444,1.3333,2.3889,3.3333,1.5556,0.8333,1.0556,1.0556,0.9444,0.2778,1.0556,1.1667,0.6667,0.8333,0.3889,0.6111,1.6667,0.5,0.4444,2.3333,1.1111,1.1111,0.2222,0.7222,0.6667,1.7778,1.6667,1.8889,1.7778,1.0556,2,1.8333,1.3333,1.8333,1.1111,0.8889,2,1.2778,0.6667,1.2222,3.2778,2.6111,0.7778,1,1.1111,2.1111,1.3333,1.4444,1.5,1.5,1.5,1.5,1.3889,1.5556,1.2222,1.2222,1.5556,1.6667,1.2222,1.1667,2.6667,3.6111,2.0556,1.5,1.5556,0.2222,0.2222,0.1111,0.0556,0.5,0.2222,0.1111,0.1111,0.3889,0.6111,0.7222,0.1111,0.5,1.3889,0.1111,0.2222,0.2222,0.8889,1.2778,0.5556,1.2778,0.4444,0.6111,0.3889,0.9444,0.5,0.5,0.2778,0.3333,1.4444,1.7222,0.6667,1.5,1.0556,0.3889,0.7778,1.2222,1.1667,0.7222,2,0,0,0,0,0,0,0,0,0,0,0,0,0,0,0,0,0,0,0,0,0,0,0,0,0,0,0,0,0,0,0,0,0,0,0,0,0,0,0,0
0-211.txt_159,9.4667,3.8,3.7333,3.7333,3.8,4.1333,4.1333,5,4.0667,3.6,3.6,3.7333,4,2.6,5.1333,6.6667,5.7333,1.5333,2.7333,4.8667,2.7333,8.0667,3.4667,2.7333,1,4.6667,4.0667,2.4667,4.6667,2.0667,2.5333,4.8,2.6667,1.5333,2.6667,3.5333,2.6,1.6,2.3333,2,1.4667,1.2,3.1333,2.5333,0.5333,1.3333,1.5333,1.4,1.2667,0.6667,0.4667,1.2667,0.6667,0.4667,1.1333,2,1.7333,0.2667,1,0.7333,1.8667,1.2667,2.0667,3.8667,0.6,1.8667,2.8667,1.8667,1.6667,0.6667,0.8,1.6667,0.8667,1,1.5333,2,1.4667,0.6,1.2,0.8667,4.6667,0.4667,1.4,0.6,16.9333,1.2,0.2667,1.7333,1.2,3.4,3.5333,1.2,3.2667,2.0667,1.2,3.5333,3.6,2.1333,2,3.5333,1.8667,2.7333,2.2,1.6667,0.6667,4.6667,2.7333,1.6667,2.4667,0.8,1.2667,2.6667,1.7333,0.7333,1.4,2.2667,1.6667,0.8,1.3333,1.0667,2.9333,3.2,3.4,5.2667,1.1333,4.4,6.8,2.2667,2.9333,1.0667,1.1333,3.5333,1.6667,0.7333,3.2667,3.5333,2.6667,1.2667,1.4667,1.6667,6.4,4.0667,6.7333,5.5333,2.8,4.0667,4.3333,14.8667,3.7333,1.3333,1.6667,4.3333,2.9333,1.7333,3.2,6.1333,4.3333,2.0667,2.0667,2.1333,0.4,0.1333,0.1333,0.1333,0.4,0.1333,0.1333,0,0.1333,1.4,0.8,0.1333,0.6667,0.5333,0.1333,0.2667,0.4667,0.1333,0.4,1.0667,4.4,3.0667,2,1.5333,3.2667,3.4667,2.1333,1.8,2.4,6.7333,10.1333,2.5333,7.7333,5.3333,1.8,3.7333,4.3333,3.0667,3.7333,6.4,0.6667,1.5333,1,0.6667,0.2,1.3333,1.0667,0.5333,0.7333,0.2667,0.3333,2,0.6,0.5333,0.5333,0.9333,0.8,0.2667,0.4667,0.4,0.5333,0.3333,0.2,0.1333,0.4,0.6,0.2667,0.1333,0.3333,0.8667,0.9333,0.3333,1.4,0.6667,0.2,0.3333,0.5333,0.4,0.6667,0.8667,1.4667,0.7333,0.8667,0.6,1.3333,1.1333,1.1333,0.8,1.2,2.4,2.4,0.8,1.8,3.8667,0.6,1.1333,1.2,2.0667,2.4667,2.3333,4.6667,3.0667,2.9333,3.3333,2.2,4.4,3.8667,2.8,3,2.3333,3.0667,3.8,2.6667,1.6,12.4,5.6,4.7333,1.2,2.5333,3.2,3.7333,2.1333,3.1333,2.7333,2.4,2.8,2.6,3.4,2.3333,1.9333,2.0667,2.3333,2.2,1.6667,2.7333,5.4,3.8,1.0667,2.0667,2.1333,1.9333,0.9333,1.2667,0.9333,1.5333,1.1333,1.0667,1.3333,0.9333,1.3333,1.0667,1.0667,1.6,1.0667,1.1333,2.2667,2.8667,0.6,1.1333,1.4,0.4667,0.4667,0.4667,0.5333,0.3333,0.6,0.6667,0.2667,1.3333,0.6,0.8,0.5333,0.7333,1.6,0.2667,0.5333,0.4667,1.2,2.4667,0.6667,2.1333,1.6,1.2,1.0667,1.2667,1.2667,1.3333,1.2667,1.4,2.2,2.3333,1.4,2.5333,1.4,0.8667,1.6667,1.8,0.7333,1.2,2.9333,0,0,0,0,0,0,0,0,0,0,0,0,0,0,0,0,0,0,0,0,0,0,0,0,0,0,0,0,0,0,0,0,0,0,0,0,0,0,0,0
0-211.txt_161,7.8462,3.6923,3.6923,3.1538,3.3077,4.0769,3.6154,4.7692,3.0769,3.8462,3.4615,4.4615,4,2.8462,4.3077,4.9231,4.3077,2.1538,3.0769,4.0769,2,4.2308,1.6154,1.5385,0.8462,2.6923,2.3077,1.0769,1.6154,1.8462,1.3846,3.1538,1.6923,1,1.3077,1.8462,1.8462,0.9231,1.3846,1.6154,1.7692,2,5.2308,3,1.6923,2.5385,2.3077,2.1538,3.3077,1.6923,1.5385,2.1538,1.7692,1.2308,1.2308,2.3846,2.5385,0.6923,1.6923,1.7692,1.7692,1.2308,2,3.9231,0.8462,1.6923,2.0769,1.8462,1.3077,0.7692,0.6154,1.5385,0.7692,0.6154,1.8462,2.2308,1.6154,0.5385,0.7692,0.8462,1.2308,1.6923,2.2308,1.3846,0.5385,3,1.8462,1,1.4615,0.5385,0.6154,2.0769,1.1538,0.3846,0.9231,1.6923,1.3077,0.6154,0.9231,0.6154,3.3077,3.2308,3.3077,4.3846,1.3846,5.1538,7.3846,2,3.6154,2.0769,2.1538,3.8462,2.4615,1.3846,2.4615,3.6154,3.2308,1.5385,2.2308,2.3846,2.8462,1.5385,2.1538,2.2308,1.2308,2,1.7692,4.8462,2,1.1538,1,2.1538,1.7692,0.9231,2,2.5385,1.9231,0.9231,1.0769,1.4615,1.0769,1.0769,0.5385,0.4615,1,0.8462,0.6154,0.3846,0.6154,2.6923,1.8462,0.8462,1.6154,1.6154,0.5385,0.9231,1.4615,0.7692,1.1538,2.1538,3.0769,1.9231,1.5385,1.3846,2.7692,2.0769,1.6923,1.3846,1.4615,5.3846,6.4615,2,4.6923,3.5385,1.8462,2.3846,3.6154,2.1538,2.5385,4.8462,2.2308,3.8462,3.3846,2.9231,0.9231,3.3077,3.2308,1.9231,3.6923,1.3846,1.3846,5.5385,2.3077,1.2308,2,2.6154,2.6923,1.0769,2.1538,1.4615,1.9231,1.2308,0.9231,0.9231,1.3846,1.5385,1.5385,0.9231,1.0769,2.2308,2.6923,1.3077,3.9231,1.6154,1.6154,1.3846,1.5385,1.0769,1.2308,2.0769,1.0769,0.8462,0.6923,0.4615,1.5385,0.9231,0.6154,0.6154,1.1538,1.9231,2,1.0769,2.0769,4.0769,0.4615,0.9231,1.0769,2.4615,2.6154,1.5385,1.2308,0.9231,0.7692,0.9231,0.6154,1.0769,1,0.6154,0.6923,0.9231,1,1.6154,0.9231,0.5385,3.5385,1.1538,1.0769,0.3846,0.5385,1,1.5385,1.0769,1.3077,1.3077,0.8462,1.3846,1.6923,1.0769,1.0769,0.9231,1.0769,1.3077,1.0769,1.1538,1.6923,2.3846,1.5385,0.7692,1.0769,0.9231,1.6154,1.7692,1.6154,1.7692,1.1538,1.9231,1.9231,1.1538,1.3846,1.6154,1.3077,1.6154,1.5385,1.1538,1.1538,2,3.4615,1.0769,1.6923,1.6923,0.5385,0.3846,0.3077,0.1538,0.3846,0.3846,0.3077,0.1538,0.7692,0.8462,0.6154,0.3846,0.6923,1.0769,0.2308,0.4615,0.5385,0.8462,1.7692,0.8462,4.5385,2.6154,2.4615,1.7692,4.3846,2.6923,2.9231,2.0769,2.3846,7.7692,6.4615,2.6154,5.7692,4.0769,2.4615,3.0769,4.7692,2.0769,3.5385,9.3077,0,0,0,0,0,0,0,0,0,0,0,0,0,0,0,0,0,0,0,0,0,0,0,0,0,0,0,0,0,0,0,0,0,0,0,0,0,0,0,0,0,0,0,0,0,0,0,0,0,0,0,0,0,0,0,0,0,0,0,0
0-211.txt_163,20.6667,8.2778,9.6111,9.2222,8.8889,9.7222,10.3889,12.8889,7.6667,9.3333,8.9444,9.8889,10.8889,8.2222,9.2778,13.5,12.1111,6.9444,8.7222,12,3.9444,11.1111,4.7778,3.7222,1.8889,5.7222,4.8889,3.1111,4.3889,2.7778,3,6.6667,3.7222,3.1667,3,4.2778,4.2222,2.3889,3.1667,2.6667,6.8889,7.2778,16.2778,10.6667,4.5,7.7778,7.6667,8.7222,8.3333,4.6111,4.4444,7.9444,6.4444,5.5,5.8333,8.9444,8.2222,4.8889,6.5556,5.2222,8.5556,7.9444,13.9444,20.7778,4.5,9.8333,12.8333,9.9444,8.5,4.9444,4.3889,10.4444,6,5.1667,7.3333,11.6667,8.7778,4,7,5.2222,0.8889,0.5,0.6667,0.6111,1.4444,0.4444,0.4444,0.5,0.4444,0.3333,0.3333,0.4444,0.3889,0.3889,0.5556,0.8333,0.6667,0.3333,0.7778,0.4444,6.9444,7.3889,7.7222,6.6111,3.2778,14.6667,8.5556,6.3333,7.3333,4.0556,4.9444,8.5,6.3333,4.1111,6.3333,7.6667,6.8333,4.6111,5.6111,4.5,5.4444,6.1667,6.1111,8.5556,2.6667,8.4444,12.3889,4.3333,5.4444,3.2222,3.6111,6.8889,4.6111,3,5.0556,6.6667,5.8889,3.1111,4.5556,3.5556,16.1667,9.2778,14.8333,12.5556,7.6667,10.9444,10.7778,29.3333,10.3333,7,6.8889,11.7222,9.5,7.1667,9.2222,15.0556,12.0556,7.1667,8,8.8333,0.9444,1.2778,1.6111,1,0.6111,1.6111,1.2222,0.7778,4.0556,0.9444,1.0556,1.2222,1,1.2222,0.7222,1.1667,1.1111,1.3333,1.8333,0.8333,5.9444,3.8889,4.5556,4,4.9444,4.2778,4.1667,3.5556,3.7778,11.8333,9.0556,4.2222,8.2222,8.1667,4,5.4444,7.6667,5.1667,6.7222,9.2222,6.7222,4.3333,3.7778,4.0556,4.6667,4.5,4.0556,3.4444,3.9444,9.8333,12.6667,4.0556,9.7778,10.0556,3.8333,4.9444,6.1111,6.1111,7,9.2222,6.6111,7.7222,7.8889,7.3333,3.5,8.2778,7.6111,6.0556,6.2778,4.5556,4.4444,12.9444,5.1111,3.9444,5.3889,7.0556,6.3333,4.3333,5.1667,4.7222,4.5,2.6667,2.7222,1.7222,2.6111,3.3333,2.3889,2.8889,2.9444,5.2778,5.3889,2.9444,9.2222,4.8333,2.1111,3.4444,3.6667,3.0556,3.7778,4.8333,3.4444,2.3889,2.5556,2.1111,2.8333,2.5556,2.3889,2.2778,3.4444,4.6667,5.2778,2.3889,4.2778,9.6111,2.3333,2.8889,3.8889,5.6667,6.7222,4.6667,2.5556,1.6667,1.6111,2.1111,1.0556,2.3889,2.0556,1.6667,1.3333,1.2222,1.6667,2.0556,1.6667,1.5,5.3333,2.2222,2.3333,0.8889,1.2222,1.3333,11.4444,8.1667,11.2778,10.7222,6.6111,8.7222,8.7222,10.5,7.8889,6.1111,6.1667,9.3333,6.9444,5.9444,8.4444,15.3333,10.8889,6.0556,6.8889,6.6111,9.2778,7.3889,11.4444,9.1111,6.5,8.2222,8.2222,7.8333,7.1111,7.7222,7.5556,8.1111,7.3889,5.8889,7.2778,12.6667,17.0556,5.1111,6.9444,8.8889,3.7778,3.0556,2.7222,2.1667,3.5,3.8889,3.2222,3.3889,3.9444,5,5.7778,2.9444,5.5,8.9444,2.0556,3.8889,4.2778,17.1111,8.5556,5,5.4444,5.3889,5.7778,4.9444,3.8333,5.7778,5,5.1111,7.7778,4.7222,5.3333,5.3889,5.7778,9.8889,4.2222,5.3889,5.5,8.5556,16.0556,5.2222,7,3.6667,3.9444,3.1667,4.6667,4.6667,3.7222,4.1111,3.2222,9.5,8,4.3333,7.4444,6.6111,3.7778,5.2778,6.1667,4.1111,5.5,11.5
0-211.txt_165,17.9375,9,9,8.1875,8.5,9.75,9,9.375,8.125,8.5,8.25,9.8125,9.625,7.9375,9.375,13.3125,12.3125,6.8125,7.5625,10.4375,3.9375,8.3125,4.9375,3.375,1.5625,6.5625,4.875,2.875,4.375,2.3125,2.3125,6.5,3.375,2.875,3,4.375,4.1875,1.8125,3,3.125,4.375,4.125,9.5,5.5,2.625,5.5625,5,4.125,5.625,2.25,2.5625,5.125,3.25,3.3125,3.25,5.5625,4.5625,2.1875,3.25,2.75,4.625,3.8125,6.3125,9.8125,2.375,5.4375,5.9375,4,4.6875,3,2.625,5,2.875,2.6875,4.625,5.8125,5.1875,1.4375,3,2.9375,4.3125,5.25,4.25,4.1875,1.625,8.75,6.1875,2.5,4.625,1.8125,2.375,5.1875,4,1.4375,4.1875,4.625,4.125,2,2.875,2.375,5.0625,5.9375,5.8125,7.3125,2.125,7.8125,10.375,4.3125,5.5625,2.625,3.5625,6.25,3.75,2.4375,5.3125,5.9375,4.875,2.125,3.8125,3.625,8.75,6.4375,8.4375,7.4375,4.0625,6.875,6.625,16,5.3125,3.75,3.625,6.9375,4.6875,3.375,6.1875,8.625,6.4375,3.5,3.6875,4.1875,2.5625,2.875,3.25,2.5625,1.625,4.1875,3.25,2.625,6.375,1.0625,1.6875,2.6875,1.875,1.8125,1.625,2.875,2.375,1.4375,2.8125,1.3125,3.375,1.5625,1.3125,1.125,2.5625,1.875,1.75,1,1.75,7.6875,5.5625,1.75,4.625,3.875,2.875,2.4375,3.0625,1.6875,3.0625,6.0625,8,4.4375,5.1875,3.5,5.75,5.25,4.375,3.625,4.375,9.4375,12.8125,4.625,10.125,8,4.9375,6.375,7.3125,4.3125,5.6875,9.0625,4.5,5.4375,5.625,4.5625,2.875,5.75,5.4375,3.6875,3.875,2.8125,3.5,7.875,4.1875,2.1875,4.5,5.5625,5.3125,1.625,2.6875,3.5,0.9375,0.75,0.5,0.3125,0.8125,0.9375,0.5625,0.3125,0.8125,2,2.3125,0.6875,3.1875,1.5625,0.5,0.875,1.0625,0.9375,1.625,2,2,1.4375,1.5,0.875,1.25,1.5625,1.25,1.5,2.3125,2.375,2.5,1.4375,2.5625,6.1875,0.8125,1.875,1.8125,3.625,4.875,2.25,7.6875,5.5625,6.0625,6.4375,3.875,6.5,7.5625,6.3125,6,4,4.125,7.625,4.25,3,19,8.5625,7.0625,2.625,4.0625,4.8125,11.625,9.0625,11.5625,10.3125,6.1875,10.6875,10,10.1875,8.8125,5.8125,6.3125,9.875,8.375,5.125,11.3125,17.625,13.3125,3.9375,6.1875,7.5625,7.5,6.4375,7.1875,5.8125,5.4375,6.6875,6.875,5.125,5.6875,6.5,6.625,6.875,7.1875,5.3125,5.0625,9.25,12.875,3.625,5.875,7.5,1.625,1.1875,1.3125,1.0625,1.0625,1.375,1.125,1.3125,1.6875,1.5,1.75,1.25,2.1875,3.3125,0.9375,1.6875,1.6875,6,3.5625,1.4375,0.75,1.0625,1.125,0.5625,0.375,1.1875,1.375,0.625,1.8125,0.75,1.1875,0.8125,1.25,2.125,0.4375,0.8125,0.9375,1.4375,3.3125,0.75,4.8125,3.1875,2.1875,1.6875,3.1875,3.3125,3.0625,1.5,1.8125,6.875,5.8125,2.8125,5.125,3.4375,3.375,3.875,5.0625,2.1875,3.125,8.8125,0,0,0,0,0,0,0,0,0,0,0,0,0,0,0,0,0,0,0,0
0-211.txt_167,4.4118,1.7059,1.8824,1.9412,2.0588,2.1765,2.3529,2.8235,1.6471,1.7059,1.5882,2.1176,1.9412,1.5882,2,2.9412,3.0588,1.2941,1.6471,2.0588,1.4706,3.9412,2,1.4118,0.8235,2.5882,1.8235,1.3529,1.7059,1.1765,1.1765,2.3529,1.4706,1.2353,1.5882,1.7647,1.8235,0.9412,1.3529,1.2941,2.1765,2.7059,5.7059,3.5294,1.0588,3.2353,3.2353,2.7059,3.1176,0.9412,1,3.1176,1.6471,1.1176,1.8235,3.3529,2.8235,0.8824,1.6471,1.2353,2.5294,2.3529,3.5294,6.6471,1.3529,3.1765,4.0588,2.5882,2.4118,1.2353,1.1176,2.8824,1.5882,1.2941,2.2353,3.2941,2.7647,0.9412,1.8235,1.4706,1.5294,0.4706,0.7647,0.4706,5.1176,0.5294,0.4118,0.8235,0.4706,1.1176,1.1176,0.4706,1.1176,0.7647,0.7059,1.5882,1.4118,0.7647,0.7647,1.3529,2.7647,3.6471,3.4706,4,2.0588,6.4706,4.2941,2.5882,3.2941,1.5882,1.8235,3.7647,2.5294,1.6471,2.7059,3.3529,3,1.8824,2.5294,1.7647,0.9412,1.0588,1.1765,1.7647,0.4706,1.3529,2.1176,0.7059,1.0588,0.4706,0.4706,1.1765,0.6471,0.4118,0.8235,1.3529,1.2353,0.4118,0.5882,0.6471,4.6471,2.9412,5.0588,3.8824,2.4706,4,3.2941,9.0588,3,2.1176,2.0588,3.7059,2.5294,2,3,4.3529,3.8235,2.2941,2.1176,2.4706,0.5882,0.8824,0.7647,0.5294,0.8824,0.8235,0.8824,0.4118,2.0588,0.2941,0.4118,0.7059,0.5294,0.5882,0.4118,0.8235,0.5882,0.5294,1.1765,0.3529,3.7059,2,1.8824,1.7647,2.8235,2.6471,1.8824,2,2.0588,7.1765,4.7059,2.2941,4.8235,3.5882,2.1176,2.8235,3.2941,2.1765,3.2353,5.4118,2.5294,1.9412,1.8235,1.6471,1.8235,2.2941,1.8235,1.1765,1.7647,3.4706,5,1.9412,3.4706,3.9412,1.7647,2.4118,2.5882,1.8824,2.8824,3.1176,4,5.7059,5.1765,4.8235,1.6471,6,5.5294,3.2353,3.7059,2.7059,2.4118,8.8235,3.2353,1.4706,4,4.6471,4.6471,1.5294,2.6471,3,0.4706,0.3529,0.2353,0.1176,0.3529,0.4706,0.2353,0.2353,0.3529,0.7059,0.8235,0.3529,1.5294,0.5882,0.2353,0.3529,0.4706,0.3529,0.3529,0.5882,2.0588,1.4118,1.2941,1,1.8235,1.4118,1.2941,1,2.5882,4.0588,3.7647,1.4118,3.4118,7.2941,1.1176,1.7647,2.1176,3.6471,5.5294,3.4706,1.9412,1.4706,1.4706,1.5882,1.1176,1.7647,1.9412,1.2941,1.3529,1.0588,1,1.8824,1.1765,0.7647,4.4706,2.2353,1.9412,0.8235,1,1.1765,5.0588,3.8235,4.8824,4.8235,3.2353,4.5882,5.0588,4.1765,3.6471,2.5882,2.4706,4.7059,3.2941,2.2353,3.6471,8.0588,5.6471,2.0588,2.9412,2.8824,6.1765,5.8235,5.8235,4.6471,4.8824,5.5882,6,3.8824,4.2941,5.6471,4.7647,6.5294,5.0588,4,4.8235,6.9412,11.1765,3.2353,4.3529,5.8824,1.7059,1.5294,1.7059,1.1176,1.4706,1.6471,1.4706,1.0588,2.8235,2.3529,2.4706,1.5294,2.2941,4.1176,1.1765,1.6471,1.8235,2.9412,5.7647,2.4118,3.1765,1.9412,2.0588,1.5294,2.5294,2.1765,2.1176,1.7059,1.9412,4.8235,4,2.2941,3.7059,3.8235,2.0588,2.8824,3.4706,2.1176,3.5882,6.0588,0,0,0,0,0,0,0,0,0,0,0,0,0,0,0,0,0,0,0,0
0-211.txt_169,4.3889,2.2778,1.7778,2.2778,1.7778,2.5,2.1111,3.3889,1.5,1.7778,2.1667,2.3333,2.0556,1.2778,3.9444,3.1111,3.1667,1.0556,1.6111,2.4444,4.1111,7.3889,3.6111,3.3889,1.7778,5.3333,4.9444,4.1111,4.0556,2.5,2.6667,5.7222,3.1667,2.1667,4.6111,4.5,4.2222,1.6111,2.7778,2.7778,3.1667,3.2222,5.4444,3.8333,1.7222,4.2222,3.3333,3.8333,3.8889,1.8333,1.7222,3.5,2.0556,1.5556,3.5,4.6667,3.7778,1.2778,2.2222,2.2778,5,4.3889,5.7778,9.5556,2,6.5556,7.1667,6.5556,4,2.2222,2.6667,5.4444,3.0556,1.6667,7.0556,5.8333,5.5,1.4444,2.4444,2.5,2.3333,1.1667,1.3333,1.2222,5.4444,1.2778,0.9444,1.5556,1.1667,1.8333,1.7778,1.2222,1.8333,1.4444,1.2222,2.2222,2.0556,1.4444,1.5,1.8889,6.3889,7.7222,5.6667,6.1111,2.8889,12.1667,8.8889,5.6667,6.3333,3.1111,4.3889,7.3889,5.2778,2.8333,8.4444,7.3333,6.6667,3.1667,4.2222,4.1111,5.1111,5.1667,4.5,5.6111,1.8889,7.2222,8.7222,5.3333,4.3333,2.6111,2.8889,6.1667,3.4444,1.9444,6.8333,5.9444,4.7778,1.9444,3.3889,3.2222,11.6111,8.5,9.0556,9.7222,4.7222,11.2222,9.7222,18.8889,6.5,4.0556,4.6111,9.9444,6.1111,3.5556,12.5,11.3333,9.5,4.0556,4.7222,5.7778,3.0556,3.2222,3.0556,2.6667,1.3333,4.2778,4.1667,3.0556,6.6667,1.7222,2.0556,3.4444,2,2.1111,4.5,3.6667,3.2778,1.3889,3.5556,2,2.8889,1.7778,1.7778,1.8889,2.8333,2.2222,1.8889,1.5,1.7778,5.9444,4.1667,1.9444,4.1111,3.5,2.2222,2.4444,3,1.8333,2.8333,4.6667,7.8333,6.5556,4.6667,5.0556,6.5,7.1667,5.6667,5.1111,5.8333,10.2778,15.5,6.7222,11.3333,8.7778,8.6111,6.8333,7.9444,5.3889,7.4444,10.8889,4.5556,6.1667,4.3889,4.1111,2.1111,6.2222,5.5556,5,3.3889,2.3333,2.8333,8.2778,3.6667,2.0556,6,5.9444,4.8889,2.4444,2.8889,3.1667,2.5,2.5,2,1.5,2.5,3,2,1.5,2,3.5,4,2.5,5.5,3,2,2.5,2.5,2.5,2.5,3.5,0.3889,0.3333,0.2778,0.2778,0.3889,0.2778,0.2778,0.2778,0.5,0.6667,0.6667,0.2778,0.6667,1.3889,0.2222,0.3889,0.3889,0.7778,1,0.5556,14.5556,11.3333,8.9444,11.9444,6,14.6667,13.4444,13.2778,7.8889,6.2222,6.8889,13.4444,7.0556,4.6111,32.0556,13.9444,13.6111,4.0556,6.7222,9.1667,4.1111,3.0556,3.1111,3.2222,2.2222,4,3.2222,3.8333,3,1.6111,2.0556,3.1111,2.2222,1.5,3.7778,5.3333,3.7222,1.4444,2.1111,2.1111,6.1111,4.8889,4.7778,4.7222,3.8333,5.2222,5.0556,5.1111,3.6667,3.5556,3.7778,5.1667,4.1667,2.4444,7.4444,7.0556,9.1667,2.3889,3.4444,4.6111,0.5556,0.5,0.3333,0.2222,0.5556,0.6667,0.5,0.5556,0.5556,0.5,0.6667,0.5,0.7222,1.1667,0.3333,0.5,0.5556,2.8889,1.3333,0.5,0.6667,0.6667,0.6111,0.4444,0.6111,0.7778,0.6667,0.4444,1.3333,0.7778,0.8333,0.6667,0.8333,1.5,0.5,0.6667,0.6667,1.3333,2.1111,0.7778,3.7778,2.3333,2,2.0556,2.2778,2.7222,2.5556,3.0556,1.5,3.1111,2.7222,2.4444,2.9444,2,3.1667,3.0556,2.8333,1.7778,1.7778,4.6111
0-211.txt_171,87.8889,46.3889,45.3889,42.8889,46.7778,51,52.2222,56.7222,40.6111,51.1111,49.8333,49.6667,52.0556,42.0556,49.2778,68.6667,59.8333,32.7222,42,55.7222,41.0556,86.1111,45.8333,38.6667,21.7778,57.8889,51.8333,32.5556,46.7222,29.8889,35.0556,60.7778,40.3889,30.7222,36.2222,46.3333,43,25.4444,35.9444,32.2778,35.0556,38.9444,67.9444,45.7222,21.9444,39.6667,42.2222,35.3333,42.6667,23.3333,24.2222,38.7222,28,24.9444,30.6667,45.3333,39.5,20.4444,29.6111,25.4444,40.3333,41.8333,52.1667,81.0556,24.8333,47.5,58.7222,39.9444,40.1111,26.3333,26.2222,44.5,30.5556,24,40,48.9444,42,19.1667,30.8333,29.8889,13,9.5,9.6111,8.4444,27.9444,9.8889,9.2778,9.3889,9.0556,13.8889,12.9444,10.2778,12.6667,12.1667,9.2222,11.9444,12.9444,7.8333,11.2222,13.5,37.5,48.7222,40.8889,42,24.1667,72.3333,55.6667,31.5,40.8333,25.5,28.1667,48.7778,33.3333,23.7778,36.2222,44.8889,38.6111,24.5556,31.1667,28.2222,46.9444,56.1111,53.0556,63.2222,25.3889,66.7222,91.5556,41.7778,50.1667,30.9444,34.4444,60.6667,40.2778,29.7778,42.5,55.2778,47.9444,26.7222,36.8333,34.6111,49,37.3889,40.5,38.4444,30.2222,38.1667,39.0556,74.4444,32.5556,30.6667,32.3889,37.6667,34.5,30,40.3889,49.6667,40.2778,24.9444,28.9444,32.7222,18.3889,24.3333,23.7222,21.6667,13.1667,25,24.6111,17.4444,42.8333,15.0556,16,23.2778,18.6111,19.6667,19.0556,23.5,20.3333,15.7222,24,14.7222,43.2778,29.4444,26.5556,23.7778,35.3889,30.9444,28.3333,24.5,28.7222,80.3333,64.8333,30.0556,60.6111,54.1667,27.1111,37.1667,43.9444,33.9444,43.7222,67.7222,66.6111,54,45.5556,39.5556,62.1111,58.0556,51.1111,45.1667,46.6111,103.8889,129.4444,51.7222,108.7778,95.5,43.8889,60.1111,70.3889,57.8889,71.7778,97,42.8333,60.4444,42.3889,40.1667,24,53.3333,53.1667,35.2778,41.9444,31.6111,32.8333,73.3333,37.6667,27.1111,39.2778,46.1111,41.1667,23.5556,33.4444,32.2778,22.5,19.8333,17.3333,16.6667,20.1111,22.3889,19.8333,14.6667,16.8333,29.7778,33.5,19.6667,44.8889,26.3333,14.8889,21.8333,22.8889,19,21.9444,28.7222,37.8889,28.3889,26,23.7222,38.5556,27.0556,27.8333,25.3333,33.8333,54.2222,56.9444,28.5556,50.7778,96.1111,26.2778,34.2778,38.8333,48.4444,64,48.1667,36.2778,36.0556,31.9444,34.1667,24.8889,38.3333,40.0556,28.9444,32.1667,26.3889,27.2222,38.5556,27.8333,22.5,84.8889,38.8889,37.0556,18.2222,24.9444,28.2222,88,73.8333,78.7778,72.6111,57.6111,79.5556,77.7222,73.2778,67.7778,52.1111,54.9444,76.5,61.4444,49.5556,69.2222,122.8333,87,38.6111,55.1111,60.9444,48.4444,45.7222,45.6667,39.2222,38.5,44.2778,45,37.8889,36.4444,46.1667,44.9444,43.5,48.0556,37.8889,41.8333,57.7778,77.6667,30.9444,36.0556,48.9444,7,7.1111,8.1667,5.4444,8.9444,8.3333,6.7222,6.8889,7.3889,9.2778,11.1667,7.5,11.6111,14.6667,5.5,9,8.8889,26.1111,14.7222,8.7222,19.0556,18.6111,16.8889,13.5556,15.8889,18,18.1111,15.7222,23.8889,22.2222,21.9444,18,21,31.5556,14.2222,19.0556,18.3889,23.8333,41.2778,20.2778,53.2222,37.7222,34.3333,31.3889,43.6667,39.3889,38.7222,31.9444,35.6667,75.1111,65.1667,38.1667,61.5556,57.0556,36.2222,46.6111,53.3333,35.7778,47.6667,82.1667
0-211.txt_173,4,1.5882,1.9412,1.4706,2.2353,1.8824,1.7647,2.4706,1.4118,2.0588,1.6471,1.7059,1.6471,1.2353,1.9412,3,2.3529,0.9412,1.4118,2.2353,1.6471,3.9412,2.0588,1.1765,1.0588,2.2353,1.7647,1.1765,1.7059,0.8235,1.2353,3,1.4118,0.7647,1.1176,1.5882,1.6471,0.7059,1.0588,1.1765,1.2941,1.6471,3.2941,2.5882,0.7059,2.2353,2.4118,1.5294,2,1,1.1176,2.4118,1.4118,0.8824,1.1176,1.7059,1.9412,0.4706,0.9412,1.2941,1.4706,1.4118,2.5882,3.7647,0.5882,1.8235,2.8824,1.6471,1.7059,0.9412,0.9412,1.7059,1.1765,1.1176,1.2353,1.7647,1.5882,0.5294,0.8824,1,3.0588,3.6471,4.1176,4.0588,1.8824,5.7647,4.5882,2.0588,3.9412,2.4118,2.1176,4.3529,2.8235,1.8824,2.3529,4.0588,4.2941,2.1765,2.5882,3.1176,3.1176,3.5294,3.5882,4.6471,1.2941,5.1176,6.6471,2.1176,2.7059,2.3529,1.8824,5.0588,2.4118,1.2941,2.4706,3.5882,4.1176,1.6471,2.2941,3.0588,4,2.8235,5.7647,6.1765,1.8235,3.0588,3.8235,9.7647,2.4706,0.9412,1.1176,3.8235,1.6471,2.2353,2.6471,4.5882,3.4118,1.4118,1.6471,1.4706,0.8824,1.3529,1.7059,1.2941,0.4706,1.5882,1.5882,0.9412,2.1765,0.8235,1,1.8235,1,0.8235,0.7059,1.4118,1.5294,0.5294,1.1765,0.8235,1.4118,1.4118,0.8824,0.9412,1.1765,1.2353,1.2941,0.8824,1.1176,2.8824,2.2941,1.4118,2.3529,1.8235,1.2941,1.2353,1.1176,1,2.0588,2.5882,2.6471,2,1.3529,0.8824,2.1765,1.9412,1.8235,0.8235,1.2941,3.8235,4.9412,2.4118,4.3529,2.5294,1.2941,1.8824,2.4118,1.4706,2,3.8235,4.3529,6.8824,5.3529,4.4706,2,6.5882,7.1176,3.1176,4.7647,3.0588,3,10.2353,4.5882,2.2353,3.3529,5.4706,5.7059,1.7647,3.2353,4.1765,3.2353,3.1176,2.2353,1.6471,2.7059,3.8824,2.7647,1.7647,2.5882,4.7059,5.6471,3.1765,7.6471,4.1765,2.4118,2.8235,3.1765,3.5882,3.4118,4.7647,1.5882,1.0588,0.9412,1.0588,1.8235,1.2353,1.1176,1.0588,2.0588,2.5294,2.4118,1.1765,2.4118,5.0588,0.5882,1.5294,1.9412,3.3529,3.8824,2.8235,0.8824,0.6471,0.6471,0.8235,0.4118,0.9412,0.8235,0.4706,0.7059,0.5294,0.5294,1.2353,0.5294,0.3529,2.1765,0.8235,0.7647,0.8235,0.4118,0.4706,4.4118,3.5882,3.6471,3.4118,3.5882,3.5882,3.6471,3,3.4118,3,2.9412,3.4118,3.7647,3.8824,3,6.1765,4.6471,3.1765,4.0588,3.1765,4.7647,4.2353,5.1176,4.2353,3.7059,4.7647,5.0588,3.1765,3.8235,5.4706,4.5882,5.7647,4.4706,3.5882,3.5882,6.3529,10.2353,2.5882,3.7059,6.5882,0.3529,0.2941,0.3529,0.2353,0.4118,0.3529,0.2941,0.2941,0.4118,0.8235,0.5882,0.4118,0.8824,0.8824,0.2353,0.2941,0.4118,1.5294,0.9412,0.7059,1.0588,0.7647,0.7059,0.5882,1.4706,0.6471,0.8235,1.0588,1.0588,1.1176,1.1176,0.6471,1.2941,1.8235,0.4706,1.4706,1.5294,0.8824,2.1765,1.0588,5.1765,3.7059,3.4118,2.7647,4.5294,4.2353,4.1765,2.5882,3.4118,8.8824,6.2941,4.8235,5.8235,5.1176,3.1765,4.3529,6.7059,3.5882,4.5882,9.9412,0,0,0,0,0,0,0,0,0,0,0,0,0,0,0,0,0,0,0,0
0-211.txt_175,14.3571,5.2857,6.0714,5,6.5714,6,6.0714,7.7143,5.3571,6.7857,7.2857,6.0714,7.9286,5.9286,5.7143,10.1429,11.3571,4.1429,5,8.6429,4.5714,9.7857,5.2143,4.7857,1.7857,6.2143,5,4.0714,4.0714,3.2857,2.6429,8.9286,3.3571,1.9286,2.8571,5.1429,5,1.3571,2.7143,3.0714,3.3571,3.5714,8.7143,4.5,2.4286,4.7143,3.5,3.2143,3.3571,1.5,1.4286,4.0714,2,1.6429,2.1429,5,4.4286,0.8571,1.9286,1.8571,2.4286,2.7143,4.7143,7.2857,1.5,3.0714,4.8571,2.2143,2.5714,1.9286,1.7143,3.3571,2.5,1.2143,2.3571,4.1429,3.7857,1,1.2857,1.9286,1.0714,0.6429,0.5,0.2857,2.0714,1.0714,0.5714,0.2857,0.4286,1.1429,0.7857,0.9286,0.7143,0.9286,0.4286,0.8571,0.8571,0.3571,0.6429,1.2857,3.5,4.9286,5.4286,4.5714,1.8571,8.9286,5.2143,2.9286,3.8571,1.8571,2.5,5.0714,3.3571,1.5714,3.1429,4.7143,3.6429,1.5,2.1429,2.2857,3.9286,3.7857,5.5,7.2857,1.4286,6.5,9.4286,3.5,3.9286,1.9286,2.5,4.7857,3.3571,2.7143,3.9286,5.2143,4.5,1.5,2.7857,2.1429,10.7143,5,9.2857,5.9286,3.9286,6.5,6.0714,20.4286,5.8571,3.9286,4.0714,7.0714,4.7143,4,5.2143,9.5,8.2143,3.2857,4.1429,5.1429,4.2143,4.4286,6.2143,4.9286,1.7143,5.4286,4.4286,3.6429,11,2.1429,2.4286,5.4286,3,2,3.0714,5.5,4.7143,1.9286,4.1429,2.2143,1.2857,0.6429,0.5,0.5,1,0.7143,0.8571,0.5,0.9286,2.9286,2.2857,0.8571,1.7143,1.9286,0.6429,1.2857,1.5,0.7857,1.2143,2.7857,10.4286,7.0714,6.1429,4.7857,8.0714,8.2143,6.9286,5.4286,7.0714,15.7143,21.2143,7.9286,16,15.1429,5.9286,8.6429,12.2143,8,12.0714,15.4286,2,4.5714,2.3571,2.0714,0.7143,3.2857,2.8571,1.7143,3.2143,1.2857,1.2143,5.0714,1.5,0.8571,1.5,2.6429,2,0.7857,1.5,1.3571,2,1.4286,1.2857,0.8571,1.7143,1.7143,1.2857,0.8571,1.3571,3.3571,4.0714,1.5,5.2857,3.2857,1.1429,1.8571,2.5714,2.2857,2.7143,3.5,3.8571,2.4286,2.2857,2.2857,3.7143,3.0714,2.6429,2.0714,2.9286,5.2857,5.8571,2.6429,5.3571,10.2143,2,3.0714,3.9286,3.8571,7.4286,5.4286,5.4286,4,3.8571,3.7857,2.1429,4.4286,4.4286,3.5714,3.5,2.7143,3,4.2143,3.0714,2.4286,12.4286,5.6429,4.7857,1.5714,3.0714,3.2857,6.0714,4.5,7.4286,5.2143,3.2143,5.2857,4.6429,5.1429,3.8571,2.3571,2.5714,5.2143,3.3571,1.9286,4.2857,9.7857,7.5714,1.6429,3,3.2857,6.7857,5.1429,6.9286,5.0714,3.8571,6.0714,5.1429,5,4.2143,4.7857,4.0714,5.7857,5.1429,3.2857,4.1429,8.3571,11.4286,2.2857,4.1429,5.7857,1.7143,0.9286,1.0714,0.6429,1.2143,0.8571,0.7857,1.6429,0.7143,1,1.4286,1.5,1.3571,1.5714,1.1429,1.5,1.2857,4.2143,1.5714,1.7143,2,1.5714,1.2143,0.7143,1.1429,1.7857,1.2857,1.0714,3.2857,1.7143,2.0714,1.5,2,4.9286,1.6429,2.6429,2.5,4.4286,7.5714,2.1429,10,4.7857,4.8571,4.6429,5.2857,5.5714,4.5714,5.7143,3.8571,11.5714,10.8571,5.2143,8.4286,7.9286,4.2143,7.8571,8.7143,3.6429,6.0714,14.6429
0-211.txt_177,23.7647,22.9412,22.0588,22.7647,29.1765,24.4118,22.4706,23.1765,25.9412,17.0588,17.2353,20.2941,18.4118,17.8235,23.4118,24.2353,21.6471,17.8824,19.3529,18.7059,5.4706,9.5882,7.1176,6.4118,7.2941,7.8235,6.7647,6.4706,8.4706,4.8235,5.4118,7.2941,6.2353,6,6.6471,6.8824,6.4706,5.1176,6.4706,5.2941,23.7059,29.6471,42.2941,33.1176,39.2353,30.5882,30.0588,33.3529,37.7647,21.1765,18.8824,27.5294,21.6471,23.5882,30.5882,30.2353,28,20.9412,26.2353,21,23.2941,27.8824,36.8235,39.4706,36.5294,30,31,24.5294,34.2353,20.7647,19.3529,26.2941,23.6471,22.7647,28.7647,28.5882,26.8235,19.2353,26.1176,21.1176,33.4706,30.6471,31.7059,31.1765,114.8235,33.2941,27.5882,32.1176,34.0588,31,30,25.7647,31.5294,31.4706,33.4118,35.5294,36.5294,29.4706,30.1176,33.7647,10.8235,12.9412,12.5882,12.5294,13.3529,16.6471,13.7059,12.2941,17,10.6471,10.3529,12.4118,10.5294,10,12.5882,13.2941,12.4118,7.8235,11.1765,11.5294,17.4118,20.0588,21.4706,23.2353,26.4118,25.1176,27,17.5882,25.3529,15.6471,14.6471,19.4706,14.8235,16.6471,21.5882,20.4706,20.0588,16,17.9412,16.0588,37.7647,37.1176,43.2353,40.5882,40.4706,40.1765,36.1765,72.6471,47.2941,22,27.3529,33.0588,30.8235,27.5882,36,44.8824,35.2353,28.6471,29.4706,25.0588,0.8824,0.9412,1.0588,0.9412,0.6471,0.9412,1,0.8824,1.8824,0.7647,0.8235,0.9412,0.8824,1.1765,1,1,0.8824,0.3529,1.2941,1,15.2353,16.6471,16.4118,16.2941,25.5882,17.6471,16.4706,14.0588,20,20.8235,16.9412,15.7647,18.2941,18.1176,16.3529,16.9412,18.7059,12.8235,17.3529,19.7059,11.4706,12.7059,11.7647,11.8235,18.1176,12.4706,11.0588,11.2353,13.4118,11.4118,14.2353,11.2353,12.8824,11.3529,13.2353,12.3529,12.2941,9.0588,10.1765,12.2941,2,2.7647,2.4706,2.0588,1.6471,2.2941,2.0588,1.6471,2,1.4118,1.4118,2.6471,1.4118,1.1765,1.6471,1.8235,1.8824,2,1.4118,1.2941,5.2941,6.9412,7.0588,6.2941,7.2353,7.2353,6.3529,6.1765,8,6.1176,6.0588,6.4706,8.5294,6.5882,6.4118,6.5882,6.4118,6.8824,6.9412,6.2941,8.2353,9.4118,8.6471,8.5882,12.4706,8.9412,8.5882,9.4118,13.1176,8.9412,9.4706,7.8824,9.4706,16.2353,9.2941,9.1765,9.0588,15.0588,15.6471,9.3529,13.8824,15.7059,17.4706,17.2941,16.6471,16.7647,16.4118,13.8235,17.7059,10.6471,11.6471,14.2353,12.5882,11.4118,29.8235,15.9412,15,12.1176,13.4706,12.2941,15.8235,18.0588,18,18.5882,20.4706,17.4706,17.9412,17.2941,19.5882,12.9412,12.1176,16,14.4118,13.1765,19.4706,22.2353,19,13.6471,13.9412,13.6471,20.6471,25.9412,23.7647,24.2353,28.8235,26.7059,25,20.2941,29.5294,21.6471,19.4706,24,23.7647,22.2941,22.5294,27.5294,33.3529,18.3529,22.8824,24.1176,1.7059,2.1765,1.5294,1.5294,2.4118,2.0588,2.1176,1.7647,2.0588,1.7647,1.9412,1.5882,2,3.8235,1.2941,2.1765,2,6.5294,3.6471,1.8235,10.7647,12.2941,10.9412,9.7647,14.2353,11.5294,9.0588,11.5294,17.8824,10.8235,11.1765,10.2353,10.3529,21.9412,11.8235,11.2941,11.7647,20.7059,26.2941,13.0588,23,27,25.1176,25.3529,30.4706,26.8824,24.7059,21.5882,30.0588,28.5294,25.2941,24.1176,24.2941,22.4706,28.1765,25.2941,27.5882,22.2353,23.7647,31.7059
0-211.txt_179,42.1053,27.3158,30.2632,27.3684,28.2632,29.7368,28.6316,29.3684,28.7368,26.2105,26.6842,28.9474,26.6842,25,26.4737,37.9474,32.5263,17.7895,26.1579,30.2632,28.2105,42.2105,31.7368,28.1579,20.4737,35.8421,32.3158,25.6316,33.2105,22.9474,26.1053,37.8421,26.8421,25.7895,25.2105,31.4737,29.8947,23.6316,29.6842,23.8947,18.5789,21.4737,32.0526,22.8947,11.3158,21.2105,19.6316,19.5789,23.5263,13.3158,13.8421,21.7368,14.8947,13.6842,15.1053,25.3684,21.1579,11.5263,16.6316,14.1579,20.7368,24.6316,32,36.5263,14.2105,25.4737,27.6316,23.2632,27.4737,17.6842,16.0526,24.9474,16.8421,17.4211,21.0526,27.7368,26.0526,12.7895,20.3684,17.2632,14,7,7.9474,7.2632,49.4211,8.0526,6.3684,9.7895,7.1053,12.0526,12.1579,8.7368,10.7895,10.8947,6.4737,13,12.9474,7.6842,9.2632,13.8947,27.7368,33.1053,34.2105,28.7895,17.5263,42.1579,35.3158,26.3684,35.4737,21.5789,23.5789,34.7368,27.7368,23.7368,25.6842,33.0526,28.8421,19.3684,27,23.3684,30.1053,34.6842,35.9474,38.8947,19.5789,39.5263,46.6316,29.7895,35.1579,22.5789,22.0526,36.4737,26.2632,22.3158,27.4737,36.4737,33.5263,19.6842,26,24,40.1579,38.9474,46.9474,42,30.0526,39.7895,39.2105,61.5263,38.6316,25.8947,26.2632,40.9474,29.0526,30.0526,32.7895,44.0526,38.3158,27.1579,34.2105,29.0526,12.2105,15.5789,17.3158,13.5263,8.1579,15,15.0526,11.4211,20.5789,9.8947,11.1579,14.8421,11.8947,13.8421,11.3684,15.7368,14.1053,9.4737,16.1579,10.8421,13.9474,9.7895,9.5263,9,13,11.2105,10.7895,7.9474,10.5263,26.8947,20.7368,11.2632,20.8947,17.3158,11.1579,13.3684,16.4211,9.1579,13.6316,22.2632,43.1053,38.0526,36,28.7368,33.1053,39.7368,34.9474,29.6316,38.4211,54.7895,65.3684,38.3158,55.5789,49.0526,33.9474,41.2632,44.7368,36.6842,45.2632,53.1053,14.2632,17.7368,16.5263,15.8421,8.7368,18.6842,18.6842,13.2105,15.0526,9.4737,11.6842,21.7895,13.6842,11.6316,12.8947,16.6842,14.5263,10.6316,13.7895,11.1579,6.0526,5.6316,5.9474,5.3158,4.0526,6.9474,5.9474,5.2632,6.2632,6.4211,7.4737,6.2632,9.1053,5.7895,4.4211,6.1579,6.2105,4.5263,5.8421,6.0526,14.3684,10.8421,11.3158,9.7368,9.7368,11.5789,11.6842,10.1579,16.5263,14.1053,15.9474,10.5263,15.3684,29.1579,8.6316,13.4737,12.8421,18.8947,23.8947,14.9474,29.6842,30.2632,29.9474,29.8421,24.5263,29.7368,30.6316,26.4737,28.0526,24.4737,23.6316,31.5789,24.5263,21.5789,48.7368,31.6316,30.7368,18.3684,22.0526,24.5263,42.9474,42.2105,53,45.1053,33.6842,45.4737,43.6842,39.1579,43.1053,33.2105,32.6842,43.8421,35.2105,34.3684,39.3684,59.1579,51.6842,27.5263,36.4211,37.6316,25.6842,26.6316,28.5263,26.6316,19.7895,28.5263,28.5789,20.6842,25,22.4211,23.5263,28.8947,23.4737,21.2105,20.7895,30.7368,33.5789,17.6316,22.6842,24.2105,14.2105,12.1053,10.5789,11.4737,13,14.7895,12.0526,12.1053,13.4737,15.3158,17.2632,12.1579,16.7368,27.3684,9.2632,14.5789,15.6842,59.5789,29.3684,14.0526,10.5789,10.3684,9.6316,6.8421,9.0526,9.8421,9.5263,7.4737,15.5263,9.9474,11.0526,9.9474,9.9474,21.0526,8.8421,10.8947,10.4737,14.8947,24.3684,10.7368,20.2105,14.4737,15.7368,13.3158,16.1579,16.7895,15.8421,13,14.2632,24.3158,22.9474,16,22.5789,19.1053,14.8947,18.7368,20.6842,12.9474,18.0526,28.5789
0-211.txt_181,5.5,2.125,2,2.25,2.3125,2.5,2.5625,2.8125,1.9375,2.1875,2.0625,2.75,2.4375,1.9375,2.875,3.4375,2.875,1.4375,2,3,0.625,1.8125,0.6875,0.5,0.375,0.9375,0.75,0.4375,0.75,0.5,0.5625,1.125,0.6875,0.875,0.4375,0.75,1,0.5,0.75,0.5625,2.125,2.6875,6.375,4,1.375,3.375,3.3125,2.875,3.0625,1.375,1.1875,3.125,1.875,1.125,1.875,3.125,2.6875,0.9375,1.75,1.625,2.0625,2.0625,3.5,5.875,1.125,2.5625,3.3125,2,2.25,1,1,2.5,1.1875,1.375,1.875,3.1875,2.375,0.625,1.25,1.0625,1.625,0.5625,0.875,0.5625,5.375,0.8125,0.5,0.875,0.8125,1.1875,1.1875,0.8125,1.1875,0.8125,0.8125,1.75,1.5625,0.8125,0.875,1.4375,1.5,1.875,2.125,1.75,0.6875,3.5625,2.5,1.5,1.75,0.9375,0.875,2.25,1.5,0.5,1.1875,1.8125,1.5,0.75,1.0625,1.125,2.25,2.75,3.125,4.1875,1,3.5625,5.625,2.25,2.5,1.25,1.1875,3.5,1.75,1.375,2.0625,3.1875,2.4375,1.125,1.8125,1.75,3.375,2.375,3.375,3.9375,1.75,3.375,3.0625,7.1875,2.4375,1.1875,1.1875,2.875,1.875,1.0625,2.0625,3.3125,2.5,1.5,1.3125,1.625,0.5625,0.6875,0.8125,0.625,0.4375,0.8125,0.75,0.4375,2.3125,0.6875,0.625,0.625,0.6875,0.8125,0.375,0.625,0.625,0.625,1.4375,0.625,1.8125,1.4375,0.9375,0.9375,1.6875,1.75,1.25,0.8125,1.125,4.375,2.875,1.6875,2.75,2.4375,1.1875,1.5,2,1.25,1.75,3.5,2.375,2.0625,1.125,0.8125,2.25,1.875,1.5625,0.8125,1.5625,4,6.125,1.875,4.5,3.9375,1.8125,1.75,2.4375,2.1875,2.875,3.75,3.5625,5.6875,4.3125,3.6875,1.75,5.375,5.375,3.0625,3.5,1.875,2.1875,8.125,3.0625,1.375,3.5,4.375,3.875,1.875,2.625,2.25,1,0.8125,0.625,0.5,0.6875,1.0625,1.0625,0.4375,0.75,1.5625,1.625,0.875,2.75,1.1875,0.5625,0.8125,1,0.75,0.9375,1.3125,1.25,0.9375,0.875,0.5625,1.0625,0.75,0.625,0.5625,1.5,2.4375,2.25,0.75,2.0625,4.8125,0.5625,1.3125,1.25,2.25,3.3125,1.9375,1.5625,0.875,1.0625,1.125,0.6875,1.1875,1.5625,0.875,0.875,0.6875,0.6875,1.3125,0.75,0.4375,3.6875,1.5625,1.3125,0.375,0.625,0.8125,2.75,2.0625,2.75,2.3125,1.6875,2.4375,2.8125,2.375,1.875,1.125,1.125,2.5625,1.5625,1,1.875,4.125,2.9375,0.9375,1.4375,1.5,5.875,4.4375,5.9375,4.9375,4.5625,4.625,4.6875,3.6875,3.5,4.8125,3.875,4.625,4.6875,2.6875,4.9375,7.125,11.25,2.4375,3.4375,5.8125,2.4375,1.875,1.75,0.75,2.875,2,1.75,0.875,4.25,2.8125,3.5625,1.8125,3.0625,6.3125,1.25,2.25,2.3125,4.6875,8.75,3.0625,1.8125,0.8125,1.0625,0.6875,1.1875,0.875,0.875,0.8125,0.6875,2,1.75,0.875,1.5625,1.125,0.75,1.25,1.5,0.5625,1,2.625,0,0,0,0,0,0,0,0,0,0,0,0,0,0,0,0,0,0,0,0
0-211.txt_183,5.3333,2,1.3333,1.3333,2.6667,2,2,2.6667,1.3333,2,2,2,2,1.3333,2,3.3333,2.6667,0.6667,1.3333,2.6667,1,3.3333,1.3333,0.6667,0.3333,1.6667,1.3333,0.6667,1.3333,0.3333,0.6667,2,1,0.3333,0.6667,1,1,0.3333,0.6667,0.3333,1.0667,2.1333,5.3333,2.6667,0.5333,2.1333,2.1333,2.1333,2.6667,0.5333,0.5333,2.1333,1.0667,0.5333,1.0667,2.6667,2.1333,0,1.0667,0.5333,0.4,0.4,1,2,0,0.8,1.2,0.6,0.6,0.2,0,0.6,0.2,0,0.4,0.8,0.6,0,0.2,0.2,0.5333,0.1333,0.1333,0,1.7333,0.1333,0,0.1333,0.1333,0.4,0.4,0.1333,0.4,0.2667,0.1333,0.4,0.4,0.2667,0.2667,0.4,0.6,0.8,0.8,1.2,0,1.2,1.8,0.4,0.8,0.2,0.2,1,0.4,0.2,0.6,0.8,0.6,0.2,0.4,0.4,2.4,1.2,2.4,1.8,0.6,1.2,1.2,6,1.2,0,0,1.2,0.6,0.6,1.2,2.4,1.2,0.6,0.6,0.6,0.6667,1.3333,1.6667,1,0.3333,1.3333,1.3333,0.6667,4,0.3333,0.3333,1,0.6667,1,0.6667,1,0.6667,0.6667,2,0.3333,1.8,0.6,0.6,0.6,1.8,0.6,0.6,0,0.6,4.8,3.6,0.6,3,2.4,0.6,1.2,1.8,0.6,1.8,4.2,0.8,0.5333,0.2667,0,0.8,0.5333,0.2667,0,0.2667,1.6,2.1333,0.5333,1.6,1.0667,0.2667,0.5333,0.8,0.5333,0.8,1.3333,1.6,3.2,2.1333,1.6,0.5333,2.6667,2.6667,1.0667,1.6,0.5333,1.0667,4.8,1.6,0.5333,1.6,2.1333,1.6,0.5333,1.0667,1.0667,0.8,0.8,0.5333,0.2667,0.8,1.0667,0.5333,0.2667,0.5333,1.3333,1.6,0.8,2.4,1.0667,0.2667,0.5333,0.8,0.8,0.8,1.3333,0.6667,0.3333,0.3333,0,0.6667,0.3333,0.3333,0.3333,1,1.3333,1.3333,0.3333,1.3333,3.3333,0,0.6667,0.6667,1.6667,2.3333,1,1.6,1.0667,1.0667,1.0667,0.5333,1.6,1.6,1.0667,1.0667,0.5333,0.5333,1.6,0.5333,0,5.8667,1.6,1.6,0,0.5333,1.0667,4,2.4,4,3.2,2.4,3.2,3.2,3.2,2.4,1.6,1.6,3.2,1.6,1.6,2.4,6.4,4,0.8,1.6,1.6,2.1333,1.6,2.1333,1.6,1.6,1.6,1.6,1.0667,1.0667,1.6,1.6,1.6,1.6,1.0667,1.6,2.6667,4.8,1.0667,1.0667,2.1333,0.2,0.2,0,0,0.4,0.4,0.2,0.2,0.4,0.2,0.4,0.2,0.6,1,0,0.2,0.4,3,1.2,0.2,1.0667,1.0667,1.0667,0.5333,1.0667,1.6,1.0667,0.5333,3.2,1.6,1.6,1.0667,1.6,3.7333,0.5333,1.0667,1.0667,3.2,5.8667,1.6,4,1,1,1,3,2,2,1,1,7,5,2,5,3,2,2,4,1,3,8,0,0,0,0,0,0,0,0,0,0,0,0,0,0,0,0,0,0,0,0
0-211.txt_185,5.5556,2.2222,2.7778,3,2.4444,2.6667,2.8889,3.3889,2.7222,2.5556,3.0556,2.6111,2.6111,2.3889,2.6667,3.6111,3.3889,1.8333,3,3,2.6111,5.5,3.5,3.0556,1.7778,3.8333,3.2222,1.9444,3.1667,2.8333,2.9444,4.0556,2.7222,2.3889,2.0556,3.5,3.3889,1.7222,2.6667,2.7222,3.3333,3.9444,7.8889,5.5556,2.7778,4.5556,4.5556,4.1111,4.1667,2.3333,2.6111,4.6667,2.8333,2.8889,3.0556,4.8333,4.2222,2,3.1667,2.6667,2.0556,1.8889,2.7778,5.0556,1.1667,2.7222,3,1.7778,1.8889,1.2778,1.0556,2.6111,1.3333,1.2778,1.7222,2.7222,2.2778,0.8333,1.3333,1.5,1.9444,0.8889,1.8333,1.0556,5.3889,1.3333,1.1111,1.7222,1.1111,1.7222,1.3889,1.1667,1.4444,1.5556,1.3333,2.0556,1.7778,1.0556,1.5556,1.7222,1.6667,1.8889,2.3333,1.8889,0.9444,3.1667,2.8333,1.2222,1.6667,1,1.2778,2.2778,1.5,0.8889,1.8889,2.1667,1.8889,0.8889,1.2222,1.1111,4.3889,4.2222,5.7222,5.7222,2.2778,5.3889,7.6111,5.9444,3.8333,2.9444,2.7778,5.6111,2.8889,2.1111,3.7778,5.0556,5.1667,1.8889,2.6111,3.1111,2.8889,2.1667,2.3333,2.3889,1.5,2.6111,2.6111,5.0556,2.2222,1.7222,1.9444,2.8889,2.3333,1.3889,1.6667,2.7778,2.5,1.2222,1.5,2.1111,0.7222,0.6667,1.2778,0.9444,0.3889,0.8333,1.1667,1,1.7222,0.7778,0.6111,0.8889,0.9444,1,0.5,1,1.0556,0.5,1,0.6111,4.3889,3.1667,3.2222,3.0556,3.3889,3.7222,3.8333,2.7778,3.5,8.4444,6.3333,3.7222,5.4444,5.5,3.8333,3.9444,5.2222,2.7778,4.2778,6.5,4.3333,2.8889,3,2.1111,3,3.1111,3.0556,2.1667,2.7778,5.0556,6.6111,3.3333,4.5,5.2222,2.3889,3.2778,4.2222,3.5556,4.6111,4.7778,5.8333,6.9444,6.8333,6.0556,3.7778,7.6111,7.6111,4.7222,5.6111,4.3333,4.2778,10.8889,4.8333,3.8333,5.6667,7.2778,6.1111,3,4.2778,4.5,1.4444,1.3889,1.0556,0.9444,1.1111,1.7222,1.2222,0.8889,1.1111,1.5556,1.8333,1.7778,3.1111,1.5,0.9444,1.2222,1.2778,1.1111,1.2778,1.7778,2.5556,2.2778,2.3333,1.7778,2.0556,2.1667,2,1.7778,3.2778,3.6111,3.8889,2.5,3.5556,7.2778,2.2222,2.4444,3.2222,3.7222,6.1667,3.4444,0.6667,0.8333,0.4444,0.3889,0.2778,0.5,0.4444,0.3333,0.8333,0.3889,0.3889,0.5556,0.3889,0.3333,1.1667,0.5,0.4444,0.2222,0.4444,0.6111,3.2222,2.5556,3.5,2.9444,1.8889,2.8889,3,2.3333,2.4444,2,2.2222,3.7222,2.1667,2.3333,4.1111,4.5,3.3889,2,2,2.4444,4.1111,3.7778,3.7222,3.6667,2.9444,3.7222,4.2222,3,2.9444,3.6667,3.4444,4.1667,4,2.5556,3,4.5556,6.7222,2.1111,2.7222,4.5556,1.9444,1.6667,1.6111,1.6667,2.2778,2,1.7222,1.4444,2.9444,1.7778,1.6111,2.0556,1.7222,2.8889,1.6111,2.2222,2.4444,2.4444,5.3333,1.8889,2.1667,1.1111,1.2222,1.1111,1.5,1.3889,1.3333,1.1111,1.0556,2.8333,2.6111,1.2778,2.1111,1.6111,1.6111,1.8333,2.7778,1.6667,1.7778,3.3889,0,0,0,0,0,0,0,0,0,0,0,0,0,0,0,0,0,0,0,0
0-211.txt_187,7.4706,5.1765,5.2353,3.8235,3.5294,4.2353,4.6471,4.2941,3.7059,4.3529,4.4706,5.2941,4.8824,4.0588,4.3529,5.4706,4.7647,2.7647,3.8824,5.4118,3,7.4118,4.8824,3.4118,1.9412,4.3529,4.0588,2.4706,4.2941,2.7647,3.4706,5.7059,3.6471,2.9412,4.1176,4.5294,3.0588,1.8235,2.8824,2.8824,3.4706,4.3529,6.7059,4.2941,3.3529,3.8824,4.2941,3.9412,4.9412,2.4118,2.1765,4.6471,2.4118,3.0588,3.2353,5.6471,4.3529,1.7059,3.6471,2.6471,6.0588,6.2353,9.8824,14.7059,4.5882,8.4706,10.5882,6.9412,7.4706,4.0588,3.6471,7.4706,4.1765,4.4118,6.9412,8.8235,7.6471,3.2353,4.4118,4.7647,4.7647,2.5882,2.7647,2,18.2941,2.8235,1.8235,2.5294,2.6471,4.5882,4.8235,2.8824,4.5294,3.3529,2.5294,4.8235,4.7059,3.2353,2.9412,5,2.3529,3.2941,2.7647,3.3529,2.6471,5.5294,3.8235,1.9412,3.6471,1.7059,1.8235,3.2353,2.2941,1.5294,1.7647,3.1176,2.7647,1.7059,2.0588,1.8235,9.6471,10.9412,11,13.5882,4.3529,14.9412,19.4118,7.9412,11.1765,6.0588,6.8824,13.4706,7.8235,5.5294,8.8824,11.0588,9.2353,5.3529,7.1176,7.0588,7.3529,6,6.6471,6.9412,6.0588,6.2941,6.1765,11,5.4706,3.8824,4,6.4706,4.1176,3,5.4706,7.8235,5.9412,2.7059,4.1176,5.0588,1.2941,1.6471,2,1.5882,0.5294,1.8235,1.8824,1.0588,4.7647,0.4706,1,1.5294,1.3529,1.2941,1.1765,1.5294,1.1176,0.6471,2.0588,0.5882,3.7647,3.2353,2.2353,2.1176,3.4118,2.5882,3,2.0588,2.2941,8.0588,5.2353,2.9412,5.1176,4.8235,2.8235,3.3529,4.1176,2.2353,3.1176,6.7647,4.5294,4.4118,3.6471,3.2941,4.2353,5.0588,4.5882,2.7647,4.2353,6.7059,11,4.8235,8.2353,7.2353,3.7059,5.1765,5.7647,5.0588,6.1176,7.3529,5.1176,7.4118,6.3529,6.1176,2.8235,7.2941,8.1176,4.7647,5.1765,3.3529,2.8824,10.1176,4.3529,2.4118,4.7059,6.2353,5.4118,2.0588,3.2353,3.7059,2.9412,3.2353,2.1176,1.7647,2.7059,3.2353,2.7647,1.8235,2.2941,4.2353,4.7647,2.5882,6.5294,3,2.6471,2.5294,3.5294,1.9412,2.8235,4.7647,3.7059,2.8824,3.0588,2.3529,4.8824,3.0588,2.8235,2.6471,4.0588,4.7647,5.3529,3.1765,5.1765,7.7647,2.4706,4.1176,3.6471,3.8824,6.2353,4.1176,4.2353,3.8235,3.4706,3.3529,2.0588,3.7647,4.2353,2.7059,3.8824,2.4118,2.8824,4.8824,2.7647,1.5882,10.1176,4.4706,3.4706,1.4706,2.0588,3,8.5882,7,7.9412,7.3529,5.7059,8.1765,8.1176,5.8235,6,6,5.4118,7.4706,5.2353,4.6471,7.2353,11.4706,8.2353,2.7059,4.4706,6.2941,3.4118,3.8235,3.8235,3.8235,2.5294,3.8824,3.2941,2.5882,3.5294,3.2353,3.6471,4.1176,3.4118,2,4.6471,4.6471,6,1.2941,2.7059,3.2941,0.4706,0.7647,0.8235,0.4706,1.1176,0.4706,0.5294,0.4706,0.5882,0.5882,0.5294,0.6471,0.5882,0.5882,1.0588,0.6471,0.7647,1.2353,0.7059,0.4118,3.0588,4.2353,3.0588,2.7647,3.2941,3.2941,3.8235,2,4.7647,2.8824,3.7059,3.9412,3.7647,3.7059,3.2353,3.7059,3.0588,3.4706,7.1765,3.2941,6.0588,3.7059,3.2941,3.9412,3.8235,4.1765,4.2353,3.1176,3.2941,7.5294,6.6471,4.1176,6.4118,5.4706,3.7647,5.1765,5.9412,3,4.6471,9.3529
0-211.txt_189,10.125,4,4.375,3.9375,4.5625,4.875,4.875,5.875,3.8125,4.125,3.9375,5,4.9375,3.0625,5.3125,7,6,2.6875,3.625,5.5625,4.125,10.9375,4.4375,3.9375,2.3125,6.5,5.4375,3.1875,4.625,2.6875,2.8125,7.1875,3.5625,2.625,3.4375,4.5,4.3125,2.625,3.75,2.8125,2.3125,2.625,6.5625,3.8125,1.375,3.125,3.0625,3,2.9375,0.875,0.875,3.1875,1.5,1.125,1.875,3.6875,3,0.625,1.6875,1.3125,2,1.8125,3.3125,5.8125,1.4375,2.6875,3.3125,2.6875,2.1875,0.875,0.75,2.25,1.125,0.875,1.8125,2.6875,2.1875,0.5625,1.3125,1,0.75,0.1875,0.375,0.1875,2.8125,0.375,0.1875,0.375,0.375,0.5625,0.5625,0.375,0.5625,0.375,0.375,0.75,0.75,0.375,0.375,0.75,3.75,5.25,4.375,3.75,2.1875,9.5,5.6875,2.8125,5,2.4375,2.5,5.5,3.875,2.125,3.9375,4.6875,4.5,2.3125,3.4375,2.9375,5.25,6.375,6.1875,8.6875,1.875,8.4375,12.625,4,5.875,2.0625,2.625,7.6875,3.75,1.75,5.25,6.75,5.875,2.4375,3.75,2.9375,7.3125,4.875,6.5625,5.5,3.8125,5.8125,5.8125,15,5.25,2.6875,2.875,5.875,4,3.125,4.5625,6.8125,5.375,4.125,4.25,3.1875,0.625,0.8125,0.9375,0.75,0.4375,0.9375,0.9375,0.625,2.5,0.3125,0.4375,0.75,0.625,0.625,0.5,0.75,0.625,0.5,1.25,0.3125,3.375,2.125,1.3125,1.1875,3.3125,2.125,1.625,1.125,1.4375,9.3125,6.3125,2.125,5.9375,4.8125,2.125,2.3125,4.0625,2.1875,3.375,7.4375,5.3125,4,2.625,2.25,5.25,4.0625,3.6875,2.625,3.5625,10.3125,15.0625,4,11,7.875,3.625,3.9375,5.6875,4.9375,6.1875,9.625,3.375,5.4375,4.1875,3.3125,1.75,4.875,4.625,2.625,3.3125,1.9375,2,7.625,3.25,1.375,3.0625,4.3125,3.5625,1.625,2.4375,2.0625,1,0.75,0.5625,0.3125,0.75,1,0.6875,0.4375,0.75,1.5,1.8125,0.75,2.875,1.25,0.5,0.75,1,0.75,1,1.375,1.6875,1.5625,1.625,1.3125,1.625,1.25,1.4375,1,2.25,3.3125,3.5,1.1875,3.375,7.75,1,1.6875,2.375,3.8125,5.125,2.75,4.4375,3.25,3.6875,3.625,2.5625,4.3125,4.4375,3.1875,3,2.6875,2.5625,4.3125,2.875,1.8125,12.625,4.625,4.4375,2.25,2.625,2.8125,6.1875,4.125,5.375,4.4375,4.5625,5.1875,5.625,4.6875,4.0625,2.5625,2.625,5,3.875,2.3125,4.375,9.25,6.4375,2.25,3.1875,3.4375,4.25,3.75,4.0625,3.1875,3.6875,3.4375,3.375,2.625,2.75,3.6875,3.125,3.5625,3.5625,3.125,3.25,4.9375,8.25,2.25,3.375,4.1875,0.8125,0.8125,0.5,0.125,0.8125,1.1875,0.8125,0.8125,0.9375,0.8125,1.1875,0.8125,1.1875,2.3125,0.5,0.8125,0.8125,5.8125,2.8125,0.8125,1.125,1.0625,1.0625,0.5,1.3125,1.1875,1.0625,0.75,2.375,1.3125,1.75,1.0625,1.5625,2.8125,0.8125,1.1875,1.1875,2.5,4.625,1.3125,6,3.25,3.1875,2.4375,5,4,3.375,2.625,3.25,9.125,7.625,3.5625,7.5,5.5625,3.25,4.5625,6.25,3,4.75,10.9375
0-211.txt_191,18.4375,8.125,9.625,9.875,6.4375,10.9375,9.4375,11.125,8.625,8.125,8.5625,10.25,8.9375,6.75,7.3125,12.75,10.375,4.6875,7.9375,10.875,2.625,8.0625,4.1875,3.875,0.875,5.0625,3.8125,1.8125,3.5,1.6875,2.3125,5.25,2.3125,2.3125,2.125,3.1875,3.375,1.3125,2.8125,2.125,3.875,4.5625,8.4375,6.5,2,5.125,5.625,5.375,4.1875,2.4375,2.875,4.5625,3.1875,2.8125,2.6875,5.8125,4.5,1.875,3.0625,2.4375,4.8125,4.6875,7.0625,11.0625,1.875,5.5,6.4375,5.875,4.1875,3.0625,2.9375,6.625,3.3125,3.5,3.3125,5.375,5,1.5625,3.375,3.4375,3.8125,3.875,5.0625,5,2.0625,7.375,4.875,3.8125,3.75,2.3125,2.4375,4.8125,3.125,2.3125,3.1875,5.6875,3.9375,2.25,4.1875,3.125,2.1875,2.4375,2.6875,2.5,0.875,2.6875,4.1875,1.75,2,0.8125,0.8125,2.875,1.25,0.75,1.375,2.5625,2.75,0.75,1.125,1,17.3125,10.375,15.3125,13.25,7.0625,14.3125,12,29.0625,11.125,8,7.25,12.75,8.875,7.1875,9,16.25,14.375,6.25,9.3125,10.625,0.375,0.8125,1,0.875,0.125,0.6875,0.6875,0.375,1.875,0.1875,0.25,0.6875,0.4375,0.6875,0.3125,0.5625,0.4375,0.5,1.3125,0.25,3.9375,2.375,2.5625,2.3125,2.375,2.8125,2.75,2.5625,2.25,6.4375,4.25,3.4375,3.8125,4.0625,1.6875,3.0625,3.9375,2.375,3.75,5.9375,8.4375,4.1875,4.3125,3.6875,4.75,5.375,5.625,5.5625,5,10.625,15.375,5.375,11.375,12.0625,4.5625,7.25,8.4375,6.3125,9.375,11.5625,4.4375,6.625,6.4375,5.125,1.8125,6.3125,5.25,4.625,4.25,2.3125,2.4375,10.25,3.4375,2.875,3,5.5625,5.25,2.4375,4.4375,2.9375,0.9375,1.0625,1,0.5625,0.5625,0.875,0.9375,0.4375,0.6875,1,1.25,0.75,2.625,1.25,0.5,0.875,0.9375,0.5625,1,1.125,3.875,2.25,3.3125,1.9375,2.0625,3,2.5,3.1875,3.0625,4,4.125,2.875,3.8125,9.625,1.875,3.25,3.375,7.5625,7.3125,3.875,1.625,0.75,0.9375,1.625,0.625,1.3125,1,1.125,0.75,1.1875,0.75,1.125,1.125,1,3.1875,1.25,1.375,0.5,0.9375,0.9375,9.25,5.6875,9.125,7.6875,4.125,6.8125,7.5,7.625,6,3.6875,3.8125,7.625,4.875,3.6875,5.5,12.5,9.0625,3.3125,5.25,4.875,6.5,4.1875,6.375,5.9375,2.9375,4.9375,5.25,5.5,4.8125,4.0625,4.125,4.875,4.6875,4,3.75,6.5625,9.5,2.9375,5.4375,4.75,0.5625,0.6875,0.625,0.4375,0.25,0.9375,0.625,0.4375,0.5,0.375,0.375,0.5625,0.4375,0.75,0.3125,0.4375,0.4375,1.125,0.875,0.375,4.125,2.875,2.875,2.25,2.25,3.125,2.5625,3.875,4.125,3.5625,4.1875,2.75,3.75,5.625,2.0625,3.25,3.6875,4.8125,9.75,4.8125,5.75,3.75,4.5625,4.4375,3.75,4.1875,4.0625,3.75,3.125,7.5625,6.5625,4.125,5.5625,4.625,3.25,4.625,5.375,3,5.0625,9.4375,0,0,0,0,0,0,0,0,0,0,0,0,0,0,0,0,0,0,0,0
0-211.txt_193,9.9333,4.4,3.7333,3.6,5.1333,4.8,4.6,6.1333,3.5333,4.0667,4.0667,4.6667,4.3333,3.1333,4.4667,6.7333,5.5333,2.4,3.3333,5.2667,2.7333,8.2667,3.8667,2.4667,1.2667,4.6,3.8667,2,3.6,1.6,2.0667,5.4,2.8,2.1333,2,3.2,3.1333,1.6667,2.6,1.6667,9.0667,12.0667,29.7333,17,7.5333,13.3333,12.6,12.2667,14.6,4.4667,4.4,12.9333,7.4667,5.1333,7.9333,14.8,12.8,2.7333,6.9333,5.4,4.8667,5.0667,8.8667,16.4667,2.5333,6.9333,9.5333,6.8,5.7333,2.8667,2.1333,6.2667,3.4667,2.4,5.7333,6.8667,5.8667,1.2,2.6667,2.8667,0.8,0.4,0.5333,0.3333,2.8667,0.8667,0.4667,0.4,0.5333,0.6,0.6,0.4667,0.6667,0.4,0.4667,0.8,0.8,0.4,0.4667,0.7333,3.0667,4.7333,4.3333,4.0667,1.5333,7.8667,5.2667,2.4,4.4,1.8667,2.2,4.6,3.6667,1.6,2.8667,3.8,3.2,2.0667,2.9333,2.4667,4.7333,5.4667,5.7333,7.5333,1.6667,7.8,11.6,4.2,5.4667,2.4667,2.7333,6.5333,3.6667,2.0667,4.3333,6.1333,5.0667,2.2667,3.4,3.5333,11.6667,5.9333,11,8.5333,6.2667,7.6667,6.4,24.4667,7.0667,2.6,2.6667,7.4667,5,3.2667,6.4,10.8,7.5333,5.0667,3.5333,3.5333,1.8,2.4667,2.9333,2.2,1.3333,3.2,2.8,1.6667,7.8667,1.4667,1.8,2.3333,2.2,2,1.3333,2.2667,1.9333,1.3333,3.8,1.2667,6.9333,4.0667,3.1333,3,6.8,4.5333,3.3333,2.1333,3.8667,17.4,12.5333,4.1333,11.4,10.1333,3.8,5.4,7.6,5.4,7.7333,14.6,6.0667,5.0667,3.1333,2.4,5.7333,4.8667,3.7333,2.0667,4.2667,10.8667,14.0667,4.8667,10.8,9.2667,3.4,5.1333,6.6667,5.4,7.4667,9.6,9.2,14.5333,10.1333,8.4667,4.5333,12.4,12.1333,6.5333,9.0667,5.5333,6.6,19.8,8.3333,4.6667,9.2667,11.0667,9.3333,4.4667,7.1333,6.9333,1.8667,2.1333,1.3333,0.8667,1.6667,2.2,1.4,0.8667,1.4,2.8667,3.1333,1.9333,4.6667,2.2667,1.2667,1.8,1.8667,1.7333,1.8,2.7333,3.4667,2.6,2.4,1.9333,2.7333,2.7333,2.6667,1.8667,4.2667,5.1333,5.4,2.3333,5.2667,12.4,1.4667,3.3333,3.2,7.1333,9.1333,4.6,3.2667,2.2667,2.6,3,1.6667,3.0667,3.4667,2.6,2.2667,1.6667,1.6667,3.2,2.1333,0.9333,9.6,3.2667,3.1333,1,1.7333,2.1333,9.2667,6.7333,8.4667,7.6667,6.1333,8,7.7333,6.9333,6.5333,5.4667,5,7.9333,6.0667,5.0667,6.4,14.0667,9.7333,4.6667,6.2667,5.8667,9.6,7.8,9.8667,7.2667,8.4,7.6667,7.5333,6.8667,6.1333,7.4667,6.3333,8.3333,7.5333,4.9333,7.2,11.2667,18.3333,4.8,6.2667,8.8667,1.5333,1.2667,1.2,0.8667,1.4667,1.8,1.2667,1.4667,2.3333,1.1333,1.5333,1.2667,1.8667,2.9333,0.8667,1.9333,1.8667,7.8667,3.8667,1.1333,3.2667,2.6,2.6667,2.1333,2.3333,3.0667,2.6667,2.1333,5.4667,3.3333,4,2.5333,3.7333,7.4667,1.8,3.2,3.2667,6.1333,10.8,3.5333,9.8,4.4,3.6,3.0667,7.6,5.4667,5,4.1333,3.4667,14.6,11.4667,5.2,11.6667,7.5333,4.8667,6.4667,8.9333,4,6.8,16.9333
0-211.txt_195,19.8333,11.6111,12.1667,12.3333,8,11.7222,12.3333,12.7778,9.8333,9.9444,9.5,11.9444,9.5,8.0556,10.6667,15.5,13.8889,7.3889,9.3889,11.3889,2.1111,4.5,1.9444,2.2222,1.1111,2.2778,2,1.3889,2.5,1.7778,2.1667,2.8333,2.2778,1.8333,2.1667,2.2222,2.1111,1.2222,2.3333,1.8333,10.5,10.6667,22.7778,16.6667,5.5,12.5556,12,11.3889,12.7778,6.4444,6.4444,11,8.4444,7.6667,8.8333,12.7222,12.3333,5.8889,9.5,6.8889,8.8333,8.8889,14.7778,23.2778,4.7778,11.2778,13.8333,9.8333,10,6.3889,5.7778,10.4444,6.5,5.8333,9.0556,11.6667,9.8333,3.9444,7.3889,6.5556,7.7778,8.5556,8.5556,10.0556,4.2222,13.5556,9.8333,6.5,7.6111,6.1111,6.5556,9.2778,6.8889,6.2222,5.8889,9,8.6111,4.5,6.7778,7.3333,5.3889,5.6667,6.1667,7.9444,2.7222,7.3333,9.6667,4.3889,5.4444,3.6667,3.7778,6.2778,4.1667,3.2778,4.6667,5.6111,5.3333,3,3.7778,4.0556,18.8333,13.2222,19.2222,16.7222,9.2778,14.2778,13.5556,37.5556,13.8333,7.7222,8.7222,15.8333,10.8333,10.8333,13.2778,19.8333,15.4444,10,11.8333,9.0556,2.9444,4,4.3889,3.4444,1.8333,3.8333,3.5,2.6111,7.7222,1.7778,1.7222,3.8333,2.6111,2.4444,2.2778,3.3333,2.8889,2.6667,4.1667,1.9444,5.2778,3.7778,4.1667,4.7222,5,4.1111,4.1667,3.3889,3.6667,13.3889,10.3333,4.1111,8.1667,7.6111,3.6667,5,6.5556,3.8333,6.0556,9.6667,7.0556,6.7778,5.1111,5.5,6.4444,6.8889,6.3889,4.3333,5.5556,11.9444,16.7778,6.6667,11.2222,10.7778,6.1111,6.2222,7.7222,7.9444,8.7778,10.1667,6.5,7.3889,6.3889,6.1111,2.7778,6.5,6.6667,4.5556,5.9444,3.3889,3.6667,9.2222,4.0556,3.4444,4.8889,6.2222,6.6667,3,4.7222,3.9444,1.0556,1,0.9444,0.6667,1,1.3889,0.8889,0.7222,1,1.3333,1.5556,1,2.5556,1.2778,1.1667,1.2222,1.1111,1.0556,1.3333,1.3333,6.4444,5.2222,5.1111,4.7778,5.1667,5.2778,5.1111,5.3333,8.5556,7.6111,8.3889,5.2222,7.3333,17.8889,4.5,6.2778,6.5,8.3333,13,7.4444,3.0556,2.6667,2.8333,3,1.6667,2.9444,2.6111,2.4444,2.5556,2.1111,2.3889,3.0556,2.0556,1.7778,6.9444,3.5556,3.4444,1.8333,2.1667,2.4444,14.7222,13.8333,15.2222,14.9444,8.6111,13.7222,13,13.0556,11.6111,9.0556,8.7778,13.3333,10.2778,8.2778,10.5,21.4444,16.3333,7.0556,11.0556,10.5556,10.9444,9.2222,10.1667,9.2222,6.7778,10.5,9.1111,10,8.5556,9.4444,8.2778,10.3333,9.4444,7.3889,8.5556,13.2222,17.4444,5.4444,7.6667,10.7222,1.2222,1.3333,1.1111,1.2778,1.2222,1.5556,1.6111,0.9444,2.1667,1.1111,1.2222,1.2778,1.4444,1.9444,1,1.2222,1.3889,4.8889,2.3889,1.3889,5.2778,4.3333,4.9444,4.6667,3.2222,5,4.6667,5.0556,6.8889,5,5,4.6667,4.5556,7.7778,3.8333,5.1111,5.4444,6.9444,11.9444,4.7222,9.5556,6.9444,6.7222,6.8889,5.7778,7.2778,6.7222,6.5,5.9444,12.2778,10.3889,6.5556,9.0556,8.6111,5.5556,7.3889,9.3889,5.3889,8.6667,14.8889,0,0,0,0,0,0,0,0,0,0,0,0,0,0,0,0,0,0,0,0
0-211.txt_197,22.6875,10.5625,11.0625,9.5,9.8125,12.4375,12.1875,12.875,9,12.75,10.25,12.4375,11.8125,8.625,11.9375,14.5625,14.0625,6.4375,10.5625,12.9375,4.3125,11,6.375,4.25,2.1875,6.25,5.5625,3.625,4.75,2.8125,3.4375,7.5625,3.9375,3.1875,3.6875,5,4.5,2.3125,3.5625,3.5,5.625,6.1875,13.5625,8.625,2.875,7.0625,6.1875,5.9375,7,3.4375,3.0625,6.3125,4,3.8125,3.6875,6.75,6.3125,2.375,4.9375,3.75,7.625,7.6875,12.0625,16.625,3.625,8.8125,10,7.1875,7.9375,5,3.8125,8.3125,5.0625,3.5,7.375,9.375,7.75,4.25,4.875,4.8125,0.75,0.4375,0.6875,0.5625,1.625,0.5,0.4375,0.75,0.8125,0.4375,0.5625,0.625,0.4375,0.375,0.625,0.8125,0.8125,0.375,0.4375,0.4375,6.0625,6.5,6.3125,5.9375,3.5625,11.625,7.5625,4.4375,5.9375,4.125,4.8125,6.75,5.9375,4.9375,4.125,5.75,5.625,4.5,5.8125,5.5,4.5625,4.5625,5.3125,6.0625,1.625,6.0625,8.75,3.5,3.625,2.875,2.6875,6.1875,2.75,1.875,3.5,4.75,4.3125,1.9375,2.5625,3.5,13.5625,8.125,12.125,10.6875,6.5,9.4375,10.25,24.75,8,6.6875,5.9375,10.125,7.5,7.625,8.25,13.3125,10.3125,6.0625,8.1875,7.4375,1.4375,1.8125,2.25,2.125,0.875,1.75,1.5,1.75,3.5,1.3125,1.1875,1.375,1.4375,1.4375,1,1.5,1.75,0.875,1.625,1.125,4.8125,3.75,2.8125,2.8125,3.5,3.875,3.375,2.125,2.75,9.9375,6.8125,3.1875,5.9375,6.3125,2.625,4,5.5,3.625,5,7.8125,8.1875,5.9375,4.75,4,5.6875,6,4.75,4.5,5,10.6875,15.8125,5.6875,11.25,9.6875,4.25,6,7.3125,5.875,7.8125,10.1875,5.75,9.8125,8.1875,6.4375,2.8125,9.125,8.125,5.1875,5.8125,4.375,4.875,13.3125,4.875,3.5625,5.5625,7.5,7.0625,2.8125,4.375,5.5,2.375,1.625,1.375,1.4375,2.125,1.8125,1.4375,1.9375,1.625,2.5,3.1875,1.75,5,2.5625,1.4375,2.0625,1.875,1.6875,2.375,2.25,3.125,1.875,1.9375,1.5,1.625,1.8125,1.5,2.0625,1.875,3.375,3.5625,2.0625,2.6875,6.4375,1.5,2.25,2.375,2.75,3.9375,3.125,6.8125,5.1875,5.25,6.1875,3.6875,6.625,6.8125,5.125,4.625,3.625,4.0625,6.0625,4,3.25,14.0625,6.5625,5.9375,3.3125,4.375,4.5,6.9375,5.875,7.75,6.25,3.75,6.0625,6.1875,7.125,4.5625,4.125,3.75,6.375,4.25,3.875,4.5625,10.125,7.125,2.375,3.9375,4.625,10.1875,6.5,9.1875,7.5,5.75,7.5,7.5625,7.3125,6,6.5625,6.9375,7.6875,7.3125,6,6.125,10.1875,14.6875,4.5625,7,8.6875,2.25,1.8125,1.25,1.5625,1.4375,2.125,1.875,1.8125,1.625,1.4375,2.0625,1.875,1.875,3.125,1.125,1.625,1.9375,6.625,2.9375,1.6875,4.75,4.1875,4.25,3.75,2.875,4.3125,4.1875,3.5,8.0625,5,5.375,4.125,4.8125,9.25,2.875,3.9375,3.875,8.0625,13.6875,4.9375,10.125,6.6875,6.25,4.625,6.25,6.9375,6,5.25,6,13.5625,11.875,6.875,10.5625,8.9375,6.8125,8.1875,9.625,4.5,7.75,17.125
0-211.txt_199,19.25,11.3125,10.5625,9.125,9.4375,11.5625,11,11.5,9.0625,10.8125,10.5625,12.6875,11.3125,10.4375,9.6875,13.75,12.25,7.6875,10.5625,11.3125,7.4375,13.1875,8,6.875,3.8125,9.375,8.5,5.5,7.375,6.75,6.875,11.1875,6.3125,6.125,6.0625,7,7.125,3.4375,6.5625,7.375,3.9375,3.75,6.1875,3.25,2.0625,3.375,3.3125,3.3125,3.5625,2.75,2.75,4.375,2.4375,2.25,2.5,4,3.75,1.8125,3.8125,2.8125,7.625,8.6875,10.6875,14.625,4.8125,9.6875,11.625,8.125,8.0625,6.25,5.6875,9.75,5.1875,5.0625,8.0625,9.3125,7.625,4.0625,5,5.875,2.9375,1.3125,1.1875,0.75,3.9375,1.25,1.0625,1.25,1.4375,3.25,2.9375,1.8125,2.3125,2,1.375,2.0625,2.4375,1,2.0625,3.3125,4.3125,5.9375,5.1875,5.5625,2.5,7.375,6.125,3.8125,5.625,2.75,2.6875,6.25,3.0625,2.6875,3.75,4.6875,4.0625,2,3.5625,3.1875,12.625,14.125,13.25,15.625,5.375,17.75,20.25,9.25,12.5,9,9.1875,16.4375,9.0625,7.9375,9.4375,12.1875,10.8125,4.9375,8.8125,9.4375,10.25,7,10.3125,7.75,5,7.25,7.4375,17.8125,8.5625,5.875,5.875,7.25,6.25,5.875,6.875,9.9375,8.0625,5.3125,5.9375,6.25,4,4.125,5.5625,4,2.375,4.625,4.375,4.0625,9.9375,2.8125,3.0625,4.25,3.1875,5.25,3.375,4.5625,4.5,3.125,6.5,2.875,9.3125,5.3125,5.5625,5.1875,8.0625,6.6875,5.6875,4.1875,5.125,17.8125,13.3125,6.125,11.625,9,5.5625,7.25,8.9375,5.3125,8,15.25,11.9375,8.5625,7.9375,7.1875,10,8.9375,8.125,7,8,17.1875,20.125,9.5,15.125,14.125,8.25,9.875,11.75,7.6875,11.6875,15.5625,11.0625,15.0625,13.0625,12.375,6.1875,13.4375,13.8125,9.1875,11,8.875,9.375,19.0625,9.1875,7.9375,9.9375,12.25,10.625,6.1875,9.5,8.3125,4.0625,3.4375,2.375,2.3125,3,3.4375,2.5625,2.5625,2.375,5.5625,5.4375,3.3125,7.3125,5.0625,2.5625,3.9375,4.25,2.8125,4.0625,5,3.8125,3.9375,4.125,3.1875,3.25,3.8125,3.875,3.125,3.1875,5.875,5.875,3.4375,4.6875,7.875,2.4375,4,4.9375,3.375,6.0625,5.6875,6.9375,5.5625,6.5,5.6875,3.375,6.4375,6.375,5.5,4.625,4.5625,4.5625,6.625,4,3.3125,13,7,6.5,2.4375,3.75,4.3125,11.375,9.1875,10.9375,10.0625,6.625,9.75,9.9375,10,8.0625,7.1875,6.8125,10.3125,7.3125,7,8,14.5,10.25,4.75,6.8125,7.125,8.25,6.8125,8.9375,7.25,6.3125,7.5,6.9375,6.5,7.0625,7.6875,7.25,6.875,7.125,5.6875,6.5,9.5625,12.6875,4.75,6.25,7.625,3.6875,3.3125,3,2.1875,2.25,2.8125,2.9375,2.375,3,4.25,3.8125,3.25,3.5,4.3125,2.1875,2.875,3.125,6.125,4.5,3.6875,4.3125,3.8125,3.375,3.0625,2.875,4.375,4.3125,2.875,5.75,4.5625,4.5,4,4,7.6875,3.4375,3.8125,3.6875,5.3125,9.625,4.125,14.5625,9.5625,8.625,6.875,9.875,9.4375,9.5,8,9,19.8125,16.8125,10.5,13.9375,12.5,8.4375,11.3125,13.0625,7.9375,11.1875,21.4375
0-211.txt_201,9.1176,3.2941,3.4118,3.1765,4.4706,4.5294,4.1176,4.2941,3,3.7647,3.8824,4.0588,4.1765,2.7647,3.5294,6.4706,5.1765,2.0588,3,4.7647,2.8235,7.5882,3.2353,2.6471,1.1765,4.4706,3.7059,1.7647,3.1176,1.4118,2,5.4118,3,1.6471,2.2353,3.3529,3.1765,1.4118,2.2941,2.1176,1.8235,1.7647,3.7059,2.5882,1.0588,1.8235,1.8235,1.7647,1.7059,1,0.7647,2.0588,1.1176,0.7059,1.2353,2.8824,2.1765,0.4706,0.9412,1,4,4.2353,6.8235,11.4706,1.5294,5.2941,7.2353,4.2353,4.6471,1.4706,1.4706,4.9412,2.1765,1.4706,3.4706,5.1176,4.1176,1.5882,2.2941,1.7647,1.0588,0.6471,1.3529,0.8824,3.5294,0.8235,0.9412,0.5882,1.1765,1.2941,1.1765,0.6471,1.0588,0.8824,0.5882,1.2353,1.2353,0.6471,1.1176,1.6471,1.6471,2.0588,1.7647,2.1765,0.6471,4.1176,2.8824,1,1.8235,1.1176,1.0588,2.3529,1.5882,0.6471,1.2941,1.8235,1.6471,0.8235,1.1765,1.3529,5.8235,6.1176,6.2353,9.1176,2.9412,8.2353,13.1176,3.8824,5.8235,3,3.4706,7.5294,3.8824,2.6471,5.4118,6.3529,5.5882,2.2941,3.7059,4.3529,5.4706,3,4.6471,3.8235,3.2941,3.9412,3.3529,11.4118,3.2353,1.7059,1.7059,4.0588,2.4118,1.8824,2.4706,5.1176,3.7647,2.2941,2.3529,2,0.9412,1.3529,1.0588,0.7059,0.3529,1.1176,1.0588,0.5294,2.8824,0.4118,0.6471,1.2941,0.7647,0.7059,0.5294,0.8824,0.7647,0.4706,1.2353,0.5294,3.8824,2.3529,2.1176,1.8235,4.3529,2.5882,2.4706,2.7059,1.7647,8.7059,5.5294,2.7059,5.3529,3.8824,2.2353,3.2353,4.6471,2.7647,3.1176,6.8824,3.4706,2.7059,1.7059,1.8235,3,3.2941,2.2941,1.4118,2.1765,6.2353,9.3529,3.2353,7.5294,5.4118,2.2941,2.9412,3.6471,3.4706,3.5294,5.5294,9.0588,15.3529,10.1765,8.7059,3.5294,12.6471,11.1765,8.5294,9.2941,4.8824,5.2353,21,7.5882,4.3529,7.8824,10.2941,8.8824,3.5294,6.4706,6.2353,0.8824,0.8235,0.5882,0.3529,0.6471,0.8824,0.7059,0.4706,0.7059,1.3529,1.3529,1,2.5882,1.2353,0.4706,0.9412,1.1176,1.2353,0.9412,1.2353,1.7647,1.0588,0.8235,0.7647,1.1176,1,1,0.8235,1.5294,2.1765,2.5294,1.1176,2.4118,5.1765,0.7647,1.5294,1.4118,2.1765,3.1765,2.2353,1.7647,1.0588,1.2353,1.3529,0.8235,1.4118,1.5882,1.2941,1.0588,1,1.1765,1.4118,1.1765,0.7059,4.7647,2.0588,1.7059,0.5882,0.8235,1.2941,5.6471,4.8824,6.5294,5.3529,3.1176,5.2353,5.3529,4.7647,4.1176,2.8235,2.8235,6.2941,3.4706,2.3529,4.1176,9.2353,6.1765,2.4118,3.1176,3.2941,3.1176,2.1176,2.5294,1.9412,1.9412,2.4706,2.4118,2.4118,1.8235,2.2941,2.2941,2.7647,2.4706,1.8235,1.8235,3.1765,5.2941,1.3529,1.7647,2.7647,0.3529,0.6471,0.2353,0.0588,0.3529,0.5294,0.3529,0.2941,0.4118,0.4118,0.5882,0.3529,0.5294,1.2353,0.1176,0.3529,0.3529,2.8235,1.1765,0.3529,1.4118,1.1765,0.9412,0.5882,0.8824,1.2941,1,0.5294,2.8824,1.3529,1.5882,1.3529,1.5294,3.1765,0.5882,1.1765,1.2941,2.4706,5,1.2941,3.1765,1.5882,1.5294,1.2353,2.2353,1.8235,1.6471,1.5882,1.4118,4.3529,3.6471,2,3.3529,2.5882,1.6471,2.6471,3,1.4118,2.5294,5.7059
0-211.txt_203,5.5294,2.2353,2.4118,3,2.1765,3.2353,3.7647,2.8824,2.1176,3.1176,2.7059,3.0588,2.9412,2.1765,2.8824,3.8824,3.7059,1.3529,2.3529,4.1176,1.4118,3.8824,1.7647,1.1176,1.0588,2.1176,1.8824,1,1.8824,1.4706,1.0588,2.5294,1.1176,1,1,1.6471,2.2353,0.7647,1.5882,1.4706,2.3529,2.7647,5.3529,4.1765,1.1765,3.3529,3.7059,3.5294,2.8235,1.2353,1.4118,3.9412,1.5294,1.1176,1.5882,3.4706,3.2941,0.7647,1.5294,1.7059,2,1.7647,3.8824,4.5294,0.5882,2.8824,3.7647,2.3529,2.1176,0.8235,0.7059,2.9412,1.2353,0.7059,1.7059,2.0588,2.3529,0.5294,1,1.1176,1.5294,0.8235,0.8824,0.3529,2.6471,0.6471,0.4706,0.6471,0.8235,1.4706,1.4706,0.6471,2.2353,1.4706,0.4706,1.4118,0.9412,1.3529,1.6471,1.6471,0.5294,0.4706,0.4118,0.4118,0.8235,1,0.7059,0.4706,0.8235,0.4706,0.6471,0.5882,0.9412,0.3529,0.7647,0.6471,0.7059,0.2941,0.4118,0.6471,3.0588,3.1765,3.2353,3.9412,1.5882,4.0588,6,2,3.1765,2.7059,2.0588,5,2.4706,1.6471,1.9412,3.2941,3.2353,0.9412,2.3529,3.2941,3.1765,2.2353,4.4706,5.3529,1.6471,2.7059,3.5294,7.3529,2.2941,1.1176,1.2353,2.9412,1.4706,1.3529,2.8824,3.8235,2.5294,2.3529,1.2941,1.7647,0.5882,0.5294,0.6471,0.4706,0.2941,0.7059,0.7059,0.3529,1.1176,0.7059,0.5882,0.9412,0.7647,0.3529,0.3529,0.7647,0.6471,0.2353,0.4706,0.6471,2.2353,1.8824,1.4706,1.1176,1.4118,2.3529,2.0588,0.8824,2.3529,3.7059,3.3529,2.5294,3.8235,2.3529,1.1765,1.7647,2.6471,2.1176,1.8824,3.8824,2.0588,1.7059,1.5294,0.8235,2.2941,1.8824,1.3529,0.8235,1.4118,3.6471,4.7647,2.0588,4.0588,3.7059,1.2353,1.8824,2.2353,2.1765,2.2941,3.4706,3.5294,5.2353,4.5882,3.7647,1.6471,4.9412,5.3529,3.0588,3.8235,2.8235,2.3529,7.7647,3.1765,2.2353,2.8824,4.4118,5.6471,1.4118,2.7647,3.4118,0.6471,0.5294,0.4706,0.3529,0.6471,0.6471,0.4706,0.3529,0.5294,1.5294,1.2941,0.5294,2.0588,1.0588,0.4706,0.8235,0.8824,0.9412,0.8824,1.2941,1.3529,0.9412,0.7647,0.7059,2.2941,1.1176,0.7647,1,1.2353,3,2.8824,1.1176,2.6471,4.2353,0.8824,1.2941,1.3529,2,3.0588,2.9412,0.6471,0.2941,0.5882,0.3529,0.2941,0.5294,0.5294,0.5294,0.2941,0.5882,0.4706,0.4118,0.3529,0.4706,1.4706,0.7059,0.4706,0.1765,0.2941,0.5294,3.0588,2.6471,3,2.2941,2.4118,3.1176,2.9412,2,2.7647,2.5882,2.1765,3,2.5882,2.7647,1.7059,5,4.7647,1.7059,2.5294,2.2353,3.9412,3.7059,3.7059,3.7059,2.3529,4.2941,4.4706,2.7647,3.2353,3.8235,3.2941,5.0588,2.9412,2.5882,2.9412,4.2941,6.3529,1.9412,3.2941,4.2353,0.5882,0.4706,0.4118,0.5294,1.0588,0.6471,0.7059,0.3529,1,1.1765,1.1176,0.4118,1.4118,2.5882,0.1765,0.8235,0.6471,2.8824,2.0588,1.1176,0.7059,0.9412,0.5294,0.5294,0.5294,0.8235,1,0.4118,1.2353,1.0588,1.1765,1,1.1176,1.7059,0.4118,1.2353,1.1176,1.6471,2.4706,1.1765,3.1765,2.3529,2.1765,2.0588,3.0588,3.0588,2.8824,1.3529,2.5294,5.4706,4.2353,3.2353,3.7647,3.7059,1.4118,2.8235,4.5294,1.6471,3.4118,6.2941
0-211.txt_205,22.1579,10.7368,11.9474,9.4737,15.0526,12.8421,10.6842,17.2632,10.2105,19,17.5789,11.6842,17.0526,16.9474,13.4211,18.0526,16.5263,12.6316,13.8947,18.3158,6.8947,11.6842,7.1579,5.7368,4.5263,8.1053,6.6842,6.1579,7.1053,6.9474,7.3158,9.2105,7.6842,7.5263,7.6842,7.4737,7.1053,7.2632,6.8421,6.4737,4.2105,3.3158,5.2105,4,2.4211,4.1579,3.7368,4.4211,3.4737,3.5789,3.4211,3.3158,4.2632,3.6842,3.5263,4.8421,4.6842,3.1053,3.6842,3.4737,2.5263,2.6316,3.2105,4.4211,1.2105,2.6316,3.2632,2.5789,2.6842,1.8421,1.8421,2.7368,2.2632,1.7895,2.3684,3.0526,2.8421,1.1579,1.4737,1.8421,0.8947,0.4211,0.5789,0.3684,1.6316,0.9474,0.5263,0.5263,0.4211,1.4211,1.4737,0.5263,1.5263,0.8947,0.3684,1,1.0526,0.4211,0.7368,1.1579,5.1579,5.7368,5.6842,4.2105,3.9474,7.9474,5.5263,4.7895,5.1579,4.7895,4.8947,5.7895,5.5789,4.8947,4.4211,5.8947,5.6316,4.5789,5,4.8947,1.6316,1.8947,1.4737,1.3684,1.0526,2.0526,1.8947,1.2632,2.0526,1.4737,1.6316,1.8947,2.0526,1.4211,1.4211,1.8421,1.7895,2.1053,1.4211,1.6316,17.1579,9.4211,13.5789,10.0526,11.6842,12.2105,9.8421,24.0526,9.6316,11.9474,11.0526,10,12.9474,13.2105,11.1053,16.5789,13.4737,10.8421,10.9474,12.6842,2.8421,3.6316,3.3158,2.9474,1.8947,3.9474,3.0526,2.6316,4.8421,2,2.6316,3.3684,2.5263,3.4211,2.5263,3.3158,3,3,3.5789,2.2632,11.2632,5.2105,6.5789,4.6842,10.6316,6.6842,5.0526,8.4737,5.3684,16.8421,14.3684,5.5789,14.5789,13.5263,6.1053,9.5263,10.7895,9.2105,9.7368,15,22.1053,12.7895,12.6842,9.2632,20.0526,15.2632,11.7368,15.1053,12.9474,30.0526,33.0526,12.1053,29.3158,29.1053,12.8421,18.2105,20.9474,22.3684,21.3158,27.2105,2.7895,3.6842,2.7895,2.6842,2.1579,2.7368,2.6316,2.4211,2.4211,1.7368,1.9474,3.6316,2.2105,1.8421,2.1579,3.0526,3.1579,1.5263,2.2632,2.1579,11.8947,6.5263,7.3158,5.2632,9.2105,8.3158,6.3158,10.7895,6.7368,13.8421,13.6316,6.3684,16.3158,13.8421,6.6842,10.6842,10.7895,7.7895,9.8947,12.6316,7.5263,5.1579,5.4211,3.6316,6.4737,5.8421,4.3158,5.9474,6.1579,10.6316,11.1579,5.1053,10.6842,15,4.3684,7.2632,7.5789,11.1579,11.1579,9.6316,8,4.4737,5.2632,4.8421,5.9474,5.4737,4.8947,6.9474,4.3158,6.6316,6.2105,5.3158,6.3684,6.3684,12.0526,8.2632,7.4737,5.1579,6.0526,7,14.1053,7.7368,11.1053,9,9.4737,10.1053,8,13.0526,8.1053,11.0526,10.4211,8.3158,11.7368,10.8421,10,16.8421,13.6842,9.6316,10.8947,11.5789,11.8947,7.6316,9.6842,7.6842,8,9,7.8947,10.8421,7.7368,10.8947,10.4737,8.2632,11.6842,9.8421,8.7368,12.3158,14.2105,8.0526,9.3158,11,2.6316,2.1579,2.2105,1.5789,1.9474,2.0526,2.0526,2.4211,2.3158,3.4211,3.1053,2.5263,3.3158,3.6842,2.3684,2.9474,2.6842,6.8947,3.6842,3.1053,2.5789,3.1053,2.4737,1.6316,2.2105,2.5789,2.0526,1.8421,3.1579,2.6316,3.2632,2.6316,3.2632,4.4211,2.2632,3.2105,2.8421,3.2632,4.7368,2.6316,16.7895,9.1579,9.8421,6.4211,13.2632,9.4737,7.3684,12.2632,8.5789,19.5263,17.6842,8.5263,17.7895,16.8421,10.1053,13.8421,15.2632,12.2632,13.1579,19.5789
0-211.txt_207,38.1579,24.8947,23.9474,22.5789,22.6842,24.8947,26.8421,24.2632,21.1579,22.8947,23.7895,26.4211,23.8421,20.5789,20.4737,31.7895,27.7368,16,21.6842,25.5789,19.6842,36.1579,22.5263,19.8947,12.7368,26.1579,24.4737,16.5263,23.2632,15.2632,17.1579,29.2632,18.4737,15.3158,16.7368,23.2105,21.7895,12.2632,17.6316,15.8421,13.2105,14.5263,21.8421,16.8421,8.7895,14,15.3684,12.6842,12.3684,9.0526,8.9474,15.1053,9.8947,8.3684,11.7895,17,15.5263,7.3684,9.2632,9.6842,24.3158,25.1053,30.0526,45.0526,14.5263,28.3684,35.0526,22.7368,24.7895,17,18,27.6316,18.5789,15.3158,23.5789,30.5263,25.1053,12.4211,18.1579,18.5263,3.7895,1.7368,2,1.7895,6.3158,2.2632,1.8421,2.3684,2.1053,3.0526,2.7895,2,2.5263,2.7895,2.5263,2.9474,2.8947,2.2632,2.6316,3.3684,14.8421,17.2632,15.8421,15.4211,8.7895,23.8947,19.2632,11.9474,15.2632,12.3158,12,18.6316,13.4211,10.5789,13.2632,17.6316,14.9474,9.3158,11.9474,12.7368,31.6842,34.1053,34.4737,40.5263,18.8421,40.1579,52.7895,26.7895,33.7368,21.4737,22.0526,37.3684,24.5263,21.4211,28.7368,36.4211,32.7895,19.7368,26.0526,23.6316,21.8421,16.9474,20.6316,19.5263,13.8947,17.4211,18.6842,35.9474,16.3684,12.9474,12.3158,18.6316,16.2632,12.0526,16.9474,22.0526,19.0526,11.5789,12.8421,14.4211,9.1053,10.7895,10.8421,8.6842,5.9474,10.3684,10.2632,7.7895,19.7895,7.0526,7.7368,10.4211,8.6842,8.6316,8.9474,10.9474,9.7368,6.5263,11.6842,8.2105,21.1579,16.4737,14.7895,14.7368,18.1053,18,16.3684,12.9474,16.2105,39,31.5263,17.6842,29.6316,25.7895,16.7895,20.3684,23.3684,15.0526,21.7895,33.3158,28.6842,26,21,19.4211,27.2632,25.7368,24,17.5789,21.4737,40.7895,50.9474,26.7368,38.5263,36.2105,23.3684,25.8421,29.3158,22.6842,27.2105,38.3158,27.5789,39.6316,29.3158,26.3158,15.8947,33.6316,32.5789,22.1579,26.1579,19.7368,21.5789,43.8947,24.9474,19.6842,25.2105,31.5263,27,18.0526,22,21,7.1579,5.7895,6.2632,4.4737,6.2105,6.6316,5.6316,5.1053,5.7895,9.8421,10.6316,5.8947,12.7368,7.9474,6,7,7.3158,6.2105,6.3684,9.2632,15.3684,13.7895,13.1053,11.6842,12.7895,12.5789,12.4737,11.4211,16.5263,19.8421,23,12.9474,21.2632,35.7895,11.3684,15.4737,15.3158,19.0526,25.6316,19.2632,21.5263,19.3684,19.2105,20.5263,13.9474,20,20.4211,18.5263,17,15.6316,17.3684,20.7895,17.0526,14.3158,42.9474,23.2105,20.3684,12.1579,15.2105,17.5789,47.0526,39.2632,45.6316,42.5789,29.2105,41.4211,44.4211,38.4211,36.7895,30.4211,30.4211,43.1053,33.3158,29.3158,37.5263,62.8421,47.3684,23.8947,30.4737,34.1053,25.6316,22.7368,25.2105,23.1579,18.2105,23.4737,23.6842,20.6842,20.8947,22.5789,22.3684,24.4737,22.1053,19.3158,21.6842,29.7368,36,15.8421,21,23.9474,5.3158,4.9474,4.0526,3.7895,4.4737,5.0526,4.7368,4.3158,5.3158,4.7895,6.2632,5.0526,6.1579,7.3158,4.2632,4.9474,5.1579,13.8421,7.5263,5.4737,9.4737,9.2105,8.6842,7.4737,7.1579,9.7895,8.6316,7,12.8421,8.9474,9.8947,9.3684,10.8947,14.6842,7.0526,9.9474,8.6842,11.3684,19.6842,9.0526,26.4211,21.3158,20.1579,18.0526,20.5263,22.6842,22.7895,16.3684,18.6316,35.1579,28.9474,22.7368,29,26.1053,19.3684,24.2105,27.1053,18.5789,22.7368,40.0526
0-211.txt_209,64.5556,49.3333,47.1111,44.8333,44.7222,55.9444,56.2222,41.0556,45.8889,44.5556,47.8333,54.8889,49.3333,35.7778,35.8333,54.8889,50.1111,32.8333,37.1667,46.9444,49,85.6667,55,49.2778,39.2778,70.8333,66.2222,37.3889,56.0556,41.1111,47.0556,74.6667,50,36.4444,36.1111,53.2222,50.5556,35.7778,41.6111,41.7778,39.6667,46.8333,65.6667,49.2778,33.1111,53,52.1667,35.1667,47.2778,30.8889,33.2778,51.7222,38.5,27.5,32.1667,48.3889,43.3333,25.5556,32.7222,32.0556,37.3889,40.2222,48.6667,64.3333,26.3333,51.0556,57.8889,32.3333,41.5,28.3333,28.5556,45.5,33.0556,24.5,29.7778,42.1111,37.6667,22.4444,28,28.0556,10.4444,8.1111,8.6667,7.9444,15.2778,9.6667,9.4444,7.5556,8.0556,9.1667,9.2778,9.0556,9.2222,6.7778,6.3333,9.8889,9.6667,6.8889,7.4444,9.3333,63.7222,79.8333,70.2222,69.2222,45.6667,109.7222,92.5,47.9444,76.1667,48.7222,55.4444,85.2222,66.2778,44,50,68,62.1111,48.5,53.3889,50.1111,125.6667,144.6667,135.5556,156.6111,88.5,180.9444,221.1667,94.1667,140.6667,91.8333,100.7222,163,116.6667,82.6667,96.4444,134.5,122.0556,84.0556,96.5556,95.2778,27.7778,24.0556,26.3889,24.8333,18.8333,26.6111,28,36.6111,23.5556,17.6667,18.4444,27.1111,21.2222,15.8333,18.6111,26.5556,23.2778,16.1111,17.1111,18.6111,16.8333,20.3333,18.7778,17.3333,13.1111,22.7222,22.1667,12.1111,28.5556,13.6111,15.6111,20.5556,16.3333,13.6667,12.1111,17.5556,16.3333,11.5556,17.6111,13.2222,35.2222,31.0556,29.0556,25.7778,33.7222,33.6667,31.7222,20.8889,29.1667,55.1111,49.3889,33.5,45.2778,34.4444,23.1111,30.6667,34.7222,26.1111,31.3889,47.5556,104.3889,102.4444,87.0556,79.8889,101.3333,112.5,106.0556,65.5,100,133.9444,177.5,104.6111,143.3889,109.8333,71.8333,92.1667,101.6667,91.8889,102.3333,121.6111,80.6667,107.6111,87.4444,84.9444,56.7778,111.2222,108.6111,59.5,84.7222,61.5556,68.8333,131.3889,76.2222,55.2778,61.6111,84.8889,78.6111,51.3333,63.1111,62.5556,24.7222,24.8889,21.7222,21,20.5,28.8333,27.4444,16.2222,23,28.2222,31.3889,26.6667,37.9444,22.2222,15.1667,22.7778,23.8333,18.2222,21,27.1111,10.6111,10.2778,10.1111,8.7222,9.8333,11.3333,11.3333,7.2778,12.7778,13,15.2778,10.5556,13.8889,20.1111,7.1111,10.8889,10.8333,11.1667,16.3333,11.2222,11.3333,10.3889,10.1667,10.6667,8.2778,12.8333,12.3333,9.1111,10.0556,8.5556,9.1667,11.8889,9.0556,7.2222,20.7778,11.7778,11.0556,5.2778,7.8889,8.9444,75.8333,69.6667,76.7222,70.6111,57.0556,82.8333,82.3889,56.1667,68.1111,51.6667,55.7778,79.0556,60.7222,45,52.1667,93.7778,74.6111,40.8889,50,54.1667,59.3889,58.6111,59.5556,53.7222,50.1667,67.2222,65.8333,41.2778,51.5,49.5556,53.7222,63.5,54.8889,39.9444,41.6667,65.1111,76.5556,38.6667,42.9444,52.1667,2.9444,2.3889,2.3889,2.5,3.9444,3.2222,3.1111,2.1111,3.2778,3.2222,3.6667,2.8333,3.6667,3.6111,2.1667,2.5556,2.6667,5.8889,3.7778,3.3333,13.1111,13.0556,13.0556,11.2778,12.5,16.1667,14.6111,9.5,18.4444,13.5556,14.9444,14.5556,14.8889,17.1667,9.3333,14.1667,13.3889,14.7222,22.5556,12.7222,36.4444,32.4444,29.6667,27.8333,33.5556,36.3889,35.3333,22.5,29.5,45.3889,44.4444,35.1667,41.2222,30.6667,24.1667,32.1667,35.5,23.4444,30.6111,48.7778
0-211.txt_211,0.7647,0.2941,0.6471,0.2941,0.6471,0.6471,0.5882,0.2353,0.5882,0.8235,0.8235,0.4118,1.1176,0.6471,0.2353,0.6471,0.5294,0.5294,0.5882,0.9412,2.1765,5.1765,2.3529,1.4706,1.2941,3.0588,2.8235,1.2353,2.6471,2.1176,1.8235,4.2941,1.7647,1.3529,1.3529,2.2353,3.1765,1,2,2.4118,1.1176,1.0588,1.7647,1.7059,0.8235,1,1.2353,1.1176,1,1,0.7647,1.5882,0.7059,0.4706,0.6471,1.2941,1.7647,0.7647,0.7059,1.2353,2.1765,2.1176,3.7059,4.7059,1,2.8824,3.7059,3.6471,2.1765,1,0.9412,3.0588,1.3529,1.1176,1.8824,2.7059,2.3529,0.5882,1.1765,1.6471,0.8824,0.8235,0.7647,0.7647,0.9412,1.6471,1.5294,0.7059,1.4706,0.4706,0.4706,0.9412,0.5294,0.5882,0.5882,0.8235,1.0588,0.3529,0.5294,0.8235,3.1765,3.4118,3.6471,5.1765,1.4118,4.7647,7,2.7059,3.7647,2.5294,2.1765,5.5882,3.0588,1.8235,2.6471,3.7647,4.2353,1.1176,3.1176,3.2941,3.7647,2.0588,4.1176,3.5882,1.6471,2.3529,2.4118,6.8824,2.2353,1.2353,1.2353,2.4706,1.6471,1.0588,1.7059,3.3529,2.3529,1.7647,1.5294,1.4706,1.0588,0.6471,0.8235,0.9412,1.0588,1.0588,1.2353,0.5294,1.1176,2.4706,1.7059,0.8824,1.4706,2.1176,0.5882,1.3529,1.5882,1.4118,1.9412,2.1176,1.8824,1.2941,1.3529,1.1176,2.0588,1.6471,1.2941,0.8235,0.8824,3.4706,3.7647,1.7059,3,2.5294,1,1.7059,1.9412,1.6471,1.5882,3.6471,3.2941,4.1765,4.4706,4.3529,1.5294,4.9412,5,3.1176,3.5294,2.4118,1.8235,6.5882,2.1765,1.5882,3.4118,4.2353,4.8235,0.9412,1.8824,2.8235,2.8235,2.1176,1.9412,1.7059,1.7647,2.4706,2,1.1765,2,4.1765,4.3529,2.6471,5.8235,2.8235,1.2353,2.4706,3.2353,1.7647,2.4118,4.1765,1.5882,0.8824,1.2941,1.1765,2.0588,1.1176,1.0588,1,1.4118,2.3529,2.1765,1.1765,2.2941,4.7647,0.8235,1.4706,1.4118,2.0588,2.5294,2.1176,1.2941,0.4706,0.7647,0.7059,0.4706,0.9412,0.5882,0.7647,0.4118,0.8235,0.8824,0.7647,0.9412,0.7059,1.6471,0.9412,0.5882,0.2353,0.4118,0.9412,2.6471,2.2941,3.1765,2.5882,1.7647,3,2.9412,2.3529,2.1176,1.8824,1.3529,3.0588,2.0588,0.9412,1.6471,4.4118,4.0588,1,1.5882,2.3529,2.2353,2.6471,3.3529,2.0588,1.4706,2.7059,2.9412,1.6471,2.1765,2.7647,2.1176,3.1765,2.0588,2,2,3.1765,5.3529,1.3529,2.1765,3,1.1176,0.8824,1.3529,1.2353,0.9412,1.2353,1.4706,0.8235,1.4706,1.5882,1.3529,1.1765,1.5882,2.2353,0.5882,1.8235,1.6471,2,2.5294,1.7647,2.5882,3,1.8824,1.9412,2.5294,2.7059,3.0588,1.1765,2.5294,4.2353,3.5294,3.9412,3.5294,2.9412,1.5294,2.5294,3.8824,2.6471,3.4118,5.0588,0,0,0,0,0,0,0,0,0,0,0,0,0,0,0,0,0,0,0,0,0,0,0,0,0,0,0,0,0,0,0,0,0,0,0,0,0,0,0,0,0,0,0,0,0,0,0,0,0,0,0,0,0,0,0,0,0,0,0,0
0-211.txt_213,22.3158,10.8421,9.0526,8.6316,12.0526,11.8421,11.2105,12.4211,10.4211,12.6842,12.0526,11.5263,12.8947,9.0526,9.7895,14.5263,13.4211,8.7895,9.7895,14.2105,10.5263,22.0526,11.6842,10.2105,6.0526,14.3158,12.9474,8.7895,11.1053,8.2632,9.4211,17.3158,9.6316,7.1579,9.2632,10.8421,10.8947,6.3684,9.2632,8.3684,14.2632,15.8947,24.0526,17.7368,8.0526,17.2105,16.2632,15.1053,17.7895,8.6842,9.4211,17.8947,11.7368,10.1579,11.2632,16.6842,14.4211,7.5789,13.4737,10.2105,15,15.1579,19.5263,30.8947,8.6842,17.7895,22.6842,14.2105,14.6316,9.5263,9.2632,17.2105,10.2105,8.5789,13.7895,17.7895,15.3158,6.9474,9.9474,10.0526,2.0526,1.2105,0.9474,1.2632,2.3158,1.4211,1.3684,1.4211,0.8947,2,2,1.4211,1.5263,1.1579,1.1053,1.6316,2.1053,0.8421,1.3684,2.0526,12,11.7895,11,11.2632,6.8421,17.8421,13.8421,8.2632,10.6316,8.0526,8.7895,13.8947,8.8947,7.0526,8.4737,11.0526,10.3684,7.9474,8.3684,8.2105,26.2105,26.2632,27.5789,31.8947,13.8947,30.8421,42.2105,20.7895,23.5263,16.4737,17.7895,30.4211,17.4211,15.7895,23.2632,26.6842,24.3158,13.3684,17.6842,17.4737,11.5263,7.5789,10.4211,9.0526,6.2632,9.4211,8.8947,20.8421,8.4737,4.5789,4.8421,9.8421,6.3158,4.6842,7.6842,10.8947,8.7895,5.2632,5.3684,5.4737,1.8947,2.2105,2.2105,1.8421,1.3158,2.1579,2.0526,1.6316,5.4737,1.3684,1.4211,2,1.5789,2,1.2105,2.1579,1.4737,2.3684,3.2632,1.5789,23.7368,16.8947,15.3158,13.6316,20.8947,18.7368,16.8421,13.4211,15.2105,41.5263,36.3684,17.4737,31.2632,27.1579,14.7895,19.4737,22.6316,21.0526,23.1053,33.8947,25.1053,20.8947,16.6316,15.8421,20.3684,21.4211,19.3158,15.7368,19.2105,39,49.1579,21.3158,35.3684,33.1053,17.5263,20.3158,23.2105,21.4211,26.2105,33.2105,27.2105,34.8421,27.8947,25.6316,13.9474,30.8947,30.2632,23.0526,25.8947,18.2632,19.2632,42.6316,19.8421,17.1053,23.5263,26.6316,24.5789,16.3158,20.2105,19.3158,3.8947,3.1579,3.0526,2.8947,3.3684,4.0526,3.2105,2.3158,2.7895,5.6316,5.5789,3.3684,8.1579,3.4211,2.5789,3.3684,4.3684,2.8421,3.0526,4.9474,9.4737,8.3158,7,6.6842,6.8947,8,8,6.8947,9.5789,12.1053,11.6316,9,11.1053,19.1579,6.2632,8.3158,8.3684,10.2105,14.7895,10.7895,9.4737,7.6316,7.2632,7.7368,4.4737,8.1053,8.5263,6.6316,7.4737,6.8421,5.8947,9.5789,5.8421,4.4211,17.4737,8.3684,8.2105,3.2105,6,7.2105,17.8947,14.5789,16.2632,15.7895,11.0526,15.3158,15.7895,15.1579,14.2105,9.4211,9.5263,16.7368,11,8.6842,12.8421,22.1053,18.6842,7.2632,11.2632,11.2105,13.3158,12.1053,13.1579,12.1579,10.2105,12.5263,12.1579,10.7368,11.1053,11.0526,10.8421,12.3158,11.3158,10.3684,9.9474,16,19.9474,7.8421,9.9474,11.4211,1.4737,1.3684,1.4211,1.3158,1.0526,1.4737,1.7368,0.9474,1.1579,1.1053,1.1579,1.5263,1.3684,1.5789,1.9474,1.5263,1.6842,3.0526,1.8947,0.8947,12.5789,11.7368,10.8421,9.3684,7.7895,11.3684,11.2632,8,15.8421,12.8421,14.2105,11.9474,13.4211,19.6316,8.3684,11.1579,11.2105,15.3158,24.2105,12.5789,22.9474,16.7368,14.5789,14,18.3158,16.8947,16.7368,13.5263,14.6316,30.9474,26.5789,18.3158,24.1579,20.2105,16.1053,17.7368,22.6316,14.5789,18.3158,32.6842
0-211.txt_215,3.7059,1.5294,1.5882,1.5882,1.5294,1.7647,1.8235,1.8824,1.3529,1.5294,1.4118,2.0588,1.8824,1,2.2941,2.5294,2.7059,0.7647,1.1765,2.0588,1.3529,3.5882,1.5294,1.5294,0.7647,2.3529,2.1176,1.1765,1.8824,1.0588,1.1176,2.4706,1.3529,0.7647,1.4706,1.8235,2.2353,0.7059,1.1176,1.0588,2.3529,2.5882,5.2353,3.2353,1.1765,3,3.1765,2.4706,2.8235,1.2353,1.2941,2.8235,1.7059,1,1.9412,3.7647,2.5294,0.7059,1.4706,1.5294,1.8235,1.8824,2.8824,5.2353,0.9412,2.5294,3.7647,1.9412,1.8235,0.8824,0.8824,2.7059,1.1765,1.0588,1.7059,2.8235,2.2353,0.5882,1.1765,0.9412,2,0.8824,1.1176,0.8235,6.2353,1.1765,0.8824,1.2941,1.5294,1.7059,1.6471,1.2941,1.5294,1.4706,0.8235,1.5882,1.8235,1.2941,2.1765,1.7059,0.8824,1.1176,1.1176,0.9412,0.4706,2.1765,1.3529,0.6471,0.9412,0.7647,0.5882,1.4706,0.8824,0.4118,0.6471,1.2941,1.2941,0.4706,0.7059,0.7059,3.4118,3.3529,4.0588,5,1.4706,4.4706,7.1765,3.1176,3.1176,2,1.8824,4.7059,2.3529,1.3529,3.2941,3.8235,3.2941,1.1176,1.9412,2.4118,3.4118,2,2.9412,2.5882,2.2353,2.6471,2.4118,6.5882,2,1.7647,1.8235,2.7647,2,1.8235,1.8824,2.8824,2.6471,1.7059,1.8824,2.4706,0.4118,0.4118,0.5882,0.6471,0.1176,0.4706,0.4706,0.7059,1.3529,0.1176,0.1176,0.4118,0.2941,0.2353,0.2353,0.4118,0.3529,0.1765,0.5294,0.1176,1.9412,1.2941,1.7647,1.1176,1.5882,1.3529,1.0588,0.7647,1.1765,4.5882,3.5294,1.2353,3.0588,2.5882,1.2941,1.5294,2.2941,1.2353,1.7059,3.2941,1.9412,1.5882,1.4706,1.4118,1.5294,2.1765,1.7647,0.7647,1.1765,2.7647,4.0588,1.9412,2.9412,1.8824,1.2353,1.9412,3.3529,1.1176,1.5882,2.7647,3.5882,4.5294,4.6471,4.7059,1.6471,4.4706,4.4118,3.4706,3,1.7059,2.0588,7.6471,2.4706,2.1176,3.4706,4.4118,3.8824,1.3529,2.5882,2,0.7059,0.5294,0.5882,0.7059,0.5294,0.7059,0.7059,0.4706,0.5294,0.8824,0.9412,0.6471,1.7059,0.6471,0.4706,0.8235,1.0588,0.3529,0.5294,0.9412,2.7647,2.5882,2.4706,1.8824,2.2353,2.2353,2.2353,1.7647,3.7647,4.4118,5.0588,2.4118,4.1176,9.4118,1.4706,2.7647,3.0588,4.4118,7.7647,3.8235,0.8235,0.5294,0.4706,0.7059,0.3529,0.5882,0.6471,0.4118,0.4118,0.7647,0.7059,0.8235,0.6471,0.3529,2,0.5882,0.6471,0.1765,0.3529,0.6471,2.1176,1.7059,1.7647,1.4706,1.8824,2.0588,1.8824,1.6471,1.2941,1.2353,1.1176,2.0588,1.2941,1.1765,1.2353,3.3529,2.4118,0.8235,1.1176,1.2353,3.2941,2.7647,2.7647,2.5882,2.2353,2.9412,2.6471,2.1176,2.0588,2.8824,2.3529,3.2353,3.0588,2.0588,2.9412,4.2353,6.1765,1.4118,2.1176,3.0588,1.1765,1,1,0.8235,0.8824,1.1765,1.1176,1.5294,1.9412,1,1.1765,1,1.2353,2.4706,0.7647,1.1176,1.1765,2.0588,4.1176,1.1176,2.1176,1,1.0588,0.8235,1.2941,1.1176,1.2353,0.7647,1.0588,2.5882,2,1.0588,1.8824,1.8235,0.8824,1.4118,1.9412,1.1176,2.4118,3.4118,0,0,0,0,0,0,0,0,0,0,0,0,0,0,0,0,0,0,0,0
0-211.txt_217,267.4211,168.0526,151,152.0526,147.4737,169.6842,171.8421,179.7895,144.9474,160.3684,158.6842,165.5263,160.2105,131.1053,163.4211,204.5789,188.5789,101.4737,135.4737,184.3158,97.1053,148.7895,90.3158,92.0526,55.7368,112.3158,105.7895,74.5263,94.8421,72.3684,77.8421,118.4737,80.8947,62.6842,79.6316,95.9474,93.1053,56.4737,73.7895,79.3158,14.8947,16.7368,23.7368,17.6316,11.5263,16.6316,16.7368,13.7368,15.6842,10.6316,11.2105,15.6316,15.3684,11,11.2105,17,15.6316,8.1579,10.4211,11.1053,77.4737,76.5789,88.6316,130.5263,45.9474,85.0526,101.0526,73.8947,74.2632,51.4211,51.4211,83.3158,56.3684,47.5789,73.2105,87.7895,77.3158,38.6842,52.4737,56.1053,8.7368,5.0526,5.2632,4.0526,13.8421,5.1579,5.2105,6.1053,4.4737,7.7895,7.6316,5.1053,6.8421,6.4211,4.6842,7.7895,7.2632,5.1053,5.8421,8.8947,31.9474,34.1579,27.5789,28.3158,20.1053,47.2105,35.3684,26,31.6316,24.1053,26.9474,32.8421,30.9474,21.6316,27.4211,32.2105,30.4737,19.2632,24.2632,25.7895,86.3684,92.1579,82.7368,103.4211,49.9474,101.5789,127.3684,68.4211,81.8947,54.6842,58.3158,96.1579,65,50.5263,74.1579,88.1053,82.9474,43.8947,58.9474,64.3684,135.3684,101.1579,121.4737,114.3158,79.5263,109.1579,109.3684,204.5789,99.6842,72.4211,77.3158,108.1579,85.7368,71.7895,99.8947,128.2632,108.0526,67.1053,79.2105,84.5789,25.9474,26.7895,28.2632,25.7368,17.6842,27.7895,26.4737,23.1053,50.1053,21.2105,22.2632,25.4211,21.8421,24.7368,17.9474,25,24.8421,21.6842,31.8947,22.4737,23.0526,13.8421,13.9474,11.0526,19.3158,16.2105,13.6316,12.8947,16,35.7368,29.1579,14.9474,28.0526,24.9474,13.2105,17.7895,22,15.2632,20.6842,32.3158,122.9474,92.3158,78.5263,69.5263,97.2632,95.4737,84.1053,73.8421,88.9474,161.6316,189.1053,89.3684,157.3158,131.9474,80.4737,99,116.6316,94.6842,111.5263,159.6316,12.6316,14.3684,12.1579,11.4737,8.1579,12.6842,12.4737,9.9474,10.8421,8.7368,9.1579,16.8947,9.7895,8.6316,10.2105,13.3684,12.4211,7.7895,9.4737,9.2632,15.9474,12.3684,10.1053,8.9474,12.1579,14.2105,11.6842,9.5263,12.4737,18.2105,19.2105,11.6316,26,14.7895,10,13.2632,14.6316,11.1053,13.9474,19.0526,24.0526,19.7368,17.3684,15.3158,21.8947,20.2632,18.1053,18.4737,24.4211,31.1579,33.8947,17.7368,31,50.6842,17.5263,22.4211,24.7895,36.7895,35.7895,30.0526,68.8421,61.6316,53.8421,61,40.5263,62.1053,67.5789,52.7895,55.0526,51.3684,52.3158,64.3158,49.6842,43.3684,121.6316,67.9474,66.4211,35.4211,45.2632,55.6316,84.3684,61.7895,73.7895,70.6842,56.1053,66.7368,69.6316,72.5789,63.7895,52.5263,51.0526,65.7368,56.7895,49.1053,65.5263,102.2105,81.4211,41.1053,53.0526,59.2105,60.8947,49.6842,52.6842,48.1579,43.7368,52.3684,50.8947,48.6842,48.2105,48.4211,47.8421,50.8421,49.5789,39.1053,46.9474,64.0526,79.5263,30.5263,41.1053,56.7895,14.6316,14.7368,12.3158,10.6842,12.5789,14.1579,14.0526,10.8947,14.9474,17.9474,19.3158,13.8421,17.4211,21.2105,12.8947,13.5789,16.5789,41.4211,22.4211,17.2105,12.9474,10.3158,10.1053,8.5789,8.2632,9.9474,9.3158,10.1579,14.8947,14,14.1053,9.9474,14.0526,18.4211,9.8421,10.5789,12.1579,15.6316,24.8947,14.0526,123.2105,81.6842,72.0526,63.7895,99.4737,82.1579,76.2105,71.3684,73.6842,154.6842,136.5263,78.6842,125.9474,108.3158,75.7368,97.3158,115.2105,76,96.2105,177.1053
0-211.txt_219,40,18,17.1875,15.6875,19.4375,19.1875,19.5,22.1875,17.125,16.5,16.0625,20.4375,18.5625,12.3125,16.8125,27.6875,22.4375,8.8125,13.625,21.6875,7.9375,18.375,7.125,6.6875,3.25,10,9.125,4.25,8.75,5.75,6.5625,12.5,7.0625,5.4375,5,8,8,4.875,6.5625,5.875,6.375,6.5,14.8125,9.4375,3.8125,7.8125,7.3125,7.125,8.5625,3.4375,3.5,6.875,5.3125,3.5625,4.3125,7.1875,6.5,2.0625,4.25,4,7.375,6.375,8.6875,14.9375,2.6875,7.3125,10.625,5.6875,8.125,3.25,3.5,6.9375,3.6875,2.4375,5.9375,7.8125,6.375,1.25,3.3125,3.75,2.8125,1.5,1.25,1.4375,5.0625,2.1875,1.9375,1.5,1.1875,2.0625,2.5625,1.9375,2.0625,1.625,1.1875,2.5,2.75,1.625,1.375,2.5,8.6875,9.375,9.5625,9.4375,3.625,15.375,11.5,7.1875,9.5,4.125,4.375,9.8125,5.8125,3.0625,7.1875,8.5625,7.9375,3.1875,5.5625,5.125,11,11.6875,11.25,14.9375,3.625,15.0625,20,8.25,10.4375,5.6875,5.25,13.0625,6.6875,5,7.5625,10.6875,9.8125,4.3125,6.5625,6.375,12.3125,6.1875,10.0625,7.375,5.4375,7.1875,6.75,24.375,7.5625,3.1875,3.6875,7.4375,5.1875,3.1875,8.25,11.125,8.75,4.25,4.25,4.3125,3.5625,3.4375,4.3125,2.8125,2.5625,5.0625,3.625,2.4375,9.6875,2.5625,2.8125,3.5,2.9375,3.3125,2.125,3.5625,3.0625,2.3125,5.625,3.0625,9.4375,5.5,4,3.9375,7.6875,6.0625,5.4375,4.0625,4.25,17.875,14.0625,5.625,12.1875,8.6875,4.625,6.625,9.5,4.4375,6.5625,15.6875,19.125,13.875,9.4375,7.375,14.25,13.3125,11.5625,8.875,10.9375,31.25,41.1875,12.75,31.375,22.9375,10.75,14.5625,19.9375,13.6875,17.5,29.0625,6,8,5.3125,5.5625,2.1875,7.6875,7.25,4.5,5.8125,3.125,3.375,9.6875,4.125,2.375,3.9375,5.625,5.9375,1.9375,3.875,3.75,3.125,2.375,2.6875,1.5625,2.6875,2.5625,1.9375,1.25,2.3125,4.9375,5.25,2.5625,7.875,3.3125,1.5625,2.4375,3.0625,2.3125,2.75,4.8125,2.6875,2.0625,2.5625,1.875,3.5,2.125,2.0625,1.1875,3.5625,4.0625,4.875,1.875,4.625,8.6875,1.75,2.5625,2.875,3.75,5.8125,3.5625,7.25,5,5.4375,5.9375,3.25,5.1875,6.0625,5.4375,4.5625,3.5,3.1875,6.1875,3.9375,3.3125,16.5625,7.6875,6.625,2.375,3.6875,4.0625,15.875,9.1875,13.3125,10.3125,9.9375,10.6875,11.5625,11.0625,10.9375,8.0625,8.25,10.5625,10.25,7.75,9.875,21.9375,15.5,5.3125,8.6875,9.1875,5.3125,4.4375,4,3.875,3.6875,4.625,4.8125,2.8125,3.125,4.625,3.875,4.4375,3.875,2.3125,3.8125,5.875,8.9375,2.1875,2.8125,5.9375,1.0625,1.25,0.5625,0.3125,0.8125,0.6875,0.625,0.5,0.75,1.3125,1.5625,0.875,1.0625,0.9375,0.5625,0.75,1,2,1.125,1.0625,3,2,1.9375,1.75,1.6875,2.0625,2.1875,2.0625,4.4375,3.0625,3,2.125,3.0625,4.25,1.8125,2.5625,3,3.25,6.625,3.0625,13,7.5,6.5625,4.875,8.375,7.25,6.4375,5.375,6.4375,16.4375,13.8125,7.125,12.875,9.9375,5.6875,9.3125,12.125,6.625,8.625,20.125
0-211.txt_221,13.5294,5.3529,5,4.5294,6.4706,5.7647,5.7059,6.5882,4.6471,6.5882,7.2941,6,7.1176,4.9412,6.2941,8.8824,7.8824,3.1765,4.6471,8.4118,2.1765,6.1765,2.9412,2.0588,0.9412,3.7647,3.1176,1.4706,2.5294,1.4706,2.4706,4.2941,2.5294,1.6471,1.8235,2.8824,2.4706,1.1765,1.8824,1.8235,0.7059,0.7647,1.8824,0.8824,0.3529,0.7647,0.7059,0.6471,1,0.2353,0.2353,0.7059,0.4706,0.6471,0.4706,1.2941,0.8235,0.2353,0.5294,0.3529,1.0588,1.4118,2.1765,3.7647,0.4118,1.7647,2.2941,1,1.8235,0.4706,0.6471,1.5294,0.7059,0.4706,1,1.6471,1.2353,0.2353,0.7059,0.4706,0.5882,0.1765,0.1765,0.1176,1.5294,0.1765,0.1765,0.1765,0.1765,0.6471,0.6471,0.1765,0.5294,0.7059,0.1765,0.4118,0.4118,0.3529,0.4118,0.6471,1.7647,3,2.1765,1.8824,1.2941,5.3529,3.1765,1.1765,2.3529,1.4118,2.1176,2.8824,2.7059,1.7059,1.4706,2.1176,2.1765,1.4118,2.1176,1.4706,2,2.1176,2.1765,3.1765,1.1765,3.2941,5.4118,1.2941,2.1765,0.7647,1.2941,2.6471,1.4118,0.9412,2.4118,2.4118,2.1765,1.1176,1.5294,1.2353,8.2941,3.9412,5.3529,4.1176,3.8235,4.3529,4,14.2353,3.3529,2.7647,2.8235,4.4118,3.4118,2.2941,3.8235,6.8824,6.0588,3.4706,2.6471,3.5882,1.0588,1.7059,1.7647,1.1176,0.3529,2.0588,1.4706,0.7059,4.8235,0.3529,0.4706,1.7059,1.0588,0.9412,0.7059,1.1765,1.0588,0.7059,2,0.3529,2,1.4706,0.8824,0.7059,2,1.2353,0.9412,1.1176,0.9412,4.5882,3.4706,1.4706,2.9412,2.8235,0.8824,1.7059,2.0588,1.2941,2.1765,3.4118,9.7059,6.5882,3.9412,3.3529,9.2353,6.2941,4.9412,4.7059,5.1176,15.3529,22.2941,6.1765,16.7059,14.3529,5.1176,7.6471,9.1176,8.8824,9.7647,13.9412,2.2941,3.1765,2.0588,1.7059,1.2941,2.6471,2.4706,1.4118,1.7059,1.2353,1.2941,4.3529,1.5882,0.7647,1.8235,2.2941,2.1765,0.7059,1.1765,1.2941,0.6471,0.5294,0.4118,0.2353,0.5294,0.7059,0.4706,0.2941,0.5294,1.0588,1.1765,0.5294,2.1176,0.8235,0.3529,0.5294,0.7059,0.5294,0.6471,1,3.1176,2.4706,2.0588,1.4706,3.0588,2.1765,1.8235,1.8235,3.7647,5.4706,6.1176,2.1765,5.2353,11.8235,1.8824,2.9412,3.8235,6.2941,8.1176,4.7059,2,1.8824,1.5294,1.6471,1,2.2941,2,1.4118,1.4118,1.1765,1.4706,2.1765,1.4706,0.8235,6.4118,2.1765,1.9412,0.6471,1.0588,1.2941,5,3.2941,3.9412,3.4118,2.6471,3.7059,3.5294,4.8235,3.1765,1.8824,2,3.6471,2.5294,1.7059,4.5882,7.5882,4.8824,1.9412,2.3529,2.5882,3,2.1176,2.2353,1.8824,2.0588,2.1176,1.9412,1.9412,1.5882,2.8824,2.4706,2.0588,2.3529,1.9412,1.7647,3.5294,5.0588,1.7647,1.8824,3.4118,0.8824,1.1765,0.4706,0.2353,1.1176,1,0.6471,0.9412,0.7647,0.4706,0.7647,0.7059,0.8824,1.5294,0.2941,0.6471,0.6471,4.6471,2,0.4706,1.6471,1.6471,1.2353,0.7647,1.2353,1.5294,1.2353,1.1765,3.2353,1.9412,2.5882,1.4118,2.2353,4,0.7647,1.5882,1.7059,2.8824,5.9412,2.2353,6.5294,2.9412,3.1176,2.2353,5.5882,3.9412,3.2353,3.3529,2.4118,9.3529,8,3.6471,7.2941,5.4706,2.8824,5,6.2941,3.1765,4.5294,11.2353
0-211.txt_223,55.0588,30.5294,28.7647,29,24.7059,37.0588,37.8824,30.0588,24.7059,27.4118,29.3529,35.3529,29.7059,19.2353,24.8235,38.7059,33.8824,15,20.2941,32.3529,23.0588,51.7647,26.1765,25.3529,10.9412,37.2941,34.8235,17.8235,25.7059,14.4706,20.2353,40.8824,20.8824,12.0588,15.0588,25.5882,23.1765,13,16.4706,16.3529,8.2941,8.6471,17.1176,11.5294,4.8235,10.6471,11,7.7647,9,4.8235,4.8824,10.6471,6.4118,4.7647,5.9412,11.5294,9.2353,3.2941,5.7647,5.7647,14.5882,15,18.7647,29.8235,6.7059,18.9412,25,12.3529,13.0588,8.8824,8.7059,18.1176,10.2353,6,10.4118,16.4706,14.8235,5.1765,8.3529,8.8235,3.5882,2.9412,2.8824,2.2941,7.1765,3.4118,2.9412,2.1176,2.8235,3.7059,4.2941,2.7059,3.6471,2.8235,1.9412,3.2353,3.4706,2.0588,2.8824,3.8824,28.0588,39.5882,28.9412,29.8235,12,58.8235,46.1765,18.2353,30.5294,15.0588,20.4118,39.7059,23.7647,11.7647,18.0588,29.4706,25.2941,13.2353,17.1176,17.5294,37.7059,43.4118,38.8824,49.6471,13.2353,59.1176,77.6471,24.6471,37.8235,18.8824,25.7647,49.6471,26.4706,14,24.4118,38.6471,32.1765,13.9412,20.5882,20.8824,19.5882,15.1176,16.6471,15.8824,10.0588,16.9412,17.0588,28.2353,13.8824,9.1176,10,17.1176,11,9.1176,10.8824,18.9412,14.4706,8.1765,10.3529,11.4706,9.0588,11.9412,11.1765,9.9412,5.6471,14.5294,13,7.1765,22,6.3529,8.4706,11.3529,8.8824,8.2353,8,10,9.2941,6.4706,10.7647,6.5294,11.8235,10.3529,7.8824,8,8.4118,11,10.7059,6.4706,8.0588,20.8235,18.0588,11.4118,17.1176,10.4118,6.8824,10.9412,12.5882,7.9412,9.0588,17,50.0588,48.2353,32.5882,33.1176,38.5882,51.4118,49.8235,26.8824,34.2941,65.9412,96,47.7059,72,49.7647,28.7647,41.4706,47.6471,32.1176,41.1765,61.1176,23.1176,36.5882,25.4118,24.2353,10.8824,33.7059,34.7059,15.2941,22.7647,12.9412,15.8824,45.0588,19.2941,10.4118,16.8824,24.0588,21.9412,11.2353,15.2941,14.5882,6.9412,7.4706,5.5294,4.1176,4.8824,8,6.7059,3.5294,5.2941,8.5882,10.8235,7.6471,12.7647,6.4706,3.4706,6.4118,5.8824,4.1765,6.4706,8.4706,12.0588,11.3529,10.1765,8.5882,9.3529,11.1176,10.6471,8.3529,13.1765,15.5294,17.2353,11.3529,16.5882,26.5882,7.1176,10.4706,11.8235,12.8824,19.0588,14.2353,11.3529,9.2353,8.7647,8.1176,6.4118,11.0588,11.5294,7.5882,8.2941,7.8235,8.7059,10.9412,7.7647,5.7059,21.4118,10.1176,10.4118,4.5294,6.7059,7.2941,38.8824,32.7059,34.3529,32.7059,22.5882,38.2353,39.9412,28.4706,27.4706,19.8235,22.7059,36.4706,25.1176,16.7647,23.8235,49.1176,35.6471,14.3529,20.7647,23.6471,19.8235,15.9412,17.2353,16.2353,12,18.1765,17.4706,12.7059,12.2941,16.2941,16.3529,17.3529,16.7059,10.4118,12.7059,21.2353,27.5294,8.1176,11.4118,17.2941,4.4118,4.8235,3.4706,2.8824,3.3529,5.2941,4.7647,3.8235,4.0588,3.8235,4.4118,5.2353,4.4118,5.4118,2.7647,4.5294,4.0588,12.7059,6.1176,4.1176,4.0588,4.1765,3.5882,3.7647,3.0588,5.2353,4.8824,2.9412,5.2941,3.2941,4.7647,4.3529,4.4118,5.2941,2.4118,4.2941,3.9412,4.2353,7.9412,3.8235,20.8235,13.8824,12.1176,10.9412,13.8824,15.1765,14.3529,10.4118,11.5882,23.5882,23.3529,14.4706,21.2353,14.9412,10.3529,15.2353,17.9412,9.1176,14.2353,27.5882
0-211.txt_225,13.2105,8.8421,8.4211,9.0526,6.7368,10.2105,9.3158,10.3158,8.4211,6.7895,7.8421,9.6842,7.8421,6.4737,10.2105,10.7895,9.1579,5.7368,6.8947,7.8421,4.2105,8.0526,4.3158,3.8947,2.3158,6.0526,4.2632,3.2632,4.9474,3.2632,3.5263,6.4737,5.0526,2.6316,5.1579,4.4737,4.2632,1.6842,3.2632,3.6842,4.2632,4.6842,9.0526,5.6316,2.3158,5.2632,4.7368,4.4211,5.4737,2.9474,3.2105,4.8947,3.7895,2.8947,3.5263,4.9474,4.7368,2.0526,3.5789,3.0526,6.1579,6.5789,8.6842,12.1053,4.1053,7.3158,8.4737,6.3684,6.1053,4.5263,4,6.6842,4.9474,3.7368,6.7895,7.0526,6.5789,2.2632,3.6842,4.7368,2.6316,1.8947,1.8421,1.8947,5.8947,1.8947,1.7895,2.3158,2.1579,1.8421,2.2105,1.8947,2.5263,2,2.2105,2.4211,2.3158,1.3158,1.5789,2.2105,3.5789,3.9474,2.8947,3.0526,2.5263,5.2105,3.7368,3.0526,4.2105,2.2105,2.5263,3.6842,3.2632,2.1579,3.1579,3.4211,3.1053,1.7368,2.6316,2.8421,5.2632,5.7368,5.3684,6.2632,2.3158,6.7895,8.6316,3.9474,5.8421,3.4211,3.9474,6.1053,4.3158,3.0526,5.8421,5.2105,5.1053,2.5789,4.2632,4.2105,13.8947,10.5263,13.1053,12.6316,8.8421,11.4211,12.0526,30.8947,9.6316,6.7368,6.5263,11.3684,7.4211,6.0526,9.6316,14.4737,11,7.2105,7.0526,7.7368,2.2105,2.2105,2.2632,1.6842,1.4211,2.4737,1.9474,2.4211,4.5263,1.4211,1.5789,2,1.7368,1.8947,2.0526,2.3158,2.2632,1.3158,2.9474,1.5789,1.7368,1.2632,1,1.1053,1.8947,1.3684,1.0526,1.4737,0.8421,3,2.5263,1.2632,2.1579,1.3684,1.4211,1.5789,1.5789,0.7368,1.1579,2.5263,8.3158,7.1053,6.1579,6.6842,6.5789,8,7.5789,6.8947,8,11.1579,14.3684,7.7368,11.8421,10.0526,9.8421,8.1579,8.2632,6.7895,8.6842,10.1579,6.2105,8.6842,6.7895,6.1053,3.8421,8.1579,6.8421,6.3158,7.2105,4.6842,5.7895,10.5263,5.8421,4.3684,7.7368,7.3158,6.2632,4.9474,5.4211,4.8421,1.7895,1.7368,1.8947,1.6842,1.2632,2.4737,1.8947,2.1053,2,2.2632,2.5789,1.8421,4.1579,2,1.8421,1.7895,1.9474,1.5263,1.3158,2.1053,3.0526,2.7368,2.4211,2.6316,2.5263,3,2.4737,2.5263,4,4.5263,4.1579,2.7895,3.7895,8,2.9474,3.2105,3.2632,4.4211,6.1579,4.1053,4.7368,5.3684,4.3684,5.1579,3,5.5789,5.6316,3.6842,3.2105,3.4211,3.4737,5.2632,3.9474,3.2105,9.7895,4.4737,4.2632,2.3158,3.3158,3.7368,7.6842,6.6316,7.6842,6.9474,4.9474,7.1579,6.5263,6.7368,6.4737,5,4.6842,6.6316,6.1579,5.1053,6.5263,10.2105,8.4211,3.8421,5.7368,5.4737,3.4737,3.7895,3.3158,3.1579,2.8947,4.0526,3.4211,3,3.3158,3.1579,3.2105,3.8947,3.6842,2.1579,3.9474,4.2632,5.7895,2,2.6842,3.5789,1.6316,1.3684,0.8421,0.6842,1.1053,1.4211,0.8947,1.5263,1.1579,1.3158,1.6842,1.0526,1.6842,2.3158,0.7368,1.0526,1.3158,6.5789,2.6842,1.3684,2.7895,3.2105,3,2.2632,2.2632,3.2632,2.5789,2.4737,5.3158,3.1053,3.1053,3.1579,3.4211,5.8421,2.5263,3.2105,2.8421,4.8421,8.1579,3.0526,5.9474,5.1579,4.4737,4.4211,3.8947,5.6316,5.3684,4.3684,4.4211,6.6316,6.5789,5.3684,6.1579,5.0526,6.3684,5.3158,6.1579,3.3684,4.0526,8.3684
0-211.txt_227,14.2857,5.3571,3.5714,3.5714,7.1429,5.3571,5.3571,7.1429,3.5714,5.3571,5.3571,5.3571,5.3571,3.5714,5.3571,8.9286,7.1429,1.7857,3.5714,7.1429,2.3571,7.0714,3.1429,1.5714,0.7857,3.9286,3.1429,1.5714,3.1429,0.7857,1.5714,4.7143,2.3571,0.7857,1.5714,2.3571,2.3571,0.7857,1.5714,0.7857,1.2857,2.5714,6.4286,3.2143,0.6429,2.5714,2.5714,2.5714,3.2143,0.6429,0.6429,2.5714,1.2857,0.6429,1.2857,3.2143,2.5714,0,1.2857,0.6429,2.7143,2.7143,6.7857,13.5714,1.3571,5.4286,8.1429,4.0714,4.0714,1.3571,0,4.0714,1.3571,1.3571,4.0714,5.4286,4.0714,0,1.3571,1.3571,1.0714,1.7857,1.4286,1.4286,0.3571,3.2143,2.1429,0.7143,1.4286,0.3571,0.7143,1.7857,1.4286,0.3571,1.0714,1.4286,1.0714,0.7143,1.0714,0.7143,3,4,4,6,0,6,9,2,4,1,1,5,2,1,3,4,3,1,2,2,7.7143,3.8571,7.7143,5.7857,3.8571,3.8571,3.8571,19.2857,3.8571,0,0,3.8571,1.9286,1.9286,3.8571,7.7143,3.8571,3.8571,1.9286,1.9286,1.1429,2.2857,2.8571,1.7143,0.5714,2.2857,2.2857,1.1429,6.8571,0.5714,0.5714,1.7143,1.1429,1.7143,1.1429,1.7143,1.1429,1.1429,3.4286,0.5714,2.5714,0.8571,0.8571,0.8571,2.5714,0.8571,0.8571,0,0.8571,6.8571,5.1429,0.8571,4.2857,3.4286,0.8571,1.7143,2.5714,0.8571,2.5714,6,3.4286,2.2857,1.1429,0,3.4286,2.2857,1.1429,0,1.1429,6.8571,9.1429,2.2857,6.8571,4.5714,1.1429,2.2857,3.4286,2.2857,3.4286,5.7143,6,12,8,6,2,10,10,4,6,2,4,16,6,2,6,8,6,2,4,4,1.0714,1.0714,0.7143,0.3571,1.0714,1.4286,0.7143,0.3571,0.7143,1.7857,2.1429,1.0714,3.2143,1.4286,0.7143,1.0714,1.0714,1.0714,1.0714,1.7857,1.4286,0.7143,0.7143,0.7143,1.4286,0.7143,0.7143,0.7143,2.1429,2.8571,2.8571,0.7143,2.8571,7.1429,0,1.4286,1.4286,3.5714,5,2.1429,1.5,1,1,1.5,0.5,1.5,1.5,1,1,0.5,0.5,1.5,1,0,5.5,1.5,1.5,0,0.5,1,3.9286,2.3571,3.9286,3.1429,2.3571,3.1429,3.1429,3.1429,2.3571,1.5714,1.5714,3.1429,2.3571,1.5714,2.3571,6.2857,3.9286,0.7857,1.5714,1.5714,6,4.5,6,4.5,4.5,4.5,4.5,3,3,4.5,4.5,4.5,4.5,3,4.5,7.5,13.5,3,3,6,0.2143,0.2143,0,0,0.4286,0.4286,0.2143,0.4286,0.4286,0.2143,0.4286,0.2143,0.6429,1.0714,0,0.2143,0.4286,3,1.2857,0.2143,1.5714,1.5714,1.5714,0.7857,1.5714,2.3571,1.5714,0.7857,4.7143,2.3571,2.3571,1.5714,2.3571,5.5,0.7857,1.5714,1.5714,4.7143,8.6429,2.3571,6,1.5,1.5,1.5,4.5,3,3,1.5,1.5,10.5,7.5,3,7.5,4.5,3,3,6,1.5,4.5,12,0,0,0,0,0,0,0,0,0,0,0,0,0,0,0,0,0,0,0,0
0-211.txt_229,14.4118,5.9412,6.4118,6.2941,6.2353,6.7647,7.3529,8.8235,5.2353,5.8824,5.2941,6.5294,5.7647,4,7.5294,9.1176,7.8824,4,4.4706,7.7647,5.9412,11.4118,5.0588,4.4118,3.2941,7.4706,5.9412,3.7647,5.1176,3.8235,4.3529,7,4.7059,3.1765,4.5294,6.4706,5.8235,3.4706,4.5294,3.8235,0.7059,0.9412,2.7059,1.4118,0.3529,1,1.1176,0.8824,1.1176,0.2941,0.2941,0.9412,0.5294,0.2353,0.5294,1.1765,1.3529,0.1176,0.4706,0.4118,3.3529,3.1765,4.5882,8.0588,1.7059,3.5882,4.9412,3.2353,2.6471,1.1176,0.9412,3.4706,1.4706,1.1176,2.4118,4,2.9412,1.1176,1.2941,1.5882,0.4118,0.1176,0.1765,0.1765,1.5294,0.2353,0.1765,0.1765,0.1765,0.5882,0.6471,0.1765,0.4706,0.3529,0.1765,0.4706,0.4118,0.2353,0.2941,0.4706,4.7647,6.3529,4.7059,5,2.2353,9.7647,6.2941,3,4.2941,3.4118,4,5.7647,4.8235,2.7059,4,4.7059,5,2.2353,3.1765,3.7059,6.8235,6.9412,7.1765,10.2353,1.8235,9.8235,15.1176,5.2941,6.7647,2.4118,2.8235,7.6471,3.8824,2.1765,5.7059,7.1176,5.7059,2.8824,3.8824,3.9412,6.1176,3.8235,5.5882,5.1176,2.5294,4,4.5294,12.6471,3.5882,1.8824,2,4.3529,2.9412,2,4.4706,5.5882,4.5294,2.9412,2.2941,2.6471,1.1765,1.8824,1.7059,1.2353,1,2.1176,1.5882,0.9412,3.7059,0.8235,1.4118,1.4118,1.2353,1.1176,0.7647,1.7647,1.1765,0.8235,1.8824,1,4,2,1.7647,1.6471,3.2353,2.3529,1.7059,1.2941,1.5294,8.3529,5.7059,2,5.3529,4.1176,2.2353,2.6471,3.8235,1.7059,3.0588,6.8824,8.0588,6.3529,4,3.7059,7.7059,6,4.2941,2.8824,4.5294,14.2353,19.1176,5.5882,13.5294,11.4118,5.2941,6,7.8235,5.7647,7.7647,12.3529,0.7647,1.1765,0.7647,1.0588,0.3529,1.2353,1.1176,0.5882,1.0588,0.3529,0.3529,1.4706,0.5294,0.3529,0.5882,0.7647,0.6471,0.3529,0.5882,0.4118,0.6471,0.4706,0.4118,0.2941,0.9412,0.6471,0.4118,0.2941,0.4706,1.1176,1.1765,0.4706,2.0588,0.8235,0.3529,0.6471,0.6471,0.4706,0.5882,0.9412,1.3529,0.7647,1,0.5294,0.7647,0.7647,0.7059,0.5882,1.6471,1.5294,1.8235,0.7059,1.8824,3.6471,0.4706,1.1765,1.2941,1.5882,2.7647,1.2941,5.4118,3.2941,4,4.2941,2.2353,4.2353,4.2353,3.6471,3.0588,2.6471,2.5294,4,3,1.3529,13.8235,5.3529,4.8235,1.0588,2.1176,3.3529,4.1176,2.1176,3.2941,2.7647,2.5882,2.8235,2.7647,3.2353,3.2941,1.7059,1.8824,2.6471,2.1765,1.4706,2.7647,6.1176,4.3529,1.0588,2.0588,2.2353,3.7059,2.7647,3.1765,2.4118,2.6471,3.6471,2.9412,2.3529,2.1765,2.5294,2.7059,2.8235,2.9412,1.5294,2.5294,3.9412,5.9412,1.2941,1.8824,3,1,1.2941,0.5882,0.4118,0.6471,0.9412,0.7059,0.7059,0.8824,0.6471,1.0588,1.1765,0.9412,1.3529,0.4118,1,0.8824,4.2353,2,0.5294,0.8235,0.8235,0.5294,0.3529,1.8235,1,0.5294,0.2941,1.1176,0.8235,0.8824,0.6471,1.1176,1.6471,0.2941,0.7059,0.7059,1.2353,2.5882,0.9412,5.5294,3,2.1176,2,3.6471,3.1765,2.4118,1.9412,2.2941,8,6.6471,2.8824,5.5882,4,2.5294,3.7647,5,1.9412,3.4706,9.7059
0-211.txt_231,29.4211,16.5789,16.1053,15.6316,16.2105,16.7895,17.4211,18.3684,14.2632,16.5263,15.6842,16.8421,16.7895,11.9474,13.1053,21.3158,18.6316,8.6316,12.0526,18.3684,10.5789,17.6842,10.1053,9.0526,7.3158,12,10.8947,8.3158,10.9474,7.3684,8.4737,13.8947,9,6.7368,7.4737,10.3158,10.8947,5.5263,8.3684,8.2632,2.4737,2.4211,5,3.5789,1.5263,2.6842,3.1053,2.5263,3.1053,1.4211,1.4737,2.8947,1.8947,1.5263,1.6842,2.9474,2.7368,1.1053,1.6842,1.6842,8.1053,8.1579,10.2105,15.4737,3.6842,9.8947,11.6316,6.5789,7.8421,4.8421,4.5263,8.3158,5.4737,3.6842,5.8947,8.8947,7.6316,2.8421,4.5789,5,0.5789,0.5789,0.5263,0.5263,0.8421,0.5789,0.4737,0.7368,0.8421,1,0.4737,0.5789,0.5263,0.5789,0.2105,0.5789,0.4737,0.4737,0.6842,0.9474,1.6316,1.7895,1.7895,1.8421,0.8947,3.0526,2.1053,1.6316,1.3158,0.8947,0.8947,1.7895,1.6842,0.8421,1.1579,1.6316,1.3684,1.2105,1.0526,1.1053,5.3158,5.3158,5.1579,6.2105,2.8947,5.6316,8.0526,4.3158,4.7368,4,4.1053,5.3684,4.2105,2.9474,5,5.2105,5,2.2105,3.3158,4.4211,13.2632,9.9474,12.8947,11.8947,7,10.3684,9.9474,23.5263,10.5263,6.5789,6.6316,10.9474,8.3684,6.8421,7.7895,12.6316,10.2632,5.8421,7.0526,7.2105,2.6842,4.0526,3.4211,3.2105,1.4211,3.6316,3.4211,2,5.2632,1.8947,2,3.6842,2.2105,2.1053,2.2632,2.6842,2.4737,1.4211,3.1053,2.2105,7.7895,5.7368,4.4737,4.4737,6,5.7895,4.6842,3.7368,4.2632,15.2105,11.0526,5.1053,10.3684,7.8421,3.7368,5.3158,7.5263,5,6.2105,12.9474,11.8947,9.8947,7.2105,5.0526,9.6842,7.8947,8,6.2632,8,18.0526,22.3684,8.9474,17.1053,13.4737,6.5789,8.2105,10.4211,9.4211,10.3158,16.6316,5.6316,7,5.0526,5.4737,2.5789,6.1579,5.7895,4.5263,5.5263,3.4737,3.6316,8.4211,4.3158,2.5263,4.1579,5.5789,5.5789,2.3684,3,3.8421,2.7368,1.4211,1.3158,1.1053,1.6842,1.7895,1.7368,1.2105,1.4211,3,3.2105,1.3684,4.4211,2.0526,1,1.6316,2.1053,1,1.8947,3.1053,0.8421,0.5263,0.3158,0.3158,0.5263,0.4737,0.3158,0.2632,0.6316,1.0526,1.1053,0.5789,1,1.8421,0.5263,0.5789,0.7368,1.2105,1.4737,1.0526,5.4737,4.8421,4.6316,4.7368,2.9474,4.8947,5.2105,4.4211,3.8421,3.3158,3.5263,4.9474,3.4211,2.6316,9.1053,5,4.7368,2,2.8421,4.2105,7.8421,7.2632,8.1579,7.7368,4.0526,7.5789,7.5263,8.4737,7.6842,4.1579,4.2105,7.5789,5.4737,3.2632,5.5263,10.9474,8.4211,3.2632,4.6842,4.8421,7.0526,6.3684,5.8421,5.3158,5.1053,5.5789,5.9474,5.1053,5.3158,5.7895,4.8947,6.2632,6.6316,4.1579,5.2632,7.0526,9.2632,3,4.4211,6.1053,1.8421,2.2632,1.5789,1.0526,1,1.5263,1.2632,1.3684,2.3684,1.6316,2.2105,1.8421,2.0526,1.8947,0.9474,1.3158,1.9474,4.0526,2.4211,1.8421,0.8421,1.1053,0.8421,0.4737,1,0.8421,0.6842,0.5789,1.4211,1.4211,1.3158,0.8421,1.3684,2.3158,0.5263,0.7368,0.8421,1.2632,2.8947,1.3158,8.3684,5.9474,4.2105,4.0526,7.2105,5.4211,5.4211,3.7895,4.2632,14.1053,11.3684,5,10.1053,7.5789,5.2105,6.2632,8,4.3684,7.2105,15.7368
0-211.txt_233,17.2308,6.4615,4.3077,4.3077,8.6154,6.4615,6.4615,8.6154,4.3077,6.4615,4.3077,6.4615,6.4615,4.3077,6.4615,10.7692,8.6154,2.1538,4.3077,8.6154,8.3077,27.6923,11.0769,5.5385,0,13.8462,11.0769,5.5385,11.0769,2.7692,5.5385,16.6154,8.3077,2.7692,5.5385,8.3077,8.3077,2.7692,5.5385,2.7692,2.4615,4.9231,12.3077,6.1538,1.2308,4.9231,4.9231,4.9231,6.1538,1.2308,0,4.9231,2.4615,1.2308,2.4615,6.1538,4.9231,0,2.4615,1.2308,4.6154,4.6154,11.5385,23.0769,0,9.2308,13.8462,6.9231,6.9231,2.3077,0,6.9231,2.3077,0,4.6154,9.2308,6.9231,0,2.3077,2.3077,2.1538,0,0.5385,0,7,0.5385,0,0.5385,0.5385,1.6154,1.6154,0.5385,1.6154,1.0769,0.5385,1.6154,1.6154,1.0769,0.5385,1.6154,3.6923,6.1538,4.9231,4.9231,1.2308,11.0769,7.3846,2.4615,4.9231,1.2308,2.4615,6.1538,4.9231,1.2308,3.6923,4.9231,3.6923,2.4615,3.6923,2.4615,7.3846,9.8462,9.8462,14.7692,0,14.7692,22.1538,4.9231,9.8462,2.4615,2.4615,12.3077,4.9231,2.4615,7.3846,9.8462,7.3846,2.4615,4.9231,2.4615,7.3846,3.6923,7.3846,5.5385,1.8462,3.6923,3.6923,18.4615,3.6923,0,0,3.6923,1.8462,1.8462,3.6923,7.3846,3.6923,1.8462,1.8462,1.8462,1.8462,3.6923,4.6154,2.7692,0.9231,3.6923,3.6923,1.8462,11.0769,0.9231,0.9231,2.7692,1.8462,2.7692,1.8462,2.7692,1.8462,1.8462,5.5385,0.9231,8.0769,2.6923,2.6923,2.6923,8.0769,2.6923,2.6923,0,2.6923,21.5385,16.1538,2.6923,13.4615,10.7692,2.6923,5.3846,8.0769,2.6923,8.0769,18.8462,5.2308,5.2308,0,0,7.8462,5.2308,2.6154,0,2.6154,15.6923,20.9231,2.6154,15.6923,10.4615,2.6154,2.6154,7.8462,5.2308,7.8462,13.0769,6,12,8,6,2,10,10,4,6,2,2,18,6,2,6,8,6,2,4,4,0.6923,0.6923,0.4615,0.2308,0.6923,0.9231,0.4615,0.2308,0.4615,1.1538,1.3846,0.6923,2.3077,0.9231,0.2308,0.4615,0.6923,0.6923,0.6923,1.1538,4.1538,2.0769,2.0769,0,4.1538,2.0769,2.0769,2.0769,6.2308,8.3077,8.3077,2.0769,8.3077,20.7692,0,4.1538,4.1538,10.3846,14.5385,6.2308,2.5385,1.6923,1.6923,1.6923,0.8462,2.5385,2.5385,1.6923,1.6923,0.8462,0.8462,2.5385,0.8462,0,10.1538,2.5385,2.5385,0,0.8462,1.6923,14.6154,8.7692,14.6154,11.6923,8.7692,11.6923,11.6923,11.6923,8.7692,5.8462,2.9231,11.6923,5.8462,5.8462,8.7692,23.3846,14.6154,2.9231,5.8462,5.8462,4.6154,3.4615,4.6154,3.4615,3.4615,3.4615,3.4615,2.3077,2.3077,3.4615,3.4615,3.4615,3.4615,2.3077,3.4615,5.7692,10.3846,1.1538,2.3077,4.6154,3.2308,3.2308,3.2308,1.6154,1.6154,4.8462,3.2308,1.6154,9.6923,4.8462,4.8462,3.2308,4.8462,11.3077,1.6154,3.2308,3.2308,9.6923,17.7692,4.8462,7.3846,1.8462,1.8462,1.8462,5.5385,3.6923,1.8462,1.8462,1.8462,12.9231,9.2308,3.6923,9.2308,5.5385,3.6923,3.6923,7.3846,1.8462,5.5385,14.7692,0,0,0,0,0,0,0,0,0,0,0,0,0,0,0,0,0,0,0,0
0-211.txt_235,22.2941,13.0588,12.5294,11.4706,8.4706,14.0588,12.2941,17.5882,11.1765,13.1176,13.5294,12.7059,13.1176,11.7647,14.1765,17.5882,17.1765,9.3529,12.9412,14.8235,10.6471,20.4706,13,11.2941,4.4706,13.8235,11.4118,8.2353,10.4706,7,7.4118,14.2941,8.1765,6.7059,7.3529,12.2941,12.0588,6.5294,8.8824,8,9.7059,10.8824,18.2353,13.5882,4.7647,11.8235,9.5882,9.7647,10.2353,6.3529,6.0588,10.4706,7.1176,6.9412,8.0588,13.1176,11.5882,5.3529,8.5294,6.5882,16.1176,18.2353,24.7059,32,7.5882,20.3529,21.9412,16.1176,16.2353,9.4706,9.5882,18.9412,10.7059,10,15.1176,20.1176,18,8.1765,12.4706,10.8235,12.5882,14.7059,14.9412,13.2353,5.7059,20.8824,14.1765,11.2941,11.4706,8.5294,9.1176,13.9412,10.0588,9.1176,11.1176,13.6471,13.4118,10.4118,11.5882,9.6471,5.6471,7.4706,8.1176,8.7647,2.4118,8.1765,10.6471,5.1765,6,4.1765,3.9412,7.1176,4.9412,3.6471,4.7059,6.7059,6.7647,2.9412,5.0588,4.5882,25.1176,18,24.8824,21.5882,11.5882,19.7647,17.5882,41.1765,16.9412,14.2353,15.0588,19,14.8235,16.3529,17.8824,25.7059,21.2941,14.2941,18.5882,15.5882,3.8235,4.2353,4.9412,4.1176,2.2353,5,3.8824,4.1765,7.6471,2.5294,3.4118,4.3529,2.6471,2.5882,3.5294,4.0588,3.9412,4.1765,4.5294,2.5882,8.2353,6.1765,5.6471,5.8824,5.5882,6.5882,6.1765,4.8235,4.8824,14.8235,12,6.2941,10.6471,9.7059,7.1176,7.2941,9.3529,6.1765,9.2353,12.9412,16.4118,12.8235,13.2353,10.8824,10.1176,13.5882,11.8235,11,11.3529,20.7059,24.8824,12.2353,19.7647,18.5294,11.9412,14.8824,17.2353,12.5294,16.7059,19.3529,6.7059,10.5882,9,7.5882,3.4118,8.8235,9.2353,6.6471,6.9412,4.4118,4.7059,12.4706,5.9412,4.7647,6,8.4118,8.8235,3.7647,6.2941,5.4706,0.9412,0.9412,0.9412,0.6471,0.7647,1.3529,0.7647,0.6471,1,1.5882,1.4118,0.8235,2,1.2353,0.5882,1.1176,1.2941,1.2941,1.1765,1.2941,5.6471,4.5882,4.8235,3.5294,3.4706,4.8235,4.5294,4.4118,4.8235,8.1176,7.9412,4.4118,6.2353,11.8824,4.9412,6.3529,6.8824,7.8235,8.1765,7.2353,6.7647,6.2941,6.5294,7.4118,3.3529,6.8235,6,6,4.2941,3.8824,4.4706,6.2941,4.2941,3.8235,12.4706,7.2941,6.8235,3.9412,4.7647,4.4706,20.8235,16.2941,23.1176,17.7059,9.8824,18.4118,16.5294,18.4706,14,12.1176,11.7059,17.1765,13.2941,12.0588,13.5882,27.3529,22.7059,11.2353,15,13.5294,21.1765,18.8235,23.6471,19.7647,11.1765,20.8235,20.4706,18.2941,15.4118,19.2353,17.2941,21.4706,17.0588,15.9412,16.1176,25.8824,33.2353,11.1765,16.3529,19.2353,4.8235,3.9412,3.3529,2.8235,2.5882,4.7647,3.4118,3.4118,4.1765,4.7059,5.3529,3.5882,3.9412,7,3.2353,4.1176,4.7059,11.9412,8.2941,4.5882,16,14.3529,14.7647,12.4706,9.1176,15.5294,13.2941,13.4118,19.1765,17.5882,17.3529,14.1765,16,24.8235,10.2941,16.7059,16.3529,23.8235,36,17.5294,15.9412,9.7647,9.1765,8.4706,9.0588,11.4706,8.7647,10.1765,8.5882,21.1176,18.8824,10.8235,15.9412,15.5882,9.9412,12.4706,15.2941,10.3529,15.4706,23.8824,0,0,0,0,0,0,0,0,0,0,0,0,0,0,0,0,0,0,0,0
0-211.txt_237,6.4706,2.4706,3.0588,3,2.7059,3.4706,3.7647,3.7059,2.4706,2.4706,2.5294,3.0588,2.8824,1.7647,2.7059,4.5882,3.7059,1.5294,2.1765,3.3529,0.8824,2.2941,0.9412,0.7647,0.4118,1.4706,1,0.8824,0.9412,0.4706,0.8235,1.4118,0.8824,0.5294,0.5882,1.1765,1.1176,0.4706,0.6471,0.6471,1.9412,2.2941,5.1176,3.7647,1,2.5294,2.9412,2.1176,2.8235,0.9412,0.8824,2.5882,1.3529,0.9412,1.7059,3.2353,2.4706,0.6471,1.4706,1.0588,1.9412,1.5294,2.4706,4.5882,0.9412,2.2353,2.7059,2.7059,1.5882,0.8235,0.7647,1.9412,1.0588,0.7647,1.6471,2.4118,1.8824,0.7059,0.8824,0.9412,2,0.7647,1,0.7647,5.7647,0.8235,0.7059,1.1176,0.7647,1.3529,1.3529,0.8235,1.3529,1,1,1.9412,1.7647,1,1,1.5882,0.8824,1.4118,1.3529,1.3529,0.4118,2.1765,1.4706,0.7059,1.1176,0.4118,0.5294,1.4706,0.7647,0.3529,0.7647,1.2353,1,0.4706,0.7059,0.5294,2.1176,2.1765,2.4118,2.4118,1.3529,2.7647,4,1.4706,1.9412,0.8824,1,2.8235,1.3529,0.8824,1.8824,2.2353,2.2941,0.9412,1.7059,1.2353,2.4706,2.0588,3.7647,2.4118,1.2353,2.2353,2.2941,5.4118,2.4706,1.2353,1.1176,2.8235,1.5294,1.4118,1.5294,2.6471,2.1765,1.3529,1.5294,1.2941,0.6471,0.7059,1.1176,0.6471,0.3529,0.8235,0.7059,0.4706,2.1176,0.4118,0.4118,0.6471,0.5294,0.8824,0.4118,0.9412,0.8235,0.4118,1,0.3529,0.7647,0.3529,0.4118,0.2941,0.6471,0.4118,0.3529,0.6471,0.6471,2.0588,1.2941,0.4706,1.1176,1.7059,0.3529,0.5882,0.7647,0.9412,1.5882,1.3529,2.7059,2.2353,1.6471,1.2941,2.2941,2.4706,1.8824,1.5882,1.7059,4.7059,6.3529,2.5882,4.7647,4,1.7059,2.2941,3.1176,2.1765,2.7647,4.3529,5.6471,7.8824,7,7.0588,2.6471,8.0588,7.8235,4.5882,5.2941,2.8824,3.1176,12,4.4118,2.4118,5.5882,6.8824,6.3529,2.5294,3.8824,3.5294,0.4706,0.3529,0.2353,0.1176,0.8235,0.4706,0.2353,0.2353,0.3529,0.6471,0.7647,0.3529,1.3529,0.5294,0.2353,0.3529,0.4706,0.3529,0.4118,0.5882,2.7647,2.1176,1.9412,1.7059,2.4118,2.4118,2,1.2941,3.8235,5.1176,5.2941,2,4.9412,10.5882,1.2353,2.5294,3.2941,5.4118,7.9412,4.1765,1.4118,1.0588,1.1176,1.4118,0.7647,1.2941,1.4706,1.2941,1,0.7647,0.9412,1.5294,1,0.5882,4.0588,1.5294,1.2941,0.5294,0.6471,0.9412,3.1765,2.4706,3.4706,3.4706,2.0588,3.0588,3.1765,2.7647,2.2353,2.0588,1.5882,3,2.2353,1.4118,2.6471,5.1765,4.3529,1.1176,1.7647,2.0588,3.3529,3,3.4706,2.9412,2.4118,3.3529,3.8235,2.4706,2.4706,3.1176,2.2941,4,2.8824,2,2.4706,4.0588,7.0588,1.7647,2.7059,3.2941,1.1176,0.7647,0.7647,0.7647,1.1765,0.8824,0.7647,0.5294,1.4706,1.0588,1,0.7647,1.0588,2.0588,0.9412,0.9412,1,1.6471,3.3529,1.1176,3.3529,1.8235,1.9412,1.4706,2.5294,2.3529,1.8824,1.4118,1.6471,4.4706,4,2,3.9412,3,1.8235,2.8235,3.6471,1.7647,2.7647,5.8824,0,0,0,0,0,0,0,0,0,0,0,0,0,0,0,0,0,0,0,0
0-211.txt_239,79.4444,44.3889,43.6111,39.5556,39.3333,49.4444,47.1667,51.3889,41.2778,43.9444,43.1667,45.7778,44.0556,34.6111,49.7778,63.8889,57.2778,26.1111,35.7778,52.3889,34.5556,67.1667,38.3889,31.4444,22.2222,46.6111,40.7778,28.7778,41.0556,28.0556,29.2222,49.9444,32.5556,25,32.0556,41.4444,39.1111,25.6667,32.6111,30.9444,9.8333,11.6667,25.1667,13.7778,6.6111,12.9444,12.3333,11.4444,14.7222,7.5556,7.1111,11.5556,8.3889,8.6111,8.2778,14.4444,12.7778,5.1111,10.1111,7.7778,28.3333,29.9444,43.0556,63.5556,13.7778,36.7778,45.2222,29.2778,29.7778,17.4444,17.9444,32,20.2222,14.5,29.2222,37.9444,32.1667,12.3333,18.8333,19.1111,14.1111,7.3889,9.3333,7.6667,48.2778,8.7778,6.5556,8.8889,7.8889,12,12.2222,7.8333,11.3889,9.8333,8.5,14.1111,14.3889,9.8889,9.3333,12.8333,27.6111,36.6111,30.8889,32.2778,14.5,52.1667,37.7778,21.8889,32.6111,19.8889,22.1667,35.6667,25,17.2778,25.9444,33.8889,29.7222,15.7778,21.2222,22.2778,35.7222,38.6667,40.3333,47.2778,20.7222,49.5556,66.6667,31.9444,40.8333,25.5,26.3333,43.1111,29.3333,21.5556,37.7778,44.1111,39.2222,19.7222,27.5,29.1667,51.8333,39,51.2778,46.3889,26.8333,46.0556,45.2778,88.8889,39.7778,24.2778,26.6111,44.3333,30.0556,25.5,44.5556,54.7222,45.8889,25.1111,29.2778,30.6667,13.5,16.3889,16.2222,13.2778,7.6667,18.5556,14.6667,10.6667,30.5,10.1111,11.2778,15.9444,12.1111,12.1667,12.2778,15.9444,14.7778,8.7222,16.6111,11.2222,13.5,8.8889,7.7222,7.5556,12.5556,10.2222,8.7778,6.5556,8.3333,30.3889,21.6667,8.6111,20.0556,15.2222,8.6111,11.3333,15.1667,7.5,12.1667,26.2778,56.7778,47.8333,36.7778,34.5,45.7778,52,44.7222,32.9444,44,87.1111,117.6111,46.0556,84.4444,78.9444,45.7222,51.5,61,47,59.3889,86.7222,12.1667,21.2778,15.6111,13,6.5,19,16.6111,10.2222,12.2222,8.0556,7.8889,29.1667,10.9444,7.3889,11.0556,15.1111,13.4444,6.7778,9.1111,9.3333,9.1111,7.3889,7,5.9444,6.1111,9.1667,6.8333,6.2778,7.6667,11.7222,11.8889,7.5556,17.7222,8.8333,6.4444,8.3333,9.5556,6.7778,7.3333,11.2222,12.5556,10.8333,8.8333,7.1667,10.3889,10.9444,8.9444,8.6111,14.7778,18.3333,19.0556,9.3333,17.3889,37.0556,8.5556,12.1667,12.6111,16.0556,26.3333,17.5,54.5,46.8333,44.5,44.1111,32.2778,50.5556,50.5,43.2222,44.7778,35.6667,38.7778,51.1111,37.5556,28.9444,121.1667,61.2778,54.5556,23.8333,35.2778,41.7778,53.5556,42.7222,49.2222,45.2222,32.8333,50.2222,48,45.6111,43.4444,30.7222,31.5556,43.2778,34.2222,26.8889,46.7778,75.5556,56.5,25.6111,32.8889,37.3889,39.8333,34.4444,37.5556,30.7778,28.7222,37.1111,35.7778,30.6111,31.3889,33.5556,32.3333,35.2778,35.7778,24.6111,31.7778,48.7222,65.1111,20.2778,26.8889,39.2778,5.3889,6.4444,5.6667,4.8889,5.0556,6.5556,5.6667,5.8333,5.6667,4.7778,5.9444,6.2222,6.2222,8.2222,6.1111,6.8333,6.4444,19.1111,9.3333,5.4444,12.1111,13.2222,13.3889,9.2778,10.6667,12.3333,11.3333,9.2778,22.7778,13.6667,16.5556,11.6111,14.1667,27.7222,9.5556,14.0556,14.2778,21.8889,39.7222,14.4444,49.7778,35.2778,31.5556,28,37.2778,37.4444,35.0556,28.7778,33.3333,71.2778,62.4444,36.5,56.5556,43.8333,36.8889,45.3889,52.2778,27.5,40.4444,86.7778
0-211.txt_241,25.2105,12.2105,15.2632,12.2105,16.7895,15.6842,13.3158,19.9474,12.4211,20.5263,19.6316,12.7368,20.2105,20.4211,15.9474,21.0526,20.7368,14,16.1053,20.3684,10.1053,17.0526,10.1053,7.5789,6.6842,11.7368,9.3684,8.5263,10.5263,8.9474,8.1053,13.5789,9.6316,8.3684,8.2632,10.7368,9.4737,8.2632,9.3158,8.2632,4.4211,3.2632,6.7368,4,2.9474,3.5789,3.3684,4.5789,3.4211,4.7895,3.9474,3.3684,3.8947,4.2105,3.2632,4.8947,4.4211,3.2632,3.4737,4.5263,4.5789,4.2632,5.5263,7.1053,2.4211,5,6,5.2632,4.2105,3,2.9474,4.8421,3.5263,3.1579,4.0526,5.2105,4.4211,3.4211,4,3.1053,3.8947,2.1579,2.9474,1.9474,7.8421,1.8947,1.6842,3.6316,2.5789,4.7895,4.3684,2.0526,4.0526,4.6316,2.5789,3.6316,3.6316,2.9474,4.0526,4.2632,7.7895,6.9474,7.3158,6.5789,5.4211,10.1053,7.9474,7.5263,6.8947,6.5789,6.6316,7.5789,8.1579,6.7368,7.9474,8.4211,7.8421,5.5789,5.9474,7.2105,7.0526,7.4737,8,9.6316,4.1053,9.3158,13.1053,6.4211,9.0526,5.4211,5.4211,7.9474,6.6316,5.5263,6.3684,8.3158,6.8947,5.1579,5.4737,6.1579,17.0526,9.3158,14,10.3158,11.5789,11.8947,9.6842,24.2632,10.0526,11.6842,11.3684,9.9474,13.1053,12.4737,10.7895,16.4737,13.7895,12.4211,11.1053,12.0526,1.8421,2.8947,2.5789,2.1053,1.5789,2.4737,2,1.8947,4.2105,2.0526,1.8421,2.4737,1.8947,2.3158,2.2105,2.4737,2.4211,1.8947,2.6316,1.9474,9.1053,4.7368,6.1053,5.4211,7.3158,6.3158,5.3158,7.2105,5.6842,13.5263,11.0526,5.3158,10.5789,10.0526,5.8947,8.4737,8.6842,7.1579,8.2632,11.3158,23.4211,13.9474,15.3684,11.2632,20.8947,16.7368,13,17.0526,15,33.4737,36.9474,13.8421,32.4211,32.1053,16.6316,20.8947,23.5789,24.7895,25.0526,30.3158,3.5789,5.4211,4.4737,4.0526,2.3684,4.7368,4.5789,3.4211,4.3158,3.2105,3.2105,5.6842,3.4737,2.9474,3.4737,4.4211,3.9474,2.7368,3.2105,3.5263,6.8947,3.6842,4.6842,3.2632,5.8421,5.2105,3.6842,5.7895,4.3158,8.1579,8.1579,3.9474,9,8.4211,3.4211,6.5789,7.1579,6.1579,6.5263,7.7368,9.2632,4.5789,5.3158,3.9474,8.4737,5.8947,4.2632,8.2105,5.7368,11.5263,11.9474,4.9474,11.7368,16.4737,5.2632,7.8947,7.9474,11.4737,11.8421,10.5789,8.4211,6.3158,6.8947,6.7368,5.4211,7.2632,6.4211,7.5789,7.1053,7.2105,7.7895,6.8947,7.3158,6.8947,15.8421,9.8947,9.1579,6,6.8421,7.6842,15.3158,9.3684,12.7368,9.6316,11.7368,11.3158,9.6842,14.9474,9.9474,12.2105,11.5789,9.6316,13.3684,12.2632,11.8947,17.4737,15.4737,10.5263,10.6842,13.1579,12.7895,8.6316,10.5789,8.7895,9.8947,10.1053,8.5789,10.8947,8.4737,13.1053,12.6842,10.2105,13.2105,12,11.4737,13.7895,16.2105,9.9474,10.1579,13,3.1579,2.6842,2.8947,1.6842,3.6842,3.0526,2.5263,2.5789,3.0526,4.3158,4.2632,2.8947,4.1053,5.6316,2.1579,3.2632,3.5789,9.4737,5.4737,3.7895,5.2632,3.8421,4,3,4.5263,4.4211,3.4737,4.5789,5.4211,5.5789,6.7368,3.6842,5.8421,9,3.4737,5.3684,5.1053,6.7368,9.5789,5.3158,16.1053,10.6316,10.2632,7.7368,13.2632,11.1579,9.6316,11.8947,8.4211,21.2105,19.4211,10,17.9474,17.8947,10.3158,14.3684,16.1053,11.7895,13.6316,20.2632
0-211.txt_243,23.6667,17.0556,13.4444,12.1667,12.6667,15.5,14.8333,13.5556,13.2778,14.7778,15.3333,15.5556,14.2222,10.1111,11.3333,16.8333,15.2222,8,11.1111,16.9444,12.3889,19.8889,13.2778,12.2222,6.7778,16.2778,14.9444,9.1111,14.5556,9.1111,9.5,16.8333,9.9444,8.0556,9.5556,12.4444,12.1111,7.7222,9,10.1111,4.2222,4.7778,6.7222,5,2.1111,4.7778,5.3889,3,3.6667,2.8333,2.3889,4.7222,3.1111,2.3333,3.7222,5.1667,4.3889,1.6111,2.8889,2.5,8.2222,9.5556,9.8333,15.1111,4.2778,10.2778,11.7778,6.4444,9.8333,5.7222,5.5,9.6667,5.4444,5.2222,7.6111,8.7222,7.7222,2.6111,4.3333,6.2222,2.5556,2,1.9444,1.8333,2.8333,1.8889,2.1111,1.8889,1.9444,1.8333,2.2778,1.7778,2.3333,1.7778,1.5,2.3333,1.8889,1.3889,1.7778,2.1111,7.7778,10.3889,7.4444,8.1667,3.3889,13.1667,10.7778,5.1111,8.9444,4.8333,5.4444,9.3333,7.1667,4.2222,5.8333,7.5,7.3889,4.6667,5.9444,5.6111,9.5,10.2778,10.4444,13.6111,3.7222,13.2222,18.5,7.8889,10.3333,5.9444,6.6111,10.3333,7.2222,6.7222,7.5556,10.5,10.1111,4.8333,6.8889,7.6111,21.1667,17.7778,20.7778,17.9444,10.6667,17.1111,16.5556,33.4444,17.5,8.5556,9.7778,17.6667,11.2222,9.5,12.7778,18.4444,15,9.6111,10.3889,10.2222,5.1667,7.1111,6,4.8889,3.3333,6.2778,6.1667,3.6667,9,3.6111,4.2778,6.2222,4.3333,4.9444,4.8333,5.0556,5.0556,3,5.5556,4.1111,11.5556,9,6.2778,5.6111,8.8889,8.2778,7.3333,5.2778,8,21.7778,17.7222,7.8333,16.9444,12.8889,6.8333,8,10.7222,8.6667,9.7222,19.0556,17.6667,14.1111,9.8333,9.6111,15,13.3889,11.7222,9.8889,13.2778,31.5556,34.4444,13.3333,29.8333,24.1667,11.2222,13.6667,17,13.5556,17.8889,27.2778,7.4444,12.4444,7.5,7.5,3.9444,9.1111,8.5556,5.5,8.6111,4.6667,5.8889,12.6111,6.3333,4.4444,5.4444,7.7222,7,3.3889,5.1111,5.6667,3.6667,4,2.4444,2.5,2.8889,4.1667,3.1111,2.2222,3,4.8889,5.2222,3.5,6.8889,3.8333,3.5556,3.0556,3.5556,2.1667,2.7778,4.6111,4.8333,3.2222,2.5,2.2778,3.3333,3.3889,2.7222,2.9444,3.3889,5.2222,6.6667,2.7778,6.5556,7.3889,2.1111,3.2778,3.7778,3.2778,4.8333,4.8889,6.6111,5.5,5.8333,5.7222,3.1667,5.5,5.6111,6.3333,5.7778,3.8333,3.6111,5.5556,3.7222,3.5,10.7222,5.8889,4.9444,3,3.6667,4,13.1111,8.6111,11.6667,10.7222,7.4444,9.7778,10.2222,9.5,8.9444,6.8333,6.6667,9.1111,7.5,5.7222,8.5556,16.5556,14.1111,3.8333,6.4444,8,5.7778,5.1667,5.2778,5.0556,3.8333,5,5.2778,3.3889,4.8333,4.7222,4.4444,4.6667,4.0556,3.7222,4.7222,7,9.5,2.2778,3.7222,4.7778,1.1667,0.6111,0.4444,0.5,0.5,0.7222,0.7778,0.5,0.4444,0.4444,0.5556,0.6667,0.7222,0.5,0.5,0.7222,0.6667,1.2222,0.5556,0.5,1.5556,1.8333,1.5556,1.6111,2,2.1111,1.8333,1.2778,2.6111,2.6111,2.3889,1.5,2.3333,2.5556,1.2778,1.4444,1.6667,2.4444,3.5,2.2222,11.5,6.6111,6.6111,5.7778,8.6111,6.9444,6.7778,5.8333,5.9444,17.0556,11.9444,6.4444,13.3889,11.3333,6,9,11.2222,6.1667,8.8889,18.4444
0-211.txt_245,54.3125,23.9375,26.4375,27.75,23.375,27.8125,30,27.6875,21.75,24.375,21.375,27.6875,23.3125,17.5625,31.4375,41.75,38.875,12.625,19.0625,31.0625,18.875,42.875,22.0625,18.4375,9.5,25.875,24.6875,16.6875,21.0625,12.625,12.3125,33.0625,15.9375,10.0625,15.75,22.375,20.25,10,13.875,14.6875,12.8125,14.5625,28.3125,17.125,8.625,14.875,14.4375,12.25,14.0625,8.375,7.4375,17.1875,9.625,6.6875,9.75,17.875,15.4375,4.625,9,9.4375,16.125,14.1875,19.5,32.625,7.9375,17.5625,24.5625,14,13.125,9.125,7.5625,18.6875,10.0625,6.8125,14.25,18.5625,14.4375,5.125,9.4375,11.1875,7.5625,6.125,6.125,6.0625,16.4375,6.0625,6.625,4.9375,4.9375,5.9375,5.0625,6.75,5.3125,4.1875,5.75,8.375,6.6875,4.8125,5.5,6.1875,9.6875,12.625,9.625,9.25,4.3125,20.5625,14.8125,7.875,11.3125,5.8125,6.8125,13.25,8.625,4.6875,8.625,10.5,8.75,5,7.3125,7.3125,50.6875,61.25,54.6875,72.8125,19.8125,73.9375,116.625,43.4375,51.75,25.1875,26.375,73.375,35.6875,20.5625,45.0625,57.9375,51.8125,21.1875,31.125,34.6875,27.8125,26.4375,25.3125,24.3125,15.3125,22.75,26.9375,47.75,17.9375,13.25,13.3125,26.875,16.875,12.0625,17.3125,27.9375,22.0625,14.6875,14.25,17.1875,3.3125,4.1875,4,3.125,2.5625,5.5625,4,2.25,8.5625,2.0625,2.375,3.625,2.6875,2.375,2.9375,4.375,3.4375,3.3125,4.625,2.5625,19,15.875,14.625,11.25,15.125,13.9375,12.5,10.6875,10.75,35.75,24.25,16.125,24.0625,16.375,12.625,18.875,20.625,8.625,14.125,28.875,12.625,9.4375,7.8125,5.625,10.4375,10.4375,8.6875,5.0625,7.0625,18.0625,25.8125,10.0625,20,15.875,11.5625,11.0625,12.5,9.625,11.875,16.8125,18.8125,31.375,22.3125,21.8125,9.5625,27.875,30.875,15.4375,18.25,11.75,13.125,43.3125,16.8125,8.9375,18,21.5625,20.625,9.375,13,15.0625,9.0625,7.375,6.0625,5.5,5.625,7.4375,8,5.125,5.8125,11.0625,12.5,8.0625,19.75,7.5,9.3125,8.25,8.9375,5.3125,6.8125,10.9375,16.6875,11.0625,10,10.8125,13.0625,12.9375,14.25,9.75,12.5625,18.75,19.6875,12.3125,17.625,38.75,12.75,14.25,15.1875,15.9375,23.0625,18.9375,19.625,14,13.875,14.1875,9.25,16.5625,17.625,12.75,12.125,11.375,10.625,16.875,11.625,8.3125,44.6875,20.625,18.8125,6,9.25,13.1875,50.5,35.0625,42.3125,36.375,30.875,38.6875,41.1875,33.1875,31.5,26,25.25,41.25,29.5,24.0625,44.375,73.0625,48.4375,20.1875,27.0625,31.75,26.625,18.0625,20.1875,17.6875,14.25,17.9375,20,14.625,14.9375,17,14.4375,20.0625,16.375,10.6875,21.625,27,35.375,8.0625,12.9375,20.5625,11.4375,11.125,8.625,8.5625,8.3125,11.625,11.125,9,8.4375,8.4375,10.875,12.6875,10.4375,12.6875,8.875,11.875,10.4375,40.4375,15.3125,9.25,3.875,3.8125,3.9375,3.6875,3.75,3.4375,3,2.75,5.3125,3.1875,3.0625,3.625,3.75,4.8125,2,4.875,4.125,3.75,9,3.8125,22.0625,12.5,12,13.0625,13.875,13.6875,15.5625,14.125,9.8125,24.5625,20.5,15.875,19.0625,14.3125,15.875,17.9375,19.125,8.25,12.25,33.0625
0-211.txt_247,18.2632,12.5263,11.0526,11.4211,8.5263,12.5789,13.1053,11.8947,11.1053,11.7895,10.5263,12.4211,10.8421,8.6316,13.6316,14.5789,13.7368,7.3158,8.6842,13.5263,7.0526,12.7895,7.7368,7.5263,3.8947,10.3684,8.3158,6.4737,9.4211,5.7368,6.2105,10.7895,6.6842,5.7368,6,8.2105,7.4211,6.6316,6.8947,5.6842,11.8947,13.3684,21.4211,17.4211,7.1053,13.9474,14.8421,14.3158,15.8421,8.3684,8.2105,13.9474,10.1053,9.5789,11.5263,15.6316,13.3158,6.9474,10.2632,8.8947,8.4737,9.4737,13.8421,18.2105,6,11.8421,13.1053,9.7895,11.7368,5.4211,5.8421,10.4211,6.3158,5.6316,10.1579,11.6316,10.4211,5.3158,6.8947,6,9.8421,5.5789,6.8947,6.0526,34.8421,6.5263,6,6.4211,7.4737,9.1053,9.1579,6.4211,8.7895,7.1053,7.6842,11.0526,9.8421,8.5789,7.7368,10.7895,7.8421,10.1579,9.4211,9.5789,4.6316,13.7368,11.2632,7.2632,10.7895,6.8421,7.1053,10.1579,7.2105,5.9474,8.3158,10.2105,10.2632,5.5789,7.1053,7.2632,13.4737,17.2632,13.7368,16.7368,6.9474,19.2105,22.2105,12.5789,16.2632,9.4737,11.7368,17.0526,12.9474,9.2632,13.6842,14.8947,14.2105,8.5263,11.1053,11.3158,11.3158,9.2632,11.4737,11.7368,6.5263,9.8947,10.4211,21.7368,9.1579,5.4211,6.4737,9.3684,6.9474,5.7368,8.5789,12.3158,9.4211,6.6316,6.9474,6.7368,5.2632,6.2632,6.5789,6,2.8421,6.9474,5.7368,4,12.2105,4,4.2632,5.7368,5.3684,5.4211,4.2632,6,5.4211,5.2632,7.7368,4,7.5789,7.4211,5.3158,5.2105,6.6842,6.5263,5.8421,4.8947,5.5789,15.7368,12.3158,6.4211,11.1579,9.4737,6.3684,7.2632,9.1579,6.1053,7.3684,12.7895,8.6842,7.9474,7.1053,6.5263,6.7895,8.1579,6.7895,6.6316,7.4211,14.7895,20.4211,8,14.6316,13.8421,7.1053,8.4737,10.0526,8.6316,10.1579,14.5263,10.0526,15.3684,12.0526,10.5789,5.6316,14,13.2632,9.7895,13.2105,7.7895,9.1579,17.7895,10,6.5263,12.4737,12.6316,11.8421,5.4211,8,9,3.5789,3.5263,2.2105,1.8421,2.2105,3.0526,2.5263,1.8421,2.5789,4.8947,5.5263,2.9474,7.7895,3.7368,2.3684,2.9474,3.6316,2.4211,3.6842,4.7895,3.5263,3.5789,3,2.6842,3.7368,4.1579,3,2.6316,5,6.1053,6.6316,3.4211,5.0526,10.9474,2.9474,4.0526,3.6842,6.2632,7.8421,5.0526,8.2632,7.9474,8.2632,8.1053,4.4737,8.8947,8.6316,8.4211,9.2105,5.6842,6.5263,9.1579,6.4737,5.5263,15.6316,9.5263,8.5263,4.5789,5.7368,6.7368,11.4737,9.8947,11.1053,9.8421,6.4737,9.5263,9.7895,11.3158,11.8947,7.4211,7.4211,9.4211,8.1579,7.1053,11.3684,16.7895,12,5.5263,8.4211,8.4211,9.2105,10.8947,9.7895,9.5263,6.1579,10.0526,10.1579,7.9474,8.8947,7.7368,8.7368,10.7895,9.3684,6.4737,8.6842,12.2105,15,5.5789,7.4211,9.2632,1.1053,1.3684,1.0526,1,0.9474,1.2632,1.3158,1.4211,1.5789,1.1579,1.2105,1.3684,1.2105,1.7895,0.8421,1.1053,1.5263,3.8421,2.1579,1.2632,8.8947,9.2105,9.5263,7.7368,6.8947,10.1053,9.1053,8,14.5789,9.7368,10.2632,8.7895,10.1053,14.8421,7.3684,10.5789,8.7368,11.3684,21.0526,10.0526,13.6842,10.3684,9.7368,9.3684,8.8947,10.7895,9.9474,8.1053,10.5789,19.1053,16.8421,10.0526,15.4211,14.0526,9.3158,11.6842,13.8947,8.2105,11.5263,22.1053
0-211.txt_249,5.1176,2.1765,2.5294,2.6471,2.0588,2.7059,2.7647,3.4118,2.0588,1.7059,1.8235,2.8824,2.0588,1.4118,2.9412,3.6471,3.0588,1.4118,2,2.1176,1.1765,3.1765,1.9412,1.4118,0.5882,2.2353,1.7059,0.8235,1.7059,0.9412,1.0588,1.8824,1.2353,1,0.8824,1.5882,1.5294,0.6471,1.1765,1,2,1.9412,4.5882,3.4118,1.1176,2.1176,2.2353,2.7647,2.4706,1.2353,1.2941,2.4118,1.5882,1.3529,1.4706,2.7647,2.4118,0.9412,1.5882,1.4706,2.1765,2.1765,3.6471,5.5882,1.0588,2.9412,3.9412,1.8824,2.1765,1.1765,0.9412,2.8235,1.3529,0.7647,1.8824,3.4706,2.5882,0.5882,1.1765,1.2941,1.6471,0.7059,1.0588,0.7059,5.8235,0.7647,0.6471,0.8235,0.7647,1.5294,1.3529,0.7059,1.3529,0.9412,0.7647,2,2,0.8824,0.8824,1.5294,2.2941,2.4706,2.5882,2.8824,1.2941,4.7059,3.3529,2.4118,2.2353,1.2941,1.5294,2.8824,1.8235,1.2353,1.9412,2.7647,2.4118,1.4706,1.8824,1.5882,2.1765,2.2353,2.5294,2.9412,1.4706,3.2941,4.6471,2.2353,2.0588,1.0588,1.0588,3.0588,1.4706,0.7059,1.7059,2.5882,2.4706,0.9412,1.2353,1.2941,2.4706,1.3529,1.8824,1.5294,1.6471,1.6471,1.7647,4.5294,1.2941,0.8824,0.8235,2.0588,1.1176,0.7647,1.2353,2.1765,1.9412,1,0.8824,1.2941,0.6471,0.6471,1.1765,1,0.3529,1,1,0.8235,1.7647,0.5294,0.2941,0.7059,0.4706,0.4118,0.4706,1.0588,0.7059,0.2353,0.7059,0.4706,2,1.2353,1.2941,1.3529,1.4706,1.4118,1.5294,1.2941,1.0588,3.7647,2.5882,1.7647,2.2353,2,1.1765,1.8235,2.1176,1.0588,1.5882,2.7059,4,2.5294,2.2353,1.9412,3.3529,2.8235,2.3529,2.8824,2.7059,6.2353,8.5294,2.7059,6.1176,5.2353,3.2353,3.2353,3.9412,3.1176,4.7059,5.6471,8.3529,11.2941,9.5882,8,4.1765,11,10.6471,6.7647,7.3529,5.0588,5.2353,16.9412,6.8235,3.6471,7.4706,10.1176,9.7647,3.6471,5.4118,6.0588,0.6471,0.5294,0.4118,0.2353,0.4706,0.7059,0.4118,0.2941,0.5882,1,1.0588,0.7059,2,0.8235,0.3529,0.5294,0.7059,0.5294,0.8824,1.1176,2.2941,1.8235,1.7647,1.4118,2.4706,1.7647,1.5882,1.4118,3,3.5294,3.5294,1.8824,3.2353,8.2353,1.4706,2.3529,2.5294,4.0588,6.2941,3.0588,3.2941,3,2.9412,3.1765,1.8235,3.1765,3.4118,2.8824,2.4706,2.1176,1.8824,3.8235,2.4706,1.4118,7.9412,3.4118,3.6471,1.4706,2,2.4118,3.0588,2.2941,3.0588,3.2353,1.5882,2.5882,3.0588,2.3529,2.4118,1.5882,1.5294,3,1.6471,1.1765,2.4706,4.5294,3.0588,0.8824,1.5294,1.6471,4.5882,3.2941,3.8824,3.3529,3,3.5294,3.3529,2.8824,3.1765,3.5294,3,4.2353,3.4118,2.8235,3.0588,4.7647,7.7647,2.4118,3.2353,4.2941,1.7647,1.4706,1.8235,1.2353,1.7059,1.8824,1.4706,1.1176,3,1.7059,1.9412,1.4706,2.0588,3.5294,1.0588,1.7647,1.8235,2.4706,5,1.7059,3.5882,2.4706,1.8235,1.9412,2.5882,2.2941,2.4706,1.7059,1.9412,5.4118,4.4118,2.5294,4,3.8824,1.8824,2.8235,3.7059,2,3.5882,7,0,0,0,0,0,0,0,0,0,0,0,0,0,0,0,0,0,0,0,0
0-211.txt_251,12.8667,5.4667,5.2667,5.5333,4.8667,6.0667,6.4667,7.9333,4.8,6.8667,7.2667,6.4667,6.7333,4.6,5.3333,7.6667,7.6667,2.6667,4.6,8.8667,1.9333,6,3.4,3.1333,0.7333,3,2.5333,2.7333,2.8667,0.7333,0.9333,3.4667,1.3333,0.9333,1.4,2.3333,1.8667,0.8667,1.9333,1.0667,1.8667,1.8,4.4667,2.4667,0.8667,2.2667,2.0667,2.4667,2.2,0.6667,1,2.3333,1.1333,0.8,1.1333,2.1333,1.8667,1.4,1.1333,0.8,2.2,2.3333,3.8667,6.4,0.8667,3.2,3.4,3,2.1333,0.9333,1.2667,3,1.3333,1.4,1.8667,2.6667,2.6667,0.8,2,1.1333,0.8,0.8,1.1333,0.8,0.4667,1.5333,1,1.1333,0.7333,0.8667,0.5333,1.1333,0.6667,0.8,0.5333,1.0667,0.7333,0.4,0.6,0.8,0.6667,0.4667,0.6,1.0667,0.2667,0.8,1.0667,0.8667,0.4667,0.2,0.2,0.5333,0.3333,0.2,0.4,0.7333,0.6667,0.2,0.3333,0.3333,5.0667,3.3333,5,4.0667,2,3.2,3.3333,10,4.2667,1.2,1.2667,3.6,2.4667,1.6667,2.5333,5.2667,4.3333,2.2,2.4,2.3333,1.2,0.6667,0.6,0.6667,1,0.8,0.6,0.8,0.8,2.9333,2.6,0.6667,2.4667,2.3333,0.4667,0.8,1.2,1.8667,2.2,2.5333,4.4,2.4,2.6,1.7333,2.7333,3.3333,2.2,3.0667,2.8667,6.5333,7.4,2.4667,5.7333,4.8,1.6667,3.4667,4.8,4.4,4.1333,6.4,3.1333,4.9333,3.2,2.8,1.2,4.3333,3.4667,2.9333,3.0667,1.5333,1.8667,6,2.5333,1.3333,2.2,3.7333,2.8667,1.6,2.6,1.8,1.6667,1.2,1.2,0.8,1,1.0667,1.0667,0.7333,1.9333,2.4,2.4667,1,1.9333,4.4,1.1333,1.1333,1.2667,2.1333,2.8,1.9333,1.9333,1.2667,1.6667,2,0.7333,1.5333,1.4667,1.3333,1.1333,0.6667,0.5333,1.8,0.7333,0.2667,4.2,1.6667,1.5333,0.2667,0.6,0.8,6.2,6.7333,6.4,5.9333,3,5.3333,5.8,6.7333,5.6,2.8667,2.7333,7.1333,3.4667,2.9333,4.2,9.9333,6.8,2.7333,4.6,3.6,2.6667,2.1333,2.2667,2.4,1.4667,2.2667,1.7333,1.5333,1.4,2.1333,1.8667,1.8667,1.9333,2.4667,1.4667,3.1333,4.3333,1.6,1.5333,2.4,2.5333,2.2,2,1.2667,1.3333,2.8667,1.9333,1.8,4.1333,2.6,2.4667,2.2667,2.4667,5.1333,1.0667,2.6667,2.3333,5.3333,9.2,2.8667,3.7333,1.8667,1.4667,1.4,2.3333,2.0667,1.6667,1.6667,2.2667,5.2,5.4,2,4,4.6,1.4,2.4667,3.4667,2.6,3.9333,6.6667,0,0,0,0,0,0,0,0,0,0,0,0,0,0,0,0,0,0,0,0,0,0,0,0,0,0,0,0,0,0,0,0,0,0,0,0,0,0,0,0,0,0,0,0,0,0,0,0,0,0,0,0,0,0,0,0,0,0,0,0,0,0,0,0,0,0,0,0,0,0,0,0,0,0,0,0,0,0,0,0
0-211.txt_253,15.4667,5.8,3.8667,3.8667,7.7333,5.8,5.8,7.7333,3.8667,5.8,5.8,5.8,5.8,3.8667,5.8,9.6667,7.7333,1.9333,3.8667,7.7333,7.4,22.2,9.8667,4.9333,2.4667,12.3333,9.8667,4.9333,9.8667,2.4667,4.9333,14.8,7.4,2.4667,4.9333,7.4,7.4,2.4667,4.9333,2.4667,0.9333,1.8667,4.6667,2.3333,0.4667,1.8667,1.8667,1.8667,2.3333,0.4667,0.4667,1.8667,0.9333,0.4667,0.9333,2.3333,1.8667,0,0.9333,0.4667,2.6667,2.6667,6.6667,13.3333,1.3333,5.3333,8,4,4,1.3333,0,4,1.3333,0,4,5.3333,4,0,1.3333,1.3333,1.8667,0.4667,0.4667,0.4667,6.0667,0.4667,0,0.4667,0.4667,1.4,1.4,0.4667,1.4,0.9333,0.4667,1.4,1.4,0.9333,0.9333,1.4,3,5,4,4,1,9,6,2,4,1,2,5,4,1,3,4,3,2,3,2,7,9.3333,9.3333,14,0,14,21,4.6667,9.3333,2.3333,2.3333,11.6667,4.6667,2.3333,7,9.3333,7,2.3333,4.6667,4.6667,8.8,4.4,8.8,6.6,2.2,4.4,4.4,22,4.4,0,0,4.4,2.2,2.2,4.4,8.8,4.4,2.2,2.2,2.2,1.4667,2.9333,3.6667,2.2,0.7333,2.9333,2.9333,1.4667,8.8,0.7333,0.7333,2.2,1.4667,2.2,1.4667,2.2,1.4667,1.4667,4.4,0.7333,2.8,0.9333,0.9333,0.9333,2.8,0.9333,0.9333,0,0.9333,7.4667,5.6,0.9333,4.6667,3.7333,0.9333,1.8667,2.8,0.9333,2.8,6.5333,11.4,7.6,3.8,0,11.4,7.6,3.8,0,3.8,22.8,30.4,7.6,22.8,15.2,3.8,7.6,11.4,7.6,11.4,19,3.6,7.2,4.8,3.6,1.2,6,6,2.4,3.6,1.2,2.4,10.8,3.6,1.2,3.6,4.8,3.6,1.2,2.4,2.4,0.8,0.8,0.5333,0.2667,0.8,1.0667,0.5333,0.2667,0.5333,1.3333,1.6,0.8,2.4,1.0667,0.5333,0.8,0.8,0.8,0.8,1.3333,2.5333,1.2667,1.2667,0,2.5333,1.2667,1.2667,1.2667,3.8,5.0667,5.0667,1.2667,5.0667,12.6667,0,2.5333,2.5333,6.3333,8.8667,3.8,4,2.6667,2.6667,4,1.3333,4,4,2.6667,2.6667,1.3333,1.3333,4,2.6667,0,14.6667,4,4,0,1.3333,2.6667,10,6,10,8,6,8,8,8,6,4,4,8,6,4,6,16,10,2,4,4,7.2,5.4,7.2,5.4,5.4,5.4,5.4,3.6,3.6,5.4,5.4,5.4,5.4,3.6,5.4,9,16.2,3.6,3.6,7.2,0.6667,0.6667,0,0,1.3333,1.3333,0.6667,0.6667,1.3333,0.6667,1.3333,0.6667,2,3.3333,0,0.6667,1.3333,10,4,0.6667,3.0667,3.0667,3.0667,1.5333,3.0667,4.6,3.0667,1.5333,9.2,4.6,4.6,3.0667,4.6,10.7333,1.5333,3.0667,3.0667,9.2,16.8667,4.6,8.5333,2.1333,2.1333,2.1333,6.4,4.2667,4.2667,2.1333,2.1333,14.9333,10.6667,4.2667,10.6667,6.4,4.2667,4.2667,8.5333,2.1333,6.4,17.0667
0-211.txt_255,3.375,1.125,1.125,1.125,1.875,1.5,1.5,1.875,1.125,1.5,1.125,1.5,1.5,1.125,1.5,2.25,1.875,0.75,1.125,1.875,1.125,4.125,1.875,1.125,0.375,2.25,1.875,0.75,1.875,0.75,1.125,2.625,1.5,0.75,1.125,1.5,1.5,0.75,1.125,0.75,2.625,4.375,9.625,5.25,1.75,4.375,4.375,4.375,5.25,1.75,0.875,4.375,2.625,1.75,2.625,5.25,4.375,0.875,2.625,1.75,2.25,2.25,4.5,8.25,0.75,3.75,5.25,3,3,1.5,0.75,3,1.5,0.75,2.25,3.75,3,0,1.5,1.5,1.875,0.375,0.75,0.375,5.25,0.75,0.375,0.75,0.75,1.5,1.5,0.75,1.125,0.75,0.75,1.5,1.5,0.75,0.75,1.5,0.5,0.75,0.625,0.625,0.25,1.375,0.875,0.375,0.625,0.25,0.375,0.75,0.625,0.25,0.5,0.625,0.5,0.375,0.375,0.375,6,7.5,7.5,10.5,1.5,10.5,15,4.5,7.5,3,3,9,4.5,3,6,7.5,6,3,4.5,3,3.4375,1.375,3.4375,2.75,1.375,2.0625,2.0625,7.5625,2.0625,0.6875,0.6875,2.0625,1.375,1.375,2.0625,3.4375,2.0625,1.375,1.375,1.375,1.125,1.875,2.25,1.5,0.75,1.875,1.875,1.125,4.875,0.375,0.75,1.5,1.125,1.5,1.125,1.5,1.125,0.75,2.625,0.75,1.75,0.875,0.875,0.875,1.75,0.875,0.875,0.4375,0.4375,3.9375,3.0625,0.875,2.625,2.1875,0.875,0.875,1.75,0.875,1.75,3.5,3,3,1,1,4,3,2,1,2,7,9,2,7,5,2,2,4,3,4,6,7.5,13.125,9.375,7.5,3.75,11.25,11.25,5.625,7.5,3.75,3.75,18.75,7.5,3.75,7.5,9.375,7.5,3.75,5.625,5.625,2,2,1.5,1,1.5,2.5,1.5,1,1.5,3,3.5,2,5.5,2.5,1,1.5,2,1.5,2,3,2.8125,1.875,1.875,0.9375,1.875,1.875,1.875,1.875,3.75,4.6875,4.6875,1.875,4.6875,11.25,0.9375,1.875,2.8125,5.625,7.5,3.75,1.25,0.9375,0.9375,0.9375,0.625,1.25,1.25,0.9375,0.9375,0.625,0.625,1.25,0.625,0.3125,4.0625,1.25,1.25,0.3125,0.625,0.625,4.5,3,4.5,3.75,3,3.75,3.75,3.75,3,1.5,1.5,3.75,2.25,1.5,3,6.75,5.25,1.5,2.25,2.25,4.375,3.5,4.375,3.5,3.5,3.5,3.5,2.625,2.625,3.5,3.5,3.5,3.5,2.625,3.5,6.125,8.75,1.75,2.625,4.375,0.25,0.25,0.125,0,0.25,0.375,0.25,0.25,0.25,0.25,0.375,0.25,0.375,0.75,0.125,0.25,0.25,2,0.875,0.25,2.625,2.625,2.625,1.75,1.75,2.625,2.625,1.75,6.125,3.5,3.5,2.625,3.5,7,1.75,2.625,2.625,6.125,10.5,3.5,5.9375,2.375,2.375,2.375,4.75,3.5625,2.375,2.375,2.375,9.5,7.125,3.5625,7.125,4.75,2.375,3.5625,5.9375,2.375,4.75,10.6875
0-211.txt_257,17.5882,8.8824,7.5294,6.8235,8.5882,8.9412,9.2353,10.0588,7.4706,7.4706,7.3529,9.6471,7.9412,6.0588,7.7059,12.3529,9.8824,5.2941,7.3529,9.2353,8.2353,22.8824,10.2941,7.4706,3.6471,13.7059,11.6471,5.9412,10.2353,4.5294,5.8235,17.2353,8,4.1765,6.8235,9.4706,9.1765,5.1176,7.3529,5.0588,1.2353,2,4.5882,2.4706,0.8235,2.0588,2,2,2.4118,0.7647,0.7647,2.0588,1.1765,0.7647,1.2353,2.4118,2.0588,0.4118,1.1765,0.8235,2.5882,2.8824,4.7647,7.7059,0.8824,4.1765,5.6471,2.4118,3.3529,1,1,3.5294,1.5294,1.1176,2.3529,3.3529,2.7647,0.8824,2,1.3529,2.0588,0.7647,0.8824,0.7059,5.4706,0.8824,0.5294,1.1176,0.8824,1.8235,1.8235,0.8824,1.6471,1.3529,0.8235,1.6471,1.9412,1.1765,1.5882,1.7647,2.1176,2.9412,2.5882,2.4706,0.8235,5.3529,3.7647,1.7647,2.4706,1.1176,1.3529,3.3529,2.2353,0.8235,1.8235,2.3529,2.1176,1.2941,1.7647,1.4706,1.9412,2.4118,2.6471,3.7059,0.7647,3.1765,4.9412,1.5294,2.3529,1.2941,1.1176,2.8824,1.5294,0.9412,1.8235,2.5882,2.2941,0.8235,1.2941,1.4706,8.9412,5.6471,8.1765,6.8824,4.6471,6.6471,6.3529,18.4706,6.2353,2.7647,2.9412,6.7647,4.7647,3.8235,5.1176,8.5882,5.9412,4.7647,4.2353,3.8824,0.7059,1.1765,1.4118,0.9412,0.4706,1.1765,1.1765,0.7059,3.0588,0.4706,0.4706,0.9412,0.7059,0.9412,0.7059,0.9412,0.7059,0.7059,1.6471,0.4706,2.0588,1.1765,1.0588,0.8824,1.8235,1.2353,1.0588,0.6471,1.2353,5.0588,3.7647,1.1765,3.4706,3.1765,1.0588,1.5294,2.5294,2,2.6471,4.1765,6.2353,4.8235,3.1176,2.4706,5.6471,4.6471,3.2941,1.8235,3.1765,11.4118,14.2941,4.7059,10.9412,8.0588,3.1176,4.6471,6.1176,4.5294,6.2353,9.8824,1.2353,1.2353,0.9412,0.8235,0.5882,1.2941,1.2941,0.7059,0.7647,0.8824,0.8235,2,0.8824,0.4706,0.7059,1.2353,1.4118,0.4118,0.7059,0.8824,0.9412,0.8235,0.6471,0.4118,0.8824,1.0588,0.6471,0.4118,0.6471,1.5294,1.5882,0.8235,2.3529,1.1176,0.6471,0.8824,0.9412,0.8235,0.8824,1.5882,0.4118,0.2353,0.1765,0.1765,0.4118,0.2353,0.1765,0.1765,0.5882,0.9412,1,0.2353,0.7647,2.0588,0.1765,0.3529,0.4118,0.8824,1.4706,0.7647,3.6471,3.2941,3.1176,4.1765,1.7059,3.8235,4.0588,3.0588,2.7647,2.0588,1.8824,4.2941,2.7059,1.1176,10.7647,3.7059,3.6471,1,1.8824,2.6471,5.0588,3.4706,5.1765,4.1176,3.2941,4.1765,4.1765,4.0588,3.8235,2.5882,2.5294,4.2941,3.2941,2.7647,3.3529,7.9412,5.1176,1.6471,2.8235,2.8824,3.3529,3.6471,3.8824,3.3529,2.3529,3.5882,3.5294,2.5294,2.5882,2.7059,2.6471,4.5294,3.3529,1.9412,2.7059,4.1765,6.5882,1.7059,2.2941,3.1176,1,1.0588,0.6471,0.7059,1.1765,1.4118,1.4118,1.1765,1.2941,1,1.4118,1,1.5882,2.3529,0.6471,1.0588,1.2353,6.2941,2.8824,0.8824,0.8824,1,1.7059,0.9412,0.7059,1.4706,1,0.7059,1.8235,0.8824,0.9412,1,1.0588,2,0.5882,1.0588,1,1.7647,3.2941,0.9412,8.4118,5.7059,4.7059,4.2941,6.8235,6.2353,5.6471,3.8235,4,15.8235,11.4706,7.4118,11.3529,7.8235,5.6471,6.1765,9.1176,3.8824,6.8235,17.4118
0-211.txt_259,3.5294,1.2941,1.2353,1.1176,1.4118,1.7059,1.4706,2.0588,1.1765,1.6471,1.6471,1.6471,1.8235,0.9412,1.5882,2.2353,1.8235,0.8235,1,1.7647,1.3529,2.6471,1.1176,0.9412,0.5882,1.7647,1.5882,0.7059,1.0588,0.9412,1,1.5294,1.0588,0.5882,0.7647,1.7647,1.1765,0.5294,0.7647,1.2353,3.5294,3.1176,8.2353,5.4118,1.8824,3.8824,3.8235,5,3.7647,1.8235,1.5882,3.9412,2.5882,1.5882,2.3529,4.8824,3.5294,1.1765,2.2941,2.3529,1.8824,2.1176,3.5882,5.7647,1,2.6471,3.3529,1.8824,2.0588,1.4118,1.2941,2.4706,1.7647,1.3529,2.4706,2.6471,2.3529,0.6471,1.3529,1.3529,2.6471,1.1765,1,0.8824,7.2353,1.1176,0.7647,1.2353,1.0588,1.7647,1.8235,1.0588,1.7059,1.2941,1,2.5882,2,1.1765,1.5294,2.1176,1.3529,1.1176,1.5294,2,0.6471,2.4706,1.6471,1.3529,1.1176,0.8824,0.6471,1.2353,0.8824,0.4118,0.8235,1.8235,1.4706,0.4706,0.6471,1,3.5294,3.7059,5,5.8235,1.5882,4.9412,8,3.0588,4.0588,2.2941,2.2941,4.6471,2.7647,1.5294,2.6471,4.2353,5.1765,1.8235,2.3529,3,3,1.5882,2.8235,2.4706,1.3529,1.9412,2.2941,4.3529,1.5294,1.1765,1.3529,2.2353,1.7647,0.9412,1.8824,3.0588,2.4118,0.8824,1.1176,1.4118,0.3529,0.5294,0.7647,0.7647,0.1176,0.5294,0.5294,0.2941,1.4118,0.1176,0.1765,0.6471,0.3529,0.3529,0.2941,0.4706,0.3529,0.2353,0.7647,0.2353,2.5882,1.3529,1.5882,1.7647,1.7059,1.7059,1.8235,1.4706,1.3529,4.9412,3.1765,1.7647,2.8824,2.6471,1.3529,1.8824,2.7059,1.2941,1.8824,3.8824,1.8235,1.2353,0.9412,0.6471,1.7059,1.3529,1.0588,0.8824,1.7059,3.4706,4.9412,1.2353,3.4118,3.2941,0.8235,1.7647,1.8824,2.4118,3.1176,3.2353,3.4706,4.1176,3.3529,3.1176,1.4706,4.3529,4.4706,2.7647,2.5882,1.7647,1.8235,6.7059,2.4118,1.1176,3.1176,3.5882,4.4118,1.1176,1.9412,2.4118,0.7647,0.8824,0.4118,0.2353,0.6471,0.7647,0.4706,0.2941,0.7059,1.5294,1.4118,0.6471,2.5882,1.2941,0.3529,0.5882,0.8824,0.7059,1.2353,1.4118,2.5882,1.8235,1.5294,1.5294,1.8235,1.6471,1.7647,1.1765,2.7647,3.7647,3.8235,1.5882,3.2941,7.9412,1.5882,2.5882,2.6471,3.4118,5.2941,3.2941,1.2353,1,1.2353,0.8824,0.5882,1.1176,1.0588,1.1176,0.8235,0.5882,0.7647,1.6471,0.8824,0.5294,2.8824,1.3529,1.5882,0.4706,1,0.7647,2.2941,1.7059,2.2353,1.9412,1.1765,2.1765,2.1176,2.0588,1.4706,0.9412,0.9412,2.4118,1.3529,0.8824,1.4706,3.1765,2.2353,0.7647,1.1176,1.1176,4.7059,3.3529,4.8824,3.5882,2.8824,4.2353,4.2353,3.1176,3,3.1765,2.8235,3.9412,4.2353,2.2353,3.6471,5.3529,8.4118,2,2.8824,3.9412,0.7059,0.5294,0.4118,0.3529,0.4118,0.5882,0.7059,0.4118,0.5294,0.4706,0.5294,0.7059,0.5882,0.7059,0.3529,0.5294,0.5294,2.4706,0.9412,0.6471,1.8824,1.9412,1.5294,1.0588,1.7647,2.4118,1.6471,1,3.2941,2.4706,2.1765,2.1176,2.1176,3.7059,1,2.2353,1.9412,3.5882,6.2941,2.1765,2.7647,2,2.1765,1.8824,2.3529,2.1765,2.2353,1.3529,1.5294,4.4706,3.6471,2.4706,3.7059,2.7059,2,2.7059,3.9412,2.1176,2.4118,5.5294
0-211.txt_261,47.4706,21.8235,21,22.2353,20.5294,24.0588,27.7647,24.5882,19,21.3529,19.1765,25.4118,21.7647,15.9412,23.3529,31.4118,27.5294,12.7059,17.3529,24.7059,13,27.7059,13.2353,11.7059,4.8824,16.2353,15.7647,9.9412,13.8824,7.3529,8.4706,18.5294,11.2353,7.1176,9.6471,12.6471,12.1765,5.7647,9.7647,8.8235,3.4706,3.8824,8.1765,4.8824,1.5882,4.1176,4.5294,3.6471,3.8824,1.8235,2.1176,3.6471,2.5882,1.9412,2.6471,4.5294,3.5882,1.0588,2.3529,2.0588,10.5294,10.5294,13.7647,23.4118,4.7059,12.4118,15.6471,9.2941,9.0588,5.0588,4.7059,11.4706,6.4706,4.8235,8,12.1765,10.7059,3.4118,6.6471,6.4118,1.4118,0.8235,0.8235,0.4706,2.5294,0.6471,0.5882,0.8235,0.4706,1,1,0.6471,0.8824,0.5882,0.4706,1,1.2941,0.4118,0.5294,0.8235,4,5.8824,3.9412,4,1.5294,8,5.6471,2.5294,4.2941,2.2353,3.1765,5.4118,3.6471,2.5294,2.8235,3.7647,3.7647,2.4706,3.4118,2.9412,7.5882,8.2353,7.5882,9.1765,2.6471,11.1765,15.1765,4.5294,7.1765,3.9412,4.7647,10.2353,7.4706,3.7647,6.0588,7.9412,6.8824,3.2353,4.4118,5.2941,18.1176,11.2353,14.0588,13.4118,7.4118,11.8235,11.8824,30,9.8824,6,6.6471,14.2353,8.1765,6.1176,10.9412,16.4118,13,5.7059,7.4706,8.1765,3.3529,3.1176,4.0588,3.1765,1.4118,3.7647,3.6471,2.9412,7,1.7647,1.9412,3.1765,2.5294,2.2353,2.6471,3.4118,2.9412,1.2941,2.8824,1.7647,4.3529,2.3529,2.6471,1.9412,4,2.7059,2.3529,2.0588,2.1765,9.9412,7.0588,2.7647,6.1765,4.8235,2.4118,4,4.4706,2.1765,4.4118,7.8235,16.1176,11.1765,8.1176,7.2353,12,12.1176,9.2353,8.4118,9,23.1765,30.8235,11,23.2353,20.1765,8.1765,12.3529,15.8235,12.0588,14.5294,21.5294,1.2353,2,1.1765,1.2353,0.5294,1.3529,1.4118,1,0.9412,0.9412,0.8824,2.6471,1.2353,0.5294,0.8824,1.2353,1.3529,0.4706,0.7059,1.0588,1.3529,1.0588,0.9412,0.7647,1.2353,1.2941,0.8235,0.8235,0.9412,2.4706,3,1.2353,4,2,0.7059,1.3529,1.6471,1.0588,1.6471,2.4706,3.1176,2.2941,1.7059,1.2353,2.3529,2.4706,2.1176,1.4118,3.6471,5.5294,6.2353,2.1176,6.2353,10.2941,1.3529,2.5294,3.1176,5.2353,7.8235,4.5882,11.5294,8.1176,8.2353,7.5294,6.3529,8.8824,9.1765,6.1765,6.9412,6.7647,6,8.7647,6.5294,4.8235,21.8824,9.8824,10,5.1176,6.1176,8.3529,7.6471,6.6471,7,6.9412,4.1765,7.2353,6.3529,5.7059,5.2353,3.1176,3.3529,7.0588,4.2353,2.8824,4.1176,10.5882,7.6471,2.5294,3.5882,4.0588,9.6471,7.1176,8.1765,7.9412,5.8824,8.9412,8.1765,6.2941,6.0588,7.0588,6.4706,7.4118,6.7647,4.8235,6.5294,11.2353,15.9412,3.9412,4.8235,8.4706,1.1765,1.1765,0.4118,0.3529,0.7647,1.1765,1.0588,0.6471,1.4118,0.8235,1.2353,1,1.2941,2.2941,0.8235,0.8824,1,5.9412,3.1765,0.7647,1.4706,1.3529,1.2353,1.1765,1.0588,1.8824,1.2353,0.9412,2.1765,1.7647,1.8824,1.2941,1.6471,3.0588,1.2941,1.2353,1.3529,2.4706,4.8824,2.2353,14.8235,9.0588,7.4706,7,9.1765,9.8235,9.3529,6.2353,6.5882,19.2353,15.2941,8.8235,14.5882,11.2941,7.1176,10.7059,14.8235,6.0588,11.1176,24.2941
0-211.txt_263,4.5882,2,2.4706,2.7059,1.7647,2.0588,2.3529,2.1176,1.9412,2.1765,2.3529,2.6471,2.0588,1.5882,2.9412,3.2353,3.4118,1.0588,2.5294,2.9412,1.1765,2.3529,1.2353,0.8235,0.6471,1.2941,1.2941,1,1.2941,0.8235,1,1.6471,1,0.5294,1.4118,1.2941,1.6471,0.4118,0.7647,1.1765,2.5294,2.2353,5.2941,3.1176,1.0588,2.5294,3.1765,2.1176,2.4706,1.5882,1.2941,3.1765,1.7647,1.2941,2.1176,3.4706,2.5882,0.7647,1.4706,1.5294,2.4118,1.8235,3.6471,6.1765,0.8824,3.0588,4.2353,2.7059,2.2941,1.1765,0.7647,2.5294,1.1765,0.8235,1.9412,3.4118,2.7059,0.6471,1.5882,1.4118,1.7059,0.4118,0.7647,0.4118,5.8824,0.5882,0.4706,1.3529,0.5294,1.9412,1.4118,0.5882,1.2353,0.8824,0.7059,1.5882,1.5882,0.8824,1.1176,1.5882,1.1176,1.1176,1.1765,0.8824,0.4118,2.1765,1.2353,0.6471,0.8824,0.5882,0.5882,1.7647,1,0.3529,0.6471,1.1765,1,0.2941,0.4706,0.6471,2.4706,2.3529,2.6471,2.8235,0.5882,3,4.3529,1.3529,1.8824,0.7059,0.7059,3.8235,1.2353,1.2941,1.7647,2.2353,2.2353,0.5882,1.1765,1.2941,2.5882,1.7059,2.2353,2.4706,1,2.2941,1.8235,5.4706,1.5294,1,1.1765,2.2353,1.2353,1.4118,1.8824,2.7059,2.6471,1.0588,1.5294,1.4118,0.4706,0.6471,0.7059,1.0588,0.3529,1.1176,0.9412,0.3529,1.7647,0.8235,0.7647,0.6471,0.6471,0.5294,0.4118,0.5294,0.5294,0.3529,0.7059,0.7059,3.0588,1.4706,1.4706,1.4706,2,1.9412,1.5882,1.4706,1.5294,5.8824,3.9412,1.9412,3.9412,3.8235,2.2941,2.4118,2.7647,1.7059,2.8824,4.2353,3.2353,1.8824,1.9412,1.4118,3,2.0588,2,1.1765,1.7647,4.2941,5.8824,1.9412,4.0588,3.7059,1.7059,2.3529,3.1176,2.0588,3.8235,4.6471,2.7647,4.2353,3.8824,3.1176,1.7059,4,3.7059,2.4118,3.2353,2,1.7647,6.2353,2.1176,1.5882,3.1765,3.8235,3.4118,1,2.1765,2.1765,1.5882,0.9412,1.2941,0.9412,0.8824,1.1765,0.8824,0.7059,1.6471,1.9412,2.4118,1.1765,2.1765,4.8235,0.5294,1.2353,1.8824,2.8235,3.8235,1.5882,1.7059,1.1765,1.4706,1.2941,0.7647,1.5882,1.7647,1.1765,0.8824,1.2353,1,1.8235,1.0588,0.5882,3.2353,1.9412,2.0588,0.4706,0.7059,1.6471,5.3529,4.8235,6.3529,5.7059,2.7647,5.2353,5.8824,5.5294,3.8824,2.5882,2.7647,6.4706,3.6471,3.3529,3.6471,8.5882,6.5294,2.3529,3.6471,3.4706,5.6471,4,5.6471,4.1176,3.1176,4.8235,4.6471,3.4706,3.4118,5.2941,4.2353,5.0588,4.1176,3.5882,4.0588,6.4706,9.7647,2.6471,3.7647,4.9412,1.2941,1.1765,0.9412,0.6471,0.7059,1.5294,1.2941,0.7059,2.8235,1.5882,1.2941,1,1.3529,3.2353,0.5882,1.0588,1.0588,2.0588,4.6471,1.5882,1.1765,0.7059,0.8235,0.8235,1.4706,0.7647,0.8824,0.3529,0.5294,2.2353,2.4118,0.7059,2.1765,1.4706,1,0.8824,1.1765,0.5882,1.0588,2.8235,0,0,0,0,0,0,0,0,0,0,0,0,0,0,0,0,0,0,0,0,0,0,0,0,0,0,0,0,0,0,0,0,0,0,0,0,0,0,0,0
0-211.txt_265,3.1765,2.2353,2.1765,2,2.4118,1.8824,2.2353,1.7059,1.8824,2,2.4706,2.6471,2.5882,2.1176,1.4118,3,2.7059,1.4706,1.9412,2.2941,0.6471,2.8824,1.0588,0.5882,0.6471,1.4706,1.1765,0.4706,0.8235,0.8824,0.7059,1.6471,0.7059,0.4118,0.5294,0.8235,1.3529,0.3529,0.8235,0.8824,0.6471,0.6471,2.1765,0.9412,0.2941,0.7647,0.8235,1.0588,1.1765,0.5294,0.2941,0.9412,0.4706,0.2941,0.4706,1.1176,1.1765,0.1765,0.4118,0.6471,1.8235,1.8824,3.8235,5.5294,0.9412,3,4.4706,2.6471,2.0588,1.3529,0.8235,2.8824,1.2353,0.7647,1.5882,2.6471,2.5882,0.5294,1.6471,1.7647,1.1176,1.4706,1.3529,1.5294,0.5294,2.6471,2.1176,0.7647,1.1765,1.1176,1.1765,2.2353,1.4706,1.3529,1,1.5294,1.4706,1.0588,0.8824,1,3.5882,3.0588,4,5.1176,1.3529,4.7647,7.1765,2.6471,3.5882,2.8824,2.2941,4.6471,3,1.9412,2.7059,3.7647,4.1176,1.4706,2.2941,3.3529,3.1176,1.4706,3.6471,3.5294,1.1765,1.7059,2.1176,6.7647,1.5294,0.8235,0.8824,2.1176,1.0588,1.1176,1.8824,3.1176,2,1.5294,1.1765,1.2353,0.5882,0.5294,0.7059,0.6471,0.9412,1,0.6471,0.5882,1.3529,0.4118,0.2353,1.1176,0.3529,0.2353,0.2941,0.4706,0.5882,0.2353,0.5294,0.5882,3.7059,2.8824,2.8235,2.5294,3.6471,2.9412,3.2353,2.1176,2.4706,5.7059,4.7059,3.9412,4.7059,4.5294,2.3529,3.5294,4.8824,3.8824,4.1765,5.8824,3.3529,1.7647,1.8235,1.4706,2.7059,2.6471,1.6471,1.4706,1.7647,4.9412,5,2.2353,4.8824,4.0588,1.4706,2.8235,2.8235,2.2353,2.9412,5.0588,4,6.3529,5.5882,5.2941,1.8824,6.7059,6.4118,3.7059,4.7647,2.6471,3.0588,9.8235,3.7647,2.0588,4,5.3529,6.1176,1.8824,3.1176,3.8235,0.4118,0.4118,0.1765,0.1176,0.3529,0.4118,0.2353,0.1765,0.2941,0.7647,1.0588,0.2941,1.6471,0.5294,0.1765,0.2941,0.4118,0.6471,0.4118,0.7059,1.1765,0.8824,1.0588,0.5294,1.8235,1.0588,0.6471,0.5294,1.4706,2.5294,2.2941,0.7647,2.5294,4.8824,0.4118,1.1765,1.4118,3.1176,3.5294,2.2353,0.7059,0.6471,0.8235,1.0588,0.4118,1,1.2941,1.1765,0.6471,0.7059,0.5882,0.7059,0.5294,0.6471,1.6471,1.0588,0.8235,0.3529,0.4706,0.7647,1.5294,1.5294,2,1.4706,1,1.7059,1.7059,1.1176,1.3529,1.4118,0.9412,2,1.1176,0.5294,0.8235,2.3529,2.1176,0.4118,0.8824,1.3529,2.5882,3.2353,3,2.4118,1.5882,3,3.5294,1.9412,2.4706,2.5882,1.9412,4,2,1.5294,1.7059,3.9412,5.8235,0.9412,2.2353,3.0588,0.4118,0.3529,0.3529,0.1765,0.3529,0.4118,0.2941,0.2353,0.8235,0.5882,0.7059,0.2941,0.7059,1.8235,0.1765,0.7647,0.4706,1.7647,2.2353,0.6471,2.1765,1.5882,1.5882,1.3529,2.4706,1.7647,1.9412,1.1176,2,3.4706,2.4706,2.3529,2.5294,1.7647,1.4706,2,3.4118,0.9412,2.1176,4.5882,0,0,0,0,0,0,0,0,0,0,0,0,0,0,0,0,0,0,0,0,0,0,0,0,0,0,0,0,0,0,0,0,0,0,0,0,0,0,0,0
0-211.txt_267,26.1667,12.6111,13.4444,13.0556,12.3889,15.2222,13.6667,16.6667,11.6111,13.6111,13.1667,15.5556,15.3889,11.8889,12.7222,19.3333,16.8333,9.8889,13,16,6.4444,14.8889,7.3333,6.9444,3.2778,9,7.5556,4.7778,7.1111,5,5.3333,9.3333,6.7222,5.3333,4.3333,7.1667,6.7778,4.3333,7.2222,5.1111,9.2222,8.8889,18.2222,11.8889,5.3889,9.6667,9.8333,10.6667,9.3333,6.3889,6.3889,9.7222,7.1111,6.7778,6.6111,10.7222,10.8889,5,7.4444,7.2222,9.5556,9.1111,13.7778,20.7222,5,10.6667,13.2222,10.4444,9.7778,5.7222,6.1667,11.7778,7.7778,6.1111,8.5556,11.0556,10.3889,6.1111,9.1111,6.7222,6.4444,7.0556,7.6111,7.1111,3.5556,13.3333,9.1111,5.1667,6.4444,4.8889,5.6667,7.2778,6.8333,4.7222,5.1111,7.3333,6.4444,4.6111,6.2778,5.8333,6.1667,5.6667,7.2222,8.2778,2.6111,8.5,11.5,4.8333,5.7778,2.5556,2.8333,7.1111,4.0556,2.5556,4.8889,7.1111,6.1111,3.1667,3.9444,3.3889,16.6111,10.6667,15.7778,13.1111,8.6111,11.7778,12.4444,29.6667,10.8889,8.8889,8.5556,13,9.1667,9.1111,10.3333,16,12.9444,9.4444,11.4444,9.7222,1.7778,2.1111,2.8333,2.3333,1.0556,3.1111,2.4444,1.3333,5.5,1.2778,1.3889,2.1111,2,1.7778,1.7222,2.2222,2.3333,1.6111,2.6667,1.5556,4.2222,3.3333,3.2778,2.6667,3.3889,3.4444,3.0556,3.4444,2.6111,8.4444,6.1111,3.1667,5.9444,5.0556,2.8333,4,5.1111,4.1111,4.2778,6.8333,11,7.5556,7.3889,6.3333,7.7778,9,7.9444,7.5,7.2222,14,18.9444,8.3889,15.3333,13.1667,7.6667,9.7222,12,9.8889,10.5,13.5,7.1111,8.6667,8.0556,8,3.6667,9.8889,9.2222,5.2778,6.3333,4.5,4.2778,13,5.8889,4.1111,6.6667,7.8333,6.7222,4.2222,5.1667,4.6111,3.8889,2.1667,2.4444,1.9444,2.4444,2.7222,2.3889,2.9444,2.0556,4.7222,4.7778,2.4444,7.0556,3.7778,1.8333,3.0556,2.8889,2.6667,2.6111,4.4444,6.1667,4.5,5.2222,4.2222,4.5556,4.8889,4.2222,4.6111,4.7778,7.4444,7.6667,4.5556,7.2222,13.5556,3.8333,5.0556,5.3333,8.7778,8.5,7.5,2.7778,2.4444,3.1111,2.6111,1.6111,3.0556,2.5556,2.0556,3.2778,2,2.2222,2.8333,2.0556,1.8333,5.3889,3.1667,2.7778,2.2778,2.8889,2.0556,13.4444,10.1111,15,14.1111,8.1111,11.6667,11.7222,13.0556,9.6111,8.7222,7.6667,11.3889,8.8889,8.5556,9,19,14.7778,7.1667,9.7778,8.7222,11.3333,7.5,8.9444,8.5556,6.7778,8.6111,8.3333,8.2222,6.5556,8.5556,7.5556,8.1111,8.3889,7.0556,7.1667,11.2778,16.0556,5.6667,7.1667,9.3333,2.3333,1.5,1.5556,1.1667,1.6667,2.0556,1.5,1.5,2.1667,2.9444,3.1111,1.7222,2.8889,4.2778,1.1111,2,2.1111,9.1111,4.5,2.8889,5.4444,5.0556,5,4.1111,3.1667,5.5,4.7778,3.6667,6.6667,4.3889,4.6667,4.7778,4.7778,8.1667,3.1111,5.6667,5.5556,7.9444,11.8889,4.8889,5.4444,2.9444,3.0556,2.8333,3.7222,3.6111,3.7222,3.5,2.9444,7.6111,6.6111,3.1667,6.7778,6.1667,3,4.2778,5.4444,4.7222,5.3333,9.5,0,0,0,0,0,0,0,0,0,0,0,0,0,0,0,0,0,0,0,0
0-211.txt_269,4.6471,3.1765,3,3.1176,2.0588,3.4118,4.7647,2.6471,2.4118,2.8824,2.7647,4.2941,3.0588,1.7647,2.4706,4.0588,4,1.4118,2.2353,3.3529,1.2353,3.7059,1.5882,1.4706,1.2941,2.2353,2,1,1.4706,1.2353,0.9412,2.8235,1.0588,0.5882,1,1.8235,1.8824,0.5294,1.0588,1.2941,2.4118,2.7647,5.2941,3.7059,1.6471,3.0588,3,3.1765,2.7647,2.0588,1.6471,3.5294,2.5882,1.9412,1.5294,3.2353,3.2353,1.5294,2.0588,2.1765,1.5294,1.8235,2.6471,4.1176,0.6471,2.1765,3.1176,2.4118,1.2941,0.7647,0.5882,2.3529,0.8824,0.5294,1.0588,2,1.8235,0.4118,1.0588,1.1176,0.7647,0.2941,0.2941,0.1765,1.6471,0.2941,0.2353,0.4118,0.2941,0.5882,0.7647,0.2941,0.7059,0.5882,0.2941,0.6471,0.5882,0.3529,0.7647,0.6471,0.3529,0.7647,0.4706,0.8235,0.1176,1,1,0.2353,0.4118,0.2941,0.1765,1.2941,0.5882,0.3529,0.5294,0.4706,0.7059,0.1176,0.4118,0.2353,4.1176,4.2353,4.7059,5.3529,1.9412,5.8235,7.1176,3.0588,4.2353,3.1176,2.7059,5.4706,2.8824,2.0588,3.4118,4.2353,5.2353,1.9412,2.7059,4.1176,2.5882,1.7647,4.0588,3.8824,1.1176,2.2353,2.6471,6.1176,1.6471,0.8235,0.8235,2.1176,1.0588,1.2941,1.4118,3.3529,2.6471,0.8824,1.2353,1.1176,1.3529,1.1176,1.5882,1.0588,1.8824,1.7059,1.4118,1.2353,2.5882,1.5882,1.3529,1.7647,1.2941,2.0588,0.9412,1.5294,1.8824,0.9412,1.4118,2.0588,2.4118,1.5294,1.2941,1,1.9412,1.8824,1.2353,1.5294,1,3.4118,2.4118,1.5294,2.5882,1.7059,1.1176,2,2.4706,0.9412,1.4706,3.1176,3.8824,2.4706,2.6471,1.9412,3.5882,3.1176,2.8824,1.7647,3.1765,6.3529,7.7647,3.0588,7.2941,5.1176,2.2941,3.4118,4.2353,2.6471,3.8824,6.6471,4.5294,5.8235,4.8824,4.5294,3.0588,6.1176,6.4118,3.3529,3.7647,3.8824,3.8824,9.5294,4.2941,3.1765,3.7059,5,5.8824,1.8235,3.1765,4.8235,1.7647,1.0588,1.0588,0.6471,1.5294,1.5294,1.2353,1.1176,1.3529,2.7647,2.5882,1.5294,3.6471,1.6471,1.1765,1.5882,1.6471,1.5294,1.7647,2.7647,2.9412,1.7059,1.7059,1.7059,2.9412,2.0588,1.7647,1.5882,2.1765,4.1176,4.5294,1.7647,4.3529,7.3529,1.4118,2.9412,2.8235,4,5.3529,4,0.8235,0.5882,0.8235,0.9412,0.7647,0.8235,0.8824,1.4118,0.8235,0.6471,0.4118,0.9412,0.5294,0.4706,1.4706,0.8824,1.0588,0.8824,0.4706,0.7059,3.3529,2.4118,3.4118,2.8235,1.9412,3.5294,2.8824,2.5294,2.3529,2.7059,2.0588,3.5882,2.5882,2,2.5882,4.1765,4.1765,1.1176,2.1176,3.1176,2.8235,2.4706,2.8235,2.6471,1.5882,3.2353,4.1176,2.1176,2.7647,2.8235,2.1765,3.4706,2.3529,1.6471,1.8235,3.3529,5.0588,1.8235,2.5294,3.1765,0.6471,0.5294,0.5294,0.5294,1.0588,0.4706,0.7059,0.2941,0.5882,1.1176,0.8824,0.5294,0.9412,1.7647,0.3529,0.7059,0.8824,1.8824,1.2353,1.2353,1.4118,1.8824,1.4706,1.1765,1.1176,2.0588,1.7647,0.8235,2.4706,2.5294,1.9412,1.6471,2,3,0.7059,1.8235,2.2353,3.3529,3.7059,2.4118,1.8824,2.1176,2.1765,1.7059,1.1176,2.1176,2.4706,1.3529,1.7059,2.9412,2.0588,2.9412,2.0588,1.4118,2.4118,2.1176,3.1176,0.7059,1.5882,3.3529
0-211.txt_271,14.5,6.2778,6.3889,6.1667,7.1111,7.2778,7.2222,8.7222,6.3333,7.3333,7,6.6111,8,5.8889,6.6667,9.8889,9.5,4.2778,5.7778,9.3333,5.1111,11.3333,5.1111,4.5,3.3333,6.1667,6.1667,4.2222,6.6111,2.5556,3.5556,8.5,5.3333,3.1667,3.7778,5.3333,4.6111,3,4.3889,3.5,6,6.8889,11.1111,8.4444,2.8889,6.7222,6.1111,5.5556,7.2778,4.2222,4.3333,7.0556,4.6111,3.3889,3.9444,6.8333,6.2778,3.3333,4.6111,4.3333,5.1111,6.2778,8.7222,13.9444,2.7222,6.7222,9.4444,5.8333,6.7222,3.6667,3.7222,6.5556,3.6111,4.3333,4.8333,6.5,5.7778,3.6667,4.3333,4.2778,3.3333,2.8333,2.9444,2.3889,5.8333,2.8333,2.4444,2.0556,2.6111,2.7778,2.6667,2.5556,2.7222,2.2222,1.9444,3.5,2.8889,1.5,2.5556,2.8889,4.5556,6.2222,4.5,4.8889,2.3889,9.1667,7.2222,4,5.5,3.2222,3.7222,6.5,4.2778,2.5,4.6111,5.0556,5.0556,2.7778,3.7778,3.3889,7.5556,9.1667,8.1111,11.0556,4.5,10.0556,14.6667,5.7222,8.5556,5,5.1667,9.1667,5.3333,5.6667,6.5,7.7778,6.7778,3.9444,5.7222,5.2222,10.5,7.3333,10.1111,8.4444,5.1667,7.5,7.8333,21.7222,6.4444,4.1667,4.3333,8.1667,5.8333,4.5556,6.4444,10.8333,8,5.1111,4.6111,5.2778,2.9444,3.6111,3.8889,3.1111,2,3.2222,2.8889,2.7778,6.1111,2.1111,2.3333,3.0556,2.1111,2.6111,2.5,3.5556,2.9444,1.7222,2.9444,2.1667,8.9444,5.3333,4.4444,4.2778,6.9444,5.3333,5.5,4.4444,3.9444,15.2222,11.0556,5.3333,10.8889,8.9444,5.3889,6.4444,8.1667,4.5556,6.7222,13.0556,12.9444,11.0556,9.3333,8.3889,11.3889,11.1111,10.1111,7.7222,11.0556,19,25,10.4444,19.3889,17.5,9.0556,10.3333,12.9444,11.8889,14,17.1111,10.5556,15.6667,11.6667,12.1111,5.5556,15.1111,13.2222,8.3889,11.0556,8.0556,7.1667,20.5556,9.4444,6,9.2222,12,11.9444,6.1667,8.1667,8.0556,2.8889,2.5,2.4444,1.7222,2.1667,2.5556,2.5556,2.1667,1.8889,4.5,4.6111,2.6111,6.6111,3.3333,1.5,2.5556,2.7222,2.3333,2.3333,3.6667,8.6667,8.0556,6.1111,6,8.2778,7.6667,6.8889,6.3889,9.3333,12.7778,14,7.2778,11.7222,23.8333,6.1667,8.7222,10.2778,13.2778,17.2778,11.8333,8.8889,7.2222,6.5556,7.2778,6,7.2222,7.5556,6.7222,7.1667,5.8333,5.7222,8.3889,6.7222,4.8333,20.7222,9.4444,9.1111,3.9444,5.7778,6.3889,12.9444,11.3333,12.3889,9.8889,9.2778,11.5,10.3889,10.8333,10.8889,9,8.1111,10.2222,8.9444,7.7222,10.8889,18.2778,14.0556,7.4444,9.3889,9.6111,10.3333,10.1667,9.4444,8.5556,7.2778,10.6667,10.0556,7.5,8.9444,9.5,9.0556,10.2222,9.2778,6.1667,7.8889,11.8889,16.6111,4.5,7,10.5,2.0556,1.8333,1.7222,1.6111,1.5556,1.6667,2.1111,1.4444,1.4444,2.1667,2.2222,2.1667,1.8333,2.7222,1.1111,1.6111,1.7222,6.8889,2.7778,1.8333,4.5556,4.2222,3.5556,3.4444,4.3333,4.8333,3.6667,3.7222,5.8889,4.6111,4.5,4.2222,4.7778,8.2222,2.9444,4.3333,4.6667,8.2222,12.1111,4.6111,13.1111,9.1111,6.8889,7.0556,11.5556,8.0556,8.6667,6.5,7.5556,20.6111,16.4444,9.2778,14.8889,14.1667,8.6111,10.7778,13.3889,7.6667,11.7778,23.4444
0-211.txt_273,22.4737,12.2105,12.3158,14.3684,13.2105,13.1053,12.8947,13.7368,12.2632,14.1579,13.3158,12.8947,14.8947,11.5263,13.8421,16.5789,15.2105,8.5789,11.7368,14.4737,12.8947,24.7368,15.4737,13.4737,9.3158,17.6842,16.2105,10.6316,14.2632,9.8947,11.6842,20.2105,12.5263,9.8947,11.8421,14.7895,13.6316,9.9474,10.5789,10.6842,8.6316,10.3684,15.2105,12.3684,6.1053,11.0526,10.3684,7.8421,9.7895,6.3684,6.4211,10.3684,7.7895,6.2105,7.8947,11.3684,10.7895,4.8421,7.5263,6.7895,12.1053,13.7368,18.7368,25.6842,7.7368,15.3158,19,14,13.8947,8.4737,8.6316,14.4737,9.5263,6.7368,11.2632,15.7368,13.7368,5.6842,8.3684,8.8947,3.8421,2.6842,2.4737,2.2105,8.5263,2.7895,2.5263,2.8947,2.8421,4.3158,4.2632,2.8947,4,3.3158,2.5789,3.3684,3.8421,2.2632,3.4211,4.7895,9.3684,13,11.2105,10.9474,5.6316,16.3684,13.1579,7.7368,11.2632,6.6842,7.4211,13,9,6.6842,9,11.5789,10.1053,6,7.4211,7.4211,16,19.3684,19.6842,24.8947,10.5789,24,31.3684,14.0526,18.7368,11.7895,12.1579,20.4211,13.3158,11.3684,14.6842,19.0526,17.6316,9.8947,13.9474,13.2105,13.3684,11,16.3684,14.5263,10,12.5263,12.2105,25.3684,11.1579,7.7895,8.5789,12.6842,9.5789,7.9474,10.4737,14.8947,13,8.3158,9.0526,8.4737,4.2105,6.5789,6.8947,4.9474,3.7368,6.5263,5.9474,4.5263,10.1053,4.6842,4.1053,6.2632,5.0526,5.1053,4.2632,5.4737,4.5789,4,6.4737,4.2105,9.3158,7.0526,5.4211,5.3158,8.1053,6.6842,6.4737,4.8421,5.7368,17.8947,13.6842,7.1053,12.6316,11.3158,5.1053,7.3684,10.1053,7.5789,9,15.1053,22.3158,20.0526,15.4211,15.1579,19.6842,20.2105,18.3158,14.5789,17,31.6316,40,19.7368,34,28.0526,16.9474,19.5789,22.3684,18.5263,22.1053,30.4737,8.9474,12.9474,11.2632,10.5789,6.7895,11.5789,11.4737,8.4211,10.3158,6.6842,7.8947,15.4737,8,6.2105,8.6316,10.6316,10.2105,6.7368,6.8421,7.5789,2.6316,2.3684,2.0526,1.4211,2.2105,2.6842,2,1.8947,1.7368,4.4737,4.4211,2.3158,6,3.8947,1.9474,1.9474,2.6842,1.7368,2.6316,3.5789,10.6842,9.5789,8.3158,7.3684,11.5263,9,9.1053,7.7895,11.7368,15,17.1579,8.8947,15.2632,29.7895,7.9474,11,11.0526,16.2105,22,14.6316,7.0526,6.7895,6.2632,7.2632,4.5263,7.4737,7.1579,5.7895,5.6316,5.1053,5.5789,7.4737,5.3684,3.9474,15.6842,7.5789,7,3.2105,4.8947,5.3158,14.9474,13.7368,17.4211,16.4737,13,14.4737,14.8421,13.8947,13.2105,10.3158,10.5263,14.5263,10.7368,10.2632,12.5263,21.6842,16.5263,7.5789,10.7368,11.0526,11.3684,10.3684,10.9474,9.8947,8.3158,11.3158,10.7368,8,9.4737,10.2632,9.1053,10.6316,10.3158,8.3158,8.3684,13.1053,16.6316,6.3684,8.3158,10.8421,3.7895,3.2105,2.6316,2.5789,3.7368,3.2632,3.4211,3.4211,3.8947,3.4211,4.4737,3,4.2105,5.9474,3.2632,3.5789,3.6842,13.6842,6.6316,3.4737,4.0526,3.3158,3.8947,3.6316,2.8421,3.9474,3.6842,3.2105,5.2105,4.0526,4.4211,3.8421,4.3158,7.1053,2.7895,4.1579,3.9474,5.4737,9.5789,3.7895,9.0526,8.0526,6.7895,6.4211,7.8421,8.3684,7,5.6316,6.6842,13.3158,10.8947,8.0526,11.3158,9.6316,6.6316,7.7368,10.8947,6,7.6316,14.2105
0-211.txt_275,10.25,5.375,5.375,6.125,4.25,5.9375,5.9375,6.0625,5.1875,4.9375,4.875,6.625,5.125,4.6875,6,8.4375,6.1875,2.8125,4.75,5.8125,3.25,6.5625,4,3.9375,1.6875,3.8125,4.1875,2.3125,3.3125,2.375,2.4375,4.75,2.5625,1.5,3.4375,3.625,3.8125,1.125,2.5,3,2.375,2.875,6.1875,3.9375,1.5,2.6875,2.625,3.125,3.75,0.8125,0.75,2.9375,1.5625,1.1875,2.75,3.0625,3.0625,0.5625,1.9375,1.1875,1.5625,1.625,3.375,5.3125,0.375,2.0625,2.875,2.3125,1.5625,0.375,0.375,2.125,0.5625,0.375,1.375,2.0625,1.6875,0.1875,0.875,0.875,2.4375,0.875,1.375,1,4.375,1.1875,1.25,1.0625,0.75,2.25,1.625,1,1.5625,1.5,1.125,2,2.25,0.875,1,2.8125,3.125,4.0625,3.25,3.5625,1.75,6.875,4.875,2.875,4.375,2.1875,2.5,4.25,3.1875,1.75,3.125,3.5,3.25,2.25,2.625,2.75,5.9375,5.125,5.875,6.9375,2.375,7.0625,10.1875,4.5,4.875,3.5625,3.1875,7.625,4,3.25,5.0625,5.9375,4.9375,2.375,3.8125,3.875,9,6.375,9.75,8.6875,4.75,6.8125,7.5,18.6875,6.625,3.25,3.375,8.6875,4.75,4.75,7.4375,9.5625,8.0625,3.375,4.875,4.4375,1.625,1.5625,2.625,1.5,1,2.25,1.625,1.4375,4.75,1,1,1.875,1.375,2.0625,1.1875,1.875,1.625,1.0625,2.5,1,4.5625,3.1875,2.5,2.125,4.4375,3.3125,2.625,1.9375,2.5,9.8125,6.8125,3.125,6.4375,5,2.1875,3.625,5.6875,2.875,4.4375,7.625,2.9375,2.0625,2.4375,1.8125,2.1875,2,1.875,2.0625,2.125,5.1875,6.875,2.125,5.25,4.125,1.5625,2.3125,3.25,2.0625,3.4375,4.8125,5.3125,8.125,6.9375,6.75,2.625,7.25,7.1875,4.0625,5.5,3.5625,4.25,10.625,3.9375,2.875,5.875,5.9375,6.3125,1.9375,4,4.25,2.3125,1.625,1.5,1.25,2.0625,2.3125,1.5,1.1875,1.5625,3.375,3.875,2,5.875,2.9375,1.1875,2.125,2.625,1.875,2.375,3.0625,3.0625,2.625,3.1875,2,3,2.625,2.4375,2.0625,3.4375,4.6875,4.625,2.6875,4.75,11.5,3.1875,3.125,3.125,4.375,6.625,3.6875,1.875,2.25,1.6875,1.5625,0.875,1.9375,1.875,1.125,1.5,1.25,0.875,2.5625,1.25,1.0625,5.4375,2.4375,2,0.625,1.6875,1.1875,8.875,6.4375,7.875,7,6.1875,7.625,7.625,6.9375,6.1875,5.5625,5.4375,8.25,6.3125,5.5,7.4375,13.125,9.0625,3.8125,5.3125,6.6875,5.75,4.875,6.25,5.1875,4.9375,5.75,5.75,3.9375,5.125,5.375,5.0625,6.4375,5.375,3.5625,4.75,7.25,10.75,2,4.375,6.4375,2.3125,1.4375,1.375,1.1875,1.5,1.75,2,1.875,2.625,1.8125,1.75,1.75,1.8125,3.1875,1.125,2.0625,2.25,2.6875,4.375,1.875,7.5625,4.8125,4.25,4.1875,5.8125,5.0625,5.25,4,4,8.8125,7.125,5.75,7.9375,4.625,5.25,5.8125,8.1875,2.4375,4.625,12,0,0,0,0,0,0,0,0,0,0,0,0,0,0,0,0,0,0,0,0
0-211.txt_277,3.5882,1.3529,1.4706,1.4118,1.5882,1.6471,1.7059,2,1.3529,1.4118,1.3529,1.5882,1.4706,1.1176,1.5294,2.4706,2,1.1176,1.5882,1.8235,0.8824,2.1765,0.9412,0.7647,0.4118,1.2941,1.1765,0.9412,1.2353,0.7647,0.6471,1.4706,0.7647,0.4118,0.5882,1.2941,0.8824,0.3529,0.7059,0.8235,3.1765,3.6471,8.1765,5.1176,2.0588,4.5882,3.8824,3.7059,4.2941,2.4706,2.2941,4.2353,2.8235,2.4706,2.5882,4.5882,4.4118,2.1176,3.4118,2.6471,3.2941,2.8824,4.5294,8.1176,1.5294,3.5294,4.5294,3.4706,2.7647,1.7647,1.3529,4.1176,1.8235,1.0588,2.5294,4.3529,3.9412,0.6471,1.5882,2.0588,1.4706,0.5882,0.7647,0.5882,5,0.5882,0.5294,0.8235,0.6471,1.1765,1.2353,0.5882,1.1765,1.2353,0.5882,1.4118,1.2353,0.8824,1,1.3529,1.8824,2.3529,2.5294,1.9412,1.2353,4.2353,2.7059,1.2941,2,1.6471,1.4706,2.8824,1.8235,1.1176,1.4706,2.2941,2.7647,1.0588,1.5294,1.8235,3.5294,3.8235,3.5294,4.2941,1.7647,4.7059,7.0588,3.1176,3.3529,2.1765,2.0588,4.7059,2.5882,2.2353,3.4118,3.8235,3.9412,2,2.8235,2.5294,4.0588,2.4118,3.7647,3.0588,2.0588,3.5294,2.9412,7.1765,2.4706,1.7059,1.5882,2.9412,2.1765,1.5294,2.1176,3.5882,3.2353,1.7059,1.7647,2.2941,1,1.2941,1.3529,1.0588,0.4706,1.4706,1.6471,0.6471,3.2941,0.4706,0.5882,1.4118,0.8824,1.0588,0.7647,1.3529,1,0.8235,1.9412,0.5882,2.4706,1.5294,1.5294,1.6471,2.1176,1.6471,1.6471,1.7059,1.6471,5.2353,3.6471,1.7647,3.2353,3.7647,2.1176,1.9412,2.7647,2,2.8235,4.0588,1.4118,1.2941,0.8824,0.8235,1.2941,1.4706,1,0.7059,1.0588,2.1176,3.4118,1.3529,2.4706,2.7059,0.8235,1.5294,1.7647,1.3529,1.8824,1.8824,5.8824,8,6.9412,6.2353,3.1765,7.4706,7.5882,5.3529,5.6471,4.3529,4.3529,12.0588,5.4118,3,5.2353,6.8824,6,3.0588,4.2941,5.0588,1.1176,0.9412,0.7059,0.5294,1,1.2353,0.7647,0.5882,0.8235,1.8824,1.9412,1.1765,3.1765,1.2941,0.7059,1,1.1765,0.8824,1.0588,1.8235,3.2353,2.9412,2.7647,2.7647,3.1176,2.7647,2.8824,2.2353,3.6471,4.0588,4.5294,2.6471,4.0588,9.3529,2.5294,3.5294,3.5882,4.5882,7.1176,3.8824,2.2353,1.7059,1.7059,2.2353,1.1765,2.2353,2.2353,1.6471,1.5882,1.2353,1.2353,2.2353,1.5294,1,5,2.0588,1.9412,1.1176,1.4118,1.5882,3.8824,2.6471,3.4706,3.1176,2.2941,2.9412,3.3529,3.2941,2.5294,2,2,3.1765,2.3529,1.9412,2.9412,5.6471,3.6471,1.5294,2.2353,2.4118,4.2941,3.5294,4.3529,4.0588,3.1765,4,4.2941,3.0588,3.1176,3.4118,3.2941,4.4118,3.4706,3.0588,4.0588,5.3529,8.2941,2.4706,3.4118,3.7647,1.7059,1.4706,1.7647,1.1765,1.8824,1.8235,1.7647,1,3.4118,2.3529,2.1765,1.5294,2.1176,3.7059,1.0588,2,2,2.8824,5.7059,2,2.4118,1.7647,1.5294,1.8824,1.7059,2.0588,2.6471,1.4118,1.4118,4,3.0588,2,2.8235,2.2353,2.0588,2.2353,3.1176,1.2941,1.9412,4.6471,0,0,0,0,0,0,0,0,0,0,0,0,0,0,0,0,0,0,0,0
0-211.txt_279,21,8.6667,10.4,9.3333,8,9.7333,8.8667,14.5333,7.7333,11.0667,9.6,11.0667,11.1333,8.8,7.6667,14.4667,12.3333,5.7333,9.0667,11.4,3.2667,8.4667,4.4667,3.6667,1.7333,4.6667,3.9333,3.6,4.1333,2.5333,3,6.6,3.0667,2.4667,2.8,3.5333,3.9333,1.9333,3.3333,2.7333,10.1333,10.4667,21.4,16.2667,5.4667,11.7333,11,11.5333,11.2667,6.9333,6.8,12,7.9333,6.3333,7.0667,12.9333,11.7333,5,7.9333,8.5333,7.8667,8.7333,13.8667,19.4,3.8,9.5333,11.6,9.8667,7.9333,4.8,4,9.4667,5.1333,3.4667,5.9333,10.0667,8.9333,3.5333,5,5.6667,5,4.6,5.5333,4.4,2.0667,8.8,5.3333,3.6667,5.1333,2.7333,3.3333,5,3.3333,2.8667,2.9333,5.0667,4.9333,2.7333,3.4,3.4667,4.5333,4.2,6.0667,7.4,2.0667,6.2667,8.3333,4.5333,4,3,2.7333,5.2667,2.9333,2.2,3.2667,5.1333,4.8667,2.4667,3.2667,4,20.6667,11.8,17.9333,15.4667,9.2667,15,13.2,32.6667,13.2,10.1333,9.5333,15.4667,11.0667,9.8,11.7333,20.1333,17.1333,9,10.8,12.8667,5.1333,2.8667,2.8,2.1333,3.0667,2.9333,2.8667,2.4667,2.4667,7.6667,7.2667,3.2,5.4667,5.7333,2.6667,3.8,5.2,3.4,4.6667,7.1333,8.0667,5.4,5.4,4.4667,4.6,6.6667,6.1333,5.0667,5,9.3333,13.2,5.1333,9,10.2667,4.3333,6.9333,7.2,4.4667,7.5333,9.3333,6.0667,8,7.7333,7.0667,2.8,8.1333,7.5333,5.5333,6.3333,4.5333,4.2,12.5333,4.7333,3.8667,4.7333,7.2667,6.5333,3.5333,4.5333,4.4667,1.4667,1.4667,1.6667,1.2667,1.0667,1.7333,1.2,1,1.4,2.1333,2.1333,1.6667,3.8,1.8667,0.9333,1.4,2,1.0667,1.6,1.8667,5.1333,3.9333,3.3333,3.2667,3.6,4.3333,3.4,3.8,4.7333,8.0667,8.1333,4.2667,7.5333,14.3333,3.6667,4.2667,4.6667,6.2,9.8667,7.4,1.9333,1.4667,1.1333,1.6667,0.9333,1.7333,1.5333,1.5333,0.9333,1.5333,1.5333,1.7333,1.4,0.8,3.4667,1.6,1.7333,0.6667,1.1333,2.1333,6.6,5.0667,7.5333,6.5333,3.2,5.9333,6.4667,6,5,3.1333,3.2,6.1333,3.8667,3.0667,4.2,9.0667,7.9333,2.4667,4.2667,3.7333,8.4,6.6,8.4,7.4,4.6667,8.2,7.8667,7.4667,6.2,6.6,6.3333,7.4667,6.5333,5,5.2667,9.7333,13.0667,3.8,6.1333,8.1333,0.6,0.3333,0.2667,0.2667,0.4,0.4,0.2667,0.2667,0.8667,0.9333,0.8,0.3333,0.6,0.8667,0.2667,0.3333,0.4,1.8667,1.3333,1,7.9333,7.0667,8.6667,6.3333,5.1333,8.5333,7.4667,6.9333,10.6667,7.5333,8.7333,7.8667,7.6667,14.1333,4.4667,8.2,8,11.1333,24,8.2,11.0667,5.6,6.2667,5.1333,5.4667,6,5.9333,5.6667,5.1333,11.4667,10.6667,6.0667,9.2667,8.8667,5.4667,7.6667,9.6667,5.3333,8.6667,14.5333,0,0,0,0,0,0,0,0,0,0,0,0,0,0,0,0,0,0,0,0,0,0,0,0,0,0,0,0,0,0,0,0,0,0,0,0,0,0,0,0
0-211.txt_281,30.5625,17.6875,21.875,19.5625,14.125,20,17.9375,23.0625,15.9375,19.5,20.125,18.9375,17.9375,16.5625,20.3125,27.25,25,14.75,20.625,22.0625,13.625,23.375,15.625,15.6875,7.4375,16.875,15.3125,12.125,13.3125,10.6875,11.1875,18.125,12.3125,10.75,11.6875,15.3125,15.8125,8.125,13.5,10.875,22.0625,23.375,38.5,27.5,11.75,25.1875,21.75,23.0625,21.25,16.625,15.9375,22.8125,16.5625,15.75,16.5625,27.625,25.8125,15.125,20.9375,17.8125,17.125,16.875,24.375,27.875,9.3125,19.9375,20.4375,17.3125,16.5625,11.0625,12.875,18.6875,12.375,12.75,15.8125,19.4375,18.25,11.125,15.6875,13.1875,0.8125,0.75,0.9375,0.75,1.0625,0.8125,0.75,0.875,0.875,0.8125,0.6875,0.875,0.6875,0.9375,0.8125,1,0.8125,0.875,0.875,0.9375,12.625,14.0625,15.3125,14.75,7,18.125,14.3125,11.625,13.875,9.4375,9.5,14.25,10.1875,10.125,9.9375,13.5,12.625,10.6875,14.25,10.6875,15.1875,17.125,17.8125,19.8125,7.25,19.375,23.5,13.9375,13.875,9.5625,9.6875,18.1875,10.8125,10.8125,13.8125,17.5625,18.25,10,13.9375,10.75,32.8125,25.6875,33.375,30.4375,18.0625,28.125,25.5,50,24.125,21.25,20.625,27.0625,22,22.125,26.1875,33.1875,29.1875,20.4375,23.1875,21.625,3.25,4.75,5.125,4.5,1.75,4.5,4.3125,2.75,7,3,2.9375,4.9375,3.3125,3.75,2.6875,4.25,3.75,3.1875,5.0625,3.25,13.0625,11.25,10.3125,8.875,8.625,11.8125,10.3125,8.4375,10.5,21.5,17.5625,10.5625,15.9375,16,8.6875,11,14.3125,9.9375,16.25,18.8125,21.5625,15.625,16.5625,14.375,14.375,16.75,14.4375,16.625,13.8125,27.125,31.5625,14.3125,23.0625,26.25,15.4375,18.5625,22.625,20.125,22.6875,26.9375,11.3125,15.8125,13,14.125,6.3125,15.3125,14.1875,10.5,11.4375,9.1875,9.1875,19.1875,9.3125,10.0625,9.6875,13.5,13.3125,8.125,12,9.6875,4.8125,3.9375,3.9375,3.3125,2.375,4.4375,3.8125,2.875,2.875,5.25,5.875,3.75,7.5,5.875,2.75,4.1875,5.3125,5.375,5.1875,5.3125,5.5,4.375,5.0625,4.4375,3.5625,4.8125,4.25,5.875,5.75,7.4375,7.4375,4.1875,5.875,11.5,3.9375,5.75,6.875,8.25,10.3125,6.9375,12.25,10.75,11.125,12.0625,5.8125,12.5,11.0625,10,8.625,7.375,7.5625,10.5,7.9375,8.0625,20.1875,12.0625,11.6875,7.75,9.1875,8.375,21.0625,17.9375,23.375,20.4375,11.0625,19.25,17,20.8125,16.6875,15.5625,15,18.1875,15.6875,16.375,17.5625,27.25,24.375,11.6875,19.4375,15.875,26.3125,25.5,29.375,24.5625,14.9375,26.625,22.6875,25.25,19.75,23.375,22.25,25.375,22.4375,21.6875,19.9375,32,38.6875,17.8125,25,23.875,6.6875,5.6875,5.8125,5.625,3.9375,6.5,5.25,5.4375,7.4375,7.5625,8.9375,5.375,6.375,11.5625,5.5,7.1875,7.25,15.875,13,7.625,11.75,11.25,12.3125,10.5625,7.4375,12,10.1875,11.6875,12.6875,10.75,11.4375,11.5625,10.9375,16.625,8.8125,12.625,12.8125,14.8125,23.8125,11,16.75,12.0625,12.75,11.125,10.1875,13.4375,12.25,12.25,12,23.125,20.25,12.6875,17.9375,16.5,11.5625,15.5,18.0625,14.5625,17,25.1875
0-211.txt_283,14.7333,5.6,6.6,5.8,6.9333,7.7333,6.2667,11.5333,5.2667,5.6667,6.2,6.8667,7.4,4.2667,6.4,11.2,8.4,3,4.6,7.2667,3.0667,6.8,2.8667,2.0667,1,3.6,2.6667,2.4667,2.7333,1.8,2,4.6667,3.1333,1.8,1.8,2.8,3.0667,1.2667,2.6,2.3333,2,2.1333,4.0667,2.4667,0.8,1.9333,1.9333,2.2667,1.9333,1.0667,1.2667,2.2,2.0667,1.1333,1,2.4,2.1333,0.9333,1.7333,1.0667,1.6,1.3333,2.1333,3.8667,0.2667,2.1333,3.3333,1.3333,1.3333,0.3333,0.2667,1.6667,0.6667,0.2667,1.0667,1.7333,1.2667,0.2,0.6,0.4667,1.2667,0.3333,0.4667,0.2,3.2667,0.4,0.2667,1.4,0.3333,1,0.9333,0.3333,0.8,0.9333,0.3333,1,0.9333,0.4,0.6,1.3333,1.2,0.9333,1.2667,1.7333,0.2667,1.7333,2.3333,0.8667,1.4667,0.4,0.6667,1.2667,0.6667,0.3333,0.8667,1.2667,1.2,0.7333,0.6,0.4667,8.2667,3.7333,5.9333,4.2667,2.8667,5,4.1333,14.8667,3.7333,2.7333,3.0667,5.1333,4.6,2.4,3.2,6.8,5.5333,2.0667,2.6667,4.0667,0.6,0.8,0.6667,0.3333,0.2,0.8667,0.5333,0.6,1.2667,0.2,0.3333,0.5333,0.6667,0.4,0.5333,0.5333,0.6667,0.4,0.9333,0.3333,3.8667,1.4667,1.6667,0.8,2.4,1.6667,1.1333,1.2667,1.4667,6.5333,5.2667,1.6667,4.9333,4.6,1.6667,2.2667,3,1.6,2.8667,5.2,2,0.9333,0.9333,0.6667,1.6,1.0667,0.8667,1.2667,0.9333,2.9333,3.4667,0.9333,2.6667,2.3333,0.8667,2,2.3333,1.1333,2.0667,3,1.2,2.1333,1.4,1.1333,0.4,2.1333,1.8667,1.4667,1,0.6,0.7333,2.6667,0.7333,0.5333,1,1.5333,1.4,0.4,0.8667,1.2667,0.6667,0.5333,0.4,0.3333,0.5333,0.6667,0.4667,0.3333,0.6,1.2,1.4,0.5333,2.3333,1.2667,0.3333,0.6667,0.6667,1,1.2,1.0667,2.1333,0.6667,0.7333,0.2667,2.4667,0.7333,0.6,0.8,1.0667,3.1333,2.5333,0.7333,2.1333,4.8,0.4667,1.7333,1.9333,1.6,3,2.6,2.8667,2.1333,2.4667,2.2667,1.2,2.4667,2.4667,2.4667,1.9333,1.6,1.8667,2.9333,2,1.5333,7.9333,3.3333,2.9333,2.6,2,1.7333,3.3333,2,2.6,2.2,1.6667,3,2.5333,2.9333,1.8667,1.8,2.4,2.4667,2.4667,1.5333,2.2667,4.2667,3.4,0.9333,1.6,2,2.7333,1.6667,1.9333,1.2,2,1.7333,1.4,2.0667,1.1333,1.8,2.0667,2,2.6,1.0667,1.2,2.4667,3.7333,0.6,1.0667,2.0667,1.0667,1,0.6667,0.6,0.6667,0.7333,0.7333,0.4667,0.6,1.9333,1.8,0.9333,1.8,2.2,1.5333,1.2,1.3333,3.6667,2,1.5333,0.4667,0.3333,0.6667,0.9333,0.2667,0.6667,0.4667,0.2667,0.4667,0.6,0.4,0.4,0.7333,0.8,0.2,0.5333,0.4,0.9333,1,0.4,3.1333,2.3333,1.5333,1.5333,1.6,2.2667,1.8667,1.2667,1.8,3.8667,3.6,2.3333,3.4667,3.5333,2.4667,2.7333,2.6,1.3333,3,4.7333,0,0,0,0,0,0,0,0,0,0,0,0,0,0,0,0,0,0,0,0
0-211.txt_285,25.7222,13.7778,13.6111,14,14.2778,15.7778,16.1667,13.4444,11.3333,14.4444,15.7778,14.6667,16.2778,10.6111,12.8333,20.1667,17,6.5,10.9444,16.6667,9.1667,15.1667,9.7222,8.2222,5.7778,11.8333,10.3333,6.0556,7.3889,5.7778,6.9444,12.1111,7.2222,4.6667,7.6667,9.2222,8.8333,3.8889,6.1111,6.9444,23,22,37.0556,30.5556,16.3333,29.6111,28.7222,21.6667,24.5556,18.6667,18.0556,25.6667,19,13.3889,21.3333,27.0556,24.2778,10.5556,16.6111,20.2778,17.7778,17.0556,24.1111,35.2778,10.5,22.9444,26.6667,16.2778,17.9444,14.2222,14.4444,20.3333,14.5556,10.8333,17.3333,21.6111,19,8.8333,12.4444,15.1111,5.5556,2.6111,3.0556,3.2222,10.7222,3.4444,2.8889,3.1667,3.0556,4.7222,5.1667,2.8333,5.5556,4.9444,3.7222,4.3333,4.6667,3.3889,3.3889,5,11.3333,13.0556,12.5,13.3333,5.6667,19,14.3333,7.2222,9.8333,8.6667,8.1111,14.1667,10.3889,6,10.7778,12.2778,10.8889,5.1667,7.8333,9.1111,14.0556,14.7222,16.5,19.5556,7.2778,19.7778,25.9444,10.6111,15.2778,10.1667,11.1667,17,11.3889,8.9444,13.7778,16.1111,14.5556,5.8889,10.7778,10.8889,14,10.8333,13.3889,13.1111,7.5556,13.3889,12.6667,19.7778,11.4444,9.5556,9.7778,12.5,11.3333,7.2222,9.7778,13.2222,11.7222,6.3889,8.2222,10.5556,3.7778,4.2222,4.3333,3.8889,1.8333,5.2778,4.7778,2.7778,6.7222,3.0556,3.2778,4.2222,3.1667,3.0556,3.3889,3.8889,3.4444,2.5556,4.0556,3.1667,19.1111,12,11.6111,11.6111,16.5556,12.8889,12.2778,10.4444,11.8333,34.3889,28.8333,13.2778,25.4444,22.3889,12.2222,14.3889,17.3333,11.7222,17.5,28.4444,29.6111,22.5,18.7778,16.7778,24.5,25.1667,22.0556,15.5556,20.2778,47.5,58.7222,23.8889,45.6111,40.4444,18.6111,24.3333,30.7222,22.1111,29.1111,41.8889,14,19.3333,16.2778,15.8889,7.0556,19.1111,18.8333,10.8333,14.4444,10.0556,12,23.3333,11.3889,9.1111,13.8889,16.1667,15.1667,7.2222,10.7222,11.3333,5.1111,4,3.9444,3.7778,3.9444,4.6111,4.0556,3.5556,4.2778,7.0556,8,4.2222,10.1111,6.5,4.6667,4.5,5.1111,3.3889,4.8889,5.9444,8.6667,6.7222,6.2222,5.3889,7.2778,7.1667,6.6111,4.8889,9.1111,12.8889,14,6.6111,11.1111,18.6667,5.5556,8.1111,8.7222,9.3333,13.1111,12.2222,12.1667,10.2778,12,13.9444,6.7778,14.5,14.4444,10.2222,9.8889,7.8889,8.8889,12.8889,8.8333,6.6111,26.0556,12.5556,12.0556,5.9444,7.5556,9.3889,27.5556,19.1111,23.0556,24.5,20.2222,23.7222,22.8889,19.5,19.9444,19.0556,19.9444,21.8333,18.2222,15.3333,18.9444,33.1111,25.9444,12.7222,17,20.2778,11,7.3889,9.1667,7.5556,8.5,7.9444,8.1667,7.2778,7.0556,8.5,9,8.5,8.9444,6.5,7,10.4444,12.7222,3.5556,6.7778,9.2222,2.8889,2.7778,2.6111,2.7778,2.6667,2.9444,2.7222,2.3889,2.6667,2.5556,3,2.7778,2.3333,3.6111,2.2778,2.7778,2.5,9.8889,4.5556,2.4444,8.7778,8.3333,8.3333,7.9444,6.4444,8.6667,9.2778,5.5,11.2222,9.5556,10.7778,8.2778,9.3333,12.8333,6.2222,9.2222,8.5,8.2778,17.5,9.3333,16,10.3333,10.6667,10.1111,10.5556,12.7778,11.7222,7.8333,10.1111,20.2222,18,11.1111,16.2778,13.6667,10.2778,12.2778,16.2778,6.0556,13.5,24.2222
0-211.txt_287,18.5,10.7778,12.2222,11.2222,11.1111,12.3889,12.1667,10.2778,10.3333,12.1667,12,11.8333,12.5556,10.0556,10.8333,14.1111,13.1111,8.7222,10.9444,12.7778,9.2778,17.3889,10.3333,9.5,5.1667,11.8889,10.5556,8.2778,9.5,7.1111,8.0556,12.9444,8.6111,6.8333,7.7222,9.5556,9.6667,6.1667,8.3333,7.3889,14.2778,16.3889,29.1111,20.0556,8.7778,16.7778,16.7222,14.8889,16.1111,9.4444,9.7778,16,12.1111,8.8333,13.6667,18.8889,15.5556,7.6667,11.3333,10.2778,13.5556,14.6667,18.5556,27.3889,8.4444,16.5,20.0556,13.3333,14.9444,10.2222,10.8333,16.3333,11.6111,9.6667,12.3889,16.2222,15.0556,7.8889,11.6111,10.6111,3.1667,2.2222,2.7222,2.5,6.8889,2.3333,2.1667,3.0556,2.6667,3.3333,2.8333,2.5,3.4444,3,2.4444,3.2222,3.8889,2.8333,3.3333,3.2778,7.6111,8.8889,9,9.2222,4.6111,14.9444,10.8333,7.3333,9.6111,6.3889,6.2778,9.7778,7.4444,4.7222,7.5,9.2222,8.6667,4.7778,7,7.2222,15.6111,18,18.1667,18.7778,9.3333,19.9444,27.5556,13.3889,17.5,11.6111,13,19.4444,12.7222,11.7222,13.6111,16.8333,15.1111,9.1667,14.3333,13.7778,15.1667,12.0556,15.6111,14.7222,9.4444,13.1111,13,27.1667,12.7222,8.3889,8.7222,13.8333,10.2222,8.7778,11.1667,15.6667,13.5,9.1111,10.3333,9.3889,6.2222,7.2222,8.7222,7.7778,4.1667,8.1667,8.5556,5.8333,16.8333,5.2778,6.6111,7.5,7.1111,8,5.7778,7.7222,6.5556,6.5,10.9444,5.3889,15.3333,11.1111,10.0556,10.8889,12.5,12.8333,11.6667,9.1667,10.8333,28.6667,22.4444,11.7222,19.7778,16.7222,12.0556,13.3889,15.8333,11.1667,15.3333,23.4444,16.7222,14.3889,12.6111,12.0556,15.4444,15.7778,14.7778,11.8333,14.7222,22.1111,29.7778,14.5,23.0556,21.0556,13.3333,15.1111,17.7778,15.2222,18.9444,20.9444,14.7222,19.8333,16.4444,16.4444,9.1667,19,17.1667,13.5,16.6111,11.6667,12.6667,24.7778,12.3333,12.2778,13.5556,16.0556,17.1111,9.4444,14.6667,12.3333,5.1111,4.3333,4.3889,4.9444,3.6667,5.2222,4.3333,3.8889,4.1667,6.6667,6.7222,4.2778,10.3333,6.1111,4.2778,5.4444,5.6111,4.7222,4.6667,6.5556,11.7222,9.5,9.8889,8.6667,9.5,10.0556,9.3889,9.5556,14.6667,17.8333,17.9444,10.3333,15.6111,30.8333,8.1111,11.7222,11.8333,18.8889,23.5556,16.1111,10.0556,9.5,8.6111,8.4444,6.2778,9.3889,9.7778,8.3333,7.8333,7.4444,8,10.2778,8.1111,6.4444,22.0556,9.7222,9.0556,7.2778,7.9444,8,22.6667,19.8333,21.8889,20,15.2222,20.6667,20.3889,19.4444,19.7778,14.6667,14.1667,20.6111,16.0556,13.6111,17.5556,31.5556,24.1111,12.8889,15.1111,17.0556,17.6111,14.6667,17.1111,16.9444,11.6111,17.5556,17.8889,14,13.5,14.5556,13.5556,16.5,15.3333,12.2222,16.3889,21.7222,29.3333,10.7222,14.6667,17.5556,5.4444,5.8333,4.1667,3.7778,5.1667,5.2778,4.7778,4.6111,5.5,5.5,6.4444,4.8333,6.1111,9,3.7778,4.9444,5.7778,21.3333,10.3889,5.3333,11.6111,11.1667,10.9444,9.2222,9.2778,12.6667,11.7222,8.1111,18.5,12.6111,14.1667,10.3889,12.4444,19.1111,9.5556,12.6111,13.0556,15.9444,29.4444,13,18.2222,11.5556,11.9444,11,15.1111,13.2222,12.6111,10.6111,11.6667,26.5,22.2222,13.5,21.6111,18.4444,12.0556,15.5,19.0556,10.6667,15.4444,30.8889
0-211.txt_289,2.8235,1.4706,1.5294,1.6471,1.3529,1.6471,1.5882,1.2941,1.3529,1.8824,1.8824,2.0588,2.0588,1.5294,1.6471,1.8824,1.8824,0.5882,1.1765,2.2353,1.1765,3.7647,1.7647,1.1176,0.8824,2.3529,1.8235,0.8235,1.5294,1.1765,1,2.8235,1.1176,0.6471,0.8824,1.5882,2.1176,0.5294,1.4118,1.2353,0.8235,1.1176,2.0588,1.8824,0.3529,1.1765,1.2941,1.5882,1.3529,0.4706,0.2941,1.5294,0.5294,0.4706,0.5882,1.4706,1.4706,0.2941,0.6471,0.5882,1.9412,1.7647,3.3529,4.7647,0.6471,2.1176,3.4706,2.7059,2.0588,1.1765,0.8235,2.4118,1.0588,0.9412,1.4706,2.5882,2.2941,0.4118,0.9412,1.1176,1.6471,0.9412,0.7059,0.6471,3,1.5294,0.8235,0.8235,1.1176,2.0588,2.0588,1.4118,2.1765,2.8824,0.7059,1.7647,1.3529,2.1176,2.2353,2.3529,2,1.7647,2,1.9412,1.2353,2.8824,2.6471,1.1765,2.2941,1,0.8824,2.3529,1.4118,0.9412,1.6471,1.9412,2.0588,0.5882,1.1176,1.3529,3.5294,3.4118,3.8824,4.3529,1.7059,4.1765,6.3529,2.3529,3,2.4706,2.4706,5.2941,2.7059,1.7059,2.4706,3.6471,3.8824,1.1176,2.5882,3.5882,3.2941,1.7059,4.5294,4,1.0588,2.1765,2.7647,6.9412,2.1176,0.8824,0.7647,2.2353,1.1765,1.0588,2.1765,3.4118,2.2353,0.8235,1.3529,1.1765,1.2353,1,1,1.2353,1.4118,1.2941,1.8235,0.6471,1.4118,3.2353,1.8824,1.2941,2.1176,2.5882,0.8235,1.7059,2,2.5882,2.0588,2.6471,1.7647,1.6471,1.0588,0.7647,2,1.5882,1.1765,0.9412,1.1765,4.4118,5.1765,2,4.7647,4.6471,1.0588,1.7059,2.1765,2.2353,3.1176,4.1176,3,5.4706,4.8235,4.5882,1.1765,5.6471,6.4118,2.5294,4.2353,1.5882,1.6471,8.0588,2.6471,1.4118,3.1176,3.8235,4.4118,1.6471,2.5294,2.1176,1.5882,1.1176,1.2353,0.8824,1.2353,1.2941,0.9412,0.5882,1.5882,1.8235,2.3529,1.3529,3.2941,1.5294,0.5882,1.2941,1.2941,1.4118,1.2353,1.9412,0.8235,0.5882,0.8824,0.5294,1.1176,0.8235,0.5294,0.3529,1,1.4118,1.4118,0.7647,1.6471,2.5294,0.3529,0.7647,1,1.5294,1.4118,1.2353,1.2941,1.0588,1.2941,1,0.8235,1.4118,1.4118,0.9412,0.7647,0.7059,0.6471,1.1765,0.7647,0.6471,0.8235,2.2941,2,0.4706,1.0588,1,4.7059,4.4118,4.7059,4.1765,3.4706,4.8235,5.5882,3.6471,4.5294,5.7059,3.3529,5.9412,4,3.1765,3.1176,6.3529,9.3529,1.8235,3.9412,6.5294,0.3529,0.2941,0.2941,0.4118,0.4118,0.2941,0.2941,0.6471,0.5294,0.2941,0.2941,0.4118,0.3529,0.7059,0.4118,0.4118,0.2941,1.7647,0.8824,0.4706,0.2941,0.2353,0.2353,0.1765,0.2353,0.2353,0.2353,0.1765,0.5882,0.4706,0.5882,0.2353,0.5294,1.2941,0.1176,0.6471,0.3529,0.7647,1.5294,0.5294,2.9412,1.7059,1.8824,1.5882,1.7647,2.6471,2.2353,1.5294,1.4706,4.3529,3.5294,2.2941,3.8235,2.1765,1.5882,2.3529,3.8824,1.0588,2.4706,5.5882,0,0,0,0,0,0,0,0,0,0,0,0,0,0,0,0,0,0,0,0,0,0,0,0,0,0,0,0,0,0,0,0,0,0,0,0,0,0,0,0
0-211.txt_291,30.8571,11.5714,7.7143,7.7143,15.4286,11.5714,11.5714,15.4286,7.7143,11.5714,11.5714,11.5714,11.5714,7.7143,11.5714,19.2857,15.4286,3.8571,7.7143,15.4286,10.5,31.5,14,7,3.5,17.5,14,7,14,3.5,7,21,10.5,3.5,7,10.5,10.5,3.5,7,3.5,0.4286,0.8571,2.1429,1.0714,0.2143,0.8571,0.8571,0.8571,1.0714,0.2143,0.2143,0.8571,0.4286,0.2143,0.4286,1.0714,0.8571,0,0.4286,0.2143,0.8571,0.8571,2.1429,4.2857,0.4286,1.7143,2.5714,1.2857,1.2857,0.4286,0,1.2857,0.4286,0.4286,1.2857,1.7143,1.2857,0,0.4286,0.4286,1.7143,0.4286,0.4286,0.4286,5.5714,0.4286,0,0.8571,0.4286,1.2857,1.2857,0.4286,1.2857,0.8571,0.4286,1.2857,1.2857,0.8571,0.8571,1.2857,4.2857,7.1429,5.7143,5.7143,1.4286,12.8571,8.5714,2.8571,5.7143,1.4286,2.8571,7.1429,5.7143,1.4286,4.2857,5.7143,4.2857,2.8571,4.2857,2.8571,2.7857,3.7143,3.7143,5.5714,0,5.5714,8.3571,1.8571,3.7143,0.9286,0.9286,4.6429,1.8571,0.9286,2.7857,3.7143,2.7857,0.9286,1.8571,1.8571,24.2857,12.1429,24.2857,18.2143,12.1429,12.1429,12.1429,60.7143,12.1429,0,0,12.1429,6.0714,6.0714,12.1429,24.2857,12.1429,12.1429,6.0714,6.0714,2,4,5,3,1,4,4,2,12,1,1,3,2,3,2,3,2,2,6,1,0.8571,0.2857,0.2857,0.2857,0.8571,0.2857,0.2857,0,0.2857,2.2857,1.7143,0.2857,1.4286,1.1429,0.2857,0.5714,0.8571,0.2857,0.8571,2,6.8571,4.5714,2.2857,0,6.8571,4.5714,2.2857,0,2.2857,13.7143,18.2857,4.5714,13.7143,9.1429,2.2857,4.5714,6.8571,4.5714,6.8571,11.4286,1.0714,2.1429,1.4286,1.0714,0.3571,1.7857,1.7857,0.7143,1.0714,0.3571,0.7143,2.8571,1.0714,0.3571,1.0714,1.4286,1.0714,0.3571,0.7143,0.7143,0.4286,0.4286,0.2857,0.1429,0.4286,0.5714,0.2857,0.1429,0.2857,0.7143,0.8571,0.4286,1.2857,0.5714,0.2857,0.4286,0.4286,0.4286,0.4286,0.7143,0.8571,0.4286,0.4286,0.4286,0.8571,0.4286,0.4286,0.4286,1.2857,1.7143,1.7143,0.4286,1.7143,4.2857,0,0.8571,0.8571,2.1429,3,1.2857,10.2857,6.8571,6.8571,10.2857,3.4286,10.2857,10.2857,6.8571,6.8571,3.4286,3.4286,10.2857,6.8571,0,37.7143,10.2857,10.2857,0,3.4286,6.8571,17.8571,10.7143,17.8571,14.2857,10.7143,14.2857,14.2857,14.2857,10.7143,7.1429,7.1429,14.2857,10.7143,7.1429,10.7143,28.5714,17.8571,3.5714,7.1429,7.1429,8.2857,6.2143,8.2857,6.2143,6.2143,6.2143,6.2143,4.1429,4.1429,6.2143,6.2143,6.2143,6.2143,4.1429,6.2143,10.3571,18.6429,4.1429,4.1429,8.2857,1.4286,1.4286,0,0,2.8571,2.8571,1.4286,2.8571,2.8571,1.4286,2.8571,1.4286,4.2857,7.1429,0,1.4286,2.8571,20,8.5714,1.4286,5.4286,1.3571,1.3571,1.3571,4.0714,2.7143,2.7143,1.3571,1.3571,9.5,6.7857,2.7143,6.7857,4.0714,2.7143,2.7143,5.4286,1.3571,4.0714,10.8571,0,0,0,0,0,0,0,0,0,0,0,0,0,0,0,0,0,0,0,0
0-211.txt_293,4.6111,1.8889,1.8333,1.7222,2.1667,2.4444,2.6111,2.7778,1.7222,2.3889,2.5,2.2222,2.2778,1.9444,2.2778,2.7222,3.0556,1.5,2.2222,2.7778,1.4444,3.2222,1.8333,1.6667,0.8333,1.8333,1.7778,1.6111,1.8333,1.3333,1.3889,2.3889,1.7778,1.0556,1.1667,1.7778,2.0556,1.3333,1.2222,1.3333,2.4444,2.5556,5.6667,3.9444,1.6667,2.8889,3.3333,3.1111,2.7778,2.0556,2.4444,3.0556,2.5,2,2.2222,3.3889,3.1667,1.4444,2.3333,2.1667,3.1667,2.8889,3.9444,6.9444,1.8889,3.7222,4.2222,3.1667,2.7222,2.1111,1.9444,3.6111,2.2222,1.7222,2.6111,4,4.2778,2,2,2.2222,1.9444,0.7778,0.9444,0.6667,5,0.9444,0.6667,1,0.8333,1.6667,1.5556,0.8889,1.3889,1.3889,0.8889,1.6111,1.5,1,1.1667,1.8333,2.3333,3.3333,3.3333,3.2778,1.2222,4.6667,3.8333,1.7778,3,1.3333,1.5556,3.6667,2.1667,1.4444,2,2.9444,2.5,1.3333,2.1667,1.4444,1.1667,1.7778,2,2,0.6667,1.7222,2.3333,0.9444,1.2778,0.8889,0.6667,2.1111,0.9444,0.7222,1.2222,1.7778,1.2222,0.5556,1.1667,1,3.1667,2.2778,3.8333,3.1111,1.5,3.1667,3.0556,5.7778,2.2222,1.1111,1.3333,2.8889,2.0556,1.7222,1.9444,3.3333,2.6111,1.5556,2,1.5556,0.8333,0.5556,0.7778,0.5556,0.5,0.7778,0.6111,0.6111,1.1111,0.4444,0.4444,0.6111,0.5,0.3889,0.5556,0.7778,0.6111,0.3889,0.5556,0.5,2.6667,1.7778,1.6111,1.5556,2.5556,2.2222,1.7222,1.5,1.8333,5,3.9444,1.8889,3.4444,3.5556,2.6111,2.3889,3,2.1111,3.1667,4,2.3333,1.4444,1.0556,0.8889,1.8889,1.4444,1.2778,1.0556,1.3333,3.2222,4.0556,1.3333,3.2222,3.1111,1.2778,1.6111,2.1667,1.7778,2.6111,2.9444,5.7222,7.5556,6.7222,6.6667,3.0556,7.6667,7.2222,4.7222,5.0556,4,3.6667,10.5556,4.8333,3.2222,4.8889,6.8333,5.7222,3,4.1111,4.1111,1,0.8889,1,0.7222,1.3889,1.1667,1.1111,0.9444,0.8333,1.2778,1.4444,1,2.5,1,0.7222,1,1.2778,0.8333,0.8889,1.2222,2.2778,1.6111,1.5556,1.1667,1.8333,1.6667,1.5556,1.5556,2.3889,3.1111,3.5,1.6111,2.9444,6.5,1.2778,1.8333,2.3333,3.1111,5.0556,3.0556,3.1111,2.1667,2.4444,2.3889,1.9444,2.6111,2.3889,2.7778,2.0556,2.2222,2,2.7778,2.3889,2.1111,5.3333,2.7222,2.3889,1.8333,2,2.3889,4.4444,3.6667,4.6111,4.5,2.5556,4.3889,4.2778,3.9444,3.2222,2.0556,2.1111,4.6667,2.6111,2,4.0556,6.1667,4.1667,1.8889,2.6667,2.5556,8.1111,6.5,7.9444,6.8333,5.5556,7.6111,7.8889,6.1667,5.7778,5.6111,5.8333,7.7222,5.9444,4.8333,6.2222,9.5,12.9444,4.9444,5,7.0556,2.1667,2.2222,2.4444,1.9444,3.0556,2.5,2.0556,2.2778,4.6667,2,2.1667,2,2.3333,4.4444,1.5,2.6667,2.2222,3.2778,6.7778,2.2778,6.0556,4,4.1667,4.1667,4.3889,4.2778,4.5556,3.5556,4.4444,8,7.1667,4.1667,6.6111,6.1111,4.2222,4.7778,5.6667,3.6667,5.8333,10.3333,0,0,0,0,0,0,0,0,0,0,0,0,0,0,0,0,0,0,0,0
0-211.txt_295,4,1.5882,1.4706,1.5294,1.9412,2,2,2.2941,1.2941,2.4118,2.1176,2.1176,2.4118,1.7647,1.4706,2.5882,2.4118,1,1.7059,3,0.7647,1.9412,1.2941,0.9412,0.3529,1.2353,1.0588,0.4706,1.1765,1.2353,0.8235,1,0.7647,0.6471,0.9412,1.1176,1,0.4118,0.9412,0.7647,1.7647,2.5294,5.4118,3,1.0588,2.4706,2.5294,2.1765,2.6471,2.1765,1.4118,3.5882,2,2.0588,1.7059,2.7647,2.5882,1,1.8824,1.5294,1.4118,1.4118,2.5294,3.9412,0.5294,2,2.8235,1.4706,1.3529,0.5294,0.4706,1.8824,0.7059,0.4706,1.9412,2.1765,1.8824,0.1765,0.6471,0.5882,1.3529,0.7059,1.4118,0.7059,4.6471,1.1765,0.7059,1.1765,1.0588,1.0588,1.2353,0.8824,1.1176,0.8235,1.2353,1.6471,1.5294,0.8235,0.8824,1.1765,1.9412,1.8824,2.4706,2.3529,1.1765,4.2353,2.8824,2.1176,2.2353,1.3529,1.5294,2.1176,1.6471,2,2.8235,2.5882,2.6471,1.3529,2.4118,1.7059,1.5882,1.4118,2.3529,2.4706,1.2353,2.4118,3.1176,1.8824,1.4118,0.7059,0.8824,2.1176,1,0.7059,1.3529,2.1176,1.7647,0.5294,1.1765,0.8235,4.1176,2.1176,4.1765,4.2353,1.7647,2.6471,3,7.7059,2.2941,1.7059,1.6471,2.7647,2,2.2941,2.8235,3.9412,3.1176,2.1176,1.7647,1.9412,0.5294,1.1176,0.7059,0.7059,0.2353,0.8824,1.2353,0.4118,1.8235,0.2353,0.2353,1.2353,0.4118,0.2941,0.7059,0.7647,0.5294,0.2353,0.6471,0.2353,2.8824,1.2941,1.5294,1.4118,1.8824,1.5294,1.2941,1.2353,1.5882,5.6471,3.9412,1.6471,3.6471,3.0588,1.5294,1.8824,2.9412,1.3529,2.0588,4.0588,2.8235,2,1.7059,1.2941,2.1765,2.5294,2.4118,1.6471,1.7059,4.1765,5.8824,2.5882,3.8235,3.7059,1.8235,2.8235,3.0588,1.9412,3.0588,4.4706,4,4.9412,4.6471,4.8824,1.8824,5.7647,5.3529,3.2941,3.6471,2.5882,2.5294,8.5882,3.4118,2.4706,3.8235,4.6471,5.5294,1.7059,2.9412,3.0588,0.5294,0.7059,0.4706,0.3529,0.3529,0.7647,0.7059,0.6471,0.5294,0.8824,1,1.1765,1.7647,0.6471,0.3529,0.5294,0.5882,0.4706,0.8235,0.7059,2.1176,1.8235,1.2353,0.8824,1.5882,1.5882,1.5882,1.0588,2.2941,2.9412,3.4706,1.7059,3.1176,6.3529,1.1176,1.8824,2.1176,2.9412,5.4118,2.8824,2.1765,2,2.2353,2.1765,1.1765,2.4118,2.7059,1.4706,1.9412,1.4118,1.2353,3,1.9412,1.4118,4.9412,2.9412,2.3529,0.9412,1.4118,1.5294,4.5294,3.7647,4.4118,5.0588,2.5294,4.7647,5,3.2353,3.5294,2.5882,2.1765,4.5294,2.8824,2.1765,3.4706,7.1765,5.5294,2.2353,2.6471,3.3529,5.8235,4.2353,5.0588,4.1765,3.8824,4.5882,4.8235,3.2941,3.2353,4.2941,4.0588,5.4118,3.8235,2.8824,3.7059,5.8824,9.1176,1.8824,3.4118,5.1176,2.3529,2.0588,2,1.6471,3.0588,2.1765,2.4118,1.4706,3.4706,2.4118,3.1176,2.1176,2.5882,4.8235,1.6471,2.7059,2.5294,3.7647,7.2353,2.4118,2.5882,1.4118,1.7647,1.4706,2.0588,1.6471,1.3529,2.1176,1.7059,2.8824,2.7059,1.8824,2.1765,2.3529,1.3529,2,2.2941,1.2941,2.2353,4.0588,0,0,0,0,0,0,0,0,0,0,0,0,0,0,0,0,0,0,0,0
0-211.txt_297,14.5882,5.8824,6.1765,6,7.9412,7.1765,8.1176,7.7059,5.8824,7.0588,5.6471,7.0588,6.9412,4.8235,6.2353,9.8824,8.7059,3.7059,5.3529,8.2353,1.0588,2.5294,1.8824,1.4118,0.7059,1.7647,1.4706,0.9412,1.2941,0.7647,0.8235,1.6471,1.0588,0.6471,0.9412,1.5294,1.5294,0.6471,0.9412,1,2,2.5882,5.9412,3.3529,1.3529,2.7059,2.7647,2.4118,3,1.4118,1.1765,2.8824,1.7647,2,1.8235,3.0588,2.6471,1.4118,2.5294,1.5294,1.4706,1.9412,3,4.8235,0.7059,2.2353,2.8824,1.7647,1.8235,0.9412,0.7059,2.2941,1.1176,0.6471,1.5294,2.2941,2.1765,0.5882,1.0588,1,1.3529,1.8824,1.8235,1.7647,0.5882,3.5294,2.2353,1.4118,1.5882,0.6471,0.8824,2.1176,1.6471,0.5294,1.1765,1.6471,1.6471,0.7647,1,0.9412,1.2353,1.2353,1.1765,1.7647,1.0588,1.6471,2.6471,0.7647,1,1,0.8824,1.7059,1,0.4706,0.8824,1.1765,1.2941,0.4706,0.7059,0.8824,5.0588,3.0588,5.5882,4.2941,2.9412,3.8235,3.2353,10.3529,2.8824,1.8824,1.8824,3.4706,2.9412,1.8235,2.7059,5.2353,3.8824,2,1.8824,2.4118,0.3529,0.6471,0.6471,0.5294,0.1765,0.9412,0.8235,0.2353,1.1765,0.3529,0.2941,0.5294,0.4118,0.3529,0.2941,0.4706,0.3529,0.3529,0.7647,0.2941,1.5294,0.8824,0.8235,0.7647,1.4706,0.8824,0.7647,0.4706,0.7059,3.4706,2.9412,0.8824,2.3529,1.9412,0.7647,1,1.8824,0.8235,1.4706,2.8824,1.5294,1.7647,1,0.7647,2,1.6471,1.2941,0.6471,1.1765,3,4.3529,1.4118,3.5294,3.0588,0.8235,1.2353,1.7647,1.5294,2.1176,2.8235,2.0588,4.1176,2.4706,2.0588,1,3.1176,3.1176,1.5294,2.1765,1.1765,1.1765,5,1.9412,1.0588,2,2.4706,2.0588,1.0588,1.6471,1.5294,0.2941,0.2353,0.1765,0.1176,0.2941,0.2941,0.1765,0.1176,0.3529,0.6471,0.5882,0.1765,0.8824,1.1765,0.1765,0.2941,0.3529,1,0.7059,0.5882,1,0.9412,0.8824,0.8824,0.5882,1.3529,1.1176,0.8235,0.8235,0.5882,0.5882,1.0588,0.6471,0.4118,2.7647,1,1,0.4706,0.6471,0.5882,5.8235,4.6471,5.7059,4.7059,4.1765,4.7059,4.7059,4.3529,3.8235,2.7647,3.0588,4.9412,3.4118,2.7647,4.1176,9.0588,6.5294,2.1176,3.2353,3.4706,5.9412,5.3529,6.7647,5.5882,4.4118,5.7647,5.5294,4.8824,4.4118,5.4118,4.5882,6.0588,5.1176,3.1176,4.8235,7.4706,11.8824,2.5882,3.7647,6,0.7647,0.8235,0.5294,0.2941,0.7647,0.8824,0.5882,0.7059,0.9412,1.0588,1.1765,0.8235,1.2353,2.4118,0.5294,0.8235,0.8235,5.5294,2.3529,0.8235,1.2353,1.2353,1.1765,1.0588,1.5294,1.2941,1.1176,0.7647,2.1765,1.1765,1.1176,1.1765,1.1765,2.1176,1.1765,1.2941,1.4118,1.7059,3.5882,1.2941,3.4706,1.7059,1.2941,1.2353,2.9412,2.4118,1.6471,1.2353,1.4706,6.0588,5.1765,2.1176,4.8235,3.7059,1.8824,2.2353,3.5882,1.7647,3.3529,7.2353,0,0,0,0,0,0,0,0,0,0,0,0,0,0,0,0,0,0,0,0,0,0,0,0,0,0,0,0,0,0,0,0,0,0,0,0,0,0,0,0
0-211.txt_299,19.0625,7.9375,8.1875,7.3125,9.5625,8.9375,8.8125,10.8125,6.8125,7.3125,7.25,8.8125,8.4375,5.0625,9.125,13.4375,11.125,4.75,6.25,9.9375,5.1875,15.3125,6,4.6875,2.5625,9.125,7.125,4.8125,6.0625,3.25,3.5625,10.5,4.875,3.0625,5.0625,6.125,5.75,3.0625,4.5625,3.6875,8.9375,9.3125,20.5,13,6.25,10.875,10.875,10,12.0625,4.1875,4.125,10.5,6.4375,4.5,8.5625,12.5625,10.1875,3.25,6.5625,4.9375,5.9375,5.6875,9.375,16.3125,2.125,7.6875,11.75,6.3125,6.625,2.25,2.0625,7.0625,3.5625,1.9375,5.25,7.0625,6.375,1.3125,3.5,3,3.4375,1.25,2,1.1875,11.125,1.8125,1.25,2.125,2.25,2.5625,2.5625,1.8125,2.5,1.75,1.75,3.625,3.375,1.6875,1.875,3.0625,18.0625,24.125,20.625,19.625,9.375,41.875,28.25,13.0625,21.25,9.5625,11.875,24.125,18.5,7.8125,15.6875,21.25,19.125,11.625,13.8125,11.75,7.625,9,8.75,12.0625,3.625,12.5,17.5,6.625,8.8125,3.0625,3.75,9.9375,5.6875,2.8125,7.125,9.125,7.625,3.6875,5.375,4.5,13.1875,7.3125,11.0625,9.1875,5.875,8.75,8.75,25.75,7.75,2.875,3.25,8.8125,5.5,4,6.9375,12.5,8.75,5.1875,5.125,4.4375,4.375,5.875,6.4375,4.6875,2.5625,6.3125,5.5625,3.6875,14,2.5625,3.125,4.875,4.375,3.875,3.5,5.125,4.125,2.8125,6.9375,2.8125,6.625,3.8125,2.75,2.375,6.0625,4.125,3.25,2.1875,2.875,16.25,11.5,4,11.0625,8.4375,4.8125,4.6875,7.375,3.875,5.6875,13.3125,9,6.8125,3.8125,3.6875,8.5625,6.8125,6.125,3.4375,5.875,16.3125,24.75,6.5,18.0625,13.4375,5.9375,6.5,9.375,8,10.5,15.9375,7.1875,13,8.3125,6.9375,3.25,10.75,9.75,5.3125,6.9375,3.75,3.6875,16.75,5.5,2.4375,6.6875,8.5,7.625,3.4375,5.25,3.875,5,4.8125,3.4375,2.75,4.375,5.5,3.6875,2.625,4.375,6.75,8.3125,4.5,12.6875,5.625,3.3125,4.5,5.875,3.75,4.4375,6.4375,3.25,2.75,2.6875,1.4375,2.8125,1.9375,1.75,1.625,4.375,6.5,6.625,1.875,6.6875,14.9375,1.625,3.125,4,7.625,10.5625,5.5,9.5,6.8125,6.75,7.25,5.375,8.25,9.1875,6.0625,5.8125,4.9375,4.8125,8.9375,5.4375,3.125,27.8125,9.6875,9.625,3.3125,5.0625,6,15.8125,10.875,15.125,12.1875,10.25,12.875,12.6875,12.4375,11,6.75,6.625,12.625,8.9375,6,11.125,23.875,16.25,5.375,8.0625,8.6875,8.5,6.4375,7.8125,6.25,6.5,6.875,6.5625,5.875,5.5625,6.8125,6.125,6.625,6.9375,4.9375,6.5,10.375,15.125,3.75,5.375,8,0.9375,0.875,0.4375,0.0625,0.9375,1.3125,0.875,0.9375,0.9375,0.9375,1.3125,0.875,1.375,2.625,0.4375,0.875,0.9375,6.9375,3.0625,0.875,3.75,3.5625,3.3125,2.1875,3.8125,4.125,3.3125,2.375,6.75,4,4.75,3.5625,4.625,9.6875,2.6875,3.8125,4,8.0625,13.125,4,9.1875,4.9375,4.8125,2.9375,7.875,5.0625,4.6875,2.875,3.1875,14.1875,11.875,4.9375,10.625,7.75,5.0625,6.5,10.375,4.625,6.5,18.1875
0-211.txt_301,7,3.2,3.85,2.6,3.75,3.35,3.5,4.5,4.45,5.85,4.75,3.4,4.65,5.15,2.75,5.25,5.05,3.7,4.3,5.4,0.8,1.7,0.9,0.55,0.6,1.2,0.75,0.8,1,0.45,0.55,1.05,0.75,0.7,0.5,1.15,0.65,0.45,1.05,0.55,1.85,1.55,2.35,1.65,1.75,1.7,1.55,1.65,1.85,1.95,1.9,1.7,2.2,1.7,1.7,2.05,2.2,0.85,1.15,1.5,0.6,0.5,1.3,1.45,0.55,0.75,1.1,0.75,0.65,0.3,0.35,0.6,0.4,0.35,0.95,0.75,0.7,1,0.5,0.35,0.7,1.45,0.7,0.8,0.45,1.25,0.95,0.45,1,0.75,0.85,1.05,0.9,0.75,0.45,0.75,0.8,1.15,0.95,0.75,2.45,2.35,2.8,3.65,1.1,3.3,4.75,2.1,2.65,1.45,1.65,3.1,1.8,1.1,2.3,2.65,2.8,1.25,1.55,1.7,5.85,3.1,4.4,3.4,3.6,3.8,3.8,9.7,3.7,4.05,4.05,4.05,3.95,4.45,3.85,5.75,4.95,4.15,3.85,3.75,1.6,1.7,1.9,1.45,1.05,1.85,1.75,1.5,4.3,1.05,1.2,1.55,1.2,1.2,1.1,1.85,1.35,0.95,2.25,1.1,2.3,1.25,1.2,0.8,2.1,1.65,1.05,1.35,1.05,4.85,4.3,1.25,3.5,3.3,1.75,1.8,2.25,2.45,2.6,3.95,7.1,4,5.05,3.1,6.55,4.95,3.6,4.2,4.65,11,13,4.05,9.9,11.45,3.6,6.6,6.95,7.6,9.15,9.6,2.55,3.3,3.2,2.2,1.8,2.85,2.8,2.5,2.8,3.1,3,3.9,3.4,2.55,2.05,2.55,2.95,1.95,2.65,2.45,3.05,1.75,1.65,1.5,2.25,2.05,1.7,1.95,2.25,4.45,4.35,1.75,5.15,3.8,1.7,2.2,3.05,2.4,2.85,4,5.05,4.1,4.25,2.9,3.8,3.65,3.4,3.6,4.95,7,7.35,3.65,6.85,13.4,2.45,4.9,4.55,6.6,9.45,6.65,1.2,1.05,1.2,1.1,0.6,1.35,1.5,1,1.9,1.4,1.4,1.2,1.6,1.1,2.75,1.55,1.45,1.2,1.05,1.6,4.4,2.45,3.85,3.4,3.1,2.95,2.8,4.2,2.9,3.05,2.3,2.8,3,2.45,2.25,5.7,4.1,1.4,2.4,3.1,6.45,4.45,5.4,3.9,5.15,5,4.95,4.65,4.85,6.8,5.7,4.85,6.1,5.45,4.7,6.95,9.75,3.45,5.05,6.8,1.35,0.7,0.45,0.3,0.9,0.75,0.55,1.35,0.6,1.45,1.5,0.55,1.7,1.9,0.45,0.9,0.85,4.2,1.75,1.1,1.9,1.8,2.4,1.65,1.85,2.2,2.15,1.4,3.25,2.7,2.75,1.85,2.8,4.2,1.1,2.15,2,3.25,5.5,2.25,4.75,2.45,2.7,2.15,4.1,2.75,2.15,2.75,2.9,6.55,5.1,2.3,5.45,4.95,2.85,3.9,4.9,3.35,3.65,7.4,0,0,0,0,0,0,0,0,0,0,0,0,0,0,0,0,0,0,0,0
0-211.txt_303,3.1176,1.8235,2.3529,2.1176,1.8235,1.8235,2,1.9412,2.1176,1.9412,2.0588,2.4706,2.2353,1.5882,1.2941,2.4118,2.4118,1.1765,1.5882,2.5294,1.7647,5.1176,2.4118,2.1765,1.0588,3.1176,2.7059,1.3529,2.7059,0.8824,1.0588,4,1.3529,1,1.2353,2.2353,2.3529,0.8824,1.7647,1.2353,2.1765,2,4.5882,3.0588,0.8824,2.1765,2.2353,3.3529,2.0588,0.8824,0.7647,2.6471,1.2353,1,1.9412,3.1765,2.5882,0.7059,1.3529,1.0588,1.1765,1.1176,2.9412,3.7647,0.5294,1.5882,2.1765,2.8824,1.4706,0.4118,0.4706,1.7647,0.5882,0.3529,1.0588,1.6471,1.4118,0.3529,0.5882,0.5294,1.0588,0.4118,0.4118,0.2941,2.1765,0.8235,0.5294,0.7059,1.2941,0.7647,0.9412,0.4706,0.7647,1.2353,0.2941,0.9412,1.0588,0.4118,1,1.1176,0.5882,0.7647,0.9412,0.8824,0.5294,1.8235,1.2353,0.4118,1.2941,0.7059,0.6471,1.1176,0.7647,0.8824,0.6471,1,1.2941,0.4118,0.6471,0.9412,4.1765,4.2353,5.1765,7.9412,1.4118,6.5294,10.4706,3.2353,4.3529,3.1765,2.5882,6.4118,3.4118,2.2941,3.7647,4.4706,5.1176,2.1765,3.1765,3.5294,2.0588,1.2353,2.4118,2.4706,1,1.4706,1.8824,4.7059,1.5294,0.7059,0.7059,1.6471,0.9412,0.8824,1.2941,2.1765,1.4118,1.5294,1,1.1765,1.8235,1.1765,1.4118,1.1765,1.7059,1.8235,1.5294,0.8235,1.5294,4.4706,3.2353,1.6471,3.2353,2.8235,0.8235,1.8235,2.1176,1.5294,2.4118,4.0588,2,2,1.5882,1.1176,1.5882,1.8235,1.5294,1.2353,1.1765,3.6471,4,1.8235,3.9412,2.0588,1.3529,1.5882,2.2941,1.8824,1.8824,3.6471,3.1765,4.4706,4.2941,3.1765,1.3529,5.1765,4.6471,2.1176,3,1.8824,1.9412,7.4118,2.5882,1.3529,2.2353,3.7059,5,1.1765,1.8235,2.8235,1.7647,1,0.9412,1.6471,1.9412,1.4706,1.5882,0.7647,1.5294,2.7647,3,1.2353,3.8824,2.9412,1.2353,1.5882,1.6471,2.0588,2.4118,2.7647,0.8235,0.4706,0.5882,0.3529,1.2941,0.4706,0.5294,0.3529,0.8824,1.4706,1.4706,0.5294,1.8824,3.9412,0.1765,0.8824,1.0588,2,2.4706,1.2941,1.1176,1.0588,1.1765,1.1176,0.5882,1.3529,1.5882,0.9412,1.1176,0.7059,0.5882,2.1176,0.8235,0.5294,2.3529,1.3529,1.0588,0.3529,0.5882,0.7059,2.4118,1.7647,2.6471,1.9412,2.0588,2.3529,2.5882,2.2941,1.8235,2.4118,2.2353,2.1765,1.7059,2.1176,1.4118,3.6471,3.7059,1,2.1765,2.7059,3.0588,3.5882,3.7647,2.5294,1.8235,3.3529,3.7059,2.5882,2.5882,3.5882,2.7059,4.0588,2.9412,2.4118,2.1176,4.8824,7.1176,1.0588,3,4.0588,0.4706,0.5882,0.2941,0.2353,0.4706,0.7059,0.5294,0.2353,0.9412,1,1.0588,0.5882,1,1.4118,0.1765,0.4706,0.6471,2.4706,1.4118,0.8824,0.3529,0.2941,0.4706,0.4706,0.2353,0.2941,0.2941,0.2353,0.5882,0.5294,0.4118,0.5882,0.5294,0.8235,0.1765,0.8235,0.7647,1.0588,1.2941,0.5882,3.0588,2.4706,2.0588,1.4706,2.8235,2.7647,2.2941,1.8235,1.8235,4.7647,3.7059,3.4706,3.2353,3.4118,2.0588,2.7059,3.6471,2.0588,2.7059,5.7647,0,0,0,0,0,0,0,0,0,0,0,0,0,0,0,0,0,0,0,0
0-211.txt_305,15.1667,7.0556,7.8333,7.4444,7.6111,8.2778,7.8333,9.1667,6.7222,9.1667,9.2778,7.3889,8.6667,7.4444,7.5556,12.4444,11.0556,6.5,6.8889,10.2778,5.1667,10.1667,5.8889,4.8889,2.9444,6.5556,5.7778,4.4444,5.7222,3.3889,3.8889,7.3889,4.3889,3.1667,4.0556,5.2778,5.2778,3.6667,4.1111,3.7778,8.8333,9,18.8889,11.5,5.4444,10.4444,10.1111,9.6667,11.1667,6.0556,6.4444,9.5,7.3333,5.3889,7.1667,11.6667,9.6667,4.3889,6.7778,5.7778,8.1667,7.4444,11.2778,18.7222,5.7222,9.5556,11.8333,7.8889,8.6111,5.0556,4.8889,8.2222,5.4444,4.5556,9.8333,9.9444,8.5556,3.5556,5.0556,5.3333,4.0556,2.3889,2.3889,2.2778,6.2222,2.2778,2.3333,2.6111,1.8889,3.4444,3,2.4444,3.9444,2.8333,2.1111,3.6111,4.0556,2.1667,2.3333,3.6667,3.6667,3.6667,4.3333,3.4444,2.0556,6.2778,4.2778,3.8889,4.1667,2.6111,3.3333,4.0556,3.8333,2.8333,3.2222,4.3333,3.8333,2.7222,3.7222,3.3889,8.3889,9.8889,9.3889,11.1111,3.8889,13.0556,16.7778,6.9444,10.5,5.3333,5.5556,11,7.1111,4.9444,9.6667,9.7222,8.9444,4.7222,6.6111,6.8333,14.3333,9.6667,11.7778,11.4444,8.3889,12.1667,11.7778,23.1111,11.7778,8.4444,9.1667,11,9.9444,8.6111,10.3889,15.1667,12.5556,7.6667,9.1667,10,7.8889,9.6667,10.5556,8.9444,4.2222,11.1111,9.2222,6.6111,21.2778,4.9444,5.1667,8.3889,6.7222,5.8333,7.6667,9.1667,7.2222,4.6111,9.2222,5.2222,11.5556,6.5556,7.4444,6.1667,11.0556,7.8333,7.7778,6.7222,7,22.3333,18.1667,7.1111,15.7778,13.8889,6.9444,10.2222,12.3333,8.4444,11.2778,19.1111,10.9444,7.6667,6.7222,6.3333,9,8.8889,7.4444,6.7778,8.6111,17.3333,20.8333,7.9444,16.5,14.5556,6.9444,9.2222,11.0556,8.0556,10.5556,15.9444,9.2222,13.9444,10.7222,10.1667,5.6111,12.4444,13,8.8889,10.4444,6.6111,6.8889,16.5556,7.8889,5.8889,8.7222,11.1667,9.2222,5.9444,9.4444,7.6111,5.9444,4.5,4.1667,3.8889,4.6667,5.6667,4.3333,3.8889,4.1111,8.3889,9.0556,4.6111,12,5.8889,4.5556,5.2778,5.7778,4.3333,5.1111,8.4444,4.8333,3.3889,2.8333,2,4.0556,3,2.6667,3.3333,3.5,7.5,8.4444,3.0556,7.0556,10.2222,2.7222,4.2778,4.6111,6.1667,6.6111,6.9444,3.5556,2.6667,2.7222,3.1667,2.1667,3,2.7778,3,2.3333,2.5556,2.6667,2.9444,3.3333,2,7.7778,3.3889,3.5,1.3889,2.2222,3,18.1667,13.4444,17.0556,15.2778,12.6111,14.7778,15.2778,17,14.8889,11.5,10.8889,14.6667,12.2778,10.0556,13.6111,24.7778,17.4444,8.3889,11.4444,12.8889,12,9.5556,11.0556,10.3333,9.5556,11.1111,11,8.4444,8.5,10.3889,9.5556,10,9.6667,7.7222,9.1667,13.2222,17.8889,7.4444,8.3889,11.4444,0.8333,0.8889,0.5,0.3889,0.9444,0.7778,0.6111,0.5,1.2778,0.7222,0.9444,0.6667,1.1111,1.8333,0.4444,0.7778,0.6667,3.2222,2.1111,0.7222,2.1667,2.6667,1.7778,1.7222,1.4444,2.2778,1.8889,1.3889,2.1667,2.2222,2.1111,2.3333,2,3.2778,1.9444,2.1667,1.8889,2.8889,4.5,2.3333,14.2222,9,8.3333,8,10.9444,9.7222,9.5,10.2222,8.6667,20.9444,18.4444,9.2778,17.1111,13.6111,10.8889,11.1667,14.2778,8.4444,11.8889,22.8889
0-211.txt_307,9.1765,3.6471,3.5294,3.4118,4.1176,4.3529,4.4118,5.5294,3.2941,3.1176,3.2353,4.4706,4.1176,3.2941,4.1765,6.4706,5.4118,2.2353,3.3529,4.9412,2.3529,8.2353,3.3529,2.4118,0.8235,4.7059,3.8235,1.6471,3.8235,1.5294,2.1765,5.2941,2.3529,1.5294,2.2941,3.2941,3.1176,1.5294,2.2941,1.5882,3.6471,4.7059,12.7647,7.3529,2.4118,5.8824,5.8824,4.7059,6.8824,1.2353,1.2353,5.8824,3.4706,2.3529,3.5882,7.1176,5.9412,1.1765,3.4706,2.3529,3,3.1176,6,10.1176,1.0588,5,6.7059,3,3.8824,1.6471,1,3.9412,1.9412,0.9412,3,4.8235,3.8235,0.3529,1.8824,1.2941,2.7647,4.1765,3.6471,3.3529,1.4118,7.3529,4.7059,2.1176,3.4706,1.4118,2.0588,4.1176,2.8235,1.0588,3.0588,3.4118,2.8235,2.5882,2.4706,2,3.5294,4.4118,4.4118,6.2353,1.0588,6.0588,8.5294,3,4.3529,1.1765,1.8235,5.4118,2.5882,1.0588,3.5294,4.4118,3.5294,1.7647,2.4706,1.8235,6.7647,2.7647,5.4706,4.4118,2.7059,4.0588,4.1176,14.8235,4.0588,1.3529,1.3529,4.1176,2.7059,2.6471,4.0588,6.7647,4.0588,2.7059,2.7059,1.4118,0.9412,1.4706,1.7059,1.1765,0.5882,1.7059,1.5294,0.8824,3.7059,0.3529,0.5882,1.2353,0.9412,1.1176,0.8824,1.1765,0.9412,0.6471,1.9412,0.5882,1.7059,1.0588,0.6471,1,2.1176,1.0588,0.7059,0.5294,0.5882,5.0588,3.6471,1.0588,3.2353,2.6471,1.0588,1.1765,2.1176,1.1176,1.6471,4.1765,5.4706,4.9412,1.9412,1.8824,6.7647,5.0588,3.4118,2.2941,3.4706,11.8235,15.1176,3.5294,11.7059,8.6471,3.4118,3.7059,6.7647,5.1765,6.8235,10.2353,2.3529,4.1765,2.9412,2.5882,1.2353,3.6471,3.5294,1.8235,2.4118,1.2353,1.2353,5.7059,1.8824,1.2353,2.3529,2.9412,2.3529,1.2353,1.7647,1.2353,2.2941,1.4118,1.2941,0.8235,1.5294,1.8824,1.3529,1.1176,1.4118,2.7059,3.2353,1.4706,4.8824,2.7059,1.0588,1.5882,1.9412,1.5294,2.0588,2.6471,2.0588,1.2353,1.2353,0.6471,1.3529,0.7647,0.7647,1.2941,2.2353,2.9412,2.9412,1.2353,2.8824,6.8824,0.7059,1.4118,1.8235,3.4118,4.5882,2.4706,3.2941,2.4118,2.4118,2.7647,1.5882,3.1176,3.1176,2.3529,2.2941,1.5882,1.5294,3.2353,1.6471,0.8235,9.6471,3.1176,3.0588,0.8235,1.5294,1.6471,6.8235,4.4706,6.5294,5.4118,4.4706,5.5294,5.5294,5.4706,4.4706,2.4118,2.4118,5.5294,3.5294,2.2353,4.4706,10,6.9412,2.2353,3.3529,3.5294,5.4706,4.1765,5.2353,4.1765,4.2353,4.2941,4.2353,3.3529,3.2353,4.2353,4.1765,4.2353,4.2941,3.1765,4.1765,6.6471,10.4118,2.1765,3.1765,5.1176,1.1765,1.1765,0.5882,0,1.1765,1.7647,1.1765,1.1765,1.1765,1.1765,1.7647,1.1765,1.7647,3.5294,0.5882,1.1765,1.1765,9.9412,4.1176,1.1765,4.1176,4.0588,4,2.6471,3.1765,4.0588,4,2.7059,9.3529,4.1176,5.4706,4.0588,5.6471,10.7647,2.7059,4.0588,4.1176,9.4118,16.1176,5.4118,5.3529,2.3529,2.2353,1.5294,4.2353,2.9412,2.3529,1.6471,1.9412,8.1765,6.4118,2.4118,6.2353,4.2353,2.4118,3.4706,5.2353,2.2353,4.0588,9.2941,0,0,0,0,0,0,0,0,0,0,0,0,0,0,0,0,0,0,0,0
0-211.txt_309,2.5294,0.8824,1,0.9412,2.1176,1,1.6471,1.4118,1.2353,1.1765,1.6471,1.1176,1.5882,1.3529,0.8824,1.4706,1.1765,0.6471,0.9412,1.2941,2.5882,5.1765,2.6471,3,1.3529,3.1765,3.5294,2.8235,2.8824,2.2353,2.1176,3.7059,2.3529,1.3529,3.1765,3.0588,3.1765,1.6471,1.9412,2.4118,2.9412,3.0588,5.0588,3.7647,1.6471,3.5882,3.5294,2.8824,3.1765,1.7647,2.0588,3.2941,2.1176,2.4118,2.0588,3.1176,3.4118,1.7059,2.4118,1.8824,3.8235,3.2353,5.1176,8.4706,1.8235,4.5294,5.8235,4.7647,3.7647,2.2941,2.5882,3.6471,3.0588,2.3529,3.8235,4.5882,3.7059,1.7647,2.8824,2.7059,1.9412,2.1176,2.3529,1.6471,1.4706,2.2353,2.5882,1.8824,2.0588,1.2353,0.9412,2.2941,1.4706,1.2941,1.9412,2,2.0588,1.4118,1.2353,1.4118,3.6471,3.1176,3.1176,4.5882,1.9412,3.8824,5.6471,2.7647,2.7647,1.8235,1.8235,3.8824,2.3529,1.2941,3.3529,3.6471,3.5294,1.6471,1.9412,2.4706,3.1176,3.1765,3.7647,3.3529,1.8235,3.5882,3.2353,6.0588,3.2941,1.7059,1.7059,3.7647,2,1.7059,2.3529,3.4706,2.7059,2,2,1.7647,3.2353,3.2941,3.4706,3.0588,1.6471,3.5294,3.3529,1.8824,6.2941,2.0588,2.1176,3.1765,2.4118,2.7059,2.7059,3.3529,2.9412,2.1765,4.4118,2.3529,2.3529,2.0588,1.6471,2.0588,2,2.0588,1.8824,1.7059,2.1176,5.4706,3.8824,2.1765,2.9412,3.0588,1.8235,2.4118,3.2353,1.2941,2.2353,4.0588,4.1765,2.9412,2.6471,2.5294,3.6471,3.2941,4.1765,2.2941,2.9412,6,7.9412,3.7059,5.8235,5.2941,3.4118,3.5294,4.4118,3.6471,4.2941,5.8235,3,4.8824,2.7647,3.0588,1.4706,4.0588,4.1765,2.8235,3.7647,2.1765,2.3529,5.4118,2.5882,1.7647,2.6471,3,3.5294,2.2941,2.5882,2.3529,1,0.8824,1,0.7059,0.7059,1,1,0.5882,0.7647,1.1176,1.1176,1.1765,2.1765,0.8824,0.9412,0.8235,0.8824,0.6471,0.8235,1.1176,2.9412,1.7059,1.4706,1.1765,3.1765,1.7647,1.7647,1.4706,2.4706,5.1765,5.7059,1.5882,4.3529,8.1765,1.5882,2,2.6471,4.3529,5.2353,4.4706,0.9412,0.9412,0.7647,1.1765,0.9412,1,1.3529,0.5294,0.8235,0.4118,0.5882,1.2353,0.5294,0.8235,2.3529,0.7647,1,0.3529,0.6471,0.5294,3.5294,3,2.9412,2.5882,2.7647,3.0588,2.7059,2.9412,2.1765,2.4118,2.0588,2.8824,2.4706,1.8235,2.4706,4.4118,3.5294,2,2,2.7059,2.2353,1.8824,1.8824,1.4118,1.6471,1.9412,1.7059,1.7647,1.4118,1.1765,1.4118,1.7647,1.5882,1.2353,1.1176,2.2941,2.9412,1,1.9412,1.7647,1.6471,2,1.2353,1.4118,1.8235,1.2941,1.4118,1.5294,2.1765,1.7647,1.8824,1.5882,1.7647,3.4706,1.0588,1.4706,1.5294,2.7059,5,1.9412,3.3529,2.4118,1.5882,1.8824,3.7647,2.5294,2.4118,2.2353,2.7647,4.4706,3.5294,2.9412,3.1176,3.2353,1.7647,2.3529,3.1176,2.0588,4,5.1765,0,0,0,0,0,0,0,0,0,0,0,0,0,0,0,0,0,0,0,0,0,0,0,0,0,0,0,0,0,0,0,0,0,0,0,0,0,0,0,0
0-211.txt_311,5.1176,2.4118,2.1765,2.8824,2.2353,3.0588,2.9412,2.5882,2,2.5882,2.2353,3,2.2941,1.6471,2.4706,3.3529,3.0588,1.3529,2.0588,3.3529,0.9412,3,1.2941,0.8824,0.8235,1.4118,1.2353,0.6471,1.1176,0.6471,1,2.1176,1,0.5294,0.6471,1.2353,0.9412,0.4706,0.8235,0.8824,0.3529,0.7059,1.0588,0.7647,0.1176,0.5882,0.5882,0.4118,0.4706,0.1176,0.1765,0.9412,0.2941,0.1176,0.3529,0.5294,0.4706,0.0588,0.2353,0.1765,2.2941,2.4706,3.0588,4.4706,1.2941,2.8824,3.3529,1.7059,2.7647,1,1,2.3529,1.7059,0.8235,1.6471,2.6471,2.4118,0.5294,1.3529,1.2941,0.6471,0.1765,0.3529,0.1765,2.4118,0.1765,0.1765,0.3529,0.2941,0.5882,0.6471,0.1765,0.5882,0.8824,0.1765,0.5294,0.5294,0.5294,0.6471,0.7059,1.0588,1.1765,1.0588,1,0.3529,2.1765,1.4706,1.1176,1,0.4118,0.4706,1.4706,0.8235,0.2941,1.0588,1,1.1176,0.4706,0.6471,0.5294,2.6471,3.1176,2.8235,3.7059,0.8824,3.9412,6.0588,1.5882,2.9412,1.1765,1.5294,3.5882,1.8824,1.2353,2.0588,3,2.7647,1.1176,1.7059,1.7647,2.5882,1.9412,2.6471,2.0588,1.1765,1.7059,2,4.9412,1.5294,0.4706,0.8824,2,1.2353,1,1.2353,2.5294,1.9412,1.1176,1.2353,1.0588,0.6471,0.5294,0.5294,0.5294,0.2353,0.5294,0.7059,0.2941,1.1765,0.2941,0.2941,0.7647,0.3529,0.2353,0.3529,0.4706,0.4118,0.1765,0.4706,0.4706,0.8824,1,1.1765,0.6471,0.5882,1.2353,0.7647,0.8824,0.6471,1.6471,1.1176,1.1765,1,0.7059,0.6471,0.9412,1.1176,0.4118,0.6471,1.4706,2.7647,2.1765,1.5882,1.2353,2.6471,2.5882,1.8824,0.9412,1.5294,5.7059,7.6471,2.2353,6.1176,4.4706,1.2941,2.1176,3,2.4706,3.1765,4.8235,2.7647,4.0588,3.1176,3.1176,1.0588,3.8235,4.4706,1.8235,2.8824,1.1176,1.4118,5.4706,1.8824,1.1176,2.5882,3.0588,2.5882,0.9412,1.6471,1.5294,0.4118,0.2941,0.2353,0.1176,0.3529,0.4118,0.2941,0.1765,0.2941,0.8235,0.8824,0.2941,1.3529,0.5294,0.2353,0.2941,0.4706,0.3529,0.4118,0.7059,1.2941,1,1.1176,0.7647,1.1765,1,0.7059,0.9412,1.7647,2.3529,2.7647,0.9412,2.6471,5.8235,0.6471,1.3529,1.7647,2.4706,4.0588,1.9412,1.1765,0.7647,0.7059,0.8824,0.4706,0.9412,0.9412,0.6471,0.6471,0.4706,0.4118,1.1765,0.6471,0.2941,3.7059,1.3529,1.2353,0.1765,0.4706,0.6471,1.9412,1.1176,1.8824,1.4118,1.8235,1.4118,1.4118,1.2941,1.4706,1,0.9412,1.3529,1.1765,0.8235,1.0588,2.8235,1.7647,0.5294,1.0588,1.4118,3.3529,2.9412,2.7647,2.4706,1.9412,3.4706,3.5294,1.8824,2.0588,2.3529,1.9412,3.4118,2.3529,1.3529,1.9412,3.7059,5.4118,1.1176,1.8824,2.8824,0.4706,0.4706,0,0,0.4706,0.4706,0.2353,0.4706,0.4706,0.4706,0.7059,0.2353,0.7059,1.1765,0,0.2353,0.4706,4,1.6471,0.2353,1.1176,0.8824,0.7647,0.4706,0.5882,0.9412,0.7647,0.4706,2.1176,0.8235,0.8824,0.7059,0.9412,2.1765,0.4118,0.8824,0.8235,1.7059,3.4118,0.8235,1.1176,0.9412,0.8824,0.8824,0.7647,1.2353,1.4118,0.4706,0.7059,1.6471,1.8235,1.2941,1.4706,0.9412,0.7059,0.8824,1.1765,0.4706,0.8824,2.2353
0-211.txt_313,4.0714,1.2857,1.5714,2,1.4286,2.2857,1.7857,2.7857,1.2143,1.1429,1.0714,1.7143,1.4286,1.1429,1.3571,2.3571,1.9286,0.6429,1.1429,1.7143,0.7857,2.4286,1.3571,0.7857,0.2857,1.5714,1.0714,0.9286,1.0714,0.2857,0.5,1.5,0.7143,0.2857,0.6429,0.9286,0.8571,0.3571,0.5714,0.5,2.6429,3.2143,9,4.2143,1.9286,3.5,3.2857,3.8571,4.0714,0.9286,0.9286,4.2143,1.9286,1.2143,1.7143,4.7857,4.3571,0.2857,1.7857,1.4286,1.2857,1.1429,2.2143,4.5714,0.3571,2,2.5714,1.5,2.3571,0.4286,0.2857,1.5,0.7143,0.5714,1,2.2143,1.7857,0.4286,1.3571,0.5,1.2857,0.1429,0.4286,0.0714,5.7857,0.2143,0.0714,0.4286,0.2857,1,1.1429,0.2143,1,0.7143,0.4286,1.2143,1.5,0.6429,1.0714,1.2857,1.6429,2.7857,2.2857,2.1429,0.3571,5.1429,3.5714,1.0714,2.2857,0.2857,0.7857,3.0714,1.7143,0.4286,1.2857,2.1429,1.7857,0.9286,1.7857,0.7857,1.7857,1.9286,2.1429,3,0.5,2.8571,4.7857,1.1429,1.8571,0.7143,0.7143,2.5714,1.5714,0.5714,1.4286,2.5714,2.3571,0.5714,1.1429,1,3.4286,2.2143,4.5,3.1429,1.1429,3,2.7143,7.8571,2.0714,0.2857,0.3571,3.1429,1.2143,0.4286,1.7143,3.5714,2.4286,1,0.7857,0.7857,0.3571,0.3571,0.5,0.2857,0.2857,0.5,0.3571,0.2857,1.4286,0.3571,0.3571,0.3571,0.3571,0.6429,0.2857,0.3571,0.3571,0.5714,1.0714,0.3571,2.5,1.0714,1.0714,1.3571,2.2143,1.3571,1.0714,0.6429,1.2143,7.5,4.5714,1.3571,4.2143,3.8571,1.3571,1.6429,2.7143,1.7143,3.1429,5.2143,3.4286,1.9286,1.7143,0.5714,2.9286,2.0714,1.4286,0.5,1.5,6.4286,8.7857,2,6.1429,5.4286,1.2143,2.8571,3.8571,2.5714,4.2857,6,3.8571,5.8571,4.4286,4.1429,1,5.5,5.2857,2.8571,3.1429,1.0714,1.5714,9.0714,2.7143,0.6429,4,4.7143,3.9286,0.7857,1.9286,1.8571,0.5,0.2857,0.2857,0.1429,0.2857,0.4286,0.2857,0.2143,0.2857,0.5714,0.7143,0.3571,1.4286,0.4286,0.2143,0.6429,0.7143,0.2143,0.3571,0.5,0.6429,0.5,0.3571,0.2143,0.5,0.5,0.7143,0.0714,1.4286,1.5714,1.5714,0.3571,1.4286,4.2857,0.0714,0.5714,0.7857,2.0714,3.4286,1.2143,1.9286,1.2857,1.2143,1.5714,0.5,1.7857,2.3571,1.2857,1.0714,0.7143,0.6429,2.1429,0.9286,0.1429,5.8571,1.7857,1.5714,0.0714,0.4286,1.0714,5.2143,3.2143,5.2857,4.0714,3.0714,3.9286,4.2143,3.5714,3.0714,2.2143,2.2857,4.0714,3,2,3.4286,8.4286,5.5,1.7857,2.3571,2.5714,6.7143,6.4286,7.1429,6.6429,4.0714,6.9286,6.7143,3.7143,4.5,4.8571,4.8571,7.2143,5.5,4.1429,4.7857,8.5714,15.1429,3.4286,4.7857,6.2857,1.2143,0.9286,1,0.4286,0.7857,1.2857,0.8571,0.8571,3.0714,1.7857,1.7857,0.9286,1.6429,4.5,0.4286,1.0714,1.2143,2.9286,5.7143,1.5714,3.9286,1.6429,1.5714,1.6429,2.4286,2.2857,2.3571,1.3571,1.4286,5.2857,4.5,1.8571,4.7857,3.2857,1.6429,2.9286,3.7857,1.5,2.7857,6.9286,0,0,0,0,0,0,0,0,0,0,0,0,0,0,0,0,0,0,0,0
0-211.txt_315,27.7222,14.5,15.1111,14.6111,16.0556,16.2778,17.7222,19.5,13.7778,19.2222,18.9444,17.2222,18.7778,15.7778,14.6667,20.2222,18.7778,10.8333,14.6667,21.3889,6.7778,12.3333,7.3333,6.5556,3.7778,8.2778,8.5556,4.8889,7.5556,4.8333,5.1111,8.8889,6.1667,4.8333,6.4444,6.6667,6.6111,3.5,5.9444,4.7778,8.6667,8.1667,14.5,11.6667,5.4444,9.2778,9.3889,9.1667,9.0556,6.6111,6.6111,9.3333,6.7778,6.9444,6.8333,9.8333,9.5556,5.2222,7.2222,7.1111,10.8333,10.2778,13.7222,20.1111,7.3333,11.3889,14.6667,11.1111,11.2222,8.5,8.3889,11.5,7.7778,7.6111,10.0556,11.8333,11,6.6111,8.5,9.2222,3.8889,2.8889,3.1111,3,4.8889,2.9444,2.7778,3.8889,2.6111,3.5556,3.7778,3.0556,3.3889,3.6667,2.7778,3.9444,3.5556,3,3.1111,3.7778,11.2222,12.5556,12.8889,12,7.1667,15.6111,12.9444,8.7222,11.2222,8.5556,8.6667,13.3889,9.6667,7.7778,9.8889,11.1667,10.1111,7.8889,9.5,8.6111,13.5556,14.7778,13.9444,16.2222,8.6667,16.6667,22.0556,9.8889,14,10.6667,11.0556,16.2222,11.1111,10.6667,11.7778,14.0556,13.0556,8.0556,11.8889,10.4444,16.8333,12.0556,16.1667,14.2222,11.5556,13.6667,13.5556,26.6111,13.3333,10.2778,10.6667,14.7222,11.6667,10.6111,11.5,16.2222,14.7222,10.3333,10.2222,11.3333,4.6111,4.6667,5.2222,4.2778,3.3333,5,4.7778,3.9444,7.8889,3.8333,3.8889,5.2222,3.6667,4.3333,4.1111,4.6111,4.9444,3.5,5.3333,4.4444,10.6667,6.6111,6.6667,6.5,8.7778,7.2222,6.9444,7.3333,7,15,12.9444,6.7222,11.7778,11.0556,6.5,8.0556,8.6111,6.3333,10.1111,13.8889,18.3889,14.7778,12.3333,11.6667,15.0556,15.6667,13.4444,11.6667,13.6667,23.3333,26.6111,15.5556,21.6667,18.8889,12.9444,14.6111,16.4444,12.2222,16.1111,21.7222,15.1667,18,15.3333,15.5,10.5,16.1667,17.1667,13.3333,15,10.0556,10.7222,22.3889,11.6111,9.1111,12.4444,15.1111,13.8889,8.7222,11.3333,11.1111,3.8889,3.1111,2.7222,2.4444,3.0556,3.2222,3.1667,2.8333,2.6111,5.8889,5.3889,3.4444,6.5,4.6667,2.6667,3.1111,3.1667,2.5,3.3889,6,10.9444,8.3333,7.8333,6.8889,8.2222,8.0556,7.5,8.6667,9.0556,13.6111,14.5,8.5,12.2222,18.2778,6.8333,8.2778,8.9444,8.8889,13.5,12.9444,12.7778,9.8333,11.2222,11.6111,8.0556,11.3889,12.3333,11.8889,10,9.8889,9.4444,12,8.6111,8.3333,20.6111,12.3889,11.2778,6.7222,8.3889,10.0556,16,13.5,16.6667,15.8333,11.8889,14.7778,15.3889,15.3889,12.5,11.8333,11.7222,14.8333,11.2222,9.8889,12.5,20.0556,16.3333,9.5,11.9444,12.5,13.7222,11.2778,13.2222,11.8889,9.8333,11.3333,11.5556,10.6111,10.1111,12.4444,12.5,12.1667,11.3889,10,10.1111,14.1667,17.9444,7.9444,10.1111,13.3889,3.1111,3.6111,3.2222,2.8889,2.3889,3.1111,2.8889,3.2778,3.3889,3,3.2222,2.8889,3.1667,3.9444,2.4444,3.3333,2.8333,6.6667,4.7778,3,6.3889,6.2778,6.2222,5,5.3889,5.6667,4.8333,4.7222,7.2778,7.7778,7.3333,5.6111,8.7222,9.1667,5.1667,5.7222,6.4444,6.8889,11.3333,8.1111,11.8333,7.5556,6,5.1667,8.2222,7.0556,6.5,7.5556,6.8333,14.2222,11.9444,7.3889,11.7778,9.5556,6.4444,8.7222,9.2778,6.4444,8.7222,15.5
0-211.txt_317,27.2632,13.0526,14.4737,12.5789,16.6842,13.3684,13.8421,16.6842,10.6842,16.6842,14.6842,13.9474,15.4211,12,13.0526,19.3158,17.6842,8.2632,12.3684,17.0526,18.4211,41.6316,24.2105,21.7368,11.8947,27.5263,26.4211,16.4737,23.1579,18.7368,17.3684,33.9474,19.7368,17.5789,14.1579,21.8421,21.3158,14.5789,21.1579,17.4211,12,13.6842,26.3158,19.2632,7.0526,14.6316,16.1053,12.4211,14.6316,10,9,16.3158,10.1053,8.5263,11.3158,15.8421,14.8947,5.5263,10.5789,10.1053,10.2105,11.6842,18.6842,28.0526,5.8421,15.3684,20.5789,11.8947,13,7.6842,7.5263,14.9474,7.7895,7.3684,9.3684,14.4737,12.5789,4.7368,9.2105,7.3158,2.6842,2.7895,2.8947,2.5263,6.1053,2.5789,2.5263,2.2105,2.7895,2.7368,2.6842,2.6316,2.7368,2.9474,3.4211,3.7368,3.1579,2.5789,3.9474,2.7368,14.8421,20.7368,19.8421,18.4737,8.4211,31.3684,23.4737,13.1579,19.4211,14.4211,13.8421,23.4211,16.1579,13.4211,12.4211,17.0526,17,8.9474,14.5263,13.9474,20.7895,25.1579,28.3684,33.0526,11.5263,29.3158,44,17.0526,21.8421,17.1053,15.4737,31.3158,16.6842,14.3684,19.0526,23.4211,22.9474,11.0526,18.3684,17.3158,29.3684,21.7895,30.5263,24.8947,17.7368,21.6316,24.1053,54.4211,19.4211,15.4737,14.6316,25.4211,18,16,18.8947,29.0526,23.1053,12.8421,17.2105,16.3684,6.6842,8.4737,11.3158,7.3684,5.5789,8.8947,7.5789,5.5789,16.8421,5.6316,5.6316,8.7368,6.4737,5.9474,5.8947,8.2632,7.1053,4.3158,10.0526,5.4737,24.2105,19.8421,19.0526,16.8421,23.0526,19.3158,19.5263,13.6842,17.8947,52.2632,37.0526,21,36.5263,31.4211,17,21.3158,28.6842,15.4737,26.8421,44,26.9474,25,21,20.0526,25.2105,24.4211,22.9474,15.8421,21.8947,47.9474,58.8947,27.2105,46,40.1579,20.3684,25.5263,30.6842,21.6316,34,42.9474,14.7368,22.5789,18.9474,16.5789,9.2105,20.1579,20.1053,12.2632,15.9474,13.3158,11.6842,28.3684,13.6842,10.5263,12.8421,16.2632,17.2105,8.1053,14.4211,13.4211,5.8947,6.7368,5.2632,3.7368,4.7368,6,4.7368,3.7895,5.0526,12.0526,9.7895,7.1579,14.6842,7.6316,5,5.3684,6.7368,3.7368,6.3684,9.1579,9.9474,8.6842,9.5263,7.4211,8.7368,9.1579,7.4211,6,10.6842,16.2105,16.8947,8.6842,15.3158,25.2632,6.3684,9.8421,11.1053,11,18.3684,13.6842,14.4737,12.3158,13.7368,12.6316,9.6316,14,13.7895,10.5789,11.3684,12.3158,11.3684,15.2105,11.7895,11.1579,32.1053,16,14.6842,7.0526,12.6842,11.5263,26.5789,22.9474,26.8947,24.0526,18.7368,22.4211,24.2105,20.8947,20.1579,21.7895,19.6316,24.7368,18.7895,19.5789,20.5789,36.8421,28.5263,12.6842,21.0526,20.3684,14.8421,14.7368,18.0526,14.2632,9.7895,13.2632,14.8947,11.7895,12.7368,14.2105,12.0526,15.7895,13.8421,11.3684,11.3684,18.6842,25.0526,6.8947,13.7368,13.5789,2.7368,3.8947,3.5789,3.4211,3,2.9474,3.5263,2.1053,3,3.1053,2.9474,3.5263,2.5263,3.9474,2.2105,2.8947,2.6842,7.3158,5.1053,3.1579,8.2632,10.6842,9.4211,9.2105,7,9.6316,10.0526,6.3158,15.6842,12.8947,12,10.3684,11.1053,17.7895,7,9.1053,9.6316,11.2632,25.1053,11,18.4737,13.1579,13.3158,13.6842,15.3684,12.9474,12.8947,10.0526,11.6316,30.1579,22.7368,14,22.5263,19.2632,12.1579,16,18.8947,9.5789,16.8947,32.7368
0-211.txt_319,26.8824,20.1176,19.7059,17.7059,16.7647,19.8824,19.4118,19.5882,19.6471,16.8235,18.6471,19.0588,17.7647,17.0588,16.0588,21.4118,19.2353,14.7647,18.3529,17.8235,7.1765,10.3529,6.9412,7.1765,4.7059,8.1176,7.8235,6.2353,7.4706,4.6471,5.1176,7.8235,5.1765,5.1176,5.1176,6.7647,6.4118,3.4706,5.6471,5.3529,1.9412,1.7647,4.2353,2.5882,2,1.7647,1.6471,1.6471,2.5882,1.4118,1.2941,1.8824,1.5882,1.4706,1.2353,2.6471,2.1765,1,1.2353,1.2941,4.4706,4.5882,5.0588,8.1765,3.3529,4.5882,6.2353,4.2353,4.1765,3.1176,2.7647,5.0588,2.8824,2.7059,4.3529,4.7647,4.4118,2.1176,2.5882,3.0588,1.0588,0.4706,0.4118,0.3529,2,0.5882,0.4706,0.5294,0.7059,1.6471,1.4118,0.4706,1.0588,1.5294,0.5882,0.7059,1.0588,0.9412,1.1765,1.7059,1.5882,1.7647,1.5882,1.1765,0.6471,2.1765,1.5882,1.4118,1.5882,1.1176,1.4706,1.7059,1.4118,1.1765,0.8235,1.4706,1.5882,0.8235,1.3529,1.2353,5.5294,6.7647,5.8235,6.1176,4.1765,6.4118,7.2353,4.5882,5.5882,4.0588,4.7059,6.1765,4.5882,4.4118,4.3529,5.1765,5.1176,3.8235,5.0588,4.2353,12.8824,9.5882,11.4118,10.7059,7.5882,10.0588,9.9412,19.5882,9.4118,6.5882,7.4706,10.2353,7.9412,7.3529,9.8235,11.2941,10,7.9412,7.4118,7,3.8235,4.7647,3.7059,3.6471,2.8235,4.2941,4.0588,2.7647,5.2941,3.7647,3.5294,3.7647,3.8824,3.2941,3.0588,3.4118,3.7059,3.2941,4.2353,3.9412,4,1.6471,1.2941,1.0588,3.7059,2,1.7059,1.7647,1.3529,7.4706,5.4706,1.7059,4.7647,3.6471,1.3529,2.2353,2.9412,2.0588,3,6.7647,11.2941,7.1176,6.7059,5.5882,10.8235,7.0588,6.7059,5.2941,7.4706,16.1176,18.8235,7.1176,14.2353,14.1176,6.2353,8.5882,10.2353,9.5294,10.8235,15.1176,2.0588,1.7059,1.2353,1.1176,2.7059,1.8235,1.4706,1.2353,2.0588,3.5294,3.7059,1.6471,4.2353,2.9412,1.3529,2.0588,2.1176,2.4706,2.6471,3.3529,0.8235,0.5882,0.7647,0.9412,0.8235,0.8235,0.7647,0.5294,1.8235,1.2353,1.1765,0.7059,0.8824,2.1176,0.7059,0.7647,0.6471,1.1765,1.8235,1.0588,5.2353,5.1176,5,5.6471,3.3529,4.9412,5.4118,4.1176,4.6471,3.8824,3.7647,5.5294,3.4706,3.8235,9.2941,5.3529,5.1176,2.6471,3.8824,4.3529,2.8235,2.4118,2.1765,2.1765,2.2941,2.3529,2.2941,1.8235,2.1765,2.5294,2.4706,2.5882,2.8824,2,2,3.3529,3.2941,1.2353,2.1765,2.6471,7.7647,5.3529,7.1765,6.9412,5.8824,6.1176,6.6471,4.9412,5.5294,6.1176,5.4118,6.2941,5.4118,4.3529,6.5882,8.4706,10.0588,3.4706,4.2353,6.1765,3.1765,2.7059,1.5882,1.6471,2.7059,2.2941,2,1.8824,2.4118,4.9412,4.3529,2.1765,3.5882,4.5294,1.7059,2.2941,2.5882,7,4.2941,4.1765,7.9412,5.7059,5.0588,4.8235,6.8824,6,5.2353,4.6471,5.0588,10.2353,9.1176,5.4706,8.7059,7.4118,5.8235,6.7647,7.3529,4.8235,5.8824,11.2941,0,0,0,0,0,0,0,0,0,0,0,0,0,0,0,0,0,0,0,0,0,0,0,0,0,0,0,0,0,0,0,0,0,0,0,0,0,0,0,0
0-211.txt_321,16.6875,8.5625,9.0625,7.875,6.5,11.25,9.6875,9.75,7.3125,8.5,8.8125,9,8.4375,6.5,6.4375,11.8125,10.25,4.9375,7.125,9.875,1.75,4.375,2.1875,1.875,1,2.8125,2.125,1.5625,1.9375,1.4375,1.9375,3.0625,2.4375,1.375,1.5625,2.25,2.625,0.9375,1.4375,2.25,2.4375,2.0625,4.3125,3,1.75,2.5,2.6875,2.1875,2.3125,1.3125,1.5,2.1875,1.5625,1.1875,1.8125,3,2.5,0.875,1.4375,1.625,2.5625,2.6875,3.0625,4.375,1.125,3.1875,3.75,2.125,2.1875,1.625,1.4375,2.8125,1.8125,1.125,1.4375,3.0625,2.625,0.75,1.625,1.5,5.5,5.375,4.875,4.0625,3.375,8.6875,5.5625,4.1875,5.1875,3.4375,4.375,5.875,4.4375,3.1875,3.375,4.625,4.875,2.75,3.5625,3.5625,5.5625,5.875,5.5625,6.375,2.375,6.9375,9.5,4.0625,5.125,2.8125,3.0625,5.875,3.9375,2.3125,4.3125,5.5,4.875,2.8125,4,3.75,5.5,3.25,4,3.9375,3.3125,4,3,7.6875,3.25,2.125,2.0625,3.4375,3.25,1.9375,2.25,4.5,4.4375,1.75,2.75,2.5625,1.4375,2.25,1.875,1.5,0.625,1.8125,1.5,0.8125,3.5625,0.75,1.25,1.625,1.625,1.3125,1.1875,1.3125,1.0625,1.875,1.875,0.875,3.5625,2.9375,2.5,1.75,3,3.25,2.625,1.5625,2.0625,6.375,5.125,2.5625,3.4375,3.5,2.75,2.875,4,2.625,2.5625,4.5625,9.25,6.875,5.3125,3.875,8.6875,7.125,5.625,4.8125,5.6875,13.125,17.3125,5.75,14,10.75,4.9375,7.5,9.625,7.3125,7.625,12.25,3.1875,5.125,3.6875,4.1875,2.125,4.25,4,2.625,3.6875,2.5625,2.625,5.5,2.5,1.8125,3.1875,3,3.375,1.9375,2.3125,3.0625,1.0625,0.75,0.625,0.5,0.875,0.9375,0.625,1,0.6875,1.5625,2.1875,0.8125,2.8125,1.4375,0.625,0.875,1.1875,0.875,1.125,1.5625,2.25,1.75,1.625,1.3125,1.5625,2.0625,2.125,1,2.8125,3.125,3.625,1.75,2.6875,5.875,1.1875,2,2.5,4.375,4.75,3,3.9375,2.625,2.1875,2.9375,1.8125,2.8125,3.375,2.5625,2.875,1.5625,1.9375,3.125,2.125,1.4375,6.75,3.4375,3,1.5,2,1.875,3.1875,3.3125,3.625,3.4375,1.75,3.6875,3.3125,2.5625,2.25,1.625,1.5,2.8125,1.875,1.3125,2.25,5.125,3.25,1.0625,1.625,2,2.3125,1.125,2.1875,1.75,1.125,2,1.4375,2,1.0625,2.125,1.5625,1.375,2,1.375,1.4375,2.5,2.9375,0.75,1.125,2.1875,2.25,1.1875,1.5,0.6875,1.5625,1.875,1.0625,0.875,1.625,2.3125,2.5,1.625,2.875,2.5625,0.75,1.625,2,6.125,3.125,2.375,1.625,1.875,1.5625,1.25,0.75,2.1875,1.6875,1,3.9375,1.0625,1.3125,1.375,1.375,2.75,1.125,1.3125,1.4375,2.125,4.25,1.3125,5.0625,2.875,2.375,1.625,4.0625,3.375,2.5625,2.125,2.375,7.375,6.0625,2.75,5.5625,4.4375,2,3.375,4.5,2.25,4.625,7.4375,0,0,0,0,0,0,0,0,0,0,0,0,0,0,0,0,0,0,0,0
0-211.txt_323,10,3.9444,3.7222,3.6111,4.1111,5.1667,4.5556,4.5556,3.1111,4.9444,4.3333,4.5,5.0556,3.7778,3.7778,6.3333,5.2778,2.3333,3.6667,6.2778,6.6111,14.5556,6.7222,6.7778,3.1667,9.1667,8.8889,4.5556,8.1667,4,4.5,9.9444,5.0556,4.5556,4.7778,6.7222,6.2778,3.9444,6.2222,4.8889,4.2222,5.3333,9.8333,6.6667,4.0556,5.8333,5.3889,4.6667,4.6111,2.5556,3.1111,5.2778,3.3889,2.2778,4.5,5.5,5.4444,1.8889,3,3.2778,4.2778,5.3333,7.0556,12.7778,2.2222,6.2778,7.8333,4.1667,5.2778,2.1111,2.0556,5.6111,2.6667,2,4.9444,5.5,4.6111,1.2222,2.7778,2.7778,1.3889,1,1,1.1667,2.9444,0.9444,0.8889,1,0.9444,1.7778,1.8889,0.9444,1.6111,2.2778,0.7222,1.4444,1.2778,1,1.5556,1.4444,0.7778,0.7222,0.6667,0.8889,0.5,1.4444,1.1667,0.7222,1.3333,0.7778,0.9444,0.8889,1.0556,0.5,0.5,0.8889,1,1,0.6111,0.8333,13.1667,14.3333,12.9444,18,6.5,16.2222,21.6667,9.8889,13.6111,6.5,7.3889,13.8889,9.1111,6.4444,10.3333,12.5556,11.2222,6.4444,9.2778,7.2222,10.1667,6.6667,9.2222,8.1667,5.3333,7.3333,6.5,17.6667,6.3889,3.6111,4.1111,7.1111,5.1111,3.5556,5.3333,8.6111,8.0556,4,4.1667,4.5556,1.5556,1.5556,1.4444,0.9444,0.8333,2.2778,1.4444,0.7222,4.1667,1.2778,1.2778,1.6111,1.4444,1.1667,1.1111,1.4444,1.4444,1.2222,1.7778,1.3333,6.4444,5.0556,3.4444,3.1667,6.5,4.2778,3.6111,2.8333,4,13.3889,10.1111,4.4444,9.0556,7.7222,4.3333,4.9444,6.9444,4.6667,5.7778,10.5556,9.7222,7.0556,4.7222,4.8333,7.1111,6.8333,5.8889,4.4444,7.0556,14.7222,21.2222,6.8333,14.6111,13.8889,5.8333,6.8889,8.6667,8.5556,10.7778,13.5556,8.7222,13.4444,8.7778,8.6667,4.3889,10.7778,10.4444,6.5556,9.5556,4.4444,4.6111,15.5556,6.1111,3.9444,7.3333,9.3333,8.3889,4.3889,6.2778,4.8889,3.1111,2.3333,1.7778,1.6667,2.0556,3.1667,2.0556,1.1667,2.1111,4.4444,4.4444,2.3333,6.7222,3.2222,1.5,2.3333,2.8333,1.7222,2.2778,3.7222,5,3.8333,3.2778,3,3.8889,3.6111,3.0556,3.3333,5.7222,7.8889,9.2778,3.6667,7.1111,14.6111,3.0556,4.2222,4.3333,7.1667,10.7778,6.9444,3.8889,3.5556,2.5556,3.0556,1.8889,3.8333,3.7778,2.5,2.6667,2.7222,2.9444,4.1111,2.4444,1.7778,9.7222,4.1111,3.6667,1.3333,2.3333,2.5,8.6667,6.2778,7.8333,6.5556,6.0556,7.1667,6.5556,6.1667,6.3333,4.5,4.6667,6.0556,6,4.1667,5.1111,12.1111,8.2778,3.2222,5.2778,5.3333,6.7222,6.1667,5.8333,5,5.7222,5.7778,5.5,4.3333,5.3889,6.2222,5.5556,5.7778,5.8889,4.5556,4.8889,7.4444,11.7778,3.8889,4.8889,7.2222,0.8333,0.8333,0.6111,0.4444,0.8333,1.2222,0.8889,0.7222,1.2222,1.1111,1.6111,0.8333,1.5556,2.8333,0.6667,0.8333,0.8333,5.3889,3.1111,1,3.7778,3.3333,3.1111,2.4444,2.2222,3.2222,2.9444,2.2778,6.2222,3.7222,5.1667,3,4,7.7778,1.7778,3.2222,3.3333,6.2778,10.3333,3.8333,8.7222,5.0556,4.5,3.8889,5.4444,6.6667,5.3889,4.3333,4.1667,10.5,9,5.3333,8.6667,6.2778,5,5.8333,7.1111,3.9444,6.1667,12.7778
0-211.txt_325,23.2105,11.6316,14.4211,10,18.3684,14.2632,12.3684,18.5789,11.8947,19.2105,18.1579,12.3158,19.2632,18.8947,14.1579,20.4737,19.7368,15.1053,16.4211,20.2632,8,14.1053,8.5789,6.5789,6.6316,9.9474,8.0526,7.7895,9.2632,7,7.7895,11.4211,7.9474,6.9474,7,8.7368,7.6842,7.3684,7.4211,7.2105,7.3158,5.6316,10.5263,6.5263,6.1579,6.5789,5.7895,7.9474,6.2105,6.2632,5.8947,5.6842,6.2632,6.3158,6.0526,8.8947,8.2105,5.1053,6.3684,6.4737,5.0526,4.3684,6.7895,7.8421,5.1053,5.4211,5.7895,5.3158,4.8421,4.6316,4.3684,4.8421,4.9474,4.6316,4.4737,6.2632,5.1579,3.5263,4.6316,4.4737,3.8421,2.8947,3.5263,2.7895,7.3158,2.8947,2.8421,4.3684,2.4211,4.7895,4.6316,3.1053,4,4.7368,3.4211,3.7368,4.1579,3.3158,3.6842,4.3684,4,3.6316,3.8421,3,3.1579,6.2105,3.8947,3.8947,3.6842,3.8947,3.9474,3.6842,4.8947,4.0526,3.5789,4.0526,4.1579,4.4211,4,3.7368,9.8947,9.9474,9.8947,12.0526,6.6842,11.5789,15.7368,8.5263,9.3684,7.8947,7.5263,11.3684,8.5789,6.4737,9.4737,10.2105,9.9474,6.8947,7.4211,8.0526,22,10.7368,15.4737,11.4737,17.5789,12.8947,10.5789,31.4737,12.8421,15.4737,15,11.7895,17.3684,18.4211,13.6842,20.6316,17.4211,15.3684,14.8421,15.5263,1.4737,1.2632,1.2632,1,1.2632,1.5789,1.2105,1.4737,2.1053,1.2105,1.0526,1.4737,1.1053,1.3684,1.4211,1.4737,1.2632,1.1579,1.5263,1.5263,18.2632,9.8947,10.2105,7.5789,16.8947,10.5789,8.8421,12.5789,9.1053,28.1579,23.9474,10.9474,23.6842,23.2105,12.7895,15.2632,18.0526,16.1579,16,24,20.8947,12.4211,12.7368,9.2632,19.5789,14.9474,10.8947,15.8947,12.0526,28.5789,30.8947,12.1579,28.5789,27.4737,13.2105,17.8947,20.5789,20.7368,20.0526,25.8421,7.8421,11.7895,8.5263,7.5263,5.1579,10.3684,9.4737,6.8421,8.8421,7.1053,6.6316,13.3684,7.4737,7.1579,8.6842,9.0526,8.4211,8.1053,7.1579,6.5789,6.2105,4.4211,4.1053,2.6842,5.8421,4.7368,3.3684,4.9474,4.2105,8.3684,8.6316,4.2105,9.6842,8.1579,5,6.1053,6.1053,7.1053,6.2105,7.7895,10.0526,5.9474,6.1053,5.4211,9.8421,6.6842,5.7368,8.5263,7.2632,12.7895,13.8947,6.3158,13.1053,18.5789,6.6842,9.3684,10.0526,12.6842,13.2105,11.9474,6.8421,5.2632,5.3158,4.7895,5.1579,5.9474,4.5789,5.4211,5.6842,6.3684,5.7895,5.6316,5.5789,6.2632,12.0526,7.1053,7.3158,5.6842,6.0526,6.3684,18.8947,12.4211,14.9474,12.4737,13.6842,13.6316,13.1579,17.5789,12.1579,15.3158,13.9474,13,16.1579,16.1053,14,22.2105,19.3684,13.5789,14.6316,14.8947,10.7368,7,9.4211,6.8421,7.8947,8.4737,7.2105,9.2632,7,10.4211,9.7368,7.2105,10.5263,9.7895,8.6842,11.3158,12.4737,8.0526,9.1579,10.3684,3.8421,4,4.1579,2.6842,2.8947,3.4211,3,4.4211,4.4211,4.6316,4.1579,3.6842,4.7368,6.3158,3.5263,4.1579,4.1053,11.2105,6.8947,4.1579,5.2632,3.6316,4.4737,3.3684,4.0526,4.2632,3.0526,4,4.6842,5.4211,5.9474,3.1579,6.3684,8.5789,4.6316,5,4.8421,7.2105,9.2105,5.4211,12.1579,6.0526,7.7368,5.6316,12.0526,8.1579,6.7368,9.5789,7.3158,17.0526,14.8947,6.7368,15.0526,14.8947,7,10.7895,12.6842,8.8421,12.1053,17.1579
0-211.txt_327,5.1765,1.7059,1.4118,1.8235,3.1176,2.7059,2.1765,2.6471,1.5882,3.5882,3.7647,2.1765,2.8824,2.5882,2.1176,2.8235,2.6471,1.1765,2.3529,3.7059,1.8824,3.4118,2.3529,2.5882,0.6471,3.3529,3.3529,1.5882,2.7059,1.4118,1.1765,2.8824,1.7647,0.7059,1.4118,2.2941,2.2941,0.8235,1.0588,1.5294,1.7059,2.4706,2.2353,3.5882,0.8824,2.5882,3.3529,1.5294,2.2353,1.7647,1.5882,2.4706,1.2941,1.4118,1.7059,2,2.1765,0.6471,1.6471,1.7647,3.1765,0.8824,1,0.8235,6.6471,1.0588,0.6471,1.4118,1.5294,1.4118,1.7059,1.1765,1.8824,1.3529,0.8235,2,2.1176,0.8824,1.0588,1.7647,3.4118,4.0588,2.8824,3.0588,1.8824,5.1765,5.2941,2.0588,3.0588,1.7059,2.1176,4.0588,2.2353,1.5294,2.0588,3.1176,2.8235,1.3529,2.4118,2.3529,2.8824,3.5882,2.8824,3.5882,1,3.8824,6.0588,1.7059,2.1176,1.5882,1.6471,3.6471,2.1765,0.7059,2.5882,2.7059,2.8824,0.5882,1.3529,2.5294,2.0588,1.9412,2.4706,2.4706,0.7059,1.9412,2.0588,4.4118,1.4118,0.2941,0.5294,1.9412,0.7647,0.5294,1,2.5294,1.3529,0.5294,0.5882,0.7647,1.5882,2.0588,2.2941,1.8235,1.1176,2.2941,2.1765,1.5882,3.8235,1.1176,1.2353,1.8824,1,1.2353,1.1176,1.4706,1.1765,0.8824,1.5882,1.3529,2.2941,0.7647,0.7647,0.5882,1.6471,1.2941,1.0588,0.5294,0.5882,4.1765,3.2941,1.0588,2.9412,1.7647,1.1176,1.1176,2,0.6471,1.4118,3.4118,2.0588,1.5294,0.8824,1.1765,1.9412,1.8235,1.2353,0.4118,1.4706,4.1176,4.9412,1.2353,4.1765,3.3529,1.4118,1.5294,2.0588,2.4118,2.4118,3.9412,0.6471,1.0588,0.6471,0.5882,0.1765,0.8824,0.8235,0.2353,0.7059,0.5294,0.5294,1.1176,0.7059,0.4118,0.2941,0.5882,0.4706,0.2353,0.6471,0.4706,0.4118,0.2941,0.1765,0.0588,0.2353,0.1765,0.1765,0.1765,0.3529,0.4706,0.5882,0.1765,0.8235,1.6471,0.0588,0.4706,0.3529,0.5882,0.8824,0.4118,0.4706,0.5882,0.3529,0.3529,0.1765,0.4706,0.8235,0.2941,0.3529,0.1765,0.1765,0.6471,0.2353,0.1176,1.5882,0.6471,0.4118,0.1176,0.1765,0.2353,3,1.7059,2.0588,2.1176,1.9412,2.4706,2.4118,2.7647,1.7647,0.7059,0.8235,1.5882,1.1765,0.5882,1.1176,3.5294,2,0.4706,1,1.1176,1,0.8824,0.9412,0.7059,0.4118,1.1765,0.7647,0.9412,0.7059,0.4706,0.6471,1.1765,0.5882,0.2941,0.5294,1.3529,1.7059,0.1765,0.4118,0.6471,0.8235,1.5882,0.8235,0.5882,0.7059,0.8824,1.1176,0.5294,1.0588,0.4706,0.8824,1.2353,0.8824,0.8235,0.5294,0.6471,1,2.2353,1.2353,0.6471,3.1176,1.4706,1.0588,0.9412,1.8824,1.6471,1.6471,1.2353,1,5.4118,4.5294,1.5294,3.7647,3.4118,1.5294,2.1176,2.8235,1.7647,2.4118,6.4706,0,0,0,0,0,0,0,0,0,0,0,0,0,0,0,0,0,0,0,0,0,0,0,0,0,0,0,0,0,0,0,0,0,0,0,0,0,0,0,0,0,0,0,0,0,0,0,0,0,0,0,0,0,0,0,0,0,0,0,0
0-211.txt_329,5.375,2.25,2.1875,2.0625,2.5,2.875,2.625,2.9375,2.125,2.1875,2.125,2.5625,2.4375,1.8125,2.5,3.8125,3.125,1.6875,2.4375,3.0625,2,5.3125,2.125,1.9375,0.875,3.125,3.0625,1.375,2.375,1.5625,2.125,3.625,2.1875,2,1.5625,2.125,2.1875,1.5,1.9375,1.5625,3.75,3.9375,9.625,5.75,2.125,4.9375,5.0625,3.9375,5.0625,1.5625,1.5625,4.375,2.625,1.75,2.875,5.25,4.6875,1.375,2.875,2.1875,6.0625,6.375,10,17.3125,3.5,7.6875,10.125,5.6875,7.375,3.25,2.6875,7.25,4.3125,2.75,6.8125,7.5,6.625,1.75,4.3125,3.875,1.3125,0.8125,0.8125,0.625,3,0.875,0.75,0.8125,0.6875,0.9375,1.125,1.0625,1.0625,0.75,0.75,1.0625,1.0625,0.6875,0.8125,1,2.6875,3.6875,3.1875,2.9375,1.4375,6.0625,3.9375,2.125,3.125,1.375,1.375,3.9375,2.5,1,2.3125,3.625,2.75,1.5,1.9375,1.5625,6,6.6875,6.9375,8.3125,2.25,9.3125,14.125,5,7.125,2.75,3.5,8,4.6875,2.375,5.4375,7.5625,5.9375,3,4.5,3.75,3.8125,2.25,3.375,2.6875,2,2.6875,2.9375,7.3125,2.9375,1.1875,1.1875,2.8125,2,1.5,2.3125,3.8125,2.6875,1.8125,1.9375,1.5,1.125,1,1.125,1.1875,0.5625,1.125,1.125,0.75,2.75,0.6875,0.875,0.9375,0.875,0.6875,1.1875,1,0.8125,0.5,1.25,0.625,4.375,2.8125,2.125,1.75,4,2.9375,2.3125,1.75,2.6875,10.5,7,3.0625,6.625,6.1875,3,3.25,4.625,2.9375,4.375,8.4375,8.25,5.5,4,3.875,7.25,5.625,5.3125,3.5,5.0625,13.875,19,5.625,14.25,10.75,5,6.375,8.5625,6.3125,8.375,13.1875,3.4375,5.75,4.625,4.4375,1.6875,5.25,5.0625,2.75,4.0625,2,2,8.125,2.875,1.4375,3.25,4.375,4.1875,1.6875,2.6875,2.125,1.25,0.75,0.5625,0.375,0.8125,1,0.625,0.5,0.75,1.4375,1.8125,0.8125,2.625,1.1875,0.5625,0.875,1,0.75,0.9375,1.4375,2.3125,1.75,1.75,1.125,2,1.4375,1.25,1.0625,3.0625,4.375,4.0625,1.375,3.9375,8.9375,1.125,2.25,2.6875,4.125,5.8125,3.875,3.875,2.9375,3.125,3.0625,2.125,3.1875,4,3.3125,2.375,2.125,2.125,3.75,2.1875,1.25,11.5625,3.9375,4,1.4375,2.125,2.25,6.9375,4.9375,6.625,5.375,5.0625,6.0625,5.75,5.625,4.75,3.875,3.375,5.9375,4.25,3.0625,4.625,10.75,7,2.5625,3.6875,4.3125,3.4375,2.8125,3.375,2.8125,2.75,3.0625,3.1875,2.625,2.25,2.875,3,3.25,3.125,2.0625,3.25,4.4375,6.875,1.75,2.1875,3.5,0.4375,0.375,0.25,0.0625,0.375,0.5625,0.375,0.375,0.5625,0.4375,0.5625,0.375,0.5625,1.1875,0.1875,0.375,0.4375,2.875,1.5625,0.4375,1.125,1.3125,1.5625,1,0.75,1.5625,1.3125,0.8125,2.5,1.125,1.375,1.3125,1.4375,2.75,0.8125,1.25,1.25,2.4375,4.25,1.125,4.4375,2.25,2.5,1.6875,3.8125,2.4375,2.375,1.9375,1.9375,7.0625,6,2.4375,5.5625,4.4375,2.1875,3.5,4.5,2.1875,3.5,8.6875
0-211.txt_331,9.95,6.2,5.85,6.35,4.85,6.95,7.6,5.8,5.5,4.95,4.8,6.55,5.3,3.85,5.15,7.35,6.9,3.05,4.35,6,4.4,12.5,5.45,4.2,2.5,7.45,6.1,3.65,6.3,3.7,4.55,8.05,4.7,3.25,4.15,4.95,4.9,3.15,4.65,3.6,1.05,1.4,2.95,2.2,0.65,1.35,1.7,1.2,1.85,0.7,0.6,1.35,0.8,1,0.8,1.8,1.8,0.45,1.2,0.7,5.05,5.75,6.4,8.85,2.9,6.55,7.5,4.9,6.3,3.05,3.1,5.4,3.75,2.9,4,5.55,5.05,2.25,3.1,3.4,0.55,0.35,0.55,0.45,0.85,0.4,0.35,0.25,0.55,0.6,0.75,0.35,0.65,0.65,0.3,0.75,0.55,0.45,0.65,0.55,2.25,2.05,2.1,2.35,1.3,4.25,2.7,1.7,2.4,1.05,1.3,1.95,1.75,1.15,1.7,2.2,1.6,1.5,1.75,1.45,5.25,4.25,3.7,5.15,1.8,5.3,6.7,2.65,3.95,2.35,2.55,4.9,2.75,2.2,3.25,4.05,4.15,1.7,2.55,3.15,6.65,4.25,6.05,6.35,3.6,5.35,6.05,10.4,4.45,2.6,2.7,5.2,3.65,2.6,4.4,6.6,4.8,2.55,3.4,3.3,1.85,2.5,1.75,1.8,0.8,2.5,2.15,1.25,3,1,1.45,2.3,1.6,1.1,1.2,1.85,1.5,1.05,1.6,1.2,1.65,1.35,0.95,0.95,1.45,1.2,1.1,1,1.3,3.5,2.8,1.15,2.3,2.55,1.35,1.25,1.75,1.75,2.3,3.3,5.1,4.55,3.15,2.65,4.15,4.4,3.55,2.25,3.7,7.65,9.8,3.95,7.5,7,3.5,3.75,4.7,3.75,5.25,7,1.05,1.7,1.05,0.9,0.6,1.7,1.45,0.75,0.9,0.6,0.7,2.3,1.05,0.5,0.9,1.4,1,0.45,0.85,0.75,1.2,0.8,0.65,0.5,1.05,1.1,0.75,0.65,0.8,2,2.4,0.95,3.05,1.85,0.65,0.8,1.1,1,1.35,1.75,0.8,0.6,0.65,0.35,0.8,0.75,0.7,0.6,1.4,1.25,1.5,0.6,1.4,3.65,0.45,0.8,0.75,1.9,2.6,1.1,4.35,3.35,3.3,3.4,1.95,3.75,4.4,2.95,3.65,3.2,2.65,3.85,2.85,1.8,9.15,4.5,3.65,1.25,2.35,3.25,4.3,3,4.1,4.05,2.6,3.4,3.6,3.75,2.8,1.65,1.7,3.35,2.35,1.65,3,6.85,4.4,1.45,2.05,2.1,3.7,3.35,3.35,2.9,3.15,3.5,2.85,2.05,4,3.35,3.1,2.85,3.15,2.55,2.7,4.1,5.2,1.95,3.05,4.2,1.3,1.1,0.7,0.55,1.35,1.25,1,1.35,1.6,1.2,1.5,1.05,1.7,2.95,1.05,1.2,1.2,7.15,2.95,1.3,1.25,1.45,1.2,0.85,1,1.35,1.05,0.8,1.9,1.2,1.35,1.35,1.35,2.1,0.75,1.05,1.15,2.05,3.5,1.15,6.65,6.3,4.8,4.45,5.45,5.75,5.85,4,5.2,8.55,7.9,5.85,7,6.1,4.5,5.55,6.55,3.8,5.35,9.8
0-211.txt_333,21.1667,13.7222,13,11.7222,14.3889,14.2778,13.6667,12.1111,11.4444,12.1667,11.6111,14.7222,12.6111,9.4444,12.5,17.7222,15.1667,8.2222,9.7778,14.3333,4.7222,9.8333,5.8333,4.1667,3.7222,7,6.3333,3.7778,5.5556,3.8889,4.3889,7.1111,4.6667,3.1667,3.5,5.1667,5.1111,3.1667,3.7778,4.6111,4.4444,4.7778,7.1111,5.2222,2.9444,4.1111,4.6667,3.7778,4.3333,3,2.7222,4.8333,3.1111,2.7778,3.6111,5,4.1111,2.1111,3.1111,2.7778,6.2778,6.6667,8.4444,11.4444,4.3333,7.8333,8.6111,5.7778,6.1667,4.4444,4.3333,7.1667,4.1111,4.0556,5.6667,7.8889,7.2222,2.6667,4.8889,5.3333,1.4444,0.9444,1.5556,1.2778,2.6667,1.1111,1.1667,1.0556,1.0556,1.6111,1.2222,1.5556,1.5556,1.1667,1.0556,1.6667,1.5556,0.6111,0.7778,1.7778,6.7778,8.5,8.1667,8.1667,5.8889,12.1111,9.3889,5.6667,10.0556,5.4444,6.3333,9.1667,7,5.1111,8.1111,8.2778,8.2778,4.4444,6.8889,6.1667,7.0556,7.8889,9,10.3889,4.5,9.4444,13.5,5.4444,8.7222,5.3889,5.6667,9.7222,5.2222,4.3889,8.1111,8.2222,7.6667,3.5556,5.5,5.9444,5.5,4.3333,6,4.6111,3.2222,5.1667,4.7778,7.2222,4.2222,3.5,3.2778,5.6111,3.8333,2.7222,4.5556,5.7222,5.2222,2.8333,3,3.5556,1.7222,2.5556,2.0556,1.8889,1.2778,2.8333,2.5556,1.3333,3.8889,1.6111,2.2222,2.7778,2.1111,2,1.2778,1.7222,1.8333,2.1111,2.4444,1.4444,5.6667,4.1667,3.5556,3.2222,5.2778,3.9444,3.7222,2.8333,3.2778,10.6111,8.5556,4,8,6.5,3.1667,4.1667,5.6111,3.1111,4.7222,9.2222,11.8333,9.4444,8.7222,6.7778,12.2222,10.2778,8.5556,6.4444,9.6111,17.2778,22.6667,9.3889,19.5,14.5,7.5,10.3333,11.7778,7.4444,11.4444,15.5,11.1667,15.5,13.1111,12.5,8.5556,14.6667,13.3889,9,12.1667,7.2778,8,19.2222,9.2222,7.2778,10.6111,11.8333,10.2222,6.2222,8.8889,8,4.7222,4.2778,4.1667,3.0556,4.8889,5.5,3.8889,3.0556,4.2222,6.5556,7.7222,4.5556,10.1111,5.9444,2.8889,4.8333,5.9444,3.9444,5.2778,6.3333,3.2222,2.0556,2.3889,1.7222,3.1667,2.0556,2.2778,1.7778,2.9444,3,3.5,2.3889,3.2222,6.4444,2.1667,3.2222,2.6111,3.9444,5.1111,2.7222,8.2778,7.7778,7.2222,8,6.0556,8.2222,8.3889,5.7222,7.6667,6.7222,6.2778,9.0556,7,5.3333,16.2778,9,8.3889,3.2778,5.2778,7.2222,7.4444,5.8889,6,5.2222,7,5.8889,5.8889,5.7778,6.1667,4.6111,5.1667,6.2222,5.1111,3.8889,5.4444,9.8333,7.1667,3.5556,4.1111,5.7778,11.8333,9.6111,9.8889,10.1111,9.7778,10.7222,10.8889,8.4444,9.2778,8.0556,8.1667,10.6111,9,6.1111,8.4444,13.3333,14.8333,4.1667,7.3889,9.8333,0.5,0.3333,0.2778,0.5,0.8333,0.3889,0.5,0.6667,0.3333,0.6111,0.6111,0.5556,0.6111,0.9444,0.5556,0.5556,0.4444,1.9444,0.8889,0.6111,4.9444,4.1111,4.7778,4,5.7778,4.1667,3.9444,3.4444,6.9444,5.8333,5.3889,3.8333,5.3889,8.2778,3.1667,4.7778,4.7222,6.4444,11.2778,5.4444,13.6111,10.4444,10.6667,9.1111,12.6667,11.5,10.8333,8.3889,10.7778,18.2222,16.3889,11.4444,14.3889,11.0556,10.9444,12.2222,13.9444,7,10,20.3889
0-211.txt_335,13.6667,4.9333,5.6,5.2,7.0667,5.0667,5.9333,7.8667,4.0667,9.4,7.7333,5.5333,7.3333,4.8667,5.8667,9.9333,9.4667,2.2667,4.8667,10.2,5.0667,9.7333,6.1333,6.0667,3.2667,5.9333,6.9333,4.0667,4.3333,3.6,3.4,9.7333,4.7333,2.5333,3.8,7.5333,6.6,2.1333,4.0667,4.1333,0.9333,1,1.7333,2.0667,0.2,1.0667,1.9333,0.8667,0.8667,0.2,0.2,1.2,0.3333,0.1333,0.6,1.1333,0.9333,0.0667,0.3333,0.4,6,6.8667,8.6,13.6,2.5333,7.5333,11.5333,4.3333,5.8667,3.0667,2.6,7.4667,3.4667,2.0667,5.6,8.3333,6.2667,1.2,3.1333,3.2667,2.2667,2.4667,2.0667,2.1333,1.0667,2.6,2.0667,1.6667,1.8,1.0667,1.2667,3,1.5333,1.4,1.6,2.7333,2.2667,0.6667,1.6667,1.3333,10.4,13.1333,15.5333,19.4,4.9333,15.2,22.1333,10.2,11.6667,7.7333,7.6667,17.2,8.3333,5.8667,9.8,15.4,13.7333,3.9333,8.3333,8.8,5.9333,4.8,5.4667,6,2.8667,4.4667,5.6,9.2,3.6,3.2,3.2,6.2,3.5333,2.9333,4.4667,7,5.4,2.2,3.1333,3.5333,3.6667,2.8,3.0667,2,3.8667,3.1333,3.3333,1.4667,3.2667,9.4667,7.3333,3,6.3333,5.5333,2.5333,3.2667,4.9333,1.7333,4,7.7333,4.6,2.4,1.6667,2.1333,4.6667,3.5333,2.8667,2.2667,2.0667,10.1333,11.3333,3.0667,10,8,2,3.6667,4.8,3.8,4.6667,8.8,2.9333,4.3333,3.4667,3.2,1.2667,3.5333,4.1333,1.7333,3,2.2,2.1333,5.4,2.3333,2.2667,1.4667,3.8,3.8,1.4,2.4,3.0667,2.7333,1.8667,1.4,0.8667,1.5333,2.2667,1.4,1.6,1.3333,4.4667,4.8,2.3333,6.2667,3.8,1.1333,2.3333,2.9333,1.5333,3.2667,4,2.7333,1.4,1.1333,1.2,2.7333,2,1.8,1.4667,2.2,5.4,5.9333,1.6,4.4667,9,1.4,2.0667,2.8,3.4,6.0667,4.4,3.7333,3.0667,3.6667,3.3333,2.8667,3.4,4.0667,3,2.2667,3.0667,2.8667,3.5333,2.8,2.4,7.0667,4.3333,4.0667,1.0667,2.4,3.4,3,2.3333,3.0667,2.4667,2.1333,2.4667,3.0667,2.8,1.8,2.6,2.5333,2.6,2.1333,1.2,1.4667,4.2667,3.1333,0.8667,1.6667,2.6,3.6,3.9333,4.0667,4.5333,2.1333,3.9333,5.1333,3.1333,4,3.1333,2.6667,5.1333,2.8667,2.1333,1.8,5.3333,5.6667,1.2,2.2667,3.8,2.2667,2.5333,2.5333,1.8667,1.3333,2.3333,2.6,1.5333,2.8667,3.6667,3.6,3.2,3.2,4.8667,1.2667,2.5333,3.2,2.8,6.5333,3.9333,8.4,4.6,5.2,3.5333,7.5333,4.8,3.5333,3.2,4.2667,13,11.2667,4.8,9.9333,9.2667,3.5333,6.9333,7.0667,3.0667,6.2,13.0667,0,0,0,0,0,0,0,0,0,0,0,0,0,0,0,0,0,0,0,0,0,0,0,0,0,0,0,0,0,0,0,0,0,0,0,0,0,0,0,0,0,0,0,0,0,0,0,0,0,0,0,0,0,0,0,0,0,0,0,0
0-211.txt_337,8.8,4,3.6,3.2,5.1333,3.8667,4.2667,5.4667,3.0667,4.5333,4.4667,4.5333,4.6667,3.6,3.6,6.8,5.1333,1.6667,3.8,6.2,2.7333,5.3333,2.8667,3.8,1.3333,3.5333,4.5333,2.0667,2.9333,2.2,1.6667,4.6,2,0.9333,2.6667,3.7333,3.4667,0.8,2.0667,2.8,2.8667,3.7333,6.2,4.8667,2,3.7333,4.5333,2.6667,3.6667,2.0667,1.8,4.8,2.1333,1.4667,2.8667,4.4,4.1333,0.8,2.0667,2.3333,5.6,6.6,9.3333,14.7333,2.2667,8.0667,12.3333,5.6667,6.8667,3.7333,3.2667,8.2667,3.8667,2.6,4.5333,7.8667,6.7333,2,3.2,4.5333,1.5333,0.8667,0.4667,0.3333,3.4,0.6667,0.5333,0.4,0.4,2.2667,1.8,0.6667,1.4,1.6667,0.5333,0.8667,1.2667,0.4667,0.8,2,1.2667,1.8667,1.6,1.7333,0.6667,2.6,1.6667,1.1333,1.5333,1.1333,0.7333,2,1.0667,0.6,1,1.6,1.8,0.9333,1,1.2,6.3333,7.0667,9,12.6667,2.6,9.6667,15,5.8667,6,3.8,3.4,8.8,4.4667,2.3333,5.8,8.6667,7.5333,1.9333,3.6667,5.1333,5.4,3.8667,5.2667,5.1333,2.2667,4,4.8,8.8,2.8,2,1.9333,4.6667,2.7333,1.2,3.2667,6.0667,4.8,1.1333,2.8,2.7333,1,1.5333,1.5333,1.6667,0.3333,1.7333,2.2667,0.6667,2.6667,0.2667,0.4,1.8,0.6,1,1.1333,1.6,1.4667,0.4,1.2667,0.6667,4.9333,3.6,3.2,2.8667,3.8667,3.1333,3.4667,3.1333,2.8667,11.4667,8.3333,3.4667,7.8667,5.8,3,4.4,5.8,2.9333,4.9333,9.0667,7.7333,3.8667,3.4667,3.0667,6.1333,4.8667,4.6,2.8,3.3333,12.7333,15.4,4.4667,12.8,11.7333,3.7333,5.6,7.6,4.5333,7.9333,11,5.1333,8.4,5.6667,5.4,2.6667,5.8,7.0667,4.0667,3.9333,2.8,2.6,11,3.3333,2.8,4.6,7.0667,5.3333,2,4.3333,3.1333,3.3333,2.4,1.8667,1.2667,3.1333,2.5333,2.2667,1.6667,2.1333,7.3333,7,2,9.3333,5.4667,1.4667,2.4,3.8667,1.8667,3.0667,6.7333,2,0.9333,0.8,0.6667,1.9333,0.9333,1.1333,0.8,1.6,5.0667,4.7333,1.0667,4,8.1333,0.4667,1.6,2.0667,2.8667,4.8,3.6667,2.9333,2.1333,2.7333,3,1.2667,2.7333,3.2667,2.4,1.8,2.0667,1.9333,3.1333,1.5333,1.4,7.0667,3,2.8,0.8667,1.3333,2.0667,10.8667,9.8667,10.3333,10.5333,6,8.6,10.4,8.9333,6.9333,6,4.8,11.8,5.8,4.4667,6.7333,14.5333,10.7333,2.7333,6.1333,6.8,6,6,7,6.1333,4,5.4667,7.2667,4.4,5,5.6667,4.7333,6.6,5.4667,3.8,4.1333,8.2,9.5333,2.6,4.6,5.7333,1.2667,1.3333,1,0.4,1.0667,1.1333,1,1.1333,2.5333,1.9333,2.4667,1.4,2.2667,4.7333,0.8,1.4,1.3333,2.7333,5.8,2.2667,6.9333,4,3.4667,3.8,5.6,4.7333,4.2,2.7333,2.8667,11.9333,9.9333,4.9333,8.4,7.5333,2.8667,5.4,7.3333,3.2,5.4,12.9333,0,0,0,0,0,0,0,0,0,0,0,0,0,0,0,0,0,0,0,0
0-211.txt_339,13.1667,8,7.4444,6.6111,8.8889,8.6111,8.5,7.6667,7.9444,7.8889,7.5,9.2778,8,6.1111,6.5,10.2778,8.7778,4.9444,7.0556,8.9444,3.1111,7.0556,4.4444,3.9444,2.4444,5.3333,4.3333,2.8889,4.1111,3.2222,3.3889,5.1667,3.1667,3,3.5,4.0556,4.2778,2.8333,4.4444,3,2.3889,3.5,4.7222,3.8889,1.8889,3.8333,4,1.8333,3.6667,1.8333,1.8889,3.8333,2.2778,2.4444,1.8333,3.1111,2.9444,1.9444,2.7222,2.2778,4,5.1111,5.7222,8.1667,3.2778,5.1667,6.3889,3.6667,4.5556,3.2222,3.0556,5.1667,3.3333,2.6667,4.3333,4.9444,4.4444,2,3.5,4.0556,1.7222,0.9444,1.2222,1,3.5,1.1111,0.8333,1.1111,1.0556,1.2778,1.3333,1.0556,1.3889,1.2222,1.1111,1.8889,1.5556,0.7222,1.1111,1.4444,4.5556,6.6111,5.0556,5.2222,2.8333,8.6111,6.9444,3.6667,6.4444,3.1667,3.3889,7,4.0556,2.5,4.2778,5.2222,4.5556,2.4444,3.4444,3.6111,8.8333,9.6667,9.3333,12.6111,5.1111,11.7222,16.6667,6.5556,9.6667,6.5,7.1111,11.5,7.2222,5.6667,7.0556,10.1667,9.2222,4.3889,6.6667,6.8889,4.5,4.3333,4.2222,3.6667,3.2222,4.2222,4.4444,5,3.5556,2.8333,2.7778,4.5,3.1667,2.6111,3.8333,4.5,3.9444,2.0556,3.1111,3.2222,1.6667,2.1667,2.8333,2.0556,1.3333,3,2.7778,1.4444,4.0556,2.3889,2.1667,2.4444,2,2.3333,1.5556,2,1.8889,1.6111,3.4444,2.2778,3.5,2.3333,2.5556,1.9444,3.7222,3.1111,2.5556,1.7222,2.2778,5.3333,4.7778,2.4444,4.5,4.2778,1.8333,3.2222,3.3889,2.6667,3.4444,4.6667,10.8889,7.5556,6.8333,6.0556,9.4444,7.8889,6.7778,5.8889,7.9444,15.3333,19.3333,8.2778,16.6111,12.9444,8.2778,9.5556,10.2222,8.2222,10.9444,14.0556,4.5556,6.6667,5.6111,5.4444,3.8333,6.3889,6,3.7222,4.2778,4.5,4.4444,8,5.1111,3.7222,3.5,5.6111,5.1111,3.3333,3.7778,4.5556,3.7778,3.6111,2.7778,2.5,3.1111,3.9444,2.9444,2.4444,3.1111,5.0556,5.6111,3.6667,7.5556,3.7222,2.6111,3.3889,3.7778,2.3333,3.7222,4.7778,3.8333,3.1667,3.2222,3,4.1111,4.0556,3.1667,2.8333,3.9444,6.3333,6.7222,3.2778,5.9444,8.4444,2.5556,3.8889,4.3889,4.8333,7,5.4444,3.5,3.5556,2.7778,2.6667,3.0556,3.0556,3.1667,2.7222,4.3889,2.9444,3,3.4444,2.5556,2.7778,8.1667,3.5556,3.3333,2.2222,3.8333,2.7778,5.7222,5.5,5.2222,4.8333,4.8889,5.6667,5.6111,4.8333,5.0556,3.7778,4.1111,6.0556,4.4444,3.7778,5.1667,8.6111,5.8333,3,4.3889,4.1667,5.2778,4.7778,5.7222,5.9444,4.4444,6.0556,5,4.2222,5.3889,4.6667,4.7222,4.9444,4.8889,3.5,3.8333,6.5,8.7222,2.6111,4.1111,5.3333,1.1667,1.2222,1.0556,0.8333,0.9444,1.0556,0.9444,1.1111,1.0556,1,0.8333,0.8889,1.1111,0.7778,0.7222,1.2778,1.2778,2.4444,1.2778,1.0556,4.1111,4.1667,4.2778,3.3889,4.5,4.8333,4.4444,3.3333,6.3889,4.4444,4.8333,3.9444,4.6111,8.1111,3.3333,4.2778,4.9444,6.8889,10.1667,4.0556,4.9444,4.8889,2.8333,2.5556,4.5,4,3.3333,2.5,4.2222,7.0556,6.1667,4.1667,5.5,4.8889,2.7778,4.1111,5.1111,3.5,4,7.3889
0-211.txt_341,19.4667,11.3333,12.8,13.8667,8.4667,11.7333,15.0667,13.4667,8.2667,11.7333,9.4,14.0667,10.4667,6.8,9.8667,18.2,15.4,3.4667,8.6,13.8667,8.1333,14.2,10.3333,11.1333,3,11.0667,14.3333,7.6,9.6667,5.8667,5.0667,15.2,6.3333,5.2,6.7333,11.5333,9.9333,3.3333,6.7333,6.7333,4.2667,5.6,6.5333,9.7333,2.1333,5.8,7.7333,4.4,4.4,4.2667,3.0667,6.8667,3.2,2.1333,3.4667,6.8667,5.8667,1,2.4667,3.4,3.0667,2,1.6667,1.4,5.3333,1.4,1.9333,1.6667,1.2,3.6,2.8,1.6667,2.2667,2.8667,1.2,2.1333,2.2,1.2,2.6667,3.6,1.6667,1.6,2,1.8,0.7333,2.6,1.8667,1.6,1.3333,0.8667,1.6,2.4,1.4667,1.0667,1.1333,2.2667,1.5333,0.6,1.1333,1.1333,3.2667,3,3.5333,5,1,3.4,5.6667,2.3333,2.2667,1.4,1.2,3.6,1.4667,1.0667,2.6667,3.3333,3,0.7333,1.5333,1.9333,4.6,4.6,5.2,6,1.5333,4.6667,6.2667,7.6667,3.2667,2.4,2.6667,5.0667,3.1333,2.0667,3.3333,5.4,4.8,1.2667,2.9333,3.5333,0.9333,1.6667,1.6667,2.0667,0.3333,1.8,2.4,0.7333,2.0667,0.8,0.5333,1.6,0.8667,0.3333,0.6667,1.6667,1.4,0.6667,0.6667,0.9333,0.9333,0.2667,0.2667,0.2667,0.6,0.4667,0.4667,0.2667,0.6,2.2667,1.4667,0.4,1.8,1,0.7333,0.6,0.8,0.3333,0.7333,1.6,9.3333,4.9333,3.4,2.9333,7.0667,5.2,4.5333,3.8,4.1333,18.6,19.7333,4.9333,17,15.2,4.2667,6.3333,8.6,5.3333,8.9333,16.5333,1,1.2667,1.5333,1.7333,0.6,1.6,1.8,0.9333,1.2667,1.0667,1,2.0667,0.8667,0.6667,1.0667,1.4667,1.5333,0.3333,0.6667,0.7333,1.2,0.7333,0.4667,0.2,0.8667,0.8667,0.4667,0.2,0.8,3.4667,3.4,0.9333,4.0667,4,0.4,0.8,1.1333,1.6,2.1333,2.4,1.6,0.7333,0.6,0.1333,0.9333,1.0667,0.5333,0.4,1.4667,3.5333,3.7333,0.6667,3.2667,6.4667,0.6,1,1.4667,2.8667,4.4667,2.8667,3.2,2.6,4,4.4,1.5333,3.6667,4.4,2.4,2,2.4667,2.0667,4,2.2,1.1333,6.7333,4,3.5333,0.6667,1.5333,2.6,6.7333,5.6667,6.3333,7.2667,4.3333,5.2667,7.2,5.3333,4.3333,4,3,6.9333,3.6667,2.8,3.2,8.8,6.9333,1.8,3.7333,4.2667,4.9333,6.0667,6.6,7.0667,4.0667,6.0667,7.2,3.7333,5.1333,3.8667,3.5333,6.8,3.8,2.2667,4.4,6.8,8.0667,1.6667,4,4.3333,0.7333,0.8,0.6667,0.5333,0.5333,0.7333,0.5333,0.8667,1.5333,1.6,1.9333,0.9333,1.8,3.4,0.6,1.0667,1,2.2667,4.2,1.4667,6.2,4.6667,4.7333,3.8,4,4.4,5.6,2.5333,3.4667,10.3333,9,5.8667,9.2,7.3333,3.7333,6.3333,7.9333,2.7333,5.1333,11.7333,0,0,0,0,0,0,0,0,0,0,0,0,0,0,0,0,0,0,0,0,0,0,0,0,0,0,0,0,0,0,0,0,0,0,0,0,0,0,0,0
0-211.txt_343,19.0588,11.6471,11.2353,9.8824,11.5882,12.5294,11.7647,12.5882,9.7059,10.2353,10.3529,12,11.8235,7.7059,11.8235,15.6471,14.5882,6.6471,9.0588,12.0588,12.5882,30.6471,15.8235,15.3529,7.2353,19.1765,18.1765,12.0588,19.1176,8,10.4706,23.1176,11.4706,7.2941,14.8824,17.5294,13.5294,5.4706,11.3529,9.4118,4.4706,5.7059,8.1176,6.3529,2.8824,5.4706,6.5882,4.1765,5.8235,3.1176,3.2353,5.9412,3.4118,3.7059,4.5882,6.2941,5.7059,3.7059,4.4706,3.1176,3.7059,4.7647,5.7647,9.1176,2.2353,5.2353,6.5882,3.7647,5.9412,2.3529,3,5.4706,2.6471,2.5882,3.7647,5.1765,4.4706,2.1765,3.5882,2.1765,3.4118,2.0588,2.2353,1.8824,5.2353,1.7059,1.8235,1.4118,1.4706,2.4706,2.2353,1.8235,2.3529,2,1.2941,3.0588,2.5882,1.4706,2.3529,2.5294,4.4706,6.7059,6.0588,6.0588,3.7059,8.3529,6.4706,3.4706,7.1765,3.4706,3.9412,6.9412,4.2941,2.5882,4.8824,6.1176,5.3529,2.7647,3.6471,3.9412,9.1176,10.9412,11.2353,13.7647,4.5882,13.3529,16.7647,8.2353,11.1765,6.9412,6.3529,12.8235,6.2941,6.2353,9.3529,11.8824,9.7059,3.3529,7.4706,7.6471,11.9412,10.3529,10.9412,11.3529,6.8824,10.2353,10.7647,17,10.8824,4.8235,5.5882,10.0588,7.7059,5.2941,8.5882,12.1765,9.9412,4.7647,7.2941,6.4118,6.1765,9.3529,8.3529,8,3.8824,8.6471,8.2941,5.9412,15.2941,4.8235,5.7647,7.8235,5.3529,5.5294,5.8235,8.4706,6.3529,4.4706,9,4.8235,5.3529,4.0588,4.1176,3.8824,5.1176,5.0588,4.2353,2.5294,3.7647,10.3529,8.5882,4,9.3529,6.5294,3.7647,5.0588,6.5882,3.1176,6.1765,8.8235,11.4706,10.7059,9.5882,8.5294,10.9412,12.4706,9.4706,7.5294,10.1176,16.2941,20.1765,10.4118,16.7647,14.1176,8.4118,11.5882,12.3529,8.2941,14.2941,14.7647,12.6471,20.5882,14.5294,14,6.8235,17.1765,18.1176,12.0588,16.7647,8.5882,8.1176,22.8235,8,7.4118,13.2353,16.8824,12.4118,5.5882,9.5294,9.0588,2.8824,3.1765,2.0588,2.1176,2.5294,2.5294,2.1176,2,2.4118,3.2941,3.4706,2.2941,4.4706,2.4706,2.1176,2.5882,2.4118,1.9412,2.5882,3.3529,3.0588,2.5294,2.7647,1.9412,3.8235,2.7059,2.7647,1.8824,4.5294,4.2353,4.4118,2.2353,4.2353,7.6471,2.8235,3.3529,3.2941,4.1176,5.6471,4.0588,8.7059,9.7059,8.1765,9.2353,6.6471,9.2941,10.2941,7.6471,9.2353,6.0588,6.0588,10.5294,6.4706,4.7647,20.1765,11.2941,9.4118,4.4118,6.7647,6.8235,21.3529,26,21.5294,23.5882,13.1765,20.4118,23.8824,20.4706,25.1176,11,12.3529,23.8824,13.5882,8.7059,19.1176,34.6471,21.8235,8.4118,13.5294,14.5882,6,7.6471,6.0588,6.4706,4.9412,6.5882,7.4118,4.8235,6.2941,6.5882,7,6.5294,7.9412,4.7647,5.4118,7.8235,9.4706,3.5882,4.9412,6.7059,0.4118,0.4706,0.4706,0.2941,0.4118,0.6471,0.5294,0.3529,0.5294,0.5882,0.5294,0.6471,0.7059,0.8235,0.3529,0.4706,0.5882,1.8235,1,0.5882,4.8824,7.1176,5,4.8235,4.9412,5.3529,6.1765,4.2941,7.3529,4.2353,5.3529,6.4118,4.8235,6.1176,3.9412,6.2941,4.0588,6,9.5294,4.2941,10,9.4118,7.8235,7.9412,7.1176,8.5294,8.7647,6.2353,7.1765,13,11.5882,8.5294,11.3529,8.5294,7.1765,8.9412,10.0588,6.3529,8.8235,14.5294
0-211.txt_345,33.2667,18.8,17,14.8,17.0667,21.8,17.4,20.2667,16.8667,15.6667,14.7333,18.7333,16.2,13.2,24.3333,29.2,26.6,9.4,15.4,19.8,11.1333,18.6,10.2,9.1333,6.1333,13.3333,12.3333,8.9333,11.2667,8.1333,9.1333,13.2667,8.4667,6.1333,11.4667,13.2,12.4,5.4,8.5333,8.4667,3.4,3.2,6.2667,3.9333,2.2,3.9333,3.4,3.2667,3.3333,2.1333,2.0667,3.4667,2.7333,2.3333,3.8,4.8,4.0667,1.4,2.8,2.6,7.6,8.6,12.4,17.6667,4.6,10.3333,11.8,8,8.9333,5,4.8667,9.2667,5.5333,4.6667,8.4,10.6,8.8667,3.0667,5.0667,6,1.6,1.1333,0.8667,0.8667,3.2,1.3333,0.8667,0.8,1,1.4667,1.8,1.3333,1.4667,1.0667,1.1333,1.6667,1.4,0.7333,1.0667,1.6,5.8,5.4,4.8667,5.2,3.1333,9.6667,6,4.5333,6.2,3.6667,3.5333,5.8,4.0667,3,6.5333,6.4667,6.4,2.4,4.4667,3.7333,10.1333,11.2,11.2,13,5.0667,13.6,17.7333,7,9.8667,6.0667,6.9333,12.2,7.5333,4.8,11,11.9333,11.1333,5.3333,7.1333,7.8667,11.7333,7.4,10.2667,8.6667,6.8667,9.2,8.6667,16.4,8.1333,6.4,7.8667,8.4667,7.9333,7.5333,9.1333,13,10.8,6,6.9333,8.0667,7.8,8.1333,8.0667,7.6667,5,9.3333,8.8,5.6667,13.6667,5.3333,4.7333,8.0667,6.0667,5.9333,8,9,7.6667,4.4,9.1333,5.6667,6.4,3.4667,3.5333,3.6667,4.7333,4.2667,4,3.8,4.8,10.3333,8.2,4.2,7,5.8667,4.5333,5.8,7.2,3.6667,5.4667,9.2667,12.0667,9.4667,7.7333,6.9333,8.7333,9.8,7.8,6.1333,9.5333,17,20.6,8.6667,17.6667,15.4667,9.0667,10.9333,12.2,9.5333,13.5333,16.7333,2.0667,3.8,2.5333,2.8667,1,2.9333,3,1.6667,1.8667,1.2,1.2,4.2667,1.4667,1.5333,2.2667,2.9333,2.5333,1,1.3333,1.5333,3.0667,2,1.6667,1.4667,1.4,2.3333,1.8667,1.9333,2.0667,2.6667,3.0667,2.2,3.9333,1.9333,2.1333,2.8,2.8667,1.2,2.3333,3,2.4667,1.6667,2.1333,1.2,2.2,1.6,1.6,1.2667,2.0667,2.8,2.9333,1.6,2.3333,4.4,1.9333,2.2,2.4667,2.6,3.3333,2.7333,15.9333,11.2,10.5333,12.8667,8.8667,12.2,13.2667,9.6667,9.3333,9.5333,9.3333,11.6,9.2667,6.3333,37.4667,17.4667,16,5,8.6667,11.8667,22.6,13.6667,18.0667,16.0667,12.0667,19.6667,18.1333,18.2667,17.2,10.2667,13.4667,16.4667,13.6,10.4667,22.8667,32.2,24.7333,7.3333,13.5333,13.8,14.8,11.6,13.4,10.2667,9.2667,12.4667,11.4,11.2667,10.1333,9.8,9.9333,11.4,10.6667,7.4667,17.0667,18.2667,22.6,6.2,8.8,12,0.5333,0.4,0.3333,0.3333,0.4,0.4,0.3333,0.3333,0.4667,0.4667,0.7333,0.3333,0.5333,1.0667,0.7333,0.6667,0.6667,1.7333,0.9333,0.6,4.2667,4.6,4.3333,3.4667,4.0667,4.3333,3.6667,3.1333,5.2,3.8,4.2667,4.4667,4.2,6.6,3.4667,4.5333,3.7333,6.1333,9.6667,4.1333,13.4667,9.7333,9.5333,7.8667,8.1333,11,10.0667,7.8,8.1333,15.3333,14.0667,9.6,11.6,9.5333,11.1333,12.8,13.9333,6.2667,10.2,18.0667
0-211.txt_347,16.5333,6.2,4.1333,4.1333,8.2667,6.2,6.2,8.2667,4.1333,6.2,6.2,6.2,6.2,4.1333,6.2,10.3333,8.2667,2.0667,4.1333,8.2667,4.6,13.8,6.1333,3.0667,1.5333,7.6667,6.1333,3.0667,6.1333,1.5333,3.0667,9.2,4.6,1.5333,3.0667,4.6,4.6,1.5333,3.0667,1.5333,1.7333,3.4667,8.6667,4.3333,0.8667,3.4667,3.4667,3.4667,4.3333,0.8667,0.8667,3.4667,1.7333,0.8667,1.7333,4.3333,3.4667,0,1.7333,0.8667,1.8667,1.8667,4.6667,9.3333,0.9333,3.7333,5.6,2.8,2.8,0.9333,0,2.8,0.9333,0,2.8,3.7333,2.8,0,0.9333,0.9333,3.2,0.8,0.8,0.8,10.4,0.8,0,0.8,0.8,2.4,2.4,0.8,2.4,1.6,0.8,2.4,2.4,1.6,1.6,2.4,2.4,4,3.2,3.2,0.8,7.2,4.8,1.6,3.2,0.8,1.6,4,3.2,0.8,2.4,3.2,2.4,1.6,2.4,1.6,4.4,5.8667,5.8667,8.8,0,8.8,13.2,2.9333,5.8667,1.4667,1.4667,7.3333,2.9333,1.4667,4.4,5.8667,4.4,1.4667,2.9333,2.9333,7.4667,3.7333,7.4667,5.6,1.8667,3.7333,3.7333,18.6667,3.7333,0,0,3.7333,1.8667,1.8667,3.7333,7.4667,3.7333,1.8667,1.8667,1.8667,0.9333,1.8667,2.3333,1.4,0.4667,1.8667,1.8667,0.9333,5.6,0.4667,0.4667,1.4,0.9333,1.4,0.9333,1.4,0.9333,0.9333,2.8,0.4667,3,1,1,1,3,1,1,0,1,8,6,1,5,4,1,2,3,1,3,7,5.8,3.8667,1.9333,0,5.8,3.8667,1.9333,0,1.9333,11.6,15.4667,3.8667,11.6,7.7333,1.9333,3.8667,5.8,3.8667,5.8,9.6667,2.2,4.4,2.9333,2.2,0.7333,3.6667,3.6667,1.4667,2.2,0.7333,1.4667,6.6,2.2,0.7333,2.2,2.9333,2.2,0.7333,1.4667,1.4667,2,2,1.3333,0.6667,2,2.6667,1.3333,0.6667,1.3333,3.3333,4,2,6,2.6667,1.3333,2,2,2,2,3.3333,1.0667,0.5333,0.5333,0,1.0667,0.5333,0.5333,0.5333,1.6,2.1333,2.1333,0.5333,2.1333,5.3333,0,1.0667,1.0667,2.6667,3.7333,1.6,3.4,2.2667,2.2667,3.4,1.1333,3.4,3.4,2.2667,2.2667,1.1333,1.1333,3.4,2.2667,0,12.4667,3.4,3.4,0,1.1333,2.2667,6.6667,4,6.6667,5.3333,4,5.3333,5.3333,5.3333,4,2.6667,2.6667,5.3333,4,2.6667,4,10.6667,6.6667,1.3333,2.6667,2.6667,5.6,4.2,5.6,4.2,4.2,4.2,4.2,2.8,2.8,4.2,4.2,4.2,4.2,2.8,4.2,7,12.6,2.8,2.8,5.6,1.3333,1.3333,1.3333,0.6667,1.3333,2,1.3333,0.6667,4,2,2,1.3333,2,4.6667,0.6667,1.3333,1.3333,4,7.3333,2,8,2,2,2,6,4,4,2,2,14,10,4,10,6,4,4,8,2,6,16,0,0,0,0,0,0,0,0,0,0,0,0,0,0,0,0,0,0,0,0
0-211.txt_349,12.4,5.7333,6.7333,6.7333,6.6,6.8667,6.6,8.4,4.9333,7.3333,6.9333,7.3333,6.4,4.6667,4.7333,10.2667,8.4667,2.2,5.1333,8.6667,3.3333,6.5333,4,3.4,1.9333,3.8667,3.7333,2.5333,3.5333,2.2,2.2667,6.2667,2.8667,1.6,2.1333,4.8667,4.5333,1.2,1.9333,2.5333,1.1333,1.3333,2.5333,2.0667,0.8,1.6667,1.7333,1.1333,1.1333,0.7333,0.7333,1.6,1,0.3333,1.4667,1.6,1.4667,0.8667,0.8667,0.7333,5.0667,5.1333,7.1333,11.0667,2.4,6.3333,8.4667,3.8667,5.2,2.1333,1.8667,6.2667,2.8667,1.2,3.6667,6.9333,5.2667,0.8667,2.8667,2.2667,7.5333,9.6667,10.8667,14.9333,4.9333,10.7333,17.4667,7.4667,9,5.4667,4.8,11.9333,5.1333,4.0667,6.4,11.8,10.4667,2.4667,6.8,5.8,2.8,2.4,3.7333,3.2667,1.8667,2.6667,3.2667,5.8667,1.7333,1.2,1.4,3,2.0667,1.6,1.7333,3.5333,3,0.8,1.4667,1.7333,6.2,3.2,2.7333,2.6667,5.6667,4.1333,3.4,2.7333,3,12.9333,11.2,3.3333,10.2,9.7333,3.2,4.6,6.2,3.2,6.3333,10.4,5.1333,2.6,2.3333,1.8,4.8,3.3333,2.9333,1.3333,3.3333,12.6,13.4667,2.8667,11.8667,10.5333,2.5333,3.8,5.4,3.5333,5.8,11.1333,7.9333,10.4,8.8,9.1333,2.5333,8.6667,10.3333,6,5.9333,5.4667,5,13.2,6.2667,4.4667,5.3333,9.5333,8.8,2.3333,5.2,6.5333,0.8667,0.9333,0.7333,0.4,0.8667,0.8667,0.9333,0.2667,0.8667,2.0667,2.2,1.0667,2.8,1.4,0.4667,0.9333,1.2,1,1.3333,1.6667,2.3333,1.2,0.8667,0.3333,1.7333,1.4,1.0667,1,2.0667,5.4,5.9333,1.3333,5.2,8.4667,0.9333,1.9333,2.5333,4.5333,6.7333,4.2667,2.9333,3.3333,2.5333,3.1333,1.0667,2.2667,3.5333,2.7333,1.9333,1.4667,1.6,3.4,1.8,0.7333,6.7333,2.7333,2.6,0.4,1.5333,1.8,8.6667,6.6667,7.5333,7.3333,5.0667,6.8,8.2667,7,6.1333,5,4.2667,7.8667,4.9333,3.7333,4.8,11.5333,9.7333,2.4667,5.3333,5.9333,3.3333,2.8,3.0667,3,2.2667,2.6,3.2667,1.2667,1.8,3.4,2.7333,2.8667,2.6667,2.4,2.2667,3.4667,4.2,0.9333,2.1333,4,2.0667,2.3333,1.6667,1.6,1.7333,2.5333,2.2667,1.1333,2.6,2.4667,2.4667,3,2.1333,4.0667,1.1333,2.8,2,2.5333,5,2.8,9.1333,6.3333,7.4,7.6667,6.1333,6.3333,7.8,5.2667,4.0667,12.4667,10.8,7.3333,9.4,6.9333,5.2,8.3333,9.2,2.9333,5.6667,14.3333,0,0,0,0,0,0,0,0,0,0,0,0,0,0,0,0,0,0,0,0,0,0,0,0,0,0,0,0,0,0,0,0,0,0,0,0,0,0,0,0,0,0,0,0,0,0,0,0,0,0,0,0,0,0,0,0,0,0,0,0,0,0,0,0,0,0,0,0,0,0,0,0,0,0,0,0,0,0,0,0
0-211.txt_351,14.75,7.3125,8,6.625,7.9375,8.5,7.375,8.25,7.625,7.0625,7.1875,8.5,8.8125,6.625,8.1875,10.5625,9,4.6875,7.6875,8.1875,5,8.875,5.4375,4.625,2.5625,7,5.625,4.25,5.4375,3.875,4.25,7.25,4,4,4.0625,5.5625,5.25,3.1875,4.3125,3.5,2.4375,4,4.875,3.75,2.1875,3.875,4.0625,2.875,3.1875,1.5625,2.25,3.5,2.25,2.3125,1.5625,3.1875,2.625,0.8125,2.125,2.0625,3.1875,4.4375,3.6875,6.5625,2,4.6875,5.5,2.3125,4.5625,1.9375,2.375,5,2.3125,1.6875,3,3.75,3.3125,1.6875,2.5,2.5,2.3125,1.0625,1.625,1.5625,5.125,1.5,1.4375,1,1.75,2.25,2.625,1.1875,2.5,2.3125,1.625,2.1875,2.625,1.0625,1.625,2.3125,2,2.3125,2.1875,1.75,1.6875,3.5625,2.1875,1.4375,3.0625,1.6875,1.3125,2.0625,1.4375,1.5625,0.875,2.0625,1.875,2.5,2.125,1.5625,5.375,6.9375,6.5,6.9375,3.3125,9.125,11.625,3.875,7.0625,4.5625,4.5,7.625,5.25,3.4375,5,6.5625,6.0625,2.9375,5.125,5.3125,4.0625,3.0625,3.5625,4,3.25,4.0625,4,5.0625,3.5625,2.5,3.1875,3.4375,3,3,3.25,4.3125,3.6875,2.3125,3.0625,3.0625,1.1875,1.5,2.0625,1.9375,0.6875,2.125,2,0.9375,3.1875,0.9375,0.6875,1.6875,1.25,1,0.625,1.5,1.875,0.75,1.5,1,2.9375,3.625,2,2.4375,3.0625,3.375,2.4375,1.25,2.875,7.0625,5.375,3.375,4.9375,4.375,2.9375,2.6875,3.25,3.6875,3.5,5.625,6.875,5.6875,4.375,4.25,7.375,4.75,5.3125,2.9375,6,11,13.8125,5.375,10.5,9.8125,4.125,6.125,7.25,4.25,7.4375,10,3.1875,4.375,3.5625,3.125,1.5625,3.9375,3.75,2.625,3.375,2.25,2.375,5.9375,3.125,1.0625,3.5625,3,3.1875,1.125,2.5,2.1875,1.9375,1.875,1.75,1.5,2.1875,1.9375,2.125,1.0625,1.9375,2.875,3,2,4.375,2.875,1.375,1.8125,2.0625,2.1875,2.6875,2.75,2.5625,1.8125,1.8125,1.375,3.25,1.6875,1.875,1.5625,3.3125,4.0625,4.8125,1.8125,3.875,6.6875,0.9375,2.4375,2.8125,4.375,5.9375,3.5,3.125,2.3125,2.5,3.3125,1.625,2.8125,3.375,2.25,2.625,2.0625,1.8125,3.125,2,1.5625,7.4375,3.3125,3.5,1.0625,2.375,2.4375,10.9375,9.3125,9.5,8.375,7.5625,9.6875,10.125,8.6875,7.8125,6.1875,6.125,10.375,7.8125,5.5,8.875,15.875,11.125,4.0625,6.25,6.5625,5.625,4.375,4.9375,4.3125,4.3125,4.5,4.5,3.1875,4.125,5.8125,6.25,4.8125,6.1875,4.3125,3.8125,6.25,9.3125,2.25,3.875,6.9375,0.75,0.6875,0.5,0.4375,1,0.75,0.625,0.4375,0.5625,0.9375,1.125,0.6875,1.1875,1.5625,0.4375,0.6875,0.8125,2.125,1.3125,0.6875,2.6875,2.9375,2.5,1.75,2.125,2.4375,2.6875,1.1875,3.1875,2.1875,2.6875,2.5,2,4.375,1.5625,2.375,2.125,3.5625,5.75,2.25,10.8125,8.875,7.125,7.9375,11.6875,9.8125,8.4375,6.1875,10,15.25,14.3125,9.4375,12.875,10.9375,8.25,10.1875,11.4375,5.9375,10.5,17.125
0-211.txt_353,15.5882,7.5882,7.5294,6.2353,10.7647,8.4706,7.7059,8.3529,7.1176,8.6471,8.4118,8.2941,7.9412,6.2353,8.6471,11.8824,10.4118,4.1176,6.4118,11,6.8824,13.7059,8.2941,7.1176,4.8235,9.5882,8.8235,5.0588,9,5.4706,7.3529,11.7059,7.5294,5,6.1765,8.1765,7.8235,3.7059,5.3529,7.0588,6.2353,8,12.2353,8.2353,4.4118,8.3529,7.9412,6.4706,8.8824,4.4706,4.4118,9.2353,5.5882,4.0588,6.5882,8.4706,6.8235,2.5882,5.4118,4.7647,8.5294,8.2353,10.6471,15.2353,5.8824,10.4706,12.1765,6.8235,7.5294,6.5882,6,9.8824,6.6471,4.5882,7.6471,9.5882,8.6471,2.5294,5.0588,7.1176,2.1765,1.2353,1,0.8235,2.2941,1.5294,1,1.0588,1.4118,1.5294,1.5294,1,1.5882,1.1176,1.2941,1.9412,1.9412,0.5294,1.5882,1.7647,4.1765,5.2941,4.8235,5.1176,3.3529,7.6471,6.2353,3.4706,5.0588,3.4706,3.8235,6.4706,3.4706,2.4706,4.8235,5.2941,4.5882,2.5882,3.5294,3.4706,10.8824,13.2941,13,16.5294,7.1176,15.7647,21.0588,8.5294,11.5882,6.8824,8.0588,15.0588,8.4706,5.5882,11.5294,13.5294,11.7647,4.9412,7.5882,8.4118,4.0588,2.5294,3.8235,2.2353,2.4118,2.8824,2.3529,4.4118,3.1176,2.0588,1.9412,2.9412,2.8824,1.7647,2.1176,3.5882,3.6471,0.7647,1.9412,2.7059,4.7059,4.9412,5.2941,5.1765,4.1765,6,5.4118,4.5294,8.5882,3.7059,3.9412,5.4706,4.6471,3.7059,4.1765,5.1765,4.8235,2.8824,4.4118,4.2941,7.4706,5.4118,4.5882,3.2941,8.1765,6.4118,4.7059,3.7647,5.1765,14.8824,12.2353,6.4118,11.8235,9.7647,4.8824,6.4706,7.7059,5.2353,7.7647,12.4118,11.4118,9.1765,7.9412,6.4706,12.3529,10.0588,8.7647,5.9412,9.6471,17.5882,22.1765,10.5294,19.8235,13.8824,8.3529,10.7059,11.8824,6.9412,10.5882,17.1765,5.7059,8,6.7059,5.3529,3.3529,7.7647,6.7647,4.6471,6.1765,3.9412,4.4118,10.0588,5.6471,2.7059,4.4118,6.6471,5.4706,2.4706,3.6471,5.1765,1.8824,1.5294,1.4706,1.1765,1.9412,1.7059,1.7647,0.8824,1.7647,2.7647,3.4706,1.7647,3.8235,2.4706,1.3529,1.6471,1.8235,1.4706,2.7059,2.5294,2.1765,1.5882,1.7647,1.4706,2.8824,1.9412,1.4706,1.1765,3.1765,3.1176,4.1765,1.6471,3.2941,6.0588,1.4706,2.1176,2.1765,4.5882,4.9412,2.8235,5.5294,5.2353,4.4118,4.7647,3.4118,5.7059,5.0588,3.1765,5.0588,4.5882,4.2353,5.8824,3.7059,3.1176,11.6471,6.1176,5.8824,1.4118,3.3529,5.0588,15,11.1176,13.3529,11.4706,9.7059,11.8824,11.4118,10.6471,10.7059,8.4706,8.3529,12.9412,9.0588,6.5294,10.7059,17.8824,14.3529,5.4706,7,10.5882,5.5294,5.0588,5.5294,4.7647,4.4118,5.7647,5.4706,4.0588,4.4118,5.5882,4.8235,5.7647,5.0588,3.8235,4.5882,6.5294,7.6471,3.0588,3.8235,5.5882,2.0588,2.0588,1.6471,1.8824,1.8824,2.0588,2.2941,2,2.3529,2.4706,2.7647,2.4706,2.6471,2.4118,2.2941,2.4118,2.1176,5,2.5882,2.5882,6.0588,5.4706,6.4706,4.8235,6.5882,5.6471,5.7059,4.1176,8.2353,6.1176,6.7059,5.3529,7,10.5882,4,5.4118,5.6471,6.1176,12.5882,6.2353,7.7647,5.8824,5.1176,4.2353,7.2353,6.4706,5.7647,4.3529,5.8824,8.8824,8.5882,6.4118,7.5294,5.5294,6.1176,6.4706,6.4118,3.5882,5.0588,10.6471
0-211.txt_355,28.2941,14.8235,15.6471,15.5294,19.7059,16.1765,17.8235,17.2941,14.4118,15.7059,15.5294,16.4118,17.4118,12.9412,14.2353,22.1765,20.1176,10.2941,14.7647,17,11.8235,23.8824,14.2353,11.2941,7.8235,16.6471,14.1176,9.8824,14.4706,8.4706,10.3529,17.9412,12.4118,9.1765,9.9412,12.7059,12.8235,8.4118,10.8235,10.4118,1.4706,1.4118,2.4118,2,1.2353,1.9412,1.6471,1.4118,1.4118,1.0588,1.2941,1.7059,1.5882,1,1,1.7059,1.4706,0.7059,1.3529,1.3529,5.9412,7.1765,9.1765,13.4118,4.4706,8.4706,10.6471,6.1176,7.9412,4.7647,4.2353,8.0588,5.2941,3.8235,5.7647,7.5294,6.7059,3.2941,5.0588,5,3.1765,2.3529,2.1765,1.9412,5.7647,2.7059,2.8235,1.7647,2.1176,4.4706,3.7647,2.5294,4.1176,3,1.7647,3.2353,3.3529,2,3.1765,4.2941,9.8824,12,11.7647,11.4706,7.8235,17,13.6471,7.7059,11.7059,7.2941,8.1765,13,9.8235,6.7059,8.9412,11,9.4118,6.4118,9.2941,7.8824,11.2941,12.1765,12.0588,14.6471,7.3529,14.3529,19.2353,8.5294,12.0588,8.0588,8.4706,14.4118,9.1765,7.5294,9.8824,12.3529,11.1765,7.7059,9.9412,9.2353,3.8824,4.2353,4.0588,3.8824,3.1176,4.2941,3.7059,6,4.0588,2.8235,3.2941,4.2353,3.2353,3.5882,2.8235,4.2353,3.5294,3,3.8235,3.1765,3.7647,4,4.0588,4.8824,4.5294,5.2941,4.6471,3,7.4118,3.7059,4.2941,4.3529,4.5294,4.6471,2.5882,4.4118,3.8824,3.5882,5,4.1176,3.4118,2.9412,2.2941,1.8235,3.7059,2.8824,2.5294,1.7059,2.4118,7.4118,6,2.8824,5.6471,5.0588,2.2941,2.8235,3.9412,2.3529,3.4706,6.5882,20.1176,15.8235,14.0588,11.6471,22,16.9412,14.5882,10.2353,15.7647,28.9412,35.7059,16.3529,29.1765,25.4118,15,18.0588,21,15.3529,22.5294,27.2353,4.4706,6.6471,5.2941,4.8824,3.5294,6,5.5882,3.8824,4.2941,3.1765,3.4118,7.9412,4.7059,3.1765,4.2941,4.8824,4.4706,2.8824,4.0588,3.1765,3.1765,3.0588,3.0588,2.2353,3.8235,3.4706,2.7647,2.1765,3.0588,4.0588,4.4118,3.1176,5.5882,2.9412,2.6471,3.1176,3.5882,2.1765,3.0588,4.0588,4.7647,3.9412,3.8824,3.7059,6.5882,4.2353,3.8235,3.7647,5.8824,6.4118,7,4.1176,6.2941,11.5294,3.1176,4.9412,4.4118,7.8235,9.7059,5.9412,8.5882,8,8.4118,10.4706,6.6471,8.7647,9.3529,6.9412,8.4706,6.2941,6.5294,9.3529,8.3529,5.1765,16.1176,9.3529,8.5882,5,6.1176,7.3529,14.5294,10.7647,12.9412,11.6471,11.0588,13.1176,12.7647,10.8235,10.9412,10.2353,10.5294,11.9412,11.5882,9.6471,12.4118,19.2941,14.5294,6.2941,10.1765,10.5294,8.4118,7.2353,8.3529,7.8235,7.3529,8.1765,9.1176,5.7647,7.7059,8.3529,7.2353,7.5882,7.4118,6.3529,7.6471,9.2941,12.8235,4.5882,6.9412,8.7059,1.4118,1.4118,1.2353,1.3529,1.6471,1.6471,1.5294,1.2941,1.7059,1.4706,1.4706,1.3529,1.6471,2.3529,1.5294,1.6471,1.7647,4.3529,2.8235,1.7059,4.1176,4.0588,3.7059,2.8824,4.4706,4.3529,3.6471,3,5.5882,4.5882,4.9412,3.7647,5,6.5882,3.1176,4,3.8235,4.2353,8.8824,4.8824,12.8824,9.9412,9.4706,9.3529,11.9412,11.0588,10.9412,8.3529,10.1765,17.5882,15.4118,10.2941,14.5882,11.8235,9.8235,11.2941,13,8.6471,12.4118,19.8824
0-211.txt_357,30.9412,14.4118,15.2353,15.6471,18.2941,17.7059,18.4706,18.3529,14.5882,14.4118,14.7647,17.4706,15.6471,12.7647,16.9412,24.0588,19.6471,9,14.7059,18.3529,13.5882,29.5882,14.8824,12.5294,9.6471,20.1176,17.4706,11.1176,16.1176,10.8235,11.6471,22.9412,13.1765,9.4118,10.1765,15.6471,14.5882,8.8235,12.1765,11.0588,3.6471,4.5882,10.0588,6.6471,2.7647,5.5294,5.2941,4.8235,5.3529,2.1765,2.0588,4.9412,3.3529,2.4706,3.6471,5.5294,5,1.7059,3.2941,2.5882,11.2941,10.9412,15.7647,24.9412,6.9412,15.1765,17.6471,11.7647,14.1176,7.3529,6,13.3529,8.1765,6.4706,10.1765,13.8235,12.5294,5.1765,8.4706,8.3529,11.7647,5.1765,6.7647,5.8235,24.6471,6.4706,5.5882,6.1176,5.8824,9.5882,8.9412,6.6471,8.1765,6.4118,6.2353,10.2353,9.5294,6.8824,7.4118,9.7059,11.4118,16.4118,14.5294,14.0588,7.3529,24.2353,18.4118,9.3529,15,7.4706,9.1765,17.0588,11.8235,6.8235,12.5294,14,12.0588,7.4706,10.4118,9.2353,16.1176,18.8235,20.5882,25.4118,8.7059,24.2941,32.7647,13.4118,18.0588,10.5882,12.1765,21.8824,13.9412,9.4118,15.2353,20.1765,16.7059,9.0588,12.1765,11.4706,13.5294,9.7647,11.9412,10.7647,8.5294,11,10.4706,24.5882,9.8235,6.2941,6.5294,11.4118,8.8235,7.7647,9,13.8235,10.7647,7.9412,7.5882,7.7647,5.8235,7.3529,7.8824,6.5882,5.0588,7.8824,7.7059,4.9412,15.5882,4.4118,4.9412,6.2941,5.7647,6.4706,5.2353,7,6.1765,3.6471,9.1176,4.8235,7.2353,4.7059,4.1765,4.3529,6.9412,5.6471,5.1176,3.5294,4.2353,13.8824,10.1176,5.4118,9.7059,7.6471,4.7647,5.8824,7.1176,4,6.4706,12.1176,25.1176,21,14.9412,14.2353,26.8824,22.1176,18.4118,11.9412,19.7647,41.9412,52.8235,20.7059,42.7059,33.0588,18.9412,21.8235,26.9412,20.2353,28.3529,37.5882,9.5882,14.6471,11.8824,10,6.4118,13.2353,12.2941,7.4118,10.7647,6.7059,7.5294,18.4706,9.4118,7.0588,9.5882,11.7059,10.2353,5,8.4706,8,1.8824,1.8235,1.4118,1.1176,1.6471,2.0588,2.1176,1,1.5294,2,2.5882,1.8824,4.4706,2.1176,0.8824,1.5882,1.9412,1.6471,2.0588,2.4118,5.1765,5.1765,5.1765,4.3529,5.4706,4.7647,4.6471,3.8235,7.3529,8.1765,8.8235,5.2941,8.5882,15.3529,3.4706,6,6.2941,7.6471,12.4706,7.2353,11.9412,9.8235,10.3529,10.9412,7.5294,12.0588,11.9412,9.2941,11.1765,8.1765,7.8235,11.9412,8.6471,5.8235,30.0588,12.3529,11.7647,5.1176,8.7059,8.1765,28.5882,21.7647,27.3529,25.1765,20.4118,24.9412,25.4706,23.1176,22.5882,14.5294,14.4118,25.3529,18.1176,13.1176,22.0588,40.2941,29.1176,11.9412,17.2941,18.3529,14.4706,12.1765,14.5294,11.5882,12.5294,12.4706,12.4706,10.1765,11.8235,12,11.1765,13.1176,12.4118,9,12,17.7059,22.6471,6.9412,9.4706,13.1176,2.7059,2.6471,2.5294,2.2353,2.8824,3.1765,3.1765,2.0588,3,2.8235,3.0588,3.2941,3.2353,5.0588,1.9412,3.1765,2.6471,10.1176,5.1765,2.8824,5.1765,5.1176,4.3529,4.0588,4.7059,4.6471,4.6471,3.6471,7.0588,5.3529,5.1765,5.4118,4.8824,9.2353,4.1765,5.0588,4.6471,6.5882,11.7059,4.6471,17.4118,10.8235,10.2941,8.7059,17.9412,13.6471,10.2941,9.5882,12.1176,25.8824,22.5294,11.5294,21.8824,17.7059,10.8824,14.3529,17.1176,11.6471,16.3529,28.4706
0-211.txt_359,17.2941,7.4706,7.4706,7.4118,11.4706,8.3529,8.3529,8.3529,7,9.1765,9.3529,8.6471,9.0588,7.0588,9.2353,12.7647,10.7059,3.8824,6.4118,11.1765,5.1765,12.5882,7.3529,5.4706,3.5294,7.4706,7.2941,4.4118,6.8824,4,4.5294,9.6471,4.5882,3.3529,5.9412,6.7059,6.2353,2.8824,4.5294,4.8824,6,7,11.7059,7.5882,4.2353,7.1176,7.0588,6.5882,6.7059,3.3529,3.4706,7.6471,4.4118,2.5294,4.4706,7.4706,6.5294,1.7059,3.9412,4.3529,6.5294,7.5294,10.2353,13.9412,3.8235,8.8235,10.1765,6.1765,7,4.7059,3.8824,8.1176,4.8235,3,6.4118,8.6471,7.3529,2.5294,4.3529,4.7059,3,2.0588,1.6471,1.3529,5.4118,2.3529,2,1.9412,2.2353,3.2353,3.2353,2.6471,2.9412,1.9412,1.6471,3.2353,2.7647,1.5294,1.9412,3.1765,3.7059,5.7059,5.7647,4.6471,2.4706,8,5.5294,3.8824,5.9412,3.8235,3.4706,6.3529,4.7059,2.5882,3.5882,5.3529,4.4706,2.1176,3.4118,3.9412,11.2353,11.8235,12.6471,15.3529,8.4118,15.8824,21.9412,8.7059,11.1765,7.4706,9.1176,14.4706,8.9412,5.5294,11.8235,13.2941,11.7647,5.7059,7.3529,8.8824,5.5294,4.4118,4.4118,4.0588,2.2353,4.5882,4.2941,7.2353,3.8235,2.4118,2.8235,4.9412,3.5294,1.7059,3.8235,5.2941,4.2353,1.4118,1.8235,3.1765,2.4706,2.5882,2.3529,2.1176,2.0588,3.2353,2.1176,1.7647,4.7059,1.8235,2.3529,2.5882,1.5294,1.8824,2.3529,2.6471,2.2353,1.3529,3.2353,2.2941,4.7059,3,3,2.8824,4,3.7647,3.3529,2.4706,2.6471,8,6.4706,3,6.0588,4.5294,2.8235,3.9412,4.2353,2.4706,3.6471,7.0588,10.1176,7.5294,6.1176,4.8824,10.7647,8.8824,6.3529,4.3529,8.8235,16.8235,21.8824,7.8824,17.3529,13.5882,6.2941,9.1176,11.0588,7,11.3529,15.5294,8.9412,13.5294,10.4706,9.4706,5.3529,12.6471,11.3529,7.6471,9.8235,7.0588,6.1176,17.3529,7.8824,4.5294,7.9412,10.2353,9,3.7647,6.1765,7.7647,4.5294,3.2353,3.0588,2.9412,5.0588,4.0588,3.5294,2.1765,3.4118,6.8824,7.7647,3.7647,10.2353,6.1765,3.2941,4.5294,4.8824,3.7647,4.7647,6.4118,5,4.2353,4.8235,3.6471,5.2941,4.6471,3.9412,3.1765,6.0588,5.5294,6.1176,4.3529,5.2941,11.5294,4.2353,4.7059,5,6.2353,9.4706,4.9412,5.4118,4.1176,3.7647,4.7059,3.3529,5.4118,4.9412,3.4118,4.7647,4.1765,3.5882,5.2353,3.7059,3.0588,11.7647,5.7647,4.9412,1.9412,3.8235,4.8235,9.8235,9.7647,9.8824,8.7059,9.1176,10.5882,10.0588,8,9.4118,7.5882,7.5294,10.5294,8.2353,6.3529,9.8824,13.8824,11.2353,4.8824,7,8,7,6,7.2353,5.2941,5.5294,6.4118,6.7059,4.5294,6.2941,6.2353,5.8235,7.1765,6,3.8824,5.6471,7.7059,10.2941,2.5294,4.1176,5.8235,0.5294,0.8824,0.4706,0.7059,1.0588,0.7059,0.7059,0.6471,0.8824,0.7059,0.8824,0.9412,0.6471,1.4118,0.6471,0.5882,0.6471,2.5294,1.2941,0.8235,3.4118,3.1765,3.6471,2.8235,4.0588,3,3.5294,2.2353,5.9412,4.3529,5.1765,3.3529,4.5882,6.8824,2.3529,3.3529,3.5294,4.9412,9.7647,4.4706,11.8235,9.2941,9.1765,7.4118,10.8235,9.5882,9.1176,6.2941,9.6471,15.8824,13.3529,9.9412,12.5882,9.5294,8.5294,10.7647,12.2941,4.5294,8,18.2941
0-211.txt_361,44.5,22.5,19.5625,20.0625,24.8125,22.9375,23.5,27.375,18.5,22.75,22.75,24,23.4375,17.4375,23.5625,31.6875,27.375,16.8125,18.5,27.1875,14.25,31.6875,17.6875,12.5,9.6875,19.375,17.3125,11.6875,17.125,9.75,12.0625,22.625,14.5625,10.375,11.375,16.3125,15.3125,8.75,12.4375,12.25,5.6875,7.125,15.375,8.25,4.625,7.6875,7.1875,6.6875,7.875,4,4.4375,7.8125,5,4.3125,5.1875,9.125,8.9375,4.25,5.6875,4.5,6.5,6.75,9.4375,15.5625,4.125,8.8125,10.5625,6.5,7.75,4.1875,3.875,7.125,4.5,4.3125,6.75,8.5,7,3.4375,4.625,4.375,4.9375,2.875,3.125,2.875,9.75,2.875,2.375,3.1875,3.4375,4.0625,4.4375,2.75,4.3125,3.6875,2.375,4.375,4.5625,2.875,3.9375,4.3125,5.875,7.6875,7.5,7.4375,3.75,12.4375,9.375,5,6.4375,3.625,4.375,7.9375,6.3125,3.5,5.625,7.0625,5.6875,4.0625,5.4375,4.375,8.625,10.25,10.125,11.3125,3.875,12.875,16.9375,7,9.5625,5.3125,5.3125,12,6.875,5.625,7.9375,10.0625,8.6875,4.9375,6.4375,6.375,21.0625,14.6875,20.875,17.625,13.5,15.625,14.6875,39.875,14.3125,8.5,8.6875,15.25,11.9375,10.625,14.3125,21.25,16.4375,12.5625,10.75,11,5.3125,6,6.8125,5.3125,3.75,6.4375,6.0625,4.5,12.6875,3.75,3.8125,5.875,5,4.9375,4.125,5.75,4.9375,3.625,7.5625,3.875,4.75,3.1875,2.875,2.75,4.625,3.1875,2.875,2.375,3.375,10.625,8.4375,3.5625,7.1875,7,3.1875,3.8125,5.3125,3.4375,5.4375,9,15.5625,12.5625,8.625,7.25,14.75,12,9.6875,7.5625,10.375,23.875,30.75,12.125,23.8125,20,9.375,12.75,15.1875,12.125,16.625,21.875,2.3125,4.4375,2.8125,2.5,1.0625,3.1875,3.25,1.75,2.4375,1.625,1.625,4.9375,2,1.1875,1.9375,2.8125,2.3125,1.125,1.9375,1.5625,4.5625,4.3125,3.6875,2.375,3.8125,4.4375,3.125,2.8125,3.625,6.4375,7.4375,4.1875,9.4375,5.875,2.9375,3.9375,4.375,4.875,4.6875,6.375,3.125,3.5625,2.9375,2.625,2.8125,3,2.5,2.6875,4.3125,5.3125,5.375,2.875,5.1875,9.1875,2.25,3.1875,3.4375,5.0625,7.0625,4.5625,15.9375,11.75,13.0625,14.375,9.1875,15.125,15.25,12.375,12.375,10.375,10.25,15,12.125,8.5625,39.5,16.25,15.875,7.4375,10.5,11.9375,40.875,28.625,38.6875,34.6875,28.5625,33.625,33.5,32.6875,28.375,22.125,22,32.6875,26.5,22.25,29.5,58.125,41.3125,16.875,23.875,24.6875,17.375,14.375,16,14.5,14.6875,14.75,14.625,12.25,11.6875,15,13.8125,14.25,15.0625,11.1875,13.125,20.3125,27.625,10.3125,11.25,16.8125,1,0.75,0.5625,0.5625,0.9375,1,1,1.3125,1,0.75,1,0.75,1.1875,1.875,0.5625,0.8125,0.9375,3.875,2.125,0.75,4.25,4.875,4.5625,3.125,3.9375,5.0625,4.25,3.125,7.5,4.75,5.4375,4.375,5.75,8.75,3.5,4.6875,4.625,6.625,12.625,4.8125,12.75,8.5625,6.75,6.4375,11.3125,8.9375,8.375,6.25,6.8125,19.625,15.9375,8.9375,14.875,12,8.3125,9.5625,13.3125,7.3125,11.5,21.9375
0-211.txt_363,9,4.875,5.25,5.3125,5,5.1875,5.5625,6.0625,3.0625,7,6.5625,6.1875,6.25,4.8125,3.4375,8.125,6.375,2.1875,4.0625,7.6875,4.125,6.8125,4.9375,4.4375,3.0625,4.4375,5.625,3.125,4.0625,3.5,3,6.125,3.625,2.625,3.5,5.3125,5.0625,1.375,3.25,3.5625,1.3125,1.4375,2.25,2.375,0.5625,1.375,1.9375,1.1875,1.3125,0.9375,0.875,2.1875,1.125,0.875,0.875,1.875,1.8125,0.25,0.75,1.375,4.25,3.75,5.9375,8.8125,1.4375,4.5625,7.0625,3.6875,4.1875,2.125,1.75,4.5625,2.25,1.125,3.5,5.75,4.875,0.5625,1.5625,2.5,2.375,3.3125,2.75,3.375,1.3125,2.8125,3.6875,2.3125,2,1,1.0625,3.25,1.3125,0.875,1.25,2.5,2.1875,0.6875,1.625,1.5,7.625,10.3125,11.6875,14.5,3.125,11.625,17.625,8,9.3125,6.625,5.0625,12.8125,6.8125,4.1875,7.6875,11.75,11.3125,2.1875,5.8125,7.4375,3.625,2.25,3.3125,4,2.0625,2.625,3.5,5.5625,1.8125,2.125,1.4375,3.0625,1.9375,1.25,2.1875,4,3.0625,0.9375,1.25,1.9375,4.0625,2.5,2.125,2.125,3.0625,2.4375,2.25,1.6875,2.5625,6.5625,5.0625,2.4375,4.5625,3.3125,1.3125,3.5,3.875,1.25,2.875,5.4375,5.875,3.625,4,3.875,4.375,4.4375,4.6875,2.375,2.8125,11.0625,11.75,4.5,10.125,9,4.125,5.6875,6,3.5,6,9.625,5,7.3125,5.875,6.6875,2.5,6.125,7,4.25,4.6875,3.5,2.875,10.0625,3.3125,1.875,2.75,6.75,5.9375,2.0625,3.375,4.375,2.8125,2.0625,1.3125,1.5,2.0625,2.0625,1.9375,1.3125,1.5,5.5625,5.6875,2.1875,6.5,3.625,1.625,2.125,3.125,1.4375,3.0625,4.5,2.9375,1.5,1.3125,0.8125,3.1875,1.625,1.5,1.0625,2.125,6,6.1875,1.6875,5.1875,8.9375,1.1875,2.25,2.75,4.0625,4.9375,4.8125,2.9375,2.75,2.1875,2.75,1.1875,2,2.625,2.3125,1.875,1.1875,1.75,2.9375,2.0625,1.5,6.1875,2.5,2.4375,0.9375,2.3125,1.6875,7.5,5.9375,6.6875,6.9375,3.75,5.6875,6.9375,5.5625,4.875,5.125,4.625,7.125,4.25,2.8125,3.875,9.5,7.5,2.0625,4.375,5.5,3.8125,2.6875,3.6875,3.0625,3.0625,2.8125,3.3125,2.4375,2,3.8125,3.25,3.25,3.6875,2.25,2.625,4.375,5.25,0.875,2.0625,4.1875,1.0625,1.125,0.5625,0.6875,0.4375,1.125,0.5625,0.75,0.75,1.125,1.0625,1.0625,1.3125,0.8125,0.4375,1.125,1.3125,1.5,0.8125,1.375,1.75,1.6875,1.375,0.8125,1.125,1.6875,1.125,1,1.9375,2.5,2.625,1.8125,2.8125,4.4375,0.625,1.75,1.875,2.4375,5.75,2.625,7.1875,4.3125,5.125,3.8125,6.125,4.875,4.125,4.5625,4.125,10.5625,8.5625,4.8125,8.625,7.6875,3.5625,5.75,6.625,2.75,6.125,11.0625,0,0,0,0,0,0,0,0,0,0,0,0,0,0,0,0,0,0,0,0,0,0,0,0,0,0,0,0,0,0,0,0,0,0,0,0,0,0,0,0
0-211.txt_365,11.8,6.8,7.6667,8.1333,6.8,7.4667,8.8667,8.8,6.2,7.0667,6.2667,7.8,6.2667,5.2,6.6,10.4,8.6,4.3333,6.2,8.0667,5.0667,7.4667,4.7333,6.2,2.8,5.4,6.8,4.2667,4.6667,3.6,3.1333,6.8,3.5333,3.2,4.6,5.7333,5.6667,2.6667,4.8,3.4667,3.6,4,6.7333,6.2667,2.3333,4.2,4.8667,4.1333,3.5333,2.8,2.6667,5.4,2.5333,1.7333,4.2,5.5333,4.8667,1.4,2.9333,2.6667,6.6,6.6667,9.1333,14.1333,2.5333,8.4,11.5333,6,6.2667,3.3333,3.5333,8.2667,4,2.4,5.5333,8.0667,6.8,2.6,3.7333,4.2,2.5333,1.2667,1.1333,0.8,3.8,1.1333,1.0667,1.7333,1.1333,2.7333,2.5333,1.1333,2.4,1.8,0.9333,2.1333,2,0.8,1.6,2.7333,2.4,3.9333,2.9333,3.3333,1.5333,3.4,4,1.4667,2.2,2.2,2.0667,3.6667,2.0667,1.2,2.2667,3.8,3.6,1.3333,1.9333,2.8,8,9.4667,10.7333,14.4667,4.8667,11.1333,15.9333,7.5333,8.2,6.4,5.9333,10.9333,6.3333,5,7.8667,9.6667,9.2667,4.9333,5.9333,7.4667,7.4667,6.8,8.2,7.6667,5.1333,6,7.2667,11.3333,4.9333,3.8,4.0667,7.6,5.6667,3.4667,5.8,8.8667,7.2667,3.2,4.3333,5.2667,1.4667,1.6667,1.6,1.6,0.7333,1.4,1.1333,0.9333,2.4667,1.4,1.0667,1.9333,1.2667,1,0.8,1.6667,1.2667,1.0667,1.3333,1.2,5.6,4.4667,3.3333,3.3333,4.6,3.5333,4.2,3.0667,2.6,8.5333,6.7333,4,6.2667,5.6667,3.4,5.2,5.4667,2.4667,3.9333,6.8667,7.4,4.3333,3.8,2.8667,6.8,4.9333,4.1333,2.7333,3.4667,15.4667,16.6,4.2,15.2,11.4667,2.8667,5.8667,7.7333,4.6,7.4,13.1333,5.8,8.6,6.5333,6.8,3,6.9333,7.7333,5.2667,5.8,3.8,3.8667,11.0667,3.9333,4.0667,5.2667,7.6667,6.1333,3,5.4667,4.1333,2.4667,1.7333,1.0667,0.9333,1.9333,2.2667,1.5333,1,1.2667,4.6667,5.2667,2.0667,6.0667,2.8,2,1.9333,2.5333,2.2,2.1333,4.4,2.1333,1.3333,1.4667,0.6667,1.5333,1.4,1.4,1,2.3333,4.4,4.2667,1.6667,4.2667,7.4,0.8667,1.6,2.2667,3.1333,4.7333,3.7333,2.4,2,2.0667,2.1333,1.1333,2,2.6667,1.6667,1.4667,1.6,1.9333,2.2,1.5333,1.1333,5.0667,2.2,2.2667,0.9333,1.4,1.8667,10.4667,9.4667,10.2667,9.4,6.3333,8.6667,10.2667,7.7333,8.1333,7.8,6.5333,10.4667,7,6.8,7.1333,13.3333,11.5333,4,7.6667,8.6,3.6,4.3333,4.0667,3.8,2.4,3.8667,4.7333,2.8667,3.4,4.5333,3.1333,5.0667,4,2.7333,2.6667,4.7333,5.8667,2.1333,2.8667,4.4667,2.4,2.5333,2.2,1.9333,1.8,2.6,2.3333,1.8667,3.3333,3.0667,3.3333,2.6667,3,6,1.6667,2.6667,2.7333,3.5333,7.2667,3.2,8.6667,5.1333,5.3333,4.8,6.8667,5.8667,5.4667,5.0667,5.0667,13.7333,11.3333,6.1333,10.7333,9.6667,4.7333,6.8,8.2667,4.0667,6.6,14.2,0,0,0,0,0,0,0,0,0,0,0,0,0,0,0,0,0,0,0,0
0-211.txt_367,4.9333,1.4,1.2,1.1333,3.2667,1.7333,1.6,2.4667,1.2,3.4,2.4,1.8,2.1333,1.7333,1.3333,3.0667,2.5333,0.8,1.9333,3.8,2.2667,3.9333,2.3333,2,1.3333,2.5333,2.7333,1.5333,2,1.9333,1.6667,3.7333,1.6667,1.4667,1.4667,2.8667,2.8667,0.6,1.6,2.4667,3.3333,4.7333,5.2,5.2,2,3.9333,5.8,2.8667,3.6667,2.2,2.2,5.6,3.6,1.9333,3.3333,4.7333,4.1333,0.8,2.2667,2.6667,5.5333,6.3333,7.7333,11.8667,2.6,6.6,9.7333,4.2667,5.1333,3.4,2.3333,6.7333,2.8667,1.8,4,7.6,6.5333,0.9333,2.9333,2.8667,1.2,1.5333,1.6,2.5333,0.4667,1.9333,2.0667,1.2667,1.5333,0.7333,0.6,1.8667,1.0667,0.4,0.8,1.7333,1.7333,0.3333,0.5333,0.9333,6.2,7.9333,8.2,12.2,3.3333,9,14,5.4,7.6667,4,2.9333,10,4,2.9333,5.3333,8.8,8.3333,1.7333,4.7333,4.7333,7.4667,5.2667,7.2667,7.6667,3,5.8,7,11.1333,4.6,3.0667,3.3333,6.8667,4.2,2.8,4.4,8.6,6.2667,1.8,3.4667,4.4667,4.2667,1.9333,2.2667,1.8,3.0667,2.4,2.5333,1.4667,1.8,8.4667,7.7333,2.2,6.5333,4.4,2.5333,3,4.0667,2.0667,3.0667,7.3333,9,5.4667,5.4,4.6667,7.9333,6.2,5.3333,3.7333,4.3333,16.1333,15.8667,7.3333,14.1333,12.1333,5,7.8667,9.5333,5.2,8.4667,14.7333,5.9333,8.9333,6.6,6.6,2.6,7,8.0667,5.5333,5.4,3.1333,2.6667,10.2667,3.6667,2.8,4.2667,8.2,6.2667,2.6667,3.8,4.8,2.4,2.2,1.6,1.4,1.7333,1.8,2.4667,1.5333,1.7333,3.2,3,2.4,4.4667,1.8,1.3333,2.2,2.6,0.8667,1.7333,2.9333,4,1.9333,2,1.2667,3.9333,1.8,1.9333,1.2,2.5333,7.2667,7.3333,1.8667,5.6,10.8,1.6667,2.8,3.5333,3.8667,6.2667,6.3333,3.2667,3.2,2.7333,3.3333,1.1333,2.6,3.2,2.8,2.0667,2.2,2.0667,3.7333,1.9333,1.7333,7.2,3.2,3,0.6,1.5333,2.2667,7.4667,6.8,8.7333,8.1333,4.7333,6.6,8.2667,5,5.2,4.7333,4.6,8.4,4.8,3.2,4.3333,10.6667,7.6667,2,4.1333,5.7333,4.4,3.0667,3.9333,3.2667,3.4,3.8667,4.4,2.8667,2.0667,4.6,3.7333,4.1333,4.4,3.4,3.1333,5.0667,6.4,1.4667,2.5333,4.6,2.9333,3,2.0667,1.4667,1.6667,3.0667,2.6667,2.2667,3.6667,4.3333,4.5333,3.6,4.4,6.1333,1.2667,3.4667,3.4667,3.2667,7.9333,4.2,6.0667,2.4,3.0667,2.1333,4.6,3.3333,3.1333,2.4,2.2,9.1333,8.5333,2.9333,7.7333,5.2667,2.8,4.8,5.9333,2.2667,4.0667,9.2667,0,0,0,0,0,0,0,0,0,0,0,0,0,0,0,0,0,0,0,0,0,0,0,0,0,0,0,0,0,0,0,0,0,0,0,0,0,0,0,0,0,0,0,0,0,0,0,0,0,0,0,0,0,0,0,0,0,0,0,0
0-211.txt_369,10.7778,4.1667,4.8889,4.5,6.2778,4.8333,5,6.4444,4.8889,4.6667,4.5,5.0556,5.6667,3.9444,4.5,7.8889,6.4444,3.2222,4.6667,5.4444,3.9444,7.2778,5,5.3889,3,5.9444,6.1111,3.7222,5.9444,3.3889,3.5,6.1111,4.3333,3.4444,3.8333,4.8889,4.7222,3.0556,4,3.8333,1.6667,1.8889,2.8889,2.2778,1,2,2.4444,1.6111,1.5556,0.9444,0.8889,2.2222,1.0556,0.8333,1.2778,1.8889,1.8333,0.5,1.3333,1.3333,6,7.2222,8.5,11.3333,4.4444,8.0556,9.6111,5.8333,7,5.2778,5.5,8.3333,6.2222,3.6111,5.4444,7.8333,7.0556,2.9444,5.5,4.9444,1.9444,0.7778,0.7778,0.7778,2.8889,0.9444,0.9444,1.0556,0.7778,1.2778,1.2222,0.7222,1,1,0.8889,1.7778,1.1667,0.8889,1.5,1.2222,3.2222,5.2778,3.8333,3.7222,2.3333,5.7222,4.8333,2.5556,4.6111,2.2778,2.9444,4.7778,3.2778,2.5,3.8889,4.2222,3.6667,2.3333,3.3889,2.6111,4.6111,5.6111,5.6667,6.2778,3.2778,6.3333,9.1111,3.9444,4.5556,3.5,3.8889,6.6111,4.1111,2.5556,3.6667,5,5.3333,2.3889,4,4,1.3889,1.5556,1.6667,1.6111,0.7778,1.4444,1.5556,2,1.6667,1,0.8889,1.4444,1.4444,1.2778,1.0556,1.4444,1.3333,0.7778,1.7778,1.1667,1.3333,1.5556,1.5556,1.3333,0.8333,1.7778,1.6111,1.1667,3.3889,1.6111,1.8333,1.6111,1.5556,2.1667,0.7778,1.5,1.5,1.6111,2.3889,1.2222,6,5.6111,4.5,3.7778,6.5,5.8333,4.1111,3.6667,4.2778,11.1111,9.3333,5.6111,9.3889,7.3333,3.6667,5.5,6.6667,3.7222,5.1111,9.0556,9.1667,6.5556,4.9444,6.0556,9.1667,6.5,6.9444,5.3333,7.1667,13.4444,16.1111,6.7778,12.5,11.3333,6,7.6667,9.0556,7.1667,9.1111,12.5556,5.5556,9.1667,7.5556,6.7222,4.3889,8.3889,7.9444,4.9444,7.6667,4.6667,5.3333,10.5,6,4.8333,4.8333,6.3333,5.8889,3.6111,6.0556,5.1111,3.3333,3.5,2.8889,2.9444,3.3333,3.6667,3.4444,3.0556,3.8333,4.1111,4.8333,3.7778,6.4444,4.2222,2.5556,3.6667,4.1667,2.5,3.7778,4.0556,2.5556,2.7778,3.1111,2.2778,2.4444,2.6667,3,1.7778,3,3.1667,3.5556,2.5,3.4444,5.2222,2.1667,2.7222,2.9444,3.2778,4.2222,2.6667,4.2222,3.2222,2.9444,2.6111,3.0556,3.3333,2.8333,2.4444,3.5556,3.1111,3.4444,3,3.1667,2.7222,6.3889,4.1111,3.9444,2.3889,3.5,3.5,4.3889,3.5556,4,3.1667,4.9444,3.8333,3.4444,2.7778,2.4444,3.4444,3.4444,3.8889,3.5556,2.5556,2.7222,5.7778,4.7778,1.6667,3.7222,3.7222,5.2222,4.4444,4.8889,4.1667,3.8333,4.7778,4.6111,2.8333,4.5556,3.5,4.0556,4.6667,4,2.3333,4.1667,5.7778,6.1111,2.1667,3.5,4.2222,1.1667,1.5,1,0.8889,0.7778,1.6111,0.9444,0.9444,1.4444,1.5556,1.4444,1.1667,1.3889,1.4444,0.5556,1.1111,1.0556,3.1667,1.7778,1.2778,4.3333,3.9444,4.2222,3.3333,5.0556,4,4,3.1111,6.7778,5.1667,5.3333,4.1111,4.9444,7.1111,3.2222,4.9444,4.6111,5.9444,9.1667,4.6111,6.2778,4.9444,4.5,3.5,7.7778,5.6667,4.4444,3.2222,4.5,9.2222,8.3333,4.6667,7.6667,7.0556,4,5.2222,6.3333,4,6.7222,9.5556
0-211.txt_371,15.9412,9.5882,9.1765,7.7059,11.5882,9.7647,10,8.5882,9.3529,10.7647,10.8235,9.7647,10.0588,8,8.8235,12.4706,11.1765,6.7647,8.0588,11.1765,4.8235,8.8824,5.6471,5.8235,3.5294,6.4706,7.2353,4.2353,6.2941,3.4118,4.1176,7.1765,4.4118,3.0588,4.1176,5.7647,5.2353,2.7647,4.1176,3.7059,3.7059,3.9412,6.1176,5.1176,2.4706,4.4118,4.7059,3.3529,5,2.4706,2.5294,4.5294,2.8235,3.1176,3.2353,4.5882,4,1.9412,4.5882,2.8824,4.4706,4.7059,5.7059,8.8824,3.8235,5.1176,5.5882,3.7059,5.1176,2.8824,2.6471,5,2.7647,2.1176,3.5882,5.4706,5,2.0588,2.8235,3.7647,4.5882,3.7647,4.1176,3.7647,9.6471,4.2941,3.8235,3.4706,4.2941,4.7059,4.8824,3.7059,4.6471,4,3.3529,5.1765,4.9412,2.4706,3.7647,4.5294,4.2353,5.2941,5.4706,4.4118,3.4706,7.8824,5.4118,3.3529,6.3529,3.7059,4.0588,5.7647,4.2941,3.8235,3.2941,5.0588,4.2941,3.7647,5.2941,3.8235,9.5882,12.3529,11.5294,13.6471,7.1176,14.2353,17.5294,9,11.8824,7.7059,8.5882,12.9412,10.1176,7.4706,9.2353,11.8824,10.4118,6.0588,8.9412,8.7647,2.2353,1.2941,1.7059,1.4118,2.1765,1.5882,1.6471,2.7647,1.4706,1.7647,1.3529,1.3529,1.9412,1.1176,1.6471,2.1765,1.9412,1.5882,1.0588,1.7059,2.4706,3.0588,2.9412,2.5294,2.5294,2.9412,2.8235,2.1176,4.4118,2.1176,2.5882,2.9412,2.5882,2.4118,1.5294,2.5882,2.3529,1.8824,3.5294,2.2353,4.1765,3.6471,3.4118,3.1765,4.0588,3.7059,3.8824,2.4706,4,7.2353,6.7059,3.8824,6.2353,5.5294,2.4118,3.8235,4.2941,4,5.7059,5.8824,10.7059,10.4118,8.7647,7,12.2941,10.6471,9.2941,6.4118,11.1176,16.2353,21.0588,10.8824,16.8824,13.7059,7.8235,10.7059,12,10.4706,12.0588,15.8824,6.1765,8.1176,7.3529,7.6471,4.5294,8.3529,8.8824,5.3529,6.8235,4.4706,5.0588,10.1176,5.8824,4.1176,6,6.9412,6.5294,4.0588,4.8824,4.9412,4.2353,2.7647,2.7647,2.1176,3.7647,3.5294,2.6471,2.1176,3.1765,5.7647,6,3.0588,8.1765,4.8235,2.4706,3.2941,4.3529,3.3529,4.9412,5.9412,2.7647,2.1176,2.1176,1.8824,2.8824,2.2941,2.0588,1.4706,3.0588,3.7059,4.5882,2.2941,4.2941,7.1176,2.1176,2.7059,2.8824,4.4118,6,3.2941,5.5882,4.1765,4,4.4118,4.6471,4.9412,4.2353,3.9412,4.6471,4.4706,4.1765,4.6471,4.3529,3.3529,9.2353,5.5882,4.5294,3.1176,4,4.9412,6.8824,6.5294,6.5882,6.0588,6.1176,6.2941,5.8235,4.8824,5.9412,4.8235,4.1176,6.4706,5.2941,4.1176,4.4706,8.7647,6.7059,3.8824,5.1176,4.5294,4.8235,4.7647,5.0588,5.0588,4.2941,4.5882,4.7647,3.7059,4.7647,3.9412,3.9412,4.5294,4.1176,3.3529,4.2941,5.6471,7.7647,2.5294,3.6471,3.9412,0.3529,0.2353,0.2353,0.4118,0.9412,0.3529,0.2353,0.5882,0.3529,0.8235,0.5882,0.4706,0.5294,1.4118,0.2353,0.5294,0.4706,1.9412,1.0588,0.4118,1.2941,1.1765,1.1765,1.2353,1.8824,1.4706,1.2941,1.4706,2.1176,2.3529,2.5294,1.4118,1.9412,2.4118,1.1765,1.4118,1.2941,2,3.1765,2.1176,6.5882,4.1176,3.9412,4.5882,7.2353,4.9412,4.5882,3.7059,5.1176,10.7059,9.3529,4.5882,8.5882,6.5882,4.5882,5.5882,6.9412,4,6.2353,10.2941
0-211.txt_373,10.6667,5.3333,6.2,6.5333,5.4667,5.7333,6.6667,7.4,4.7333,5.7333,5.2667,7.0667,5.7333,4,4.9333,9,7.9333,3.1333,3.9333,6.6,2.9333,5.6,3.0667,4,1.2,3.4667,4.7333,2.2,2.5333,1.4667,1.4,4.9333,2,1.1333,2.1333,3.8,2.9333,0.8667,2.6,1.9333,3.4,4.4667,7.2667,5.7333,2,4.6,6.1333,3.4667,4.2,2.6667,2.4667,5.8,2.5333,2.2667,3.4,5.1333,5.1333,1.0667,2.7333,2.8,4.8667,4.8667,8,13.2667,2,6.9333,10.4,4.4,5.2,2.8667,2.3333,6.6,2.9333,1.8,3.5333,7.5333,5.6,1.2,2.5333,3.6,2.6,1.4,1.6667,0.9333,4.6667,1.1333,0.8667,1.0667,0.7333,2.8,2.4,1.4667,2,1.7333,0.9333,1.8,2.4,0.5333,1.1333,3.1333,2.8,3.9333,3.8,4.2667,1.8,5.4667,4.6,2.6667,3.4667,3.2,2.2,4.4,2.1333,1.8,2.3333,3.9333,3.9333,1.5333,2.6667,3.1333,6.2,8.1333,9,12.4,2.5333,8.6667,14.8,5.9333,6.5333,4.1333,3.6,9.5333,4.0667,3.2,5.6,8.0667,7.5333,2.2667,5.1333,5.1333,5.6667,4.4667,5.4,5.6667,2.7333,3.8667,4.8,9.4667,3.1333,2.1333,1.8,5,2.8667,1.4667,3.0667,7.1333,5.4667,1.2,2.8,3.1333,0.8667,1.5333,1.0667,0.9333,0.6,1.3333,1.2,0.6,2,0.4667,0.7333,1.5333,0.8667,0.8,0.5333,1.1333,0.9333,0.3333,1,0.7333,3.9333,2.5333,2.1333,1.7333,3.4667,2.2667,2.6667,1.4667,2,9.7333,6.8667,2.6667,6.7333,5.5333,2.2,3.1333,4.9333,2.2,3.5333,7.4667,8.0667,3.6667,3,2.0667,7,4.5333,3.4,3,3.2667,16.5333,18.7333,3.6,14.7333,13.0667,4.1333,5.7333,7.8667,5.2667,7.4,13.8,4.7333,7.2,5.0667,5.2,1.9333,5.3333,6.4,3.6,4.0667,3.3333,2.8,9.8667,3.3333,2.6,4.0667,6.6,5.5333,1.5333,4.1333,3.6667,2.3333,1.5333,1.4667,0.6667,2.0667,2,1.8,1.1333,1.6,5.5333,5.4667,1.4,7.6667,4.2667,1.1333,1.8,2.7333,1.5333,2.4,4.7333,1.6667,0.8,1.0667,0.8667,0.8667,1,0.8667,0.9333,1.4667,3.4667,3.6667,1,3.2,6.4,0.6,1.6,1.7333,1.8667,3.8,2.4,2.6667,2.1333,2.3333,3.2,1.2667,2.2667,2.8667,2,1.4,1.4667,1.6,2.8667,1.2,1.4667,5.8667,2.6667,2.5333,0.6,1.3333,1.6,9.7333,8.7333,8.1333,8.1333,5.4,6.4,8.6,7,6.7333,4.4667,4.0667,9,4.8,3.4,6.0667,13.0667,9,2.4667,5.2667,5.5333,3.8667,4.5333,4.8,4.9333,2.2,3.8,5.2,2.8667,3.6,3.8,3,4.7333,3.2667,3.1333,3.2,5.1333,6.7333,1.4,3.0667,4.3333,1.2,0.9333,0.8667,0.2,1.5333,0.8667,0.8,0.8,2.1333,2.2667,2.6,0.9333,2.3333,5.0667,0.8667,1.1333,1.2667,2.9333,6,2.3333,7.1333,4.6667,4.6,3.7333,5.2,5.3333,5.2,3.2,3.4,12,9,5.9333,8.3333,7.2,3.1333,5.8667,7.6667,3.0667,6.8667,12.6667,0,0,0,0,0,0,0,0,0,0,0,0,0,0,0,0,0,0,0,0
0-211.txt_375,13.5625,7,7.125,7.0625,6.3125,6.3125,7.75,8.625,5.5625,7.875,6.75,8.3125,7.875,5,7.375,10.125,8.75,2.9375,6.25,9.5,2,3.6875,2.75,3.0625,0.875,2.75,2.75,1.75,2.1875,1.5,1.4375,3.0625,1.4375,1.125,1.1875,2.5625,2.25,1.1875,1.625,1.9375,1.1875,1.1875,2.1875,1.875,0.8125,1.1875,1.1875,0.8125,1.1875,1,0.625,1.4375,0.625,0.6875,0.8125,1.75,1.4375,0.3125,1.0625,1,10.25,12,15.875,22.25,4.9375,13.4375,20,11.0625,9.4375,5.5625,5.125,15,5.75,4.5,8.4375,14.6875,13.125,2.6875,6.625,7.0625,2.25,2.4375,2.3125,3.3125,0.9375,3.5,4.0625,2.125,1.875,1.75,1.875,3.0625,2.5,1.1875,2.1875,3,2.8125,0.875,1.9375,2.0625,4.8125,6.5,6.5,7.5,2.1875,6.0625,9.625,3.5,5.25,3.625,3,7.625,3.875,2.9375,3.625,7.1875,5.9375,1.5,3.5625,3.75,4.5,4.0625,5.5,4.25,2.4375,3.75,5.1875,7.3125,3.25,2.375,2,5.625,2.625,1.75,3.125,5.9375,4.875,1.125,2.25,2.75,2.125,3.25,3,2.5625,1.4375,2.75,3.875,1.0625,3.9375,2.375,1.875,4.1875,1.8125,1.75,1.1875,3,3.0625,1.125,2.25,2.875,5.0625,3,2.6875,2.5,3.8125,3,2.75,1.75,2.375,11.3125,9.375,3.125,8.6875,8.0625,2.3125,4.3125,5.3125,3.125,5.125,9.4375,7.6875,5.75,3.6875,2.625,7.4375,5.4375,4.625,2.375,3.4375,16.5625,18.0625,5.5,15.125,13.875,3.5,7.25,8.875,6.125,8.6875,14.125,1.6875,2.75,2.5,1.5,1.375,2.3125,2.3125,0.9375,1.25,1.5625,1.5625,3.625,1.8125,0.625,1.0625,2.125,2.125,0.8125,1,2.1875,1.5,1.5,0.8125,0.75,1.4375,1.4375,0.875,0.5625,1.125,2.1875,2.9375,1.3125,3.8125,2.4375,0.75,1.375,1.8125,1.375,1.9375,1.9375,0.9375,1,0.5625,0.25,0.6875,0.8125,0.625,0.3125,1.3125,2.25,2.375,1.1875,2.125,4.625,0.25,0.75,1.0625,1.6875,3.4375,1.9375,2.375,2.25,2.3125,2.625,1,2.375,2.75,1.9375,1.875,2.1875,1.75,2.4375,1.75,0.75,6.375,2.8125,2.6875,0.375,1,1.9375,4.375,3.625,4.5625,4.5,2.3125,4,4.375,3.875,3.75,2.125,1.8125,4.0625,2.1875,2,2.75,6.4375,4.5,0.875,2.125,2.4375,4.375,3.6875,3.9375,4.125,1.9375,2.9375,4.5625,3.75,2.0625,3.5,3.0625,4.25,3.125,2.0625,2.625,5.1875,5.125,1.0625,2.5,3.125,0.9375,1.375,1.125,0.5,0.8125,1.125,0.875,0.625,1.6875,1.4375,1.1875,1.3125,1.375,3,0.4375,1.1875,0.875,1.5,3.875,1.6875,5.375,2.25,2.75,1.875,4.5625,2.5625,2.0625,2.5625,1.8125,8.4375,7.25,2.8125,6.375,5.1875,1.625,3.4375,4.875,2.25,3.5,9.375,0,0,0,0,0,0,0,0,0,0,0,0,0,0,0,0,0,0,0,0,0,0,0,0,0,0,0,0,0,0,0,0,0,0,0,0,0,0,0,0
0-211.txt_377,13.1765,6.9412,7.8824,6.0588,9.1765,6.7647,7.1765,6.6471,6.4706,9.1765,9.2941,6.9412,7.7647,6.4706,6.8235,10,9.5294,4.6471,6.2353,9.2353,4.8824,9,5.8824,6.0588,3.2941,6.2941,6.7059,3.8824,6.1176,3.3529,4,6.9412,4.9412,3.2941,4.5882,6.1176,5.5294,3,4.2941,3.6471,3.7647,4.5882,6.7059,5.4118,3.2941,4.9412,5.1765,3.8235,4.8824,2.6471,2.4706,5.2941,3.0588,3.3529,3.6471,4.8824,4.4706,3.4118,4.2353,3,4.0588,4.5294,6.2353,8.9412,3.0588,4.9412,6.1176,3.5882,5.0588,3,2.8824,5.2941,3.2353,2.6471,3.5294,5.1765,4.3529,2.3529,3,3.4118,4.9412,3.8824,3.8235,3.6471,10.5882,4.4706,4.1176,3.7059,5,5.1176,5.4118,4.1176,5.1765,4.2941,3.8235,5.4706,5.1765,2.8235,4,5.6471,4.2941,5.4118,5,4.2941,3.2353,7.8235,5.8235,3.1176,5.8235,3.4706,4.3529,6,3.9412,3.7647,3,5,4.1765,3.7647,5.0588,3.6471,10,13.5882,12.1765,14,6.1765,15.1176,18.8824,8.9412,12.1176,7.9412,8,13.7059,9.1176,6.6471,9.3529,11.8824,11.0588,5.5882,7.8824,8.8235,2.8824,1.4706,2,1.9412,2.0588,1.7647,2.2941,3.0588,1.5294,1.8235,1.7059,2.0588,2.3529,1.7059,1.5882,3.0588,2.2353,1.5294,1.4706,2,1.7059,1.9412,1.7647,1.6471,1.7059,1.6471,1.8824,1.4706,3.2941,1.5294,1.9412,2.0588,1.9412,2.2353,1.0588,1.8824,1.7059,1.6471,3.1176,1.5882,4.4706,3.9412,4,3.2941,4.1176,4.3529,4.0588,2.5882,4.4706,7.5882,7,4.4706,6.7647,6.3529,2.7059,4.3529,4.2353,4.5294,6.5294,6.1765,10.4118,10.2941,8.2353,6.5294,11.2941,10.1176,9.0588,5.7059,10.3529,16.5294,20.8824,9.6471,16.4118,13.7059,6.9412,9.7647,11.1176,11.2353,12.4118,15.8235,5.9412,7.1176,6.9412,7.6471,4.2353,7.8235,8.4118,5,6.8235,4.1176,4.8235,9.5294,5.7647,3.3529,5.7059,6.5882,5.9412,3,4.8824,4.8824,4.2353,3.0588,3.1176,2.0588,4.1176,3.9412,2.6471,2.0588,3.2353,5.6471,6,3,8.1176,4.8235,2.3529,3.3529,3.8235,3.2941,5.2353,5.6471,2.7059,2.2941,2.2353,2,3,2.2941,2.1765,1.7647,3.0588,3.8824,4.6471,2.2941,4.4118,6.8235,2.3529,3.0588,3.0588,4.2353,5.8824,3.2941,5.5882,4.8235,4.3529,4.8235,5.1176,5.6471,4.8235,4.1765,5.4118,4.5294,4.1765,5.1765,4.3529,3.8235,9.8235,6.1176,4.7647,3.8824,4.4118,5.2941,6.7647,6.4706,6.2941,5.7647,6.4118,6.5294,5.7647,4.8824,6.2941,4.7647,4.5882,6.2353,5.0588,4.1765,4.7647,8.9412,6.7059,3.3529,4.6471,4.7059,6.4706,6.1176,6.1176,5.5882,5.5882,6.1176,6,5.2941,6.4706,5.4706,5.6471,6.1765,5.7059,5.1176,5.3529,7.5882,9.4706,3.1765,5.2941,5.5294,0.3529,0.2941,0.2353,0.4118,0.9412,0.2941,0.2353,0.5882,0.3529,0.7059,0.6471,0.4706,0.5294,1.4706,0.2353,0.5294,0.4118,1.9412,1.0588,0.4118,1.2941,1.1765,1.2941,1.5294,1.5294,1.5882,1.3529,1.5882,2,2.5294,2.1176,1.2941,1.8824,2.4706,1.1176,1.2353,1.4706,1.8235,3.4706,2,6.6471,3.8235,4.0588,4.4706,7.7059,5.1176,4.5294,3.4118,4.4118,10.4118,9.2353,4.7059,8.7059,6.3529,4.3529,5.7647,6.9412,3.5882,6.2353,10.0588
0-211.txt_379,3.0588,2.2353,1.7647,1.4706,1.4118,1.5294,1.5294,1.5294,1.2941,1.5882,1.5294,2.1176,1.4118,1.9412,1.6471,2.1176,1.8235,1.4118,1.5294,1.7059,1.8824,4.7647,3,1.7059,1.4118,3.3529,2.8824,1.7059,2.7647,1.8824,1.9412,3.4706,1.8235,1.5294,1.5882,2.2941,2.3529,1.5294,2,1.8824,8.6471,10.7647,15.5882,11.4706,6.3529,11.4118,10.1176,8.1765,11.1176,5.5294,5.7059,10.8824,6.8824,5.6471,6.5294,11.0588,9.1176,4.1176,8.0588,6.1765,4,4.7647,5.9412,8.7647,2.0588,5.4118,7.1176,3.3529,4.3529,2.5294,2.4118,5.5882,2.9412,2.1176,3.8235,5.1765,4.5294,2.1176,2.4706,2.8824,1.2353,0.4706,0.6471,0.8824,3,0.8235,0.5882,0.5882,0.5294,1.0588,1.2941,0.5882,1.0588,0.7059,0.5882,1.0588,1.0588,0.5294,0.6471,1.0588,2.8235,4.0588,2.8824,3.7059,1.7059,5.7647,4.2941,1.9412,3.2941,2.6471,2.4118,4.2353,3.2353,2,2.2353,2.9412,2.5294,2.1176,2.3529,2.8824,5.7647,6.5882,6.2353,7.8235,3.2941,8.0588,11.1765,4.7647,5.8824,4.1176,3.9412,7.8235,4.0588,3.5294,4.8824,6.4118,5.5882,3.3529,5.5294,4.1765,1.2353,1.4118,1.0588,1,0.8235,1.4118,1.4706,2.0588,1.1176,0.8235,1.2353,1.1176,1.0588,1.1765,1.5294,1.1176,1.2353,0.8235,1.0588,1,0.6471,1,1.0588,0.7059,0.3529,1.2941,0.8824,0.4706,2.4706,0.4118,0.5882,0.7647,0.6471,0.5882,0.5294,0.7647,1,0.4706,1.1765,0.4118,9.1176,7.7647,6.8824,6.7059,8.1176,8.5882,7.6471,4.8824,8.6471,16.2941,13.3529,7.5882,13.5882,9.8235,6.5294,7.7647,8.6471,5.6471,9.1176,12.7647,12.6471,9.8824,8.5882,7.3529,13.4706,10.5882,9.5882,6,9.7647,20.5294,24.5294,10.2941,19.8824,16.9412,8.2353,11.6471,13.2941,9.5294,16.1765,18.8824,6.9412,10.6471,7.4706,6.4118,3.8824,9.4118,9.4706,5.4706,7.2941,5.5294,5.7647,12.5882,6.2941,5.5294,6.0588,8,7.4706,4.8235,6.2353,6,3.7647,3,2.7647,2.0588,3.2941,3.3529,2.6471,2.5294,2.5294,4.2353,4.2941,3.0588,6.5882,3.5294,2.0588,3.1176,3.6471,2.2353,3,4.1765,3.7059,3.1176,2.1765,1.8824,3.4706,2.8824,2.2353,2.2353,3.2353,5,6.1765,2.7647,5.5882,8.9412,2.2941,3.5294,4.0588,4.2353,6.3529,5,2.1176,2.0588,1.6471,1.7059,1.1176,2.3529,2.5294,1.5882,2.1765,1.4706,1.8824,2.0588,1.6471,1.5294,5.5882,2.5294,2.1765,1.3529,2.0588,1.6471,10.8824,9.8235,9.9412,9.5294,8.3529,10.4118,10.1765,8,9.7647,6.4706,6.5294,10.5882,7.8235,6,7.8824,13.8824,10.1176,5.8824,7,7.5882,5.1765,3.4118,4.0588,3.2353,5.1765,3.9412,3.8824,3.4118,3.5882,3.4706,4.1176,4.0588,4.4706,3.2353,3.6471,6.4118,7.6471,2.5882,3.4706,4.4118,1.0588,1.1176,0.8824,1.0588,0.6471,1.1176,1.1765,0.7059,1,1.2353,1.2941,1.2941,1.2941,1.5294,1.1176,1.1765,1,3,1.7647,0.9412,4.0588,4.6471,5.1176,3.6471,3.5882,5.2353,4.8235,3.2941,7.5294,4.8824,5.2353,4.8235,4.9412,7.3529,3.8824,4.8824,4.2941,5.5294,10.5882,5.1176,4.7647,3.0588,2.7647,2.2941,4.4706,3.1176,3.3529,2.5882,2.6471,7.1765,5.7059,3.1765,5.1176,4.1176,2.7647,4,5.2941,2.0588,3.4118,7.7647
0-211.txt_381,9.6,4.8667,5,5.3333,6,5,4.7333,6,3.7333,5.2,4.4667,5.4667,4.6667,3.6,4,7.9333,5.7333,1.8667,3.8,6.6,2.5333,4.8,2.8,3.4667,1.2667,3.0667,4.2,1.7333,2.7333,2,1.4,4.2,1.8667,1.1333,1.7333,3.4,3,0.8,1.6667,2.3333,3.2,3.8667,6.6667,5.7333,2.5333,4.1333,4.9333,2.8667,4,2.1333,2,5.2667,2.2667,1.4667,3.2667,4.8,4.5333,0.8,2.3333,2.4,5.6,6.5333,9.6,15,2.3333,8.2,12,5.6,6.9333,3.6,3.3333,7.8,3.8,2.4667,4.5333,7.8667,6.7333,1.5333,3.6667,4.1333,1.0667,0.8,0.4,0.2,2.6,0.4,0.4,0.3333,0.2667,1.6667,1.3333,0.6,1.2,0.8667,0.4667,0.7333,1.0667,0.2667,0.4667,1.6,1.2667,1.9333,1.4667,1.8,0.5333,2.6,1.8,1.0667,1.4667,0.8,0.9333,2.0667,0.9333,0.5333,1,1.6667,1.7333,1.2667,0.9333,1.2,6.1333,6.6667,7.8,11,2.2667,8.5333,13.7333,5.2667,5.6,3.7333,3.4667,8.2667,4.1333,2.6,5.2667,7.6667,6.9333,1.9333,3.6667,4.6667,5.8,4.2,5.6667,4.8667,2.5333,3.9333,4.9333,9.4667,3.1333,2.0667,2.2667,4.9333,3.2667,1.6667,3.6,6.4667,5.1333,1.8,3.4667,2.9333,1,1.5333,1.5333,1.6667,0.3333,1.7333,2.2667,0.6,2.6667,0.4667,0.3333,1.8,0.5333,0.8667,1.1333,1.5333,1.4667,0.3333,1.2,0.6667,4.4667,3.2667,2.9333,2.5333,3.2667,2.7333,3.3333,2.3333,2.4,10.7333,7.8,3,7.2,5.8,2.7333,4.3333,5.8,2.4,4.6,8.3333,6.7333,3.2667,2.8,2.6667,5.1333,4.0667,3.6667,2.5333,2.6667,11.4,13.8667,3.9333,11,10.2667,3,4.7333,6.4,4.2,7.1333,9.8667,5.5333,8.8667,5.4667,5.8,2.7333,6.2,7.2,4.3333,4.4,3.0667,2.8,11.2667,3.6667,3.1333,5.0667,7.4,5.8667,2,4.6667,3.3333,4.3333,2.6667,2.5333,1.8667,3.9333,3.2667,2.8667,2.0667,2.9333,8.6667,8.8,2.4,10.9333,6.6667,2,3.5333,4.6,2.2667,3.5333,7.9333,2.8,1.1333,1.0667,0.7333,3.2,1.1333,1.0667,1.0667,2.0667,5.8667,5.5333,1.2667,4.5333,9.6667,0.7333,1.8667,2.6,3.4,5.9333,4.5333,3.5333,2.8667,3.6667,4.2,1.4667,3.4667,4.6667,2.8667,2.2667,2.2,2.2,3.9333,1.8667,1.8667,7.6,3.9333,3.8,1.1333,1.7333,2.4,9.8,9.2,9.2,9.6,5.1333,7.6667,10.1333,8.5333,6.8,5.2,4.6667,10.6,5.4,4,6.5333,13.5333,9.5333,2.6,5.5333,6.2,6.1333,6.3333,5.9333,5.2667,4.4,5.6,6.8,4.2,4.6,6.8667,5.5333,6.6667,5.8,4.6,3.8667,7.6,9.4667,2.8,5.2,6.6667,1.1333,1.2,0.8,0.4,0.7333,1.1333,0.8,1.0667,2.2667,1.6,2.0667,1.3333,2,3.9333,0.6667,1.2,1.1333,2.4,5,1.8667,6.8667,4.0667,3.4,3.4,5.4667,4.4667,4,2.6667,2.4,11.0667,9.2667,5.0667,7.9333,6.5333,2.7333,5.3333,6.8667,2.9333,5.0667,12.3333,0,0,0,0,0,0,0,0,0,0,0,0,0,0,0,0,0,0,0,0
0-211.txt_383,5.2,2.6667,2.5333,2.2,2.7333,2.3333,2.8,3.1333,2.3333,2.2667,2,2.8,2.6,1.9333,2.2667,4.4,3.2,1.1333,2.8667,2.8,1.8667,3.8667,1.8,2.2,0.6667,2.2667,2.6667,1.2667,1.4667,1.7333,1.1333,3.6,1.2,1,1,2.6667,1.9333,0.6,1.6,1.7333,4.2,5.2,7,6.4667,2.1333,4.2667,6.0667,4.3333,3.6,3.2,2.6667,5.8667,3,2.2667,3.2667,6.0667,4.9333,2.0667,3.4667,3.4,6.4,6.4,9.1333,15.2,2.5333,8.9333,11.8,6,7.2667,3.7333,3.4667,8.3333,4.6667,2.4667,6.4,8.2667,7.1333,1.7333,4.0667,4.4,2.3333,1.1333,1.3333,0.8667,3.9333,1.0667,1.4667,1.5333,0.8667,3.1333,2.6,1.0667,2,1.8,1.0667,2.2667,2.7333,0.7333,1.2667,2.9333,2.0667,2.0667,1.9333,2.2667,0.8667,2.7333,2.2667,2,1.9333,1.2667,1.2667,2,1.2667,1,1.2667,2.1333,1.8667,0.7333,1.3333,1.5333,4.6667,5.8667,6.4,8.1333,2.8667,6,9.7333,4.2667,4.4667,2.8667,2.2667,7.9333,3.2,2.8,4.2,6.8,6.6667,1.4,3,4.0667,4.8667,4.1333,4.4,4.6667,1.6,3.5333,4.4,7.2,2.2667,2.2667,2.2,4.8667,2.5333,1.8667,5.6,5.2667,4.6667,1.3333,1.8,3,1.9333,3.0667,3.2667,3.7333,0.8667,2.6667,3.6667,1.8,3.4667,1.4,0.8,3.0667,1.1333,0.8667,1.4667,3.2,2.5333,0.9333,1.4667,1.5333,6.5333,5.0667,3.8667,2.3333,5.6,4.6667,4.4,3.3333,3.8,14.7333,12.7333,5.6667,9.9333,8.8667,3.5333,6.0667,7.2,4.0667,6.6,12.2667,6.8,4.2,4.2,3.3333,6.5333,5.2,4.4,2.8,3.6,14.9333,15.6,4.2667,14.8,10.4,3.1333,5.5333,8.1333,4.6667,6.7333,13.4667,6.3333,8.7333,7.1333,7.6667,3.4,7,8.2667,4.9333,6.0667,3.7333,3.6667,11,3.9333,3.2667,4.4,8.4667,7.3333,2.2,4.2,4.7333,3.0667,2.1333,2.1333,1.3333,2.2,2.2,1.8667,1.6667,1.6,4.6,4.8,2.5333,5.5333,3.6,1.8667,2.3333,3,1.4667,2.0667,4.0667,3.8,2.4,2.2667,1.8667,3.8,2.3333,2.4,1.6667,3,6.4667,6.6,2.5333,5.8667,10.7333,1.5333,3.2,3.8,4.3333,6.9333,5.6667,1.4667,1.1333,1.8,1.5333,0.4,1.4667,2.0667,1.2667,0.8667,0.8667,1,1.7333,0.8667,0.6667,3.8,1.7333,1.0667,0.2667,0.5333,0.8,10.8,8.5333,9.7333,9.8667,5.4,8.8667,9.7333,7.3333,6.8667,6.0667,6.1333,9.9333,6.3333,4.8667,6.8,12.8,10.0667,3.3333,5.8667,7,4.7333,4.4,5.9333,5.6667,3.9333,4.4,6.2667,4.2667,4.2,4,3.4667,5.2,4.2667,3.1333,3.4667,6.2667,6.4,2,3.7333,4.5333,3.4,2.3333,1.9333,2,1.7333,2.8,2.9333,3,3,3.7333,3.2667,2.9333,3.5333,4.4667,1.3333,3.1333,2.8667,2.6667,6.3333,4.0667,5.4667,3.6,3.7333,3.8667,3.6667,3.7333,4.6667,2.9333,2.8667,9.2,6.8667,4.1333,6.6667,5.6,3.2667,4.5333,6.4,2.4667,4.5333,9.6,0,0,0,0,0,0,0,0,0,0,0,0,0,0,0,0,0,0,0,0
0-211.txt_385,3.375,1.875,1.75,1.4375,2.0625,2.0625,2,2.875,1.375,1.875,1.9375,2.25,1.9375,1.5625,2.125,2.8125,2.25,0.875,1.5625,2.375,1.125,2.3125,1.4375,1.4375,0.6875,1.375,1.8125,0.75,0.9375,0.6875,0.5,2.1875,0.9375,0.3125,0.75,1.5625,1.125,0.25,0.5625,1.0625,3.625,4.1875,6.4375,6.1875,2.8125,4.4375,6.4375,2.9375,4.3125,2.5,2.625,5.25,2.9375,2.6875,3.5,4.9375,5.125,1.5625,3,3.375,6,6.125,8.625,13.125,3.1875,7.0625,10,6.4375,5.4375,4.0625,4.0625,7.5625,4.25,2.875,5.125,7.875,7.5625,2.5625,3.5,4.6875,3.625,1.5,2.0625,1.5625,5.1875,1.375,2,1.5,1.25,4.375,3,1.5625,3,3.25,2.1875,2.25,2.8125,0.9375,2,4.5625,4.25,5.5625,5.4375,5.5,2.75,6.25,6.375,3.5625,4.25,3.8125,3.4375,6.1875,3.4375,2.4375,2.9375,6.0625,5.375,2.3125,3.4375,4.1875,5.4375,7.375,6.75,8.5,2.1875,6.75,10.125,4.4375,5,3.625,3.75,7.6875,3.8125,2.9375,5.4375,6.875,6.25,2.4375,3.8125,4.375,2.5625,1.4375,1.9375,1.75,1.1875,1.5,2.125,4.625,1.125,0.8125,0.75,1.8125,1,0.875,1.25,2.75,2.0625,0.6875,1.25,1.5625,1.5625,2.4375,2.4375,2.5,0.5625,2.4375,3.0625,0.9375,3.6875,0.75,0.625,2.4375,0.875,1.4375,1.625,2,1.8125,0.625,1.8125,0.9375,5.9375,4.375,3.6875,2.9375,5.5,4.375,4.1875,3.5625,3.8125,15.0625,12.125,4.625,11.375,10.625,2.75,5,6.625,3.9375,7.625,11.875,6.5,3.875,3.375,2.8125,5.5625,4.625,3.875,2.5625,3.25,11.0625,12.875,4.5,11.1875,9.5,3.6875,5.4375,6.75,4.5,5.5625,9.3125,7.375,9.5,7.75,8.625,2.6875,8.375,9.8125,6.6875,5.6875,4.1875,4.1875,12.4375,4.75,3.8125,5.5,9.4375,8.0625,2.5625,4.9375,5.375,2.6875,1.5,1.5625,1.4375,1.8125,1.8125,1.625,1.0625,1.3125,3.9375,4.1875,1.9375,5.5625,2.75,1.3125,2.375,2.5,1.125,1.8125,3.875,4.3125,2.9375,2.6875,2.375,2.9375,2.875,3.125,2.625,4,7.6875,7.4375,2.75,6.9375,11,1.6875,4,4.875,4.625,8.625,5.875,1.5,1,1.25,1.3125,0.5625,1.1875,1.625,1.3125,0.8125,0.875,0.875,1.1875,0.875,0.9375,3.375,1.3125,1.25,0.375,0.625,0.8125,10.5,9.5,9.125,9.875,6.0625,8.625,9.875,8.0625,6.25,6.875,6.125,10.875,5.875,4.375,6.9375,13.625,10.4375,3.4375,6.5,7.8125,5.1875,4.3125,4.375,5.125,3.875,4.5,5.875,4,4.25,4.625,3.8125,5.1875,4,2.75,3.4375,5.875,6.9375,1.3125,2.625,4.625,1.0625,0.9375,1.1875,1.125,0.5625,1,1.1875,0.75,1.9375,1.0625,1.3125,1,1.625,2.375,0.75,1.0625,0.875,1.75,3.6875,1.125,5,3.0625,3,2.0625,4.5625,2.8125,2.625,2.4375,1.875,6.625,5.25,3.5,5.0625,3.0625,2.6875,3.75,5.0625,1.25,2.8125,7.5,0,0,0,0,0,0,0,0,0,0,0,0,0,0,0,0,0,0,0,0
0-211.txt_387,18.4706,10.8824,10.7059,8.8824,11.7647,11.4118,11.2353,10.6471,9.0588,9.5294,8.5882,11.5294,9,5.9412,10.5294,14.5294,12.0588,4.7647,7.1176,11.6471,3.5294,9.5882,4.5294,3.2941,2.5882,6.2941,5,3.3529,5.1176,3.1176,3.8824,6.6471,4.0588,2.5882,3.3529,4.4118,4.5882,2.3529,3.2353,3.4706,5.1176,5.8824,9.3529,6.7059,3.8235,6.2941,6,4.6471,6.5294,2.8824,3.7647,6.4118,4.1176,3.3529,3.7647,5.7059,5.0588,1.7647,4.2353,3.5294,4.8235,5.7647,7.9412,11.4706,3.5294,6.5882,8.1176,4.5882,5.4118,3.3529,3.2941,6.5294,3.5882,2.7059,4.4118,6.5294,5.8824,2.1765,3.2941,3.8235,1.8235,1.4706,2.0588,1.7059,3.6471,1.5882,1.5882,1.2941,1.6471,1.7647,2.1176,1.7059,1.5294,1.4118,1.5294,2.4118,1.7059,1.0588,1.5882,2.2941,5,6.8235,5.8235,5.2941,4.1176,9.5294,7.5294,3.8824,7.1176,4.1765,4.6471,6.7059,5.4118,2.7059,4.1765,6.3529,5.7059,2.3529,4.8824,4.7059,8.5882,10.2941,11,12.1176,5.5882,12.3529,16.8235,6.4118,10.4118,6.8824,6.9412,12.6471,6.9412,4.8824,8.2353,10.7647,9.5294,3.2941,6.5882,8,6.0588,5.1176,5.6471,4.9412,3.5294,4.6471,4.8235,7.7647,4.6471,3.1765,3.2941,5.2941,3.7647,2.9412,4.1176,6.3529,5.0588,2.8235,2.9412,3.9412,2.5882,3.5882,2.8235,3.2941,1.6471,3.8235,3.4118,1.4706,5.2353,1.8824,2.5882,3.4118,2.2941,2.7647,1.6471,2.5882,2.2941,2.5294,3.1765,2.2941,5.3529,3.2941,2.6471,2.2941,5.3529,3.6471,3.5294,2,2.8235,10.8824,8.3529,3.8235,7.5882,6.4706,2.4706,3.9412,4.9412,3.1176,4.8235,8.8235,14.1176,11,9.0588,8.4118,13.2941,10.8235,9.1176,6.6471,10.0588,19.5882,26,11.2941,21.7647,15,9.7647,12.2353,14.2941,7.8824,11.2353,17.8824,9.4706,14.7059,11.7647,9.9412,7,13.5882,11.5882,7.8824,10.2941,7.4118,6.8824,18.2941,8.1765,5.4706,8.1765,11.0588,9.2941,5,7.6471,7.7647,5.2941,4.8824,4.5294,3.4706,6.1176,5.7059,3.9412,2.8235,5.1765,6.4706,8,5.1176,11.0588,6.2353,2.8235,5.2941,5.9412,4.0588,6.1176,6.7647,2,1.6471,1.4118,1.1176,2.5294,1.6471,1.3529,1.2353,2.8824,3.2353,3.5294,1.5294,2.9412,6.7059,1,1.8235,2.1176,4.1176,5.4706,2.7647,9.2941,7.5882,8.7647,8.5294,5.5882,9.1176,8.8235,6.7647,6.6471,7.5882,5.6471,10.4706,7,5.2353,18.8235,10.4118,9.2941,3.8235,4.7059,8.3529,9.1765,6.8824,7.8235,6.9412,7.4706,8.2941,8.0588,6.5294,7,6,5.2941,8,5.8235,4.1176,6.0588,12.0588,8.3529,2.8824,4.5294,6.9412,10.5882,7.7647,9,7.1176,7.8235,8,7.3529,6.8824,7.1765,6.8824,7,8.3529,7.5882,5,6.7059,11.4706,14.0588,3.1765,5.4118,7.7059,0.3529,0.2353,0.2353,0.3529,0.8824,0.2941,0.4706,0.5294,0.2353,0.4706,0.4706,0.4706,0.4706,0.8824,0.5294,0.5294,0.4118,1.9412,0.8235,0.4706,3.4118,2.9412,3.5882,3,4.2353,3.3529,3.3529,1.8235,6,4.4706,3.8824,2.5294,3.8235,6.9412,2.1176,3.3529,3.6471,5.0588,9.8824,4.3529,11,7.9412,7.7647,6.7059,9.8824,8.8824,8.2941,6.2353,8.5294,15.1765,13.6471,8.0588,12.1176,9.3529,8.4118,9.4118,10.5882,5.2941,7.8235,17.5294
0-211.txt_389,11.1765,4.8824,4.8235,5.6471,7.3529,6.4118,5.5294,5.8824,4.2353,5.4118,5.1765,5.5294,5.4118,4.4118,5.7059,8.6471,6.6471,2.8235,5.1765,6.8824,9.7059,16.1765,10.5294,10.2353,7.4706,12.2353,12.1176,8.1176,10.8824,7.8235,8.2941,14.8235,8.5294,6.5294,8.7059,11,10.7059,5.7059,8.8235,7.7647,2.8824,3.1765,5.8235,4.5882,2.4118,3.4706,3.4706,3,3.2941,1.7647,1.9412,3.5882,2.2353,1.7647,2.8824,3.9412,3.1765,1.2941,2.0588,1.7647,3.8824,5.0588,5.5294,9.1176,2.7647,6.0588,7.5882,3.1176,5.4706,2.7647,3,5.4118,2.8824,2.4118,3.8824,5.2353,4.9412,1.5882,3.1765,3.2353,2.4118,1.3529,1.2353,1.4118,4.7059,1.5882,1.4118,1.2353,1.4118,2.7059,3.2353,1.4118,2.8235,2.7059,1.5882,2.4118,2.7647,1.1765,2.1765,2.8235,11.3529,12.0588,10.9412,11,10.6471,15.4706,12.5294,7.9412,12.5294,10.5882,10.5882,12.8235,12.4118,9.4118,9.8235,12.3529,12.2941,7.1765,10.2941,10.1176,7.4118,7.4706,8.1765,10.0588,5.2941,9.2941,13.7059,5.9412,8.4706,5.1765,6.1176,9.1765,6,4.5882,6.2353,7.7647,7.3529,4.0588,5.8235,6.2353,4.8235,3.2941,4.2353,4.1765,3.4118,3.6471,4.0588,5.4118,3.8824,3.8235,3.4706,4.2353,4.3529,3.1765,4,5.1765,4.4706,2.0588,2.4706,4.1176,2.4706,2.5882,2.8824,2.6471,2.2941,2.5294,2.6471,2.2941,4.5882,1.9412,2.6471,2.6471,2.7059,1.5294,2.0588,2.9412,2.5294,1.4118,2.5294,2.2353,4.7059,3.4706,3.4706,3.5294,5.0588,4,3.6471,3.7059,3.6471,8.4118,7.2941,3.5882,7.0588,5,3.2941,4.6471,4.7647,3.6471,5.0588,7.8235,12.2353,9.2353,8.2353,7.5294,11.3529,10.7647,9.1176,6.1765,8.8824,15.7647,21,9.9412,17.9412,13.2941,7.4706,10.5294,11.4118,8.3529,11.4706,15.5882,5.3529,6.9412,5.7647,5.5294,3.7059,6.3529,6.5882,4.9412,5.8824,3.5294,3.6471,9.2353,5.5882,2.9412,3.4706,5.7647,5.4706,2.2353,4.3529,4.3529,3.7059,3.4118,2.8824,1.8824,3.3529,3.5294,2.2353,1.8824,2.8235,4,4.4118,2.9412,6.7059,3.5882,2.9412,2.9412,3.5294,2.7647,3.5294,4,2.5294,2.3529,2.8824,2,4.7647,2.8235,2.4118,1.7647,3.7059,4.1176,5,2.4706,4.7647,7.6471,1.6471,2.6471,2.7059,4.1765,6.6471,3.6471,6.0588,5.2353,4.7059,5.2941,4.0588,6.4118,5.7647,3.9412,5.1765,5.4118,4.7647,5.3529,5,3.4118,13.5294,6.2353,6.0588,2.2353,4.4118,5.6471,18.7059,14.6471,17.1765,16.6471,13.2941,17.1176,16.5882,13.6471,16.5294,12.7647,13.9412,18.1765,14.5294,10.4118,16,23.5882,17.7647,9.0588,11.7647,14.5882,8.8824,7.4118,8.2941,7.6471,9.0588,8,8.7647,7.1176,8.3529,7.1765,7.2941,8.5294,7.6471,5.7647,6.1765,10.5294,13.1765,4.9412,6.7647,7.4706,0.5882,0.6471,0.5882,0.6471,0.9412,0.7059,0.6471,0.5294,0.7647,0.8824,0.7647,0.8235,0.6471,1.1176,0.6471,0.8824,0.8235,2.4706,1.3529,0.6471,6.2941,5.6471,5.6471,4.4706,5.7059,6.7059,5.6471,4.0588,8.6471,6.2353,7.5294,6.4118,7.8235,9.9412,4.6471,5.8824,5.1765,5.5294,13.0588,6.6471,9.8824,7.1765,6.1765,5.5882,8.9412,8.0588,7.2941,4.7059,7.3529,13.1176,12.1176,7.4118,11.3529,10.2353,6.8824,8.1176,8.7059,6.1765,8.4706,14.9412
0-211.txt_391,19.6875,10.75,9.1875,8.4375,10.8125,12.1875,10.8125,10.9375,8.8125,11.0625,11,11.25,10.5,8.4375,11.125,13.6875,11.875,7.8125,9.4375,12.3125,7.0625,14.4375,7.875,6.875,4.3125,9.375,8.5625,4.6875,8.0625,5.375,5.5,10.6875,6.5625,5.125,4.8125,7.8125,6.875,3.75,6.3125,5.8125,5.8125,5.3125,12.25,7.0625,3.9375,5.9375,5.625,5.8125,6,3.625,3.4375,5.5,4.3125,3.0625,4.1875,6.9375,5.9375,2.375,4.0625,4.0625,3.75,3.4375,4.9375,7.6875,2.9375,4.5625,4.9375,3.375,3.875,2.0625,2.125,3.6875,2.625,2.3125,3.4375,4.6875,3.9375,1.5,2.5,2.5,3.9375,2.5,2.875,2.25,8.9375,2.3125,2.0625,2.75,2.375,3.375,3.1875,2.5,3.0625,2.75,2.6875,4.25,3.875,2.5,3.5,3.375,6.0625,7.0625,6.75,6.375,4.125,11.875,8.4375,5.375,7.5625,4.5625,4.5625,7.5625,6,4.25,5.6875,7.25,6,4.125,5.8125,5,2.875,3.5625,3.1875,3.4375,1.3125,4.125,5.75,2.5,3.1875,1.3125,1.4375,3.5,2,1.375,2.6875,3.75,2.75,1.4375,1.9375,1.875,3.9375,2.9375,3.6875,3.4375,2.5625,3.0625,3.125,7.3125,2.8125,1.875,1.6875,3.5,2.3125,2.0625,2.6875,4.0625,2.9375,2.4375,2.125,2.375,2.5625,3,3,2.9375,1.375,3.375,3.3125,2.0625,5.875,1.5625,1.75,2.5,2,1.875,1.8125,2.875,2.4375,1.4375,2.75,1.75,3.8125,2.9375,3.0625,2.625,3.125,3.0625,3.375,2.375,3,7.375,5.625,2.8125,5.3125,5.125,2.5625,3.625,4.5,2.4375,3.5,5.875,13.1875,10.4375,9.125,7,11.4375,10.75,9.0625,6.9375,10.625,20.75,26.25,9.625,21,16.9375,8.3125,11.3125,14.5,11.375,13.875,19,5.25,7.8125,5.875,5.6875,3,7.0625,7,4.625,5.375,3.625,4.3125,10.125,4.5625,3.5,5.875,6,5.5,3.125,4.3125,4.125,2.75,2.6875,2.3125,2.0625,2.5,3.25,2.5625,1.625,2.25,4.125,4.75,2.625,6.75,3.1875,2.5625,2.75,3.375,2.875,2.625,3.75,3.125,3.125,2.5,2,3.1875,2.875,2.6875,2.5,3.875,5.875,6.75,2.625,5.4375,10.5625,2.6875,3.125,3.5,5.25,7.9375,4.9375,10.75,8.4375,9.5625,9.75,6.5,9.5,10.125,8.5625,7.8125,6.9375,7.1875,10.5625,7.375,6.1875,26.0625,11.5625,10.875,4.9375,6.6875,7.5,22.875,17.1875,20.875,17.125,16.125,19.0625,18.5625,18.875,16.6875,13.5625,12.875,18.75,16.0625,12.625,17.3125,31.75,22.9375,10.9375,14.875,14.9375,10.125,7.875,9.125,7.3125,8.1875,9.5625,8.5,7,7.8125,8.5,7.9375,8.625,8.5625,6.1875,9,11.75,15.5625,5.25,6.8125,9.4375,0.75,0.5,0.3125,0.3125,0.5625,0.5,0.5,0.4375,0.6875,1.0625,1.25,0.5,0.875,1.5,0.375,0.5625,0.5625,2.75,1.75,0.8125,4.875,5.125,4.5,3.625,3.8125,5.4375,4.75,3.25,6.875,5.6875,5.8125,4.8125,5.75,8.375,3.5,4.8125,4.6875,7.625,12,5.4375,10.375,7.375,7.4375,6.375,9.1875,8.0625,7.75,6.1875,6.125,13.0625,12.0625,7.4375,11.5625,8.3125,6.75,9.5,12,5.4375,8.1875,16.125
0-211.txt_393,10.4737,5.6316,5.6842,5.1053,7.1579,6.7895,6.5789,5.6842,5.8421,5.8947,6.9474,6.1053,6.2105,5.0526,5,7.6316,7.4211,3.9474,5.5789,6.7895,6.0526,9.9474,5.7895,6.3684,4.6842,7.4211,6.4211,4.9474,7.2632,4.4211,5.2632,8,5.1579,4.5789,4.2105,5.9474,5.9474,5.4211,6.4737,4.9474,4.3158,4.5263,6.8421,5.0526,3.0526,5.7895,5.1053,3.6842,6.5789,3.6316,3.3158,5.3158,3.7368,3.6842,3.6316,5.3684,5.1053,2.6316,4.6842,3.7895,4.6842,5.1579,6.1579,9.1053,2.4737,5.6316,7.1579,4.3684,4.9474,3.3684,2.9474,6.3684,3.6316,3.1579,4.3158,5.7368,5.1579,2.8421,4.1053,3.7368,3.2632,2.3158,2.3158,1.8947,5.5789,2.1053,1.8947,1.8947,2.5789,2.0526,1.7895,2.0526,1.8947,2.2632,1.4737,3,2.6842,1.1579,1.8947,2.3684,3.0526,3.8421,3.5789,4,2.3158,5.8421,4.8947,2.6842,4.3684,3,3.0526,4.2632,3.4737,1.9474,2.3158,4.1053,3.9474,1.5789,3.0526,3.2632,8.8421,10.2105,10.7895,11.7895,5.7895,12.1053,15.6842,7.0526,9.8947,7,6.8421,12,8,5.7368,7.6842,9.8947,9,4.5789,7.2632,7.4211,2.3158,2.1579,2.7895,2.4211,1.5789,2.3684,2.6842,3.2105,2.3684,2.2105,2,2.3684,2.3158,2.3158,1.9474,2.3158,2.1053,1.3158,2.0526,1.9474,1.8421,2.6842,2.7895,2.9474,1.4211,3.0526,2.7895,1.3158,4.2105,1.3684,1.4211,2.7368,2.2632,1.6842,2.1053,2.3158,1.6842,2.0526,2.3684,1.7368,4.1579,3.1579,2.9474,2.3684,4.5789,3.2105,2.8421,2.1579,3.4737,7,6.2105,3.1579,5.5789,3.9474,2.6316,3.7368,4.4737,3.6316,3.5789,6.3158,11.9474,10.8421,9.1053,7.7895,12.3158,11.5789,10.0526,6.6842,11.5263,17.5263,21.1053,12.2105,19.4211,14.1579,8.6842,11.9474,13.1579,9.2632,12.8421,16.4211,7.4737,10.7368,8.6842,8.2632,4.3684,10.7368,9.2632,5.7368,8,5.2105,6.3158,14.1579,6.8947,5.4737,6.3684,8.2632,8.4211,4.3684,7.7368,6,3.6316,3.3158,3,2.5789,3.6842,3.1053,3.1579,2.7895,2.5789,5.1053,5.1053,3.5789,6.2632,4.1579,2.5263,3.7895,4.2105,3.3684,3.3158,4.6316,3.1579,2.6316,2.6842,2.4737,3.7895,2.9474,2.4211,2.0526,3.8947,5.4737,5.8947,2.1053,5.4211,8.7895,2.1053,3.1579,3.3158,4.7895,7.3684,4.6316,5.0526,5.0526,4.3158,4.5263,4.3158,5.2105,4.7368,4.3684,4.6842,4.3158,4.9474,5.3158,4.8947,4.2632,9.5789,5.0526,4.5263,3.5789,5.2105,4.7368,7.6842,7.3158,7.6316,6.7368,6.2105,7.8421,8.8947,5.6842,7.6316,5.7368,6.0526,8.7895,6.1579,5.1053,7.1579,11.1579,9.1579,4.0526,6.2632,6.8421,4.6842,3.7368,3.7368,3.8421,3.5789,4.2105,4.0526,3.5263,4.1053,4.1053,3.8421,4.3158,4.2105,3.2632,3.4211,4.8947,6.4737,2.1053,3.2105,4,0.4737,0.4737,0.4211,0.4211,0.4211,0.5263,0.6842,0.4211,0.4737,0.4737,0.5789,0.4737,0.9474,0.6842,0.3684,0.6316,0.5263,1.7895,0.7368,0.4737,3.8421,3.6316,4.4211,3.5263,4.7368,3.7368,3.3684,3.1579,6.5263,5.1579,5.3158,3.7368,5.2632,7.3684,2.4737,4.3158,4.3684,5.7895,9.2632,4.2105,5.2105,3.8947,3.4211,2.7895,4.6842,3.8947,3.6842,3.2632,4.3158,6.4211,5.5263,3.8421,5.5789,5.5263,3.7368,4.2632,5.0526,3.5263,5.0526,7.6842
0-211.txt_395,14.9375,8.6875,9.125,8.5,9.4375,9.5,9.875,8.25,9.75,8.375,9.125,9.75,9.1875,6.125,7.4375,11.8125,10.9375,5.875,7.3125,9.6875,4.375,7.75,3.6875,4.4375,2.4375,5.3125,5.25,2.625,4.0625,2.875,3.375,6.5,3.5625,2.3125,4.5625,4.6875,4,2,3,3.125,6.4375,6.25,11.1875,8.25,4.0625,7.4375,7.5,5.625,6.5,4.875,4.8125,8.125,5.75,4,6,7.375,7.375,2.1875,4.25,5.8125,5,5.9375,7.3125,10.875,3.5,6.6875,8.4375,4.375,6.5,2.9375,3.125,6.75,3.5625,2.4375,6.1875,6.6875,5.625,2.625,3.5,3.6875,2.625,2.6875,2.3125,1.9375,3.4375,2.4375,1.9375,1.5625,2.6875,2.125,2.3125,1.9375,2.1875,2.0625,1.9375,2.5,2.25,1.75,2.9375,2.5625,5,6.0625,5.4375,6.4375,4.5,8.875,8.0625,4.125,5.9375,4.5,4.5625,7,5.25,3.5625,4.75,6.4375,5.625,2.75,4.75,4.1875,7.4375,8.875,8.5625,11.875,5.5625,10.4375,14.3125,5.8125,8.6875,5.9375,6.4375,10.3125,6.125,4.75,8.375,9.625,8.5,4,6,6.375,4.375,3.375,3.4375,2.8125,3.25,3.9375,3,5.5625,3.5,2.6875,3.25,4.0625,3.875,2.1875,3.875,4.375,3.5,1.25,2.5,3.25,3.0625,3.1875,2.75,2.4375,2.3125,3.875,3.25,2.75,4.875,2.3125,2.4375,3.8125,2.875,1.6875,1.75,3.25,2.8125,1.1875,2.75,2.625,6.4375,3.625,3.3125,3.5,6.625,4.0625,3.4375,2.375,4,12.25,10.375,4.0625,9.25,7.8125,3.125,4.875,6,3.875,6.375,10.0625,11.625,9.125,6.875,6,12.9375,9.625,7.875,4.875,8.875,18.6875,23.3125,9.25,19.5625,15.4375,8.125,10,11.5,8.4375,12.4375,17.1875,8.5625,13.125,9.8125,9.5625,6,11.8125,11.875,6.375,9.25,6.8125,6.75,16.6875,7.75,5.125,8.25,10.4375,9.4375,5.125,7.1875,8.0625,3.8125,2.625,2.8125,2,3.4375,2.9375,2.375,1.8125,3.25,4.8125,6.125,2.4375,8.125,5.5625,2.875,3.375,3.4375,3,5.375,5.25,2.4375,2.4375,2.875,2.0625,2.9375,2.5625,2.1875,1.875,3.0625,3.25,3.625,2.25,3.6875,5.9375,1.5625,2.9375,2.75,4.125,5.8125,3.0625,4.25,4.5,3.875,3.9375,2.6875,4.5625,4.75,2.75,3.625,3.6875,3.6875,4.6875,3.625,2.25,8.6875,4.3125,4,2.375,2.4375,3.5625,11.5625,7.5,8.75,8.5625,9.375,9.0625,8.5,7.5625,9.25,8.125,7.125,8.625,7.375,5.5625,7.9375,13.75,11.9375,3.4375,6.3125,8.375,6.0625,4.125,5.25,3.875,5.625,5.125,4.8125,3.5,4.6875,5.3125,4.9375,4.375,5.25,3.5625,4.1875,6.375,7.875,2.625,3.9375,5.6875,2.5625,3.1875,2.8125,1.9375,2.875,2.6875,3.0625,1.4375,4.375,3.25,3.5625,2.4375,2.9375,5.25,2.1875,3,2.5,4.375,6.4375,2.875,7.875,7,6.5625,6.75,8.25,8.1875,7.0625,4.4375,6.8125,10.75,9.375,7.25,10.0625,7.625,5,8,9.625,5.875,6.5625,12.125,0,0,0,0,0,0,0,0,0,0,0,0,0,0,0,0,0,0,0,0
0-211.txt_397,12,6.8824,7.5294,6.9412,7.9412,7.5294,8,7.1765,7.1176,6.3529,6.7059,7.8235,7.5882,6.0588,6,10.2353,8.7059,4.4118,6.8824,7.5294,3.7059,8.5294,4,4.3529,2.2353,5.2941,5.1765,2.8235,5.8824,3.1765,4.3529,6.1176,3.9412,3.9412,3.2353,3.7647,3.8235,3.8235,4.5882,3.7647,6.2941,6.0588,10.3529,7.4706,3.6471,6.7647,7.4706,5.5882,6.5882,4.5294,4.0588,7.2353,5.0588,4,4.5294,7.0588,6.5294,4,5.4118,5.1765,6.1765,6.8824,8,11.9412,4,7.8824,8.7059,4.5882,6.8235,4.1176,4.4118,8.3529,5.1176,4.3529,5.2941,7.0588,6.0588,2.7059,4.5882,3.8824,1.9412,1,0.8824,0.7059,3.3529,1.1765,0.9412,1.4118,1.2941,1.5294,1.5882,1.2941,1.2353,1.4118,0.7647,1.7647,1.3529,0.8235,1.5294,1.4118,4.8824,5,4.8235,5,2.9412,8.1176,6.6471,3.7647,5.7647,3.5294,4,5.7647,5.6471,2.7059,4.2353,6.1765,5.4118,3,3.7647,3.9412,11.5294,12.5294,11.7647,13.8824,7.8824,15.1176,20.4706,8.0588,12.1176,7.7647,7.8824,14.7059,9.2353,7.5294,10.2353,13.2353,11.2353,6.5882,9.4118,9.0588,2.2353,2.4118,2.3529,2.1765,1.4706,2.3529,2.1765,3.7059,2.4706,1.5882,1.4706,2.1176,1.7059,1.6471,1.9412,2.1765,2.0588,1.5294,1.7647,1.6471,2.2353,2.0588,2.3529,1.8824,1.2941,2.6471,2.5294,1.6471,3.5882,2.1176,2.1765,2.1176,1.8235,1.4118,2,2,2.8235,1.3529,1.6471,2.1765,6.8235,5.5882,4.1176,4.2941,7.9412,5.6471,5.3529,3.2941,5.1176,12.3529,10.1176,5.7647,9.8824,6.9412,4.7059,5.8235,6.8824,4,6.5294,10.8824,10,9.5882,7.4706,5.8235,10.1765,9.1765,7.2941,6.2353,8.4118,15.5882,19.8824,8.7059,15.5882,11.6471,6.5882,9.9412,10.4706,7.2941,10.7059,13.8235,12.4118,17.4118,13.7059,13.5294,7,15.9412,16.0588,9,12.5882,8.2941,9.4706,22.5294,10.8235,7.4706,10,13.5294,13.5882,8,11.2941,9.7059,1.6471,2.1176,1.9412,1.5294,1.4118,2.0588,1.6471,1.4706,2,1.7647,2.1765,2.2353,3.1765,1.4118,1.9412,2,1.8824,0.9412,1.8235,2,3.5294,3.2941,2.8235,1.8824,4.7647,3.5882,2.9412,2,4.1176,5.9412,6.5882,2.8235,6.5294,8.9412,1.9412,3.0588,3.6471,5.3529,7.2353,5.0588,4.5294,4.1765,3.5882,3.8235,3.6471,4.4706,4.0588,3.6471,4.3529,4.4118,4.0588,4.2353,4.1765,4.1176,9.6471,5.2353,4.4118,3.6471,4.6471,4.1765,9.5294,9.4118,10.5882,10.1176,7,10.6471,10.8235,7.2941,9.5294,8,8.1765,10.2353,8.5294,6.3529,6.9412,14.5882,11.7059,4.4706,8.9412,9.4118,10.5294,8.2353,8.5294,8.5882,9.0588,8.7647,8.9412,6.1176,7.2941,7.2941,8,8.4118,7.9412,5,6.9412,11.1176,13.8235,4.2353,6.2941,8.7647,4.7059,5.4706,4.7059,3.6471,3.4706,5,4.5294,3.1765,6.5294,4.7647,5.8235,5.8235,5.1765,7.1765,3.7059,4.5882,4.7647,4.7059,9.3529,5.0588,5.7647,4.2941,3.7059,3.9412,5.2353,4.4118,4.1765,3.6471,4.0588,7.1765,6.0588,4.5294,5.7647,5.7647,3.4118,4.8824,5.8824,2.8235,4.3529,7.5294,0,0,0,0,0,0,0,0,0,0,0,0,0,0,0,0,0,0,0,0
0-211.txt_399,54.75,28.4375,23.5,22.6875,33.1875,29.625,27.6875,32.125,22.8125,28.8125,29,28.4375,28.875,22.8125,27.3125,40,34.8125,16.625,22.8125,33.75,22.375,48.5,26.625,18.8125,13.25,30.5,26.625,17.875,26.125,14.3125,18.6875,34.9375,22.1875,14.3125,17.375,23.875,23,12.9375,17.5,17.9375,10,12.6875,24.0625,14.4375,6.875,12.8125,12.5625,11,13.375,7.125,7.6875,12.25,9.125,7.1875,8.3125,14.9375,13.25,5.375,8.8125,7.4375,10.4375,10.8125,18.0625,29.875,7.5625,15.3125,18.5,12.3125,12.375,7.75,5.75,13,7.6875,7.625,12.4375,15.125,12.6875,5.0625,8.25,7.625,5,3,2.5625,2.5,11.5625,2.9375,2,3.1875,2.8125,4.25,4.1875,2.9375,4.0625,3.5,2.5625,4.0625,4.0625,3.1875,3.3125,4.3125,7.75,10.0625,8.625,8.625,4.75,16.25,11.5,6.125,8.9375,4.8125,6.0625,10.0625,8.8125,4.4375,7.1875,8.625,7.3125,5.4375,7.4375,5.9375,16.5625,20.5625,20.6875,23.6875,6.9375,26.1875,36.0625,13.25,20.9375,10.4375,10.5,24.125,13.6875,10,16.3125,20.125,17.25,10.125,13.625,13.3125,21.4375,15.5,22.125,19.1875,14.1875,15.5,15.6875,41.9375,15.4375,8.5625,8.625,15.5,12.0625,11.0625,14.9375,22.25,15.375,14.0625,11.4375,11.5,7,10.5625,11.625,8.9375,5.125,10.5,9.9375,6.625,21.3125,4.8125,4.875,8.6875,6.625,8.0625,6.5625,9,7.25,6.25,13.1875,4.9375,9.0625,5.4375,5.1875,5,9.375,5.3125,5.25,4,5.4375,17.5625,14.25,5.375,12.4375,11.3125,5.125,7.1875,9,6.125,9.75,16.1875,27.125,22.25,17.25,13.875,25.375,21.625,16.875,11.9375,18.5,42,52.875,21.4375,41.6875,33.9375,17.5625,22.375,26.4375,21.125,28.5,36.875,7.9375,12.4375,9.0625,7.9375,4.4375,10.8125,10.75,6,7.8125,4.6875,5.9375,15.1875,7.25,4.75,7.1875,9.3125,8,4.25,6.0625,6.1875,6,6,5.3125,4.1875,6.25,7.125,5.375,3.625,4.875,9.3125,10.6875,6,14.5,7.375,4.5625,5.875,6.3125,5.6875,6.25,8.875,8.875,6.9375,7.125,6.3125,9.125,7.1875,6.6875,6.6875,10.75,14.0625,14.5,6.6875,13.6875,26.25,4.5,8.9375,9.75,15.8125,20.0625,11.8125,21.25,16.9375,16.9375,20.1875,12.8125,20.0625,21.25,15.75,16.625,13.4375,13.1875,21.1875,16.6875,9.375,53.3125,21.8125,21.5,8.5625,13.375,16.9375,45.4375,33.625,43.5625,38.125,31.625,38.125,38.125,38.3125,33.1875,26.25,26.5,38.75,32.5,25.0625,32,63.875,45,18.8125,26.5,27.0625,18.3125,15.125,18.375,15.625,16.0625,16.1875,15.75,12.4375,12.4375,16.125,15.1875,15.75,15.4375,11.8125,15.4375,21.75,32.625,11.375,12.5,18.625,0.9375,0.9375,0.625,0.625,1.25,1.25,0.9375,1.25,1.25,0.9375,1.25,0.9375,1.5625,2.1875,0.625,0.9375,1.25,5,2.5,0.9375,6.4375,7,6.5625,4.8125,6.6875,8.375,6.875,4.5625,12.5625,7.75,8.125,6.9375,8.125,13.5625,5.25,6.625,6.75,11.6875,20.0625,7.6875,21.0625,14.125,11,10.375,16.6875,14.625,13.75,10,12.1875,31.125,26.4375,14.6875,24.5625,18.6875,14.125,15.125,21.3125,11.5,18.6875,35.375
0-211.txt_401,9.8889,5.2222,5.0556,5.4444,8.6667,5.7778,5.9444,5.3889,5.5,5.8333,5.7222,5.5556,6.2222,5.3889,4.7222,7.5,6.5556,5.0556,5.7778,6.3333,4.8333,9.3333,5.8889,5.4444,4.0556,6.9444,5.8889,3.8889,6.0556,4,4.0556,8.0556,5.1111,4.0556,4.6667,5.7222,5.5,4.3333,5.1111,4.1667,16.5556,21.1111,36,23.5,14.1111,21.5,21.0556,19.8333,24.1667,12.7778,12.9444,21.5556,16,13.2778,16.0556,23.5,20.1111,10.3333,15.9444,13.1111,10.8889,12.1667,16,24.6667,8.4444,14.9444,16.7778,11.1111,13.1667,7.8889,7.0556,13.6667,8.5,8.1667,11.8333,14.7778,13,6.3889,8.8333,8.4444,3.5556,2,2,1.5556,5.1667,2.2222,1.7222,2.2222,1.7222,3.1667,3.5556,1.9444,3.5556,3,2.1667,3.2222,3.2778,2.1667,2.8333,3,13.3889,16.8333,14.4444,14.1111,8.6111,23.5556,18.2222,10.5,15.3889,8.6111,10.6667,16.5556,12.7778,8.2778,11.8333,15.7778,13.4444,8.8333,11.6667,11,11.6667,13.2778,13.7778,16.5,6.5556,16.8333,23.2778,8.8333,13.6667,7.9444,8.9444,15.6111,9.5556,7.6111,11.2778,13.3889,12.3333,7.5,9.6667,9.2778,6.7222,4.8889,6.5,5.3333,4.8333,4.7222,4.6667,11.5556,5.1111,3.5556,3.2222,5.2222,4.1111,3.7222,4.2778,6.7222,4.8889,4.0556,3.9444,4.2778,6.7222,7.6111,8.8889,6.3889,5.8889,8.5556,7.8889,5.3889,14,5.6667,5.8333,7.2778,6.3333,6.5556,6.1111,7.6111,6.5,5.1667,9.1667,6,17.4444,12.3889,11.6111,11.5,18.2778,12.6667,11.8333,9.2222,12.7222,31.0556,26.2222,12.6111,23.6111,20.2778,11.8889,15.3889,17.6667,12.8333,17.1667,27.8333,20.8889,16.5,13.8889,11.0556,19.8889,17.2778,14.0556,10.6667,15.9444,28.8333,35.8889,16.6667,29.7778,23.8333,12.9444,17.1667,19.5,14.1667,19.7778,26.8889,11.8889,17.2222,14.2222,12.2778,8.9444,15.9444,15.7222,10.2222,13.2222,9.8889,10.9444,20.9444,12.6667,8.8889,11.3889,13.8889,13,8.7778,10.8333,10.2778,2.8889,2.9444,2.6667,2.2222,3.3889,3.5556,2.8333,2.5556,2.7778,4.1111,4.4444,3,6.2222,3.7778,2.2778,2.7778,3.2222,3.4444,3.8333,3.8889,7.3333,6.2222,6.1111,6.3333,7.2778,6.5556,5.7222,5.4444,7.9444,9.3333,9.2778,6.4444,8.8333,14.5,5.2222,7.2222,6.9444,9.2222,11.8889,7.9444,11.6111,10.4444,9.5556,10.7222,8.5,11.8333,11.4444,9.1111,10.0556,8.2778,8.5,12.3333,9.1111,6.1667,24.3889,11.6667,11.6111,6.2222,8.3333,9.6111,35.1667,29.3333,34.2778,31.2222,27.1667,31.1667,32.4444,29.3333,28.3889,23.6111,23.2222,32.6111,26.3889,22.6111,25.7222,46.1667,35,18,23.5,24.7778,17.7222,14.9444,17,14.7778,15.5556,15.8889,16.1667,13.3333,15.3333,14.1111,14.5556,15.9444,14.6111,12.1111,14.1667,19.6111,25.9444,11.2778,13.2222,16.3333,0.6667,0.5,0.6667,0.3889,1,0.5556,0.6667,0.7778,0.9444,0.8333,1.1111,0.5556,0.8333,1.7778,0.7222,0.8889,0.9444,2.2778,1.5,0.8333,6.1667,6.2778,5.9444,5,6.2778,7.1667,6.2222,4.5,8.9444,7.6667,7.6667,6.6111,7.9444,11.2222,5.0556,6.3889,6.6111,8.8889,15.3333,7.1667,6.6111,5.3333,4.3889,3.9444,6.2778,5,5.4444,3.8889,5.8889,9,8.7222,5.6111,7.9444,7.2778,4.7778,5.2222,6.3333,4.6111,7.1111,10.0556
0-211.txt_403,9.4706,5.4118,4.5882,4.2941,7.0588,6.1765,5.0588,5.2941,4.4706,5.4706,5.3529,6.0588,5.2353,3.3529,6,6.8235,5.6471,1.7059,3.2941,6,3.2353,6.8824,3.6471,3.2941,1.7059,4.7059,4.1765,2.2941,4.3529,2.2353,2.8235,5.1765,2.9412,2.1176,2.5294,3.7647,3.5882,1.7059,2.5294,2.6471,6.5882,6.8824,10.9412,7.9412,4.6471,7.5882,7.4706,6,6.1176,4.2353,4.1765,7.6471,5.0588,3.5882,6.4706,7.5882,7.1176,1.9412,4.4706,4.6471,4.3529,4.4706,6.7647,8.9412,2.4118,6.0588,6.7647,3.5294,5.5882,2.7059,2.6471,5.8235,3.4706,2.5294,4.7059,5.7059,5.1765,2,2.4706,3.5294,3.6471,2.4118,2.2941,1.7059,5.5294,2.3529,2.5294,2.2941,2.4706,3.3529,3.5882,2.5294,3.1765,2.2353,2.2353,3.3529,3.0588,1.4706,2.6471,3.8235,5.7059,7.1765,6.8235,7.1176,4,9.9412,7.4706,4.9412,6.7647,4.2941,4.1765,8.5882,5.1765,3.4118,5.2353,6.6471,6.1176,3.0588,4.6471,5,10.5294,12.1765,11.4118,15.7647,7.3529,13.4118,19,8.4706,11.0588,8.2353,7.7647,12.9412,7.8235,5.5294,11.5882,13.2353,10.2941,4.1765,6.4706,10.1765,5.6471,4.8235,5.2353,4.2353,4.1765,4.5882,4.9412,6.2941,5.4118,2.8824,2.7059,5.2353,3,2.7059,3.3529,5.4118,4.8235,1.2941,3.5294,3.2353,3.4706,4,3.7059,2.6471,3.4706,4,3.4706,2.8824,5.7059,2.5882,2.9412,4.3529,3.4118,3.3529,2.4118,3.6471,3.1765,2.1765,3.9412,2.4118,8.4118,6.6471,5.9412,4.9412,7.6471,7.3529,6.9412,3.8824,6.4118,14,10.1176,7,9.8824,8.3529,5.7647,7.4706,8.9412,4.2941,6.8235,12.5294,10.2353,8.5882,6.6471,5.3529,12.8824,8.9412,6.8824,5.2941,9.9412,16.0588,21.4706,8.0588,17.1176,13.9412,6.7647,9.1765,10.9412,6.6471,11.3529,15.5882,4.9412,7.4118,6.4118,5.1176,2.8235,6.8824,6.8235,3.7059,6,2.8824,3.5294,9.1176,4.2941,2.7647,3.8235,5.8824,4.5882,2.7059,3.3529,4.1176,3.8235,3.5294,2.5882,2.5294,3.3529,3.8824,2.9412,1.8235,2.7647,5,6.0588,3.3529,8.0588,3.8235,2.5882,3.3529,3.8824,2.7647,3.7647,4.6471,3.0588,2.7647,3.1176,2.2353,3.8235,3.1176,2.8235,2.1176,4.2353,3.8824,4.8235,3,4.5294,7.7647,3.7059,3.5882,3.0588,3.7647,5.7647,3.7647,5.1176,4.1765,4.1176,3.7059,2.5882,4.5294,4.5294,3.1765,4.7059,4.1765,3.4118,5.0588,3.3529,2.5882,9.5294,5.1765,4.5294,2.0588,2.9412,4.5294,15.6471,12.6471,13.7059,13.7059,11.2353,14.8235,13.9412,11.5882,12.5882,10.4118,9.7647,15.4706,11.0588,8.7647,14,19.5882,15.5882,6.2353,8.8824,11.7059,4.5882,3.1765,3.2941,3.5882,5.0588,3.3529,3.9412,2.9412,4.5294,3.7059,3.9412,3.4118,3.4706,3,3.1176,5.8824,6.2941,2.2941,2.5294,3.5882,2.2353,1.7059,2.3529,1.5294,2.3529,1.8824,2.0588,1.8235,2.0588,2.2353,2.4706,1.8235,1.7059,2.7059,2.4118,2.4118,2.0588,4.8824,2.9412,2.4706,4.8235,5,4.8235,4.6471,4.6471,5.0588,5.1765,3.1176,6.1765,5.8824,6,5.4118,5.4706,7.2941,3.4706,4.7647,5.0588,4.8824,9.5882,5.9412,11,6.8235,6.7647,6.4706,9.1176,7.4706,7.1176,5.0588,6.5294,10.6471,11.2941,8.0588,10.8235,8.1765,6.1765,9.1765,9.8235,4.4118,7.5882,13.0588
0-211.txt_405,7,3.4211,3,2.6842,5.4211,3.3684,3.4211,3.3158,3.7895,5.2105,4.8947,3.6842,4.2105,3.4737,3.2105,5.1053,5.4211,2.5789,3.4737,5.6842,2.3684,5.0526,2.6316,2.6316,1.8421,3.3684,3.7368,1.7895,2.7895,2.1579,2.3684,3.6842,2.5263,2,2.1053,2.5263,2.5789,2,2.5263,2.2105,4.1053,5.4737,5.7368,4.6316,3.1053,4.9474,5.1053,3.6316,5.2632,3,3.1579,5.2632,3.8947,2.6842,2.8947,5.1579,4.4211,2.6316,3.7368,3.2105,3.9474,5,5.8947,8.0526,3.7368,5.2632,5.7895,3.3684,6.3158,2.8947,3.5263,5.0526,3.5789,3.4211,3.2632,5.4211,4.4211,2.8947,3.7895,3.4737,4.3158,2.8947,2.9474,2.7895,5.4211,3.1053,3.1579,2.5263,3.1053,2.6316,2.7895,2.8421,2.6842,2.1579,2.4737,4.1053,3.4211,1.3684,2.4737,2.7895,2,2.0526,2.1579,2.3158,1.8947,3.6316,2.5789,1.4211,2.2632,1.7895,2,2.3684,2.8421,1.4737,1.4211,2.1579,2.3684,1.1579,2.4211,1.7895,4.1053,5.5789,5.3158,5.6316,3.6842,7.1579,8.1579,3.8947,5.5789,3.1053,3,6.3684,3.7895,3.2105,3.3684,5.1053,4.7895,2.5789,3.6316,3.0526,3.0526,1.2105,1,0.9474,2.7368,1.1053,1.3158,2.1053,1.6316,1.7368,1.2632,1.1053,1.6842,1.4211,1.0526,2.6842,1.7895,0.9474,1.2632,2.0526,5.1579,4.8421,3.3684,2.8421,6.7368,4.9474,3.9474,3.0526,3.8421,9.2105,8.0526,4.3684,8.2105,6.1053,3.3684,4.7895,5.2632,3.8421,5.6316,7.7895,11.1053,9.9474,8.8947,6.6842,12.3158,10.7368,9.1579,6.3158,11.7368,16.8421,20.7895,9.8947,17.3684,16.0526,6.7895,10.5789,11.8947,9,15,16.1053,4.8947,7.3158,6.4211,6,4.2632,7.3158,6.6842,5,7.0526,4.4737,4.9474,8.7368,5.4737,3.8947,4.4737,5.8421,5.5263,3.6842,5.5789,4.6316,0.9474,0.8947,0.6316,0.6842,0.7895,0.7895,0.7895,0.5263,0.6842,1.8947,2,0.9474,2.4737,1.2105,1.1579,0.7895,0.8947,0.7368,1,1.5789,1.9474,1.5789,1.2105,1.3158,2.7895,1.6316,1.3684,0.9474,2.0526,2.5789,2.8421,1.4737,2.7895,3.9474,1.3158,1.5789,1.6316,1.8947,3.5263,2.3158,3.4211,3.3158,3.1053,3.5789,3.3158,3.4737,3,2.2632,3.8947,3.2105,3.0526,3.1579,3.1053,3.4211,6.1579,3.6316,3.1579,2.2632,3.9474,3,6.4737,5.4737,5.4211,5.5789,4.6842,5.5789,5.9474,5.3158,5.2632,3.5789,4.7368,5.9474,4.5789,3.8947,4.0526,7.9474,7.1053,2.9474,3.9474,4.6316,8.0526,7.2632,8.1053,8,7.3684,8.1053,8.3158,6.3684,8.0526,7.6842,7.8947,8.3684,7.8421,6.8421,7,8.9474,10.3684,4.3684,7,7.9474,0.9474,1.0526,0.8421,1.2632,1.1579,1.2105,1.3158,1,1,1.5263,1.6842,1.2105,1.9474,2.4737,0.8421,1.1579,1.1053,3.6316,1.9474,1.1053,1.4211,1.5263,1.4737,1.3684,1.7368,1.3684,1.3158,0.8421,2.1579,1.3158,1.4211,1.4737,1.6842,2.5263,0.7895,1.5263,1.5263,1.5789,3,1.3684,3.8947,2.1579,2.7895,2.1053,3.6316,2.5789,2.3684,1.6316,2.7895,5.8947,4.7895,2.9474,4.8421,3.6316,3.2632,3,3.9474,3,3.3684,5.6842,0,0,0,0,0,0,0,0,0,0,0,0,0,0,0,0,0,0,0,0
0-211.txt_407,10.875,5.0625,4.75,4.125,7.375,4.75,5,6.0625,4.25,5.875,6,5.375,5.3125,4.5625,5.375,8.25,7.9375,2.5625,4.625,7.1875,4.625,7.4375,4.75,4.5,2.9375,5.375,5.3125,3,4.625,3.4375,3.25,6.375,3.25,2.5625,3.5625,5.0625,4.5625,1.8125,3.3125,3.5625,5,4.4375,7.1875,5.6875,3.375,5.875,5.4375,4.8125,5.75,3.6875,3.1875,5.3125,4.5,3.5625,4.375,5.375,5,2.6875,3.6875,3.375,6.3125,7.5625,8.75,12.8125,4.875,9.4375,9.875,6.625,8.0625,5.5625,5.5,8.5625,6.5625,5.375,6.375,8.5,7.0625,3.5,5.625,6,3.1875,1.6875,2.25,1.9375,5.5,1.9375,1.75,2.125,1.5625,2.5625,2.125,1.8125,2.5625,1.75,2.1875,3.3125,2.9375,1.1875,1.875,2.625,5.5625,6.8125,6.75,6,4.25,9.25,6.6875,4.375,6.9375,4.9375,5.5625,7.25,5.9375,5.125,6.125,6.75,5.9375,4.6875,5.5,5.4375,9.3125,10.1875,10.5625,14.3125,6.25,12.75,18.9375,6.5625,9.875,8.0625,7.125,12.5625,9.125,6.375,8.125,11.5625,8.8125,5,8.5625,8.5,2.875,3.9375,3.5625,3.625,1.9375,3.875,3.5,3.9375,3.5,1.625,2,4.0625,2.375,2.125,2.1875,3.375,2.8125,2.125,2.625,1.75,2,2.9375,2.5625,2.3125,2.25,2.8125,2.625,2.1875,4.4375,1.8125,1.625,3,2.3125,2.25,1.5,2.375,2.125,1.75,2.875,2.0625,6.4375,4.3125,3.5,2.3125,5.5,4.375,3.5625,2.625,4.375,10.125,9.6875,3.9375,8.5625,6.8125,3.5,4.5,5.5,3.625,6.375,8.5,15.25,12.8125,11.625,10.9375,15.1875,13.25,12.875,8,13.625,19.4375,24.875,12.125,20.25,17,10.75,14.4375,15.625,10.9375,13.625,18.875,6.9375,10.5,7.4375,8.6875,4.4375,9.5,9.4375,5,7.625,5.375,5.3125,12.3125,7,4.25,5.375,8.5,6.8125,4.6875,6,5.5,2.125,1.6875,1.5,0.8125,2.5,1.5625,0.9375,1.125,1.75,3,3.25,1.5,4.3125,2.375,0.875,1.6875,1.9375,1.5,2.5,2.5625,3.375,2.75,2.3125,2.625,4.8125,3,2.9375,1.8125,3.125,4.5625,5.6875,2.9375,5.125,8.1875,3.3125,3.1875,3.25,4,6.5625,4.375,5.9375,4.4375,5,4.6875,4.5625,5.4375,5.3125,4.6875,5.1875,4.5625,4.5625,4.9375,4.125,3.375,12.4375,6.8125,5.875,3.1875,4.75,4.875,16.875,14,15.375,16.4375,11.25,15,15.6875,12.0625,14.125,12.3125,10.5,15.75,12.4375,9.375,16.25,23.125,17.5,6.9375,10.1875,13.6875,5.5625,4.5,5.9375,4.875,4,5.75,5.4375,3.25,5.5625,3.6875,3.75,5.1875,4.25,2.6875,3.8125,6.75,7.3125,1.8125,3.4375,4.6875,2.25,2.3125,2.0625,1.8125,2.5,2.125,2.25,2.125,2.5,2.6875,2.375,2.0625,2.75,3.4375,1.8125,2.3125,2.3125,6.3125,3.5,2.5,2.0625,2.1875,2.625,1.75,2.625,2.75,2.375,1.5625,3.5,3.125,3.5625,2.5,3.375,4.6875,1.25,2,2.3125,3.25,5.5,2.8125,8.3125,4.75,4.8125,5.125,8.8125,6.25,6,4.3125,6.75,11.625,11.125,5.375,10.1875,8.125,5.4375,7.4375,7.8125,4.8125,7.5625,12.75
0-211.txt_409,16,10.5294,10.8824,9.8235,9.4706,11.1765,11.0588,9.7647,10.0588,9.4706,10.0588,10.3529,10.2941,8.2941,7.6471,13.4706,11.4706,7.8824,8.9412,10.3529,6.1176,10.9412,6.5294,6.1176,3.7647,8.1176,7.4118,4.5294,6.3529,4.5294,4.6471,9,6.4706,4.1176,3.8824,6.5882,6.4118,4.4706,5,5.3529,0.9412,1.2353,2,2,1,1.2941,1.4706,1.1176,1.3529,0.8235,0.7647,1.1765,0.7647,1.1765,1.2941,1.5294,1.1176,0.5294,1,1.2353,3.5882,4.8824,4.8824,7.1765,2.2941,5.1765,5.7059,2.9412,4.5882,3.3529,2.8824,5.4706,2.5294,2.7647,3.8235,4.3529,3.9412,2.2941,3.7059,2.7647,2.3529,1.7059,1.5294,1.0588,4.4118,1.7059,1.1176,1.2353,1.2941,1.8235,2.2353,1.7059,2.1765,1.4118,1.2353,1.7647,1.8235,0.7059,1.2353,1.9412,2.7059,3.9412,3.7647,3.5882,1.7647,5.5882,4.0588,2.1765,3.8235,1.9412,2.2353,4.4118,2.8824,2.2353,2.5294,3.1765,3.1176,1.9412,2.7647,2.1765,4.5882,5.7647,5.2353,6.7059,3.5882,7,9.4118,4.2353,6,3.5294,4.2941,6.5882,4,3.8235,5.2353,5.5882,5.1765,3.5882,4.5294,4.5882,3.1176,2.4706,3.2353,2.9412,1.6471,3.2353,2.8235,4.0588,2.3529,1.7647,1.7647,3.2941,2.1176,1.3529,3.3529,3.3529,2.4706,1.1765,2.2941,2,1.5294,2.2941,2.5294,1.8235,0.9412,2.2353,2,1,3.8235,1.0588,0.7647,2.3529,1.0588,1.2353,1.8235,1.6471,1.3529,1.1176,2,1.4118,2.7059,1.6471,1.1176,1.2353,3.1765,1.8824,1.5294,1.0588,1.8824,4.5294,3.2353,1.9412,3.0588,2.2941,1.8235,2.1765,2.1176,2.3529,2.5294,3.7059,8.4118,6.9412,6.1765,4.7059,8,6.5882,6.7059,4.8235,6.8235,14.4118,16.4706,6.2353,13.1176,10.7059,5.6471,7.4706,8.7647,5.8235,8.8235,12.7647,2.1765,3.7647,2.7059,2.4118,1.0588,3.6471,3.0588,1.7059,2.5882,1.5294,1.7647,4.7647,2,0.9412,1.7647,2.5882,2.2941,1,1.4118,1.5294,1.8824,1.1765,1.1176,0.9412,1.2353,1.4118,1.2941,1.1176,1.0588,2.1765,2.8824,1.4118,3.8235,1.5882,2.1176,1.6471,1.6471,1.1176,1.2353,2.1765,3.9412,4.4706,4.4118,3.2941,4.0588,4.0588,4,3.1765,5.5294,5.7059,6.7059,4.3529,5.6471,11.1176,3.4118,5.1765,5.4118,5.5882,9.2941,5.1176,3.4706,2.7059,3.4706,3.5294,2,3.4118,3.9412,2.8235,2.5294,2.9412,2.6471,3.1765,2.5294,2.3529,9.3529,4.1176,3.7647,1.6471,2.5294,2.7059,9.9412,7.4118,8.0588,8.4118,6.2353,8.8824,8.7647,7.4706,7.7647,6.0588,6,8.3529,7.1765,6.3529,7.2941,12.6471,9.1176,3.9412,6,7.4118,6.4118,4.6471,4.7059,4.7059,5.1765,5.2941,5.5882,3.0588,4.5882,5.5294,5.8235,5.2353,5.7059,3.8235,5.1765,6.5882,9.5882,2.4118,4.2941,6.8824,0.5882,0.8235,0.4706,0.3529,0.8824,0.7059,0.4118,0.2941,0.4706,0.7647,1.1176,0.4706,1.0588,1.7059,0.3529,0.6471,0.9412,2.1176,1.2353,0.6471,2.2353,1.8235,1.6471,1.2353,1.2941,2.1765,1.7647,1.4118,4.1176,2.4706,2.5882,2.0588,2.0588,3.5294,1.1176,1.9412,1.9412,3.2941,5.5882,2.1176,8.8235,6.2941,6.5882,5.8235,8.7059,6.6471,7.2353,5.2941,7.0588,12.2941,11.1176,6.2941,10.5882,9,5.6471,7.1765,8.5294,5.7059,9.2353,13.2941
0-211.txt_411,13.0588,6.4118,6.4118,6.1765,10,6.9412,6.8235,7.2941,4.9412,7.7647,6.1765,7.4706,6.6471,4.6471,6.2353,10.1765,8.7059,3.1765,4.7059,8.4118,7.7647,15.7647,8.7059,8.4706,5.8824,11.8824,10.4706,5.0588,10.3529,5.8235,7.2941,12.4706,7.8235,5.5882,7.8235,9.9412,8.7647,4,6.2941,6.8824,10,10.2941,17.1765,12.5294,7.2353,12.1765,12.3529,8.7647,11.8235,8.1176,7.3529,13.1176,7.6471,6.3529,8.9412,12.7059,11.0588,3.8235,7.0588,9.4118,6.9412,8.4118,10.7647,15.6471,5.0588,9.6471,11.2941,6.3529,9.2353,4.7647,5.1765,9,5.8824,4.5294,8.1176,8.7059,8.1176,2.8824,5.8235,5.5882,1.5294,0.4118,0.3529,0.2353,2.1176,0.4706,0.3529,0.7059,0.4118,1.4706,1.1765,0.6471,0.8824,0.5294,0.8824,1.1176,1.0588,0.2353,0.5294,1.6471,9.7059,10.6471,10,9.0588,4.4706,15.2941,11.7647,6.8824,9.1176,6,7.4118,12.5882,8.2941,3.8235,8.7059,9.8824,8.8824,3,5.2941,7.5882,10.7059,12.0588,12.5882,15.5294,5.5882,15.1176,20.8824,7.4706,11.1765,6.3529,6.8235,14.8235,8.7647,4.7059,9.7059,12.5294,11.1176,4.9412,6.7647,7.4118,4.7647,4.8235,5.2353,4.4118,3.5882,4.8235,4.5294,6.4706,3.6471,3,3,4.8824,3,2.8235,3.7059,5.5294,4.4118,2.1176,2.7647,3.4706,3.0588,2.5294,3.0588,2.8235,2.2353,3.4118,3.0588,2.3529,6.1765,1.7059,2.4118,3.1176,2.1765,2.1176,2,3.3529,2.4706,1.4706,3,1.8824,7.9412,4.9412,5.3529,4.5294,6.4118,5.9412,6.1176,4.1176,5.2941,10.3529,9.3529,6.2353,8.8235,6.5294,4.5294,6.7059,7.3529,4.3529,6.3529,9.7059,13.1176,10.5294,8.5294,7.8235,13.8235,13.3529,10.5294,6.2941,11.8235,19.7647,24.4706,11.7647,20.2353,14.2353,8.8824,12.7059,13.9412,8.4118,12.1765,18.2353,8.3529,12.2941,9.7647,8.8824,5.0588,12.1765,11.1176,7.7059,9.6471,5.5294,6.8824,16.2353,8.1765,4.9412,6.7059,9.7647,8.3529,4.5882,6.0588,6.5294,3.8824,2.2941,2.6471,1.6471,4.4706,3.4118,2.3529,1.7059,3.8824,5.5882,6.6471,2.9412,7.6471,6.1176,2,3.1765,3.5882,3.0588,5.1176,5.3529,4.3529,3.8824,4.1176,3.2941,5.1765,4.7647,3.8824,2.5882,6.1176,5.4706,6.1765,3.8235,5.4118,9.9412,3,4.4706,4.3529,6.2941,8.9412,5.6471,8.1765,7,6.5294,5.7059,5.0588,7.3529,7.2941,5.5882,6.8235,5.7059,5.4118,8,5.2941,4.5294,15.4118,8.0588,7.1765,2.9412,5.4706,6.9412,18.0588,13.5294,13.1765,13.0588,11.4118,14.1176,14.4118,11.8824,11.5882,11.9412,11.0588,15.3529,12,8.8235,14.7647,21.1765,17.2353,6.6471,8.4118,14.2941,8.4706,7.4706,8.1176,6.3529,5.9412,8.5294,7.8235,6.1765,6.0588,7.7059,7.2941,9.1765,7.4706,4.8235,7.4118,10.2353,13.1176,3.2941,5.4706,8.5882,0.8824,0.6471,0.9412,1.3529,1.2353,0.6471,0.8824,0.7647,0.8235,1.1765,0.9412,1.1176,1.2353,1.5882,1.1176,1.1176,1.1765,3.2941,1.1765,1.3529,6.0588,5.6471,5.2941,3.6471,6.1765,4.7647,4.8824,3.2941,8.4118,7.2353,7.9412,5.1765,6.8824,9.0588,3.6471,5.4706,6.0588,6.3529,12.4706,7.4118,9.5882,7.1176,7.3529,6.2353,8.4706,7.5882,6.8235,5.6471,6.6471,12.3529,11,8.0588,9.9412,7.8235,7.7647,8.1176,8.7059,3.6471,6.6471,14
0-211.txt_413,7.1333,3.0667,3.6,3.6667,3.5333,3.5333,4.2667,4,3,4.4667,4,3.8,3.8,3.1333,2.6,5.8,4.8667,1.2,3.4667,5.3333,2,4.3333,2.3333,2.3333,1,2.6,2.7333,1.6667,1.7333,1.5333,1.1333,4.2,1.8667,1.8667,1.4667,3.2667,2.9333,0.8,1.7333,1.8667,4.3333,5.2667,6.4667,6.4,2.4,5.0667,5.4,3.4,3.0667,2.8667,2.4,6.8,3.4,2.0667,4.2667,5.5333,4.4667,1.3333,3.6667,2.8,4.4667,4.8667,7.4667,10.7333,1.9333,5.4,8.9333,5.2667,5,2.8667,2,6,2.4,1.9333,4.3333,6.4667,5.7333,0.8,2.4,2.9333,1.5333,1.4667,1.8,2.2667,0.4667,1.8667,2.3333,1.2667,1,0.4667,0.7333,1.6,0.8,0.3333,1.2,2,1.5333,0.3333,0.6,0.9333,8.4,11.0667,11.4667,15.4667,2.8667,11.9333,17.8,6.6,10.3333,6,5.7333,11.8667,6.2667,4.7333,8.4667,11.4667,10.2,2.6667,5.7333,7.4,4.8667,3.2,4.3333,4.8,3,3.4667,4.4,8.2667,2.3333,2.3333,1.7333,3.8667,2.8667,2,2.4,5.3333,4.7333,1.1333,2.2,2.7333,7.0667,4.5333,3.5333,2.4667,7,3.5333,3.9333,2.2,3.2667,13.8,11.8,4.4667,10.6667,9.4667,2.4667,5.7333,7.3333,3.6667,5.9333,11.8667,7.3333,3.3333,3.1333,1.9333,5.2,4.2,3.2,2.6,2.8,12.6,14.5333,3.8667,12.4667,10.2667,3,5.8667,6.6,4.2,7.2667,11.4,7.1333,9.8667,8.2667,9.0667,2.9333,8.6,9.8,6.3333,6.7333,4.3333,3.6667,13.0667,5.6,3.4,4.6667,9.4,8,2.1333,5.7333,5.4667,0.8667,0.4,0.3333,0.2667,0.8667,0.5333,0.5333,0.4667,0.4667,1.9333,1.7333,0.4667,1.9333,1.5333,0.3333,0.6667,0.8,0.6,1.2,1.4667,2.8,1.6667,1.4,1.1333,3.7333,1.7333,1.7333,1.0667,2.8,6.3333,6.5333,1.8,6.6667,9.2,1.5333,2.1333,3,3.9333,5.8,5.3333,2.0667,1.7333,1.8667,2.1333,0.6667,2.1333,3.1333,1.9333,1.6,1.3333,1.3333,2,1.4,1.1333,4.6,2.2667,2.5333,0.4,1.3333,1.4,7.6667,6.2667,6.9333,7.1333,4.6667,5.9333,7.2,5.8667,4.8,5.5333,5.7333,8.4,5.3333,3.3333,4.2667,10.4,8.4,2.2,4.2667,6.2667,4.9333,3.8,4.0667,4.0667,2.7333,3.4,3.9333,3.0667,2.4,4.1333,3.2667,4.3333,3.3333,2.4667,2.1333,5.7333,6,1.3333,2.3333,4.0667,1.8667,2.2667,1.9333,1.4667,1.0667,2.3333,2.0667,1.3333,2.7333,1.8667,2.2,2,2.0667,3.9333,1.6,2.1333,2.2,2.0667,5.6667,2.2667,5.9333,3.5333,3.2667,2.6,5.7333,4.0667,3.6,3.2,2.7333,10.2667,8.4,3.8667,7.4667,5.7333,4.2,4.8,7,2.9333,3.8,11.0667,0,0,0,0,0,0,0,0,0,0,0,0,0,0,0,0,0,0,0,0,0,0,0,0,0,0,0,0,0,0,0,0,0,0,0,0,0,0,0,0,0,0,0,0,0,0,0,0,0,0,0,0,0,0,0,0,0,0,0,0
0-211.txt_415,8.8,3.5333,4.1333,4.0667,5.2667,3.5333,3.7333,5,2.3333,4.8667,4,4.1333,3.7333,3.6667,3.2667,7.0667,5.3333,1.4,2.8,5.9333,5.9333,10.6667,7.5333,7.9333,3.5333,7.6667,9,5,6.2,5.1333,4.4667,10.6667,5.2667,4,3.8667,8.7333,7.8,2.8667,5.6667,5.1333,0.5333,0.5333,1.3333,1.2,0.5333,0.6667,0.4667,0.4667,0.4667,0.7333,0.7333,0.6667,0.5333,0.3333,0.4667,0.9333,0.6,0.2,0.5333,0.4667,6.2,6.1333,8.6667,13.0667,2.3333,7.2667,11,5.5333,6.5333,3.6,2.4667,6.9333,3.6667,2.4667,5.8,8.8,6.6667,1.2,3.2667,3.9333,6.5333,8.6,9.6667,12.8,3.5333,9.6,15.0667,6.3333,8,4.9333,3.8667,10.3333,4.8,3.2667,6.6667,9.9333,9.3333,2.0667,5.4,5.1333,5.7333,4.6,5.2667,5.4,2.8667,4.4,5.3333,8.0667,3.6,2.6667,2.2667,5.9333,3.2,1.8,3.2667,6.4,4.6667,1.6667,2.3333,3,4.2667,2.1333,3.1333,3.2667,3.2,3.2667,3.3333,1.8667,3.0667,7.1333,6.7333,3.4667,5.2667,5.6,3.0667,4.5333,4.4,2.3333,3.7333,6.4667,7.2667,5.3333,4.6667,2.7333,7.0667,5.6667,4.6667,2.4,3.8,15,15.7333,5.2667,13.4667,10.3333,3.7333,6,8.5333,4.0667,7.5333,13.3333,5.0667,6.8667,6.8,5.7333,2.2,5.8667,5.9333,4.4667,3.8667,2.8667,3.4667,9.4,4.3333,2.4667,3.2,6.4667,5.2,1.6,3.2667,4.0667,1.5333,0.7333,0.4667,0.3333,1.8,1,0.6,0.5333,0.6667,3.2,3.2,1,4.3333,2.4667,0.6667,1.2667,1.8667,0.8667,1.5333,3.0667,1.6667,1.2667,1.0667,0.9333,1.7333,1.4667,1.8667,0.8,2.3333,4.4,4.8,1.5333,3.8667,8.4667,1.2,1.8667,2.1333,3.9333,5.7333,3.1333,3.0667,3,2.9333,3.7333,1.5333,2.7333,4,2.5333,2.0667,2.0667,1.9333,3.6667,2,1.6667,7.3333,2.9333,3.2667,0.7333,1.7333,2.3333,6.9333,5.6,5.6667,5.1333,3.9333,5.0667,6.2,6.4,4.1333,4.4,4.2667,6.8667,4.5333,2.4667,3.4667,8.9333,6.6,2.1333,4.4667,4.5333,3.6667,3.7333,3.6667,4.1333,2.1333,3.3333,4.3333,2.4,3.2667,4.4,2.9333,4.2667,3.2667,1.9333,2.2,5,5.7333,1.1333,3.2,4.1333,2.1333,1.7333,1.4,1,1.7333,1.4667,1.8667,1.4,2.0667,2.1333,2.0667,1.8,2.0667,3.4,0.6667,1.9333,1.7333,1.7333,4.5333,2.2667,11.3333,6.4667,7.4,5.9333,8.2,7,8.4667,6.4,6.3333,16.7333,14.4,7.2667,13.6667,11.6667,5.8667,8.4,10.7333,4.2667,8.8,17.1333,0,0,0,0,0,0,0,0,0,0,0,0,0,0,0,0,0,0,0,0,0,0,0,0,0,0,0,0,0,0,0,0,0,0,0,0,0,0,0,0,0,0,0,0,0,0,0,0,0,0,0,0,0,0,0,0,0,0,0,0,0,0,0,0,0,0,0,0,0,0,0,0,0,0,0,0,0,0,0,0
0-211.txt_417,9.7647,5.3529,6.1176,6.6471,6.8235,6,5.9412,5.2941,4.9412,5.5294,5.0588,5.7647,5.8824,3.5882,4.3529,7.7059,6.1176,2.5882,3.7647,6.0588,6.5882,10.4706,7.4118,7.1765,5.4118,8.7059,7.9412,5.3529,6.8824,4.8235,5.5882,7.9412,5.1765,4,5.2941,7.8235,6.9412,4.0588,5.9412,5.2353,3.1176,3.6471,4.7059,3.7059,2.7647,3.6471,3.8235,3.3529,3.8824,2.9412,2.1176,3.8824,2.9412,2.7059,2.2353,3.8235,3.9412,1.8824,3.5882,2.9412,4.6471,4.8824,5.5882,8.0588,3.8824,5.7059,6,4,5.8824,3.4706,3.0588,5.2353,3.3529,3.0588,5.1765,6.0588,5.0588,2.5294,3.8235,3.9412,5,3.3529,3.4118,3,6.7647,3.4706,2.9412,2.5882,3.4706,5.1176,5.2353,3.3529,5,3.7647,2.7647,5.2941,4.6471,2.4706,4,5.1765,1.3529,2.2353,2.0588,2.0588,0.7059,2.6471,2.3529,1.4706,1.8235,1.3529,1.9412,2.4706,1.5882,1.1765,1.4118,2,1.7059,1.2941,1.2353,1.7059,4.2353,5.5294,5.4706,5.7647,3,6.0588,8.3529,3.1176,6.0588,3.5882,3.5882,5.7647,4.2941,3.8235,3.4118,5.4118,4.4706,2.5294,4.1176,3.7647,2.5294,2.1765,2.6471,2.5882,1.8235,2.2941,2.1176,3.1176,2.1765,1.6471,1.4118,2.5294,1.5882,1.3529,2.0588,2.4706,2.4118,0.7647,1.4118,1.6471,2.6471,1.7647,1.8824,1.1176,2.1765,1.6471,1.5294,1.7647,3.5882,1.8824,1.7647,1.4118,1.8824,2.0588,1.2353,2.6471,2.2941,1.7647,2.5294,1.8824,3.6471,3.6471,2.7647,2.1765,4.0588,3.8824,3.1765,2,4.4118,5.9412,6.1176,3.4706,5.9412,5,1.5882,3.2353,3.7059,3.3529,4.1176,5.4706,8.3529,6.7647,5.8235,4.7647,9.5294,7.5294,6,4.1765,8.4118,12.6471,16.4706,6.2353,14.1765,12.5882,5.0588,7.1176,8.7059,7.3529,10.6471,12.0588,4.6471,6.3529,5.7647,5.5294,3.4706,6.6471,6.6471,3.5294,5.2941,4.1765,3.5882,7.7059,4.9412,3.2941,4.5294,5.6471,5.0588,2.7647,4.2353,4.2353,2.4706,2.0588,2,1.4118,2.5294,2.4118,1.7647,1.3529,2.6471,3.6471,3.9412,2.2941,4.8824,3.3529,1.3529,2.4706,2.6471,2.0588,4.0588,3.2353,2.5294,1.9412,2.1765,1.5294,2.5882,2.2941,1.9412,1.6471,2.5294,4.0588,4,2,3.7059,5.5294,2.1765,2.2353,2.6471,2.5882,4.2941,3.7647,5.8235,5.1765,4.1176,5,4.9412,5.8235,5.4706,3.9412,5.4706,5.4706,4.5882,5.8235,4.4118,4.0588,10.5882,6,6.1765,2.3529,4.3529,5.4706,6.7059,4.4118,5.5294,5.7647,5.5882,5.8235,6.0588,5.4706,5,5.2353,4.3529,5.7059,5.4118,4.0588,5,8.1176,6.4118,4,4.5882,4.5294,3.4118,3.5882,3.5882,3.4706,3.0588,3.8824,4.1176,2.6471,3.9412,3.1765,3.3529,3.4118,3.1765,2.5294,3.0588,4.1765,5.6471,2.1176,2.4706,3.4118,0.9412,0.6471,1.0588,0.5882,1.5882,0.7059,0.6471,0.8235,1.5294,1.2353,1.7059,0.8824,1.8824,2.8235,0.4706,1.1765,1.1765,2.8235,2.5882,1.2353,2.2353,2.7647,2.4118,2.3529,1.4118,2.5882,3.4706,1.7059,3.4706,2.1765,2.8235,2.7059,2.7647,3.2941,2.3529,2.6471,2.7059,3.1176,5.1176,2.2353,6.1765,4.7059,4.8824,5,6.2941,5.6471,5.5882,3.6471,4.8824,7.4706,8.0588,5.7059,7.0588,5.5294,3.8235,5.5882,6.7059,3.6471,5.7647,8.5882
0-211.txt_419,10.7368,6.6316,5.4737,5.6316,7.2105,6.2632,6.5789,7.1579,5.7368,6.5789,6.5263,6.4211,6.7895,4.9474,5.5789,8.2632,7.7368,4.6842,5.4737,7.5789,6.3684,12.5789,7.3684,6.2105,5,8.3684,7.4211,5.1053,7.7895,5.3158,6.2105,9.4737,6.5789,5,5.2105,7.3158,6.7895,4.4211,6.3684,6.2632,5.5263,6.6316,10.3158,8.0526,4.8947,7.1053,6.9474,5.6842,6.8947,3.9474,4.4737,7,5.7895,4.0526,4.5789,7.4737,7.0526,3.7368,5,4.9474,5.0526,5.1579,6.6316,9.7368,4.3158,5.7895,7.2632,4.6316,5.4737,4.0526,4.4737,5.5263,4.6842,4.3158,5.3158,6.1579,5,2.5263,4.9474,4.5789,5.6842,3.4737,3.9474,3.4737,10.2105,4,3.4211,3.7895,4.6842,4.3158,4.6842,3.7895,4.5789,4,3.8947,5.4211,4.9474,3.4737,4.7368,4.6842,3.8947,4.8421,4.8947,4.3684,3.1053,7.3158,5.3684,3.3158,4.5789,3.1579,3.0526,5.2632,4.5263,3.3158,3.2632,5,4.5263,2.8947,4.0526,3.2105,9.8947,10.2105,9.3684,11.6842,7.2105,12.6842,15.6842,6.6842,9.9474,6.1579,6.6316,11.4211,7.8947,6.3158,7.2105,10.3158,9,6.8947,8.2105,7,6.6316,5.4211,6.4737,6.0526,4.6316,5.9474,5.5789,8.5263,6.3158,4.4737,4.3684,6.1579,5.3158,4.0526,5.7895,6.9474,5.6842,4.3684,4.9474,4.9474,2.6316,2.4737,2.3158,2.6842,1.7895,2.5789,2.5263,1.8947,4.5789,2.0526,2.2105,2.4211,2.1053,3.4737,2.2105,2.8421,2.3684,2.2632,3.3684,2.1579,9.3684,6.7895,5.9474,5.6842,10,7.2632,6.4737,5.0526,7.2632,16.0526,14.0526,7.1053,13.2632,12.1053,6.1053,8.0526,8.8421,6.6316,10.0526,13.7368,14.3684,12.3158,9.4211,8.4211,15.8947,13,11.0526,7.8421,11.7368,22.3684,27.6842,12.1579,21.8947,17.9474,10.1053,12.6316,14.5789,10.5263,14.5263,20.4211,7.6842,11.2105,9.1053,8.4737,6.4737,10.1579,10,6.7895,9.0526,5.5263,6.8947,12.6316,8.0526,5.6316,6.7895,8.8421,7.8421,4.8421,7.0526,6.0526,3.7368,3.4737,3.1579,2.4211,3.3158,4,3.2632,2.4211,3.7368,4.7895,5.2632,3.7895,7.2632,3.9474,2.8421,3.5789,3.9474,3.4737,4.4211,4.6842,3.0526,2.4211,2.6316,2.2105,2.7895,2.7895,2.6316,1.8421,4.0526,4.1579,4.4737,2.7895,4.2105,6.9474,1.8947,2.6842,3.2105,4.0526,6.2632,4.1053,4.6316,4.5789,4.5263,4.9474,4.6842,4.9474,5.1053,3.6316,4.7368,4.3684,4.4737,5.3158,4.6842,3.4211,9.8947,5.3158,5.3158,3.3684,4.3158,4.4211,11.4211,10,11.6316,11.3684,8.7895,10.4737,11.2632,9,10.4737,7.4211,7.1053,10.4737,8.1053,7.1053,8.7368,15.5789,12.2632,5.5789,9,7.7895,8.6842,6.2632,7.3684,6.5263,6.8421,6.9474,7.5263,5.8421,6.5263,8.2105,7.6842,6.7368,7.7368,5.7895,6.5263,9.3684,12.3158,4.5263,5.7895,8.4737,0.7895,0.5789,0.7895,0.5263,0.8421,0.7368,0.5263,0.7895,0.9474,0.9474,1.3684,0.6316,1.1579,2.4211,0.7368,1.0526,0.7895,3.2105,2.1579,0.8947,2.5789,2.6842,2.4737,2,2.3684,2.8421,2.4211,1.8947,3.6316,2.8947,2.9474,2.4737,2.7895,4.2105,2.1053,2.5789,2.5263,3.8421,5.6316,2.8947,13.1053,9.8421,9.1579,9.5789,10.8947,11.5789,12.4211,8.1579,9.4211,15.9474,14.0526,10.5263,14.2632,10.7895,9.5263,11.1053,12.6316,8.3158,11.2105,18.2105
0-211.txt_421,8.8667,2.8667,3.6,3.7333,4.8667,3.3333,3.8667,5.0667,2.8667,4.8667,3.8,3.4667,4.6,3.1333,3.0667,5.8667,4.2667,1.5333,2.8667,5.5333,4.5333,7.3333,4.8,5.2667,1.7333,4.6,5.1333,3.6,3.8,2.5333,2.4667,7.4667,2.9333,1.7333,2.4667,5.8,4.4,1.0667,3,2.9333,2.1333,2.4667,4.4,3.7333,0.9333,2.6,4.0667,2.8,2,2.5333,2.2667,3.0667,2.3333,1.2,1.5333,3.2,3.5333,0.6667,1.6,2.4,5.7333,5.5333,8.6,13,1.8,7.3333,10.2,5.3333,4.9333,3,2.8667,7.2667,3.3333,1.7333,5.5333,7.2667,7.2667,0.9333,2.6667,3.9333,0.6667,0.6,0.8667,1.3333,0.2667,1.1333,1.2667,0.6,0.6,0.3333,0.2667,0.7333,0.4,0.2,0.6667,0.8,0.6667,0.2667,0.4,0.4,6.6,7.6,8.0667,11.6,2.6,8.6667,13.3333,5.2,6.8,3.4667,3.5333,8.9333,4.2,3.0667,4.8667,8.2,7.2667,1.7333,4.6,4.3333,2.4667,2.2,1.8,1.9333,1.2,2.1333,2.7333,3.8667,1.8,2.4,1.7333,2.1333,1.8667,1.1333,1.4667,2.5333,2.6667,0.8,2,2.0667,0.5333,1.0667,1,0.6,0.2,0.8,0.9333,0.2667,1.5333,0.3333,0.2,1.1333,0.4667,0.2667,0.3333,0.8,0.5333,0.1333,0.4667,0.4,6.6667,3.6,3.1333,2.7333,5.6,4.2667,3.3333,2.6667,3,13.5333,11.5333,3.8667,10.6667,8.3333,3.3333,5.6667,7.2,3.6,5.8667,12.2667,7.1333,4.8,4.2,2.5333,8,4,3.2667,2.8,3,13.0667,14.8,4.8,12.2667,10.4667,2.7333,6.3333,7.8667,4.8667,7.3333,11.8667,5.8,8.4667,8,7.2667,2.8667,7.2667,8.2667,5,6.4667,4.6,4.2667,11.4,5.2667,4.1333,5.2,7.6667,7.2667,2.5333,4.7333,5.1333,2.4,1.0667,1,0.7333,1.4,1.6,1.2,1.1333,1.2,3.4667,3.4667,1.4,4.6667,2.6,1.2,1.9333,2.0667,1.5333,2.1333,3.0667,1.8667,1.0667,0.9333,0.5333,1.8,1.0667,0.9333,0.6667,1.9333,5.0667,4.9333,1,4.4667,8.9333,0.6667,1.3333,2,3.4667,5.6,3.9333,3.4,2.7333,2.8,3.2,1.6,2.6667,3.4667,3.4667,2,1.8,2.0667,2.8,2.3333,1.2667,7.4667,3.4667,2.6,0.8,1.6,2.1333,12.3333,11.2667,12.2667,12.4,6,11.7333,13.6667,10.9333,9,9.2667,7.4667,14.3333,8.6,6.5333,8.6667,17.1333,13.2667,4.8667,8.6,9.5333,2.6667,3.2667,3.3333,3.4,1.8,3.9333,4.4667,2.0667,2.9333,2.6667,1.8667,3.6667,1.7333,1.6667,2.7333,3.6,4.1333,1.4,2.1333,2.8667,1.6667,1.7333,1.8667,1.2667,1.7333,1.4,1.4667,0.8667,2,1.9333,1.6,2.2,2.2667,3,0.8667,1.6,1.7333,1.4667,4.1333,2.2667,5.2,3.2667,3.1333,2.6,4.3333,2.8667,3.2,2.8,2.6,7.6,6.8667,3.0667,6.6667,4.4,1.6,4.5333,5.6,1.4667,3.7333,8.0667,0,0,0,0,0,0,0,0,0,0,0,0,0,0,0,0,0,0,0,0,0,0,0,0,0,0,0,0,0,0,0,0,0,0,0,0,0,0,0,0
