#name,V1,V2,V3,V4,V5,V6,V7,V8,V9,V10,V11,V12,V13,V14,V15,V16,V17,V18,V19,V20,V21,V22,V23,V24,V25,V26,V27,V28,V29,V30,V31,V32,V33,V34,V35,V36,V37,V38,V39,V40,V41,V42,V43,V44,V45,V46,V47,V48,V49,V50,V51,V52,V53,V54,V55,V56,V57,V58,V59,V60,V61,V62,V63,V64,V65,V66,V67,V68,V69,V70,V71,V72,V73,V74,V75,V76,V77,V78,V79,V80,V81,V82,V83,V84,V85,V86,V87,V88,V89,V90,V91,V92,V93,V94,V95,V96,V97,V98,V99,V100,V101,V102,V103,V104,V105,V106,V107,V108,V109,V110,V111,V112,V113,V114,V115,V116,V117,V118,V119,V120,V121,V122,V123,V124,V125,V126,V127,V128,V129,V130,V131,V132,V133,V134,V135,V136,V137,V138,V139,V140,V141,V142,V143,V144,V145,V146,V147,V148,V149,V150,V151,V152,V153,V154,V155,V156,V157,V158,V159,V160,V161,V162,V163,V164,V165,V166,V167,V168,V169,V170,V171,V172,V173,V174,V175,V176,V177,V178,V179,V180,V181,V182,V183,V184,V185,V186,V187,V188,V189,V190,V191,V192,V193,V194,V195,V196,V197,V198,V199,V200,V201,V202,V203,V204,V205,V206,V207,V208,V209,V210,V211,V212,V213,V214,V215,V216,V217,V218,V219,V220,V221,V222,V223,V224,V225,V226,V227,V228,V229,V230,V231,V232,V233,V234,V235,V236,V237,V238,V239,V240,V241,V242,V243,V244,V245,V246,V247,V248,V249,V250,V251,V252,V253,V254,V255,V256,V257,V258,V259,V260,V261,V262,V263,V264,V265,V266,V267,V268,V269,V270,V271,V272,V273,V274,V275,V276,V277,V278,V279,V280,V281,V282,V283,V284,V285,V286,V287,V288,V289,V290,V291,V292,V293,V294,V295,V296,V297,V298,V299,V300,V301,V302,V303,V304,V305,V306,V307,V308,V309,V310,V311,V312,V313,V314,V315,V316,V317,V318,V319,V320,V321,V322,V323,V324,V325,V326,V327,V328,V329,V330,V331,V332,V333,V334,V335,V336,V337,V338,V339,V340,V341,V342,V343,V344,V345,V346,V347,V348,V349,V350,V351,V352,V353,V354,V355,V356,V357,V358,V359,V360,V361,V362,V363,V364,V365,V366,V367,V368,V369,V370,V371,V372,V373,V374,V375,V376,V377,V378,V379,V380,V381,V382,V383,V384,V385,V386,V387,V388,V389,V390,V391,V392,V393,V394,V395,V396,V397,V398,V399,V400
0-211.txt_1,0.968,0.258,0.174,0.135,0.317,0.303,0.278,0.354,0.172,0.291,0.315,0.315,0.347,0.128,0.219,0.611,0.435,0.058,0.137,0.453,0.261,0.99,0.385,0.172,0.104,0.656,0.462,0.096,0.372,0.154,0.142,0.807,0.253,0.067,0.099,0.265,0.29,0.046,0.111,0.14,0.141,0.413,0.995,0.734,0.043,0.467,0.51,0.537,0.632,0.039,0.039,0.467,0.099,0.039,0.109,0.665,0.434,0.022,0.099,0.043,0.204,0.119,0.68,0.996,0.046,0.397,0.789,0.202,0.202,0.13,0.046,0.252,0.062,0.046,0.202,0.423,0.269,0.014,0.038,0.088,0.346,0.038,0.198,0.353,1,0.071,0.179,0.095,0.062,0.145,0.145,0.062,0.145,0.062,0.071,0.269,0.269,0.062,0.071,0.219,0.194,0.652,0.582,0.519,0.043,0.988,0.792,0.132,0.423,0.038,0.095,0.654,0.335,0.05,0.182,0.461,0.244,0.237,0.246,0.083,0.253,0.525,0.395,0.709,0.025,0.815,0.988,0.089,0.508,0.04,0.051,0.696,0.115,0.039,0.276,0.484,0.311,0.046,0.143,0.089,0.442,0.168,0.379,0.26,0.084,0.195,0.196,0.991,0.12,0.061,0.101,0.195,0.116,0.056,0.169,0.412,0.151,0.078,0.046,0.061,0.111,0.381,0.586,0.194,0.038,0.474,0.458,0.087,0.999,0.038,0.047,0.252,0.119,0.245,0.087,0.252,0.111,0.193,0.881,0.034,0.257,0.055,0.147,0.157,0.174,0.078,0.061,0.115,0.07,0.974,0.711,0.081,0.64,0.42,0.058,0.127,0.311,0.092,0.229,0.831,0.194,0.083,0.051,0.026,0.194,0.083,0.044,0.02,0.046,0.818,0.966,0.083,0.818,0.522,0.051,0.115,0.291,0.127,0.27,0.73,0.312,0.819,0.404,0.241,0.049,0.673,0.601,0.231,0.296,0.086,0.134,0.985,0.213,0.06,0.213,0.399,0.25,0.046,0.134,0.14,0.226,0.205,0.088,0.035,0.205,0.358,0.099,0.039,0.099,0.763,0.906,0.205,0.994,0.5,0.088,0.205,0.269,0.205,0.269,0.698,0.166,0.056,0.071,0.045,0.11,0.053,0.053,0.036,0.176,0.566,0.471,0.053,0.471,0.996,0.038,0.158,0.256,0.558,0.87,0.44,0.269,0.109,0.141,0.226,0.047,0.248,0.269,0.099,0.234,0.079,0.079,0.269,0.232,0.032,0.999,0.269,0.269,0.022,0.079,0.109,0.723,0.232,0.648,0.504,0.223,0.413,0.442,0.384,0.26,0.092,0.089,0.384,0.185,0.071,0.232,0.969,0.672,0.04,0.11,0.139,0.454,0.384,0.454,0.239,0.225,0.315,0.269,0.119,0.149,0.239,0.209,0.361,0.269,0.09,0.239,0.685,0.986,0.09,0.119,0.424,0.059,0.205,0.04,0.023,0.095,0.183,0.084,0.095,0.208,0.059,0.119,0.161,0.219,0.679,0.023,0.059,0.119,1,0.837,0.059,0.132,0.107,0.095,0.04,0.175,0.207,0.107,0.043,0.786,0.226,0.263,0.107,0.244,0.919,0.124,0.113,0.119,0.805,0.998,0.244,0.47,0.058,0.068,0.048,0.246,0.094,0.087,0.144,0.039,0.84,0.627,0.094,0.605,0.251,0.085,0.176,0.481,0.095,0.203,0.965
0-211.txt_3,0.97,0.154,0.176,0.172,0.233,0.277,0.264,0.466,0.135,0.199,0.177,0.264,0.289,0.127,0.229,0.653,0.46,0.097,0.166,0.419,0.162,0.992,0.417,0.206,0.055,0.632,0.446,0.121,0.368,0.117,0.142,0.762,0.183,0.246,0.152,0.347,0.248,0.138,0.249,0.121,0.289,0.252,0.989,0.558,0.148,0.384,0.347,0.36,0.384,0.373,0.203,0.384,0.262,0.13,0.13,0.526,0.471,0.084,0.148,0.387,0.237,0.175,0.686,0.994,0.056,0.363,0.682,0.248,0.276,0.069,0.06,0.292,0.09,0.116,0.182,0.404,0.263,0.055,0.132,0.097,0.432,0.222,0.356,0.331,0.144,0.309,0.342,0.318,0.24,0.294,0.285,0.292,0.311,0.271,0.171,0.449,0.392,0.17,0.267,0.344,0.346,0.5,0.373,0.373,0.085,0.986,0.738,0.145,0.423,0.198,0.349,0.577,0.423,0.111,0.169,0.574,0.346,0.071,0.119,0.145,0.364,0.369,0.401,0.667,0.077,0.708,0.984,0.223,0.342,0.126,0.147,0.528,0.173,0.114,0.279,0.553,0.417,0.109,0.178,0.192,0.487,0.147,0.363,0.218,0.094,0.223,0.226,0.989,0.167,0.043,0.043,0.227,0.101,0.085,0.103,0.422,0.244,0.113,0.115,0.075,0.119,0.31,0.384,0.158,0.047,0.625,0.5,0.083,0.998,0.047,0.047,0.31,0.194,0.31,0.083,0.194,0.194,0.524,0.69,0.047,0.317,0.112,0.156,0.205,0.223,0.121,0.165,0.116,0.097,0.969,0.673,0.121,0.587,0.337,0.121,0.214,0.327,0.099,0.157,0.844,0.286,0.115,0.115,0.092,0.2,0.115,0.102,0.098,0.137,0.7,0.959,0.115,0.746,0.515,0.097,0.206,0.278,0.212,0.318,0.636,0.347,0.784,0.361,0.32,0.067,0.569,0.454,0.158,0.408,0.098,0.098,0.973,0.194,0.272,0.202,0.475,0.338,0.202,0.389,0.128,0.228,0.211,0.326,0.252,0.161,0.383,0.238,0.205,0.169,0.449,0.627,0.245,0.993,0.384,0.104,0.337,0.383,0.162,0.22,0.397,0.156,0.077,0.179,0.101,0.086,0.085,0.059,0.065,0.205,0.524,0.53,0.065,0.454,0.996,0.045,0.127,0.159,0.515,0.847,0.357,0.331,0.15,0.15,0.15,0.15,0.179,0.209,0.136,0.15,0.317,0.225,0.209,0.225,0.274,0.998,0.301,0.239,0.169,0.287,0.331,0.566,0.303,0.525,0.375,0.176,0.45,0.458,0.33,0.277,0.107,0.132,0.433,0.177,0.167,0.234,0.96,0.611,0.14,0.22,0.135,0.434,0.272,0.427,0.299,0.212,0.34,0.337,0.165,0.166,0.318,0.203,0.333,0.284,0.142,0.227,0.632,0.985,0.098,0.165,0.466,0.269,0.119,0.119,0.047,0.119,0.119,0.119,0.119,0.119,0.119,0.119,0.119,0.269,0.5,0.119,0.5,0.953,1,0.731,0.269,0.275,0.147,0.234,0.104,0.088,0.175,0.143,0.097,0.71,0.22,0.294,0.157,0.299,0.865,0.075,0.247,0.209,0.695,0.998,0.275,0.439,0.095,0.246,0.202,0.23,0.137,0.154,0.131,0.095,0.811,0.569,0.124,0.49,0.234,0.085,0.257,0.451,0.06,0.152,0.966
0-211.txt_5,0.928,0.199,0.325,0.227,0.286,0.341,0.288,0.266,0.272,0.286,0.222,0.27,0.272,0.141,0.245,0.588,0.436,0.096,0.225,0.414,0.274,0.977,0.422,0.23,0.062,0.572,0.393,0.205,0.329,0.116,0.139,0.751,0.296,0.071,0.164,0.429,0.277,0.062,0.162,0.17,0.21,0.34,0.982,0.556,0.099,0.406,0.383,0.281,0.444,0.085,0.165,0.4,0.175,0.2,0.179,0.528,0.341,0.095,0.206,0.086,0.262,0.27,0.632,0.979,0.051,0.475,0.673,0.175,0.352,0.061,0.049,0.416,0.085,0.049,0.191,0.469,0.332,0.045,0.131,0.1,0.438,0.124,0.088,0.049,0.999,0.118,0.079,0.072,0.072,0.444,0.39,0.149,0.27,0.131,0.162,0.347,0.434,0.102,0.162,0.559,0.288,0.49,0.446,0.435,0.1,0.983,0.691,0.142,0.413,0.144,0.211,0.616,0.299,0.187,0.148,0.368,0.295,0.094,0.213,0.19,0.288,0.408,0.422,0.597,0.072,0.701,0.965,0.203,0.372,0.085,0.084,0.545,0.124,0.08,0.188,0.458,0.319,0.093,0.161,0.154,0.437,0.181,0.453,0.394,0.085,0.195,0.24,0.97,0.177,0.148,0.088,0.256,0.114,0.095,0.148,0.456,0.285,0.083,0.108,0.116,0.194,0.364,0.46,0.329,0.071,0.568,0.498,0.218,0.996,0.109,0.136,0.343,0.164,0.255,0.138,0.343,0.203,0.166,0.659,0.101,0.22,0.101,0.078,0.068,0.23,0.137,0.124,0.055,0.072,0.969,0.756,0.096,0.607,0.45,0.135,0.185,0.266,0.1,0.248,0.79,0.239,0.119,0.065,0.059,0.16,0.146,0.116,0.102,0.098,0.668,0.95,0.112,0.722,0.512,0.105,0.176,0.209,0.204,0.307,0.542,0.262,0.663,0.481,0.426,0.059,0.615,0.555,0.226,0.288,0.069,0.11,0.964,0.16,0.072,0.24,0.465,0.321,0.067,0.141,0.105,0.245,0.22,0.168,0.097,0.126,0.327,0.128,0.148,0.146,0.551,0.741,0.195,0.988,0.379,0.166,0.315,0.308,0.225,0.262,0.449,0.171,0.1,0.122,0.103,0.154,0.109,0.114,0.157,0.243,0.429,0.498,0.145,0.42,0.987,0.101,0.174,0.162,0.415,0.752,0.404,0.293,0.151,0.243,0.247,0.069,0.267,0.311,0.157,0.147,0.074,0.072,0.265,0.125,0.095,0.995,0.392,0.367,0.054,0.117,0.095,0.501,0.333,0.488,0.378,0.148,0.388,0.391,0.253,0.266,0.105,0.125,0.446,0.176,0.164,0.191,0.935,0.535,0.078,0.206,0.171,0.45,0.218,0.421,0.205,0.223,0.264,0.26,0.179,0.149,0.436,0.255,0.34,0.299,0.148,0.197,0.57,0.968,0.077,0.156,0.477,0.212,0.105,0.07,0.058,0.104,0.129,0.092,0.07,0.223,0.431,0.499,0.163,0.409,0.555,0.062,0.093,0.145,1,0.693,0.48,0.142,0.108,0.179,0.069,0.085,0.146,0.092,0.14,0.542,0.343,0.42,0.101,0.306,0.867,0.069,0.133,0.185,0.739,0.997,0.333,0.36,0.197,0.101,0.127,0.191,0.163,0.124,0.118,0.106,0.739,0.576,0.162,0.509,0.291,0.073,0.228,0.357,0.098,0.231,0.937
0-211.txt_7,0.892,0.247,0.281,0.185,0.376,0.18,0.329,0.39,0.16,0.272,0.408,0.301,0.271,0.25,0.218,0.451,0.335,0.13,0.165,0.304,0.271,0.957,0.447,0.234,0.07,0.399,0.438,0.171,0.202,0.266,0.303,0.664,0.225,0.305,0.399,0.218,0.257,0.084,0.324,0.213,0.244,0.457,0.897,0.583,0.075,0.461,0.566,0.212,0.251,0.159,0.13,0.524,0.094,0.092,0.402,0.454,0.462,0.045,0.2,0.112,0.31,0.407,0.489,0.928,0.15,0.471,0.761,0.285,0.404,0.052,0.085,0.459,0.184,0.031,0.152,0.522,0.367,0.157,0.17,0.066,0.471,0.44,0.36,0.418,0.74,0.295,0.252,0.241,0.316,0.258,0.106,0.362,0.1,0.331,0.431,0.447,0.429,0.029,0.219,0.16,0.368,0.686,0.512,0.515,0.029,0.873,0.797,0.156,0.318,0.093,0.172,0.66,0.17,0.039,0.083,0.302,0.242,0.079,0.169,0.177,0.389,0.463,0.257,0.646,0.112,0.624,0.928,0.083,0.316,0.249,0.189,0.493,0.147,0.091,0.245,0.459,0.425,0.089,0.067,0.189,0.565,0.137,0.267,0.249,0.057,0.14,0.198,0.956,0.123,0.084,0.083,0.23,0.122,0.044,0.173,0.438,0.283,0.054,0.106,0.129,0.23,0.596,0.637,0.513,0.025,0.545,0.434,0.177,0.862,0.245,0.25,0.568,0.097,0.212,0.349,0.296,0.297,0.095,0.474,0.31,0.382,0.201,0.184,0.144,0.256,0.179,0.207,0.157,0.168,0.868,0.627,0.183,0.449,0.353,0.128,0.224,0.296,0.167,0.284,0.728,0.275,0.254,0.113,0.199,0.155,0.199,0.233,0.097,0.143,0.601,0.871,0.256,0.504,0.423,0.133,0.161,0.25,0.116,0.337,0.528,0.43,0.697,0.344,0.471,0.041,0.515,0.603,0.227,0.306,0.183,0.168,0.855,0.159,0.148,0.205,0.341,0.317,0.107,0.133,0.139,0.296,0.071,0.121,0.188,0.085,0.219,0.373,0.262,0.062,0.373,0.881,0.169,0.999,0.574,0.034,0.299,0.169,0.085,0.185,0.346,0.269,0.187,0.109,0.189,0.127,0.158,0.205,0.151,0.311,0.407,0.513,0.196,0.451,0.907,0.102,0.24,0.173,0.399,0.724,0.413,0.231,0.207,0.233,0.209,0.12,0.258,0.402,0.242,0.42,0.133,0.198,0.206,0.092,0.064,0.922,0.237,0.272,0.024,0.171,0.121,0.598,0.327,0.47,0.364,0.162,0.313,0.403,0.417,0.187,0.17,0.127,0.347,0.154,0.15,0.295,0.774,0.485,0.061,0.275,0.179,0.419,0.342,0.45,0.213,0.277,0.167,0.283,0.176,0.107,0.2,0.268,0.331,0.327,0.114,0.37,0.726,0.793,0.124,0.252,0.247,0.135,0.228,0.033,0.164,0.044,0.176,0.076,0.05,0.237,0.464,0.699,0.15,0.301,0.454,0.074,0.193,0.335,0.999,0.504,0.404,0.433,0.478,0.144,0.3,0.232,0.36,0.421,0.084,0.485,0.328,0.392,0.501,0.254,0.514,0.15,0.239,0.323,0.152,0.845,0.312,0.413,0.18,0.098,0.124,0.265,0.153,0.154,0.073,0.105,0.826,0.578,0.175,0.394,0.338,0.111,0.191,0.276,0.106,0.258,0.886
0-211.txt_9,0.84,0.172,0.289,0.029,0.357,0.14,0.057,0.41,0.108,0.299,0.323,0.217,0.279,0.273,0.399,0.55,0.405,0.021,0.225,0.286,0.17,0.924,0.216,0.147,0.055,0.675,0.284,0.249,0.414,0.164,0.106,0.761,0.183,0.03,0.099,0.286,0.229,0.154,0.174,0.127,0.135,0.134,0.818,0.628,0.018,0.397,0.617,0.456,0.356,0.077,0.017,0.444,0.038,0.078,0.243,0.424,0.412,0.012,0.11,0.195,0.244,0.086,0.463,0.867,0.121,0.343,0.633,0.355,0.08,0.293,0.236,0.226,0.134,0.15,0.159,0.327,0.387,0.025,0.306,0.369,0.227,0.244,0.324,0.315,0.138,0.359,0.408,0.217,0.251,0.347,0.258,0.443,0.271,0.256,0.107,0.346,0.415,0.146,0.249,0.395,0.384,0.083,0.5,0.083,0.143,0.939,0.575,0.018,0.464,0.31,0.69,0.464,0.726,0.158,0.018,0.119,0.274,0.012,0.033,0.806,0.184,0.305,0.401,0.484,0.019,0.572,0.847,0.115,0.365,0.161,0.044,0.728,0.167,0.044,0.1,0.405,0.553,0.086,0.078,0.16,0.286,0.107,0.476,0.618,0.206,0.145,0.264,0.895,0.155,0.097,0.047,0.152,0.044,0.025,0.075,0.472,0.233,0.014,0.019,0.11,0.5,0.269,0.953,0.881,0.018,0.5,0.5,0.047,0.881,0.119,0.731,0.119,0.953,0.5,0.047,0.5,0.731,0.018,0.047,0.119,0.088,0.187,0.207,0.218,0.216,0.222,0.296,0.028,0.102,0.791,0.446,0.298,0.49,0.625,0.025,0.275,0.484,0.304,0.596,0.842,0.204,0.155,0.081,0.041,0.201,0.188,0.03,0.112,0.16,0.614,0.745,0.402,0.476,0.531,0.117,0.291,0.35,0.191,0.154,0.677,0.227,0.589,0.37,0.315,0.079,0.572,0.589,0.077,0.412,0.29,0.118,0.922,0.144,0.018,0.107,0.304,0.564,0.01,0.052,0.356,0.095,0.095,0.01,0.009,0.038,0.299,0.024,0.01,0.028,0.574,0.898,0.188,0.96,0.373,0.01,0.028,0.071,0.265,0.095,0.577,0.089,0.04,0.039,0.026,0.313,0.151,0.052,0.101,0.301,0.319,0.252,0.136,0.313,0.992,0.088,0.243,0.15,0.466,0.781,0.292,0.227,0.244,0.324,0.315,0.138,0.359,0.408,0.217,0.251,0.347,0.258,0.443,0.271,0.256,0.107,0.346,0.415,0.146,0.249,0.395,0.225,0.1,0.47,0.273,0.064,0.546,0.359,0.296,0.237,0.097,0.157,0.335,0.054,0.056,0.08,0.744,0.681,0.016,0.291,0.218,0.181,0.335,0.235,0.225,0.077,0.408,0.635,0.052,0.239,0.482,0.234,0.648,0.179,0.084,0.053,0.34,0.774,0.16,0.255,0.521,0.069,0.018,0.007,0.005,0.449,0.018,0.012,0.007,0.069,0.449,0.158,0.012,0.083,0.917,0.027,0.018,0.033,0.997,0.975,0.506,0.322,0.088,0.082,0.228,0.475,0.088,0.256,0.075,0.229,0.653,0.48,0.066,0.971,0.607,0.012,0.266,0.04,0.5,0.889,0.445,0.232,0.098,0.192,0.172,0.074,0.251,0.367,0.048,0.155,0.639,0.345,0.364,0.415,0.347,0.036,0.27,0.43,0.193,0.263,0.792
0-211.txt_11,0.788,0.116,0.153,0.062,0.232,0.232,0.197,0.384,0.075,0.39,0.455,0.165,0.374,0.269,0.063,0.499,0.614,0.136,0.281,0.39,0.232,0.939,0.474,0.267,0.089,0.69,0.4,0.12,0.295,0.074,0.069,0.737,0.097,0.069,0.078,0.556,0.442,0.083,0.125,0.11,0.249,0.352,0.951,0.564,0.079,0.388,0.383,0.343,0.351,0.112,0.139,0.417,0.128,0.102,0.148,0.564,0.418,0.068,0.196,0.182,0.222,0.173,0.698,0.961,0.041,0.346,0.605,0.259,0.21,0.066,0.1,0.316,0.088,0.101,0.146,0.402,0.358,0.12,0.157,0.125,0.296,0.219,0.423,0.423,0.995,0.346,0.497,0.349,0.269,0.349,0.195,0.269,0.195,0.269,0.497,0.5,0.373,0.447,0.497,0.349,0.415,0.577,0.274,0.241,0.151,0.924,0.47,0.292,0.307,0.14,0.216,0.737,0.21,0.077,0.191,0.383,0.225,0.086,0.17,0.149,0.341,0.336,0.507,0.7,0.056,0.579,0.893,0.22,0.268,0.114,0.167,0.489,0.168,0.067,0.252,0.482,0.347,0.065,0.132,0.176,0.432,0.131,0.302,0.217,0.046,0.137,0.152,0.992,0.125,0.059,0.123,0.159,0.123,0.115,0.064,0.298,0.157,0.045,0.07,0.077,0.214,0.5,0.493,0.375,0.115,0.531,0.403,0.088,0.979,0.114,0.162,0.43,0.305,0.331,0.065,0.411,0.43,0.193,0.586,0.127,0.364,0.126,0.093,0.093,0.152,0.126,0.075,0.097,0.068,0.897,0.611,0.165,0.518,0.399,0.096,0.184,0.335,0.16,0.285,0.767,0.275,0.179,0.169,0.131,0.109,0.164,0.144,0.116,0.11,0.617,0.875,0.166,0.574,0.438,0.118,0.219,0.275,0.18,0.232,0.547,0.294,0.632,0.422,0.445,0.044,0.585,0.572,0.211,0.276,0.121,0.12,0.927,0.138,0.079,0.203,0.436,0.335,0.039,0.144,0.152,0.149,0.199,0.202,0.022,0.09,0.12,0.056,0.03,0.085,0.775,0.749,0.199,0.988,0.641,0.036,0.243,0.316,0.12,0.352,0.468,0.239,0.127,0.161,0.103,0.097,0.122,0.117,0.128,0.16,0.448,0.56,0.15,0.387,0.965,0.156,0.207,0.239,0.287,0.639,0.459,0.318,0.265,0.287,0.12,0.041,0.234,0.203,0.153,0.133,0.045,0.071,0.262,0.072,0.031,0.991,0.413,0.381,0.076,0.052,0.109,0.497,0.278,0.431,0.338,0.096,0.354,0.353,0.436,0.202,0.133,0.194,0.35,0.176,0.133,0.266,0.89,0.495,0.092,0.178,0.177,0.416,0.298,0.448,0.322,0.119,0.335,0.358,0.333,0.144,0.224,0.198,0.404,0.205,0.173,0.116,0.649,0.902,0.046,0.185,0.417,0.161,0.071,0.044,0.028,0.157,0.08,0.193,0.049,0.196,0.102,0.205,0.136,0.138,0.669,0.034,0.256,0.161,1,0.864,0.115,0.255,0.315,0.266,0.14,0.104,0.291,0.204,0.137,0.477,0.273,0.266,0.332,0.234,0.616,0.065,0.32,0.308,0.401,0.97,0.29,0.422,0.257,0.159,0.203,0.133,0.167,0.247,0.156,0.111,0.635,0.368,0.248,0.308,0.182,0.115,0.321,0.454,0.054,0.258,0.875
0-211.txt_13,0.778,0.391,0.302,0.286,0.324,0.309,0.338,0.133,0.282,0.434,0.328,0.374,0.313,0.221,0.217,0.499,0.372,0.104,0.205,0.501,0.294,0.864,0.472,0.352,0.221,0.469,0.533,0.242,0.499,0.308,0.261,0.698,0.263,0.214,0.143,0.357,0.29,0.138,0.238,0.162,0.201,0.271,0.958,0.953,0.016,0.216,0.5,0.211,0.563,0.008,0.01,0.566,0.012,0.006,0.048,0.384,0.216,0.014,0.03,0.008,0.35,0.258,0.628,0.939,0.021,0.374,0.683,0.206,0.245,0.097,0.048,0.518,0.164,0.101,0.472,0.296,0.308,0.053,0.112,0.061,0.377,0.352,0.338,0.342,0.164,0.36,0.408,0.211,0.314,0.431,0.385,0.432,0.332,0.288,0.238,0.333,0.351,0.144,0.226,0.388,0.27,0.598,0.472,0.599,0.048,0.832,0.772,0.161,0.527,0.297,0.28,0.683,0.313,0.129,0.106,0.334,0.424,0.138,0.161,0.257,0.388,0.569,0.475,0.568,0.033,0.721,0.921,0.164,0.466,0.114,0.205,0.792,0.084,0.081,0.194,0.317,0.248,0.036,0.124,0.23,0.451,0.216,0.465,0.412,0.15,0.279,0.345,0.756,0.201,0.175,0.175,0.362,0.078,0.162,0.312,0.343,0.229,0.091,0.099,0.252,0.257,0.313,0.335,0.431,0.056,0.54,0.45,0.041,0.722,0.543,0.424,0.307,0.331,0.313,0.247,0.269,0.378,0.166,0.209,0.605,0.488,0.161,0.068,0.075,0.159,0.191,0.124,0.153,0.209,0.832,0.652,0.237,0.713,0.348,0.106,0.275,0.285,0.325,0.392,0.856,0.328,0.155,0.094,0.04,0.284,0.147,0.138,0.073,0.109,0.911,0.894,0.243,0.629,0.496,0.208,0.161,0.282,0.198,0.242,0.7,0.337,0.626,0.373,0.302,0.136,0.653,0.558,0.114,0.304,0.149,0.217,0.96,0.314,0.033,0.196,0.306,0.314,0.025,0.095,0.074,0.387,0.085,0.241,0.186,0.274,0.241,0.201,0.034,0.198,0.799,0.748,0.235,0.927,0.347,0.047,0.121,0.157,0.037,0.121,0.678,0.268,0.101,0.054,0.104,0.18,0.152,0.34,0.221,0.366,0.596,0.669,0.138,0.544,0.887,0.157,0.305,0.233,0.491,0.669,0.473,0.413,0.337,0.243,0.443,0.045,0.173,0.282,0.406,0.187,0.239,0.246,0.523,0.156,0.161,0.972,0.368,0.263,0.208,0.169,0.148,0.271,0.122,0.364,0.331,0.109,0.249,0.357,0.284,0.255,0.057,0.071,0.367,0.058,0.135,0.286,0.877,0.653,0.112,0.156,0.169,0.411,0.333,0.463,0.333,0.122,0.418,0.439,0.156,0.294,0.332,0.344,0.431,0.315,0.249,0.394,0.458,0.813,0.102,0.17,0.256,0.194,0.158,0.083,0.025,0.485,0.274,0.375,0.069,0.389,0.611,0.69,0.047,0.384,0.917,0.025,0.194,0.384,0.999,0.931,0.194,0.278,0.404,0.109,0.109,0.08,0.287,0.181,0.157,0.437,0.724,0.492,0.134,0.397,0.884,0.16,0.16,0.415,0.229,0.7,0.458,0.241,0.118,0.15,0.107,0.207,0.118,0.166,0.079,0.211,0.893,0.644,0.171,0.551,0.451,0.108,0.134,0.295,0.128,0.266,0.943
0-211.txt_15,0.837,0.255,0.295,0.16,0.213,0.345,0.279,0.251,0.144,0.301,0.387,0.377,0.297,0.288,0.17,0.516,0.452,0.056,0.177,0.353,0.244,0.945,0.491,0.365,0.077,0.646,0.5,0.11,0.402,0.09,0.083,0.786,0.122,0.077,0.126,0.412,0.321,0.055,0.186,0.177,0.162,0.32,0.981,0.701,0.042,0.357,0.32,0.372,0.457,0.128,0.036,0.372,0.071,0.036,0.088,0.545,0.422,0.016,0.071,0.047,0.202,0.18,0.739,0.974,0.033,0.432,0.733,0.18,0.247,0.045,0.059,0.433,0.049,0.083,0.151,0.463,0.352,0.019,0.062,0.084,0.269,0.018,0.018,0.007,1,0.018,0.007,0.018,0.018,0.119,0.119,0.018,0.119,0.047,0.018,0.119,0.119,0.047,0.047,0.119,0.177,0.559,0.352,0.27,0.037,0.969,0.667,0.132,0.368,0.106,0.204,0.66,0.257,0.132,0.137,0.425,0.379,0.102,0.18,0.105,0.301,0.346,0.491,0.506,0.058,0.599,0.924,0.151,0.234,0.235,0.199,0.536,0.151,0.11,0.203,0.457,0.357,0.035,0.091,0.238,0.417,0.156,0.561,0.331,0.054,0.267,0.195,0.945,0.193,0.102,0.088,0.322,0.089,0.09,0.133,0.548,0.249,0.037,0.106,0.083,0.109,0.509,0.439,0.218,0.173,0.47,0.292,0.208,0.995,0.035,0.06,0.434,0.119,0.305,0.187,0.304,0.13,0.144,0.62,0.039,0.192,0.031,0.072,0.024,0.126,0.041,0.026,0.016,0.03,0.99,0.785,0.038,0.614,0.365,0.028,0.142,0.284,0.09,0.189,0.877,0.153,0.078,0.069,0.054,0.136,0.094,0.069,0.046,0.081,0.805,0.932,0.113,0.633,0.538,0.065,0.124,0.261,0.149,0.331,0.648,0.186,0.607,0.477,0.279,0.034,0.677,0.531,0.156,0.236,0.067,0.141,0.973,0.128,0.143,0.22,0.32,0.254,0.047,0.249,0.139,0.264,0.121,0.086,0.201,0.125,0.357,0.207,0.042,0.108,0.722,0.639,0.235,0.972,0.251,0.067,0.273,0.442,0.08,0.237,0.662,0.089,0.116,0.082,0.021,0.058,0.163,0.047,0.082,0.112,0.526,0.597,0.131,0.47,0.995,0.018,0.063,0.148,0.363,0.772,0.356,0.205,0.186,0.473,0.228,0.053,0.32,0.271,0.153,0.127,0.108,0.167,0.393,0.097,0.159,0.982,0.375,0.283,0.12,0.103,0.153,0.483,0.238,0.532,0.308,0.107,0.353,0.3,0.388,0.165,0.243,0.12,0.353,0.146,0.154,0.229,0.944,0.638,0.048,0.206,0.178,0.381,0.251,0.412,0.242,0.148,0.378,0.348,0.197,0.205,0.286,0.278,0.419,0.221,0.246,0.152,0.585,0.9,0.064,0.253,0.324,0.091,0.164,0.124,0.036,0.149,0.196,0.151,0.043,0.135,0.271,0.181,0.205,0.164,0.605,0.023,0.227,0.236,0.999,0.817,0.193,0.108,0.122,0.114,0.084,0.048,0.147,0.071,0.024,0.653,0.2,0.257,0.086,0.234,0.917,0.024,0.083,0.135,0.701,0.998,0.19,0.31,0.054,0.204,0.04,0.183,0.069,0.046,0.035,0.075,0.88,0.724,0.108,0.522,0.435,0.045,0.143,0.309,0.105,0.279,0.933
0-211.txt_17,0.933,0.27,0.262,0.177,0.278,0.333,0.313,0.386,0.204,0.229,0.234,0.341,0.3,0.124,0.329,0.678,0.518,0.092,0.152,0.386,0.297,0.979,0.393,0.171,0.054,0.62,0.495,0.166,0.391,0.09,0.126,0.788,0.201,0.1,0.178,0.422,0.341,0.087,0.152,0.137,0.284,0.374,0.978,0.597,0.116,0.463,0.442,0.369,0.517,0.092,0.085,0.433,0.134,0.105,0.201,0.637,0.493,0.055,0.15,0.113,0.238,0.217,0.627,0.962,0.066,0.454,0.662,0.277,0.294,0.124,0.124,0.339,0.116,0.077,0.289,0.505,0.3,0.069,0.109,0.103,0.418,0.246,0.225,0.06,0.988,0.291,0.135,0.207,0.238,0.289,0.295,0.178,0.224,0.125,0.128,0.446,0.418,0.053,0.158,0.38,0.335,0.551,0.413,0.374,0.087,0.958,0.702,0.168,0.396,0.135,0.15,0.615,0.329,0.069,0.319,0.518,0.382,0.093,0.2,0.185,0.303,0.461,0.444,0.715,0.05,0.805,0.979,0.181,0.432,0.066,0.074,0.637,0.13,0.054,0.258,0.501,0.294,0.051,0.137,0.111,0.49,0.199,0.413,0.239,0.136,0.251,0.183,0.971,0.174,0.136,0.14,0.263,0.19,0.107,0.189,0.531,0.334,0.113,0.154,0.166,0.229,0.411,0.508,0.238,0.096,0.508,0.434,0.126,0.982,0.157,0.152,0.319,0.247,0.249,0.171,0.351,0.227,0.122,0.648,0.125,0.294,0.152,0.12,0.11,0.214,0.182,0.137,0.083,0.129,0.935,0.651,0.181,0.63,0.393,0.141,0.234,0.351,0.099,0.216,0.796,0.256,0.153,0.082,0.094,0.205,0.182,0.114,0.082,0.089,0.665,0.947,0.165,0.807,0.407,0.102,0.211,0.339,0.13,0.227,0.637,0.333,0.749,0.412,0.333,0.057,0.655,0.63,0.253,0.24,0.086,0.13,0.945,0.21,0.073,0.309,0.508,0.314,0.062,0.123,0.107,0.343,0.238,0.172,0.098,0.17,0.359,0.202,0.118,0.189,0.522,0.684,0.286,0.969,0.332,0.241,0.332,0.411,0.141,0.2,0.498,0.175,0.087,0.106,0.086,0.115,0.096,0.108,0.078,0.259,0.418,0.459,0.089,0.439,0.98,0.052,0.156,0.194,0.608,0.856,0.282,0.326,0.145,0.151,0.209,0.068,0.26,0.275,0.141,0.135,0.101,0.101,0.262,0.121,0.05,0.997,0.331,0.326,0.041,0.074,0.137,0.627,0.323,0.509,0.379,0.231,0.436,0.408,0.34,0.271,0.123,0.136,0.417,0.236,0.11,0.335,0.95,0.689,0.074,0.154,0.173,0.468,0.269,0.444,0.249,0.239,0.33,0.281,0.243,0.161,0.251,0.258,0.305,0.294,0.119,0.296,0.737,0.954,0.099,0.147,0.424,0.309,0.272,0.11,0.083,0.08,0.377,0.23,0.09,0.203,0.18,0.311,0.317,0.377,0.431,0.07,0.319,0.115,0.99,0.676,0.148,0.166,0.174,0.194,0.12,0.101,0.263,0.18,0.069,0.745,0.255,0.288,0.198,0.252,0.799,0.085,0.273,0.27,0.641,0.967,0.235,0.441,0.149,0.12,0.132,0.231,0.187,0.161,0.085,0.088,0.762,0.581,0.165,0.559,0.251,0.185,0.259,0.465,0.066,0.246,0.937
0-211.txt_19,0.979,0.269,0.134,0.119,0.477,0.269,0.269,0.5,0.119,0.269,0.134,0.269,0.269,0.119,0.269,0.731,0.545,0.047,0.119,0.5,0.269,0.997,0.5,0.136,0.047,0.756,0.526,0.119,0.5,0.047,0.119,0.881,0.269,0.047,0.119,0.269,0.269,0.055,0.119,0.055,0.119,0.5,0.998,0.731,0.047,0.5,0.5,0.5,0.731,0.047,0.047,0.5,0.119,0.047,0.119,0.731,0.5,0.018,0.119,0.047,0.149,0.149,0.748,0.996,0.022,0.515,0.87,0.295,0.284,0.047,0.022,0.3,0.047,0.026,0.139,0.5,0.269,0.018,0.047,0.047,0.317,0.35,0.359,0.318,0.151,0.434,0.414,0.201,0.263,0.314,0.312,0.387,0.383,0.225,0.198,0.39,0.344,0.128,0.226,0.326,0.269,0.715,0.483,0.483,0.047,0.993,0.87,0.119,0.5,0.047,0.119,0.731,0.483,0.047,0.321,0.5,0.269,0.114,0.258,0.119,0.269,0.5,0.5,0.881,0.018,0.881,0.993,0.119,0.5,0.047,0.047,0.731,0.119,0.047,0.269,0.5,0.269,0.047,0.119,0.047,0.5,0.223,0.5,0.269,0.047,0.138,0.138,0.997,0.138,0.018,0.022,0.167,0.056,0.047,0.119,0.5,0.138,0.047,0.047,0.047,0.119,0.953,0.5,0.269,0.047,0.731,0.5,0.119,0.999,0.047,0.047,0.731,0.119,0.119,0.119,0.269,0.119,0.047,0.731,0.047,0.269,0.062,0.062,0.062,0.269,0.062,0.062,0.024,0.047,0.976,0.821,0.062,0.731,0.454,0.062,0.149,0.391,0.047,0.269,0.938,0.126,0.119,0.047,0.018,0.269,0.119,0.047,0.018,0.047,0.884,0.981,0.047,0.881,0.5,0.047,0.051,0.269,0.119,0.269,0.731,0.269,0.904,0.5,0.269,0.047,0.765,0.696,0.119,0.304,0.047,0.07,0.988,0.269,0.047,0.257,0.5,0.269,0.047,0.119,0.119,0.269,0.244,0.107,0.047,0.269,0.461,0.119,0.047,0.119,0.768,0.881,0.244,0.997,0.5,0.047,0.119,0.269,0.244,0.269,0.731,0.119,0.047,0.047,0.018,0.119,0.047,0.047,0.047,0.269,0.5,0.5,0.047,0.5,0.998,0.018,0.119,0.119,0.731,0.953,0.269,0.269,0.119,0.119,0.119,0.047,0.269,0.269,0.119,0.119,0.047,0.047,0.269,0.047,0.018,1,0.269,0.269,0.018,0.047,0.119,0.731,0.269,0.731,0.5,0.269,0.5,0.5,0.5,0.269,0.119,0.047,0.5,0.119,0.119,0.269,0.982,0.731,0.047,0.119,0.119,0.5,0.269,0.5,0.269,0.269,0.269,0.269,0.119,0.119,0.269,0.269,0.269,0.269,0.119,0.269,0.731,0.993,0.047,0.119,0.5,0.047,0.047,0.018,0.018,0.119,0.119,0.047,0.047,0.119,0.047,0.119,0.047,0.269,0.731,0.018,0.047,0.047,1,0.881,0.047,0.119,0.119,0.119,0.047,0.119,0.269,0.119,0.047,0.881,0.269,0.269,0.119,0.269,0.953,0.047,0.119,0.119,0.881,0.999,0.269,0.5,0.047,0.047,0.047,0.269,0.119,0.047,0.047,0.047,0.953,0.731,0.119,0.731,0.269,0.119,0.119,0.5,0.047,0.269,0.982
0-211.txt_21,0.784,0.223,0.225,0.284,0.34,0.286,0.268,0.592,0.195,0.227,0.252,0.312,0.255,0.148,0.353,0.517,0.368,0.17,0.188,0.312,0.352,0.892,0.34,0.338,0.098,0.537,0.42,0.44,0.269,0.128,0.168,0.662,0.192,0.121,0.56,0.366,0.285,0.133,0.151,0.161,0.352,0.4,0.88,0.674,0.173,0.457,0.469,0.418,0.48,0.117,0.098,0.487,0.182,0.153,0.364,0.606,0.427,0.127,0.18,0.145,0.346,0.32,0.479,0.908,0.171,0.329,0.501,0.548,0.26,0.126,0.126,0.31,0.089,0.092,0.391,0.432,0.249,0.072,0.097,0.182,0.623,0.157,0.239,0.352,0.943,0.191,0.19,0.532,0.267,0.316,0.339,0.159,0.321,0.258,0.188,0.468,0.239,0.147,0.237,0.493,0.374,0.609,0.351,0.478,0.109,0.848,0.509,0.289,0.323,0.15,0.155,0.695,0.278,0.081,0.663,0.385,0.318,0.066,0.1,0.201,0.35,0.384,0.367,0.467,0.175,0.525,0.76,0.565,0.253,0.15,0.172,0.453,0.173,0.134,0.462,0.445,0.296,0.134,0.151,0.204,0.356,0.187,0.234,0.265,0.145,0.213,0.2,0.944,0.131,0.054,0.067,0.217,0.087,0.069,0.38,0.336,0.152,0.067,0.055,0.096,0.347,0.405,0.45,0.408,0.13,0.513,0.461,0.438,0.844,0.093,0.157,0.425,0.205,0.18,0.553,0.425,0.25,0.089,0.223,0.131,0.264,0.257,0.213,0.29,0.282,0.261,0.262,0.262,0.237,0.832,0.606,0.288,0.468,0.299,0.373,0.273,0.399,0.17,0.172,0.745,0.306,0.333,0.185,0.2,0.227,0.276,0.206,0.262,0.198,0.58,0.708,0.313,0.512,0.407,0.385,0.266,0.296,0.177,0.261,0.482,0.275,0.737,0.444,0.392,0.155,0.548,0.511,0.345,0.422,0.149,0.155,0.895,0.222,0.12,0.295,0.463,0.425,0.155,0.247,0.189,0.344,0.318,0.254,0.299,0.27,0.433,0.391,0.354,0.184,0.406,0.472,0.365,0.706,0.376,0.494,0.334,0.333,0.166,0.219,0.413,0.289,0.236,0.242,0.219,0.205,0.233,0.275,0.364,0.281,0.48,0.541,0.275,0.351,0.891,0.428,0.223,0.253,0.268,0.392,0.419,0.378,0.237,0.168,0.353,0.087,0.307,0.384,0.406,0.188,0.141,0.164,0.334,0.171,0.12,0.963,0.316,0.242,0.07,0.066,0.161,0.524,0.289,0.355,0.428,0.275,0.355,0.343,0.484,0.262,0.158,0.153,0.301,0.168,0.128,0.544,0.784,0.398,0.067,0.127,0.21,0.413,0.372,0.383,0.356,0.32,0.398,0.353,0.297,0.291,0.201,0.213,0.397,0.197,0.148,0.189,0.699,0.814,0.091,0.184,0.22,0.132,0.207,0.084,0.038,0.148,0.166,0.094,0.244,0.236,0.267,0.363,0.142,0.23,0.691,0.104,0.174,0.178,0.994,0.73,0.232,0.208,0.377,0.256,0.279,0.32,0.367,0.243,0.177,0.585,0.483,0.43,0.385,0.361,0.514,0.263,0.486,0.386,0.526,0.842,0.382,0.334,0.166,0.135,0.133,0.495,0.177,0.158,0.117,0.153,0.767,0.59,0.225,0.51,0.321,0.141,0.276,0.391,0.156,0.192,0.804
0-211.txt_23,0.914,0.201,0.29,0.273,0.291,0.366,0.393,0.37,0.189,0.224,0.166,0.346,0.252,0.09,0.29,0.589,0.451,0.073,0.143,0.323,0.209,0.976,0.239,0.181,0.05,0.546,0.406,0.062,0.209,0.094,0.228,0.719,0.225,0.056,0.265,0.331,0.491,0.042,0.105,0.15,0.162,0.404,0.989,0.808,0.026,0.434,0.629,0.226,0.505,0.022,0.031,0.466,0.078,0.031,0.119,0.499,0.302,0.017,0.11,0.041,0.254,0.178,0.634,0.99,0.05,0.372,0.655,0.354,0.211,0.14,0.068,0.278,0.085,0.052,0.136,0.574,0.38,0.033,0.06,0.107,0.346,0.045,0.071,0.045,1,0.057,0.04,0.083,0.05,0.194,0.194,0.057,0.194,0.227,0.054,0.346,0.282,0.108,0.147,0.244,0.205,0.467,0.536,0.573,0.041,0.99,0.791,0.119,0.401,0.055,0.068,0.631,0.226,0.026,0.119,0.434,0.47,0.043,0.099,0.089,0.239,0.454,0.55,0.689,0.064,0.715,0.97,0.165,0.361,0.058,0.064,0.681,0.12,0.058,0.179,0.544,0.315,0.064,0.106,0.076,0.414,0.104,0.406,0.371,0.132,0.226,0.299,0.98,0.128,0.098,0.062,0.21,0.093,0.055,0.182,0.439,0.386,0.06,0.059,0.096,0.246,0.219,0.373,0.145,0.379,0.346,0.219,0.071,0.998,0.085,0.071,0.219,0.119,0.246,0.071,0.447,0.397,0.198,0.664,0.085,0.272,0.056,0.124,0.409,0.105,0.076,0.124,0.044,0.05,0.961,0.546,0.076,0.5,0.428,0.251,0.12,0.239,0.05,0.181,0.713,0.208,0.09,0.06,0.075,0.154,0.117,0.168,0.04,0.133,0.775,0.947,0.113,0.716,0.489,0.071,0.135,0.232,0.151,0.318,0.695,0.373,0.674,0.462,0.328,0.068,0.607,0.5,0.229,0.214,0.18,0.127,0.974,0.331,0.072,0.187,0.457,0.352,0.058,0.113,0.161,0.289,0.505,0.157,0.103,0.214,0.442,0.214,0.103,0.194,0.558,0.748,0.384,0.99,0.621,0.196,0.289,0.289,0.269,0.442,0.558,0.126,0.078,0.094,0.152,0.071,0.125,0.151,0.048,0.373,0.365,0.455,0.081,0.406,0.993,0.052,0.171,0.163,0.602,0.866,0.282,0.384,0.133,0.108,0.184,0.096,0.351,0.271,0.108,0.133,0.197,0.255,0.271,0.182,0.082,0.997,0.282,0.258,0.065,0.091,0.272,0.57,0.329,0.527,0.378,0.16,0.529,0.4,0.334,0.241,0.108,0.104,0.454,0.165,0.137,0.273,0.95,0.608,0.071,0.149,0.179,0.443,0.293,0.432,0.263,0.206,0.359,0.371,0.142,0.172,0.297,0.195,0.395,0.266,0.134,0.209,0.683,0.973,0.084,0.161,0.396,0.083,0.047,0.018,0.012,0.083,0.047,0.047,0.033,0.047,0.389,0.5,0.033,0.31,0.616,0.018,0.047,0.083,1,0.69,0.5,0.119,0.068,0.047,0.018,0.183,0.109,0.047,0.022,0.632,0.238,0.292,0.068,0.281,0.966,0.018,0.109,0.119,0.805,0.998,0.141,0.451,0.17,0.194,0.111,0.176,0.225,0.207,0.072,0.086,0.713,0.566,0.22,0.562,0.265,0.083,0.289,0.327,0.068,0.167,0.94
0-211.txt_25,0.928,0.193,0.239,0.18,0.164,0.362,0.382,0.313,0.144,0.244,0.236,0.361,0.232,0.095,0.28,0.621,0.499,0.051,0.124,0.388,0.326,0.945,0.408,0.245,0.067,0.584,0.45,0.193,0.281,0.145,0.184,0.734,0.182,0.148,0.161,0.353,0.314,0.075,0.145,0.221,0.267,0.292,0.974,0.582,0.063,0.408,0.406,0.299,0.374,0.091,0.097,0.392,0.12,0.11,0.191,0.542,0.484,0.076,0.186,0.132,0.291,0.215,0.613,0.967,0.051,0.381,0.676,0.241,0.19,0.082,0.075,0.429,0.088,0.063,0.189,0.427,0.359,0.032,0.104,0.099,0.402,0.279,0.37,0.338,0.101,0.39,0.419,0.236,0.22,0.288,0.272,0.427,0.259,0.195,0.239,0.447,0.445,0.109,0.218,0.337,0.329,0.482,0.454,0.417,0.052,0.971,0.728,0.14,0.322,0.135,0.137,0.682,0.219,0.07,0.215,0.49,0.404,0.073,0.182,0.19,0.381,0.357,0.442,0.57,0.059,0.621,0.958,0.177,0.251,0.145,0.159,0.547,0.166,0.109,0.293,0.438,0.371,0.085,0.137,0.197,0.478,0.151,0.372,0.264,0.064,0.282,0.268,0.957,0.168,0.051,0.068,0.282,0.084,0.102,0.114,0.445,0.292,0.078,0.108,0.09,0.274,0.319,0.448,0.262,0.056,0.426,0.405,0.236,0.992,0.129,0.148,0.409,0.199,0.246,0.13,0.379,0.266,0.108,0.432,0.152,0.303,0.127,0.177,0.172,0.136,0.202,0.168,0.141,0.12,0.926,0.614,0.177,0.508,0.37,0.094,0.217,0.339,0.163,0.29,0.713,0.265,0.159,0.174,0.162,0.128,0.205,0.203,0.067,0.126,0.602,0.912,0.215,0.614,0.376,0.129,0.252,0.335,0.141,0.289,0.554,0.377,0.595,0.397,0.348,0.068,0.588,0.564,0.181,0.236,0.168,0.151,0.957,0.203,0.066,0.316,0.447,0.429,0.059,0.157,0.202,0.296,0.142,0.17,0.126,0.152,0.256,0.114,0.083,0.126,0.611,0.679,0.233,0.979,0.347,0.071,0.261,0.331,0.146,0.244,0.57,0.196,0.151,0.139,0.108,0.079,0.174,0.141,0.115,0.24,0.374,0.467,0.147,0.417,0.965,0.095,0.266,0.226,0.434,0.721,0.4,0.377,0.133,0.198,0.228,0.054,0.33,0.342,0.139,0.13,0.099,0.099,0.359,0.109,0.053,0.993,0.36,0.402,0.034,0.094,0.174,0.53,0.309,0.449,0.33,0.13,0.43,0.38,0.315,0.252,0.216,0.209,0.425,0.19,0.13,0.233,0.898,0.548,0.081,0.192,0.238,0.396,0.249,0.391,0.305,0.157,0.345,0.404,0.187,0.14,0.271,0.212,0.416,0.256,0.11,0.24,0.628,0.959,0.056,0.139,0.386,0.254,0.113,0.051,0.05,0.081,0.133,0.147,0.094,0.378,0.093,0.119,0.144,0.133,0.652,0.046,0.18,0.14,1,0.852,0.111,0.21,0.2,0.203,0.108,0.06,0.283,0.293,0.108,0.569,0.275,0.281,0.266,0.234,0.72,0.106,0.258,0.251,0.542,0.978,0.24,0.42,0.16,0.153,0.173,0.168,0.204,0.191,0.113,0.101,0.719,0.531,0.218,0.446,0.28,0.167,0.284,0.451,0.096,0.224,0.907
0-211.txt_27,0.681,0.195,0.215,0.237,0.218,0.218,0.239,0.312,0.248,0.491,0.373,0.298,0.431,0.287,0.245,0.319,0.304,0.247,0.263,0.527,0.344,0.656,0.321,0.479,0.079,0.387,0.547,0.234,0.438,0.161,0.12,0.614,0.207,0.127,0.256,0.429,0.453,0.153,0.237,0.388,0.364,0.395,0.791,0.414,0.179,0.404,0.489,0.318,0.365,0.047,0.068,0.474,0.245,0.078,0.182,0.571,0.396,0.113,0.037,0.057,0.236,0.262,0.462,0.769,0.14,0.391,0.668,0.273,0.377,0.164,0.153,0.448,0.217,0.195,0.276,0.319,0.269,0.109,0.124,0.254,0.359,0.345,0.082,0.032,0.865,0.185,0.058,0.222,0.336,0.423,0.5,0.409,0.627,0.222,0.315,0.259,0.577,0.014,0.339,0.584,0.297,0.435,0.267,0.411,0.158,0.728,0.546,0.227,0.507,0.21,0.246,0.669,0.172,0.241,0.244,0.365,0.339,0.193,0.328,0.247,0.318,0.378,0.392,0.643,0.019,0.52,0.761,0.18,0.432,0.182,0.207,0.64,0.186,0.154,0.329,0.372,0.391,0.253,0.324,0.294,0.374,0.154,0.302,0.263,0.17,0.159,0.155,0.966,0.263,0.119,0.121,0.193,0.137,0.19,0.263,0.368,0.186,0.181,0.175,0.127,0.315,0.835,0.235,0.056,0.116,0.408,0.409,0.086,0.85,0.397,0.432,0.821,0.189,0.226,0.252,0.225,0.333,0.061,0.231,0.411,0.318,0.303,0.15,0.092,0.131,0.171,0.169,0.092,0.271,0.69,0.638,0.179,0.666,0.442,0.198,0.232,0.332,0.229,0.314,0.659,0.41,0.108,0.149,0.074,0.288,0.083,0.083,0.187,0.185,0.643,0.77,0.147,0.612,0.525,0.122,0.172,0.257,0.294,0.445,0.703,0.539,0.43,0.424,0.483,0.079,0.479,0.588,0.208,0.433,0.129,0.153,0.758,0.354,0.035,0.468,0.467,0.402,0.141,0.08,0.179,0.361,0.243,0.3,0.08,0.339,0.176,0.078,0.228,0.277,0.412,0.545,0.224,0.769,0.433,0.111,0.306,0.236,0.246,0.413,0.516,0.459,0.041,0.129,0.224,0.364,0.188,0.205,0.462,0.374,0.49,0.571,0.115,0.434,0.772,0.242,0.173,0.286,0.261,0.499,0.594,0.315,0.247,0.457,0.506,0.079,0.499,0.449,0.277,0.217,0.257,0.219,0.412,0.195,0.161,0.846,0.356,0.342,0.092,0.139,0.305,0.442,0.229,0.209,0.414,0.246,0.305,0.456,0.317,0.282,0.285,0.27,0.411,0.194,0.106,0.281,0.662,0.407,0.153,0.118,0.39,0.282,0.344,0.417,0.273,0.326,0.359,0.371,0.156,0.297,0.417,0.301,0.396,0.357,0.27,0.301,0.431,0.564,0.09,0.174,0.467,0.44,0.177,0.379,0.477,0.281,0.429,0.14,0.24,0.563,0.217,0.261,0.15,0.284,0.744,0.316,0.361,0.36,0.831,0.799,0.319,0.446,0.355,0.191,0.237,0.406,0.265,0.267,0.221,0.594,0.456,0.409,0.518,0.48,0.454,0.395,0.152,0.12,0.198,0.546,0.342,0.397,0.065,0.068,0.038,0.305,0.062,0.046,0.146,0.132,0.837,0.581,0.102,0.516,0.321,0.136,0.21,0.441,0.248,0.264,0.933
0-211.txt_29,0.788,0.331,0.334,0.312,0.297,0.333,0.269,0.32,0.252,0.348,0.379,0.303,0.241,0.188,0.27,0.651,0.411,0.102,0.144,0.463,0.337,0.886,0.498,0.274,0.127,0.551,0.528,0.268,0.386,0.119,0.225,0.654,0.191,0.081,0.33,0.552,0.343,0.122,0.191,0.17,0.152,0.454,0.918,0.49,0.28,0.387,0.384,0.422,0.623,0.131,0.077,0.366,0.186,0.198,0.297,0.524,0.375,0.166,0.225,0.111,0.166,0.386,0.759,0.892,0.086,0.459,0.679,0.361,0.353,0.088,0.156,0.361,0.114,0.139,0.324,0.578,0.343,0.136,0.158,0.108,0.284,0.104,0.165,0.204,0.998,0.13,0.194,0.144,0.11,0.202,0.325,0.09,0.188,0.145,0.165,0.346,0.18,0.176,0.152,0.24,0.315,0.618,0.39,0.304,0.204,0.925,0.578,0.209,0.412,0.119,0.251,0.612,0.254,0.171,0.191,0.497,0.435,0.14,0.155,0.193,0.209,0.352,0.604,0.649,0.125,0.578,0.869,0.342,0.419,0.126,0.252,0.452,0.176,0.087,0.259,0.501,0.319,0.24,0.182,0.205,0.448,0.249,0.474,0.41,0.238,0.292,0.298,0.932,0.285,0.115,0.179,0.257,0.172,0.121,0.244,0.536,0.282,0.153,0.141,0.183,0.207,0.465,0.561,0.301,0.208,0.476,0.418,0.218,0.945,0.117,0.202,0.513,0.196,0.375,0.107,0.541,0.277,0.174,0.602,0.24,0.303,0.172,0.245,0.072,0.26,0.191,0.128,0.042,0.143,0.887,0.813,0.177,0.439,0.355,0.074,0.273,0.318,0.128,0.09,0.726,0.231,0.124,0.136,0.067,0.257,0.152,0.128,0.07,0.14,0.648,0.909,0.15,0.631,0.527,0.115,0.173,0.204,0.246,0.237,0.522,0.351,0.695,0.456,0.371,0.168,0.622,0.552,0.317,0.342,0.133,0.243,0.82,0.255,0.094,0.528,0.54,0.311,0.128,0.163,0.225,0.139,0.113,0.151,0.228,0.069,0.216,0.033,0.015,0.058,0.824,0.935,0.058,0.954,0.726,0.025,0.234,0.252,0.076,0.347,0.734,0.171,0.113,0.195,0.16,0.178,0.172,0.178,0.159,0.261,0.495,0.624,0.132,0.412,0.919,0.07,0.18,0.192,0.381,0.634,0.416,0.365,0.284,0.295,0.276,0.14,0.356,0.363,0.211,0.25,0.17,0.278,0.257,0.142,0.17,0.953,0.52,0.35,0.085,0.16,0.227,0.42,0.36,0.485,0.288,0.211,0.424,0.355,0.272,0.317,0.194,0.232,0.348,0.192,0.188,0.345,0.896,0.647,0.135,0.184,0.297,0.402,0.415,0.418,0.25,0.192,0.42,0.341,0.309,0.384,0.285,0.386,0.351,0.256,0.139,0.289,0.681,0.795,0.237,0.162,0.297,0.111,0.295,0.134,0.109,0.171,0.416,0.265,0.153,0.305,0.095,0.333,0.31,0.237,0.535,0.205,0.341,0.286,0.919,0.577,0.277,0.149,0.237,0.201,0.087,0.221,0.307,0.186,0.161,0.538,0.241,0.431,0.172,0.322,0.898,0.139,0.206,0.226,0.494,0.97,0.287,0.293,0.172,0.212,0.1,0.257,0.19,0.254,0.094,0.203,0.783,0.717,0.162,0.42,0.353,0.139,0.355,0.498,0.134,0.197,0.819
0-211.txt_31,0.741,0.231,0.372,0.28,0.062,0.41,0.282,0.384,0.19,0.32,0.335,0.257,0.25,0.264,0.3,0.539,0.473,0.201,0.351,0.443,0.252,0.884,0.467,0.351,0.049,0.565,0.388,0.197,0.297,0.145,0.157,0.692,0.154,0.144,0.172,0.465,0.49,0.233,0.367,0.169,0.301,0.422,0.902,0.609,0.024,0.426,0.363,0.416,0.322,0.163,0.14,0.411,0.189,0.224,0.28,0.559,0.519,0.089,0.39,0.202,0.31,0.33,0.756,0.903,0.06,0.52,0.53,0.393,0.269,0.164,0.119,0.413,0.152,0.114,0.278,0.507,0.465,0.154,0.247,0.134,0.347,0.384,0.482,0.176,0.905,0.269,0.121,0.482,0.274,0.482,0.558,0.254,0.214,0.179,0.047,0.653,0.843,0.248,0.507,0.558,0.324,0.606,0.671,0.382,0.026,0.88,0.473,0.37,0.361,0.2,0.175,0.449,0.204,0.294,0.195,0.491,0.518,0.15,0.358,0.225,0.301,0.43,0.54,0.7,0.022,0.607,0.858,0.2,0.265,0.113,0.132,0.553,0.098,0.101,0.247,0.42,0.482,0.107,0.171,0.167,0.519,0.204,0.459,0.329,0.06,0.253,0.194,0.927,0.14,0.175,0.176,0.228,0.137,0.199,0.206,0.507,0.356,0.145,0.253,0.192,0.235,0.585,0.569,0.348,0.028,0.6,0.308,0.222,0.898,0.116,0.107,0.337,0.161,0.221,0.217,0.415,0.462,0.261,0.551,0.038,0.444,0.229,0.252,0.274,0.043,0.263,0.244,0.204,0.072,0.849,0.572,0.229,0.538,0.397,0.15,0.458,0.443,0.208,0.398,0.667,0.423,0.204,0.263,0.241,0.04,0.256,0.151,0.281,0.193,0.641,0.746,0.193,0.477,0.499,0.234,0.322,0.377,0.241,0.429,0.555,0.3,0.693,0.592,0.5,0.023,0.542,0.452,0.268,0.319,0.21,0.121,0.844,0.148,0.254,0.285,0.495,0.472,0.11,0.413,0.087,0.272,0.212,0.381,0.327,0.034,0.389,0.217,0.149,0.142,0.682,0.643,0.223,0.937,0.5,0.079,0.41,0.534,0.217,0.376,0.403,0.263,0.163,0.19,0.165,0.057,0.284,0.147,0.247,0.366,0.377,0.567,0.177,0.308,0.923,0.165,0.232,0.333,0.511,0.74,0.418,0.466,0.247,0.417,0.381,0.068,0.282,0.221,0.347,0.243,0.224,0.3,0.29,0.144,0.22,0.925,0.498,0.518,0.105,0.285,0.273,0.466,0.367,0.631,0.488,0.052,0.408,0.298,0.518,0.263,0.139,0.145,0.426,0.21,0.132,0.227,0.82,0.637,0.166,0.323,0.178,0.378,0.358,0.587,0.437,0.079,0.464,0.352,0.36,0.207,0.335,0.277,0.3,0.271,0.171,0.19,0.65,0.862,0.185,0.312,0.325,0.221,0.254,0.373,0.205,0.032,0.371,0.287,0.382,0.242,0.237,0.297,0.33,0.202,0.591,0.248,0.239,0.289,0.981,0.814,0.186,0.236,0.224,0.323,0.185,0.042,0.349,0.178,0.227,0.448,0.255,0.28,0.202,0.297,0.723,0.14,0.376,0.34,0.607,0.973,0.276,0.386,0.239,0.176,0.14,0.112,0.288,0.146,0.212,0.188,0.68,0.635,0.182,0.352,0.444,0.142,0.311,0.451,0.309,0.383,0.782
0-211.txt_33,0.835,0.209,0.268,0.282,0.229,0.291,0.342,0.305,0.168,0.34,0.286,0.298,0.272,0.244,0.259,0.585,0.432,0.052,0.219,0.365,0.245,0.963,0.445,0.261,0.064,0.589,0.443,0.151,0.381,0.121,0.136,0.739,0.164,0.124,0.161,0.359,0.288,0.06,0.189,0.153,0.234,0.352,0.949,0.551,0.071,0.413,0.442,0.223,0.398,0.134,0.127,0.443,0.172,0.171,0.152,0.543,0.465,0.111,0.235,0.162,0.231,0.229,0.651,0.956,0.083,0.395,0.693,0.193,0.302,0.187,0.102,0.334,0.15,0.095,0.188,0.469,0.301,0.059,0.133,0.133,0.285,0.135,0.172,0.096,0.998,0.144,0.119,0.102,0.136,0.258,0.254,0.099,0.203,0.149,0.131,0.35,0.311,0.075,0.169,0.274,0.279,0.558,0.466,0.331,0.079,0.956,0.627,0.147,0.388,0.155,0.215,0.625,0.238,0.143,0.239,0.404,0.305,0.054,0.24,0.177,0.292,0.347,0.439,0.631,0.061,0.647,0.964,0.194,0.314,0.127,0.122,0.542,0.133,0.118,0.19,0.459,0.275,0.043,0.147,0.159,0.417,0.228,0.394,0.329,0.164,0.274,0.268,0.931,0.164,0.126,0.135,0.248,0.097,0.13,0.207,0.552,0.31,0.075,0.133,0.155,0.184,0.41,0.434,0.289,0.115,0.491,0.392,0.164,0.986,0.134,0.16,0.373,0.207,0.276,0.197,0.318,0.233,0.089,0.527,0.155,0.304,0.099,0.134,0.121,0.185,0.143,0.129,0.038,0.101,0.955,0.711,0.121,0.584,0.407,0.109,0.204,0.272,0.097,0.271,0.726,0.199,0.136,0.101,0.073,0.187,0.171,0.115,0.066,0.104,0.702,0.936,0.129,0.661,0.47,0.107,0.158,0.236,0.11,0.27,0.578,0.267,0.729,0.411,0.353,0.077,0.573,0.621,0.167,0.28,0.162,0.165,0.955,0.162,0.1,0.198,0.42,0.282,0.058,0.168,0.143,0.264,0.158,0.166,0.08,0.178,0.201,0.147,0.071,0.158,0.613,0.741,0.176,0.979,0.506,0.055,0.208,0.296,0.116,0.427,0.55,0.143,0.097,0.109,0.137,0.119,0.087,0.092,0.058,0.186,0.509,0.577,0.146,0.44,0.99,0.08,0.148,0.15,0.388,0.799,0.376,0.33,0.205,0.216,0.285,0.111,0.311,0.364,0.179,0.141,0.172,0.187,0.332,0.144,0.109,0.984,0.433,0.301,0.042,0.153,0.214,0.489,0.304,0.465,0.378,0.178,0.397,0.408,0.343,0.252,0.186,0.177,0.391,0.174,0.146,0.253,0.891,0.559,0.061,0.232,0.226,0.433,0.269,0.361,0.339,0.164,0.293,0.293,0.179,0.206,0.39,0.313,0.307,0.348,0.18,0.256,0.553,0.907,0.046,0.133,0.448,0.163,0.172,0.244,0.151,0.051,0.147,0.14,0.054,0.239,0.123,0.23,0.108,0.193,0.54,0.07,0.197,0.08,1,0.68,0.126,0.227,0.206,0.215,0.124,0.141,0.288,0.184,0.103,0.56,0.277,0.344,0.184,0.279,0.758,0.053,0.271,0.232,0.47,0.986,0.222,0.353,0.115,0.165,0.127,0.175,0.188,0.155,0.143,0.118,0.758,0.601,0.194,0.443,0.336,0.184,0.294,0.402,0.065,0.229,0.907
0-211.txt_35,0.696,0.394,0.31,0.313,0.275,0.455,0.35,0.287,0.335,0.18,0.336,0.446,0.195,0.268,0.25,0.346,0.2,0.291,0.266,0.279,0.349,0.959,0.342,0.274,0.035,0.463,0.462,0.111,0.571,0.029,0.117,0.76,0.148,0.028,0.128,0.247,0.197,0.185,0.177,0.055,0.326,0.473,0.841,0.571,0.111,0.46,0.48,0.298,0.488,0.045,0.145,0.502,0.16,0.21,0.305,0.223,0.277,0.073,0.251,0.041,0.158,0.182,0.513,0.829,0.021,0.398,0.584,0.221,0.441,0.282,0.119,0.227,0.06,0.315,0.277,0.195,0.173,0.343,0.267,0.245,0.176,0.229,0.413,0.056,0.678,0.305,0.183,0.106,0.605,0.122,0.265,0.22,0.203,0.424,0.356,0.669,0.257,0.024,0.484,0.146,0.402,0.479,0.512,0.354,0.118,0.652,0.793,0.055,0.356,0.28,0.479,0.51,0.378,0.244,0.074,0.295,0.294,0.169,0.272,0.272,0.383,0.416,0.538,0.56,0.051,0.524,0.849,0.196,0.33,0.113,0.143,0.634,0.14,0.054,0.422,0.348,0.242,0.084,0.102,0.134,0.393,0.279,0.343,0.473,0.114,0.332,0.409,0.768,0.128,0.129,0.114,0.259,0.054,0.075,0.274,0.297,0.206,0.123,0.123,0.103,0.126,0.267,0.339,0.203,0.269,0.325,0.194,0.21,0.861,0.159,0.235,0.2,0.213,0.496,0.101,0.281,0.23,0.263,0.682,0.184,0.206,0.15,0.057,0.088,0.123,0.073,0.128,0.089,0.106,0.932,0.783,0.164,0.443,0.434,0.182,0.114,0.275,0.259,0.094,0.857,0.282,0.226,0.168,0.147,0.236,0.268,0.217,0.043,0.185,0.686,0.823,0.179,0.7,0.414,0.138,0.152,0.163,0.17,0.304,0.657,0.312,0.704,0.537,0.314,0.037,0.484,0.348,0.192,0.441,0.128,0.09,0.865,0.235,0.18,0.211,0.336,0.343,0.224,0.308,0.115,0.174,0.425,0.436,0.294,0.156,0.322,0.329,0.119,0.428,0.504,0.48,0.37,0.695,0.235,0.147,0.154,0.261,0.434,0.389,0.42,0.268,0.242,0.159,0.169,0.278,0.146,0.101,0.128,0.481,0.374,0.426,0.176,0.419,0.97,0.104,0.147,0.176,0.517,0.779,0.368,0.157,0.099,0.183,0.364,0.01,0.339,0.319,0.033,0.337,0.113,0.135,0.4,0.126,0.227,0.996,0.15,0.206,0.243,0.26,0.123,0.602,0.281,0.378,0.456,0.143,0.461,0.441,0.031,0.224,0.349,0.317,0.478,0.304,0.066,0.529,0.639,0.473,0.025,0.094,0.361,0.365,0.378,0.344,0.335,0.057,0.447,0.438,0.124,0.263,0.296,0.343,0.403,0.267,0.186,0.175,0.441,0.619,0.135,0.272,0.268,0.088,0.241,0.223,0.212,0.209,0.07,0.374,0.19,0.724,0.349,0.251,0.056,0.132,0.652,0.152,0.056,0.094,0.943,0.667,0.273,0.47,0.355,0.263,0.128,0.261,0.448,0.448,0.179,0.582,0.498,0.637,0.305,0.498,0.622,0.159,0.357,0.357,0.265,0.812,0.468,0.285,0.464,0.202,0.063,0.223,0.128,0.184,0.378,0.041,0.817,0.683,0.179,0.637,0.389,0.237,0.17,0.228,0.204,0.141,0.839
0-211.txt_37,0.796,0.337,0.399,0.299,0.051,0.41,0.293,0.449,0.192,0.25,0.221,0.34,0.159,0.278,0.271,0.57,0.525,0.106,0.314,0.305,0.295,0.891,0.435,0.409,0.035,0.555,0.403,0.21,0.307,0.24,0.169,0.658,0.228,0.147,0.143,0.411,0.457,0.115,0.388,0.224,0.34,0.412,0.945,0.642,0.032,0.431,0.374,0.443,0.296,0.102,0.081,0.495,0.181,0.07,0.187,0.572,0.477,0.097,0.225,0.083,0.285,0.36,0.703,0.93,0.063,0.516,0.593,0.323,0.315,0.115,0.095,0.409,0.104,0.141,0.271,0.55,0.482,0.094,0.204,0.127,0.269,0.953,0.5,0.881,0.269,0.5,0.119,0.018,0.047,0.731,0.731,0.269,0.119,0.731,0.018,0.047,0.119,0.047,0.881,0.731,0.393,0.458,0.501,0.462,0.043,0.855,0.522,0.363,0.352,0.18,0.176,0.409,0.21,0.122,0.317,0.607,0.462,0.11,0.318,0.243,0.277,0.419,0.546,0.718,0.02,0.653,0.837,0.31,0.342,0.139,0.113,0.543,0.113,0.139,0.185,0.471,0.346,0.087,0.202,0.097,0.51,0.277,0.482,0.362,0.055,0.328,0.23,0.879,0.223,0.133,0.135,0.297,0.155,0.197,0.247,0.512,0.37,0.141,0.237,0.158,0.299,0.497,0.567,0.413,0.069,0.54,0.371,0.19,0.926,0.176,0.26,0.443,0.302,0.32,0.15,0.438,0.445,0.301,0.591,0.163,0.269,0.221,0.302,0.247,0.124,0.243,0.149,0.126,0.124,0.831,0.672,0.202,0.46,0.335,0.163,0.303,0.405,0.237,0.362,0.653,0.334,0.222,0.221,0.195,0.081,0.275,0.171,0.233,0.13,0.614,0.839,0.16,0.534,0.52,0.194,0.247,0.415,0.251,0.42,0.584,0.315,0.62,0.477,0.477,0.037,0.675,0.464,0.305,0.33,0.116,0.149,0.83,0.184,0.162,0.293,0.468,0.374,0.124,0.3,0.17,0.48,0.166,0.245,0.27,0.124,0.229,0.187,0.337,0.105,0.656,0.658,0.091,0.788,0.434,0.109,0.341,0.497,0.319,0.352,0.61,0.29,0.237,0.17,0.117,0.033,0.269,0.134,0.159,0.226,0.494,0.477,0.121,0.378,0.911,0.149,0.288,0.3,0.516,0.77,0.434,0.472,0.273,0.347,0.275,0.089,0.283,0.293,0.379,0.219,0.178,0.215,0.368,0.182,0.214,0.845,0.535,0.45,0.206,0.239,0.237,0.469,0.339,0.554,0.414,0.098,0.371,0.31,0.45,0.288,0.186,0.197,0.38,0.145,0.221,0.281,0.844,0.635,0.139,0.306,0.257,0.424,0.383,0.535,0.309,0.093,0.43,0.303,0.323,0.23,0.313,0.251,0.362,0.254,0.274,0.23,0.546,0.863,0.244,0.367,0.317,0.186,0.347,0.222,0.147,0.102,0.38,0.228,0.179,0.383,0.437,0.475,0.3,0.153,0.645,0.113,0.287,0.433,0.988,0.806,0.555,0.233,0.15,0.316,0.129,0.051,0.361,0.151,0.202,0.456,0.275,0.378,0.183,0.232,0.712,0.072,0.32,0.383,0.687,0.968,0.289,0.407,0.118,0.203,0.161,0.072,0.245,0.11,0.168,0.088,0.71,0.649,0.122,0.424,0.359,0.197,0.322,0.395,0.158,0.441,0.841
0-211.txt_39,0.921,0.266,0.205,0.214,0.213,0.278,0.304,0.417,0.169,0.275,0.283,0.269,0.273,0.208,0.208,0.568,0.391,0.122,0.162,0.352,0.345,0.979,0.317,0.218,0.123,0.534,0.377,0.177,0.401,0.178,0.236,0.683,0.216,0.102,0.115,0.339,0.264,0.076,0.132,0.193,0.262,0.358,0.957,0.665,0.122,0.416,0.417,0.224,0.469,0.149,0.069,0.35,0.168,0.073,0.188,0.522,0.34,0.118,0.191,0.132,0.398,0.316,0.621,0.974,0.053,0.43,0.603,0.297,0.247,0.081,0.108,0.364,0.117,0.05,0.25,0.415,0.36,0.051,0.109,0.094,0.629,0.158,0.089,0.114,0.93,0.186,0.166,0.123,0.191,0.297,0.294,0.161,0.309,0.367,0.132,0.44,0.416,0.197,0.363,0.432,0.401,0.484,0.348,0.378,0.159,0.954,0.571,0.174,0.434,0.17,0.281,0.522,0.316,0.146,0.262,0.415,0.352,0.126,0.181,0.232,0.418,0.426,0.342,0.563,0.042,0.591,0.928,0.207,0.324,0.169,0.268,0.509,0.204,0.097,0.275,0.387,0.309,0.061,0.128,0.226,0.532,0.28,0.284,0.252,0.167,0.238,0.168,0.957,0.144,0.122,0.109,0.284,0.133,0.1,0.2,0.425,0.229,0.108,0.103,0.188,0.304,0.456,0.402,0.244,0.089,0.532,0.409,0.136,0.995,0.063,0.201,0.409,0.18,0.265,0.364,0.363,0.252,0.072,0.473,0.091,0.359,0.129,0.091,0.066,0.201,0.088,0.089,0.104,0.091,0.94,0.73,0.096,0.59,0.42,0.074,0.18,0.334,0.187,0.29,0.761,0.304,0.129,0.126,0.068,0.18,0.156,0.095,0.109,0.115,0.686,0.94,0.106,0.679,0.502,0.154,0.159,0.267,0.195,0.255,0.597,0.434,0.771,0.324,0.256,0.069,0.55,0.482,0.357,0.337,0.185,0.168,0.939,0.208,0.08,0.2,0.375,0.3,0.067,0.162,0.209,0.375,0.21,0.089,0.087,0.128,0.232,0.144,0.152,0.129,0.684,0.734,0.161,0.979,0.412,0.157,0.179,0.279,0.129,0.195,0.6,0.315,0.098,0.071,0.052,0.139,0.09,0.08,0.155,0.166,0.515,0.659,0.082,0.474,0.976,0.135,0.193,0.171,0.444,0.671,0.38,0.306,0.215,0.152,0.189,0.076,0.209,0.229,0.164,0.182,0.212,0.188,0.232,0.157,0.105,0.994,0.326,0.288,0.078,0.097,0.197,0.635,0.269,0.375,0.336,0.13,0.312,0.322,0.4,0.194,0.183,0.107,0.317,0.165,0.119,0.359,0.891,0.521,0.103,0.194,0.211,0.56,0.203,0.265,0.241,0.232,0.311,0.209,0.235,0.133,0.398,0.278,0.217,0.347,0.188,0.236,0.61,0.915,0.069,0.174,0.394,0.242,0.171,0.108,0.067,0.151,0.145,0.155,0.151,0.152,0.262,0.346,0.14,0.306,0.628,0.123,0.174,0.17,1,0.701,0.218,0.253,0.265,0.205,0.095,0.107,0.304,0.187,0.129,0.478,0.287,0.249,0.26,0.25,0.712,0.242,0.221,0.241,0.442,0.984,0.335,0.432,0.171,0.143,0.104,0.169,0.164,0.151,0.19,0.131,0.737,0.641,0.124,0.587,0.331,0.138,0.204,0.396,0.083,0.172,0.899
0-211.txt_41,0.812,0.236,0.263,0.274,0.228,0.317,0.311,0.308,0.21,0.34,0.294,0.282,0.231,0.179,0.196,0.55,0.389,0.075,0.273,0.293,0.283,0.943,0.382,0.343,0.035,0.545,0.458,0.146,0.418,0.112,0.177,0.712,0.18,0.141,0.161,0.385,0.236,0.147,0.248,0.114,0.313,0.451,0.878,0.599,0.08,0.575,0.56,0.288,0.358,0.184,0.179,0.508,0.196,0.166,0.329,0.474,0.437,0.024,0.216,0.177,0.22,0.351,0.55,0.939,0.08,0.419,0.628,0.226,0.357,0.146,0.125,0.293,0.175,0.156,0.143,0.399,0.289,0.084,0.23,0.181,0.428,0.164,0.206,0.119,0.989,0.26,0.187,0.141,0.191,0.303,0.484,0.156,0.301,0.259,0.034,0.364,0.299,0.124,0.3,0.46,0.292,0.532,0.515,0.422,0.129,0.935,0.615,0.163,0.375,0.145,0.214,0.575,0.174,0.157,0.247,0.438,0.349,0.054,0.225,0.155,0.333,0.483,0.373,0.58,0.086,0.676,0.857,0.144,0.304,0.18,0.173,0.561,0.214,0.14,0.199,0.426,0.297,0.099,0.189,0.197,0.45,0.331,0.344,0.311,0.094,0.321,0.306,0.857,0.339,0.232,0.219,0.443,0.14,0.121,0.282,0.468,0.288,0.113,0.156,0.183,0.454,0.468,0.717,0.133,0.023,0.413,0.272,0.283,0.937,0.158,0.202,0.381,0.197,0.201,0.099,0.437,0.139,0.067,0.571,0.125,0.302,0.202,0.164,0.126,0.239,0.167,0.131,0.119,0.114,0.855,0.705,0.182,0.524,0.495,0.107,0.212,0.329,0.15,0.303,0.687,0.249,0.165,0.152,0.105,0.179,0.186,0.145,0.101,0.156,0.72,0.914,0.154,0.574,0.475,0.174,0.143,0.216,0.143,0.297,0.597,0.394,0.711,0.449,0.339,0.067,0.541,0.597,0.189,0.3,0.267,0.259,0.882,0.187,0.065,0.24,0.392,0.4,0.066,0.123,0.216,0.386,0.292,0.184,0.122,0.077,0.4,0.268,0.106,0.184,0.463,0.551,0.3,0.973,0.311,0.275,0.252,0.366,0.091,0.427,0.435,0.303,0.259,0.087,0.045,0.133,0.118,0.119,0.112,0.35,0.559,0.712,0.209,0.472,0.932,0.112,0.15,0.105,0.265,0.575,0.486,0.274,0.251,0.164,0.459,0.112,0.275,0.41,0.163,0.103,0.187,0.165,0.417,0.159,0.169,0.977,0.37,0.23,0.162,0.249,0.175,0.428,0.402,0.417,0.416,0.147,0.455,0.418,0.292,0.272,0.206,0.221,0.474,0.191,0.191,0.263,0.746,0.46,0.096,0.257,0.235,0.384,0.332,0.334,0.391,0.207,0.349,0.4,0.177,0.177,0.273,0.232,0.439,0.268,0.211,0.209,0.567,0.819,0.058,0.164,0.347,0.331,0.223,0.167,0.028,0.249,0.07,0.141,0.229,0.404,0.439,0.502,0.237,0.316,0.561,0.166,0.378,0.424,0.999,0.544,0.322,0.225,0.367,0.311,0.189,0.166,0.352,0.324,0.231,0.536,0.404,0.339,0.369,0.224,0.606,0.212,0.322,0.208,0.168,0.919,0.29,0.402,0.16,0.196,0.106,0.269,0.217,0.196,0.095,0.09,0.726,0.578,0.152,0.471,0.343,0.182,0.309,0.334,0.069,0.211,0.849
0-211.txt_43,0.738,0.299,0.373,0.349,0.111,0.246,0.661,0.349,0.071,0.024,0.048,0.577,0.038,0.014,0.272,0.615,0.457,0.01,0.102,0.111,0.033,0.999,0.194,0.033,0.253,0.575,0.119,0.018,0.119,0.007,0.018,0.747,0.033,0.007,0.018,0.047,0.083,0.007,0.018,0.007,0.143,0.164,0.943,0.44,0.084,0.424,0.582,0.377,0.285,0.325,0.225,0.381,0.206,0.127,0.031,0.292,0.358,0.186,0.095,0.365,0.179,0.151,0.935,0.966,0.02,0.176,0.613,0.621,0.274,0.044,0.215,0.121,0.271,0.027,0.138,0.347,0.292,0.016,0.045,0.1,0.5,0.018,0.018,0.007,0.953,0.018,0.047,0.018,0.047,0.047,0.119,0.018,0.119,1,0.007,0.269,0.269,0.119,0.5,0.047,0.164,0.325,0.434,0.51,0.073,0.874,0.688,0.045,0.414,0.115,0.116,0.629,0.144,0.057,0.104,0.417,0.483,0.013,0.186,0.304,0.167,0.197,0.278,0.652,0.066,0.483,0.947,0.037,0.185,0.161,0.078,0.594,0.17,0.151,0.077,0.285,0.357,0.161,0.134,0.281,0.328,0.049,0.428,0.427,0.022,0.116,0.153,0.916,0.029,0.143,0.044,0.183,0.025,0.023,0.177,0.347,0.157,0.1,0.037,0.104,0.047,0.731,0.881,0.881,0.018,0.5,0.5,0.047,0.982,0.119,0.269,0.953,0.119,0.018,0.047,0.731,0.731,0.018,0.119,0.119,0.235,0.233,0.132,0.194,0.064,0.186,0.231,0.035,0.161,0.834,0.458,0.31,0.579,0.375,0.072,0.2,0.5,0.099,0.326,0.682,0.17,0.066,0.08,0.119,0.152,0.157,0.162,0.042,0.111,0.799,0.839,0.222,0.913,0.595,0.074,0.123,0.206,0.259,0.474,0.762,0.212,0.577,0.435,0.264,0.072,0.475,0.435,0.133,0.349,0.178,0.137,0.961,0.179,0.019,0.129,0.317,0.451,0.01,0.142,0.282,0.31,0.051,0.012,0.007,0.284,0.113,0.015,0.038,0.025,0.595,0.869,0.025,0.998,0.289,0.191,0.151,0.065,0.382,0.274,0.673,0.142,0.047,0.026,0.013,0.234,0.138,0.074,0.054,0.162,0.381,0.318,0.047,0.553,0.945,0.015,0.193,0.148,0.509,0.828,0.357,0.269,0.047,0.953,0.731,0.018,0.047,0.269,0.953,0.047,0.007,0.007,0.047,0.018,0.007,0.982,0.881,0.119,0.007,0.007,0.018,0.352,0.173,0.381,0.374,0.397,0.258,0.172,0.157,0.329,0.352,0.313,0.475,0.1,0.523,0.173,0.787,0.316,0.282,0.373,0.345,0.214,0.292,0.263,0.173,0.205,0.405,0.412,0.219,0.346,0.292,0.163,0.507,0.062,0.056,0.029,0.43,0.86,0.035,0.219,0.431,0.222,0.233,0.331,0.318,0.139,0.323,0.388,0.2,0.226,0.35,0.261,0.43,0.278,0.245,0.1,0.332,0.408,0.15,0.242,0.401,0.018,0.018,0.007,0.002,0.018,0.018,0.007,0.007,0.119,0.018,0.047,0.007,0.047,0.953,0.007,0.018,0.018,1,0.998,0.018,0.172,0.153,0.213,0.185,0.219,0.234,0.344,0.023,0.246,0.684,0.33,0.325,0.196,0.293,0.053,0.345,0.728,0.181,0.166,0.889
0-211.txt_45,0.943,0.111,0.125,0.142,0.243,0.185,0.245,0.218,0.085,0.511,0.365,0.181,0.413,0.233,0.159,0.589,0.377,0.064,0.15,0.691,0.194,0.982,0.511,0.308,0.028,0.575,0.346,0.361,0.244,0.023,0.05,0.783,0.095,0.162,0.083,0.448,0.169,0.033,0.12,0.047,0.213,0.25,0.994,0.637,0.065,0.269,0.298,0.336,0.413,0.069,0.051,0.269,0.102,0.183,0.092,0.661,0.432,0.057,0.235,0.134,0.138,0.398,0.642,0.983,0.025,0.471,0.693,0.119,0.41,0.022,0.025,0.609,0.062,0.022,0.119,0.441,0.299,0.017,0.08,0.044,0.269,0.047,0.018,0.018,1,0.047,0.018,0.018,0.018,0.5,0.953,0.047,0.5,0.269,0.047,0.119,0.119,0.047,0.119,0.5,0.248,0.559,0.4,0.345,0.035,0.97,0.587,0.242,0.368,0.075,0.089,0.702,0.226,0.192,0.099,0.335,0.335,0.089,0.297,0.166,0.271,0.321,0.269,0.677,0.033,0.64,0.967,0.059,0.338,0.188,0.188,0.486,0.172,0.209,0.251,0.321,0.194,0.052,0.24,0.198,0.499,0.114,0.375,0.254,0.067,0.166,0.172,0.976,0.096,0.08,0.048,0.178,0.086,0.033,0.075,0.491,0.227,0.042,0.038,0.146,0.119,0.881,0.269,0.269,0.047,0.5,0.731,0.881,0.993,0.5,0.119,0.881,0.119,0.047,0.047,0.269,0.119,0.047,0.269,0.119,0.271,0.047,0.164,0.041,0.119,0.078,0.049,0.031,0.041,0.978,0.837,0.068,0.737,0.269,0.047,0.219,0.356,0.047,0.119,0.841,0.292,0.068,0.156,0.037,0.119,0.068,0.064,0.047,0.037,0.786,0.93,0.068,0.697,0.335,0.053,0.286,0.248,0.183,0.174,0.794,0.25,0.801,0.463,0.432,0.038,0.672,0.519,0.214,0.359,0.058,0.074,0.954,0.223,0.047,0.175,0.374,0.327,0.038,0.12,0.074,0.347,0.139,0.121,0.248,0.101,0.194,0.121,0.211,0.31,0.748,0.746,0.31,0.972,0.289,0.274,0.194,0.5,0.065,0.194,0.595,0.283,0.04,0.025,0.018,0.092,0.036,0.029,0.034,0.083,0.708,0.614,0.036,0.555,0.988,0.025,0.084,0.139,0.428,0.77,0.68,0.269,0.158,0.158,0.347,0.088,0.347,0.252,0.121,0.121,0.088,0.088,0.347,0.121,0.259,0.998,0.442,0.194,0.088,0.143,0.103,0.609,0.23,0.558,0.442,0.16,0.284,0.361,0.432,0.217,0.077,0.061,0.284,0.17,0.048,0.235,0.96,0.658,0.034,0.095,0.151,0.528,0.222,0.39,0.2,0.168,0.367,0.39,0.292,0.125,0.233,0.191,0.335,0.241,0.125,0.151,0.735,0.966,0.053,0.12,0.38,0.047,0.069,0.449,0.063,0.047,0.464,0.143,0.033,0.31,0.083,0.194,0.069,0.194,0.749,0.033,0.083,0.083,1,0.937,0.083,0.158,0.134,0.164,0.113,0.052,0.249,0.117,0.083,0.648,0.191,0.191,0.183,0.19,0.857,0.038,0.167,0.265,0.681,0.994,0.248,0.401,0.068,0.07,0.041,0.24,0.169,0.069,0.05,0.089,0.779,0.555,0.1,0.565,0.414,0.06,0.181,0.449,0.171,0.336,0.958
0-211.txt_47,0.868,0.403,0.166,0.181,0.217,0.248,0.239,0.348,0.213,0.257,0.434,0.401,0.249,0.324,0.14,0.48,0.346,0.056,0.326,0.431,0.25,0.93,0.409,0.189,0.096,0.508,0.409,0.123,0.241,0.076,0.183,0.58,0.166,0.206,0.365,0.262,0.327,0.135,0.14,0.161,0.328,0.236,0.948,0.445,0.061,0.325,0.37,0.53,0.237,0.074,0.099,0.314,0.173,0.17,0.212,0.673,0.402,0.105,0.169,0.072,0.22,0.262,0.72,0.956,0.053,0.361,0.612,0.282,0.359,0.112,0.087,0.365,0.114,0.047,0.147,0.534,0.354,0.035,0.082,0.113,0.438,0.242,0.277,0.481,0.966,0.279,0.202,0.342,0.145,0.437,0.677,0.242,0.401,0.304,0.126,0.318,0.502,0.158,0.361,0.384,0.218,0.551,0.4,0.527,0.043,0.924,0.621,0.272,0.298,0.119,0.193,0.592,0.18,0.247,0.149,0.408,0.45,0.068,0.15,0.2,0.182,0.436,0.404,0.562,0.1,0.655,0.888,0.255,0.209,0.143,0.157,0.574,0.163,0.126,0.271,0.415,0.335,0.145,0.099,0.321,0.42,0.224,0.375,0.225,0.082,0.194,0.179,0.941,0.124,0.102,0.092,0.279,0.097,0.046,0.15,0.468,0.242,0.043,0.101,0.153,0.264,0.28,0.407,0.267,0.056,0.399,0.271,0.184,0.975,0.185,0.275,0.34,0.29,0.311,0.158,0.384,0.428,0.221,0.572,0.199,0.405,0.156,0.29,0.128,0.146,0.206,0.174,0.231,0.131,0.851,0.594,0.2,0.421,0.47,0.232,0.35,0.364,0.117,0.284,0.587,0.3,0.196,0.2,0.124,0.11,0.202,0.159,0.219,0.117,0.629,0.851,0.218,0.514,0.437,0.09,0.269,0.36,0.145,0.369,0.58,0.278,0.637,0.511,0.426,0.052,0.46,0.445,0.318,0.256,0.122,0.139,0.891,0.137,0.174,0.285,0.481,0.375,0.131,0.322,0.165,0.316,0.287,0.194,0.163,0.106,0.302,0.202,0.227,0.186,0.585,0.561,0.219,0.964,0.468,0.072,0.386,0.232,0.19,0.59,0.578,0.261,0.125,0.095,0.065,0.101,0.137,0.095,0.1,0.173,0.48,0.531,0.172,0.35,0.959,0.068,0.223,0.194,0.437,0.695,0.462,0.372,0.223,0.242,0.369,0.114,0.249,0.344,0.231,0.227,0.159,0.154,0.347,0.134,0.164,0.978,0.339,0.285,0.083,0.208,0.256,0.523,0.294,0.489,0.401,0.197,0.385,0.354,0.333,0.214,0.145,0.182,0.347,0.19,0.143,0.237,0.867,0.542,0.097,0.148,0.215,0.474,0.305,0.381,0.223,0.115,0.259,0.224,0.323,0.154,0.254,0.297,0.325,0.236,0.241,0.175,0.608,0.872,0.175,0.303,0.349,0.164,0.179,0.035,0.021,0.058,0.161,0.045,0.315,0.333,0.609,0.744,0.055,0.302,0.674,0.031,0.173,0.176,0.996,0.629,0.38,0.392,0.381,0.361,0.134,0.217,0.211,0.371,0.496,0.359,0.218,0.214,0.157,0.284,0.661,0.081,0.45,0.322,0.561,0.958,0.26,0.364,0.228,0.151,0.163,0.142,0.226,0.156,0.083,0.074,0.583,0.532,0.218,0.421,0.348,0.138,0.227,0.361,0.154,0.267,0.895
0-211.txt_49,0.862,0.145,0.237,0.332,0.178,0.211,0.39,0.457,0.242,0.254,0.313,0.211,0.228,0.212,0.237,0.432,0.372,0.093,0.241,0.457,0.287,0.948,0.287,0.255,0.073,0.423,0.337,0.362,0.408,0.19,0.18,0.61,0.211,0.164,0.121,0.338,0.588,0.054,0.178,0.227,0.224,0.309,0.986,0.644,0.052,0.338,0.476,0.362,0.3,0.033,0.027,0.376,0.069,0.027,0.119,0.776,0.597,0.019,0.062,0.052,0.148,0.214,0.529,0.992,0.029,0.44,0.662,0.31,0.157,0.038,0.081,0.451,0.069,0.029,0.11,0.527,0.356,0.016,0.042,0.051,0.378,0.13,0.105,0.07,1,0.15,0.223,0.213,0.106,0.135,0.135,0.395,0.119,0.12,0.062,0.498,0.239,0.106,0.424,0.272,0.34,0.441,0.348,0.457,0.159,0.955,0.733,0.234,0.265,0.091,0.186,0.598,0.23,0.064,0.285,0.423,0.369,0.064,0.126,0.115,0.296,0.311,0.457,0.586,0.05,0.576,0.948,0.218,0.219,0.112,0.061,0.474,0.105,0.066,0.301,0.539,0.458,0.044,0.206,0.161,0.507,0.062,0.392,0.306,0.06,0.128,0.198,0.959,0.091,0.207,0.09,0.135,0.108,0.163,0.084,0.338,0.279,0.06,0.173,0.179,0.359,0.473,0.272,0.363,0.062,0.296,0.195,0.111,0.988,0.111,0.315,0.373,0.222,0.363,0.062,0.222,0.145,0.111,0.5,0.085,0.355,0.112,0.139,0.282,0.153,0.279,0.218,0.065,0.126,0.915,0.458,0.246,0.477,0.406,0.208,0.339,0.412,0.102,0.258,0.726,0.316,0.101,0.062,0.083,0.124,0.161,0.114,0.049,0.064,0.659,0.923,0.238,0.577,0.419,0.184,0.319,0.397,0.101,0.303,0.61,0.271,0.572,0.326,0.32,0.048,0.56,0.433,0.09,0.179,0.109,0.164,0.98,0.218,0.19,0.345,0.392,0.298,0.058,0.269,0.173,0.269,0.145,0.111,0.102,0.169,0.195,0.121,0.111,0.135,0.704,0.754,0.145,0.982,0.346,0.121,0.222,0.497,0.145,0.219,0.664,0.137,0.064,0.12,0.113,0.156,0.055,0.052,0.038,0.287,0.362,0.347,0.101,0.316,0.983,0.03,0.123,0.152,0.501,0.859,0.233,0.219,0.574,0.269,0.219,0.047,0.584,0.574,0.095,0.46,0.038,0.071,0.802,0.071,0.038,0.966,0.497,0.677,0.028,0.095,0.071,0.446,0.239,0.533,0.445,0.171,0.409,0.376,0.483,0.194,0.161,0.078,0.506,0.127,0.141,0.142,0.903,0.582,0.047,0.098,0.12,0.571,0.194,0.336,0.348,0.146,0.319,0.434,0.287,0.158,0.151,0.166,0.222,0.185,0.109,0.272,0.657,0.952,0.084,0.157,0.299,0.018,0.018,0.007,0.007,0.047,0.047,0.018,0.047,0.047,0.018,0.047,0.018,0.119,0.5,0.007,0.018,0.047,1,0.731,0.018,0.251,0.229,0.308,0.168,0.332,0.332,0.168,0.148,0.565,0.276,0.227,0.308,0.202,0.63,0.214,0.307,0.208,0.375,0.973,0.168,0.443,0.101,0.221,0.07,0.134,0.146,0.193,0.116,0.103,0.635,0.574,0.192,0.467,0.346,0.188,0.196,0.285,0.099,0.321,0.897
0-211.txt_51,0.982,0.269,0.119,0.119,0.5,0.269,0.269,0.5,0.119,0.269,0.269,0.269,0.269,0.119,0.269,0.731,0.5,0.047,0.119,0.5,0.269,0.993,0.5,0.119,0.047,0.731,0.5,0.119,0.5,0.047,0.119,0.881,0.269,0.047,0.119,0.269,0.269,0.047,0.119,0.119,0.119,0.5,0.998,0.731,0.047,0.5,0.5,0.5,0.731,0.047,0.047,0.5,0.119,0.047,0.119,0.731,0.5,0.018,0.119,0.047,0.119,0.119,0.731,0.998,0.047,0.5,0.881,0.269,0.269,0.047,0.018,0.269,0.047,0.047,0.269,0.5,0.269,0.018,0.047,0.047,0.417,0.243,0.38,0.319,0.199,0.327,0.341,0.315,0.264,0.304,0.29,0.285,0.325,0.256,0.173,0.468,0.387,0.171,0.251,0.343,0.269,0.731,0.5,0.5,0.047,0.993,0.881,0.119,0.5,0.047,0.119,0.731,0.5,0.047,0.269,0.5,0.269,0.119,0.269,0.119,0.269,0.5,0.5,0.881,0.018,0.881,0.993,0.119,0.5,0.047,0.047,0.731,0.119,0.047,0.269,0.5,0.269,0.047,0.119,0.119,0.5,0.119,0.5,0.269,0.119,0.119,0.119,0.998,0.119,0.018,0.018,0.119,0.047,0.047,0.119,0.5,0.119,0.119,0.047,0.047,0.417,0.243,0.38,0.319,0.199,0.327,0.341,0.315,0.264,0.304,0.29,0.285,0.325,0.256,0.173,0.468,0.387,0.171,0.251,0.343,0.269,0.047,0.047,0.047,0.269,0.047,0.047,0.018,0.047,0.982,0.881,0.047,0.731,0.5,0.047,0.119,0.269,0.047,0.269,0.953,0.269,0.119,0.047,0.018,0.269,0.119,0.047,0.018,0.047,0.881,0.982,0.119,0.881,0.5,0.047,0.119,0.269,0.119,0.269,0.731,0.269,0.881,0.5,0.269,0.047,0.731,0.731,0.119,0.269,0.047,0.119,0.982,0.269,0.047,0.269,0.5,0.269,0.047,0.119,0.119,0.269,0.269,0.119,0.047,0.269,0.5,0.119,0.047,0.119,0.731,0.881,0.269,0.993,0.5,0.119,0.269,0.269,0.269,0.269,0.731,0.119,0.047,0.047,0.047,0.119,0.047,0.047,0.047,0.269,0.5,0.5,0.047,0.5,0.998,0.018,0.119,0.119,0.731,0.953,0.269,0.269,0.119,0.119,0.269,0.047,0.269,0.269,0.119,0.119,0.047,0.047,0.269,0.119,0.018,0.999,0.269,0.269,0.018,0.047,0.119,0.731,0.269,0.731,0.5,0.269,0.5,0.5,0.5,0.269,0.119,0.119,0.5,0.269,0.119,0.269,0.982,0.731,0.047,0.119,0.119,0.5,0.269,0.5,0.269,0.269,0.269,0.269,0.119,0.119,0.269,0.269,0.269,0.269,0.119,0.269,0.731,0.993,0.119,0.119,0.5,0.047,0.047,0.018,0.018,0.119,0.119,0.047,0.119,0.119,0.047,0.119,0.047,0.269,0.731,0.018,0.047,0.119,1,0.881,0.047,0.119,0.119,0.119,0.047,0.119,0.269,0.119,0.047,0.881,0.269,0.269,0.119,0.269,0.953,0.047,0.119,0.119,0.881,0.999,0.269,0.5,0.119,0.047,0.047,0.269,0.119,0.119,0.047,0.047,0.953,0.731,0.119,0.731,0.269,0.119,0.119,0.5,0.047,0.269,0.982
0-211.txt_53,0.851,0.243,0.269,0.225,0.336,0.33,0.314,0.386,0.193,0.314,0.304,0.301,0.309,0.247,0.214,0.56,0.403,0.124,0.157,0.39,0.374,0.845,0.347,0.354,0.103,0.556,0.544,0.218,0.51,0.301,0.288,0.769,0.308,0.238,0.189,0.447,0.312,0.172,0.189,0.308,0.248,0.43,0.796,0.468,0.145,0.391,0.264,0.276,0.331,0.264,0.284,0.499,0.223,0.247,0.09,0.553,0.343,0.075,0.256,0.275,0.23,0.284,0.607,0.935,0.115,0.371,0.601,0.255,0.317,0.136,0.092,0.373,0.106,0.078,0.187,0.391,0.242,0.115,0.082,0.134,0.254,0.091,0.136,0.177,0.971,0.061,0.33,0.01,0.093,0.539,0.16,0.136,0.277,0.155,0.131,0.145,0.425,0.169,0.136,0.568,0.406,0.614,0.5,0.435,0.153,0.76,0.647,0.203,0.527,0.239,0.214,0.671,0.235,0.147,0.208,0.474,0.433,0.096,0.204,0.238,0.334,0.513,0.503,0.581,0.178,0.622,0.905,0.251,0.326,0.157,0.129,0.491,0.259,0.099,0.161,0.444,0.448,0.089,0.161,0.188,0.518,0.19,0.399,0.282,0.211,0.208,0.207,0.885,0.268,0.179,0.223,0.263,0.196,0.228,0.182,0.419,0.266,0.144,0.226,0.211,0.169,0.37,0.41,0.528,0.111,0.625,0.651,0.242,0.968,0.354,0.143,0.552,0.273,0.373,0.269,0.437,0.612,0.335,0.142,0.246,0.362,0.165,0.118,0.074,0.332,0.125,0.103,0.15,0.112,0.9,0.735,0.152,0.642,0.506,0.093,0.234,0.36,0.16,0.204,0.808,0.318,0.18,0.131,0.085,0.272,0.184,0.179,0.109,0.169,0.789,0.877,0.174,0.632,0.582,0.153,0.18,0.284,0.215,0.272,0.671,0.241,0.796,0.348,0.207,0.105,0.564,0.514,0.085,0.147,0.178,0.144,0.939,0.291,0.123,0.202,0.196,0.307,0.095,0.189,0.315,0.324,0.107,0.166,0.083,0.042,0.128,0.145,0.083,0.394,0.729,0.699,0.06,0.973,0.63,0.111,0.319,0.249,0.217,0.275,0.535,0.332,0.166,0.113,0.058,0.235,0.172,0.151,0.115,0.235,0.598,0.732,0.112,0.427,0.964,0.065,0.175,0.257,0.581,0.714,0.53,0.39,0.22,0.314,0.39,0.146,0.225,0.352,0.192,0.25,0.325,0.221,0.297,0.256,0.17,0.983,0.441,0.354,0.114,0.127,0.23,0.527,0.341,0.398,0.413,0.314,0.29,0.454,0.336,0.286,0.246,0.215,0.34,0.278,0.202,0.276,0.855,0.584,0.114,0.204,0.278,0.491,0.267,0.392,0.339,0.268,0.325,0.333,0.188,0.235,0.47,0.281,0.355,0.337,0.232,0.165,0.63,0.842,0.074,0.248,0.455,0.298,0.311,0.268,0.151,0.136,0.265,0.172,0.235,0.522,0.626,0.586,0.199,0.454,0.774,0.145,0.14,0.269,0.877,0.69,0.585,0.294,0.161,0.276,0.129,0.148,0.22,0.166,0.209,0.493,0.448,0.508,0.306,0.409,0.763,0.09,0.333,0.248,0.709,0.892,0.325,0.401,0.1,0.071,0.061,0.366,0.108,0.082,0.103,0.056,0.836,0.654,0.129,0.515,0.408,0.166,0.192,0.363,0.093,0.179,0.928
0-211.txt_55,0.835,0.276,0.295,0.27,0.166,0.381,0.403,0.338,0.28,0.241,0.207,0.418,0.25,0.177,0.337,0.659,0.444,0.088,0.184,0.372,0.247,0.923,0.341,0.287,0.09,0.527,0.443,0.194,0.311,0.176,0.209,0.747,0.246,0.08,0.223,0.357,0.31,0.113,0.11,0.194,0.231,0.343,0.93,0.593,0.143,0.394,0.525,0.392,0.339,0.133,0.181,0.34,0.218,0.13,0.139,0.488,0.4,0.06,0.189,0.15,0.273,0.229,0.583,0.939,0.105,0.463,0.681,0.272,0.324,0.124,0.14,0.393,0.125,0.08,0.325,0.429,0.293,0.038,0.07,0.16,0.182,0.051,0.066,0.081,0.989,0.089,0.119,0.104,0.108,0.194,0.193,0.078,0.147,0.095,0.051,0.25,0.258,0.065,0.081,0.228,0.289,0.513,0.342,0.295,0.133,0.888,0.607,0.176,0.313,0.22,0.242,0.586,0.254,0.149,0.222,0.445,0.409,0.126,0.211,0.223,0.354,0.451,0.413,0.63,0.069,0.669,0.936,0.25,0.38,0.142,0.124,0.59,0.139,0.055,0.342,0.441,0.335,0.048,0.082,0.193,0.422,0.213,0.339,0.267,0.121,0.313,0.275,0.954,0.127,0.124,0.102,0.374,0.12,0.119,0.258,0.422,0.248,0.106,0.138,0.208,0.219,0.383,0.437,0.496,0.202,0.521,0.406,0.234,0.962,0.152,0.108,0.367,0.128,0.15,0.255,0.446,0.324,0.161,0.44,0.109,0.312,0.065,0.1,0.088,0.119,0.162,0.164,0.088,0.133,0.925,0.675,0.102,0.559,0.329,0.148,0.188,0.325,0.077,0.135,0.787,0.281,0.218,0.197,0.133,0.176,0.322,0.236,0.163,0.193,0.577,0.86,0.247,0.572,0.336,0.259,0.271,0.281,0.129,0.208,0.582,0.326,0.674,0.424,0.362,0.112,0.618,0.613,0.256,0.264,0.149,0.193,0.915,0.227,0.129,0.281,0.445,0.383,0.089,0.128,0.203,0.16,0.4,0.294,0.242,0.127,0.286,0.259,0.119,0.22,0.549,0.618,0.349,0.913,0.273,0.118,0.364,0.295,0.131,0.132,0.552,0.234,0.2,0.192,0.193,0.245,0.288,0.264,0.108,0.35,0.391,0.545,0.322,0.393,0.881,0.161,0.246,0.202,0.239,0.641,0.378,0.341,0.267,0.286,0.357,0.108,0.331,0.379,0.188,0.252,0.193,0.171,0.318,0.185,0.161,0.961,0.417,0.379,0.096,0.123,0.174,0.524,0.406,0.461,0.332,0.273,0.467,0.456,0.369,0.208,0.143,0.206,0.514,0.225,0.158,0.409,0.877,0.56,0.097,0.195,0.224,0.387,0.3,0.368,0.341,0.227,0.361,0.374,0.192,0.182,0.37,0.319,0.337,0.341,0.186,0.217,0.666,0.878,0.128,0.103,0.362,0.177,0.102,0.099,0.138,0.205,0.239,0.217,0.17,0.135,0.21,0.369,0.252,0.235,0.62,0.102,0.198,0.188,0.999,0.576,0.122,0.154,0.281,0.281,0.139,0.174,0.23,0.285,0.09,0.531,0.255,0.298,0.257,0.271,0.73,0.084,0.288,0.28,0.47,0.963,0.234,0.335,0.155,0.121,0.092,0.186,0.198,0.187,0.087,0.119,0.726,0.543,0.191,0.536,0.301,0.209,0.215,0.357,0.09,0.231,0.906
0-211.txt_57,0.769,0.32,0.334,0.35,0.311,0.38,0.392,0.356,0.161,0.319,0.293,0.412,0.386,0.247,0.27,0.489,0.467,0.087,0.247,0.343,0.247,0.922,0.266,0.162,0.248,0.447,0.381,0.084,0.36,0.175,0.234,0.783,0.314,0.137,0.206,0.301,0.452,0.125,0.243,0.209,0.279,0.434,0.953,0.673,0.197,0.281,0.299,0.338,0.324,0.161,0.106,0.496,0.214,0.036,0.19,0.652,0.39,0.183,0.132,0.147,0.207,0.206,0.606,0.948,0.078,0.406,0.693,0.152,0.288,0.1,0.108,0.377,0.096,0.071,0.279,0.329,0.285,0.091,0.109,0.163,0.347,0.329,0.402,0.031,0.979,0.224,0.113,0.119,0.276,0.307,0.519,0.217,0.372,0.402,0.309,0.392,0.29,0.261,0.545,0.401,0.309,0.387,0.439,0.482,0.149,0.949,0.79,0.155,0.326,0.14,0.255,0.562,0.259,0.198,0.257,0.405,0.45,0.032,0.276,0.189,0.242,0.435,0.384,0.569,0.08,0.678,0.939,0.137,0.201,0.19,0.183,0.631,0.176,0.13,0.247,0.413,0.282,0.051,0.232,0.24,0.356,0.164,0.441,0.307,0.081,0.206,0.259,0.968,0.242,0.07,0.067,0.373,0.109,0.05,0.267,0.469,0.263,0.093,0.156,0.104,0.223,0.41,0.454,0.366,0.165,0.511,0.402,0.048,0.995,0.193,0.114,0.447,0.074,0.181,0.079,0.54,0.337,0.058,0.511,0.167,0.252,0.204,0.153,0.065,0.208,0.103,0.12,0.05,0.093,0.946,0.703,0.178,0.541,0.568,0.104,0.157,0.213,0.32,0.287,0.841,0.227,0.21,0.082,0.139,0.109,0.187,0.154,0.071,0.257,0.746,0.919,0.182,0.647,0.56,0.049,0.107,0.228,0.144,0.369,0.595,0.278,0.661,0.458,0.349,0.054,0.59,0.506,0.185,0.302,0.114,0.21,0.91,0.289,0.183,0.185,0.461,0.335,0.16,0.242,0.182,0.251,0.307,0.115,0.157,0.425,0.242,0.168,0.112,0.181,0.572,0.679,0.365,0.947,0.479,0.034,0.309,0.314,0.125,0.395,0.544,0.111,0.101,0.125,0.072,0.135,0.124,0.106,0.05,0.292,0.498,0.498,0.107,0.379,0.973,0.048,0.089,0.13,0.499,0.707,0.409,0.282,0.283,0.252,0.385,0.13,0.253,0.4,0.152,0.166,0.149,0.121,0.405,0.052,0.111,0.982,0.32,0.26,0.098,0.256,0.192,0.415,0.282,0.388,0.336,0.179,0.261,0.411,0.276,0.35,0.2,0.107,0.484,0.074,0.135,0.409,0.862,0.624,0.12,0.199,0.277,0.352,0.358,0.455,0.302,0.213,0.352,0.473,0.186,0.251,0.259,0.248,0.466,0.266,0.165,0.204,0.546,0.862,0.083,0.276,0.344,0.225,0.138,0.169,0.33,0.303,0.14,0.199,0.043,0.198,0.164,0.361,0.26,0.274,0.608,0.025,0.403,0.153,0.998,0.857,0.225,0.279,0.118,0.168,0.079,0.089,0.193,0.262,0.085,0.429,0.426,0.486,0.11,0.371,0.655,0.123,0.226,0.312,0.345,0.985,0.479,0.283,0.147,0.065,0.236,0.139,0.104,0.273,0.127,0.173,0.741,0.641,0.17,0.45,0.349,0.232,0.204,0.34,0.134,0.271,0.932
0-211.txt_59,0.857,0.224,0.261,0.263,0.239,0.349,0.344,0.279,0.221,0.268,0.277,0.299,0.321,0.198,0.22,0.513,0.434,0.078,0.215,0.387,0.287,0.932,0.364,0.249,0.103,0.524,0.422,0.169,0.376,0.181,0.168,0.748,0.248,0.128,0.166,0.357,0.323,0.079,0.22,0.186,0.277,0.411,0.894,0.539,0.122,0.419,0.429,0.313,0.377,0.12,0.123,0.466,0.172,0.098,0.209,0.51,0.412,0.066,0.194,0.134,0.249,0.261,0.605,0.946,0.101,0.424,0.728,0.242,0.32,0.11,0.105,0.402,0.161,0.081,0.236,0.412,0.318,0.049,0.134,0.148,0.396,0.22,0.139,0.142,0.972,0.259,0.164,0.176,0.212,0.362,0.327,0.22,0.392,0.206,0.166,0.362,0.338,0.171,0.251,0.399,0.361,0.475,0.435,0.352,0.118,0.902,0.6,0.23,0.418,0.147,0.19,0.612,0.262,0.145,0.21,0.461,0.322,0.076,0.205,0.187,0.31,0.405,0.405,0.647,0.082,0.612,0.913,0.219,0.29,0.163,0.141,0.535,0.207,0.105,0.214,0.422,0.35,0.057,0.147,0.192,0.378,0.211,0.337,0.279,0.137,0.238,0.259,0.923,0.185,0.099,0.106,0.284,0.145,0.139,0.175,0.399,0.252,0.082,0.149,0.136,0.264,0.391,0.43,0.294,0.148,0.48,0.381,0.129,0.958,0.156,0.184,0.364,0.215,0.27,0.184,0.324,0.266,0.124,0.523,0.203,0.258,0.137,0.108,0.111,0.228,0.16,0.14,0.101,0.142,0.93,0.656,0.16,0.592,0.385,0.131,0.177,0.295,0.087,0.214,0.794,0.225,0.165,0.103,0.085,0.197,0.189,0.137,0.097,0.139,0.676,0.899,0.171,0.657,0.473,0.092,0.172,0.277,0.121,0.292,0.581,0.314,0.716,0.393,0.312,0.106,0.561,0.477,0.198,0.329,0.153,0.146,0.935,0.214,0.116,0.277,0.404,0.341,0.046,0.162,0.201,0.282,0.243,0.177,0.116,0.236,0.251,0.209,0.13,0.249,0.595,0.675,0.25,0.95,0.381,0.1,0.23,0.332,0.17,0.308,0.529,0.195,0.186,0.131,0.12,0.201,0.165,0.15,0.103,0.283,0.476,0.537,0.184,0.443,0.921,0.111,0.165,0.218,0.351,0.698,0.403,0.334,0.239,0.186,0.247,0.104,0.27,0.314,0.173,0.161,0.15,0.122,0.326,0.183,0.115,0.966,0.378,0.271,0.038,0.146,0.182,0.509,0.323,0.484,0.329,0.241,0.404,0.357,0.296,0.271,0.173,0.151,0.373,0.186,0.168,0.282,0.848,0.588,0.054,0.181,0.205,0.393,0.329,0.384,0.287,0.227,0.346,0.328,0.212,0.239,0.296,0.225,0.37,0.297,0.15,0.197,0.588,0.906,0.071,0.166,0.375,0.149,0.177,0.107,0.124,0.22,0.127,0.172,0.12,0.274,0.179,0.239,0.179,0.21,0.613,0.128,0.189,0.157,0.999,0.688,0.226,0.172,0.239,0.177,0.117,0.146,0.17,0.126,0.096,0.492,0.341,0.352,0.2,0.351,0.758,0.111,0.169,0.183,0.484,0.955,0.32,0.339,0.185,0.165,0.13,0.211,0.204,0.162,0.105,0.148,0.753,0.533,0.205,0.489,0.34,0.137,0.273,0.38,0.088,0.242,0.879
0-211.txt_61,0.944,0.241,0.156,0.118,0.423,0.217,0.217,0.52,0.104,0.239,0.231,0.224,0.229,0.097,0.217,0.668,0.468,0.042,0.134,0.437,0.31,0.977,0.469,0.167,0.044,0.646,0.492,0.152,0.454,0.044,0.109,0.812,0.222,0.041,0.108,0.335,0.289,0.04,0.112,0.097,0.255,0.433,0.974,0.643,0.04,0.539,0.5,0.463,0.571,0.042,0.037,0.424,0.098,0.037,0.234,0.667,0.385,0.017,0.092,0.079,0.106,0.153,0.749,0.987,0.098,0.471,0.806,0.254,0.348,0.04,0.018,0.265,0.05,0.091,0.198,0.486,0.236,0.032,0.103,0.042,0.31,0.033,0.033,0.033,0.997,0.033,0.018,0.069,0.033,0.633,0.384,0.033,0.384,0.119,0.033,0.384,0.194,0.069,0.083,0.5,0.226,0.635,0.519,0.519,0.042,0.965,0.751,0.178,0.418,0.104,0.085,0.692,0.332,0.044,0.233,0.55,0.329,0.084,0.249,0.132,0.286,0.503,0.497,0.767,0.022,0.773,0.975,0.156,0.433,0.062,0.044,0.661,0.109,0.039,0.247,0.52,0.326,0.039,0.096,0.134,0.488,0.14,0.491,0.293,0.138,0.157,0.119,0.974,0.116,0.022,0.024,0.132,0.05,0.112,0.094,0.452,0.153,0.103,0.117,0.058,0.107,0.563,0.698,0.269,0.038,0.544,0.512,0.171,0.994,0.038,0.043,0.448,0.107,0.341,0.107,0.269,0.119,0.095,0.652,0.038,0.286,0.041,0.137,0.069,0.265,0.045,0.066,0.023,0.041,0.981,0.818,0.045,0.65,0.406,0.041,0.112,0.244,0.038,0.207,0.933,0.265,0.126,0.076,0.048,0.207,0.115,0.079,0.021,0.045,0.836,0.949,0.103,0.793,0.445,0.072,0.127,0.275,0.091,0.211,0.715,0.309,0.799,0.471,0.356,0.046,0.673,0.668,0.115,0.236,0.042,0.096,0.975,0.218,0.042,0.33,0.524,0.26,0.041,0.152,0.104,0.214,0.214,0.094,0.04,0.214,0.387,0.094,0.04,0.119,0.673,0.843,0.206,0.993,0.625,0.094,0.214,0.214,0.327,0.384,0.616,0.158,0.044,0.054,0.037,0.155,0.059,0.049,0.107,0.239,0.495,0.48,0.049,0.383,0.979,0.024,0.115,0.115,0.57,0.829,0.278,0.337,0.162,0.115,0.24,0.051,0.286,0.286,0.169,0.111,0.06,0.099,0.299,0.14,0.063,0.994,0.312,0.307,0.021,0.051,0.128,0.58,0.297,0.618,0.481,0.163,0.557,0.52,0.4,0.208,0.126,0.093,0.468,0.211,0.127,0.202,0.924,0.619,0.044,0.121,0.129,0.436,0.212,0.601,0.327,0.236,0.281,0.276,0.108,0.172,0.281,0.232,0.317,0.257,0.14,0.178,0.618,0.943,0.074,0.095,0.381,0.043,0.043,0.016,0.016,0.105,0.109,0.043,0.105,0.109,0.043,0.109,0.043,0.237,0.698,0.016,0.043,0.105,1,0.895,0.043,0.098,0.181,0.178,0.106,0.085,0.285,0.11,0.039,0.754,0.323,0.239,0.178,0.239,0.871,0.039,0.113,0.12,0.737,0.994,0.224,0.377,0.116,0.097,0.068,0.226,0.133,0.107,0.035,0.055,0.891,0.682,0.118,0.616,0.28,0.079,0.126,0.397,0.056,0.314,0.953
0-211.txt_63,0.711,0.342,0.359,0.304,0.201,0.354,0.322,0.349,0.257,0.335,0.353,0.297,0.449,0.315,0.324,0.536,0.43,0.23,0.233,0.335,0.159,0.906,0.377,0.312,0.063,0.589,0.39,0.145,0.544,0.131,0.188,0.69,0.198,0.22,0.222,0.264,0.286,0.185,0.268,0.144,0.248,0.361,0.818,0.617,0.167,0.401,0.402,0.267,0.589,0.222,0.225,0.455,0.283,0.258,0.376,0.478,0.331,0.162,0.201,0.21,0.279,0.453,0.625,0.868,0.121,0.497,0.733,0.206,0.412,0.152,0.15,0.445,0.24,0.164,0.286,0.458,0.332,0.097,0.124,0.206,0.52,0.239,0.227,0.084,0.824,0.201,0.112,0.373,0.226,0.416,0.265,0.151,0.406,0.305,0.156,0.356,0.42,0.079,0.164,0.482,0.445,0.485,0.49,0.451,0.253,0.675,0.543,0.246,0.498,0.274,0.28,0.561,0.402,0.267,0.102,0.511,0.439,0.141,0.298,0.298,0.305,0.486,0.456,0.599,0.113,0.666,0.86,0.229,0.426,0.169,0.181,0.578,0.214,0.137,0.243,0.421,0.306,0.074,0.188,0.194,0.381,0.297,0.419,0.422,0.116,0.294,0.348,0.694,0.322,0.204,0.183,0.319,0.198,0.209,0.296,0.455,0.315,0.189,0.203,0.185,0.303,0.586,0.372,0.323,0.07,0.482,0.318,0.204,0.932,0.129,0.206,0.382,0.204,0.457,0.191,0.276,0.167,0.386,0.588,0.073,0.253,0.197,0.088,0.107,0.247,0.184,0.153,0.088,0.208,0.841,0.73,0.188,0.611,0.643,0.216,0.189,0.255,0.215,0.299,0.73,0.284,0.194,0.111,0.129,0.186,0.197,0.139,0.1,0.174,0.681,0.892,0.161,0.771,0.521,0.11,0.155,0.26,0.278,0.296,0.594,0.269,0.715,0.405,0.403,0.124,0.643,0.535,0.267,0.42,0.255,0.261,0.805,0.293,0.116,0.258,0.399,0.317,0.153,0.155,0.264,0.343,0.268,0.165,0.136,0.305,0.293,0.233,0.144,0.345,0.601,0.766,0.235,0.873,0.559,0.339,0.289,0.278,0.15,0.456,0.53,0.166,0.276,0.18,0.114,0.163,0.178,0.171,0.108,0.303,0.509,0.585,0.268,0.464,0.849,0.129,0.248,0.359,0.558,0.588,0.451,0.285,0.367,0.3,0.323,0.094,0.247,0.297,0.271,0.331,0.18,0.226,0.399,0.164,0.216,0.855,0.373,0.329,0.115,0.213,0.205,0.304,0.547,0.419,0.307,0.142,0.456,0.418,0.312,0.519,0.211,0.252,0.485,0.292,0.305,0.423,0.615,0.419,0.235,0.215,0.22,0.394,0.324,0.395,0.323,0.243,0.319,0.281,0.229,0.362,0.333,0.325,0.279,0.399,0.304,0.265,0.514,0.657,0.181,0.221,0.336,0.185,0.242,0.11,0.045,0.187,0.27,0.126,0.332,0.299,0.445,0.631,0.13,0.488,0.864,0.311,0.155,0.232,0.844,0.637,0.365,0.349,0.228,0.237,0.065,0.263,0.177,0.196,0.138,0.545,0.448,0.65,0.229,0.508,0.789,0.076,0.246,0.257,0.486,0.794,0.353,0.41,0.202,0.131,0.095,0.338,0.132,0.187,0.044,0.124,0.724,0.673,0.149,0.614,0.513,0.188,0.259,0.373,0.135,0.236,0.805
0-211.txt_65,0.895,0.234,0.148,0.223,0.13,0.244,0.222,0.217,0.113,0.337,0.338,0.377,0.295,0.163,0.239,0.44,0.421,0.06,0.161,0.522,0.258,0.969,0.396,0.157,0.071,0.619,0.423,0.488,0.244,0.21,0.185,0.539,0.221,0.069,0.12,0.448,0.834,0.066,0.12,0.172,0.207,0.218,0.976,0.779,0.042,0.4,0.559,0.285,0.331,0.048,0.138,0.511,0.101,0.082,0.103,0.47,0.34,0.057,0.124,0.06,0.224,0.186,0.526,0.981,0.045,0.336,0.555,0.215,0.242,0.042,0.038,0.378,0.074,0.255,0.218,0.594,0.331,0.101,0.307,0.045,0.371,0.023,0.043,0.028,1,0.033,0.026,0.186,0.045,0.144,0.144,0.033,0.144,0.356,0.038,0.296,0.169,0.096,0.198,0.194,0.314,0.446,0.443,0.345,0.049,0.961,0.673,0.229,0.281,0.135,0.078,0.78,0.183,0.17,0.12,0.433,0.368,0.077,0.191,0.306,0.333,0.219,0.371,0.599,0.066,0.423,0.915,0.12,0.233,0.279,0.229,0.588,0.157,0.13,0.276,0.55,0.448,0.115,0.243,0.386,0.406,0.201,0.424,0.325,0.069,0.287,0.333,0.935,0.237,0.106,0.117,0.408,0.159,0.076,0.11,0.526,0.215,0.089,0.157,0.103,0.398,0.412,0.498,0.376,0.05,0.408,0.438,0.273,0.995,0.058,0.181,0.408,0.135,0.09,0.09,0.53,0.209,0.036,0.315,0.094,0.324,0.133,0.092,0.098,0.199,0.141,0.179,0.057,0.089,0.948,0.568,0.212,0.416,0.346,0.186,0.226,0.556,0.1,0.274,0.656,0.249,0.094,0.145,0.141,0.172,0.153,0.261,0.101,0.161,0.615,0.921,0.154,0.628,0.376,0.127,0.18,0.271,0.137,0.304,0.468,0.392,0.582,0.343,0.326,0.054,0.576,0.473,0.165,0.184,0.116,0.103,0.96,0.134,0.03,0.35,0.504,0.406,0.026,0.057,0.142,0.169,0.373,0.145,0.111,0.095,0.738,0.272,0.071,0.169,0.373,0.55,0.651,0.994,0.169,0.071,0.169,0.269,0.095,0.119,0.296,0.236,0.157,0.038,0.031,0.056,0.064,0.057,0.029,0.224,0.378,0.461,0.141,0.366,0.996,0.029,0.17,0.102,0.51,0.85,0.299,0.169,0.119,0.373,0.219,0.071,0.269,0.677,0.135,0.346,0.145,0.373,0.219,0.246,0.349,0.977,0.423,0.169,0.272,0.7,0.169,0.422,0.355,0.5,0.544,0.129,0.432,0.44,0.477,0.198,0.11,0.153,0.551,0.151,0.073,0.223,0.904,0.524,0.059,0.111,0.198,0.475,0.145,0.346,0.244,0.189,0.262,0.247,0.199,0.1,0.331,0.204,0.245,0.268,0.186,0.193,0.576,0.958,0.062,0.124,0.469,0.083,0.069,0.027,0.027,0.083,0.083,0.069,0.047,0.158,0.158,0.5,0.069,0.31,0.741,0.027,0.069,0.083,1,0.931,0.143,0.254,0.079,0.117,0.165,0.259,0.153,0.169,0.264,0.483,0.151,0.253,0.087,0.187,0.755,0.049,0.297,0.161,0.5,0.989,0.134,0.524,0.088,0.193,0.119,0.099,0.153,0.425,0.196,0.097,0.596,0.521,0.131,0.358,0.304,0.068,0.185,0.314,0.124,0.256,0.913
0-211.txt_67,0.776,0.065,0.095,0.039,0.344,0.08,0.119,0.465,0.056,0.534,0.382,0.102,0.304,0.364,0.152,0.385,0.311,0.133,0.117,0.566,0.274,0.95,0.234,0.2,0.136,0.433,0.242,0.061,0.235,0.158,0.182,0.651,0.168,0.217,0.227,0.409,0.266,0.311,0.397,0.124,0.269,0.239,0.876,0.436,0.253,0.304,0.357,0.434,0.373,0.156,0.186,0.399,0.077,0.171,0.309,0.381,0.169,0.298,0.205,0.105,0.247,0.101,0.709,0.874,0.05,0.366,0.504,0.315,0.168,0.136,0.153,0.219,0.154,0.191,0.369,0.391,0.206,0.376,0.165,0.148,0.575,0.007,0.027,0.012,0.269,0.018,0.007,0.865,0.007,0.478,0.442,0.018,0.083,0.464,0.027,0.119,0.033,0.012,0.063,0.485,0.415,0.314,0.53,0.338,0.079,0.936,0.467,0.272,0.651,0.12,0.243,0.37,0.322,0.144,0.104,0.396,0.253,0.274,0.489,0.168,0.294,0.498,0.474,0.34,0.134,0.496,0.716,0.245,0.265,0.173,0.223,0.42,0.122,0.249,0.384,0.375,0.382,0.18,0.232,0.155,0.515,0.084,0.218,0.098,0.063,0.152,0.06,0.923,0.121,0.212,0.197,0.164,0.21,0.268,0.181,0.262,0.118,0.121,0.139,0.174,0.086,0.248,0.378,0.332,0.089,0.344,0.24,0.027,0.872,0.24,0.114,0.254,0.12,0.384,0.247,0.304,0.274,0.566,0.688,0.18,0.362,0.062,0.07,0.025,0.14,0.075,0.06,0.086,0.101,0.95,0.746,0.065,0.61,0.701,0.098,0.126,0.223,0.269,0.315,0.706,0.257,0.087,0.044,0.016,0.18,0.061,0.021,0.118,0.077,0.853,0.909,0.073,0.709,0.734,0.156,0.104,0.165,0.353,0.399,0.657,0.274,0.884,0.338,0.203,0.041,0.538,0.311,0.126,0.477,0.161,0.099,0.967,0.072,0.215,0.487,0.357,0.255,0.264,0.592,0.09,0.221,0.071,0.098,0.107,0.281,0.317,0.078,0.173,0.205,0.658,0.633,0.083,0.904,0.556,0.099,0.172,0.271,0.193,0.234,0.639,0.231,0.095,0.047,0.065,0.093,0.134,0.097,0.217,0.087,0.625,0.467,0.107,0.312,0.961,0.171,0.199,0.224,0.729,0.614,0.463,0.263,0.122,0.194,0.181,0.119,0.146,0.09,0.219,0.134,0.207,0.209,0.075,0.226,0.126,0.993,0.25,0.146,0.138,0.073,0.148,0.508,0.125,0.394,0.398,0.351,0.202,0.25,0.437,0.151,0.123,0.232,0.211,0.221,0.256,0.286,0.844,0.41,0.089,0.169,0.179,0.417,0.041,0.207,0.271,0.129,0.318,0.365,0.307,0.156,0.493,0.336,0.151,0.349,0.496,0.125,0.514,0.692,0.286,0.091,0.554,0.16,0.178,0.065,0.068,0.217,0.024,0.074,0.247,0.108,0.471,0.653,0.021,0.325,0.705,0.188,0.099,0.107,1,0.604,0.132,0.166,0.136,0.174,0.051,0.12,0.119,0.043,0.14,0.442,0.322,0.266,0.069,0.217,0.876,0.113,0.12,0.162,0.611,0.975,0.243,0.364,0.156,0.067,0.097,0.293,0.119,0.09,0.061,0.065,0.78,0.676,0.141,0.483,0.667,0.093,0.204,0.241,0.23,0.268,0.781
0-211.txt_69,0.948,0.233,0.195,0.218,0.232,0.279,0.279,0.356,0.157,0.214,0.129,0.337,0.25,0.179,0.232,0.676,0.47,0.084,0.242,0.384,0.366,0.95,0.317,0.209,0.294,0.424,0.337,0.205,0.298,0.089,0.17,0.668,0.223,0.106,0.092,0.442,0.387,0.068,0.219,0.12,0.285,0.278,0.943,0.627,0.063,0.363,0.393,0.351,0.438,0.164,0.065,0.322,0.113,0.062,0.09,0.56,0.52,0.035,0.174,0.189,0.331,0.165,0.641,0.983,0.079,0.474,0.703,0.272,0.195,0.245,0.094,0.285,0.135,0.07,0.149,0.361,0.406,0.05,0.213,0.161,0.575,0.018,0.047,0.018,1,0.047,0.033,0.083,0.083,0.119,0.119,0.047,0.119,0.274,0.033,0.194,0.194,0.158,0.515,0.194,0.405,0.327,0.232,0.157,0.095,0.961,0.442,0.482,0.347,0.248,0.179,0.384,0.289,0.384,0.101,0.269,0.252,0.158,0.468,0.299,0.5,0.523,0.401,0.5,0.038,0.639,0.94,0.095,0.442,0.086,0.223,0.461,0.29,0.078,0.308,0.423,0.219,0.059,0.283,0.133,0.512,0.147,0.348,0.169,0.065,0.172,0.16,0.97,0.084,0.028,0.034,0.157,0.126,0.028,0.065,0.402,0.255,0.051,0.04,0.061,0.194,0.31,0.425,0.158,0.083,0.31,0.31,0.083,0.94,0.375,0.464,0.194,0.31,0.269,0.083,0.269,0.536,0.047,0.575,0.5,0.463,0.183,0.27,0.184,0.221,0.322,0.382,0.086,0.236,0.824,0.538,0.252,0.485,0.204,0.102,0.29,0.365,0.108,0.237,0.585,0.137,0.111,0.076,0.039,0.246,0.194,0.103,0.019,0.058,0.819,0.974,0.073,0.783,0.437,0.04,0.069,0.27,0.09,0.198,0.725,0.305,0.654,0.532,0.471,0.044,0.618,0.642,0.188,0.287,0.09,0.065,0.951,0.196,0.089,0.12,0.371,0.413,0.059,0.176,0.133,0.219,0.222,0.145,0.062,0.095,0.457,0.222,0.038,0.145,0.577,0.627,0.373,0.983,0.51,0.062,0.222,0.447,0.095,0.296,0.627,0.068,0.055,0.172,0.088,0.058,0.055,0.051,0.032,0.246,0.413,0.466,0.041,0.384,0.995,0.019,0.089,0.1,0.594,0.784,0.305,0.269,0.083,0.101,0.101,0.047,0.119,0.194,0.083,0.083,0.161,0.103,0.194,0.103,0.025,0.999,0.232,0.44,0.018,0.047,0.292,0.677,0.157,0.468,0.44,0.145,0.327,0.391,0.513,0.169,0.081,0.162,0.295,0.193,0.092,0.229,0.928,0.569,0.054,0.155,0.12,0.445,0.202,0.429,0.342,0.207,0.273,0.299,0.136,0.162,0.27,0.202,0.251,0.219,0.125,0.182,0.677,0.942,0.093,0.205,0.346,0.047,0.322,0.027,0.02,0.047,0.158,0.069,0.047,0.083,0.04,0.083,0.314,0.119,0.5,0.02,0.051,0.065,1,0.806,0.025,0.119,0.119,0.119,0.047,0.047,0.119,0.119,0.018,0.993,0.119,0.119,0.119,0.119,0.881,0.018,0.119,0.119,0.731,1,0.119,0.397,0.096,0.183,0.058,0.236,0.12,0.096,0.066,0.057,0.805,0.5,0.172,0.526,0.169,0.096,0.278,0.54,0.042,0.169,0.98
0-211.txt_71,0.626,0.162,0.132,0.117,0.579,0.144,0.114,0.23,0.194,0.589,0.53,0.154,0.55,0.535,0.174,0.366,0.484,0.256,0.323,0.61,0.192,0.866,0.329,0.211,0.345,0.626,0.288,0.158,0.67,0.207,0.256,0.705,0.369,0.257,0.299,0.3,0.356,0.289,0.273,0.186,0.157,0.27,0.847,0.329,0.193,0.294,0.229,0.319,0.513,0.138,0.07,0.187,0.133,0.151,0.167,0.735,0.488,0.044,0.177,0.26,0.257,0.476,0.834,0.643,0.042,0.362,0.378,0.311,0.558,0.082,0.122,0.363,0.166,0.235,0.17,0.689,0.456,0.019,0.311,0.048,0.361,0.136,0.262,0.126,0.984,0.184,0.134,0.178,0.255,0.262,0.306,0.096,0.379,0.415,0.182,0.408,0.349,0.316,0.28,0.209,0.375,0.599,0.416,0.288,0.22,0.71,0.393,0.344,0.624,0.245,0.354,0.603,0.459,0.173,0.297,0.423,0.389,0.232,0.325,0.36,0.233,0.185,0.502,0.666,0.789,0.38,0.733,0.142,0.409,0.165,0.308,0.181,0.509,0.44,0.325,0.454,0.357,0.497,0.324,0.232,0.535,0.29,0.249,0.175,0.413,0.163,0.174,0.536,0.264,0.396,0.377,0.229,0.351,0.388,0.192,0.443,0.458,0.246,0.267,0.421,0.357,0.734,0.271,0.247,0.676,0.495,0.247,0.131,0.77,0.103,0.048,0.435,0.164,0.081,0.04,0.649,0.5,0.252,0.226,0.103,0.526,0.075,0.167,0.036,0.45,0.086,0.083,0.252,0.348,0.932,0.592,0.072,0.363,0.639,0.083,0.45,0.775,0.192,0.249,0.765,0.388,0.095,0.105,0.052,0.495,0.107,0.071,0.134,0.17,0.675,0.806,0.102,0.665,0.666,0.092,0.269,0.345,0.253,0.328,0.66,0.269,0.953,0.5,0.119,0.731,0.881,0.731,0.047,0.5,0.047,0.119,0.953,0.269,0.119,0.047,0.5,0.5,0.953,0.119,0.047,0.255,0.183,0.114,0.015,0.411,0.086,0.029,0.112,0.217,0.494,0.581,0.048,0.797,0.348,0.06,0.086,0.176,0.412,0.433,0.57,0.117,0.106,0.11,0.046,0.308,0.099,0.064,0.134,0.179,0.648,0.708,0.066,0.596,0.886,0.112,0.192,0.255,0.446,0.637,0.607,0.43,0.241,0.317,0.315,0.315,0.3,0.285,0.166,0.357,0.242,0.259,0.201,0.223,0.293,0.864,0.488,0.445,0.275,0.306,0.293,0.421,0.266,0.361,0.272,0.421,0.269,0.271,0.309,0.407,0.265,0.242,0.203,0.297,0.351,0.209,0.761,0.499,0.251,0.247,0.357,0.425,0.322,0.284,0.151,0.315,0.172,0.272,0.088,0.159,0.466,0.394,0.28,0.424,0.391,0.259,0.487,0.691,0.142,0.351,0.524,0.146,0.192,0.065,0.038,0.209,0.173,0.129,0.048,0.397,0.363,0.529,0.206,0.421,0.631,0.13,0.112,0.358,0.964,0.685,0.316,0.231,0.258,0.193,0.105,0.436,0.174,0.106,0.144,0.551,0.348,0.435,0.06,0.375,0.825,0.178,0.272,0.347,0.571,0.934,0.335,0.364,0.172,0.22,0.104,0.349,0.232,0.09,0.113,0.172,0.668,0.628,0.151,0.527,0.485,0.163,0.261,0.398,0.402,0.258,0.767
0-211.txt_73,0.871,0.146,0.226,0.191,0.188,0.232,0.259,0.355,0.186,0.374,0.337,0.222,0.301,0.24,0.22,0.508,0.373,0.068,0.167,0.384,0.262,0.955,0.451,0.252,0.042,0.625,0.451,0.265,0.285,0.054,0.142,0.662,0.196,0.142,0.302,0.424,0.434,0.156,0.112,0.106,0.321,0.239,0.958,0.53,0.118,0.396,0.334,0.295,0.326,0.128,0.171,0.302,0.223,0.049,0.137,0.539,0.527,0.026,0.069,0.225,0.327,0.37,0.515,0.972,0.095,0.403,0.648,0.175,0.3,0.169,0.235,0.409,0.158,0.147,0.49,0.494,0.321,0.157,0.127,0.149,0.484,0.217,0.086,0.066,0.986,0.228,0.086,0.419,0.08,0.667,0.454,0.086,0.53,0.165,0.253,0.165,0.318,0.276,0.395,0.514,0.376,0.484,0.319,0.354,0.096,0.958,0.584,0.24,0.492,0.203,0.238,0.545,0.272,0.112,0.253,0.357,0.349,0.065,0.203,0.215,0.343,0.33,0.444,0.632,0.051,0.478,0.938,0.259,0.215,0.279,0.215,0.35,0.214,0.163,0.25,0.431,0.334,0.147,0.167,0.27,0.562,0.135,0.233,0.156,0.085,0.128,0.128,0.973,0.198,0.225,0.177,0.193,0.194,0.18,0.149,0.458,0.259,0.089,0.1,0.273,0.335,0.438,0.387,0.37,0.097,0.584,0.514,0.154,0.982,0.329,0.231,0.355,0.226,0.325,0.259,0.288,0.263,0.251,0.551,0.186,0.274,0.104,0.059,0.053,0.137,0.079,0.092,0.104,0.062,0.964,0.764,0.118,0.596,0.403,0.086,0.142,0.27,0.124,0.201,0.816,0.26,0.073,0.067,0.07,0.147,0.102,0.129,0.12,0.073,0.7,0.945,0.099,0.656,0.448,0.132,0.161,0.284,0.167,0.242,0.601,0.402,0.782,0.401,0.336,0.054,0.437,0.477,0.219,0.177,0.221,0.244,0.945,0.226,0.063,0.223,0.469,0.319,0.105,0.184,0.234,0.297,0.17,0.049,0.03,0.104,0.15,0.06,0.11,0.079,0.658,0.793,0.156,0.983,0.49,0.141,0.165,0.279,0.158,0.319,0.658,0.169,0.197,0.149,0.091,0.067,0.106,0.117,0.134,0.196,0.475,0.571,0.154,0.412,0.986,0.144,0.188,0.211,0.349,0.669,0.414,0.419,0.093,0.104,0.158,0.062,0.243,0.237,0.137,0.128,0.304,0.32,0.204,0.146,0.193,0.996,0.32,0.23,0.032,0.066,0.276,0.524,0.166,0.398,0.29,0.231,0.344,0.332,0.378,0.259,0.303,0.202,0.273,0.355,0.183,0.235,0.904,0.604,0.1,0.127,0.34,0.497,0.237,0.292,0.262,0.196,0.227,0.245,0.303,0.22,0.345,0.263,0.251,0.304,0.153,0.163,0.57,0.951,0.06,0.129,0.379,0.198,0.195,0.04,0.019,0.043,0.261,0.075,0.177,0.247,0.42,0.425,0.193,0.194,0.614,0.028,0.147,0.095,0.999,0.758,0.289,0.444,0.214,0.146,0.118,0.112,0.149,0.101,0.263,0.337,0.452,0.365,0.159,0.413,0.672,0.077,0.319,0.224,0.424,0.974,0.399,0.349,0.097,0.104,0.061,0.125,0.1,0.088,0.122,0.072,0.803,0.662,0.145,0.567,0.373,0.119,0.18,0.349,0.114,0.218,0.929
0-211.txt_75,0.849,0.203,0.309,0.314,0.192,0.278,0.372,0.48,0.203,0.115,0.086,0.32,0.17,0.053,0.252,0.51,0.316,0.054,0.061,0.243,0.281,0.858,0.18,0.212,0.084,0.477,0.367,0.114,0.333,0.236,0.232,0.629,0.238,0.205,0.205,0.234,0.292,0.165,0.216,0.22,0.344,0.52,0.776,0.467,0.355,0.333,0.312,0.509,0.225,0.047,0.131,0.316,0.129,0.01,0.255,0.325,0.315,0.006,0.013,0.038,0.36,0.212,0.645,0.922,0.087,0.354,0.614,0.297,0.258,0.052,0.113,0.326,0.094,0.082,0.277,0.37,0.244,0.078,0.117,0.092,0.993,0.018,0.018,0.018,0.982,0.018,0.018,0.5,0.018,0.269,0.047,0.018,0.119,0.018,0.018,0.269,0.119,0.007,0.018,0.982,0.464,0.441,0.491,0.302,0.074,0.832,0.596,0.129,0.437,0.155,0.177,0.611,0.173,0.134,0.174,0.396,0.328,0.077,0.254,0.169,0.377,0.304,0.381,0.629,0.085,0.597,0.931,0.254,0.307,0.16,0.117,0.479,0.088,0.074,0.167,0.345,0.252,0.048,0.082,0.192,0.407,0.165,0.28,0.284,0.114,0.161,0.219,0.912,0.16,0.088,0.053,0.215,0.077,0.098,0.156,0.336,0.184,0.062,0.057,0.123,0.23,0.275,0.523,0.283,0.242,0.439,0.367,0.16,0.987,0.027,0.141,0.226,0.201,0.044,0.091,0.234,0.23,0.138,0.436,0.078,0.227,0.059,0.101,0.05,0.229,0.084,0.07,0.067,0.018,0.913,0.666,0.137,0.477,0.407,0.106,0.066,0.34,0.173,0.254,0.842,0.21,0.2,0.098,0.077,0.246,0.196,0.12,0.041,0.192,0.631,0.884,0.147,0.619,0.525,0.085,0.111,0.259,0.278,0.291,0.576,0.348,0.836,0.226,0.142,0.027,0.555,0.394,0.171,0.379,0.145,0.145,0.963,0.136,0.137,0.167,0.393,0.417,0.015,0.069,0.258,0.145,0.185,0.102,0.046,0.226,0.173,0.051,0.028,0.168,0.579,0.818,0.089,0.889,0.631,0.073,0.157,0.267,0.19,0.312,0.429,0.169,0.189,0.123,0.043,0.099,0.21,0.114,0.04,0.216,0.273,0.412,0.094,0.335,0.91,0.14,0.145,0.145,0.528,0.696,0.207,0.22,0.372,0.18,0.262,0.025,0.228,0.32,0.051,0.123,0.071,0.137,0.355,0.192,0.235,0.994,0.173,0.198,0.078,0.186,0.09,0.479,0.271,0.369,0.344,0.152,0.369,0.284,0.472,0.084,0.149,0.083,0.347,0.085,0.061,0.265,0.723,0.656,0.038,0.069,0.156,0.411,0.161,0.222,0.192,0.33,0.16,0.235,0.084,0.306,0.26,0.266,0.16,0.109,0.088,0.264,0.614,0.876,0.015,0.15,0.48,0.365,0.198,0.091,0.023,0.156,0.185,0.157,0.027,0.41,0.286,0.468,0.282,0.219,0.652,0.116,0.104,0.14,0.974,0.601,0.221,0.077,0.091,0.037,0.008,0.013,0.139,0.068,0.045,0.673,0.339,0.306,0.134,0.155,0.804,0.046,0.139,0.192,0.608,0.997,0.208,0.248,0.151,0.069,0.063,0.249,0.11,0.175,0.101,0.121,0.785,0.495,0.163,0.387,0.243,0.135,0.115,0.441,0.034,0.156,0.929
0-211.txt_77,0.879,0.216,0.323,0.245,0.254,0.303,0.293,0.365,0.225,0.199,0.214,0.297,0.229,0.13,0.255,0.654,0.424,0.058,0.171,0.305,0.347,0.942,0.38,0.185,0.064,0.576,0.456,0.191,0.309,0.142,0.171,0.749,0.201,0.107,0.145,0.352,0.293,0.075,0.177,0.165,0.234,0.427,0.936,0.553,0.086,0.481,0.416,0.271,0.438,0.124,0.124,0.478,0.161,0.152,0.178,0.514,0.372,0.072,0.159,0.137,0.289,0.311,0.574,0.952,0.05,0.441,0.654,0.253,0.234,0.084,0.091,0.346,0.098,0.063,0.245,0.475,0.356,0.06,0.093,0.129,0.539,0.278,0.175,0.13,0.984,0.139,0.085,0.348,0.13,0.323,0.315,0.271,0.328,0.211,0.233,0.464,0.324,0.067,0.131,0.321,0.383,0.579,0.421,0.404,0.083,0.949,0.69,0.175,0.458,0.148,0.172,0.615,0.299,0.137,0.186,0.46,0.283,0.102,0.177,0.189,0.278,0.459,0.451,0.692,0.046,0.712,0.94,0.193,0.295,0.08,0.114,0.571,0.156,0.087,0.215,0.426,0.315,0.061,0.135,0.103,0.473,0.157,0.295,0.214,0.108,0.234,0.226,0.966,0.137,0.061,0.07,0.222,0.093,0.046,0.261,0.436,0.22,0.041,0.042,0.093,0.234,0.434,0.623,0.315,0.038,0.573,0.458,0.129,0.972,0.044,0.069,0.431,0.152,0.183,0.199,0.373,0.24,0.087,0.544,0.08,0.226,0.136,0.086,0.084,0.159,0.172,0.107,0.104,0.11,0.93,0.639,0.139,0.542,0.36,0.109,0.192,0.305,0.115,0.229,0.79,0.193,0.151,0.099,0.076,0.155,0.156,0.105,0.053,0.093,0.699,0.928,0.15,0.695,0.459,0.121,0.156,0.247,0.116,0.234,0.618,0.336,0.68,0.511,0.384,0.123,0.599,0.603,0.188,0.33,0.151,0.116,0.909,0.222,0.127,0.162,0.454,0.319,0.075,0.164,0.177,0.259,0.234,0.134,0.133,0.131,0.253,0.196,0.251,0.105,0.55,0.695,0.242,0.971,0.486,0.099,0.28,0.286,0.148,0.328,0.416,0.189,0.162,0.104,0.067,0.151,0.122,0.088,0.119,0.248,0.396,0.543,0.103,0.411,0.973,0.073,0.136,0.153,0.468,0.767,0.294,0.335,0.17,0.208,0.215,0.073,0.223,0.284,0.122,0.146,0.151,0.16,0.305,0.163,0.079,0.988,0.354,0.326,0.074,0.087,0.201,0.62,0.282,0.459,0.366,0.199,0.406,0.386,0.354,0.224,0.151,0.138,0.401,0.166,0.102,0.277,0.912,0.573,0.055,0.114,0.206,0.424,0.274,0.389,0.314,0.168,0.332,0.359,0.19,0.168,0.328,0.318,0.308,0.301,0.185,0.237,0.601,0.92,0.117,0.183,0.385,0.145,0.146,0.06,0.022,0.039,0.148,0.25,0.194,0.254,0.181,0.285,0.103,0.29,0.576,0.019,0.056,0.139,0.999,0.682,0.142,0.273,0.169,0.156,0.146,0.084,0.205,0.233,0.083,0.476,0.244,0.346,0.212,0.342,0.743,0.096,0.253,0.236,0.552,0.948,0.309,0.371,0.156,0.158,0.117,0.21,0.173,0.173,0.118,0.119,0.755,0.592,0.188,0.525,0.255,0.125,0.287,0.426,0.071,0.219,0.904
0-211.txt_79,0.838,0.247,0.241,0.204,0.43,0.296,0.298,0.234,0.306,0.339,0.296,0.27,0.324,0.185,0.266,0.564,0.369,0.093,0.2,0.391,0.265,0.872,0.395,0.326,0.149,0.604,0.493,0.183,0.437,0.134,0.189,0.715,0.228,0.109,0.248,0.421,0.305,0.118,0.201,0.159,0.24,0.374,0.939,0.674,0.181,0.467,0.516,0.302,0.562,0.159,0.167,0.431,0.21,0.118,0.152,0.497,0.384,0.174,0.231,0.154,0.243,0.323,0.657,0.898,0.158,0.457,0.638,0.245,0.417,0.107,0.124,0.428,0.179,0.097,0.217,0.43,0.332,0.14,0.198,0.102,0.473,0.304,0.24,0.262,0.937,0.266,0.294,0.126,0.145,0.4,0.294,0.31,0.271,0.173,0.161,0.36,0.452,0.242,0.339,0.53,0.303,0.529,0.489,0.442,0.206,0.865,0.591,0.276,0.492,0.162,0.245,0.546,0.23,0.197,0.313,0.443,0.324,0.225,0.279,0.247,0.303,0.432,0.44,0.641,0.123,0.658,0.892,0.232,0.382,0.195,0.174,0.556,0.156,0.128,0.238,0.403,0.331,0.123,0.175,0.197,0.446,0.276,0.476,0.32,0.189,0.254,0.311,0.889,0.28,0.112,0.117,0.321,0.148,0.154,0.221,0.482,0.27,0.107,0.199,0.135,0.275,0.429,0.556,0.461,0.285,0.5,0.445,0.159,0.962,0.202,0.181,0.488,0.38,0.288,0.163,0.273,0.239,0.212,0.506,0.159,0.293,0.21,0.103,0.088,0.254,0.177,0.192,0.06,0.132,0.915,0.671,0.16,0.551,0.266,0.114,0.199,0.292,0.123,0.263,0.81,0.238,0.204,0.171,0.12,0.352,0.232,0.187,0.088,0.225,0.718,0.874,0.18,0.656,0.403,0.12,0.169,0.261,0.23,0.327,0.563,0.334,0.643,0.436,0.363,0.206,0.579,0.501,0.213,0.403,0.23,0.252,0.8,0.257,0.128,0.311,0.398,0.376,0.107,0.231,0.22,0.288,0.3,0.242,0.168,0.197,0.455,0.286,0.121,0.267,0.568,0.685,0.415,0.855,0.438,0.121,0.249,0.28,0.218,0.444,0.521,0.235,0.192,0.268,0.168,0.255,0.237,0.177,0.154,0.408,0.396,0.437,0.212,0.364,0.858,0.148,0.243,0.224,0.336,0.7,0.338,0.399,0.247,0.297,0.276,0.183,0.302,0.332,0.218,0.217,0.232,0.192,0.292,0.205,0.114,0.926,0.374,0.331,0.093,0.197,0.272,0.549,0.375,0.485,0.389,0.311,0.395,0.463,0.304,0.386,0.222,0.222,0.44,0.182,0.143,0.275,0.802,0.488,0.149,0.172,0.247,0.287,0.33,0.482,0.298,0.246,0.392,0.408,0.198,0.326,0.304,0.262,0.393,0.255,0.197,0.227,0.57,0.804,0.101,0.195,0.349,0.111,0.018,0.098,0.183,0.315,0.121,0.052,0.212,0.028,0.339,0.476,0.179,0.383,0.815,0.098,0.111,0.111,0.994,0.627,0.289,0.172,0.192,0.309,0.1,0.196,0.265,0.28,0.105,0.612,0.2,0.318,0.217,0.214,0.77,0.107,0.246,0.275,0.593,0.921,0.258,0.417,0.105,0.172,0.138,0.303,0.161,0.17,0.119,0.15,0.708,0.591,0.16,0.481,0.274,0.222,0.223,0.332,0.095,0.258,0.805
0-211.txt_81,0.738,0.302,0.228,0.245,0.271,0.352,0.37,0.233,0.254,0.413,0.308,0.472,0.202,0.254,0.176,0.472,0.352,0.128,0.285,0.423,0.31,0.833,0.442,0.316,0.038,0.544,0.463,0.141,0.432,0.309,0.167,0.827,0.155,0.168,0.124,0.275,0.256,0.082,0.188,0.209,0.251,0.313,0.885,0.258,0.009,0.296,0.257,0.58,0.246,0.007,0.031,0.582,0.022,0.015,0.072,0.454,0.357,0.009,0.188,0.034,0.201,0.341,0.339,0.87,0.116,0.315,0.622,0.153,0.245,0.242,0.08,0.36,0.155,0.027,0.343,0.464,0.375,0.007,0.287,0.26,0.731,0.018,0.5,0.018,0.953,0.018,0.018,0.731,0.993,0.953,0.119,0.018,0.119,0.731,0.018,0.119,0.047,0.018,0.119,0.881,0.395,0.466,0.337,0.46,0.041,0.873,0.769,0.154,0.28,0.245,0.303,0.585,0.293,0.28,0.185,0.374,0.331,0.166,0.341,0.208,0.382,0.32,0.679,0.749,0.058,0.623,0.943,0.147,0.243,0.151,0.084,0.546,0.184,0.022,0.227,0.378,0.278,0.011,0.279,0.11,0.347,0.21,0.517,0.487,0.108,0.298,0.359,0.783,0.231,0.141,0.118,0.343,0.171,0.043,0.172,0.471,0.31,0.044,0.093,0.151,0.369,0.473,0.48,0.37,0.252,0.429,0.419,0.213,0.871,0.183,0.237,0.422,0.33,0.406,0.1,0.437,0.4,0.115,0.576,0.195,0.174,0.035,0.034,0.056,0.114,0.103,0.108,0.089,0.118,0.937,0.75,0.024,0.397,0.508,0.207,0.089,0.251,0.113,0.174,0.782,0.297,0.173,0.11,0.11,0.178,0.154,0.209,0.111,0.141,0.742,0.823,0.198,0.585,0.409,0.074,0.238,0.269,0.119,0.226,0.662,0.31,0.069,0.259,0.5,0.018,0.194,0.69,0.69,0.274,0.259,0.375,0.611,0.5,0.625,0.027,0.119,0.389,0.033,0.611,0.5,0.269,0.269,0.119,0.047,0.269,0.5,0.119,0.047,0.119,0.731,0.881,0.269,0.993,0.5,0.119,0.269,0.269,0.269,0.269,0.731,0.21,0.046,0.217,0.13,0.022,0.251,0.271,0.032,0.315,0.627,0.638,0.22,0.463,0.941,0.183,0.133,0.226,0.37,0.746,0.49,0.36,0.219,0.338,0.364,0.016,0.309,0.431,0.144,0.308,0.319,0.283,0.393,0.183,0.161,0.851,0.539,0.436,0.069,0.247,0.202,0.387,0.241,0.468,0.344,0.255,0.228,0.453,0.319,0.241,0.274,0.252,0.386,0.155,0.381,0.253,0.68,0.471,0.113,0.347,0.194,0.496,0.262,0.362,0.261,0.212,0.271,0.275,0.278,0.263,0.51,0.281,0.276,0.177,0.342,0.112,0.483,0.702,0.127,0.232,0.326,0.731,0.018,0.007,0.007,0.047,0.018,0.018,0.007,0.007,0.5,0.993,0.119,0.881,0.119,0.007,0.269,0.047,0.881,0.047,0.5,0.406,0.211,0.135,0.186,0.205,0.299,0.307,0.357,0.546,0.57,0.45,0.237,0.341,0.675,0.07,0.115,0.076,0.435,0.909,0.359,0.42,0.131,0.117,0.117,0.148,0.115,0.145,0.101,0.138,0.756,0.618,0.19,0.46,0.5,0.053,0.24,0.348,0.177,0.253,0.825
0-211.txt_83,0.781,0.274,0.211,0.29,0.299,0.197,0.375,0.428,0.332,0.341,0.286,0.287,0.325,0.242,0.234,0.405,0.358,0.235,0.27,0.458,0.496,0.886,0.474,0.412,0.074,0.516,0.612,0.226,0.483,0.195,0.263,0.633,0.331,0.168,0.154,0.427,0.365,0.135,0.217,0.204,0.353,0.44,0.863,0.762,0.199,0.339,0.5,0.249,0.564,0.191,0.124,0.242,0.223,0.272,0.373,0.518,0.595,0.285,0.389,0.172,0.331,0.39,0.55,0.896,0.097,0.413,0.691,0.377,0.309,0.172,0.15,0.342,0.197,0.122,0.26,0.334,0.315,0.206,0.136,0.145,0.645,0.335,0.169,0.19,0.798,0.167,0.262,0.337,0.305,0.478,0.543,0.236,0.425,0.318,0.146,0.316,0.43,0.161,0.369,0.542,0.45,0.435,0.313,0.386,0.164,0.678,0.499,0.248,0.66,0.421,0.472,0.563,0.414,0.141,0.468,0.313,0.491,0.211,0.197,0.344,0.507,0.532,0.347,0.62,0.171,0.569,0.902,0.272,0.468,0.145,0.179,0.513,0.237,0.16,0.305,0.318,0.341,0.108,0.184,0.19,0.552,0.318,0.423,0.389,0.17,0.309,0.326,0.876,0.348,0.071,0.071,0.35,0.148,0.124,0.222,0.374,0.289,0.028,0.097,0.112,0.298,0.487,0.453,0.343,0.151,0.428,0.463,0.364,0.903,0.177,0.261,0.416,0.292,0.276,0.172,0.25,0.338,0.093,0.404,0.174,0.361,0.128,0.124,0.093,0.201,0.125,0.131,0.106,0.272,0.885,0.726,0.191,0.461,0.395,0.135,0.131,0.336,0.272,0.289,0.813,0.442,0.252,0.142,0.187,0.259,0.243,0.236,0.168,0.261,0.652,0.772,0.247,0.668,0.528,0.212,0.202,0.341,0.292,0.355,0.576,0.539,0.851,0.298,0.4,0.102,0.36,0.461,0.437,0.599,0.155,0.386,0.835,0.281,0.264,0.234,0.348,0.169,0.098,0.272,0.261,0.4,0.312,0.157,0.157,0.271,0.289,0.19,0.188,0.27,0.546,0.695,0.169,0.932,0.444,0.157,0.276,0.403,0.318,0.345,0.453,0.328,0.298,0.181,0.216,0.216,0.15,0.254,0.197,0.354,0.627,0.604,0.115,0.465,0.819,0.263,0.211,0.33,0.277,0.603,0.71,0.413,0.447,0.248,0.389,0.171,0.361,0.484,0.226,0.327,0.201,0.242,0.403,0.201,0.144,0.944,0.341,0.34,0.179,0.19,0.174,0.569,0.208,0.341,0.303,0.549,0.342,0.399,0.457,0.346,0.292,0.258,0.278,0.519,0.292,0.464,0.657,0.487,0.039,0.293,0.366,0.39,0.32,0.431,0.343,0.19,0.369,0.393,0.344,0.249,0.371,0.297,0.311,0.331,0.184,0.303,0.515,0.759,0.151,0.195,0.365,0.653,0.384,0.139,0.179,0.121,0.252,0.234,0.445,0.266,0.69,0.289,0.5,0.252,0.616,0.329,0.194,0.349,0.968,0.563,0.442,0.261,0.431,0.084,0.098,0.242,0.2,0.195,0.17,0.578,0.325,0.543,0.272,0.44,0.78,0.356,0.148,0.216,0.502,0.925,0.597,0.594,0.227,0.079,0.136,0.381,0.15,0.221,0.166,0.174,0.831,0.5,0.143,0.563,0.373,0.254,0.235,0.365,0.183,0.222,0.889
0-211.txt_85,0.87,0.187,0.259,0.2,0.279,0.26,0.258,0.313,0.179,0.269,0.249,0.271,0.258,0.204,0.2,0.559,0.413,0.078,0.199,0.394,0.25,0.947,0.378,0.243,0.117,0.508,0.365,0.149,0.295,0.156,0.185,0.732,0.209,0.106,0.16,0.381,0.28,0.078,0.163,0.214,0.29,0.305,0.957,0.561,0.12,0.368,0.377,0.342,0.365,0.116,0.098,0.387,0.124,0.105,0.16,0.532,0.401,0.049,0.159,0.158,0.216,0.219,0.647,0.97,0.072,0.383,0.659,0.225,0.246,0.09,0.081,0.327,0.102,0.068,0.177,0.423,0.307,0.027,0.095,0.134,0.389,0.1,0.137,0.095,0.992,0.113,0.094,0.146,0.088,0.297,0.298,0.121,0.249,0.229,0.101,0.291,0.285,0.085,0.165,0.365,0.326,0.459,0.398,0.394,0.111,0.933,0.57,0.181,0.323,0.161,0.179,0.561,0.254,0.146,0.199,0.429,0.343,0.079,0.167,0.228,0.319,0.31,0.408,0.683,0.095,0.581,0.93,0.174,0.256,0.112,0.13,0.502,0.146,0.089,0.28,0.457,0.348,0.051,0.129,0.231,0.388,0.163,0.377,0.287,0.11,0.2,0.193,0.965,0.154,0.069,0.082,0.243,0.102,0.081,0.152,0.4,0.208,0.06,0.092,0.107,0.187,0.32,0.422,0.229,0.15,0.401,0.306,0.186,0.98,0.183,0.19,0.281,0.225,0.334,0.124,0.299,0.228,0.142,0.599,0.229,0.265,0.112,0.106,0.087,0.221,0.133,0.099,0.065,0.118,0.926,0.662,0.137,0.546,0.408,0.096,0.176,0.307,0.106,0.293,0.801,0.251,0.126,0.096,0.084,0.225,0.139,0.115,0.078,0.113,0.661,0.914,0.147,0.653,0.477,0.093,0.158,0.233,0.138,0.295,0.605,0.303,0.664,0.394,0.309,0.124,0.551,0.48,0.184,0.246,0.154,0.152,0.937,0.201,0.107,0.198,0.417,0.351,0.063,0.152,0.24,0.271,0.163,0.151,0.122,0.204,0.23,0.151,0.092,0.149,0.622,0.711,0.191,0.969,0.427,0.085,0.225,0.332,0.14,0.285,0.597,0.172,0.085,0.101,0.053,0.15,0.091,0.067,0.067,0.202,0.424,0.529,0.08,0.408,0.982,0.057,0.133,0.182,0.448,0.783,0.387,0.331,0.164,0.247,0.254,0.13,0.233,0.262,0.161,0.151,0.167,0.144,0.286,0.134,0.101,0.977,0.336,0.304,0.038,0.111,0.247,0.533,0.243,0.463,0.346,0.199,0.34,0.338,0.337,0.222,0.179,0.159,0.34,0.19,0.147,0.207,0.898,0.592,0.071,0.158,0.247,0.396,0.225,0.368,0.251,0.231,0.259,0.278,0.196,0.16,0.326,0.259,0.307,0.263,0.202,0.199,0.595,0.905,0.077,0.181,0.449,0.124,0.104,0.042,0.024,0.104,0.107,0.071,0.046,0.132,0.17,0.251,0.064,0.21,0.699,0.102,0.109,0.161,0.999,0.812,0.184,0.165,0.143,0.165,0.107,0.139,0.153,0.129,0.089,0.521,0.274,0.319,0.177,0.256,0.799,0.097,0.185,0.178,0.58,0.986,0.293,0.337,0.115,0.119,0.104,0.233,0.141,0.127,0.09,0.096,0.759,0.546,0.157,0.476,0.347,0.127,0.207,0.373,0.091,0.259,0.934
0-211.txt_87,0.769,0.024,0.097,0.129,0.283,0.069,0.069,0.235,0.05,0.383,0.327,0.051,0.2,0.254,0.212,0.414,0.368,0.057,0.219,0.529,0.377,0.824,0.327,0.292,0.073,0.519,0.425,0.151,0.27,0.121,0.166,0.741,0.082,0.111,0.489,0.29,0.263,0.022,0.137,0.203,0.252,0.271,0.734,0.387,0.146,0.329,0.613,0.616,0.083,0.095,0.083,0.577,0.076,0.03,0.5,0.558,0.774,0.015,0.146,0.302,0.282,0.141,0.596,0.911,0.07,0.365,0.635,0.263,0.239,0.149,0.06,0.432,0.046,0.168,0.3,0.389,0.182,0.024,0.122,0.073,0.349,0.013,0.024,0.009,0.984,0.034,0.096,0.098,0.014,0.349,0.339,0.108,0.543,0.034,0.175,0.119,0.627,0.014,0.252,0.507,0.456,0.454,0.255,0.38,0.078,0.6,0.576,0.05,0.544,0.235,0.243,0.52,0.319,0.136,0.326,0.287,0.408,0.416,0.359,0.45,0.463,0.31,0.407,0.639,0.098,0.563,0.896,0.152,0.282,0.103,0.154,0.675,0.086,0.066,0.397,0.5,0.331,0.054,0.041,0.165,0.389,0.207,0.56,0.501,0.092,0.223,0.335,0.847,0.295,0.109,0.105,0.384,0.067,0.109,0.214,0.338,0.353,0.166,0.199,0.149,0.222,0.198,0.664,0.289,0.01,0.651,0.577,0.265,0.74,0.135,0.212,0.383,0.359,0.062,0.33,0.145,0.246,0.062,0.411,0.272,0.251,0.166,0.181,0.12,0.13,0.106,0.114,0.188,0.317,0.95,0.747,0.277,0.655,0.306,0.146,0.094,0.3,0.027,0.106,0.801,0.396,0.109,0.073,0.106,0.079,0.233,0.085,0.163,0.09,0.695,0.822,0.245,0.538,0.296,0.04,0.217,0.198,0.02,0.287,0.738,0.313,0.481,0.51,0.641,0.051,0.632,0.647,0.261,0.296,0.169,0.127,0.84,0.134,0.091,0.226,0.47,0.272,0.02,0.092,0.198,0.5,0.023,0.014,0.008,0.076,0.048,0.023,0.047,0.02,0.555,0.744,0.037,0.74,0.329,0.02,0.168,0.139,0.023,0.103,0.774,0.188,0.026,0.113,0.123,0.113,0.06,0.064,0.147,0.236,0.46,0.513,0.033,0.408,0.991,0.145,0.215,0.068,0.219,0.765,0.357,0.4,0.269,0.103,0.294,0.093,0.196,0.349,0.106,0.145,0.098,0.06,0.437,0.055,0.029,0.992,0.348,0.579,0.01,0.038,0.066,0.626,0.172,0.456,0.421,0.34,0.289,0.106,0.25,0.272,0.272,0.267,0.197,0.262,0.029,0.164,0.908,0.576,0.007,0.094,0.251,0.396,0.512,0.402,0.247,0.261,0.49,0.32,0.303,0.258,0.269,0.26,0.607,0.318,0.096,0.247,0.325,0.499,0.016,0.207,0.256,0.028,0.171,0.096,0.008,0.01,0.024,0.02,0.175,0.028,0.062,0.038,0.332,0.047,0.587,0.295,0.048,0.048,1,0.805,0.209,0.243,0.022,0.044,0.053,0.013,0.383,0.209,0.01,0.528,0.241,0.607,0.164,0.273,0.956,0.063,0.05,0.115,0.787,0.988,0.228,0.248,0.039,0.107,0.03,0.178,0.117,0.136,0.051,0.118,0.92,0.658,0.137,0.446,0.531,0.118,0.094,0.385,0.149,0.379,0.944
0-211.txt_89,0.982,0.269,0.119,0.119,0.5,0.269,0.269,0.5,0.119,0.269,0.269,0.269,0.269,0.119,0.269,0.731,0.5,0.047,0.119,0.5,0.269,0.993,0.5,0.119,0.047,0.731,0.5,0.119,0.5,0.047,0.119,0.881,0.269,0.047,0.119,0.269,0.269,0.047,0.119,0.047,0.119,0.5,0.998,0.731,0.047,0.5,0.5,0.5,0.731,0.047,0.047,0.5,0.119,0.047,0.119,0.731,0.5,0.018,0.119,0.047,0.119,0.119,0.731,0.998,0.047,0.5,0.881,0.269,0.269,0.047,0.018,0.269,0.047,0.047,0.269,0.5,0.269,0.018,0.047,0.047,0.5,0.047,0.047,0.047,1,0.047,0.018,0.119,0.047,0.269,0.269,0.047,0.269,0.119,0.047,0.269,0.269,0.119,0.119,0.269,0.269,0.731,0.5,0.5,0.047,0.993,0.881,0.119,0.5,0.047,0.119,0.731,0.5,0.047,0.269,0.5,0.269,0.119,0.269,0.119,0.269,0.5,0.5,0.881,0.018,0.881,0.993,0.119,0.5,0.047,0.047,0.731,0.119,0.047,0.269,0.5,0.269,0.047,0.119,0.119,0.5,0.119,0.5,0.269,0.119,0.119,0.119,0.998,0.119,0.018,0.018,0.119,0.047,0.047,0.119,0.5,0.119,0.119,0.047,0.047,0.119,0.5,0.731,0.269,0.047,0.5,0.5,0.119,1,0.047,0.047,0.269,0.119,0.269,0.119,0.269,0.119,0.119,0.881,0.047,0.269,0.047,0.047,0.047,0.269,0.047,0.047,0.018,0.047,0.982,0.881,0.047,0.731,0.5,0.047,0.119,0.269,0.047,0.269,0.953,0.269,0.119,0.047,0.018,0.269,0.119,0.047,0.018,0.047,0.881,0.982,0.119,0.881,0.5,0.047,0.119,0.269,0.119,0.269,0.731,0.269,0.881,0.5,0.269,0.047,0.731,0.731,0.119,0.269,0.047,0.119,0.982,0.269,0.047,0.269,0.5,0.269,0.047,0.119,0.119,0.269,0.269,0.119,0.047,0.269,0.5,0.119,0.047,0.119,0.731,0.881,0.269,0.993,0.5,0.119,0.269,0.269,0.269,0.269,0.731,0.119,0.047,0.047,0.047,0.119,0.047,0.047,0.047,0.269,0.5,0.5,0.047,0.5,0.998,0.018,0.119,0.119,0.731,0.953,0.269,0.269,0.119,0.119,0.269,0.047,0.269,0.269,0.119,0.119,0.047,0.047,0.269,0.119,0.018,0.999,0.269,0.269,0.018,0.047,0.119,0.731,0.269,0.731,0.5,0.269,0.5,0.5,0.5,0.269,0.119,0.119,0.5,0.269,0.119,0.269,0.982,0.731,0.047,0.119,0.119,0.5,0.269,0.5,0.269,0.269,0.269,0.269,0.119,0.119,0.269,0.269,0.269,0.269,0.119,0.269,0.731,0.993,0.119,0.119,0.5,0.047,0.047,0.018,0.018,0.119,0.119,0.047,0.119,0.119,0.047,0.119,0.047,0.269,0.731,0.018,0.047,0.119,1,0.881,0.047,0.119,0.119,0.119,0.047,0.119,0.269,0.119,0.047,0.881,0.269,0.269,0.119,0.269,0.953,0.047,0.119,0.119,0.881,0.999,0.269,0.5,0.047,0.047,0.047,0.269,0.119,0.119,0.047,0.047,0.953,0.731,0.119,0.731,0.269,0.119,0.119,0.5,0.047,0.269,0.982
0-211.txt_91,0.91,0.259,0.12,0.222,0.221,0.219,0.271,0.525,0.095,0.318,0.279,0.207,0.301,0.086,0.276,0.475,0.384,0.05,0.083,0.425,0.232,0.946,0.611,0.194,0.065,0.46,0.347,0.101,0.194,0.329,0.234,0.555,0.43,0.094,0.101,0.555,0.498,0.051,0.119,0.292,0.249,0.318,0.971,0.633,0.161,0.446,0.527,0.332,0.284,0.108,0.143,0.367,0.12,0.054,0.216,0.619,0.439,0.046,0.081,0.153,0.269,0.31,0.616,0.99,0.047,0.384,0.616,0.5,0.194,0.033,0.033,0.575,0.083,0.033,0.194,0.575,0.269,0.027,0.069,0.069,0.269,0.044,0.062,0.024,1,0.223,0.036,0.223,0.281,0.272,0.135,0.056,0.149,0.146,0.217,0.149,0.119,0.092,0.251,0.225,0.402,0.384,0.676,0.384,0.119,0.953,0.708,0.232,0.442,0.083,0.139,0.651,0.232,0.292,0.194,0.537,0.269,0.176,0.365,0.157,0.346,0.372,0.392,0.674,0.059,0.609,0.957,0.195,0.239,0.127,0.073,0.688,0.14,0.05,0.179,0.609,0.341,0.044,0.086,0.147,0.409,0.108,0.284,0.348,0.152,0.14,0.23,0.959,0.074,0.151,0.232,0.209,0.149,0.136,0.153,0.297,0.174,0.067,0.095,0.286,0.169,0.296,0.5,0.169,0.038,0.423,0.296,0.095,0.997,0.038,0.038,0.219,0.119,0.373,0.071,0.423,0.169,0.222,0.87,0.062,0.233,0.11,0.131,0.094,0.135,0.21,0.178,0.079,0.185,0.928,0.624,0.122,0.477,0.438,0.106,0.258,0.423,0.159,0.321,0.622,0.252,0.065,0.063,0.045,0.22,0.111,0.15,0.142,0.127,0.537,0.872,0.089,0.558,0.517,0.049,0.196,0.469,0.167,0.559,0.579,0.311,0.564,0.459,0.367,0.063,0.568,0.53,0.213,0.26,0.119,0.125,0.94,0.157,0.092,0.227,0.373,0.418,0.073,0.156,0.112,0.194,0.31,0.083,0.033,0.083,0.384,0.158,0.047,0.119,0.616,0.806,0.536,0.999,0.384,0.047,0.119,0.269,0.083,0.194,0.384,0.197,0.073,0.07,0.04,0.083,0.08,0.067,0.047,0.374,0.303,0.346,0.063,0.3,0.99,0.132,0.22,0.199,0.554,0.892,0.24,0.438,0.105,0.135,0.209,0.062,0.239,0.239,0.119,0.105,0.062,0.062,0.239,0.105,0.024,0.996,0.391,0.414,0.018,0.047,0.149,0.523,0.224,0.498,0.439,0.255,0.383,0.401,0.317,0.177,0.13,0.071,0.398,0.131,0.053,0.197,0.944,0.572,0.037,0.087,0.191,0.41,0.206,0.334,0.238,0.158,0.352,0.323,0.109,0.222,0.241,0.178,0.401,0.229,0.166,0.209,0.518,0.963,0.08,0.216,0.399,0.083,0.047,0.012,0.012,0.083,0.083,0.033,0.083,0.083,0.047,0.119,0.033,0.194,0.616,0.012,0.033,0.083,1,0.881,0.033,0.195,0.145,0.095,0.135,0.095,0.195,0.399,0.085,0.5,0.219,0.269,0.195,0.269,0.953,0.363,0.195,0.195,0.654,0.993,0.169,0.339,0.062,0.133,0.041,0.23,0.069,0.056,0.044,0.092,0.765,0.661,0.069,0.477,0.402,0.053,0.121,0.307,0.124,0.26,0.952
0-211.txt_93,0.952,0.199,0.171,0.14,0.287,0.274,0.247,0.375,0.15,0.292,0.31,0.276,0.311,0.13,0.237,0.606,0.425,0.079,0.144,0.394,0.27,0.988,0.383,0.174,0.096,0.636,0.455,0.175,0.376,0.089,0.147,0.762,0.198,0.1,0.129,0.405,0.346,0.068,0.163,0.123,0.373,0.346,0.998,0.654,0.071,0.423,0.346,0.346,0.577,0.038,0.038,0.346,0.095,0.038,0.095,0.654,0.5,0.018,0.071,0.062,0.201,0.183,0.737,0.99,0.046,0.378,0.655,0.165,0.235,0.11,0.06,0.304,0.083,0.046,0.204,0.427,0.334,0.031,0.053,0.091,0.434,0.206,0.219,0.171,0.157,0.253,0.226,0.255,0.168,0.401,0.424,0.244,0.391,0.271,0.19,0.366,0.346,0.133,0.224,0.426,0.219,0.744,0.269,0.296,0.038,0.982,0.728,0.071,0.346,0.272,0.399,0.738,0.346,0.062,0.095,0.269,0.269,0.047,0.119,0.399,0.284,0.383,0.467,0.643,0.057,0.688,0.971,0.14,0.326,0.123,0.067,0.542,0.127,0.054,0.254,0.57,0.436,0.052,0.114,0.126,0.5,0.107,0.319,0.19,0.075,0.185,0.138,0.99,0.118,0.11,0.127,0.178,0.113,0.094,0.087,0.34,0.173,0.082,0.087,0.132,0.136,0.381,0.535,0.342,0.067,0.5,0.534,0.101,0.999,0.109,0.173,0.354,0.204,0.22,0.138,0.278,0.136,0.101,0.737,0.113,0.261,0.049,0.035,0.034,0.159,0.065,0.044,0.045,0.038,0.982,0.771,0.064,0.72,0.389,0.068,0.094,0.267,0.108,0.175,0.879,0.206,0.091,0.049,0.034,0.145,0.112,0.051,0.066,0.083,0.723,0.955,0.094,0.772,0.557,0.046,0.132,0.233,0.194,0.312,0.621,0.269,0.915,0.269,0.269,0.018,0.731,0.654,0.119,0.269,0.047,0.047,0.996,0.119,0.018,0.219,0.269,0.269,0.018,0.119,0.047,0.269,0.269,0.119,0.047,0.269,0.5,0.119,0.047,0.119,0.731,0.881,0.269,0.993,0.5,0.047,0.119,0.269,0.269,0.269,0.731,0.134,0.051,0.022,0.019,0.087,0.045,0.027,0.031,0.125,0.499,0.633,0.036,0.559,0.993,0.025,0.077,0.132,0.519,0.852,0.467,0.304,0.132,0.134,0.16,0.061,0.251,0.245,0.169,0.109,0.102,0.141,0.323,0.12,0.073,0.997,0.286,0.216,0.047,0.084,0.143,0.636,0.256,0.545,0.351,0.248,0.427,0.356,0.332,0.309,0.147,0.143,0.356,0.193,0.093,0.247,0.967,0.626,0.056,0.161,0.193,0.539,0.227,0.349,0.221,0.217,0.288,0.278,0.188,0.137,0.284,0.248,0.298,0.288,0.149,0.234,0.723,0.965,0.114,0.154,0.429,0.068,0.058,0.037,0.032,0.078,0.1,0.058,0.053,0.1,0.1,0.271,0.055,0.238,0.703,0.037,0.089,0.197,1,0.842,0.1,0.139,0.065,0.065,0.025,0.285,0.083,0.047,0.252,0.558,0.289,0.442,0.047,0.289,0.843,0.025,0.139,0.119,0.711,0.997,0.194,0.384,0.084,0.076,0.052,0.182,0.135,0.105,0.058,0.054,0.841,0.715,0.103,0.649,0.317,0.115,0.187,0.349,0.067,0.159,0.956
0-211.txt_95,0.905,0.229,0.261,0.229,0.159,0.401,0.205,0.504,0.254,0.214,0.181,0.205,0.315,0.214,0.315,0.434,0.325,0.134,0.36,0.299,0.423,0.898,0.219,0.246,0.21,0.346,0.31,0.095,0.29,0.123,0.286,0.656,0.171,0.066,0.266,0.684,0.517,0.062,0.259,0.197,0.219,0.281,0.977,0.48,0.052,0.447,0.474,0.346,0.314,0.111,0.223,0.439,0.159,0.058,0.177,0.545,0.425,0.03,0.116,0.186,0.142,0.241,0.5,0.945,0.035,0.43,0.786,0.105,0.172,0.059,0.118,0.392,0.141,0.04,0.296,0.408,0.255,0.028,0.062,0.059,0.258,0.029,0.29,0.053,0.997,0.057,0.066,0.05,0.045,0.183,0.246,0.057,0.234,0.193,0.05,0.296,0.271,0.057,0.086,0.348,0.362,0.361,0.312,0.301,0.046,0.939,0.728,0.218,0.209,0.172,0.174,0.671,0.312,0.261,0.295,0.27,0.347,0.078,0.262,0.113,0.466,0.154,0.324,0.506,0.072,0.388,0.9,0.077,0.147,0.124,0.148,0.264,0.206,0.1,0.324,0.491,0.532,0.116,0.13,0.243,0.423,0.102,0.505,0.295,0.057,0.177,0.267,0.953,0.096,0.31,0.234,0.247,0.19,0.253,0.148,0.391,0.265,0.203,0.072,0.166,0.473,0.346,0.524,0.219,0.071,0.423,0.5,0.145,0.992,0.062,0.071,0.701,0.373,0.047,0.095,0.574,0.524,0.354,0.346,0.299,0.321,0.066,0.078,0.05,0.169,0.083,0.078,0.055,0.062,0.968,0.602,0.083,0.621,0.307,0.059,0.259,0.485,0.071,0.308,0.843,0.129,0.171,0.046,0.024,0.083,0.08,0.051,0.025,0.077,0.617,0.893,0.233,0.614,0.549,0.155,0.147,0.205,0.228,0.342,0.557,0.22,0.542,0.416,0.232,0.104,0.547,0.513,0.185,0.288,0.085,0.188,0.929,0.227,0.191,0.177,0.382,0.322,0.117,0.201,0.137,0.145,0.349,0.038,0.014,0.095,0.145,0.062,0.024,0.212,0.601,0.865,0.095,0.982,0.5,0.028,0.071,0.145,0.222,0.462,0.373,0.171,0.148,0.08,0.041,0.241,0.107,0.068,0.178,0.208,0.435,0.39,0.203,0.309,0.989,0.078,0.17,0.178,0.492,0.792,0.424,0.296,0.299,0.299,0.121,0.071,0.169,0.349,0.062,0.071,0.246,0.423,0.169,0.219,0.383,0.987,0.323,0.296,0.085,0.145,0.407,0.455,0.275,0.443,0.394,0.106,0.341,0.367,0.23,0.267,0.263,0.17,0.315,0.183,0.219,0.293,0.834,0.471,0.12,0.267,0.276,0.347,0.22,0.455,0.278,0.12,0.408,0.377,0.149,0.135,0.214,0.242,0.286,0.225,0.194,0.241,0.561,0.953,0.132,0.171,0.317,0.325,0.267,0.379,0.298,0.134,0.344,0.378,0.217,0.217,0.291,0.288,0.358,0.275,0.28,0.207,0.428,0.396,0.153,0.275,0.312,0.111,0.254,0.359,0.171,0.042,0.283,0.245,0.146,0.513,0.283,0.233,0.187,0.204,0.774,0.118,0.179,0.159,0.529,0.987,0.139,0.313,0.168,0.137,0.234,0.182,0.163,0.199,0.033,0.072,0.849,0.56,0.103,0.441,0.292,0.049,0.179,0.35,0.076,0.246,0.936
0-211.txt_97,0.921,0.27,0.286,0.181,0.348,0.307,0.3,0.353,0.127,0.237,0.328,0.239,0.315,0.185,0.199,0.684,0.416,0.11,0.199,0.424,0.369,0.854,0.183,0.207,0.329,0.487,0.271,0.249,0.357,0.344,0.279,0.444,0.195,0.06,0.197,0.525,0.427,0.035,0.099,0.267,0.215,0.353,0.966,0.561,0.103,0.344,0.359,0.36,0.32,0.134,0.149,0.473,0.116,0.233,0.139,0.535,0.504,0.095,0.189,0.164,0.18,0.18,0.637,0.96,0.049,0.389,0.651,0.317,0.173,0.211,0.064,0.412,0.077,0.107,0.275,0.451,0.383,0.035,0.094,0.169,0.483,0.085,0.084,0.054,0.995,0.097,0.162,0.214,0.066,0.207,0.088,0.293,0.12,0.055,0.076,0.456,0.358,0.045,0.07,0.292,0.327,0.568,0.513,0.484,0.044,0.964,0.767,0.119,0.376,0.044,0.089,0.732,0.443,0.036,0.416,0.584,0.327,0.081,0.186,0.092,0.27,0.467,0.444,0.677,0.023,0.788,0.98,0.128,0.407,0.067,0.052,0.665,0.114,0.066,0.276,0.473,0.274,0.049,0.136,0.202,0.455,0.153,0.406,0.242,0.092,0.179,0.205,0.966,0.153,0.061,0.064,0.249,0.072,0.084,0.178,0.439,0.186,0.084,0.059,0.092,0.337,0.259,0.356,0.382,0.074,0.705,0.557,0.13,0.975,0.229,0.187,0.537,0.183,0.429,0.228,0.487,0.314,0.121,0.281,0.262,0.292,0.15,0.161,0.121,0.145,0.154,0.093,0.112,0.147,0.949,0.557,0.16,0.499,0.349,0.068,0.245,0.371,0.094,0.345,0.769,0.272,0.133,0.125,0.064,0.107,0.177,0.253,0.037,0.16,0.679,0.831,0.206,0.659,0.564,0.135,0.16,0.229,0.154,0.444,0.541,0.47,0.634,0.458,0.387,0.095,0.541,0.613,0.142,0.191,0.099,0.159,0.932,0.174,0.046,0.314,0.518,0.369,0.041,0.092,0.128,0.219,0.145,0.071,0.028,0.095,0.457,0.121,0.028,0.095,0.781,0.701,0.349,0.993,0.296,0.047,0.323,0.219,0.071,0.095,0.728,0.281,0.06,0.051,0.117,0.058,0.148,0.181,0.106,0.172,0.367,0.535,0.06,0.315,0.981,0.112,0.149,0.231,0.573,0.828,0.329,0.566,0.101,0.083,0.083,0.065,0.328,0.157,0.103,0.047,0.083,0.153,0.347,0.292,0.033,0.986,0.405,0.402,0.018,0.047,0.216,0.632,0.18,0.51,0.35,0.183,0.255,0.303,0.34,0.18,0.094,0.155,0.457,0.147,0.252,0.37,0.792,0.347,0.12,0.342,0.231,0.394,0.276,0.498,0.33,0.115,0.329,0.445,0.244,0.172,0.272,0.238,0.372,0.19,0.223,0.247,0.547,0.938,0.052,0.201,0.369,0.375,0.069,0.369,0.061,0.069,0.083,0.069,0.485,0.069,0.069,0.274,0.069,0.083,0.384,0.063,0.143,0.069,0.997,0.842,0.069,0.332,0.133,0.154,0.06,0.138,0.19,0.285,0.047,0.549,0.318,0.321,0.109,0.276,0.645,0.116,0.288,0.246,0.509,0.975,0.37,0.271,0.138,0.29,0.122,0.164,0.199,0.281,0.189,0.111,0.594,0.613,0.309,0.469,0.19,0.058,0.281,0.484,0.044,0.165,0.877
0-211.txt_99,0.786,0.248,0.245,0.263,0.309,0.351,0.323,0.281,0.297,0.34,0.325,0.323,0.298,0.249,0.315,0.456,0.403,0.114,0.258,0.428,0.382,0.832,0.484,0.316,0.188,0.51,0.464,0.246,0.361,0.23,0.255,0.527,0.287,0.227,0.28,0.438,0.406,0.121,0.236,0.27,0.425,0.454,0.808,0.476,0.3,0.442,0.449,0.469,0.481,0.14,0.183,0.382,0.172,0.196,0.277,0.522,0.414,0.214,0.236,0.149,0.229,0.363,0.566,0.875,0.109,0.438,0.657,0.249,0.319,0.103,0.166,0.366,0.188,0.17,0.266,0.375,0.316,0.2,0.182,0.156,0.459,0.19,0.204,0.137,0.936,0.258,0.176,0.203,0.17,0.679,0.434,0.186,0.441,0.375,0.316,0.456,0.455,0.33,0.288,0.68,0.418,0.582,0.484,0.468,0.14,0.793,0.588,0.247,0.38,0.277,0.168,0.601,0.278,0.143,0.293,0.436,0.361,0.267,0.314,0.265,0.312,0.359,0.377,0.619,0.12,0.644,0.929,0.202,0.499,0.123,0.127,0.579,0.224,0.208,0.396,0.331,0.304,0.197,0.181,0.142,0.419,0.241,0.331,0.335,0.194,0.239,0.283,0.836,0.227,0.171,0.157,0.306,0.147,0.187,0.266,0.373,0.231,0.198,0.193,0.184,0.395,0.403,0.38,0.371,0.238,0.402,0.448,0.193,0.912,0.089,0.236,0.399,0.126,0.265,0.382,0.37,0.341,0.54,0.478,0.169,0.378,0.155,0.106,0.117,0.316,0.217,0.121,0.153,0.197,0.824,0.708,0.114,0.579,0.465,0.146,0.269,0.335,0.254,0.393,0.724,0.338,0.18,0.155,0.133,0.275,0.186,0.18,0.155,0.227,0.693,0.825,0.177,0.63,0.447,0.18,0.207,0.294,0.214,0.283,0.627,0.384,0.676,0.344,0.441,0.062,0.528,0.516,0.242,0.275,0.178,0.129,0.875,0.135,0.102,0.29,0.371,0.417,0.086,0.138,0.234,0.324,0.299,0.2,0.13,0.174,0.187,0.146,0.165,0.231,0.627,0.811,0.244,0.881,0.664,0.205,0.212,0.282,0.422,0.582,0.551,0.244,0.174,0.095,0.109,0.261,0.194,0.108,0.168,0.252,0.584,0.578,0.132,0.473,0.917,0.074,0.2,0.274,0.465,0.601,0.462,0.388,0.309,0.24,0.432,0.11,0.295,0.529,0.234,0.307,0.224,0.186,0.381,0.141,0.098,0.955,0.426,0.311,0.147,0.132,0.28,0.565,0.332,0.424,0.465,0.185,0.391,0.428,0.434,0.319,0.274,0.19,0.391,0.214,0.133,0.315,0.726,0.476,0.106,0.215,0.356,0.422,0.35,0.379,0.323,0.222,0.326,0.286,0.158,0.25,0.22,0.249,0.371,0.201,0.111,0.188,0.566,0.822,0.055,0.118,0.299,0.21,0.123,0.061,0.048,0.189,0.197,0.114,0.036,0.129,0.486,0.576,0.16,0.503,0.719,0.031,0.157,0.151,0.997,0.797,0.394,0.305,0.26,0.166,0.111,0.234,0.264,0.18,0.129,0.484,0.387,0.449,0.175,0.374,0.713,0.101,0.208,0.293,0.47,0.866,0.34,0.403,0.298,0.212,0.183,0.314,0.211,0.195,0.178,0.331,0.711,0.509,0.258,0.479,0.363,0.238,0.213,0.359,0.255,0.322,0.802
0-211.txt_101,0.803,0.371,0.237,0.292,0.164,0.379,0.353,0.225,0.309,0.175,0.242,0.309,0.186,0.15,0.176,0.47,0.335,0.105,0.164,0.25,0.29,0.939,0.285,0.203,0.085,0.534,0.402,0.139,0.401,0.09,0.191,0.617,0.148,0.142,0.124,0.292,0.21,0.093,0.276,0.138,0.35,0.336,0.857,0.486,0.17,0.414,0.402,0.305,0.486,0.134,0.168,0.326,0.156,0.105,0.156,0.443,0.334,0.057,0.132,0.167,0.343,0.482,0.5,0.919,0.047,0.569,0.747,0.26,0.371,0.081,0.097,0.388,0.106,0.051,0.295,0.382,0.293,0.034,0.083,0.072,0.383,0.071,0.038,0.02,0.904,0.047,0.339,0.312,0.349,0.121,0.363,0.188,0.275,0.778,0.024,0.135,0.145,0.188,0.365,0.195,0.389,0.5,0.334,0.466,0.043,0.872,0.709,0.2,0.463,0.101,0.212,0.488,0.218,0.069,0.243,0.319,0.272,0.06,0.124,0.104,0.445,0.476,0.323,0.622,0.069,0.697,0.917,0.157,0.301,0.1,0.125,0.458,0.152,0.047,0.155,0.326,0.269,0.068,0.139,0.144,0.439,0.171,0.31,0.364,0.089,0.23,0.276,0.931,0.223,0.044,0.062,0.18,0.053,0.064,0.196,0.397,0.194,0.032,0.079,0.105,0.348,0.582,0.42,0.366,0.128,0.542,0.377,0.16,0.897,0.253,0.234,0.315,0.185,0.175,0.187,0.367,0.299,0.261,0.295,0.113,0.255,0.094,0.052,0.043,0.18,0.06,0.057,0.032,0.048,0.929,0.786,0.047,0.6,0.295,0.069,0.083,0.207,0.114,0.151,0.794,0.188,0.201,0.09,0.09,0.119,0.2,0.163,0.046,0.117,0.616,0.882,0.124,0.593,0.389,0.072,0.104,0.18,0.131,0.19,0.518,0.445,0.78,0.42,0.49,0.071,0.634,0.655,0.216,0.376,0.104,0.084,0.742,0.138,0.062,0.214,0.335,0.291,0.017,0.081,0.111,0.269,0.168,0.111,0.029,0.138,0.128,0.115,0.076,0.215,0.583,0.822,0.066,0.943,0.331,0.07,0.126,0.178,0.163,0.321,0.501,0.163,0.178,0.054,0.035,0.198,0.118,0.105,0.085,0.232,0.463,0.62,0.111,0.444,0.894,0.099,0.112,0.185,0.249,0.6,0.327,0.314,0.267,0.151,0.243,0.04,0.205,0.233,0.154,0.158,0.173,0.159,0.203,0.134,0.094,0.975,0.248,0.252,0.035,0.101,0.211,0.599,0.353,0.372,0.331,0.142,0.35,0.378,0.289,0.275,0.077,0.086,0.285,0.14,0.046,0.137,0.813,0.538,0.076,0.107,0.191,0.511,0.268,0.271,0.308,0.142,0.302,0.307,0.158,0.225,0.223,0.264,0.27,0.209,0.079,0.215,0.524,0.839,0.05,0.074,0.314,0.193,0.144,0.042,0.107,0.028,0.106,0.157,0.065,0.18,0.159,0.336,0.133,0.264,0.508,0.06,0.068,0.151,0.981,0.609,0.166,0.115,0.271,0.183,0.135,0.066,0.199,0.121,0.101,0.594,0.199,0.332,0.16,0.207,0.797,0.024,0.15,0.148,0.517,0.953,0.208,0.365,0.201,0.11,0.095,0.148,0.189,0.165,0.101,0.174,0.681,0.635,0.152,0.431,0.302,0.2,0.153,0.354,0.152,0.177,0.836
0-211.txt_103,0.852,0.322,0.266,0.051,0.266,0.139,0.083,0.34,0.284,0.369,0.407,0.525,0.31,0.025,0.269,0.367,0.234,0.015,0.095,0.518,0.127,0.806,0.244,0.097,0.083,0.422,0.454,0.029,0.21,0.292,0.051,0.808,0.065,0.021,0.029,0.292,0.613,0.012,0.235,0.425,0.181,0.28,0.709,0.718,0.025,0.379,0.517,0.329,0.235,0.149,0.041,0.537,0.129,0.027,0.273,0.439,0.468,0.024,0.152,0.233,0.197,0.185,0.721,0.836,0.014,0.327,0.482,0.426,0.118,0.045,0.035,0.387,0.022,0.014,0.099,0.358,0.381,0.006,0.016,0.03,0.881,0.018,0.018,0.018,1,0.018,0.018,0.269,0.047,0.047,0.269,0.018,0.5,0.731,0.018,0.881,0.269,0.047,0.953,0.047,0.301,0.243,0.378,0.199,0.036,0.676,0.637,0.056,0.532,0.295,0.208,0.378,0.38,0.229,0.042,0.611,0.65,0.019,0.05,0.526,0.236,0.255,0.356,0.59,0.022,0.514,0.874,0.186,0.251,0.246,0.053,0.661,0.138,0.115,0.118,0.244,0.256,0.148,0.206,0.3,0.195,0.092,0.58,0.621,0.011,0.071,0.346,0.984,0.033,0.006,0.006,0.142,0.012,0.007,0.183,0.308,0.053,0.01,0.008,0.039,0.5,0.373,0.397,0.577,0.353,0.457,0.577,0.5,0.942,0.198,0.423,0.323,0.373,0.262,0.062,0.296,0.577,0.024,0.121,0.121,0.31,0.076,0.185,0.296,0.186,0.219,0.426,0.037,0.157,0.803,0.437,0.349,0.405,0.407,0.124,0.252,0.47,0.028,0.222,0.804,0.178,0.095,0.112,0.165,0.26,0.223,0.122,0.026,0.178,0.734,0.765,0.174,0.603,0.681,0.016,0.295,0.339,0.266,0.356,0.785,0.172,0.578,0.386,0.336,0.046,0.738,0.581,0.245,0.343,0.064,0.054,0.925,0.114,0.088,0.187,0.309,0.457,0.026,0.062,0.113,0.095,0.095,0.024,0.014,0.071,0.399,0.038,0.024,0.062,0.5,0.788,0.062,0.999,0.349,0.345,0.062,0.145,0.339,0.095,0.627,0.104,0.041,0.094,0.042,0.407,0.167,0.117,0.101,0.067,0.435,0.466,0.269,0.42,0.861,0.027,0.21,0.179,0.42,0.673,0.487,0.5,0.018,0.259,0.033,0.033,0.269,0.033,0.194,0.018,0.5,0.575,0.083,0.52,0.269,0.865,0.384,0.047,0.012,0.033,0.5,0.452,0.13,0.328,0.166,0.316,0.187,0.349,0.259,0.147,0.443,0.218,0.273,0.21,0.157,0.086,0.844,0.807,0.139,0.246,0.481,0.128,0.394,0.348,0.203,0.034,0.475,0.398,0.107,0.407,0.432,0.166,0.596,0.245,0.087,0.166,0.461,0.867,0.019,0.33,0.408,0.051,0.138,0.03,0.074,0.015,0.138,0.26,0.012,0.347,0.229,0.121,0.193,0.281,0.722,0.017,0.314,0.095,0.92,0.87,0.171,0.135,0.018,0.01,0.007,0.668,0.018,0.01,0.007,0.363,0.627,0.627,0.018,0.539,0.793,0.01,0.188,0.188,0.5,0.716,0.738,0.243,0.199,0.337,0.409,0.068,0.496,0.494,0.106,0.198,0.629,0.293,0.307,0.251,0.098,0.056,0.191,0.323,0.034,0.506,0.698
0-211.txt_105,0.691,0.483,0.11,0.027,0.38,0.352,0.249,0.145,0.177,0.173,0.361,0.298,0.233,0.257,0.051,0.396,0.094,0.151,0.292,0.225,0.577,0.889,0.123,0.085,0.227,0.425,0.274,0.19,0.311,0.156,0.274,0.575,0.277,0.189,0.034,0.343,0.279,0.253,0.342,0.292,0.546,0.489,0.531,0.414,0.361,0.453,0.312,0.261,0.513,0.156,0.16,0.348,0.21,0.197,0.168,0.483,0.467,0.134,0.24,0.175,0.342,0.323,0.456,0.962,0.13,0.406,0.7,0.289,0.351,0.103,0.025,0.319,0.038,0.028,0.363,0.415,0.135,0.018,0.142,0.046,0.349,0.108,0.262,0.353,0.411,0.028,0.085,0.098,0.024,0.185,0.336,0.085,0.336,0.26,0.351,0.383,0.095,0.501,0.336,0.111,0.555,0.625,0.249,0.301,0.347,0.768,0.482,0.262,0.399,0.22,0.2,0.436,0.091,0.143,0.019,0.375,0.409,0.345,0.109,0.318,0.483,0.546,0.361,0.7,0.122,0.679,0.91,0.191,0.361,0.153,0.108,0.347,0.197,0.105,0.187,0.438,0.377,0.07,0.054,0.242,0.49,0.158,0.286,0.261,0.139,0.116,0.256,0.922,0.158,0.021,0.041,0.09,0.058,0.011,0.077,0.307,0.095,0.052,0.014,0.023,0.38,0.463,0.333,0.546,0.014,0.727,0.702,0.167,0.6,0.116,0.062,0.448,0.07,0.012,0.118,0.311,0.189,0.11,0.04,0.164,0.172,0.081,0.034,0.059,0.112,0.107,0.162,0.076,0.139,0.806,0.762,0.037,0.598,0.453,0.06,0.035,0.12,0.236,0.315,0.667,0.186,0.173,0.076,0.065,0.218,0.205,0.11,0.052,0.145,0.6,0.812,0.143,0.555,0.28,0.061,0.104,0.186,0.282,0.161,0.481,0.377,0.742,0.253,0.285,0.184,0.633,0.557,0.133,0.365,0.122,0.175,0.79,0.096,0.14,0.165,0.353,0.246,0.073,0.104,0.192,0.349,0.175,0.044,0.017,0.052,0.476,0.048,0.33,0.048,0.496,0.54,0.326,0.754,0.056,0.01,0.102,0.198,0.01,0.024,0.581,0.356,0.295,0.165,0.17,0.207,0.239,0.145,0.038,0.41,0.582,0.598,0.237,0.382,0.69,0.156,0.116,0.227,0.144,0.6,0.426,0.51,0.26,0.194,0.211,0.031,0.22,0.253,0.042,0.147,0.039,0.059,0.29,0.04,0.011,0.997,0.396,0.168,0.003,0.007,0.093,0.554,0.431,0.271,0.263,0.193,0.312,0.304,0.285,0.223,0.17,0.124,0.298,0.151,0.1,0.158,0.583,0.429,0.035,0.11,0.236,0.539,0.186,0.11,0.164,0.081,0.306,0.25,0.091,0.066,0.039,0.081,0.187,0.066,0.148,0.37,0.7,0.847,0.131,0.055,0.139,0.269,0.485,0.138,0.027,0.143,0.158,0.375,0.012,0.375,0.119,0.485,0.158,0.194,0.515,0.194,0.575,0.625,0.94,0.5,0.083,0.274,0.138,0.193,0.229,0.353,0.137,0.181,0.044,0.535,0.256,0.374,0.101,0.222,0.705,0.206,0.354,0.279,0.487,0.833,0.269,0.4,0.131,0.085,0.099,0.343,0.142,0.1,0.071,0.23,0.746,0.71,0.042,0.399,0.231,0.148,0.122,0.09,0.051,0.173,0.889
0-211.txt_107,0.875,0.173,0.272,0.242,0.1,0.224,0.206,0.443,0.172,0.133,0.209,0.171,0.253,0.185,0.32,0.615,0.365,0.021,0.153,0.292,0.23,0.925,0.195,0.055,0.177,0.528,0.305,0.143,0.31,0.045,0.049,0.84,0.195,0.081,0.134,0.28,0.424,0.175,0.141,0.084,0.389,0.361,0.923,0.566,0.149,0.209,0.317,0.541,0.353,0.117,0.09,0.398,0.095,0.219,0.204,0.537,0.46,0.148,0.266,0.142,0.293,0.252,0.62,0.866,0.027,0.362,0.482,0.466,0.234,0.06,0.084,0.179,0.06,0.08,0.248,0.383,0.254,0.023,0.054,0.107,0.408,0.098,0.036,0.064,0.923,0.115,0.036,0.234,0.107,0.067,0.094,0.075,0.107,0.157,0.027,0.261,0.076,0.121,0.164,0.066,0.389,0.558,0.452,0.284,0.143,0.683,0.234,0.266,0.095,0.249,0.143,0.624,0.489,0.023,0.043,0.31,0.292,0.231,0.138,0.284,0.381,0.32,0.427,0.579,0.13,0.676,0.845,0.321,0.496,0.108,0.144,0.492,0.161,0.071,0.13,0.602,0.325,0.236,0.168,0.12,0.49,0.176,0.181,0.179,0.111,0.149,0.165,0.98,0.16,0.097,0.136,0.173,0.177,0.095,0.138,0.394,0.281,0.089,0.11,0.165,0.145,0.661,0.661,0.447,0.024,0.654,0.219,0.095,0.959,0.024,0.024,0.611,0.062,0.038,0.038,0.299,0.399,0.028,0.145,0.286,0.227,0.043,0.141,0.092,0.155,0.125,0.126,0.084,0.11,0.897,0.547,0.08,0.477,0.336,0.131,0.115,0.216,0.135,0.237,0.797,0.244,0.351,0.267,0.144,0.081,0.377,0.262,0.234,0.181,0.395,0.682,0.361,0.57,0.308,0.149,0.363,0.319,0.107,0.212,0.404,0.306,0.599,0.443,0.413,0.056,0.575,0.448,0.283,0.332,0.127,0.204,0.882,0.274,0.042,0.262,0.428,0.47,0.202,0.208,0.223,0.29,0.177,0.151,0.105,0.162,0.181,0.176,0.026,0.26,0.551,0.729,0.091,0.966,0.319,0.026,0.252,0.287,0.126,0.197,0.549,0.022,0.079,0.009,0.004,0.022,0.01,0.01,0.006,0.173,0.45,0.44,0.01,0.381,0.998,0.006,0.016,0.022,0.456,0.792,0.197,0.596,0.391,0.29,0.221,0.058,0.362,0.222,0.312,0.25,0.149,0.091,0.285,0.121,0.184,0.974,0.511,0.319,0.073,0.193,0.142,0.589,0.313,0.443,0.235,0.17,0.308,0.155,0.467,0.261,0.034,0.064,0.295,0.2,0.11,0.08,0.915,0.545,0.085,0.081,0.15,0.502,0.273,0.325,0.255,0.063,0.227,0.198,0.139,0.132,0.249,0.191,0.273,0.189,0.074,0.252,0.64,0.954,0.025,0.076,0.454,0.014,0.052,0.006,0.022,0.135,0.023,0.025,0.034,0.191,0.019,0.065,0.009,0.059,0.71,0.004,0.01,0.016,1,0.837,0.013,0.16,0.196,0.235,0.092,0.031,0.096,0.155,0.023,0.56,0.142,0.181,0.276,0.214,0.789,0.174,0.091,0.232,0.488,0.933,0.183,0.438,0.074,0.106,0.06,0.167,0.144,0.112,0.088,0.063,0.789,0.507,0.127,0.403,0.249,0.138,0.176,0.451,0.093,0.097,0.937
0-211.txt_109,0.778,0.348,0.46,0.419,0.178,0.332,0.381,0.265,0.206,0.24,0.108,0.389,0.21,0.186,0.361,0.763,0.354,0.046,0.234,0.265,0.341,0.857,0.374,0.373,0.126,0.49,0.343,0.276,0.294,0.216,0.29,0.595,0.295,0.156,0.44,0.452,0.376,0.092,0.151,0.213,0.271,0.567,0.935,0.578,0.254,0.337,0.548,0.273,0.57,0.107,0.045,0.432,0.17,0.054,0.23,0.557,0.338,0.037,0.279,0.14,0.19,0.224,0.626,0.962,0.031,0.339,0.742,0.297,0.178,0.195,0.116,0.375,0.132,0.121,0.327,0.243,0.217,0.196,0.13,0.097,0.425,0.147,0.119,0.199,0.977,0.132,0.094,0.267,0.2,0.272,0.429,0.184,0.314,0.356,0.164,0.354,0.221,0.065,0.212,0.316,0.319,0.409,0.435,0.57,0.117,0.905,0.64,0.248,0.271,0.217,0.167,0.37,0.139,0.1,0.38,0.481,0.395,0.11,0.132,0.282,0.249,0.239,0.612,0.653,0.093,0.486,0.901,0.19,0.269,0.108,0.245,0.39,0.128,0.146,0.399,0.506,0.367,0.045,0.21,0.202,0.375,0.361,0.492,0.303,0.124,0.369,0.368,0.842,0.204,0.145,0.085,0.406,0.135,0.097,0.319,0.487,0.38,0.076,0.142,0.155,0.094,0.387,0.392,0.271,0.114,0.407,0.224,0.052,0.952,0.237,0.276,0.277,0.259,0.323,0.196,0.353,0.135,0.34,0.58,0.175,0.214,0.165,0.057,0.027,0.098,0.113,0.095,0.035,0.027,0.965,0.783,0.168,0.506,0.195,0.032,0.075,0.142,0.029,0.145,0.852,0.258,0.13,0.113,0.123,0.173,0.169,0.127,0.056,0.126,0.756,0.884,0.132,0.62,0.42,0.111,0.199,0.27,0.118,0.2,0.568,0.241,0.741,0.431,0.427,0.026,0.629,0.566,0.088,0.22,0.036,0.105,0.9,0.083,0.114,0.431,0.431,0.364,0.054,0.218,0.049,0.239,0.246,0.193,0.091,0.183,0.327,0.437,0.114,0.22,0.448,0.381,0.348,0.942,0.316,0.287,0.424,0.393,0.11,0.214,0.36,0.237,0.143,0.159,0.06,0.06,0.261,0.2,0.09,0.188,0.486,0.581,0.18,0.37,0.938,0.2,0.231,0.241,0.289,0.657,0.397,0.361,0.2,0.14,0.317,0.043,0.313,0.25,0.149,0.074,0.098,0.162,0.312,0.087,0.176,0.973,0.415,0.276,0.088,0.151,0.181,0.383,0.226,0.432,0.248,0.223,0.406,0.352,0.311,0.391,0.271,0.256,0.332,0.255,0.265,0.166,0.788,0.567,0.044,0.178,0.245,0.327,0.266,0.338,0.248,0.212,0.284,0.219,0.178,0.131,0.364,0.453,0.258,0.313,0.137,0.336,0.521,0.891,0.055,0.223,0.514,0.188,0.039,0.027,0.093,0.138,0.065,0.122,0.091,0.046,0.258,0.288,0.038,0.289,0.572,0.121,0.085,0.057,0.998,0.559,0.317,0.243,0.056,0.172,0.124,0.036,0.223,0.056,0.031,0.498,0.135,0.211,0.056,0.474,0.888,0.019,0.275,0.152,0.553,0.986,0.426,0.337,0.124,0.14,0.219,0.274,0.162,0.104,0.088,0.137,0.742,0.614,0.172,0.477,0.384,0.184,0.202,0.411,0.046,0.231,0.862
0-211.txt_111,0.87,0.121,0.163,0.155,0.285,0.305,0.266,0.273,0.249,0.367,0.339,0.244,0.557,0.289,0.426,0.441,0.261,0.154,0.258,0.497,0.322,0.907,0.331,0.345,0.132,0.452,0.348,0.182,0.336,0.222,0.283,0.739,0.441,0.302,0.538,0.196,0.211,0.22,0.521,0.194,0.415,0.433,0.789,0.394,0.232,0.533,0.398,0.355,0.507,0.184,0.186,0.597,0.176,0.249,0.136,0.441,0.338,0.126,0.225,0.152,0.363,0.211,0.688,0.922,0.244,0.458,0.697,0.355,0.251,0.043,0.104,0.377,0.15,0.13,0.146,0.484,0.375,0.108,0.17,0.11,0.119,0.982,0.269,0.5,0.731,0.881,0.119,0.007,0.881,0.731,0.881,0.119,0.5,0.018,0.018,0.269,0.119,0.007,0.018,0.119,0.576,0.46,0.558,0.329,0.133,0.871,0.843,0.209,0.271,0.048,0.161,0.847,0.088,0.051,0.169,0.558,0.558,0.007,0.025,0.189,0.383,0.538,0.448,0.582,0.057,0.578,0.832,0.133,0.536,0.167,0.164,0.651,0.145,0.216,0.33,0.302,0.403,0.154,0.24,0.218,0.411,0.187,0.411,0.523,0.149,0.262,0.305,0.753,0.316,0.196,0.327,0.386,0.237,0.225,0.297,0.387,0.383,0.137,0.386,0.251,0.194,0.449,0.389,0.506,0.027,0.515,0.5,0.012,0.99,0.464,0.259,0.194,0.425,0.616,0.384,0.083,0.194,0.494,0.384,0.259,0.334,0.142,0.08,0.136,0.232,0.211,0.371,0.1,0.17,0.814,0.667,0.289,0.534,0.315,0.016,0.143,0.201,0.243,0.307,0.645,0.364,0.145,0.157,0.135,0.291,0.188,0.216,0.087,0.34,0.546,0.873,0.243,0.658,0.626,0.149,0.118,0.144,0.397,0.395,0.494,0.39,0.563,0.443,0.436,0.196,0.624,0.57,0.307,0.374,0.1,0.192,0.891,0.235,0.177,0.279,0.437,0.36,0.274,0.194,0.145,0.476,0.349,0.363,0.098,0.062,0.296,0.265,0.336,0.222,0.5,0.577,0.222,0.895,0.119,0.098,0.195,0.373,0.349,0.399,0.55,0.226,0.229,0.132,0.08,0.353,0.226,0.126,0.076,0.439,0.492,0.598,0.107,0.444,0.949,0.162,0.125,0.187,0.576,0.784,0.453,0.423,0.144,0.179,0.178,0.176,0.206,0.246,0.344,0.2,0.117,0.16,0.409,0.171,0.055,0.971,0.389,0.341,0.31,0.191,0.123,0.605,0.355,0.337,0.236,0.295,0.309,0.393,0.261,0.218,0.131,0.228,0.468,0.214,0.206,0.464,0.677,0.459,0.171,0.197,0.288,0.731,0.5,0.143,0.047,0.375,0.69,0.274,0.384,0.384,0.31,0.31,0.747,0.5,0.158,0.464,0.269,0.616,0.018,0.536,0.5,0.311,0.333,0.08,0.11,0.162,0.124,0.045,0.068,0.214,0.58,0.561,0.182,0.433,0.566,0.19,0.142,0.311,0.999,0.874,0.301,0.195,0.241,0.216,0.272,0.353,0.237,0.295,0.201,0.614,0.483,0.474,0.287,0.57,0.787,0.236,0.143,0.218,0.309,0.846,0.437,0.488,0.24,0.151,0.145,0.365,0.275,0.148,0.09,0.283,0.798,0.618,0.217,0.618,0.622,0.297,0.229,0.367,0.31,0.411,0.831
0-211.txt_113,0.683,0.313,0.316,0.296,0.47,0.381,0.385,0.34,0.376,0.361,0.44,0.307,0.377,0.319,0.384,0.548,0.406,0.329,0.248,0.417,0.26,0.885,0.381,0.319,0.256,0.68,0.552,0.192,0.548,0.136,0.244,0.699,0.262,0.165,0.295,0.471,0.389,0.153,0.191,0.194,0.173,0.24,0.919,0.323,0.652,0.325,0.252,0.158,0.434,0.169,0.369,0.26,0.304,0.183,0.241,0.473,0.33,0.293,0.222,0.164,0.256,0.396,0.567,0.927,0.235,0.459,0.671,0.255,0.505,0.149,0.216,0.365,0.169,0.139,0.373,0.514,0.366,0.171,0.177,0.177,0.323,0.257,0.267,0.243,0.928,0.315,0.247,0.237,0.352,0.292,0.434,0.3,0.343,0.312,0.197,0.515,0.38,0.164,0.21,0.328,0.29,0.641,0.48,0.402,0.247,0.862,0.672,0.283,0.563,0.149,0.265,0.619,0.234,0.168,0.326,0.531,0.356,0.219,0.208,0.182,0.321,0.528,0.441,0.584,0.22,0.665,0.857,0.324,0.48,0.142,0.205,0.571,0.173,0.171,0.361,0.444,0.322,0.177,0.25,0.164,0.381,0.363,0.41,0.378,0.318,0.401,0.348,0.78,0.337,0.202,0.243,0.357,0.227,0.223,0.374,0.527,0.326,0.197,0.185,0.205,0.206,0.483,0.468,0.533,0.16,0.565,0.607,0.183,0.891,0.164,0.186,0.482,0.218,0.315,0.35,0.517,0.356,0.234,0.393,0.196,0.189,0.159,0.127,0.079,0.248,0.228,0.173,0.118,0.163,0.849,0.843,0.166,0.556,0.538,0.098,0.128,0.206,0.167,0.179,0.621,0.191,0.149,0.134,0.118,0.289,0.19,0.157,0.086,0.18,0.643,0.893,0.15,0.587,0.61,0.164,0.202,0.196,0.192,0.248,0.5,0.271,0.754,0.371,0.368,0.248,0.612,0.604,0.25,0.47,0.143,0.178,0.87,0.277,0.132,0.382,0.489,0.398,0.236,0.184,0.185,0.294,0.248,0.206,0.143,0.232,0.376,0.269,0.112,0.372,0.593,0.695,0.224,0.817,0.393,0.172,0.378,0.381,0.246,0.32,0.587,0.225,0.167,0.103,0.089,0.276,0.15,0.144,0.124,0.277,0.39,0.675,0.122,0.382,0.912,0.113,0.204,0.19,0.294,0.547,0.445,0.305,0.28,0.283,0.284,0.269,0.376,0.381,0.227,0.33,0.136,0.246,0.316,0.167,0.202,0.951,0.45,0.384,0.16,0.164,0.196,0.354,0.488,0.502,0.397,0.401,0.54,0.476,0.311,0.462,0.203,0.246,0.495,0.259,0.217,0.283,0.796,0.497,0.243,0.258,0.266,0.326,0.495,0.469,0.284,0.28,0.469,0.415,0.281,0.446,0.237,0.294,0.467,0.244,0.226,0.27,0.61,0.752,0.173,0.187,0.286,0.247,0.3,0.33,0.294,0.241,0.376,0.29,0.26,0.512,0.33,0.479,0.289,0.39,0.354,0.178,0.418,0.302,0.947,0.467,0.273,0.198,0.257,0.316,0.171,0.212,0.181,0.149,0.135,0.593,0.363,0.376,0.138,0.24,0.81,0.049,0.432,0.279,0.497,0.919,0.334,0.406,0.293,0.252,0.257,0.348,0.318,0.327,0.215,0.398,0.524,0.573,0.292,0.418,0.354,0.263,0.347,0.352,0.178,0.188,0.688
0-211.txt_115,0.869,0.361,0.298,0.227,0.174,0.419,0.3,0.309,0.303,0.219,0.195,0.343,0.256,0.13,0.433,0.588,0.469,0.117,0.209,0.38,0.39,0.963,0.312,0.275,0.108,0.51,0.383,0.183,0.322,0.12,0.141,0.795,0.262,0.083,0.241,0.395,0.28,0.06,0.172,0.195,0.226,0.383,0.889,0.543,0.13,0.354,0.391,0.314,0.502,0.158,0.087,0.392,0.147,0.072,0.348,0.497,0.387,0.017,0.294,0.167,0.426,0.342,0.54,0.91,0.198,0.479,0.706,0.33,0.32,0.122,0.111,0.408,0.167,0.088,0.401,0.618,0.276,0.147,0.109,0.121,0.452,0.067,0.098,0.196,0.991,0.279,0.199,0.108,0.111,0.244,0.166,0.086,0.225,0.049,0.204,0.385,0.455,0.044,0.108,0.376,0.323,0.594,0.391,0.487,0.058,0.958,0.751,0.182,0.529,0.116,0.238,0.577,0.39,0.128,0.295,0.415,0.375,0.057,0.223,0.15,0.35,0.356,0.353,0.631,0.108,0.624,0.948,0.27,0.39,0.144,0.124,0.474,0.194,0.111,0.427,0.502,0.303,0.096,0.143,0.174,0.497,0.343,0.333,0.353,0.215,0.376,0.31,0.95,0.329,0.192,0.165,0.329,0.271,0.094,0.351,0.595,0.414,0.105,0.132,0.236,0.202,0.354,0.524,0.214,0.123,0.556,0.34,0.159,0.984,0.216,0.123,0.264,0.182,0.3,0.178,0.411,0.379,0.196,0.605,0.173,0.291,0.269,0.173,0.146,0.308,0.415,0.33,0.1,0.235,0.829,0.673,0.287,0.546,0.275,0.288,0.257,0.342,0.226,0.313,0.586,0.261,0.239,0.188,0.118,0.151,0.326,0.308,0.122,0.195,0.509,0.884,0.213,0.682,0.394,0.208,0.331,0.275,0.156,0.247,0.461,0.278,0.813,0.264,0.326,0.046,0.634,0.6,0.148,0.335,0.14,0.092,0.939,0.174,0.029,0.293,0.284,0.34,0.021,0.115,0.123,0.194,0.098,0.187,0.033,0.146,0.377,0.098,0.119,0.151,0.576,0.867,0.097,0.989,0.319,0.188,0.421,0.258,0.054,0.396,0.587,0.218,0.216,0.157,0.116,0.152,0.279,0.226,0.062,0.419,0.326,0.416,0.234,0.323,0.952,0.044,0.17,0.188,0.423,0.86,0.218,0.319,0.235,0.289,0.213,0.182,0.297,0.308,0.178,0.188,0.17,0.175,0.301,0.176,0.067,0.992,0.451,0.325,0.081,0.094,0.208,0.544,0.325,0.421,0.463,0.237,0.497,0.464,0.364,0.284,0.133,0.206,0.419,0.179,0.134,0.404,0.907,0.613,0.11,0.207,0.225,0.423,0.226,0.32,0.411,0.237,0.301,0.422,0.394,0.177,0.322,0.316,0.286,0.321,0.123,0.45,0.627,0.852,0.103,0.172,0.392,0.319,0.226,0.047,0.014,0.321,0.131,0.264,0.085,0.49,0.111,0.379,0.093,0.131,0.69,0.077,0.168,0.264,0.988,0.726,0.264,0.157,0.157,0.216,0.045,0.284,0.206,0.187,0.054,0.841,0.224,0.395,0.215,0.205,0.794,0.073,0.235,0.196,0.528,0.995,0.253,0.462,0.23,0.103,0.157,0.274,0.27,0.29,0.261,0.129,0.549,0.551,0.271,0.461,0.189,0.234,0.253,0.418,0.127,0.162,0.724
0-211.txt_117,0.785,0.313,0.318,0.324,0.213,0.403,0.487,0.217,0.204,0.293,0.32,0.453,0.333,0.239,0.219,0.487,0.4,0.236,0.244,0.28,0.213,0.929,0.331,0.212,0.101,0.484,0.381,0.105,0.411,0.241,0.218,0.714,0.177,0.11,0.185,0.205,0.175,0.164,0.238,0.164,0.36,0.276,0.928,0.472,0.117,0.298,0.325,0.295,0.47,0.126,0.146,0.273,0.251,0.169,0.266,0.576,0.354,0.163,0.179,0.158,0.279,0.353,0.536,0.918,0.085,0.375,0.682,0.208,0.3,0.141,0.086,0.423,0.123,0.099,0.334,0.353,0.197,0.127,0.125,0.094,0.747,0.033,0.018,0.449,0.991,0.194,0.069,0.069,0.012,0.018,0.033,0.033,0.018,0.007,0.369,0.384,0.464,0.007,0.033,0.31,0.378,0.525,0.471,0.466,0.102,0.847,0.73,0.197,0.409,0.125,0.097,0.661,0.209,0.102,0.223,0.407,0.287,0.062,0.158,0.16,0.49,0.346,0.381,0.735,0.065,0.617,0.924,0.219,0.373,0.115,0.104,0.604,0.138,0.074,0.269,0.335,0.306,0.158,0.077,0.15,0.299,0.235,0.448,0.42,0.086,0.299,0.404,0.818,0.344,0.146,0.115,0.321,0.096,0.158,0.242,0.292,0.198,0.135,0.211,0.125,0.209,0.432,0.394,0.385,0.138,0.412,0.422,0.067,0.904,0.101,0.241,0.528,0.284,0.328,0.166,0.198,0.266,0.242,0.5,0.095,0.172,0.106,0.112,0.14,0.193,0.17,0.093,0.042,0.189,0.878,0.757,0.087,0.721,0.449,0.12,0.074,0.115,0.275,0.335,0.703,0.31,0.215,0.114,0.11,0.24,0.23,0.219,0.074,0.192,0.744,0.877,0.2,0.679,0.535,0.145,0.137,0.204,0.26,0.333,0.537,0.346,0.635,0.471,0.437,0.049,0.604,0.405,0.204,0.473,0.128,0.135,0.906,0.22,0.059,0.212,0.251,0.224,0.155,0.192,0.167,0.223,0.097,0.126,0.113,0.126,0.273,0.169,0.142,0.385,0.46,0.601,0.174,0.808,0.402,0.16,0.2,0.223,0.228,0.273,0.343,0.171,0.167,0.057,0.126,0.269,0.077,0.077,0.012,0.244,0.552,0.642,0.089,0.584,0.949,0.119,0.098,0.168,0.494,0.745,0.359,0.441,0.309,0.27,0.323,0.172,0.267,0.41,0.209,0.316,0.178,0.132,0.35,0.206,0.285,0.863,0.335,0.216,0.225,0.336,0.195,0.423,0.251,0.528,0.56,0.105,0.19,0.581,0.283,0.179,0.125,0.052,0.444,0.161,0.033,0.436,0.818,0.575,0.006,0.108,0.215,0.352,0.353,0.349,0.269,0.045,0.255,0.301,0.193,0.229,0.262,0.331,0.381,0.399,0.218,0.17,0.519,0.754,0.154,0.308,0.221,0.281,0.287,0.161,0.106,0.179,0.188,0.18,0.068,0.51,0.454,0.406,0.128,0.338,0.689,0.055,0.275,0.187,0.901,0.666,0.325,0.097,0.115,0.071,0.06,0.068,0.106,0.075,0.038,0.633,0.393,0.45,0.046,0.385,0.921,0.02,0.074,0.106,0.556,0.982,0.28,0.445,0.203,0.145,0.138,0.3,0.207,0.243,0.091,0.205,0.745,0.525,0.184,0.386,0.409,0.172,0.25,0.377,0.269,0.296,0.811
0-211.txt_119,0.92,0.169,0.169,0.259,0.182,0.473,0.46,0.346,0.119,0.179,0.242,0.346,0.196,0.066,0.263,0.486,0.358,0.043,0.071,0.411,0.29,0.949,0.318,0.394,0.058,0.613,0.518,0.089,0.332,0.219,0.203,0.636,0.275,0.067,0.219,0.318,0.223,0.042,0.111,0.217,0.316,0.209,0.973,0.639,0.049,0.46,0.567,0.228,0.35,0.066,0.113,0.3,0.11,0.173,0.098,0.621,0.504,0.056,0.199,0.073,0.179,0.135,0.408,0.951,0.234,0.331,0.544,0.272,0.119,0.118,0.162,0.331,0.27,0.058,0.119,0.514,0.239,0.037,0.064,0.241,0.458,0.091,0.09,0.189,0.999,0.133,0.1,0.106,0.216,0.249,0.282,0.21,0.328,0.153,0.091,0.259,0.183,0.133,0.212,0.314,0.473,0.373,0.51,0.272,0.071,0.952,0.5,0.095,0.349,0.198,0.121,0.534,0.219,0.038,0.457,0.423,0.497,0.038,0.119,0.373,0.347,0.389,0.371,0.686,0.062,0.605,0.976,0.087,0.236,0.047,0.115,0.548,0.104,0.039,0.152,0.464,0.442,0.036,0.063,0.096,0.324,0.147,0.405,0.279,0.062,0.298,0.315,0.959,0.209,0.032,0.033,0.327,0.082,0.13,0.217,0.406,0.409,0.066,0.25,0.059,0.347,0.347,0.442,0.536,0.284,0.555,0.327,0.482,0.986,0.033,0.04,0.375,0.083,0.065,0.101,0.575,0.347,0.025,0.272,0.047,0.149,0.115,0.275,0.275,0.135,0.265,0.155,0.05,0.094,0.936,0.546,0.12,0.596,0.225,0.085,0.18,0.514,0.062,0.105,0.757,0.347,0.102,0.063,0.063,0.129,0.121,0.194,0.15,0.086,0.587,0.928,0.179,0.595,0.422,0.17,0.215,0.298,0.12,0.293,0.679,0.266,0.663,0.52,0.402,0.051,0.553,0.483,0.21,0.225,0.059,0.137,0.97,0.141,0.033,0.267,0.512,0.373,0.046,0.082,0.082,0.331,0.179,0.31,0.139,0.09,0.239,0.303,0.085,0.354,0.408,0.606,0.317,0.989,0.529,0.243,0.241,0.484,0.135,0.301,0.285,0.095,0.141,0.042,0.033,0.095,0.05,0.039,0.033,0.197,0.645,0.576,0.05,0.423,0.995,0.036,0.071,0.18,0.474,0.827,0.39,0.308,0.316,0.294,0.318,0.065,0.319,0.412,0.319,0.135,0.325,0.222,0.465,0.186,0.067,0.974,0.346,0.232,0.042,0.083,0.319,0.452,0.348,0.271,0.165,0.09,0.272,0.348,0.135,0.135,0.144,0.257,0.362,0.225,0.085,0.325,0.885,0.649,0.232,0.12,0.317,0.431,0.196,0.489,0.296,0.139,0.301,0.252,0.232,0.16,0.263,0.188,0.311,0.225,0.156,0.142,0.569,0.951,0.086,0.25,0.348,0.047,0.018,0.007,0.007,0.047,0.047,0.018,0.047,0.047,0.047,0.119,0.018,0.119,0.5,0.007,0.018,0.047,1,0.881,0.018,0.128,0.229,0.322,0.228,0.076,0.22,0.208,0.068,0.584,0.229,0.229,0.153,0.282,0.826,0.076,0.28,0.204,0.542,0.988,0.187,0.511,0.075,0.109,0.122,0.21,0.12,0.115,0.161,0.132,0.638,0.423,0.162,0.358,0.437,0.09,0.383,0.393,0.146,0.318,0.899
0-211.txt_121,0.702,0.397,0.304,0.196,0.339,0.416,0.413,0.385,0.181,0.086,0.363,0.446,0.085,0.225,0.196,0.585,0.315,0.159,0.273,0.21,0.177,0.717,0.369,0.35,0.314,0.368,0.403,0.128,0.395,0.245,0.353,0.489,0.127,0.314,0.095,0.217,0.424,0.105,0.631,0.185,0.288,0.348,0.276,0.249,0.37,0.36,0.324,0.183,0.3,0.289,0.362,0.313,0.204,0.275,0.172,0.31,0.311,0.141,0.315,0.301,0.228,0.303,0.57,0.926,0.205,0.591,0.72,0.214,0.559,0.113,0.235,0.474,0.211,0.045,0.024,0.181,0.152,0.009,0.241,0.067,0.229,0.056,0.245,0.19,0.961,0.149,0.145,0.083,0.067,0.131,0.142,0.117,0.1,0.098,0.08,0.218,0.214,0.015,0.109,0.154,0.131,0.467,0.301,0.346,0.753,0.634,0.471,0.217,0.191,0.259,0.379,0.358,0.186,0.315,0.255,0.376,0.404,0.169,0.32,0.269,0.206,0.398,0.434,0.804,0.207,0.592,0.882,0.313,0.434,0.073,0.212,0.442,0.04,0.206,0.177,0.386,0.205,0.118,0.166,0.078,0.44,0.406,0.472,0.278,0.253,0.298,0.186,0.785,0.318,0.035,0.063,0.358,0.048,0.099,0.072,0.341,0.171,0.105,0.146,0.073,0.318,0.446,0.327,0.036,0.203,0.5,0.237,0.064,0.843,0.368,0.255,0.38,0.062,0.369,0.112,0.165,0.343,0.388,0.58,0.274,0.321,0.117,0.116,0.041,0.37,0.214,0.21,0.031,0.315,0.77,0.59,0.161,0.355,0.226,0.133,0.151,0.405,0.061,0.184,0.714,0.22,0.216,0.062,0.063,0.254,0.283,0.147,0.084,0.172,0.667,0.843,0.183,0.411,0.352,0.091,0.132,0.202,0.076,0.268,0.56,0.071,0.815,0.5,0.047,0.54,0.5,0.346,0.052,0.275,0.02,0.252,0.958,0.052,0.336,0.028,0.296,0.121,0.01,0.111,0.024,0.143,0.551,0.033,0.018,0.063,0.194,0.083,0.033,0.083,0.616,0.464,0.536,0.75,0.31,0.033,0.083,0.158,0.56,0.269,0.389,0.185,0.496,0.034,0.106,0.377,0.419,0.613,0.014,0.038,0.349,0.473,0.286,0.299,0.75,0.096,0.038,0.111,0.111,0.5,0.339,0.197,0.191,0.05,0.267,0.114,0.289,0.585,0.024,0.336,0.153,0.084,0.135,0.036,0.205,0.8,0.076,0.076,0.153,0.188,0.54,0.407,0.397,0.308,0.356,0.227,0.492,0.355,0.24,0.406,0.203,0.184,0.391,0.197,0.209,0.477,0.748,0.616,0.177,0.145,0.211,0.374,0.321,0.398,0.297,0.405,0.323,0.246,0.067,0.274,0.2,0.394,0.25,0.146,0.247,0.272,0.574,0.646,0.061,0.374,0.183,0.069,0.007,0.005,0.002,0.375,0.018,0.007,0.007,0.449,0.194,0.083,0.007,0.047,0.731,0.002,0.018,0.069,1,0.937,0.269,0.193,0.522,0.29,0.163,0.303,0.354,0.176,0.142,0.431,0.173,0.371,0.398,0.229,0.596,0.017,0.255,0.247,0.353,0.855,0.2,0.283,0.324,0.254,0.102,0.282,0.321,0.317,0.022,0.292,0.483,0.565,0.182,0.462,0.408,0.129,0.287,0.338,0.174,0.499,0.652
0-211.txt_123,0.809,0.144,0.202,0.079,0.362,0.272,0.169,0.419,0.157,0.466,0.434,0.188,0.44,0.388,0.246,0.58,0.439,0.199,0.253,0.485,0.331,0.871,0.402,0.279,0.109,0.529,0.398,0.235,0.318,0.245,0.248,0.682,0.255,0.227,0.216,0.392,0.347,0.325,0.324,0.239,0.387,0.235,0.828,0.443,0.079,0.392,0.304,0.657,0.263,0.28,0.129,0.278,0.155,0.305,0.311,0.605,0.411,0.145,0.352,0.102,0.316,0.273,0.577,0.889,0.161,0.407,0.615,0.401,0.293,0.124,0.151,0.379,0.153,0.167,0.21,0.541,0.367,0.111,0.265,0.158,0.452,0.075,0.243,0.201,0.884,0.085,0.067,0.363,0.185,0.661,0.518,0.095,0.761,0.69,0.15,0.529,0.415,0.415,0.174,0.491,0.36,0.622,0.461,0.347,0.117,0.839,0.581,0.255,0.317,0.189,0.22,0.581,0.243,0.148,0.296,0.33,0.307,0.138,0.145,0.293,0.396,0.313,0.282,0.402,0.113,0.63,0.737,0.356,0.463,0.441,0.408,0.489,0.431,0.25,0.225,0.424,0.342,0.356,0.354,0.387,0.617,0.114,0.292,0.182,0.28,0.188,0.167,0.869,0.158,0.265,0.289,0.162,0.3,0.355,0.202,0.505,0.343,0.271,0.189,0.298,0.209,0.666,0.46,0.106,0.164,0.851,0.195,0.317,0.987,0.205,0.166,0.552,0.327,0.235,0.344,0.424,0.12,0.214,0.546,0.1,0.439,0.053,0.153,0.103,0.293,0.124,0.079,0.212,0.071,0.914,0.725,0.076,0.688,0.589,0.148,0.253,0.407,0.27,0.333,0.785,0.34,0.076,0.104,0.052,0.315,0.131,0.081,0.173,0.08,0.776,0.91,0.107,0.677,0.744,0.117,0.234,0.292,0.367,0.386,0.626,0.437,0.511,0.329,0.161,0.198,0.34,0.234,0.492,0.397,0.419,0.342,0.584,0.362,0.256,0.232,0.482,0.234,0.319,0.259,0.425,0.443,0.093,0.035,0.044,0.251,0.097,0.119,0.192,0.046,0.717,0.864,0.078,0.978,0.663,0.026,0.24,0.347,0.294,0.475,0.576,0.351,0.069,0.122,0.055,0.302,0.114,0.055,0.189,0.186,0.569,0.592,0.06,0.63,0.975,0.09,0.246,0.262,0.52,0.756,0.482,0.446,0.202,0.25,0.258,0.136,0.359,0.391,0.271,0.222,0.275,0.236,0.379,0.246,0.23,0.943,0.532,0.489,0.137,0.175,0.276,0.651,0.201,0.314,0.221,0.299,0.37,0.249,0.527,0.144,0.371,0.297,0.268,0.431,0.327,0.292,0.803,0.498,0.226,0.321,0.334,0.52,0.275,0.438,0.189,0.283,0.186,0.185,0.355,0.162,0.45,0.378,0.259,0.404,0.418,0.269,0.649,0.821,0.201,0.296,0.497,0.31,0.158,0.174,0.052,0.194,0.16,0.149,0.314,0.141,0.406,0.339,0.25,0.365,0.683,0.292,0.382,0.407,0.998,0.799,0.339,0.537,0.181,0.319,0.096,0.195,0.316,0.132,0.294,0.197,0.544,0.544,0.182,0.521,0.816,0.38,0.38,0.271,0.508,0.932,0.329,0.445,0.065,0.103,0.054,0.317,0.138,0.074,0.177,0.085,0.865,0.725,0.069,0.65,0.622,0.197,0.31,0.42,0.243,0.243,0.886
0-211.txt_125,0.948,0.265,0.145,0.349,0.038,0.095,0.603,0.359,0.038,0.426,0.169,0.325,0.325,0.306,0.071,0.373,0.145,0.014,0.111,0.423,0.1,0.819,0.36,0.193,0.017,0.479,0.49,0.1,0.259,0.207,0.064,0.775,0.058,0.151,0.039,0.294,0.598,0.014,0.15,0.245,0.287,0.243,0.941,0.363,0.194,0.277,0.331,0.333,0.199,0.116,0.116,0.307,0.036,0.011,0.223,0.629,0.49,0.006,0.016,0.206,0.209,0.097,0.748,0.883,0.026,0.327,0.605,0.423,0.142,0.082,0.025,0.451,0.031,0.021,0.075,0.382,0.313,0.016,0.058,0.151,0.473,0.179,0.052,0.024,0.997,0.339,0.256,0.259,0.674,0.275,0.349,0.052,0.222,0.543,0.024,0.349,0.423,0.028,0.423,0.514,0.173,0.49,0.206,0.134,0.098,0.83,0.413,0.045,0.489,0.209,0.177,0.645,0.143,0.257,0.049,0.272,0.415,0.023,0.232,0.349,0.179,0.201,0.465,0.719,0.049,0.459,0.948,0.224,0.151,0.212,0.035,0.644,0.141,0.069,0.23,0.248,0.312,0.013,0.131,0.198,0.278,0.117,0.476,0.466,0.048,0.12,0.249,0.861,0.154,0.064,0.02,0.189,0.036,0.039,0.122,0.447,0.311,0.114,0.097,0.156,0.083,0.425,0.449,0.369,0.033,0.259,0.274,0.027,0.857,0.551,0.158,0.611,0.119,0.033,0.033,0.389,0.616,0.018,0.616,0.556,0.285,0.143,0.071,0.157,0.043,0.141,0.181,0.017,0.229,0.732,0.599,0.315,0.737,0.514,0.144,0.243,0.354,0.132,0.437,0.781,0.252,0.113,0.27,0.27,0.109,0.321,0.365,0.041,0.166,0.597,0.823,0.273,0.764,0.259,0.063,0.234,0.473,0.121,0.258,0.666,0.147,0.547,0.279,0.284,0.073,0.579,0.574,0.124,0.295,0.16,0.091,0.981,0.112,0.066,0.102,0.29,0.491,0.012,0.067,0.323,0.103,0.147,0.374,0.022,0.269,0.212,0.14,0.014,0.177,0.679,0.588,0.228,0.864,0.564,0.017,0.162,0.222,0.367,0.425,0.56,0.108,0.033,0.034,0.027,0.411,0.08,0.024,0.131,0.091,0.17,0.335,0.16,0.271,0.996,0.025,0.301,0.07,0.43,0.729,0.145,0.274,0.033,0.033,0.033,0.375,0.158,0.047,0.158,0.018,0.5,0.158,0.047,0.047,0.375,0.999,0.384,0.274,0.012,0.033,0.616,0.31,0.158,0.5,0.274,0.158,0.425,0.194,0.158,0.389,0.069,0.033,0.425,0.047,0.069,0.158,0.747,0.973,0.018,0.274,0.083,0.38,0.177,0.304,0.15,0.285,0.285,0.318,0.259,0.118,0.587,0.345,0.339,0.328,0.108,0.227,0.634,0.962,0.037,0.146,0.586,0.058,0.209,0.048,0.074,0.043,0.264,0.267,0.012,0.31,0.372,0.445,0.379,0.336,0.671,0.023,0.051,0.209,0.998,0.642,0.342,0.062,0.416,0.262,0.034,0.028,0.212,0.062,0.024,0.423,0.399,0.185,0.5,0.476,0.438,0.024,0.339,0.674,0.188,0.894,0.349,0.378,0.182,0.16,0.249,0.235,0.202,0.401,0.047,0.241,0.661,0.415,0.298,0.406,0.365,0.065,0.346,0.373,0.36,0.314,0.785
0-211.txt_127,0.725,0.193,0.409,0.234,0.288,0.105,0.348,0.12,0.228,0.182,0.15,0.303,0.092,0.327,0.409,0.637,0.37,0.022,0.235,0.223,0.198,0.959,0.219,0.275,0.013,0.778,0.323,0.038,0.601,0.014,0.052,0.627,0.047,0.02,0.038,0.433,0.349,0.02,0.315,0.024,0.065,0.254,0.954,0.708,0.012,0.31,0.576,0.397,0.218,0.191,0.02,0.473,0.051,0.012,0.088,0.252,0.292,0.011,0.143,0.291,0.096,0.095,0.411,0.88,0.12,0.415,0.838,0.331,0.079,0.176,0.124,0.459,0.162,0.13,0.062,0.17,0.146,0.018,0.222,0.159,0.233,0.234,0.34,0.32,0.138,0.323,0.394,0.223,0.23,0.336,0.258,0.415,0.273,0.254,0.101,0.339,0.414,0.141,0.246,0.409,0.315,0.203,0.279,0.361,0.164,0.639,0.568,0.2,0.368,0.35,0.373,0.582,0.447,0.111,0.204,0.249,0.5,0.019,0.045,0.355,0.231,0.211,0.34,0.588,0.081,0.531,0.89,0.119,0.273,0.119,0.093,0.485,0.302,0.234,0.068,0.393,0.475,0.192,0.18,0.163,0.291,0.164,0.447,0.52,0.022,0.238,0.257,0.911,0.114,0.101,0.041,0.286,0.062,0.051,0.153,0.253,0.114,0.01,0.073,0.132,0.233,0.234,0.34,0.32,0.138,0.323,0.394,0.223,0.23,0.336,0.258,0.415,0.273,0.254,0.101,0.339,0.414,0.141,0.246,0.409,0.157,0.277,0.136,0.035,0.51,0.146,0.136,0.017,0.319,0.726,0.696,0.379,0.529,0.284,0.02,0.266,0.387,0.196,0.304,0.678,0.144,0.296,0.31,0.089,0.192,0.077,0.165,0.047,0.027,0.469,0.727,0.308,0.546,0.333,0.013,0.192,0.372,0.142,0.179,0.636,0.185,0.512,0.309,0.26,0.052,0.467,0.433,0.115,0.351,0.331,0.187,0.866,0.271,0.052,0.054,0.277,0.459,0.026,0.257,0.416,0.119,0.047,0.018,0.007,0.047,0.119,0.018,0.018,0.047,0.5,0.731,0.047,1,0.269,0.018,0.047,0.119,0.047,0.047,0.269,0.074,0.022,0.009,0.009,0.217,0.086,0.017,0.009,0.139,0.474,0.474,0.022,0.565,0.922,0.009,0.03,0.094,0.562,0.835,0.576,0.083,0.259,0.259,0.069,0.012,0.5,0.389,0.143,0.449,0.253,0.138,0.558,0.158,0.253,0.75,0.269,0.274,0.007,0.018,0.143,0.349,0.105,0.465,0.312,0.199,0.206,0.346,0.353,0.23,0.43,0.252,0.321,0.237,0.237,0.19,0.725,0.58,0.159,0.144,0.419,0.265,0.168,0.441,0.123,0.242,0.263,0.212,0.16,0.275,0.407,0.158,0.371,0.163,0.273,0.037,0.475,0.829,0.053,0.225,0.551,0.269,0.5,0.731,0.731,0.119,0.269,0.269,0.269,0.269,0.5,0.269,0.5,0.269,0.269,0.119,0.269,0.269,0.993,0.953,0.881,0.234,0.126,0.143,0.144,0.13,0.035,0.077,0.096,0.15,0.621,0.321,0.116,0.319,0.751,0.028,0.151,0.302,0.556,0.746,0.584,0.185,0.278,0.256,0.184,0.102,0.487,0.491,0.069,0.249,0.372,0.399,0.471,0.323,0.199,0.045,0.435,0.59,0.088,0.084,0.712
0-211.txt_129,0.85,0.239,0.264,0.195,0.109,0.334,0.272,0.381,0.166,0.278,0.353,0.317,0.255,0.154,0.176,0.493,0.365,0.054,0.189,0.282,0.21,0.94,0.432,0.318,0.037,0.502,0.43,0.207,0.331,0.131,0.208,0.64,0.15,0.135,0.136,0.458,0.3,0.09,0.206,0.17,0.178,0.477,0.951,0.449,0.1,0.368,0.349,0.384,0.256,0.107,0.213,0.377,0.181,0.089,0.127,0.46,0.369,0.029,0.123,0.132,0.281,0.308,0.677,0.952,0.107,0.416,0.607,0.252,0.221,0.084,0.127,0.412,0.1,0.089,0.153,0.433,0.311,0.035,0.128,0.122,0.423,0.038,0.047,0.038,1,0.047,0.018,0.095,0.047,0.219,0.219,0.047,0.219,0.095,0.047,0.269,0.269,0.095,0.095,0.269,0.213,0.527,0.481,0.508,0.037,0.956,0.643,0.193,0.297,0.155,0.167,0.507,0.174,0.171,0.138,0.354,0.36,0.111,0.251,0.172,0.29,0.482,0.509,0.549,0.043,0.51,0.879,0.155,0.287,0.162,0.16,0.578,0.156,0.11,0.178,0.45,0.303,0.11,0.129,0.256,0.4,0.147,0.35,0.238,0.047,0.224,0.166,0.946,0.153,0.109,0.104,0.225,0.139,0.138,0.084,0.366,0.208,0.057,0.116,0.105,0.233,0.575,0.593,0.182,0.045,0.409,0.465,0.12,0.989,0.286,0.157,0.554,0.108,0.218,0.071,0.465,0.296,0.04,0.335,0.264,0.305,0.061,0.134,0.166,0.094,0.112,0.143,0.106,0.108,0.912,0.697,0.132,0.554,0.488,0.048,0.167,0.285,0.124,0.317,0.709,0.253,0.133,0.206,0.167,0.127,0.175,0.228,0.107,0.143,0.591,0.867,0.169,0.527,0.405,0.108,0.241,0.298,0.154,0.354,0.488,0.287,0.575,0.449,0.375,0.039,0.617,0.452,0.277,0.329,0.161,0.129,0.904,0.185,0.149,0.171,0.397,0.299,0.058,0.224,0.173,0.284,0.331,0.229,0.18,0.091,0.216,0.18,0.155,0.241,0.5,0.644,0.406,0.972,0.498,0.054,0.47,0.194,0.145,0.513,0.323,0.136,0.092,0.166,0.075,0.088,0.16,0.095,0.105,0.262,0.507,0.451,0.107,0.392,0.964,0.055,0.189,0.215,0.438,0.75,0.386,0.221,0.242,0.305,0.267,0.075,0.279,0.288,0.135,0.143,0.147,0.142,0.39,0.099,0.104,0.975,0.332,0.237,0.041,0.102,0.159,0.445,0.321,0.565,0.329,0.079,0.313,0.299,0.358,0.198,0.156,0.144,0.39,0.202,0.127,0.177,0.9,0.608,0.068,0.207,0.165,0.398,0.266,0.344,0.209,0.09,0.23,0.237,0.252,0.197,0.302,0.292,0.307,0.267,0.29,0.162,0.627,0.901,0.111,0.377,0.337,0.256,0.183,0.232,0.127,0.108,0.249,0.098,0.072,0.164,0.392,0.364,0.186,0.395,0.63,0.103,0.26,0.212,0.999,0.635,0.447,0.2,0.136,0.262,0.151,0.062,0.143,0.134,0.156,0.403,0.401,0.415,0.112,0.283,0.704,0.103,0.29,0.268,0.391,0.985,0.368,0.349,0.141,0.168,0.118,0.114,0.209,0.178,0.088,0.101,0.7,0.603,0.212,0.462,0.391,0.071,0.23,0.369,0.114,0.285,0.871
0-211.txt_131,0.956,0.155,0.199,0.167,0.249,0.284,0.276,0.494,0.132,0.173,0.136,0.278,0.262,0.068,0.249,0.71,0.531,0.047,0.112,0.445,0.145,0.991,0.364,0.166,0.05,0.692,0.479,0.074,0.499,0.056,0.122,0.849,0.14,0.071,0.114,0.297,0.267,0.059,0.168,0.062,0.205,0.307,0.993,0.672,0.071,0.479,0.462,0.319,0.618,0.037,0.034,0.489,0.128,0.047,0.137,0.748,0.555,0.026,0.116,0.076,0.143,0.143,0.728,0.995,0.025,0.51,0.852,0.137,0.288,0.046,0.022,0.284,0.05,0.019,0.147,0.495,0.269,0.01,0.059,0.028,0.346,0.04,0.122,0.057,0.999,0.097,0.074,0.08,0.063,0.236,0.236,0.097,0.136,0.047,0.063,0.413,0.396,0.047,0.063,0.252,0.275,0.705,0.487,0.431,0.057,0.991,0.824,0.151,0.528,0.073,0.136,0.697,0.28,0.041,0.13,0.46,0.277,0.109,0.188,0.123,0.263,0.467,0.506,0.863,0.021,0.847,0.993,0.139,0.456,0.031,0.05,0.691,0.114,0.021,0.25,0.5,0.282,0.044,0.11,0.068,0.487,0.091,0.307,0.164,0.055,0.145,0.149,0.991,0.168,0.026,0.026,0.152,0.056,0.08,0.143,0.504,0.162,0.072,0.091,0.033,0.147,0.443,0.671,0.25,0.051,0.464,0.464,0.12,0.999,0.032,0.055,0.253,0.135,0.306,0.166,0.301,0.167,0.119,0.833,0.059,0.196,0.057,0.04,0.049,0.266,0.068,0.039,0.03,0.031,0.98,0.833,0.068,0.715,0.438,0.057,0.122,0.357,0.05,0.138,0.933,0.138,0.119,0.027,0.021,0.259,0.128,0.057,0.022,0.063,0.868,0.975,0.059,0.862,0.5,0.049,0.066,0.27,0.12,0.279,0.729,0.306,0.836,0.486,0.309,0.051,0.713,0.669,0.133,0.314,0.061,0.054,0.979,0.137,0.071,0.233,0.472,0.33,0.068,0.157,0.067,0.269,0.17,0.115,0.046,0.124,0.279,0.129,0.048,0.12,0.704,0.866,0.168,0.994,0.464,0.056,0.15,0.309,0.115,0.26,0.713,0.05,0.05,0.047,0.018,0.047,0.022,0.019,0.047,0.287,0.491,0.491,0.047,0.491,0.999,0.018,0.05,0.119,0.737,0.954,0.269,0.321,0.134,0.174,0.168,0.068,0.149,0.272,0.14,0.137,0.068,0.068,0.263,0.068,0.061,0.998,0.363,0.352,0.033,0.086,0.098,0.693,0.266,0.626,0.419,0.26,0.431,0.414,0.425,0.247,0.105,0.11,0.428,0.171,0.086,0.277,0.963,0.714,0.057,0.139,0.167,0.539,0.217,0.423,0.245,0.28,0.284,0.254,0.205,0.134,0.313,0.262,0.255,0.293,0.12,0.244,0.7,0.974,0.047,0.114,0.467,0.062,0.062,0.024,0.009,0.062,0.149,0.047,0.047,0.062,0.138,0.242,0.062,0.294,0.685,0.024,0.062,0.092,1,0.805,0.138,0.119,0.129,0.139,0.05,0.052,0.143,0.124,0.046,0.864,0.153,0.302,0.124,0.288,0.934,0.047,0.129,0.119,0.833,0.998,0.27,0.454,0.053,0.066,0.028,0.284,0.112,0.052,0.028,0.048,0.931,0.733,0.056,0.731,0.281,0.053,0.145,0.468,0.052,0.251,0.972
0-211.txt_133,0.845,0.308,0.304,0.228,0.133,0.399,0.3,0.318,0.243,0.269,0.206,0.299,0.231,0.111,0.113,0.501,0.351,0.027,0.074,0.374,0.339,0.903,0.333,0.299,0.083,0.599,0.504,0.199,0.387,0.055,0.086,0.733,0.132,0.052,0.201,0.381,0.232,0.054,0.116,0.085,0.179,0.396,0.929,0.401,0.237,0.425,0.22,0.096,0.509,0.134,0.148,0.347,0.166,0.242,0.181,0.475,0.299,0.027,0.159,0.095,0.276,0.289,0.602,0.961,0.049,0.384,0.632,0.216,0.375,0.078,0.072,0.253,0.088,0.06,0.266,0.303,0.267,0.013,0.093,0.166,0.469,0.268,0.173,0.041,0.937,0.133,0.057,0.318,0.143,0.438,0.219,0.157,0.137,0.328,0.22,0.256,0.22,0.052,0.141,0.5,0.429,0.51,0.437,0.348,0.105,0.91,0.594,0.11,0.406,0.168,0.131,0.552,0.345,0.106,0.192,0.483,0.32,0.172,0.187,0.171,0.397,0.525,0.316,0.63,0.022,0.665,0.889,0.195,0.355,0.099,0.106,0.479,0.093,0.05,0.097,0.371,0.341,0.149,0.114,0.133,0.48,0.16,0.345,0.332,0.059,0.271,0.289,0.947,0.149,0.051,0.059,0.263,0.069,0.058,0.174,0.334,0.291,0.056,0.067,0.101,0.088,0.351,0.465,0.261,0.017,0.699,0.426,0.085,0.993,0.127,0.208,0.229,0.156,0.214,0.127,0.178,0.146,0.161,0.487,0.087,0.194,0.067,0.015,0.012,0.112,0.026,0.02,0.044,0.044,0.976,0.819,0.04,0.65,0.393,0.021,0.061,0.239,0.042,0.299,0.869,0.243,0.143,0.05,0.07,0.13,0.078,0.105,0.019,0.134,0.665,0.944,0.116,0.698,0.519,0.049,0.128,0.186,0.104,0.28,0.509,0.307,0.798,0.369,0.35,0.021,0.565,0.554,0.08,0.394,0.163,0.125,0.927,0.149,0.076,0.184,0.312,0.254,0.031,0.228,0.087,0.327,0.255,0.192,0.17,0.15,0.385,0.177,0.033,0.147,0.531,0.627,0.215,0.965,0.263,0.081,0.194,0.34,0.193,0.1,0.506,0.125,0.096,0.062,0.019,0.076,0.042,0.065,0.116,0.279,0.296,0.496,0.038,0.295,0.975,0.016,0.131,0.084,0.394,0.845,0.217,0.339,0.168,0.159,0.25,0.087,0.241,0.329,0.183,0.096,0.261,0.311,0.248,0.16,0.114,0.958,0.38,0.299,0.074,0.114,0.254,0.558,0.158,0.394,0.388,0.112,0.327,0.497,0.196,0.3,0.052,0.052,0.319,0.144,0.12,0.26,0.832,0.557,0.028,0.133,0.109,0.351,0.344,0.359,0.244,0.283,0.283,0.292,0.177,0.184,0.185,0.185,0.348,0.12,0.093,0.16,0.527,0.918,0.024,0.186,0.292,0.241,0.025,0.012,0.008,0.025,0.256,0.025,0.204,0.033,0.153,0.292,0.025,0.292,0.555,0.01,0.043,0.138,1,0.671,0.259,0.355,0.171,0.131,0.067,0.149,0.207,0.187,0.036,0.384,0.301,0.419,0.137,0.22,0.878,0.08,0.192,0.116,0.535,0.954,0.334,0.504,0.147,0.039,0.059,0.232,0.11,0.106,0.107,0.136,0.721,0.539,0.082,0.486,0.25,0.036,0.192,0.363,0.079,0.209,0.878
0-211.txt_135,0.825,0.242,0.254,0.209,0.217,0.298,0.368,0.283,0.159,0.317,0.314,0.41,0.225,0.17,0.336,0.473,0.423,0.14,0.184,0.411,0.277,0.84,0.343,0.274,0.159,0.467,0.476,0.155,0.338,0.181,0.213,0.663,0.202,0.13,0.178,0.325,0.304,0.097,0.192,0.262,0.316,0.455,0.778,0.471,0.135,0.582,0.488,0.309,0.262,0.161,0.196,0.488,0.239,0.05,0.316,0.448,0.367,0.087,0.199,0.199,0.28,0.356,0.585,0.816,0.073,0.425,0.651,0.149,0.233,0.112,0.105,0.465,0.094,0.143,0.231,0.317,0.223,0.091,0.126,0.138,0.602,0.21,0.275,0.185,0.795,0.272,0.268,0.55,0.24,0.168,0.173,0.32,0.219,0.206,0.045,0.797,0.533,0.019,0.066,0.196,0.429,0.424,0.424,0.38,0.082,0.744,0.615,0.332,0.274,0.187,0.182,0.511,0.23,0.199,0.266,0.421,0.286,0.128,0.138,0.192,0.319,0.458,0.42,0.569,0.095,0.508,0.82,0.218,0.241,0.242,0.182,0.489,0.195,0.205,0.177,0.456,0.359,0.078,0.22,0.232,0.395,0.251,0.438,0.428,0.094,0.353,0.436,0.801,0.179,0.194,0.184,0.336,0.178,0.149,0.171,0.346,0.288,0.11,0.107,0.201,0.328,0.29,0.389,0.319,0.038,0.453,0.399,0.219,0.928,0.293,0.302,0.321,0.307,0.227,0.132,0.278,0.356,0.124,0.407,0.317,0.317,0.166,0.097,0.123,0.199,0.277,0.215,0.062,0.101,0.878,0.673,0.161,0.589,0.481,0.063,0.168,0.309,0.069,0.235,0.737,0.302,0.255,0.156,0.14,0.108,0.226,0.218,0.101,0.17,0.687,0.81,0.205,0.635,0.486,0.136,0.172,0.266,0.122,0.327,0.564,0.363,0.544,0.354,0.408,0.124,0.455,0.561,0.287,0.29,0.371,0.281,0.775,0.296,0.115,0.198,0.383,0.363,0.093,0.266,0.245,0.327,0.111,0.115,0.219,0.207,0.346,0.176,0.139,0.14,0.558,0.74,0.196,0.872,0.385,0.202,0.114,0.277,0.347,0.419,0.564,0.242,0.19,0.201,0.135,0.183,0.164,0.173,0.138,0.239,0.474,0.503,0.203,0.403,0.924,0.135,0.17,0.206,0.349,0.569,0.447,0.362,0.178,0.213,0.319,0.124,0.349,0.384,0.143,0.186,0.196,0.109,0.38,0.172,0.054,0.919,0.229,0.233,0.018,0.084,0.172,0.557,0.291,0.426,0.409,0.127,0.364,0.429,0.281,0.299,0.184,0.16,0.452,0.237,0.189,0.269,0.716,0.52,0.082,0.17,0.217,0.42,0.408,0.42,0.32,0.179,0.378,0.482,0.252,0.215,0.225,0.328,0.479,0.226,0.085,0.262,0.525,0.75,0.108,0.183,0.22,0.294,0.086,0.185,0.162,0.145,0.123,0.218,0.1,0.236,0.423,0.515,0.182,0.431,0.598,0.194,0.248,0.307,0.947,0.692,0.454,0.184,0.186,0.252,0.086,0.096,0.147,0.203,0.128,0.404,0.421,0.544,0.194,0.28,0.734,0.075,0.215,0.228,0.294,0.883,0.349,0.359,0.13,0.159,0.172,0.261,0.209,0.263,0.149,0.114,0.777,0.568,0.149,0.509,0.366,0.196,0.212,0.345,0.07,0.24,0.827
0-211.txt_137,0.981,0.26,0.117,0.117,0.486,0.265,0.265,0.493,0.117,0.271,0.285,0.265,0.283,0.121,0.265,0.724,0.493,0.05,0.119,0.5,0.278,0.992,0.448,0.157,0.047,0.694,0.476,0.154,0.448,0.066,0.141,0.852,0.261,0.055,0.111,0.272,0.263,0.046,0.113,0.065,0.136,0.473,0.997,0.713,0.056,0.528,0.473,0.447,0.669,0.046,0.046,0.519,0.12,0.054,0.125,0.669,0.482,0.029,0.125,0.056,0.131,0.136,0.751,0.997,0.048,0.473,0.837,0.252,0.281,0.048,0.023,0.278,0.056,0.046,0.249,0.491,0.296,0.02,0.054,0.054,0.431,0.044,0.047,0.039,1,0.055,0.021,0.095,0.047,0.3,0.369,0.052,0.373,0.142,0.047,0.254,0.269,0.112,0.112,0.315,0.299,0.681,0.473,0.493,0.05,0.993,0.871,0.123,0.48,0.07,0.143,0.711,0.46,0.052,0.236,0.49,0.269,0.107,0.23,0.12,0.288,0.481,0.475,0.847,0.025,0.867,0.992,0.121,0.479,0.057,0.052,0.708,0.123,0.046,0.276,0.507,0.277,0.047,0.118,0.129,0.5,0.127,0.471,0.25,0.113,0.156,0.131,0.996,0.129,0.022,0.023,0.14,0.059,0.045,0.115,0.485,0.14,0.11,0.051,0.051,0.145,0.469,0.718,0.284,0.052,0.5,0.5,0.139,1,0.044,0.045,0.269,0.119,0.239,0.114,0.33,0.155,0.105,0.83,0.045,0.25,0.06,0.066,0.057,0.261,0.063,0.053,0.025,0.053,0.981,0.846,0.072,0.717,0.482,0.053,0.12,0.273,0.052,0.245,0.935,0.248,0.124,0.066,0.033,0.245,0.122,0.054,0.025,0.056,0.864,0.978,0.13,0.866,0.501,0.052,0.118,0.261,0.126,0.261,0.717,0.269,0.876,0.477,0.275,0.042,0.722,0.713,0.119,0.266,0.056,0.112,0.983,0.253,0.048,0.272,0.477,0.269,0.047,0.118,0.108,0.26,0.25,0.12,0.072,0.246,0.467,0.164,0.047,0.124,0.697,0.838,0.26,0.993,0.502,0.11,0.25,0.26,0.265,0.298,0.702,0.118,0.057,0.082,0.061,0.112,0.057,0.052,0.05,0.244,0.502,0.506,0.053,0.494,0.997,0.028,0.124,0.14,0.684,0.928,0.283,0.278,0.122,0.131,0.261,0.055,0.269,0.296,0.114,0.122,0.056,0.056,0.278,0.114,0.022,0.999,0.278,0.269,0.028,0.056,0.114,0.71,0.285,0.707,0.488,0.257,0.5,0.507,0.466,0.27,0.12,0.113,0.504,0.253,0.11,0.262,0.98,0.717,0.047,0.118,0.13,0.468,0.252,0.515,0.289,0.273,0.265,0.263,0.13,0.136,0.259,0.255,0.261,0.277,0.13,0.244,0.718,0.991,0.125,0.142,0.457,0.071,0.038,0.018,0.018,0.413,0.095,0.038,0.095,0.095,0.071,0.119,0.047,0.219,0.577,0.018,0.071,0.119,1,0.831,0.071,0.125,0.119,0.117,0.047,0.109,0.242,0.117,0.044,0.831,0.272,0.283,0.114,0.266,0.937,0.079,0.119,0.125,0.848,0.999,0.283,0.487,0.052,0.051,0.045,0.265,0.109,0.109,0.05,0.047,0.933,0.718,0.109,0.711,0.288,0.109,0.141,0.487,0.054,0.261,0.979
0-211.txt_139,0.826,0.212,0.252,0.231,0.279,0.351,0.292,0.364,0.267,0.303,0.291,0.305,0.339,0.192,0.293,0.482,0.37,0.089,0.232,0.368,0.409,0.874,0.343,0.364,0.15,0.573,0.487,0.264,0.414,0.216,0.241,0.545,0.26,0.167,0.283,0.396,0.37,0.149,0.2,0.311,0.31,0.326,0.867,0.406,0.129,0.35,0.399,0.238,0.509,0.171,0.23,0.327,0.314,0.255,0.265,0.517,0.39,0.152,0.242,0.189,0.354,0.373,0.624,0.9,0.116,0.496,0.539,0.33,0.382,0.148,0.117,0.4,0.191,0.098,0.252,0.402,0.302,0.078,0.179,0.128,0.546,0.094,0.267,0.116,0.917,0.05,0.08,0.168,0.193,0.444,0.287,0.141,0.227,0.331,0.409,0.243,0.181,0.337,0.651,0.605,0.443,0.398,0.314,0.38,0.172,0.775,0.444,0.159,0.43,0.352,0.273,0.49,0.338,0.227,0.174,0.396,0.367,0.205,0.328,0.416,0.33,0.472,0.413,0.581,0.187,0.419,0.831,0.223,0.358,0.091,0.172,0.454,0.188,0.145,0.204,0.405,0.384,0.112,0.141,0.182,0.482,0.269,0.38,0.275,0.17,0.341,0.293,0.849,0.253,0.189,0.186,0.269,0.245,0.203,0.161,0.362,0.259,0.17,0.218,0.177,0.396,0.381,0.353,0.382,0.036,0.481,0.322,0.366,0.954,0.235,0.272,0.487,0.256,0.282,0.243,0.268,0.206,0.412,0.589,0.254,0.303,0.256,0.058,0.148,0.188,0.239,0.191,0.073,0.178,0.879,0.621,0.199,0.457,0.417,0.064,0.179,0.292,0.083,0.275,0.761,0.361,0.205,0.189,0.175,0.181,0.254,0.192,0.159,0.129,0.65,0.817,0.174,0.558,0.483,0.112,0.219,0.316,0.227,0.3,0.582,0.423,0.55,0.195,0.145,0.111,0.296,0.219,0.399,0.437,0.195,0.145,0.938,0.145,0.121,0.685,0.55,0.423,0.413,0.423,0.349,0.576,0.223,0.086,0.03,0.486,0.258,0.042,0.345,0.12,0.38,0.745,0.167,0.842,0.243,0.232,0.195,0.439,0.044,0.199,0.605,0.323,0.151,0.193,0.214,0.181,0.217,0.229,0.101,0.313,0.502,0.587,0.237,0.483,0.836,0.168,0.227,0.363,0.117,0.527,0.399,0.394,0.327,0.316,0.322,0.132,0.362,0.388,0.299,0.156,0.199,0.165,0.443,0.183,0.133,0.906,0.362,0.326,0.123,0.162,0.281,0.514,0.241,0.401,0.434,0.135,0.424,0.373,0.27,0.261,0.307,0.209,0.246,0.258,0.201,0.345,0.783,0.54,0.103,0.257,0.417,0.412,0.218,0.246,0.219,0.288,0.284,0.324,0.208,0.16,0.406,0.405,0.302,0.267,0.248,0.324,0.477,0.765,0.103,0.243,0.444,0.407,0.292,0.349,0.394,0.076,0.196,0.425,0.384,0.347,0.347,0.196,0.101,0.349,0.653,0.247,0.405,0.254,0.997,0.555,0.445,0.527,0.349,0.153,0.27,0.108,0.395,0.217,0.054,0.539,0.393,0.356,0.279,0.485,0.362,0.548,0.438,0.537,0.408,0.671,0.323,0.417,0.172,0.15,0.146,0.253,0.23,0.196,0.158,0.226,0.691,0.573,0.161,0.472,0.401,0.178,0.194,0.287,0.176,0.343,0.81
0-211.txt_141,0.94,0.096,0.13,0.147,0.215,0.221,0.236,0.364,0.148,0.159,0.102,0.195,0.19,0.062,0.206,0.488,0.444,0.034,0.145,0.243,0.238,0.963,0.413,0.25,0.025,0.59,0.524,0.302,0.242,0.048,0.103,0.679,0.151,0.049,0.054,0.301,0.237,0.096,0.068,0.079,0.101,0.375,0.917,0.585,0.025,0.498,0.289,0.234,0.512,0.088,0.259,0.252,0.179,0.113,0.047,0.442,0.481,0.037,0.475,0.088,0.206,0.362,0.786,0.865,0.137,0.413,0.512,0.197,0.447,0.045,0.061,0.503,0.064,0.067,0.326,0.401,0.342,0.055,0.296,0.066,0.31,0.279,0.146,0.032,0.992,0.112,0.144,0.075,0.25,0.214,0.182,0.199,0.272,0.306,0.041,0.358,0.195,0.262,0.335,0.272,0.164,0.828,0.476,0.331,0.024,0.968,0.568,0.224,0.224,0.142,0.109,0.797,0.214,0.027,0.235,0.338,0.232,0.03,0.055,0.087,0.199,0.487,0.396,0.514,0.113,0.617,0.979,0.264,0.322,0.101,0.046,0.556,0.081,0.021,0.216,0.326,0.202,0.02,0.09,0.148,0.379,0.438,0.352,0.283,0.084,0.3,0.366,0.933,0.261,0.075,0.041,0.325,0.059,0.023,0.233,0.571,0.36,0.029,0.106,0.104,0.12,0.542,0.579,0.169,0.018,0.503,0.36,0.203,0.999,0.056,0.026,0.499,0.096,0.078,0.047,0.296,0.184,0.137,0.5,0.04,0.137,0.036,0.042,0.025,0.188,0.161,0.077,0.092,0.153,0.944,0.609,0.056,0.541,0.267,0.027,0.125,0.203,0.081,0.264,0.754,0.132,0.096,0.084,0.02,0.253,0.078,0.037,0.067,0.158,0.597,0.886,0.078,0.609,0.388,0.075,0.164,0.174,0.22,0.312,0.512,0.301,0.703,0.379,0.328,0.035,0.691,0.575,0.177,0.215,0.132,0.113,0.932,0.25,0.033,0.184,0.28,0.484,0.023,0.055,0.164,0.119,0.194,0.047,0.033,0.083,0.5,0.083,0.018,0.119,0.5,0.806,0.5,0.999,0.194,0.047,0.119,0.194,0.083,0.119,0.616,0.059,0.033,0.023,0.012,0.075,0.045,0.019,0.014,0.283,0.483,0.455,0.028,0.415,0.985,0.016,0.033,0.083,0.453,0.755,0.4,0.227,0.169,0.099,0.142,0.034,0.236,0.137,0.205,0.21,0.225,0.233,0.177,0.214,0.116,0.955,0.266,0.177,0.026,0.107,0.136,0.411,0.29,0.319,0.254,0.083,0.361,0.288,0.327,0.218,0.289,0.222,0.303,0.171,0.07,0.324,0.91,0.595,0.116,0.164,0.229,0.423,0.243,0.256,0.105,0.095,0.294,0.192,0.168,0.088,0.225,0.107,0.218,0.318,0.057,0.224,0.619,0.937,0.115,0.09,0.275,0.086,0.294,0.112,0.028,0.123,0.101,0.074,0.035,0.211,0.12,0.173,0.143,0.183,0.521,0.036,0.084,0.121,1,0.652,0.151,0.142,0.22,0.146,0.06,0.034,0.31,0.126,0.138,0.71,0.131,0.139,0.13,0.138,0.752,0.057,0.169,0.122,0.68,0.984,0.139,0.29,0.216,0.048,0.079,0.156,0.123,0.081,0.129,0.143,0.686,0.453,0.2,0.397,0.213,0.101,0.168,0.248,0.163,0.302,0.965
0-211.txt_143,0.831,0.052,0.289,0.647,0.345,0.212,0.627,0.349,0.047,0.185,0.132,0.265,0.466,0.54,0.212,0.323,0.121,0.024,0.339,0.188,0.062,0.998,0.257,0.036,0.11,0.498,0.257,0.022,0.213,0.212,0.064,0.735,0.076,0.017,0.024,0.076,0.273,0.015,0.191,0.197,0.163,0.348,0.664,0.402,0.187,0.338,0.462,0.173,0.404,0.167,0.113,0.633,0.081,0.115,0.223,0.358,0.512,0.143,0.156,0.292,0.063,0.066,0.76,0.977,0.02,0.375,0.71,0.458,0.096,0.064,0.027,0.334,0.027,0.041,0.039,0.237,0.206,0.116,0.12,0.111,0.047,0.018,0.982,0.047,0.5,0.119,0.018,0.018,0.731,0.982,0.5,0.018,0.269,0.731,0.007,0.119,0.5,0.269,0.731,0.731,0.121,0.423,0.195,0.349,0.339,0.991,0.577,0.028,0.539,0.175,0.102,0.791,0.071,0.336,0.135,0.145,0.373,0.014,0.085,0.185,0.204,0.272,0.349,0.504,0.047,0.529,0.824,0.167,0.358,0.166,0.179,0.625,0.279,0.066,0.106,0.342,0.4,0.138,0.283,0.219,0.321,0.049,0.443,0.487,0.016,0.082,0.167,0.992,0.022,0.094,0.018,0.161,0.013,0.008,0.082,0.289,0.053,0.011,0.039,0.068,0.119,0.269,0.119,0.731,0.007,0.731,0.998,0.018,0.881,0.007,0.007,0.881,0.018,0.007,0.047,0.119,0.119,0.007,0.047,0.018,0.349,0.423,0.038,0.028,0.111,0.195,0.275,0.018,0.51,0.865,0.553,0.651,0.423,0.265,0.028,0.121,0.5,0.341,0.423,0.778,0.174,0.239,0.186,0.094,0.141,0.12,0.104,0.019,0.089,0.738,0.707,0.298,0.681,0.322,0.022,0.298,0.43,0.026,0.302,0.781,0.205,0.526,0.313,0.221,0.019,0.563,0.541,0.157,0.371,0.163,0.186,0.866,0.206,0.09,0.059,0.334,0.507,0.088,0.156,0.316,0.091,0.057,0.026,0.025,0.116,0.203,0.058,0.027,0.17,0.621,0.701,0.167,0.91,0.417,0.017,0.045,0.096,0.485,0.356,0.728,0.099,0.028,0.024,0.023,0.364,0.029,0.018,0.112,0.048,0.451,0.493,0.138,0.368,0.975,0.024,0.163,0.066,0.354,0.526,0.402,0.158,0.033,0.485,0.5,0.018,0.194,0.464,0.194,0.033,0.616,0.158,0.158,0.047,0.259,0.976,0.269,0.083,0.018,0.259,0.158,0.469,0.17,0.473,0.456,0.14,0.474,0.441,0.34,0.254,0.156,0.105,0.348,0.138,0.058,0.295,0.649,0.419,0.011,0.152,0.219,0.241,0.208,0.406,0.26,0.075,0.439,0.572,0.13,0.19,0.389,0.195,0.523,0.268,0.115,0.099,0.505,0.894,0.013,0.093,0.565,0.069,0.018,0.027,0.442,0.375,0.033,0.444,0.063,0.083,0.143,0.274,0.027,0.389,0.967,0.012,0.375,0.069,0.999,0.749,0.259,0.047,0.018,0.047,0.018,0.018,0.047,0.018,0.018,0.269,0.047,0.119,0.018,0.047,0.982,0.007,0.953,0.047,0.881,0.999,0.047,0.281,0.156,0.15,0.098,0.351,0.117,0.137,0.083,0.219,0.751,0.549,0.232,0.445,0.496,0.071,0.265,0.473,0.256,0.505,0.825
0-211.txt_145,0.843,0.244,0.25,0.253,0.152,0.291,0.269,0.39,0.161,0.249,0.342,0.209,0.27,0.153,0.333,0.506,0.477,0.12,0.189,0.445,0.355,0.905,0.305,0.392,0.045,0.511,0.417,0.299,0.208,0.163,0.163,0.468,0.128,0.121,0.272,0.489,0.453,0.102,0.141,0.307,0.485,0.331,0.844,0.76,0.041,0.335,0.47,0.39,0.245,0.084,0.115,0.306,0.065,0.034,0.238,0.581,0.324,0.099,0.104,0.203,0.379,0.311,0.509,0.873,0.056,0.381,0.558,0.521,0.147,0.093,0.159,0.318,0.167,0.081,0.383,0.549,0.435,0.081,0.063,0.188,0.685,0.034,0.062,0.034,0.958,0.209,0.058,0.212,0.034,0.222,0.095,0.082,0.627,0.265,0.038,0.373,0.373,0.038,0.062,0.296,0.507,0.5,0.434,0.403,0.045,0.888,0.446,0.306,0.3,0.2,0.137,0.417,0.14,0.034,0.244,0.666,0.55,0.032,0.092,0.272,0.523,0.461,0.414,0.535,0.106,0.479,0.792,0.4,0.21,0.184,0.178,0.318,0.19,0.071,0.494,0.5,0.364,0.126,0.141,0.259,0.49,0.25,0.36,0.347,0.052,0.323,0.255,0.916,0.132,0.064,0.124,0.226,0.129,0.114,0.327,0.47,0.367,0.082,0.158,0.152,0.475,0.524,0.438,0.179,0.078,0.347,0.286,0.331,0.901,0.133,0.16,0.349,0.132,0.388,0.475,0.411,0.4,0.096,0.291,0.349,0.343,0.27,0.19,0.218,0.056,0.259,0.214,0.126,0.144,0.872,0.578,0.138,0.347,0.172,0.27,0.236,0.293,0.035,0.193,0.7,0.351,0.208,0.121,0.111,0.119,0.231,0.14,0.208,0.143,0.589,0.838,0.156,0.502,0.35,0.187,0.218,0.286,0.117,0.236,0.624,0.579,0.668,0.284,0.381,0.048,0.456,0.424,0.186,0.078,0.28,0.174,0.738,0.437,0.073,0.155,0.62,0.368,0.157,0.075,0.475,0.487,0.24,0.127,0.059,0.055,0.412,0.189,0.244,0.062,0.412,0.583,0.22,0.863,0.334,0.175,0.27,0.392,0.132,0.228,0.402,0.382,0.222,0.114,0.208,0.049,0.341,0.15,0.218,0.229,0.379,0.395,0.18,0.177,0.821,0.3,0.143,0.216,0.249,0.642,0.483,0.423,0.233,0.249,0.305,0.076,0.279,0.331,0.313,0.15,0.098,0.107,0.2,0.088,0.099,0.982,0.452,0.314,0.064,0.116,0.16,0.639,0.358,0.422,0.428,0.101,0.424,0.366,0.32,0.208,0.145,0.198,0.257,0.145,0.119,0.335,0.848,0.585,0.119,0.201,0.298,0.559,0.34,0.278,0.314,0.114,0.433,0.269,0.302,0.187,0.29,0.236,0.21,0.255,0.152,0.268,0.556,0.857,0.061,0.099,0.512,0.324,0.146,0.105,0.042,0.06,0.357,0.194,0.108,0.073,0.146,0.356,0.104,0.218,0.444,0.154,0.213,0.117,0.99,0.655,0.216,0.275,0.203,0.089,0.175,0.04,0.156,0.138,0.075,0.352,0.324,0.438,0.097,0.277,0.746,0.078,0.17,0.187,0.366,0.91,0.423,0.439,0.177,0.172,0.126,0.101,0.199,0.192,0.174,0.193,0.593,0.522,0.173,0.377,0.236,0.2,0.286,0.469,0.104,0.196,0.881
0-211.txt_147,0.845,0.247,0.25,0.228,0.218,0.294,0.301,0.35,0.193,0.357,0.311,0.273,0.288,0.202,0.251,0.578,0.46,0.099,0.201,0.441,0.314,0.926,0.395,0.321,0.083,0.593,0.485,0.212,0.423,0.191,0.21,0.696,0.223,0.163,0.234,0.369,0.34,0.182,0.226,0.183,0.263,0.4,0.93,0.603,0.126,0.469,0.451,0.342,0.496,0.096,0.139,0.4,0.165,0.18,0.204,0.575,0.386,0.09,0.243,0.13,0.282,0.307,0.61,0.925,0.079,0.444,0.661,0.274,0.335,0.148,0.145,0.399,0.16,0.137,0.28,0.446,0.318,0.103,0.129,0.145,0.412,0.135,0.15,0.184,0.925,0.22,0.225,0.111,0.129,0.409,0.38,0.178,0.303,0.324,0.16,0.32,0.293,0.117,0.206,0.475,0.315,0.546,0.442,0.43,0.051,0.933,0.708,0.199,0.428,0.161,0.218,0.605,0.32,0.119,0.264,0.43,0.317,0.081,0.176,0.196,0.304,0.421,0.427,0.62,0.092,0.664,0.934,0.217,0.312,0.168,0.183,0.514,0.211,0.149,0.292,0.418,0.311,0.074,0.139,0.2,0.44,0.22,0.417,0.292,0.145,0.246,0.251,0.936,0.218,0.135,0.153,0.251,0.171,0.172,0.163,0.429,0.264,0.098,0.175,0.157,0.262,0.467,0.443,0.424,0.091,0.544,0.439,0.187,0.959,0.213,0.252,0.427,0.228,0.295,0.188,0.347,0.303,0.142,0.384,0.207,0.278,0.122,0.098,0.063,0.15,0.12,0.096,0.119,0.103,0.911,0.73,0.12,0.576,0.502,0.125,0.176,0.268,0.141,0.242,0.723,0.227,0.168,0.11,0.099,0.176,0.188,0.145,0.092,0.137,0.705,0.908,0.148,0.668,0.484,0.128,0.169,0.244,0.167,0.242,0.61,0.255,0.702,0.367,0.34,0.073,0.615,0.522,0.221,0.414,0.154,0.171,0.898,0.216,0.18,0.254,0.326,0.28,0.1,0.225,0.168,0.31,0.191,0.096,0.108,0.12,0.267,0.135,0.167,0.175,0.632,0.71,0.171,0.952,0.481,0.128,0.255,0.308,0.159,0.255,0.522,0.209,0.164,0.137,0.108,0.137,0.127,0.146,0.12,0.19,0.523,0.61,0.147,0.485,0.948,0.139,0.204,0.201,0.374,0.653,0.412,0.359,0.237,0.247,0.263,0.101,0.327,0.343,0.182,0.188,0.158,0.201,0.301,0.181,0.191,0.974,0.402,0.326,0.104,0.154,0.197,0.489,0.335,0.486,0.374,0.181,0.377,0.405,0.353,0.305,0.183,0.212,0.409,0.221,0.186,0.29,0.847,0.526,0.099,0.204,0.239,0.366,0.211,0.391,0.291,0.191,0.331,0.307,0.248,0.183,0.345,0.324,0.28,0.293,0.234,0.277,0.556,0.854,0.122,0.2,0.373,0.229,0.273,0.164,0.091,0.123,0.267,0.202,0.141,0.17,0.298,0.349,0.188,0.361,0.491,0.171,0.247,0.196,0.963,0.552,0.244,0.214,0.213,0.178,0.139,0.131,0.262,0.214,0.18,0.418,0.277,0.377,0.238,0.287,0.836,0.163,0.24,0.201,0.436,0.949,0.269,0.356,0.177,0.168,0.131,0.22,0.191,0.182,0.119,0.137,0.718,0.628,0.166,0.501,0.403,0.165,0.262,0.389,0.115,0.262,0.87
0-211.txt_149,0.671,0.347,0.21,0.236,0.174,0.396,0.455,0.203,0.256,0.388,0.408,0.364,0.313,0.208,0.167,0.368,0.256,0.091,0.244,0.394,0.128,0.982,0.145,0.255,0.076,0.38,0.333,0.152,0.436,0.022,0.089,0.698,0.092,0.131,0.116,0.105,0.081,0.16,0.238,0.023,0.233,0.471,0.952,0.474,0.162,0.473,0.312,0.224,0.794,0.122,0.098,0.25,0.155,0.299,0.138,0.342,0.22,0.204,0.425,0.085,0.312,0.378,0.659,0.954,0.038,0.546,0.749,0.197,0.316,0.04,0.068,0.443,0.108,0.033,0.421,0.392,0.207,0.089,0.155,0.05,0.332,0.374,0.361,0.315,0.144,0.358,0.387,0.195,0.363,0.316,0.351,0.387,0.293,0.312,0.236,0.284,0.26,0.219,0.298,0.31,0.511,0.907,0.675,0.473,0.052,0.805,0.669,0.147,0.571,0.085,0.247,0.761,0.183,0.048,0.167,0.292,0.311,0.046,0.146,0.12,0.371,0.519,0.479,0.494,0.118,0.61,0.872,0.137,0.508,0.116,0.109,0.588,0.106,0.069,0.164,0.26,0.268,0.284,0.203,0.127,0.444,0.139,0.366,0.354,0.116,0.246,0.342,0.805,0.27,0.127,0.098,0.303,0.048,0.142,0.332,0.276,0.145,0.08,0.125,0.153,0.179,0.585,0.437,0.34,0.174,0.462,0.471,0.046,0.947,0.216,0.161,0.373,0.216,0.426,0.33,0.263,0.235,0.374,0.601,0.363,0.194,0.066,0.032,0.099,0.314,0.057,0.021,0.141,0.132,0.886,0.815,0.072,0.569,0.362,0.143,0.132,0.335,0.168,0.132,0.827,0.251,0.176,0.104,0.135,0.117,0.154,0.196,0.1,0.155,0.729,0.895,0.208,0.653,0.641,0.169,0.119,0.124,0.246,0.326,0.585,0.341,0.689,0.477,0.364,0.02,0.504,0.454,0.209,0.304,0.179,0.253,0.874,0.343,0.066,0.154,0.285,0.281,0.05,0.157,0.134,0.135,0.099,0.202,0.206,0.033,0.631,0.45,0.031,0.191,0.576,0.779,0.207,0.768,0.243,0.162,0.231,0.195,0.066,0.124,0.683,0.32,0.182,0.219,0.025,0.286,0.108,0.081,0.114,0.395,0.384,0.465,0.12,0.412,0.975,0.136,0.195,0.192,0.368,0.724,0.342,0.234,0.26,0.321,0.279,0.011,0.301,0.358,0.22,0.286,0.08,0.05,0.471,0.063,0.158,0.978,0.234,0.254,0.22,0.163,0.065,0.511,0.249,0.446,0.452,0.169,0.346,0.532,0.121,0.251,0.237,0.266,0.351,0.223,0.183,0.59,0.723,0.558,0.198,0.21,0.323,0.356,0.268,0.403,0.213,0.15,0.319,0.403,0.07,0.27,0.235,0.239,0.369,0.272,0.22,0.137,0.613,0.689,0.012,0.25,0.267,0.088,0.262,0.234,0.196,0.015,0.121,0.033,0.238,0.475,0.113,0.482,0.284,0.161,0.681,0.136,0.051,0.051,0.97,0.558,0.043,0.275,0.315,0.285,0.18,0.187,0.301,0.279,0.066,0.706,0.302,0.446,0.212,0.271,0.849,0.037,0.174,0.258,0.653,0.968,0.289,0.365,0.298,0.129,0.117,0.309,0.202,0.174,0.173,0.09,0.786,0.69,0.282,0.522,0.429,0.123,0.194,0.232,0.336,0.246,0.778
0-211.txt_151,0.788,0.15,0.26,0.152,0.129,0.239,0.209,0.454,0.131,0.432,0.359,0.232,0.36,0.258,0.322,0.496,0.408,0.15,0.177,0.467,0.298,0.769,0.364,0.439,0.039,0.566,0.443,0.135,0.28,0.277,0.148,0.834,0.253,0.123,0.227,0.418,0.273,0.017,0.209,0.205,0.33,0.203,0.777,0.344,0.053,0.482,0.394,0.439,0.273,0.282,0.263,0.311,0.304,0.135,0.343,0.485,0.482,0.016,0.129,0.246,0.223,0.38,0.73,0.904,0.038,0.601,0.68,0.337,0.258,0.092,0.053,0.536,0.084,0.016,0.174,0.512,0.349,0.054,0.178,0.097,0.119,0.007,0.018,0.5,1,0.018,0.018,0.018,0.018,0.047,0.047,0.018,0.047,0.018,0.018,0.119,0.119,0.018,0.018,0.119,0.522,0.425,0.491,0.614,0.073,0.84,0.663,0.225,0.245,0.196,0.258,0.654,0.178,0.095,0.236,0.449,0.509,0.021,0.09,0.204,0.363,0.345,0.57,0.698,0.064,0.593,0.875,0.288,0.29,0.174,0.075,0.713,0.211,0.106,0.272,0.482,0.367,0.049,0.109,0.17,0.545,0.086,0.354,0.204,0.078,0.169,0.148,0.949,0.181,0.166,0.128,0.175,0.195,0.243,0.199,0.397,0.265,0.109,0.094,0.181,0.407,0.213,0.507,0.199,0.081,0.445,0.321,0.123,0.93,0.296,0.283,0.535,0.166,0.366,0.176,0.31,0.219,0.096,0.521,0.241,0.381,0.065,0.113,0.081,0.126,0.058,0.077,0.17,0.049,0.903,0.729,0.114,0.554,0.505,0.113,0.17,0.305,0.207,0.243,0.781,0.291,0.068,0.084,0.057,0.109,0.086,0.053,0.139,0.082,0.88,0.892,0.082,0.698,0.624,0.105,0.095,0.221,0.152,0.255,0.7,0.355,0.524,0.482,0.385,0.032,0.585,0.589,0.315,0.308,0.222,0.207,0.903,0.334,0.115,0.272,0.392,0.36,0.05,0.129,0.21,0.432,0.036,0.2,0.045,0.173,0.105,0.172,0.322,0.156,0.777,0.677,0.099,0.862,0.523,0.172,0.152,0.158,0.178,0.335,0.556,0.298,0.077,0.186,0.047,0.114,0.134,0.135,0.194,0.124,0.627,0.595,0.137,0.608,0.905,0.135,0.147,0.227,0.362,0.642,0.51,0.434,0.181,0.281,0.233,0.047,0.244,0.263,0.275,0.205,0.254,0.23,0.262,0.212,0.161,0.944,0.31,0.295,0.079,0.111,0.295,0.721,0.261,0.396,0.241,0.152,0.426,0.381,0.442,0.214,0.204,0.206,0.473,0.274,0.187,0.167,0.782,0.619,0.096,0.127,0.27,0.458,0.142,0.319,0.19,0.133,0.273,0.192,0.288,0.184,0.532,0.323,0.265,0.436,0.308,0.222,0.543,0.772,0.047,0.101,0.424,0.131,0.252,0.219,0.048,0.015,0.209,0.025,0.381,0.387,0.387,0.379,0.241,0.292,0.912,0.224,0.051,0.065,0.931,0.773,0.342,0.351,0.183,0.142,0.086,0.154,0.153,0.091,0.365,0.403,0.488,0.389,0.345,0.412,0.804,0.239,0.203,0.238,0.569,0.88,0.364,0.441,0.094,0.149,0.095,0.134,0.155,0.106,0.151,0.132,0.834,0.628,0.182,0.54,0.416,0.161,0.19,0.412,0.129,0.258,0.842
0-211.txt_153,0.91,0.223,0.233,0.176,0.241,0.402,0.281,0.442,0.211,0.201,0.218,0.278,0.226,0.123,0.565,0.722,0.536,0.08,0.137,0.386,0.365,0.932,0.41,0.276,0.088,0.658,0.488,0.194,0.364,0.091,0.168,0.712,0.241,0.074,0.366,0.416,0.424,0.092,0.145,0.176,0.329,0.331,0.879,0.551,0.141,0.458,0.364,0.413,0.476,0.129,0.125,0.478,0.126,0.116,0.428,0.749,0.531,0.038,0.102,0.152,0.262,0.278,0.592,0.941,0.052,0.528,0.687,0.257,0.268,0.082,0.079,0.343,0.082,0.042,0.459,0.532,0.353,0.031,0.061,0.117,0.445,0.16,0.208,0.148,0.989,0.177,0.122,0.155,0.119,0.22,0.301,0.165,0.332,0.145,0.267,0.413,0.352,0.122,0.165,0.306,0.385,0.484,0.398,0.363,0.052,0.963,0.702,0.189,0.359,0.108,0.148,0.564,0.271,0.077,0.49,0.601,0.463,0.106,0.184,0.175,0.333,0.429,0.395,0.651,0.076,0.801,0.941,0.176,0.419,0.084,0.097,0.586,0.133,0.081,0.447,0.554,0.343,0.04,0.124,0.155,0.581,0.186,0.38,0.27,0.111,0.312,0.237,0.932,0.195,0.102,0.115,0.268,0.164,0.078,0.439,0.612,0.436,0.078,0.1,0.198,0.316,0.403,0.481,0.171,0.082,0.547,0.426,0.187,0.977,0.139,0.12,0.33,0.249,0.248,0.412,0.349,0.278,0.136,0.559,0.182,0.405,0.166,0.12,0.175,0.173,0.273,0.223,0.186,0.182,0.825,0.548,0.239,0.505,0.303,0.547,0.4,0.482,0.104,0.292,0.762,0.42,0.196,0.151,0.156,0.191,0.31,0.198,0.177,0.164,0.499,0.843,0.196,0.55,0.334,0.423,0.38,0.456,0.116,0.273,0.6,0.369,0.628,0.384,0.297,0.071,0.641,0.549,0.258,0.286,0.115,0.153,0.902,0.252,0.08,0.492,0.541,0.438,0.068,0.157,0.232,0.415,0.208,0.2,0.115,0.168,0.489,0.233,0.19,0.2,0.475,0.706,0.227,0.916,0.332,0.348,0.326,0.443,0.183,0.255,0.599,0.336,0.181,0.21,0.214,0.099,0.256,0.268,0.187,0.225,0.368,0.475,0.185,0.368,0.916,0.39,0.352,0.418,0.32,0.607,0.358,0.356,0.164,0.146,0.198,0.062,0.306,0.249,0.181,0.178,0.087,0.097,0.254,0.12,0.055,0.996,0.419,0.362,0.04,0.083,0.181,0.619,0.278,0.456,0.327,0.166,0.494,0.392,0.372,0.277,0.114,0.129,0.378,0.195,0.101,0.543,0.932,0.664,0.062,0.118,0.21,0.539,0.255,0.341,0.241,0.134,0.423,0.287,0.256,0.196,0.221,0.212,0.281,0.222,0.111,0.544,0.749,0.939,0.082,0.182,0.402,0.294,0.178,0.077,0.102,0.115,0.275,0.168,0.227,0.184,0.143,0.222,0.173,0.237,0.557,0.211,0.234,0.253,0.997,0.703,0.16,0.314,0.306,0.192,0.126,0.128,0.493,0.241,0.174,0.674,0.209,0.261,0.245,0.269,0.54,0.38,0.362,0.429,0.432,0.941,0.308,0.508,0.15,0.131,0.151,0.176,0.336,0.228,0.162,0.12,0.62,0.543,0.203,0.48,0.213,0.441,0.399,0.579,0.062,0.243,0.902
0-211.txt_155,0.861,0.224,0.187,0.194,0.446,0.299,0.308,0.337,0.248,0.336,0.336,0.297,0.301,0.204,0.207,0.512,0.326,0.209,0.307,0.393,0.245,0.874,0.357,0.337,0.303,0.611,0.52,0.14,0.434,0.294,0.432,0.738,0.436,0.191,0.18,0.293,0.253,0.308,0.311,0.24,0.284,0.57,0.901,0.666,0.264,0.628,0.685,0.186,0.563,0.105,0.163,0.628,0.345,0.196,0.209,0.435,0.322,0.126,0.293,0.112,0.413,0.407,0.545,0.834,0.267,0.585,0.738,0.186,0.545,0.208,0.23,0.578,0.247,0.198,0.168,0.413,0.349,0.283,0.397,0.193,0.559,0.203,0.347,0.324,0.939,0.311,0.199,0.14,0.378,0.294,0.42,0.274,0.341,0.472,0.067,0.411,0.221,0.385,0.588,0.297,0.292,0.635,0.619,0.544,0.268,0.855,0.726,0.196,0.608,0.206,0.28,0.717,0.508,0.182,0.134,0.354,0.255,0.252,0.412,0.142,0.407,0.511,0.496,0.66,0.223,0.722,0.875,0.154,0.418,0.206,0.229,0.596,0.333,0.221,0.262,0.389,0.271,0.278,0.321,0.152,0.57,0.264,0.386,0.31,0.323,0.271,0.345,0.839,0.243,0.113,0.155,0.338,0.178,0.156,0.191,0.442,0.215,0.191,0.201,0.131,0.29,0.53,0.727,0.314,0.335,0.637,0.537,0.146,0.936,0.127,0.308,0.542,0.321,0.307,0.176,0.386,0.186,0.365,0.685,0.068,0.394,0.29,0.172,0.141,0.487,0.349,0.305,0.104,0.342,0.82,0.777,0.321,0.598,0.392,0.117,0.188,0.252,0.303,0.461,0.53,0.296,0.337,0.27,0.173,0.378,0.403,0.335,0.101,0.408,0.578,0.861,0.317,0.628,0.438,0.141,0.212,0.271,0.34,0.444,0.458,0.337,0.703,0.493,0.418,0.263,0.678,0.679,0.15,0.532,0.253,0.285,0.836,0.431,0.251,0.191,0.351,0.314,0.206,0.349,0.185,0.387,0.366,0.288,0.287,0.416,0.383,0.421,0.092,0.463,0.57,0.691,0.456,0.795,0.463,0.213,0.286,0.269,0.456,0.668,0.455,0.283,0.255,0.261,0.231,0.548,0.37,0.316,0.14,0.534,0.361,0.601,0.306,0.459,0.861,0.173,0.238,0.222,0.551,0.841,0.271,0.289,0.231,0.264,0.285,0.272,0.354,0.455,0.168,0.312,0.179,0.178,0.411,0.249,0.262,0.907,0.328,0.277,0.114,0.239,0.179,0.608,0.384,0.629,0.512,0.315,0.564,0.601,0.299,0.412,0.209,0.259,0.516,0.284,0.192,0.277,0.701,0.507,0.215,0.274,0.191,0.391,0.439,0.506,0.4,0.252,0.522,0.53,0.147,0.45,0.406,0.452,0.52,0.42,0.157,0.217,0.499,0.706,0.185,0.333,0.338,0.161,0.274,0.171,0.04,0.176,0.131,0.171,0.103,0.292,0.216,0.481,0.256,0.488,0.678,0.193,0.158,0.158,0.966,0.682,0.121,0.23,0.303,0.306,0.183,0.433,0.338,0.159,0.062,0.775,0.322,0.594,0.25,0.408,0.806,0.094,0.139,0.137,0.808,0.963,0.195,0.582,0.162,0.151,0.118,0.51,0.224,0.228,0.12,0.198,0.725,0.659,0.192,0.514,0.417,0.171,0.247,0.343,0.272,0.453,0.751
0-211.txt_157,0.686,0.096,0.247,0.155,0.291,0.171,0.244,0.58,0.312,0.303,0.184,0.159,0.345,0.075,0.349,0.614,0.363,0.021,0.05,0.309,0.135,0.912,0.31,0.259,0.13,0.348,0.171,0.057,0.336,0.054,0.19,0.689,0.096,0.032,0.142,0.235,0.185,0.015,0.102,0.034,0.205,0.47,0.827,0.611,0.311,0.514,0.348,0.213,0.683,0.042,0.041,0.613,0.132,0.162,0.064,0.669,0.438,0.189,0.307,0.086,0.195,0.169,0.5,0.944,0.336,0.685,0.831,0.349,0.296,0.028,0.179,0.574,0.265,0.014,0.265,0.5,0.219,0.322,0.018,0.262,0.373,0.014,0.024,0.02,0.994,0.024,0.024,0.028,0.024,0.373,0.222,0.024,0.383,0.339,0.339,0.269,0.195,0.038,0.349,0.349,0.17,0.624,0.502,0.331,0.545,0.804,0.373,0.06,0.441,0.34,0.188,0.602,0.096,0.155,0.118,0.552,0.498,0.019,0.2,0.162,0.119,0.616,0.269,0.726,0.575,0.731,0.931,0.143,0.731,0.069,0.389,0.69,0.464,0.018,0.259,0.5,0.616,0.018,0.083,0.31,0.271,0.14,0.54,0.235,0.187,0.204,0.14,0.828,0.168,0.136,0.174,0.356,0.111,0.111,0.05,0.6,0.534,0.024,0.135,0.225,0.145,0.423,0.346,0.265,0.731,0.373,0.222,0.349,0.983,0.179,0.108,0.45,0.062,0.306,0.018,0.527,0.534,0.094,0.365,0.222,0.161,0.136,0.01,0.006,0.537,0.023,0.01,0.007,0.243,0.945,0.794,0.038,0.567,0.463,0.01,0.043,0.065,0.263,0.256,0.949,0.092,0.016,0.017,0.154,0.214,0.024,0.016,0.006,0.158,0.858,0.981,0.016,0.574,0.546,0.013,0.044,0.281,0.036,0.257,0.592,0.216,0.69,0.613,0.311,0.01,0.708,0.384,0.151,0.518,0.038,0.02,0.985,0.04,0.007,0.103,0.31,0.292,0.007,0.033,0.04,0.119,0.018,0.007,0.007,0.731,0.018,0.007,0.007,0.007,0.982,0.5,0.018,0.953,0.119,0.018,0.047,0.5,0.007,0.047,0.993,0.066,0.18,0.211,0.022,0.104,0.052,0.029,0.157,0.236,0.246,0.294,0.096,0.266,0.881,0.016,0.179,0.147,0.504,0.729,0.204,0.101,0.362,0.342,0.236,0.01,0.271,0.317,0.069,0.171,0.02,0.055,0.539,0.03,0.129,0.902,0.329,0.349,0.008,0.231,0.138,0.373,0.289,0.41,0.339,0.11,0.487,0.385,0.192,0.438,0.182,0.048,0.417,0.18,0.024,0.121,0.931,0.783,0.061,0.062,0.098,0.368,0.118,0.158,0.183,0.234,0.16,0.183,0.168,0.233,0.118,0.07,0.17,0.241,0.175,0.102,0.571,0.863,0.306,0.229,0.233,0.018,0.018,0.007,0.007,0.018,0.018,0.018,0.018,0.047,0.018,0.047,0.018,0.047,0.953,0.007,0.047,0.018,1,0.881,0.018,0.018,0.018,0.007,0.005,0.375,0.018,0.007,0.007,0.083,0.384,0.536,0.007,0.194,0.998,0.007,0.018,0.018,0.631,0.991,0.31,0.463,0.018,0.085,0.037,0.256,0.025,0.04,0.011,0.012,0.616,0.622,0.088,0.583,0.292,0.015,0.153,0.354,0.482,0.065,0.86
0-211.txt_159,0.924,0.205,0.182,0.186,0.198,0.235,0.23,0.378,0.233,0.185,0.204,0.163,0.236,0.095,0.348,0.645,0.462,0.032,0.098,0.356,0.202,0.986,0.36,0.228,0.027,0.622,0.479,0.221,0.599,0.169,0.21,0.684,0.196,0.075,0.229,0.386,0.157,0.108,0.133,0.106,0.394,0.225,0.889,0.9,0.036,0.269,0.408,0.331,0.255,0.056,0.03,0.239,0.047,0.03,0.243,0.667,0.53,0.019,0.199,0.126,0.437,0.144,0.525,0.984,0.033,0.423,0.813,0.45,0.335,0.038,0.108,0.321,0.066,0.207,0.298,0.46,0.246,0.043,0.205,0.066,0.296,0.012,0.025,0.051,1,0.02,0.01,0.055,0.02,0.119,0.142,0.02,0.115,0.042,0.02,0.142,0.15,0.044,0.04,0.137,0.304,0.675,0.422,0.205,0.031,0.988,0.623,0.213,0.385,0.045,0.167,0.619,0.261,0.058,0.153,0.479,0.205,0.039,0.143,0.108,0.32,0.375,0.409,0.799,0.105,0.643,0.97,0.183,0.277,0.035,0.05,0.436,0.071,0.018,0.389,0.436,0.237,0.107,0.047,0.107,0.401,0.169,0.41,0.297,0.086,0.139,0.201,0.99,0.125,0.027,0.065,0.16,0.11,0.029,0.075,0.357,0.167,0.036,0.036,0.045,0.412,0.257,0.266,0.266,0.201,0.303,0.301,0.311,0.217,0.219,0.285,0.239,0.257,0.177,0.248,0.423,0.303,0.084,0.153,0.263,0.119,0.018,0.018,0.018,0.119,0.018,0.018,0.007,0.018,0.995,0.731,0.018,0.5,0.269,0.018,0.047,0.194,0.018,0.119,0.931,0.28,0.154,0.082,0.068,0.111,0.184,0.061,0.105,0.096,0.684,0.969,0.074,0.784,0.437,0.059,0.231,0.26,0.124,0.163,0.626,0.169,0.889,0.473,0.169,0.018,0.778,0.577,0.095,0.219,0.028,0.038,0.991,0.119,0.256,0.095,0.423,0.296,0.028,0.071,0.047,0.31,0.083,0.033,0.018,0.119,0.384,0.047,0.018,0.083,0.806,0.881,0.083,0.976,0.5,0.033,0.083,0.269,0.119,0.5,0.726,0.259,0.05,0.147,0.063,0.222,0.2,0.234,0.138,0.205,0.596,0.677,0.062,0.384,0.984,0.04,0.147,0.132,0.452,0.646,0.679,0.381,0.16,0.111,0.168,0.062,0.301,0.228,0.107,0.14,0.079,0.195,0.214,0.106,0.069,0.996,0.548,0.365,0.031,0.117,0.174,0.57,0.165,0.415,0.341,0.199,0.331,0.294,0.499,0.21,0.172,0.238,0.21,0.196,0.139,0.297,0.901,0.614,0.052,0.198,0.181,0.669,0.105,0.287,0.12,0.295,0.179,0.149,0.35,0.105,0.301,0.213,0.149,0.414,0.228,0.227,0.763,0.967,0.05,0.243,0.348,0.412,0.257,0.266,0.266,0.201,0.303,0.301,0.311,0.217,0.219,0.285,0.239,0.257,0.177,0.248,0.423,0.303,0.084,0.153,0.263,0.071,0.071,0.071,0.188,0.038,0.119,0.222,0.028,0.831,0.119,0.296,0.095,0.219,0.953,0.028,0.095,0.071,0.704,0.999,0.169,0.577,0.349,0.205,0.199,0.144,0.157,0.282,0.237,0.307,0.602,0.605,0.221,0.587,0.247,0.086,0.388,0.384,0.05,0.119,0.858
0-211.txt_161,0.925,0.248,0.238,0.169,0.165,0.29,0.23,0.401,0.155,0.295,0.237,0.364,0.251,0.149,0.272,0.464,0.328,0.083,0.153,0.305,0.313,0.98,0.207,0.196,0.057,0.619,0.473,0.091,0.194,0.349,0.172,0.756,0.233,0.086,0.107,0.282,0.269,0.047,0.119,0.274,0.162,0.238,0.987,0.505,0.179,0.382,0.347,0.281,0.522,0.254,0.2,0.281,0.207,0.091,0.068,0.368,0.4,0.029,0.197,0.247,0.408,0.149,0.546,0.991,0.07,0.361,0.592,0.406,0.179,0.056,0.044,0.269,0.056,0.044,0.354,0.62,0.331,0.038,0.056,0.07,0.269,0.731,0.269,0.119,0.998,0.5,0.269,0.119,0.119,0.047,0.047,0.993,0.119,0.047,0.119,0.269,0.269,0.047,0.047,0.119,0.289,0.616,0.744,0.384,0.04,0.989,0.731,0.157,0.442,0.04,0.047,0.784,0.232,0.025,0.119,0.555,0.327,0.047,0.119,0.047,0.346,0.323,0.346,0.618,0.05,0.788,0.982,0.098,0.35,0.194,0.164,0.5,0.181,0.054,0.149,0.398,0.315,0.052,0.136,0.205,0.52,0.143,0.292,0.245,0.074,0.238,0.196,0.97,0.214,0.127,0.073,0.281,0.207,0.045,0.224,0.4,0.216,0.039,0.077,0.196,0.119,0.119,0.269,0.119,0.119,0.269,0.119,0.047,0.998,0.119,0.269,0.119,0.269,0.982,0.047,0.269,0.953,0.269,0.731,0.119,0.194,0.274,0.051,0.033,0.157,0.121,0.058,0.025,0.058,0.975,0.671,0.121,0.558,0.447,0.04,0.139,0.402,0.103,0.272,0.831,0.285,0.091,0.064,0.054,0.209,0.105,0.07,0.054,0.053,0.816,0.958,0.09,0.738,0.408,0.076,0.166,0.379,0.12,0.164,0.724,0.213,0.696,0.505,0.387,0.038,0.587,0.528,0.138,0.451,0.086,0.08,0.972,0.237,0.063,0.157,0.327,0.336,0.045,0.234,0.074,0.484,0.149,0.076,0.092,0.209,0.301,0.286,0.076,0.105,0.637,0.85,0.179,0.994,0.315,0.28,0.209,0.269,0.12,0.149,0.592,0.105,0.086,0.05,0.024,0.252,0.1,0.044,0.036,0.119,0.452,0.53,0.217,0.46,0.994,0.024,0.076,0.105,0.554,0.851,0.301,0.269,0.218,0.103,0.139,0.058,0.214,0.196,0.058,0.065,0.218,0.256,0.413,0.179,0.081,0.996,0.232,0.194,0.025,0.051,0.256,0.5,0.194,0.347,0.387,0.121,0.405,0.47,0.214,0.194,0.179,0.274,0.347,0.234,0.292,0.396,0.924,0.5,0.113,0.234,0.158,0.315,0.352,0.331,0.384,0.135,0.428,0.468,0.135,0.209,0.331,0.195,0.331,0.285,0.199,0.135,0.546,0.97,0.152,0.294,0.378,0.378,0.283,0.293,0.268,0.147,0.354,0.343,0.207,0.224,0.396,0.357,0.356,0.363,0.225,0.183,0.334,0.353,0.1,0.209,0.394,0.194,0.083,0.047,0.018,0.083,0.083,0.047,0.018,0.5,0.536,0.31,0.083,0.384,0.842,0.033,0.119,0.194,0.575,0.996,0.536,0.318,0.084,0.114,0.063,0.262,0.1,0.133,0.1,0.114,0.853,0.654,0.084,0.583,0.248,0.068,0.115,0.368,0.045,0.162,0.962
0-211.txt_163,0.936,0.139,0.231,0.239,0.15,0.215,0.273,0.471,0.101,0.218,0.195,0.241,0.302,0.177,0.198,0.531,0.405,0.103,0.194,0.4,0.22,0.981,0.321,0.175,0.034,0.495,0.314,0.166,0.221,0.108,0.103,0.701,0.161,0.198,0.103,0.213,0.213,0.048,0.082,0.055,0.244,0.289,0.973,0.663,0.067,0.333,0.321,0.448,0.375,0.11,0.088,0.364,0.205,0.171,0.172,0.477,0.392,0.115,0.246,0.133,0.227,0.178,0.701,0.988,0.039,0.328,0.621,0.352,0.202,0.067,0.049,0.401,0.099,0.102,0.155,0.517,0.235,0.058,0.211,0.073,0.881,0.274,0.5,0.464,0.999,0.119,0.119,0.194,0.119,0.047,0.047,0.119,0.083,0.083,0.389,0.806,0.5,0.047,0.69,0.119,0.344,0.391,0.437,0.303,0.031,0.983,0.576,0.313,0.331,0.091,0.158,0.55,0.259,0.144,0.292,0.432,0.322,0.127,0.217,0.088,0.242,0.354,0.332,0.714,0.053,0.69,0.968,0.155,0.219,0.082,0.105,0.463,0.17,0.071,0.179,0.434,0.303,0.06,0.188,0.082,0.475,0.121,0.407,0.296,0.058,0.178,0.189,0.981,0.162,0.095,0.095,0.235,0.158,0.08,0.114,0.418,0.252,0.069,0.096,0.153,0.092,0.209,0.438,0.09,0.024,0.454,0.179,0.042,1,0.252,0.217,0.227,0.106,0.243,0.036,0.181,0.167,0.226,0.55,0.08,0.24,0.095,0.199,0.166,0.137,0.115,0.129,0.115,0.087,0.929,0.679,0.111,0.526,0.516,0.116,0.24,0.5,0.185,0.373,0.693,0.312,0.103,0.096,0.173,0.076,0.087,0.084,0.099,0.078,0.626,0.917,0.074,0.624,0.676,0.076,0.123,0.214,0.223,0.278,0.608,0.348,0.507,0.472,0.435,0.062,0.55,0.486,0.291,0.269,0.169,0.144,0.957,0.166,0.12,0.19,0.389,0.298,0.14,0.193,0.167,0.468,0.098,0.161,0.034,0.073,0.224,0.067,0.185,0.167,0.611,0.657,0.138,0.995,0.49,0.045,0.223,0.249,0.153,0.263,0.532,0.181,0.092,0.13,0.114,0.119,0.112,0.081,0.103,0.187,0.429,0.537,0.087,0.316,0.991,0.103,0.126,0.286,0.508,0.749,0.418,0.443,0.126,0.102,0.286,0.029,0.381,0.273,0.166,0.058,0.051,0.206,0.273,0.166,0.242,0.995,0.299,0.347,0.025,0.051,0.063,0.59,0.248,0.552,0.504,0.122,0.297,0.305,0.499,0.227,0.125,0.141,0.371,0.162,0.146,0.288,0.89,0.538,0.147,0.171,0.133,0.364,0.191,0.582,0.349,0.109,0.272,0.252,0.267,0.184,0.233,0.226,0.249,0.175,0.11,0.194,0.705,0.956,0.084,0.188,0.337,0.138,0.058,0.083,0.057,0.093,0.129,0.091,0.135,0.133,0.276,0.359,0.057,0.288,0.752,0.032,0.162,0.188,0.999,0.733,0.282,0.213,0.207,0.265,0.225,0.067,0.235,0.158,0.255,0.475,0.111,0.169,0.212,0.193,0.768,0.127,0.193,0.21,0.554,0.995,0.173,0.434,0.097,0.158,0.083,0.11,0.195,0.095,0.188,0.051,0.783,0.597,0.163,0.464,0.377,0.118,0.223,0.305,0.104,0.23,0.928
0-211.txt_165,0.868,0.272,0.267,0.216,0.23,0.305,0.266,0.299,0.21,0.24,0.238,0.326,0.294,0.225,0.284,0.604,0.507,0.147,0.183,0.375,0.3,0.898,0.471,0.195,0.041,0.689,0.443,0.157,0.348,0.118,0.08,0.671,0.21,0.243,0.154,0.366,0.328,0.05,0.159,0.228,0.334,0.266,0.929,0.52,0.114,0.471,0.406,0.28,0.504,0.093,0.181,0.436,0.186,0.232,0.146,0.495,0.332,0.118,0.191,0.132,0.326,0.217,0.579,0.923,0.097,0.425,0.551,0.234,0.319,0.21,0.144,0.381,0.103,0.148,0.34,0.492,0.428,0.033,0.146,0.138,0.993,0.047,0.047,0.047,0.953,0.119,0.119,0.269,0.047,0.047,0.047,0.119,0.119,0.018,0.119,0.881,0.269,0.018,0.047,0.119,0.408,0.578,0.387,0.382,0.042,0.978,0.757,0.095,0.447,0.051,0.112,0.607,0.315,0.035,0.373,0.49,0.356,0.063,0.166,0.107,0.297,0.428,0.409,0.611,0.046,0.706,0.908,0.24,0.356,0.085,0.19,0.492,0.171,0.063,0.335,0.438,0.274,0.043,0.186,0.155,0.483,0.245,0.434,0.304,0.077,0.287,0.264,0.968,0.137,0.127,0.083,0.287,0.13,0.063,0.22,0.472,0.226,0.056,0.078,0.109,0.325,0.367,0.502,0.316,0.158,0.691,0.488,0.329,0.986,0.063,0.167,0.363,0.147,0.204,0.106,0.416,0.263,0.097,0.367,0.071,0.288,0.05,0.046,0.039,0.125,0.101,0.098,0.04,0.144,0.953,0.714,0.063,0.549,0.35,0.241,0.169,0.2,0.06,0.22,0.776,0.436,0.13,0.232,0.11,0.22,0.187,0.135,0.104,0.14,0.605,0.878,0.145,0.658,0.421,0.194,0.309,0.352,0.119,0.213,0.565,0.342,0.518,0.515,0.347,0.156,0.572,0.501,0.232,0.24,0.153,0.22,0.846,0.308,0.097,0.358,0.519,0.466,0.034,0.099,0.21,0.135,0.1,0.048,0.022,0.106,0.167,0.05,0.022,0.13,0.727,0.873,0.094,0.986,0.5,0.044,0.144,0.179,0.182,0.474,0.735,0.257,0.109,0.166,0.068,0.072,0.175,0.104,0.2,0.3,0.251,0.277,0.165,0.308,0.981,0.055,0.219,0.196,0.512,0.775,0.241,0.374,0.184,0.217,0.258,0.092,0.252,0.348,0.251,0.241,0.105,0.113,0.347,0.094,0.076,0.984,0.472,0.303,0.071,0.116,0.138,0.492,0.294,0.459,0.373,0.114,0.381,0.357,0.375,0.267,0.123,0.162,0.344,0.248,0.104,0.424,0.892,0.617,0.064,0.134,0.217,0.405,0.3,0.376,0.244,0.193,0.321,0.335,0.184,0.217,0.309,0.327,0.353,0.335,0.224,0.15,0.627,0.907,0.074,0.242,0.422,0.251,0.104,0.2,0.195,0.082,0.121,0.101,0.167,0.195,0.148,0.214,0.133,0.356,0.652,0.139,0.245,0.28,0.995,0.672,0.15,0.076,0.275,0.345,0.086,0.024,0.319,0.341,0.12,0.58,0.076,0.272,0.106,0.286,0.737,0.03,0.106,0.182,0.456,0.942,0.076,0.406,0.175,0.069,0.042,0.149,0.209,0.174,0.039,0.048,0.717,0.576,0.134,0.459,0.178,0.188,0.254,0.425,0.095,0.157,0.9
0-211.txt_167,0.938,0.152,0.211,0.228,0.261,0.295,0.345,0.524,0.136,0.17,0.137,0.269,0.219,0.167,0.236,0.628,0.57,0.11,0.171,0.261,0.205,0.986,0.404,0.195,0.06,0.671,0.368,0.207,0.314,0.2,0.131,0.642,0.216,0.193,0.245,0.335,0.345,0.085,0.196,0.174,0.224,0.4,0.986,0.663,0.05,0.547,0.547,0.376,0.503,0.044,0.047,0.521,0.113,0.053,0.142,0.605,0.438,0.041,0.12,0.063,0.27,0.229,0.605,0.992,0.062,0.439,0.732,0.277,0.235,0.056,0.051,0.352,0.091,0.107,0.187,0.506,0.317,0.077,0.144,0.071,0.346,0.028,0.059,0.028,1,0.04,0.023,0.071,0.028,0.144,0.144,0.028,0.144,0.059,0.047,0.371,0.269,0.059,0.059,0.244,0.263,0.49,0.432,0.527,0.159,0.98,0.687,0.239,0.423,0.086,0.099,0.557,0.207,0.129,0.236,0.429,0.313,0.125,0.193,0.093,0.269,0.384,0.5,0.857,0.058,0.653,0.973,0.119,0.384,0.058,0.058,0.5,0.101,0.051,0.194,0.613,0.498,0.051,0.083,0.101,0.461,0.167,0.481,0.302,0.1,0.32,0.219,0.983,0.167,0.104,0.089,0.27,0.107,0.077,0.172,0.413,0.273,0.086,0.081,0.145,0.169,0.447,0.373,0.145,0.355,0.423,0.447,0.071,0.997,0.052,0.071,0.296,0.119,0.222,0.071,0.423,0.169,0.198,0.664,0.062,0.373,0.101,0.097,0.084,0.189,0.182,0.091,0.144,0.126,0.965,0.622,0.126,0.619,0.363,0.123,0.212,0.281,0.133,0.225,0.777,0.292,0.169,0.16,0.159,0.12,0.219,0.186,0.065,0.118,0.555,0.914,0.151,0.577,0.545,0.145,0.279,0.284,0.163,0.351,0.436,0.283,0.639,0.468,0.403,0.042,0.653,0.569,0.169,0.23,0.175,0.091,0.964,0.164,0.034,0.248,0.414,0.353,0.034,0.094,0.175,0.269,0.119,0.047,0.018,0.119,0.269,0.047,0.047,0.119,0.731,0.881,0.119,1,0.5,0.047,0.119,0.269,0.119,0.119,0.5,0.126,0.065,0.06,0.047,0.096,0.068,0.06,0.047,0.259,0.578,0.54,0.065,0.461,0.993,0.069,0.09,0.139,0.532,0.856,0.461,0.422,0.228,0.216,0.271,0.116,0.358,0.411,0.152,0.184,0.088,0.084,0.401,0.12,0.055,0.996,0.53,0.411,0.066,0.084,0.12,0.572,0.294,0.543,0.474,0.199,0.471,0.526,0.363,0.255,0.119,0.105,0.47,0.199,0.087,0.255,0.968,0.66,0.074,0.153,0.148,0.433,0.376,0.385,0.23,0.224,0.357,0.394,0.144,0.17,0.349,0.239,0.461,0.263,0.143,0.227,0.573,0.961,0.1,0.188,0.399,0.047,0.047,0.018,0.007,0.047,0.047,0.047,0.047,0.047,0.047,0.119,0.018,0.119,0.731,0.018,0.047,0.047,1,0.881,0.047,0.161,0.137,0.192,0.114,0.121,0.162,0.129,0.088,0.568,0.372,0.423,0.137,0.355,0.868,0.108,0.171,0.186,0.61,0.996,0.371,0.317,0.098,0.165,0.094,0.165,0.138,0.148,0.12,0.126,0.706,0.523,0.18,0.471,0.441,0.143,0.271,0.381,0.158,0.371,0.925
0-211.txt_169,0.914,0.282,0.087,0.265,0.14,0.323,0.179,0.617,0.057,0.149,0.244,0.263,0.229,0.059,0.688,0.516,0.568,0.032,0.104,0.319,0.358,0.945,0.261,0.224,0.026,0.686,0.571,0.401,0.381,0.103,0.093,0.711,0.192,0.096,0.441,0.45,0.385,0.027,0.16,0.12,0.341,0.354,0.819,0.549,0.05,0.626,0.389,0.527,0.526,0.081,0.048,0.444,0.077,0.036,0.445,0.79,0.528,0.024,0.162,0.15,0.305,0.235,0.442,0.943,0.021,0.597,0.716,0.579,0.183,0.037,0.079,0.385,0.128,0.016,0.613,0.466,0.416,0.012,0.051,0.037,0.5,0.053,0.112,0.075,0.999,0.079,0.054,0.13,0.053,0.226,0.216,0.075,0.226,0.099,0.058,0.371,0.335,0.099,0.109,0.248,0.34,0.574,0.267,0.327,0.03,0.907,0.748,0.242,0.378,0.043,0.17,0.529,0.243,0.049,0.547,0.511,0.392,0.057,0.132,0.1,0.393,0.406,0.272,0.506,0.022,0.776,0.914,0.461,0.268,0.075,0.085,0.613,0.146,0.023,0.688,0.568,0.335,0.024,0.163,0.138,0.532,0.263,0.302,0.346,0.044,0.491,0.364,0.956,0.108,0.041,0.05,0.363,0.126,0.033,0.594,0.5,0.34,0.055,0.067,0.109,0.313,0.39,0.357,0.203,0.023,0.694,0.66,0.36,0.947,0.077,0.143,0.431,0.067,0.158,0.627,0.507,0.39,0.037,0.487,0.103,0.228,0.049,0.049,0.083,0.222,0.132,0.083,0.083,0.049,0.919,0.689,0.068,0.675,0.459,0.132,0.141,0.255,0.047,0.222,0.812,0.225,0.149,0.047,0.124,0.14,0.205,0.087,0.144,0.128,0.561,0.829,0.158,0.651,0.392,0.274,0.158,0.237,0.079,0.21,0.598,0.328,0.681,0.31,0.253,0.032,0.701,0.563,0.414,0.138,0.074,0.121,0.912,0.207,0.045,0.566,0.618,0.4,0.089,0.096,0.13,0.269,0.269,0.119,0.047,0.269,0.5,0.119,0.047,0.119,0.731,0.881,0.269,0.993,0.5,0.119,0.269,0.269,0.269,0.269,0.731,0.083,0.047,0.033,0.033,0.083,0.033,0.033,0.033,0.194,0.5,0.5,0.033,0.5,0.998,0.018,0.083,0.083,0.731,0.953,0.269,0.426,0.26,0.111,0.291,0.075,0.456,0.356,0.379,0.106,0.063,0.082,0.36,0.078,0.044,0.995,0.375,0.371,0.049,0.117,0.152,0.639,0.327,0.348,0.362,0.151,0.557,0.362,0.492,0.268,0.044,0.132,0.312,0.14,0.037,0.476,0.896,0.506,0.032,0.124,0.109,0.526,0.306,0.298,0.263,0.164,0.352,0.318,0.344,0.124,0.132,0.162,0.325,0.233,0.048,0.617,0.695,0.922,0.046,0.13,0.309,0.071,0.047,0.018,0.01,0.071,0.119,0.047,0.071,0.071,0.047,0.119,0.047,0.169,0.731,0.018,0.047,0.071,1,0.881,0.047,0.119,0.119,0.095,0.038,0.095,0.219,0.119,0.038,0.881,0.219,0.269,0.119,0.269,0.953,0.047,0.119,0.119,0.881,0.998,0.219,0.624,0.225,0.122,0.177,0.213,0.342,0.265,0.433,0.039,0.455,0.362,0.227,0.419,0.146,0.459,0.401,0.325,0.126,0.094,0.802
0-211.txt_171,0.847,0.263,0.237,0.219,0.261,0.309,0.335,0.409,0.17,0.312,0.301,0.289,0.307,0.211,0.288,0.606,0.438,0.117,0.189,0.38,0.281,0.934,0.37,0.246,0.065,0.62,0.484,0.157,0.376,0.148,0.208,0.682,0.273,0.17,0.23,0.381,0.308,0.096,0.207,0.155,0.306,0.405,0.928,0.548,0.126,0.42,0.479,0.326,0.473,0.131,0.142,0.395,0.195,0.179,0.236,0.572,0.411,0.13,0.225,0.148,0.307,0.331,0.552,0.943,0.125,0.452,0.695,0.301,0.292,0.117,0.127,0.386,0.168,0.104,0.312,0.493,0.323,0.061,0.183,0.151,0.378,0.233,0.212,0.176,0.913,0.207,0.211,0.199,0.201,0.445,0.393,0.259,0.373,0.346,0.216,0.328,0.37,0.127,0.292,0.434,0.307,0.578,0.399,0.42,0.128,0.925,0.727,0.206,0.382,0.136,0.157,0.592,0.238,0.132,0.292,0.491,0.332,0.112,0.201,0.151,0.291,0.463,0.399,0.593,0.088,0.666,0.922,0.237,0.338,0.128,0.161,0.55,0.209,0.131,0.234,0.445,0.309,0.088,0.173,0.147,0.5,0.292,0.325,0.311,0.183,0.289,0.312,0.902,0.2,0.193,0.218,0.274,0.231,0.196,0.346,0.522,0.313,0.118,0.166,0.205,0.239,0.494,0.482,0.384,0.122,0.53,0.51,0.243,0.946,0.172,0.188,0.453,0.261,0.316,0.302,0.464,0.306,0.184,0.49,0.138,0.296,0.154,0.127,0.114,0.201,0.159,0.151,0.112,0.158,0.893,0.712,0.158,0.612,0.506,0.136,0.214,0.298,0.198,0.321,0.763,0.245,0.186,0.127,0.11,0.229,0.211,0.175,0.144,0.122,0.673,0.888,0.16,0.707,0.547,0.12,0.21,0.278,0.196,0.302,0.604,0.36,0.708,0.353,0.313,0.112,0.588,0.593,0.23,0.341,0.195,0.199,0.903,0.263,0.157,0.298,0.432,0.322,0.102,0.214,0.178,0.309,0.261,0.191,0.199,0.278,0.334,0.278,0.14,0.166,0.591,0.733,0.256,0.914,0.442,0.141,0.305,0.313,0.23,0.312,0.552,0.227,0.141,0.112,0.122,0.262,0.114,0.151,0.112,0.18,0.501,0.558,0.149,0.42,0.948,0.147,0.19,0.245,0.367,0.644,0.395,0.297,0.32,0.224,0.273,0.141,0.358,0.397,0.179,0.234,0.151,0.161,0.352,0.158,0.124,0.976,0.359,0.316,0.075,0.121,0.164,0.551,0.366,0.426,0.356,0.199,0.427,0.419,0.352,0.29,0.162,0.193,0.41,0.22,0.152,0.314,0.893,0.535,0.075,0.174,0.226,0.393,0.356,0.343,0.256,0.225,0.322,0.348,0.217,0.191,0.357,0.337,0.315,0.372,0.233,0.291,0.595,0.863,0.153,0.188,0.414,0.131,0.152,0.257,0.114,0.327,0.229,0.136,0.191,0.174,0.29,0.449,0.186,0.455,0.71,0.093,0.275,0.277,0.976,0.68,0.246,0.284,0.285,0.234,0.146,0.205,0.263,0.274,0.217,0.425,0.407,0.382,0.263,0.319,0.672,0.178,0.292,0.244,0.407,0.923,0.322,0.389,0.197,0.156,0.15,0.254,0.217,0.224,0.137,0.188,0.738,0.599,0.196,0.529,0.449,0.201,0.294,0.387,0.176,0.301,0.848
0-211.txt_173,0.948,0.148,0.232,0.094,0.402,0.25,0.184,0.477,0.09,0.344,0.153,0.163,0.153,0.066,0.272,0.722,0.423,0.029,0.101,0.402,0.292,0.976,0.461,0.078,0.172,0.577,0.31,0.085,0.298,0.034,0.11,0.853,0.158,0.029,0.074,0.234,0.232,0.027,0.069,0.145,0.135,0.259,0.894,0.684,0.092,0.55,0.556,0.269,0.49,0.153,0.236,0.606,0.225,0.16,0.086,0.258,0.425,0.015,0.055,0.199,0.21,0.185,0.658,0.973,0.017,0.335,0.823,0.259,0.264,0.114,0.078,0.284,0.182,0.18,0.103,0.31,0.26,0.012,0.043,0.116,0.5,0.047,0.047,0.047,1,0.047,0.018,0.119,0.047,0.269,0.269,0.047,0.269,0.119,0.047,0.269,0.269,0.119,0.119,0.269,0.257,0.438,0.529,0.49,0.065,0.836,0.682,0.072,0.503,0.152,0.109,0.675,0.257,0.069,0.129,0.541,0.521,0.141,0.184,0.324,0.221,0.316,0.355,0.573,0.024,0.67,0.886,0.102,0.131,0.233,0.103,0.652,0.137,0.022,0.14,0.274,0.431,0.095,0.166,0.299,0.236,0.121,0.562,0.577,0.073,0.102,0.23,0.963,0.047,0.025,0.047,0.238,0.021,0.147,0.118,0.342,0.163,0.026,0.029,0.032,0.101,0.442,0.623,0.445,0.023,0.673,0.653,0.139,0.891,0.153,0.266,0.734,0.236,0.129,0.058,0.48,0.595,0.04,0.379,0.113,0.198,0.191,0.066,0.158,0.182,0.123,0.188,0.096,0.147,0.813,0.549,0.212,0.584,0.361,0.18,0.15,0.059,0.163,0.548,0.684,0.282,0.157,0.056,0.017,0.17,0.1,0.179,0.016,0.033,0.72,0.877,0.292,0.825,0.294,0.033,0.145,0.211,0.062,0.143,0.709,0.209,0.623,0.4,0.253,0.027,0.626,0.651,0.082,0.285,0.096,0.101,0.97,0.266,0.036,0.106,0.385,0.407,0.021,0.11,0.233,0.24,0.221,0.09,0.034,0.153,0.405,0.187,0.041,0.149,0.647,0.821,0.271,0.97,0.467,0.141,0.169,0.227,0.302,0.277,0.667,0.17,0.04,0.03,0.158,0.233,0.127,0.059,0.122,0.25,0.421,0.348,0.108,0.323,0.943,0.01,0.171,0.273,0.502,0.694,0.483,0.269,0.121,0.121,0.246,0.034,0.373,0.246,0.038,0.198,0.047,0.047,0.51,0.047,0.018,0.984,0.219,0.169,0.339,0.028,0.038,0.459,0.307,0.348,0.317,0.302,0.314,0.338,0.233,0.262,0.195,0.177,0.294,0.297,0.311,0.211,0.767,0.479,0.243,0.338,0.204,0.272,0.185,0.353,0.222,0.172,0.285,0.351,0.089,0.191,0.424,0.281,0.406,0.218,0.139,0.144,0.577,0.944,0.073,0.183,0.599,0.047,0.033,0.069,0.018,0.083,0.069,0.033,0.063,0.083,0.52,0.31,0.083,0.625,0.806,0.018,0.033,0.083,0.991,0.881,0.5,0.284,0.146,0.103,0.048,0.391,0.051,0.198,0.319,0.254,0.311,0.271,0.051,0.405,0.665,0.023,0.537,0.555,0.161,0.945,0.234,0.297,0.116,0.132,0.093,0.219,0.213,0.204,0.079,0.147,0.832,0.505,0.293,0.429,0.339,0.085,0.187,0.512,0.177,0.235,0.927
0-211.txt_175,0.887,0.157,0.218,0.151,0.212,0.169,0.202,0.343,0.142,0.283,0.347,0.202,0.359,0.245,0.179,0.557,0.65,0.113,0.121,0.428,0.295,0.937,0.409,0.328,0.08,0.558,0.366,0.281,0.206,0.207,0.118,0.88,0.149,0.064,0.111,0.39,0.376,0.025,0.074,0.169,0.304,0.328,0.99,0.477,0.198,0.565,0.302,0.265,0.27,0.079,0.07,0.412,0.075,0.107,0.083,0.605,0.505,0.021,0.069,0.09,0.154,0.238,0.623,0.964,0.113,0.27,0.643,0.142,0.182,0.166,0.125,0.354,0.222,0.087,0.198,0.534,0.458,0.1,0.044,0.131,0.407,0.265,0.085,0.034,0.981,0.567,0.135,0.048,0.062,0.603,0.299,0.373,0.169,0.353,0.062,0.349,0.296,0.052,0.198,0.651,0.259,0.518,0.581,0.467,0.107,0.983,0.599,0.203,0.305,0.085,0.168,0.563,0.248,0.09,0.223,0.499,0.289,0.043,0.07,0.115,0.251,0.21,0.499,0.739,0.034,0.668,0.949,0.223,0.23,0.094,0.164,0.382,0.211,0.249,0.264,0.459,0.337,0.045,0.138,0.067,0.522,0.099,0.36,0.136,0.052,0.192,0.147,0.976,0.117,0.122,0.139,0.231,0.094,0.125,0.101,0.382,0.319,0.045,0.088,0.15,0.313,0.327,0.615,0.38,0.041,0.442,0.327,0.235,0.981,0.112,0.126,0.457,0.142,0.052,0.13,0.501,0.388,0.089,0.303,0.096,0.225,0.05,0.042,0.042,0.105,0.064,0.141,0.066,0.202,0.946,0.675,0.172,0.454,0.447,0.05,0.313,0.331,0.062,0.195,0.921,0.278,0.135,0.124,0.072,0.16,0.177,0.142,0.119,0.113,0.61,0.851,0.179,0.613,0.533,0.107,0.196,0.391,0.143,0.345,0.583,0.204,0.822,0.308,0.243,0.028,0.623,0.46,0.179,0.475,0.131,0.082,0.965,0.092,0.038,0.112,0.434,0.204,0.034,0.102,0.12,0.214,0.113,0.093,0.04,0.129,0.159,0.076,0.043,0.095,0.637,0.845,0.117,0.976,0.517,0.058,0.231,0.405,0.265,0.387,0.684,0.247,0.115,0.108,0.189,0.249,0.205,0.131,0.087,0.126,0.503,0.546,0.135,0.473,0.983,0.088,0.149,0.273,0.241,0.674,0.521,0.452,0.244,0.21,0.181,0.046,0.291,0.276,0.207,0.143,0.14,0.182,0.237,0.134,0.156,0.987,0.48,0.338,0.044,0.164,0.182,0.486,0.268,0.637,0.326,0.127,0.339,0.276,0.31,0.169,0.082,0.106,0.356,0.137,0.043,0.241,0.918,0.627,0.032,0.116,0.133,0.496,0.275,0.491,0.262,0.141,0.383,0.248,0.277,0.162,0.259,0.175,0.36,0.267,0.113,0.16,0.66,0.93,0.049,0.198,0.376,0.486,0.146,0.223,0.05,0.231,0.076,0.07,0.412,0.056,0.157,0.374,0.395,0.287,0.409,0.309,0.331,0.257,0.997,0.362,0.51,0.198,0.106,0.049,0.025,0.041,0.147,0.057,0.08,0.452,0.095,0.179,0.071,0.136,0.844,0.185,0.375,0.31,0.611,0.998,0.231,0.503,0.131,0.164,0.161,0.105,0.172,0.113,0.223,0.084,0.661,0.601,0.151,0.372,0.356,0.083,0.337,0.382,0.054,0.194,0.847
0-211.txt_177,0.505,0.486,0.419,0.473,0.702,0.553,0.461,0.462,0.644,0.225,0.221,0.343,0.313,0.281,0.485,0.549,0.407,0.398,0.343,0.282,0.238,0.829,0.501,0.423,0.592,0.634,0.45,0.43,0.707,0.217,0.255,0.534,0.397,0.36,0.458,0.477,0.405,0.336,0.425,0.232,0.222,0.451,0.828,0.57,0.679,0.487,0.465,0.535,0.724,0.197,0.141,0.36,0.267,0.299,0.501,0.46,0.381,0.31,0.361,0.192,0.254,0.45,0.707,0.809,0.726,0.529,0.576,0.313,0.692,0.239,0.158,0.374,0.363,0.323,0.506,0.459,0.389,0.313,0.405,0.21,0.184,0.202,0.219,0.213,0.991,0.232,0.161,0.208,0.35,0.175,0.13,0.136,0.242,0.238,0.236,0.218,0.258,0.301,0.235,0.197,0.282,0.485,0.475,0.448,0.539,0.774,0.571,0.452,0.779,0.292,0.265,0.436,0.3,0.283,0.456,0.525,0.44,0.224,0.345,0.366,0.279,0.435,0.51,0.604,0.717,0.713,0.762,0.306,0.722,0.25,0.175,0.401,0.268,0.338,0.515,0.456,0.438,0.398,0.374,0.23,0.32,0.32,0.475,0.409,0.458,0.416,0.295,0.938,0.571,0.096,0.16,0.213,0.24,0.18,0.311,0.502,0.289,0.292,0.202,0.126,0.296,0.373,0.5,0.426,0.209,0.373,0.45,0.296,0.99,0.195,0.219,0.373,0.296,0.574,0.423,0.423,0.296,0.044,0.781,0.423,0.288,0.396,0.38,0.38,0.788,0.482,0.386,0.262,0.625,0.653,0.401,0.342,0.5,0.48,0.385,0.401,0.507,0.347,0.457,0.582,0.323,0.466,0.395,0.429,0.75,0.462,0.348,0.359,0.577,0.341,0.549,0.336,0.437,0.358,0.514,0.417,0.393,0.307,0.284,0.396,0.437,0.786,0.677,0.475,0.366,0.575,0.435,0.299,0.45,0.165,0.172,0.793,0.152,0.145,0.286,0.335,0.339,0.454,0.228,0.108,0.224,0.468,0.486,0.396,0.538,0.531,0.386,0.364,0.645,0.355,0.312,0.409,0.685,0.432,0.413,0.424,0.401,0.463,0.496,0.378,0.209,0.349,0.296,0.306,0.614,0.323,0.282,0.349,0.721,0.323,0.332,0.211,0.368,0.89,0.342,0.303,0.302,0.763,0.8,0.342,0.278,0.427,0.538,0.529,0.52,0.498,0.465,0.302,0.57,0.138,0.167,0.308,0.262,0.19,0.974,0.42,0.36,0.353,0.291,0.196,0.35,0.496,0.492,0.538,0.642,0.47,0.499,0.458,0.607,0.206,0.179,0.362,0.31,0.232,0.6,0.748,0.572,0.38,0.302,0.231,0.246,0.511,0.403,0.442,0.583,0.553,0.46,0.266,0.644,0.32,0.228,0.422,0.422,0.363,0.362,0.559,0.775,0.345,0.401,0.416,0.157,0.338,0.173,0.181,0.414,0.275,0.302,0.184,0.27,0.169,0.208,0.157,0.246,0.76,0.145,0.293,0.292,0.996,0.719,0.197,0.21,0.321,0.24,0.213,0.471,0.279,0.142,0.319,0.729,0.221,0.232,0.179,0.214,0.878,0.343,0.232,0.278,0.779,0.936,0.361,0.286,0.482,0.406,0.407,0.573,0.487,0.387,0.295,0.589,0.512,0.374,0.366,0.362,0.294,0.52,0.402,0.489,0.393,0.351,0.637
0-211.txt_179,0.723,0.3,0.392,0.318,0.34,0.371,0.346,0.324,0.358,0.27,0.247,0.34,0.265,0.262,0.285,0.637,0.434,0.106,0.28,0.357,0.316,0.809,0.46,0.346,0.201,0.6,0.471,0.261,0.515,0.194,0.265,0.675,0.286,0.296,0.279,0.449,0.377,0.252,0.386,0.207,0.3,0.462,0.896,0.532,0.107,0.439,0.353,0.341,0.553,0.139,0.144,0.462,0.172,0.169,0.209,0.656,0.437,0.152,0.288,0.152,0.232,0.428,0.73,0.825,0.152,0.46,0.532,0.361,0.51,0.189,0.117,0.427,0.164,0.221,0.311,0.538,0.477,0.117,0.321,0.16,0.15,0.066,0.041,0.07,0.999,0.073,0.048,0.109,0.053,0.113,0.12,0.115,0.068,0.152,0.02,0.126,0.122,0.034,0.08,0.174,0.308,0.542,0.556,0.377,0.148,0.811,0.578,0.308,0.572,0.181,0.222,0.593,0.344,0.256,0.286,0.52,0.371,0.175,0.32,0.212,0.297,0.469,0.516,0.595,0.143,0.623,0.758,0.316,0.456,0.15,0.123,0.535,0.225,0.15,0.258,0.531,0.421,0.143,0.234,0.16,0.355,0.377,0.552,0.419,0.233,0.375,0.37,0.783,0.366,0.153,0.128,0.406,0.161,0.213,0.257,0.472,0.327,0.173,0.296,0.171,0.257,0.547,0.639,0.406,0.134,0.491,0.488,0.241,0.804,0.155,0.193,0.472,0.27,0.418,0.244,0.528,0.403,0.174,0.56,0.202,0.237,0.149,0.156,0.15,0.248,0.186,0.193,0.09,0.172,0.823,0.639,0.172,0.632,0.421,0.22,0.278,0.364,0.103,0.26,0.732,0.295,0.28,0.259,0.141,0.164,0.287,0.217,0.138,0.287,0.563,0.719,0.272,0.58,0.421,0.209,0.285,0.35,0.229,0.362,0.516,0.31,0.583,0.487,0.464,0.15,0.659,0.618,0.303,0.388,0.111,0.187,0.826,0.303,0.227,0.31,0.501,0.331,0.215,0.328,0.189,0.326,0.282,0.356,0.289,0.112,0.489,0.337,0.243,0.409,0.444,0.541,0.396,0.757,0.351,0.171,0.353,0.354,0.154,0.308,0.34,0.328,0.154,0.21,0.158,0.108,0.173,0.187,0.156,0.403,0.267,0.363,0.156,0.337,0.925,0.088,0.235,0.214,0.435,0.811,0.319,0.387,0.447,0.424,0.413,0.298,0.407,0.431,0.29,0.368,0.241,0.189,0.463,0.248,0.2,0.871,0.464,0.431,0.175,0.2,0.224,0.376,0.394,0.63,0.457,0.253,0.463,0.417,0.319,0.405,0.224,0.158,0.423,0.236,0.253,0.347,0.766,0.612,0.18,0.28,0.276,0.364,0.431,0.512,0.423,0.232,0.496,0.485,0.219,0.36,0.261,0.282,0.512,0.311,0.233,0.245,0.578,0.68,0.197,0.293,0.323,0.14,0.112,0.098,0.108,0.135,0.135,0.119,0.079,0.125,0.154,0.167,0.117,0.176,0.597,0.066,0.159,0.163,0.981,0.712,0.122,0.26,0.237,0.205,0.099,0.234,0.2,0.198,0.114,0.585,0.162,0.212,0.233,0.167,0.842,0.206,0.266,0.212,0.432,0.91,0.205,0.39,0.201,0.252,0.176,0.243,0.282,0.27,0.162,0.233,0.564,0.527,0.265,0.516,0.351,0.223,0.356,0.426,0.18,0.329,0.783
0-211.txt_181,0.969,0.195,0.173,0.207,0.232,0.285,0.308,0.384,0.142,0.21,0.18,0.333,0.262,0.171,0.335,0.616,0.408,0.089,0.181,0.438,0.169,0.987,0.219,0.095,0.062,0.5,0.296,0.071,0.269,0.095,0.145,0.704,0.219,0.363,0.071,0.296,0.457,0.121,0.323,0.145,0.179,0.355,0.993,0.691,0.074,0.548,0.533,0.371,0.477,0.13,0.085,0.456,0.159,0.062,0.127,0.5,0.338,0.049,0.113,0.138,0.246,0.246,0.709,0.994,0.062,0.406,0.705,0.202,0.278,0.046,0.059,0.332,0.073,0.139,0.178,0.574,0.329,0.043,0.117,0.049,0.346,0.04,0.084,0.04,1,0.059,0.035,0.071,0.059,0.144,0.144,0.059,0.144,0.059,0.059,0.383,0.307,0.059,0.071,0.244,0.269,0.5,0.544,0.437,0.05,0.988,0.738,0.276,0.423,0.156,0.084,0.657,0.282,0.035,0.144,0.461,0.269,0.047,0.107,0.198,0.217,0.361,0.45,0.694,0.044,0.662,0.982,0.221,0.277,0.108,0.077,0.55,0.12,0.129,0.164,0.499,0.262,0.058,0.152,0.152,0.384,0.184,0.391,0.419,0.078,0.345,0.338,0.987,0.163,0.086,0.052,0.264,0.096,0.037,0.108,0.365,0.169,0.065,0.057,0.127,0.119,0.219,0.346,0.169,0.071,0.346,0.296,0.071,0.999,0.339,0.222,0.169,0.246,0.373,0.047,0.169,0.169,0.275,0.793,0.289,0.213,0.159,0.075,0.075,0.175,0.249,0.148,0.057,0.106,0.97,0.673,0.245,0.616,0.409,0.089,0.148,0.279,0.103,0.214,0.831,0.187,0.158,0.041,0.023,0.167,0.121,0.074,0.023,0.067,0.689,0.974,0.121,0.805,0.548,0.128,0.087,0.201,0.175,0.326,0.605,0.285,0.8,0.483,0.318,0.053,0.717,0.701,0.192,0.275,0.066,0.089,0.985,0.194,0.046,0.275,0.5,0.336,0.063,0.125,0.1,0.269,0.157,0.103,0.138,0.101,0.347,0.317,0.04,0.139,0.678,0.786,0.214,0.996,0.442,0.065,0.157,0.269,0.119,0.232,0.537,0.143,0.058,0.071,0.032,0.078,0.045,0.037,0.032,0.195,0.563,0.533,0.045,0.434,0.996,0.032,0.187,0.143,0.533,0.864,0.38,0.452,0.12,0.179,0.225,0.07,0.255,0.412,0.136,0.12,0.062,0.062,0.315,0.076,0.03,0.998,0.452,0.315,0.024,0.047,0.106,0.585,0.308,0.533,0.413,0.175,0.471,0.534,0.387,0.242,0.065,0.065,0.474,0.138,0.047,0.232,0.958,0.647,0.044,0.11,0.139,0.475,0.23,0.469,0.288,0.245,0.253,0.265,0.143,0.12,0.29,0.171,0.253,0.27,0.07,0.276,0.706,0.987,0.053,0.112,0.467,0.047,0.047,0.018,0.007,0.047,0.119,0.047,0.047,0.047,0.047,0.119,0.047,0.119,0.731,0.018,0.047,0.047,1,0.881,0.047,0.157,0.083,0.071,0.018,0.218,0.095,0.071,0.023,0.627,0.252,0.422,0.077,0.302,0.906,0.038,0.119,0.132,0.762,0.998,0.295,0.589,0.09,0.231,0.126,0.239,0.12,0.12,0.139,0.086,0.791,0.591,0.12,0.5,0.225,0.076,0.301,0.454,0.042,0.149,0.961
0-211.txt_183,0.982,0.269,0.119,0.119,0.5,0.269,0.269,0.5,0.119,0.269,0.269,0.269,0.269,0.119,0.269,0.731,0.5,0.047,0.119,0.5,0.269,0.998,0.5,0.119,0.047,0.731,0.5,0.119,0.5,0.047,0.119,0.881,0.269,0.047,0.119,0.269,0.269,0.047,0.119,0.047,0.119,0.5,0.998,0.731,0.047,0.5,0.5,0.5,0.731,0.047,0.047,0.5,0.119,0.047,0.119,0.731,0.5,0.018,0.119,0.047,0.119,0.119,0.731,0.998,0.018,0.5,0.881,0.269,0.269,0.047,0.018,0.269,0.047,0.018,0.119,0.5,0.269,0.018,0.047,0.047,0.5,0.047,0.047,0.018,1,0.047,0.018,0.047,0.047,0.269,0.269,0.047,0.269,0.119,0.047,0.269,0.269,0.119,0.119,0.269,0.389,0.268,0.344,0.235,0.194,0.324,0.301,0.242,0.278,0.335,0.318,0.31,0.338,0.266,0.2,0.412,0.381,0.161,0.279,0.368,0.269,0.5,0.5,0.881,0.018,0.881,0.993,0.119,0.5,0.047,0.047,0.731,0.119,0.047,0.269,0.5,0.269,0.047,0.119,0.119,0.5,0.119,0.5,0.269,0.047,0.119,0.119,0.998,0.119,0.018,0.018,0.119,0.047,0.047,0.119,0.5,0.119,0.047,0.047,0.047,0.119,0.5,0.731,0.269,0.047,0.5,0.5,0.119,1,0.047,0.047,0.269,0.119,0.269,0.119,0.269,0.119,0.119,0.881,0.047,0.269,0.047,0.047,0.047,0.269,0.047,0.047,0.018,0.047,0.982,0.881,0.047,0.731,0.5,0.047,0.119,0.269,0.047,0.269,0.953,0.269,0.119,0.047,0.018,0.269,0.119,0.047,0.018,0.047,0.881,0.982,0.119,0.881,0.5,0.047,0.119,0.269,0.119,0.269,0.731,0.269,0.881,0.5,0.269,0.047,0.731,0.731,0.119,0.269,0.047,0.119,0.993,0.269,0.047,0.269,0.5,0.269,0.047,0.119,0.119,0.269,0.269,0.119,0.047,0.269,0.5,0.119,0.047,0.119,0.731,0.881,0.269,0.993,0.5,0.047,0.119,0.269,0.269,0.269,0.731,0.119,0.047,0.047,0.018,0.119,0.047,0.047,0.047,0.269,0.5,0.5,0.047,0.5,0.998,0.018,0.119,0.119,0.731,0.953,0.269,0.269,0.119,0.119,0.119,0.047,0.269,0.269,0.119,0.119,0.047,0.047,0.269,0.047,0.018,0.999,0.269,0.269,0.018,0.047,0.119,0.731,0.269,0.731,0.5,0.269,0.5,0.5,0.5,0.269,0.119,0.119,0.5,0.119,0.119,0.269,0.982,0.731,0.047,0.119,0.119,0.5,0.269,0.5,0.269,0.269,0.269,0.269,0.119,0.119,0.269,0.269,0.269,0.269,0.119,0.269,0.731,0.993,0.119,0.119,0.5,0.047,0.047,0.018,0.018,0.119,0.119,0.047,0.047,0.119,0.047,0.119,0.047,0.269,0.731,0.018,0.047,0.119,1,0.881,0.047,0.119,0.119,0.119,0.047,0.119,0.269,0.119,0.047,0.881,0.269,0.269,0.119,0.269,0.953,0.047,0.119,0.119,0.881,0.999,0.269,0.5,0.047,0.047,0.047,0.269,0.119,0.119,0.047,0.047,0.953,0.731,0.119,0.731,0.269,0.119,0.119,0.5,0.047,0.269,0.982
0-211.txt_185,0.889,0.1,0.259,0.31,0.133,0.181,0.265,0.371,0.193,0.175,0.335,0.182,0.189,0.167,0.196,0.465,0.395,0.07,0.31,0.299,0.167,0.923,0.393,0.338,0.056,0.534,0.361,0.064,0.268,0.302,0.311,0.539,0.187,0.148,0.077,0.43,0.364,0.079,0.195,0.216,0.162,0.314,0.962,0.666,0.119,0.418,0.447,0.355,0.337,0.069,0.155,0.468,0.108,0.187,0.151,0.527,0.374,0.042,0.206,0.136,0.253,0.177,0.528,0.988,0.049,0.489,0.608,0.129,0.157,0.095,0.059,0.451,0.073,0.132,0.12,0.509,0.283,0.021,0.073,0.155,0.292,0.035,0.303,0.071,0.997,0.164,0.129,0.274,0.073,0.218,0.1,0.077,0.11,0.256,0.17,0.358,0.228,0.045,0.187,0.241,0.296,0.423,0.664,0.396,0.043,0.957,0.897,0.095,0.282,0.075,0.193,0.605,0.234,0.045,0.38,0.588,0.383,0.045,0.108,0.071,0.275,0.257,0.504,0.482,0.038,0.472,0.885,0.558,0.186,0.151,0.114,0.535,0.076,0.03,0.194,0.395,0.462,0.023,0.048,0.116,0.449,0.218,0.237,0.28,0.057,0.325,0.365,0.95,0.201,0.153,0.197,0.484,0.295,0.046,0.071,0.406,0.331,0.036,0.057,0.241,0.169,0.119,0.711,0.423,0.028,0.269,0.677,0.553,0.986,0.325,0.095,0.373,0.397,0.387,0.047,0.473,0.577,0.062,0.5,0.121,0.268,0.111,0.154,0.126,0.099,0.166,0.224,0.132,0.166,0.916,0.584,0.185,0.426,0.423,0.209,0.185,0.387,0.07,0.202,0.594,0.424,0.115,0.199,0.072,0.118,0.17,0.171,0.066,0.126,0.564,0.847,0.247,0.456,0.572,0.067,0.2,0.365,0.194,0.39,0.504,0.3,0.481,0.448,0.321,0.09,0.525,0.552,0.189,0.241,0.182,0.167,0.923,0.167,0.131,0.231,0.524,0.313,0.039,0.118,0.154,0.331,0.301,0.105,0.085,0.159,0.43,0.211,0.07,0.135,0.44,0.606,0.488,0.979,0.393,0.085,0.179,0.209,0.135,0.209,0.52,0.16,0.117,0.128,0.098,0.06,0.072,0.062,0.056,0.287,0.349,0.455,0.174,0.336,0.978,0.18,0.122,0.288,0.444,0.797,0.328,0.5,0.522,0.158,0.083,0.033,0.274,0.158,0.047,0.522,0.143,0.083,0.31,0.083,0.047,0.975,0.194,0.119,0.018,0.158,0.485,0.418,0.217,0.513,0.37,0.08,0.315,0.386,0.189,0.203,0.118,0.195,0.586,0.12,0.233,0.673,0.853,0.449,0.142,0.098,0.255,0.429,0.32,0.317,0.305,0.149,0.317,0.44,0.185,0.167,0.318,0.281,0.425,0.363,0.089,0.154,0.546,0.926,0.058,0.115,0.559,0.018,0.018,0.007,0.002,0.018,0.047,0.018,0.018,0.018,0.018,0.047,0.018,0.047,0.5,0.007,0.018,0.018,1,0.731,0.018,0.205,0.111,0.092,0.226,0.28,0.214,0.175,0.131,0.498,0.169,0.092,0.253,0.11,0.585,0.162,0.289,0.4,0.405,0.994,0.187,0.373,0.043,0.064,0.049,0.109,0.088,0.141,0.049,0.039,0.705,0.619,0.068,0.38,0.152,0.179,0.261,0.555,0.175,0.239,0.883
0-211.txt_187,0.796,0.405,0.435,0.194,0.171,0.256,0.319,0.282,0.174,0.282,0.307,0.445,0.339,0.237,0.309,0.447,0.319,0.121,0.225,0.442,0.132,0.886,0.555,0.24,0.093,0.441,0.365,0.098,0.396,0.172,0.28,0.706,0.268,0.228,0.399,0.476,0.131,0.077,0.182,0.155,0.218,0.407,0.912,0.436,0.235,0.336,0.436,0.37,0.512,0.119,0.067,0.479,0.071,0.254,0.24,0.709,0.429,0.034,0.327,0.121,0.17,0.192,0.685,0.931,0.106,0.5,0.752,0.271,0.323,0.053,0.069,0.346,0.048,0.118,0.29,0.548,0.365,0.058,0.076,0.119,0.158,0.122,0.076,0.076,0.999,0.064,0.023,0.049,0.106,0.167,0.232,0.116,0.218,0.156,0.097,0.201,0.172,0.145,0.112,0.22,0.204,0.533,0.33,0.541,0.384,0.967,0.711,0.148,0.524,0.122,0.146,0.526,0.196,0.124,0.08,0.457,0.356,0.13,0.164,0.124,0.289,0.431,0.438,0.657,0.049,0.801,0.952,0.18,0.434,0.109,0.153,0.68,0.166,0.083,0.23,0.445,0.247,0.062,0.126,0.125,0.478,0.311,0.382,0.441,0.313,0.326,0.309,0.837,0.269,0.115,0.103,0.349,0.104,0.05,0.249,0.558,0.275,0.036,0.163,0.255,0.168,0.246,0.437,0.24,0.015,0.335,0.326,0.108,0.972,0.025,0.14,0.249,0.167,0.191,0.179,0.235,0.079,0.019,0.461,0.052,0.234,0.258,0.057,0.089,0.212,0.087,0.224,0.099,0.097,0.909,0.583,0.151,0.532,0.399,0.183,0.206,0.292,0.097,0.135,0.829,0.142,0.163,0.111,0.137,0.138,0.234,0.229,0.073,0.134,0.459,0.941,0.25,0.641,0.445,0.125,0.297,0.31,0.224,0.354,0.542,0.271,0.664,0.495,0.43,0.081,0.637,0.721,0.278,0.26,0.146,0.069,0.937,0.189,0.031,0.224,0.474,0.313,0.023,0.065,0.137,0.208,0.356,0.093,0.076,0.186,0.313,0.24,0.097,0.123,0.619,0.716,0.18,0.896,0.243,0.225,0.134,0.363,0.07,0.21,0.698,0.234,0.109,0.199,0.14,0.368,0.167,0.159,0.133,0.304,0.445,0.562,0.186,0.52,0.902,0.131,0.358,0.223,0.232,0.671,0.315,0.331,0.293,0.237,0.198,0.066,0.239,0.342,0.114,0.343,0.103,0.171,0.501,0.096,0.04,0.993,0.385,0.157,0.079,0.047,0.179,0.563,0.351,0.477,0.389,0.217,0.479,0.486,0.219,0.22,0.245,0.19,0.407,0.134,0.16,0.367,0.82,0.492,0.02,0.104,0.279,0.284,0.405,0.379,0.355,0.166,0.398,0.239,0.145,0.349,0.283,0.335,0.455,0.291,0.061,0.547,0.595,0.816,0.018,0.197,0.266,0.119,0.616,0.731,0.158,0.864,0.119,0.194,0.158,0.389,0.389,0.194,0.425,0.31,0.389,0.931,0.425,0.616,0.988,0.5,0.083,0.199,0.49,0.226,0.185,0.328,0.262,0.429,0.065,0.55,0.198,0.36,0.437,0.349,0.374,0.29,0.41,0.229,0.293,0.904,0.266,0.445,0.166,0.104,0.24,0.12,0.204,0.261,0.087,0.124,0.671,0.524,0.198,0.486,0.365,0.185,0.33,0.41,0.083,0.221,0.851
0-211.txt_189,0.951,0.179,0.228,0.175,0.25,0.298,0.298,0.469,0.151,0.203,0.188,0.309,0.306,0.097,0.325,0.681,0.495,0.07,0.135,0.427,0.261,0.993,0.31,0.223,0.104,0.716,0.518,0.165,0.35,0.116,0.103,0.829,0.172,0.095,0.154,0.319,0.283,0.095,0.196,0.112,0.24,0.315,0.992,0.688,0.062,0.5,0.433,0.401,0.431,0.03,0.03,0.499,0.076,0.042,0.119,0.632,0.454,0.018,0.098,0.055,0.211,0.162,0.679,0.994,0.147,0.422,0.687,0.377,0.261,0.034,0.028,0.278,0.057,0.052,0.152,0.422,0.261,0.044,0.143,0.05,0.269,0.018,0.047,0.018,1,0.047,0.018,0.047,0.047,0.119,0.119,0.047,0.119,0.047,0.047,0.269,0.269,0.047,0.047,0.269,0.274,0.623,0.423,0.28,0.071,0.993,0.73,0.13,0.488,0.122,0.111,0.641,0.3,0.109,0.275,0.479,0.427,0.097,0.222,0.192,0.277,0.45,0.413,0.752,0.039,0.784,0.983,0.13,0.379,0.041,0.053,0.652,0.109,0.028,0.267,0.51,0.356,0.045,0.109,0.068,0.471,0.209,0.356,0.229,0.099,0.277,0.271,0.984,0.197,0.059,0.074,0.277,0.112,0.083,0.165,0.391,0.22,0.127,0.143,0.084,0.169,0.346,0.5,0.269,0.071,0.5,0.5,0.169,1,0.052,0.071,0.269,0.169,0.169,0.121,0.269,0.169,0.121,0.831,0.052,0.175,0.061,0.037,0.034,0.166,0.061,0.047,0.024,0.054,0.978,0.758,0.061,0.717,0.457,0.061,0.075,0.283,0.076,0.173,0.904,0.163,0.096,0.074,0.043,0.154,0.098,0.076,0.077,0.064,0.748,0.977,0.105,0.835,0.464,0.07,0.099,0.2,0.128,0.24,0.701,0.304,0.819,0.502,0.293,0.062,0.713,0.641,0.154,0.287,0.087,0.105,0.985,0.262,0.048,0.234,0.534,0.352,0.051,0.119,0.098,0.269,0.119,0.065,0.025,0.119,0.269,0.101,0.04,0.119,0.731,0.899,0.119,0.998,0.5,0.047,0.119,0.269,0.119,0.269,0.616,0.087,0.067,0.092,0.115,0.081,0.075,0.131,0.039,0.16,0.458,0.499,0.062,0.479,0.996,0.039,0.102,0.195,0.626,0.899,0.276,0.31,0.133,0.188,0.186,0.077,0.297,0.31,0.149,0.125,0.116,0.093,0.287,0.117,0.053,0.998,0.336,0.314,0.095,0.09,0.117,0.671,0.251,0.509,0.324,0.285,0.473,0.516,0.338,0.243,0.082,0.095,0.432,0.206,0.065,0.284,0.959,0.69,0.056,0.124,0.159,0.45,0.329,0.417,0.215,0.289,0.264,0.248,0.13,0.152,0.307,0.211,0.297,0.285,0.215,0.226,0.649,0.984,0.122,0.247,0.45,0.059,0.059,0.035,0.013,0.059,0.144,0.059,0.059,0.123,0.059,0.144,0.059,0.144,0.756,0.035,0.059,0.059,1,0.9,0.059,0.119,0.107,0.107,0.035,0.217,0.144,0.107,0.054,0.754,0.208,0.383,0.107,0.307,0.904,0.059,0.144,0.144,0.817,0.999,0.208,0.393,0.093,0.093,0.065,0.24,0.158,0.107,0.094,0.114,0.836,0.653,0.117,0.642,0.308,0.093,0.202,0.422,0.075,0.224,0.958
0-211.txt_191,0.823,0.216,0.303,0.34,0.095,0.35,0.28,0.391,0.223,0.222,0.254,0.32,0.248,0.171,0.155,0.505,0.315,0.076,0.207,0.4,0.17,0.924,0.425,0.348,0.027,0.574,0.357,0.079,0.287,0.1,0.176,0.596,0.105,0.221,0.107,0.233,0.247,0.04,0.198,0.164,0.24,0.368,0.909,0.609,0.051,0.431,0.516,0.448,0.293,0.124,0.179,0.347,0.14,0.17,0.085,0.543,0.331,0.053,0.168,0.085,0.287,0.284,0.553,0.951,0.033,0.341,0.505,0.451,0.203,0.142,0.134,0.506,0.124,0.232,0.118,0.355,0.306,0.034,0.163,0.173,0.425,0.251,0.385,0.346,0.074,0.337,0.314,0.404,0.207,0.255,0.272,0.349,0.236,0.273,0.142,0.418,0.371,0.131,0.306,0.329,0.317,0.316,0.5,0.511,0.1,0.904,0.514,0.33,0.275,0.144,0.166,0.509,0.206,0.135,0.203,0.691,0.348,0.127,0.356,0.249,0.356,0.451,0.521,0.47,0.068,0.566,0.899,0.279,0.28,0.064,0.062,0.603,0.103,0.061,0.121,0.499,0.505,0.061,0.08,0.073,0.49,0.18,0.378,0.288,0.071,0.337,0.245,0.881,0.189,0.169,0.137,0.274,0.128,0.126,0.134,0.429,0.352,0.068,0.175,0.235,0.047,0.399,0.51,0.377,0.014,0.272,0.272,0.062,0.968,0.024,0.048,0.299,0.085,0.339,0.038,0.145,0.071,0.262,0.593,0.028,0.413,0.144,0.177,0.178,0.099,0.214,0.24,0.249,0.134,0.844,0.436,0.344,0.352,0.383,0.054,0.245,0.391,0.139,0.384,0.781,0.315,0.061,0.108,0.1,0.069,0.131,0.19,0.225,0.097,0.482,0.795,0.153,0.532,0.536,0.132,0.262,0.321,0.154,0.334,0.56,0.255,0.553,0.501,0.363,0.041,0.501,0.375,0.335,0.204,0.071,0.08,0.933,0.134,0.173,0.096,0.423,0.373,0.104,0.294,0.136,0.272,0.302,0.299,0.106,0.076,0.214,0.331,0.04,0.121,0.329,0.52,0.179,0.965,0.358,0.058,0.234,0.252,0.095,0.31,0.424,0.298,0.092,0.3,0.109,0.053,0.207,0.138,0.245,0.141,0.297,0.301,0.192,0.222,0.94,0.103,0.212,0.211,0.536,0.719,0.28,0.546,0.076,0.135,0.578,0.056,0.292,0.149,0.249,0.076,0.359,0.1,0.225,0.273,0.249,0.986,0.301,0.362,0.039,0.223,0.207,0.55,0.204,0.517,0.375,0.09,0.287,0.402,0.371,0.224,0.109,0.112,0.379,0.157,0.114,0.175,0.868,0.556,0.089,0.214,0.163,0.466,0.195,0.471,0.416,0.074,0.264,0.315,0.386,0.24,0.188,0.218,0.289,0.23,0.189,0.182,0.475,0.828,0.122,0.33,0.246,0.464,0.536,0.5,0.194,0.069,0.633,0.5,0.375,0.269,0.259,0.158,0.384,0.194,0.731,0.083,0.194,0.194,0.982,0.881,0.259,0.332,0.165,0.162,0.121,0.078,0.187,0.13,0.374,0.297,0.251,0.365,0.141,0.252,0.573,0.101,0.189,0.26,0.365,0.954,0.489,0.41,0.205,0.318,0.296,0.139,0.221,0.204,0.239,0.112,0.656,0.522,0.228,0.371,0.233,0.12,0.274,0.332,0.112,0.306,0.854
0-211.txt_193,0.974,0.256,0.163,0.146,0.406,0.307,0.292,0.543,0.137,0.216,0.216,0.296,0.243,0.107,0.265,0.703,0.473,0.06,0.12,0.428,0.182,0.994,0.413,0.145,0.035,0.673,0.468,0.083,0.384,0.051,0.096,0.837,0.194,0.126,0.083,0.276,0.256,0.063,0.17,0.053,0.171,0.359,0.996,0.701,0.119,0.472,0.416,0.37,0.552,0.044,0.045,0.433,0.109,0.049,0.112,0.59,0.427,0.02,0.092,0.055,0.145,0.167,0.652,0.996,0.037,0.393,0.73,0.331,0.233,0.082,0.061,0.293,0.093,0.038,0.216,0.379,0.243,0.016,0.043,0.075,0.269,0.102,0.121,0.052,1,0.359,0.179,0.047,0.121,0.119,0.119,0.179,0.169,0.047,0.071,0.269,0.269,0.047,0.071,0.219,0.244,0.657,0.541,0.471,0.049,0.991,0.812,0.126,0.522,0.104,0.108,0.667,0.411,0.054,0.207,0.442,0.269,0.089,0.232,0.165,0.265,0.397,0.421,0.731,0.036,0.769,0.988,0.212,0.402,0.103,0.107,0.603,0.145,0.051,0.211,0.512,0.305,0.044,0.107,0.15,0.493,0.093,0.398,0.22,0.101,0.163,0.123,0.994,0.128,0.021,0.022,0.154,0.058,0.03,0.109,0.4,0.158,0.065,0.033,0.036,0.119,0.304,0.474,0.228,0.063,0.503,0.441,0.103,1,0.182,0.198,0.261,0.246,0.169,0.063,0.236,0.152,0.063,0.754,0.132,0.21,0.058,0.043,0.037,0.197,0.09,0.053,0.022,0.07,0.978,0.784,0.066,0.699,0.51,0.049,0.123,0.261,0.119,0.275,0.901,0.218,0.158,0.057,0.051,0.191,0.145,0.095,0.027,0.11,0.762,0.965,0.148,0.8,0.543,0.055,0.16,0.271,0.197,0.335,0.647,0.306,0.807,0.419,0.249,0.061,0.647,0.606,0.126,0.278,0.123,0.153,0.98,0.252,0.082,0.281,0.485,0.312,0.059,0.153,0.168,0.269,0.349,0.109,0.043,0.216,0.446,0.13,0.043,0.13,0.701,0.826,0.314,0.993,0.467,0.099,0.248,0.269,0.226,0.248,0.686,0.156,0.078,0.063,0.063,0.077,0.126,0.125,0.047,0.248,0.401,0.446,0.083,0.418,0.997,0.029,0.138,0.116,0.678,0.908,0.283,0.288,0.12,0.157,0.238,0.063,0.258,0.316,0.18,0.12,0.063,0.063,0.276,0.102,0.026,0.999,0.288,0.256,0.039,0.066,0.102,0.62,0.298,0.518,0.374,0.221,0.436,0.427,0.325,0.273,0.199,0.148,0.419,0.231,0.169,0.251,0.964,0.659,0.137,0.22,0.223,0.475,0.284,0.481,0.238,0.278,0.275,0.262,0.205,0.156,0.251,0.174,0.321,0.256,0.106,0.23,0.683,0.987,0.098,0.15,0.41,0.17,0.074,0.116,0.047,0.101,0.175,0.074,0.101,0.277,0.056,0.11,0.074,0.194,0.605,0.047,0.283,0.214,1,0.858,0.056,0.2,0.104,0.137,0.113,0.083,0.179,0.126,0.123,0.663,0.222,0.335,0.099,0.281,0.894,0.051,0.195,0.192,0.811,0.998,0.243,0.483,0.07,0.05,0.037,0.259,0.122,0.098,0.099,0.047,0.898,0.69,0.105,0.693,0.262,0.085,0.182,0.412,0.052,0.197,0.972
0-211.txt_195,0.86,0.331,0.354,0.394,0.088,0.329,0.371,0.387,0.206,0.23,0.201,0.356,0.172,0.141,0.273,0.617,0.457,0.143,0.198,0.308,0.272,0.924,0.205,0.362,0.038,0.348,0.249,0.124,0.428,0.214,0.321,0.576,0.313,0.225,0.33,0.339,0.242,0.056,0.361,0.207,0.274,0.294,0.96,0.653,0.041,0.415,0.384,0.349,0.411,0.091,0.101,0.298,0.163,0.177,0.184,0.439,0.399,0.087,0.262,0.091,0.188,0.201,0.662,0.954,0.034,0.359,0.6,0.262,0.255,0.115,0.096,0.291,0.092,0.106,0.197,0.391,0.243,0.032,0.158,0.099,0.5,0.047,0.047,0.047,1,0.047,0.018,0.119,0.047,0.269,0.269,0.047,0.269,0.119,0.047,0.269,0.269,0.119,0.119,0.269,0.308,0.406,0.403,0.521,0.072,0.856,0.543,0.234,0.305,0.201,0.239,0.485,0.222,0.237,0.158,0.462,0.421,0.085,0.254,0.278,0.34,0.361,0.476,0.71,0.054,0.648,0.86,0.214,0.339,0.182,0.181,0.488,0.176,0.133,0.237,0.355,0.315,0.077,0.131,0.208,0.378,0.173,0.416,0.305,0.048,0.195,0.172,0.961,0.18,0.056,0.082,0.259,0.089,0.136,0.168,0.434,0.249,0.093,0.152,0.063,0.255,0.477,0.529,0.308,0.105,0.422,0.334,0.199,0.938,0.075,0.057,0.449,0.156,0.137,0.124,0.323,0.236,0.22,0.558,0.079,0.145,0.079,0.149,0.207,0.129,0.091,0.131,0.109,0.072,0.942,0.768,0.084,0.501,0.409,0.074,0.159,0.276,0.057,0.232,0.718,0.165,0.199,0.105,0.151,0.133,0.181,0.188,0.079,0.109,0.595,0.931,0.2,0.557,0.457,0.185,0.138,0.215,0.254,0.303,0.44,0.501,0.678,0.485,0.445,0.045,0.532,0.56,0.225,0.421,0.105,0.138,0.852,0.145,0.14,0.266,0.467,0.505,0.073,0.253,0.133,0.232,0.194,0.196,0.058,0.194,0.537,0.119,0.065,0.214,0.52,0.69,0.194,0.995,0.463,0.317,0.384,0.269,0.271,0.41,0.52,0.187,0.116,0.138,0.15,0.119,0.132,0.129,0.173,0.374,0.3,0.377,0.12,0.252,0.987,0.123,0.192,0.213,0.319,0.726,0.293,0.291,0.264,0.269,0.306,0.043,0.307,0.203,0.192,0.222,0.102,0.214,0.335,0.095,0.129,0.98,0.413,0.438,0.117,0.13,0.206,0.492,0.418,0.521,0.508,0.094,0.408,0.384,0.376,0.267,0.157,0.137,0.385,0.189,0.113,0.206,0.899,0.601,0.078,0.277,0.23,0.406,0.287,0.355,0.299,0.097,0.382,0.258,0.347,0.243,0.295,0.227,0.362,0.267,0.188,0.249,0.634,0.882,0.078,0.184,0.41,0.128,0.205,0.101,0.201,0.209,0.279,0.354,0.07,0.426,0.119,0.128,0.177,0.235,0.401,0.145,0.165,0.23,0.999,0.656,0.227,0.326,0.162,0.25,0.236,0.073,0.25,0.213,0.259,0.443,0.264,0.248,0.213,0.162,0.632,0.134,0.255,0.328,0.496,0.949,0.238,0.417,0.223,0.226,0.247,0.076,0.195,0.188,0.224,0.161,0.665,0.507,0.151,0.352,0.339,0.111,0.209,0.383,0.111,0.299,0.829
0-211.txt_197,0.939,0.233,0.253,0.167,0.16,0.331,0.325,0.373,0.128,0.396,0.215,0.335,0.283,0.143,0.303,0.479,0.442,0.051,0.251,0.377,0.196,0.981,0.569,0.209,0.032,0.528,0.399,0.155,0.257,0.097,0.13,0.755,0.152,0.154,0.159,0.294,0.239,0.039,0.14,0.135,0.272,0.337,0.99,0.654,0.035,0.467,0.339,0.339,0.442,0.134,0.078,0.357,0.109,0.161,0.062,0.431,0.361,0.03,0.236,0.131,0.299,0.317,0.747,0.979,0.036,0.423,0.559,0.268,0.315,0.153,0.055,0.362,0.099,0.037,0.31,0.494,0.279,0.133,0.113,0.089,0.5,0.083,0.425,0.194,0.999,0.119,0.083,0.5,0.616,0.083,0.274,0.31,0.083,0.069,0.31,0.575,0.536,0.069,0.083,0.083,0.395,0.462,0.412,0.351,0.124,0.946,0.627,0.208,0.362,0.126,0.214,0.5,0.34,0.27,0.142,0.33,0.292,0.166,0.355,0.324,0.353,0.342,0.498,0.607,0.022,0.621,0.957,0.219,0.158,0.188,0.117,0.69,0.072,0.039,0.187,0.385,0.304,0.071,0.077,0.236,0.462,0.13,0.354,0.268,0.064,0.176,0.256,0.969,0.116,0.141,0.084,0.225,0.108,0.16,0.155,0.434,0.238,0.063,0.201,0.144,0.257,0.486,0.629,0.596,0.042,0.408,0.239,0.415,0.944,0.293,0.201,0.195,0.273,0.345,0.062,0.255,0.408,0.054,0.348,0.139,0.291,0.178,0.087,0.095,0.091,0.206,0.15,0.03,0.056,0.966,0.638,0.085,0.48,0.517,0.077,0.179,0.395,0.163,0.324,0.777,0.337,0.16,0.102,0.074,0.109,0.148,0.082,0.141,0.113,0.595,0.959,0.132,0.631,0.439,0.074,0.154,0.24,0.119,0.281,0.534,0.18,0.702,0.524,0.293,0.027,0.643,0.521,0.199,0.206,0.131,0.179,0.973,0.11,0.094,0.217,0.438,0.378,0.027,0.098,0.212,0.414,0.11,0.07,0.169,0.316,0.163,0.074,0.306,0.11,0.446,0.728,0.164,0.993,0.479,0.169,0.312,0.173,0.131,0.256,0.348,0.42,0.145,0.177,0.125,0.054,0.111,0.049,0.218,0.071,0.473,0.541,0.177,0.245,0.991,0.065,0.168,0.201,0.262,0.673,0.433,0.444,0.237,0.216,0.329,0.093,0.401,0.452,0.219,0.166,0.088,0.143,0.332,0.093,0.066,0.995,0.403,0.329,0.081,0.184,0.165,0.53,0.361,0.665,0.411,0.1,0.373,0.398,0.528,0.156,0.16,0.102,0.437,0.141,0.161,0.193,0.903,0.546,0.025,0.135,0.204,0.578,0.185,0.456,0.282,0.127,0.275,0.309,0.293,0.139,0.204,0.272,0.293,0.271,0.172,0.17,0.588,0.928,0.084,0.26,0.408,0.348,0.197,0.055,0.246,0.074,0.316,0.276,0.197,0.099,0.085,0.272,0.253,0.173,0.729,0.041,0.11,0.218,1,0.619,0.177,0.202,0.157,0.163,0.155,0.04,0.142,0.135,0.148,0.546,0.248,0.271,0.148,0.192,0.822,0.059,0.088,0.086,0.556,0.977,0.237,0.424,0.189,0.175,0.053,0.084,0.181,0.122,0.123,0.138,0.705,0.591,0.187,0.452,0.299,0.216,0.264,0.366,0.038,0.213,0.944
0-211.txt_199,0.84,0.344,0.297,0.202,0.235,0.335,0.312,0.343,0.181,0.295,0.272,0.411,0.323,0.276,0.242,0.507,0.39,0.147,0.258,0.326,0.31,0.836,0.404,0.281,0.073,0.569,0.456,0.176,0.329,0.293,0.278,0.709,0.203,0.266,0.248,0.251,0.268,0.062,0.241,0.32,0.426,0.471,0.855,0.264,0.106,0.316,0.309,0.3,0.341,0.23,0.188,0.542,0.13,0.149,0.169,0.458,0.396,0.128,0.433,0.24,0.269,0.378,0.609,0.845,0.097,0.486,0.697,0.347,0.303,0.206,0.167,0.494,0.091,0.137,0.312,0.45,0.254,0.103,0.081,0.159,0.57,0.108,0.074,0.018,0.914,0.058,0.033,0.173,0.186,0.692,0.548,0.223,0.358,0.273,0.129,0.329,0.418,0.035,0.283,0.765,0.324,0.653,0.475,0.541,0.16,0.811,0.649,0.256,0.526,0.14,0.103,0.652,0.158,0.127,0.219,0.38,0.255,0.091,0.224,0.179,0.368,0.491,0.44,0.577,0.073,0.724,0.815,0.172,0.373,0.214,0.223,0.643,0.168,0.175,0.203,0.342,0.233,0.045,0.158,0.207,0.384,0.175,0.421,0.209,0.077,0.183,0.202,0.787,0.296,0.19,0.197,0.183,0.162,0.137,0.161,0.341,0.23,0.15,0.146,0.169,0.234,0.289,0.577,0.23,0.04,0.375,0.327,0.256,0.942,0.096,0.133,0.256,0.094,0.41,0.151,0.33,0.348,0.109,0.712,0.086,0.324,0.102,0.152,0.135,0.24,0.199,0.156,0.068,0.114,0.89,0.692,0.164,0.514,0.311,0.141,0.206,0.285,0.122,0.25,0.804,0.313,0.158,0.131,0.13,0.238,0.15,0.167,0.12,0.141,0.694,0.831,0.222,0.576,0.483,0.17,0.195,0.308,0.137,0.312,0.582,0.317,0.64,0.488,0.429,0.108,0.524,0.54,0.198,0.32,0.237,0.253,0.859,0.208,0.188,0.266,0.424,0.282,0.111,0.268,0.16,0.287,0.275,0.081,0.108,0.146,0.246,0.117,0.161,0.081,0.658,0.623,0.212,0.804,0.564,0.121,0.305,0.31,0.156,0.306,0.491,0.179,0.259,0.279,0.22,0.166,0.217,0.244,0.16,0.13,0.512,0.539,0.193,0.317,0.768,0.044,0.228,0.32,0.168,0.521,0.499,0.395,0.286,0.377,0.29,0.102,0.376,0.384,0.232,0.207,0.178,0.192,0.404,0.133,0.127,0.918,0.44,0.347,0.077,0.091,0.154,0.531,0.349,0.524,0.426,0.145,0.396,0.416,0.358,0.259,0.212,0.167,0.446,0.189,0.19,0.214,0.775,0.441,0.064,0.166,0.167,0.395,0.252,0.47,0.312,0.23,0.313,0.274,0.222,0.258,0.362,0.323,0.263,0.249,0.156,0.264,0.572,0.807,0.092,0.204,0.351,0.469,0.407,0.339,0.142,0.146,0.25,0.308,0.181,0.311,0.624,0.491,0.387,0.374,0.62,0.151,0.249,0.333,0.919,0.659,0.477,0.336,0.233,0.174,0.156,0.121,0.335,0.304,0.15,0.553,0.353,0.331,0.251,0.239,0.82,0.228,0.235,0.18,0.485,0.964,0.266,0.44,0.168,0.159,0.088,0.178,0.162,0.166,0.127,0.168,0.768,0.617,0.216,0.438,0.332,0.137,0.261,0.351,0.143,0.267,0.855
0-211.txt_201,0.953,0.149,0.165,0.146,0.281,0.329,0.264,0.3,0.112,0.225,0.255,0.258,0.279,0.124,0.169,0.683,0.465,0.048,0.12,0.369,0.248,0.982,0.31,0.201,0.037,0.624,0.452,0.07,0.293,0.062,0.131,0.847,0.276,0.111,0.147,0.346,0.33,0.046,0.137,0.139,0.368,0.347,0.95,0.688,0.088,0.368,0.368,0.335,0.302,0.164,0.055,0.477,0.11,0.039,0.13,0.821,0.52,0.022,0.068,0.095,0.223,0.255,0.673,0.99,0.031,0.422,0.732,0.255,0.282,0.03,0.03,0.349,0.055,0.036,0.135,0.39,0.23,0.07,0.071,0.042,0.209,0.07,0.424,0.231,0.998,0.12,0.253,0.056,0.301,0.378,0.301,0.07,0.225,0.182,0.047,0.331,0.331,0.086,0.279,0.606,0.292,0.466,0.335,0.509,0.041,0.988,0.801,0.078,0.368,0.225,0.111,0.653,0.259,0.047,0.141,0.368,0.269,0.053,0.109,0.241,0.315,0.343,0.355,0.711,0.088,0.666,0.977,0.118,0.286,0.124,0.13,0.538,0.118,0.086,0.239,0.374,0.266,0.047,0.122,0.218,0.467,0.13,0.301,0.184,0.157,0.223,0.177,0.991,0.138,0.083,0.076,0.235,0.071,0.079,0.063,0.381,0.183,0.053,0.11,0.082,0.31,0.508,0.384,0.119,0.033,0.442,0.384,0.065,0.998,0.051,0.211,0.555,0.157,0.139,0.065,0.252,0.157,0.047,0.558,0.076,0.27,0.115,0.097,0.072,0.296,0.115,0.149,0.196,0.058,0.958,0.613,0.15,0.528,0.261,0.074,0.201,0.374,0.113,0.151,0.788,0.17,0.105,0.05,0.082,0.107,0.191,0.095,0.028,0.058,0.654,0.965,0.207,0.804,0.48,0.093,0.138,0.195,0.156,0.174,0.542,0.292,0.787,0.375,0.26,0.039,0.628,0.492,0.273,0.29,0.097,0.087,0.98,0.189,0.106,0.209,0.398,0.276,0.041,0.132,0.162,0.232,0.214,0.083,0.033,0.101,0.232,0.139,0.047,0.119,0.653,0.653,0.328,0.997,0.468,0.047,0.31,0.422,0.359,0.289,0.537,0.292,0.065,0.066,0.062,0.074,0.092,0.142,0.056,0.157,0.413,0.556,0.15,0.474,0.996,0.047,0.216,0.149,0.424,0.799,0.422,0.347,0.088,0.153,0.185,0.06,0.195,0.26,0.208,0.088,0.124,0.24,0.183,0.131,0.051,0.998,0.466,0.325,0.037,0.06,0.197,0.504,0.367,0.586,0.399,0.108,0.414,0.43,0.326,0.22,0.123,0.138,0.532,0.152,0.062,0.231,0.95,0.583,0.089,0.112,0.157,0.529,0.217,0.33,0.164,0.172,0.307,0.292,0.301,0.142,0.286,0.31,0.431,0.331,0.189,0.134,0.584,0.974,0.069,0.143,0.439,0.047,0.339,0.028,0.01,0.047,0.145,0.062,0.038,0.071,0.071,0.169,0.102,0.119,0.741,0.014,0.047,0.047,1,0.831,0.047,0.218,0.12,0.085,0.037,0.058,0.152,0.089,0.032,0.773,0.174,0.26,0.207,0.238,0.886,0.037,0.12,0.141,0.696,0.998,0.141,0.472,0.087,0.088,0.052,0.187,0.12,0.087,0.131,0.064,0.818,0.596,0.176,0.542,0.277,0.094,0.341,0.409,0.068,0.259,0.975
0-211.txt_203,0.794,0.117,0.136,0.288,0.119,0.313,0.439,0.253,0.104,0.331,0.212,0.301,0.252,0.145,0.238,0.493,0.426,0.024,0.14,0.555,0.205,0.946,0.323,0.079,0.118,0.5,0.373,0.113,0.373,0.274,0.062,0.689,0.066,0.073,0.07,0.286,0.537,0.029,0.314,0.254,0.167,0.284,0.822,0.642,0.036,0.455,0.537,0.407,0.295,0.059,0.102,0.545,0.06,0.028,0.055,0.477,0.432,0.013,0.102,0.145,0.216,0.136,0.742,0.836,0.01,0.549,0.756,0.339,0.244,0.025,0.015,0.515,0.057,0.022,0.142,0.175,0.359,0.009,0.026,0.081,0.616,0.204,0.151,0.012,0.968,0.051,0.023,0.085,0.204,0.598,0.537,0.051,0.865,0.558,0.023,0.5,0.158,0.452,0.671,0.671,0.194,0.119,0.083,0.083,0.52,0.917,0.5,0.259,0.52,0.158,0.384,0.31,0.558,0.047,0.515,0.384,0.5,0.033,0.083,0.464,0.254,0.307,0.32,0.517,0.1,0.497,0.856,0.116,0.317,0.297,0.117,0.756,0.161,0.105,0.062,0.327,0.335,0.013,0.173,0.374,0.214,0.124,0.507,0.686,0.049,0.17,0.339,0.949,0.119,0.054,0.063,0.21,0.03,0.048,0.25,0.386,0.096,0.179,0.032,0.104,0.269,0.194,0.384,0.158,0.033,0.5,0.5,0.047,0.937,0.5,0.389,0.631,0.575,0.069,0.047,0.616,0.384,0.027,0.158,0.384,0.272,0.148,0.109,0.054,0.073,0.324,0.275,0.019,0.379,0.797,0.7,0.431,0.721,0.339,0.053,0.151,0.443,0.265,0.213,0.889,0.169,0.104,0.136,0.025,0.236,0.123,0.115,0.022,0.085,0.63,0.865,0.235,0.604,0.581,0.079,0.168,0.228,0.247,0.231,0.619,0.202,0.493,0.418,0.282,0.037,0.506,0.57,0.193,0.293,0.184,0.118,0.843,0.183,0.119,0.158,0.354,0.59,0.022,0.128,0.255,0.095,0.062,0.038,0.024,0.095,0.135,0.038,0.024,0.062,0.821,0.754,0.062,0.992,0.5,0.038,0.272,0.269,0.373,0.323,0.728,0.085,0.035,0.028,0.026,0.396,0.051,0.019,0.136,0.06,0.647,0.634,0.14,0.525,0.965,0.042,0.11,0.074,0.287,0.69,0.624,0.464,0.033,0.31,0.069,0.033,0.194,0.274,0.194,0.033,0.389,0.158,0.083,0.047,0.259,0.998,0.5,0.158,0.012,0.033,0.194,0.34,0.278,0.353,0.187,0.246,0.403,0.357,0.112,0.304,0.281,0.186,0.32,0.259,0.308,0.044,0.816,0.732,0.131,0.284,0.16,0.36,0.305,0.317,0.332,0.121,0.41,0.431,0.169,0.252,0.346,0.248,0.567,0.151,0.145,0.2,0.417,0.742,0.099,0.257,0.452,0.043,0.023,0.02,0.223,0.375,0.136,0.228,0.017,0.266,0.379,0.292,0.02,0.47,0.965,0.007,0.204,0.051,0.986,0.803,0.322,0.058,0.259,0.03,0.075,0.025,0.164,0.266,0.015,0.347,0.304,0.289,0.317,0.331,0.521,0.02,0.377,0.292,0.569,0.94,0.349,0.234,0.117,0.121,0.158,0.237,0.25,0.243,0.032,0.219,0.781,0.47,0.322,0.38,0.387,0.023,0.196,0.519,0.088,0.347,0.856
0-211.txt_205,0.79,0.158,0.169,0.117,0.357,0.211,0.136,0.46,0.129,0.583,0.521,0.186,0.456,0.475,0.259,0.521,0.419,0.273,0.268,0.555,0.265,0.784,0.309,0.217,0.142,0.426,0.315,0.186,0.344,0.3,0.351,0.594,0.398,0.345,0.384,0.351,0.309,0.41,0.299,0.239,0.43,0.243,0.715,0.391,0.144,0.404,0.299,0.478,0.302,0.327,0.29,0.26,0.497,0.366,0.308,0.597,0.563,0.311,0.318,0.279,0.319,0.357,0.624,0.88,0.03,0.367,0.653,0.368,0.335,0.137,0.195,0.44,0.313,0.141,0.273,0.537,0.452,0.075,0.046,0.122,0.299,0.014,0.098,0.01,0.827,0.416,0.028,0.048,0.014,0.855,0.818,0.028,0.748,0.299,0.01,0.493,0.503,0.014,0.121,0.497,0.361,0.455,0.462,0.232,0.285,0.828,0.449,0.28,0.382,0.29,0.291,0.502,0.464,0.322,0.251,0.5,0.443,0.295,0.32,0.314,0.348,0.474,0.353,0.197,0.064,0.628,0.53,0.144,0.589,0.325,0.38,0.546,0.596,0.311,0.251,0.5,0.454,0.674,0.251,0.404,0.611,0.157,0.326,0.146,0.299,0.277,0.162,0.896,0.178,0.279,0.201,0.17,0.333,0.354,0.206,0.571,0.311,0.27,0.234,0.307,0.34,0.563,0.5,0.356,0.14,0.728,0.425,0.269,0.905,0.127,0.314,0.499,0.269,0.529,0.227,0.5,0.382,0.43,0.582,0.147,0.44,0.041,0.141,0.048,0.429,0.119,0.052,0.233,0.087,0.901,0.78,0.068,0.746,0.647,0.124,0.278,0.388,0.296,0.295,0.827,0.403,0.11,0.102,0.057,0.338,0.167,0.095,0.183,0.134,0.775,0.887,0.074,0.731,0.714,0.091,0.23,0.345,0.464,0.379,0.668,0.433,0.718,0.469,0.386,0.26,0.44,0.385,0.307,0.297,0.159,0.152,0.674,0.211,0.137,0.235,0.528,0.585,0.16,0.275,0.203,0.512,0.125,0.147,0.068,0.3,0.199,0.1,0.402,0.132,0.694,0.687,0.121,0.847,0.663,0.14,0.404,0.407,0.242,0.332,0.598,0.28,0.114,0.145,0.056,0.253,0.145,0.068,0.146,0.186,0.674,0.753,0.124,0.662,0.974,0.084,0.265,0.307,0.673,0.669,0.571,0.528,0.113,0.16,0.176,0.289,0.164,0.148,0.372,0.085,0.37,0.305,0.199,0.361,0.335,0.901,0.591,0.468,0.253,0.297,0.411,0.599,0.131,0.36,0.237,0.293,0.294,0.144,0.461,0.176,0.375,0.302,0.171,0.459,0.353,0.3,0.845,0.568,0.33,0.378,0.38,0.554,0.232,0.326,0.198,0.216,0.263,0.222,0.421,0.217,0.453,0.408,0.22,0.538,0.387,0.254,0.597,0.773,0.274,0.296,0.456,0.251,0.218,0.167,0.051,0.162,0.112,0.135,0.231,0.251,0.542,0.433,0.289,0.5,0.608,0.289,0.356,0.263,0.995,0.644,0.437,0.23,0.334,0.248,0.067,0.148,0.221,0.136,0.054,0.388,0.269,0.474,0.278,0.492,0.736,0.181,0.422,0.309,0.497,0.841,0.26,0.585,0.136,0.175,0.076,0.347,0.153,0.087,0.258,0.131,0.749,0.635,0.133,0.658,0.571,0.192,0.347,0.451,0.352,0.324,0.766
0-211.txt_207,0.783,0.33,0.271,0.273,0.234,0.308,0.382,0.298,0.204,0.274,0.291,0.375,0.264,0.195,0.174,0.585,0.412,0.101,0.222,0.342,0.271,0.929,0.417,0.301,0.092,0.603,0.516,0.182,0.406,0.148,0.211,0.732,0.24,0.175,0.182,0.451,0.379,0.076,0.206,0.147,0.331,0.449,0.898,0.594,0.14,0.391,0.507,0.307,0.255,0.137,0.136,0.491,0.14,0.121,0.274,0.636,0.503,0.103,0.116,0.16,0.294,0.34,0.501,0.941,0.063,0.449,0.726,0.254,0.28,0.114,0.166,0.421,0.129,0.095,0.276,0.558,0.32,0.034,0.134,0.149,0.669,0.08,0.104,0.106,0.94,0.161,0.065,0.176,0.166,0.416,0.306,0.104,0.213,0.377,0.258,0.347,0.339,0.214,0.3,0.468,0.333,0.523,0.396,0.387,0.048,0.872,0.639,0.171,0.367,0.233,0.204,0.58,0.256,0.161,0.268,0.523,0.346,0.083,0.178,0.236,0.338,0.415,0.422,0.617,0.09,0.622,0.911,0.223,0.4,0.12,0.12,0.539,0.159,0.156,0.275,0.498,0.375,0.103,0.211,0.152,0.409,0.223,0.345,0.317,0.132,0.217,0.292,0.897,0.193,0.138,0.11,0.279,0.234,0.112,0.241,0.422,0.286,0.079,0.108,0.145,0.253,0.429,0.426,0.24,0.08,0.376,0.364,0.207,0.975,0.141,0.175,0.394,0.234,0.251,0.284,0.449,0.321,0.106,0.499,0.218,0.248,0.137,0.092,0.121,0.155,0.167,0.127,0.066,0.143,0.891,0.699,0.171,0.561,0.422,0.164,0.258,0.333,0.081,0.251,0.749,0.258,0.241,0.122,0.122,0.21,0.217,0.195,0.067,0.125,0.638,0.883,0.244,0.545,0.48,0.195,0.198,0.273,0.13,0.219,0.568,0.355,0.754,0.406,0.31,0.068,0.577,0.535,0.205,0.285,0.156,0.194,0.885,0.264,0.176,0.296,0.499,0.327,0.136,0.201,0.158,0.305,0.177,0.25,0.066,0.195,0.276,0.159,0.141,0.186,0.676,0.795,0.182,0.888,0.405,0.228,0.306,0.328,0.244,0.206,0.597,0.205,0.159,0.165,0.125,0.124,0.101,0.119,0.089,0.269,0.417,0.589,0.143,0.498,0.967,0.115,0.228,0.205,0.34,0.692,0.388,0.343,0.278,0.265,0.321,0.105,0.273,0.305,0.243,0.175,0.129,0.204,0.312,0.173,0.136,0.954,0.438,0.292,0.062,0.136,0.196,0.547,0.333,0.49,0.407,0.132,0.386,0.457,0.316,0.268,0.18,0.172,0.421,0.201,0.187,0.298,0.885,0.544,0.085,0.158,0.224,0.415,0.307,0.389,0.337,0.171,0.325,0.338,0.248,0.241,0.312,0.303,0.354,0.275,0.223,0.28,0.601,0.819,0.115,0.269,0.362,0.287,0.251,0.146,0.159,0.208,0.231,0.219,0.194,0.303,0.196,0.448,0.252,0.427,0.573,0.224,0.263,0.267,0.982,0.633,0.369,0.289,0.281,0.221,0.163,0.134,0.282,0.247,0.142,0.586,0.243,0.326,0.281,0.356,0.711,0.122,0.315,0.177,0.416,0.908,0.216,0.366,0.219,0.223,0.161,0.178,0.273,0.283,0.101,0.157,0.7,0.471,0.269,0.451,0.354,0.194,0.305,0.389,0.143,0.24,0.83
0-211.txt_209,0.792,0.449,0.376,0.334,0.333,0.613,0.612,0.234,0.364,0.329,0.404,0.585,0.433,0.152,0.15,0.576,0.442,0.186,0.175,0.358,0.291,0.932,0.427,0.313,0.199,0.783,0.687,0.115,0.45,0.184,0.281,0.83,0.329,0.113,0.097,0.38,0.313,0.169,0.186,0.173,0.305,0.541,0.895,0.6,0.237,0.703,0.684,0.199,0.538,0.154,0.196,0.667,0.31,0.108,0.153,0.572,0.413,0.141,0.177,0.158,0.301,0.404,0.656,0.922,0.135,0.731,0.845,0.174,0.435,0.134,0.13,0.575,0.237,0.093,0.146,0.452,0.302,0.128,0.127,0.114,0.521,0.315,0.339,0.299,0.871,0.486,0.501,0.201,0.278,0.358,0.396,0.404,0.37,0.145,0.093,0.464,0.432,0.151,0.191,0.382,0.332,0.663,0.468,0.449,0.167,0.949,0.845,0.118,0.582,0.149,0.22,0.765,0.405,0.119,0.15,0.421,0.299,0.225,0.213,0.144,0.331,0.534,0.434,0.653,0.169,0.845,0.958,0.119,0.494,0.12,0.158,0.717,0.283,0.093,0.131,0.421,0.297,0.181,0.151,0.123,0.518,0.378,0.471,0.407,0.172,0.512,0.558,0.772,0.351,0.155,0.197,0.54,0.282,0.096,0.155,0.463,0.312,0.139,0.119,0.165,0.359,0.623,0.518,0.416,0.198,0.764,0.748,0.105,0.937,0.193,0.302,0.651,0.337,0.184,0.106,0.416,0.321,0.162,0.413,0.157,0.333,0.275,0.236,0.147,0.323,0.36,0.307,0.058,0.234,0.851,0.781,0.346,0.665,0.303,0.094,0.226,0.316,0.188,0.239,0.719,0.31,0.308,0.186,0.15,0.307,0.422,0.363,0.062,0.306,0.656,0.928,0.342,0.749,0.365,0.095,0.205,0.278,0.267,0.299,0.507,0.349,0.767,0.465,0.427,0.153,0.814,0.768,0.112,0.432,0.149,0.221,0.93,0.316,0.117,0.147,0.42,0.319,0.14,0.173,0.142,0.39,0.415,0.287,0.254,0.246,0.603,0.551,0.101,0.342,0.57,0.695,0.508,0.905,0.286,0.071,0.303,0.348,0.193,0.239,0.518,0.255,0.284,0.261,0.175,0.214,0.374,0.398,0.064,0.402,0.446,0.646,0.322,0.528,0.821,0.082,0.298,0.278,0.325,0.696,0.264,0.366,0.31,0.285,0.312,0.156,0.544,0.488,0.18,0.27,0.168,0.226,0.438,0.221,0.118,0.906,0.411,0.34,0.027,0.113,0.191,0.573,0.456,0.584,0.474,0.269,0.695,0.691,0.214,0.419,0.172,0.232,0.636,0.304,0.11,0.175,0.831,0.547,0.137,0.149,0.186,0.477,0.46,0.48,0.359,0.294,0.651,0.62,0.13,0.331,0.281,0.376,0.582,0.4,0.144,0.144,0.606,0.788,0.197,0.177,0.32,0.297,0.205,0.185,0.318,0.55,0.425,0.429,0.104,0.451,0.407,0.528,0.341,0.55,0.533,0.105,0.184,0.195,0.935,0.61,0.432,0.31,0.33,0.323,0.226,0.308,0.58,0.461,0.118,0.705,0.339,0.462,0.453,0.464,0.609,0.114,0.384,0.327,0.462,0.842,0.281,0.422,0.347,0.249,0.214,0.339,0.478,0.446,0.084,0.264,0.714,0.694,0.427,0.603,0.234,0.118,0.284,0.388,0.157,0.252,0.776
0-211.txt_211,0.616,0.033,0.384,0.033,0.485,0.464,0.449,0.018,0.389,0.731,0.69,0.083,0.967,0.464,0.018,0.425,0.274,0.444,0.449,0.881,0.175,0.836,0.244,0.052,0.053,0.462,0.391,0.041,0.34,0.252,0.097,0.78,0.071,0.117,0.039,0.197,0.518,0.065,0.237,0.269,0.292,0.274,0.766,0.627,0.208,0.157,0.367,0.322,0.216,0.321,0.15,0.623,0.073,0.023,0.04,0.405,0.631,0.251,0.143,0.472,0.162,0.168,0.604,0.779,0.043,0.336,0.639,0.563,0.206,0.052,0.074,0.493,0.084,0.095,0.149,0.322,0.248,0.01,0.049,0.207,0.881,0.018,0.018,0.018,1,0.018,0.018,0.269,0.047,0.047,0.269,0.018,0.5,0.5,0.018,0.881,0.269,0.047,0.953,0.047,0.296,0.246,0.169,0.222,0.351,0.827,0.743,0.198,0.698,0.058,0.098,0.373,0.062,0.252,0.071,0.219,0.5,0.024,0.062,0.339,0.173,0.241,0.278,0.576,0.04,0.566,0.879,0.169,0.316,0.181,0.121,0.626,0.219,0.083,0.148,0.288,0.412,0.014,0.289,0.308,0.402,0.123,0.438,0.45,0.06,0.115,0.129,0.921,0.178,0.087,0.048,0.16,0.054,0.023,0.055,0.326,0.126,0.112,0.058,0.089,0.241,0.242,0.326,0.319,0.137,0.336,0.394,0.217,0.228,0.338,0.261,0.427,0.27,0.249,0.111,0.333,0.413,0.142,0.242,0.406,0.146,0.028,0.118,0.206,0.187,0.17,0.261,0.019,0.22,0.74,0.502,0.12,0.318,0.624,0.025,0.337,0.441,0.314,0.503,0.745,0.169,0.056,0.142,0.135,0.29,0.174,0.136,0.045,0.026,0.762,0.669,0.225,0.466,0.396,0.031,0.183,0.217,0.228,0.134,0.753,0.22,0.391,0.458,0.44,0.039,0.56,0.558,0.226,0.288,0.177,0.059,0.757,0.046,0.076,0.277,0.378,0.457,0.01,0.039,0.176,0.303,0.163,0.173,0.155,0.07,0.217,0.141,0.022,0.168,0.676,0.747,0.253,0.9,0.337,0.029,0.229,0.367,0.122,0.21,0.69,0.229,0.036,0.176,0.167,0.395,0.099,0.143,0.119,0.147,0.394,0.358,0.155,0.39,0.923,0.061,0.123,0.141,0.284,0.496,0.36,0.661,0.052,0.33,0.306,0.038,0.346,0.111,0.169,0.028,0.339,0.389,0.275,0.359,0.259,0.87,0.346,0.071,0.01,0.028,0.426,0.314,0.262,0.491,0.297,0.16,0.436,0.433,0.229,0.181,0.204,0.062,0.412,0.219,0.017,0.091,0.758,0.698,0.019,0.148,0.299,0.17,0.314,0.47,0.217,0.046,0.357,0.384,0.12,0.224,0.338,0.216,0.496,0.164,0.205,0.156,0.509,0.952,0.121,0.282,0.423,0.018,0.018,0.007,0.002,0.018,0.018,0.007,0.007,0.119,0.018,0.047,0.007,0.047,0.953,0.007,0.018,0.018,1,0.998,0.018,0.12,0.088,0.313,0.337,0.166,0.269,0.398,0.118,0.281,0.409,0.273,0.263,0.385,0.649,0.025,0.546,0.384,0.579,0.728,0.532,0.155,0.313,0.1,0.139,0.205,0.263,0.354,0.021,0.225,0.579,0.44,0.498,0.363,0.325,0.04,0.174,0.452,0.262,0.394,0.738
0-211.txt_213,0.879,0.231,0.096,0.114,0.288,0.264,0.238,0.321,0.222,0.339,0.29,0.237,0.314,0.135,0.14,0.441,0.347,0.157,0.157,0.404,0.24,0.934,0.334,0.244,0.095,0.539,0.434,0.185,0.285,0.164,0.2,0.781,0.178,0.096,0.198,0.25,0.266,0.081,0.204,0.15,0.312,0.434,0.846,0.52,0.078,0.523,0.43,0.34,0.552,0.073,0.114,0.571,0.206,0.198,0.188,0.473,0.314,0.074,0.318,0.159,0.275,0.287,0.497,0.915,0.084,0.403,0.672,0.227,0.242,0.106,0.072,0.382,0.093,0.085,0.22,0.401,0.266,0.051,0.094,0.101,0.652,0.17,0.044,0.257,0.763,0.258,0.221,0.267,0.03,0.582,0.55,0.227,0.287,0.1,0.094,0.331,0.583,0.024,0.228,0.596,0.486,0.463,0.386,0.402,0.148,0.876,0.635,0.184,0.349,0.211,0.236,0.66,0.213,0.154,0.202,0.377,0.323,0.227,0.198,0.17,0.389,0.392,0.441,0.617,0.095,0.577,0.892,0.217,0.288,0.139,0.147,0.563,0.12,0.156,0.279,0.406,0.305,0.089,0.144,0.124,0.416,0.128,0.323,0.254,0.104,0.266,0.246,0.947,0.226,0.033,0.056,0.293,0.106,0.051,0.157,0.358,0.205,0.063,0.07,0.048,0.208,0.327,0.304,0.187,0.121,0.282,0.239,0.17,0.996,0.071,0.133,0.263,0.068,0.252,0.026,0.316,0.06,0.324,0.672,0.211,0.308,0.136,0.118,0.091,0.22,0.189,0.162,0.083,0.115,0.876,0.774,0.143,0.584,0.418,0.111,0.175,0.247,0.257,0.283,0.696,0.25,0.185,0.11,0.095,0.132,0.185,0.159,0.108,0.166,0.708,0.904,0.191,0.565,0.49,0.124,0.133,0.163,0.18,0.277,0.51,0.405,0.698,0.434,0.352,0.08,0.559,0.519,0.28,0.342,0.155,0.159,0.894,0.163,0.149,0.285,0.368,0.295,0.151,0.193,0.14,0.291,0.181,0.199,0.232,0.232,0.342,0.231,0.097,0.151,0.668,0.711,0.202,0.954,0.188,0.092,0.19,0.383,0.103,0.111,0.55,0.272,0.247,0.144,0.138,0.116,0.187,0.202,0.181,0.282,0.485,0.443,0.266,0.335,0.866,0.124,0.193,0.148,0.289,0.639,0.372,0.401,0.257,0.215,0.281,0.057,0.279,0.345,0.179,0.294,0.192,0.118,0.459,0.098,0.065,0.945,0.297,0.289,0.012,0.174,0.225,0.559,0.356,0.435,0.417,0.193,0.362,0.414,0.364,0.35,0.104,0.084,0.471,0.138,0.103,0.252,0.781,0.574,0.053,0.184,0.163,0.398,0.328,0.398,0.338,0.218,0.357,0.336,0.246,0.277,0.25,0.237,0.346,0.261,0.255,0.199,0.629,0.811,0.114,0.194,0.267,0.297,0.205,0.311,0.32,0.188,0.297,0.448,0.036,0.141,0.094,0.1,0.355,0.269,0.442,0.541,0.327,0.378,0.796,0.502,0.03,0.282,0.273,0.217,0.194,0.074,0.237,0.245,0.101,0.47,0.325,0.399,0.289,0.354,0.736,0.145,0.217,0.192,0.412,0.818,0.309,0.425,0.224,0.136,0.16,0.257,0.202,0.209,0.121,0.155,0.753,0.608,0.285,0.444,0.308,0.215,0.208,0.402,0.155,0.245,0.811
0-211.txt_215,0.91,0.187,0.205,0.215,0.166,0.242,0.271,0.299,0.11,0.186,0.159,0.303,0.257,0.062,0.337,0.566,0.553,0.036,0.083,0.376,0.162,0.959,0.237,0.249,0.055,0.539,0.476,0.183,0.309,0.174,0.173,0.656,0.185,0.066,0.222,0.38,0.493,0.039,0.11,0.146,0.285,0.354,0.972,0.543,0.056,0.491,0.52,0.324,0.335,0.135,0.138,0.446,0.128,0.047,0.196,0.711,0.355,0.024,0.107,0.146,0.186,0.22,0.576,0.984,0.055,0.449,0.805,0.237,0.186,0.06,0.06,0.481,0.081,0.128,0.152,0.541,0.298,0.045,0.099,0.055,0.327,0.06,0.074,0.06,0.999,0.124,0.124,0.161,0.201,0.243,0.214,0.171,0.157,0.177,0.045,0.175,0.261,0.121,0.403,0.223,0.232,0.442,0.402,0.289,0.058,0.979,0.653,0.101,0.289,0.277,0.103,0.708,0.252,0.051,0.101,0.555,0.505,0.047,0.119,0.179,0.319,0.309,0.429,0.624,0.047,0.565,0.957,0.277,0.237,0.15,0.123,0.569,0.126,0.043,0.26,0.394,0.281,0.033,0.076,0.202,0.435,0.144,0.298,0.253,0.151,0.272,0.228,0.963,0.127,0.15,0.156,0.31,0.147,0.159,0.102,0.295,0.239,0.087,0.155,0.311,0.194,0.194,0.5,0.536,0.018,0.31,0.269,0.52,0.991,0.018,0.018,0.194,0.083,0.069,0.047,0.194,0.119,0.033,0.425,0.018,0.237,0.088,0.248,0.114,0.128,0.105,0.075,0.045,0.095,0.957,0.76,0.085,0.631,0.417,0.146,0.146,0.355,0.076,0.17,0.729,0.237,0.172,0.147,0.164,0.12,0.331,0.231,0.033,0.081,0.525,0.895,0.226,0.57,0.22,0.076,0.254,0.625,0.055,0.119,0.511,0.306,0.525,0.497,0.485,0.055,0.499,0.476,0.285,0.179,0.057,0.106,0.952,0.11,0.167,0.241,0.438,0.362,0.039,0.156,0.072,0.269,0.119,0.195,0.363,0.145,0.269,0.349,0.095,0.119,0.5,0.55,0.219,0.978,0.246,0.095,0.45,0.51,0.062,0.145,0.577,0.149,0.138,0.172,0.101,0.074,0.092,0.152,0.092,0.288,0.4,0.53,0.138,0.361,0.988,0.04,0.154,0.181,0.438,0.853,0.301,0.423,0.198,0.095,0.349,0.047,0.169,0.219,0.071,0.071,0.373,0.349,0.397,0.219,0.062,0.997,0.169,0.219,0.018,0.047,0.246,0.499,0.348,0.347,0.228,0.256,0.417,0.401,0.292,0.152,0.193,0.11,0.437,0.141,0.183,0.13,0.942,0.592,0.06,0.133,0.164,0.409,0.267,0.277,0.233,0.151,0.314,0.252,0.155,0.13,0.309,0.196,0.397,0.299,0.149,0.283,0.637,0.95,0.068,0.139,0.323,0.047,0.018,0.007,0.007,0.047,0.047,0.018,0.047,0.047,0.047,0.119,0.018,0.119,0.5,0.007,0.018,0.047,1,0.881,0.018,0.222,0.12,0.12,0.098,0.083,0.182,0.21,0.373,0.616,0.107,0.182,0.12,0.194,0.785,0.074,0.157,0.169,0.679,0.996,0.157,0.481,0.078,0.186,0.066,0.152,0.11,0.193,0.061,0.117,0.688,0.433,0.088,0.401,0.38,0.064,0.229,0.351,0.127,0.541,0.944
0-211.txt_217,0.813,0.331,0.224,0.26,0.227,0.318,0.342,0.367,0.213,0.299,0.279,0.305,0.25,0.181,0.294,0.498,0.398,0.087,0.175,0.393,0.41,0.873,0.329,0.366,0.094,0.571,0.507,0.208,0.374,0.208,0.251,0.64,0.246,0.139,0.254,0.389,0.357,0.117,0.201,0.253,0.347,0.463,0.789,0.48,0.219,0.415,0.447,0.265,0.359,0.171,0.186,0.364,0.368,0.195,0.167,0.465,0.374,0.092,0.115,0.151,0.358,0.351,0.496,0.892,0.099,0.454,0.669,0.322,0.307,0.133,0.125,0.428,0.153,0.125,0.336,0.498,0.35,0.07,0.125,0.15,0.538,0.163,0.146,0.074,0.94,0.154,0.167,0.249,0.097,0.446,0.442,0.136,0.314,0.32,0.112,0.444,0.376,0.178,0.226,0.608,0.429,0.486,0.278,0.309,0.129,0.843,0.545,0.279,0.394,0.22,0.277,0.46,0.388,0.177,0.304,0.433,0.368,0.124,0.21,0.242,0.421,0.486,0.365,0.616,0.11,0.612,0.857,0.226,0.358,0.135,0.159,0.538,0.189,0.115,0.286,0.437,0.374,0.067,0.15,0.202,0.489,0.255,0.375,0.337,0.129,0.298,0.31,0.878,0.236,0.117,0.134,0.278,0.153,0.107,0.25,0.43,0.273,0.08,0.142,0.162,0.326,0.354,0.373,0.353,0.134,0.39,0.334,0.269,0.92,0.208,0.256,0.317,0.181,0.32,0.11,0.283,0.289,0.212,0.499,0.256,0.387,0.095,0.125,0.048,0.248,0.171,0.09,0.11,0.197,0.863,0.659,0.114,0.538,0.458,0.102,0.183,0.327,0.152,0.281,0.786,0.363,0.196,0.126,0.097,0.188,0.194,0.146,0.114,0.178,0.667,0.852,0.162,0.607,0.416,0.145,0.203,0.309,0.19,0.273,0.651,0.432,0.554,0.363,0.345,0.189,0.431,0.417,0.24,0.305,0.208,0.213,0.75,0.227,0.204,0.247,0.485,0.42,0.131,0.225,0.196,0.416,0.242,0.132,0.109,0.216,0.315,0.215,0.114,0.26,0.587,0.658,0.172,0.876,0.357,0.142,0.264,0.33,0.179,0.3,0.634,0.245,0.17,0.11,0.081,0.214,0.164,0.115,0.148,0.259,0.467,0.577,0.096,0.458,0.931,0.126,0.203,0.266,0.546,0.613,0.448,0.421,0.32,0.199,0.321,0.098,0.322,0.406,0.218,0.248,0.211,0.227,0.354,0.164,0.148,0.932,0.404,0.387,0.08,0.148,0.256,0.556,0.263,0.4,0.372,0.221,0.301,0.351,0.374,0.277,0.18,0.168,0.298,0.199,0.155,0.315,0.794,0.517,0.109,0.186,0.246,0.493,0.307,0.333,0.271,0.22,0.327,0.323,0.291,0.278,0.289,0.281,0.316,0.289,0.165,0.269,0.563,0.769,0.08,0.167,0.416,0.202,0.265,0.149,0.105,0.154,0.188,0.223,0.088,0.239,0.406,0.459,0.202,0.332,0.535,0.201,0.166,0.319,0.994,0.594,0.359,0.325,0.221,0.181,0.119,0.082,0.151,0.137,0.207,0.456,0.439,0.41,0.175,0.416,0.713,0.226,0.173,0.279,0.471,0.952,0.405,0.463,0.182,0.118,0.096,0.271,0.168,0.143,0.132,0.148,0.723,0.59,0.142,0.462,0.347,0.158,0.263,0.386,0.151,0.25,0.884
0-211.txt_219,0.903,0.233,0.182,0.157,0.263,0.246,0.263,0.348,0.201,0.19,0.172,0.289,0.228,0.094,0.158,0.563,0.353,0.03,0.104,0.332,0.279,0.958,0.179,0.184,0.031,0.449,0.384,0.04,0.336,0.164,0.194,0.708,0.196,0.159,0.081,0.257,0.278,0.139,0.17,0.135,0.262,0.254,0.884,0.596,0.083,0.421,0.361,0.321,0.464,0.091,0.102,0.306,0.206,0.09,0.103,0.336,0.238,0.013,0.103,0.096,0.376,0.24,0.466,0.9,0.028,0.31,0.706,0.176,0.39,0.072,0.086,0.264,0.08,0.026,0.177,0.375,0.222,0.008,0.039,0.107,0.553,0.153,0.049,0.16,0.963,0.389,0.298,0.141,0.045,0.295,0.467,0.258,0.283,0.179,0.039,0.434,0.514,0.158,0.104,0.468,0.366,0.442,0.44,0.465,0.046,0.856,0.651,0.227,0.415,0.107,0.086,0.506,0.11,0.032,0.227,0.341,0.283,0.02,0.135,0.132,0.385,0.421,0.362,0.666,0.023,0.707,0.915,0.19,0.307,0.116,0.072,0.533,0.098,0.096,0.141,0.328,0.264,0.057,0.125,0.097,0.393,0.08,0.239,0.109,0.062,0.086,0.115,0.969,0.17,0.042,0.05,0.104,0.054,0.015,0.187,0.343,0.195,0.019,0.065,0.056,0.311,0.24,0.417,0.149,0.163,0.592,0.301,0.099,0.973,0.154,0.188,0.272,0.146,0.221,0.06,0.278,0.171,0.108,0.649,0.211,0.308,0.098,0.048,0.075,0.225,0.145,0.129,0.084,0.063,0.89,0.72,0.102,0.548,0.227,0.065,0.14,0.306,0.053,0.114,0.841,0.243,0.144,0.064,0.034,0.099,0.102,0.085,0.075,0.078,0.666,0.917,0.099,0.68,0.351,0.074,0.145,0.252,0.11,0.18,0.606,0.433,0.677,0.312,0.354,0.026,0.696,0.612,0.223,0.363,0.106,0.117,0.894,0.167,0.036,0.156,0.351,0.407,0.018,0.138,0.149,0.252,0.123,0.223,0.046,0.177,0.118,0.05,0.019,0.12,0.674,0.761,0.154,0.96,0.249,0.026,0.119,0.209,0.128,0.198,0.609,0.129,0.101,0.176,0.116,0.326,0.086,0.107,0.015,0.328,0.392,0.559,0.093,0.467,0.946,0.066,0.101,0.16,0.309,0.772,0.265,0.358,0.16,0.181,0.255,0.064,0.128,0.231,0.192,0.149,0.056,0.07,0.236,0.084,0.107,0.981,0.389,0.278,0.055,0.092,0.092,0.58,0.139,0.378,0.212,0.205,0.213,0.277,0.252,0.241,0.142,0.161,0.212,0.198,0.157,0.187,0.865,0.543,0.049,0.129,0.166,0.415,0.298,0.21,0.204,0.206,0.313,0.321,0.062,0.109,0.323,0.187,0.267,0.165,0.047,0.191,0.54,0.896,0.065,0.058,0.541,0.423,0.641,0.108,0.014,0.195,0.135,0.111,0.098,0.212,0.704,0.791,0.339,0.423,0.349,0.102,0.145,0.373,0.99,0.527,0.423,0.291,0.078,0.117,0.126,0.055,0.097,0.155,0.205,0.617,0.338,0.303,0.132,0.262,0.636,0.133,0.23,0.307,0.416,0.894,0.342,0.467,0.176,0.122,0.07,0.166,0.13,0.109,0.074,0.124,0.692,0.516,0.136,0.467,0.272,0.049,0.245,0.406,0.125,0.166,0.875
0-211.txt_221,0.926,0.189,0.158,0.127,0.241,0.205,0.203,0.293,0.12,0.312,0.4,0.236,0.355,0.169,0.24,0.559,0.436,0.048,0.115,0.493,0.188,0.965,0.366,0.168,0.035,0.645,0.444,0.071,0.263,0.097,0.329,0.728,0.27,0.137,0.149,0.367,0.271,0.046,0.12,0.149,0.269,0.346,0.996,0.5,0.047,0.346,0.269,0.219,0.574,0.028,0.028,0.269,0.095,0.339,0.095,0.905,0.423,0.028,0.198,0.047,0.119,0.283,0.729,0.994,0.023,0.486,0.736,0.107,0.366,0.035,0.137,0.346,0.075,0.028,0.107,0.423,0.194,0.014,0.075,0.035,0.5,0.033,0.033,0.018,1,0.033,0.033,0.033,0.033,0.575,0.575,0.033,0.384,0.551,0.033,0.194,0.194,0.158,0.274,0.575,0.169,0.578,0.322,0.229,0.141,0.988,0.669,0.068,0.381,0.14,0.349,0.594,0.427,0.268,0.103,0.287,0.304,0.122,0.233,0.121,0.236,0.287,0.304,0.695,0.133,0.737,0.993,0.079,0.313,0.036,0.128,0.5,0.104,0.117,0.344,0.397,0.304,0.069,0.164,0.071,0.655,0.16,0.241,0.116,0.116,0.155,0.13,0.988,0.074,0.11,0.111,0.141,0.094,0.047,0.12,0.454,0.347,0.086,0.062,0.14,0.119,0.421,0.5,0.144,0.018,0.582,0.307,0.047,1,0.018,0.028,0.421,0.119,0.095,0.047,0.169,0.119,0.047,0.654,0.018,0.272,0.169,0.047,0.028,0.201,0.085,0.055,0.132,0.064,0.965,0.73,0.192,0.579,0.495,0.038,0.197,0.279,0.124,0.275,0.78,0.256,0.119,0.041,0.036,0.194,0.087,0.068,0.11,0.057,0.68,0.949,0.093,0.72,0.518,0.083,0.169,0.207,0.176,0.262,0.564,0.471,0.726,0.356,0.213,0.166,0.614,0.548,0.129,0.213,0.147,0.151,0.978,0.175,0.047,0.261,0.461,0.403,0.038,0.083,0.121,0.219,0.119,0.071,0.028,0.119,0.269,0.095,0.038,0.119,0.731,0.831,0.119,0.999,0.423,0.047,0.119,0.269,0.119,0.219,0.654,0.133,0.096,0.052,0.03,0.12,0.055,0.041,0.075,0.212,0.457,0.546,0.061,0.423,0.991,0.079,0.126,0.222,0.484,0.825,0.33,0.245,0.265,0.129,0.145,0.049,0.338,0.254,0.153,0.104,0.09,0.214,0.304,0.138,0.046,0.999,0.304,0.228,0.027,0.057,0.088,0.627,0.245,0.377,0.265,0.13,0.321,0.285,0.506,0.207,0.068,0.104,0.311,0.115,0.051,0.423,0.952,0.58,0.097,0.106,0.146,0.523,0.221,0.255,0.173,0.194,0.217,0.172,0.204,0.098,0.477,0.339,0.202,0.285,0.196,0.135,0.691,0.944,0.15,0.149,0.617,0.199,0.365,0.036,0.016,0.237,0.243,0.062,0.228,0.09,0.036,0.09,0.1,0.119,0.546,0.018,0.062,0.062,1,0.811,0.044,0.171,0.175,0.085,0.031,0.071,0.129,0.071,0.135,0.609,0.263,0.474,0.122,0.347,0.839,0.031,0.172,0.179,0.603,0.998,0.356,0.446,0.062,0.108,0.043,0.263,0.154,0.098,0.153,0.047,0.835,0.632,0.121,0.541,0.283,0.057,0.276,0.399,0.087,0.184,0.946
0-211.txt_223,0.922,0.314,0.276,0.278,0.216,0.493,0.513,0.31,0.188,0.258,0.284,0.45,0.299,0.095,0.18,0.561,0.409,0.05,0.097,0.38,0.249,0.965,0.349,0.325,0.053,0.731,0.653,0.141,0.357,0.082,0.204,0.845,0.213,0.05,0.061,0.323,0.258,0.078,0.105,0.093,0.315,0.338,0.96,0.699,0.056,0.567,0.616,0.259,0.396,0.103,0.087,0.563,0.138,0.078,0.097,0.694,0.418,0.021,0.099,0.12,0.31,0.328,0.56,0.965,0.056,0.573,0.846,0.181,0.222,0.097,0.092,0.503,0.133,0.03,0.102,0.424,0.313,0.034,0.073,0.073,0.373,0.324,0.274,0.167,0.936,0.405,0.306,0.096,0.268,0.437,0.589,0.219,0.423,0.228,0.051,0.299,0.375,0.105,0.263,0.5,0.332,0.678,0.355,0.395,0.052,0.982,0.847,0.096,0.41,0.072,0.162,0.719,0.234,0.043,0.094,0.369,0.254,0.059,0.095,0.098,0.337,0.48,0.374,0.626,0.038,0.836,0.982,0.118,0.359,0.082,0.155,0.626,0.154,0.039,0.107,0.353,0.22,0.042,0.07,0.073,0.572,0.326,0.375,0.338,0.106,0.391,0.404,0.834,0.238,0.098,0.136,0.407,0.122,0.069,0.093,0.532,0.263,0.05,0.112,0.159,0.241,0.518,0.454,0.332,0.08,0.702,0.59,0.118,0.966,0.094,0.229,0.453,0.249,0.208,0.176,0.328,0.274,0.124,0.442,0.089,0.317,0.245,0.142,0.132,0.124,0.301,0.314,0.079,0.17,0.875,0.774,0.315,0.719,0.238,0.063,0.27,0.36,0.135,0.146,0.703,0.299,0.295,0.121,0.134,0.171,0.338,0.341,0.072,0.13,0.594,0.945,0.293,0.677,0.316,0.065,0.191,0.265,0.095,0.182,0.504,0.33,0.829,0.42,0.366,0.069,0.758,0.781,0.11,0.334,0.076,0.139,0.966,0.211,0.043,0.147,0.374,0.284,0.075,0.11,0.096,0.358,0.418,0.232,0.089,0.161,0.494,0.331,0.059,0.194,0.577,0.823,0.465,0.911,0.297,0.037,0.282,0.213,0.103,0.3,0.553,0.251,0.255,0.175,0.15,0.137,0.239,0.256,0.078,0.317,0.5,0.616,0.247,0.574,0.888,0.066,0.178,0.23,0.378,0.703,0.394,0.434,0.269,0.223,0.173,0.09,0.4,0.462,0.131,0.195,0.187,0.271,0.416,0.165,0.092,0.87,0.328,0.343,0.033,0.109,0.142,0.64,0.41,0.483,0.42,0.181,0.57,0.619,0.309,0.269,0.129,0.183,0.53,0.209,0.083,0.179,0.864,0.524,0.051,0.123,0.18,0.558,0.332,0.396,0.359,0.161,0.449,0.415,0.187,0.162,0.365,0.369,0.404,0.359,0.096,0.167,0.652,0.878,0.05,0.125,0.409,0.287,0.357,0.162,0.099,0.123,0.414,0.363,0.21,0.231,0.2,0.252,0.431,0.252,0.49,0.064,0.321,0.206,0.965,0.579,0.23,0.31,0.349,0.238,0.285,0.187,0.557,0.446,0.17,0.579,0.177,0.456,0.375,0.375,0.579,0.048,0.33,0.277,0.392,0.876,0.27,0.558,0.218,0.157,0.122,0.21,0.267,0.255,0.102,0.128,0.71,0.717,0.241,0.598,0.257,0.079,0.252,0.411,0.051,0.217,0.871
0-211.txt_225,0.737,0.34,0.253,0.356,0.155,0.459,0.368,0.402,0.279,0.138,0.211,0.405,0.228,0.172,0.429,0.512,0.318,0.115,0.195,0.221,0.249,0.901,0.308,0.224,0.088,0.746,0.271,0.166,0.454,0.14,0.189,0.812,0.453,0.126,0.486,0.32,0.271,0.012,0.21,0.184,0.221,0.331,0.906,0.477,0.022,0.45,0.312,0.239,0.461,0.127,0.163,0.372,0.182,0.167,0.164,0.347,0.301,0.069,0.216,0.115,0.266,0.334,0.629,0.893,0.136,0.424,0.581,0.322,0.283,0.161,0.072,0.299,0.204,0.079,0.37,0.38,0.312,0.008,0.061,0.152,0.357,0.198,0.2,0.201,0.986,0.198,0.21,0.292,0.333,0.109,0.256,0.183,0.349,0.257,0.297,0.276,0.274,0.074,0.111,0.196,0.438,0.557,0.278,0.315,0.215,0.838,0.507,0.303,0.671,0.132,0.173,0.476,0.371,0.145,0.377,0.385,0.31,0.103,0.23,0.259,0.352,0.462,0.386,0.576,0.017,0.688,0.886,0.161,0.486,0.125,0.177,0.538,0.243,0.077,0.484,0.348,0.319,0.064,0.219,0.238,0.258,0.176,0.258,0.225,0.133,0.187,0.219,0.964,0.15,0.084,0.063,0.181,0.067,0.048,0.136,0.325,0.161,0.085,0.072,0.079,0.338,0.355,0.377,0.16,0.152,0.463,0.196,0.433,0.882,0.104,0.091,0.28,0.144,0.266,0.331,0.381,0.371,0.041,0.56,0.163,0.247,0.141,0.046,0.11,0.318,0.159,0.094,0.197,0.027,0.721,0.69,0.165,0.495,0.128,0.253,0.192,0.205,0.01,0.048,0.644,0.249,0.189,0.13,0.186,0.15,0.25,0.234,0.218,0.289,0.561,0.8,0.23,0.618,0.438,0.448,0.273,0.233,0.178,0.251,0.416,0.269,0.613,0.337,0.26,0.089,0.559,0.363,0.286,0.425,0.108,0.225,0.834,0.251,0.164,0.501,0.435,0.286,0.206,0.257,0.112,0.131,0.198,0.209,0.203,0.033,0.486,0.303,0.278,0.329,0.431,0.549,0.233,0.833,0.289,0.282,0.16,0.207,0.161,0.047,0.278,0.142,0.153,0.066,0.173,0.094,0.186,0.106,0.133,0.358,0.382,0.305,0.161,0.212,0.935,0.263,0.18,0.179,0.329,0.661,0.315,0.274,0.459,0.263,0.408,0.157,0.51,0.525,0.162,0.08,0.153,0.13,0.447,0.19,0.16,0.971,0.259,0.225,0.091,0.158,0.172,0.468,0.364,0.479,0.398,0.177,0.406,0.318,0.343,0.329,0.169,0.118,0.319,0.324,0.233,0.318,0.762,0.601,0.144,0.23,0.194,0.313,0.446,0.258,0.231,0.246,0.489,0.328,0.244,0.33,0.264,0.263,0.445,0.382,0.1,0.454,0.577,0.82,0.102,0.202,0.366,0.17,0.214,0.076,0.012,0.018,0.09,0.014,0.187,0.022,0.141,0.174,0.03,0.162,0.335,0.022,0.03,0.058,0.999,0.589,0.182,0.107,0.281,0.213,0.087,0.097,0.237,0.089,0.162,0.683,0.189,0.169,0.249,0.258,0.828,0.188,0.248,0.14,0.597,0.963,0.193,0.378,0.307,0.169,0.183,0.103,0.357,0.321,0.205,0.188,0.489,0.514,0.317,0.394,0.247,0.437,0.293,0.384,0.119,0.117,0.729
0-211.txt_227,0.982,0.269,0.119,0.119,0.5,0.269,0.269,0.5,0.119,0.269,0.269,0.269,0.269,0.119,0.269,0.731,0.5,0.047,0.119,0.5,0.269,0.993,0.5,0.119,0.047,0.731,0.5,0.119,0.5,0.047,0.119,0.881,0.269,0.047,0.119,0.269,0.269,0.047,0.119,0.047,0.119,0.5,0.998,0.731,0.047,0.5,0.5,0.5,0.731,0.047,0.047,0.5,0.119,0.047,0.119,0.731,0.5,0.018,0.119,0.047,0.119,0.119,0.731,0.998,0.047,0.5,0.881,0.269,0.269,0.047,0.018,0.269,0.047,0.047,0.269,0.5,0.269,0.018,0.047,0.047,0.382,0.316,0.374,0.296,0.175,0.373,0.376,0.262,0.268,0.291,0.289,0.358,0.331,0.225,0.197,0.435,0.361,0.14,0.239,0.333,0.269,0.731,0.5,0.5,0.047,0.993,0.881,0.119,0.5,0.047,0.119,0.731,0.5,0.047,0.269,0.5,0.269,0.119,0.269,0.119,0.269,0.5,0.5,0.881,0.018,0.881,0.993,0.119,0.5,0.047,0.047,0.731,0.119,0.047,0.269,0.5,0.269,0.047,0.119,0.119,0.5,0.119,0.5,0.269,0.119,0.119,0.119,0.998,0.119,0.018,0.018,0.119,0.047,0.047,0.119,0.5,0.119,0.119,0.047,0.047,0.119,0.5,0.731,0.269,0.047,0.5,0.5,0.119,1,0.047,0.047,0.269,0.119,0.269,0.119,0.269,0.119,0.119,0.881,0.047,0.269,0.047,0.047,0.047,0.269,0.047,0.047,0.018,0.047,0.982,0.881,0.047,0.731,0.5,0.047,0.119,0.269,0.047,0.269,0.953,0.269,0.119,0.047,0.018,0.269,0.119,0.047,0.018,0.047,0.881,0.982,0.119,0.881,0.5,0.047,0.119,0.269,0.119,0.269,0.731,0.269,0.881,0.5,0.269,0.047,0.731,0.731,0.119,0.269,0.047,0.119,0.982,0.269,0.047,0.269,0.5,0.269,0.047,0.119,0.119,0.269,0.269,0.119,0.047,0.269,0.5,0.119,0.047,0.119,0.731,0.881,0.269,0.993,0.5,0.119,0.269,0.269,0.269,0.269,0.731,0.119,0.047,0.047,0.047,0.119,0.047,0.047,0.047,0.269,0.5,0.5,0.047,0.5,0.998,0.018,0.119,0.119,0.731,0.953,0.269,0.269,0.119,0.119,0.269,0.047,0.269,0.269,0.119,0.119,0.047,0.047,0.269,0.119,0.018,0.999,0.269,0.269,0.018,0.047,0.119,0.731,0.269,0.731,0.5,0.269,0.5,0.5,0.5,0.269,0.119,0.119,0.5,0.269,0.119,0.269,0.982,0.731,0.047,0.119,0.119,0.5,0.269,0.5,0.269,0.269,0.269,0.269,0.119,0.119,0.269,0.269,0.269,0.269,0.119,0.269,0.731,0.993,0.119,0.119,0.5,0.047,0.047,0.018,0.018,0.119,0.119,0.047,0.119,0.119,0.047,0.119,0.047,0.269,0.731,0.018,0.047,0.119,1,0.881,0.047,0.119,0.119,0.119,0.047,0.119,0.269,0.119,0.047,0.881,0.269,0.269,0.119,0.269,0.953,0.047,0.119,0.119,0.881,0.999,0.269,0.5,0.047,0.047,0.047,0.269,0.119,0.119,0.047,0.047,0.953,0.731,0.119,0.731,0.269,0.119,0.119,0.5,0.047,0.269,0.982
0-211.txt_229,0.904,0.206,0.244,0.252,0.203,0.256,0.329,0.448,0.146,0.213,0.182,0.24,0.175,0.096,0.295,0.522,0.369,0.091,0.096,0.371,0.413,0.96,0.266,0.219,0.135,0.607,0.393,0.154,0.271,0.19,0.257,0.562,0.222,0.127,0.243,0.496,0.368,0.136,0.234,0.148,0.119,0.269,0.998,0.671,0.033,0.327,0.422,0.232,0.442,0.025,0.025,0.269,0.065,0.018,0.065,0.5,0.593,0.012,0.047,0.051,0.332,0.262,0.58,0.962,0.103,0.346,0.659,0.253,0.157,0.033,0.03,0.33,0.05,0.029,0.114,0.427,0.222,0.085,0.038,0.092,0.194,0.018,0.033,0.033,0.999,0.047,0.033,0.033,0.033,0.5,0.536,0.033,0.31,0.158,0.033,0.389,0.194,0.047,0.083,0.31,0.347,0.561,0.314,0.366,0.056,0.957,0.597,0.124,0.254,0.196,0.29,0.524,0.333,0.138,0.196,0.326,0.379,0.069,0.133,0.227,0.374,0.355,0.374,0.722,0.027,0.702,0.975,0.227,0.308,0.042,0.068,0.454,0.082,0.034,0.22,0.368,0.22,0.067,0.1,0.116,0.43,0.184,0.333,0.286,0.052,0.158,0.27,0.976,0.12,0.075,0.1,0.185,0.1,0.045,0.232,0.332,0.213,0.089,0.078,0.117,0.169,0.49,0.421,0.247,0.19,0.581,0.371,0.161,0.989,0.119,0.409,0.296,0.194,0.184,0.059,0.5,0.169,0.071,0.51,0.18,0.342,0.104,0.092,0.093,0.179,0.113,0.07,0.035,0.047,0.965,0.693,0.071,0.601,0.331,0.15,0.13,0.284,0.047,0.167,0.817,0.238,0.167,0.075,0.098,0.181,0.132,0.078,0.052,0.077,0.728,0.94,0.098,0.678,0.46,0.154,0.124,0.207,0.096,0.203,0.6,0.373,0.778,0.346,0.51,0.062,0.802,0.754,0.169,0.51,0.062,0.062,0.962,0.145,0.062,0.169,0.346,0.219,0.062,0.195,0.111,0.219,0.095,0.085,0.038,0.411,0.219,0.071,0.038,0.095,0.728,0.778,0.095,0.999,0.423,0.047,0.299,0.219,0.095,0.169,0.577,0.324,0.066,0.2,0.04,0.059,0.074,0.062,0.052,0.376,0.36,0.512,0.062,0.442,0.992,0.028,0.222,0.259,0.398,0.847,0.233,0.424,0.123,0.201,0.245,0.053,0.225,0.217,0.198,0.112,0.13,0.109,0.183,0.099,0.027,0.998,0.408,0.304,0.019,0.048,0.172,0.629,0.126,0.416,0.27,0.211,0.276,0.263,0.38,0.331,0.084,0.135,0.232,0.132,0.053,0.261,0.954,0.654,0.033,0.146,0.171,0.514,0.31,0.336,0.215,0.199,0.463,0.341,0.222,0.145,0.233,0.291,0.282,0.286,0.059,0.24,0.601,0.927,0.043,0.095,0.327,0.243,0.406,0.104,0.045,0.062,0.197,0.109,0.076,0.182,0.062,0.242,0.43,0.149,0.424,0.045,0.323,0.15,1,0.706,0.05,0.254,0.274,0.065,0.043,0.754,0.317,0.095,0.025,0.442,0.234,0.252,0.161,0.372,0.72,0.025,0.139,0.119,0.537,0.994,0.31,0.458,0.151,0.062,0.082,0.159,0.141,0.072,0.054,0.094,0.836,0.66,0.093,0.5,0.21,0.069,0.237,0.37,0.044,0.139,0.944
0-211.txt_231,0.839,0.31,0.286,0.291,0.29,0.304,0.336,0.365,0.211,0.309,0.239,0.316,0.289,0.126,0.141,0.508,0.343,0.058,0.103,0.367,0.38,0.903,0.328,0.238,0.185,0.496,0.395,0.208,0.409,0.149,0.244,0.704,0.266,0.165,0.155,0.356,0.385,0.072,0.195,0.218,0.281,0.262,0.953,0.653,0.059,0.376,0.576,0.33,0.566,0.069,0.063,0.461,0.113,0.092,0.058,0.5,0.395,0.019,0.123,0.068,0.311,0.312,0.531,0.909,0.039,0.518,0.687,0.166,0.303,0.091,0.091,0.345,0.14,0.033,0.135,0.399,0.258,0.03,0.071,0.077,0.194,0.375,0.158,0.259,0.731,0.274,0.083,0.5,0.52,0.857,0.083,0.444,0.119,0.274,0.007,0.194,0.083,0.367,0.485,0.881,0.38,0.486,0.47,0.508,0.042,0.876,0.667,0.404,0.119,0.038,0.03,0.47,0.402,0.04,0.1,0.348,0.181,0.255,0.056,0.079,0.455,0.476,0.408,0.635,0.093,0.52,0.92,0.278,0.322,0.191,0.246,0.459,0.22,0.082,0.423,0.418,0.368,0.043,0.114,0.264,0.366,0.208,0.379,0.32,0.075,0.227,0.196,0.858,0.239,0.101,0.092,0.242,0.14,0.107,0.107,0.34,0.196,0.049,0.1,0.079,0.286,0.712,0.542,0.475,0.037,0.636,0.542,0.15,0.901,0.147,0.157,0.626,0.173,0.211,0.194,0.237,0.219,0.069,0.395,0.202,0.294,0.195,0.12,0.119,0.139,0.187,0.118,0.065,0.094,0.906,0.673,0.119,0.573,0.318,0.029,0.103,0.233,0.122,0.161,0.81,0.294,0.233,0.091,0.023,0.166,0.094,0.113,0.065,0.136,0.713,0.93,0.174,0.659,0.384,0.079,0.104,0.182,0.197,0.196,0.622,0.438,0.72,0.334,0.412,0.068,0.562,0.476,0.222,0.424,0.137,0.155,0.822,0.22,0.04,0.199,0.458,0.439,0.058,0.064,0.16,0.576,0.049,0.058,0.023,0.117,0.206,0.198,0.029,0.092,0.706,0.786,0.045,0.935,0.239,0.015,0.095,0.238,0.017,0.208,0.661,0.33,0.048,0.009,0.017,0.094,0.024,0.009,0.008,0.102,0.397,0.5,0.098,0.373,0.832,0.056,0.171,0.188,0.627,0.743,0.503,0.501,0.354,0.329,0.333,0.083,0.366,0.417,0.281,0.181,0.118,0.113,0.384,0.093,0.052,0.928,0.378,0.317,0.067,0.091,0.23,0.435,0.392,0.477,0.445,0.037,0.428,0.417,0.523,0.414,0.095,0.078,0.394,0.195,0.02,0.179,0.808,0.49,0.025,0.098,0.115,0.499,0.396,0.336,0.269,0.239,0.275,0.358,0.206,0.273,0.341,0.209,0.395,0.41,0.159,0.263,0.531,0.773,0.089,0.14,0.381,0.337,0.575,0.222,0.072,0.026,0.14,0.092,0.148,0.659,0.254,0.56,0.414,0.445,0.356,0.032,0.077,0.335,0.95,0.468,0.311,0.069,0.296,0.143,0.011,0.252,0.088,0.04,0.02,0.402,0.463,0.347,0.058,0.445,0.971,0.012,0.033,0.069,0.289,0.995,0.367,0.282,0.177,0.058,0.096,0.192,0.096,0.151,0.047,0.089,0.799,0.581,0.081,0.469,0.207,0.109,0.146,0.229,0.06,0.181,0.877
0-211.txt_233,0.982,0.269,0.119,0.119,0.5,0.269,0.269,0.5,0.119,0.269,0.119,0.269,0.269,0.119,0.269,0.731,0.5,0.047,0.119,0.5,0.269,0.998,0.5,0.119,0.018,0.731,0.5,0.119,0.5,0.047,0.119,0.881,0.269,0.047,0.119,0.269,0.269,0.047,0.119,0.047,0.119,0.5,0.998,0.731,0.047,0.5,0.5,0.5,0.731,0.047,0.018,0.5,0.119,0.047,0.119,0.731,0.5,0.018,0.119,0.047,0.119,0.119,0.731,0.998,0.018,0.5,0.881,0.269,0.269,0.047,0.018,0.269,0.047,0.018,0.119,0.5,0.269,0.018,0.047,0.047,0.5,0.018,0.047,0.018,1,0.047,0.018,0.047,0.047,0.269,0.269,0.047,0.269,0.119,0.047,0.269,0.269,0.119,0.047,0.269,0.269,0.731,0.5,0.5,0.047,0.993,0.881,0.119,0.5,0.047,0.119,0.731,0.5,0.047,0.269,0.5,0.269,0.119,0.269,0.119,0.269,0.5,0.5,0.881,0.018,0.881,0.993,0.119,0.5,0.047,0.047,0.731,0.119,0.047,0.269,0.5,0.269,0.047,0.119,0.047,0.5,0.119,0.5,0.269,0.047,0.119,0.119,0.998,0.119,0.018,0.018,0.119,0.047,0.047,0.119,0.5,0.119,0.047,0.047,0.047,0.119,0.5,0.731,0.269,0.047,0.5,0.5,0.119,1,0.047,0.047,0.269,0.119,0.269,0.119,0.269,0.119,0.119,0.881,0.047,0.269,0.047,0.047,0.047,0.269,0.047,0.047,0.018,0.047,0.982,0.881,0.047,0.731,0.5,0.047,0.119,0.269,0.047,0.269,0.953,0.119,0.119,0.018,0.018,0.269,0.119,0.047,0.018,0.047,0.881,0.982,0.047,0.881,0.5,0.047,0.047,0.269,0.119,0.269,0.731,0.269,0.881,0.5,0.269,0.047,0.731,0.731,0.119,0.269,0.047,0.047,0.993,0.269,0.047,0.269,0.5,0.269,0.047,0.119,0.119,0.269,0.269,0.119,0.047,0.269,0.5,0.119,0.047,0.119,0.731,0.881,0.269,0.998,0.5,0.047,0.119,0.269,0.269,0.269,0.731,0.119,0.047,0.047,0.018,0.119,0.047,0.047,0.047,0.269,0.5,0.5,0.047,0.5,0.998,0.018,0.119,0.119,0.731,0.953,0.269,0.269,0.119,0.119,0.119,0.047,0.269,0.269,0.119,0.119,0.047,0.047,0.269,0.047,0.018,1,0.269,0.269,0.018,0.047,0.119,0.731,0.269,0.731,0.5,0.269,0.5,0.5,0.5,0.269,0.119,0.047,0.5,0.119,0.119,0.269,0.982,0.731,0.047,0.119,0.119,0.5,0.269,0.5,0.269,0.269,0.269,0.269,0.119,0.119,0.269,0.269,0.269,0.269,0.119,0.269,0.731,0.993,0.047,0.119,0.5,0.344,0.326,0.371,0.303,0.166,0.396,0.387,0.22,0.301,0.311,0.289,0.366,0.34,0.255,0.172,0.407,0.341,0.139,0.261,0.318,0.119,0.119,0.119,0.047,0.047,0.269,0.119,0.047,0.881,0.269,0.269,0.119,0.269,0.953,0.047,0.119,0.119,0.881,0.999,0.269,0.5,0.047,0.047,0.047,0.269,0.119,0.047,0.047,0.047,0.953,0.731,0.119,0.731,0.269,0.119,0.119,0.5,0.047,0.269,0.982
0-211.txt_235,0.821,0.28,0.228,0.221,0.043,0.325,0.234,0.538,0.2,0.279,0.312,0.222,0.283,0.261,0.342,0.55,0.536,0.147,0.289,0.368,0.321,0.963,0.501,0.383,0.012,0.61,0.366,0.139,0.321,0.144,0.128,0.618,0.16,0.145,0.138,0.469,0.457,0.161,0.241,0.167,0.32,0.445,0.943,0.645,0.018,0.533,0.28,0.334,0.342,0.123,0.068,0.397,0.127,0.158,0.234,0.678,0.488,0.105,0.277,0.07,0.271,0.407,0.738,0.95,0.028,0.509,0.591,0.287,0.283,0.065,0.065,0.414,0.091,0.116,0.269,0.497,0.376,0.094,0.179,0.091,0.119,0.018,0.269,0.007,0.993,0.018,0.018,0.269,0.018,0.881,0.982,0.018,0.881,0.269,0.007,0.047,0.731,0.018,0.5,0.5,0.384,0.57,0.559,0.428,0.018,0.937,0.479,0.295,0.281,0.147,0.171,0.496,0.213,0.196,0.316,0.464,0.441,0.32,0.329,0.15,0.231,0.517,0.587,0.671,0.011,0.62,0.882,0.209,0.284,0.129,0.101,0.436,0.212,0.086,0.18,0.373,0.408,0.063,0.23,0.162,0.449,0.224,0.472,0.338,0.042,0.269,0.171,0.948,0.185,0.133,0.183,0.222,0.112,0.216,0.232,0.485,0.312,0.16,0.287,0.165,0.299,0.428,0.587,0.417,0.097,0.632,0.313,0.396,0.984,0.119,0.252,0.462,0.087,0.097,0.329,0.369,0.341,0.423,0.5,0.094,0.281,0.119,0.119,0.176,0.079,0.169,0.168,0.085,0.055,0.89,0.707,0.147,0.506,0.429,0.228,0.215,0.396,0.184,0.382,0.757,0.368,0.215,0.285,0.17,0.087,0.252,0.161,0.15,0.192,0.645,0.839,0.174,0.523,0.503,0.203,0.299,0.428,0.205,0.415,0.55,0.233,0.731,0.551,0.361,0.017,0.514,0.587,0.283,0.298,0.081,0.067,0.884,0.177,0.115,0.219,0.46,0.527,0.091,0.255,0.147,0.169,0.195,0.195,0.052,0.071,0.534,0.071,0.052,0.325,0.855,0.704,0.121,0.954,0.5,0.028,0.426,0.524,0.577,0.423,0.577,0.229,0.144,0.195,0.075,0.027,0.177,0.161,0.14,0.173,0.586,0.569,0.108,0.297,0.952,0.249,0.352,0.423,0.491,0.553,0.473,0.381,0.385,0.408,0.508,0.057,0.414,0.263,0.313,0.081,0.074,0.145,0.323,0.102,0.106,0.971,0.47,0.394,0.175,0.201,0.104,0.569,0.321,0.681,0.402,0.045,0.434,0.319,0.423,0.201,0.145,0.127,0.32,0.172,0.186,0.185,0.903,0.66,0.188,0.274,0.171,0.395,0.318,0.534,0.367,0.031,0.396,0.378,0.299,0.171,0.343,0.253,0.407,0.224,0.247,0.204,0.658,0.908,0.121,0.236,0.318,0.334,0.248,0.139,0.088,0.066,0.325,0.148,0.113,0.238,0.309,0.439,0.161,0.141,0.722,0.134,0.196,0.315,0.998,0.806,0.31,0.268,0.231,0.293,0.19,0.04,0.272,0.192,0.213,0.45,0.347,0.331,0.22,0.273,0.723,0.107,0.333,0.302,0.593,0.983,0.339,0.425,0.123,0.127,0.121,0.05,0.219,0.069,0.179,0.101,0.748,0.64,0.189,0.417,0.425,0.171,0.238,0.388,0.189,0.394,0.887
0-211.txt_237,0.949,0.154,0.272,0.267,0.2,0.366,0.439,0.434,0.16,0.184,0.196,0.275,0.241,0.07,0.2,0.676,0.446,0.051,0.114,0.352,0.252,0.982,0.289,0.176,0.04,0.678,0.327,0.292,0.269,0.088,0.274,0.711,0.252,0.065,0.083,0.46,0.423,0.047,0.101,0.121,0.237,0.346,0.987,0.791,0.067,0.449,0.575,0.287,0.478,0.059,0.056,0.448,0.096,0.059,0.162,0.654,0.423,0.045,0.121,0.065,0.308,0.177,0.558,0.989,0.073,0.397,0.618,0.541,0.175,0.06,0.057,0.308,0.086,0.057,0.204,0.489,0.299,0.053,0.064,0.073,0.455,0.066,0.089,0.066,1,0.077,0.062,0.11,0.066,0.162,0.162,0.077,0.162,0.089,0.112,0.422,0.335,0.089,0.089,0.248,0.232,0.621,0.563,0.563,0.04,0.985,0.729,0.139,0.442,0.04,0.065,0.678,0.157,0.033,0.157,0.498,0.327,0.047,0.119,0.065,0.384,0.424,0.428,0.529,0.169,0.647,0.963,0.148,0.318,0.054,0.062,0.588,0.11,0.089,0.257,0.442,0.421,0.093,0.211,0.102,0.315,0.226,0.588,0.316,0.067,0.271,0.286,0.978,0.291,0.139,0.081,0.402,0.106,0.153,0.114,0.384,0.232,0.089,0.134,0.11,0.246,0.269,0.661,0.219,0.062,0.423,0.269,0.095,0.998,0.085,0.071,0.219,0.119,0.407,0.071,0.497,0.397,0.071,0.654,0.062,0.157,0.033,0.051,0.025,0.101,0.051,0.033,0.252,0.161,0.975,0.616,0.047,0.442,0.778,0.033,0.083,0.157,0.329,0.645,0.673,0.206,0.162,0.09,0.054,0.125,0.203,0.096,0.118,0.08,0.689,0.941,0.232,0.715,0.492,0.082,0.174,0.293,0.126,0.236,0.611,0.316,0.673,0.483,0.464,0.066,0.679,0.628,0.181,0.263,0.066,0.076,0.972,0.165,0.054,0.277,0.496,0.398,0.056,0.12,0.101,0.269,0.119,0.047,0.018,0.558,0.269,0.047,0.047,0.119,0.616,0.806,0.119,0.998,0.384,0.047,0.119,0.269,0.119,0.194,0.5,0.107,0.063,0.067,0.084,0.077,0.115,0.069,0.027,0.281,0.473,0.54,0.059,0.447,0.994,0.027,0.099,0.162,0.59,0.855,0.319,0.282,0.172,0.184,0.276,0.079,0.233,0.308,0.259,0.133,0.086,0.188,0.333,0.16,0.052,0.997,0.346,0.233,0.04,0.05,0.121,0.479,0.257,0.544,0.463,0.154,0.415,0.457,0.314,0.187,0.175,0.091,0.376,0.202,0.064,0.267,0.945,0.733,0.043,0.107,0.168,0.352,0.282,0.359,0.271,0.166,0.364,0.425,0.178,0.16,0.318,0.149,0.472,0.247,0.116,0.154,0.571,0.975,0.091,0.192,0.359,0.047,0.047,0.018,0.007,0.047,0.119,0.047,0.047,0.047,0.047,0.119,0.018,0.119,0.731,0.018,0.047,0.047,1,0.881,0.047,0.272,0.09,0.106,0.211,0.252,0.119,0.106,0.05,0.5,0.225,0.179,0.09,0.209,0.765,0.225,0.149,0.179,0.606,0.997,0.272,0.415,0.102,0.164,0.078,0.207,0.192,0.118,0.072,0.095,0.733,0.601,0.127,0.58,0.324,0.096,0.296,0.446,0.12,0.249,0.955
0-211.txt_239,0.818,0.277,0.259,0.207,0.194,0.339,0.309,0.379,0.236,0.272,0.259,0.277,0.246,0.161,0.347,0.591,0.464,0.092,0.155,0.39,0.274,0.882,0.365,0.227,0.122,0.55,0.414,0.205,0.401,0.202,0.201,0.598,0.234,0.154,0.256,0.442,0.376,0.157,0.255,0.244,0.201,0.325,0.955,0.447,0.077,0.391,0.369,0.326,0.465,0.152,0.115,0.3,0.127,0.192,0.151,0.533,0.386,0.053,0.241,0.137,0.241,0.281,0.6,0.917,0.049,0.445,0.663,0.266,0.258,0.092,0.106,0.309,0.11,0.064,0.283,0.473,0.311,0.068,0.101,0.106,0.207,0.088,0.112,0.107,0.996,0.114,0.063,0.089,0.102,0.146,0.163,0.09,0.117,0.13,0.11,0.226,0.244,0.133,0.09,0.167,0.286,0.56,0.382,0.438,0.068,0.881,0.597,0.192,0.417,0.169,0.215,0.534,0.229,0.13,0.274,0.483,0.347,0.091,0.152,0.198,0.291,0.352,0.386,0.549,0.092,0.614,0.898,0.257,0.385,0.166,0.17,0.455,0.184,0.102,0.357,0.489,0.369,0.083,0.154,0.216,0.422,0.242,0.407,0.341,0.109,0.333,0.335,0.915,0.249,0.088,0.119,0.307,0.122,0.109,0.327,0.486,0.329,0.105,0.133,0.152,0.283,0.447,0.431,0.279,0.077,0.571,0.343,0.171,0.948,0.172,0.224,0.423,0.22,0.243,0.246,0.439,0.347,0.129,0.438,0.214,0.219,0.112,0.057,0.085,0.176,0.15,0.1,0.065,0.101,0.928,0.692,0.075,0.552,0.291,0.107,0.165,0.301,0.039,0.156,0.875,0.227,0.166,0.113,0.11,0.114,0.206,0.168,0.107,0.154,0.6,0.869,0.164,0.547,0.459,0.186,0.219,0.261,0.147,0.24,0.594,0.192,0.738,0.396,0.244,0.053,0.617,0.484,0.147,0.195,0.106,0.091,0.95,0.151,0.094,0.163,0.361,0.272,0.061,0.085,0.129,0.327,0.225,0.204,0.154,0.12,0.32,0.175,0.171,0.264,0.584,0.621,0.221,0.915,0.316,0.149,0.275,0.358,0.17,0.191,0.522,0.163,0.146,0.082,0.065,0.112,0.165,0.086,0.099,0.255,0.406,0.451,0.103,0.342,0.937,0.117,0.187,0.171,0.286,0.778,0.385,0.34,0.262,0.231,0.21,0.121,0.29,0.297,0.213,0.241,0.151,0.174,0.288,0.155,0.117,0.964,0.461,0.341,0.078,0.141,0.203,0.518,0.306,0.406,0.349,0.168,0.437,0.398,0.373,0.315,0.15,0.161,0.3,0.177,0.131,0.387,0.875,0.564,0.139,0.186,0.24,0.401,0.293,0.354,0.215,0.188,0.345,0.321,0.242,0.253,0.289,0.263,0.301,0.312,0.151,0.257,0.617,0.878,0.111,0.163,0.397,0.163,0.288,0.25,0.195,0.163,0.274,0.212,0.245,0.189,0.112,0.204,0.281,0.217,0.45,0.293,0.342,0.291,0.965,0.551,0.185,0.132,0.205,0.225,0.092,0.144,0.144,0.112,0.102,0.569,0.187,0.322,0.13,0.182,0.803,0.132,0.224,0.232,0.542,0.977,0.214,0.352,0.185,0.144,0.114,0.155,0.198,0.178,0.127,0.178,0.713,0.577,0.187,0.454,0.264,0.212,0.303,0.389,0.094,0.198,0.896
0-211.txt_241,0.753,0.155,0.257,0.187,0.324,0.273,0.194,0.467,0.176,0.49,0.444,0.158,0.465,0.488,0.296,0.517,0.498,0.251,0.267,0.495,0.358,0.863,0.331,0.16,0.15,0.527,0.299,0.227,0.41,0.301,0.193,0.702,0.333,0.245,0.237,0.414,0.302,0.308,0.293,0.221,0.437,0.195,0.784,0.363,0.136,0.238,0.235,0.41,0.211,0.525,0.337,0.212,0.309,0.364,0.216,0.548,0.419,0.287,0.226,0.489,0.364,0.3,0.578,0.798,0.065,0.479,0.682,0.497,0.306,0.138,0.122,0.424,0.214,0.155,0.26,0.522,0.321,0.277,0.252,0.12,0.374,0.052,0.234,0.068,0.967,0.023,0.02,0.37,0.14,0.578,0.481,0.048,0.412,0.503,0.186,0.292,0.278,0.209,0.402,0.456,0.387,0.355,0.351,0.282,0.181,0.697,0.484,0.388,0.321,0.265,0.255,0.43,0.471,0.317,0.458,0.502,0.397,0.24,0.185,0.329,0.293,0.356,0.427,0.67,0.093,0.629,0.927,0.251,0.56,0.173,0.16,0.41,0.236,0.18,0.257,0.459,0.264,0.211,0.163,0.219,0.555,0.133,0.358,0.183,0.255,0.232,0.158,0.875,0.193,0.268,0.244,0.171,0.312,0.326,0.224,0.512,0.313,0.301,0.207,0.247,0.176,0.603,0.463,0.295,0.169,0.446,0.206,0.255,0.945,0.319,0.181,0.446,0.174,0.358,0.366,0.468,0.435,0.189,0.533,0.287,0.433,0.079,0.187,0.143,0.27,0.175,0.114,0.267,0.15,0.902,0.679,0.117,0.622,0.546,0.12,0.368,0.374,0.282,0.358,0.716,0.339,0.107,0.15,0.073,0.28,0.151,0.09,0.175,0.131,0.762,0.873,0.103,0.729,0.697,0.164,0.24,0.346,0.398,0.399,0.654,0.256,0.684,0.519,0.405,0.104,0.595,0.544,0.273,0.495,0.211,0.221,0.738,0.231,0.233,0.251,0.513,0.387,0.182,0.201,0.273,0.486,0.13,0.182,0.092,0.381,0.248,0.114,0.332,0.182,0.681,0.702,0.139,0.759,0.705,0.07,0.455,0.528,0.399,0.448,0.64,0.403,0.053,0.088,0.033,0.379,0.129,0.065,0.353,0.11,0.648,0.698,0.08,0.639,0.931,0.101,0.257,0.241,0.589,0.615,0.541,0.329,0.191,0.19,0.217,0.118,0.224,0.183,0.3,0.278,0.279,0.304,0.194,0.291,0.253,0.931,0.558,0.443,0.242,0.223,0.301,0.588,0.19,0.381,0.215,0.337,0.271,0.219,0.523,0.227,0.339,0.312,0.218,0.423,0.366,0.335,0.739,0.581,0.302,0.254,0.393,0.457,0.171,0.281,0.192,0.252,0.269,0.182,0.292,0.17,0.482,0.441,0.263,0.513,0.433,0.366,0.573,0.725,0.303,0.248,0.477,0.182,0.1,0.176,0.037,0.321,0.202,0.143,0.109,0.162,0.485,0.476,0.141,0.441,0.683,0.071,0.222,0.259,0.995,0.746,0.381,0.329,0.133,0.185,0.075,0.233,0.192,0.091,0.293,0.375,0.373,0.563,0.142,0.424,0.865,0.152,0.351,0.274,0.512,0.882,0.322,0.464,0.212,0.166,0.105,0.304,0.191,0.149,0.228,0.087,0.772,0.701,0.161,0.604,0.599,0.19,0.334,0.459,0.276,0.304,0.759
0-211.txt_243,0.738,0.451,0.259,0.208,0.184,0.372,0.32,0.229,0.253,0.3,0.344,0.371,0.257,0.138,0.148,0.399,0.272,0.101,0.137,0.368,0.335,0.809,0.411,0.337,0.091,0.645,0.525,0.157,0.523,0.209,0.194,0.665,0.198,0.177,0.21,0.317,0.31,0.172,0.174,0.216,0.317,0.439,0.727,0.485,0.044,0.393,0.585,0.086,0.17,0.132,0.079,0.424,0.138,0.097,0.25,0.477,0.342,0.03,0.132,0.072,0.319,0.471,0.469,0.859,0.114,0.536,0.667,0.125,0.511,0.188,0.132,0.474,0.139,0.179,0.267,0.338,0.239,0.015,0.051,0.213,0.544,0.33,0.318,0.337,0.647,0.279,0.446,0.293,0.331,0.342,0.525,0.242,0.534,0.336,0.23,0.5,0.272,0.167,0.216,0.407,0.362,0.633,0.302,0.382,0.023,0.827,0.701,0.109,0.478,0.153,0.154,0.53,0.301,0.119,0.195,0.295,0.317,0.155,0.173,0.19,0.245,0.355,0.346,0.609,0.014,0.603,0.902,0.171,0.312,0.108,0.153,0.321,0.14,0.183,0.166,0.343,0.288,0.087,0.149,0.191,0.411,0.346,0.417,0.324,0.115,0.306,0.303,0.807,0.34,0.073,0.086,0.318,0.097,0.099,0.159,0.297,0.184,0.098,0.1,0.104,0.301,0.628,0.461,0.279,0.125,0.537,0.525,0.126,0.826,0.133,0.233,0.522,0.217,0.302,0.346,0.297,0.287,0.086,0.417,0.16,0.26,0.218,0.076,0.085,0.106,0.142,0.153,0.078,0.196,0.896,0.687,0.134,0.616,0.347,0.132,0.108,0.2,0.206,0.187,0.775,0.215,0.191,0.092,0.098,0.131,0.141,0.132,0.092,0.183,0.712,0.809,0.156,0.681,0.442,0.113,0.114,0.182,0.153,0.237,0.578,0.322,0.855,0.312,0.374,0.066,0.488,0.451,0.153,0.45,0.1,0.24,0.874,0.201,0.128,0.155,0.333,0.253,0.094,0.093,0.204,0.237,0.393,0.142,0.123,0.147,0.395,0.192,0.077,0.183,0.557,0.657,0.255,0.801,0.338,0.255,0.146,0.222,0.11,0.109,0.464,0.415,0.208,0.137,0.104,0.151,0.166,0.151,0.157,0.228,0.455,0.671,0.12,0.615,0.772,0.082,0.153,0.171,0.188,0.348,0.378,0.486,0.33,0.395,0.364,0.054,0.309,0.341,0.427,0.421,0.182,0.15,0.318,0.096,0.194,0.902,0.347,0.213,0.122,0.137,0.151,0.531,0.191,0.409,0.34,0.134,0.279,0.316,0.25,0.202,0.145,0.12,0.224,0.144,0.082,0.221,0.778,0.577,0.036,0.1,0.17,0.425,0.319,0.35,0.335,0.14,0.3,0.375,0.077,0.313,0.218,0.23,0.219,0.12,0.191,0.256,0.596,0.883,0.03,0.11,0.215,0.937,0.444,0.138,0.253,0.143,0.464,0.5,0.083,0.138,0.069,0.119,0.449,0.384,0.143,0.143,0.384,0.269,0.75,0.158,0.083,0.155,0.311,0.232,0.318,0.366,0.43,0.337,0.188,0.692,0.582,0.511,0.14,0.513,0.58,0.177,0.122,0.179,0.577,0.913,0.423,0.358,0.11,0.16,0.124,0.197,0.139,0.144,0.107,0.13,0.794,0.419,0.102,0.505,0.4,0.092,0.206,0.342,0.147,0.217,0.835
0-211.txt_245,0.895,0.203,0.25,0.297,0.178,0.28,0.345,0.291,0.157,0.233,0.161,0.286,0.176,0.119,0.359,0.652,0.56,0.053,0.117,0.377,0.265,0.947,0.362,0.257,0.068,0.52,0.48,0.239,0.319,0.156,0.114,0.757,0.167,0.074,0.188,0.392,0.322,0.08,0.132,0.19,0.312,0.395,0.962,0.525,0.141,0.41,0.391,0.276,0.324,0.163,0.128,0.522,0.161,0.09,0.158,0.576,0.447,0.037,0.151,0.205,0.36,0.261,0.487,0.945,0.096,0.408,0.696,0.272,0.203,0.147,0.095,0.462,0.121,0.08,0.265,0.46,0.264,0.036,0.113,0.208,0.453,0.305,0.3,0.32,0.986,0.294,0.368,0.173,0.186,0.284,0.187,0.386,0.198,0.13,0.236,0.527,0.337,0.18,0.23,0.308,0.324,0.548,0.313,0.297,0.049,0.958,0.702,0.229,0.396,0.132,0.178,0.606,0.243,0.075,0.246,0.381,0.243,0.075,0.166,0.213,0.296,0.429,0.33,0.604,0.045,0.636,0.969,0.234,0.281,0.079,0.086,0.612,0.126,0.047,0.219,0.387,0.307,0.051,0.089,0.152,0.445,0.398,0.349,0.328,0.123,0.286,0.415,0.904,0.152,0.126,0.119,0.411,0.146,0.085,0.153,0.45,0.264,0.119,0.102,0.202,0.271,0.445,0.349,0.228,0.18,0.613,0.401,0.123,0.979,0.107,0.147,0.325,0.141,0.141,0.211,0.464,0.287,0.23,0.457,0.202,0.334,0.273,0.23,0.128,0.171,0.167,0.156,0.125,0.102,0.89,0.531,0.265,0.507,0.228,0.164,0.348,0.378,0.057,0.158,0.709,0.289,0.174,0.155,0.075,0.168,0.194,0.176,0.058,0.085,0.564,0.866,0.208,0.613,0.422,0.282,0.247,0.252,0.132,0.234,0.505,0.257,0.683,0.361,0.35,0.077,0.583,0.662,0.184,0.218,0.12,0.138,0.953,0.194,0.056,0.221,0.339,0.313,0.075,0.106,0.191,0.356,0.232,0.154,0.143,0.104,0.222,0.311,0.132,0.122,0.527,0.615,0.285,0.965,0.233,0.387,0.3,0.332,0.1,0.171,0.496,0.328,0.14,0.099,0.151,0.175,0.201,0.277,0.118,0.155,0.402,0.457,0.186,0.341,0.961,0.208,0.242,0.261,0.274,0.599,0.419,0.419,0.206,0.195,0.198,0.072,0.282,0.326,0.175,0.138,0.152,0.131,0.298,0.125,0.099,0.987,0.458,0.385,0.04,0.075,0.194,0.568,0.27,0.394,0.285,0.19,0.33,0.381,0.235,0.199,0.153,0.147,0.376,0.167,0.145,0.404,0.914,0.535,0.097,0.154,0.233,0.599,0.28,0.337,0.273,0.148,0.262,0.354,0.17,0.168,0.273,0.177,0.356,0.211,0.088,0.392,0.622,0.874,0.052,0.129,0.391,0.298,0.276,0.147,0.168,0.129,0.278,0.276,0.176,0.123,0.151,0.281,0.38,0.207,0.348,0.175,0.323,0.221,0.999,0.527,0.201,0.337,0.343,0.313,0.352,0.265,0.224,0.165,0.181,0.551,0.232,0.196,0.281,0.283,0.491,0.063,0.541,0.367,0.301,0.972,0.327,0.49,0.154,0.147,0.21,0.158,0.173,0.268,0.243,0.084,0.62,0.429,0.271,0.362,0.19,0.259,0.341,0.363,0.064,0.126,0.876
0-211.txt_247,0.721,0.381,0.245,0.287,0.149,0.349,0.379,0.307,0.289,0.303,0.213,0.344,0.227,0.124,0.426,0.494,0.403,0.116,0.127,0.378,0.25,0.889,0.349,0.341,0.058,0.68,0.432,0.217,0.545,0.184,0.185,0.728,0.266,0.183,0.213,0.401,0.33,0.325,0.278,0.178,0.243,0.348,0.831,0.64,0.096,0.413,0.467,0.44,0.556,0.136,0.111,0.401,0.2,0.218,0.293,0.541,0.356,0.12,0.222,0.142,0.178,0.288,0.666,0.908,0.149,0.507,0.636,0.297,0.495,0.071,0.077,0.36,0.094,0.099,0.371,0.465,0.374,0.135,0.131,0.07,0.129,0.035,0.081,0.068,0.987,0.039,0.06,0.06,0.143,0.125,0.137,0.047,0.129,0.091,0.133,0.222,0.149,0.198,0.106,0.206,0.234,0.537,0.429,0.464,0.084,0.853,0.648,0.243,0.574,0.196,0.181,0.531,0.221,0.159,0.344,0.546,0.527,0.165,0.257,0.229,0.291,0.569,0.324,0.534,0.065,0.686,0.839,0.299,0.505,0.139,0.246,0.563,0.307,0.15,0.352,0.391,0.344,0.139,0.199,0.202,0.306,0.227,0.329,0.397,0.107,0.24,0.303,0.888,0.242,0.052,0.099,0.194,0.106,0.06,0.187,0.425,0.206,0.103,0.123,0.072,0.232,0.376,0.413,0.353,0.048,0.459,0.291,0.109,0.882,0.126,0.148,0.288,0.268,0.279,0.179,0.32,0.277,0.308,0.575,0.142,0.177,0.286,0.118,0.128,0.184,0.198,0.129,0.118,0.169,0.946,0.719,0.187,0.565,0.414,0.229,0.187,0.376,0.168,0.211,0.725,0.124,0.148,0.176,0.156,0.062,0.155,0.098,0.13,0.162,0.603,0.872,0.162,0.584,0.491,0.162,0.16,0.229,0.2,0.237,0.579,0.231,0.702,0.439,0.293,0.081,0.604,0.49,0.263,0.525,0.14,0.199,0.88,0.27,0.121,0.492,0.467,0.393,0.085,0.161,0.196,0.266,0.345,0.056,0.09,0.046,0.167,0.105,0.061,0.144,0.59,0.777,0.194,0.966,0.303,0.154,0.178,0.292,0.103,0.334,0.571,0.08,0.143,0.075,0.082,0.185,0.206,0.073,0.077,0.35,0.471,0.516,0.115,0.254,0.975,0.119,0.163,0.109,0.391,0.681,0.291,0.33,0.307,0.353,0.332,0.08,0.403,0.39,0.42,0.483,0.104,0.188,0.463,0.18,0.143,0.931,0.499,0.366,0.127,0.156,0.18,0.427,0.323,0.431,0.331,0.091,0.284,0.297,0.443,0.528,0.179,0.178,0.267,0.186,0.177,0.479,0.877,0.515,0.09,0.241,0.21,0.291,0.506,0.371,0.38,0.112,0.401,0.443,0.218,0.325,0.174,0.26,0.48,0.321,0.123,0.298,0.637,0.816,0.112,0.166,0.319,0.135,0.265,0.16,0.159,0.068,0.217,0.187,0.238,0.446,0.209,0.255,0.265,0.17,0.454,0.04,0.122,0.311,0.973,0.64,0.176,0.191,0.266,0.281,0.206,0.143,0.321,0.281,0.232,0.629,0.265,0.299,0.232,0.284,0.636,0.192,0.358,0.187,0.404,0.906,0.285,0.357,0.211,0.208,0.2,0.113,0.233,0.21,0.124,0.249,0.735,0.614,0.181,0.46,0.393,0.185,0.264,0.372,0.128,0.254,0.877
0-211.txt_249,0.924,0.196,0.266,0.296,0.168,0.311,0.34,0.466,0.161,0.104,0.157,0.352,0.168,0.083,0.318,0.603,0.415,0.079,0.172,0.174,0.169,0.972,0.482,0.296,0.045,0.688,0.435,0.078,0.365,0.196,0.205,0.577,0.208,0.2,0.083,0.384,0.313,0.05,0.196,0.16,0.245,0.237,0.972,0.664,0.073,0.305,0.338,0.431,0.309,0.112,0.146,0.38,0.145,0.154,0.121,0.507,0.38,0.05,0.203,0.165,0.224,0.24,0.645,0.983,0.046,0.476,0.734,0.157,0.224,0.12,0.044,0.41,0.073,0.027,0.149,0.615,0.354,0.028,0.056,0.078,0.269,0.045,0.106,0.045,1,0.049,0.043,0.053,0.049,0.249,0.162,0.045,0.162,0.068,0.049,0.467,0.421,0.058,0.058,0.238,0.337,0.423,0.448,0.504,0.089,0.975,0.728,0.371,0.32,0.097,0.129,0.554,0.186,0.112,0.219,0.493,0.38,0.143,0.216,0.145,0.304,0.338,0.375,0.575,0.146,0.707,0.971,0.301,0.27,0.062,0.057,0.577,0.112,0.028,0.152,0.465,0.383,0.05,0.071,0.084,0.537,0.139,0.279,0.177,0.193,0.224,0.292,0.979,0.111,0.097,0.068,0.356,0.089,0.047,0.102,0.403,0.293,0.056,0.054,0.171,0.219,0.219,0.664,0.574,0.047,0.574,0.574,0.397,0.993,0.306,0.052,0.269,0.095,0.071,0.095,0.677,0.269,0.028,0.269,0.121,0.317,0.132,0.176,0.195,0.148,0.174,0.252,0.194,0.086,0.934,0.54,0.307,0.442,0.322,0.104,0.32,0.322,0.086,0.186,0.618,0.258,0.082,0.083,0.062,0.153,0.106,0.079,0.205,0.109,0.63,0.926,0.094,0.629,0.44,0.169,0.167,0.241,0.153,0.331,0.559,0.334,0.654,0.442,0.294,0.072,0.6,0.576,0.204,0.242,0.132,0.132,0.969,0.207,0.061,0.234,0.518,0.447,0.062,0.111,0.173,0.219,0.145,0.071,0.028,0.095,0.296,0.071,0.038,0.169,0.654,0.704,0.349,0.994,0.423,0.047,0.119,0.269,0.145,0.407,0.661,0.162,0.084,0.085,0.059,0.148,0.085,0.075,0.056,0.295,0.377,0.399,0.133,0.329,0.994,0.061,0.173,0.196,0.571,0.874,0.288,0.34,0.27,0.252,0.298,0.084,0.311,0.357,0.259,0.16,0.148,0.09,0.444,0.16,0.056,0.991,0.376,0.404,0.077,0.11,0.163,0.514,0.286,0.488,0.475,0.105,0.378,0.514,0.285,0.274,0.154,0.146,0.447,0.12,0.056,0.267,0.927,0.502,0.037,0.098,0.136,0.5,0.251,0.343,0.243,0.184,0.28,0.25,0.164,0.208,0.296,0.179,0.417,0.249,0.189,0.194,0.576,0.965,0.121,0.203,0.458,0.047,0.018,0.007,0.007,0.047,0.047,0.018,0.047,0.047,0.047,0.119,0.018,0.119,0.5,0.007,0.018,0.047,1,0.881,0.018,0.262,0.138,0.261,0.102,0.212,0.28,0.148,0.095,0.652,0.223,0.318,0.148,0.331,0.846,0.086,0.262,0.271,0.558,0.995,0.223,0.351,0.181,0.092,0.131,0.152,0.132,0.181,0.111,0.113,0.748,0.554,0.166,0.473,0.4,0.077,0.206,0.373,0.121,0.314,0.95
0-211.txt_251,0.857,0.192,0.175,0.222,0.118,0.222,0.251,0.419,0.128,0.342,0.375,0.258,0.292,0.153,0.16,0.37,0.364,0.042,0.11,0.486,0.188,0.985,0.592,0.52,0.027,0.451,0.321,0.433,0.375,0.031,0.039,0.622,0.063,0.039,0.071,0.279,0.136,0.031,0.241,0.104,0.315,0.305,0.985,0.543,0.049,0.467,0.34,0.443,0.342,0.039,0.136,0.429,0.095,0.045,0.089,0.389,0.292,0.177,0.113,0.045,0.204,0.234,0.56,0.939,0.035,0.422,0.507,0.375,0.149,0.042,0.147,0.409,0.072,0.149,0.152,0.277,0.282,0.04,0.255,0.059,0.408,0.285,0.305,0.306,0.072,0.289,0.245,0.375,0.231,0.277,0.295,0.318,0.237,0.268,0.137,0.387,0.33,0.166,0.281,0.328,0.269,0.269,0.46,0.296,0.071,0.82,0.5,0.587,0.219,0.373,0.095,0.627,0.169,0.349,0.095,0.55,0.219,0.047,0.119,0.349,0.5,0.194,0.384,0.931,0.047,0.69,0.931,0.726,0.194,0.033,0.033,0.269,0.083,0.033,0.119,0.575,0.5,0.033,0.083,0.083,0.437,0.207,0.405,0.269,0.046,0.159,0.187,0.913,0.284,0.029,0.033,0.2,0.107,0.047,0.089,0.444,0.339,0.093,0.133,0.111,0.5,0.119,0.119,0.047,0.047,0.119,0.119,0.047,0.998,0.119,0.119,0.047,0.119,0.953,0.018,0.119,0.119,0.5,0.999,0.119,0.159,0.038,0.033,0.158,0.083,0.054,0.04,0.162,0.062,0.835,0.723,0.038,0.619,0.506,0.026,0.054,0.145,0.275,0.499,0.684,0.316,0.093,0.13,0.052,0.088,0.19,0.072,0.252,0.134,0.662,0.761,0.085,0.544,0.375,0.037,0.221,0.385,0.248,0.279,0.612,0.347,0.711,0.328,0.278,0.037,0.626,0.444,0.349,0.267,0.069,0.134,0.902,0.191,0.079,0.169,0.507,0.285,0.113,0.242,0.145,0.269,0.119,0.047,0.018,0.119,0.269,0.119,0.047,0.119,0.731,0.881,0.119,0.999,0.5,0.047,0.119,0.269,0.119,0.269,0.731,0.285,0.18,0.18,0.134,0.07,0.108,0.169,0.049,0.307,0.453,0.532,0.087,0.325,0.938,0.159,0.101,0.099,0.341,0.685,0.348,0.392,0.197,0.278,0.48,0.07,0.271,0.219,0.222,0.12,0.045,0.038,0.338,0.05,0.017,0.971,0.335,0.271,0.017,0.033,0.075,0.405,0.441,0.41,0.387,0.072,0.289,0.362,0.488,0.28,0.117,0.098,0.544,0.106,0.114,0.177,0.868,0.467,0.093,0.225,0.143,0.465,0.31,0.305,0.435,0.111,0.347,0.157,0.175,0.102,0.33,0.274,0.214,0.233,0.478,0.101,0.652,0.892,0.171,0.13,0.385,0.408,0.285,0.305,0.306,0.072,0.289,0.245,0.375,0.231,0.277,0.295,0.318,0.237,0.268,0.137,0.387,0.33,0.166,0.281,0.328,0.224,0.147,0.136,0.069,0.041,0.28,0.09,0.166,0.515,0.226,0.151,0.153,0.138,0.708,0.031,0.229,0.153,0.705,0.982,0.267,0.344,0.115,0.06,0.13,0.097,0.125,0.067,0.157,0.151,0.648,0.695,0.122,0.411,0.461,0.043,0.157,0.274,0.188,0.318,0.864
0-211.txt_253,0.982,0.269,0.119,0.119,0.5,0.269,0.269,0.5,0.119,0.269,0.269,0.269,0.269,0.119,0.269,0.731,0.5,0.047,0.119,0.5,0.269,0.993,0.5,0.119,0.047,0.731,0.5,0.119,0.5,0.047,0.119,0.881,0.269,0.047,0.119,0.269,0.269,0.047,0.119,0.047,0.119,0.5,0.998,0.731,0.047,0.5,0.5,0.5,0.731,0.047,0.047,0.5,0.119,0.047,0.119,0.731,0.5,0.018,0.119,0.047,0.119,0.119,0.731,0.998,0.047,0.5,0.881,0.269,0.269,0.047,0.018,0.269,0.047,0.018,0.269,0.5,0.269,0.018,0.047,0.047,0.5,0.047,0.047,0.047,1,0.047,0.018,0.047,0.047,0.269,0.269,0.047,0.269,0.119,0.047,0.269,0.269,0.119,0.119,0.269,0.269,0.731,0.5,0.5,0.047,0.993,0.881,0.119,0.5,0.047,0.119,0.731,0.5,0.047,0.269,0.5,0.269,0.119,0.269,0.119,0.269,0.5,0.5,0.881,0.018,0.881,0.993,0.119,0.5,0.047,0.047,0.731,0.119,0.047,0.269,0.5,0.269,0.047,0.119,0.119,0.5,0.119,0.5,0.269,0.047,0.119,0.119,0.998,0.119,0.018,0.018,0.119,0.047,0.047,0.119,0.5,0.119,0.047,0.047,0.047,0.119,0.5,0.731,0.269,0.047,0.5,0.5,0.119,1,0.047,0.047,0.269,0.119,0.269,0.119,0.269,0.119,0.119,0.881,0.047,0.269,0.047,0.047,0.047,0.269,0.047,0.047,0.018,0.047,0.982,0.881,0.047,0.731,0.5,0.047,0.119,0.269,0.047,0.269,0.953,0.269,0.119,0.047,0.018,0.269,0.119,0.047,0.018,0.047,0.881,0.982,0.119,0.881,0.5,0.047,0.119,0.269,0.119,0.269,0.731,0.269,0.881,0.5,0.269,0.047,0.731,0.731,0.119,0.269,0.047,0.119,0.993,0.269,0.047,0.269,0.5,0.269,0.047,0.119,0.119,0.269,0.269,0.119,0.047,0.269,0.5,0.119,0.047,0.119,0.731,0.881,0.269,0.993,0.5,0.119,0.269,0.269,0.269,0.269,0.731,0.119,0.047,0.047,0.018,0.119,0.047,0.047,0.047,0.269,0.5,0.5,0.047,0.5,0.998,0.018,0.119,0.119,0.731,0.953,0.269,0.269,0.119,0.119,0.269,0.047,0.269,0.269,0.119,0.119,0.047,0.047,0.269,0.119,0.018,0.999,0.269,0.269,0.018,0.047,0.119,0.731,0.269,0.731,0.5,0.269,0.5,0.5,0.5,0.269,0.119,0.119,0.5,0.269,0.119,0.269,0.982,0.731,0.047,0.119,0.119,0.5,0.269,0.5,0.269,0.269,0.269,0.269,0.119,0.119,0.269,0.269,0.269,0.269,0.119,0.269,0.731,0.993,0.119,0.119,0.5,0.047,0.047,0.018,0.018,0.119,0.119,0.047,0.047,0.119,0.047,0.119,0.047,0.269,0.731,0.018,0.047,0.119,1,0.881,0.047,0.119,0.119,0.119,0.047,0.119,0.269,0.119,0.047,0.881,0.269,0.269,0.119,0.269,0.953,0.047,0.119,0.119,0.881,0.999,0.269,0.5,0.047,0.047,0.047,0.269,0.119,0.119,0.047,0.047,0.953,0.731,0.119,0.731,0.269,0.119,0.119,0.5,0.047,0.269,0.982
0-211.txt_255,0.982,0.119,0.119,0.119,0.5,0.269,0.269,0.5,0.119,0.269,0.119,0.269,0.269,0.119,0.269,0.731,0.5,0.047,0.119,0.5,0.119,0.998,0.5,0.119,0.018,0.731,0.5,0.047,0.5,0.047,0.119,0.881,0.269,0.047,0.119,0.269,0.269,0.047,0.119,0.047,0.119,0.5,0.998,0.731,0.047,0.5,0.5,0.5,0.731,0.047,0.018,0.5,0.119,0.047,0.119,0.731,0.5,0.018,0.119,0.047,0.119,0.119,0.731,0.998,0.018,0.5,0.881,0.269,0.269,0.047,0.018,0.269,0.047,0.018,0.119,0.5,0.269,0.007,0.047,0.047,0.5,0.018,0.047,0.018,1,0.047,0.018,0.047,0.047,0.269,0.269,0.047,0.119,0.047,0.047,0.269,0.269,0.047,0.047,0.269,0.269,0.731,0.5,0.5,0.047,0.998,0.881,0.119,0.5,0.047,0.119,0.731,0.5,0.047,0.269,0.5,0.269,0.119,0.119,0.119,0.269,0.5,0.5,0.881,0.018,0.881,0.993,0.119,0.5,0.047,0.047,0.731,0.119,0.047,0.269,0.5,0.269,0.047,0.119,0.047,0.5,0.047,0.5,0.269,0.047,0.119,0.119,0.998,0.119,0.018,0.018,0.119,0.047,0.047,0.119,0.5,0.119,0.047,0.047,0.047,0.119,0.5,0.731,0.269,0.047,0.5,0.5,0.119,1,0.018,0.047,0.269,0.119,0.269,0.119,0.269,0.119,0.047,0.881,0.047,0.269,0.047,0.047,0.047,0.269,0.047,0.047,0.018,0.018,0.982,0.881,0.047,0.731,0.5,0.047,0.047,0.269,0.047,0.269,0.953,0.119,0.119,0.018,0.018,0.269,0.119,0.047,0.018,0.047,0.881,0.982,0.047,0.881,0.5,0.047,0.047,0.269,0.119,0.269,0.731,0.269,0.881,0.5,0.269,0.047,0.731,0.731,0.119,0.269,0.047,0.047,0.993,0.269,0.047,0.269,0.5,0.269,0.047,0.119,0.119,0.269,0.269,0.119,0.047,0.119,0.5,0.119,0.047,0.119,0.731,0.881,0.269,0.998,0.5,0.047,0.119,0.269,0.119,0.269,0.731,0.119,0.047,0.047,0.018,0.047,0.047,0.047,0.047,0.269,0.5,0.5,0.047,0.5,0.999,0.018,0.047,0.119,0.731,0.953,0.269,0.269,0.119,0.119,0.119,0.047,0.269,0.269,0.119,0.119,0.047,0.047,0.269,0.047,0.018,1,0.269,0.269,0.018,0.047,0.047,0.731,0.269,0.731,0.5,0.269,0.5,0.5,0.5,0.269,0.047,0.047,0.5,0.119,0.047,0.269,0.982,0.881,0.047,0.119,0.119,0.5,0.269,0.5,0.269,0.269,0.269,0.269,0.119,0.119,0.269,0.269,0.269,0.269,0.119,0.269,0.881,0.993,0.047,0.119,0.5,0.047,0.047,0.018,0.007,0.047,0.119,0.047,0.047,0.047,0.047,0.119,0.047,0.119,0.731,0.018,0.047,0.047,1,0.881,0.047,0.119,0.119,0.119,0.047,0.047,0.119,0.119,0.047,0.881,0.269,0.269,0.119,0.269,0.953,0.047,0.119,0.119,0.881,0.999,0.269,0.5,0.047,0.047,0.047,0.269,0.119,0.047,0.047,0.047,0.953,0.731,0.119,0.731,0.269,0.047,0.119,0.5,0.047,0.269,0.982
0-211.txt_257,0.951,0.315,0.209,0.163,0.329,0.322,0.342,0.424,0.196,0.228,0.214,0.368,0.238,0.138,0.219,0.662,0.421,0.111,0.195,0.375,0.21,0.99,0.374,0.166,0.038,0.702,0.494,0.091,0.376,0.082,0.088,0.883,0.194,0.063,0.13,0.297,0.273,0.086,0.146,0.068,0.119,0.467,0.998,0.731,0.047,0.5,0.467,0.467,0.698,0.043,0.043,0.5,0.109,0.043,0.119,0.698,0.5,0.018,0.109,0.047,0.189,0.241,0.707,0.989,0.023,0.538,0.812,0.142,0.326,0.03,0.027,0.411,0.057,0.06,0.131,0.352,0.211,0.039,0.141,0.047,0.488,0.043,0.058,0.039,0.999,0.058,0.026,0.099,0.058,0.368,0.345,0.058,0.281,0.162,0.053,0.281,0.422,0.12,0.242,0.335,0.269,0.628,0.448,0.423,0.034,0.991,0.829,0.196,0.423,0.127,0.101,0.755,0.338,0.034,0.186,0.372,0.269,0.079,0.178,0.13,0.219,0.406,0.482,0.787,0.031,0.704,0.98,0.111,0.372,0.146,0.073,0.554,0.12,0.05,0.186,0.465,0.328,0.041,0.084,0.134,0.463,0.152,0.386,0.24,0.09,0.229,0.209,0.985,0.174,0.072,0.078,0.241,0.114,0.088,0.108,0.425,0.166,0.1,0.104,0.081,0.119,0.5,0.731,0.269,0.047,0.5,0.5,0.119,1,0.047,0.047,0.269,0.119,0.269,0.119,0.269,0.119,0.119,0.881,0.047,0.202,0.052,0.058,0.037,0.15,0.059,0.046,0.021,0.091,0.964,0.731,0.052,0.642,0.504,0.046,0.114,0.296,0.192,0.328,0.803,0.243,0.135,0.06,0.059,0.189,0.115,0.065,0.023,0.061,0.827,0.966,0.134,0.807,0.462,0.047,0.115,0.226,0.111,0.236,0.69,0.447,0.558,0.269,0.194,0.083,0.555,0.555,0.139,0.157,0.292,0.254,0.963,0.252,0.058,0.119,0.537,0.651,0.04,0.119,0.232,0.269,0.214,0.101,0.04,0.232,0.405,0.101,0.04,0.101,0.786,0.843,0.214,0.993,0.442,0.101,0.232,0.269,0.214,0.232,0.794,0.071,0.028,0.018,0.018,0.071,0.028,0.018,0.018,0.169,0.497,0.627,0.028,0.346,0.994,0.018,0.047,0.071,0.5,0.962,0.346,0.25,0.219,0.176,0.347,0.045,0.294,0.324,0.164,0.12,0.098,0.06,0.353,0.115,0.026,0.997,0.26,0.25,0.024,0.05,0.123,0.669,0.264,0.671,0.428,0.234,0.438,0.438,0.413,0.307,0.13,0.115,0.459,0.229,0.16,0.239,0.976,0.685,0.046,0.155,0.17,0.358,0.419,0.472,0.342,0.155,0.417,0.405,0.19,0.183,0.236,0.237,0.573,0.32,0.108,0.212,0.588,0.965,0.083,0.131,0.318,0.089,0.111,0.047,0.088,0.109,0.218,0.292,0.109,0.163,0.089,0.207,0.107,0.248,0.665,0.047,0.111,0.13,1,0.841,0.064,0.119,0.179,0.467,0.197,0.076,0.412,0.179,0.076,0.745,0.15,0.165,0.179,0.209,0.803,0.047,0.225,0.179,0.699,0.995,0.165,0.307,0.165,0.109,0.088,0.175,0.162,0.147,0.069,0.062,0.867,0.613,0.262,0.59,0.247,0.117,0.142,0.363,0.049,0.173,0.956
0-211.txt_259,0.952,0.141,0.13,0.099,0.195,0.302,0.205,0.437,0.109,0.304,0.327,0.292,0.328,0.068,0.254,0.576,0.368,0.06,0.078,0.335,0.391,0.961,0.239,0.165,0.064,0.635,0.528,0.076,0.209,0.261,0.243,0.546,0.209,0.064,0.09,0.65,0.269,0.05,0.09,0.395,0.296,0.215,0.978,0.597,0.063,0.362,0.343,0.545,0.308,0.125,0.099,0.377,0.156,0.071,0.095,0.58,0.285,0.04,0.133,0.17,0.149,0.233,0.576,0.985,0.047,0.377,0.593,0.189,0.202,0.16,0.142,0.323,0.174,0.138,0.295,0.384,0.285,0.031,0.081,0.145,0.447,0.135,0.049,0.038,1,0.073,0.04,0.071,0.057,0.169,0.204,0.065,0.152,0.088,0.049,0.465,0.236,0.063,0.159,0.287,0.391,0.239,0.498,0.663,0.062,0.964,0.591,0.424,0.239,0.223,0.07,0.315,0.135,0.03,0.105,0.697,0.452,0.036,0.062,0.243,0.242,0.275,0.483,0.648,0.044,0.543,0.956,0.193,0.294,0.131,0.121,0.443,0.152,0.052,0.111,0.384,0.553,0.087,0.101,0.24,0.618,0.146,0.506,0.397,0.087,0.219,0.364,0.935,0.12,0.153,0.221,0.298,0.226,0.064,0.207,0.563,0.406,0.047,0.06,0.144,0.119,0.384,0.726,0.625,0.018,0.384,0.384,0.083,0.999,0.018,0.033,0.536,0.119,0.158,0.083,0.269,0.119,0.069,0.625,0.047,0.378,0.085,0.162,0.231,0.132,0.144,0.23,0.143,0.085,0.938,0.56,0.167,0.485,0.357,0.073,0.173,0.376,0.074,0.173,0.763,0.142,0.059,0.04,0.023,0.12,0.069,0.046,0.105,0.186,0.64,0.908,0.059,0.66,0.55,0.03,0.199,0.149,0.269,0.41,0.576,0.387,0.564,0.339,0.299,0.055,0.604,0.596,0.239,0.177,0.091,0.115,0.959,0.154,0.035,0.275,0.41,0.569,0.038,0.086,0.207,0.157,0.292,0.04,0.018,0.101,0.157,0.047,0.025,0.179,0.726,0.69,0.121,0.994,0.505,0.033,0.083,0.232,0.179,0.376,0.631,0.232,0.125,0.079,0.121,0.075,0.087,0.134,0.042,0.225,0.426,0.487,0.093,0.359,0.989,0.114,0.223,0.225,0.394,0.731,0.365,0.331,0.243,0.331,0.135,0.056,0.255,0.209,0.263,0.12,0.064,0.187,0.494,0.15,0.074,0.984,0.408,0.504,0.068,0.234,0.106,0.569,0.337,0.536,0.411,0.131,0.503,0.499,0.448,0.216,0.068,0.068,0.54,0.162,0.064,0.205,0.926,0.587,0.049,0.099,0.11,0.47,0.209,0.476,0.249,0.148,0.343,0.384,0.191,0.152,0.2,0.149,0.3,0.337,0.092,0.251,0.616,0.959,0.084,0.143,0.333,0.349,0.212,0.132,0.108,0.111,0.222,0.363,0.071,0.145,0.188,0.145,0.363,0.169,0.296,0.082,0.185,0.145,1,0.55,0.339,0.197,0.22,0.106,0.054,0.156,0.316,0.136,0.051,0.527,0.363,0.272,0.253,0.217,0.688,0.051,0.327,0.164,0.539,0.989,0.256,0.263,0.127,0.18,0.158,0.169,0.158,0.177,0.057,0.076,0.694,0.512,0.247,0.521,0.258,0.147,0.258,0.548,0.137,0.188,0.92
0-211.txt_261,0.879,0.236,0.212,0.266,0.208,0.285,0.387,0.299,0.16,0.254,0.202,0.329,0.217,0.145,0.256,0.514,0.373,0.093,0.143,0.324,0.333,0.937,0.322,0.269,0.042,0.504,0.482,0.21,0.354,0.145,0.166,0.639,0.226,0.132,0.169,0.3,0.279,0.079,0.17,0.182,0.291,0.348,0.954,0.544,0.05,0.418,0.433,0.327,0.356,0.093,0.154,0.311,0.151,0.106,0.156,0.501,0.295,0.036,0.122,0.131,0.327,0.314,0.53,0.94,0.082,0.43,0.629,0.227,0.207,0.085,0.095,0.361,0.102,0.103,0.155,0.42,0.317,0.065,0.141,0.152,0.611,0.274,0.304,0.069,0.983,0.101,0.083,0.274,0.047,0.387,0.317,0.101,0.252,0.103,0.047,0.367,0.491,0.04,0.065,0.194,0.357,0.647,0.343,0.33,0.039,0.957,0.663,0.159,0.339,0.127,0.26,0.58,0.281,0.171,0.159,0.289,0.305,0.134,0.278,0.192,0.357,0.412,0.334,0.519,0.039,0.681,0.922,0.108,0.303,0.106,0.182,0.607,0.307,0.126,0.207,0.379,0.281,0.08,0.099,0.185,0.548,0.233,0.312,0.301,0.083,0.228,0.246,0.929,0.149,0.095,0.123,0.331,0.108,0.081,0.192,0.449,0.276,0.054,0.108,0.13,0.456,0.349,0.585,0.385,0.062,0.515,0.532,0.331,0.983,0.133,0.148,0.392,0.217,0.21,0.298,0.462,0.335,0.057,0.309,0.127,0.24,0.09,0.118,0.065,0.171,0.083,0.098,0.133,0.066,0.907,0.665,0.111,0.532,0.332,0.098,0.224,0.255,0.065,0.252,0.738,0.299,0.169,0.087,0.099,0.138,0.171,0.121,0.148,0.093,0.606,0.87,0.161,0.604,0.437,0.093,0.185,0.28,0.153,0.244,0.555,0.331,0.747,0.269,0.316,0.05,0.424,0.454,0.258,0.165,0.237,0.167,0.937,0.331,0.05,0.135,0.315,0.352,0.044,0.076,0.273,0.162,0.1,0.16,0.124,0.13,0.174,0.077,0.145,0.074,0.645,0.821,0.164,0.981,0.455,0.051,0.219,0.304,0.117,0.275,0.668,0.172,0.104,0.054,0.056,0.068,0.127,0.097,0.041,0.228,0.49,0.647,0.097,0.531,0.967,0.041,0.093,0.146,0.416,0.761,0.369,0.51,0.265,0.272,0.218,0.151,0.291,0.33,0.143,0.189,0.175,0.158,0.297,0.144,0.113,0.963,0.383,0.395,0.134,0.132,0.288,0.553,0.395,0.459,0.42,0.16,0.465,0.395,0.305,0.223,0.105,0.123,0.487,0.152,0.085,0.12,0.865,0.544,0.079,0.116,0.166,0.471,0.236,0.334,0.316,0.147,0.399,0.325,0.21,0.162,0.27,0.223,0.261,0.206,0.122,0.205,0.607,0.914,0.069,0.097,0.369,0.223,0.189,0.026,0.022,0.043,0.131,0.197,0.041,0.252,0.06,0.176,0.153,0.141,0.598,0.157,0.087,0.147,0.999,0.827,0.055,0.187,0.17,0.137,0.193,0.071,0.297,0.127,0.118,0.424,0.297,0.309,0.131,0.194,0.668,0.16,0.102,0.12,0.497,0.967,0.417,0.444,0.171,0.108,0.134,0.138,0.196,0.209,0.11,0.093,0.675,0.486,0.163,0.44,0.258,0.101,0.232,0.431,0.08,0.227,0.896
0-211.txt_263,0.791,0.183,0.273,0.377,0.1,0.154,0.236,0.222,0.18,0.228,0.298,0.327,0.161,0.109,0.393,0.493,0.476,0.053,0.298,0.41,0.317,0.889,0.331,0.12,0.094,0.361,0.361,0.227,0.294,0.161,0.243,0.55,0.195,0.05,0.438,0.378,0.491,0.03,0.09,0.301,0.37,0.263,0.97,0.487,0.05,0.346,0.552,0.221,0.307,0.177,0.12,0.476,0.179,0.13,0.265,0.612,0.369,0.029,0.095,0.134,0.265,0.113,0.539,0.971,0.03,0.39,0.736,0.319,0.216,0.099,0.03,0.27,0.046,0.062,0.162,0.526,0.333,0.038,0.123,0.119,0.314,0.023,0.049,0.023,1,0.031,0.027,0.287,0.026,0.446,0.218,0.031,0.13,0.064,0.045,0.271,0.271,0.064,0.173,0.248,0.463,0.442,0.375,0.232,0.04,0.98,0.537,0.101,0.232,0.204,0.083,0.815,0.328,0.033,0.101,0.48,0.347,0.025,0.047,0.121,0.432,0.381,0.465,0.47,0.023,0.554,0.911,0.114,0.202,0.028,0.028,0.761,0.076,0.218,0.187,0.32,0.356,0.023,0.077,0.11,0.361,0.167,0.239,0.348,0.043,0.294,0.15,0.934,0.114,0.063,0.116,0.267,0.067,0.168,0.164,0.408,0.417,0.078,0.152,0.136,0.095,0.219,0.296,0.651,0.062,0.587,0.497,0.062,0.978,0.49,0.413,0.219,0.272,0.145,0.071,0.119,0.119,0.062,0.296,0.389,0.373,0.064,0.104,0.114,0.12,0.148,0.113,0.119,0.073,0.922,0.615,0.144,0.537,0.491,0.27,0.254,0.27,0.101,0.294,0.636,0.341,0.108,0.174,0.104,0.263,0.109,0.175,0.057,0.104,0.587,0.873,0.129,0.52,0.42,0.117,0.176,0.318,0.121,0.408,0.638,0.224,0.578,0.433,0.305,0.117,0.479,0.452,0.197,0.288,0.19,0.131,0.895,0.109,0.109,0.3,0.475,0.394,0.027,0.157,0.184,0.269,0.119,0.047,0.018,0.119,0.269,0.047,0.047,0.119,0.731,0.881,0.119,0.999,0.5,0.047,0.119,0.269,0.119,0.269,0.5,0.255,0.053,0.231,0.141,0.049,0.138,0.114,0.038,0.214,0.328,0.539,0.138,0.351,0.977,0.024,0.112,0.349,0.603,0.82,0.185,0.435,0.182,0.308,0.259,0.059,0.338,0.486,0.222,0.096,0.247,0.173,0.525,0.132,0.045,0.97,0.575,0.599,0.028,0.047,0.437,0.396,0.321,0.498,0.445,0.083,0.373,0.48,0.473,0.168,0.096,0.111,0.543,0.166,0.226,0.154,0.875,0.526,0.095,0.187,0.197,0.45,0.211,0.384,0.244,0.102,0.306,0.298,0.147,0.132,0.401,0.257,0.349,0.218,0.198,0.228,0.579,0.917,0.111,0.187,0.348,0.018,0.018,0.007,0.007,0.047,0.047,0.018,0.018,0.047,0.018,0.047,0.018,0.119,0.5,0.007,0.018,0.018,1,0.731,0.018,0.197,0.183,0.074,0.041,0.045,0.267,0.214,0.091,0.677,0.305,0.163,0.095,0.162,0.91,0.031,0.088,0.088,0.5,0.992,0.254,0.183,0.047,0.172,0.169,0.265,0.059,0.184,0.021,0.033,0.781,0.747,0.054,0.669,0.321,0.19,0.083,0.169,0.038,0.132,0.895
0-211.txt_265,0.608,0.281,0.303,0.286,0.347,0.163,0.327,0.162,0.208,0.258,0.412,0.416,0.425,0.322,0.133,0.596,0.41,0.141,0.263,0.336,0.04,0.998,0.234,0.033,0.136,0.537,0.329,0.023,0.083,0.256,0.058,0.671,0.058,0.02,0.025,0.083,0.482,0.017,0.234,0.226,0.095,0.095,0.997,0.373,0.014,0.169,0.219,0.5,0.601,0.082,0.014,0.373,0.038,0.014,0.038,0.577,0.534,0.009,0.028,0.209,0.079,0.105,0.618,0.959,0.04,0.476,0.788,0.354,0.155,0.131,0.023,0.416,0.05,0.015,0.07,0.305,0.292,0.008,0.176,0.207,0.047,0.018,0.047,0.119,0.5,0.018,0.007,0.007,0.007,0.731,0.993,0.018,0.999,0.119,0.007,0.018,0.047,0.018,0.047,0.5,0.12,0.285,0.281,0.448,0.019,0.822,0.645,0.048,0.191,0.217,0.255,0.721,0.293,0.393,0.085,0.304,0.333,0.209,0.064,0.181,0.263,0.149,0.366,0.551,0.025,0.535,0.844,0.17,0.278,0.262,0.125,0.53,0.21,0.085,0.154,0.307,0.401,0.085,0.124,0.315,0.318,0.049,0.514,0.528,0.028,0.049,0.151,0.99,0.052,0.082,0.067,0.122,0.019,0.096,0.13,0.363,0.088,0.11,0.083,0.085,0.269,0.194,0.5,0.425,0.631,0.857,0.384,0.31,0.995,0.143,0.018,0.937,0.047,0.018,0.033,0.119,0.389,0.018,0.194,0.31,0.271,0.176,0.182,0.148,0.313,0.166,0.275,0.121,0.137,0.742,0.508,0.397,0.461,0.468,0.081,0.273,0.509,0.38,0.459,0.75,0.391,0.118,0.159,0.091,0.226,0.197,0.078,0.057,0.147,0.708,0.764,0.182,0.649,0.581,0.082,0.232,0.224,0.18,0.295,0.794,0.156,0.551,0.429,0.384,0.036,0.61,0.567,0.161,0.295,0.084,0.144,0.887,0.156,0.039,0.194,0.37,0.457,0.068,0.139,0.239,0.083,0.083,0.012,0.007,0.047,0.083,0.018,0.012,0.033,0.616,0.931,0.033,1,0.194,0.012,0.033,0.083,0.464,0.083,0.5,0.095,0.031,0.149,0.013,0.326,0.067,0.016,0.01,0.151,0.464,0.413,0.016,0.459,0.954,0.007,0.073,0.164,0.64,0.836,0.391,0.145,0.135,0.339,0.5,0.028,0.423,0.661,0.574,0.135,0.198,0.111,0.145,0.047,0.188,0.817,0.473,0.299,0.024,0.038,0.222,0.348,0.395,0.62,0.35,0.209,0.486,0.486,0.176,0.313,0.4,0.094,0.555,0.152,0.016,0.042,0.737,0.641,0.011,0.08,0.337,0.203,0.385,0.364,0.218,0.061,0.341,0.459,0.117,0.245,0.261,0.131,0.617,0.12,0.052,0.049,0.559,0.904,0.017,0.217,0.392,0.233,0.24,0.342,0.33,0.152,0.341,0.4,0.212,0.216,0.34,0.268,0.444,0.268,0.244,0.115,0.338,0.409,0.156,0.25,0.402,0.028,0.018,0.024,0.009,0.018,0.028,0.014,0.01,0.219,0.111,0.145,0.014,0.198,0.977,0.007,0.33,0.038,0.744,0.999,0.188,0.233,0.095,0.157,0.167,0.364,0.206,0.265,0.061,0.261,0.732,0.347,0.399,0.315,0.171,0.152,0.211,0.668,0.028,0.294,0.957
0-211.txt_267,0.887,0.191,0.243,0.235,0.155,0.308,0.242,0.398,0.135,0.245,0.239,0.32,0.308,0.196,0.191,0.573,0.412,0.104,0.194,0.364,0.237,0.931,0.315,0.311,0.037,0.492,0.338,0.124,0.27,0.164,0.183,0.594,0.263,0.176,0.059,0.301,0.251,0.079,0.289,0.152,0.311,0.282,0.962,0.546,0.057,0.326,0.362,0.412,0.266,0.155,0.145,0.359,0.144,0.203,0.122,0.458,0.457,0.072,0.188,0.175,0.264,0.201,0.58,0.948,0.035,0.332,0.548,0.354,0.261,0.067,0.119,0.427,0.178,0.116,0.2,0.356,0.315,0.117,0.245,0.129,0.398,0.245,0.375,0.342,0.081,0.339,0.318,0.325,0.2,0.268,0.27,0.321,0.274,0.273,0.154,0.414,0.37,0.17,0.275,0.292,0.268,0.355,0.433,0.378,0.05,0.96,0.581,0.163,0.282,0.185,0.23,0.402,0.323,0.168,0.144,0.398,0.271,0.119,0.23,0.257,0.343,0.263,0.464,0.633,0.035,0.665,0.927,0.181,0.293,0.029,0.036,0.507,0.086,0.063,0.17,0.478,0.326,0.072,0.088,0.055,0.445,0.148,0.399,0.258,0.068,0.18,0.241,0.963,0.132,0.142,0.115,0.253,0.08,0.137,0.134,0.408,0.247,0.116,0.223,0.158,0.159,0.292,0.494,0.357,0.029,0.565,0.405,0.053,0.982,0.139,0.117,0.272,0.211,0.194,0.195,0.299,0.357,0.16,0.427,0.133,0.239,0.144,0.179,0.13,0.11,0.155,0.115,0.211,0.063,0.874,0.58,0.118,0.507,0.352,0.084,0.246,0.381,0.186,0.255,0.679,0.304,0.115,0.135,0.1,0.089,0.19,0.148,0.179,0.105,0.544,0.835,0.149,0.605,0.485,0.119,0.227,0.361,0.211,0.266,0.518,0.323,0.526,0.401,0.384,0.069,0.636,0.583,0.13,0.213,0.115,0.084,0.925,0.188,0.109,0.239,0.41,0.268,0.112,0.15,0.107,0.461,0.079,0.158,0.112,0.102,0.158,0.146,0.258,0.064,0.7,0.653,0.145,0.976,0.423,0.047,0.263,0.176,0.136,0.143,0.634,0.281,0.137,0.208,0.185,0.109,0.169,0.096,0.184,0.128,0.442,0.462,0.138,0.337,0.957,0.102,0.159,0.162,0.38,0.525,0.402,0.309,0.215,0.416,0.238,0.057,0.352,0.233,0.166,0.368,0.158,0.227,0.332,0.133,0.099,0.949,0.423,0.317,0.172,0.327,0.166,0.448,0.213,0.548,0.482,0.103,0.324,0.319,0.41,0.175,0.178,0.127,0.306,0.147,0.168,0.146,0.87,0.556,0.097,0.25,0.144,0.516,0.209,0.315,0.297,0.119,0.268,0.25,0.271,0.11,0.299,0.216,0.242,0.244,0.195,0.159,0.532,0.891,0.104,0.158,0.351,0.204,0.035,0.105,0.098,0.043,0.124,0.039,0.068,0.167,0.331,0.363,0.079,0.22,0.59,0.021,0.111,0.124,0.999,0.618,0.33,0.322,0.269,0.264,0.206,0.052,0.346,0.214,0.12,0.438,0.185,0.187,0.236,0.192,0.634,0.061,0.346,0.333,0.534,0.97,0.247,0.313,0.05,0.098,0.105,0.085,0.113,0.172,0.188,0.067,0.66,0.527,0.059,0.504,0.453,0.089,0.187,0.331,0.22,0.295,0.915
0-211.txt_269,0.618,0.31,0.251,0.3,0.117,0.369,0.689,0.198,0.147,0.3,0.234,0.507,0.279,0.061,0.153,0.556,0.516,0.032,0.128,0.398,0.13,0.951,0.221,0.244,0.256,0.523,0.45,0.14,0.21,0.267,0.045,0.785,0.054,0.017,0.103,0.314,0.352,0.025,0.082,0.255,0.182,0.292,0.805,0.579,0.124,0.38,0.377,0.351,0.308,0.275,0.148,0.492,0.287,0.212,0.046,0.377,0.354,0.123,0.175,0.235,0.11,0.298,0.576,0.901,0.028,0.381,0.723,0.476,0.064,0.05,0.027,0.391,0.056,0.017,0.041,0.271,0.229,0.012,0.149,0.16,0.575,0.033,0.033,0.012,1,0.033,0.018,0.143,0.033,0.389,0.575,0.033,0.5,0.31,0.033,0.425,0.269,0.047,0.536,0.464,0.047,0.616,0.158,0.69,0.007,0.857,0.857,0.018,0.083,0.063,0.012,0.993,0.389,0.138,0.194,0.119,0.5,0.007,0.143,0.018,0.332,0.331,0.428,0.531,0.049,0.676,0.851,0.199,0.346,0.216,0.133,0.594,0.109,0.112,0.209,0.331,0.501,0.091,0.136,0.378,0.211,0.092,0.604,0.564,0.022,0.164,0.282,0.893,0.062,0.04,0.043,0.158,0.027,0.117,0.038,0.423,0.237,0.023,0.072,0.042,0.225,0.157,0.378,0.127,0.508,0.426,0.371,0.249,0.874,0.426,0.257,0.588,0.195,0.683,0.082,0.38,0.576,0.07,0.255,0.626,0.45,0.138,0.15,0.042,0.306,0.279,0.071,0.236,0.039,0.85,0.478,0.179,0.431,0.232,0.094,0.282,0.477,0.04,0.163,0.69,0.227,0.06,0.131,0.072,0.162,0.135,0.167,0.042,0.21,0.675,0.859,0.19,0.757,0.449,0.093,0.179,0.298,0.096,0.232,0.768,0.234,0.474,0.333,0.265,0.171,0.527,0.541,0.152,0.164,0.182,0.193,0.897,0.226,0.155,0.172,0.314,0.429,0.02,0.105,0.346,0.309,0.062,0.118,0.022,0.219,0.242,0.194,0.18,0.2,0.796,0.754,0.256,0.966,0.286,0.182,0.221,0.272,0.312,0.369,0.83,0.227,0.047,0.099,0.145,0.257,0.09,0.083,0.092,0.074,0.458,0.556,0.068,0.502,0.904,0.029,0.247,0.215,0.373,0.613,0.435,0.246,0.071,0.299,0.373,0.315,0.246,0.323,0.674,0.272,0.188,0.034,0.373,0.062,0.098,0.743,0.296,0.5,0.337,0.052,0.265,0.415,0.158,0.454,0.343,0.093,0.48,0.326,0.224,0.199,0.311,0.162,0.495,0.227,0.142,0.255,0.648,0.571,0.02,0.134,0.339,0.255,0.201,0.279,0.27,0.065,0.375,0.547,0.158,0.32,0.393,0.176,0.493,0.199,0.071,0.067,0.389,0.801,0.123,0.276,0.446,0.135,0.108,0.108,0.251,0.5,0.058,0.259,0.02,0.111,0.524,0.323,0.108,0.373,0.827,0.032,0.212,0.363,0.981,0.704,0.651,0.084,0.25,0.16,0.096,0.051,0.344,0.29,0.021,0.483,0.533,0.283,0.236,0.276,0.608,0.018,0.269,0.391,0.578,0.862,0.496,0.159,0.208,0.308,0.179,0.037,0.249,0.342,0.087,0.222,0.52,0.26,0.505,0.26,0.108,0.371,0.244,0.543,0.015,0.2,0.625
0-211.txt_271,0.859,0.169,0.178,0.168,0.226,0.235,0.223,0.378,0.167,0.276,0.247,0.16,0.303,0.176,0.19,0.507,0.455,0.066,0.125,0.443,0.3,0.974,0.271,0.213,0.161,0.464,0.44,0.211,0.467,0.038,0.101,0.815,0.351,0.099,0.129,0.32,0.195,0.105,0.231,0.087,0.348,0.48,0.901,0.701,0.034,0.441,0.351,0.275,0.513,0.193,0.204,0.488,0.189,0.095,0.105,0.471,0.367,0.113,0.188,0.186,0.16,0.319,0.623,0.965,0.043,0.347,0.684,0.269,0.353,0.089,0.082,0.326,0.059,0.197,0.157,0.314,0.239,0.136,0.15,0.161,0.442,0.385,0.425,0.292,0.939,0.352,0.273,0.177,0.326,0.357,0.285,0.305,0.318,0.202,0.15,0.537,0.34,0.055,0.297,0.311,0.266,0.549,0.253,0.343,0.044,0.914,0.755,0.248,0.438,0.141,0.192,0.656,0.246,0.072,0.314,0.355,0.36,0.086,0.196,0.129,0.318,0.48,0.359,0.706,0.159,0.604,0.958,0.178,0.424,0.144,0.146,0.482,0.13,0.236,0.244,0.325,0.229,0.072,0.183,0.135,0.367,0.185,0.321,0.223,0.082,0.167,0.204,0.947,0.115,0.057,0.066,0.204,0.114,0.072,0.12,0.406,0.194,0.1,0.058,0.108,0.37,0.511,0.633,0.432,0.195,0.454,0.331,0.317,0.934,0.16,0.189,0.377,0.113,0.292,0.238,0.56,0.355,0.115,0.37,0.156,0.418,0.145,0.083,0.082,0.191,0.106,0.151,0.114,0.032,0.897,0.659,0.111,0.538,0.404,0.152,0.178,0.316,0.07,0.201,0.809,0.247,0.193,0.145,0.133,0.183,0.175,0.17,0.107,0.207,0.632,0.89,0.162,0.641,0.535,0.133,0.133,0.25,0.189,0.318,0.532,0.277,0.696,0.372,0.412,0.065,0.635,0.507,0.161,0.315,0.197,0.116,0.915,0.214,0.091,0.212,0.408,0.38,0.105,0.164,0.16,0.279,0.227,0.209,0.054,0.126,0.19,0.248,0.187,0.062,0.7,0.724,0.211,0.953,0.396,0.035,0.215,0.217,0.145,0.153,0.482,0.158,0.187,0.074,0.119,0.19,0.14,0.119,0.122,0.219,0.466,0.571,0.139,0.376,0.957,0.103,0.203,0.296,0.43,0.749,0.403,0.332,0.21,0.156,0.202,0.163,0.183,0.222,0.191,0.213,0.152,0.125,0.29,0.186,0.095,0.982,0.375,0.36,0.074,0.148,0.142,0.489,0.396,0.473,0.267,0.241,0.385,0.298,0.345,0.345,0.24,0.174,0.279,0.206,0.184,0.354,0.89,0.592,0.161,0.268,0.262,0.377,0.379,0.326,0.264,0.15,0.433,0.392,0.191,0.309,0.349,0.294,0.394,0.292,0.113,0.208,0.557,0.861,0.037,0.15,0.432,0.292,0.187,0.237,0.179,0.155,0.121,0.337,0.08,0.065,0.355,0.309,0.336,0.158,0.549,0.035,0.117,0.17,1,0.557,0.248,0.215,0.201,0.143,0.145,0.189,0.275,0.126,0.173,0.4,0.248,0.209,0.218,0.244,0.72,0.086,0.193,0.247,0.608,0.983,0.227,0.334,0.179,0.07,0.101,0.271,0.097,0.149,0.082,0.116,0.797,0.584,0.179,0.43,0.403,0.153,0.224,0.353,0.104,0.255,0.905
0-211.txt_273,0.836,0.235,0.244,0.358,0.301,0.273,0.275,0.304,0.253,0.36,0.28,0.263,0.387,0.217,0.317,0.489,0.393,0.087,0.226,0.346,0.242,0.896,0.44,0.316,0.147,0.609,0.481,0.154,0.342,0.134,0.218,0.777,0.24,0.144,0.238,0.391,0.305,0.188,0.14,0.151,0.25,0.465,0.855,0.632,0.11,0.525,0.455,0.186,0.354,0.127,0.145,0.477,0.227,0.137,0.24,0.577,0.508,0.054,0.225,0.139,0.204,0.339,0.654,0.917,0.089,0.432,0.679,0.347,0.327,0.083,0.113,0.358,0.134,0.037,0.203,0.467,0.313,0.021,0.083,0.098,0.335,0.141,0.087,0.063,0.92,0.158,0.12,0.178,0.213,0.482,0.456,0.18,0.327,0.245,0.147,0.202,0.319,0.042,0.268,0.604,0.278,0.611,0.481,0.446,0.058,0.907,0.672,0.185,0.468,0.12,0.169,0.65,0.271,0.144,0.298,0.509,0.35,0.12,0.147,0.154,0.226,0.43,0.438,0.728,0.121,0.698,0.92,0.185,0.387,0.148,0.138,0.461,0.149,0.138,0.219,0.409,0.32,0.096,0.189,0.174,0.293,0.174,0.523,0.396,0.197,0.268,0.26,0.901,0.182,0.094,0.105,0.277,0.134,0.09,0.199,0.405,0.286,0.091,0.125,0.093,0.121,0.567,0.556,0.259,0.17,0.486,0.413,0.249,0.887,0.254,0.154,0.502,0.303,0.322,0.222,0.344,0.179,0.146,0.552,0.173,0.262,0.15,0.054,0.082,0.176,0.104,0.123,0.064,0.089,0.914,0.674,0.134,0.5,0.425,0.032,0.121,0.326,0.191,0.233,0.78,0.247,0.212,0.118,0.137,0.198,0.227,0.196,0.106,0.152,0.608,0.843,0.235,0.649,0.447,0.167,0.18,0.252,0.153,0.258,0.553,0.267,0.698,0.527,0.459,0.179,0.566,0.568,0.257,0.434,0.136,0.229,0.861,0.216,0.13,0.305,0.444,0.412,0.209,0.154,0.179,0.186,0.177,0.14,0.062,0.16,0.252,0.088,0.121,0.053,0.673,0.735,0.192,0.951,0.534,0.135,0.051,0.189,0.035,0.215,0.498,0.154,0.12,0.087,0.091,0.227,0.094,0.108,0.078,0.204,0.376,0.52,0.115,0.383,0.964,0.113,0.191,0.165,0.396,0.791,0.349,0.282,0.309,0.218,0.349,0.097,0.369,0.319,0.183,0.147,0.135,0.181,0.365,0.14,0.078,0.973,0.368,0.285,0.017,0.126,0.135,0.408,0.339,0.568,0.489,0.313,0.379,0.399,0.331,0.3,0.162,0.164,0.369,0.155,0.17,0.263,0.838,0.521,0.08,0.177,0.175,0.45,0.368,0.409,0.324,0.209,0.441,0.393,0.173,0.293,0.347,0.236,0.391,0.336,0.231,0.194,0.639,0.88,0.091,0.176,0.418,0.166,0.11,0.029,0.052,0.193,0.057,0.111,0.137,0.218,0.122,0.291,0.064,0.216,0.612,0.187,0.123,0.156,1,0.712,0.146,0.247,0.146,0.249,0.275,0.077,0.248,0.229,0.149,0.469,0.225,0.262,0.244,0.28,0.687,0.113,0.283,0.203,0.46,0.935,0.16,0.312,0.311,0.181,0.137,0.243,0.307,0.201,0.089,0.164,0.72,0.518,0.271,0.537,0.385,0.18,0.204,0.532,0.128,0.203,0.814
0-211.txt_275,0.836,0.248,0.251,0.345,0.119,0.297,0.316,0.34,0.214,0.235,0.246,0.407,0.198,0.196,0.328,0.688,0.335,0.048,0.197,0.324,0.269,0.905,0.48,0.412,0.094,0.402,0.507,0.148,0.297,0.175,0.168,0.652,0.129,0.028,0.342,0.332,0.417,0.016,0.173,0.281,0.214,0.357,0.959,0.619,0.149,0.28,0.246,0.379,0.554,0.015,0.013,0.347,0.119,0.117,0.326,0.381,0.425,0.008,0.142,0.027,0.157,0.161,0.715,0.996,0.006,0.261,0.537,0.404,0.128,0.007,0.008,0.282,0.01,0.011,0.098,0.261,0.131,0.004,0.08,0.032,0.602,0.038,0.259,0.048,0.974,0.12,0.155,0.113,0.024,0.443,0.235,0.055,0.184,0.225,0.082,0.406,0.406,0.048,0.045,0.696,0.244,0.497,0.265,0.366,0.076,0.894,0.69,0.226,0.485,0.157,0.179,0.516,0.272,0.058,0.257,0.312,0.257,0.129,0.168,0.204,0.41,0.266,0.415,0.517,0.058,0.616,0.949,0.241,0.25,0.175,0.112,0.701,0.196,0.153,0.33,0.424,0.259,0.078,0.144,0.174,0.315,0.154,0.408,0.333,0.119,0.167,0.234,0.931,0.208,0.029,0.028,0.341,0.083,0.149,0.256,0.399,0.263,0.035,0.108,0.06,0.276,0.21,0.607,0.199,0.071,0.44,0.222,0.127,0.954,0.141,0.048,0.349,0.196,0.364,0.13,0.296,0.262,0.05,0.557,0.104,0.268,0.17,0.095,0.051,0.225,0.169,0.096,0.07,0.082,0.876,0.655,0.131,0.581,0.324,0.06,0.157,0.43,0.129,0.242,0.752,0.226,0.091,0.168,0.119,0.059,0.063,0.063,0.157,0.128,0.604,0.861,0.126,0.619,0.382,0.052,0.147,0.222,0.092,0.278,0.504,0.245,0.693,0.498,0.457,0.072,0.58,0.572,0.136,0.301,0.105,0.19,0.914,0.139,0.086,0.371,0.369,0.414,0.056,0.19,0.176,0.213,0.099,0.098,0.092,0.218,0.288,0.088,0.041,0.09,0.618,0.814,0.241,0.977,0.451,0.039,0.222,0.337,0.176,0.292,0.539,0.119,0.115,0.214,0.097,0.173,0.155,0.146,0.107,0.213,0.341,0.305,0.139,0.338,0.931,0.195,0.19,0.147,0.265,0.662,0.141,0.184,0.368,0.189,0.152,0.032,0.246,0.207,0.041,0.173,0.058,0.032,0.478,0.075,0.129,0.992,0.424,0.25,0.046,0.226,0.048,0.516,0.245,0.375,0.284,0.22,0.355,0.36,0.302,0.195,0.218,0.174,0.438,0.227,0.196,0.328,0.9,0.553,0.071,0.147,0.326,0.348,0.242,0.384,0.276,0.286,0.353,0.364,0.122,0.269,0.291,0.241,0.45,0.28,0.107,0.232,0.556,0.897,0.02,0.178,0.436,0.018,0.047,0.047,0.269,0.007,0.269,0.881,0.047,0.998,0.119,0.018,0.119,0.047,0.953,0.018,0.047,0.018,1,0.953,0.018,0.381,0.143,0.107,0.083,0.179,0.17,0.31,0.254,0.477,0.214,0.153,0.227,0.197,0.653,0.073,0.312,0.371,0.435,0.812,0.225,0.422,0.183,0.144,0.196,0.229,0.21,0.264,0.137,0.151,0.599,0.42,0.314,0.459,0.116,0.201,0.227,0.535,0.024,0.146,0.872
0-211.txt_277,0.965,0.162,0.216,0.195,0.248,0.281,0.314,0.433,0.185,0.206,0.173,0.248,0.205,0.133,0.226,0.685,0.433,0.133,0.254,0.368,0.232,0.974,0.269,0.157,0.04,0.555,0.44,0.31,0.413,0.296,0.121,0.729,0.157,0.04,0.083,0.575,0.232,0.033,0.139,0.274,0.209,0.311,0.977,0.58,0.082,0.498,0.367,0.31,0.43,0.182,0.152,0.427,0.165,0.169,0.135,0.53,0.445,0.132,0.241,0.164,0.292,0.206,0.552,0.985,0.049,0.335,0.598,0.319,0.173,0.13,0.055,0.463,0.083,0.026,0.13,0.543,0.397,0.017,0.051,0.137,0.307,0.045,0.066,0.045,1,0.045,0.04,0.071,0.05,0.169,0.194,0.045,0.169,0.227,0.045,0.296,0.194,0.083,0.147,0.244,0.279,0.5,0.511,0.308,0.107,0.975,0.591,0.116,0.337,0.239,0.168,0.67,0.26,0.104,0.148,0.471,0.562,0.08,0.157,0.31,0.335,0.392,0.341,0.502,0.084,0.636,0.961,0.247,0.303,0.148,0.106,0.589,0.152,0.176,0.285,0.417,0.409,0.127,0.203,0.167,0.506,0.16,0.424,0.294,0.118,0.361,0.283,0.977,0.172,0.121,0.081,0.258,0.135,0.073,0.121,0.423,0.329,0.086,0.091,0.193,0.195,0.378,0.424,0.241,0.036,0.5,0.559,0.07,0.996,0.044,0.056,0.382,0.119,0.273,0.09,0.352,0.195,0.193,0.63,0.056,0.257,0.088,0.129,0.156,0.16,0.108,0.116,0.17,0.105,0.94,0.603,0.114,0.5,0.543,0.188,0.162,0.307,0.183,0.357,0.704,0.195,0.197,0.076,0.066,0.141,0.262,0.113,0.045,0.117,0.533,0.952,0.225,0.719,0.61,0.066,0.294,0.307,0.196,0.384,0.401,0.318,0.63,0.443,0.338,0.086,0.549,0.557,0.255,0.262,0.221,0.198,0.956,0.259,0.079,0.237,0.446,0.323,0.097,0.151,0.248,0.239,0.165,0.085,0.05,0.179,0.331,0.09,0.056,0.105,0.759,0.821,0.301,0.994,0.361,0.076,0.179,0.269,0.135,0.209,0.689,0.209,0.172,0.169,0.2,0.17,0.147,0.196,0.105,0.26,0.346,0.452,0.128,0.346,0.987,0.146,0.286,0.266,0.476,0.797,0.291,0.432,0.233,0.233,0.38,0.098,0.397,0.422,0.194,0.185,0.102,0.117,0.422,0.176,0.087,0.994,0.356,0.298,0.125,0.158,0.185,0.572,0.245,0.457,0.355,0.17,0.328,0.406,0.388,0.226,0.154,0.167,0.361,0.189,0.131,0.267,0.938,0.518,0.073,0.167,0.202,0.404,0.252,0.403,0.336,0.19,0.337,0.384,0.166,0.181,0.228,0.219,0.398,0.222,0.188,0.303,0.621,0.963,0.13,0.23,0.284,0.047,0.047,0.007,0.007,0.047,0.047,0.018,0.047,0.047,0.047,0.119,0.018,0.119,0.5,0.007,0.018,0.047,1,0.881,0.018,0.152,0.103,0.205,0.095,0.193,0.203,0.205,0.054,0.652,0.372,0.299,0.129,0.296,0.777,0.057,0.289,0.245,0.585,0.994,0.254,0.292,0.159,0.122,0.221,0.12,0.25,0.429,0.141,0.092,0.769,0.53,0.219,0.462,0.255,0.222,0.271,0.497,0.07,0.18,0.931
0-211.txt_279,0.905,0.151,0.267,0.219,0.085,0.211,0.15,0.547,0.103,0.332,0.232,0.309,0.287,0.199,0.089,0.554,0.381,0.037,0.202,0.328,0.191,0.962,0.376,0.293,0.026,0.435,0.29,0.301,0.318,0.1,0.178,0.802,0.14,0.139,0.13,0.195,0.297,0.035,0.22,0.137,0.267,0.284,0.928,0.725,0.04,0.395,0.317,0.384,0.337,0.135,0.132,0.397,0.147,0.122,0.091,0.486,0.391,0.072,0.15,0.215,0.219,0.296,0.722,0.959,0.024,0.339,0.56,0.405,0.223,0.097,0.039,0.341,0.069,0.046,0.077,0.402,0.302,0.052,0.07,0.135,0.415,0.235,0.411,0.354,0.051,0.327,0.295,0.384,0.218,0.273,0.273,0.335,0.223,0.28,0.116,0.406,0.38,0.112,0.283,0.333,0.447,0.362,0.499,0.321,0.031,0.922,0.536,0.243,0.507,0.137,0.163,0.453,0.126,0.176,0.094,0.452,0.435,0.113,0.168,0.22,0.299,0.223,0.547,0.735,0.028,0.572,0.836,0.356,0.185,0.145,0.103,0.423,0.067,0.073,0.106,0.396,0.333,0.088,0.14,0.299,0.534,0.129,0.383,0.296,0.05,0.268,0.185,0.908,0.191,0.135,0.105,0.291,0.118,0.124,0.149,0.516,0.368,0.06,0.134,0.222,0.881,0.731,0.119,0.047,0.018,0.731,0.119,0.047,0.999,0.047,0.269,0.119,0.119,0.047,0.047,0.269,0.5,0.018,0.269,0.269,0.436,0.102,0.114,0.048,0.071,0.098,0.114,0.081,0.057,0.793,0.72,0.14,0.467,0.499,0.097,0.198,0.424,0.164,0.283,0.759,0.369,0.158,0.216,0.129,0.051,0.276,0.249,0.204,0.123,0.509,0.85,0.109,0.451,0.601,0.077,0.297,0.277,0.052,0.299,0.509,0.28,0.55,0.489,0.39,0.029,0.551,0.479,0.246,0.271,0.171,0.112,0.915,0.136,0.149,0.132,0.435,0.335,0.084,0.137,0.138,0.179,0.211,0.325,0.225,0.07,0.307,0.106,0.08,0.213,0.552,0.576,0.333,0.942,0.384,0.05,0.181,0.428,0.07,0.303,0.439,0.194,0.102,0.068,0.103,0.049,0.172,0.058,0.138,0.157,0.537,0.572,0.168,0.421,0.951,0.14,0.122,0.128,0.295,0.717,0.453,0.438,0.243,0.1,0.381,0.042,0.348,0.273,0.313,0.042,0.289,0.257,0.363,0.228,0.03,0.848,0.287,0.331,0.022,0.132,0.608,0.548,0.257,0.645,0.464,0.059,0.389,0.487,0.414,0.246,0.075,0.097,0.442,0.125,0.076,0.169,0.845,0.704,0.037,0.219,0.112,0.423,0.26,0.43,0.349,0.062,0.428,0.388,0.374,0.196,0.232,0.216,0.347,0.215,0.137,0.13,0.603,0.865,0.039,0.198,0.428,0.274,0.033,0.027,0.027,0.047,0.069,0.027,0.027,0.506,0.731,0.5,0.033,0.194,0.616,0.027,0.033,0.047,0.999,0.939,0.726,0.2,0.131,0.307,0.15,0.066,0.222,0.186,0.235,0.369,0.183,0.267,0.199,0.147,0.702,0.03,0.217,0.203,0.412,0.971,0.234,0.556,0.124,0.195,0.142,0.063,0.134,0.152,0.155,0.089,0.593,0.495,0.156,0.371,0.336,0.121,0.255,0.401,0.109,0.313,0.799
0-211.txt_281,0.786,0.238,0.418,0.315,0.107,0.32,0.208,0.442,0.17,0.305,0.35,0.264,0.228,0.198,0.328,0.657,0.537,0.193,0.359,0.413,0.32,0.869,0.453,0.482,0.061,0.547,0.423,0.256,0.307,0.188,0.18,0.627,0.291,0.194,0.22,0.443,0.462,0.093,0.341,0.155,0.334,0.405,0.931,0.581,0.048,0.496,0.327,0.376,0.299,0.19,0.141,0.375,0.17,0.167,0.173,0.602,0.518,0.181,0.332,0.187,0.34,0.345,0.749,0.862,0.063,0.503,0.524,0.377,0.321,0.113,0.175,0.441,0.141,0.17,0.302,0.481,0.419,0.157,0.329,0.175,0.384,0.31,0.616,0.31,0.806,0.384,0.269,0.5,0.5,0.425,0.194,0.5,0.194,0.616,0.425,0.69,0.384,0.5,0.5,0.616,0.386,0.494,0.623,0.581,0.077,0.806,0.522,0.311,0.455,0.178,0.16,0.516,0.229,0.241,0.198,0.443,0.39,0.288,0.506,0.239,0.345,0.468,0.508,0.614,0.027,0.601,0.842,0.279,0.282,0.097,0.102,0.524,0.144,0.175,0.289,0.505,0.571,0.17,0.325,0.127,0.466,0.268,0.502,0.401,0.097,0.323,0.237,0.898,0.226,0.172,0.157,0.273,0.182,0.209,0.295,0.48,0.35,0.198,0.236,0.173,0.213,0.614,0.713,0.57,0.019,0.538,0.493,0.182,0.928,0.195,0.184,0.664,0.268,0.363,0.145,0.486,0.345,0.272,0.658,0.193,0.298,0.248,0.224,0.158,0.077,0.289,0.205,0.112,0.214,0.844,0.63,0.203,0.474,0.527,0.125,0.194,0.401,0.178,0.495,0.684,0.381,0.17,0.235,0.163,0.134,0.221,0.131,0.244,0.127,0.644,0.825,0.13,0.443,0.606,0.198,0.245,0.443,0.346,0.434,0.626,0.253,0.626,0.415,0.526,0.042,0.621,0.505,0.26,0.306,0.167,0.175,0.829,0.155,0.284,0.168,0.455,0.434,0.157,0.364,0.176,0.355,0.263,0.31,0.204,0.024,0.32,0.25,0.084,0.073,0.494,0.659,0.229,0.86,0.639,0.116,0.256,0.526,0.472,0.481,0.519,0.248,0.12,0.219,0.15,0.063,0.193,0.113,0.302,0.27,0.486,0.505,0.105,0.255,0.899,0.138,0.274,0.408,0.581,0.803,0.443,0.461,0.352,0.377,0.453,0.039,0.474,0.352,0.286,0.181,0.128,0.133,0.303,0.149,0.182,0.948,0.426,0.4,0.178,0.249,0.147,0.473,0.338,0.606,0.451,0.065,0.392,0.257,0.457,0.267,0.212,0.175,0.319,0.238,0.282,0.33,0.813,0.65,0.12,0.429,0.226,0.403,0.39,0.541,0.35,0.07,0.427,0.272,0.398,0.193,0.325,0.259,0.362,0.273,0.284,0.222,0.656,0.876,0.186,0.377,0.307,0.203,0.159,0.213,0.171,0.027,0.259,0.128,0.174,0.33,0.345,0.545,0.138,0.198,0.835,0.196,0.296,0.299,0.986,0.831,0.332,0.31,0.308,0.407,0.286,0.081,0.359,0.201,0.32,0.387,0.241,0.267,0.306,0.263,0.688,0.165,0.396,0.429,0.5,0.972,0.257,0.36,0.183,0.237,0.155,0.062,0.246,0.183,0.208,0.204,0.729,0.586,0.214,0.458,0.378,0.162,0.33,0.465,0.311,0.4,0.82
0-211.txt_283,0.895,0.163,0.237,0.179,0.25,0.315,0.215,0.666,0.146,0.18,0.233,0.252,0.287,0.131,0.224,0.662,0.396,0.037,0.089,0.293,0.341,0.9,0.307,0.153,0.036,0.45,0.229,0.224,0.257,0.16,0.187,0.724,0.383,0.164,0.12,0.278,0.341,0.054,0.235,0.255,0.393,0.401,0.919,0.475,0.045,0.314,0.314,0.479,0.302,0.129,0.236,0.446,0.471,0.173,0.058,0.487,0.413,0.165,0.358,0.097,0.31,0.182,0.503,0.98,0.017,0.55,0.828,0.222,0.182,0.016,0.014,0.335,0.038,0.014,0.095,0.346,0.144,0.012,0.033,0.023,0.402,0.025,0.04,0.015,0.988,0.033,0.023,0.507,0.025,0.272,0.254,0.025,0.139,0.274,0.025,0.272,0.254,0.033,0.095,0.5,0.491,0.235,0.269,0.198,0.151,0.283,0.222,0.409,0.156,0.297,0.331,0.282,0.348,0.261,0.203,0.418,0.362,0.121,0.215,0.343,0.425,0.214,0.402,0.726,0.018,0.716,0.975,0.266,0.525,0.043,0.234,0.422,0.103,0.025,0.196,0.442,0.425,0.252,0.065,0.04,0.521,0.141,0.288,0.141,0.077,0.222,0.137,0.952,0.103,0.101,0.143,0.209,0.209,0.078,0.082,0.366,0.263,0.03,0.073,0.191,0.425,0.69,0.5,0.083,0.033,0.625,0.31,0.464,0.988,0.033,0.083,0.269,0.5,0.259,0.389,0.269,0.5,0.259,0.558,0.083,0.461,0.103,0.141,0.025,0.155,0.067,0.034,0.071,0.09,0.897,0.752,0.111,0.676,0.541,0.111,0.147,0.279,0.068,0.247,0.744,0.369,0.053,0.068,0.039,0.218,0.074,0.049,0.21,0.06,0.7,0.906,0.053,0.567,0.409,0.049,0.364,0.523,0.095,0.385,0.721,0.225,0.687,0.364,0.227,0.024,0.643,0.523,0.369,0.135,0.05,0.086,0.894,0.062,0.068,0.199,0.424,0.348,0.024,0.138,0.343,0.169,0.095,0.062,0.038,0.095,0.169,0.071,0.038,0.145,0.704,0.855,0.095,0.999,0.754,0.038,0.222,0.169,0.407,0.51,0.577,0.299,0.025,0.029,0.015,0.296,0.029,0.024,0.106,0.088,0.554,0.422,0.029,0.289,0.904,0.021,0.216,0.273,0.194,0.471,0.436,0.285,0.167,0.232,0.161,0.037,0.21,0.203,0.25,0.133,0.119,0.181,0.306,0.154,0.155,0.93,0.388,0.291,0.283,0.19,0.106,0.593,0.186,0.333,0.263,0.112,0.465,0.338,0.412,0.171,0.185,0.372,0.304,0.339,0.149,0.226,0.785,0.618,0.034,0.122,0.213,0.618,0.262,0.348,0.088,0.341,0.283,0.141,0.385,0.078,0.282,0.414,0.358,0.465,0.068,0.088,0.543,0.878,0.026,0.068,0.391,0.197,0.263,0.124,0.118,0.047,0.07,0.126,0.042,0.05,0.605,0.544,0.193,0.504,0.649,0.412,0.329,0.318,0.987,0.643,0.456,0.274,0.083,0.5,0.741,0.047,0.5,0.274,0.069,0.194,0.464,0.158,0.158,0.575,0.52,0.033,0.389,0.158,0.523,0.857,0.158,0.447,0.225,0.127,0.139,0.088,0.263,0.169,0.067,0.142,0.595,0.552,0.23,0.514,0.549,0.316,0.328,0.278,0.068,0.375,0.84
0-211.txt_285,0.816,0.278,0.266,0.314,0.303,0.37,0.391,0.254,0.19,0.309,0.363,0.3,0.378,0.171,0.223,0.6,0.423,0.04,0.165,0.417,0.393,0.792,0.456,0.314,0.208,0.637,0.496,0.178,0.217,0.136,0.204,0.638,0.213,0.097,0.267,0.377,0.358,0.056,0.179,0.202,0.343,0.32,0.812,0.616,0.223,0.586,0.568,0.319,0.424,0.245,0.235,0.447,0.243,0.122,0.322,0.501,0.403,0.081,0.192,0.276,0.294,0.277,0.567,0.885,0.099,0.52,0.678,0.254,0.3,0.22,0.207,0.399,0.202,0.13,0.298,0.461,0.338,0.082,0.124,0.215,0.498,0.1,0.155,0.231,0.98,0.211,0.142,0.182,0.167,0.404,0.489,0.103,0.545,0.443,0.27,0.318,0.34,0.198,0.19,0.441,0.382,0.535,0.497,0.542,0.094,0.885,0.613,0.114,0.269,0.252,0.197,0.623,0.334,0.113,0.348,0.452,0.348,0.071,0.172,0.268,0.329,0.369,0.454,0.638,0.094,0.651,0.9,0.163,0.403,0.176,0.229,0.499,0.208,0.152,0.34,0.44,0.345,0.039,0.201,0.199,0.501,0.281,0.463,0.441,0.144,0.435,0.409,0.817,0.327,0.252,0.242,0.411,0.322,0.123,0.243,0.444,0.328,0.096,0.176,0.264,0.378,0.421,0.512,0.398,0.046,0.709,0.593,0.191,0.904,0.255,0.277,0.471,0.232,0.246,0.321,0.377,0.302,0.177,0.434,0.254,0.33,0.131,0.148,0.161,0.255,0.15,0.156,0.111,0.15,0.888,0.734,0.153,0.559,0.469,0.143,0.172,0.256,0.115,0.288,0.737,0.264,0.172,0.129,0.11,0.197,0.222,0.185,0.106,0.157,0.707,0.876,0.198,0.627,0.534,0.129,0.185,0.298,0.156,0.253,0.591,0.333,0.651,0.475,0.455,0.064,0.628,0.629,0.191,0.363,0.157,0.245,0.837,0.211,0.152,0.346,0.471,0.411,0.083,0.198,0.216,0.275,0.202,0.214,0.198,0.169,0.24,0.212,0.168,0.237,0.616,0.714,0.206,0.906,0.526,0.259,0.232,0.305,0.105,0.285,0.421,0.264,0.17,0.146,0.124,0.172,0.198,0.135,0.091,0.328,0.582,0.686,0.165,0.433,0.9,0.116,0.229,0.257,0.278,0.557,0.541,0.33,0.235,0.344,0.46,0.127,0.503,0.508,0.231,0.231,0.139,0.179,0.395,0.193,0.138,0.956,0.356,0.341,0.107,0.138,0.225,0.565,0.268,0.398,0.449,0.315,0.407,0.391,0.274,0.315,0.286,0.299,0.355,0.233,0.195,0.267,0.775,0.51,0.133,0.209,0.312,0.543,0.255,0.387,0.308,0.34,0.294,0.324,0.254,0.245,0.327,0.385,0.338,0.373,0.223,0.216,0.525,0.717,0.022,0.217,0.407,0.252,0.214,0.246,0.29,0.193,0.235,0.205,0.176,0.198,0.2,0.254,0.244,0.09,0.399,0.181,0.197,0.158,0.995,0.649,0.152,0.281,0.287,0.297,0.282,0.184,0.298,0.367,0.105,0.485,0.385,0.49,0.291,0.329,0.613,0.154,0.35,0.263,0.268,0.894,0.352,0.434,0.184,0.223,0.227,0.186,0.289,0.263,0.093,0.19,0.661,0.549,0.228,0.423,0.34,0.209,0.23,0.469,0.027,0.309,0.84
0-211.txt_287,0.772,0.254,0.36,0.296,0.226,0.333,0.353,0.226,0.221,0.347,0.343,0.314,0.347,0.217,0.241,0.479,0.388,0.146,0.272,0.379,0.288,0.875,0.384,0.318,0.066,0.504,0.407,0.26,0.314,0.206,0.25,0.629,0.249,0.185,0.184,0.313,0.336,0.111,0.254,0.184,0.275,0.382,0.922,0.565,0.076,0.397,0.403,0.286,0.348,0.116,0.136,0.351,0.17,0.112,0.246,0.51,0.331,0.09,0.156,0.139,0.255,0.328,0.529,0.905,0.093,0.42,0.63,0.254,0.331,0.173,0.208,0.421,0.198,0.15,0.219,0.4,0.345,0.089,0.203,0.168,0.34,0.118,0.24,0.218,0.99,0.138,0.128,0.292,0.224,0.414,0.28,0.179,0.394,0.273,0.193,0.372,0.516,0.24,0.363,0.367,0.261,0.396,0.364,0.427,0.077,0.888,0.62,0.239,0.44,0.229,0.164,0.502,0.241,0.071,0.263,0.429,0.369,0.086,0.226,0.282,0.318,0.431,0.447,0.482,0.105,0.551,0.907,0.237,0.387,0.172,0.232,0.525,0.188,0.198,0.221,0.378,0.274,0.085,0.263,0.274,0.379,0.23,0.395,0.371,0.131,0.279,0.29,0.909,0.237,0.14,0.15,0.318,0.162,0.121,0.201,0.406,0.29,0.125,0.188,0.157,0.187,0.274,0.442,0.345,0.061,0.375,0.406,0.192,0.955,0.142,0.275,0.32,0.264,0.369,0.173,0.345,0.218,0.221,0.651,0.132,0.272,0.136,0.125,0.169,0.155,0.202,0.177,0.114,0.136,0.879,0.642,0.165,0.492,0.325,0.199,0.212,0.287,0.134,0.25,0.673,0.256,0.193,0.144,0.148,0.202,0.24,0.226,0.14,0.192,0.514,0.847,0.201,0.547,0.434,0.167,0.206,0.298,0.189,0.348,0.467,0.308,0.591,0.412,0.423,0.104,0.561,0.442,0.282,0.386,0.182,0.243,0.863,0.185,0.235,0.271,0.384,0.434,0.114,0.303,0.211,0.292,0.168,0.204,0.315,0.088,0.293,0.196,0.207,0.172,0.558,0.534,0.16,0.933,0.413,0.26,0.339,0.367,0.24,0.216,0.532,0.186,0.099,0.134,0.118,0.084,0.123,0.111,0.175,0.306,0.471,0.503,0.151,0.352,0.938,0.088,0.181,0.165,0.459,0.732,0.386,0.347,0.304,0.241,0.218,0.115,0.276,0.307,0.239,0.169,0.169,0.238,0.347,0.205,0.132,0.974,0.289,0.245,0.206,0.225,0.209,0.482,0.346,0.435,0.332,0.179,0.377,0.363,0.325,0.326,0.192,0.173,0.368,0.201,0.158,0.269,0.846,0.549,0.128,0.158,0.257,0.368,0.227,0.351,0.321,0.11,0.371,0.38,0.231,0.175,0.246,0.212,0.305,0.262,0.167,0.279,0.587,0.899,0.115,0.229,0.378,0.184,0.224,0.136,0.11,0.156,0.16,0.154,0.109,0.183,0.2,0.268,0.166,0.198,0.585,0.092,0.161,0.199,0.997,0.743,0.211,0.229,0.21,0.214,0.164,0.127,0.282,0.251,0.088,0.573,0.293,0.369,0.156,0.24,0.661,0.165,0.295,0.308,0.417,0.97,0.307,0.363,0.121,0.174,0.134,0.21,0.157,0.161,0.121,0.143,0.737,0.562,0.193,0.514,0.341,0.143,0.257,0.387,0.097,0.222,0.896
0-211.txt_289,0.821,0.264,0.242,0.322,0.213,0.259,0.254,0.128,0.2,0.373,0.433,0.394,0.431,0.289,0.319,0.36,0.426,0.014,0.118,0.577,0.071,0.934,0.323,0.113,0.099,0.587,0.361,0.031,0.222,0.185,0.057,0.738,0.059,0.022,0.033,0.247,0.43,0.015,0.293,0.174,0.083,0.322,0.935,0.776,0.012,0.349,0.405,0.518,0.452,0.061,0.018,0.616,0.045,0.038,0.033,0.558,0.473,0.011,0.14,0.063,0.177,0.171,0.637,0.926,0.014,0.234,0.675,0.384,0.235,0.16,0.023,0.358,0.028,0.076,0.122,0.36,0.305,0.007,0.025,0.124,0.279,0.052,0.024,0.029,0.729,0.262,0.061,0.071,0.147,0.488,0.461,0.316,0.417,0.702,0.031,0.356,0.193,0.49,0.59,0.584,0.403,0.31,0.39,0.425,0.184,0.765,0.719,0.125,0.499,0.077,0.04,0.506,0.198,0.161,0.312,0.384,0.435,0.017,0.12,0.167,0.306,0.324,0.418,0.51,0.097,0.488,0.875,0.125,0.199,0.157,0.18,0.692,0.16,0.055,0.113,0.348,0.377,0.015,0.22,0.372,0.303,0.044,0.534,0.516,0.016,0.107,0.266,0.939,0.169,0.075,0.019,0.127,0.019,0.054,0.143,0.347,0.091,0.01,0.06,0.063,0.119,0.269,0.047,0.047,0.269,0.119,0.731,0.018,0.982,0.731,0.119,0.881,0.119,0.119,0.047,0.269,0.881,0.018,0.119,0.953,0.083,0.106,0.073,0.207,0.205,0.155,0.361,0.019,0.225,0.853,0.4,0.188,0.467,0.721,0.031,0.331,0.437,0.622,0.495,0.753,0.056,0.072,0.033,0.019,0.132,0.085,0.028,0.08,0.023,0.746,0.85,0.211,0.724,0.649,0.045,0.101,0.149,0.217,0.398,0.674,0.105,0.537,0.453,0.411,0.027,0.645,0.669,0.116,0.365,0.065,0.027,0.909,0.109,0.047,0.178,0.238,0.397,0.08,0.102,0.092,0.426,0.129,0.305,0.188,0.237,0.227,0.126,0.022,0.45,0.578,0.841,0.266,0.977,0.363,0.022,0.283,0.243,0.383,0.228,0.591,0.153,0.043,0.256,0.045,0.372,0.143,0.03,0.012,0.266,0.45,0.46,0.146,0.581,0.921,0.012,0.106,0.266,0.414,0.415,0.407,0.047,0.018,0.018,0.018,0.018,0.269,0.047,0.269,0.018,0.5,0.269,0.047,0.047,0.731,0.999,0.269,0.047,0.018,0.047,0.5,0.384,0.254,0.425,0.216,0.103,0.43,0.56,0.158,0.065,0.058,0.081,0.329,0.065,0.136,0.103,0.925,0.832,0.023,0.354,0.206,0.258,0.235,0.25,0.241,0.149,0.306,0.423,0.189,0.278,0.485,0.128,0.496,0.191,0.123,0.104,0.537,0.89,0.019,0.218,0.576,0.069,0.033,0.063,0.367,0.143,0.033,0.063,0.494,0.194,0.033,0.033,0.253,0.047,0.5,0.253,0.143,0.033,1,0.522,0.259,0.033,0.018,0.018,0.012,0.018,0.018,0.018,0.012,0.269,0.158,0.269,0.018,0.274,0.99,0.007,0.485,0.047,0.616,0.999,0.274,0.31,0.057,0.129,0.117,0.052,0.31,0.235,0.076,0.071,0.715,0.492,0.204,0.512,0.121,0.115,0.199,0.484,0.016,0.281,0.935
0-211.txt_291,0.982,0.269,0.119,0.119,0.5,0.269,0.269,0.5,0.119,0.269,0.269,0.269,0.269,0.119,0.269,0.731,0.5,0.047,0.119,0.5,0.269,0.993,0.5,0.119,0.047,0.731,0.5,0.119,0.5,0.047,0.119,0.881,0.269,0.047,0.119,0.269,0.269,0.047,0.119,0.047,0.119,0.5,0.998,0.731,0.047,0.5,0.5,0.5,0.731,0.047,0.047,0.5,0.119,0.047,0.119,0.731,0.5,0.018,0.119,0.047,0.119,0.119,0.731,0.998,0.047,0.5,0.881,0.269,0.269,0.047,0.018,0.269,0.047,0.047,0.269,0.5,0.269,0.018,0.047,0.047,0.5,0.047,0.047,0.047,1,0.047,0.018,0.119,0.047,0.269,0.269,0.047,0.269,0.119,0.047,0.269,0.269,0.119,0.119,0.269,0.269,0.731,0.5,0.5,0.047,0.993,0.881,0.119,0.5,0.047,0.119,0.731,0.5,0.047,0.269,0.5,0.269,0.119,0.269,0.119,0.269,0.5,0.5,0.881,0.018,0.881,0.993,0.119,0.5,0.047,0.047,0.731,0.119,0.047,0.269,0.5,0.269,0.047,0.119,0.119,0.5,0.119,0.5,0.269,0.119,0.119,0.119,0.998,0.119,0.018,0.018,0.119,0.047,0.047,0.119,0.5,0.119,0.119,0.047,0.047,0.119,0.5,0.731,0.269,0.047,0.5,0.5,0.119,1,0.047,0.047,0.269,0.119,0.269,0.119,0.269,0.119,0.119,0.881,0.047,0.269,0.047,0.047,0.047,0.269,0.047,0.047,0.018,0.047,0.982,0.881,0.047,0.731,0.5,0.047,0.119,0.269,0.047,0.269,0.953,0.269,0.119,0.047,0.018,0.269,0.119,0.047,0.018,0.047,0.881,0.982,0.119,0.881,0.5,0.047,0.119,0.269,0.119,0.269,0.731,0.269,0.881,0.5,0.269,0.047,0.731,0.731,0.119,0.269,0.047,0.119,0.982,0.269,0.047,0.269,0.5,0.269,0.047,0.119,0.119,0.269,0.269,0.119,0.047,0.269,0.5,0.119,0.047,0.119,0.731,0.881,0.269,0.993,0.5,0.119,0.269,0.269,0.269,0.269,0.731,0.119,0.047,0.047,0.047,0.119,0.047,0.047,0.047,0.269,0.5,0.5,0.047,0.5,0.998,0.018,0.119,0.119,0.731,0.953,0.269,0.269,0.119,0.119,0.269,0.047,0.269,0.269,0.119,0.119,0.047,0.047,0.269,0.119,0.018,0.999,0.269,0.269,0.018,0.047,0.119,0.731,0.269,0.731,0.5,0.269,0.5,0.5,0.5,0.269,0.119,0.119,0.5,0.269,0.119,0.269,0.982,0.731,0.047,0.119,0.119,0.5,0.269,0.5,0.269,0.269,0.269,0.269,0.119,0.119,0.269,0.269,0.269,0.269,0.119,0.269,0.731,0.993,0.119,0.119,0.5,0.047,0.047,0.018,0.018,0.119,0.119,0.047,0.119,0.119,0.047,0.119,0.047,0.269,0.731,0.018,0.047,0.119,1,0.881,0.047,0.119,0.119,0.119,0.047,0.119,0.269,0.119,0.047,0.881,0.269,0.269,0.119,0.269,0.953,0.047,0.119,0.119,0.881,0.999,0.269,0.5,0.047,0.047,0.047,0.269,0.119,0.119,0.047,0.047,0.953,0.731,0.119,0.731,0.269,0.119,0.119,0.5,0.047,0.269,0.982
0-211.txt_293,0.898,0.121,0.104,0.093,0.195,0.242,0.365,0.397,0.093,0.28,0.309,0.212,0.229,0.177,0.229,0.39,0.49,0.07,0.192,0.433,0.169,0.931,0.358,0.349,0.033,0.398,0.36,0.337,0.315,0.205,0.21,0.646,0.29,0.074,0.083,0.346,0.525,0.191,0.095,0.205,0.203,0.233,0.968,0.625,0.056,0.34,0.464,0.416,0.293,0.145,0.265,0.373,0.238,0.164,0.167,0.515,0.431,0.054,0.181,0.164,0.265,0.189,0.467,0.955,0.058,0.35,0.55,0.249,0.145,0.117,0.112,0.379,0.102,0.065,0.113,0.486,0.518,0.104,0.068,0.102,0.421,0.038,0.05,0.024,1,0.05,0.024,0.062,0.033,0.296,0.259,0.045,0.184,0.237,0.045,0.271,0.194,0.062,0.103,0.398,0.237,0.531,0.551,0.546,0.031,0.94,0.791,0.087,0.394,0.056,0.132,0.642,0.205,0.067,0.128,0.425,0.287,0.062,0.213,0.058,0.149,0.52,0.551,0.597,0.03,0.498,0.885,0.076,0.209,0.191,0.038,0.649,0.076,0.044,0.243,0.504,0.179,0.022,0.228,0.178,0.423,0.166,0.603,0.408,0.043,0.403,0.409,0.96,0.135,0.023,0.042,0.34,0.154,0.155,0.083,0.484,0.248,0.062,0.152,0.054,0.726,0.31,0.69,0.31,0.194,0.69,0.384,0.384,0.973,0.158,0.158,0.384,0.194,0.143,0.31,0.69,0.384,0.143,0.31,0.194,0.272,0.07,0.061,0.05,0.207,0.162,0.071,0.047,0.093,0.904,0.698,0.084,0.53,0.524,0.245,0.212,0.354,0.141,0.389,0.721,0.377,0.065,0.037,0.023,0.157,0.065,0.054,0.061,0.073,0.658,0.926,0.058,0.678,0.588,0.054,0.142,0.271,0.159,0.374,0.594,0.324,0.611,0.459,0.432,0.045,0.638,0.583,0.185,0.205,0.158,0.083,0.934,0.177,0.082,0.191,0.495,0.308,0.044,0.127,0.149,0.194,0.139,0.274,0.146,0.351,0.347,0.299,0.256,0.101,0.502,0.635,0.194,0.985,0.264,0.065,0.194,0.422,0.131,0.139,0.445,0.182,0.053,0.05,0.025,0.077,0.06,0.05,0.1,0.22,0.4,0.537,0.053,0.355,0.994,0.03,0.085,0.177,0.416,0.828,0.369,0.485,0.195,0.279,0.271,0.142,0.329,0.245,0.369,0.145,0.235,0.168,0.389,0.254,0.195,0.967,0.381,0.245,0.135,0.168,0.285,0.523,0.33,0.536,0.469,0.092,0.472,0.454,0.317,0.195,0.053,0.055,0.493,0.104,0.056,0.351,0.895,0.44,0.049,0.134,0.12,0.433,0.244,0.4,0.279,0.146,0.383,0.418,0.213,0.157,0.152,0.208,0.395,0.177,0.127,0.217,0.625,0.926,0.123,0.102,0.345,0.018,0.018,0.007,0.002,0.047,0.047,0.018,0.018,0.018,0.018,0.047,0.018,0.047,0.5,0.007,0.018,0.018,1,0.731,0.018,0.128,0.167,0.211,0.143,0.332,0.218,0.117,0.278,0.72,0.098,0.128,0.098,0.149,0.811,0.047,0.279,0.135,0.485,0.993,0.174,0.397,0.128,0.183,0.197,0.135,0.128,0.212,0.112,0.189,0.666,0.562,0.133,0.48,0.356,0.145,0.186,0.308,0.087,0.322,0.926
0-211.txt_295,0.885,0.137,0.125,0.169,0.208,0.258,0.289,0.382,0.093,0.393,0.314,0.314,0.357,0.205,0.103,0.456,0.388,0.067,0.197,0.592,0.157,0.934,0.536,0.329,0.033,0.498,0.384,0.047,0.375,0.628,0.254,0.327,0.157,0.121,0.284,0.402,0.347,0.051,0.31,0.176,0.127,0.355,0.978,0.467,0.046,0.339,0.354,0.272,0.312,0.352,0.116,0.627,0.199,0.237,0.164,0.423,0.361,0.057,0.189,0.13,0.183,0.195,0.632,0.98,0.026,0.444,0.774,0.228,0.173,0.032,0.031,0.401,0.045,0.022,0.363,0.543,0.373,0.014,0.041,0.037,0.244,0.102,0.349,0.102,0.998,0.235,0.102,0.235,0.225,0.132,0.234,0.116,0.157,0.091,0.247,0.437,0.346,0.091,0.116,0.169,0.219,0.202,0.374,0.363,0.068,0.943,0.558,0.349,0.283,0.114,0.164,0.278,0.145,0.32,0.423,0.457,0.435,0.127,0.335,0.197,0.271,0.218,0.504,0.568,0.177,0.595,0.91,0.355,0.183,0.051,0.147,0.438,0.084,0.062,0.207,0.487,0.307,0.035,0.183,0.06,0.447,0.094,0.454,0.482,0.064,0.157,0.255,0.961,0.109,0.097,0.089,0.19,0.087,0.181,0.218,0.427,0.26,0.114,0.069,0.085,0.119,0.587,0.269,0.269,0.028,0.5,0.881,0.071,0.988,0.028,0.028,0.788,0.071,0.038,0.349,0.373,0.119,0.028,0.246,0.028,0.356,0.059,0.132,0.123,0.12,0.081,0.063,0.127,0.135,0.954,0.701,0.137,0.505,0.397,0.132,0.134,0.377,0.065,0.168,0.743,0.242,0.11,0.089,0.066,0.108,0.214,0.259,0.173,0.086,0.576,0.884,0.269,0.5,0.39,0.134,0.284,0.3,0.105,0.303,0.618,0.288,0.482,0.4,0.421,0.051,0.587,0.558,0.203,0.221,0.12,0.113,0.939,0.188,0.152,0.237,0.4,0.563,0.044,0.152,0.179,0.119,0.296,0.095,0.062,0.062,0.346,0.349,0.325,0.145,0.553,0.627,0.685,0.978,0.219,0.047,0.119,0.169,0.095,0.397,0.349,0.225,0.156,0.056,0.036,0.084,0.087,0.135,0.046,0.248,0.38,0.522,0.144,0.425,0.983,0.047,0.167,0.203,0.41,0.804,0.396,0.304,0.262,0.298,0.282,0.073,0.406,0.459,0.103,0.224,0.153,0.085,0.531,0.224,0.153,0.975,0.566,0.332,0.046,0.113,0.169,0.447,0.299,0.39,0.5,0.102,0.452,0.534,0.215,0.226,0.143,0.077,0.442,0.133,0.11,0.242,0.909,0.59,0.1,0.115,0.264,0.5,0.263,0.366,0.233,0.195,0.291,0.355,0.151,0.128,0.294,0.267,0.451,0.19,0.125,0.196,0.531,0.933,0.052,0.177,0.392,0.018,0.018,0.007,0.007,0.047,0.047,0.018,0.018,0.047,0.018,0.047,0.018,0.119,0.5,0.007,0.018,0.018,1,0.731,0.018,0.196,0.159,0.15,0.137,0.296,0.151,0.221,0.107,0.432,0.215,0.379,0.179,0.233,0.717,0.125,0.291,0.247,0.459,0.984,0.208,0.474,0.122,0.223,0.165,0.242,0.167,0.105,0.347,0.201,0.563,0.526,0.269,0.313,0.372,0.101,0.262,0.315,0.088,0.283,0.887
0-211.txt_297,0.942,0.176,0.208,0.188,0.34,0.298,0.388,0.37,0.166,0.299,0.162,0.282,0.263,0.118,0.204,0.605,0.448,0.063,0.137,0.42,0.225,0.962,0.647,0.382,0.1,0.643,0.5,0.149,0.361,0.138,0.152,0.622,0.225,0.086,0.149,0.498,0.498,0.062,0.149,0.243,0.195,0.378,0.988,0.596,0.089,0.416,0.431,0.325,0.523,0.1,0.084,0.441,0.135,0.233,0.174,0.546,0.384,0.128,0.358,0.138,0.138,0.319,0.725,0.99,0.053,0.442,0.719,0.232,0.25,0.068,0.053,0.441,0.084,0.049,0.167,0.471,0.383,0.048,0.075,0.077,0.413,0.288,0.378,0.289,0.184,0.351,0.349,0.28,0.21,0.298,0.259,0.341,0.297,0.197,0.178,0.459,0.444,0.118,0.217,0.333,0.244,0.577,0.498,0.44,0.038,0.982,0.741,0.263,0.384,0.05,0.103,0.691,0.41,0.033,0.169,0.423,0.383,0.066,0.107,0.108,0.331,0.348,0.285,0.599,0.24,0.591,0.975,0.09,0.179,0.307,0.199,0.596,0.211,0.044,0.119,0.285,0.361,0.036,0.076,0.182,0.444,0.151,0.5,0.28,0.127,0.206,0.167,0.981,0.108,0.119,0.073,0.17,0.143,0.055,0.105,0.465,0.228,0.056,0.055,0.137,0.119,0.575,0.575,0.384,0.033,0.953,0.741,0.047,0.993,0.259,0.083,0.384,0.194,0.158,0.083,0.269,0.119,0.158,0.625,0.083,0.226,0.058,0.071,0.049,0.205,0.058,0.049,0.022,0.039,0.959,0.822,0.058,0.665,0.446,0.049,0.112,0.33,0.047,0.205,0.825,0.111,0.193,0.125,0.049,0.226,0.211,0.155,0.025,0.086,0.609,0.945,0.161,0.767,0.5,0.034,0.08,0.178,0.146,0.305,0.55,0.261,0.898,0.423,0.261,0.062,0.705,0.679,0.12,0.295,0.09,0.072,0.983,0.219,0.065,0.245,0.423,0.261,0.065,0.136,0.12,0.269,0.269,0.119,0.047,0.119,0.5,0.119,0.047,0.119,0.731,0.881,0.269,0.998,0.5,0.047,0.119,0.269,0.119,0.269,0.731,0.083,0.047,0.033,0.018,0.083,0.083,0.033,0.018,0.119,0.575,0.5,0.033,0.633,0.99,0.033,0.083,0.158,0.634,0.69,0.5,0.327,0.31,0.252,0.252,0.103,0.508,0.442,0.214,0.194,0.103,0.103,0.384,0.121,0.081,0.998,0.327,0.327,0.088,0.121,0.103,0.591,0.339,0.565,0.37,0.255,0.372,0.376,0.317,0.211,0.113,0.168,0.423,0.157,0.115,0.255,0.958,0.711,0.052,0.136,0.178,0.359,0.279,0.467,0.312,0.172,0.333,0.307,0.224,0.172,0.308,0.202,0.357,0.261,0.076,0.19,0.603,0.948,0.052,0.107,0.355,0.059,0.091,0.04,0.022,0.059,0.096,0.052,0.054,0.095,0.185,0.196,0.179,0.194,0.665,0.04,0.071,0.071,1,0.831,0.098,0.194,0.254,0.182,0.218,0.23,0.273,0.177,0.079,0.561,0.196,0.144,0.196,0.169,0.677,0.232,0.233,0.296,0.461,0.989,0.259,0.336,0.061,0.038,0.033,0.205,0.148,0.059,0.033,0.053,0.871,0.751,0.094,0.681,0.337,0.105,0.099,0.357,0.075,0.289,0.966
0-211.txt_299,0.948,0.223,0.242,0.179,0.324,0.285,0.283,0.459,0.136,0.186,0.184,0.283,0.25,0.073,0.276,0.72,0.499,0.061,0.109,0.399,0.188,0.991,0.272,0.141,0.073,0.708,0.442,0.216,0.279,0.083,0.097,0.849,0.16,0.054,0.185,0.292,0.244,0.05,0.125,0.113,0.312,0.331,0.976,0.661,0.138,0.481,0.462,0.386,0.536,0.056,0.064,0.437,0.138,0.056,0.238,0.646,0.421,0.037,0.139,0.07,0.236,0.197,0.652,0.987,0.032,0.429,0.821,0.274,0.282,0.056,0.032,0.349,0.064,0.025,0.157,0.349,0.257,0.018,0.061,0.068,0.322,0.044,0.093,0.038,1,0.064,0.044,0.128,0.131,0.142,0.142,0.064,0.131,0.058,0.058,0.357,0.304,0.053,0.076,0.234,0.332,0.654,0.476,0.414,0.072,0.984,0.829,0.138,0.485,0.078,0.122,0.661,0.363,0.05,0.231,0.505,0.373,0.107,0.169,0.118,0.29,0.422,0.4,0.711,0.095,0.774,0.97,0.222,0.404,0.062,0.058,0.569,0.145,0.034,0.241,0.469,0.282,0.049,0.118,0.084,0.541,0.14,0.361,0.232,0.074,0.199,0.205,0.988,0.134,0.022,0.027,0.208,0.062,0.036,0.117,0.486,0.206,0.053,0.051,0.046,0.239,0.448,0.551,0.278,0.063,0.541,0.427,0.156,0.996,0.112,0.149,0.302,0.224,0.171,0.138,0.342,0.194,0.074,0.673,0.116,0.226,0.055,0.058,0.032,0.174,0.07,0.05,0.027,0.038,0.97,0.753,0.065,0.716,0.411,0.115,0.109,0.285,0.061,0.148,0.886,0.175,0.102,0.043,0.042,0.151,0.103,0.082,0.031,0.071,0.73,0.961,0.096,0.822,0.487,0.077,0.094,0.198,0.123,0.263,0.698,0.294,0.89,0.439,0.264,0.046,0.73,0.632,0.127,0.264,0.072,0.055,0.988,0.141,0.03,0.245,0.464,0.343,0.046,0.119,0.066,0.273,0.247,0.119,0.1,0.175,0.329,0.147,0.061,0.197,0.584,0.787,0.229,0.986,0.389,0.118,0.233,0.391,0.127,0.21,0.527,0.1,0.054,0.051,0.021,0.058,0.042,0.03,0.027,0.181,0.489,0.511,0.035,0.501,0.992,0.027,0.094,0.126,0.687,0.928,0.309,0.316,0.128,0.126,0.157,0.084,0.23,0.285,0.115,0.094,0.068,0.064,0.272,0.079,0.041,0.999,0.331,0.331,0.055,0.08,0.108,0.68,0.282,0.609,0.382,0.242,0.441,0.432,0.395,0.279,0.091,0.092,0.428,0.17,0.064,0.282,0.963,0.718,0.048,0.125,0.16,0.494,0.243,0.423,0.227,0.247,0.289,0.261,0.215,0.158,0.296,0.24,0.261,0.301,0.128,0.243,0.715,0.959,0.066,0.159,0.434,0.058,0.047,0.018,0.008,0.058,0.119,0.047,0.058,0.058,0.058,0.119,0.047,0.141,0.731,0.018,0.047,0.058,1,0.881,0.047,0.147,0.136,0.112,0.054,0.163,0.211,0.121,0.052,0.65,0.183,0.286,0.148,0.257,0.902,0.095,0.167,0.187,0.803,0.994,0.174,0.409,0.101,0.101,0.042,0.26,0.108,0.077,0.04,0.045,0.868,0.692,0.093,0.572,0.253,0.1,0.164,0.499,0.083,0.157,0.972
0-211.txt_301,0.736,0.129,0.19,0.051,0.217,0.106,0.147,0.3,0.275,0.552,0.345,0.121,0.336,0.447,0.058,0.424,0.364,0.204,0.28,0.51,0.289,0.954,0.296,0.038,0.062,0.611,0.145,0.315,0.423,0.024,0.098,0.5,0.198,0.322,0.028,0.587,0.071,0.044,0.427,0.098,0.335,0.257,0.619,0.267,0.391,0.332,0.23,0.277,0.381,0.364,0.446,0.319,0.584,0.306,0.303,0.461,0.483,0.029,0.057,0.179,0.102,0.028,0.725,0.667,0.247,0.212,0.603,0.306,0.111,0.007,0.019,0.047,0.014,0.041,0.344,0.145,0.095,0.335,0.094,0.01,0.329,0.15,0.237,0.132,0.178,0.188,0.175,0.244,0.22,0.467,0.43,0.171,0.399,0.45,0.13,0.308,0.316,0.227,0.342,0.405,0.095,0.716,0.095,0.222,0.024,0.728,0.399,0.024,0.377,0.326,0.339,0.473,0.349,0.259,0.024,0.119,0.222,0.345,0.426,0.265,0.257,0.205,0.33,0.632,0.015,0.454,0.918,0.157,0.337,0.099,0.156,0.457,0.09,0.025,0.206,0.279,0.337,0.089,0.042,0.117,0.402,0.064,0.212,0.069,0.162,0.151,0.12,0.815,0.088,0.285,0.245,0.161,0.183,0.322,0.178,0.345,0.274,0.236,0.174,0.2,0.276,0.233,0.386,0.12,0.076,0.321,0.271,0.212,0.914,0.209,0.138,0.197,0.082,0.082,0.078,0.388,0.157,0.046,0.602,0.188,0.197,0.024,0.04,0.007,0.211,0.098,0.01,0.127,0.01,0.949,0.84,0.017,0.644,0.55,0.156,0.075,0.163,0.303,0.307,0.758,0.247,0.066,0.185,0.056,0.186,0.107,0.035,0.119,0.096,0.666,0.841,0.075,0.523,0.654,0.046,0.244,0.204,0.288,0.432,0.524,0.272,0.586,0.53,0.186,0.117,0.382,0.374,0.285,0.351,0.474,0.423,0.813,0.61,0.277,0.199,0.272,0.424,0.214,0.29,0.239,0.368,0.043,0.049,0.07,0.155,0.107,0.094,0.133,0.149,0.772,0.762,0.045,0.873,0.594,0.064,0.125,0.344,0.129,0.288,0.691,0.183,0.145,0.167,0.091,0.098,0.096,0.064,0.106,0.167,0.37,0.441,0.116,0.338,0.885,0.02,0.176,0.112,0.324,0.658,0.368,0.12,0.135,0.201,0.141,0.011,0.243,0.341,0.064,0.451,0.357,0.297,0.144,0.434,0.209,0.898,0.331,0.303,0.261,0.166,0.441,0.543,0.116,0.39,0.29,0.238,0.186,0.153,0.465,0.176,0.295,0.118,0.148,0.239,0.187,0.089,0.748,0.461,0.01,0.14,0.269,0.379,0.151,0.301,0.117,0.279,0.211,0.225,0.197,0.203,0.478,0.326,0.183,0.358,0.303,0.201,0.458,0.798,0.099,0.246,0.437,0.379,0.031,0.007,0.006,0.112,0.018,0.009,0.323,0.011,0.355,0.374,0.009,0.526,0.431,0.007,0.116,0.042,1,0.516,0.176,0.122,0.099,0.24,0.116,0.194,0.22,0.203,0.054,0.437,0.331,0.357,0.107,0.382,0.808,0.021,0.179,0.173,0.402,0.967,0.163,0.36,0.067,0.116,0.063,0.276,0.111,0.021,0.149,0.169,0.736,0.454,0.037,0.505,0.429,0.138,0.248,0.343,0.209,0.187,0.867
0-211.txt_303,0.714,0.28,0.434,0.428,0.292,0.229,0.333,0.34,0.371,0.323,0.327,0.471,0.351,0.249,0.075,0.467,0.438,0.144,0.194,0.499,0.136,0.948,0.328,0.298,0.088,0.594,0.463,0.077,0.457,0.029,0.035,0.813,0.054,0.079,0.047,0.247,0.339,0.031,0.211,0.094,0.243,0.196,0.899,0.605,0.019,0.273,0.252,0.579,0.235,0.021,0.014,0.408,0.036,0.076,0.242,0.588,0.352,0.018,0.139,0.052,0.078,0.086,0.858,0.933,0.015,0.261,0.539,0.706,0.21,0.014,0.02,0.363,0.017,0.013,0.142,0.246,0.185,0.012,0.017,0.015,0.5,0.028,0.028,0.02,0.997,0.339,0.102,0.259,0.661,0.275,0.373,0.052,0.222,0.704,0.014,0.426,0.5,0.028,0.423,0.51,0.071,0.169,0.346,0.349,0.102,0.909,0.584,0.028,0.661,0.119,0.188,0.577,0.222,0.409,0.121,0.423,0.661,0.034,0.095,0.426,0.183,0.187,0.352,0.712,0.014,0.573,0.978,0.14,0.247,0.178,0.063,0.548,0.154,0.043,0.163,0.204,0.353,0.079,0.146,0.176,0.292,0.083,0.467,0.511,0.059,0.146,0.291,0.987,0.213,0.054,0.054,0.216,0.057,0.065,0.127,0.358,0.095,0.193,0.068,0.121,0.237,0.246,0.349,0.324,0.139,0.35,0.415,0.229,0.239,0.326,0.262,0.436,0.265,0.258,0.129,0.34,0.42,0.147,0.241,0.391,0.15,0.046,0.143,0.125,0.122,0.215,0.153,0.025,0.173,0.863,0.592,0.156,0.572,0.54,0.017,0.175,0.234,0.146,0.348,0.903,0.196,0.251,0.172,0.11,0.13,0.2,0.188,0.152,0.061,0.779,0.837,0.215,0.719,0.215,0.157,0.135,0.305,0.297,0.194,0.814,0.234,0.544,0.499,0.227,0.022,0.731,0.601,0.088,0.21,0.061,0.075,0.953,0.135,0.027,0.059,0.34,0.594,0.022,0.042,0.226,0.225,0.031,0.038,0.322,0.297,0.123,0.32,0.022,0.173,0.63,0.679,0.099,0.863,0.597,0.185,0.189,0.193,0.337,0.388,0.653,0.114,0.013,0.061,0.028,0.348,0.013,0.023,0.009,0.056,0.333,0.301,0.031,0.488,0.999,0.005,0.08,0.211,0.521,0.817,0.211,0.292,0.234,0.329,0.292,0.078,0.482,0.653,0.209,0.362,0.143,0.048,0.84,0.103,0.045,0.869,0.442,0.234,0.017,0.043,0.058,0.328,0.136,0.454,0.187,0.27,0.306,0.415,0.338,0.19,0.426,0.337,0.292,0.122,0.291,0.068,0.736,0.763,0.024,0.298,0.498,0.215,0.362,0.332,0.142,0.039,0.285,0.393,0.192,0.209,0.352,0.194,0.482,0.224,0.199,0.118,0.637,0.927,0.015,0.29,0.469,0.052,0.111,0.02,0.019,0.052,0.185,0.175,0.01,0.373,0.49,0.5,0.185,0.383,0.855,0.009,0.052,0.188,0.999,0.666,0.416,0.047,0.033,0.259,0.259,0.018,0.033,0.033,0.018,0.269,0.274,0.083,0.449,0.274,0.52,0.012,0.611,0.515,0.862,0.976,0.389,0.294,0.204,0.134,0.039,0.291,0.232,0.191,0.117,0.106,0.706,0.463,0.404,0.268,0.381,0.119,0.212,0.448,0.19,0.277,0.82
0-211.txt_305,0.868,0.164,0.23,0.208,0.18,0.266,0.23,0.357,0.148,0.349,0.364,0.177,0.278,0.222,0.196,0.644,0.502,0.137,0.152,0.447,0.334,0.959,0.457,0.277,0.072,0.601,0.42,0.224,0.396,0.108,0.153,0.709,0.199,0.071,0.178,0.342,0.342,0.158,0.171,0.123,0.3,0.314,0.955,0.57,0.076,0.455,0.43,0.392,0.494,0.144,0.19,0.366,0.169,0.09,0.166,0.58,0.38,0.059,0.136,0.089,0.264,0.186,0.585,0.969,0.112,0.389,0.654,0.224,0.282,0.08,0.094,0.243,0.079,0.045,0.395,0.45,0.276,0.029,0.065,0.081,0.585,0.196,0.16,0.207,0.929,0.107,0.153,0.262,0.058,0.431,0.292,0.188,0.489,0.298,0.135,0.472,0.514,0.124,0.182,0.478,0.296,0.348,0.528,0.328,0.043,0.815,0.516,0.346,0.424,0.137,0.304,0.448,0.389,0.227,0.248,0.5,0.365,0.134,0.314,0.275,0.273,0.435,0.386,0.578,0.031,0.732,0.924,0.165,0.448,0.094,0.105,0.565,0.165,0.064,0.373,0.426,0.329,0.048,0.133,0.166,0.427,0.182,0.286,0.299,0.116,0.313,0.296,0.897,0.288,0.15,0.193,0.237,0.177,0.171,0.22,0.539,0.333,0.097,0.167,0.215,0.275,0.428,0.545,0.369,0.041,0.596,0.395,0.188,0.993,0.101,0.089,0.298,0.162,0.109,0.267,0.39,0.188,0.051,0.396,0.101,0.28,0.058,0.107,0.082,0.27,0.109,0.139,0.122,0.094,0.943,0.784,0.06,0.581,0.458,0.102,0.212,0.331,0.137,0.277,0.792,0.285,0.107,0.112,0.114,0.134,0.174,0.102,0.127,0.172,0.723,0.883,0.128,0.643,0.498,0.093,0.193,0.258,0.104,0.227,0.652,0.27,0.706,0.432,0.351,0.093,0.596,0.651,0.292,0.379,0.155,0.149,0.878,0.173,0.088,0.261,0.475,0.266,0.106,0.342,0.199,0.318,0.15,0.135,0.159,0.151,0.334,0.151,0.13,0.119,0.673,0.784,0.172,0.964,0.319,0.168,0.23,0.289,0.134,0.194,0.72,0.267,0.154,0.099,0.03,0.187,0.083,0.084,0.182,0.129,0.652,0.786,0.083,0.62,0.944,0.095,0.251,0.229,0.42,0.478,0.564,0.366,0.195,0.201,0.298,0.123,0.254,0.177,0.264,0.11,0.167,0.224,0.221,0.301,0.13,0.982,0.309,0.367,0.03,0.125,0.277,0.571,0.266,0.511,0.39,0.204,0.349,0.391,0.484,0.298,0.19,0.152,0.348,0.19,0.124,0.276,0.883,0.526,0.072,0.169,0.262,0.458,0.267,0.373,0.335,0.246,0.374,0.372,0.182,0.176,0.339,0.269,0.291,0.245,0.145,0.239,0.581,0.85,0.138,0.175,0.434,0.171,0.229,0.03,0.02,0.266,0.083,0.051,0.025,0.351,0.076,0.176,0.058,0.31,0.687,0.023,0.113,0.058,0.995,0.922,0.076,0.301,0.54,0.204,0.235,0.071,0.333,0.226,0.077,0.28,0.354,0.297,0.367,0.224,0.663,0.305,0.321,0.187,0.469,0.894,0.367,0.372,0.114,0.105,0.115,0.184,0.142,0.134,0.211,0.128,0.763,0.678,0.124,0.56,0.348,0.209,0.193,0.373,0.11,0.222,0.845
0-211.txt_307,0.967,0.195,0.178,0.157,0.252,0.299,0.307,0.525,0.136,0.115,0.128,0.32,0.252,0.151,0.261,0.739,0.521,0.06,0.153,0.427,0.131,0.996,0.339,0.142,0.02,0.748,0.5,0.058,0.5,0.047,0.108,0.869,0.131,0.047,0.119,0.334,0.287,0.047,0.119,0.053,0.138,0.269,0.995,0.755,0.051,0.5,0.5,0.269,0.696,0.019,0.019,0.5,0.116,0.047,0.127,0.731,0.512,0.018,0.116,0.047,0.147,0.166,0.749,0.996,0.022,0.557,0.866,0.147,0.298,0.04,0.02,0.312,0.052,0.018,0.147,0.524,0.283,0.012,0.047,0.029,0.338,0.256,0.339,0.282,0.135,0.352,0.341,0.228,0.299,0.266,0.287,0.317,0.315,0.277,0.182,0.411,0.356,0.182,0.277,0.301,0.256,0.692,0.518,0.442,0.047,0.986,0.824,0.119,0.481,0.047,0.113,0.686,0.269,0.08,0.299,0.461,0.269,0.187,0.191,0.107,0.269,0.5,0.5,0.846,0.027,0.838,0.984,0.185,0.485,0.031,0.052,0.724,0.125,0.027,0.269,0.5,0.269,0.05,0.105,0.052,0.5,0.051,0.279,0.162,0.047,0.119,0.126,0.997,0.119,0.018,0.018,0.126,0.047,0.046,0.119,0.5,0.119,0.047,0.047,0.019,0.149,0.5,0.685,0.269,0.047,0.596,0.546,0.119,0.999,0.024,0.047,0.315,0.149,0.239,0.119,0.269,0.149,0.062,0.805,0.047,0.152,0.047,0.025,0.044,0.269,0.047,0.028,0.018,0.021,0.986,0.855,0.047,0.748,0.5,0.047,0.063,0.269,0.055,0.136,0.945,0.156,0.112,0.024,0.022,0.264,0.117,0.047,0.055,0.05,0.865,0.976,0.052,0.857,0.508,0.047,0.065,0.264,0.124,0.272,0.72,0.269,0.876,0.5,0.337,0.055,0.753,0.731,0.134,0.292,0.055,0.055,0.988,0.149,0.055,0.269,0.5,0.269,0.055,0.119,0.055,0.431,0.119,0.101,0.04,0.157,0.269,0.11,0.084,0.119,0.673,0.852,0.138,0.99,0.588,0.065,0.186,0.298,0.157,0.366,0.644,0.203,0.055,0.055,0.021,0.077,0.031,0.031,0.07,0.239,0.5,0.5,0.055,0.477,0.998,0.028,0.1,0.134,0.685,0.938,0.315,0.322,0.148,0.148,0.198,0.053,0.287,0.287,0.131,0.119,0.053,0.051,0.316,0.058,0.02,0.999,0.287,0.269,0.02,0.047,0.064,0.743,0.269,0.695,0.464,0.269,0.488,0.488,0.476,0.269,0.059,0.059,0.488,0.143,0.047,0.269,0.98,0.754,0.047,0.119,0.143,0.534,0.261,0.487,0.261,0.269,0.282,0.269,0.144,0.128,0.273,0.27,0.269,0.282,0.124,0.261,0.764,0.991,0.051,0.119,0.461,0.047,0.047,0.018,0.007,0.047,0.119,0.047,0.047,0.047,0.047,0.119,0.047,0.119,0.731,0.018,0.047,0.047,1,0.881,0.047,0.126,0.119,0.116,0.046,0.089,0.119,0.116,0.047,0.864,0.126,0.279,0.119,0.299,0.949,0.047,0.119,0.126,0.874,0.999,0.269,0.49,0.063,0.055,0.033,0.269,0.103,0.063,0.05,0.045,0.924,0.726,0.067,0.692,0.273,0.072,0.165,0.487,0.055,0.244,0.975
0-211.txt_309,0.97,0.04,0.095,0.088,0.741,0.065,0.45,0.31,0.266,0.189,0.5,0.161,0.321,0.372,0.051,0.347,0.139,0.02,0.058,0.214,0.234,0.966,0.253,0.386,0.019,0.452,0.615,0.329,0.348,0.194,0.188,0.642,0.213,0.019,0.462,0.415,0.452,0.123,0.097,0.193,0.367,0.434,0.963,0.655,0.081,0.569,0.566,0.338,0.492,0.085,0.18,0.49,0.153,0.288,0.15,0.413,0.533,0.127,0.222,0.081,0.231,0.133,0.534,0.985,0.033,0.392,0.661,0.456,0.245,0.047,0.08,0.177,0.195,0.107,0.305,0.411,0.203,0.082,0.159,0.145,0.336,0.326,0.301,0.342,0.194,0.342,0.424,0.272,0.304,0.294,0.313,0.371,0.262,0.3,0.23,0.326,0.345,0.174,0.303,0.329,0.472,0.562,0.626,0.257,0.231,0.639,0.763,0.418,0.5,0.094,0.024,0.669,0.191,0.184,0.424,0.47,0.46,0.21,0.126,0.185,0.483,0.288,0.306,0.736,0.123,0.528,0.953,0.25,0.197,0.058,0.051,0.559,0.146,0.015,0.413,0.474,0.441,0.108,0.1,0.213,0.279,0.316,0.526,0.382,0.098,0.44,0.33,0.955,0.356,0.088,0.081,0.517,0.085,0.079,0.16,0.407,0.211,0.133,0.128,0.057,0.406,0.383,0.369,0.333,0.045,0.423,0.346,0.044,0.845,0.12,0.09,0.34,0.136,0.224,0.214,0.417,0.3,0.134,0.639,0.191,0.179,0.175,0.083,0.18,0.1,0.175,0.141,0.1,0.244,0.98,0.693,0.183,0.347,0.445,0.165,0.218,0.491,0.015,0.151,0.815,0.247,0.097,0.107,0.09,0.222,0.139,0.324,0.082,0.116,0.621,0.922,0.223,0.559,0.482,0.215,0.175,0.296,0.209,0.297,0.617,0.281,0.772,0.201,0.338,0.064,0.627,0.661,0.258,0.519,0.132,0.16,0.871,0.195,0.07,0.252,0.263,0.441,0.218,0.213,0.124,0.246,0.198,0.339,0.102,0.062,0.246,0.325,0.028,0.071,0.466,0.493,0.363,0.833,0.185,0.33,0.121,0.119,0.038,0.095,0.426,0.13,0.016,0.013,0.016,0.223,0.022,0.036,0.013,0.117,0.613,0.736,0.013,0.459,0.99,0.032,0.028,0.058,0.421,0.621,0.486,0.195,0.336,0.111,0.476,0.336,0.339,0.627,0.024,0.188,0.01,0.048,0.5,0.018,0.262,0.997,0.071,0.299,0.009,0.052,0.018,0.605,0.411,0.377,0.279,0.386,0.4,0.292,0.407,0.147,0.257,0.124,0.368,0.211,0.137,0.261,0.805,0.585,0.231,0.126,0.327,0.622,0.418,0.409,0.176,0.313,0.415,0.359,0.333,0.161,0.08,0.176,0.365,0.243,0.086,0.05,0.637,0.944,0.03,0.456,0.342,0.119,0.881,0.881,0.018,0.007,0.5,0.269,0.047,0.047,0.018,0.018,0.5,0.047,0.269,0.007,0.269,0.119,1,0.731,0.5,0.188,0.269,0.033,0.212,0.298,0.045,0.082,0.182,0.335,0.185,0.196,0.184,0.159,0.847,0.054,0.086,0.091,0.53,0.999,0.234,0.39,0.192,0.022,0.123,0.57,0.232,0.247,0.242,0.285,0.647,0.45,0.305,0.288,0.383,0.095,0.101,0.323,0.127,0.557,0.844
0-211.txt_311,0.895,0.265,0.181,0.385,0.223,0.43,0.362,0.313,0.14,0.306,0.202,0.371,0.201,0.108,0.257,0.535,0.397,0.091,0.172,0.52,0.149,0.98,0.361,0.135,0.217,0.454,0.331,0.062,0.239,0.135,0.243,0.88,0.195,0.074,0.062,0.331,0.149,0.036,0.105,0.182,0.119,0.611,0.939,0.625,0.018,0.5,0.5,0.194,0.269,0.018,0.033,0.862,0.083,0.018,0.119,0.384,0.269,0.012,0.047,0.033,0.382,0.383,0.595,0.934,0.151,0.545,0.659,0.188,0.381,0.085,0.085,0.381,0.188,0.039,0.136,0.473,0.415,0.022,0.127,0.141,0.219,0.018,0.047,0.018,0.999,0.018,0.018,0.047,0.052,0.169,0.246,0.018,0.169,0.364,0.018,0.119,0.119,0.198,0.325,0.269,0.384,0.52,0.384,0.347,0.033,0.963,0.689,0.338,0.347,0.051,0.058,0.669,0.214,0.025,0.335,0.327,0.402,0.047,0.101,0.065,0.312,0.425,0.353,0.615,0.033,0.701,0.942,0.08,0.388,0.065,0.128,0.586,0.127,0.107,0.154,0.394,0.294,0.043,0.1,0.147,0.474,0.268,0.442,0.279,0.063,0.205,0.284,0.934,0.137,0.027,0.078,0.263,0.08,0.12,0.071,0.4,0.246,0.06,0.143,0.093,0.536,0.425,0.384,0.425,0.069,0.384,0.69,0.083,0.976,0.143,0.083,0.625,0.119,0.047,0.119,0.269,0.194,0.033,0.31,0.389,0.232,0.387,0.53,0.131,0.083,0.537,0.227,0.292,0.131,0.811,0.463,0.519,0.347,0.139,0.101,0.329,0.422,0.04,0.101,0.623,0.144,0.091,0.093,0.057,0.135,0.159,0.111,0.021,0.053,0.738,0.954,0.12,0.79,0.456,0.032,0.081,0.179,0.11,0.231,0.568,0.354,0.67,0.429,0.451,0.041,0.662,0.764,0.113,0.321,0.047,0.09,0.951,0.113,0.091,0.275,0.43,0.291,0.031,0.108,0.074,0.194,0.083,0.047,0.018,0.119,0.194,0.083,0.033,0.083,0.842,0.917,0.083,0.998,0.384,0.047,0.083,0.269,0.119,0.194,0.69,0.088,0.054,0.136,0.049,0.063,0.054,0.033,0.117,0.187,0.354,0.534,0.05,0.456,0.983,0.025,0.122,0.249,0.441,0.828,0.237,0.269,0.106,0.076,0.119,0.036,0.149,0.149,0.062,0.062,0.036,0.03,0.301,0.062,0.018,0.999,0.408,0.316,0.013,0.036,0.062,0.555,0.17,0.456,0.323,0.329,0.296,0.323,0.246,0.291,0.18,0.142,0.258,0.196,0.078,0.145,0.918,0.5,0.036,0.159,0.273,0.52,0.388,0.339,0.271,0.14,0.562,0.478,0.127,0.154,0.273,0.162,0.501,0.222,0.058,0.126,0.62,0.933,0.039,0.113,0.374,0.047,0.047,0.007,0.007,0.047,0.047,0.018,0.047,0.047,0.047,0.119,0.018,0.119,0.5,0.007,0.018,0.047,1,0.881,0.018,0.272,0.135,0.138,0.044,0.056,0.181,0.106,0.044,0.692,0.129,0.135,0.076,0.149,0.781,0.03,0.135,0.105,0.669,0.996,0.129,0.255,0.165,0.223,0.247,0.115,0.38,0.426,0.036,0.1,0.622,0.677,0.426,0.516,0.205,0.085,0.135,0.285,0.036,0.135,0.847
0-211.txt_313,0.931,0.177,0.252,0.337,0.194,0.41,0.318,0.587,0.148,0.149,0.13,0.289,0.204,0.179,0.185,0.529,0.366,0.077,0.159,0.28,0.232,0.988,0.563,0.252,0.058,0.736,0.442,0.328,0.442,0.058,0.101,0.748,0.194,0.058,0.157,0.327,0.269,0.065,0.119,0.101,0.215,0.336,0.99,0.518,0.131,0.39,0.347,0.41,0.453,0.077,0.063,0.487,0.125,0.106,0.099,0.63,0.501,0.029,0.126,0.127,0.205,0.162,0.599,0.991,0.045,0.437,0.701,0.275,0.434,0.049,0.041,0.281,0.078,0.11,0.13,0.53,0.39,0.073,0.235,0.06,0.269,0.028,0.054,0.023,1,0.033,0.023,0.047,0.065,0.183,0.246,0.033,0.183,0.135,0.047,0.258,0.358,0.123,0.217,0.269,0.25,0.647,0.445,0.442,0.042,0.991,0.834,0.11,0.5,0.033,0.074,0.758,0.289,0.086,0.157,0.432,0.298,0.122,0.266,0.074,0.308,0.366,0.442,0.678,0.054,0.711,0.982,0.129,0.327,0.086,0.08,0.585,0.237,0.058,0.194,0.555,0.469,0.053,0.129,0.116,0.41,0.22,0.559,0.343,0.067,0.332,0.295,0.981,0.166,0.03,0.033,0.326,0.07,0.035,0.114,0.446,0.218,0.059,0.046,0.049,0.194,0.194,0.384,0.158,0.158,0.384,0.194,0.158,0.998,0.194,0.194,0.194,0.194,0.575,0.158,0.194,0.194,0.5,0.75,0.194,0.235,0.08,0.093,0.145,0.183,0.096,0.093,0.067,0.113,0.976,0.679,0.093,0.624,0.495,0.12,0.115,0.27,0.16,0.303,0.802,0.252,0.09,0.117,0.044,0.185,0.098,0.065,0.035,0.078,0.731,0.943,0.094,0.711,0.523,0.052,0.219,0.29,0.174,0.347,0.675,0.346,0.719,0.443,0.363,0.052,0.66,0.629,0.199,0.232,0.048,0.077,0.974,0.18,0.035,0.322,0.486,0.355,0.038,0.097,0.097,0.384,0.119,0.158,0.069,0.119,0.269,0.158,0.083,0.119,0.5,0.69,0.194,0.991,0.31,0.083,0.536,0.611,0.083,0.194,0.384,0.083,0.059,0.05,0.06,0.059,0.086,0.188,0.023,0.373,0.383,0.423,0.05,0.346,0.997,0.023,0.071,0.107,0.679,0.95,0.258,0.345,0.206,0.157,0.262,0.054,0.349,0.437,0.196,0.139,0.1,0.056,0.413,0.092,0.025,0.996,0.298,0.232,0.022,0.04,0.17,0.6,0.246,0.589,0.381,0.222,0.37,0.413,0.313,0.222,0.134,0.154,0.384,0.218,0.106,0.263,0.956,0.631,0.106,0.143,0.177,0.374,0.335,0.405,0.339,0.162,0.369,0.369,0.128,0.181,0.22,0.226,0.401,0.259,0.179,0.188,0.594,0.969,0.124,0.205,0.344,0.119,0.047,0.018,0.018,0.119,0.119,0.047,0.119,0.119,0.047,0.119,0.047,0.269,0.731,0.018,0.047,0.119,1,0.881,0.047,0.148,0.092,0.111,0.045,0.074,0.176,0.083,0.159,0.686,0.308,0.318,0.092,0.26,0.956,0.045,0.12,0.138,0.74,0.997,0.242,0.435,0.099,0.117,0.162,0.183,0.184,0.218,0.096,0.09,0.716,0.57,0.12,0.571,0.314,0.108,0.293,0.422,0.109,0.23,0.935
0-211.txt_315,0.759,0.194,0.198,0.201,0.242,0.245,0.328,0.372,0.158,0.381,0.368,0.309,0.325,0.242,0.195,0.405,0.323,0.085,0.176,0.461,0.332,0.842,0.392,0.275,0.081,0.49,0.534,0.1,0.421,0.162,0.174,0.62,0.216,0.171,0.315,0.306,0.286,0.049,0.222,0.097,0.334,0.29,0.858,0.646,0.073,0.38,0.415,0.356,0.355,0.156,0.164,0.426,0.147,0.203,0.172,0.459,0.397,0.104,0.219,0.211,0.335,0.263,0.527,0.873,0.144,0.33,0.611,0.339,0.343,0.158,0.187,0.348,0.117,0.13,0.241,0.365,0.299,0.128,0.179,0.234,0.492,0.271,0.265,0.229,0.691,0.216,0.237,0.439,0.117,0.43,0.498,0.288,0.377,0.426,0.233,0.515,0.362,0.272,0.241,0.494,0.396,0.534,0.572,0.469,0.093,0.809,0.559,0.18,0.386,0.208,0.213,0.619,0.265,0.183,0.279,0.404,0.283,0.171,0.253,0.206,0.352,0.414,0.365,0.523,0.117,0.555,0.861,0.136,0.363,0.201,0.234,0.553,0.205,0.238,0.26,0.378,0.298,0.1,0.248,0.162,0.397,0.195,0.388,0.306,0.18,0.271,0.289,0.838,0.232,0.167,0.172,0.346,0.167,0.143,0.183,0.391,0.313,0.139,0.129,0.19,0.321,0.318,0.452,0.277,0.175,0.435,0.366,0.229,0.856,0.236,0.261,0.463,0.171,0.293,0.296,0.34,0.423,0.207,0.447,0.331,0.421,0.145,0.155,0.163,0.267,0.164,0.167,0.174,0.147,0.77,0.676,0.137,0.528,0.479,0.13,0.203,0.234,0.102,0.374,0.728,0.364,0.254,0.167,0.145,0.239,0.273,0.198,0.136,0.191,0.651,0.819,0.281,0.565,0.405,0.167,0.182,0.26,0.151,0.278,0.573,0.416,0.593,0.438,0.436,0.156,0.487,0.544,0.299,0.42,0.148,0.168,0.851,0.208,0.111,0.258,0.402,0.32,0.123,0.197,0.17,0.284,0.195,0.132,0.085,0.144,0.213,0.233,0.194,0.086,0.751,0.66,0.26,0.848,0.507,0.092,0.145,0.121,0.066,0.181,0.732,0.324,0.182,0.155,0.118,0.158,0.165,0.134,0.233,0.22,0.558,0.623,0.201,0.431,0.84,0.097,0.118,0.165,0.187,0.528,0.493,0.393,0.217,0.295,0.328,0.122,0.309,0.399,0.336,0.222,0.229,0.194,0.363,0.121,0.145,0.863,0.382,0.289,0.099,0.156,0.231,0.473,0.289,0.527,0.438,0.225,0.403,0.439,0.382,0.254,0.23,0.23,0.418,0.162,0.129,0.258,0.712,0.475,0.132,0.241,0.241,0.425,0.277,0.421,0.343,0.191,0.259,0.316,0.232,0.201,0.364,0.364,0.346,0.261,0.209,0.19,0.47,0.684,0.098,0.191,0.415,0.277,0.449,0.315,0.305,0.081,0.293,0.263,0.308,0.334,0.251,0.323,0.251,0.276,0.465,0.169,0.345,0.194,0.941,0.624,0.275,0.282,0.27,0.323,0.195,0.204,0.213,0.147,0.163,0.426,0.439,0.416,0.219,0.576,0.664,0.206,0.216,0.291,0.34,0.844,0.519,0.49,0.178,0.091,0.06,0.223,0.126,0.106,0.206,0.143,0.719,0.503,0.152,0.445,0.29,0.119,0.245,0.266,0.137,0.257,0.78
0-211.txt_317,0.852,0.181,0.244,0.189,0.348,0.185,0.21,0.324,0.092,0.361,0.266,0.228,0.288,0.16,0.185,0.486,0.384,0.073,0.18,0.364,0.16,0.9,0.386,0.313,0.066,0.5,0.457,0.142,0.33,0.247,0.153,0.767,0.235,0.198,0.085,0.268,0.244,0.157,0.3,0.187,0.202,0.291,0.924,0.65,0.046,0.351,0.456,0.235,0.334,0.179,0.124,0.477,0.151,0.104,0.197,0.432,0.361,0.037,0.177,0.146,0.1,0.19,0.623,0.941,0.035,0.411,0.726,0.193,0.266,0.101,0.084,0.389,0.074,0.076,0.095,0.329,0.225,0.042,0.139,0.057,0.178,0.308,0.238,0.198,0.944,0.211,0.229,0.173,0.236,0.229,0.222,0.241,0.217,0.349,0.391,0.442,0.309,0.258,0.495,0.197,0.178,0.469,0.45,0.388,0.07,0.91,0.641,0.151,0.421,0.21,0.187,0.63,0.27,0.204,0.141,0.283,0.285,0.077,0.212,0.185,0.2,0.357,0.503,0.652,0.074,0.566,0.944,0.14,0.251,0.177,0.094,0.621,0.126,0.1,0.188,0.284,0.278,0.07,0.184,0.141,0.332,0.19,0.407,0.259,0.137,0.157,0.245,0.905,0.133,0.09,0.063,0.269,0.111,0.121,0.113,0.338,0.194,0.037,0.141,0.094,0.161,0.345,0.624,0.249,0.186,0.399,0.249,0.116,0.953,0.146,0.146,0.383,0.203,0.18,0.143,0.317,0.197,0.092,0.503,0.135,0.189,0.153,0.151,0.13,0.21,0.119,0.151,0.064,0.122,0.946,0.612,0.169,0.557,0.415,0.109,0.152,0.317,0.065,0.279,0.797,0.152,0.17,0.123,0.13,0.165,0.127,0.143,0.063,0.139,0.699,0.877,0.225,0.655,0.462,0.096,0.161,0.239,0.112,0.336,0.563,0.23,0.654,0.489,0.331,0.103,0.512,0.527,0.156,0.335,0.214,0.132,0.923,0.215,0.102,0.172,0.304,0.375,0.071,0.27,0.188,0.117,0.299,0.133,0.073,0.081,0.192,0.11,0.049,0.121,0.804,0.62,0.324,0.908,0.332,0.162,0.102,0.237,0.025,0.205,0.514,0.161,0.138,0.213,0.147,0.149,0.147,0.085,0.056,0.231,0.554,0.606,0.145,0.521,0.962,0.063,0.165,0.243,0.227,0.673,0.403,0.25,0.238,0.298,0.219,0.138,0.279,0.264,0.119,0.175,0.221,0.159,0.338,0.185,0.186,0.974,0.365,0.289,0.055,0.242,0.16,0.419,0.31,0.45,0.339,0.206,0.27,0.354,0.234,0.223,0.3,0.213,0.358,0.172,0.226,0.234,0.775,0.496,0.093,0.272,0.221,0.309,0.347,0.544,0.305,0.138,0.233,0.349,0.205,0.24,0.302,0.2,0.401,0.288,0.188,0.171,0.592,0.862,0.042,0.306,0.256,0.208,0.484,0.417,0.354,0.257,0.216,0.365,0.112,0.263,0.297,0.231,0.412,0.143,0.447,0.141,0.204,0.157,0.904,0.655,0.293,0.092,0.287,0.209,0.25,0.097,0.205,0.237,0.106,0.591,0.41,0.332,0.283,0.27,0.728,0.109,0.147,0.179,0.273,0.957,0.265,0.292,0.162,0.179,0.205,0.178,0.133,0.149,0.076,0.118,0.785,0.512,0.178,0.473,0.328,0.146,0.193,0.309,0.064,0.252,0.88
0-211.txt_319,0.735,0.434,0.401,0.32,0.261,0.395,0.385,0.354,0.408,0.245,0.356,0.363,0.281,0.301,0.27,0.467,0.329,0.224,0.304,0.278,0.463,0.877,0.416,0.467,0.167,0.603,0.553,0.33,0.512,0.119,0.164,0.561,0.198,0.25,0.199,0.395,0.335,0.076,0.247,0.189,0.254,0.205,0.98,0.467,0.437,0.145,0.135,0.181,0.447,0.179,0.139,0.222,0.18,0.274,0.063,0.467,0.388,0.069,0.073,0.139,0.317,0.359,0.43,0.897,0.205,0.346,0.683,0.247,0.287,0.112,0.092,0.451,0.102,0.096,0.281,0.366,0.308,0.078,0.066,0.092,0.296,0.02,0.01,0.009,0.98,0.048,0.02,0.032,0.297,0.812,0.704,0.02,0.349,0.589,0.048,0.062,0.296,0.336,0.423,0.815,0.442,0.595,0.463,0.224,0.015,0.849,0.463,0.379,0.442,0.241,0.387,0.468,0.289,0.274,0.048,0.347,0.442,0.078,0.27,0.236,0.44,0.703,0.495,0.559,0.247,0.647,0.812,0.297,0.473,0.209,0.312,0.587,0.259,0.237,0.204,0.358,0.347,0.199,0.321,0.219,0.455,0.3,0.354,0.349,0.152,0.289,0.31,0.847,0.273,0.123,0.173,0.297,0.154,0.179,0.325,0.329,0.252,0.208,0.161,0.121,0.409,0.65,0.387,0.354,0.215,0.561,0.461,0.179,0.801,0.418,0.381,0.394,0.444,0.327,0.233,0.287,0.371,0.291,0.522,0.447,0.388,0.037,0.01,0.009,0.334,0.035,0.062,0.06,0.051,0.961,0.734,0.023,0.503,0.298,0.008,0.053,0.094,0.153,0.21,0.947,0.333,0.12,0.112,0.108,0.334,0.093,0.106,0.061,0.153,0.726,0.874,0.111,0.554,0.56,0.088,0.182,0.244,0.271,0.294,0.647,0.119,0.269,0.119,0.119,0.007,0.119,0.119,0.007,0.982,0.047,0.047,0.998,0.269,0.007,0.018,0.047,0.269,0.007,0.119,0.953,0.164,0.107,0.053,0.033,0.366,0.19,0.124,0.065,0.282,0.723,0.79,0.085,0.805,0.521,0.115,0.259,0.203,0.406,0.385,0.684,0.188,0.028,0.111,0.336,0.209,0.135,0.111,0.032,0.827,0.5,0.423,0.062,0.145,0.982,0.183,0.085,0.038,0.377,0.92,0.296,0.363,0.383,0.372,0.468,0.11,0.329,0.461,0.187,0.28,0.164,0.117,0.454,0.082,0.2,0.871,0.413,0.37,0.037,0.196,0.245,0.444,0.394,0.296,0.308,0.27,0.3,0.31,0.173,0.319,0.354,0.366,0.421,0.523,0.226,0.209,0.658,0.571,0.032,0.265,0.426,0.47,0.203,0.385,0.38,0.236,0.268,0.356,0.136,0.259,0.268,0.208,0.29,0.16,0.142,0.329,0.581,0.653,0.075,0.064,0.277,0.323,0.246,0.046,0.048,0.255,0.101,0.072,0.068,0.168,0.825,0.711,0.125,0.418,0.67,0.055,0.089,0.129,0.942,0.721,0.634,0.047,0.018,0.018,0.007,0.018,0.018,0.119,0.018,0.119,0.269,0.269,0.269,0.269,0.5,0.007,0.119,0.047,0.269,1,0.731,0.458,0.241,0.162,0.171,0.311,0.28,0.191,0.103,0.196,0.733,0.625,0.206,0.57,0.408,0.239,0.313,0.344,0.168,0.197,0.839
0-211.txt_321,0.862,0.251,0.273,0.215,0.093,0.461,0.322,0.308,0.133,0.258,0.323,0.289,0.197,0.172,0.104,0.491,0.362,0.067,0.161,0.346,0.153,0.955,0.338,0.259,0.032,0.542,0.271,0.168,0.218,0.111,0.298,0.602,0.344,0.158,0.168,0.337,0.466,0.025,0.068,0.417,0.435,0.283,0.904,0.559,0.193,0.422,0.499,0.315,0.358,0.06,0.167,0.292,0.094,0.048,0.197,0.675,0.434,0.023,0.137,0.161,0.388,0.324,0.479,0.843,0.03,0.484,0.731,0.226,0.205,0.176,0.154,0.434,0.172,0.078,0.044,0.432,0.362,0.015,0.126,0.108,0.731,0.018,0.018,0.018,0.999,0.047,0.018,0.018,0.018,0.731,0.269,0.018,0.881,0.047,0.018,0.119,0.5,0.982,0.047,0.982,0.461,0.465,0.363,0.22,0.209,0.899,0.471,0.274,0.39,0.201,0.359,0.527,0.258,0.149,0.165,0.291,0.358,0.1,0.152,0.188,0.434,0.471,0.404,0.499,0.079,0.654,0.915,0.215,0.323,0.096,0.118,0.456,0.207,0.078,0.266,0.405,0.296,0.098,0.208,0.211,0.594,0.232,0.301,0.32,0.246,0.319,0.149,0.83,0.194,0.079,0.097,0.209,0.245,0.082,0.041,0.391,0.431,0.024,0.205,0.147,0.305,0.6,0.516,0.335,0.022,0.43,0.287,0.036,0.969,0.042,0.263,0.38,0.395,0.269,0.217,0.181,0.076,0.407,0.432,0.078,0.362,0.305,0.23,0.069,0.232,0.334,0.235,0.064,0.11,0.946,0.69,0.172,0.299,0.349,0.275,0.208,0.473,0.204,0.143,0.596,0.318,0.17,0.129,0.054,0.263,0.176,0.084,0.115,0.115,0.635,0.867,0.091,0.626,0.365,0.076,0.199,0.315,0.17,0.16,0.541,0.266,0.651,0.39,0.508,0.184,0.509,0.458,0.2,0.333,0.248,0.235,0.785,0.111,0.101,0.278,0.196,0.288,0.107,0.134,0.319,0.216,0.088,0.048,0.027,0.103,0.161,0.043,0.264,0.051,0.558,0.924,0.095,0.993,0.442,0.043,0.113,0.252,0.113,0.304,0.578,0.221,0.096,0.109,0.041,0.041,0.198,0.259,0.02,0.29,0.415,0.529,0.105,0.262,0.95,0.025,0.167,0.225,0.609,0.734,0.39,0.569,0.273,0.107,0.29,0.117,0.214,0.402,0.242,0.307,0.053,0.161,0.326,0.136,0.095,0.942,0.375,0.272,0.11,0.118,0.1,0.401,0.461,0.549,0.436,0.07,0.499,0.434,0.247,0.128,0.103,0.062,0.287,0.076,0.095,0.163,0.87,0.44,0.019,0.049,0.149,0.526,0.047,0.522,0.225,0.054,0.413,0.12,0.446,0.05,0.463,0.267,0.095,0.386,0.206,0.193,0.607,0.77,0.021,0.075,0.438,0.422,0.045,0.241,0.016,0.168,0.253,0.031,0.021,0.179,0.381,0.457,0.219,0.494,0.404,0.015,0.133,0.296,0.997,0.531,0.425,0.249,0.349,0.217,0.162,0.018,0.381,0.281,0.101,0.977,0.057,0.103,0.155,0.095,0.588,0.145,0.096,0.173,0.393,0.976,0.177,0.468,0.18,0.125,0.025,0.263,0.216,0.12,0.105,0.105,0.751,0.648,0.115,0.522,0.323,0.026,0.186,0.348,0.041,0.406,0.883
0-211.txt_323,0.873,0.184,0.135,0.155,0.139,0.309,0.243,0.214,0.058,0.268,0.213,0.193,0.284,0.187,0.116,0.484,0.307,0.027,0.113,0.466,0.3,0.955,0.284,0.336,0.07,0.606,0.518,0.111,0.448,0.119,0.097,0.707,0.103,0.131,0.124,0.277,0.235,0.074,0.247,0.16,0.201,0.382,0.936,0.547,0.201,0.417,0.388,0.258,0.255,0.073,0.154,0.356,0.113,0.065,0.303,0.394,0.358,0.035,0.081,0.153,0.16,0.309,0.545,0.971,0.066,0.41,0.646,0.155,0.296,0.024,0.032,0.317,0.064,0.042,0.27,0.298,0.173,0.015,0.087,0.106,0.285,0.178,0.17,0.309,0.982,0.1,0.094,0.202,0.172,0.592,0.652,0.1,0.382,0.696,0.044,0.347,0.241,0.115,0.424,0.331,0.272,0.169,0.145,0.426,0.047,0.889,0.651,0.315,0.855,0.272,0.423,0.373,0.388,0.062,0.062,0.426,0.527,0.364,0.095,0.349,0.422,0.517,0.403,0.725,0.106,0.651,0.923,0.204,0.412,0.078,0.115,0.481,0.175,0.094,0.242,0.373,0.267,0.085,0.211,0.093,0.481,0.225,0.409,0.329,0.11,0.238,0.2,0.933,0.204,0.046,0.086,0.223,0.097,0.056,0.104,0.327,0.308,0.039,0.069,0.089,0.312,0.259,0.195,0.05,0.099,0.533,0.196,0.023,0.972,0.294,0.247,0.271,0.235,0.13,0.172,0.183,0.235,0.181,0.373,0.262,0.266,0.214,0.081,0.052,0.232,0.099,0.082,0.059,0.124,0.905,0.683,0.13,0.569,0.411,0.137,0.128,0.308,0.12,0.199,0.773,0.266,0.162,0.059,0.105,0.081,0.104,0.084,0.061,0.126,0.619,0.932,0.126,0.602,0.467,0.109,0.12,0.174,0.145,0.334,0.527,0.358,0.779,0.344,0.34,0.089,0.573,0.553,0.194,0.415,0.063,0.068,0.882,0.121,0.085,0.256,0.413,0.302,0.119,0.128,0.069,0.299,0.153,0.095,0.106,0.097,0.277,0.163,0.018,0.133,0.512,0.574,0.17,0.927,0.245,0.025,0.157,0.183,0.05,0.114,0.4,0.162,0.089,0.102,0.109,0.077,0.082,0.051,0.123,0.239,0.461,0.583,0.1,0.36,0.964,0.09,0.118,0.079,0.318,0.746,0.364,0.298,0.299,0.08,0.165,0.037,0.31,0.316,0.132,0.13,0.129,0.207,0.375,0.078,0.099,0.995,0.347,0.266,0.036,0.131,0.083,0.568,0.266,0.423,0.295,0.247,0.356,0.268,0.265,0.258,0.157,0.18,0.221,0.243,0.135,0.142,0.86,0.526,0.037,0.199,0.205,0.403,0.338,0.268,0.209,0.243,0.268,0.229,0.132,0.222,0.334,0.237,0.276,0.229,0.207,0.202,0.497,0.898,0.127,0.195,0.475,0.06,0.06,0.052,0.049,0.06,0.209,0.065,0.056,0.128,0.091,0.298,0.06,0.259,0.78,0.127,0.06,0.06,1,0.886,0.075,0.239,0.196,0.154,0.135,0.035,0.15,0.1,0.112,0.542,0.192,0.472,0.147,0.199,0.82,0.027,0.117,0.136,0.52,0.974,0.201,0.488,0.179,0.117,0.104,0.138,0.323,0.169,0.129,0.088,0.674,0.538,0.162,0.451,0.218,0.144,0.171,0.287,0.076,0.225,0.837
0-211.txt_325,0.741,0.145,0.248,0.093,0.474,0.236,0.169,0.478,0.157,0.498,0.427,0.177,0.507,0.491,0.245,0.592,0.539,0.329,0.35,0.563,0.3,0.832,0.375,0.205,0.223,0.55,0.36,0.299,0.483,0.222,0.292,0.706,0.327,0.232,0.211,0.386,0.257,0.361,0.262,0.221,0.42,0.226,0.822,0.343,0.315,0.317,0.25,0.535,0.323,0.307,0.236,0.207,0.297,0.317,0.29,0.665,0.58,0.239,0.329,0.337,0.352,0.233,0.71,0.74,0.412,0.423,0.511,0.404,0.36,0.273,0.261,0.343,0.348,0.316,0.247,0.591,0.333,0.238,0.305,0.237,0.325,0.133,0.283,0.151,0.971,0.161,0.159,0.494,0.08,0.601,0.587,0.156,0.433,0.516,0.273,0.307,0.444,0.34,0.379,0.504,0.373,0.317,0.339,0.228,0.259,0.881,0.388,0.364,0.308,0.393,0.419,0.349,0.61,0.482,0.296,0.379,0.437,0.511,0.373,0.369,0.36,0.391,0.353,0.61,0.193,0.558,0.834,0.245,0.326,0.209,0.19,0.544,0.301,0.158,0.359,0.398,0.372,0.24,0.175,0.207,0.612,0.105,0.259,0.101,0.409,0.162,0.091,0.929,0.185,0.281,0.277,0.12,0.357,0.455,0.194,0.519,0.336,0.334,0.261,0.264,0.5,0.31,0.329,0.101,0.359,0.616,0.252,0.5,0.84,0.362,0.229,0.5,0.176,0.495,0.442,0.46,0.31,0.269,0.558,0.558,0.431,0.107,0.107,0.038,0.384,0.112,0.06,0.158,0.08,0.907,0.776,0.124,0.731,0.696,0.188,0.249,0.407,0.359,0.304,0.776,0.388,0.116,0.123,0.052,0.369,0.21,0.092,0.215,0.109,0.765,0.875,0.099,0.78,0.685,0.146,0.257,0.379,0.446,0.368,0.662,0.263,0.724,0.367,0.265,0.137,0.605,0.475,0.196,0.426,0.262,0.205,0.858,0.273,0.259,0.396,0.424,0.359,0.369,0.23,0.178,0.366,0.155,0.13,0.033,0.321,0.177,0.071,0.199,0.13,0.757,0.778,0.142,0.824,0.661,0.29,0.359,0.355,0.468,0.348,0.652,0.316,0.083,0.109,0.122,0.35,0.13,0.098,0.214,0.172,0.618,0.693,0.094,0.64,0.93,0.133,0.263,0.326,0.508,0.616,0.522,0.417,0.226,0.25,0.148,0.292,0.281,0.108,0.213,0.269,0.37,0.29,0.234,0.271,0.405,0.944,0.47,0.489,0.355,0.323,0.343,0.618,0.224,0.363,0.223,0.303,0.253,0.252,0.502,0.229,0.375,0.259,0.243,0.43,0.429,0.298,0.818,0.651,0.326,0.345,0.312,0.555,0.171,0.404,0.205,0.282,0.316,0.205,0.387,0.208,0.528,0.434,0.193,0.534,0.44,0.336,0.642,0.718,0.34,0.396,0.508,0.202,0.292,0.286,0.075,0.108,0.182,0.11,0.352,0.361,0.378,0.276,0.22,0.402,0.763,0.201,0.276,0.253,0.999,0.844,0.293,0.362,0.175,0.258,0.152,0.234,0.227,0.094,0.174,0.289,0.403,0.504,0.082,0.6,0.846,0.263,0.34,0.269,0.681,0.93,0.39,0.426,0.066,0.175,0.046,0.44,0.179,0.092,0.221,0.157,0.844,0.705,0.106,0.66,0.628,0.109,0.321,0.471,0.231,0.441,0.853
0-211.txt_327,0.883,0.117,0.038,0.165,0.332,0.313,0.186,0.306,0.097,0.481,0.576,0.202,0.31,0.325,0.186,0.287,0.258,0.023,0.227,0.525,0.228,0.784,0.406,0.577,0.013,0.851,0.82,0.22,0.575,0.199,0.101,0.613,0.27,0.017,0.135,0.435,0.424,0.132,0.035,0.185,0.381,0.338,0.229,0.298,0.202,0.415,0.435,0.212,0.243,0.319,0.337,0.318,0.303,0.205,0.141,0.29,0.28,0.1,0.18,0.377,0.174,0.46,0.402,0.883,0.085,0.532,0.772,0.196,0.383,0.345,0.228,0.5,0.132,0.224,0.254,0.282,0.369,0.018,0.279,0.333,0.517,0.119,0.051,0.1,0.997,0.055,0.021,0.153,0.198,0.053,0.122,0.113,0.208,0.11,0.02,0.226,0.283,0.017,0.025,0.166,0.486,0.647,0.302,0.351,0.234,0.89,0.869,0.12,0.339,0.125,0.19,0.659,0.184,0.134,0.151,0.355,0.303,0.091,0.258,0.219,0.318,0.471,0.286,0.495,0.059,0.622,0.935,0.073,0.095,0.075,0.074,0.506,0.177,0.009,0.226,0.209,0.342,0.007,0.043,0.272,0.315,0.329,0.489,0.512,0.017,0.329,0.384,0.918,0.147,0.008,0.045,0.306,0.022,0.01,0.031,0.45,0.085,0.01,0.012,0.047,0.254,0.428,0.542,0.361,0.213,0.588,0.478,0.266,0.961,0.204,0.243,0.386,0.05,0.207,0.147,0.17,0.118,0.156,0.307,0.26,0.413,0.028,0.047,0.012,0.178,0.139,0.12,0.01,0.012,0.969,0.83,0.041,0.666,0.241,0.151,0.045,0.316,0.013,0.118,0.827,0.177,0.15,0.063,0.144,0.184,0.182,0.117,0.007,0.15,0.728,0.911,0.07,0.746,0.59,0.171,0.089,0.155,0.32,0.287,0.717,0.425,0.931,0.425,0.389,0.012,0.806,0.731,0.018,0.5,0.274,0.194,0.937,0.5,0.143,0.033,0.269,0.158,0.027,0.485,0.158,0.047,0.047,0.018,0.007,0.047,0.119,0.018,0.007,0.018,0.269,0.5,0.047,1,0.119,0.007,0.047,0.047,0.047,0.047,0.269,0.143,0.063,0.012,0.005,0.018,0.012,0.012,0.012,0.047,0.119,0.31,0.012,0.69,1,0.005,0.259,0.069,0.269,0.806,0.083,0.119,0.389,0.047,0.047,0.012,0.119,0.69,0.033,0.047,0.012,0.012,0.425,0.018,0.007,0.999,0.384,0.083,0.007,0.012,0.018,0.676,0.237,0.367,0.399,0.267,0.552,0.415,0.593,0.27,0.017,0.032,0.126,0.066,0.012,0.039,0.746,0.305,0.008,0.054,0.065,0.423,0.349,0.373,0.198,0.028,0.601,0.195,0.413,0.198,0.038,0.188,0.627,0.071,0.014,0.047,0.778,0.904,0.007,0.028,0.135,0.272,0.953,0.272,0.071,0.326,0.323,0.55,0.102,0.553,0.038,0.323,0.651,0.349,0.272,0.102,0.095,0.423,0.997,0.704,0.188,0.047,0.731,0.119,0.731,0.018,0.731,0.982,0.018,0.047,0.5,0.269,0.119,0.881,0.269,0.018,0.5,0.731,0.018,0.5,0.5,0.247,0.062,0.035,0.021,0.045,0.067,0.13,0.079,0.022,0.769,0.642,0.049,0.473,0.365,0.083,0.173,0.217,0.107,0.15,0.962
0-211.txt_329,0.965,0.217,0.194,0.18,0.285,0.371,0.331,0.431,0.195,0.21,0.187,0.308,0.262,0.167,0.285,0.706,0.5,0.137,0.237,0.453,0.202,0.986,0.245,0.23,0.039,0.628,0.513,0.088,0.338,0.174,0.298,0.726,0.288,0.226,0.112,0.245,0.252,0.113,0.204,0.129,0.285,0.315,0.994,0.674,0.077,0.532,0.533,0.315,0.518,0.046,0.043,0.423,0.115,0.057,0.129,0.607,0.471,0.043,0.145,0.082,0.214,0.236,0.665,0.994,0.085,0.4,0.698,0.175,0.307,0.077,0.048,0.343,0.102,0.044,0.263,0.372,0.258,0.03,0.116,0.112,0.498,0.216,0.176,0.113,0.999,0.234,0.169,0.176,0.121,0.252,0.365,0.347,0.347,0.158,0.139,0.347,0.327,0.121,0.157,0.289,0.346,0.642,0.523,0.364,0.085,0.989,0.776,0.179,0.5,0.07,0.07,0.704,0.277,0.04,0.232,0.613,0.361,0.084,0.134,0.091,0.313,0.423,0.409,0.681,0.044,0.777,0.989,0.196,0.445,0.096,0.122,0.611,0.169,0.052,0.243,0.529,0.306,0.064,0.146,0.119,0.499,0.145,0.384,0.213,0.108,0.213,0.253,0.988,0.23,0.042,0.042,0.238,0.108,0.078,0.138,0.479,0.22,0.09,0.122,0.078,0.365,0.269,0.384,0.338,0.076,0.384,0.384,0.139,0.998,0.171,0.284,0.232,0.254,0.121,0.321,0.289,0.157,0.058,0.5,0.113,0.226,0.09,0.061,0.045,0.174,0.102,0.07,0.049,0.109,0.973,0.694,0.118,0.634,0.453,0.112,0.121,0.257,0.098,0.252,0.844,0.242,0.102,0.087,0.085,0.168,0.109,0.092,0.06,0.077,0.735,0.967,0.109,0.784,0.461,0.074,0.158,0.254,0.122,0.248,0.692,0.264,0.793,0.519,0.422,0.054,0.684,0.65,0.141,0.354,0.074,0.074,0.985,0.162,0.052,0.232,0.5,0.387,0.057,0.147,0.095,0.44,0.119,0.065,0.033,0.157,0.269,0.083,0.088,0.119,0.673,0.879,0.157,0.995,0.442,0.065,0.214,0.269,0.119,0.232,0.673,0.138,0.058,0.077,0.036,0.081,0.056,0.04,0.03,0.21,0.558,0.5,0.045,0.464,0.996,0.033,0.139,0.172,0.518,0.862,0.422,0.3,0.144,0.169,0.165,0.08,0.19,0.306,0.197,0.101,0.08,0.08,0.274,0.082,0.033,0.999,0.315,0.306,0.055,0.077,0.092,0.615,0.282,0.503,0.321,0.253,0.443,0.42,0.352,0.251,0.201,0.133,0.424,0.195,0.095,0.232,0.965,0.639,0.065,0.123,0.227,0.404,0.245,0.398,0.238,0.219,0.309,0.317,0.211,0.139,0.271,0.296,0.329,0.328,0.121,0.299,0.672,0.984,0.078,0.12,0.41,0.071,0.047,0.028,0.01,0.047,0.119,0.047,0.047,0.198,0.071,0.119,0.047,0.119,0.781,0.018,0.047,0.071,1,0.92,0.071,0.119,0.208,0.288,0.135,0.047,0.288,0.208,0.059,0.831,0.119,0.219,0.208,0.244,0.879,0.059,0.169,0.169,0.792,0.997,0.119,0.37,0.07,0.131,0.076,0.241,0.093,0.089,0.107,0.071,0.853,0.671,0.093,0.63,0.344,0.066,0.199,0.384,0.073,0.204,0.968
0-211.txt_331,0.791,0.339,0.296,0.358,0.179,0.454,0.548,0.259,0.263,0.17,0.147,0.37,0.2,0.121,0.193,0.492,0.403,0.056,0.115,0.301,0.124,0.981,0.231,0.108,0.062,0.526,0.316,0.089,0.345,0.118,0.161,0.663,0.123,0.044,0.127,0.151,0.171,0.068,0.162,0.115,0.094,0.289,0.941,0.644,0.013,0.179,0.454,0.152,0.464,0.016,0.013,0.227,0.028,0.205,0.024,0.514,0.474,0.007,0.261,0.019,0.317,0.419,0.613,0.892,0.084,0.595,0.768,0.323,0.548,0.073,0.072,0.384,0.143,0.082,0.171,0.415,0.312,0.021,0.081,0.079,0.274,0.033,0.444,0.367,0.726,0.069,0.063,0.025,0.444,0.449,0.506,0.063,0.464,0.384,0.027,0.506,0.274,0.143,0.425,0.194,0.402,0.282,0.304,0.44,0.073,0.977,0.57,0.217,0.445,0.029,0.065,0.228,0.17,0.046,0.183,0.347,0.1,0.163,0.202,0.112,0.641,0.43,0.26,0.644,0.025,0.711,0.923,0.063,0.336,0.073,0.092,0.612,0.086,0.098,0.201,0.341,0.383,0.079,0.092,0.222,0.458,0.146,0.409,0.452,0.106,0.326,0.451,0.875,0.181,0.028,0.056,0.27,0.102,0.022,0.192,0.488,0.181,0.025,0.089,0.056,0.335,0.624,0.284,0.292,0.017,0.721,0.478,0.086,0.768,0.041,0.224,0.6,0.276,0.071,0.075,0.401,0.179,0.156,0.242,0.085,0.161,0.144,0.029,0.079,0.104,0.056,0.062,0.08,0.122,0.846,0.599,0.057,0.413,0.457,0.212,0.058,0.193,0.27,0.379,0.733,0.233,0.205,0.101,0.042,0.114,0.21,0.114,0.015,0.135,0.645,0.89,0.18,0.643,0.495,0.106,0.095,0.169,0.077,0.25,0.529,0.216,0.736,0.157,0.083,0.038,0.625,0.537,0.051,0.083,0.072,0.133,0.92,0.236,0.017,0.103,0.5,0.158,0.01,0.146,0.051,0.12,0.024,0.013,0.008,0.086,0.1,0.022,0.019,0.028,0.659,0.835,0.05,0.844,0.355,0.013,0.024,0.076,0.08,0.243,0.5,0.024,0.011,0.017,0.004,0.036,0.061,0.031,0.015,0.273,0.167,0.301,0.011,0.257,0.999,0.012,0.067,0.018,0.574,0.838,0.076,0.37,0.207,0.164,0.211,0.018,0.272,0.392,0.112,0.231,0.197,0.113,0.262,0.1,0.02,0.977,0.408,0.214,0.009,0.075,0.175,0.483,0.185,0.468,0.415,0.123,0.246,0.303,0.341,0.128,0.022,0.024,0.253,0.069,0.035,0.215,0.944,0.543,0.032,0.039,0.041,0.361,0.294,0.26,0.192,0.268,0.311,0.168,0.042,0.44,0.288,0.206,0.194,0.186,0.178,0.17,0.472,0.655,0.129,0.196,0.504,0.078,0.035,0.018,0.035,0.042,0.029,0.022,0.069,0.148,0.032,0.051,0.026,0.076,0.418,0.127,0.055,0.045,1,0.542,0.045,0.15,0.343,0.257,0.07,0.088,0.299,0.135,0.064,0.606,0.152,0.299,0.267,0.243,0.775,0.034,0.094,0.13,0.689,0.996,0.09,0.327,0.352,0.164,0.199,0.228,0.29,0.317,0.111,0.239,0.595,0.512,0.311,0.388,0.256,0.183,0.215,0.333,0.095,0.174,0.737
0-211.txt_333,0.805,0.378,0.32,0.246,0.375,0.409,0.36,0.228,0.244,0.27,0.216,0.436,0.284,0.146,0.275,0.636,0.437,0.136,0.138,0.379,0.236,0.884,0.412,0.182,0.196,0.644,0.509,0.139,0.382,0.181,0.216,0.653,0.226,0.078,0.095,0.281,0.267,0.143,0.157,0.276,0.45,0.518,0.931,0.597,0.188,0.341,0.52,0.299,0.411,0.162,0.129,0.571,0.122,0.142,0.302,0.595,0.348,0.065,0.197,0.122,0.287,0.332,0.617,0.812,0.175,0.541,0.644,0.22,0.275,0.128,0.122,0.423,0.101,0.105,0.229,0.507,0.419,0.052,0.128,0.209,0.405,0.095,0.5,0.322,0.874,0.169,0.266,0.131,0.151,0.537,0.254,0.5,0.5,0.247,0.222,0.595,0.48,0.015,0.033,0.651,0.27,0.515,0.438,0.458,0.268,0.897,0.589,0.135,0.687,0.133,0.268,0.612,0.308,0.141,0.449,0.451,0.466,0.142,0.291,0.207,0.269,0.358,0.527,0.649,0.105,0.557,0.907,0.148,0.477,0.124,0.135,0.599,0.09,0.058,0.433,0.397,0.311,0.105,0.157,0.171,0.496,0.282,0.612,0.307,0.165,0.429,0.377,0.784,0.306,0.178,0.098,0.538,0.225,0.088,0.331,0.565,0.446,0.166,0.124,0.133,0.144,0.6,0.361,0.332,0.143,0.739,0.6,0.085,0.984,0.14,0.423,0.741,0.433,0.356,0.057,0.217,0.221,0.476,0.55,0.091,0.319,0.161,0.117,0.079,0.301,0.105,0.121,0.057,0.096,0.932,0.726,0.134,0.61,0.417,0.084,0.116,0.246,0.074,0.161,0.823,0.273,0.175,0.189,0.106,0.33,0.206,0.137,0.053,0.218,0.633,0.906,0.147,0.777,0.469,0.112,0.184,0.229,0.078,0.249,0.529,0.356,0.731,0.527,0.477,0.243,0.68,0.56,0.178,0.449,0.099,0.126,0.929,0.202,0.171,0.367,0.396,0.253,0.141,0.236,0.125,0.216,0.203,0.183,0.087,0.309,0.393,0.19,0.1,0.191,0.566,0.742,0.266,0.949,0.412,0.054,0.24,0.412,0.209,0.33,0.501,0.339,0.117,0.196,0.088,0.288,0.103,0.187,0.058,0.244,0.235,0.358,0.181,0.331,0.814,0.161,0.359,0.142,0.419,0.723,0.18,0.347,0.328,0.272,0.363,0.236,0.358,0.393,0.129,0.325,0.204,0.176,0.479,0.243,0.101,0.989,0.446,0.365,0.049,0.122,0.255,0.553,0.324,0.303,0.255,0.484,0.313,0.342,0.312,0.372,0.148,0.243,0.389,0.231,0.098,0.305,0.88,0.497,0.11,0.089,0.313,0.506,0.339,0.364,0.391,0.377,0.453,0.465,0.245,0.318,0.204,0.218,0.444,0.284,0.088,0.272,0.742,0.799,0.039,0.175,0.347,0.143,0.018,0.012,0.143,0.616,0.033,0.143,0.269,0.018,0.274,0.194,0.259,0.274,0.726,0.259,0.119,0.047,1,0.731,0.194,0.286,0.194,0.267,0.172,0.464,0.159,0.119,0.11,0.604,0.429,0.334,0.154,0.349,0.822,0.116,0.243,0.268,0.537,0.963,0.351,0.406,0.235,0.23,0.168,0.357,0.283,0.234,0.093,0.269,0.744,0.641,0.32,0.472,0.219,0.264,0.331,0.422,0.099,0.2,0.887
0-211.txt_335,0.794,0.151,0.208,0.164,0.286,0.111,0.211,0.36,0.077,0.469,0.346,0.136,0.29,0.147,0.182,0.529,0.461,0.012,0.108,0.566,0.251,0.828,0.383,0.405,0.156,0.331,0.511,0.165,0.174,0.198,0.136,0.831,0.272,0.07,0.15,0.605,0.464,0.066,0.222,0.175,0.299,0.349,0.889,0.986,0.007,0.373,0.972,0.222,0.275,0.007,0.007,0.5,0.014,0.005,0.102,0.423,0.272,0.004,0.014,0.044,0.258,0.36,0.529,0.958,0.084,0.435,0.871,0.128,0.275,0.071,0.054,0.436,0.091,0.051,0.252,0.536,0.292,0.009,0.071,0.056,0.316,0.299,0.325,0.373,0.159,0.277,0.43,0.21,0.193,0.404,0.365,0.404,0.32,0.263,0.166,0.431,0.371,0.066,0.21,0.393,0.49,0.525,0.335,0.446,0.101,0.588,0.348,0.24,0.287,0.065,0.236,0.586,0.234,0.194,0.262,0.612,0.476,0.027,0.264,0.135,0.202,0.38,0.548,0.752,0.048,0.524,0.884,0.236,0.306,0.162,0.139,0.655,0.138,0.099,0.226,0.537,0.427,0.033,0.154,0.187,0.429,0.284,0.353,0.458,0.104,0.204,0.39,0.763,0.155,0.169,0.131,0.494,0.167,0.151,0.292,0.582,0.329,0.071,0.132,0.131,0.047,0.982,0.881,0.047,0.007,0.269,0.119,0.018,1,0.007,0.007,0.953,0.018,0.018,0.018,0.269,0.047,0.007,0.119,0.007,0.143,0.143,0.217,0.108,0.247,0.159,0.214,0.03,0.228,0.884,0.73,0.186,0.503,0.371,0.118,0.162,0.344,0.021,0.223,0.734,0.169,0.026,0.015,0.104,0.231,0.126,0.116,0.058,0.021,0.853,0.944,0.098,0.826,0.569,0.032,0.132,0.196,0.156,0.204,0.705,0.27,0.711,0.427,0.359,0.068,0.483,0.638,0.089,0.344,0.195,0.185,0.925,0.191,0.256,0.031,0.519,0.559,0.121,0.203,0.362,0.296,0.138,0.072,0.021,0.039,0.17,0.097,0.154,0.035,0.749,0.755,0.251,0.922,0.514,0.043,0.238,0.323,0.039,0.385,0.627,0.118,0.017,0.014,0.08,0.181,0.068,0.1,0.066,0.062,0.586,0.705,0.054,0.404,0.92,0.04,0.074,0.143,0.248,0.594,0.415,0.279,0.229,0.335,0.245,0.186,0.263,0.335,0.216,0.078,0.264,0.226,0.251,0.207,0.102,0.662,0.378,0.368,0.018,0.14,0.286,0.413,0.275,0.505,0.275,0.306,0.288,0.47,0.455,0.177,0.378,0.324,0.336,0.213,0.033,0.063,0.731,0.481,0.014,0.142,0.336,0.321,0.404,0.417,0.483,0.147,0.368,0.671,0.262,0.418,0.289,0.16,0.654,0.188,0.136,0.031,0.717,0.727,0.074,0.113,0.379,0.953,0.731,0.269,0.269,0.018,0.119,0.5,0.269,0.119,0.018,0.018,0.982,0.018,0.007,0.269,0.953,0.119,0.731,0.018,0.119,0.116,0.273,0.274,0.197,0.062,0.148,0.294,0.059,0.262,0.427,0.406,0.391,0.303,0.582,0.041,0.229,0.379,0.267,0.816,0.485,0.384,0.153,0.202,0.12,0.29,0.132,0.08,0.07,0.143,0.803,0.664,0.181,0.49,0.458,0.095,0.285,0.238,0.02,0.173,0.786
0-211.txt_337,0.832,0.228,0.16,0.16,0.391,0.176,0.241,0.448,0.119,0.297,0.273,0.266,0.307,0.184,0.187,0.628,0.322,0.017,0.206,0.543,0.202,0.917,0.289,0.55,0.073,0.474,0.748,0.164,0.35,0.195,0.081,0.831,0.143,0.015,0.265,0.534,0.475,0.01,0.177,0.299,0.212,0.424,0.953,0.654,0.162,0.416,0.612,0.227,0.425,0.115,0.117,0.685,0.146,0.064,0.244,0.622,0.546,0.011,0.143,0.197,0.176,0.287,0.62,0.971,0.038,0.46,0.9,0.234,0.325,0.101,0.104,0.463,0.092,0.064,0.107,0.424,0.294,0.047,0.04,0.149,0.442,0.251,0.035,0.01,0.998,0.133,0.027,0.017,0.012,0.897,0.613,0.133,0.347,0.473,0.038,0.106,0.292,0.02,0.088,0.746,0.271,0.621,0.5,0.505,0.033,0.975,0.558,0.266,0.463,0.321,0.085,0.806,0.229,0.03,0.211,0.5,0.653,0.238,0.211,0.324,0.21,0.306,0.519,0.852,0.047,0.596,0.975,0.236,0.198,0.122,0.079,0.511,0.107,0.023,0.206,0.472,0.348,0.016,0.072,0.159,0.426,0.26,0.435,0.445,0.112,0.244,0.394,0.868,0.114,0.094,0.074,0.372,0.12,0.012,0.148,0.578,0.354,0.01,0.168,0.143,0.161,0.442,0.442,0.507,0.01,0.555,0.747,0.033,0.916,0.007,0.012,0.613,0.025,0.256,0.277,0.48,0.424,0.012,0.292,0.048,0.226,0.162,0.129,0.096,0.126,0.081,0.175,0.131,0.094,0.973,0.716,0.139,0.622,0.345,0.108,0.223,0.36,0.086,0.266,0.811,0.276,0.065,0.101,0.089,0.212,0.107,0.149,0.039,0.055,0.76,0.91,0.127,0.714,0.593,0.086,0.157,0.281,0.095,0.294,0.61,0.296,0.768,0.371,0.371,0.108,0.385,0.587,0.178,0.131,0.093,0.075,0.978,0.102,0.108,0.242,0.619,0.319,0.029,0.256,0.086,0.175,0.115,0.077,0.038,0.174,0.073,0.115,0.103,0.076,0.817,0.821,0.059,0.973,0.543,0.016,0.093,0.231,0.024,0.11,0.768,0.104,0.011,0.009,0.077,0.173,0.011,0.045,0.055,0.04,0.732,0.674,0.021,0.434,0.987,0.005,0.074,0.103,0.232,0.591,0.433,0.315,0.136,0.314,0.39,0.032,0.278,0.416,0.239,0.062,0.16,0.164,0.383,0.048,0.097,0.988,0.349,0.281,0.024,0.033,0.137,0.535,0.455,0.471,0.477,0.189,0.313,0.511,0.345,0.201,0.189,0.088,0.603,0.151,0.108,0.181,0.847,0.515,0.039,0.179,0.189,0.363,0.408,0.531,0.396,0.184,0.292,0.564,0.221,0.27,0.373,0.231,0.462,0.316,0.153,0.186,0.714,0.854,0.11,0.241,0.357,0.314,0.304,0.332,0.381,0.161,0.286,0.443,0.22,0.181,0.398,0.346,0.399,0.32,0.261,0.17,0.432,0.38,0.066,0.215,0.396,0.068,0.15,0.053,0.011,0.084,0.085,0.082,0.076,0.351,0.214,0.398,0.163,0.328,0.906,0.046,0.123,0.073,0.438,0.992,0.305,0.31,0.16,0.113,0.16,0.225,0.191,0.192,0.036,0.04,0.84,0.641,0.205,0.466,0.404,0.058,0.194,0.389,0.06,0.198,0.929
0-211.txt_339,0.756,0.327,0.26,0.225,0.328,0.357,0.356,0.266,0.32,0.298,0.292,0.445,0.277,0.164,0.193,0.521,0.344,0.09,0.243,0.369,0.15,0.88,0.451,0.366,0.143,0.606,0.4,0.168,0.364,0.253,0.262,0.585,0.184,0.21,0.277,0.364,0.425,0.169,0.441,0.17,0.172,0.517,0.872,0.637,0.17,0.659,0.685,0.081,0.479,0.097,0.128,0.632,0.218,0.311,0.121,0.424,0.363,0.205,0.326,0.23,0.219,0.457,0.581,0.858,0.213,0.477,0.632,0.172,0.326,0.168,0.169,0.431,0.169,0.097,0.323,0.409,0.319,0.039,0.228,0.282,0.514,0.196,0.283,0.211,0.997,0.199,0.064,0.231,0.201,0.313,0.311,0.12,0.342,0.311,0.231,0.565,0.424,0.039,0.223,0.331,0.285,0.641,0.358,0.422,0.145,0.91,0.711,0.174,0.539,0.162,0.17,0.703,0.222,0.096,0.297,0.396,0.271,0.085,0.135,0.221,0.317,0.382,0.355,0.66,0.11,0.608,0.903,0.156,0.365,0.193,0.246,0.579,0.202,0.145,0.176,0.44,0.358,0.055,0.174,0.2,0.459,0.509,0.426,0.318,0.284,0.432,0.517,0.688,0.276,0.193,0.182,0.544,0.238,0.172,0.417,0.547,0.407,0.067,0.236,0.262,0.141,0.325,0.514,0.305,0.168,0.613,0.553,0.118,0.85,0.376,0.281,0.46,0.254,0.339,0.221,0.254,0.231,0.232,0.677,0.333,0.41,0.145,0.215,0.146,0.413,0.296,0.229,0.086,0.183,0.79,0.664,0.16,0.57,0.518,0.072,0.307,0.315,0.244,0.381,0.622,0.311,0.149,0.136,0.106,0.224,0.159,0.094,0.098,0.167,0.639,0.858,0.203,0.694,0.427,0.23,0.236,0.253,0.154,0.296,0.544,0.247,0.603,0.404,0.368,0.242,0.525,0.468,0.168,0.185,0.312,0.279,0.768,0.359,0.222,0.13,0.41,0.324,0.157,0.163,0.298,0.299,0.321,0.171,0.157,0.201,0.39,0.185,0.151,0.188,0.554,0.657,0.338,0.946,0.317,0.169,0.271,0.305,0.09,0.307,0.486,0.162,0.143,0.15,0.155,0.25,0.277,0.136,0.137,0.207,0.499,0.651,0.167,0.501,0.739,0.134,0.206,0.228,0.34,0.584,0.39,0.283,0.329,0.18,0.157,0.249,0.212,0.241,0.199,0.512,0.227,0.242,0.29,0.143,0.214,0.964,0.323,0.248,0.124,0.393,0.148,0.445,0.429,0.356,0.33,0.314,0.441,0.43,0.295,0.312,0.186,0.244,0.45,0.202,0.219,0.363,0.833,0.466,0.131,0.266,0.208,0.356,0.312,0.427,0.493,0.289,0.504,0.323,0.219,0.352,0.288,0.296,0.332,0.299,0.145,0.167,0.58,0.855,0.057,0.202,0.373,0.437,0.445,0.377,0.186,0.277,0.292,0.247,0.379,0.292,0.304,0.121,0.229,0.369,0.153,0.161,0.493,0.532,0.916,0.463,0.322,0.215,0.243,0.255,0.188,0.343,0.343,0.291,0.182,0.509,0.248,0.297,0.218,0.26,0.747,0.185,0.236,0.332,0.495,0.912,0.174,0.373,0.386,0.098,0.08,0.288,0.259,0.169,0.072,0.291,0.701,0.582,0.268,0.447,0.343,0.105,0.233,0.371,0.159,0.211,0.776
0-211.txt_341,0.651,0.259,0.336,0.414,0.169,0.249,0.461,0.362,0.107,0.316,0.186,0.385,0.203,0.084,0.189,0.63,0.451,0.012,0.155,0.404,0.221,0.71,0.41,0.488,0.03,0.459,0.728,0.25,0.345,0.15,0.095,0.795,0.16,0.13,0.152,0.511,0.401,0.063,0.194,0.198,0.5,0.269,0.982,0.269,0.5,0.119,0.5,0.047,0.047,0.047,0.731,0.953,0.731,0.018,0.018,0.731,0.5,0.007,0.018,0.269,0.186,0.399,0.516,0.819,0.073,0.4,0.667,0.263,0.247,0.331,0.135,0.554,0.128,0.08,0.141,0.581,0.38,0.007,0.052,0.141,0.467,0.264,0.212,0.147,0.892,0.117,0.24,0.124,0.08,0.656,0.409,0.212,0.257,0.368,0.058,0.214,0.177,0.035,0.337,0.681,0.333,0.359,0.532,0.441,0.031,0.763,0.456,0.287,0.223,0.075,0.359,0.591,0.267,0.162,0.1,0.552,0.241,0.019,0.141,0.184,0.39,0.344,0.492,0.761,0.018,0.45,0.887,0.182,0.156,0.119,0.051,0.474,0.051,0.042,0.279,0.351,0.331,0.013,0.075,0.144,0.298,0.396,0.418,0.579,0.015,0.358,0.641,0.732,0.143,0.13,0.141,0.443,0.163,0.074,0.203,0.445,0.36,0.011,0.187,0.217,0.103,0.413,0.518,0.679,0.011,0.583,0.77,0.081,0.824,0.073,0.023,0.5,0.146,0.01,0.033,0.558,0.387,0.224,0.033,0.198,0.272,0.01,0.01,0.01,0.047,0.028,0.094,0.01,0.175,0.995,0.728,0.024,0.87,0.349,0.322,0.062,0.198,0.014,0.121,0.735,0.234,0.069,0.043,0.039,0.126,0.051,0.088,0.071,0.057,0.844,0.873,0.077,0.663,0.597,0.084,0.118,0.182,0.061,0.206,0.726,0.121,0.322,0.493,0.555,0.13,0.5,0.618,0.129,0.362,0.279,0.271,0.662,0.196,0.082,0.259,0.405,0.442,0.01,0.043,0.191,0.075,0.052,0.009,0.005,0.023,0.056,0.009,0.005,0.024,0.77,0.877,0.154,0.967,0.926,0.007,0.031,0.043,0.205,0.352,0.514,0.123,0.011,0.008,0.004,0.015,0.045,0.008,0.01,0.083,0.562,0.655,0.01,0.484,0.992,0.038,0.026,0.086,0.386,0.658,0.416,0.239,0.159,0.407,0.5,0.097,0.356,0.448,0.14,0.047,0.21,0.168,0.451,0.15,0.074,0.718,0.432,0.289,0.007,0.06,0.169,0.455,0.368,0.435,0.521,0.244,0.268,0.552,0.295,0.184,0.207,0.1,0.501,0.117,0.081,0.064,0.777,0.497,0.055,0.163,0.201,0.253,0.441,0.528,0.527,0.23,0.438,0.624,0.153,0.343,0.255,0.179,0.551,0.192,0.082,0.247,0.546,0.78,0.064,0.243,0.266,0.317,0.298,0.322,0.381,0.13,0.272,0.445,0.216,0.176,0.392,0.337,0.4,0.312,0.259,0.164,0.423,0.369,0.066,0.199,0.388,0.024,0.038,0.061,0.104,0.013,0.024,0.013,0.128,0.257,0.319,0.502,0.058,0.409,0.938,0.059,0.118,0.088,0.596,0.989,0.227,0.221,0.184,0.245,0.155,0.069,0.105,0.306,0.041,0.109,0.67,0.568,0.292,0.571,0.386,0.093,0.295,0.473,0.057,0.159,0.807
0-211.txt_343,0.766,0.316,0.301,0.233,0.367,0.383,0.327,0.387,0.217,0.257,0.246,0.364,0.333,0.139,0.352,0.636,0.505,0.104,0.177,0.343,0.189,0.947,0.375,0.364,0.151,0.572,0.506,0.201,0.533,0.129,0.166,0.799,0.233,0.111,0.366,0.479,0.239,0.072,0.202,0.135,0.272,0.499,0.893,0.621,0.18,0.462,0.668,0.214,0.547,0.125,0.115,0.534,0.182,0.281,0.329,0.604,0.524,0.264,0.336,0.138,0.199,0.399,0.612,0.968,0.127,0.479,0.718,0.207,0.613,0.106,0.15,0.541,0.107,0.143,0.25,0.48,0.359,0.134,0.199,0.053,0.668,0.302,0.342,0.261,0.987,0.162,0.165,0.093,0.15,0.412,0.359,0.19,0.37,0.284,0.086,0.616,0.405,0.195,0.395,0.416,0.232,0.625,0.495,0.512,0.251,0.829,0.588,0.158,0.69,0.187,0.215,0.642,0.27,0.076,0.379,0.527,0.379,0.186,0.186,0.191,0.276,0.455,0.487,0.686,0.108,0.638,0.854,0.236,0.463,0.206,0.128,0.605,0.132,0.188,0.336,0.505,0.334,0.041,0.232,0.222,0.495,0.381,0.432,0.476,0.188,0.366,0.44,0.858,0.428,0.077,0.094,0.349,0.206,0.09,0.255,0.556,0.333,0.061,0.209,0.129,0.223,0.601,0.499,0.447,0.154,0.556,0.472,0.238,0.936,0.17,0.232,0.444,0.194,0.21,0.262,0.51,0.244,0.195,0.514,0.115,0.27,0.172,0.171,0.198,0.264,0.283,0.21,0.049,0.139,0.883,0.698,0.14,0.76,0.408,0.157,0.227,0.436,0.073,0.372,0.768,0.279,0.26,0.236,0.188,0.32,0.383,0.204,0.128,0.262,0.609,0.793,0.252,0.624,0.471,0.2,0.302,0.343,0.148,0.465,0.494,0.301,0.808,0.442,0.398,0.144,0.629,0.7,0.279,0.582,0.16,0.13,0.878,0.11,0.144,0.378,0.595,0.295,0.101,0.198,0.159,0.381,0.476,0.22,0.285,0.309,0.352,0.268,0.245,0.298,0.534,0.548,0.289,0.83,0.332,0.29,0.31,0.238,0.215,0.342,0.573,0.186,0.208,0.21,0.106,0.412,0.182,0.176,0.103,0.487,0.393,0.431,0.147,0.421,0.899,0.278,0.306,0.285,0.353,0.592,0.383,0.285,0.419,0.27,0.344,0.212,0.336,0.453,0.223,0.369,0.119,0.134,0.47,0.173,0.102,0.973,0.529,0.341,0.127,0.189,0.162,0.385,0.629,0.439,0.523,0.21,0.38,0.541,0.384,0.585,0.108,0.124,0.545,0.187,0.066,0.347,0.906,0.438,0.126,0.166,0.168,0.29,0.544,0.343,0.401,0.249,0.392,0.498,0.202,0.356,0.425,0.446,0.392,0.559,0.203,0.285,0.573,0.747,0.146,0.21,0.399,0.083,0.259,0.119,0.063,0.143,0.384,0.194,0.069,0.375,0.269,0.194,0.425,0.5,0.69,0.069,0.119,0.31,1,0.917,0.31,0.291,0.615,0.306,0.327,0.387,0.342,0.502,0.226,0.609,0.222,0.353,0.531,0.325,0.428,0.194,0.52,0.138,0.465,0.909,0.189,0.407,0.392,0.259,0.285,0.209,0.291,0.338,0.134,0.225,0.66,0.544,0.292,0.516,0.299,0.218,0.326,0.412,0.177,0.329,0.807
0-211.txt_345,0.876,0.317,0.21,0.148,0.216,0.417,0.223,0.364,0.236,0.188,0.159,0.277,0.191,0.141,0.522,0.744,0.637,0.034,0.189,0.329,0.379,0.886,0.301,0.232,0.096,0.569,0.495,0.236,0.392,0.207,0.266,0.541,0.172,0.093,0.441,0.548,0.5,0.062,0.212,0.224,0.348,0.303,0.834,0.493,0.129,0.493,0.333,0.334,0.333,0.132,0.089,0.348,0.213,0.193,0.477,0.709,0.515,0.026,0.273,0.163,0.192,0.294,0.692,0.964,0.067,0.471,0.645,0.242,0.313,0.067,0.075,0.355,0.087,0.07,0.276,0.508,0.31,0.016,0.049,0.159,0.5,0.266,0.065,0.095,0.987,0.349,0.076,0.058,0.211,0.384,0.633,0.349,0.384,0.179,0.266,0.558,0.347,0.04,0.218,0.5,0.475,0.383,0.287,0.374,0.1,0.941,0.495,0.279,0.512,0.178,0.136,0.459,0.203,0.112,0.604,0.586,0.576,0.033,0.277,0.132,0.358,0.415,0.437,0.59,0.04,0.678,0.903,0.118,0.326,0.084,0.155,0.558,0.154,0.036,0.424,0.519,0.436,0.093,0.145,0.184,0.572,0.16,0.418,0.268,0.152,0.309,0.274,0.84,0.22,0.131,0.232,0.235,0.225,0.232,0.34,0.661,0.449,0.094,0.154,0.247,0.428,0.483,0.464,0.387,0.157,0.593,0.543,0.189,0.915,0.18,0.105,0.445,0.23,0.216,0.466,0.576,0.414,0.074,0.563,0.194,0.386,0.058,0.09,0.12,0.137,0.136,0.146,0.14,0.269,0.854,0.616,0.148,0.462,0.306,0.207,0.32,0.487,0.094,0.258,0.806,0.321,0.215,0.138,0.108,0.125,0.219,0.119,0.081,0.215,0.637,0.827,0.148,0.644,0.517,0.246,0.282,0.326,0.167,0.382,0.628,0.206,0.754,0.368,0.499,0.027,0.543,0.553,0.122,0.13,0.052,0.061,0.911,0.064,0.223,0.299,0.52,0.403,0.027,0.049,0.114,0.526,0.247,0.14,0.104,0.06,0.338,0.216,0.237,0.286,0.383,0.586,0.312,0.803,0.237,0.302,0.477,0.533,0.041,0.355,0.587,0.415,0.168,0.382,0.063,0.306,0.135,0.198,0.119,0.286,0.46,0.537,0.167,0.315,0.895,0.363,0.352,0.392,0.358,0.644,0.479,0.377,0.186,0.131,0.242,0.111,0.192,0.241,0.125,0.104,0.137,0.137,0.146,0.093,0.046,0.994,0.466,0.387,0.018,0.126,0.217,0.604,0.162,0.353,0.272,0.128,0.442,0.356,0.394,0.342,0.074,0.182,0.272,0.177,0.108,0.593,0.928,0.696,0.032,0.207,0.187,0.511,0.29,0.386,0.205,0.157,0.334,0.268,0.285,0.215,0.184,0.184,0.243,0.217,0.101,0.64,0.742,0.902,0.057,0.154,0.31,0.259,0.069,0.063,0.063,0.069,0.069,0.063,0.063,0.083,0.083,0.425,0.063,0.119,0.558,0.494,0.449,0.269,0.997,0.551,0.274,0.282,0.362,0.31,0.22,0.283,0.318,0.205,0.145,0.393,0.204,0.262,0.363,0.234,0.617,0.221,0.317,0.173,0.43,0.942,0.226,0.501,0.254,0.26,0.164,0.128,0.337,0.27,0.162,0.164,0.599,0.519,0.22,0.308,0.223,0.374,0.462,0.522,0.065,0.272,0.819
0-211.txt_347,0.982,0.269,0.119,0.119,0.5,0.269,0.269,0.5,0.119,0.269,0.269,0.269,0.269,0.119,0.269,0.731,0.5,0.047,0.119,0.5,0.269,0.993,0.5,0.119,0.047,0.731,0.5,0.119,0.5,0.047,0.119,0.881,0.269,0.047,0.119,0.269,0.269,0.047,0.119,0.047,0.119,0.5,0.998,0.731,0.047,0.5,0.5,0.5,0.731,0.047,0.047,0.5,0.119,0.047,0.119,0.731,0.5,0.018,0.119,0.047,0.119,0.119,0.731,0.998,0.047,0.5,0.881,0.269,0.269,0.047,0.018,0.269,0.047,0.018,0.269,0.5,0.269,0.018,0.047,0.047,0.5,0.047,0.047,0.047,1,0.047,0.018,0.047,0.047,0.269,0.269,0.047,0.269,0.119,0.047,0.269,0.269,0.119,0.119,0.269,0.269,0.731,0.5,0.5,0.047,0.993,0.881,0.119,0.5,0.047,0.119,0.731,0.5,0.047,0.269,0.5,0.269,0.119,0.269,0.119,0.269,0.5,0.5,0.881,0.018,0.881,0.993,0.119,0.5,0.047,0.047,0.731,0.119,0.047,0.269,0.5,0.269,0.047,0.119,0.119,0.5,0.119,0.5,0.269,0.047,0.119,0.119,0.998,0.119,0.018,0.018,0.119,0.047,0.047,0.119,0.5,0.119,0.047,0.047,0.047,0.119,0.5,0.731,0.269,0.047,0.5,0.5,0.119,1,0.047,0.047,0.269,0.119,0.269,0.119,0.269,0.119,0.119,0.881,0.047,0.269,0.047,0.047,0.047,0.269,0.047,0.047,0.018,0.047,0.982,0.881,0.047,0.731,0.5,0.047,0.119,0.269,0.047,0.269,0.953,0.269,0.119,0.047,0.018,0.269,0.119,0.047,0.018,0.047,0.881,0.982,0.119,0.881,0.5,0.047,0.119,0.269,0.119,0.269,0.731,0.269,0.881,0.5,0.269,0.047,0.731,0.731,0.119,0.269,0.047,0.119,0.993,0.269,0.047,0.269,0.5,0.269,0.047,0.119,0.119,0.269,0.269,0.119,0.047,0.269,0.5,0.119,0.047,0.119,0.731,0.881,0.269,0.993,0.5,0.119,0.269,0.269,0.269,0.269,0.731,0.119,0.047,0.047,0.018,0.119,0.047,0.047,0.047,0.269,0.5,0.5,0.047,0.5,0.998,0.018,0.119,0.119,0.731,0.953,0.269,0.269,0.119,0.119,0.269,0.047,0.269,0.269,0.119,0.119,0.047,0.047,0.269,0.119,0.018,0.999,0.269,0.269,0.018,0.047,0.119,0.731,0.269,0.731,0.5,0.269,0.5,0.5,0.5,0.269,0.119,0.119,0.5,0.269,0.119,0.269,0.982,0.731,0.047,0.119,0.119,0.5,0.269,0.5,0.269,0.269,0.269,0.269,0.119,0.119,0.269,0.269,0.269,0.269,0.119,0.269,0.731,0.993,0.119,0.119,0.5,0.047,0.047,0.018,0.018,0.119,0.119,0.047,0.047,0.119,0.047,0.119,0.047,0.269,0.731,0.018,0.047,0.119,1,0.881,0.047,0.119,0.119,0.119,0.047,0.119,0.269,0.119,0.047,0.881,0.269,0.269,0.119,0.269,0.953,0.047,0.119,0.119,0.881,0.999,0.269,0.5,0.047,0.047,0.047,0.269,0.119,0.119,0.047,0.047,0.953,0.731,0.119,0.731,0.269,0.119,0.119,0.5,0.047,0.269,0.982
0-211.txt_349,0.681,0.189,0.275,0.27,0.251,0.281,0.262,0.398,0.127,0.336,0.301,0.283,0.199,0.143,0.108,0.549,0.393,0.02,0.134,0.436,0.263,0.82,0.403,0.28,0.105,0.336,0.352,0.18,0.273,0.123,0.158,0.855,0.236,0.087,0.116,0.61,0.52,0.086,0.074,0.22,0.216,0.329,0.946,0.688,0.243,0.578,0.525,0.266,0.236,0.14,0.14,0.5,0.201,0.01,0.384,0.52,0.445,0.251,0.146,0.191,0.329,0.313,0.624,0.935,0.118,0.463,0.767,0.17,0.345,0.075,0.049,0.496,0.084,0.011,0.184,0.563,0.32,0.007,0.114,0.044,0.316,0.293,0.316,0.375,0.163,0.275,0.419,0.208,0.176,0.395,0.352,0.393,0.315,0.273,0.16,0.424,0.366,0.072,0.216,0.4,0.982,0.119,0.119,0.047,0.119,0.881,0.269,0.269,0.119,0.119,0.119,0.269,0.269,0.953,0.119,0.5,0.269,0.119,0.269,0.269,0.161,0.37,0.456,0.756,0.162,0.452,0.9,0.222,0.319,0.144,0.094,0.581,0.09,0.078,0.179,0.533,0.444,0.035,0.214,0.144,0.272,0.245,0.52,0.403,0.216,0.252,0.452,0.879,0.085,0.045,0.084,0.336,0.16,0.171,0.125,0.474,0.323,0.013,0.122,0.105,0.316,0.293,0.316,0.375,0.163,0.275,0.419,0.208,0.176,0.395,0.352,0.393,0.315,0.273,0.16,0.424,0.366,0.072,0.216,0.4,0.25,0.102,0.058,0.101,0.232,0.124,0.135,0.076,0.082,0.92,0.775,0.09,0.645,0.567,0.132,0.144,0.253,0.032,0.254,0.742,0.154,0.033,0.062,0.066,0.154,0.065,0.12,0.046,0.118,0.853,0.885,0.065,0.768,0.642,0.075,0.106,0.139,0.062,0.192,0.745,0.341,0.617,0.447,0.498,0.014,0.427,0.6,0.227,0.179,0.236,0.157,0.861,0.249,0.18,0.168,0.548,0.433,0.043,0.168,0.292,0.076,0.219,0.14,0.019,0.106,0.106,0.168,0.01,0.161,0.734,0.744,0.274,0.87,0.437,0.02,0.164,0.274,0.226,0.329,0.558,0.109,0.012,0.008,0.005,0.075,0.019,0.029,0.056,0.062,0.553,0.7,0.051,0.55,0.924,0.017,0.091,0.133,0.45,0.68,0.406,0.297,0.487,0.29,0.441,0.064,0.143,0.51,0.283,0.135,0.105,0.064,0.476,0.146,0.035,0.894,0.255,0.249,0.005,0.146,0.119,0.517,0.352,0.388,0.399,0.238,0.318,0.481,0.339,0.277,0.199,0.133,0.444,0.157,0.118,0.162,0.835,0.617,0.038,0.231,0.237,0.393,0.297,0.348,0.405,0.234,0.271,0.487,0.025,0.117,0.543,0.342,0.32,0.257,0.245,0.179,0.449,0.669,0.017,0.185,0.571,0.316,0.293,0.316,0.375,0.163,0.275,0.419,0.208,0.176,0.395,0.352,0.393,0.315,0.273,0.16,0.424,0.366,0.072,0.216,0.4,0.17,0.345,0.102,0.175,0.191,0.369,0.291,0.031,0.301,0.285,0.323,0.488,0.174,0.589,0.035,0.412,0.186,0.342,0.723,0.392,0.324,0.183,0.304,0.326,0.175,0.173,0.314,0.126,0.045,0.636,0.525,0.254,0.377,0.224,0.119,0.303,0.363,0.044,0.128,0.732
0-211.txt_351,0.774,0.249,0.298,0.204,0.273,0.308,0.221,0.314,0.275,0.201,0.227,0.345,0.324,0.245,0.289,0.517,0.334,0.091,0.272,0.289,0.332,0.878,0.39,0.258,0.098,0.658,0.418,0.26,0.401,0.204,0.24,0.676,0.206,0.236,0.182,0.409,0.385,0.18,0.221,0.112,0.205,0.654,0.835,0.54,0.275,0.647,0.707,0.384,0.441,0.059,0.259,0.525,0.194,0.249,0.041,0.459,0.281,0.012,0.174,0.188,0.244,0.576,0.353,0.906,0.129,0.667,0.809,0.11,0.556,0.075,0.144,0.685,0.092,0.052,0.205,0.381,0.271,0.104,0.162,0.14,0.369,0.05,0.237,0.195,0.964,0.181,0.168,0.056,0.25,0.388,0.436,0.08,0.474,0.39,0.196,0.375,0.517,0.048,0.198,0.381,0.393,0.512,0.461,0.246,0.274,0.928,0.448,0.167,0.823,0.267,0.096,0.438,0.12,0.298,0.038,0.384,0.336,0.444,0.39,0.184,0.204,0.418,0.361,0.484,0.135,0.689,0.864,0.116,0.432,0.193,0.183,0.521,0.258,0.101,0.199,0.348,0.293,0.108,0.237,0.241,0.475,0.235,0.366,0.469,0.29,0.465,0.444,0.696,0.369,0.182,0.296,0.313,0.271,0.266,0.327,0.503,0.382,0.134,0.238,0.231,0.161,0.319,0.591,0.462,0.182,0.636,0.433,0.088,0.874,0.195,0.069,0.409,0.291,0.252,0.018,0.287,0.46,0.183,0.359,0.182,0.178,0.276,0.08,0.188,0.201,0.235,0.156,0.018,0.225,0.819,0.653,0.296,0.493,0.43,0.224,0.119,0.183,0.284,0.239,0.659,0.262,0.234,0.117,0.126,0.341,0.117,0.193,0.075,0.303,0.666,0.873,0.192,0.601,0.526,0.107,0.192,0.281,0.106,0.309,0.55,0.332,0.683,0.463,0.317,0.114,0.545,0.484,0.253,0.378,0.194,0.188,0.899,0.346,0.02,0.438,0.263,0.341,0.061,0.269,0.151,0.217,0.242,0.199,0.224,0.338,0.258,0.279,0.09,0.247,0.54,0.64,0.296,0.959,0.575,0.138,0.181,0.283,0.344,0.533,0.543,0.188,0.133,0.14,0.096,0.359,0.105,0.089,0.145,0.351,0.493,0.623,0.127,0.423,0.819,0.019,0.163,0.187,0.51,0.832,0.345,0.293,0.11,0.163,0.322,0.042,0.234,0.378,0.11,0.217,0.097,0.065,0.333,0.082,0.069,0.91,0.362,0.416,0.016,0.2,0.172,0.52,0.391,0.388,0.287,0.221,0.409,0.444,0.325,0.255,0.136,0.171,0.481,0.24,0.12,0.362,0.908,0.574,0.059,0.147,0.141,0.365,0.227,0.29,0.252,0.212,0.222,0.263,0.106,0.206,0.368,0.436,0.307,0.421,0.193,0.159,0.529,0.824,0.032,0.153,0.603,0.212,0.262,0.173,0.096,0.373,0.286,0.185,0.056,0.062,0.349,0.5,0.262,0.457,0.743,0.096,0.262,0.289,0.954,0.677,0.121,0.302,0.474,0.321,0.179,0.234,0.236,0.309,0.033,0.39,0.22,0.309,0.281,0.118,0.757,0.171,0.257,0.156,0.454,0.869,0.172,0.297,0.21,0.133,0.221,0.395,0.271,0.211,0.102,0.317,0.623,0.577,0.28,0.466,0.363,0.245,0.287,0.355,0.094,0.289,0.771
0-211.txt_353,0.835,0.25,0.228,0.159,0.48,0.292,0.249,0.289,0.23,0.279,0.283,0.31,0.223,0.151,0.359,0.587,0.437,0.096,0.178,0.502,0.262,0.85,0.396,0.326,0.174,0.541,0.462,0.149,0.493,0.165,0.339,0.74,0.325,0.175,0.275,0.372,0.338,0.124,0.154,0.29,0.238,0.476,0.887,0.473,0.193,0.53,0.475,0.29,0.556,0.156,0.125,0.633,0.19,0.136,0.358,0.55,0.325,0.075,0.256,0.167,0.369,0.331,0.557,0.866,0.251,0.55,0.73,0.214,0.277,0.217,0.161,0.511,0.233,0.084,0.32,0.467,0.367,0.054,0.116,0.269,0.659,0.221,0.1,0.074,0.835,0.411,0.1,0.146,0.311,0.404,0.372,0.092,0.409,0.188,0.239,0.591,0.591,0.016,0.434,0.5,0.271,0.524,0.412,0.456,0.24,0.84,0.657,0.154,0.468,0.222,0.269,0.735,0.205,0.091,0.4,0.5,0.358,0.185,0.217,0.185,0.295,0.46,0.438,0.67,0.186,0.667,0.894,0.162,0.358,0.12,0.149,0.574,0.167,0.075,0.364,0.482,0.345,0.109,0.161,0.177,0.606,0.272,0.587,0.189,0.276,0.334,0.211,0.716,0.354,0.145,0.129,0.393,0.33,0.106,0.189,0.523,0.474,0.01,0.121,0.297,0.294,0.379,0.464,0.445,0.32,0.535,0.448,0.315,0.839,0.252,0.249,0.462,0.31,0.224,0.29,0.4,0.358,0.151,0.294,0.276,0.272,0.168,0.097,0.068,0.384,0.25,0.115,0.088,0.16,0.903,0.714,0.284,0.645,0.463,0.15,0.214,0.264,0.171,0.313,0.73,0.264,0.203,0.17,0.123,0.307,0.235,0.194,0.088,0.237,0.619,0.83,0.256,0.714,0.403,0.218,0.235,0.275,0.129,0.197,0.616,0.34,0.672,0.504,0.303,0.163,0.685,0.497,0.231,0.436,0.148,0.219,0.872,0.374,0.074,0.24,0.488,0.304,0.124,0.155,0.3,0.267,0.196,0.183,0.079,0.329,0.243,0.185,0.037,0.274,0.548,0.875,0.296,0.837,0.466,0.137,0.213,0.229,0.194,0.479,0.499,0.145,0.081,0.143,0.138,0.33,0.149,0.133,0.057,0.446,0.374,0.652,0.133,0.384,0.925,0.178,0.149,0.13,0.634,0.748,0.319,0.361,0.335,0.241,0.265,0.16,0.395,0.316,0.099,0.352,0.244,0.223,0.433,0.141,0.115,0.984,0.467,0.424,0.036,0.128,0.324,0.603,0.337,0.505,0.368,0.246,0.385,0.341,0.288,0.321,0.214,0.177,0.477,0.209,0.091,0.312,0.792,0.542,0.121,0.109,0.309,0.401,0.346,0.42,0.313,0.265,0.455,0.456,0.232,0.293,0.444,0.315,0.45,0.356,0.242,0.342,0.568,0.724,0.196,0.193,0.44,0.255,0.25,0.156,0.279,0.269,0.275,0.36,0.229,0.379,0.377,0.481,0.44,0.418,0.343,0.336,0.348,0.254,0.807,0.4,0.369,0.294,0.277,0.378,0.228,0.409,0.288,0.318,0.129,0.536,0.321,0.366,0.239,0.395,0.764,0.181,0.226,0.264,0.334,0.826,0.328,0.461,0.268,0.213,0.142,0.366,0.35,0.258,0.132,0.289,0.575,0.534,0.356,0.452,0.229,0.287,0.307,0.258,0.161,0.17,0.748
0-211.txt_355,0.819,0.206,0.234,0.253,0.421,0.252,0.355,0.319,0.182,0.234,0.247,0.28,0.294,0.133,0.191,0.605,0.429,0.107,0.229,0.292,0.223,0.954,0.437,0.208,0.081,0.659,0.431,0.134,0.459,0.082,0.179,0.767,0.292,0.133,0.14,0.305,0.306,0.11,0.171,0.172,0.347,0.289,0.945,0.786,0.266,0.669,0.5,0.31,0.329,0.113,0.264,0.537,0.482,0.106,0.106,0.537,0.327,0.023,0.281,0.342,0.167,0.31,0.632,0.94,0.11,0.513,0.809,0.185,0.446,0.135,0.091,0.461,0.16,0.042,0.169,0.374,0.258,0.056,0.135,0.119,0.354,0.206,0.08,0.062,0.816,0.224,0.313,0.037,0.13,0.704,0.479,0.143,0.581,0.286,0.059,0.344,0.373,0.11,0.347,0.672,0.302,0.562,0.526,0.478,0.208,0.912,0.711,0.127,0.504,0.128,0.219,0.681,0.34,0.132,0.222,0.432,0.253,0.107,0.266,0.178,0.306,0.414,0.395,0.591,0.162,0.623,0.856,0.112,0.394,0.136,0.171,0.611,0.186,0.116,0.228,0.416,0.291,0.16,0.233,0.183,0.306,0.371,0.392,0.337,0.182,0.454,0.281,0.746,0.367,0.15,0.233,0.424,0.202,0.277,0.112,0.41,0.209,0.142,0.339,0.21,0.215,0.309,0.327,0.491,0.407,0.567,0.412,0.133,0.905,0.255,0.414,0.376,0.374,0.446,0.078,0.347,0.234,0.291,0.447,0.342,0.137,0.138,0.083,0.022,0.24,0.095,0.051,0.017,0.049,0.9,0.766,0.116,0.61,0.507,0.046,0.072,0.24,0.047,0.213,0.829,0.267,0.146,0.118,0.071,0.346,0.178,0.125,0.033,0.158,0.672,0.883,0.161,0.666,0.493,0.153,0.198,0.289,0.13,0.345,0.594,0.264,0.775,0.444,0.342,0.168,0.645,0.59,0.173,0.273,0.099,0.105,0.887,0.336,0.139,0.236,0.383,0.277,0.129,0.233,0.071,0.296,0.285,0.256,0.144,0.533,0.446,0.228,0.123,0.303,0.645,0.74,0.292,0.893,0.267,0.197,0.288,0.409,0.114,0.293,0.645,0.161,0.113,0.09,0.123,0.43,0.155,0.087,0.102,0.292,0.433,0.495,0.128,0.405,0.913,0.077,0.184,0.116,0.539,0.838,0.326,0.329,0.297,0.318,0.547,0.187,0.361,0.434,0.2,0.346,0.126,0.129,0.43,0.335,0.094,0.909,0.407,0.312,0.135,0.148,0.223,0.511,0.242,0.44,0.319,0.288,0.416,0.402,0.254,0.266,0.223,0.243,0.331,0.306,0.213,0.338,0.85,0.548,0.041,0.204,0.218,0.365,0.244,0.4,0.342,0.299,0.34,0.428,0.109,0.283,0.364,0.257,0.295,0.267,0.181,0.279,0.508,0.782,0.067,0.204,0.417,0.12,0.152,0.094,0.187,0.257,0.242,0.213,0.076,0.287,0.182,0.135,0.106,0.209,0.683,0.293,0.257,0.301,0.99,0.847,0.351,0.251,0.302,0.231,0.139,0.323,0.314,0.179,0.086,0.608,0.315,0.385,0.26,0.403,0.677,0.171,0.243,0.183,0.303,0.881,0.35,0.375,0.182,0.168,0.189,0.307,0.231,0.238,0.12,0.215,0.733,0.574,0.187,0.522,0.273,0.195,0.252,0.386,0.152,0.308,0.854
0-211.txt_357,0.861,0.188,0.227,0.245,0.365,0.336,0.376,0.385,0.2,0.2,0.205,0.327,0.23,0.16,0.297,0.676,0.419,0.061,0.203,0.379,0.252,0.91,0.324,0.203,0.158,0.668,0.479,0.164,0.391,0.154,0.171,0.774,0.232,0.114,0.11,0.35,0.29,0.104,0.187,0.171,0.144,0.321,0.995,0.774,0.088,0.538,0.505,0.365,0.521,0.033,0.031,0.413,0.11,0.082,0.163,0.556,0.428,0.018,0.122,0.051,0.263,0.221,0.601,0.937,0.103,0.529,0.726,0.285,0.404,0.089,0.059,0.386,0.107,0.101,0.204,0.444,0.337,0.08,0.147,0.144,0.517,0.078,0.137,0.143,0.987,0.123,0.121,0.096,0.08,0.318,0.278,0.14,0.207,0.128,0.114,0.388,0.278,0.134,0.203,0.331,0.252,0.654,0.502,0.469,0.101,0.92,0.804,0.146,0.508,0.087,0.153,0.701,0.302,0.087,0.337,0.461,0.287,0.118,0.194,0.148,0.26,0.416,0.517,0.733,0.093,0.739,0.936,0.159,0.38,0.107,0.164,0.598,0.198,0.079,0.238,0.491,0.28,0.081,0.124,0.118,0.449,0.192,0.308,0.241,0.144,0.253,0.224,0.926,0.169,0.067,0.094,0.295,0.159,0.11,0.141,0.48,0.234,0.109,0.086,0.104,0.22,0.439,0.528,0.297,0.176,0.521,0.472,0.158,0.98,0.121,0.164,0.276,0.229,0.304,0.169,0.364,0.27,0.053,0.682,0.139,0.312,0.11,0.092,0.108,0.289,0.198,0.143,0.068,0.102,0.929,0.643,0.181,0.607,0.365,0.105,0.203,0.261,0.07,0.213,0.842,0.213,0.154,0.076,0.1,0.282,0.171,0.123,0.037,0.145,0.711,0.915,0.16,0.733,0.459,0.154,0.175,0.259,0.142,0.292,0.615,0.273,0.728,0.498,0.314,0.114,0.637,0.563,0.143,0.358,0.113,0.162,0.874,0.277,0.133,0.276,0.468,0.309,0.043,0.198,0.169,0.245,0.246,0.093,0.093,0.222,0.344,0.323,0.05,0.179,0.386,0.609,0.296,0.855,0.371,0.033,0.177,0.249,0.261,0.352,0.55,0.13,0.146,0.14,0.124,0.204,0.101,0.135,0.073,0.326,0.467,0.512,0.158,0.47,0.968,0.057,0.227,0.248,0.407,0.841,0.341,0.296,0.173,0.221,0.245,0.097,0.31,0.301,0.154,0.248,0.125,0.108,0.303,0.13,0.049,0.995,0.327,0.296,0.036,0.157,0.111,0.624,0.293,0.567,0.458,0.261,0.447,0.463,0.391,0.319,0.101,0.097,0.463,0.17,0.074,0.323,0.907,0.644,0.065,0.161,0.176,0.44,0.319,0.462,0.277,0.32,0.309,0.315,0.168,0.286,0.297,0.24,0.352,0.317,0.136,0.286,0.71,0.896,0.093,0.148,0.383,0.153,0.164,0.153,0.155,0.198,0.244,0.26,0.054,0.253,0.192,0.182,0.309,0.24,0.703,0.102,0.26,0.151,0.973,0.677,0.204,0.262,0.305,0.179,0.198,0.225,0.223,0.214,0.151,0.569,0.271,0.257,0.343,0.206,0.721,0.224,0.277,0.202,0.514,0.9,0.18,0.395,0.133,0.099,0.072,0.387,0.21,0.095,0.105,0.174,0.814,0.679,0.135,0.649,0.379,0.143,0.234,0.37,0.173,0.318,0.87
0-211.txt_359,0.874,0.228,0.195,0.201,0.461,0.249,0.254,0.237,0.19,0.302,0.324,0.278,0.288,0.196,0.325,0.591,0.405,0.072,0.137,0.462,0.225,0.95,0.464,0.267,0.146,0.507,0.467,0.159,0.439,0.124,0.181,0.772,0.154,0.106,0.328,0.376,0.326,0.072,0.179,0.209,0.354,0.47,0.96,0.558,0.177,0.5,0.488,0.411,0.439,0.118,0.104,0.579,0.164,0.043,0.183,0.557,0.42,0.013,0.16,0.176,0.291,0.38,0.693,0.929,0.131,0.551,0.68,0.243,0.325,0.149,0.085,0.454,0.165,0.037,0.292,0.515,0.369,0.068,0.122,0.123,0.441,0.227,0.103,0.104,0.905,0.29,0.184,0.231,0.241,0.521,0.501,0.374,0.455,0.149,0.14,0.494,0.347,0.152,0.184,0.531,0.205,0.559,0.589,0.379,0.158,0.908,0.562,0.29,0.627,0.285,0.201,0.718,0.413,0.125,0.274,0.51,0.333,0.1,0.232,0.249,0.3,0.343,0.411,0.613,0.238,0.637,0.936,0.172,0.308,0.121,0.212,0.552,0.182,0.063,0.378,0.443,0.334,0.147,0.146,0.177,0.596,0.383,0.397,0.344,0.092,0.455,0.367,0.857,0.304,0.069,0.122,0.514,0.273,0.027,0.293,0.582,0.365,0.03,0.026,0.196,0.367,0.382,0.334,0.302,0.338,0.637,0.259,0.241,0.956,0.165,0.364,0.4,0.065,0.264,0.422,0.474,0.301,0.139,0.519,0.301,0.381,0.178,0.13,0.166,0.304,0.281,0.22,0.09,0.163,0.906,0.692,0.155,0.617,0.344,0.145,0.276,0.26,0.133,0.243,0.849,0.241,0.143,0.114,0.099,0.303,0.206,0.11,0.053,0.235,0.645,0.912,0.186,0.728,0.445,0.149,0.182,0.293,0.146,0.32,0.598,0.291,0.732,0.448,0.382,0.135,0.663,0.513,0.245,0.406,0.197,0.166,0.947,0.269,0.097,0.286,0.431,0.296,0.091,0.152,0.261,0.269,0.142,0.133,0.15,0.365,0.223,0.208,0.065,0.212,0.607,0.748,0.187,0.93,0.515,0.185,0.312,0.299,0.24,0.321,0.569,0.293,0.223,0.289,0.173,0.343,0.265,0.198,0.097,0.411,0.329,0.372,0.244,0.272,0.924,0.276,0.241,0.268,0.355,0.743,0.241,0.393,0.207,0.149,0.293,0.179,0.407,0.319,0.106,0.333,0.216,0.145,0.354,0.157,0.136,0.993,0.45,0.3,0.044,0.189,0.324,0.427,0.423,0.454,0.339,0.385,0.487,0.455,0.277,0.414,0.244,0.228,0.519,0.288,0.177,0.469,0.773,0.545,0.154,0.198,0.294,0.415,0.366,0.514,0.276,0.312,0.372,0.445,0.164,0.363,0.335,0.302,0.492,0.309,0.12,0.309,0.517,0.805,0.09,0.113,0.282,0.062,0.349,0.052,0.259,0.5,0.265,0.265,0.121,0.343,0.212,0.296,0.399,0.095,0.855,0.188,0.071,0.121,0.994,0.781,0.219,0.189,0.2,0.241,0.19,0.33,0.181,0.196,0.097,0.598,0.331,0.475,0.213,0.314,0.754,0.147,0.165,0.257,0.4,0.898,0.349,0.403,0.278,0.283,0.17,0.337,0.276,0.26,0.119,0.311,0.689,0.514,0.32,0.468,0.255,0.215,0.339,0.432,0.066,0.152,0.823
0-211.txt_361,0.945,0.253,0.157,0.179,0.366,0.259,0.286,0.457,0.124,0.269,0.267,0.3,0.281,0.106,0.271,0.662,0.461,0.1,0.123,0.455,0.245,0.975,0.458,0.161,0.105,0.599,0.447,0.132,0.424,0.091,0.166,0.771,0.25,0.119,0.116,0.363,0.306,0.054,0.17,0.177,0.167,0.342,0.962,0.537,0.124,0.426,0.347,0.307,0.463,0.075,0.11,0.447,0.099,0.092,0.128,0.64,0.557,0.113,0.172,0.101,0.222,0.245,0.627,0.969,0.071,0.523,0.725,0.223,0.358,0.07,0.09,0.28,0.076,0.111,0.248,0.47,0.267,0.061,0.087,0.059,0.512,0.132,0.169,0.151,0.968,0.123,0.114,0.141,0.229,0.294,0.369,0.093,0.331,0.225,0.048,0.358,0.399,0.096,0.251,0.331,0.274,0.609,0.533,0.518,0.09,0.984,0.796,0.182,0.379,0.082,0.123,0.645,0.376,0.075,0.24,0.469,0.242,0.094,0.231,0.103,0.307,0.495,0.491,0.642,0.031,0.792,0.947,0.167,0.423,0.075,0.075,0.713,0.145,0.113,0.224,0.483,0.306,0.051,0.11,0.108,0.468,0.152,0.454,0.27,0.117,0.178,0.157,0.979,0.13,0.045,0.043,0.17,0.084,0.068,0.14,0.481,0.22,0.095,0.064,0.072,0.307,0.442,0.586,0.293,0.113,0.514,0.437,0.178,0.991,0.125,0.125,0.386,0.247,0.249,0.134,0.374,0.235,0.086,0.694,0.138,0.199,0.052,0.04,0.037,0.19,0.052,0.04,0.047,0.097,0.968,0.863,0.11,0.663,0.549,0.071,0.092,0.283,0.076,0.299,0.891,0.27,0.16,0.052,0.056,0.234,0.132,0.073,0.059,0.1,0.728,0.927,0.145,0.728,0.492,0.077,0.164,0.241,0.124,0.308,0.651,0.233,0.891,0.434,0.309,0.026,0.587,0.596,0.089,0.271,0.095,0.091,0.942,0.148,0.031,0.155,0.434,0.233,0.03,0.165,0.067,0.289,0.27,0.193,0.044,0.171,0.314,0.087,0.112,0.142,0.655,0.826,0.25,0.965,0.479,0.075,0.186,0.229,0.299,0.288,0.655,0.094,0.232,0.126,0.105,0.072,0.138,0.059,0.127,0.232,0.508,0.522,0.119,0.483,0.914,0.089,0.125,0.154,0.463,0.755,0.326,0.3,0.11,0.162,0.225,0.049,0.257,0.258,0.142,0.135,0.098,0.098,0.249,0.122,0.098,0.991,0.314,0.292,0.054,0.117,0.119,0.674,0.251,0.594,0.445,0.242,0.425,0.424,0.396,0.239,0.112,0.113,0.397,0.198,0.125,0.268,0.968,0.698,0.046,0.142,0.159,0.473,0.274,0.395,0.266,0.281,0.28,0.297,0.17,0.142,0.312,0.254,0.259,0.307,0.134,0.212,0.676,0.93,0.101,0.12,0.447,0.119,0.047,0.025,0.025,0.101,0.119,0.218,0.328,0.119,0.047,0.119,0.047,0.232,0.786,0.025,0.065,0.101,1,0.906,0.047,0.145,0.262,0.203,0.065,0.13,0.274,0.175,0.072,0.692,0.215,0.332,0.193,0.348,0.801,0.137,0.216,0.217,0.575,0.972,0.238,0.411,0.119,0.055,0.056,0.249,0.14,0.112,0.052,0.067,0.877,0.675,0.152,0.587,0.317,0.11,0.173,0.441,0.077,0.298,0.943
0-211.txt_363,0.592,0.206,0.291,0.242,0.237,0.205,0.291,0.317,0.035,0.443,0.362,0.339,0.313,0.222,0.084,0.556,0.294,0.019,0.122,0.443,0.266,0.723,0.381,0.378,0.205,0.334,0.576,0.167,0.301,0.25,0.208,0.694,0.252,0.137,0.207,0.494,0.45,0.016,0.21,0.211,0.228,0.329,0.713,0.693,0.019,0.251,0.614,0.261,0.313,0.204,0.19,0.635,0.211,0.158,0.078,0.5,0.454,0.006,0.03,0.267,0.319,0.213,0.624,0.922,0.015,0.342,0.829,0.242,0.345,0.122,0.057,0.342,0.088,0.016,0.22,0.585,0.433,0.005,0.016,0.117,0.317,0.299,0.326,0.382,0.148,0.264,0.426,0.219,0.181,0.413,0.354,0.4,0.331,0.256,0.157,0.43,0.373,0.069,0.208,0.394,0.368,0.72,0.514,0.692,0.185,0.599,0.854,0.358,0.285,0.046,0.119,0.709,0.099,0.049,0.066,0.434,0.338,0.013,0.23,0.121,0.147,0.4,0.494,0.699,0.054,0.485,0.866,0.248,0.332,0.221,0.111,0.603,0.189,0.07,0.246,0.505,0.482,0.009,0.134,0.188,0.412,0.138,0.355,0.49,0.189,0.217,0.468,0.857,0.049,0.217,0.077,0.322,0.125,0.063,0.155,0.534,0.286,0.017,0.022,0.155,0.317,0.299,0.326,0.382,0.148,0.264,0.426,0.219,0.181,0.413,0.354,0.4,0.331,0.256,0.157,0.43,0.373,0.069,0.208,0.394,0.37,0.203,0.169,0.177,0.196,0.133,0.181,0.104,0.229,0.79,0.626,0.194,0.501,0.268,0.023,0.346,0.341,0.014,0.163,0.695,0.203,0.094,0.172,0.177,0.108,0.153,0.204,0.067,0.027,0.739,0.788,0.177,0.592,0.534,0.143,0.268,0.235,0.068,0.211,0.63,0.277,0.654,0.425,0.547,0.108,0.455,0.586,0.194,0.228,0.195,0.113,0.899,0.101,0.03,0.038,0.541,0.445,0.096,0.128,0.286,0.183,0.13,0.077,0.162,0.082,0.085,0.179,0.067,0.063,0.802,0.792,0.174,0.89,0.407,0.116,0.12,0.266,0.022,0.285,0.597,0.19,0.051,0.036,0.028,0.225,0.041,0.083,0.047,0.098,0.672,0.74,0.086,0.472,0.962,0.02,0.117,0.14,0.343,0.461,0.473,0.343,0.413,0.235,0.422,0.092,0.118,0.321,0.247,0.143,0.045,0.138,0.414,0.215,0.147,0.923,0.248,0.249,0.105,0.284,0.128,0.462,0.323,0.401,0.412,0.133,0.268,0.467,0.291,0.215,0.27,0.202,0.448,0.151,0.062,0.106,0.743,0.494,0.048,0.207,0.286,0.432,0.249,0.413,0.34,0.32,0.22,0.389,0.229,0.114,0.492,0.33,0.316,0.35,0.142,0.264,0.566,0.779,0.01,0.114,0.529,0.476,0.433,0.062,0.135,0.034,0.387,0.062,0.185,0.265,0.473,0.543,0.45,0.651,0.336,0.028,0.5,0.704,0.881,0.275,0.728,0.174,0.17,0.153,0.07,0.078,0.145,0.103,0.055,0.13,0.374,0.392,0.23,0.421,0.75,0.01,0.209,0.186,0.31,0.987,0.387,0.374,0.171,0.221,0.146,0.27,0.199,0.146,0.164,0.155,0.714,0.544,0.214,0.519,0.425,0.108,0.259,0.303,0.042,0.251,0.778
0-211.txt_365,0.711,0.252,0.342,0.42,0.272,0.317,0.468,0.438,0.219,0.318,0.24,0.353,0.205,0.163,0.25,0.639,0.424,0.12,0.226,0.404,0.38,0.814,0.32,0.6,0.13,0.456,0.693,0.311,0.338,0.233,0.161,0.685,0.201,0.193,0.324,0.539,0.502,0.129,0.403,0.199,0.254,0.336,0.867,0.702,0.156,0.367,0.498,0.414,0.248,0.193,0.207,0.626,0.127,0.076,0.367,0.652,0.502,0.07,0.219,0.162,0.299,0.304,0.577,0.934,0.04,0.5,0.789,0.266,0.255,0.093,0.109,0.465,0.099,0.04,0.224,0.449,0.312,0.094,0.093,0.11,0.537,0.18,0.139,0.034,0.822,0.106,0.104,0.279,0.15,0.612,0.517,0.106,0.453,0.271,0.041,0.453,0.349,0.024,0.225,0.639,0.234,0.672,0.435,0.548,0.117,0.531,0.731,0.06,0.207,0.237,0.17,0.662,0.175,0.03,0.261,0.684,0.653,0.125,0.187,0.392,0.257,0.411,0.529,0.818,0.117,0.579,0.924,0.249,0.273,0.204,0.167,0.546,0.173,0.112,0.278,0.405,0.389,0.151,0.159,0.252,0.414,0.372,0.505,0.461,0.248,0.252,0.429,0.782,0.163,0.121,0.163,0.461,0.278,0.094,0.244,0.605,0.405,0.083,0.168,0.227,0.424,0.558,0.54,0.5,0.085,0.387,0.196,0.164,0.783,0.472,0.314,0.729,0.362,0.201,0.138,0.537,0.292,0.349,0.379,0.339,0.4,0.284,0.162,0.185,0.299,0.181,0.326,0.163,0.1,0.823,0.621,0.251,0.53,0.427,0.186,0.372,0.398,0.07,0.199,0.663,0.191,0.068,0.118,0.075,0.212,0.092,0.106,0.043,0.062,0.817,0.929,0.083,0.785,0.52,0.033,0.141,0.234,0.063,0.196,0.721,0.297,0.662,0.379,0.474,0.103,0.444,0.554,0.246,0.311,0.173,0.178,0.903,0.11,0.15,0.254,0.565,0.339,0.08,0.309,0.174,0.22,0.127,0.027,0.04,0.099,0.196,0.082,0.039,0.032,0.786,0.843,0.166,0.938,0.29,0.203,0.133,0.232,0.211,0.127,0.763,0.122,0.042,0.058,0.017,0.033,0.043,0.087,0.023,0.188,0.602,0.548,0.117,0.482,0.932,0.02,0.056,0.152,0.276,0.516,0.411,0.371,0.293,0.326,0.359,0.09,0.247,0.44,0.168,0.118,0.224,0.306,0.306,0.142,0.121,0.937,0.306,0.339,0.088,0.188,0.227,0.483,0.414,0.502,0.408,0.184,0.332,0.483,0.271,0.281,0.301,0.187,0.498,0.209,0.234,0.227,0.766,0.6,0.063,0.311,0.338,0.285,0.515,0.417,0.333,0.1,0.354,0.59,0.24,0.287,0.535,0.236,0.63,0.403,0.196,0.155,0.583,0.827,0.164,0.192,0.539,0.018,0.018,0.007,0.002,0.018,0.007,0.007,0.007,0.018,0.731,0.982,0.007,0.269,0.998,0.119,0.018,0.018,0.982,0.269,0.119,0.163,0.233,0.223,0.169,0.093,0.256,0.252,0.144,0.274,0.297,0.35,0.265,0.25,0.756,0.093,0.231,0.246,0.386,0.93,0.315,0.337,0.125,0.185,0.178,0.197,0.171,0.186,0.17,0.15,0.803,0.653,0.203,0.555,0.444,0.119,0.22,0.321,0.061,0.196,0.819
0-211.txt_367,0.854,0.124,0.05,0.031,0.524,0.106,0.118,0.288,0.075,0.592,0.294,0.134,0.184,0.146,0.053,0.482,0.282,0.015,0.177,0.69,0.327,0.795,0.304,0.219,0.124,0.414,0.418,0.177,0.247,0.303,0.171,0.787,0.146,0.138,0.156,0.533,0.533,0.01,0.164,0.438,0.23,0.514,0.675,0.663,0.145,0.39,0.784,0.234,0.375,0.159,0.126,0.779,0.394,0.099,0.325,0.598,0.438,0.008,0.12,0.221,0.277,0.364,0.538,0.943,0.109,0.389,0.819,0.15,0.258,0.173,0.031,0.426,0.041,0.05,0.148,0.539,0.407,0.007,0.105,0.068,0.315,0.293,0.316,0.368,0.164,0.273,0.429,0.213,0.183,0.406,0.34,0.405,0.321,0.251,0.168,0.43,0.376,0.068,0.201,0.406,0.234,0.463,0.5,0.935,0.02,0.708,0.824,0.271,0.482,0.085,0.03,0.671,0.259,0.017,0.088,0.595,0.616,0.016,0.023,0.168,0.204,0.411,0.413,0.777,0.11,0.532,0.938,0.171,0.359,0.14,0.035,0.596,0.073,0.045,0.177,0.493,0.463,0.009,0.163,0.156,0.441,0.22,0.446,0.507,0.07,0.288,0.418,0.805,0.177,0.112,0.105,0.408,0.141,0.101,0.159,0.59,0.301,0.023,0.107,0.179,0.018,0.018,0.269,0.007,0.018,0.047,0.018,0.119,0.731,0.047,0.269,0.119,0.881,0.5,0.007,0.018,0.018,0.5,1,0.5,0.25,0.051,0.132,0.108,0.131,0.074,0.168,0.027,0.054,0.878,0.792,0.087,0.63,0.296,0.137,0.109,0.232,0.071,0.127,0.76,0.25,0.114,0.151,0.144,0.202,0.141,0.146,0.051,0.071,0.774,0.76,0.269,0.601,0.453,0.115,0.229,0.305,0.089,0.235,0.71,0.314,0.724,0.407,0.378,0.088,0.455,0.579,0.322,0.235,0.122,0.051,0.846,0.105,0.108,0.167,0.632,0.387,0.138,0.111,0.219,0.319,0.352,0.224,0.138,0.201,0.172,0.469,0.223,0.256,0.663,0.553,0.388,0.858,0.206,0.098,0.335,0.435,0.019,0.173,0.532,0.223,0.075,0.115,0.062,0.232,0.046,0.08,0.025,0.071,0.639,0.688,0.065,0.385,0.919,0.034,0.07,0.136,0.2,0.436,0.561,0.31,0.371,0.25,0.403,0.016,0.184,0.359,0.249,0.145,0.231,0.193,0.42,0.163,0.159,0.911,0.311,0.258,0.008,0.069,0.186,0.436,0.366,0.553,0.485,0.223,0.308,0.527,0.213,0.196,0.167,0.178,0.517,0.166,0.08,0.128,0.801,0.454,0.054,0.148,0.264,0.391,0.21,0.362,0.243,0.322,0.341,0.456,0.219,0.035,0.524,0.314,0.414,0.42,0.251,0.224,0.54,0.805,0.072,0.127,0.496,0.315,0.293,0.316,0.368,0.164,0.273,0.429,0.213,0.183,0.406,0.34,0.405,0.321,0.251,0.168,0.43,0.376,0.068,0.201,0.406,0.182,0.243,0.083,0.059,0.055,0.229,0.228,0.156,0.281,0.415,0.411,0.337,0.397,0.633,0.017,0.329,0.256,0.214,0.873,0.397,0.341,0.035,0.119,0.107,0.243,0.096,0.124,0.125,0.046,0.785,0.68,0.06,0.569,0.309,0.115,0.259,0.399,0.07,0.152,0.783
0-211.txt_369,0.923,0.098,0.203,0.169,0.377,0.172,0.21,0.378,0.251,0.175,0.198,0.214,0.322,0.153,0.151,0.636,0.394,0.106,0.217,0.243,0.19,0.838,0.411,0.443,0.145,0.562,0.608,0.202,0.578,0.142,0.155,0.663,0.289,0.153,0.207,0.364,0.36,0.131,0.243,0.267,0.301,0.502,0.883,0.713,0.056,0.498,0.679,0.327,0.257,0.066,0.036,0.715,0.05,0.022,0.178,0.406,0.408,0.006,0.261,0.201,0.223,0.413,0.59,0.94,0.18,0.538,0.752,0.262,0.395,0.185,0.203,0.577,0.326,0.081,0.208,0.5,0.381,0.021,0.223,0.145,0.699,0.082,0.048,0.133,0.986,0.201,0.141,0.171,0.063,0.271,0.304,0.03,0.113,0.253,0.143,0.69,0.196,0.251,0.491,0.254,0.229,0.686,0.38,0.345,0.15,0.795,0.673,0.135,0.584,0.089,0.161,0.631,0.257,0.124,0.4,0.486,0.327,0.104,0.29,0.117,0.244,0.425,0.454,0.574,0.154,0.596,0.949,0.168,0.25,0.11,0.171,0.627,0.211,0.049,0.141,0.328,0.407,0.063,0.232,0.181,0.347,0.54,0.616,0.518,0.037,0.384,0.54,0.771,0.45,0.153,0.058,0.424,0.435,0.416,0.161,0.384,0.349,0.048,0.671,0.176,0.129,0.281,0.329,0.229,0.034,0.409,0.319,0.082,0.966,0.287,0.456,0.303,0.257,0.593,0.019,0.211,0.231,0.314,0.558,0.076,0.261,0.283,0.181,0.107,0.326,0.281,0.142,0.108,0.171,0.848,0.699,0.292,0.702,0.412,0.076,0.226,0.327,0.089,0.164,0.677,0.263,0.16,0.064,0.182,0.315,0.142,0.196,0.077,0.206,0.711,0.878,0.157,0.583,0.475,0.117,0.173,0.274,0.201,0.265,0.633,0.182,0.768,0.528,0.397,0.193,0.668,0.592,0.175,0.531,0.18,0.271,0.878,0.319,0.179,0.171,0.307,0.25,0.106,0.338,0.198,0.264,0.325,0.174,0.253,0.311,0.373,0.273,0.213,0.409,0.452,0.688,0.411,0.906,0.497,0.172,0.335,0.44,0.149,0.355,0.41,0.22,0.3,0.472,0.233,0.2,0.291,0.369,0.064,0.363,0.422,0.512,0.238,0.479,0.908,0.223,0.312,0.333,0.4,0.686,0.244,0.448,0.318,0.215,0.133,0.224,0.209,0.175,0.112,0.391,0.245,0.315,0.207,0.244,0.178,0.84,0.433,0.454,0.203,0.368,0.31,0.505,0.302,0.475,0.262,0.56,0.365,0.288,0.154,0.09,0.32,0.34,0.386,0.318,0.121,0.178,0.831,0.634,0.019,0.386,0.348,0.513,0.413,0.452,0.299,0.302,0.461,0.423,0.06,0.424,0.166,0.313,0.447,0.31,0.035,0.334,0.657,0.739,0.118,0.243,0.332,0.266,0.463,0.164,0.16,0.043,0.608,0.15,0.15,0.475,0.54,0.445,0.236,0.317,0.384,0.012,0.218,0.171,0.933,0.605,0.322,0.202,0.22,0.262,0.155,0.416,0.204,0.23,0.096,0.663,0.358,0.43,0.238,0.366,0.651,0.117,0.292,0.295,0.486,0.883,0.264,0.375,0.223,0.161,0.089,0.561,0.292,0.129,0.075,0.18,0.753,0.615,0.179,0.503,0.415,0.148,0.16,0.322,0.119,0.366,0.793
0-211.txt_371,0.769,0.281,0.238,0.19,0.47,0.311,0.288,0.208,0.291,0.369,0.383,0.288,0.329,0.17,0.252,0.515,0.37,0.162,0.176,0.373,0.25,0.864,0.404,0.418,0.144,0.561,0.684,0.205,0.509,0.105,0.166,0.663,0.225,0.07,0.169,0.403,0.291,0.055,0.181,0.128,0.261,0.367,0.832,0.619,0.141,0.451,0.537,0.206,0.582,0.09,0.098,0.489,0.138,0.236,0.221,0.528,0.355,0.08,0.525,0.184,0.311,0.357,0.6,0.969,0.306,0.441,0.522,0.135,0.435,0.076,0.074,0.406,0.07,0.025,0.155,0.485,0.443,0.052,0.094,0.255,0.349,0.264,0.26,0.201,0.981,0.341,0.228,0.191,0.317,0.376,0.378,0.189,0.345,0.269,0.188,0.45,0.419,0.074,0.206,0.344,0.228,0.516,0.542,0.312,0.22,0.891,0.479,0.108,0.623,0.214,0.236,0.578,0.291,0.237,0.148,0.445,0.279,0.249,0.426,0.199,0.237,0.488,0.411,0.593,0.17,0.685,0.85,0.211,0.466,0.125,0.21,0.543,0.339,0.161,0.262,0.446,0.32,0.116,0.218,0.205,0.523,0.141,0.359,0.217,0.544,0.267,0.313,0.841,0.175,0.333,0.13,0.13,0.412,0.05,0.345,0.592,0.408,0.212,0.044,0.303,0.315,0.536,0.481,0.371,0.348,0.561,0.467,0.197,0.904,0.174,0.369,0.533,0.398,0.34,0.048,0.347,0.261,0.258,0.664,0.217,0.234,0.222,0.178,0.147,0.248,0.223,0.203,0.046,0.278,0.834,0.711,0.201,0.66,0.49,0.03,0.196,0.276,0.314,0.47,0.641,0.187,0.247,0.156,0.112,0.341,0.244,0.184,0.052,0.3,0.573,0.896,0.278,0.66,0.419,0.155,0.223,0.283,0.271,0.301,0.574,0.3,0.603,0.465,0.515,0.189,0.656,0.693,0.262,0.418,0.115,0.193,0.872,0.303,0.129,0.315,0.411,0.348,0.179,0.141,0.16,0.333,0.086,0.085,0.047,0.315,0.182,0.119,0.033,0.157,0.682,0.726,0.127,0.915,0.472,0.097,0.145,0.334,0.199,0.457,0.732,0.145,0.052,0.116,0.094,0.193,0.105,0.083,0.02,0.225,0.386,0.589,0.111,0.477,0.978,0.157,0.158,0.176,0.521,0.83,0.245,0.456,0.248,0.204,0.255,0.331,0.338,0.255,0.174,0.317,0.293,0.217,0.316,0.236,0.126,0.907,0.468,0.271,0.204,0.202,0.359,0.516,0.501,0.5,0.436,0.37,0.451,0.37,0.199,0.44,0.2,0.145,0.499,0.303,0.135,0.154,0.848,0.519,0.195,0.311,0.198,0.359,0.424,0.442,0.36,0.319,0.331,0.372,0.184,0.395,0.228,0.219,0.329,0.269,0.16,0.302,0.552,0.896,0.105,0.148,0.241,0.027,0.01,0.01,0.136,0.731,0.027,0.01,0.158,0.018,0.5,0.158,0.251,0.083,0.976,0.01,0.143,0.047,1,0.842,0.033,0.085,0.092,0.092,0.098,0.45,0.231,0.144,0.248,0.546,0.602,0.757,0.188,0.424,0.681,0.092,0.161,0.092,0.354,0.912,0.498,0.327,0.074,0.095,0.171,0.421,0.147,0.142,0.08,0.259,0.831,0.7,0.149,0.581,0.302,0.161,0.175,0.326,0.107,0.265,0.812
0-211.txt_373,0.745,0.233,0.303,0.382,0.287,0.242,0.383,0.442,0.181,0.294,0.235,0.402,0.254,0.114,0.204,0.619,0.473,0.135,0.117,0.352,0.279,0.938,0.33,0.627,0.069,0.467,0.776,0.175,0.232,0.051,0.05,0.87,0.165,0.045,0.145,0.568,0.323,0.014,0.311,0.16,0.196,0.404,0.927,0.686,0.105,0.463,0.699,0.282,0.37,0.138,0.131,0.692,0.12,0.125,0.246,0.576,0.589,0.014,0.164,0.14,0.172,0.182,0.594,0.988,0.041,0.462,0.895,0.191,0.253,0.096,0.07,0.416,0.098,0.068,0.089,0.546,0.29,0.048,0.071,0.138,0.515,0.217,0.331,0.099,0.992,0.14,0.026,0.078,0.019,0.651,0.527,0.269,0.31,0.322,0.048,0.254,0.5,0.01,0.103,0.79,0.181,0.477,0.483,0.546,0.115,0.819,0.578,0.261,0.37,0.363,0.163,0.578,0.114,0.083,0.193,0.477,0.485,0.105,0.255,0.32,0.209,0.415,0.528,0.854,0.048,0.494,0.962,0.229,0.245,0.093,0.069,0.577,0.056,0.058,0.219,0.388,0.366,0.016,0.183,0.162,0.416,0.299,0.375,0.448,0.116,0.173,0.338,0.88,0.13,0.107,0.062,0.363,0.127,0.014,0.122,0.661,0.39,0.009,0.143,0.182,0.195,0.725,0.399,0.325,0.248,0.574,0.5,0.062,0.827,0.048,0.302,0.725,0.315,0.306,0.052,0.423,0.272,0.02,0.363,0.182,0.194,0.099,0.08,0.05,0.224,0.061,0.198,0.051,0.066,0.978,0.739,0.128,0.683,0.465,0.091,0.133,0.375,0.083,0.166,0.78,0.233,0.039,0.048,0.037,0.201,0.064,0.046,0.066,0.058,0.859,0.943,0.038,0.723,0.581,0.1,0.124,0.196,0.105,0.173,0.696,0.272,0.678,0.322,0.398,0.049,0.362,0.558,0.184,0.203,0.229,0.126,0.951,0.122,0.125,0.231,0.623,0.424,0.016,0.295,0.223,0.123,0.055,0.108,0.013,0.123,0.09,0.157,0.107,0.106,0.772,0.831,0.044,0.992,0.488,0.036,0.081,0.173,0.027,0.11,0.69,0.105,0.039,0.129,0.127,0.014,0.072,0.072,0.039,0.091,0.595,0.637,0.117,0.438,0.908,0.038,0.148,0.141,0.116,0.591,0.279,0.339,0.234,0.32,0.507,0.107,0.231,0.406,0.211,0.042,0.103,0.176,0.416,0.03,0.109,0.946,0.359,0.301,0.012,0.081,0.121,0.568,0.499,0.424,0.417,0.239,0.213,0.474,0.299,0.291,0.148,0.087,0.497,0.146,0.079,0.23,0.916,0.517,0.047,0.21,0.185,0.304,0.45,0.52,0.478,0.115,0.258,0.584,0.166,0.277,0.362,0.198,0.494,0.225,0.261,0.219,0.596,0.854,0.017,0.22,0.454,0.018,0.007,0.002,0.002,0.731,0.007,0.007,0.002,0.018,0.881,0.881,0.007,0.269,0.999,0.002,0.007,0.018,0.982,0.5,0.269,0.047,0.029,0.039,0.004,0.217,0.019,0.046,0.038,0.228,0.316,0.401,0.029,0.338,0.955,0.039,0.054,0.068,0.491,0.998,0.338,0.345,0.213,0.198,0.132,0.179,0.224,0.258,0.073,0.085,0.872,0.567,0.301,0.447,0.374,0.067,0.258,0.455,0.059,0.331,0.917
0-211.txt_375,0.748,0.29,0.262,0.248,0.188,0.155,0.308,0.376,0.16,0.338,0.21,0.36,0.298,0.132,0.282,0.484,0.351,0.041,0.207,0.458,0.285,0.752,0.543,0.591,0.029,0.503,0.566,0.25,0.361,0.17,0.131,0.614,0.102,0.129,0.091,0.455,0.348,0.151,0.23,0.275,0.292,0.322,0.748,0.624,0.231,0.292,0.342,0.076,0.322,0.259,0.188,0.493,0.043,0.136,0.095,0.671,0.423,0.01,0.266,0.259,0.223,0.356,0.615,0.907,0.088,0.434,0.815,0.288,0.194,0.091,0.065,0.533,0.048,0.059,0.171,0.522,0.423,0.01,0.108,0.112,0.993,0.018,0.018,0.018,0.953,0.018,0.018,0.731,0.018,0.881,0.047,0.047,0.047,0.018,0.018,0.119,0.119,0.007,0.018,0.881,0.234,0.31,0.233,0.535,0.021,0.69,0.784,0.272,0.131,0.178,0.184,0.438,0.402,0.057,0.27,0.5,0.453,0.018,0.227,0.275,0.241,0.515,0.513,0.62,0.07,0.437,0.87,0.151,0.345,0.156,0.091,0.661,0.185,0.136,0.131,0.627,0.429,0.014,0.178,0.146,0.322,0.301,0.512,0.299,0.123,0.219,0.475,0.747,0.196,0.124,0.066,0.552,0.131,0.071,0.154,0.598,0.447,0.01,0.074,0.117,0.196,0.605,0.52,0.363,0.137,0.405,0.756,0.022,0.808,0.322,0.151,0.848,0.157,0.211,0.034,0.48,0.549,0.122,0.294,0.442,0.221,0.099,0.091,0.095,0.111,0.063,0.1,0.026,0.046,0.941,0.815,0.1,0.606,0.516,0.071,0.2,0.251,0.08,0.233,0.777,0.18,0.143,0.047,0.032,0.181,0.105,0.111,0.021,0.02,0.794,0.887,0.136,0.689,0.613,0.039,0.203,0.279,0.161,0.23,0.692,0.234,0.707,0.56,0.172,0.255,0.539,0.505,0.04,0.071,0.301,0.274,0.933,0.318,0.014,0.05,0.437,0.476,0.129,0.065,0.495,0.205,0.225,0.059,0.153,0.186,0.207,0.098,0.027,0.082,0.448,0.76,0.184,0.889,0.494,0.054,0.188,0.298,0.191,0.347,0.321,0.06,0.098,0.012,0.005,0.016,0.056,0.017,0.006,0.116,0.527,0.577,0.236,0.366,0.991,0.005,0.021,0.07,0.221,0.785,0.388,0.223,0.252,0.275,0.381,0.015,0.285,0.315,0.182,0.203,0.264,0.209,0.267,0.154,0.016,0.934,0.38,0.298,0.005,0.017,0.204,0.475,0.314,0.519,0.465,0.171,0.386,0.453,0.371,0.304,0.143,0.078,0.399,0.106,0.118,0.162,0.827,0.5,0.009,0.09,0.151,0.448,0.377,0.409,0.44,0.085,0.166,0.518,0.295,0.045,0.383,0.29,0.463,0.272,0.137,0.208,0.643,0.616,0.011,0.147,0.252,0.314,0.302,0.335,0.365,0.135,0.263,0.42,0.212,0.176,0.401,0.353,0.388,0.317,0.263,0.156,0.424,0.371,0.068,0.2,0.394,0.088,0.363,0.183,0.017,0.116,0.146,0.114,0.037,0.394,0.273,0.152,0.277,0.243,0.842,0.015,0.241,0.074,0.287,0.989,0.361,0.393,0.078,0.128,0.072,0.262,0.069,0.076,0.114,0.047,0.87,0.716,0.114,0.499,0.394,0.016,0.162,0.315,0.073,0.118,0.898
0-211.txt_377,0.787,0.217,0.313,0.18,0.452,0.188,0.213,0.194,0.192,0.412,0.45,0.199,0.301,0.18,0.221,0.519,0.446,0.121,0.163,0.406,0.26,0.86,0.439,0.461,0.118,0.51,0.569,0.152,0.454,0.087,0.134,0.644,0.284,0.1,0.225,0.495,0.368,0.087,0.208,0.118,0.222,0.448,0.838,0.605,0.237,0.52,0.557,0.265,0.494,0.089,0.059,0.525,0.134,0.236,0.274,0.494,0.386,0.274,0.376,0.117,0.211,0.338,0.692,0.945,0.171,0.401,0.669,0.134,0.393,0.112,0.113,0.488,0.157,0.056,0.122,0.434,0.294,0.116,0.103,0.195,0.338,0.223,0.134,0.138,0.982,0.283,0.246,0.206,0.371,0.399,0.408,0.231,0.375,0.284,0.169,0.417,0.392,0.092,0.192,0.473,0.27,0.485,0.449,0.298,0.179,0.902,0.597,0.077,0.528,0.129,0.269,0.643,0.24,0.222,0.094,0.434,0.219,0.269,0.425,0.17,0.255,0.577,0.449,0.568,0.113,0.72,0.888,0.205,0.445,0.157,0.158,0.585,0.258,0.098,0.23,0.409,0.333,0.103,0.156,0.211,0.619,0.074,0.332,0.281,0.378,0.179,0.485,0.761,0.152,0.237,0.14,0.358,0.393,0.187,0.164,0.758,0.373,0.238,0.154,0.319,0.287,0.408,0.301,0.241,0.327,0.281,0.361,0.135,0.967,0.165,0.408,0.5,0.424,0.607,0.048,0.346,0.272,0.297,0.925,0.195,0.2,0.204,0.256,0.122,0.225,0.269,0.178,0.039,0.268,0.803,0.673,0.232,0.652,0.583,0.045,0.227,0.214,0.337,0.508,0.604,0.19,0.28,0.156,0.087,0.297,0.227,0.187,0.044,0.294,0.644,0.917,0.224,0.657,0.427,0.119,0.174,0.233,0.343,0.336,0.588,0.319,0.52,0.468,0.577,0.186,0.652,0.705,0.224,0.49,0.114,0.202,0.86,0.343,0.068,0.34,0.419,0.303,0.075,0.196,0.219,0.349,0.145,0.149,0.034,0.391,0.277,0.105,0.029,0.163,0.651,0.719,0.124,0.903,0.478,0.096,0.164,0.225,0.182,0.534,0.649,0.138,0.077,0.16,0.141,0.217,0.085,0.101,0.036,0.251,0.44,0.604,0.111,0.523,0.945,0.165,0.265,0.237,0.516,0.862,0.285,0.378,0.3,0.21,0.276,0.369,0.38,0.267,0.173,0.387,0.25,0.191,0.348,0.17,0.166,0.912,0.49,0.251,0.212,0.209,0.351,0.492,0.491,0.463,0.392,0.438,0.486,0.366,0.199,0.487,0.171,0.207,0.466,0.278,0.145,0.188,0.849,0.514,0.146,0.228,0.209,0.392,0.386,0.355,0.259,0.305,0.348,0.347,0.262,0.403,0.251,0.291,0.364,0.305,0.221,0.272,0.598,0.804,0.073,0.241,0.276,0.018,0.012,0.01,0.136,0.731,0.012,0.01,0.158,0.018,0.269,0.194,0.251,0.083,0.991,0.01,0.143,0.033,1,0.842,0.033,0.085,0.104,0.112,0.294,0.293,0.307,0.174,0.324,0.502,0.649,0.514,0.176,0.378,0.711,0.086,0.07,0.182,0.348,0.966,0.454,0.327,0.044,0.11,0.189,0.474,0.132,0.155,0.048,0.176,0.774,0.667,0.152,0.619,0.289,0.14,0.216,0.349,0.087,0.276,0.779
0-211.txt_379,0.861,0.577,0.33,0.217,0.198,0.196,0.196,0.196,0.115,0.281,0.229,0.48,0.132,0.474,0.242,0.5,0.335,0.205,0.256,0.271,0.154,0.941,0.566,0.107,0.146,0.617,0.529,0.19,0.446,0.236,0.198,0.737,0.145,0.123,0.155,0.29,0.309,0.148,0.231,0.181,0.298,0.51,0.843,0.57,0.191,0.565,0.429,0.287,0.479,0.127,0.128,0.519,0.189,0.15,0.16,0.544,0.353,0.07,0.265,0.159,0.242,0.383,0.597,0.926,0.051,0.504,0.776,0.126,0.263,0.101,0.082,0.515,0.125,0.066,0.225,0.469,0.321,0.092,0.082,0.111,0.417,0.027,0.142,0.262,0.933,0.113,0.133,0.065,0.045,0.284,0.333,0.048,0.304,0.073,0.048,0.319,0.214,0.04,0.051,0.234,0.255,0.652,0.286,0.577,0.119,0.944,0.638,0.126,0.424,0.282,0.202,0.705,0.373,0.142,0.169,0.309,0.188,0.14,0.195,0.31,0.276,0.426,0.362,0.585,0.117,0.66,0.897,0.215,0.307,0.184,0.151,0.593,0.115,0.124,0.205,0.393,0.28,0.087,0.305,0.13,0.347,0.481,0.234,0.157,0.083,0.46,0.537,0.873,0.292,0.113,0.437,0.252,0.254,0.419,0.576,0.252,0.367,0.083,0.274,0.236,0.095,0.476,0.5,0.145,0.024,0.587,0.349,0.052,1,0.028,0.111,0.195,0.095,0.111,0.062,0.169,0.383,0.058,0.627,0.028,0.302,0.236,0.179,0.189,0.271,0.302,0.248,0.104,0.324,0.87,0.665,0.242,0.651,0.369,0.191,0.199,0.246,0.103,0.298,0.606,0.248,0.16,0.112,0.098,0.295,0.184,0.161,0.054,0.159,0.697,0.856,0.188,0.63,0.477,0.104,0.226,0.287,0.125,0.415,0.62,0.293,0.764,0.367,0.251,0.068,0.585,0.613,0.199,0.329,0.195,0.209,0.872,0.246,0.215,0.216,0.437,0.373,0.146,0.248,0.21,0.405,0.295,0.225,0.125,0.341,0.369,0.205,0.174,0.167,0.58,0.607,0.257,0.951,0.422,0.079,0.278,0.423,0.147,0.276,0.598,0.232,0.191,0.089,0.087,0.217,0.126,0.055,0.103,0.163,0.444,0.62,0.144,0.502,0.922,0.13,0.195,0.268,0.28,0.662,0.434,0.234,0.28,0.104,0.147,0.039,0.277,0.411,0.177,0.28,0.137,0.261,0.185,0.143,0.151,0.993,0.371,0.263,0.139,0.255,0.113,0.486,0.403,0.431,0.396,0.287,0.464,0.443,0.282,0.407,0.162,0.151,0.488,0.228,0.153,0.252,0.759,0.457,0.17,0.17,0.224,0.455,0.179,0.273,0.174,0.416,0.261,0.254,0.195,0.222,0.157,0.299,0.27,0.311,0.167,0.228,0.692,0.838,0.147,0.182,0.323,0.234,0.271,0.161,0.304,0.04,0.252,0.329,0.047,0.236,0.347,0.405,0.445,0.405,0.595,0.277,0.329,0.196,0.991,0.736,0.158,0.158,0.292,0.378,0.193,0.192,0.361,0.331,0.129,0.699,0.313,0.359,0.33,0.308,0.696,0.206,0.315,0.215,0.396,0.953,0.353,0.404,0.141,0.115,0.086,0.312,0.134,0.225,0.108,0.117,0.789,0.576,0.16,0.459,0.245,0.12,0.283,0.475,0.062,0.168,0.875
0-211.txt_381,0.811,0.281,0.259,0.337,0.42,0.256,0.251,0.425,0.142,0.332,0.215,0.335,0.212,0.142,0.182,0.637,0.321,0.021,0.156,0.488,0.252,0.922,0.377,0.585,0.109,0.452,0.778,0.151,0.398,0.171,0.082,0.852,0.159,0.076,0.151,0.567,0.443,0.012,0.137,0.23,0.224,0.361,0.929,0.706,0.227,0.423,0.613,0.21,0.407,0.12,0.149,0.682,0.135,0.045,0.274,0.611,0.535,0.009,0.154,0.18,0.18,0.287,0.644,0.978,0.042,0.482,0.87,0.239,0.336,0.1,0.105,0.405,0.091,0.063,0.122,0.42,0.294,0.016,0.083,0.133,0.346,0.332,0.044,0.009,0.999,0.024,0.024,0.02,0.01,0.879,0.627,0.175,0.447,0.289,0.048,0.135,0.373,0.01,0.028,0.802,0.271,0.678,0.405,0.563,0.023,0.975,0.653,0.209,0.405,0.143,0.198,0.824,0.113,0.027,0.211,0.558,0.595,0.416,0.153,0.324,0.249,0.335,0.455,0.836,0.038,0.588,0.977,0.233,0.209,0.12,0.092,0.534,0.096,0.035,0.207,0.442,0.363,0.013,0.077,0.18,0.426,0.277,0.428,0.364,0.117,0.189,0.345,0.861,0.13,0.084,0.102,0.35,0.175,0.032,0.172,0.558,0.364,0.074,0.224,0.151,0.161,0.442,0.442,0.507,0.01,0.555,0.747,0.025,0.916,0.035,0.01,0.613,0.018,0.161,0.277,0.442,0.424,0.01,0.254,0.048,0.197,0.163,0.12,0.103,0.085,0.056,0.221,0.1,0.054,0.965,0.698,0.13,0.587,0.404,0.111,0.22,0.398,0.07,0.251,0.783,0.262,0.065,0.081,0.088,0.195,0.092,0.122,0.039,0.038,0.782,0.918,0.12,0.687,0.582,0.072,0.141,0.255,0.108,0.299,0.631,0.313,0.766,0.28,0.374,0.102,0.387,0.534,0.189,0.167,0.114,0.078,0.957,0.114,0.115,0.268,0.599,0.348,0.026,0.278,0.121,0.208,0.069,0.114,0.074,0.191,0.098,0.136,0.102,0.133,0.764,0.826,0.052,0.92,0.512,0.024,0.134,0.216,0.024,0.082,0.703,0.16,0.011,0.018,0.046,0.272,0.011,0.018,0.079,0.057,0.694,0.635,0.031,0.382,0.988,0.008,0.064,0.129,0.219,0.579,0.456,0.293,0.181,0.357,0.499,0.028,0.305,0.525,0.207,0.073,0.112,0.15,0.404,0.045,0.099,0.874,0.411,0.377,0.023,0.04,0.117,0.495,0.436,0.442,0.482,0.177,0.285,0.547,0.385,0.248,0.154,0.107,0.582,0.16,0.094,0.217,0.869,0.472,0.043,0.175,0.18,0.376,0.438,0.378,0.301,0.202,0.312,0.531,0.189,0.226,0.521,0.325,0.487,0.358,0.244,0.157,0.625,0.866,0.112,0.316,0.482,0.32,0.307,0.319,0.388,0.165,0.282,0.438,0.222,0.187,0.395,0.349,0.399,0.311,0.258,0.174,0.43,0.38,0.069,0.215,0.393,0.077,0.172,0.057,0.012,0.016,0.103,0.054,0.088,0.39,0.192,0.381,0.189,0.363,0.89,0.027,0.115,0.077,0.466,0.991,0.272,0.346,0.163,0.11,0.161,0.236,0.18,0.189,0.038,0.024,0.844,0.62,0.228,0.455,0.318,0.058,0.225,0.388,0.06,0.174,0.926
0-211.txt_383,0.785,0.288,0.268,0.179,0.351,0.164,0.308,0.387,0.2,0.21,0.141,0.299,0.253,0.179,0.165,0.685,0.355,0.021,0.343,0.286,0.259,0.972,0.221,0.425,0.017,0.437,0.614,0.12,0.135,0.265,0.08,0.928,0.054,0.102,0.033,0.58,0.284,0.012,0.259,0.229,0.295,0.469,0.782,0.715,0.061,0.288,0.634,0.355,0.185,0.18,0.098,0.619,0.128,0.096,0.173,0.681,0.435,0.088,0.242,0.189,0.226,0.233,0.523,0.943,0.047,0.514,0.824,0.2,0.322,0.089,0.088,0.434,0.157,0.053,0.243,0.434,0.303,0.011,0.129,0.132,0.461,0.103,0.218,0.036,0.874,0.048,0.225,0.224,0.036,0.756,0.562,0.055,0.31,0.327,0.055,0.463,0.605,0.022,0.113,0.714,0.546,0.53,0.422,0.596,0.036,0.839,0.596,0.484,0.486,0.213,0.229,0.468,0.161,0.084,0.176,0.576,0.44,0.031,0.223,0.313,0.225,0.445,0.482,0.691,0.122,0.429,0.926,0.216,0.21,0.135,0.045,0.699,0.117,0.11,0.193,0.566,0.563,0.012,0.1,0.153,0.391,0.352,0.345,0.432,0.019,0.195,0.352,0.745,0.036,0.117,0.107,0.457,0.103,0.087,0.514,0.53,0.373,0.074,0.054,0.188,0.186,0.574,0.639,0.718,0.047,0.446,0.737,0.223,0.755,0.185,0.026,0.575,0.031,0.047,0.104,0.652,0.391,0.133,0.127,0.137,0.203,0.175,0.088,0.044,0.159,0.124,0.13,0.091,0.089,0.898,0.762,0.203,0.501,0.398,0.093,0.205,0.256,0.097,0.224,0.775,0.17,0.066,0.135,0.118,0.182,0.115,0.155,0.043,0.066,0.806,0.839,0.088,0.732,0.419,0.054,0.134,0.274,0.092,0.174,0.73,0.324,0.662,0.432,0.499,0.14,0.42,0.549,0.208,0.289,0.151,0.128,0.862,0.104,0.09,0.135,0.628,0.464,0.039,0.141,0.216,0.33,0.192,0.236,0.061,0.166,0.193,0.154,0.138,0.111,0.742,0.748,0.326,0.849,0.522,0.145,0.191,0.34,0.051,0.124,0.644,0.211,0.115,0.123,0.13,0.23,0.077,0.13,0.051,0.095,0.584,0.572,0.131,0.423,0.859,0.069,0.148,0.203,0.245,0.506,0.439,0.243,0.124,0.49,0.353,0.009,0.283,0.506,0.241,0.036,0.128,0.176,0.411,0.075,0.063,0.951,0.411,0.062,0.007,0.013,0.054,0.569,0.374,0.463,0.427,0.167,0.389,0.481,0.272,0.22,0.214,0.208,0.497,0.205,0.137,0.238,0.728,0.501,0.082,0.204,0.26,0.309,0.276,0.537,0.544,0.242,0.261,0.593,0.295,0.274,0.283,0.219,0.418,0.316,0.182,0.187,0.606,0.646,0.032,0.239,0.372,0.318,0.301,0.34,0.385,0.154,0.277,0.438,0.224,0.188,0.414,0.349,0.403,0.315,0.258,0.174,0.436,0.383,0.075,0.217,0.41,0.38,0.151,0.085,0.143,0.096,0.213,0.343,0.29,0.262,0.473,0.306,0.297,0.373,0.539,0.025,0.356,0.28,0.219,0.799,0.551,0.3,0.175,0.188,0.237,0.141,0.155,0.334,0.151,0.084,0.814,0.511,0.242,0.434,0.323,0.142,0.194,0.449,0.075,0.191,0.832
0-211.txt_385,0.672,0.265,0.222,0.131,0.335,0.306,0.29,0.586,0.11,0.247,0.306,0.342,0.275,0.194,0.345,0.559,0.325,0.032,0.146,0.42,0.214,0.949,0.463,0.452,0.191,0.405,0.658,0.069,0.161,0.191,0.038,0.836,0.222,0.01,0.088,0.537,0.274,0.007,0.025,0.316,0.225,0.342,0.771,0.667,0.235,0.401,0.803,0.181,0.396,0.146,0.148,0.554,0.199,0.219,0.282,0.484,0.553,0.079,0.189,0.274,0.262,0.284,0.573,0.932,0.081,0.376,0.749,0.335,0.205,0.163,0.164,0.464,0.145,0.097,0.198,0.492,0.439,0.082,0.098,0.19,0.563,0.082,0.253,0.157,0.815,0.038,0.192,0.085,0.047,0.781,0.437,0.101,0.382,0.498,0.221,0.185,0.314,0.017,0.147,0.794,0.288,0.538,0.532,0.513,0.177,0.704,0.669,0.232,0.305,0.271,0.194,0.656,0.182,0.077,0.139,0.648,0.527,0.114,0.234,0.303,0.297,0.577,0.482,0.728,0.033,0.505,0.892,0.208,0.241,0.144,0.123,0.661,0.14,0.128,0.324,0.521,0.406,0.07,0.156,0.176,0.43,0.137,0.229,0.204,0.125,0.118,0.304,0.95,0.047,0.06,0.049,0.237,0.035,0.112,0.073,0.503,0.295,0.024,0.152,0.194,0.21,0.575,0.588,0.512,0.012,0.588,0.74,0.033,0.887,0.034,0.017,0.549,0.028,0.294,0.276,0.36,0.337,0.029,0.344,0.053,0.15,0.137,0.105,0.078,0.16,0.101,0.132,0.104,0.079,0.947,0.759,0.168,0.643,0.578,0.039,0.134,0.222,0.047,0.305,0.753,0.284,0.116,0.112,0.083,0.215,0.145,0.128,0.051,0.073,0.741,0.848,0.193,0.754,0.517,0.132,0.222,0.291,0.148,0.163,0.583,0.362,0.575,0.377,0.519,0.03,0.463,0.597,0.336,0.187,0.118,0.132,0.856,0.123,0.11,0.203,0.59,0.441,0.056,0.162,0.213,0.284,0.076,0.203,0.171,0.137,0.142,0.189,0.06,0.081,0.646,0.691,0.222,0.843,0.295,0.094,0.303,0.257,0.022,0.077,0.652,0.198,0.119,0.129,0.126,0.09,0.068,0.193,0.113,0.169,0.594,0.57,0.083,0.502,0.797,0.02,0.206,0.285,0.225,0.619,0.385,0.319,0.118,0.231,0.293,0.019,0.176,0.395,0.237,0.044,0.158,0.158,0.152,0.162,0.106,0.754,0.228,0.199,0.028,0.034,0.084,0.469,0.427,0.346,0.404,0.202,0.313,0.451,0.293,0.138,0.242,0.206,0.499,0.147,0.096,0.214,0.769,0.496,0.074,0.199,0.298,0.375,0.317,0.328,0.464,0.282,0.318,0.576,0.283,0.34,0.375,0.246,0.476,0.252,0.156,0.212,0.583,0.708,0.026,0.09,0.357,0.32,0.312,0.328,0.373,0.179,0.289,0.44,0.22,0.189,0.402,0.355,0.408,0.33,0.279,0.18,0.427,0.392,0.083,0.214,0.392,0.181,0.088,0.229,0.213,0.031,0.094,0.225,0.045,0.546,0.128,0.265,0.079,0.363,0.688,0.07,0.109,0.05,0.524,0.853,0.13,0.404,0.232,0.187,0.066,0.391,0.135,0.157,0.132,0.055,0.748,0.506,0.286,0.452,0.149,0.124,0.267,0.468,0.013,0.143,0.781
0-211.txt_387,0.819,0.361,0.349,0.219,0.382,0.383,0.378,0.323,0.256,0.244,0.17,0.392,0.202,0.072,0.32,0.615,0.4,0.063,0.115,0.399,0.159,0.904,0.301,0.188,0.165,0.624,0.381,0.182,0.42,0.199,0.231,0.641,0.233,0.119,0.197,0.262,0.296,0.133,0.16,0.209,0.334,0.456,0.896,0.571,0.231,0.552,0.481,0.28,0.596,0.126,0.218,0.553,0.234,0.19,0.194,0.427,0.325,0.06,0.271,0.139,0.232,0.369,0.663,0.91,0.205,0.467,0.718,0.191,0.296,0.095,0.102,0.489,0.167,0.075,0.216,0.472,0.376,0.076,0.095,0.157,0.361,0.204,0.461,0.401,0.904,0.254,0.254,0.142,0.292,0.323,0.514,0.311,0.222,0.225,0.299,0.579,0.284,0.212,0.233,0.562,0.287,0.538,0.431,0.357,0.262,0.912,0.655,0.181,0.6,0.19,0.251,0.564,0.384,0.081,0.245,0.491,0.403,0.086,0.31,0.268,0.289,0.449,0.52,0.597,0.172,0.635,0.908,0.149,0.443,0.184,0.184,0.662,0.16,0.082,0.284,0.483,0.351,0.071,0.188,0.26,0.545,0.425,0.527,0.39,0.257,0.311,0.376,0.819,0.342,0.118,0.151,0.434,0.245,0.104,0.281,0.658,0.401,0.181,0.131,0.248,0.301,0.662,0.395,0.573,0.14,0.72,0.567,0.061,0.929,0.16,0.375,0.585,0.284,0.347,0.094,0.315,0.218,0.307,0.507,0.244,0.341,0.122,0.078,0.065,0.364,0.152,0.188,0.062,0.141,0.933,0.745,0.2,0.619,0.465,0.092,0.181,0.216,0.146,0.24,0.764,0.336,0.212,0.16,0.162,0.32,0.202,0.16,0.088,0.196,0.622,0.878,0.226,0.696,0.38,0.223,0.251,0.323,0.127,0.19,0.544,0.308,0.757,0.514,0.347,0.209,0.664,0.476,0.217,0.402,0.177,0.159,0.922,0.222,0.137,0.269,0.457,0.285,0.148,0.25,0.204,0.282,0.303,0.241,0.165,0.414,0.382,0.206,0.068,0.314,0.461,0.666,0.329,0.934,0.419,0.067,0.293,0.378,0.219,0.406,0.51,0.112,0.146,0.064,0.103,0.22,0.156,0.099,0.052,0.364,0.395,0.484,0.073,0.341,0.966,0.082,0.107,0.143,0.551,0.859,0.32,0.403,0.282,0.376,0.356,0.179,0.385,0.384,0.183,0.202,0.261,0.12,0.551,0.202,0.12,0.986,0.524,0.395,0.129,0.103,0.319,0.561,0.324,0.394,0.321,0.403,0.466,0.463,0.257,0.361,0.241,0.169,0.467,0.237,0.067,0.245,0.877,0.484,0.074,0.12,0.343,0.578,0.329,0.453,0.287,0.358,0.359,0.293,0.253,0.293,0.229,0.262,0.417,0.282,0.138,0.244,0.714,0.886,0.069,0.143,0.297,0.069,0.018,0.018,0.138,0.806,0.033,0.158,0.194,0.018,0.259,0.158,0.259,0.158,0.726,0.375,0.194,0.083,1,0.731,0.158,0.217,0.193,0.281,0.191,0.434,0.19,0.245,0.039,0.684,0.403,0.272,0.122,0.258,0.814,0.119,0.187,0.266,0.496,0.988,0.384,0.406,0.233,0.213,0.172,0.334,0.287,0.23,0.139,0.287,0.738,0.629,0.241,0.517,0.279,0.267,0.3,0.357,0.109,0.186,0.899
0-211.txt_389,0.807,0.181,0.166,0.261,0.434,0.364,0.239,0.283,0.167,0.211,0.21,0.249,0.23,0.193,0.298,0.602,0.337,0.081,0.23,0.374,0.335,0.802,0.385,0.36,0.247,0.555,0.554,0.222,0.442,0.203,0.251,0.74,0.273,0.179,0.3,0.438,0.42,0.148,0.306,0.201,0.286,0.369,0.934,0.787,0.27,0.477,0.477,0.348,0.448,0.118,0.135,0.515,0.157,0.132,0.37,0.637,0.378,0.044,0.184,0.098,0.182,0.413,0.486,0.918,0.184,0.571,0.762,0.1,0.469,0.116,0.149,0.442,0.143,0.089,0.22,0.424,0.372,0.036,0.156,0.156,0.358,0.077,0.094,0.149,0.845,0.152,0.121,0.095,0.143,0.472,0.566,0.131,0.477,0.415,0.197,0.383,0.489,0.108,0.308,0.5,0.408,0.489,0.378,0.388,0.419,0.72,0.501,0.157,0.506,0.34,0.374,0.536,0.528,0.308,0.309,0.501,0.481,0.166,0.347,0.321,0.357,0.329,0.398,0.604,0.187,0.55,0.888,0.23,0.486,0.161,0.226,0.549,0.217,0.132,0.264,0.359,0.333,0.134,0.245,0.24,0.54,0.23,0.412,0.444,0.29,0.299,0.399,0.667,0.373,0.325,0.3,0.421,0.404,0.244,0.412,0.625,0.464,0.117,0.142,0.376,0.337,0.44,0.544,0.403,0.396,0.416,0.478,0.325,0.96,0.212,0.424,0.433,0.452,0.143,0.32,0.558,0.396,0.174,0.421,0.252,0.298,0.186,0.168,0.183,0.38,0.251,0.181,0.171,0.211,0.791,0.671,0.192,0.633,0.338,0.184,0.306,0.276,0.209,0.327,0.788,0.359,0.194,0.182,0.148,0.35,0.287,0.217,0.074,0.183,0.571,0.854,0.215,0.709,0.404,0.141,0.241,0.288,0.179,0.308,0.577,0.299,0.619,0.418,0.376,0.156,0.495,0.536,0.294,0.44,0.125,0.182,0.827,0.373,0.107,0.13,0.399,0.343,0.073,0.262,0.241,0.384,0.33,0.227,0.092,0.347,0.338,0.113,0.111,0.222,0.406,0.521,0.274,0.836,0.37,0.255,0.252,0.329,0.266,0.32,0.443,0.122,0.135,0.258,0.089,0.507,0.177,0.138,0.058,0.372,0.392,0.524,0.146,0.556,0.935,0.076,0.168,0.117,0.358,0.792,0.299,0.34,0.271,0.221,0.286,0.217,0.411,0.31,0.129,0.254,0.279,0.198,0.248,0.23,0.069,0.949,0.383,0.352,0.052,0.185,0.329,0.523,0.315,0.43,0.439,0.301,0.448,0.402,0.259,0.431,0.255,0.33,0.501,0.349,0.19,0.394,0.788,0.467,0.165,0.235,0.32,0.413,0.308,0.372,0.332,0.492,0.346,0.438,0.288,0.404,0.291,0.313,0.401,0.329,0.211,0.206,0.625,0.803,0.183,0.245,0.299,0.111,0.256,0.179,0.135,0.493,0.198,0.256,0.102,0.315,0.269,0.169,0.339,0.121,0.524,0.135,0.349,0.272,0.984,0.711,0.121,0.309,0.261,0.263,0.152,0.324,0.356,0.267,0.135,0.525,0.285,0.396,0.341,0.42,0.649,0.212,0.267,0.171,0.232,0.797,0.305,0.411,0.247,0.177,0.133,0.368,0.287,0.238,0.082,0.278,0.647,0.601,0.262,0.512,0.443,0.239,0.271,0.278,0.224,0.283,0.783
0-211.txt_391,0.906,0.295,0.184,0.141,0.278,0.366,0.284,0.316,0.146,0.334,0.304,0.331,0.262,0.15,0.282,0.559,0.37,0.102,0.181,0.415,0.295,0.949,0.388,0.292,0.111,0.585,0.487,0.078,0.372,0.181,0.176,0.737,0.245,0.154,0.078,0.387,0.257,0.06,0.217,0.211,0.369,0.293,0.994,0.609,0.121,0.384,0.356,0.376,0.423,0.112,0.1,0.324,0.165,0.054,0.145,0.603,0.41,0.028,0.132,0.172,0.296,0.247,0.591,0.948,0.197,0.482,0.601,0.24,0.287,0.054,0.1,0.284,0.115,0.117,0.24,0.508,0.337,0.028,0.11,0.09,0.43,0.129,0.186,0.078,0.997,0.074,0.063,0.155,0.094,0.299,0.243,0.115,0.194,0.166,0.144,0.505,0.376,0.111,0.318,0.27,0.31,0.505,0.412,0.336,0.121,0.955,0.702,0.225,0.484,0.198,0.161,0.566,0.33,0.128,0.249,0.499,0.294,0.094,0.283,0.216,0.321,0.478,0.423,0.535,0.037,0.732,0.97,0.212,0.405,0.032,0.036,0.551,0.092,0.033,0.262,0.601,0.261,0.036,0.084,0.081,0.444,0.189,0.368,0.284,0.111,0.209,0.223,0.948,0.14,0.1,0.045,0.305,0.092,0.072,0.131,0.472,0.167,0.098,0.074,0.147,0.308,0.48,0.48,0.426,0.045,0.608,0.551,0.187,0.981,0.067,0.153,0.279,0.139,0.126,0.092,0.432,0.281,0.062,0.415,0.143,0.241,0.131,0.196,0.127,0.129,0.161,0.228,0.09,0.18,0.933,0.667,0.111,0.535,0.48,0.108,0.235,0.387,0.063,0.202,0.704,0.244,0.154,0.12,0.064,0.155,0.14,0.102,0.058,0.168,0.704,0.915,0.102,0.7,0.46,0.074,0.178,0.309,0.151,0.253,0.597,0.293,0.714,0.406,0.348,0.055,0.611,0.576,0.202,0.302,0.093,0.182,0.929,0.177,0.138,0.359,0.419,0.324,0.069,0.168,0.16,0.195,0.208,0.158,0.135,0.161,0.347,0.174,0.042,0.095,0.639,0.769,0.185,0.968,0.353,0.165,0.211,0.342,0.233,0.165,0.544,0.074,0.144,0.081,0.03,0.119,0.093,0.111,0.089,0.189,0.522,0.644,0.056,0.426,0.989,0.147,0.082,0.126,0.386,0.808,0.363,0.318,0.152,0.233,0.253,0.065,0.22,0.257,0.162,0.128,0.088,0.118,0.302,0.107,0.107,0.989,0.392,0.333,0.039,0.095,0.111,0.602,0.29,0.492,0.303,0.228,0.394,0.372,0.388,0.256,0.169,0.128,0.384,0.237,0.138,0.284,0.93,0.62,0.082,0.184,0.198,0.475,0.244,0.403,0.19,0.237,0.378,0.315,0.174,0.251,0.303,0.257,0.329,0.3,0.128,0.334,0.681,0.927,0.065,0.156,0.407,0.265,0.038,0.014,0.014,0.062,0.038,0.038,0.028,0.095,0.423,0.627,0.038,0.272,0.788,0.024,0.062,0.062,1,0.827,0.222,0.216,0.257,0.203,0.129,0.113,0.298,0.202,0.09,0.546,0.333,0.31,0.23,0.31,0.713,0.094,0.214,0.182,0.573,0.943,0.264,0.439,0.165,0.207,0.116,0.282,0.215,0.21,0.121,0.111,0.737,0.608,0.169,0.564,0.223,0.121,0.353,0.569,0.06,0.209,0.916
0-211.txt_393,0.789,0.243,0.248,0.194,0.389,0.382,0.355,0.23,0.262,0.221,0.398,0.296,0.264,0.166,0.13,0.467,0.436,0.074,0.231,0.344,0.368,0.87,0.299,0.425,0.249,0.516,0.392,0.24,0.543,0.155,0.269,0.668,0.21,0.182,0.109,0.323,0.31,0.276,0.424,0.217,0.271,0.362,0.835,0.481,0.106,0.609,0.504,0.167,0.765,0.174,0.156,0.544,0.197,0.238,0.208,0.529,0.439,0.097,0.373,0.219,0.234,0.338,0.542,0.896,0.024,0.438,0.686,0.187,0.306,0.119,0.062,0.577,0.125,0.141,0.218,0.449,0.333,0.089,0.221,0.122,0.613,0.311,0.289,0.209,0.992,0.199,0.166,0.186,0.436,0.175,0.103,0.18,0.153,0.335,0.055,0.494,0.351,0.02,0.203,0.268,0.211,0.43,0.351,0.487,0.105,0.905,0.752,0.157,0.504,0.219,0.245,0.547,0.293,0.038,0.086,0.514,0.44,0.02,0.256,0.284,0.284,0.445,0.51,0.592,0.135,0.618,0.924,0.141,0.397,0.191,0.14,0.608,0.241,0.08,0.182,0.392,0.292,0.027,0.198,0.197,0.318,0.356,0.609,0.401,0.114,0.437,0.566,0.7,0.344,0.366,0.229,0.414,0.393,0.421,0.219,0.347,0.238,0.035,0.27,0.219,0.141,0.514,0.546,0.614,0.152,0.739,0.549,0.035,0.952,0.065,0.058,0.565,0.46,0.106,0.366,0.358,0.1,0.273,0.443,0.207,0.293,0.2,0.186,0.088,0.393,0.191,0.132,0.095,0.279,0.817,0.696,0.187,0.598,0.268,0.103,0.245,0.346,0.319,0.209,0.715,0.238,0.238,0.135,0.107,0.317,0.252,0.198,0.042,0.305,0.63,0.85,0.323,0.758,0.392,0.148,0.25,0.313,0.154,0.321,0.581,0.268,0.696,0.419,0.353,0.079,0.671,0.49,0.115,0.311,0.099,0.165,0.944,0.248,0.159,0.189,0.35,0.381,0.075,0.33,0.151,0.275,0.247,0.199,0.136,0.314,0.166,0.257,0.173,0.119,0.673,0.66,0.313,0.844,0.471,0.158,0.339,0.433,0.298,0.236,0.577,0.101,0.061,0.116,0.117,0.287,0.124,0.057,0.079,0.242,0.562,0.67,0.021,0.531,0.962,0.08,0.163,0.136,0.339,0.868,0.378,0.314,0.383,0.257,0.276,0.253,0.344,0.303,0.223,0.291,0.221,0.314,0.404,0.316,0.261,0.946,0.332,0.233,0.205,0.37,0.307,0.352,0.332,0.398,0.262,0.238,0.409,0.518,0.148,0.38,0.199,0.22,0.546,0.217,0.14,0.347,0.792,0.573,0.1,0.197,0.291,0.42,0.33,0.253,0.335,0.271,0.382,0.35,0.216,0.375,0.334,0.304,0.423,0.351,0.19,0.236,0.517,0.834,0.037,0.2,0.295,0.083,0.083,0.069,0.069,0.047,0.158,0.464,0.047,0.083,0.083,0.194,0.083,0.558,0.384,0.033,0.389,0.158,1,0.5,0.083,0.154,0.173,0.311,0.251,0.334,0.159,0.152,0.131,0.638,0.398,0.436,0.215,0.365,0.798,0.045,0.281,0.258,0.498,0.974,0.228,0.434,0.233,0.154,0.078,0.337,0.186,0.175,0.158,0.284,0.708,0.495,0.2,0.451,0.527,0.252,0.222,0.34,0.166,0.335,0.901
0-211.txt_395,0.707,0.28,0.309,0.275,0.284,0.341,0.37,0.236,0.372,0.24,0.302,0.379,0.286,0.156,0.196,0.509,0.436,0.151,0.191,0.343,0.321,0.797,0.221,0.352,0.108,0.522,0.5,0.094,0.312,0.14,0.179,0.678,0.201,0.104,0.37,0.374,0.253,0.105,0.147,0.204,0.346,0.329,0.891,0.574,0.168,0.488,0.504,0.246,0.373,0.219,0.216,0.571,0.272,0.13,0.311,0.469,0.457,0.06,0.142,0.335,0.246,0.389,0.593,0.876,0.203,0.491,0.739,0.173,0.447,0.073,0.137,0.522,0.15,0.063,0.409,0.478,0.334,0.161,0.128,0.102,0.523,0.493,0.358,0.255,0.673,0.395,0.257,0.106,0.533,0.333,0.369,0.246,0.338,0.341,0.298,0.446,0.36,0.282,0.55,0.496,0.298,0.453,0.329,0.481,0.288,0.813,0.712,0.194,0.417,0.22,0.245,0.603,0.362,0.138,0.283,0.466,0.38,0.113,0.26,0.193,0.263,0.411,0.393,0.694,0.235,0.573,0.827,0.149,0.415,0.177,0.221,0.557,0.174,0.108,0.324,0.479,0.356,0.161,0.182,0.195,0.54,0.339,0.327,0.22,0.321,0.413,0.214,0.771,0.374,0.216,0.316,0.479,0.438,0.115,0.475,0.562,0.334,0.019,0.184,0.29,0.407,0.454,0.31,0.3,0.287,0.687,0.475,0.366,0.828,0.262,0.318,0.626,0.339,0.137,0.116,0.458,0.323,0.054,0.296,0.324,0.337,0.107,0.12,0.126,0.4,0.121,0.109,0.037,0.189,0.894,0.781,0.132,0.659,0.476,0.097,0.19,0.256,0.148,0.339,0.756,0.263,0.182,0.105,0.11,0.368,0.193,0.142,0.032,0.185,0.675,0.855,0.167,0.7,0.463,0.173,0.184,0.231,0.161,0.303,0.595,0.268,0.719,0.402,0.367,0.17,0.58,0.591,0.135,0.364,0.166,0.195,0.905,0.224,0.131,0.278,0.464,0.358,0.173,0.24,0.275,0.297,0.148,0.119,0.11,0.231,0.138,0.093,0.048,0.217,0.469,0.741,0.088,0.862,0.548,0.195,0.222,0.19,0.197,0.483,0.563,0.218,0.246,0.29,0.172,0.276,0.25,0.198,0.084,0.338,0.352,0.462,0.177,0.477,0.838,0.111,0.312,0.251,0.501,0.905,0.354,0.347,0.44,0.318,0.301,0.168,0.461,0.464,0.146,0.268,0.281,0.292,0.447,0.23,0.058,0.968,0.371,0.313,0.183,0.099,0.25,0.544,0.239,0.37,0.377,0.393,0.381,0.335,0.248,0.397,0.3,0.204,0.369,0.234,0.132,0.283,0.754,0.601,0.069,0.166,0.311,0.483,0.226,0.393,0.234,0.467,0.368,0.318,0.145,0.327,0.407,0.34,0.23,0.39,0.21,0.249,0.592,0.726,0.149,0.19,0.439,0.047,0.018,0.018,0.5,0.731,0.047,0.018,0.018,0.047,0.731,0.269,0.5,0.047,0.953,0.018,0.269,0.047,1,0.731,0.047,0.206,0.41,0.308,0.128,0.349,0.342,0.38,0.032,0.644,0.395,0.443,0.266,0.276,0.802,0.203,0.315,0.231,0.616,0.917,0.261,0.312,0.281,0.274,0.28,0.412,0.384,0.296,0.094,0.275,0.614,0.497,0.313,0.548,0.31,0.14,0.342,0.497,0.267,0.213,0.725
0-211.txt_397,0.765,0.266,0.329,0.283,0.307,0.335,0.395,0.261,0.283,0.227,0.305,0.346,0.354,0.216,0.189,0.603,0.432,0.105,0.282,0.316,0.207,0.913,0.255,0.315,0.064,0.489,0.475,0.108,0.588,0.166,0.35,0.67,0.268,0.279,0.207,0.181,0.222,0.261,0.414,0.279,0.382,0.358,0.866,0.565,0.109,0.442,0.51,0.264,0.422,0.211,0.146,0.479,0.227,0.15,0.184,0.486,0.4,0.155,0.268,0.228,0.304,0.42,0.583,0.925,0.159,0.565,0.645,0.116,0.382,0.16,0.178,0.599,0.224,0.189,0.215,0.438,0.293,0.049,0.161,0.091,0.554,0.141,0.056,0.03,0.971,0.207,0.07,0.359,0.267,0.404,0.434,0.283,0.237,0.371,0.036,0.444,0.257,0.078,0.334,0.272,0.333,0.371,0.314,0.377,0.106,0.868,0.695,0.181,0.481,0.195,0.258,0.486,0.501,0.078,0.25,0.605,0.415,0.159,0.197,0.232,0.351,0.43,0.365,0.533,0.194,0.623,0.89,0.14,0.364,0.143,0.141,0.579,0.212,0.162,0.266,0.468,0.315,0.139,0.249,0.214,0.38,0.479,0.446,0.358,0.117,0.457,0.369,0.862,0.403,0.177,0.123,0.314,0.243,0.233,0.3,0.335,0.315,0.173,0.219,0.176,0.38,0.315,0.434,0.31,0.135,0.556,0.573,0.153,0.792,0.371,0.398,0.354,0.229,0.084,0.339,0.259,0.583,0.217,0.222,0.404,0.299,0.245,0.116,0.15,0.443,0.192,0.215,0.066,0.221,0.881,0.681,0.244,0.633,0.295,0.177,0.217,0.297,0.101,0.289,0.747,0.248,0.298,0.156,0.121,0.268,0.232,0.154,0.12,0.234,0.643,0.878,0.222,0.62,0.349,0.116,0.268,0.285,0.127,0.294,0.525,0.3,0.659,0.411,0.398,0.109,0.566,0.581,0.138,0.321,0.136,0.188,0.887,0.222,0.122,0.205,0.403,0.402,0.143,0.289,0.176,0.233,0.473,0.411,0.242,0.179,0.488,0.246,0.251,0.328,0.356,0.512,0.524,0.879,0.205,0.425,0.437,0.36,0.048,0.335,0.483,0.159,0.21,0.092,0.091,0.404,0.231,0.147,0.086,0.283,0.504,0.655,0.161,0.567,0.862,0.086,0.123,0.193,0.429,0.678,0.381,0.271,0.244,0.179,0.197,0.2,0.254,0.246,0.188,0.293,0.326,0.276,0.252,0.252,0.303,0.868,0.388,0.28,0.235,0.342,0.278,0.337,0.332,0.429,0.386,0.181,0.463,0.471,0.19,0.369,0.266,0.272,0.43,0.257,0.145,0.19,0.797,0.547,0.076,0.293,0.365,0.462,0.32,0.336,0.365,0.349,0.36,0.408,0.119,0.261,0.229,0.325,0.332,0.282,0.095,0.202,0.586,0.768,0.084,0.159,0.369,0.047,0.018,0.018,0.018,0.018,0.119,0.731,0.018,0.047,0.047,0.047,0.047,0.119,0.269,0.018,0.018,0.047,1,0.5,0.5,0.277,0.434,0.282,0.156,0.169,0.354,0.267,0.124,0.53,0.29,0.466,0.488,0.345,0.6,0.192,0.254,0.286,0.273,0.901,0.335,0.436,0.246,0.196,0.241,0.342,0.256,0.231,0.223,0.245,0.582,0.475,0.269,0.39,0.445,0.137,0.297,0.397,0.114,0.243,0.664
0-211.txt_399,0.947,0.28,0.149,0.132,0.435,0.307,0.255,0.424,0.129,0.294,0.293,0.275,0.277,0.131,0.239,0.704,0.496,0.046,0.132,0.468,0.274,0.986,0.487,0.158,0.048,0.676,0.482,0.134,0.462,0.081,0.156,0.831,0.259,0.079,0.117,0.331,0.298,0.044,0.112,0.13,0.223,0.444,0.974,0.607,0.077,0.465,0.445,0.33,0.525,0.091,0.141,0.415,0.17,0.12,0.119,0.653,0.506,0.059,0.146,0.105,0.142,0.158,0.721,0.994,0.061,0.49,0.744,0.252,0.245,0.063,0.05,0.286,0.052,0.065,0.254,0.483,0.269,0.02,0.086,0.049,0.529,0.152,0.058,0.053,0.997,0.14,0.041,0.114,0.117,0.316,0.304,0.14,0.269,0.178,0.058,0.275,0.269,0.114,0.131,0.322,0.308,0.657,0.452,0.452,0.084,0.989,0.811,0.155,0.47,0.082,0.155,0.645,0.46,0.05,0.264,0.452,0.254,0.094,0.283,0.136,0.245,0.488,0.49,0.688,0.019,0.795,0.968,0.123,0.482,0.073,0.069,0.706,0.135,0.059,0.243,0.472,0.283,0.066,0.129,0.13,0.464,0.155,0.497,0.308,0.109,0.15,0.163,0.961,0.149,0.053,0.063,0.161,0.084,0.052,0.135,0.506,0.147,0.109,0.063,0.065,0.147,0.529,0.669,0.311,0.076,0.529,0.474,0.126,0.994,0.043,0.046,0.306,0.13,0.264,0.129,0.34,0.162,0.114,0.807,0.047,0.28,0.06,0.043,0.042,0.292,0.047,0.044,0.043,0.049,0.964,0.839,0.052,0.676,0.525,0.043,0.125,0.269,0.09,0.324,0.942,0.272,0.159,0.089,0.078,0.224,0.128,0.065,0.031,0.092,0.781,0.934,0.131,0.769,0.495,0.095,0.156,0.246,0.113,0.299,0.648,0.297,0.84,0.467,0.294,0.045,0.709,0.697,0.113,0.285,0.064,0.111,0.951,0.228,0.079,0.225,0.494,0.292,0.041,0.114,0.144,0.216,0.231,0.175,0.116,0.246,0.412,0.181,0.044,0.108,0.71,0.874,0.239,0.993,0.427,0.09,0.221,0.24,0.197,0.252,0.668,0.113,0.064,0.087,0.043,0.143,0.086,0.056,0.066,0.239,0.503,0.532,0.05,0.479,0.963,0.018,0.134,0.173,0.636,0.881,0.302,0.291,0.15,0.134,0.254,0.062,0.24,0.283,0.106,0.135,0.08,0.074,0.281,0.141,0.035,0.995,0.31,0.296,0.019,0.082,0.151,0.679,0.287,0.632,0.453,0.246,0.449,0.451,0.457,0.278,0.138,0.147,0.461,0.264,0.12,0.256,0.953,0.675,0.044,0.136,0.143,0.466,0.257,0.474,0.287,0.282,0.308,0.295,0.127,0.13,0.312,0.258,0.286,0.266,0.107,0.274,0.707,0.969,0.099,0.137,0.489,0.047,0.047,0.018,0.018,0.119,0.119,0.047,0.119,0.119,0.047,0.119,0.047,0.269,0.731,0.018,0.047,0.119,1,0.881,0.047,0.136,0.193,0.145,0.055,0.166,0.306,0.183,0.044,0.819,0.254,0.292,0.189,0.284,0.866,0.105,0.144,0.158,0.723,0.979,0.249,0.448,0.133,0.065,0.052,0.218,0.142,0.116,0.043,0.109,0.859,0.722,0.156,0.641,0.296,0.133,0.154,0.456,0.068,0.285,0.954
0-211.txt_401,0.761,0.215,0.183,0.229,0.612,0.281,0.288,0.215,0.255,0.288,0.264,0.26,0.304,0.207,0.129,0.545,0.364,0.192,0.283,0.338,0.22,0.897,0.443,0.36,0.231,0.663,0.439,0.1,0.457,0.153,0.171,0.813,0.309,0.194,0.258,0.395,0.36,0.243,0.302,0.187,0.207,0.479,0.94,0.655,0.158,0.505,0.484,0.417,0.675,0.089,0.1,0.506,0.192,0.117,0.181,0.659,0.424,0.071,0.194,0.094,0.17,0.263,0.608,0.939,0.129,0.501,0.662,0.204,0.338,0.068,0.071,0.38,0.079,0.107,0.24,0.489,0.323,0.052,0.107,0.077,0.516,0.132,0.135,0.051,0.774,0.148,0.053,0.161,0.033,0.377,0.492,0.093,0.503,0.291,0.14,0.381,0.422,0.15,0.27,0.305,0.337,0.626,0.427,0.428,0.105,0.945,0.743,0.148,0.496,0.085,0.169,0.634,0.322,0.086,0.243,0.533,0.335,0.123,0.226,0.179,0.248,0.409,0.437,0.68,0.065,0.71,0.947,0.084,0.436,0.075,0.122,0.613,0.141,0.082,0.242,0.412,0.298,0.108,0.133,0.112,0.506,0.172,0.478,0.237,0.163,0.136,0.122,0.981,0.205,0.104,0.074,0.218,0.103,0.056,0.094,0.532,0.16,0.088,0.089,0.135,0.268,0.417,0.643,0.245,0.197,0.545,0.468,0.123,0.913,0.193,0.221,0.347,0.206,0.267,0.221,0.382,0.228,0.138,0.633,0.214,0.265,0.096,0.088,0.097,0.329,0.11,0.094,0.038,0.131,0.914,0.801,0.103,0.659,0.45,0.101,0.194,0.275,0.134,0.264,0.845,0.325,0.167,0.117,0.063,0.286,0.188,0.103,0.045,0.179,0.726,0.893,0.165,0.75,0.466,0.082,0.148,0.238,0.1,0.263,0.625,0.247,0.764,0.503,0.304,0.138,0.669,0.655,0.16,0.367,0.182,0.201,0.889,0.309,0.117,0.243,0.461,0.345,0.144,0.18,0.164,0.197,0.22,0.141,0.131,0.36,0.372,0.18,0.16,0.175,0.51,0.707,0.231,0.903,0.47,0.123,0.155,0.299,0.396,0.451,0.5,0.244,0.148,0.149,0.174,0.231,0.197,0.119,0.08,0.313,0.465,0.497,0.183,0.44,0.857,0.119,0.227,0.172,0.507,0.748,0.289,0.312,0.232,0.17,0.261,0.141,0.339,0.311,0.138,0.202,0.111,0.132,0.39,0.119,0.034,0.946,0.322,0.321,0.083,0.124,0.174,0.637,0.352,0.605,0.456,0.288,0.461,0.507,0.39,0.328,0.177,0.161,0.506,0.257,0.148,0.24,0.878,0.634,0.088,0.175,0.206,0.474,0.288,0.439,0.287,0.327,0.348,0.353,0.19,0.303,0.221,0.244,0.335,0.25,0.141,0.25,0.643,0.887,0.134,0.194,0.404,0.175,0.024,0.13,0.042,0.416,0.048,0.251,0.209,0.339,0.185,0.476,0.056,0.198,0.754,0.321,0.336,0.272,0.996,0.735,0.185,0.162,0.204,0.17,0.116,0.209,0.293,0.204,0.069,0.586,0.363,0.335,0.238,0.357,0.789,0.13,0.203,0.206,0.575,0.924,0.276,0.38,0.198,0.114,0.074,0.329,0.147,0.178,0.057,0.293,0.736,0.716,0.239,0.573,0.425,0.159,0.149,0.339,0.131,0.357,0.822
0-211.txt_403,0.76,0.338,0.207,0.202,0.454,0.409,0.287,0.27,0.246,0.271,0.294,0.397,0.272,0.124,0.385,0.444,0.279,0.012,0.089,0.341,0.257,0.904,0.381,0.323,0.147,0.62,0.501,0.127,0.52,0.185,0.184,0.734,0.227,0.13,0.156,0.386,0.355,0.151,0.203,0.218,0.388,0.407,0.87,0.579,0.237,0.516,0.511,0.309,0.289,0.174,0.145,0.485,0.236,0.101,0.392,0.529,0.476,0.034,0.178,0.214,0.293,0.262,0.687,0.919,0.107,0.568,0.696,0.153,0.458,0.091,0.078,0.506,0.173,0.084,0.364,0.495,0.407,0.116,0.077,0.176,0.496,0.248,0.236,0.13,0.84,0.197,0.282,0.2,0.265,0.427,0.507,0.274,0.418,0.203,0.287,0.447,0.331,0.095,0.336,0.541,0.305,0.531,0.472,0.48,0.203,0.859,0.565,0.249,0.485,0.205,0.187,0.72,0.306,0.161,0.308,0.431,0.359,0.123,0.239,0.256,0.297,0.421,0.36,0.657,0.212,0.524,0.836,0.182,0.358,0.215,0.151,0.488,0.174,0.096,0.409,0.525,0.274,0.087,0.128,0.314,0.506,0.441,0.473,0.333,0.326,0.366,0.412,0.652,0.508,0.13,0.098,0.511,0.127,0.12,0.226,0.531,0.376,0.013,0.244,0.139,0.375,0.527,0.473,0.223,0.424,0.528,0.397,0.274,0.884,0.166,0.299,0.595,0.356,0.41,0.205,0.43,0.299,0.198,0.401,0.129,0.341,0.258,0.21,0.134,0.313,0.278,0.256,0.071,0.265,0.783,0.516,0.266,0.478,0.324,0.209,0.294,0.39,0.125,0.222,0.719,0.245,0.204,0.116,0.104,0.409,0.22,0.141,0.087,0.307,0.574,0.853,0.189,0.66,0.446,0.184,0.224,0.274,0.121,0.293,0.593,0.307,0.741,0.537,0.365,0.139,0.614,0.615,0.178,0.503,0.083,0.135,0.93,0.248,0.124,0.188,0.478,0.254,0.181,0.142,0.207,0.287,0.272,0.157,0.233,0.257,0.328,0.2,0.067,0.174,0.453,0.7,0.234,0.843,0.335,0.187,0.261,0.264,0.214,0.312,0.423,0.192,0.158,0.249,0.169,0.392,0.238,0.228,0.131,0.463,0.339,0.543,0.215,0.461,0.907,0.38,0.302,0.19,0.333,0.599,0.335,0.454,0.316,0.312,0.216,0.133,0.343,0.351,0.173,0.402,0.343,0.168,0.468,0.174,0.061,0.942,0.464,0.348,0.11,0.134,0.37,0.523,0.353,0.405,0.427,0.288,0.479,0.432,0.258,0.353,0.204,0.186,0.529,0.271,0.169,0.452,0.771,0.492,0.132,0.169,0.277,0.443,0.256,0.247,0.308,0.614,0.251,0.408,0.177,0.498,0.335,0.33,0.259,0.249,0.219,0.196,0.77,0.804,0.182,0.148,0.26,0.327,0.157,0.432,0.153,0.345,0.213,0.27,0.197,0.255,0.316,0.337,0.2,0.112,0.435,0.4,0.383,0.25,0.758,0.493,0.392,0.237,0.303,0.295,0.238,0.275,0.289,0.351,0.07,0.437,0.389,0.388,0.36,0.333,0.551,0.182,0.206,0.265,0.254,0.714,0.42,0.555,0.242,0.231,0.224,0.429,0.281,0.226,0.082,0.207,0.537,0.616,0.343,0.539,0.331,0.214,0.395,0.433,0.116,0.265,0.742
0-211.txt_405,0.832,0.169,0.103,0.122,0.529,0.117,0.172,0.156,0.287,0.491,0.437,0.217,0.289,0.166,0.142,0.472,0.514,0.119,0.187,0.608,0.199,0.841,0.265,0.309,0.162,0.517,0.52,0.103,0.275,0.145,0.21,0.597,0.236,0.219,0.179,0.187,0.244,0.19,0.302,0.202,0.312,0.615,0.687,0.421,0.2,0.529,0.603,0.283,0.6,0.114,0.164,0.589,0.258,0.111,0.158,0.6,0.382,0.151,0.261,0.168,0.175,0.397,0.553,0.814,0.216,0.434,0.518,0.131,0.622,0.138,0.227,0.409,0.19,0.185,0.114,0.456,0.289,0.19,0.241,0.169,0.625,0.324,0.331,0.283,0.913,0.387,0.351,0.189,0.313,0.207,0.286,0.251,0.258,0.107,0.19,0.632,0.417,0.059,0.225,0.236,0.229,0.279,0.333,0.433,0.324,0.755,0.549,0.064,0.342,0.177,0.338,0.443,0.485,0.128,0.144,0.311,0.391,0.082,0.401,0.226,0.197,0.531,0.444,0.475,0.278,0.771,0.9,0.258,0.515,0.115,0.091,0.671,0.19,0.181,0.134,0.409,0.346,0.142,0.213,0.095,0.721,0.06,0.029,0.035,0.683,0.043,0.113,0.393,0.267,0.26,0.155,0.043,0.229,0.194,0.031,0.698,0.233,0.055,0.115,0.375,0.269,0.269,0.018,0.047,0.5,0.5,0.047,0.047,0.269,0.953,0.881,0.018,0.953,0.269,0.007,0.047,0.119,0.731,0.269,0.982,0.252,0.283,0.102,0.064,0.473,0.288,0.122,0.068,0.12,0.856,0.744,0.213,0.709,0.347,0.11,0.246,0.236,0.156,0.293,0.69,0.206,0.211,0.147,0.085,0.33,0.246,0.195,0.059,0.322,0.572,0.795,0.201,0.635,0.498,0.075,0.212,0.238,0.153,0.444,0.537,0.177,0.607,0.472,0.377,0.209,0.586,0.497,0.252,0.565,0.177,0.24,0.808,0.341,0.122,0.24,0.33,0.289,0.198,0.347,0.193,0.113,0.161,0.044,0.047,0.051,0.085,0.085,0.019,0.045,0.791,0.871,0.129,0.929,0.292,0.267,0.066,0.095,0.043,0.121,0.505,0.213,0.157,0.086,0.153,0.566,0.161,0.122,0.019,0.328,0.466,0.539,0.137,0.609,0.814,0.17,0.16,0.153,0.243,0.754,0.404,0.332,0.299,0.248,0.362,0.323,0.335,0.211,0.083,0.504,0.303,0.227,0.286,0.275,0.36,0.806,0.362,0.26,0.137,0.417,0.22,0.49,0.374,0.315,0.381,0.269,0.366,0.424,0.304,0.362,0.089,0.263,0.433,0.202,0.167,0.154,0.768,0.609,0.112,0.16,0.204,0.311,0.279,0.385,0.379,0.277,0.402,0.386,0.18,0.355,0.338,0.36,0.401,0.354,0.312,0.297,0.468,0.607,0.115,0.257,0.364,0.072,0.176,0.153,0.234,0.209,0.255,0.307,0.09,0.086,0.287,0.378,0.299,0.463,0.726,0.182,0.153,0.138,0.876,0.544,0.118,0.211,0.387,0.309,0.278,0.48,0.233,0.248,0.033,0.605,0.191,0.235,0.325,0.426,0.767,0.039,0.323,0.259,0.357,0.964,0.205,0.348,0.085,0.199,0.085,0.311,0.096,0.124,0.033,0.181,0.787,0.561,0.173,0.55,0.275,0.244,0.171,0.32,0.221,0.237,0.803
0-211.txt_407,0.822,0.222,0.192,0.12,0.504,0.177,0.224,0.324,0.172,0.314,0.336,0.238,0.236,0.198,0.273,0.612,0.527,0.033,0.196,0.466,0.381,0.816,0.421,0.365,0.214,0.53,0.497,0.143,0.375,0.201,0.171,0.693,0.176,0.13,0.235,0.456,0.364,0.055,0.16,0.248,0.434,0.326,0.829,0.587,0.22,0.606,0.532,0.395,0.583,0.24,0.169,0.522,0.342,0.241,0.346,0.527,0.446,0.172,0.225,0.174,0.225,0.385,0.499,0.83,0.213,0.577,0.648,0.283,0.464,0.223,0.202,0.483,0.296,0.214,0.271,0.483,0.319,0.118,0.224,0.232,0.522,0.14,0.284,0.195,0.887,0.258,0.098,0.274,0.117,0.383,0.254,0.185,0.35,0.166,0.293,0.589,0.471,0.122,0.249,0.387,0.323,0.526,0.505,0.383,0.227,0.797,0.487,0.151,0.525,0.273,0.31,0.593,0.369,0.265,0.428,0.491,0.378,0.275,0.326,0.329,0.256,0.361,0.369,0.653,0.18,0.547,0.899,0.115,0.319,0.229,0.159,0.557,0.304,0.172,0.235,0.462,0.217,0.148,0.264,0.26,0.357,0.646,0.55,0.545,0.175,0.678,0.551,0.66,0.509,0.114,0.161,0.715,0.268,0.217,0.168,0.491,0.314,0.257,0.317,0.116,0.228,0.567,0.479,0.347,0.431,0.553,0.488,0.344,0.951,0.181,0.144,0.629,0.393,0.36,0.156,0.391,0.294,0.23,0.643,0.289,0.335,0.206,0.134,0.034,0.284,0.171,0.141,0.098,0.208,0.769,0.75,0.154,0.579,0.377,0.167,0.173,0.235,0.119,0.315,0.596,0.346,0.241,0.222,0.217,0.37,0.264,0.278,0.082,0.32,0.589,0.836,0.235,0.618,0.438,0.225,0.316,0.348,0.237,0.275,0.549,0.306,0.687,0.341,0.47,0.148,0.602,0.568,0.123,0.372,0.206,0.219,0.848,0.318,0.113,0.202,0.464,0.28,0.177,0.25,0.177,0.322,0.231,0.257,0.083,0.452,0.186,0.094,0.083,0.294,0.532,0.701,0.193,0.855,0.42,0.084,0.26,0.258,0.193,0.387,0.467,0.225,0.165,0.076,0.174,0.482,0.186,0.168,0.098,0.156,0.417,0.625,0.187,0.511,0.932,0.294,0.219,0.24,0.356,0.699,0.389,0.351,0.193,0.276,0.217,0.221,0.298,0.308,0.237,0.316,0.218,0.235,0.231,0.14,0.114,0.918,0.468,0.363,0.14,0.241,0.223,0.493,0.322,0.406,0.467,0.258,0.407,0.432,0.225,0.383,0.249,0.175,0.434,0.271,0.166,0.47,0.819,0.521,0.148,0.178,0.326,0.462,0.327,0.552,0.378,0.258,0.501,0.478,0.113,0.456,0.21,0.171,0.451,0.263,0.11,0.26,0.718,0.721,0.073,0.201,0.355,0.276,0.35,0.243,0.183,0.39,0.269,0.315,0.222,0.379,0.386,0.252,0.283,0.352,0.537,0.228,0.288,0.273,0.99,0.666,0.364,0.148,0.197,0.295,0.163,0.381,0.346,0.236,0.138,0.516,0.415,0.537,0.261,0.522,0.815,0.088,0.129,0.18,0.382,0.933,0.314,0.383,0.093,0.113,0.18,0.429,0.202,0.216,0.095,0.303,0.71,0.653,0.131,0.583,0.355,0.181,0.291,0.341,0.136,0.292,0.817
0-211.txt_409,0.771,0.348,0.375,0.296,0.278,0.401,0.397,0.308,0.31,0.276,0.341,0.321,0.323,0.24,0.153,0.583,0.41,0.235,0.252,0.326,0.319,0.867,0.345,0.331,0.145,0.584,0.499,0.171,0.342,0.192,0.154,0.702,0.343,0.191,0.093,0.39,0.359,0.187,0.205,0.254,0.139,0.407,0.906,0.792,0.271,0.405,0.558,0.292,0.372,0.153,0.161,0.289,0.076,0.379,0.445,0.576,0.292,0.03,0.216,0.387,0.204,0.481,0.509,0.815,0.096,0.523,0.631,0.17,0.421,0.272,0.193,0.625,0.085,0.166,0.303,0.352,0.257,0.1,0.295,0.123,0.365,0.312,0.277,0.121,0.95,0.283,0.071,0.158,0.187,0.352,0.379,0.292,0.444,0.162,0.125,0.236,0.24,0.015,0.099,0.289,0.233,0.645,0.532,0.531,0.124,0.919,0.659,0.149,0.557,0.131,0.144,0.704,0.31,0.209,0.208,0.386,0.37,0.141,0.297,0.161,0.209,0.354,0.288,0.531,0.207,0.556,0.851,0.196,0.43,0.158,0.237,0.529,0.156,0.227,0.313,0.365,0.315,0.181,0.25,0.258,0.457,0.254,0.443,0.389,0.098,0.477,0.317,0.709,0.248,0.141,0.158,0.511,0.194,0.046,0.546,0.477,0.228,0.029,0.284,0.196,0.209,0.575,0.656,0.361,0.161,0.537,0.328,0.05,0.95,0.115,0.036,0.6,0.054,0.16,0.347,0.233,0.12,0.18,0.483,0.232,0.364,0.154,0.027,0.102,0.516,0.185,0.129,0.048,0.186,0.821,0.501,0.226,0.475,0.236,0.206,0.216,0.168,0.228,0.329,0.633,0.242,0.204,0.163,0.072,0.243,0.143,0.185,0.104,0.186,0.713,0.884,0.134,0.625,0.423,0.129,0.198,0.286,0.105,0.266,0.616,0.243,0.801,0.432,0.348,0.03,0.778,0.555,0.102,0.375,0.126,0.191,0.952,0.196,0.023,0.131,0.395,0.29,0.026,0.058,0.086,0.36,0.098,0.086,0.048,0.096,0.172,0.115,0.066,0.062,0.539,0.803,0.165,0.986,0.221,0.378,0.306,0.259,0.086,0.096,0.539,0.098,0.237,0.219,0.154,0.203,0.176,0.185,0.129,0.272,0.352,0.476,0.218,0.317,0.931,0.164,0.273,0.309,0.299,0.808,0.26,0.212,0.135,0.271,0.273,0.041,0.229,0.348,0.163,0.114,0.172,0.147,0.17,0.108,0.121,0.983,0.389,0.301,0.034,0.161,0.126,0.549,0.312,0.375,0.41,0.198,0.439,0.444,0.301,0.322,0.197,0.188,0.399,0.266,0.239,0.297,0.834,0.494,0.064,0.136,0.289,0.448,0.213,0.206,0.246,0.256,0.318,0.344,0.059,0.247,0.343,0.364,0.313,0.326,0.147,0.272,0.474,0.841,0.029,0.202,0.517,0.179,0.339,0.171,0.168,0.349,0.306,0.094,0.02,0.038,0.222,0.577,0.098,0.387,0.83,0.044,0.256,0.399,0.978,0.637,0.135,0.297,0.19,0.116,0.052,0.051,0.253,0.166,0.081,0.776,0.357,0.405,0.301,0.195,0.706,0.046,0.172,0.157,0.618,0.992,0.224,0.356,0.178,0.204,0.172,0.348,0.191,0.258,0.152,0.263,0.691,0.566,0.19,0.49,0.358,0.169,0.218,0.335,0.141,0.365,0.755
0-211.txt_411,0.861,0.26,0.24,0.224,0.512,0.28,0.284,0.271,0.158,0.372,0.206,0.364,0.213,0.1,0.225,0.597,0.418,0.047,0.113,0.407,0.258,0.862,0.337,0.346,0.21,0.67,0.526,0.095,0.491,0.146,0.246,0.721,0.295,0.152,0.29,0.466,0.326,0.106,0.191,0.236,0.302,0.362,0.803,0.535,0.227,0.518,0.533,0.253,0.464,0.257,0.181,0.602,0.181,0.136,0.295,0.567,0.39,0.064,0.164,0.322,0.223,0.378,0.625,0.913,0.231,0.507,0.7,0.181,0.456,0.104,0.147,0.432,0.221,0.109,0.367,0.386,0.356,0.071,0.234,0.177,0.467,0.02,0.019,0.015,0.738,0.023,0.019,0.11,0.021,0.486,0.379,0.136,0.211,0.03,0.256,0.322,0.254,0.007,0.04,0.671,0.441,0.545,0.468,0.385,0.095,0.871,0.657,0.194,0.383,0.14,0.235,0.74,0.327,0.051,0.37,0.458,0.35,0.039,0.1,0.276,0.306,0.411,0.454,0.674,0.12,0.641,0.919,0.112,0.359,0.095,0.112,0.632,0.212,0.058,0.277,0.441,0.323,0.106,0.124,0.129,0.425,0.467,0.535,0.38,0.275,0.481,0.41,0.721,0.298,0.185,0.161,0.478,0.17,0.163,0.283,0.619,0.36,0.121,0.128,0.225,0.466,0.28,0.475,0.404,0.248,0.576,0.449,0.27,0.99,0.095,0.252,0.457,0.189,0.208,0.205,0.559,0.263,0.093,0.403,0.132,0.48,0.177,0.202,0.18,0.356,0.257,0.295,0.12,0.215,0.761,0.633,0.311,0.568,0.291,0.16,0.322,0.387,0.169,0.308,0.682,0.295,0.19,0.143,0.129,0.361,0.347,0.221,0.074,0.312,0.659,0.837,0.258,0.671,0.362,0.209,0.29,0.327,0.128,0.247,0.581,0.303,0.683,0.436,0.367,0.128,0.698,0.581,0.278,0.447,0.113,0.226,0.934,0.308,0.134,0.207,0.464,0.29,0.133,0.16,0.189,0.243,0.08,0.12,0.043,0.367,0.26,0.122,0.072,0.33,0.5,0.718,0.185,0.773,0.628,0.105,0.188,0.206,0.197,0.4,0.474,0.233,0.259,0.222,0.129,0.325,0.32,0.228,0.055,0.464,0.336,0.488,0.214,0.342,0.832,0.135,0.214,0.207,0.433,0.769,0.397,0.472,0.362,0.294,0.197,0.249,0.332,0.371,0.183,0.336,0.21,0.154,0.457,0.173,0.121,0.984,0.433,0.33,0.092,0.207,0.326,0.631,0.36,0.325,0.343,0.269,0.384,0.413,0.232,0.252,0.266,0.225,0.473,0.267,0.147,0.45,0.804,0.571,0.108,0.107,0.406,0.415,0.326,0.374,0.224,0.19,0.452,0.348,0.219,0.188,0.339,0.306,0.513,0.297,0.116,0.335,0.612,0.857,0.052,0.148,0.442,0.121,0.051,0.259,0.442,0.437,0.051,0.171,0.095,0.164,0.379,0.139,0.292,0.387,0.573,0.322,0.232,0.349,0.988,0.379,0.392,0.282,0.24,0.249,0.137,0.321,0.15,0.175,0.071,0.623,0.429,0.516,0.203,0.373,0.634,0.171,0.21,0.312,0.348,0.791,0.448,0.437,0.254,0.266,0.226,0.335,0.274,0.23,0.146,0.23,0.649,0.569,0.334,0.482,0.283,0.311,0.311,0.329,0.056,0.183,0.818
0-211.txt_413,0.762,0.148,0.265,0.284,0.25,0.204,0.356,0.307,0.158,0.42,0.322,0.241,0.275,0.186,0.091,0.6,0.442,0.014,0.217,0.523,0.219,0.884,0.309,0.326,0.051,0.413,0.467,0.146,0.133,0.163,0.039,0.94,0.227,0.31,0.098,0.668,0.52,0.015,0.19,0.187,0.318,0.485,0.695,0.699,0.172,0.465,0.499,0.187,0.117,0.185,0.15,0.796,0.218,0.061,0.349,0.595,0.379,0.014,0.308,0.172,0.217,0.256,0.641,0.884,0.067,0.324,0.855,0.352,0.312,0.153,0.051,0.449,0.042,0.059,0.273,0.487,0.396,0.007,0.054,0.158,0.311,0.296,0.316,0.372,0.153,0.273,0.421,0.211,0.18,0.4,0.352,0.397,0.328,0.266,0.16,0.436,0.384,0.067,0.212,0.399,0.442,0.424,0.573,0.852,0.02,0.711,0.924,0.292,0.161,0.02,0.04,0.5,0.088,0.01,0.274,0.806,0.463,0.01,0.025,0.164,0.228,0.451,0.487,0.74,0.013,0.532,0.915,0.158,0.412,0.184,0.142,0.52,0.142,0.125,0.266,0.487,0.374,0.035,0.125,0.218,0.365,0.192,0.334,0.436,0.235,0.217,0.369,0.883,0.042,0.147,0.056,0.271,0.139,0.078,0.081,0.511,0.373,0.01,0.103,0.125,0.047,0.953,0.881,0.047,0.007,0.269,0.119,0.018,1,0.007,0.007,0.953,0.018,0.018,0.018,0.269,0.047,0.007,0.119,0.007,0.276,0.19,0.111,0.06,0.256,0.058,0.127,0.031,0.088,0.86,0.756,0.174,0.615,0.489,0.018,0.193,0.306,0.084,0.168,0.746,0.286,0.051,0.091,0.044,0.137,0.091,0.062,0.092,0.021,0.76,0.856,0.123,0.714,0.511,0.057,0.246,0.197,0.098,0.273,0.691,0.3,0.62,0.436,0.51,0.068,0.461,0.603,0.276,0.282,0.144,0.09,0.87,0.211,0.114,0.111,0.556,0.407,0.044,0.218,0.195,0.169,0.024,0.014,0.01,0.222,0.052,0.098,0.048,0.028,0.952,0.929,0.028,0.894,0.725,0.014,0.071,0.145,0.047,0.527,0.754,0.132,0.032,0.032,0.034,0.31,0.027,0.082,0.024,0.145,0.674,0.725,0.06,0.675,0.934,0.086,0.059,0.158,0.286,0.536,0.508,0.274,0.201,0.221,0.342,0.012,0.302,0.57,0.292,0.164,0.164,0.204,0.219,0.188,0.121,0.756,0.316,0.437,0.008,0.152,0.154,0.436,0.298,0.366,0.403,0.207,0.236,0.405,0.258,0.155,0.256,0.302,0.516,0.212,0.084,0.122,0.758,0.563,0.054,0.165,0.339,0.519,0.335,0.363,0.384,0.189,0.236,0.388,0.225,0.11,0.411,0.245,0.439,0.254,0.149,0.096,0.696,0.73,0.069,0.121,0.345,0.311,0.296,0.316,0.372,0.153,0.273,0.421,0.211,0.18,0.4,0.352,0.397,0.328,0.266,0.16,0.436,0.384,0.067,0.212,0.399,0.128,0.351,0.202,0.182,0.073,0.343,0.295,0.07,0.348,0.126,0.177,0.241,0.22,0.566,0.166,0.269,0.288,0.23,0.869,0.231,0.242,0.132,0.103,0.079,0.265,0.147,0.144,0.105,0.089,0.795,0.571,0.177,0.438,0.286,0.173,0.216,0.416,0.1,0.09,0.853
0-211.txt_415,0.855,0.187,0.266,0.204,0.392,0.112,0.169,0.357,0.029,0.372,0.253,0.173,0.175,0.218,0.109,0.629,0.378,0.012,0.079,0.527,0.227,0.776,0.423,0.47,0.124,0.452,0.603,0.187,0.249,0.232,0.163,0.792,0.233,0.142,0.101,0.571,0.459,0.1,0.285,0.197,0.158,0.158,0.939,0.931,0.369,0.31,0.083,0.083,0.083,0.384,0.494,0.389,0.259,0.033,0.143,0.731,0.194,0.012,0.259,0.143,0.281,0.283,0.587,0.887,0.042,0.405,0.822,0.266,0.352,0.151,0.062,0.36,0.102,0.066,0.286,0.592,0.329,0.019,0.079,0.125,0.314,0.299,0.328,0.37,0.162,0.267,0.432,0.212,0.187,0.416,0.353,0.396,0.322,0.252,0.172,0.44,0.369,0.064,0.221,0.393,0.119,0.269,0.5,0.731,0.018,0.269,0.731,0.018,0.047,0.731,0.269,0.5,0.5,0.018,0.731,0.731,0.982,0.007,0.018,0.119,0.184,0.394,0.501,0.749,0.104,0.49,0.943,0.209,0.354,0.187,0.067,0.574,0.108,0.064,0.241,0.516,0.47,0.012,0.174,0.167,0.404,0.321,0.352,0.409,0.132,0.261,0.41,0.662,0.154,0.142,0.074,0.428,0.125,0.035,0.128,0.552,0.272,0.03,0.051,0.147,0.314,0.299,0.328,0.37,0.162,0.267,0.432,0.212,0.187,0.416,0.353,0.396,0.322,0.252,0.172,0.44,0.369,0.064,0.221,0.393,0.276,0.044,0.216,0.244,0.148,0.178,0.224,0.037,0.201,0.756,0.65,0.259,0.452,0.495,0.187,0.387,0.3,0.121,0.213,0.634,0.195,0.162,0.144,0.059,0.217,0.172,0.125,0.025,0.06,0.805,0.862,0.171,0.656,0.468,0.07,0.163,0.312,0.057,0.229,0.719,0.349,0.644,0.628,0.469,0.078,0.469,0.503,0.28,0.189,0.115,0.204,0.948,0.297,0.129,0.152,0.608,0.369,0.058,0.164,0.251,0.133,0.019,0.009,0.006,0.196,0.04,0.015,0.015,0.017,0.821,0.775,0.063,0.906,0.444,0.027,0.086,0.286,0.026,0.167,0.765,0.041,0.022,0.019,0.093,0.094,0.078,0.143,0.017,0.132,0.455,0.586,0.098,0.361,0.917,0.044,0.104,0.074,0.409,0.605,0.211,0.257,0.294,0.309,0.486,0.067,0.198,0.496,0.215,0.097,0.197,0.127,0.433,0.124,0.077,0.934,0.271,0.334,0.012,0.134,0.175,0.493,0.364,0.342,0.31,0.224,0.253,0.415,0.426,0.172,0.238,0.212,0.51,0.232,0.077,0.09,0.786,0.455,0.057,0.269,0.218,0.306,0.419,0.344,0.487,0.074,0.266,0.557,0.142,0.327,0.5,0.219,0.491,0.289,0.044,0.114,0.678,0.8,0.013,0.286,0.442,0.314,0.299,0.328,0.37,0.162,0.267,0.432,0.212,0.187,0.416,0.353,0.396,0.322,0.252,0.172,0.44,0.369,0.064,0.221,0.393,0.279,0.227,0.157,0.121,0.278,0.129,0.362,0.165,0.252,0.302,0.235,0.269,0.241,0.52,0.015,0.272,0.207,0.207,0.771,0.282,0.372,0.143,0.21,0.154,0.222,0.163,0.298,0.157,0.148,0.747,0.609,0.204,0.527,0.383,0.144,0.222,0.34,0.028,0.215,0.779
0-211.txt_417,0.723,0.232,0.333,0.419,0.405,0.291,0.312,0.191,0.214,0.296,0.202,0.311,0.333,0.053,0.128,0.55,0.269,0.057,0.071,0.319,0.309,0.789,0.447,0.411,0.274,0.594,0.539,0.176,0.41,0.158,0.24,0.543,0.151,0.07,0.21,0.494,0.36,0.133,0.294,0.189,0.297,0.505,0.775,0.509,0.326,0.483,0.525,0.382,0.532,0.341,0.092,0.528,0.296,0.31,0.17,0.56,0.594,0.196,0.504,0.298,0.307,0.307,0.456,0.801,0.272,0.501,0.493,0.171,0.559,0.173,0.083,0.412,0.133,0.127,0.385,0.528,0.368,0.118,0.179,0.275,0.501,0.223,0.175,0.198,0.81,0.196,0.11,0.05,0.276,0.538,0.576,0.186,0.506,0.274,0.072,0.588,0.437,0.106,0.312,0.517,0.09,0.55,0.444,0.516,0.011,0.826,0.582,0.135,0.348,0.115,0.408,0.619,0.211,0.16,0.144,0.454,0.255,0.209,0.086,0.319,0.217,0.398,0.429,0.451,0.147,0.577,0.83,0.103,0.525,0.219,0.183,0.489,0.253,0.208,0.137,0.412,0.246,0.139,0.29,0.162,0.458,0.421,0.519,0.537,0.357,0.412,0.309,0.722,0.348,0.172,0.108,0.565,0.137,0.06,0.324,0.5,0.475,0.009,0.115,0.142,0.505,0.222,0.279,0.056,0.348,0.222,0.135,0.286,0.733,0.315,0.262,0.105,0.229,0.334,0.099,0.575,0.398,0.299,0.464,0.249,0.217,0.282,0.13,0.102,0.324,0.351,0.172,0.044,0.435,0.678,0.743,0.246,0.695,0.449,0.028,0.133,0.206,0.286,0.291,0.576,0.207,0.156,0.116,0.084,0.358,0.181,0.126,0.044,0.315,0.567,0.866,0.117,0.692,0.564,0.118,0.149,0.219,0.179,0.356,0.528,0.244,0.625,0.474,0.453,0.176,0.69,0.629,0.11,0.417,0.202,0.085,0.815,0.355,0.131,0.265,0.484,0.331,0.112,0.27,0.295,0.231,0.154,0.21,0.044,0.308,0.29,0.131,0.027,0.349,0.552,0.689,0.225,0.88,0.519,0.03,0.271,0.278,0.154,0.616,0.456,0.143,0.125,0.1,0.044,0.211,0.203,0.098,0.113,0.198,0.555,0.571,0.124,0.478,0.8,0.186,0.11,0.181,0.24,0.527,0.508,0.323,0.295,0.115,0.247,0.295,0.345,0.329,0.13,0.348,0.319,0.171,0.377,0.141,0.117,0.805,0.396,0.388,0.055,0.166,0.322,0.49,0.179,0.321,0.338,0.34,0.38,0.443,0.251,0.281,0.296,0.182,0.324,0.344,0.139,0.263,0.712,0.454,0.137,0.201,0.168,0.271,0.344,0.341,0.336,0.309,0.46,0.522,0.165,0.439,0.243,0.272,0.319,0.267,0.181,0.241,0.523,0.751,0.122,0.135,0.339,0.093,0.015,0.205,0.019,0.493,0.023,0.021,0.048,0.384,0.227,0.598,0.102,0.626,0.985,0.008,0.244,0.179,0.957,0.971,0.227,0.146,0.345,0.235,0.246,0.076,0.294,0.531,0.052,0.576,0.164,0.299,0.307,0.351,0.547,0.241,0.293,0.284,0.506,0.862,0.179,0.364,0.183,0.243,0.292,0.398,0.297,0.32,0.082,0.234,0.553,0.641,0.312,0.513,0.26,0.123,0.256,0.43,0.139,0.319,0.726
0-211.txt_419,0.757,0.273,0.149,0.182,0.393,0.222,0.281,0.35,0.207,0.303,0.256,0.276,0.293,0.115,0.192,0.539,0.441,0.077,0.169,0.442,0.218,0.891,0.386,0.232,0.138,0.556,0.396,0.098,0.416,0.168,0.257,0.706,0.269,0.144,0.109,0.368,0.271,0.108,0.249,0.233,0.211,0.404,0.859,0.667,0.183,0.507,0.49,0.278,0.454,0.09,0.174,0.496,0.27,0.114,0.146,0.588,0.473,0.113,0.172,0.212,0.224,0.275,0.497,0.807,0.218,0.364,0.608,0.17,0.327,0.14,0.217,0.331,0.198,0.189,0.288,0.423,0.185,0.023,0.287,0.197,0.491,0.135,0.174,0.15,0.913,0.198,0.125,0.161,0.309,0.229,0.29,0.163,0.255,0.21,0.199,0.474,0.327,0.17,0.317,0.299,0.278,0.536,0.467,0.355,0.14,0.87,0.655,0.133,0.447,0.116,0.099,0.614,0.417,0.184,0.142,0.525,0.385,0.127,0.298,0.112,0.372,0.439,0.373,0.627,0.243,0.709,0.872,0.094,0.423,0.12,0.121,0.588,0.19,0.14,0.145,0.461,0.281,0.184,0.259,0.149,0.475,0.27,0.455,0.368,0.163,0.356,0.264,0.671,0.409,0.148,0.178,0.389,0.264,0.095,0.291,0.548,0.296,0.189,0.216,0.212,0.42,0.343,0.287,0.366,0.093,0.391,0.372,0.139,0.853,0.185,0.226,0.252,0.139,0.565,0.267,0.442,0.258,0.283,0.628,0.257,0.285,0.118,0.097,0.098,0.345,0.151,0.113,0.052,0.198,0.857,0.74,0.141,0.711,0.532,0.128,0.175,0.224,0.131,0.321,0.697,0.236,0.171,0.058,0.064,0.344,0.193,0.113,0.03,0.156,0.755,0.934,0.15,0.718,0.449,0.095,0.158,0.227,0.077,0.237,0.641,0.274,0.752,0.482,0.37,0.226,0.607,0.605,0.219,0.453,0.103,0.238,0.85,0.367,0.143,0.218,0.448,0.298,0.114,0.238,0.118,0.293,0.241,0.209,0.068,0.245,0.393,0.209,0.051,0.252,0.605,0.731,0.313,0.963,0.374,0.13,0.256,0.32,0.282,0.403,0.61,0.174,0.076,0.139,0.09,0.144,0.164,0.152,0.034,0.379,0.395,0.459,0.154,0.419,0.901,0.05,0.116,0.208,0.422,0.716,0.391,0.237,0.235,0.24,0.323,0.302,0.303,0.309,0.117,0.275,0.221,0.262,0.366,0.278,0.109,0.9,0.351,0.386,0.166,0.215,0.214,0.55,0.367,0.541,0.499,0.268,0.429,0.528,0.285,0.398,0.127,0.114,0.437,0.196,0.124,0.234,0.899,0.619,0.077,0.283,0.166,0.444,0.182,0.337,0.245,0.283,0.265,0.359,0.161,0.248,0.376,0.325,0.245,0.336,0.145,0.208,0.595,0.791,0.089,0.138,0.425,0.085,0.02,0.137,0.014,0.088,0.048,0.019,0.066,0.143,0.113,0.384,0.074,0.274,0.981,0.19,0.244,0.085,0.995,0.84,0.146,0.222,0.295,0.226,0.112,0.214,0.345,0.247,0.092,0.627,0.339,0.338,0.219,0.27,0.783,0.148,0.226,0.209,0.703,0.898,0.304,0.435,0.19,0.161,0.187,0.27,0.323,0.394,0.1,0.158,0.7,0.552,0.225,0.547,0.251,0.187,0.259,0.386,0.137,0.288,0.823
0-211.txt_421,0.848,0.095,0.228,0.226,0.352,0.106,0.203,0.379,0.114,0.413,0.235,0.13,0.308,0.162,0.115,0.443,0.202,0.024,0.094,0.451,0.359,0.755,0.412,0.512,0.07,0.371,0.488,0.253,0.266,0.192,0.088,0.839,0.131,0.047,0.08,0.601,0.342,0.011,0.186,0.149,0.148,0.273,0.854,0.618,0.02,0.271,0.745,0.397,0.151,0.377,0.301,0.422,0.248,0.08,0.064,0.5,0.589,0.013,0.088,0.317,0.274,0.237,0.6,0.943,0.013,0.447,0.796,0.228,0.187,0.089,0.089,0.46,0.108,0.028,0.28,0.443,0.454,0.006,0.055,0.139,0.731,0.018,0.018,0.018,0.881,0.047,0.018,0.731,0.269,0.881,0.269,0.269,0.993,0.731,0.5,0.047,0.047,0.018,0.047,0.953,0.31,0.194,0.575,0.982,0.027,0.917,0.937,0.274,0.194,0.033,0.018,0.384,0.047,0.012,0.31,0.5,0.31,0.018,0.047,0.069,0.272,0.425,0.438,0.794,0.079,0.536,0.913,0.169,0.324,0.094,0.094,0.55,0.116,0.115,0.141,0.461,0.378,0.011,0.175,0.127,0.335,0.341,0.16,0.237,0.101,0.308,0.525,0.736,0.212,0.418,0.234,0.308,0.293,0.09,0.139,0.38,0.417,0.026,0.262,0.335,0.158,0.842,0.806,0.274,0.012,0.5,0.551,0.018,0.976,0.063,0.012,0.917,0.143,0.018,0.033,0.5,0.158,0.007,0.083,0.138,0.27,0.113,0.061,0.06,0.195,0.119,0.104,0.066,0.054,0.926,0.754,0.09,0.64,0.418,0.097,0.215,0.312,0.081,0.191,0.833,0.223,0.113,0.13,0.047,0.292,0.047,0.051,0.048,0.023,0.756,0.879,0.137,0.662,0.536,0.021,0.25,0.285,0.134,0.255,0.67,0.271,0.624,0.533,0.436,0.083,0.437,0.583,0.236,0.39,0.197,0.155,0.912,0.245,0.171,0.223,0.512,0.454,0.062,0.187,0.219,0.331,0.029,0.085,0.045,0.053,0.173,0.089,0.169,0.123,0.609,0.701,0.125,0.928,0.453,0.069,0.232,0.229,0.154,0.285,0.557,0.053,0.012,0.01,0.015,0.084,0.012,0.01,0.016,0.073,0.602,0.613,0.011,0.43,0.996,0.007,0.018,0.073,0.254,0.552,0.378,0.324,0.258,0.253,0.339,0.092,0.183,0.363,0.373,0.104,0.121,0.185,0.228,0.232,0.044,0.944,0.367,0.167,0.012,0.07,0.128,0.396,0.366,0.413,0.421,0.093,0.367,0.504,0.336,0.21,0.267,0.181,0.549,0.199,0.154,0.188,0.747,0.457,0.098,0.221,0.241,0.221,0.425,0.44,0.474,0.146,0.563,0.746,0.162,0.37,0.275,0.138,0.499,0.062,0.133,0.296,0.504,0.661,0.112,0.145,0.325,0.319,0.294,0.326,0.368,0.144,0.278,0.422,0.223,0.191,0.402,0.347,0.39,0.336,0.255,0.165,0.422,0.363,0.07,0.207,0.385,0.25,0.322,0.362,0.228,0.333,0.123,0.279,0.036,0.349,0.337,0.185,0.488,0.419,0.634,0.13,0.259,0.289,0.188,0.904,0.463,0.341,0.189,0.135,0.141,0.243,0.097,0.194,0.201,0.115,0.715,0.605,0.15,0.516,0.263,0.016,0.325,0.447,0.013,0.164,0.791
