#name,V1,V2,V3,V4,V5,V6,V7,V8,V9,V10,V11,V12,V13,V14,V15,V16,V17,V18,V19,V20,V21,V22,V23,V24,V25,V26,V27,V28,V29,V30,V31,V32,V33,V34,V35,V36,V37,V38,V39,V40,V41,V42,V43,V44,V45,V46,V47,V48,V49,V50,V51,V52,V53,V54,V55,V56,V57,V58,V59,V60,V61,V62,V63,V64,V65,V66,V67,V68,V69,V70,V71,V72,V73,V74,V75,V76,V77,V78,V79,V80,V81,V82,V83,V84,V85,V86,V87,V88,V89,V90,V91,V92,V93,V94,V95,V96,V97,V98,V99,V100,V101,V102,V103,V104,V105,V106,V107,V108,V109,V110,V111,V112,V113,V114,V115,V116,V117,V118,V119,V120,V121,V122,V123,V124,V125,V126,V127,V128,V129,V130,V131,V132,V133,V134,V135,V136,V137,V138,V139,V140,V141,V142,V143,V144,V145,V146,V147,V148,V149,V150,V151,V152,V153,V154,V155,V156,V157,V158,V159,V160,V161,V162,V163,V164,V165,V166,V167,V168,V169,V170,V171,V172,V173,V174,V175,V176,V177,V178,V179,V180,V181,V182,V183,V184,V185,V186,V187,V188,V189,V190,V191,V192,V193,V194,V195,V196,V197,V198,V199,V200,V201,V202,V203,V204,V205,V206,V207,V208,V209,V210,V211,V212,V213,V214,V215,V216,V217,V218,V219,V220,V221,V222,V223,V224,V225,V226,V227,V228,V229,V230,V231,V232,V233,V234,V235,V236,V237,V238,V239,V240,V241,V242,V243,V244,V245,V246,V247,V248,V249,V250,V251,V252,V253,V254,V255,V256,V257,V258,V259,V260,V261,V262,V263,V264,V265,V266,V267,V268,V269,V270,V271,V272,V273,V274,V275,V276,V277,V278,V279,V280,V281,V282,V283,V284,V285,V286,V287,V288,V289,V290,V291,V292,V293,V294,V295,V296,V297,V298,V299,V300,V301,V302,V303,V304,V305,V306,V307,V308,V309,V310,V311,V312,V313,V314,V315,V316,V317,V318,V319,V320,V321,V322,V323,V324,V325,V326,V327,V328,V329,V330,V331,V332,V333,V334,V335,V336,V337,V338,V339,V340,V341,V342,V343,V344,V345,V346,V347,V348,V349,V350,V351,V352,V353,V354,V355,V356,V357,V358,V359,V360,V361,V362,V363,V364,V365,V366,V367,V368,V369,V370,V371,V372,V373,V374,V375,V376,V377,V378,V379,V380,V381,V382,V383,V384,V385,V386,V387,V388,V389,V390,V391,V392,V393,V394,V395,V396,V397,V398,V399,V400
negative53.txt_gi|119781|sp|P15090.3,2.8244,2.3282,1.7328,2.2672,4.8473,1.4962,0.7252,3.9084,2.3282,2.458,3.9084,0.374,2.4351,3.5267,4.7099,1.1908,0.6336,4.6565,2.8168,1.5191,2.7939,3.0458,1.8779,0.9924,5.0458,2.1298,0.8473,2.7786,3.8931,2.771,4.1756,0.2748,3.3817,3.8626,4.5802,1.5038,0.2214,7.145,3.6489,1.374,1.2366,0.9389,1.0305,1.1527,3.1374,0.2824,-0.6107,3.313,2.6641,2.0916,3.2214,-0.9542,2.9466,4.7939,2.9389,0.7176,-0.458,5.4962,3.7863,0.9695,2.3588,1.5038,2.4656,3.2366,3.084,0.9847,0.6641,5.2901,2.5496,1.4504,2.7939,-0.2672,2.8092,3.542,4.2214,0.8626,-1.1679,4.4046,2.7176,0.1298,4.4809,5.5496,3.542,4.4122,8.1527,3.5496,2.7023,6.1985,5.9313,4.9008,5.5191,2.1069,4.4198,5.2519,8.4275,2.9695,2.7863,8.6107,4.9389,2.9771,1.7405,1.2748,1,1.0229,3.6641,0.9008,0.7863,1.6641,2.7786,2.313,3.0076,-0.1756,2.2366,2.9924,2.6412,0.7023,-0.1374,4.4046,2.2595,1.313,1.3893,0.7252,0.626,0.1145,2.7634,0,-0.3969,1.542,1.7328,1.687,2.4351,-1.2901,2.313,3.1298,1.5496,0.229,-0.7176,2.5496,2.1679,-0.0305,3.0534,3.6947,4.0763,4.3206,6.0305,2.2901,1.8626,5.9924,4.0076,2.3664,4.1527,1.1832,3.0611,4.3588,6.6031,1.6336,0.3664,6.626,4.0763,1.4885,2.458,2.7328,2.4198,1.7939,5.1985,2.0992,1.2519,3.3053,4.374,3.687,4.855,0.4809,3.8397,4.9618,4.5496,1.7023,0.7939,7.2595,4.687,2.0076,2.5725,3.1832,1.229,2.2061,4.771,2.5344,1.4351,3.0687,2.374,2.6947,2.7405,1.313,1.8244,1.7328,4.3053,2.2748,2.2901,3.9389,2.4427,2.1603,3.8321,4.1145,2.2824,3.8626,5.6565,2.3282,2.1374,4.9618,3.0611,3.3053,3.2824,1.5115,2.3664,2.229,6.2519,2.542,2.1145,5.2137,3.1298,2.4351,0.8244,-0.1374,-0.229,-1.8779,2.2214,-0.5115,-1.5725,0.3817,1.458,1.1374,2.542,-1.8702,1.7557,2.6565,0.6489,-0.0687,-1.8092,2.916,1.3664,0.2748,2.9084,3.0153,1.2901,3.2748,4.5267,1.6489,2,3.0458,2.0458,2.916,2.626,0.8779,1.5038,1.3817,5,1.8397,2.2748,3.3206,2.2137,2.084,2.7023,4.5267,2.6183,4.7863,4.687,3.1756,3.1832,3.7328,3.8779,2.0382,3.0611,2.9618,2.3893,1.7786,5.6412,2.3817,2.2748,4.6947,2.9008,1.5267,4.6107,4.5191,4.084,4.9924,8.5878,2.9008,1.8702,6.7405,5.7786,4.1298,6.0611,0.7557,4.3511,6.4809,8.9695,2.4809,0.771,9.5573,5.6565,2.313,1.1527,1.3282,0.7405,0.3588,3.3588,0.9924,-0.0687,2.2519,2.3817,1.687,2.5649,-0.4275,1.8321,3.2137,2.5649,1.0229,0.2061,4.0153,2.1756,0.6565,0.6412,-0.0076,-1.6718,-3.1374,3.9771,-0.2137,-2.8092,-0.4351,1.5115,3.2137,3.4427,-2.2748,2.8397,4.2061,0.6947,0.5649,0.2214,4.8397,3.0916,2.0076,4.5802,6.5878,4.2214,6.374,7.8092,4.0229,3.8931,6.3588,5.6718,3.9237,5.5878,3.2137,4.1679,5.5878,9.0611,3.3282,1.8702,9.1832,5.5115,2.0687,2.2443,4.4656,2.4733,3.1298,4.5038,2.8855,2.5115,3.4809,4.1985,2.1298,3.4885,2.0229,2.7176,2.9389,5.2824,2.5191,1.8015,6.229,3.7252,1.3359,1.8168,2.1756,0.5725,1.0763,3.5115,1.7176,0.6565,1.9466,1.542,1.7557,1.6718,0.6107,1.1756,0.771,2.5649,1.542,1.8244,2.3893,1.4733,1.2901
negative53.txt_gi|119800|sp|P10790.2,3.0833,2.4091,1.9697,2.1212,4.947,1.5227,0.5606,4.0303,2.5455,2.5758,3.9015,0.3485,2.4697,3.5833,4.8106,1.4621,0.75,4.6667,2.7652,1.6061,2.5076,3.1667,2.1288,1.6212,5.0152,2.1515,1.0379,2.8939,4.2045,2.6439,4.1742,0.2652,3.0758,3.9773,4.947,1.303,0.197,7.0303,3.7803,1.6136,1.4318,1.2045,1.2424,1.3409,3.5833,0.5833,-0.4773,3.803,3.3636,2.2121,3.2424,-0.9318,2.8485,4.8409,3.2955,0.8182,-0.3258,5.697,3.8333,0.9318,2.2424,1.6061,2.4015,3.197,3.3636,0.9545,0.5985,5.3864,2.8939,1.5606,2.9015,-0.3864,2.6515,3.947,4.2803,0.6061,-1.2348,4.6288,2.7803,0.2197,4.6667,5.7652,4.1742,4.447,7.9242,3.3712,3.0379,6.4318,6,4.2727,4.9697,2.2197,3.947,5.0152,8.8788,3.3788,3.1894,8.4924,4.7576,2.697,1.7045,1.3864,0.8788,1.0303,3.5152,0.4167,0.5303,1.7803,2.7576,1.9318,3.0303,-0.2652,1.9773,3.2348,2.6288,0.7045,-0.2879,4.1894,2.197,1.2348,1.5682,0.8788,0.6136,0.4621,3.0606,-0.25,-0.5379,1.8712,1.8485,1.5227,2.3561,-1.303,1.9242,3.2121,1.7273,0.3106,-0.7803,2.6439,1.9394,-0.0833,3.2045,3.7955,4.5227,4.4394,6.1742,2.4167,1.7424,6.2727,4.5,2.2348,4.0227,1.2273,2.9394,4.5303,7.0985,1.6742,0.4242,6.7121,3.9167,1.4924,2.6515,2.9621,2.7348,1.9621,5.3258,1.8712,1.2121,3.3333,5.0152,3.5076,4.5152,0.197,3.3182,5.5,5.0909,1.8939,0.9167,7.2424,4.3182,2.1818,2.4848,3.1136,1.4697,1.7045,4.6818,1.9545,1.3182,2.8636,2.4015,2.6742,2.553,1.1515,1.7955,2.0303,4.1591,2.5076,2.4697,3.7955,2.4848,1.9015,3.803,3.9091,2.447,3.5833,5.3485,1.9242,2.1364,4.8485,3.1439,3.0455,3.0076,1.3258,2.2727,2.3106,6.2879,2.5303,2.0379,5.0985,3.1288,2.3333,0.4848,-0.1818,-0.2879,-1.4242,1.9773,-0.5682,-1.7576,0.3939,1.4924,1.3788,2.5909,-2.2879,1.5227,2.4773,0.697,-0.3409,-1.6364,3.1439,1.0909,0.3182,2.7955,2.8485,1.3712,3.1742,3.9015,1.3182,1.947,2.7803,1.8485,2.4773,2.3182,0.7424,1.7424,1.2727,5.0227,1.7879,2.1667,3.0606,1.9621,2.053,2.9318,4.3333,3.0833,5.0076,4.6288,3.0379,3.6439,4.1667,3.5152,2.0303,2.9091,2.9167,2.3561,2.0455,6.1364,2.5455,1.9545,5.2727,2.8712,1.447,5.0227,4.8561,4.1742,5.0909,9.053,3.2273,1.9924,7.0606,6.0909,4.4621,6.2803,0.6818,4.5152,7.197,9.5227,2.7348,0.8939,10.1591,5.8485,2.4924,1.3712,1.3182,0.7955,0.4091,3.3636,0.8333,-0.0909,2.7348,2.1439,1.6591,2.2955,-0.4015,1.697,3.0985,2.6894,1.3258,0.2424,4.2803,2.25,0.5455,0.5833,0.2803,-1.6818,-3.1515,4.0833,-0.4848,-2.5303,-0.4242,1.5076,3.197,3.1818,-2.0227,2.7348,4.1061,0.7348,0.7576,0.5455,4.8409,3.2424,1.8258,4.7424,6.4167,4.5833,6.4167,7.7803,3.8258,3.8939,6.5909,5.7576,3.4545,5.4091,3.0985,3.8258,5.6591,9.7273,3.4545,2.1212,9,5.0682,2.053,2.3333,4.1288,2.4167,3.053,4.7121,2.6212,2.3182,3.6212,4.0152,1.9545,3.3788,1.9167,2.3864,3.0379,5.6818,2.553,1.5379,6.3409,3.5682,1.2424,2.0606,2.1742,0.75,0.947,3.4242,1.3939,0.5606,1.9545,1.5758,1.5152,1.5909,0.3258,1.1742,1.1667,2.6818,1.8258,1.7045,2.4318,1.3864,0.7424
negative53.txt_gi|119807|sp|P80049.1,2.9237,2.374,1.7481,1.8244,4.9313,1.2214,0.458,3.8855,2.4656,2.4885,3.7939,0.5802,2.4733,3.7481,4.8321,1.5115,0.7863,4.9695,3.145,1.626,2.7099,3.3359,1.8626,1.2672,5.2824,2.1756,0.626,2.6718,4.3359,2.9924,4.4046,0.0382,3.5115,4.458,5.3359,1.4198,0.1069,7.5115,4.4198,1.7405,1.8626,1.0076,0.9847,1.0229,3.7786,0.1145,-0.6489,3.5802,2.8779,2.1374,3.4351,-1.0382,3.0992,5.3817,3.4656,1.0611,-0.2519,5.9466,4.3359,0.6641,2.5649,1.5878,2.3359,3.1069,3.2366,0.8931,0.9542,5.3282,2.3359,1.6183,2.8779,-0.3664,2.6947,4.0076,4.2366,0.9389,-1.0534,4.4427,2.916,-0.1145,4.7786,5.7023,4.1908,4.1985,8.1908,3.5954,2.5573,6.5267,5.9695,4.7939,5.4122,2.3511,4.3359,5.2977,9.1069,3.5573,2.9542,9.0763,5.3282,3.0916,1.7176,1.7176,1.1679,1.0305,3.5954,0.8855,0.8626,1.6794,2.9084,2.2061,3.4046,-0.1069,2.2214,3.3511,3.1908,0.626,-0.1756,4.6641,2.8397,1.2061,1.4809,0.8015,0.5725,0.2824,2.8626,0.0229,-0.0305,1.8626,1.7099,1.2061,2.3969,-1.3588,2.0305,3.458,1.7557,0.2824,-0.7328,2.2672,2.2748,-0.3588,3.3588,3.7786,4.2519,4.3053,6.1069,2.0611,1.6412,6.4198,4.1069,2.6947,4.0687,1.3435,2.9542,4.5954,7.374,2.0076,0.3435,6.7328,4.2519,1.4733,2.6565,2.8244,2.7176,1.7481,5.6641,2.1603,1.1756,3.145,4.7252,3.7252,5,0.0916,3.8015,5.6794,5.3511,1.7099,0.3969,7.8244,4.9847,2.2061,2.5649,3.4351,1.8397,1.8244,4.8702,2.7939,1.3359,3.3053,2.7252,2.9313,2.8321,1.5038,1.855,2.1069,4.7023,2.4046,2.3588,4.3893,2.4504,2.1221,3.8244,3.9389,2.7863,3.6794,5.6183,2.4504,2.1527,5.1756,3.313,3.2137,3.2443,1.5802,2.2901,2.2977,6.542,2.7252,1.9618,5.4504,3.313,2.313,0.6031,-0.0458,-0.7863,-1.4427,2.2901,-0.6107,-1.7252,0.1832,1.3817,1.3817,2.6565,-2.3893,1.7252,2.7481,0.9237,-0.2443,-1.6031,3.0153,1.458,0.6031,2.7634,3.0153,1.6031,3.4733,4.2977,1.8397,1.9389,3.1527,2.1603,2.5878,2.5573,0.9847,1.3053,1.4275,4.8931,1.9771,2.0763,3.5725,2.2137,2,3.145,4.4275,3.2748,4.7939,5.229,3.7099,3.4046,4.1298,4.1374,2.5649,3.2901,2.9389,2.7863,2.145,6.5267,2.626,1.916,5.6412,3.3053,1.6336,5.1298,4.8015,3.7252,4.458,9.5725,2.8397,1.6412,6.8931,6.0458,5.2137,6.7863,0.7099,5.0382,7.9466,9.4046,3.0611,1.145,10.6718,6.687,3.0229,1.7405,1.0916,0.4962,0.1832,3.542,0.6947,-0.2137,2.4809,2.1145,1.9618,2.542,-0.2595,1.9084,3.4275,2.9771,1.3206,0.2901,4.3588,2.5496,0.687,0.7634,-0.1603,-1.7252,-3.3664,4.0763,-0.5038,-2.9389,-0.5267,1.3664,3.2901,3.3282,-2,2.7328,4.3359,0.855,0.6336,0.3588,4.8473,3.2214,1.8931,4.8702,6.5878,4.5802,6.2824,8.2672,4.3588,3.8015,6.7786,6.0305,4.5649,5.8244,3.0611,4.1908,5.7328,10.0382,3.626,1.8244,9.8321,5.8855,2.2748,2.687,4.4275,2.8092,3.1527,5.1679,2.916,2.3817,3.8626,4.1832,2.6794,3.5802,1.5725,2.7634,3.0076,6.0305,2.8244,1.6489,7.1603,4.1298,1.5573,1.9618,2.3511,0.8626,0.7786,3.5267,2.0534,0.7328,1.9084,1.9924,1.4885,1.6031,0.6031,1.229,0.9466,2.8244,1.6412,1.6336,2.4885,1.3969,0.8931
negative53.txt_gi|127725|sp|P02689.3,2.6412,2.3282,1.771,2.0611,4.8092,1.5115,0.771,3.8321,2.5649,2.5038,3.6336,0.7176,2.4427,3.6718,4.5802,1.4962,0.8855,4.9695,3.145,1.5267,2.8397,2.9695,1.5954,0.9313,4.8168,1.8779,0.4122,2.4733,3.9084,2.855,4.313,-0.0534,3.3511,4.2366,4.7863,1.2366,-0.1145,7.2824,4.0916,1.6107,1.6336,0.8397,0.9847,1.0153,3.1603,0.3359,-0.6489,3.2061,2.8092,1.9771,3.1679,-0.8931,2.9847,5.1679,3.0687,0.8397,-0.6565,5.6947,4.0611,0.4351,2.542,1.6031,2.3511,3.2214,3.0916,1.1374,0.9389,5.3664,2.626,1.6107,2.7023,-0.3435,2.6336,4.0458,4.2519,0.9542,-1.3282,4.6794,2.916,-0.2366,4.4885,5.5038,3.9084,4.6565,7.8244,4.0229,3.2672,6.3969,5.9466,4.1145,4.9847,2.4198,4.0763,5.1756,8.626,3.4733,2.5267,8.7939,5.0382,2.8092,1.7328,1.6336,1.0458,0.9008,3.6641,0.9084,0.6107,1.6107,2.9389,2.2824,3.3053,-0.1985,2.1298,3.4351,2.8092,0.6794,-0.1298,4.5496,2.771,1.3206,1.5649,0.8321,0.4962,0.0534,2.916,0.0916,-0.313,1.7023,2.1069,1.5115,2.5496,-1.4885,2.2137,3.6641,1.6641,0.2672,-0.9618,2.7252,2.458,-0.1145,3.0763,3.5802,4.3588,4.5191,5.7557,2.4198,1.9084,6.4351,4.0458,2.3969,3.7405,1.4122,2.855,4.3282,7.1374,2.0229,0.0611,6.7557,4.1298,1.1527,2.6107,2.7634,2.3359,1.7252,5.5954,2.1756,1.1679,3.229,4.7328,3.5496,4.7481,0.2977,3.7328,5.6641,5.0382,1.8626,0.5344,7.8397,5.0916,2.1069,2.4046,3.145,1.5649,1.9924,4.6489,2.6412,1.5038,3.3511,2.8092,2.5954,2.6183,1.4885,1.687,1.9695,4.4351,2.4656,2.4427,3.9924,2.4046,2.2595,3.6947,3.6412,2.4351,3.7863,5.4427,2.5191,2.3969,5.0763,3.2748,2.8092,2.9771,1.6794,2.1221,2.1298,6.2137,2.7481,2.0992,5,3.0763,2.4275,0.771,-0.0153,-0.8397,-1.9313,2.0763,-0.7099,-1.9237,0.0611,1.2137,1.6641,2.8168,-1.9924,1.8855,2.9771,0.5725,-0.2519,-1.7176,3.2137,1.542,0.5878,2.6565,2.7634,1.1679,3.0611,4.4962,1.5725,1.7634,3.1298,2.2061,2.5573,2.3817,1.0076,1.229,1.3511,4.8321,1.9618,2.2443,3.3664,2.2061,2.3664,2.8931,4.2137,2.8626,5.0153,5.1679,3.8321,3.7023,4.1985,4.2824,2.313,3.0534,2.9771,2.6794,2.0916,6.1908,2.6641,2.0534,5.4351,3.2061,1.7405,4.7634,4.5267,3.916,4.9466,8.855,3.1985,2.1985,6.4733,6.0611,4.5344,6.1069,1.0611,4.6031,7.2214,8.8931,2.8244,0.542,10.1756,6.145,2.6031,1.5725,1.2901,0.6107,0.5344,3.4122,1.0229,0.2214,2.4885,2.2519,1.7405,2.313,-0.0687,1.8779,3.1374,2.7863,1.3893,0.2672,4.2672,2.374,0.542,0.7328,-0.1374,-1.855,-3.2748,3.626,-0.4122,-2.6565,-0.5038,1.374,2.8855,2.9924,-1.9618,2.5954,4.0992,0.5649,0.7557,0.2214,4.3664,3.0687,1.7328,4.6641,6.3664,4.2977,6.5496,8.0305,4.3893,4.2137,6.7634,6.2137,4.145,5.6031,3.1527,4.0763,5.6489,9.5115,3.5267,1.7023,9.5496,5.8855,2.2443,2.4504,4.3893,2.6489,3.4885,4.7481,2.9924,2.7557,3.9847,4.2901,2.2901,3.1908,1.8626,2.5649,2.7939,5.6794,2.8321,1.6794,6.7481,4.0305,1.313,1.8473,2.2672,0.7405,0.9771,3.6107,1.8321,0.771,2.1069,2.1069,1.4275,1.6489,0.7481,1.3511,1.1679,2.7252,1.7634,1.771,2.5725,1.542,1.1832
negative53.txt_gi|132399|sp|P06768.3,2.8346,2.3759,1.6992,1.6241,4.8346,1.3684,0.6767,3.8496,2.5564,2.6617,3.812,0.6015,2.5338,3.6316,4.7068,1.4211,0.782,4.7744,2.9699,1.9323,2.4662,2.9624,1.9023,1.6015,4.6692,2.4286,0.7519,2.6692,4.0075,2.406,3.7744,0.203,3.0376,3.9774,4.7143,1.2932,-0.2105,6.8647,3.9624,0.9398,1.3534,0.7218,0.6391,0.812,3.1353,0.3008,-0.7744,3.2932,2.8496,1.8722,2.9023,-1.0376,2.4887,5.3158,2.8421,0.7218,-0.5038,5.4962,3.9774,0.3609,2.1579,1.1955,2.0226,3.0451,2.8271,0.8271,0.5789,5.1654,2.3308,1.5639,2.6992,-0.5038,2.4737,4.0526,3.8647,0.609,-1.2782,4.3985,2.6917,-0.3308,4.5263,5.3083,3.9474,4.3083,7.5263,3.3308,2.6692,6.391,5.7143,4.2707,4.9699,1.9699,3.8947,4.8797,8.5489,3.2105,2.5338,8.3459,4.9173,3.2331,1.6692,1.5338,1.2857,1,3.5789,0.8496,0.5639,1.6767,2.9624,2.2556,3.1729,-0.0526,2.0075,3.2857,2.8797,0.7143,-0.1353,4.4586,2.8496,1.218,1.3684,0.4812,0.5414,0.1128,2.6541,-0.0301,-0.5038,1.6015,1.8496,1.3609,2.3383,-1.5038,1.9699,3.5038,1.5489,0.218,-1.015,2.4662,2.3083,-0.4436,3,3.609,3.8722,4.1805,5.985,2.0602,1.7519,6.0752,4.0902,2.7068,3.985,1.3383,2.7895,4.5414,6.8947,1.6617,0.3609,6.5338,4.1955,1.6917,2.5489,2.5789,2.4812,1.7368,5.4211,1.9774,0.8195,3.2256,4.6015,3.782,4.9474,-0.218,3.8571,5.7293,4.985,1.6316,0.2481,7.6015,4.9398,2.1429,2.6917,2.9699,1.4286,1.6466,4.7068,2.3759,0.9173,3.4436,2.5338,2.7744,2.6917,1.0677,1.7293,1.8722,4.2782,2.3383,2.3534,3.8797,2.2707,2.5414,3.7218,3.6316,2.2632,3.4211,5.2782,2.2256,1.8571,4.9774,3.0301,3.015,3.015,1.4211,2.0827,2.1429,6.0752,2.5338,1.9549,4.8195,2.9699,2.5865,0.4436,-0.0376,-0.4812,-1.3985,1.8496,-0.2932,-1.6767,0.3759,1.0451,0.9925,2.3083,-1.9023,1.5639,2.6241,0.6165,-0.1053,-1.9398,2.7218,1.2707,-0.2632,2.7594,2.6241,1.0602,2.7293,4.3158,1.3835,1.3383,2.985,2.0602,2.7218,2.5414,0.7368,1.2932,1.4436,4.782,1.8647,2.015,3.2331,2.1504,2.4812,3.0451,4.0602,3.1353,4.9023,5.0075,3.2256,3.2256,4.1579,4,2.4887,3.2406,2.4511,2.7368,2.0301,5.9474,2.5113,2.0075,5.3609,3.203,2,4.9398,4.391,3.6165,4.5113,8.8045,2.8571,1.7068,6.7293,5.7744,4.5789,6.2331,0.6842,4.5865,7.2331,9.0752,2.6992,0.6165,9.8947,6.015,2.8045,1.5414,1.1654,0.6165,0.2932,3.3609,0.8647,0.0602,2.3835,2.0902,1.7669,2.3985,-0.3684,1.7669,3.1128,2.6617,1.1805,0.1654,4.2105,2.3759,0.6541,0.9098,-0.0902,-1.6692,-3.0827,3.797,-0.3684,-2.4737,-0.3985,1.3534,2.7368,3,-2.2256,2.5113,3.9925,0.7594,0.7594,0.0677,4.4135,2.9398,1.594,4.6165,5.9774,4.218,6.1955,7.7218,3.8346,3.4135,6.6241,5.9323,4.3459,5.5789,2.6241,3.9474,5.5038,9.3459,3.1429,1.6617,9.0677,5.4586,2.4286,2.609,4.0827,2.6241,3.1955,4.8045,2.6767,2.3233,3.9398,4.2406,2.4812,3.4286,1.3158,2.797,2.8872,5.594,2.5865,1.5113,6.5865,3.9098,1.5789,2.1579,2.2707,0.7218,0.6241,3.7143,1.7594,0.3534,1.9098,2.1128,1.6917,1.9173,0.3759,1.5639,1.2932,2.6617,1.594,1.5865,2.5714,1.609,1.6541
negative53.txt_gi|399472|sp|P31417.3,2.4809,2.2137,1.7939,2,4.687,1.1679,0.3817,3.374,2.4122,2.5344,3.6641,0.6718,2.4427,3.4046,4.4427,1.2977,0.6794,4.7023,2.9084,1.6183,2.5954,2.9084,1.9008,1.4122,5.0229,2.1985,0.9008,2.4427,4.0611,2.7863,3.8015,0.0992,3.3206,3.3817,5.084,1.2137,0.687,6.4809,3.5878,1.7328,1.2519,0.916,0.9084,0.9008,3.3206,0.1374,-0.5038,2.8015,3.0153,2.2214,3.374,-0.7328,3.0992,5.2672,2.9618,0.8092,0.0916,5.8626,4.2061,0.9542,2.0763,1.7328,1.771,2.7634,3.2901,0.7634,0.6412,4.9084,2.7328,2.0916,3.1756,-0.3435,3.1298,3.8931,3.8473,0.8092,-0.8702,4.7405,3.1756,0.5802,4.0916,5.771,3.6947,4.1527,7.7863,3.7481,2.4427,5.5115,5.7939,4.3588,5.0992,2.4198,4.1527,4.7252,8.2595,3.1069,2.6107,8.4046,5.1985,2.9771,1.6489,1.3588,1.0382,0.916,3.7863,0.9542,0.9008,1.3359,2.9924,2.4885,3.3664,-0.2901,2.313,2.9542,2.9389,0.6641,0.1298,4.3282,2.7176,1.6718,1.2901,0.4427,0.5496,0.1069,2.8397,-0.0916,-0.2137,1.5954,1.7786,1.6565,2.3206,-1.4427,1.9237,3.1985,1.5267,0.2977,-0.5725,2.3511,2.5344,0.3435,2.7481,3.4427,3.7405,4.0611,5.4275,2.1069,1.6641,5.7863,4.0611,2.5496,4.0534,1.5878,3.1603,3.8092,6.771,1.3435,-0.1603,6.542,3.7176,1.7099,2.2748,2.3817,2.3206,1.5267,5.4275,2.0382,0.9466,2.6565,4.3588,3.7099,4.9542,-0.0382,3.8321,5.2214,5.0153,1.5573,0.4046,7.5802,5.0458,2.1527,2.374,3.1756,1.3435,1.7405,4.4809,2.7252,0.9389,3.0153,2.5344,2.7328,2.4733,1.6031,1.2748,1.8092,3.9847,2.145,2.1603,3.7328,2.4351,2.1221,3.4733,3.5573,2.1603,3.4962,4.9237,2.626,1.771,4.5267,3.084,2.916,2.9313,1.5115,1.9466,2.1069,5.6107,2.3511,1.6031,4.8931,2.9924,2.1679,1.1145,0.0916,-0.2824,-1.1756,2.5725,-0.2443,-1.4122,0.4427,1.3359,1.7099,2.6718,-1.9313,1.9924,1.9695,1.3435,0.1374,-0.8397,2.2901,0.8931,1.0153,2.7786,2.7939,1.4885,3.2519,3.9542,1.7557,1.6336,2.7328,2.1908,2.3893,2.2137,0.8779,1,1.2519,4.5496,1.9237,1.5496,3.1069,2.0305,1.855,2.5267,4.1374,2.626,4.7023,3.9237,3.6336,3.1985,3.5802,3.5267,1.8244,2.5878,2.7023,2.0305,1.542,5.3282,2.0382,1.7023,4.7786,2.6031,1.0687,4.2672,4.2672,3.6031,4.626,8.8244,2.7481,1.4656,5.9466,5.9237,4.9466,6.2824,0.6641,4.7557,7.2672,8.3282,2.5649,0.8244,9.9237,6.1679,2.9771,1.2824,1.1603,0.7405,0.313,3.2366,0.771,-0.0153,2.145,1.7863,1.6947,2.2824,-0.1756,1.8244,3.1145,2.5649,1.1832,0.3893,4.1527,2.2901,0.5725,0.3206,0.0076,-1.8168,-3.313,3.6565,-0.3893,-2.9313,-0.626,0.9695,3.0687,2.8015,-2.0305,2.4962,3.7786,0.4962,0.6107,0.2519,3.5878,2.5344,1.8473,4.2443,6.1908,3.7481,6.4351,7.4962,4.2595,3.5573,5.7786,5.7863,4,5.229,2.9924,3.7405,4.9542,9.0687,2.7176,1.4122,9.0763,5.7481,1.8779,2.1527,4.6336,2.3511,3.2672,4.4504,3.2901,2.6031,3.0687,4.145,2.0611,2.9618,1.8321,2.1832,2.5038,5.3969,2.3053,1.7252,6.5267,4.1908,1.0534,1.626,2.3511,0.4504,0.4733,3.4504,1.8015,0.1679,1.4427,1.7023,1.8321,1.6412,0.5191,0.9084,1.2977,2.2672,1.4198,1.4809,2.5649,1.8779,1.3053
negative53.txt_gi|1706750|sp|P51880.2,2.7863,2.3969,1.8092,2.0229,4.7557,1.4275,0.6718,3.8092,2.7328,2.5191,3.5649,0.6412,2.3511,3.6718,4.6794,1.3969,0.8244,4.8473,3.0916,1.5115,2.771,3.1756,1.6489,1.0458,4.9542,2.1603,0.6107,2.6718,4,2.7939,3.9618,0.2443,3.2672,4.2901,4.8168,1.4351,0.0229,7.2672,4.3435,1.5191,1.5344,0.8473,1.084,0.8702,3.1832,0.2519,-0.8931,3.2061,3.084,2.145,3.1756,-0.9008,2.6183,5.3664,3.0229,0.9695,-0.3435,5.7252,4.2137,0.2443,2.5115,1.6107,2.6107,3.0382,3.2443,1.0992,0.8321,5.1985,2.9313,1.7863,2.7481,-0.4733,2.4809,4.2824,4.2366,1.0687,-1.084,4.687,3.0153,-0.2214,4.4427,5.5344,3.855,4.5038,7.6718,3.9771,3.145,6.2366,5.9008,4.3893,4.7786,2.4275,3.9084,5.0153,8.5649,3.3893,2.5954,8.5573,5.1374,2.8626,1.7863,1.8168,1,0.8779,3.7252,1.0305,0.8855,1.7863,3.1679,2.313,3.0992,0.0687,2.0458,3.4046,2.9695,0.6336,-0.0458,4.6718,2.8931,1.3282,1.5878,0.8855,0.5725,0.1069,3.0916,0.1908,-0.2595,1.9008,2.1069,1.4733,2.3817,-1.4656,1.9542,3.7634,1.7252,0.3588,-0.855,2.8092,2.5725,-0.3206,3.0687,3.7023,4.3511,4.4198,5.855,2.4427,1.7863,6.2595,4.5802,2.3969,3.8779,1.2748,2.7252,4.5115,6.9389,2,0.3359,6.8168,4.2824,1.3206,2.7557,2.9389,2.4504,1.7023,5.8855,2.3588,1.2366,3.1679,4.8397,3.6794,4.6183,0.5573,3.6412,5.7939,5.2061,1.855,0.3664,8.0687,5.2977,2.0458,2.4046,3.2748,1.626,2.145,4.6489,2.8092,1.5191,3.1679,2.7099,2.8702,2.6412,1.2824,1.916,1.9695,4.4962,2.3053,2.4046,4,2.3359,2.229,3.3359,3.7252,2.2977,3.6641,5.0763,2.4046,2.3206,4.7176,3.0305,3.145,3.0229,1.5573,2.4656,2.0611,6.0229,2.2672,1.6412,4.7634,2.916,2.4351,0.7481,-0.0153,-0.8473,-2.0076,2.0687,-0.6107,-1.8779,0.0153,1.0229,1.7099,2.4656,-1.9695,1.7099,3.229,0.6641,-0.145,-1.6107,3.3053,1.8321,0.4809,2.6183,2.7863,1.2977,3.4809,3.9847,1.6641,2.145,2.7863,1.916,2.542,2.1985,0.8779,1.8321,0.916,5.0534,1.7099,1.8473,3.0382,1.8626,2.1985,2.8931,4.4122,2.9084,5.1832,4.771,3.5115,3.8397,4.0687,3.8931,2.4809,3.229,3.084,2.6641,1.7252,6.1832,2.5496,2.0305,5.2977,3.0916,1.9618,4.9847,4.5649,3.9847,5.0534,8.8321,3.1298,2.1679,6.626,6.2824,4.7252,5.916,0.7863,4.313,7.2595,9.2672,2.8702,0.8168,9.9847,6.1679,2.4504,1.6107,1.1756,0.7863,0.3893,3.3359,0.8321,0,2.4046,2.2977,1.7481,2.3893,-0.1527,1.6641,3.2519,2.7939,1.3588,0.2901,4.2061,2.5038,0.6183,0.6031,-0.1298,-1.8855,-3.4275,3.7634,-0.3511,-2.8168,-0.6336,1.2977,2.9466,3.0611,-1.9389,2.4351,4.1679,0.5344,0.5191,0.3969,4.5954,3.0611,1.6489,4.5344,6.6489,4.374,6.7023,7.7176,4.4656,4.3511,6.3893,6.2595,3.9847,5.5649,3.1756,3.9771,5.5802,9.5725,3.4198,1.6489,9.2824,5.7939,2.3817,2.458,4.5344,2.5267,3.4504,4.8321,3.084,2.9313,3.7863,4.4198,2.4656,3.7023,1.9237,2.6336,2.7786,5.7786,2.6565,1.7405,6.7328,4,1.6336,1.9008,2.2366,0.8015,1.1756,3.4733,1.9618,0.7023,2.145,1.8321,1.5344,1.5649,0.542,1.313,1.229,2.7634,1.6412,1.4962,2.5496,1.4656,1
negative53.txt_gi|1729979|sp|P55054.1,2.7405,2.4275,1.7481,2.0687,4.8244,1.5878,0.7252,3.7939,2.5878,2.374,3.6107,0.5038,2.1527,3.5038,4.7939,1.3511,0.8779,4.9008,2.9618,1.5496,2.7481,3.2137,1.8931,1.1908,4.9466,2.1832,0.5344,2.3817,3.9618,3.0611,4.3435,0.1985,3.3664,4.3664,5.1908,1.1603,-0.0153,7.4122,4.229,1.5802,1.5878,0.9695,1.0229,1.0305,3.1374,0.3664,-0.6336,3.1679,2.8397,1.9695,3.0534,-0.916,2.5954,4.9466,2.9695,0.9237,-0.0611,5.4427,4.2824,0.5267,2.4962,1.7252,2.1985,3.0305,3.3435,1.1145,0.7023,5.3053,2.8092,1.855,2.687,-0.5115,2.4885,4.0611,4.2137,1.0305,-1.1527,4.9008,3.2137,-0.0305,4.4885,5.5802,3.8473,4.6336,7.8092,4.084,3.1298,6.2595,6.0687,4.4733,5.0534,2.2366,3.8092,5.3817,8.8092,3.2977,2.5649,8.6336,4.855,2.8855,1.855,1.8702,1.1832,0.9542,3.9771,1.2824,0.7786,1.5725,3.1908,2.3206,3.2748,0.1985,2.0305,3.3664,3.0458,0.7099,0.0763,4.8092,2.855,1.3206,1.5954,0.8244,0.6718,0.0916,2.9389,0.2061,-0.1985,1.7863,2.0687,1.2672,2.1679,-1.3969,1.855,3.3282,1.5954,0.4122,-0.8702,2.6794,2.3969,-0.3282,2.9618,3.6183,3.8855,4.2519,5.7939,2.4275,1.8626,6.2061,4.3053,2.6031,3.8092,1.0687,2.4809,4.5038,7.1145,1.9389,0.2137,6.8015,4.2748,1.5954,2.4885,2.8321,2.5725,1.7863,5.771,2.5267,1.1603,2.9695,4.8092,3.542,4.8473,0.4198,3.6183,5.9084,5.2443,1.6183,0.313,7.9847,4.9542,1.9313,2.4275,3.3435,1.5344,2.2672,4.8015,2.8168,1.5038,3.4351,2.9237,2.7328,2.626,1.5802,1.7176,1.8779,4.7023,2.2977,2.3817,4.3359,2.3817,2.2061,3.687,3.9313,2.3053,3.8702,5.4885,2.4351,2.2214,5.0763,3.229,3.1221,3.2214,1.5038,2.374,2.542,6.4198,2.4733,1.7786,5.4351,3.0229,2.4198,0.6489,0.0382,-0.4656,-2.0687,2.0687,-0.5802,-2.0687,-0.1985,1.0992,1.6183,2.626,-1.8168,1.6641,2.9847,0.687,-0.2214,-1.6565,3.0153,1.5878,0.6489,2.6794,2.9389,1.2595,3.4198,4.1832,1.6947,1.9695,2.8015,2.1527,2.5344,2.4275,0.9695,1.7099,1.1527,5.2214,1.6489,1.9084,3.2366,1.8244,2.1603,2.9466,4.4809,2.6336,5.2595,4.8779,3.6336,3.7099,4.1603,3.8779,2.2595,3.1985,2.8473,2.5496,2.1527,6.1908,2.4733,1.8092,5.6565,3.0763,1.458,5.1298,4.8473,3.6947,4.9084,9.1603,3.1832,2.0382,6.3893,6.1298,5.1298,6.5191,0.7023,4.4656,7.5573,9.374,2.9237,0.8015,10.3511,6.2137,3.0458,1.4427,1.1679,0.7023,0.4351,3.2061,1,0.1832,2.2824,1.916,1.5191,2.2595,-0.2824,1.4198,3,2.7405,1.2595,0.3893,3.9313,2.2977,0.4733,0.6336,-0.0076,-1.4733,-2.9924,3.6412,-0.2824,-2.7328,-0.2748,1.1298,2.8092,2.9771,-2.0382,2.3435,3.7939,0.687,0.687,0.313,4.374,2.9313,1.542,4.5573,6.771,4.2748,6.8092,7.916,4.5267,4.313,6.7557,6.3206,4.3893,5.7252,3.0229,3.9008,6.0229,10,3.1298,1.6107,9.8092,5.8779,2.229,2.3359,4.5573,2.6565,3.5649,4.7176,3,2.8855,3.8244,4.2061,2.4733,3.626,1.771,2.4962,2.8779,5.8931,2.5115,1.8092,6.7252,3.9389,1.3588,1.9847,2.2824,0.8015,0.8779,3.6565,1.9008,0.6794,1.9313,2.1145,1.6947,1.7252,0.7405,1.3435,1.0611,2.8626,1.687,1.8702,2.5573,1.5954,1.313
negative53.txt_gi|2494404|sp|Q90239.3,2.88,2.52,1.784,2.216,5.12,1.232,0.784,3.776,2.64,2.656,3.872,0.312,2.496,3.952,4.896,1.416,1.04,5.096,3.344,1.824,2.736,3.304,1.704,1.344,5.336,2.112,0.512,2.6,4.064,3,4.408,0.088,3.608,4.432,5.44,1.192,0.208,7.2,4.304,1.624,1.336,1.096,0.768,1.16,3.672,0.312,-0.544,3.288,3.16,2.384,3.344,-0.904,2.952,5.576,3.184,0.768,-0.184,5.84,4.504,0.784,2.432,2.016,2.36,3.392,3.872,1.496,1.296,5.648,3.288,2.08,3.008,-0.264,2.968,4.456,4.664,1.072,-0.8,5.424,3.592,0.288,4.992,5.96,4.192,5.136,8.48,4.056,3.024,6.72,6.368,4.208,5.104,2.456,4.008,5.248,9.44,3.56,2.968,8.856,5.456,2.92,1.712,1.728,1.208,1.52,3.6,1.368,1.008,1.712,3.232,2.24,3.064,0.144,1.92,3.232,3.48,0.768,-0.08,4.68,2.48,1.136,1.48,0.608,0.496,0.416,3.256,0.088,-0.04,1.624,2,1.832,2.536,-1.448,2.264,3.848,1.8,0.296,-0.792,2.824,2.544,0.088,3.432,4.064,3.952,4.688,6.168,2.496,1.912,6.352,4.672,2.84,3.872,1.248,2.904,4.672,7.272,2.008,0.68,7.072,4.52,1.72,2.64,2.752,2.544,2.456,5.808,2.52,1.16,3.304,4.824,3.504,4.768,0.264,3.784,5.904,5.64,2.088,0.408,7.944,4.84,2.008,2.872,3.304,2.16,2.168,4.936,2.832,1.68,3.776,3.04,2.36,2.264,1.568,1.296,1.776,4.96,2.64,2.416,3.912,2.144,2.184,4.024,3.752,2.96,4.072,5.488,2.512,2.368,5.488,3.544,2.536,2.824,1.488,1.856,2.176,6.64,2.712,1.704,4.944,3.128,2.04,0.624,0.256,-0.72,-1.784,2.248,-0.352,-1.92,-0.456,1.16,1.856,2.832,-1.944,2.072,2.848,0.752,-0.336,-1.448,3.24,1.488,0.84,3.184,2.984,2.128,3.472,4.28,1.68,2.064,3.256,2.408,2.016,2.176,1.032,0.864,1.24,5.152,2.072,1.968,2.992,1.856,1.776,3.304,4.32,3.632,5.784,5.048,3.952,4.168,4.712,4.24,1.904,2.688,3.032,2.16,1.704,7.144,2.712,1.728,5.088,2.864,1.288,5.048,5.168,3.512,4.8,10.184,2.888,1.776,7.008,6.6,5.456,7.112,0.416,5.224,8.496,9.664,2.768,1.152,11.648,7.192,3.296,1.56,1.136,0.256,0.424,3.464,0.888,0.088,2.328,1.984,1.736,2.312,-0.32,1.768,3.288,2.776,1.096,0.232,4.136,2.248,0.688,0.864,-0.104,-1.68,-2.816,3.752,-0.272,-2.592,-0.472,1.304,2.872,2.984,-1.792,2.568,4.24,0.848,0.728,0.072,4.592,3.048,1.68,4.968,6.72,4.184,6.912,8.296,4.44,3.928,6.88,6.336,4.152,5.792,2.992,3.776,6.112,10.088,3.424,2.272,9.36,6.368,2.352,2.872,4.448,3.16,3.968,5.088,3.24,3.008,4.216,4.648,2.184,3.08,1.904,2.344,2.912,6.504,2.864,1.456,6.712,3.944,1.2,2.336,2.256,0.944,0.984,3.856,2.16,0.824,2.36,2.376,1.384,1.592,0.848,1.152,1.2,3,1.864,1.8,2.328,1.392,1.312
negative53.txt_gi|2494407|sp|Q20224.1,2.35,1.975,1.7563,1.675,3.4313,1.15,0.4563,2.975,2.5625,1.7938,3.1625,0.4,1.8438,2.6438,3.825,1.0625,0.5438,3.8625,2.2812,1.075,1.9375,3.2688,2.1375,1.2688,4.1,2.125,0.4875,3.0563,3.5938,2.3625,3.1688,0.6625,2.375,2.9,4.05,1.2375,0.4688,6.1562,3.4875,1.175,1.4125,1.6188,1.4875,1.5188,3.175,1.0437,-0.25,4.1,3.0938,1.2812,2.5688,-0.2625,2.2438,3.9688,3.5938,0.9625,-0.2313,5.5312,3.5,0.4188,2.0562,2.0625,2.7625,3.5875,3.075,1.6375,1.025,5.4812,3.0438,0.8125,1.875,0.2688,1.8938,2.5625,4.1375,1.0188,-0.6938,4.5312,2.4438,-0.1125,4.1125,4.35,3.6625,3.95,6.7312,3.1125,2.425,5.775,5.4188,3.5,4.425,1.7688,3.175,4.6875,7.2188,3.0875,2.2313,7.3938,4.5125,2.3438,1.1188,1.9375,1.4813,1.3188,3.1063,1.3188,0.8688,1.8563,2.4813,1.6875,2.1875,0.3938,1.5438,2.2313,2.1625,0.7375,0.4875,3.8375,2.0438,0.75,0.975,1.4875,1.1438,0.625,2.5312,0.8938,0.2625,2.05,1.9188,0.4125,1.0437,-0.3625,1.0312,1.7438,1.3688,0.55,-0.3938,2.0813,1.3563,-0.5812,2.575,3.4313,4.3688,4.5125,4.9812,2.3,1.7688,5.6438,4.6,1.625,3.1875,1.375,2.4313,3.2313,6.1188,1.7688,0.6,6.7812,3.9062,1.0437,2.075,3.5188,3.1375,2.4938,5.7812,2.5688,1.3125,3.4375,4.525,2.8125,3.975,1.0688,3.15,4.6,4.8063,1.55,0.5625,7.35,4.2938,1.4938,1.9062,1.8313,1.3,1.5125,3.575,1.6813,0.9312,2.1812,2.1063,1.8625,1.8625,0.4375,1.3688,1.8188,3.5312,1.6875,1.5063,3.0563,2.1438,1.35,3.0188,2.65,1.7688,2.7688,4.9125,1.5625,1.4125,3.5875,2.5438,2.5875,2.65,0.6688,2.0312,2.0188,4.85,1.8938,1.475,4.05,2.425,2.2125,0.2125,0.75,0.0813,-1.0813,1.675,0.2563,-1.225,0.7625,1.2188,1.1375,2.1188,-0.6625,1.2188,2.0875,0.7812,-0.2188,-0.575,2.5625,1.2063,0.3813,2.3188,2.2063,1.0563,2.45,4,1.2563,1.5125,2.2063,2,1.9813,2.175,0.2688,1.5063,1.1625,4.075,1.4188,1.2875,2.9813,1.8875,1.6188,2.4563,3.25,2.5062,3.8063,4.6938,2.6188,2.65,3.0625,3.1688,1.7375,2.4563,1.8313,2.3375,2.7688,4.5,2,1.575,4.75,2.95,1.3938,3.7688,4.1938,4.4812,4.7938,7.5438,2.95,2.225,5.8625,6.2938,3.5125,4.85,0.9875,3.7125,5.175,7.7812,2.35,1.1562,8.7688,4.9625,2.1312,1.2375,1.7125,0.9875,0.45,2.4813,1.0875,0.15,1.875,2.425,1.4875,2.1,0.0875,1.3063,2.4062,2.1812,1.1938,0.675,3.4688,2.0062,0.7375,0.6125,0.6625,-1.2812,-2.4563,2.675,0.075,-1.9938,-0.1063,1.4938,2.175,2.3625,-1.2563,1.7313,2.9313,0.7688,0.625,0.4938,3.7188,2.575,1.1875,3.875,5.4563,4.2375,5.8313,7.4188,3.7938,3.325,6.3688,5.8625,2.9813,4.5563,2.125,3.4563,5.1188,8.2812,3,1.3875,8.8,5.2688,1.9,1.9125,4,2.4938,2.9438,4.6188,2.7188,1.9375,3.2375,3.925,1.8625,2.8063,1.6125,2.4062,3.2063,4.5438,2.075,1.1625,6.15,3.725,1.1,1.6063,1.275,0.8688,1.0375,2.5,1.2688,0.5875,1.2625,1.5438,1.1687,1.275,0.2438,1.025,0.875,2.4,1.0375,1.0063,1.6125,1.1813,0.7563
negative53.txt_gi|2494410|sp|Q23092.1,2.2708,1.8472,1.6042,1.7917,3.9931,1.1458,0.3681,2.9792,2.3819,2.2778,3.2639,0.1736,2.3403,3.2986,3.9375,1.125,0.5903,4.2431,2.6389,1.4931,2.4931,3.4375,1.6806,0.5625,4.6319,1.9722,0.1042,2.6736,3.7917,2.5833,3.9722,0.75,2.7014,3.6667,4.4375,1.2222,0.2153,6.0833,3.7083,1.125,1.2222,0.9861,0.9722,1.0278,3.1319,0.4306,-0.4653,3.0903,2.7708,1.7569,2.8403,-0.7708,2.3194,4.8264,3.1667,0.6806,-0.5208,5.1806,4.0139,0.6806,2.0347,1.3681,2.4375,2.5625,2.9444,0.9375,0.4514,4.8194,2.5833,1.5069,2.375,-0.1528,1.8472,3.2569,3.8333,0.8125,-0.9653,4.5417,2.5764,0.2153,4.0278,4.9583,3.3958,3.7639,7.6528,3.7292,2.3264,5.5486,5.8958,4.1389,4.5417,1.9583,3.6319,4.8958,7.7014,2.9514,2.4167,8.3125,4.8125,2.9028,1.375,2.0208,1.3819,1.0625,3.1042,1.5139,0.6319,2.2778,2.8264,1.6597,2.6111,0.4167,1.4236,2.4583,3.1042,0.8194,0.2431,3.6528,2.1944,0.7083,0.9306,0.7153,0.6597,0.2847,2.1389,0.4236,0.3264,1.3542,1.6736,1.1389,1.8056,-0.6667,1.2361,2.4583,1.5486,0.3819,-0.4931,2.3958,1.6736,-0.2014,2.5278,3.4583,3.6319,4.1319,4.9514,2.2292,1.2083,5.1736,3.9306,2.1042,3.2431,1.4583,2.1528,4.3056,5.5417,1.5903,0.3681,6.3333,4.0833,1.3819,2.1875,3.2361,2.6181,1.9514,4.8472,2.4792,0.8542,3.1875,4.5278,3.1944,4.0833,0.4861,2.9653,5.1319,5.0208,1.7569,0.5417,7.2014,4.6944,1.7847,2.2986,2.7986,1.9514,2.0556,4.4167,2.1597,1.3681,2.9444,2.5278,2.6181,2.3333,0.6181,1.7083,1.8611,4.0417,1.8125,2.0347,4.2222,2.1736,2.0625,3.25,3.3333,1.875,3.3264,5.1667,2.1111,1.9028,4.0139,2.9931,2.7986,2.6319,1.0694,1.9444,2.1181,5.3056,2.1042,1.6111,4.875,2.6806,2.2083,0.4236,0.5694,-0.3403,-1.5278,1.7917,-0.2153,-1.7014,0.0694,1.1389,1.375,2.6528,-0.9931,1.5764,2.5208,0.7708,-0.1389,-1.2569,2.2847,1.5625,0.2847,2.5694,2.3194,0.9306,2.6806,4.1806,1.3611,1.3889,2.4236,1.9861,2.2986,2.0139,0.3819,1.3333,1.0833,4.2708,1.6319,1.5069,2.9167,1.4375,2.0694,2.4653,3.7014,2.7917,4.6667,4.7431,2.7986,2.9861,3.5833,3.6667,2.3819,2.6667,2.1528,2.1181,2.3889,5.4028,2.1181,1.8681,5.6458,3.1042,1.6458,3.9375,3.9375,3.6111,4.2153,7.6806,2.5764,1.4375,5.3889,5.4444,4.1667,5.3125,0.75,3.8403,6.5208,7.6111,2.3819,0.8958,9,5.3264,2.1597,1.2917,0.9236,0.6458,0.4236,2.7222,0.7708,0.0486,1.8056,1.8958,1.2639,1.7778,-0.3472,1.5208,2.5278,2.4861,1.1528,0.25,3.2153,1.8125,0.6458,0.6528,-0.1736,-1.4514,-2.4861,3.3333,-0.5139,-1.9514,-0.3889,1.1806,2.5417,2.75,-2.0764,2.6389,3.4583,0.8542,0.5278,-0.2014,3.8264,2.5278,1.5278,4.2153,6.2986,4.125,5.7431,7.5486,4.2917,3.3056,5.5972,6.4167,3.9792,4.8958,2.7847,3.3889,5.7431,8.3403,2.9931,1.8889,9.4792,5.7153,2.5,2,4.0347,2.2986,3.0347,4.375,2.6736,2.1319,2.9306,3.9028,2.4514,2.9583,1.5347,2.4861,3.0764,5.0139,2.2361,1.5347,6.5556,3.5694,1.4653,1.7014,2.0278,1.0278,1.2153,3.3056,1.7361,1.1111,1.7083,1.9931,1.2292,1.2639,0.3889,1.125,0.7778,2.3472,1.4167,1.5139,2.2639,1.1181,1.0556
negative53.txt_gi|7387652|sp|P82289.1,2.9516,2.379,1.9919,2.1613,5.1452,1.3871,0.8629,4.0726,2.7258,2.371,3.8226,0.4597,2.3952,3.75,5.1048,1.4839,0.75,4.9032,3.2339,1.5726,2.8548,3.2581,1.8145,1.3065,5.2339,2.0565,0.5645,2.6129,4.2661,3.1532,4.3065,0.0242,3.4597,4.5161,5.4435,1.379,0.129,7.0968,4.3065,1.4919,1.8468,1.2258,1.25,0.8629,3.7661,0.379,-0.4839,3.4597,3.0081,2.4113,3.379,-0.7661,3.0484,5.0484,3.7339,1.121,-0.2984,6.2097,4.4435,0.9597,2.6371,1.5968,2.4677,2.9032,3.8468,0.9919,0.8468,5.2016,2.9919,2.1048,2.8952,-0.5403,2.7823,4.2339,4.2097,1.1452,-1.0726,5.4516,3.5484,0.3306,5.121,5.7823,4.4113,4.6129,8.5645,4.2177,3.1694,7.2016,6.3952,4.2339,5.1855,2.2903,4.0403,5.1613,9.7581,3.6129,2.7984,8.6532,5.1935,2.8387,1.8387,1.7177,1.2339,1.129,3.6129,1.4435,1.0645,1.7177,3.1048,2.5081,3.2258,0.1129,2,3.2581,3.4597,0.8226,-0.1532,4.3468,2.621,1.3952,1.5726,0.6452,0.7177,0.3226,3.129,0.129,-0.0484,1.8226,2.1048,1.6935,2.4113,-1.3952,2.0806,3.7097,1.9032,0.379,-0.9194,3,2.5403,-0.0565,3.5323,4.0403,4.2742,4.4032,6.2016,2.6855,1.8629,6.4194,4.9032,2.6694,4.0081,1.3226,2.879,4.9113,7.5887,2.1935,0.4113,7.371,4.7661,1.6532,2.871,2.5726,2.8065,2.0403,5.6935,2.4839,1.2097,3.5161,4.8065,3.75,5.0242,0.2661,3.7419,5.9677,6.0161,2.1532,0.2016,7.9435,5.2258,2.2581,2.8145,3.3468,2.0726,2.3387,5.0806,2.7258,1.6048,4.0806,2.9677,2.5484,2.5403,1.629,1.5,1.6694,5.2097,2.5403,2.6048,3.5968,2.2823,2.129,4.1855,3.9113,2.7984,4.0565,5.8065,2.6129,2.4839,5.6129,3.5484,2.7661,2.9919,1.5323,2,2.0565,6.9435,2.7258,1.9758,4.621,3.0403,2.2097,0.5968,0.3145,-0.7661,-2.0887,2.1371,-0.5565,-2.0081,-0.379,1.1452,1.9677,2.7661,-1.7823,1.9355,2.8871,0.7581,-0.25,-1.4516,2.7258,1.4435,0.8871,3.0081,3.0645,1.7581,3.5565,4.6532,1.8226,2.2097,3.6694,2.5242,2.4274,2.4435,1.0403,1.129,1.2823,5.0645,1.9839,2.1532,3.0242,2.0806,2.0726,3.4758,4.3065,3.4274,5.5565,5.2339,3.9274,4.1532,4.4032,4.2016,2.0403,2.8387,2.9516,2.3871,1.6129,7.2177,2.6855,1.9355,4.7419,2.9032,1.4355,5.2903,5.2419,3.7419,4.5,10.1694,3.0968,1.8629,7.2742,6.8226,5.2984,6.8871,0.6774,4.9597,8.1048,9.9677,3.0403,1.129,11.0081,7.0968,3.1371,1.629,0.9435,0.4274,0.1613,3.379,0.8065,-0.0323,2.3871,1.9274,1.6935,2.2984,-0.2419,1.6855,3.2984,3.0887,1.2016,0.1048,4.1613,2.5242,0.5806,0.8306,-0.3548,-1.6371,-3.0403,3.871,-0.4113,-2.5887,-0.3226,1.2177,2.9274,3.0403,-1.9194,2.5,4.121,1.0806,0.7016,0,4.7016,2.9597,1.5323,5.0484,6.379,4.2581,6.6371,8.2661,4.5,4.2903,6.8065,6.3952,4.0484,5.1855,3.25,3.6371,5.5161,10.4274,3.75,2.4194,9.0968,6.1048,2.75,3.0323,4.5242,3.0081,3.7984,5.2016,3.121,2.879,4.1855,4.5887,2.25,3.2097,1.9597,2.4677,2.8145,6.7661,3.0645,1.8306,6.3306,4.0161,1.2581,2.4032,2.3548,1.1129,1.2419,3.9274,2.1129,1.0887,2.7823,2.1935,1.2742,1.5403,0.9274,1.121,0.6452,3.3629,1.8548,1.9839,1.8065,1.2016,1.1855
negative53.txt_gi|14423714|sp|Q9U5P1.1,2.8615,2.5923,2.3615,2.7308,4.9615,1.6462,0.9538,4.0692,2.6615,2.3154,3.4077,0.6923,2.3923,3.3769,5.0846,1.5385,0.9692,4.7231,3.0077,1.6077,3.0385,3.1692,1.9692,1.2692,5.3615,2.1308,0.5462,2.8769,4.2769,3.0231,4.1462,0.1615,3.4077,4.4,5.2769,1.6692,0.0615,7.0154,4.1231,1.7077,1.4,0.9231,1.0615,1.1154,3.5385,0.0769,-0.7385,3.3154,3.0154,2.3231,3.3846,-0.9,2.9692,5.3692,3.3692,0.9385,-0.2923,5.5308,4.4154,0.6846,2.4538,1.5615,2.3077,3.0385,3.7923,0.8385,0.6538,5.1846,2.9231,2.1,3.2,-0.4308,2.8538,4.4385,4.7154,0.8846,-0.9923,5.1385,3.5077,0.3,4.6385,5.8769,4.1154,4.7308,8.3462,4.1077,2.8154,6.6462,6.3462,4.3923,5.0462,2.2769,4.3154,5.2077,9.2077,3.4538,3.0615,8.3462,5.1385,2.9692,1.8308,1.6154,1.2462,1.0462,3.7923,1.2231,0.6308,1.6231,3.1615,2.6077,3.2385,-0.2615,2.1769,3.5615,3.2385,0.7385,0.0385,4.7538,2.7846,1.3462,1.3385,0.5846,0.7231,0.2385,3.0769,0.1462,-0.2231,1.5692,2.0231,1.4769,2.1692,-1.3308,1.9077,3.3769,1.9077,0.2615,-0.8077,2.6923,2.6462,-0.2462,3.3923,3.7462,3.9923,4.7154,6.3231,2.0923,1.6154,6.6154,4.1462,2.5385,4.2154,1.1923,3.1538,4.7308,7.5769,2.0462,0.2769,6.5462,4.3,1.9154,2.7846,3,2.5692,2.0385,5.9615,2.6154,1.0692,3.4077,4.9923,3.7,4.7615,0.3231,3.8154,5.6,5.4231,1.9769,0.6231,8.0462,4.8769,2.1615,2.4385,3.4846,1.8385,1.9692,4.7154,2.7538,1.2923,3.2923,3.0231,2.6538,2.3846,1.5231,1.7385,1.8462,4.4077,2.3308,2.4385,4.1385,2.2615,2.0154,3.5846,3.8923,2.5308,3.8538,5.0923,2.4923,2.1538,5.1462,3.3385,2.5692,2.8077,1.4923,2.1385,1.9769,5.9846,2.3692,1.6846,4.6615,2.6077,1.9231,0.8538,0.0154,-0.2231,-1.5462,2.2538,-0.6538,-1.6385,0.1,1.0615,1.6,2.2923,-1.7538,1.7462,2.6846,0.8615,0.0615,-1.5615,2.6846,1.4385,0.4769,2.8308,3.2231,1.5923,3.5462,4.1538,1.9846,2.3,3.2308,2.4231,2.2231,2.0846,1.0769,1.1,1.1923,4.9154,1.8923,2.0769,2.7538,1.8154,1.7923,2.9077,4.5,3.2846,5.3769,4.7692,3.7385,3.6923,4.2308,4.3615,2.2462,2.9,2.9615,2.5615,2.0077,6.3692,2.4231,1.9,5.4846,2.9231,1.4615,4.8538,4.8769,3.9462,4.7462,9.8077,2.9077,1.4308,6.9,6.6462,5.2308,6.5923,0.5692,5.0462,7.9231,9.7308,3.0308,1.0615,10.3385,6.8462,2.8923,1.5923,1.2308,0.3692,0.4,3.5385,0.8923,-0.0462,2.1846,2.0846,2.1538,2.6,-0.2769,2.1538,3.5308,3.0462,1.1,0.2692,4.3846,2.6385,0.9308,0.6923,0.0385,-1.7769,-3.2154,3.8231,-0.3538,-2.7077,-0.5769,1.1923,3.0538,2.9846,-1.9077,2.8231,4.0692,0.7231,0.5769,0.1769,4.7154,2.9385,1.5385,4.3462,6.7308,4.5692,6.8769,7.6308,4.5769,4,7.0923,6.0923,3.2923,4.6923,3.1846,3.3923,5.2923,9.2846,3.4385,1.5769,9.9154,5.7385,1.8385,2.3692,4.4538,2.4846,3.3077,4.8769,2.9231,2.3462,3.8615,4.4462,2.2923,3.3154,1.7077,2.5385,3.2308,5.8385,2.6692,1.4462,6.8,4.0231,1.1154,1.9692,2.6538,0.9615,0.9231,3.6,2.1923,0.7769,1.9846,2.2923,1.3846,1.4308,0.9846,1.3846,1.1231,2.7846,1.5462,1.8077,2.5538,1.5,1.0308
negative53.txt_gi|14916691|sp|P82980.3,2.5522,2.3806,1.7239,1.8358,4.4552,1.4179,0.5896,3.3955,2.2612,2.3358,3.4925,0.6194,2.2015,3.4627,4.4478,1.3358,0.8134,4.4851,2.7836,1.4701,2.8358,2.7388,1.6194,1.0075,4.7985,1.806,0.2612,2.4776,3.7164,2.806,3.9851,0.0075,3.2388,4.0896,4.6493,1.2836,-0.0075,6.8955,4.0075,1.5672,1.5299,0.8209,0.791,0.8806,3.2985,0.1866,-0.8433,3.1866,2.7612,2.0373,3.097,-0.9776,2.7239,5.2761,2.6866,0.9328,-0.3358,5.6119,4.1045,0.5373,2.4328,1.4328,2.209,2.9552,3.1791,0.806,0.4627,5.1493,2.7612,1.5299,2.5896,-0.2985,2.3731,4.3284,3.8433,0.9701,-1.2463,4.6119,3.0373,-0.1791,4.3134,5.2687,3.9627,4.4328,7.209,3.6493,2.9403,6.2164,5.5,3.9925,4.7239,2.1567,3.5224,4.7612,8.403,3.2612,2.7239,8.1343,4.7687,2.7239,1.7612,1.4776,1.1119,0.6791,3.6716,0.7388,0.3134,1.7164,2.8358,2.2239,3.0821,-0.0299,1.9254,3.1791,2.7836,0.8582,0.0522,4.403,2.7537,1.3955,1.4925,0.4701,0.6045,0.1194,2.8209,-0.1418,-0.5746,1.791,2.097,1.2612,2.1791,-1.3881,1.8433,3.3433,1.3731,0.3284,-1.1716,2.6119,2.4776,-0.291,2.9104,3.3881,3.8582,3.9552,5.7761,1.9328,1.5522,5.9254,3.8806,2.806,3.8881,1.0299,2.7537,4.7388,6.6716,1.8881,0.4403,6.5149,4.0821,1.5746,2.4851,2.4851,2.4403,1.6866,5.1642,2.0746,0.9478,3.1343,4.3955,3.4478,4.7015,0.097,3.5373,5.5299,4.8284,1.7836,0.4104,7.4776,4.8881,1.9552,2.306,3.1194,1.6343,1.8433,4.3433,2.8134,1.1791,3.4776,2.4478,2.3507,2.3358,1.403,1.4179,1.5522,4.4179,2.2239,2.3955,3.5896,1.9776,1.9328,3.2164,3.6791,2.3582,3.3582,5.0597,2.4701,1.8731,4.8806,2.9627,2.8955,2.806,1.5672,1.7537,2.0149,5.8134,2.291,2.0224,4.5448,2.7836,2.1642,0.7761,-0.1791,-0.6716,-1.9328,2.1418,-0.6119,-1.9104,0.1866,1.1045,1.6642,2.5149,-1.9104,1.7836,2.8284,0.709,-0.1866,-1.7015,3.0373,1.5299,0.5224,2.3507,2.791,1.1642,2.6716,4,1.5224,1.4776,2.9179,1.7388,2.6194,2.1866,0.8209,1.1716,1.1343,4.6119,1.6791,2.0746,2.9701,1.8433,2.1642,2.6866,4.0224,3.1269,5.0448,4.8582,3.597,3.3209,4.2761,3.7313,1.9478,3.0299,2.6716,2.4328,1.9776,6.0149,2.3806,1.8955,5.3134,2.9851,1.4701,4.8657,4.291,3.7537,4.6716,8.6194,2.6119,1.709,6.5075,5.5821,4.6045,5.9403,0.6866,4.291,7.0299,8.7687,2.7612,0.9627,9.7015,5.8955,2.8582,1.5075,1.1866,0.5075,0.3657,3.0224,0.7761,0,2.2015,1.8731,1.6642,2.4328,-0.194,1.7836,3.097,2.6269,1.1567,0.1269,3.9627,2.3209,0.5746,0.8134,-0.1716,-1.7687,-3.0448,3.291,-0.5075,-2.6119,-0.4403,1.291,2.5896,2.8731,-1.9776,2.3358,3.7836,0.7687,0.7015,0.2761,4.1045,3,1.5224,4.3507,5.7463,4.2537,6.2164,7.5075,4.1045,3.4701,6.4478,5.6642,3.9701,5.4328,2.6343,3.7463,5.5896,9.1716,3.209,1.8284,8.806,5.4104,2.2239,2.4552,3.9776,2.7015,3.3209,4.6194,2.8284,2.3806,4.0448,4.0522,2.1567,3.4254,1.5896,2.6716,2.8731,5.6045,2.6716,1.3657,6.5672,3.9254,1.3358,1.7313,2.4478,0.7836,0.9627,3.2537,2.1343,0.7836,1.8806,2.1269,1.4552,1.5672,0.6418,1.0896,0.8284,2.8284,1.4701,1.6119,2.2612,1.403,1.2313
negative53.txt_gi|20139582|sp|Q96R05.1,2.6391,2.3158,1.7143,1.9173,4.6391,1.5338,0.6992,3.3835,2.6541,2.4211,3.7068,0.6617,2.4962,3.6692,4.3534,1.3459,0.8346,4.7368,2.9699,1.5564,2.7368,2.9549,1.8045,1.3383,4.7519,2.0526,0.6692,2.4436,3.9173,2.5865,3.7368,0.0677,3.2782,3.8947,4.6842,1.391,-0.0602,6.5188,3.782,1.406,1.3383,0.7594,0.8571,1.0301,2.9624,0.1955,-0.5789,3.1429,2.5188,1.7594,2.8647,-0.8195,2.6692,5.0075,2.7068,0.8195,-0.5263,5.2256,3.9023,0.1729,2.4211,1.391,2.2331,3.1504,3.0301,0.9774,0.7068,5.0827,2.7444,1.609,2.6917,-0.2406,2.7068,3.8872,3.6992,0.812,-1.2105,4.4887,2.7068,-0.3233,4.4361,5.2782,3.7293,4.5564,7.3459,3.6541,3.2105,6.1805,5.5639,4.0451,4.9248,2.3759,4.0602,4.8045,8.3308,3.2782,2.4586,8.3985,4.7068,2.7368,1.6992,1.5263,1.1579,0.8045,3.5263,0.9474,0.6992,1.4662,2.8797,2.2556,3.1429,0.0977,2.188,3.203,2.8571,0.8797,0.0977,4.1654,2.6316,1.3835,1.6316,0.4812,0.7744,0.1504,2.8421,-0.1353,-0.6391,1.7594,2.1729,1.4286,2.4887,-1.4135,2.2857,3.5639,1.5113,0.3534,-0.9248,2.5564,2.4662,-0.4286,3,3.4436,3.7068,4.2331,5.6917,2.3459,1.8647,6.015,4.0451,2.5865,3.9699,1.3609,3.0677,4.4662,6.6316,1.8346,0.0752,6.4962,3.985,1.3158,2.6466,2.609,2.5038,1.8045,5.4211,2.3008,1.188,3.1805,4.4586,3.5639,4.812,0.0376,3.9699,5.391,5.0752,1.9098,0.5113,7.4135,4.7895,1.8797,2.391,3.1579,1.4887,1.8346,4.5789,2.6241,1.3835,3.2632,2.6015,2.3835,2.4511,1.3308,1.5564,1.9098,4.2932,2.1805,2.2857,4,2.406,2.0902,3.3759,3.797,2.188,3.4135,4.9549,2.4286,2.1128,4.6165,3.1504,2.5714,2.797,1.6617,2.0902,2,5.7143,2.4211,1.8647,4.594,2.8797,2.2481,0.782,-0.0376,-0.4812,-1.7444,2.1128,-0.5564,-1.8722,0.2105,1.1654,1.218,2.2406,-2.0827,1.797,2.9098,0.9398,0.0902,-1.7744,2.6015,1.4135,0.1805,2.5639,2.8872,1.3308,3.0526,4.3759,1.6241,1.7444,2.9549,2.2256,2.6165,2.3083,1.015,1.3158,1.3459,5.015,1.9098,1.9098,3.1128,2.1504,2.2481,2.8195,4.2782,3,4.9699,4.6917,3.4211,3.6767,4.1203,4.1053,2.1053,3.0075,2.7744,2.4737,1.782,5.9323,2.594,1.9398,4.8947,3.0977,1.5038,5,4.4436,3.6617,4.5414,8.8045,2.8496,2.1504,6.203,5.9699,4.7444,6.2632,0.8195,4.9398,7.4211,8.7895,2.782,0.609,9.7368,5.8797,2.7368,1.4887,1.3083,0.7143,0.6165,3.2256,0.9925,0.2932,2.3308,2.0451,1.6316,2.3759,0,1.8947,3.1203,2.7143,1.2857,0.0977,4.1955,2.3383,0.391,0.4286,-0.1203,-1.609,-3.0827,3.6316,-0.3459,-2.609,-0.5263,1.2105,2.797,2.8421,-2.0376,2.5489,4.1579,0.6391,0.609,0.2481,4.4586,3.3383,1.4511,4.5414,5.985,4.0602,6.2857,7.5639,4.0677,3.8872,6.188,5.797,3.9699,5.3008,2.7293,3.9173,5.3308,9.015,3.1579,1.2406,8.8797,5.3985,2.1278,2.391,4.2331,2.6241,3.2481,4.7068,2.782,2.5263,3.9173,4.188,2.218,3.1429,1.6391,2.7068,2.7143,5.6241,2.5789,1.4812,6.5038,3.9549,1.0677,1.7444,2.3609,0.609,0.7068,3.4511,1.8346,0.6241,1.6842,1.9624,1.3233,1.7218,0.5564,1.391,1.1579,2.6316,1.4586,1.5865,2.797,1.8045,1.1429
negative53.txt_gi|47115571|sp|O01812.1,2.6791,2.3358,1.5299,2.0821,4.5149,1.2164,0.7239,3.8134,2.4851,2.1269,3.4552,0.3955,2.1642,3.291,4.2612,1.3582,0.6866,4.7537,2.709,1.6045,2.4925,2.8582,1.8433,1.3209,4.8358,2.1716,0.8582,2.5746,3.6791,2.3881,3.7388,-0.1418,2.903,3.6493,4.4328,1.3209,-0.209,6.1567,3.6418,0.8806,1.2463,0.4627,0.903,1.0597,3.1269,0.3507,-0.709,3.3433,2.694,1.6194,2.9478,-1.1642,2.6343,4.7836,2.4254,0.8507,-0.4552,4.4701,3.3358,0.4851,2.2537,1.2164,2.2836,3.0224,3.1269,0.9701,0.4254,5.1866,2.5672,1.3806,2.6119,-0.3731,2.7164,3.9328,3.9254,0.9701,-1.0149,3.7239,2.6567,-0.0821,4.5373,5.2761,3.5896,4.2015,7.3433,3.4701,2.8134,6.2612,5.4104,4.0597,4.6866,2.4179,3.4179,4.1418,8.4403,3.3209,2.7164,7.709,4.5299,3.0597,2.0224,1.6343,0.9776,1.0299,3.5821,0.791,0.7687,1.6045,2.5448,2.4627,3.2313,-0.1791,2.3134,3.0746,3.1866,0.6642,-0.1493,4.0224,2.3881,1.194,1.5,0.2761,0.6418,0.2761,2.8209,-0.2239,-0.291,1.6567,1.6716,1.3582,2.1567,-1.3284,2.0299,3.209,1.7239,0.1642,-0.9851,2.1269,2.1045,-0.3881,3.1045,3.306,3.5075,4.2239,5.6567,1.9403,1.3881,6.5075,3.8657,2.5448,3.9627,1.0672,2.8134,4.8134,6.5672,1.7463,0.097,6.6045,3.9851,1.8657,2.5,2.1045,2.3657,1.5746,5.3284,1.7463,0.4552,3.3209,4.1493,3.4478,4.5672,0.0299,3.5821,5.2537,4.9478,1.8657,0.3881,6.9701,4.291,1.9552,2.4328,2.8806,1.3657,1.2836,4.4925,2.3955,0.8582,3.0896,2.2313,2.5597,2.1791,1.3955,1.3433,1.3881,4.4701,2.2313,2.5,3.8358,2.1493,2.6418,3.5149,3.4627,1.8433,3.2015,5.0821,2.1567,1.791,4.7687,2.9925,2.9179,3.0224,1.3582,1.7239,1.9701,6.0373,2.5224,2.0896,4.7313,2.9104,2.597,0.709,0.1642,-0.4851,-1.4403,2.0522,-0.194,-1.2537,-0.2687,1.0522,1.3657,2.597,-2.1866,1.8881,2.3358,0.5672,-0.1194,-1.8134,2.2687,1.1269,0.1119,2.5224,2.4701,0.8881,2.6716,4.0149,1.4627,1.4104,2.5597,2.1119,2.6716,2.306,0.6119,0.9328,1.194,4.4254,1.8358,2.2463,3.0075,1.9254,2.597,2.7761,3.8806,2.5746,4.2537,4.5522,3.1716,3.2388,3.5224,3.4104,2.0821,2.7164,2.5821,2.2985,1.7836,5.8582,2.306,1.7985,5.7612,3.0448,1.8731,4.7985,4.3134,3.2313,4.4851,8.7164,2.7463,1.6119,6.6418,5.4627,4.4254,6.0522,0.3731,4.403,6.709,8.7388,2.903,0.9776,9.4552,5.5746,2.9851,1.6194,1.194,0.5597,0.5522,3.4701,0.8358,0.0149,2.6194,2.1642,1.6269,2.3731,-0.2463,1.7164,2.6642,2.597,1.1567,0.3358,3.7015,2.1045,0.5746,0.9328,-0.0373,-1.3507,-2.9925,3.7239,-0.597,-2.5746,-0.1418,1.0896,2.8657,3.0672,-1.8955,2.4776,3.4179,0.6866,0.6716,0.2612,3.9552,2.7015,1.7015,4.4104,5.3657,3.4403,5.7239,7.2836,3.7687,3.3731,6.097,5.9701,4.194,5.4328,2.2687,4.1493,5.4925,8.4627,3.1866,1.7761,8.9851,5.9179,3.0149,2.2836,4.0821,2.194,3.0299,4.3806,2.8955,2.306,3.4328,3.791,2.0672,3.0075,1.6791,2.0448,2.4179,5.3731,2.597,1.5299,6.4701,3.5,1.4701,2.1343,2.3507,0.7836,0.597,3.903,1.8209,0.6119,2.0821,1.9328,1.4701,1.4104,0.5075,1,0.6791,2.8731,1.9104,1.9851,2.2687,1.3507,1.6418
negative53.txt_gi|47115572|sp|O01814.1,2.563,2.2963,1.4667,1.9852,4.5259,1.1778,0.7407,3.5926,2.4074,2.1111,3.3407,0.5259,2.1037,3.1704,4.4148,1.2741,0.6963,4.5852,2.5778,1.6889,2.3259,2.763,1.8296,1.1778,4.9037,2.2222,0.7778,2.5926,3.5556,2.4,3.7481,-0.0222,2.9037,3.637,4.5926,1.1259,-0.2222,6.3556,3.5037,0.9778,1.3407,0.363,0.8593,0.8815,3.1926,0.0889,-0.8519,3.237,2.5852,1.8593,2.9556,-1.237,2.6593,4.6593,2.7111,0.6,-0.3926,4.9333,3.4444,0.6222,2.437,1.1407,2.2889,2.9037,3.163,0.8444,0.4593,5.1481,2.3778,1.5778,2.6,-0.4074,2.7481,3.6,4.1259,0.637,-1.0444,4.037,2.6963,0.0222,4.363,5.3111,3.4222,4.1704,7.5259,3.5037,2.8296,5.9778,5.3407,4.1556,4.7481,2.6,3.4963,4.4,8.4593,3.3333,2.8815,7.7556,4.5259,3.3852,1.9111,1.6889,1.0222,0.9407,3.4296,0.9111,0.7037,1.7037,2.6296,2.3111,3.2296,0.0222,2.2889,3,3.0963,0.6148,-0.2074,4.1185,2.4074,1.0741,1.4741,0.2815,0.6889,0.1333,2.8741,-0.2296,-0.3333,1.7778,1.5111,1.3926,2.1333,-1.4593,1.9259,3.0815,1.8296,-0.0444,-1.1111,2.1852,2.2296,-0.4296,2.9481,3.3407,3.6296,4.2074,5.6222,2.1259,1.2667,6.3333,3.8667,2.4667,3.8444,1.1926,2.6667,4.4741,6.7704,1.637,0.2667,6.4741,3.8222,1.8963,2.3926,2.2889,2.237,1.4296,5.2741,1.9556,0.563,3.1185,4.2444,3.4593,4.5111,0.2963,3.5037,5.1704,4.9704,1.5037,0.2741,7.2074,4.3926,2.0148,2.4222,3.0148,1.3259,1.4222,4.6296,2.3407,0.8889,3.1333,2.3111,2.5481,2.2074,1.4815,1.3333,1.5407,4.3407,2.3407,2.637,3.8741,2.2963,2.6889,3.5111,3.5185,1.9556,3.3852,5.0519,2.1778,1.9037,4.9333,2.9704,2.763,2.9111,1.5704,1.5111,2.0667,5.837,2.6444,2.1926,4.5556,2.9333,2.5481,0.6741,0.1037,-0.4815,-1.6222,2.1481,-0.1259,-1.363,-0.1111,0.9556,1.3778,2.7185,-2.2222,1.9111,2.5852,0.8593,-0.3481,-1.9407,2.8815,1.3259,0.1259,2.5704,2.6222,1.0593,2.9704,3.7037,1.4667,1.6889,2.6,2.1259,2.4296,2.2222,0.8815,0.8963,1.1926,4.0963,2.0741,2.3259,2.637,1.9111,2.3333,2.8074,4.0222,2.5556,4.4667,4.5037,3.1926,3.2,3.6741,3.3704,2.0667,2.5778,2.8963,1.9778,1.5037,5.8222,2.5037,2.1111,4.763,2.8,1.8889,4.6815,4.1407,3.2,4.5778,8.8593,2.7333,1.8444,6.4148,5.3481,4.5778,6.1333,0.5185,4.3704,6.5852,8.7704,2.8815,1.0222,9.4296,5.5185,3.1556,1.5852,0.8741,0.2667,0.2667,3.5185,0.6519,-0.2444,2.2741,1.7704,1.6741,2.4148,-0.5407,1.9259,2.7407,2.8667,1.0889,0.2444,3.6148,2.0519,0.763,0.9556,-0.0296,-1.5333,-3.1556,4.0519,-0.5556,-2.6222,-0.2444,1.1111,3.0963,3.3704,-2.0444,2.7926,3.6444,1.0222,0.5111,0.1926,4.2519,2.7407,1.9259,4.2222,5.7333,3.6741,5.9037,7.2667,4.0889,3.5778,5.8963,6.2444,3.963,5.3556,2.9185,3.5926,5.3407,8.6,3.1778,2.2222,8.4593,5.5556,2.8444,2.2296,4.1333,2.1259,3.037,4.3926,2.8519,2.2074,3.4593,3.8148,2.0667,2.9852,1.7926,1.9778,2.3926,5.4667,2.5259,1.8,6.1852,3.6,1.5481,2.1259,2.3407,0.7037,0.7185,4,1.7333,0.6,2.0889,2,1.5111,1.4667,0.6074,1.0741,0.9407,2.7556,1.9407,2.1259,2.4889,1.5704,1.7704
negative53.txt_gi|47115698|sp|Q7M4G0.3,2.687,2.4504,1.9389,2.1069,4.7939,1.4809,0.6794,3.7252,2.7939,2.4809,3.3893,0.5725,2.3511,3.5038,4.7405,1.3893,0.9008,4.6336,2.855,1.7176,2.9237,3.2214,1.9008,1.145,5.0534,2.1069,0.5115,3.0229,4.229,2.6641,3.9924,0,3.2748,4.4885,5.1832,1.6107,0.2061,7.1832,4.1756,1.4046,1.3435,0.9466,0.626,0.7786,3.3282,0.2824,-0.8855,3.145,2.9389,2.2519,3.3435,-1.1832,2.9466,5.5496,3.0534,0.5191,-0.2366,6.0611,4.1756,0.8855,2.0611,1.5954,1.9847,2.5725,3.229,0.8702,0.3359,5.0305,2.8626,1.8702,2.7939,-0.4733,2.7863,4.5649,4,0.6641,-0.9847,5.0076,3.3359,0.1527,4.3969,5.6107,4.0916,4.3282,7.8321,3.7557,2.771,5.7634,6.1756,4.313,4.8092,2.2137,4.0382,4.8473,8.6565,3.1832,2.9618,8.1374,4.8168,3.1374,1.6031,1.8244,1.3969,1,3.4733,0.9237,0.7405,1.6718,3.0992,2.1374,3.0153,0.0611,1.9313,3.1603,2.8855,0.771,0.0076,4.1908,2.6107,1.2824,1.0611,0.7099,0.6107,0.0229,2.6718,0.0382,-0.4275,1.5191,2.1527,1.3359,2.0611,-1.3511,1.9084,3.4198,1.5649,0.1756,-0.8626,2.2137,2.3588,-0.3053,2.7939,3.6641,4.0687,4.2977,5.6031,2.2214,1.5496,5.7405,3.9008,2.7252,3.8931,1.2977,2.7557,4.3893,6.9542,1.7786,0.4046,6.7634,4.0611,1.7328,2.4809,2.9008,2.5115,1.8168,5.4504,2.4427,1.1374,3.2519,4.687,3.5954,4.855,0.3053,3.6641,5.6107,5.5115,1.7863,0.5115,7.5802,4.9237,2.084,2.5802,3.5267,1.6947,1.9924,4.7328,2.5878,1.4351,3.0076,2.8397,2.7481,2.4885,1.9618,1.7176,1.6489,4.4046,2.0382,2.4656,3.5344,2.2901,2.374,3.6412,3.9084,2.3588,3.5191,5.1603,2.4504,2.3511,4.4809,3.1298,2.8473,2.855,1.8779,2.2137,1.8855,5.9084,2.1832,1.6794,4.3359,2.7786,2.4275,0.8244,0.1298,-0.313,-1.7023,2.1298,-0.4885,-1.8702,0.6718,1.2366,1.3359,2.4122,-1.8015,1.7099,2.6947,0.9542,0.0763,-1.6947,2.8015,1.1756,0.3435,2.9084,3.1756,1.4351,3.0763,4.5267,1.6718,2.1679,2.8321,2.3359,2.3664,2.0687,1.4504,1.1069,1.1221,4.8015,1.687,1.9924,2.9084,1.9084,2.0305,3.1145,4.3893,3.313,5.2519,4.8626,3.542,3.7786,3.7023,3.9008,2.3435,2.9924,3.1756,2.626,1.542,6.5344,2.2824,1.8626,4.7863,3.1298,1.7481,4.6031,4.6718,3.8168,4.458,9.0916,2.8397,1.4809,6.3359,6.4427,5.229,6.2977,0.6412,4.8702,7.6947,8.855,2.5191,0.9237,10.1374,6.2595,3.2366,1.3435,0.9542,0.2519,0.313,3.0534,0.9924,0.0534,2.0534,1.8626,1.8321,2.2977,-0.3511,1.771,3.3435,2.5725,1,0.3282,4.0458,2.3893,0.9084,0.5802,-0.0611,-1.8855,-3.3206,3.8855,-0.2214,-2.8244,-0.5878,1.2137,3.2443,3.3664,-2.1298,2.8244,4.3817,0.8397,0.5725,0.2901,4.542,2.9618,2,4.4809,6.2977,4.1756,6.2977,7.6107,4.0763,3.8321,6.0076,6.0611,4.4275,5.2824,3.2977,3.9389,5.2366,9.4962,3.0611,1.8397,8.626,5.6183,2.7252,2.4046,4.6107,2.5038,3.2366,4.5344,2.9084,2.6489,3.542,4.229,2.3817,3.2137,1.9466,2.7099,2.7252,5.771,2.2061,1.6031,6.374,4.0763,1.5573,1.9389,2.4885,0.8321,1.0305,3.7176,1.9542,0.6565,1.9466,2.0687,1.7328,1.7557,0.9466,1.4198,0.9466,2.7481,1.4733,1.7634,2.2824,1.5344,1.3817
negative53.txt_gi|47115839|sp|Q8MUC1.1,2.9848,2.3939,1.7424,1.9015,5.1061,1.3561,0.3409,3.7803,2.553,2.6136,3.8939,0.4924,2.697,3.7348,4.9394,1.2879,0.6515,4.6515,3.2121,1.6136,2.7045,3.5152,1.9697,1.3485,5.1136,2.4848,1.1212,2.6591,4.5682,2.75,4.0379,0.3712,3.3182,4.25,5.3485,1.4242,0.2121,7.0076,3.8712,1.0758,1.5076,1.0833,1.0985,1.0985,3.4091,0.2273,-0.5833,3.3409,2.7197,2.2045,3.3409,-0.7197,2.7803,5.1288,3.25,0.7348,-0.4697,5.5606,3.8864,0.6212,2.5076,1.697,2.6439,3.2045,3.3939,0.947,0.5758,5.2045,2.8333,1.8485,3.0303,-0.3333,2.7121,4.0758,4.5455,0.8258,-1.2197,4.8712,2.803,0.0833,4.7197,5.5909,3.8636,4.0379,8.2348,3.7879,2.4167,6.0606,5.8106,4.5227,5.1591,2.0833,4.3485,5.2273,8.8939,3.1591,2.5682,8.3561,4.9697,3.0076,1.8182,1.9167,1.2652,0.9242,3.5455,0.9621,0.7803,1.6667,3.0303,2.5455,3.197,0.0303,2.2197,3.3182,3.2273,0.7879,0.1439,4.2576,2.4242,1.2348,1.4697,0.6818,0.6591,0.1212,3.0606,0.0833,-0.3712,1.4545,2.0985,1.8106,2.4242,-1.2879,2.0379,3.2955,1.7879,0.3258,-0.6364,2.4773,2.1818,-0.0606,3.2424,3.6288,3.5152,4.1288,6.3409,2.3409,1.2652,5.9621,4.0227,2.7879,4.3409,0.9697,3.2121,4.7045,7.4697,1.7121,0.0985,7.1818,4.2955,1.8106,2.6742,3.0076,2.7273,1.8788,5.2348,2.5606,1.2348,3.1364,4.7121,3.7121,4.7424,0.5909,3.6742,5.447,5.5455,1.9697,0.6591,7.1364,4.5152,1.8409,2.6212,3.4621,1.7121,1.8182,4.8258,2.5227,1.0379,3.4091,2.2955,2.6288,2.3864,1.4924,1.803,1.6742,4.4924,2.1591,2.2121,3.4318,2.6591,2.1591,3.8106,3.8258,2.3788,3.5303,5.2727,2.2273,1.947,5.0152,2.8864,2.8258,2.9167,1.3485,2.2955,2.0227,6.1818,2.447,1.4242,4.4091,2.9545,2.1061,0.4545,0.1364,-0.3485,-1.8333,1.8106,-0.5909,-1.5455,-0.197,1.6364,1.5758,2.4773,-1.7348,1.5985,2.7348,0.7121,0.1591,-1.25,2.3712,1.1591,0.2273,3,3.0152,1.3788,3.3106,4.2197,1.7273,2.0227,3.197,2.197,2.3409,2.197,0.9091,1.3258,1.2348,4.8788,1.9167,1.7803,3.2803,2.2727,1.9318,3.0152,4.3636,2.9545,5.0455,4.5379,3.6591,3.2652,3.9242,3.3409,2.053,2.6818,2.6364,2.6818,1.8561,6.1894,2.3182,1.4924,5.1591,2.8864,1.5,5.2727,4.9091,3.7727,4.4621,9.5682,2.7879,1.4015,6.6288,6.3561,5.5455,6.7424,0.5909,5.0606,7.8106,9.4773,2.9545,0.947,10.2197,6.6818,3.1288,1.6288,1.2045,0.4924,0.2879,3.2652,0.7424,-0.1742,2.25,1.8561,1.9318,2.4318,0.053,1.697,2.9091,2.8182,1.0833,0.3561,3.5682,2.1742,0.9015,0.4015,-0.2727,-1.6667,-3.2121,3.3485,-0.4848,-2.8712,-0.8106,1.0303,2.947,2.9545,-1.75,2.447,3.7121,0.4621,0.5455,0.3333,3.9773,2.9242,1.6894,4.6061,5.7424,3.6212,5.7121,7.7727,3.7879,3.1515,5.9242,5.2652,4.5682,5.4242,2.25,4.5303,5.9318,9.5,3.1742,1.3561,9.0379,5.9015,2.9697,2.197,4.2197,2.3788,2.7424,4.7424,2.7348,2.0379,3.3485,3.9773,2.4848,3.2652,1.4394,2.6742,3.2273,5.5909,2.3333,1.5,6.7045,4.0833,1.4167,1.9242,2.1439,0.8182,0.5985,3.5379,1.6742,0.2273,1.947,1.6894,1.4015,1.3182,0.7045,1.2121,0.6439,2.5682,1.5909,1.5227,1.7424,1.5606,0.9924
negative53.txt_gi|47116941|sp|Q9U1G6.1,2.9389,2.4962,1.9924,2.2672,5.1756,1.7023,0.7176,3.916,2.7557,2.4275,3.5802,0.7405,2.5496,3.6031,4.9313,1.6107,0.9237,4.7328,2.9466,1.5496,2.7939,3.2366,1.6107,1.0153,5.1298,1.9695,0.542,2.4122,4.0763,2.9237,4.3969,0.0229,3.5344,4.4809,5,1.3893,0.1298,7.1145,4.2748,1.687,1.2901,0.8779,0.9084,0.7023,3.5573,0.2672,-0.7786,3.084,2.8473,2.1145,3.4122,-0.7863,2.9008,5.3969,3.1527,0.8473,-0.313,5.9237,4.0611,0.6947,2.2519,1.7023,2.084,2.8397,3.7176,0.9847,0.5649,5.0382,3.0382,1.916,3.0153,-0.2672,2.8244,4.3282,4,0.9466,-0.9771,5.084,3.3435,0.0687,4.6718,5.6107,3.9466,4.4351,8.3969,4.1985,2.8855,6.2137,6.1832,4.2595,4.8321,2.4656,4.1069,5.5038,8.8626,3.4046,2.9389,8.4962,4.7481,2.7939,1.6107,1.8626,1.2519,1.0229,3.5115,1.1145,0.8473,1.5267,3.0763,2.2748,3.0916,0.1221,2.0534,3.4656,3.0458,0.7099,0.1985,4.229,2.7176,1.2595,1.2748,0.8092,0.5878,0.1221,3.1145,0.1679,-0.2443,1.6031,2.2977,1.3435,2.2519,-1.3588,1.9466,3.5725,1.5725,0.2977,-0.5573,2.5649,2.6641,-0.2443,3.0076,3.5649,4.1527,4.5573,6.0534,2.6641,1.7328,6.1221,4.1603,2.3282,3.7099,1.4427,2.6947,4.2977,7.1145,1.7405,0.1145,6.9008,3.7786,1.3282,2.6565,3,2.6947,1.855,5.6489,2.7252,1.3435,3.3817,4.9237,3.4427,4.5954,0.6565,3.5344,5.6107,5.6031,1.9389,0.6947,7.2901,4.7939,1.8168,2.6489,3.4656,1.8855,2.1145,4.6718,2.6107,1.5649,3.542,2.6718,2.4275,2.313,1.8015,1.5573,1.5573,4.5802,2.3893,2.313,3.5496,2.1221,1.9542,3.8855,3.8702,2.4809,3.7252,5.3969,2.4733,2.3511,5.084,3.3282,2.7557,2.916,1.7099,2.1756,2.0153,6.1832,2.5954,1.542,4.5878,2.8168,1.9847,0.6794,0.1069,-0.687,-1.916,2.1527,-0.6794,-2.1145,0.0076,1.2214,1.6107,2.6489,-1.9618,1.7939,2.7557,0.8092,-0.0687,-1.3282,2.6641,1.542,0.7328,3.0763,3.0687,1.4351,3.1985,4.3206,1.8092,2.2214,3.1527,2.3053,2.2366,2.1679,1.1832,1.1985,1.1832,4.9618,2.0076,1.8244,2.8855,1.8321,1.7786,3.2519,4.4809,3.0153,5.2519,4.7481,3.8779,3.9008,4.2137,3.9237,2.3206,2.8473,2.9695,2.5725,2.0687,6.3893,2.3893,1.6565,5.0458,2.8244,1.4351,4.8397,4.9313,3.9084,4.7634,9.3359,3.1145,1.7786,6.542,6.5496,4.8321,6.2061,0.9542,4.6794,7.6183,9.084,2.8931,1.0916,10.1145,6.5649,2.7481,1.542,1.1985,0.5725,0.4733,3.3893,0.9924,0.0153,2.3359,2.0534,1.6489,2.2443,0.0305,1.6641,3.1832,2.8779,1.2366,0.2977,4.1069,2.458,0.5878,0.5344,-0.0534,-1.7786,-3.229,3.8702,-0.229,-2.5725,-0.7481,1.2366,2.8244,3.0916,-1.7557,2.5496,4.2366,0.8473,0.6107,0.3969,4.3969,2.9542,1.8015,4.7939,6.3664,3.8397,6.6031,7.8397,4.3969,4.084,6.2519,5.9771,4.3053,5.2519,3.1374,3.7863,5.4122,9.4198,3.3359,1.7405,8.8168,5.4351,2.3969,2.3893,4.313,2.1985,3.1527,4.5267,2.7786,2.5878,3.4427,3.8702,2.4809,3.3206,1.7863,2.5115,3.2519,5.6031,2.3664,1.374,6.5267,3.8931,1.2519,1.8931,2.2672,0.8168,0.9695,3.6336,1.8321,0.7786,2.0458,1.9695,1.5725,1.4885,0.7863,1.2061,1.0763,2.7634,1.6107,1.7099,2.4198,1.5267,1.1145
negative53.txt_gi|81905989|sp|Q9DAK4.1,2.771,2.458,1.8702,1.9771,4.8702,1.4809,0.7328,3.7634,2.8015,2.5115,3.626,0.6794,2.229,3.6947,4.8702,1.3511,0.855,4.8931,3.1145,1.6489,2.8855,2.9237,1.7481,1.1985,4.8321,1.916,0.5344,2.5725,4.0076,2.8015,4.229,0.0229,3.3053,4.1985,4.7481,1.2366,0.084,7.0992,3.9695,1.5115,1.6565,0.9771,0.9771,1,3.5191,0.229,-0.7405,3.5802,2.6794,2.2977,3.5191,-1.1679,2.8626,5.2595,3.1832,1.0611,-0.542,5.916,4.2214,0.6718,2.458,1.6107,2.4885,3.2824,3.0382,1.0534,0.7176,5.5725,2.9084,1.542,2.6565,-0.4656,2.1832,4.0611,4.1832,1.0153,-1.2214,4.6565,2.9542,-0.1679,4.4809,5.6641,4,4.5191,7.5878,4,3.3588,6.2214,6.0916,3.9847,4.6412,2.4504,3.5649,5.0687,8.7176,3.2901,2.6947,8.5191,5.084,2.8321,1.6107,1.4962,1.1298,1.0305,3.5573,0.8931,0.7328,1.7252,2.9389,2.2061,3.1145,-0.1374,1.7634,3.4275,2.7863,0.7176,-0.0916,4.4351,2.687,1.1908,1.6107,0.626,0.5954,0.2443,3.0076,-0.0305,-0.4275,1.8626,2.1374,1.7252,2.4046,-1.4733,1.771,3.4504,1.7252,0.4962,-0.6947,2.7405,2.5344,-0.0534,2.9695,3.7481,4.4275,4.542,5.8015,2.313,2.0611,6.3969,4.4733,2.2672,3.7099,1.145,2.374,4.7099,7.1221,1.9008,0.2595,6.7176,4.2137,1.3206,2.6641,2.7634,2.7939,1.9542,5.855,2.3359,1.4504,3.5649,4.7252,3.626,4.8092,0.2672,3.5267,5.6489,5.3588,1.9924,0.5115,7.6947,5,2.0534,2.3359,3.3435,1.7634,1.8321,4.6412,2.6412,1.4733,3.1832,2.7099,2.5802,2.458,1.5496,1.5649,1.7328,4.5802,2.2748,2.3969,3.9618,2.4885,2.2824,3.5725,3.9008,2.5725,3.542,5.3435,2.4733,2.3359,4.8321,3.458,2.8244,2.9618,1.6336,2.313,2.2061,6.313,2.4351,1.916,5.0229,3.145,2.4809,0.6641,-0.3359,-0.7099,-1.8244,1.9618,-0.7786,-1.9618,0.0153,1.0611,1.7176,2.6947,-2.1069,1.7023,2.8244,0.5191,-0.2137,-1.5649,2.8626,1.2366,0.5115,2.6412,2.8931,1.2977,3.1221,4.0763,1.626,1.9924,2.7176,2.2901,2.2366,2.0916,0.9466,1.4809,0.9695,4.9389,1.6794,2.0687,3.0076,1.916,2.1069,3.0076,4.2901,3.0611,5.1374,4.9008,3.9084,3.8092,4.374,4.2214,2.2137,2.9924,2.9313,2.4809,2.0611,6.3664,2.4504,1.7252,5.5802,3.1298,1.8244,5.0153,4.7634,4.0763,5.1374,8.9389,3.0382,2.2672,6.8702,6.2824,4.6031,6.1374,0.7023,4.2137,7.313,9.2672,2.9389,0.7099,10.2672,6.2061,2.626,1.5267,1.3359,0.5802,0.6336,3.3817,0.855,0.229,2.4198,2.0763,1.6565,2.3206,-0.0534,1.5344,3.0229,2.8321,1.229,0.2595,3.9389,2.3969,0.5954,0.6794,-0.1221,-1.8168,-3.2061,3.7252,-0.5115,-2.5267,-0.6718,1.1679,3.0534,3.0305,-1.8855,2.3817,4.0382,0.7863,0.6947,0.3206,4.4351,3.1221,1.7023,4.6489,6.3206,4.5725,6.6565,7.9008,4.3664,4.1298,6.6641,6.4046,3.8473,5.5191,2.9237,3.7176,6.0611,9.7481,3.3359,1.7405,9.4809,6.0229,2.4046,2.4656,4.5344,2.7481,3.3969,4.626,3.0229,2.9084,4.0153,4.2977,2.1756,3.2901,1.8397,2.3893,2.8092,5.8092,2.7023,1.6718,6.8168,4.145,1.4351,1.9237,2.4046,0.8931,0.8855,3.542,1.9389,0.7557,2.0153,2.0916,1.5115,1.5954,0.7557,1.2443,1.1679,2.9771,1.6336,1.7863,2.5344,1.6565,1.2137
negative53.txt_gi|82247565|sp|Q9I8L5.1,3,2.68,2.056,2.344,5.256,1.568,0.952,4.104,2.896,2.48,3.816,0.736,2.344,3.856,5.072,1.512,0.728,5.216,3.288,1.592,2.808,3.328,1.696,1.224,5.664,2.448,0.864,2.952,4.44,3.224,4.568,0.24,3.76,4.816,5.592,1.36,0.16,7.456,4.432,1.736,1.368,1.224,0.896,0.792,3.496,0.48,-0.544,3.416,3.12,2.24,3.456,-1.112,3.096,5.608,3.28,0.808,-0.296,5.56,4.48,0.936,2.512,1.928,2.264,3.168,3.784,1.528,1.152,5.56,3.4,2.248,3.216,-0.496,3.088,4.456,4.584,1.12,-0.816,5.328,3.568,0.6,5.056,6.328,4.496,5.304,8.68,4.392,3.256,7,6.376,4.352,5.352,2.688,4.048,5.416,9.496,3.704,2.832,9.128,5.496,2.896,1.92,1.76,1.192,1.24,4.04,1.488,0.984,2.336,3.184,2.504,3.52,-0.064,2.248,3.728,3.648,0.928,-0.032,4.736,2.816,1.2,1.496,0.624,0.664,0.544,3.32,0.216,0.016,2.04,2.304,1.768,2.576,-1.368,2.288,3.984,2.128,0.544,-0.776,3.096,2.688,-0.048,3.304,3.984,4.024,4.696,6.152,2.896,2,6.256,4.496,2.696,4.096,1.472,3,5.008,7.448,1.92,0.696,6.76,4.608,2.056,3.008,3.264,3.328,2.608,6.072,2.536,1.176,3.656,5.128,3.568,5.128,0.32,3.856,5.712,6.04,2.264,0.368,7.88,5.072,2.016,3.024,3.568,2.224,2.392,5.16,2.536,1.688,3.56,3.136,2.6,2.512,1.696,1.496,1.84,4.912,2.664,2.6,4.344,2.368,2.2,4.2,4.256,2.808,4.16,5.696,2.664,2.384,5.304,3.648,2.848,3,1.616,1.984,2.384,6.616,2.744,1.848,5.248,3.28,2.12,0.64,0.144,-0.912,-1.992,2.48,-0.432,-1.84,0.128,1.36,2.128,3.072,-1.896,2.208,3.2,0.968,-0.144,-1.408,3.112,1.632,0.856,3.312,3.224,1.824,3.44,4.488,1.688,2.024,3.144,2.568,2.224,2.288,0.992,0.976,1.232,5.016,2.088,1.984,3.416,2.048,1.816,3.632,4.816,3.576,5.912,5.336,4.096,4.32,4.144,4.792,2.184,2.96,3.408,2.328,2.104,7.168,2.88,1.864,5.824,3.304,1.248,5.064,5.408,3.496,4.72,10.152,3.168,2.04,7.152,6.92,5.464,6.976,0.872,5.008,8.488,9.528,2.968,1.12,11.104,7.24,3.208,1.592,1.2,0.608,0.44,3.552,0.976,0.088,2.536,2.312,1.904,2.496,-0.096,1.808,3.408,3.088,1.256,0.088,4.304,2.424,0.744,0.832,-0.176,-1.768,-2.944,3.912,-0.408,-2.472,-0.416,1.144,3.008,3.096,-1.648,2.44,4.16,0.96,0.776,0.216,4.736,2.944,1.752,5.104,7.136,5.288,7.44,8.488,5.288,4.84,6.8,7.232,3.864,5.44,3.936,3.688,5.552,10.44,3.8,1.848,9.912,5.936,2.472,3.008,4.912,3.144,3.976,5.408,3.2,3.024,3.872,4.992,2.344,3.456,2.192,2.536,2.992,6.6,3,1.472,7.08,4.128,1.312,2.44,2.44,0.928,1.072,3.952,1.824,0.832,2.352,2.168,1.44,1.656,0.984,1.208,0.992,2.944,1.952,1.872,3.008,1.472,1.192
negative53.txt_gi|121948152|sp|Q0Z7S8.1,2.8473,2.3817,1.7557,2.145,4.9237,1.4275,0.6336,3.8779,2.7481,2.542,3.6947,0.4809,2.3206,3.7252,4.7481,1.4733,0.8779,4.9771,3.1145,1.5573,2.7252,3.1756,1.7328,1.1908,5.1603,2.1145,0.4885,2.5115,4.0611,3.0458,4.4351,0.084,3.5115,4.3435,5.0611,1.1908,0.2824,7.3206,4.2366,1.6183,1.5267,1.0229,0.8015,0.9695,3.2977,0.3511,-0.6565,3.1832,2.8015,2.0687,3.2443,-0.7328,2.7786,4.8931,3.0153,0.8626,-0.3588,5.5725,4.0992,0.6641,2.5954,1.9237,2.0992,3.2519,3.4962,1.0763,0.7634,5.458,2.8855,1.8702,3,-0.229,2.6183,4.2443,4.3664,1.0611,-1.2824,5.1145,3.3969,-0.0992,4.7099,5.6489,3.9771,4.7252,8.1374,4.0534,3,6.3511,6.0229,4.4656,5.1374,2.2748,3.9313,5.3588,8.8702,3.3893,2.8779,8.8626,5.229,2.9771,1.7252,1.8626,0.9924,0.9466,3.7939,1.1527,0.7481,1.5115,3.229,2.2901,3.3359,0.229,1.9847,3.2672,2.916,0.7328,0.0382,4.6336,2.7252,1.3282,1.5115,0.8702,0.458,0.1145,2.8244,0.1145,-0.1603,1.6794,2.0916,1.374,2.2366,-1.2366,1.8931,3.3511,1.5649,0.4351,-0.9084,2.542,2.5115,-0.3206,3.0611,3.7863,4.1756,4.6031,5.8931,2.3282,1.8473,6.3588,4.3664,2.5115,3.8626,1.2443,2.5496,4.4351,7.1069,1.9466,0.2519,6.6794,4.2443,1.374,2.4809,2.8931,2.5267,1.9313,5.771,2.3664,1.145,3.2061,4.6641,3.6107,4.9084,0.1908,3.6565,5.9389,5.1908,1.7863,0.5573,7.9618,5.0687,2.0687,2.5038,3.2061,1.6641,2.145,4.8931,2.7328,1.3664,3.458,2.8168,2.7328,2.5573,1.5344,1.6183,2.0305,4.5344,2.313,2.5038,4.1374,2.3664,2.1832,3.6794,3.8321,2.3817,3.8931,5.4504,2.4198,2.145,5,3.313,2.9008,2.9389,1.542,2.1374,2.374,6.2595,2.4962,2.0229,5.2595,3.1985,2.2824,0.6336,0.1527,-0.5802,-1.8702,2.1221,-0.4198,-2.0153,0.0763,1.2061,1.5115,2.6412,-1.8092,1.6641,2.6718,0.687,-0.2519,-1.6183,2.9847,1.458,0.6412,2.687,2.7405,1.3511,3.313,4.1985,1.5725,1.7786,2.7023,2.0992,2.4275,2.1985,0.9695,1.5496,1.2061,5.0305,1.7863,2.0458,3.1527,1.9389,2.1985,2.9771,4.5725,2.8779,5.2366,4.9771,3.8702,3.7099,4.1221,4.0076,2.0382,2.9695,2.9542,2.3435,1.8626,6.1374,2.4733,1.9313,5.3664,3.145,1.4198,5.0076,4.7023,3.6718,4.9924,9.2061,3.1756,1.9466,6.3588,6.229,4.8855,6.374,0.7023,4.4351,7.542,9.0916,2.9084,0.9008,10.3282,6.4275,3.0992,1.5573,1.1985,0.4885,0.4504,3.2977,0.9618,0.2061,2.4198,2.0534,1.5649,2.2672,-0.2214,1.5649,3.1145,2.8168,1.2443,0.313,3.9847,2.2519,0.5267,0.7786,-0.0076,-1.7939,-3.229,4.0458,-0.3664,-2.8397,-0.4885,1.3588,3.313,3.2748,-2.084,2.6641,4.313,0.6718,0.6641,0.4733,4.6718,3.229,1.8931,4.7405,6.6641,4.3053,6.771,8.1374,4.3817,3.8931,6.6718,6.2443,4.2061,5.5725,3.0229,3.8015,6.1603,9.7176,3.229,1.7939,9.7023,6.0305,2.1527,2.5191,4.6947,2.6565,3.7252,4.8779,3.0153,2.8168,3.9313,4.3359,2.3511,3.313,1.771,2.4122,3.0153,5.8855,2.4733,1.7863,6.9237,4.1145,1.2977,2.0687,2.2748,0.8397,0.916,3.6641,1.9389,0.6412,2.1374,1.9695,1.5725,1.5954,0.6718,1.1374,1.0916,2.8092,1.7176,2,2.4351,1.5496,1.1756
negative53.txt_gi|124012089|sp|P83409.2,2.808,2.64,1.976,2.248,5.08,1.52,0.912,3.824,2.728,2.52,3.76,0.688,2.384,3.648,4.936,1.432,0.888,4.8,3.28,1.72,2.808,3.344,1.672,1.336,5.472,2.304,0.832,2.784,4.504,2.992,4.352,0.096,3.568,4.496,5.456,1.4,0.216,7.184,4.312,1.848,1.44,1.072,0.76,0.68,3.68,0.24,-0.608,3.416,3.048,2.328,3.432,-0.896,2.968,5.616,3.296,1.024,-0.168,5.336,4.592,0.976,2.48,1.992,2.24,2.84,3.928,1.416,0.936,5.464,3.248,2.04,3.168,-0.496,2.856,4.448,4.488,1.272,-0.936,5.016,3.536,0.416,4.832,6.064,4.4,5.376,8.488,4.408,3.344,6.992,6.384,4.2,5.24,2.632,4.056,5.12,9.592,3.552,2.92,8.88,5.568,2.592,1.96,1.864,1.264,1.232,3.928,1.392,1.056,2.192,3.2,2.32,3.36,-0.048,2.088,3.52,3.536,0.968,-0.056,4.536,2.784,1.36,1.528,0.688,0.608,0.264,3.256,0.184,-0.096,2.152,2.264,1.576,2.488,-1.448,2.112,3.968,1.904,0.568,-0.856,2.824,2.696,-0.072,3.232,4.008,4.104,4.648,6.144,2.896,1.96,6.368,4.8,2.584,3.88,1.552,2.8,4.888,7.432,2.224,0.72,6.648,4.76,1.632,2.936,2.88,2.8,2.36,6.016,2.512,1.136,3.568,4.808,3.704,5.224,0.32,3.864,5.816,5.976,2.216,0.288,7.928,5.216,2.096,2.88,3.424,2.088,2.264,5.04,2.544,1.6,3.688,2.88,2.544,2.408,1.528,1.44,1.488,4.944,2.464,2.608,4.184,2.288,2.312,4.032,4.096,2.824,4.28,5.6,2.64,2.448,5.376,3.536,2.664,2.944,1.528,1.944,2.12,6.848,2.536,1.904,5.128,3.248,2.224,0.672,0.352,-0.84,-2.12,2.224,-0.344,-1.856,-0.088,1.288,2.024,2.976,-1.88,2.104,3.08,0.784,-0.264,-1.544,2.752,1.48,1.016,3.16,3.04,1.992,3.536,4.4,1.664,1.992,3.24,2.512,2.144,2.28,0.84,0.96,1.088,5.048,1.888,1.912,3.224,1.96,1.992,3.28,4.424,3.304,5.808,5.256,3.984,4.056,4.072,4.368,2.136,3,3.024,2.408,1.704,7.104,2.52,1.896,5.448,3.144,1.52,5.04,5.408,3.632,4.664,10.248,3.328,1.92,7.2,6.928,5.256,7.104,0.672,5.064,8.152,9.84,2.952,1.064,10.792,7.232,3.216,1.528,1.16,0.336,0.376,3.424,0.992,-0.024,2.424,2.088,2.008,2.536,-0.152,1.848,3.336,3.024,1.224,0.24,4.088,2.456,0.864,0.856,-0.264,-1.648,-2.904,3.928,-0.352,-2.576,-0.176,1.344,2.744,3.216,-1.848,2.616,4.264,1.008,0.736,-0.056,5.056,2.936,1.528,4.688,6.896,4.544,6.976,8.152,5.168,4.552,6.48,6.744,3.944,5.264,3.856,3.616,5.224,10.28,3.448,2.136,9.208,5.968,2.424,2.904,4.728,3.056,4.096,5.448,3.328,2.888,4.048,4.768,2.408,3.496,2.016,2.544,2.856,6.672,2.816,1.616,6.856,4.072,1.464,2.408,2.336,1.104,1.208,4.04,1.784,0.928,2.528,2.104,1.544,1.752,0.824,1.352,0.768,3.28,1.696,1.856,3.208,1.576,1.352
negative53.txt_gi|124012090|sp|P81653.2,2.952,2.496,1.88,2.168,5.216,1.512,0.872,4.12,2.712,2.496,3.92,0.472,2.44,4,5,1.528,0.688,5.304,3.272,1.664,2.688,3.296,1.648,1.336,5.448,2.24,0.688,2.576,4.216,3.056,4.424,0.136,3.608,4.648,5.544,1.368,0.336,7.296,4.336,1.728,1.376,1.08,0.856,1.08,3.664,0.384,-0.472,3.304,3.096,2.312,3.376,-1.224,2.944,5.584,3.264,0.88,-0.296,5.856,4.456,0.768,2.4,1.912,2.312,3.28,3.656,1.28,1.144,5.488,3,2.216,3.16,-0.488,3,4.224,4.32,0.992,-0.984,5.368,3.432,0.304,5.192,5.968,4.36,4.904,8.56,4.192,3.312,7.208,6.28,4.4,5.296,2.632,4.064,5.328,9.808,3.728,2.952,9.144,5.424,2.992,1.824,1.688,1.296,1.352,3.768,1.368,1.088,1.888,3.152,2.6,3.344,0.08,2.08,3.392,3.744,0.776,-0.088,4.72,2.584,1.328,1.52,0.784,0.552,0.408,3.384,0.224,-0.136,1.872,2.096,1.848,2.68,-1.4,2.312,3.896,1.944,0.376,-0.848,3.128,2.584,-0.048,3.392,4.144,4.072,4.544,6.392,2.696,2.016,6.592,4.504,2.848,4.184,1.24,3.04,4.96,7.352,2.104,0.616,7.176,4.696,1.944,2.808,2.952,2.664,2.168,5.752,2.456,1.2,3.392,4.856,3.656,4.968,0.24,3.688,5.776,5.984,2.16,0.328,8.024,4.952,2.08,2.896,3.44,2.208,2.256,5.088,2.736,1.664,4.032,3.136,2.352,2.44,1.632,1.424,1.712,5.176,2.72,2.552,3.944,2.28,2.064,4.232,4.04,3.008,4.176,5.608,2.592,2.592,5.6,3.52,2.728,2.936,1.584,1.904,2.176,6.936,2.848,1.96,5.144,3.232,2.16,0.448,0.232,-0.864,-1.896,2.224,-0.344,-1.848,-0.344,1.144,2.072,3,-1.888,2.184,3.08,0.8,-0.32,-1.528,3.12,1.576,0.896,3.296,3.064,2.016,3.472,4.352,1.728,2.144,3.416,2.4,2.104,2.224,0.976,0.872,1.104,5.216,2.144,2.016,3.128,1.928,1.816,3.496,4.472,3.536,5.808,5.136,3.872,4.288,4.552,4.264,2.136,2.944,3.272,2.256,1.96,7.28,2.816,1.896,5.448,3.088,1.4,5.048,5.392,3.376,4.632,10.24,3.248,1.984,7.176,6.624,5.544,7.224,0.712,5.184,8.616,9.84,2.936,1.08,11.488,7.28,3.208,1.512,1.184,0.448,0.464,3.608,0.936,0,2.608,2.168,1.896,2.544,-0.296,1.84,3.456,3,1.248,0.128,4.368,2.384,0.736,0.744,-0.288,-1.688,-2.952,4.024,-0.304,-2.648,-0.304,1.4,2.92,3.208,-1.872,2.584,4.32,1.008,0.768,0.104,4.832,2.936,1.768,5.08,6.816,4.44,6.736,8.584,4.592,4.36,6.856,6.688,4.152,5.704,3.464,3.912,6,10.584,3.776,2.016,10,6.208,2.608,2.832,4.624,2.992,3.896,5.264,3.12,2.856,4.176,4.632,2.296,3.4,1.944,2.4,3.008,6.6,3.008,1.696,6.792,3.976,1.328,2.352,2.264,1.128,1.176,3.96,2.104,0.92,2.584,2.352,1.408,1.64,0.912,1.2,0.928,3.272,1.936,1.816,2.456,1.408,1.256
negative53.txt_gi|109240371|dbj|BAE96121.1,0.4475,1.0718,0.5746,0.7459,0.5691,0.7127,1.1271,0.7182,1.0276,0.7956,0.989,0.7569,0.8674,0.5138,1.2818,0,-0.0331,1.3702,0.3867,0.6298,0.6188,1.6077,1.2873,1.2541,3.116,0.663,0.9171,2.5083,2.0939,1.6796,1.9503,0.8177,1.4088,2.1878,2.558,0.6851,0.337,3.3481,1.4586,1.1547,0.0939,0.9503,0.7072,0.7514,1.5414,0.2707,0.5304,1.7238,1.1768,0.9834,0.9613,0.558,0.7238,1.4696,1.6298,-0.2431,-0.4917,2.2265,1.0442,0.5414,0.3757,1.2707,1.1105,1.0276,2.5967,0.0608,0.453,1.8674,1.7017,0.9448,1.3757,0.3812,0.8011,2.0939,2.1326,0.1492,-0.1934,2.9171,1.9779,0.7735,1.2597,3.8287,2.0939,2.1492,3.1989,2.2707,2.5525,2.884,2.7017,2.2376,2.7901,2.1657,2.0939,1.9116,3.9171,0.8287,0.2044,4.0994,1.3094,1.674,0.3812,1.1602,0.7017,0.8729,1.6906,0.1547,0.3978,2.0276,1.0442,0.7127,1.0276,0.3867,0.6022,1.4033,1.6519,0.1934,-0.0166,1.8895,0.7127,0.2818,0.1934,1.3094,0.7901,0.884,2.1381,0.4199,0.6575,1.8122,1.2652,0.5691,1.0663,0.4917,0.558,1.3867,1.7348,0.1381,-0.0055,2.0331,0.7901,0.3204,0.5193,2.2541,1.7956,1.7072,2.4696,1.3812,1.4199,2.3867,2.7017,1.6906,2.0663,1.7127,1.4696,2.2983,2.5635,0.2652,0.1381,4.0276,1.5856,1.1713,0.7127,1.895,0.7293,1.1713,2.674,0.8785,1.326,2.326,1.8343,1.8453,2.1492,1.1215,1.7348,2.1768,2.558,0.2928,-0.1878,3.8232,1.5083,1.4862,1.0552,1.4144,0.2707,1.116,2.8508,0.9779,0.8564,1.2873,1.0442,2.6022,2.6685,0.6133,2.0608,1.4641,2.0663,0.232,0.4751,2.5028,0.9116,2.453,1.2983,1.9116,0.6961,1.8232,3.3481,1.4917,1.4199,1.6354,1.6077,2.2376,2.5304,1.1823,2.1547,1.5801,2.7901,0.7735,0.6188,3.0442,1.0773,2.0276,0.2928,0.8177,0.9724,0.9448,1.6519,0.1878,0.4475,1.8453,1.3315,0.5249,1.0166,0.2044,0.7127,1.6354,1.7403,0.3867,0.2486,2.116,1.1989,0.2652,0.895,1.558,0.3978,1.1271,2.1326,1.2431,1.0773,1.337,1.2597,1.6851,1.7845,1.1602,1.4696,1.4586,1.9724,0.4088,0.1271,2.2928,0.8343,1.3757,1.0663,2.0166,0.9945,1.7459,2.7238,1.8066,1.2983,1.6464,1.7459,2.3425,2.4807,1.5028,2.0552,1.9779,2.3425,1.1436,0.8122,3.2652,1.1105,1.8564,1.4144,2.5304,1.8177,2.5912,3.2099,1.3481,1.7017,3.6133,2.5967,1.5635,2.1215,1.8011,1.8232,1.9337,3.2707,1.2431,0.5691,3.7569,1.232,1.116,0.1602,0.7459,0.2983,0.232,0.5359,0.1823,0.3039,0.663,0.6409,0.6077,0.558,0.5304,0.3039,0.6519,1.0829,-0.1878,-0.221,1.4309,0.6519,0.4033,0.337,0.0166,0.221,0.0442,0.4144,-0.3094,-0.2818,0.3757,0.2044,0.4475,0.116,-0.0884,0.0773,0.5691,0.0773,0.2818,0.1547,0.5193,0.4033,0.326,1.2818,3.221,1.989,2.4475,4.2099,2.0387,1.9227,3.232,3.5359,3.2707,3.6188,1.9613,2.7238,3.9724,3.6519,0.8122,0.1768,5.7127,2.9282,2.2873,0.9669,1.6519,0.8011,1.2928,1.8785,1.4144,1.232,1.4917,1.3978,1.3646,1.768,1.3757,1.3204,1.3204,1.442,0.6133,0.1768,2.232,0.779,1.1657,0.7017,1.2818,0.4088,1.0442,2.4696,1.0442,0.9006,0.8066,0.8674,1.9503,1.9227,0.663,1.5083,0.9006,1.5414,0.1326,0.3425,1.8122,0.7238,1.7293
negative53.txt_gi|111379883|gb|ABH09421.1,0.5955,0.8539,0.6011,1.1011,1.4045,0.8315,0.6517,0.8989,1.0225,0.8315,1.0112,0.6461,1.1629,0.4157,1.2753,0.0843,0.2191,1.3146,0.0281,0.6854,0.5787,2.5618,1.8202,2.2022,4.3202,1.2584,1.7303,2.7303,2.7753,1.8989,1.8146,0.7528,2.0787,2.5449,3.0506,0.9045,0.5618,4.8315,1.6011,1.6124,0.6517,1.6124,1.0506,1.1742,1.5899,1.4719,1.2022,2.3989,1.9438,0.7191,0.7921,1.1292,1.0337,1.9719,2.382,0.0618,-0.6348,2.2753,1.5674,0.5674,0.7528,1.8371,1.6966,1.7416,2.7921,1.2079,1.1124,2.4607,2.191,1.0955,1.7753,1.0899,1.6517,1.9382,2.882,-0.0449,-0.7079,3.0393,1.6685,0.7584,1.4438,4,2.0169,2.7978,4.9888,3.4382,2.8371,3.2584,4.0225,3.4831,3.3371,2.4831,3.236,2.8315,4.7978,1.3989,0.5562,6.2978,2.6236,2.118,0.7697,1.5674,1.2753,1.4663,2.5,0.9382,1.1292,2.5899,1.8483,1.236,1.2416,0.4157,1.2472,2.0506,2.1798,0.4551,-0.1292,2.6236,1.0169,0.9101,0.9494,1.2247,2.1517,1.6236,1.9326,0.7753,0.9101,2.6573,1.7191,0.8539,0.7584,0.5112,0.9326,1.0899,2.9663,0.2921,-0.6067,1.8596,0.7191,0.5337,0.6348,2.5112,2.0449,3.073,2.8989,2.0056,1.9213,2.5225,3.1461,1.5674,1.8427,1.1798,1.8764,2.6854,3.1685,0.2978,0.0449,4.191,1.7921,1.3146,0.8202,2.9775,1.5281,2.2809,3.6966,1.5562,1.9157,3.0337,3.5225,3.0674,2.7528,0.8989,2.5843,3,3.309,0.4607,0.2528,5.3483,2.3933,1.9213,0.9438,1.9045,-0.118,0.5674,4.1685,0.9326,0.6742,1.7584,2.0506,2.6742,2.6629,0.6236,2.5506,2.1067,2.7022,0.9045,0.6742,4.0449,1.1517,1.809,1.264,2.3258,0.5899,1.0112,3.7416,1.2416,0.9719,2.264,2.309,2.382,1.6573,1.1629,2.1292,2.1067,2.8539,1.3596,0.8933,4.2079,1.5787,1.5618,0.4663,0.9719,0.9831,1.3652,1.618,0.4775,0.8202,1.7753,1.1685,0.6629,0.7079,0.2753,1,1.9326,1.4663,0.2584,0.0618,1.8202,0.7978,0.7528,0.7584,2.5618,0.9775,1.3483,3.3258,1.4045,1.6348,2.3202,2.2079,1.9494,1.7809,1.4551,2.0112,2.3371,2.7191,1.0449,0.4326,3.8989,1.5506,1.2247,0.8371,2.4101,1.1067,1.2472,4.2247,1.2079,0.9494,2.0393,2.6573,3.1629,2.4213,0.8202,2.6854,2.3483,2.6292,1.0843,1.1685,4.9045,1.6461,2.618,1.4494,3.427,2.4607,3.3427,4.2191,2.2921,2.0843,3.6461,3.5393,1.9494,2.4831,2.0674,2.7921,2.5169,4.8483,1.3764,0.0618,4.9213,2,1.4326,0.9551,0.6404,0.8539,1.1461,1.2135,0.5337,0.6236,1.4944,0.736,0.0056,0.0899,0.3989,0.2135,0.4888,1.2978,0.2079,-0.4888,0.8034,0.1629,0.0618,0.5899,0.4663,-0.1798,-0.0281,0.6685,0.1854,0.0843,0.1404,0.7079,0.1124,0.0562,0.1742,0.4663,1.0674,0.1461,-0.1517,-0.5169,0.7921,0.7303,-0.0899,1.6348,3.9831,1.8427,2.5787,6.5843,2.1798,1.7865,3.6629,4.8989,5.0112,4.0899,1.2865,4.2079,4.7865,4.7697,0.9494,0.691,8.3876,4.1517,3.7022,0.8146,1.6292,0.5674,0.5169,3.1966,0.4831,0.4326,1.0899,2.1404,2.882,1.9775,0.1966,2.0169,1.6629,1.7416,0.691,1.2247,4.0899,1.5337,2.191,0.4157,1.6461,0.118,0.5843,3.0674,1.0337,0.8483,1.2191,1.4775,1.7303,2,0.6854,2.0056,1.7135,1.4831,0.3258,0.1292,3.0337,0.9719,1.2809
negative53.txt_gi|111379891|gb|ABH09425.1,0.4444,0.9568,0.4198,0.9136,1.0617,0.3148,0.5123,0.9877,0.821,1.4815,1.6852,0.1728,1.463,1.1852,1.2469,0.0988,0.0926,1.7469,0.6481,1.2099,1.0556,1.6852,1.1667,1.5494,2.6914,0.8457,0.8704,2.3642,1.6975,1.5123,1.7901,0.7284,1.3148,2.1049,2.4938,0.7716,0.5679,3.6111,1.5679,1.2778,0.4938,1.2654,1.4012,1.6049,1.1543,0.8704,1.0123,2.6358,1.1543,0.2099,0.2654,0.7037,0.2469,0.7284,1.8889,0.5123,-0.4444,1.7901,0.4877,0.2284,0.5432,1.6173,1.821,1.9383,2.358,0.4815,0.6975,2.2346,1.8086,0.8333,1.1049,0.4383,0.7901,2.0802,2.321,0.4877,-0.3889,2.8519,1.4877,0.7531,1.5123,3.1543,2.2222,2.3827,3.1605,2.1975,1.6728,3.0494,2.0864,2.7531,3,1.9321,2.3951,1.2037,3.358,1.0494,1,3.8395,0.8827,2.4815,0.7099,0.821,0.5864,1.0741,1.321,0.321,0.5432,1.7469,0.8951,0.5741,0.5,0.358,0.3889,1.2593,1.6543,0.216,-0.2778,1.7469,0.6605,0.3765,0.3025,1.0926,0.8395,1.216,1.2778,0.4938,0.9444,1.2654,1.0926,0.0802,0.1235,0.4444,0.1235,1.0988,1.5679,0.3395,-0.463,1.3642,0.5185,0.0062,0.8889,2.1296,1.4383,2.3951,2.2963,1.2778,1.4691,2.5432,2.1481,2.2901,2.0802,0.8951,1.9074,1.9753,3.4506,0.3765,-0.1235,3.5988,1.3951,2,1.1111,1.7901,1.3827,1.7593,2,1.0802,1.284,2.7222,1.5062,1.0494,1.2531,1.1667,0.9877,0.7963,2.1605,0.5432,0.5247,2.5123,0.8086,1.2284,1.0864,1.2469,0.2778,0.8457,3.6173,0.2716,-0.0679,1.8457,0.6914,2.9568,3.1296,0.3395,2.2407,1.3642,2.0185,0.2716,1.1481,2.8086,0.5062,2.7901,1.3333,1.8765,0.8086,1.537,3.2778,1.0062,0.5123,2.463,1.3765,2.7222,2.7901,0.9198,2.0185,1.1296,2.3642,0.8086,1.3642,2.963,0.5864,2.4815,0.6543,0.537,0.3889,0.5494,1.4568,-0.0185,0.0802,1.4198,0.821,0.6728,0.8148,0.0247,0.5556,1.8333,1.284,0.358,-0.1852,1.8395,0.9136,0.358,0.9383,1.4506,0.6235,1.3395,2.2654,0.9012,0.5617,1.8333,0.9938,1.9136,2.1235,0.7963,1.463,0.8086,1.7469,0.537,0.7716,2.1667,0.4259,1.6728,1.4259,1.6111,0.7531,1.0802,2.4815,1.216,0.6605,1.2469,1.3086,2.2654,2.3951,1.2531,1.784,0.5123,1.7099,0.4938,1.4012,2.179,0.5062,2.1605,1.5062,2.4753,1.5926,2.2284,3.1728,1.3272,1.4938,3.0679,2.0309,2.2222,2.5123,1.4753,2.1481,2.0247,3.9691,1.1049,0.1358,3.8519,1.3765,1.8519,0.3642,0.3889,0.537,0.7778,0.4691,0.1914,0.4815,1.1173,0.5062,0.5556,0.4568,0.0494,0.3148,0.5988,1.0988,0.0864,-0.284,0.9815,0.3765,0.4383,-0.0556,0.0802,-0.2099,0.1914,0.4506,-0.4198,-0.4691,0.0494,0.1975,1.0556,1.1235,-0.5062,0.6543,1.6481,0.4691,-0.1111,-0.0864,1.3025,0.7469,0.679,1.8642,3.1235,1.6975,2.3457,4.1111,1.7222,1.1605,2.8889,2.8827,3.321,3.7037,1.7037,2.8025,2.6605,3.5926,0.7963,0.9877,5.3025,2.7284,3.0062,1.284,1.5926,1,1.1667,1.7099,0.9568,0.6049,0.9506,1.216,1.1173,1.5926,1.3519,1.0309,0.3025,1.0679,0.3765,0.8951,1.679,0.9074,1.2037,0.8704,1.3272,0.4321,1.1173,3.0185,0.4444,0.3395,1.5679,0.7593,2.3025,2.5185,0.5802,1.8272,1.0926,1.642,0.2593,0.9568,2.4938,0.5432,2.2099
negative53.txt_gi|111379909|gb|ABH09434.1,0.2045,0.8466,0.4773,1.0455,0.7216,0.3466,0.5909,0.7898,1.1989,1.0625,1.1761,0.3977,0.8636,1.1364,1.0341,0.0966,0.25,1.625,0.9545,0.9148,0.75,1.6875,0.4148,0.9432,2.5682,0.2557,0.6875,1.8693,1.4034,2.2727,2.2102,0.9034,1.4375,2.2045,2.3693,-0.1818,-0.3295,2.9886,1.3466,1.7557,0.1193,1.2386,0.8466,0.5625,0.1364,0.375,0.5852,1.875,0.9886,0.3523,0.1761,0.9602,0.1193,0.7386,2.1023,-0.25,-0.7386,1.0909,0.3466,0.1136,0.2386,1.4773,1.2614,1.1023,1.6989,0.3409,0.7443,2.0852,1.7727,1.2614,1.1875,0.4716,0.7614,2.0625,2.125,-0.108,-0.5511,2.608,1.3807,0.9432,1.3295,3.0739,1.5284,3.0739,2.9261,1.9659,2.1591,2.1193,2.4489,2.0625,2.267,1.7557,1.7727,1.7898,2.9545,1.0625,1.1875,3.5568,1.375,1.6307,0.1534,0.8636,0.1875,0.4034,1.142,-0.2557,0.0455,0.9432,0.5511,1.2841,1.2216,0.5795,0.483,1.0568,1.3239,-0.6307,-0.6875,1.1307,0.5511,0.9943,0.3182,1.0682,0.2045,0.3807,2.0227,0.1364,0.5966,1,1.0511,1.2955,1.392,0.4432,0.7216,1.5739,1.7898,-0.4659,-0.5511,1.9773,1.1307,1,0.8523,1.8409,1.6307,1.6364,1.4318,0.7614,0.9602,2.875,1.9091,1.9091,1.6307,1.233,1.1705,1.9943,3.1193,0.375,0.5739,3.0455,1.392,1.5057,1.233,1.8693,0.6136,1.2898,2.625,0.7159,1.267,2.3693,1.625,1.767,1.8011,1.1193,1.2443,1.7614,2.517,0.3239,-0.1193,3.0227,1.2386,1.5739,1.1932,1.5114,0.4205,1.483,3.1932,0.517,0.8239,1.5568,2.0284,2.5,2.9034,0.6875,1.9659,2.7216,2.0739,0.6534,0.8295,3.5511,1.8409,2.017,1.3523,1.7727,0.5682,1.6761,3.1136,0.9545,1.2102,1.6591,2.0057,2.2841,2.5739,1,1.9943,2.4489,2.2386,0.8636,0.9943,3.8523,1.9205,1.9602,0.3011,0.9318,0.1534,0.4318,1.3523,-0.1023,0.2727,1.1193,0.9943,1.1534,1.1932,0.3125,0.6648,1.767,1.5227,-0.4318,-0.7159,1.858,1.0227,0.8011,0.8523,1.3068,0.1875,1.1136,2.3807,0.6136,0.892,1.125,1.6705,1.6648,1.9886,0.733,1.4773,1.9716,1.5057,0.4261,0.4034,2.8182,1.6193,1.4318,1.3977,1.9943,0.733,1.7614,2.6705,1.4034,1.5966,2.0511,1.9716,2.017,2.375,1.1989,1.8977,2.2159,2.2955,1.0966,1.483,4.0568,1.7784,1.7614,1.2273,2.5227,1.2727,2.5227,2.3068,1.5341,2.1705,2.9091,2.4034,2.2443,2.5568,1.5909,2.0398,2.5852,3.7443,0.4886,-0.0057,3.9261,1.6705,1.8068,-0.0455,0.6648,0.4318,0.517,-0.2784,0.0966,0.3295,0.8068,0.5909,0.267,0.2102,0.5568,0.0739,0.4375,1.017,-0.1648,-0.3523,0.7273,0.2443,0.125,0.3068,0.4205,-0.0739,0.1818,0.5795,0.0625,0.3068,0.4886,0.5739,0.3807,0.5511,0.1875,0.4091,0.7386,0.9432,0.3352,-0.0057,0.8466,0.3523,0.4943,1.8295,2.892,1.0682,2.7898,3.7955,1.5568,1.9375,2.8011,3.0114,3.5284,3.6023,1.6534,2.6534,3.6136,3.8352,0.7443,1.233,5.7273,3.1136,3.1023,1.3409,1.6193,0.517,1.2102,2.2898,1.2557,1.1648,1.267,1.4602,1.6477,1.9148,0.8977,1.4205,1.5852,1.7557,0.6477,0.9318,2.8295,1.4432,1.6534,0.983,1.3011,0.2784,1.2898,2.8182,0.4943,0.7159,1.0795,1.5284,2.1761,2.3011,0.7784,1.6193,1.8807,1.6705,0.4886,0.8977,2.6761,1.4261,1.8352
negative53.txt_gi|111379919|gb|ABH09439.1,0.3073,0.7708,0.6302,1.3073,0.9792,0.724,1.0104,0.9062,1.0729,0.6094,0.5469,0.4271,0.5052,0.7344,1,0.1458,0.099,1.3958,0.8385,0.724,0.6823,1.2917,0.7031,1.2188,1.901,0.4531,1.0365,1.625,1.5677,1.6823,1.8438,0.7396,1.1927,2.0885,1.9271,-0.0208,-0.0521,3.0052,1.599,1.3594,0.3802,1,0.0729,0.8177,0.9688,0.4583,0.7448,1.5469,1.0781,1.0469,0.7344,0.7396,0.651,1.1875,1.8177,-0.2031,-0.4896,1.7031,0.8906,0.7917,1.099,1.6198,0.7188,1.5312,2.2656,0.6146,1.1094,2.526,1.5625,1.3542,0.9792,1.2396,0.8125,1.6823,2.8125,0.3281,-0.2135,2.776,1.1458,1.2031,1.125,2.2552,1.7552,2.2969,3.2917,1.5104,1.7188,2.0521,2.1875,1.8125,1.8698,0.776,1.5156,1.7917,2.599,1.3802,0.5469,3.5625,1.2708,1.5573,0.526,0.474,0.1042,0.3281,1.2708,-0.0781,0.3021,1.4583,0.849,1.0208,0.8333,0.1042,0.5677,1.4115,1.1042,-0.2812,-0.4948,2.1771,1.4167,1.0104,0.7917,1.0729,0.5677,1.1562,1.7188,0.3438,0.8281,1.9688,1.2188,1.0208,0.9844,0.6771,0.6562,1.5365,2.2292,0.0833,-0.3958,2.3177,1.0677,0.9323,0.7969,1.7865,1.224,2.0312,2,1.099,1.5573,2.2917,1.7552,1.6719,1.7552,1.3021,1.5521,1.8125,2.5938,0.4167,0.4792,3,1.2917,1.5417,0.9115,1.5469,0.6667,1.1302,2.0885,0.6615,1.151,2.1094,1.9479,1.8021,1.8958,0.6823,1.5938,2.6875,2.0573,-0.1823,-0.4531,3.2656,1.8542,1.7656,0.7083,1.474,0.8854,1.9635,2.2604,1.0833,1.3958,1.1094,1.4323,1.3594,1.25,0.75,0.7292,1.2344,1.8542,0.7031,0.3854,2.4583,0.7135,1.0521,0.8333,1.4688,0.8229,1.8646,2.3594,1.1823,1.2708,1.4427,1.2604,0.9375,1.026,0.9219,0.6771,0.8229,1.9219,0.9323,0.349,2.4635,0.5417,0.8385,0.4896,0.5417,0.4531,0.7396,0.8646,0.0781,0.4844,1.2812,0.8698,0.5833,0.8229,0.5052,0.4531,1.2448,1.3698,-0.3646,-0.1354,1.7656,0.8542,0.4271,0.5104,1.099,0.4688,1.3229,1.4688,0.849,0.9219,1.2083,1.026,0.5729,0.7812,0.8802,0.4583,0.7917,1.6302,0.4635,0.0312,1.9167,0.6875,0.5104,0.7344,1.6354,0.9896,1.75,2.4271,1.1042,1.3125,1.3125,1.7917,1.7135,1.7865,0.8958,1.2344,2.0469,1.9219,0.5521,0.1198,3.0052,1.3385,1.5469,1.4219,2.125,1.5677,2.6823,2.8594,1.4167,2.0573,3.0365,2.5104,1.7969,1.7188,1.2292,1.5521,2.0677,3.4531,0.7812,0.0938,3.7344,1.7552,1.651,0.0365,0.4531,0.375,0.4688,0.1198,0.1875,0.5052,0.8281,0.7969,0.375,0.2448,0.2552,0.1719,0.4896,0.8385,-0.2031,-0.0833,0.7396,0.724,0.3281,0.026,0.0104,-0.0938,0.2188,0.0729,-0.1719,-0.1458,0.1615,0.1979,0.2865,0.0417,-0.224,0.0573,0.2344,0.6198,0.0521,0.3385,0.4323,0.2135,0.2865,1.3594,2.599,1.8125,2.7708,3.9115,1.5,2.0573,2.6927,3.3125,2.599,2.6406,1.1406,1.9115,3.5156,3.4271,0.7396,0.5417,5.4427,2.9635,2.4688,0.7031,1.125,1.2812,1.125,1.8802,0.6719,0.9219,1.125,1.7396,1.0677,1.3281,0.4531,0.9948,1.6198,1.4844,0.224,-0.0729,2.276,1.0781,1.2604,0.6146,1.3177,1.0208,2.1146,1.9271,1.25,1.4427,0.9115,1.3958,0.9635,0.7344,0.7396,0.4948,0.651,1.7656,0.7552,0.776,1.8958,0.4688,0.8333
negative53.txt_gi|111379929|gb|ABH09444.1,0.4948,0.9278,0.4278,0.9588,1.3093,0.7165,0.9381,0.8918,1.0103,1.268,1.1237,0.6804,0.933,0.9691,1.3866,-0.0773,0.3299,1.4794,0.6753,1.1753,0.8608,2.3711,1.4072,2.0722,2.4124,1.3402,1.4175,2.5722,1.9433,1.4381,1.4691,1.0979,1.2887,1.866,2.6598,0.3763,0.3505,3.4845,1.2423,1.0412,0.7371,1.4124,0.9588,1.0567,1.1082,0.366,0.8247,2.4794,1.6804,0.7835,0.5619,1.0567,0.4433,1.4021,1.8454,0.2526,-0.0361,1.8093,1.1701,0.5979,0.8866,1.8608,1.5309,1.5412,2.5,0.933,1.0412,2.4485,1.8763,1.2784,1.6598,0.8351,0.9485,2.0619,3.0206,0.4021,-0.3041,3.0258,1.6186,0.8608,1.6804,2.8711,1.4278,1.8608,5.0052,1.8402,1.4845,2.8402,2.9433,3.201,2.9227,0.8505,2.6907,2.9794,3.4124,0.6907,0.5515,5.1289,2.3196,3.0619,0.8351,1.201,0.5979,1.2165,1.6546,0.5825,0.5206,1.9021,1.0722,1.0155,0.9227,0.6598,0.5464,1.3918,1.7113,0.2784,-0.5052,2.2216,1.0361,0.799,0.701,1.2526,0.8351,1.3247,1.5052,0.5103,0.8041,1.7629,1.268,0.9124,0.9278,0.4588,0.4588,1.4845,2.0515,0.1598,-0.1031,2.0979,1.1598,0.5515,1.0258,2.0206,1.5515,2.3969,2.7165,1.6134,2.134,2.4278,2.3351,1.8918,1.7784,1.5412,1.3763,2.2062,2.7732,0.1753,0.1495,3.799,1.8041,1.4897,1.4794,2.4845,1.232,2,2.7577,1.6546,1.5,2.6495,2.4639,1.9742,1.7835,1.2526,1.6031,2.5722,2.6392,0.2216,0.1392,4.0258,2.0052,1.5773,0.8196,1.7113,0.2577,0.8196,3.7784,0.768,0.7371,1.4794,1.8969,2.4536,2.3969,0.5309,1.7629,2.4021,2.2732,0.1598,0.3711,3.6753,2.0876,1.9742,0.701,1.9742,0.6856,1.3196,3.4227,1.2062,0.8711,1.6804,2.3557,2.0464,1.634,0.8711,1.5155,2.0103,2.2113,0.5309,0.3454,3.6186,1.7938,1.7835,0.2113,1.1289,1.0361,1.7938,0.4845,0.9227,1.1082,1.4433,0.8969,0.0309,0.2113,0.7113,0.2887,0.866,1.2938,-0.232,-0.0103,1.4948,0.4588,-0.0412,0.6031,1.5412,0.433,1.2474,2.3866,1.3144,0.9948,2.1237,1.6598,1.2062,1.0258,0.9639,0.9227,1.4845,1.8608,0.1082,-0.2887,2.7216,1.433,1.0464,1.1082,2.0206,1.5052,1.5876,3.7216,1.4072,1.1186,2.0619,2.5722,2.567,2.067,0.8763,1.9175,2.6753,2.567,0.5928,0.5258,4.6856,2.5515,1.9485,1.768,2.7577,1.5206,2.6598,3.1289,1.8557,1.701,3.3814,2.5722,2.0103,1.8969,1.7577,2.0155,2.4742,4.2474,1.1186,-0.1443,4.1649,1.6959,1.6753,0.5567,0.4381,0.3041,0.3814,0.3608,0.0515,0.299,1.1907,0.4381,-0.0206,-0.1289,0.3093,0.0876,0.366,0.6495,0.0515,0.1753,0.3196,0.4227,0.1804,-0.1392,0.4021,-0.2629,0.1392,0.2165,-0.2062,-0.1443,0.067,0.6546,0.4536,0.2474,0.0464,0.5412,0.933,0.1031,-0.5155,-0.2835,0.5103,0.7113,0.2216,1.7732,2.8093,1.8402,2.4588,5.8608,1.5722,1.3454,3.7113,3.6959,4.0464,3.299,0.6031,2.8196,4.5979,3.9588,0.4072,0.0567,6.933,4.1134,3.4021,1.1289,1.3299,1.5155,1.4948,3.0979,0.933,0.8093,1.8608,1.7732,1.8196,1.5361,0.1289,1.4381,1.9897,1.5155,0.4639,0.3969,3.8351,1.8866,1.5412,0.6186,1.299,0.0773,0.8093,2.8918,0.8351,0.7577,0.768,1.5619,2.1392,2.1392,0.366,1.4897,1.9227,1.6392,0.1804,0.6753,3.1649,1.5361,1.6649
negative53.txt_gi|116267203|gb|ABJ96356.1,0.3975,0.6894,-0.0435,0.8075,1.3478,0.4099,0.4161,0.9441,0.8385,1.0807,1.1553,0.3851,0.8137,0.7019,1.3292,-0.2112,-0.2112,1.3727,0.4286,0.8447,0.764,1.1429,0.913,1.1366,1.8261,0.2609,0.6335,2.0186,1.205,1.441,1.4161,0.5963,1.087,1.5342,1.8323,0.1242,-0.4099,2.3975,1.0807,0.9565,0.0559,0.6273,0.6149,0.5652,0.7267,-0.118,-0.2671,1.5839,0.8447,0.8634,0.6025,0.3292,0.5031,1.2671,0.5839,-0.6025,-0.7764,1.5901,0.8509,0.354,0.1801,0.8447,1.354,1.2298,1.3851,0.0373,-0.0186,2.0621,1.5901,1.4224,1.1801,0.1615,0.9689,2.7391,1.1801,-0.528,-0.5901,2.8758,1.7764,0.7205,1.1677,2.0124,1.1801,2.1242,3.4472,2.0497,1.764,2.7391,3.1491,2.5404,2.8634,1.4348,2.2236,2.1304,3.1304,0.0932,0.4037,4.205,1.9876,1.8261,0.1118,0.4969,0,0.1366,0.9814,-0.441,-0.2547,0.6646,0.3665,1.1429,0.9814,-0.0497,0.6646,1.2112,1.2671,-0.4472,-0.7391,1.3665,0.6708,0.7578,0.1304,0.6522,0.4224,0.8075,0.9876,-0.3354,-0.1366,1.2671,0.6832,1.1615,0.9006,-0.1056,0.677,1.7764,0.882,-0.4534,-0.8696,1.7702,0.9317,0.6832,1.087,1.7764,0.6708,1.4348,2.7143,0.7453,0.6522,2.5466,2.087,2.4969,2.4161,1.1242,1.9068,2.5342,2.6708,-0.0124,-0.0621,3.8323,2.2547,1.7578,0.8509,1.5404,1.0807,1.4472,2.1491,0.4783,0.7143,2.5466,1.9193,1.8634,2,1.0311,1.5093,2.1801,2.1553,-0.2236,-0.5217,3.3416,1.9255,1.1677,1.3168,1.354,0.6025,1.8261,2.9441,1.3043,1.7764,2.323,1.7764,1.6149,2,0.8696,1.5093,1.3168,2.3416,0.764,0.8758,3.0435,1.0932,1.3602,1.4224,1.3851,0.5901,1.8261,3.0559,1.2547,1.7143,2.354,1.8199,2.1429,2.4286,0.8323,1.8261,1.528,2.3975,0.528,0.7205,3.2857,1.3416,1.8323,0.2174,0.7267,0.4845,0.677,0.9814,-0.1304,0.087,1.4037,0.5963,0.6398,0.6149,0.0062,0.4534,1.1801,0.9876,0.0186,-0.8385,1.3665,0.5466,0.2671,0.9689,1.1553,0.3602,1.3168,2.3478,0.8261,1.2174,1.6584,1.3975,1.6025,1.8385,0.6584,1.3789,1.3043,1.9565,0.3106,0.3727,2.6087,1.1242,1.2919,1.118,1.441,0.9876,2.2298,2.8137,1.2484,1.9255,2.1739,2.0124,2.4161,2.5155,1.1615,1.9565,1.8509,2.2422,0.5093,1.0435,3.4348,2,1.8323,1.1925,2.0062,1.0373,2.2795,2.3354,0.9503,1.354,2.8075,2.0311,1.4037,1.6211,1.4099,1.2174,1.5963,3.0621,0.1615,-0.5217,3.2733,1.3106,0.8882,-0.1429,-0.2484,-0.3851,-0.0124,0.3106,-0.3478,-0.5031,0.3602,-0.118,0.1491,0.0248,-0.3602,-0.0807,0.4099,0.1677,-0.5217,-0.4037,0.1553,-0.1615,0.1615,-0.0186,-0.2484,-0.3913,0.2919,0.3354,0.0683,0.0745,0.1988,-0.0248,-0.2236,-0.2733,-0.1988,-0.3043,0.0186,0.0373,0.0186,-0.0062,0.1988,-0.3851,-0.1739,1.5404,2.3851,1.3975,2.8012,4.1739,1.4907,1.9876,3.4534,3.3851,3.5093,3.8696,1.5714,2.8758,3.677,3.7516,0.4658,0.2795,5.8696,3.8509,2.4845,0.7143,1.3789,0.9752,1.8261,2.1988,0.7143,1.236,1.8944,1.8509,2.0186,2.5155,1.0435,1.764,2.0124,1.8509,0.087,0.0683,3.2422,2.1304,1.441,1.0124,0.7267,0.0683,1.236,2.5963,0.9193,1.2981,1.4534,1.0932,1.2422,1.7081,0.5031,1.1801,0.6335,1.8447,0.5093,0.5155,2.0311,0.4161,1.0683
negative53.txt_gi|116267205|gb|ABJ96357.1,0.9891,1.3169,0.4262,0.9508,2.1967,0.7158,0.9344,1.3825,1.1639,1.0984,0.9563,0.7869,1.153,0.8689,1.4262,0.1202,0.541,1.694,0.3443,0.8525,1.2295,2.6885,1.0492,1.9836,3.7377,1.8962,1.388,3,2.8525,1.9071,2.0164,1,2.3388,2.8634,2.7978,0.4754,0.2131,4.4426,1.6557,1.3169,0.3279,0.8251,0.1803,0.847,1.3388,0.5574,0.6995,1.3989,0.8907,0.2842,0.5847,0.6011,0.5301,1.0765,1.5792,-0.0546,-0.5792,1.2951,1.0656,0,1.0328,1.4317,1.1803,1.5956,2.8525,0.7213,0.8197,3.3169,1.6995,1.3279,1.5902,0.1967,1.5628,2.0328,2.6721,0.1967,-0.612,2.9617,1.4645,0.8743,2.1148,4.0929,1.1366,2.5738,5.8415,2.9563,2.2842,4.2896,3.4426,3.8087,3.4044,1.3716,3.4863,2.9891,4.3443,1.2514,1.6175,5.1913,2.0437,2.918,0.9563,1.7596,0.6995,1.2404,2.4973,1.0546,1.1093,2.6011,1.8798,1.1967,1.2131,0.6339,1.377,1.9781,2.2623,0.2459,-0.2077,2.4536,1.4863,0.8962,0.8907,1.0546,0.8033,1.1475,2.5027,0.5956,0.7104,3.1803,1.377,0.7432,0.6995,0.2514,1.0219,1.8361,1.8852,0.1257,-0.2022,2.1858,1.2623,0.4645,1.1421,3.3989,1.4754,2.9235,3.6721,2.4863,2.3005,3.1366,3.2896,2.153,2.0929,1.8033,2.1585,2.8907,3.5902,0.7923,0.9945,4.2077,1.9235,1.3552,1.4645,3.541,0.6284,1.8033,3.3279,2.2732,2.0874,3.0601,2.7158,2.0874,2.459,1.6284,2.8361,2.5519,2.9126,1.1148,0.1858,3.8197,2.2678,1.5246,1.0929,1.6667,0.3497,1.4208,3.6885,1.224,1.2022,2.2514,2.224,2.4317,2.5082,0.4809,1.9727,1.6885,2.1913,0.2951,0.4044,3.5574,0.8142,1.8197,1.541,2.5355,0.7814,1.9126,3.5956,1.7377,1.5738,2.7978,2.2732,1.9891,1.9891,1.1858,1.8142,1.7213,2.6448,0.9071,1.0656,3.5246,0.929,1.5956,0.1148,0.9617,0.8907,1.082,0.8743,0.8033,0.4918,1.3388,1.6339,-0.0219,0.7322,0.8689,0.765,1.9126,1.2896,-0.0601,-0.3005,1.3388,0.9126,-0.0383,1.2732,2.2842,0.7104,2.5738,3.3169,1.765,2.1148,2.8525,2.3716,1.612,1.5246,1.3661,1.5191,1.6066,2.6776,0.929,0.5027,2.8306,0.9508,1.1366,1.235,2.9126,0.7596,2.306,3.3388,2.3005,1.9016,1.9891,3.2623,2.3279,2.694,0.9235,2.4317,2.9781,2.5956,0.7432,0.4973,4.235,1.6995,1.612,1.8634,2.377,1.3497,2.4645,3.8361,1.5738,1.5246,3.5574,2.7869,2.1967,2.224,0.7486,2.8197,2.9126,3.7705,1.153,0.5027,4.2186,1.7705,1.8907,1.0546,0.8197,0.4809,0.4536,1.2186,0.4645,0.4973,1.306,0.1694,-0.0437,0.235,0.4481,0.4044,0.2077,1.306,0.0929,0.0874,0.9617,-0.0273,-0.1639,0.3169,0.4317,-0.4153,0.8634,0.8087,0.4208,0.8798,0.459,0.4262,0.2295,0.0984,0.388,0.4044,0.6503,1.153,0.0874,0.3443,1.0765,0.5137,0.3443,2.4481,3.9399,1.5464,2.2623,5.4098,2.4044,1.9508,3.6885,4.2295,3.9727,3.9016,0.7923,3.3443,4.8798,3.9781,1.1421,0.3552,6.8689,3.2842,2.6393,1.1967,2.2077,0.2077,1.3497,3.3443,1.4809,1.2022,0.9508,2.459,1.6557,1.8852,0.1749,1.4809,1.765,1.4153,0.7213,0.3333,3.2732,1.5301,0.8361,0.7322,1.2951,0.2404,1.0929,3.1421,0.9836,1.0273,1.7158,1.3934,1.9344,1.9235,0.4372,1.6066,1.5519,1.612,0.0219,0.7869,2.6066,0.765,1.4863
negative53.txt_gi|149689018|gb|ABR27824.1,0.3617,0.734,0.1809,0.9096,1.4255,0.4734,0.633,1.0479,0.9255,1.3989,1.4202,0.4947,1.0479,0.5904,0.8191,-0.3032,-0.1915,1.234,0.3936,0.9149,0.5585,1.9255,1.4415,1.4574,2.4574,1.3989,1.1596,2.4309,2.1011,1.2234,1.6862,0.7872,1.3085,2.3404,2.6755,0.3457,0.1011,3.6011,1.8404,0.8564,0.2447,1.1436,1.7234,0.9362,1.6702,0.8404,0.7553,1.9149,1.3883,0.5904,0.6596,0.75,0.6915,1.6702,1.9787,-0.016,-0.6915,2.7128,1.0957,0.1064,0.133,0.7181,2.1064,1.2553,1.6596,0.7394,0.5479,2.1915,1.7021,0.4415,0.5585,0.3245,0.734,2.1543,2.4787,0.2979,-0.8564,2.6702,1.9574,0.2447,1.6383,3.2713,1.4574,1.8564,4.5532,1.9734,1.6596,2.9521,2.617,3.1436,3.1489,1.4468,2.6915,1.7394,3.1543,0.867,0.7287,4.7394,1.3617,2.2606,0.3936,1.1064,1.1489,1.0213,1.516,0.4521,0.4628,1.5745,1.4894,0.5266,0.6596,0.4362,0.6543,1.7128,1.7766,0.4096,-0.1649,2.1968,1.4202,0.4787,0.5426,1.1968,1.1277,0.9681,1.3936,0.8457,0.2447,2.2021,1.3457,0.2553,0.4681,0.6277,0.4787,1.617,2.2021,0.3351,-0.4309,2.016,1.383,0.2287,0.6223,1.9894,1.2926,1.9362,3.1809,1.9255,1.1702,2.7287,2.8298,2.3564,2.5053,0.9468,1.6436,2.6064,3.2447,-0.016,-0.1277,3.984,1.6862,1.3245,1.0426,2.6755,1.4628,1.1383,2.9362,1.3351,1.0372,2.7553,2.7234,2.1064,1.8777,0.8989,2,2.4894,2.5319,0.6011,0.4628,4.6915,2.3723,1.7181,1.2181,1.734,0.016,0.4681,3.3564,0.6223,0.9894,1.7979,1.9947,3.1702,3.3085,0.2766,2.4894,1.9255,1.883,0.133,0.7606,3.6968,1.5479,2.633,1.25,1.867,0.6968,0.9043,3.3191,0.9362,1.383,2.3511,2.383,3,2.4521,0.5638,2.1649,1.6862,2.1862,0.8777,1.3404,3.5319,1.516,2.5532,0.1223,0.5372,0.9894,0.4468,0.5745,0.016,0.3032,1.4255,0.7021,-0.0957,0.1383,-0.0372,0.4468,1.6968,1.5798,0.3617,-0.016,1.7234,0.9096,-0.3032,1.0213,2.0904,0.484,0.883,2.0479,1.1543,1.5957,1.9468,2.1596,1.9362,1.8085,1.1011,1.5691,1.367,2.2394,0.5053,0.6543,2.7287,1.016,1.3936,1.2766,1.9574,0.9362,1.2553,2.8191,0.5053,1.5585,2.2394,2.0426,2.7926,2.4574,0.4202,1.883,1.6064,1.9415,0.6968,1.617,3.3989,1.2447,2.6011,1.266,2.3989,1.7979,2.1702,2.6755,1.5266,1.4309,2.883,2.5851,2.133,2.4521,1.5904,2.2926,2.7074,3.8351,0.7021,0.1702,4.3936,1.7819,1.7713,0.516,0.2766,0.4255,0.6011,0.6064,0.1436,-0.0585,0.7606,0.234,0.0319,0.2128,0.1915,0.1862,0.4149,0.7021,0.0957,-0.5,0.5904,0.2074,-0.0053,0.2713,0.2447,-0.5266,0.1915,0.6809,0.3351,0.2074,-0.1543,0.6383,0.4894,0.484,0.1277,0.5372,0.984,0.5851,-0.1543,-0.7606,1.1702,0.9255,0.6862,1.6915,3.484,1.5904,2.1277,4.6809,1.7181,2.2074,3.8511,4.3883,4.133,3.766,0.9096,3.0798,3.9096,3.8936,0.8511,1.0851,6.9362,3.6862,3.4255,1.3191,2.1223,1.266,0.9468,2.5691,0.6543,1.3032,1.9468,1.9309,1.8457,1.5532,0.6915,1.266,1.0691,1.4681,0.6915,1.117,3.4415,1.133,1.75,0.9255,1.7872,0.0372,0.8511,2.7128,0.8085,1.4362,1.2606,1.8138,2.2872,2.5106,0.2926,1.8457,1.3085,1.3085,0.2606,0.7872,2.6755,1.1489,1.7926
negative53.txt_gi|149689020|gb|ABR27825.1,0.5525,1.6685,1.2541,1.3812,1.8066,0.9724,1.0884,1.4144,1.5967,0.8729,1.0497,1.1492,1.0442,0.6188,1.1768,0.4586,0.3923,1.895,0.7017,0.6906,1.3094,2.2818,1.3923,1.7735,3.4696,0.9337,1.0663,2.7845,2.1768,1.4586,1.6519,0.9061,1.6685,2.5193,2.7072,0.6354,0.2597,4.4586,2.116,1.3812,0.2155,1.0718,1.0442,0.895,2.1215,0.5967,0.5028,2.2376,1.116,0.7845,0.5304,0.2983,0.5801,0.989,1.453,0.2652,-0.2928,2.1215,1.0221,0.3204,0.7238,1.6188,1.7901,1.442,2.895,0.4972,0.2818,2.6133,2.2099,1.4641,1.0718,0.326,1.0552,2.4144,2.1381,0.3591,-0.1492,3.3757,2.4144,1.3039,2.0663,3.5138,1.3204,2.5691,4.7956,2.1878,2.0497,3.0718,3.105,2.9448,3.0663,2.1381,2.3536,2.4917,3.8785,1.5083,0.8564,4.9945,2.0994,2.1105,0.8011,1.1713,1.0608,0.9834,1.547,0.4972,0.8177,1.6851,1.105,0.6575,0.5912,0.6409,0.7182,1.5414,1.4641,0.4144,-0.0055,1.779,1.4917,0.663,0.6022,1.0773,1.7735,1.1215,2.0442,0.1326,0.2376,2.1326,1.1989,0.7238,0.4033,0.4033,0.5304,0.9779,1.8287,0.3039,-0.0166,1.6243,0.8122,0.6243,0.7514,3.0166,2.0276,2.453,3.5083,1.5359,2.1105,2.2155,2.6298,1.7901,1.8785,1.5304,1.6796,2.2099,2.4641,0.7459,0.558,3.9227,1.8398,1.547,1.6133,2.1713,1.1215,1.9006,3.1547,1.0884,1.8508,2.9337,2.2597,1.663,2.011,1.116,1.7403,2.1326,2.5414,0.7238,-0.0331,4.0221,2.1657,1.547,1.0663,1.9558,0.1271,1.6298,2.0552,1.2928,1.1271,1.8011,2.0552,1.2597,2.1602,1.6685,1.6354,1.2652,1.7403,0.547,0.1657,2.6243,0.9227,0.8674,1.4033,2.1934,0.3923,1.5138,2.6188,1.1602,0.9558,2.3536,1.9779,1.8122,2.4199,1.3978,2.221,1.8011,2.2265,0.6464,0.7293,3.4365,1.442,1.4641,0.779,1.0166,0.7293,0.7348,2.0387,0.105,0.3702,1.8398,1.2431,0.768,0.7459,0.2928,1.1105,1.5856,1.5856,0.2541,0.0442,2.1713,1.3702,0.9227,1.0221,1.768,0.3149,1.5801,2.0663,0.884,1.3094,1.6243,1.7348,1.0718,1.5856,1.326,1.2541,1.768,1.8122,0.6022,0.3591,2.5304,1.2155,0.8785,1.6906,1.9116,0.5691,2.0221,2.9945,0.7956,1.1326,2.1381,1.9613,2.4144,3.0884,0.8729,2.0331,2.5028,1.9116,0.9171,0.7072,3.8398,1.6133,1.7459,1.7293,2.884,1.6961,2.5028,2.8011,1.9337,2.0331,3.2376,3.3591,1.4586,1.9558,1.7017,1.5138,1.6575,3.9558,0.7293,0.2155,3.3978,1.7459,1.5856,0.3094,0.779,1.0608,0.5193,1.4972,0.2597,0.2541,1.2983,1.0442,0.5193,0.3425,0.3094,0.5691,0.7293,0.9503,0.5967,0.6188,0.9503,0.4309,0.442,0.0552,0.3702,-0.232,0.2597,0.5856,-0.2541,0,-0.0829,0.442,0.8398,0.663,-0.0276,0.5249,1.0221,0.4972,0.7735,0.8508,0.6077,0.1381,0.6298,2.232,3.4199,1.4254,3.1271,5.0773,1.3978,1.6464,3.442,3.4972,3.7293,4.3536,1.5028,2.9392,4.3646,3.3646,1.0055,0.8011,6.6685,3.7293,3.0387,1.7182,1.5801,0.6851,1.5525,2.5249,0.7348,1.0939,2.0166,1.6851,2.0331,3.0221,0.4033,1.6685,2.4751,1.2707,0.768,0.5193,3.9613,2,1.6077,0.8287,1.6851,0.3315,1.5635,1.8177,1.3978,1.1713,1.2652,1.6519,1.3039,1.8508,1.4088,1.4033,0.9061,1.442,0.5746,0.5856,2.2652,0.8011,0.8453
negative53.txt_gi|149689050|gb|ABR27840.1,0.5899,0.8427,0.2528,0.6517,0.6067,0.382,0.5056,1.2753,0.6461,0.9045,1.0674,0.4213,0.8933,0.9551,1.0169,0.0337,-0.4607,1.3708,0.2921,0.8989,0.6461,1.9494,1.3596,1.5337,3.0899,1.0337,1.4719,2.4663,2.264,2.0169,1.8933,0.9719,1.7472,2.691,2.9663,0.309,0.0337,4.0281,1.691,1.6798,0.4326,1.2472,0.6124,0.5506,1.4663,0.3989,0.4382,2.0843,1.3933,0.7247,0.6573,0.9663,0.5899,1.4607,2.0225,-0.0506,-0.927,2.1573,1.2584,0.5281,0.6854,1.0787,1.0449,1.3315,2,0.0562,0.427,2.4551,1.6292,0.5112,0.8596,0.2697,0.6629,1.9663,2.7303,0.2416,-0.6011,2.7472,1.6966,0.6236,1.2191,3.8652,1.4101,0.9326,4.1011,2.191,1.5955,2.764,2.7472,2.809,3.7303,1.5674,2.9494,2.6685,3.0787,0.9101,0.5562,4.7753,1.7022,2.1461,0.3315,1.2079,0.6292,0.7978,1.7472,0.2303,0.8315,1.5506,1.3483,1.2809,1.0449,0.5056,0.809,1.9382,1.8427,-0.3371,-0.5899,2.6011,1.4045,0.9719,0.5955,0.882,0.5955,0.9101,1.9663,0,0.4382,1.8708,1.2022,1.1854,1.3483,0.0955,1.0562,1.9494,2.0618,-0.1348,-0.4157,2.4551,1.3034,1.0169,0.9888,2.1798,1.6685,2.0843,2.3371,1.3034,1.6798,2.7978,2.073,1.6742,1.9045,1.118,1.6292,2.0618,3.7191,0.1067,-0.9494,3.9719,1.0843,1.6461,0.7753,2.427,1.2303,1.1461,2.7472,1.118,1.5169,2.1067,2.6067,2.5225,2.1517,1.2865,1.9157,3.1124,2.9888,0.0393,-0.1798,4.6854,2.5393,1.8764,1.0787,1.7022,0.2753,0.736,3.2584,1.2978,1.1461,1.6348,1.9831,3.118,3.073,0.4607,2.4494,2.1629,2.2865,0.6966,0.6404,3.5506,1.3596,2.4551,1.2079,2.1685,0.8315,0.9382,3.3483,1.809,1.4719,1.6292,2.2921,2.8933,2.7247,0.8652,2.4888,2.1685,2.7697,0.8146,0.8034,3.7191,1.5169,2.4045,-0.0393,0.3315,0.5955,0.9775,1.5449,0,0.6292,1.4775,1.1517,0.6742,0.5674,-0.2978,0.5506,1.9382,1.4775,-0.264,-0.5393,2.1292,1.073,0.5618,0.6798,1.8933,0.5843,0.9438,2.6966,1.4551,1.4551,1.5112,2.0393,2.4101,2.2753,0.9663,2.0393,2.309,2.2865,0.3708,0.1966,3.5112,1.8708,1.8427,1.0674,2.4831,1.3483,1.0112,3.1966,1.5393,1.1067,1.7079,2.5112,3.1685,2.7303,1.1124,2.5562,2.5449,2.573,0.8371,1.4157,4.1348,1.6742,2.8933,1.2135,2.9326,1.3933,2.3483,3.1629,1.7978,1.9213,3.9438,2.809,2.4888,2.5449,1.5,2.6348,2.9663,3.6404,0.2978,-0.8427,4.8708,2.1461,2,0.6573,0.6685,0.4326,0.4326,0.2528,0.1798,0.1854,1.0056,0.6798,0.0674,0.1461,0.309,0.0843,0.691,0.6966,-0.0562,-0.6461,0.9101,0.6011,0.2697,0.4663,-0.0056,-0.2921,-0.236,-0.1236,-0.2528,-0.3483,0.0056,0.2809,0.3652,0.1292,-0.3708,-0.0337,1.0393,-0.3202,0.0955,-0.3764,0.5562,0.8034,0.4944,1.4157,3.7191,1.6798,1.9157,4.9888,2.1461,2.1966,3.0899,4.2191,4.2079,4.1124,1.5393,3.7135,4.7865,4.5112,0.5393,0.1404,7.0955,3.7809,3.5843,0.7921,1.9101,1.1461,0.7191,2.5843,1.0056,0.8146,0.8764,2.2135,2.073,1.6966,0.6742,1.618,2.0899,1.5112,0.2978,1.0337,3.0899,1.4438,1.9101,0.7978,1.5056,0.1742,0.6236,2.6236,1.1517,0.9438,1.5843,1.6854,2.1461,2.2135,0.6011,1.9438,1.5169,1.9213,0.6236,0.6348,2.9438,0.9831,1.8034
negative53.txt_gi|149689068|gb|ABR27850.1,0.3575,0.6522,0.3285,1.0628,1.1208,0.3961,0.5411,0.9952,0.6812,1.0435,0.9807,0.1546,0.8696,0.7343,1.0145,0.3043,0.2271,1.1159,0.285,1.0338,0.6329,1.6618,1.2899,1.4879,3.1836,1.1643,1.1884,2.0097,1.6329,1.3527,1.372,0.9275,1.3671,1.7198,1.942,0.5507,0.314,3.4155,1.5411,0.9517,0.2609,1.5024,1.0966,0.7246,1.1401,0.971,0.5652,1.57,1.2077,0.3961,0.4928,1.3913,0.4638,0.8889,1.6667,0.2899,-0.1981,1.599,0.8937,0.5411,0.2222,1.6377,1.4734,1.6232,2.2464,0.9855,0.7246,2.285,1.9324,0.7971,0.913,1.1884,0.7343,1.4831,1.7729,0.3478,0.1208,2.6184,1.4783,1.087,1.5749,2.8841,1.5652,1.7923,3.9662,1.5556,1.7826,2.7391,2.3333,3.1643,3.256,1.087,2.5459,2.1739,3.715,1.0966,1.6715,4.4251,1.6039,2.6087,0.2367,0.9372,1.0338,0.9662,1.8164,0.9517,0.7971,1.7198,1.0097,0.8406,0.8841,0.6522,0.7005,1.4783,1.0725,0.2029,-0.1111,1.8213,1.2947,0.4589,0.2512,1.1932,1.1643,1.3575,1.8937,0.7826,0.6763,1.7343,1.0821,0.5749,0.5845,0.744,0.4251,0.8068,1.2464,0.4203,-0.2995,1.2995,0.5845,0.4928,0.4396,2.2512,1.599,2.372,2.6812,1.2754,1.5604,2.4058,2.4155,1.7778,1.6039,1.5169,1.2512,2.3333,2.2415,0.256,0.4106,3.6522,1.9179,1.343,0.8213,2.0531,0.7005,1.1739,2.4686,0.8551,1.1208,2.2174,2.0676,1.6425,1.9614,0.9614,1.4396,2.1208,2.0531,0.3961,0.256,3.8164,2.2657,1.2319,1.3623,1.2367,0.2271,1.058,3.3575,0.7536,1.087,1.9807,1.5652,2.6618,2.3768,-0.2222,2.0338,1.6908,2.1014,0.5894,1.2174,3.2029,1.1546,1.9517,1.4493,1.4783,0.314,1.1594,2.913,0.8841,1.1787,2.0435,1.8116,2.3478,2.0193,0.314,2.0435,1.6473,2.3527,0.9227,1.2271,3.1111,1.3623,1.8502,-0.0628,0.7295,0.6957,0.686,1.4686,0.7295,0.4493,1.2705,0.715,-0.0386,0.2367,0.6667,0.6184,1.2995,0.5121,0.029,-0.1932,1.3623,0.7536,-0.1739,0.7633,1.3333,0.43,1.2947,2.2705,1.1111,1.4155,1.6039,1.4396,1.7343,1.5411,0.715,1.4203,1.2705,1.6425,0.6039,0.744,2.7778,1.285,1.2367,1.5072,1.5121,0.5266,1.5024,2.5894,0.8309,1.4106,1.8841,1.7198,2.4155,2.0531,0.4541,1.8889,1.6522,1.9903,0.7971,1.343,3.7778,1.2222,1.6232,1.1014,2.599,1.9227,2.4348,2.7005,1.3768,1.6425,2.7343,2.715,1.6232,1.6473,1.3575,1.8744,1.7633,3.2415,1.1884,0.5749,3.7343,1.1159,1.5072,0.1691,0.8841,0.4396,0.6473,0.9614,0.372,0.2367,1.0966,0.5266,0.1208,0.2609,0.5217,0.3913,0.8889,0.8599,0.1208,-0.087,0.8357,0.4106,0.2029,0.4589,0.4783,-0.0483,0.2029,1.0483,0.2415,0.0338,0.9227,0.7101,0.6908,0.6039,0.0966,0.7778,1.43,0.4348,0.2367,-0.0483,1.6812,0.8213,0.6232,1.7295,2.6618,1.0773,2.0628,4.9227,1.3382,1.4444,3.2174,3,4.0338,3.7971,0.7391,2.8647,3.7295,3.314,0.7246,1.3188,6.1691,3.3478,3.1787,1.3527,1.1691,0.3478,1.0966,2.5411,0.2512,0.6039,1.4638,1.3623,1.9952,1.9855,-0.1594,1.2464,1.4638,1.8261,0.43,1.314,3.4155,1.6232,1.4541,0.971,0.9662,-0.0531,1.0145,2.6377,0.7488,0.8019,1.5169,1.0242,2.1787,1.8696,-0.2077,1.8937,1.2222,1.5507,0.6135,0.9855,2.8357,0.8599,1.5652
negative53.txt_gi|149689078|gb|ABR27870.1,0.3391,0.8621,0.6667,0.5,1.0345,0.5517,0.4023,0.9828,1.1782,1.092,1.1437,0.3736,1.2069,1.2356,0.7069,-0.2701,-0.1034,1.6149,1.046,1.0862,0.7011,2.1839,1.4943,1.4598,3.1782,1.4138,1.2069,2.1379,2.5747,1.4598,1.5575,1.2931,1.408,2.3908,2.3333,0.5402,0.2989,3.6437,2.0862,0.8793,0.6092,0.9885,0.931,1.3391,0.8851,0.546,1.2644,1.977,1.6034,0.5575,0.4368,0.6207,0.4195,1.3161,1.7644,0.2069,-0.4598,2.0345,1.2529,0.1092,0.4195,1.2356,1.2816,0.9713,2.1552,0.3736,0.6667,1.9655,1.9713,1.1264,1.2644,0.0575,0.8563,2.5805,2.6552,-0.0345,-0.2299,3.3506,2.1092,0.569,1.2644,3.3908,1.5115,1.6552,3.7644,1.7989,1.9483,2.4483,2.931,3.5805,3.8678,1.4195,2.8161,3.4138,3.0057,0.3966,0.2931,4.9598,2.454,3.0805,0.4195,1.3046,0.8448,0.8218,1.477,0.592,0.5,1.4195,1.5805,1.0402,0.7356,0.6667,0.6724,1.6954,2.0402,-0.0517,-0.0747,2.1437,1.5287,0.5575,0.2931,1.1724,0.9138,0.8391,1.9713,0.6552,0.5862,1.3908,1.5747,0.8966,0.8448,0.2989,0.569,2.0402,2.2011,-0.1494,-0.3161,2.3218,1.592,0.3793,0.5115,1.8851,1.1322,2.2356,2.1149,1.4598,1.9483,2.1782,2.7586,1.6897,1.8966,0.7529,1.6552,2.3506,2.7874,-0.3276,-0.0115,3.931,1.8276,1.2356,0.7299,2.3506,1.1494,1.569,2.6207,1.408,1.3908,2.4655,2.5057,2.2126,2.0862,0.977,1.7126,2.9713,2.3908,-0.046,0.1724,4.2011,2.4943,1.4023,1.0517,1.6034,0.3103,0.9253,3.7241,0.7011,0.523,1.2989,1.3563,3.1034,3.4655,0.6034,2.4425,2.3621,2.3793,0.3908,0.8276,3.3333,1.1954,2.6149,1.2184,2.3448,0.8793,1.3908,3.569,1.3563,1.1494,1.6379,1.977,2.7299,3.1149,1.1839,2.3966,2.2241,2.6092,0.7586,0.7759,3.9598,1.3851,2.408,0.0115,1.1207,1.0747,0.5057,0.977,0.6207,0.7356,1.1149,1.8276,0.1264,0.3621,0.9253,0.431,2.1092,1.1724,-0.0287,-0.2701,2.1552,2.092,-0.2701,0.9195,1.7126,0.8218,1.3621,2.6954,1.1264,0.9483,1.7586,1.6494,1.8678,2.0575,0.8736,1.6207,1.8908,1.8851,0.4598,0.2586,3.046,1.4023,1.4655,1.1437,2.2816,0.7874,1.6149,3.546,1.569,1.3506,1.7989,1.908,2.9655,3.3161,0.9253,2.5805,2.6954,2.7816,0.6724,1.1839,4.2011,1.5345,2.3908,1.7299,2.4023,2.023,2.7011,3.0517,1.454,1.9943,3.4713,2.6552,1.7931,2.0517,1.7356,2.1264,2.2471,3.9368,0.9655,0.2299,3.9655,1.4828,1.2069,0.3736,0.454,0.454,0.1437,0.2874,0.1322,0.2874,0.8448,0.6552,0.0977,0.0057,0.1609,0.0402,0.8793,0.6437,0.0115,-0.2644,0.7529,0.8621,0.0345,0.0805,0.0805,-0.0862,-0.2701,0.5517,0.0805,0.1667,-0.2241,0.4425,0.5402,0.5747,0.0862,0.5345,0.8391,0.4138,0.1954,-0.1609,0.6034,0.5115,0.2356,1.3851,3.3851,1.2759,2.5517,5.0517,1.8908,1.9023,2.8851,3.7241,4.2701,4.5172,1.2931,3.477,4.8391,4.0115,0.1667,0.3736,6.9713,3.7586,3.3391,0.8908,1.6552,0.6379,1.2011,2.5977,1.0747,1.046,1.3103,1.4425,2.092,2.3276,0.5115,1.7069,2.1322,1.8391,0.1782,0.8736,3.069,1.3391,1.5977,1.0057,1.3046,0.3966,0.7356,3.2471,0.6839,0.2644,0.8736,1.0747,2.5345,2.7069,0.6782,2,1.4713,1.7874,0.3851,1.0115,2.2701,0.6494,2.2759
negative53.txt_gi|149689138|gb|ABR27917.1,0.3731,0.6995,0.057,0.7306,1.114,0.886,1.0259,1.3834,0.6269,0.9585,1.2591,0.5855,0.943,0.3938,1.114,0.1036,-0.6166,1.4145,-0.1813,0.7979,0.8394,2.3109,1.8083,1.4715,3.2176,1.7202,1.4974,2.544,2.5907,1.7876,1.5648,0.8497,1.6114,2.1192,2.2176,0.6684,0.4819,3.8964,1.6425,1.285,0.513,1.3057,1.0881,1.7461,1.7202,0.6684,1.0777,2.3368,1.6373,1.171,0.8031,0.8238,0.6736,0.9378,2.5233,0.2694,-0.487,2.3886,0.9534,0.658,1.1036,0.8601,1.1347,1.715,2.114,0.5492,0.829,2.7617,1.6321,0.7358,0.9119,0.3109,1.0259,1.0052,3.2124,0.4922,-0.3782,2.4041,0.3212,0.4715,1.6062,4.0777,2.0725,1.601,4.5803,2.2176,2.0518,3.0052,3.6269,3.5751,3.6788,1,3.2591,2.9119,3.4197,0.8549,0.1192,6.1451,2.0466,2.5544,0.4456,1.3731,0.9741,0.9948,1.7513,0.8394,1.0674,2.0311,1.5337,0.8601,0.8808,0.7772,1.1399,1.2228,1.7409,0.114,-0.2073,2.2746,1.0466,0.5492,1.0933,0.9741,1.0466,1.3005,1.9482,0.7254,1.1399,2.6839,1.6788,1.0207,0.9793,0.4249,1.0777,1.114,2.7617,0.4922,-0.1969,2.3938,0.6477,0.7202,0.6166,2.0777,1.6166,2.4663,1.9585,1.7513,1.8756,2.8601,2.228,1.9793,2.5803,1.5907,1.9223,1.9482,3,0.0622,0.0207,3.3368,0.7306,1.399,0.9793,2.5285,1.7409,1.4249,3.1865,1.5803,1.6269,2.6425,3.2176,2.3679,2.2746,1.0725,2.3368,2.9223,2.7513,0.4974,0.2435,4.8342,2.7306,1.7306,1.0155,1.943,0.9171,0.8238,4.1762,1.3523,1.3938,1.6477,2.4352,3.171,2.7617,0.5337,1.9948,2.2539,2.3627,0.8497,-0.0259,3.9326,1.7927,2.6528,0.9534,1.9689,1.3316,1.2694,3.4456,1.3212,1.544,1.5544,2.6632,2.9067,2.1969,0.3161,1.6891,2.8394,2.0622,0.7824,0.6218,3.9741,2.2591,2.3264,0.2694,0.9637,0.9016,0.5026,1.1088,0.5337,0.7876,1.3679,0.5907,0.0104,0.1554,0.7461,0.7254,0.715,1.3264,0.3316,0.2073,1.399,0.2539,0.0466,0.5389,1.9534,1.1088,0.9896,2.342,1.513,1.6839,1.5544,2.0363,1.9482,1.715,1.1554,1.4974,1.5855,1.6736,0.4404,0.2124,3.3005,1.6425,1.6943,0.8808,1.9637,1.9067,1.0363,2.8187,1.2694,1.2798,0.7824,2.7668,3.3212,2.5492,0.1658,2.0259,3.4093,1.8446,0.7979,0.943,4.6995,3.0311,2.8808,1.1192,2.7513,2.0829,2.9793,3.3161,1.8497,2.3212,2.9585,2.5337,2.0881,1.9171,1.8549,1.7617,1.9378,4.0155,0.8653,-0.1192,4.0415,0.7876,1.5596,0.715,0.5233,0.4145,0.4922,0.5855,0.5544,0.4456,1.5181,0.6166,0.1192,0.2798,0.4508,0.2228,0.1917,0.9948,0.0933,-0.3523,0.9067,0.1399,-0.0415,0.3782,-0.4404,-0.3057,-0.1399,0.9741,-0.3005,-0.2487,0,0.3368,0.1554,0.1762,-0.4145,0.0311,0.2228,0.1399,-0.1813,-0.5337,0.8964,0.3679,0.5181,1.4663,3.715,2.7927,2.487,5.0363,2.456,2.3782,3.228,4.7617,4.4197,4.0881,0.6114,3.4611,5.171,3.7513,0.6218,0.285,7.7668,4.8705,3.5233,1.171,1.5544,1.3938,0.601,2.4819,0.7617,0.6321,0.4974,2.2591,2.4663,1.8601,-0.0363,1.9741,2.3161,1.5026,0.7202,1.4611,3.6788,2.3368,2.228,0.6528,1.601,0.7202,0.9689,3.1503,1.4404,1.2953,1.3834,1.7772,2.2228,2.0207,0.4093,1.4715,1.6373,1.399,0.4819,-0.114,3.1244,1.4922,1.8031
negative53.txt_gi|149689152|gb|ABR27928.1,0.4224,0.9193,0.6522,0.7516,1.0062,0.5342,0.7081,1.0311,1.0186,0.8758,1.1615,0.5404,1.2733,0.8571,1.1925,0.1242,0.1491,1.5342,0.6646,1.0311,0.795,2.1366,1.6522,1.5652,2.4099,1.4348,1.2857,2.1056,2.3851,1.2919,1.3975,1.1118,1.2981,2.2609,2.8261,0.4286,-0.0373,3.6646,1.6957,1.0248,0.4907,1.3913,1.8323,1.2671,1.0124,0.9255,1.2484,2.6335,1.4534,0.4534,0.2609,1.1988,0.2484,1.0994,2.0062,0.0559,-0.7081,2.118,0.8012,0.2298,0.8199,1.5217,1.4286,1.3789,1.677,0.7826,0.9441,2.7516,1.8261,0.2236,0.6149,0.8012,0.2236,1.2919,2.323,-0.1677,-0.7143,2.4472,1.1863,0.2112,1.2919,3.1366,1.7764,1.4037,3.2547,1.7329,1.354,2.1056,2.7081,3.3913,3.4783,0.9938,3.0994,2.2609,3.4161,0.9441,0.8385,4.4907,1.4783,2.7578,0.472,1.0248,0.8509,0.913,1.2671,0.7888,0.6398,1.5466,1.1739,0.8323,0.6335,0.8571,0.472,1.3665,1.7329,-0.0373,-0.6584,2.0621,1.1988,0.795,0.7329,0.9752,1.0497,1.0683,1.3789,0.7578,0.9379,1.9317,0.9689,0.0248,-0.0124,0.8758,0.0932,0.6273,1.913,0.205,-0.3913,1.4224,0.4348,-0.1304,0.677,1.677,1.3913,2.4658,2.4099,1.1739,1.5155,2.559,2.0745,1.8075,2.0683,0.795,1.5342,2.0559,2.9317,-0.0932,-0.646,3.5652,1.354,1.6522,0.9938,2.3043,1.7019,1.5404,2.3354,1.3975,1.1739,2.1242,2.4658,2.0745,2.0621,0.8199,1.646,2.8758,3.2422,0.1304,-0.2795,4.1553,2.323,1.5217,0.9255,1.5528,0.3851,0.5776,3.6522,0.4596,0.205,1.4037,1.7516,3.0186,3.1801,-0.1801,2.5404,2.1304,2.7143,0.2857,1.118,3.6584,1.1988,2.7516,1.0621,1.9379,0.6335,1.0435,3.1056,1.0186,0.5528,1.6832,1.9938,2.913,2.8323,0.1118,2.3851,2.0683,2.5714,0.6273,1.1739,3.9627,1.7391,2.677,0.2236,0.9317,0.8571,0.9503,0.1925,0.7391,1.0435,0.882,1.0559,-0.5155,-0.3043,1.2484,-0.0932,1.3913,1.5342,-0.0311,-0.472,1.5776,0.8323,-0.4534,0.8323,1.7329,0.6832,0.9876,2.2857,1.1615,0.8944,1.6894,1.8385,1.8882,1.9193,0.5404,1.7453,1.646,2.323,0.4845,0.7019,3.1677,1.5155,1.7764,1.2298,1.9068,1.1615,1.1863,3.1553,1.3478,0.528,1.8882,1.9565,2.9441,3.1801,0.205,2.5776,2.5155,2.6584,0.6894,1.6832,4.0745,1.6025,2.4658,1.7267,3.1429,1.9814,1.7205,3.2671,1.9317,1.8385,2.9938,2.913,2.5217,2.9255,1.9689,2.8944,2.7329,3.882,0.7453,0.2733,4.7267,1.7143,2.1615,0.3851,0.354,0.9814,0.7329,0.0497,0.1615,0.6025,1.1491,0.5031,-0.1304,-0.2733,0.1429,-0.0932,0.1304,0.7205,-0.0062,-0.0683,0.3975,0.118,-0.0497,0.2547,0.3043,0.1863,-0.3106,-0.1304,-0.2857,-0.0994,0.1491,0.4658,0.5031,0.2236,-0.4037,0.4969,0.9814,0.3602,-0.0559,-0.1491,0.6708,0.4037,0.5404,1.7267,3.354,2.0186,1.9441,4.6708,1.9255,1.2236,3.0932,3.9441,4.1677,4.4161,0.8012,3.6211,4.7578,4.7205,0.5155,0.7888,7.2236,3.9006,3.5901,1.0373,1.3727,1.3789,0.8758,2.2484,0.7267,0.2733,1.0683,1.7143,2.1491,2.2174,0.0311,1.7702,2.1429,1.9752,0.323,1.0373,3.0559,1.5528,1.882,0.9814,1.5031,0.5404,0.795,3.1615,0.6522,0.354,1.2547,1.7081,2.4534,2.5093,0.2422,2.2112,1.5093,2.1553,0.4161,0.9689,3,0.9627,2.2981
negative53.txt_gi|149689176|gb|ABR27947.1,0.551,1.4541,1.2041,1.2041,1.3112,0.9235,1.1276,1.4031,1.2806,0.5663,0.6939,0.9898,0.9898,0.4592,1.7602,0.2755,0.3929,1.8061,0.5969,0.5357,0.8265,1.6122,1.2245,1.602,3.3061,1.2449,1.3214,1.8724,2.3469,1.3265,1.6735,0.7347,1.551,2.051,3.0153,0.3061,0.4541,3.7602,1.4847,0.9439,0.3112,1.2449,0.5867,1.0357,1.1684,1.2245,1.3929,1.3724,1.449,0.75,1.0255,1.0102,1,1.3469,1.8061,-0.4592,-0.7908,2.1224,1.2296,0.1735,0.9796,1.148,1.3265,1.6939,2.0918,0.5,0.8214,1.699,1.7551,0.801,1.3061,0.4439,1.3878,2.102,2.4745,-0.25,-0.8776,2.852,2.148,0.1837,1.8469,3.4031,1.7449,2.2245,4.051,2.4133,1.6735,3.8316,2.5051,3.2194,2.9796,1.5918,2.8214,2.1531,4.051,1.1582,1.0153,4.9949,1.7551,2.648,0.5255,0.9898,1.0612,1.0867,1.4286,0.6122,0.6939,1.8878,1.6122,0.7041,0.949,0.2908,0.9796,1.6837,1.4643,0.0663,-0.301,2.199,1.5153,0.4184,0.7347,0.8316,1.3776,1.7449,1.2449,0.6327,0.8776,1.6327,1.6837,0.4337,0.3571,0.5561,0.6276,1.4184,1.8622,0.0102,-0.4082,1.7194,1.0255,0.0867,0.7602,2.1071,2.1071,1.9388,3.3878,1.6837,1.102,2.5153,2.3163,1.5918,2.1276,1.2245,2.3316,1.949,3.0918,0.0765,0.3112,3.8061,1.5969,1.3571,0.9031,2.2194,1.4337,1.9694,2.4541,0.9898,1.1684,2.3163,2.3367,1.2194,1.7959,1.0408,1.7449,2.3673,2.5867,0.1684,-0.2551,3.949,1.9643,0.8367,1.4133,1.4388,0.3214,0.7959,3.1837,0.6531,0.6888,2.0459,1.3163,2.5816,2.1735,0.3776,1.9439,1.102,2.2347,0.7908,0.9337,3.1378,0.5918,2.3061,1.4949,1.9847,0.6633,1.2398,3.0153,1.0765,0.8673,2.3469,1.5102,2.3827,1.8724,0.7245,1.7653,1.449,2.2653,1.1684,1.4031,3.449,0.7755,1.949,0.2602,0.5918,0.9847,1.0969,1.2245,1,0.6276,0.4898,1.1327,0.1173,0.5714,0.398,0.6122,1.3571,1.449,-0.1684,0.0255,1.5918,0.5102,0.102,1.1224,1.8112,0.8469,1.0969,3.0153,1.1582,1.1429,2.1582,1.5255,1.7194,1.6071,1.0102,1.4898,1.1327,2.4286,0.852,0.6633,3.0663,0.6684,1.2908,1.2347,2.0765,0.25,1.0969,2.4745,0.7194,0.9286,1.9133,1.4898,2.5,2.4898,0.852,1.9031,1.8316,1.8878,0.4949,0.9694,3.801,1.051,2.0357,1.7704,3.0969,2.6173,2.8265,3.2551,2.1122,1.9082,3.3878,2.4898,1.5867,2.0714,1.9949,2.4235,2.0918,4.3469,1.2296,0.3673,4.3367,1.5714,1.4949,0.4949,0.6327,0.5051,0.9235,0.8418,0.4031,0.8163,0.7959,0.5663,-0.0102,0.1276,0.551,0.1939,0.3367,1.4694,0.2143,-0.0408,0.8827,0.4388,-0.0306,0.2143,0.4847,-0.3061,0.1327,0.7296,0.2551,0.4847,-0.0408,0.7398,0.8367,0.5663,0.2041,0.3367,0.6531,0.9898,-0.051,0.199,0.9847,0.3929,0.6071,1.8929,3.1939,1.4847,2.1633,5.0663,1.5816,1.352,3.8265,3.3776,3.9439,3.7602,0.9541,3.3724,4.0918,4.1939,0.9031,1.0969,6.9439,3.0561,3.3622,0.8316,1.602,0.3418,0.8827,1.9745,0.3724,0.9031,1.602,1.1173,1.5663,1.5255,0.4694,1.148,1.4796,1.25,0.4898,0.6276,3.2296,0.9796,1.3929,1.1735,1.3622,0.5867,0.9184,2.3929,0.7041,0.898,1.5153,1.2245,2.1276,1.8469,0.4133,1.6327,0.9082,1.7245,0.5102,0.8622,2.3929,0.3265,1.9388
negative53.txt_gi|149689186|gb|ABR27959.1,0.3503,1,0.5381,0.9797,0.9949,0.7157,0.7868,0.7766,1.1218,0.8173,0.8426,0.4162,1.1523,0.9391,1,0.203,0.2944,1.6447,0.7259,0.8477,0.7208,1.3909,1.2792,1.4112,3.2995,0.797,0.9645,2.5939,1.797,1.2183,1.3096,0.5736,1.2843,1.7411,1.8883,0.1827,-0.0863,3.4975,1.1421,1.0203,0.6041,1.2081,0.9848,1.1117,1.5178,1.1675,0.9594,2.1574,1.3147,0.797,0.5228,1.0812,0.5787,1.0406,2.2081,0.2843,-0.4061,1.9442,0.7259,0.2893,0.6244,1.3604,1.4721,1.533,1.9543,0.8832,1.0355,2.3503,1.9645,0.7056,1.0152,0.7766,1.0102,1.6497,3.1168,0.4365,-0.4569,2.7157,1.3858,0.3401,1.3452,2.7919,1.7411,1.731,3.5939,1.5076,1.2437,2.0812,2.7766,3.4061,3.4721,0.9188,3.1777,2.5787,2.5584,0.9746,1.0914,4.467,1.7005,2.5736,0.8325,0.6294,0.7513,0.9898,1.7513,0.4873,0.5533,2.0102,1.1218,0.5381,0.4975,0.2843,0.5685,1.2538,1.4061,0.1117,-0.3807,1.9086,1.0152,0.6751,0.5178,0.7868,1.401,1.4822,1.4213,0.7868,0.5787,2.0305,1.3655,0.1117,0.132,0.6345,0.264,0.6091,1.9797,0.1777,-0.6599,1.5888,0.4365,-0.0558,0.6599,2.3706,1.7107,2.3147,2.797,1.3959,1.533,2.5838,2.4619,1.3807,1.3756,1.0711,1.5533,1.9036,2.7056,0.5482,0.5431,3.6041,1.4061,1.2792,0.9695,2.2437,1.4721,1.8782,2.934,1.2589,1.0964,2.7005,2.7259,1.9898,1.7513,0.797,1.6701,2.3147,2.467,0.4315,-0.0508,3.9086,2.0457,1.2843,1.0508,1.1777,0.2792,0.5939,3.0152,0.5939,0.599,1.2487,1.401,2.5076,2.4061,0.203,2.1574,1.7208,2.132,0.4061,0.7716,3.2335,0.9391,1.8579,1.1218,1.7766,1.0558,0.8883,2.4619,1.0558,0.9289,1.4822,1.9492,1.8832,1.8477,0.6497,1.797,1.2741,1.7157,0.7056,0.9137,3.0254,1.1574,1.5787,0.2538,0.3046,1.1168,1.0863,1.0051,0.2843,0.7868,1.335,0.6345,0.0914,0.1015,0.2741,0.1015,1.1066,1.2335,0.1066,-0.4061,1.1624,0.5431,0.1827,1.1066,1.6193,0.9645,1.2944,2.2335,1.0355,1.1168,1.736,1.7563,1.6244,1.5736,0.868,1.6193,1.7056,1.9898,0.4467,0.3553,2.8883,1.1015,1.2944,1.0711,1.8832,1.401,1.1827,2.8528,0.9086,0.5584,1.7766,2.0711,2.3096,2.0508,0.5076,2.2081,2.1421,1.8122,0.467,1.1066,3.7208,1.4213,1.5685,1.1726,2.4975,1.7513,2.6447,2.6751,2.3299,1.7462,3.0761,2.7462,1.4619,1.3249,1.6041,2.1117,2.1675,3.2132,1.2741,0.5482,3.731,1.9391,1.2792,0.6142,0.467,0.203,0.3604,0.6193,0.2487,0.3147,0.9188,0.6497,0.1726,0.1015,0.3655,0.2234,0.7157,0.9746,0.2843,-0.1168,0.7614,0.5533,0.2234,-0.0863,0.4924,-0.269,0.2234,0.4264,0.1472,0.1523,-0.2487,0.7259,0.6599,0.5178,-0.0254,0.665,1.264,0.1777,0.0406,0.0558,1.0355,1.1218,0.8832,1.4518,2.868,1.8731,2.0152,4.7563,1.6447,1.0964,3.3503,3.8528,3.2944,3.0914,0.5736,3.1523,4.3096,3.5076,0.5939,0.8782,6.2538,3.6345,2.8223,0.8579,1.4213,1.1218,0.9188,2.6954,0.4467,0.1421,1.6294,1.7766,1.5533,1.3655,0.0457,1.3909,1.599,1.3807,0.2081,0.6954,2.9188,1.2589,1.2944,0.8376,1.2081,0.5076,0.7614,2.6294,0.7614,0.6345,0.7411,1.3959,1.868,1.7716,0.5228,1.9239,1.3553,1.3401,0.3756,0.8274,2.5431,0.9289,1.6447
negative53.txt_gi|149898822|gb|ABR27876.1,0.0984,0.9326,0.4352,1.1451,1.171,0.6839,0.7513,0.8031,1.0881,0.7979,0.8549,0.4249,1.0155,0.6839,1.0259,-0.1036,-0.0881,1.4352,0.6166,0.8394,0.6943,1.8808,0.9171,1.6425,2.6839,1.0777,1.5337,2.0104,1.829,1.4456,1.5285,0.772,1.3161,2.0984,2.6425,0.3834,-0.0518,3.3886,1.4352,1.2073,0.1347,0.4767,0.2539,0.8756,1.1762,0.0363,0.4249,1.9896,0.8549,0.7876,0.7927,0.4093,0.5389,0.9896,1.4974,-0.1295,-0.886,1.9067,0.7772,0.3368,0.8342,0.9326,0.6736,1.1554,2.2332,0.4145,1.0259,2.2798,1.6425,1.0155,1.285,0.4508,0.8394,1.6373,1.9793,-0.0777,-0.7047,2.5751,1.1813,0.9689,1.2746,3.4041,1.7513,1.7202,3.6736,1.715,1.6218,2.0622,2.2539,2.9275,3.1969,1.0933,2.6166,2.1347,3.2487,0.772,0.6269,4.4767,1.3679,2.3212,0.285,0.7668,0.2073,0.8912,1.0777,0.2694,0.6166,1.3472,1.0622,0.7565,0.829,0.2228,0.6477,1.4456,1.5751,-0.1088,-0.715,1.772,1.0363,0.7358,0.6684,0.9119,0.3886,1.3834,1.2228,0.7513,1.0777,1.7979,0.9637,0.9534,0.8187,0.5959,0.658,1.1658,1.7202,0.399,-0.3472,1.8653,0.7254,0.6995,0.513,1.8705,1.0725,2.1036,3.0415,1.1503,1.3575,1.8964,1.9948,1.4663,1.8083,1.0259,1.4508,2.285,2.7824,0.1399,-0.7979,3.2902,1.0933,1.2746,0.4249,1.9275,0.7565,1.3886,2.0881,0.9171,1.0984,2.4819,1.4611,1.5855,1.8394,0.8135,1.8083,1.6788,1.9793,0.0933,-0.2902,2.9741,1.1244,1.4352,1.1606,1.7306,0.4404,0.9223,3.1347,0.6269,0.4974,1.456,1.2798,2.5803,2.6477,0.2228,2.1399,1.8808,2.6477,0.5285,1.2435,3.285,1.0311,2.1658,1.2021,2.2798,0.9637,1.2383,2.9585,1.2746,1.0466,1.6114,1.6477,2.3316,2.1658,0.8808,1.9067,1.4145,2.456,0.9223,1.3575,3.4145,1.2798,2.1036,0.2487,0.3264,0.4611,1.3523,0.7927,0.1244,1.0725,0.9793,1.2073,-0.114,0.0674,0.0415,0.0259,1.4093,1.3679,0.0518,-0.5181,1.4456,0.8135,-0.0829,1.0155,1.8964,0.6062,1.1399,2.2332,1.114,0.9326,1.6166,1.3264,1.6269,1.772,1.0052,1.5285,1.1969,2.2591,0.4456,0.6839,2.715,0.8808,1.5544,1.171,2.0725,0.9793,1.2124,2.7668,1.3938,0.9223,1.6477,1.2539,2.4663,2.3575,0.8549,2.0311,1.6269,2.513,0.5751,1.5959,3.3886,1,2.3834,1.2539,2.7461,1.4508,2.5026,3.4197,1.5907,1.8705,2.7617,2.2487,2.3938,2.3834,1.3627,2.3161,2.4819,3.2021,0.9016,-0.1347,4.3057,1.7409,1.8031,0.2124,0.3472,0.2332,0.5389,0.2021,0.2539,0.2435,0.6788,0.8135,0.3109,0.3005,0.2073,0.2228,0.5803,0.6995,-0.2487,-0.8187,0.8446,0.6477,0.2539,-0.0363,0.057,-0.4663,-0.0622,0.2746,-0.228,-0.0984,0.0777,0.2902,0.6736,0.487,-0.5855,0.5492,0.7927,0.4301,-0.2332,-0.6218,0.8808,0.7772,0.513,1.487,3.3834,1.5803,2.0311,4.8446,1.8135,1.4301,2.8756,2.9793,3.5078,3.5078,1.0363,3.0207,3.5544,4.0518,0.5907,0.9016,6.1969,2.9223,3.057,0.7358,1.4819,0.9171,0.8549,2.0415,0.7979,0.3886,1.3627,0.9948,1.3886,1.2642,0.487,1.2176,0.7306,1.6269,0.1295,0.8446,2.0881,0.5389,1.3575,0.9482,1.5803,0.342,0.7772,2.8912,0.6995,0.5699,1.1451,1.0777,2.2435,2.3523,0.4249,1.8912,1.2798,2.3368,0.5596,1.228,2.7047,0.8808,1.9378
negative53.txt_gi|149898908|gb|ABR27958.1,0.4522,1.3652,0.313,0.713,1.9826,0.7478,0.7652,1.3826,1.1217,0.5478,1.3565,0.8696,0.9913,0.9043,2.3217,-0.0957,-0.2522,2.0087,0.8,0.6174,1.1913,2.6435,1.513,2.2261,3.7391,1.6957,1.8957,3.3739,2.5478,0.8957,1.2783,1.7913,1.5478,1.2957,2.9652,1.1043,0.5739,4.0348,1.287,0.9043,-0.1304,1.1565,1.487,0.7043,1.1913,1.9826,0.5043,2.0957,1.8957,0.6783,0.9043,0.6435,0.8174,1.5826,1.2522,-0.1478,-0.2783,2.6087,2.2957,0.113,0.7391,1.4174,1.9391,1.3826,2.0783,1.0348,0.4435,3.4696,2.7913,1.087,1.3391,0.4609,0.8783,2.6522,1.5391,0.1478,-0.2783,3.5826,3.0522,0.3913,1.1913,3.1739,1.1043,1.6696,3.8783,1.3304,1.7478,3.3565,2.6,2.8261,2.8957,2.1652,2.6174,2.5565,3.1217,0.4174,0.1478,4.7304,1.9826,2.5826,1.1565,1.2957,0.9652,1.0957,2.2261,0.9304,0.7652,2.1565,1.3304,0.8261,1.0435,0.6087,0.8783,1.0174,1.6522,0.5826,0.113,2.0783,0.913,0.6087,0.7913,1.4522,1.0087,1.1043,1.9391,0.8783,0.7217,2.313,1.513,0.9304,0.9043,1.087,0.8522,1.1391,1.5739,0.2522,0.1913,2.1043,1,0.3391,1.2957,3.3913,1.4435,1.9913,3.8783,2.1826,1.8522,4.3217,3.8261,2.1391,2.287,1.7217,2.0957,2.5913,4.8609,0.0435,-0.5043,5.3391,2.6261,2.2348,1.4696,2.7043,1.2261,1.5304,3.1652,1.4522,1.5478,3.3826,2.8261,1.487,1.8435,1.7913,2.0435,1.9826,2.6957,0.9478,0.0087,4.687,1.9304,1.1304,0.6783,1.0348,0.6609,1.5217,1.8,1.0435,0.9913,1.6522,0.6348,1,1.7043,1.1478,1.487,0.9739,1.7304,0.3304,0.6522,2.487,-0.0435,0.9913,1.2348,1.513,0.4522,1.0783,2.6087,0.8609,0.9043,2.2348,1.0522,1.2783,1.6,1.3478,1.287,1.1739,2.113,0.887,0.8261,2.6261,0.6174,1.4435,1.0261,1.6696,1.513,1.3565,2.3478,1.0783,1.0783,2.4696,1.6783,0.6522,0.9391,0.9826,1.3913,0.6957,1.4087,1.0957,0.6522,1.9913,0.513,0.5739,0.9652,1.4957,0.3826,1.3652,1.8609,0.8696,1.3217,1.8609,1,0.7217,1.1913,1.5826,1.0522,0.9304,2.113,0.7826,0.6261,2.2609,0.487,0.8435,1.5391,1.5913,0.1043,0.7478,1.7826,1.2348,1.5913,2.2,1.7913,1.6087,1.4174,1.0609,1.3826,0.5739,2.6,0.9478,0.5217,3.287,0.4609,1.0261,1.8,3.3217,2.0261,3.2348,3.3217,2.5565,2.3739,3.6696,3.8957,0.1913,0.6609,1.713,0.9826,2.1304,3.8174,1.0696,-0.313,4.5304,2.1739,0.0783,-0.2,0.5652,0.5826,0.6348,1.1652,0.7217,0.4696,0.9391,0.6435,0.2957,0.487,0.0261,0.3739,0.7565,0.6,-0.2087,-0.5478,1.1478,0.7043,-0.0348,-0.3043,0.1565,-0.5304,0.5739,0,0.8435,0.5826,-0.1043,0.1217,0.0957,0.1826,0.4609,0.3826,1.3478,-0.0696,-0.2696,-0.7913,0.7913,1.1217,0.1304,2.7652,3.5304,1.4957,2.087,4.8087,2.0783,2.1043,5.3043,3.5217,3.7043,3.3391,1.8087,2.8696,2.8348,4.2696,0.913,0.2783,6.3217,1.7826,2.8696,1.5565,2.0696,0.5391,0.6609,1.7652,0.5739,1.313,2.1478,1.7043,1.2957,1.1913,0.7652,1.1478,0.7739,1.8957,1.0435,0.487,3.313,0.3826,0.7304,0.5217,0.7826,0.0435,1.3478,1.6957,0.4957,0.7304,0.887,0.4261,0.913,1.4783,0.9565,1.0696,1.2348,1.3304,-0.0261,0.3217,1.9391,0.4174,0.7478
negative53.txt_gi|33518669|gb|AAQ20817.1,0.4244,0.9942,0.0058,0.5523,1.1977,0.6453,0.7558,0.7558,1.0581,1.4419,1.7326,0.6221,1.2558,1.064,1.3605,-0.0058,0.0233,1.7791,0.8779,1.2965,1.0058,1.4535,0.6628,0.8023,3.0291,0.5407,0.6686,2.3721,1.7442,1.6163,1.6628,0.4884,1.1686,1.8895,2.2035,0.4651,0.2384,3.0814,1.4593,1.4302,0.4767,0.5988,1.0407,1.0233,1.9419,-0.1919,0.25,1.8023,1.1337,0.6279,0.2384,0.4244,0,0.75,1.1395,0.1628,-0.1686,1.5872,1.0291,0.314,0.6395,1.064,1.9593,1.843,2.2558,0.2733,0.8605,1.9535,1.8779,0.8081,0.4709,0.4244,0.2442,1.157,2.3721,0.4302,-0.0407,2.186,1.2326,0.3547,1.4186,3.1221,1.1802,2.2849,3.0407,2.3547,2.2733,2.8663,2.9942,3.2326,3.2035,2.1686,2.5465,2.2035,3.3953,0.7093,0.314,4.5174,1.9012,2.4419,0.3953,0.6221,0.2384,0.3721,1.8953,-0.3488,-0.0988,1.4593,0.6105,0.9128,0.843,0.0291,0.3779,1.2384,1.4302,-0.1977,-0.2267,2.0233,0.7965,0.6686,0.5698,0.9477,0.5407,1.1047,2.1047,0.0407,0.564,1.4419,0.8953,0.7442,0.6744,0.0523,0.2965,1.1628,1.5349,0.157,-0.0988,1.8023,0.7035,0.5291,0.8198,1.7791,1.3023,1.9884,3.0233,1.2093,1.4767,2.0465,2.5465,2.1686,2.2965,1.0698,1.6802,2.1395,3.0756,0.2733,0.2267,3.5523,1.6163,1.8023,1.2384,1.4826,0.8488,1.0756,2.9477,0.4419,0.8081,3.2616,1.8895,1.7849,1.7674,0.564,1.1744,1.8721,2.4012,0.3895,-0.0233,3.5581,1.7791,1.4535,1.2326,1.6163,0.4651,0.5872,2.8372,0.7442,0.686,1.5407,1.5291,3.0814,3.0814,0.5814,2.3256,2.436,2.5988,0.75,0.8372,3.6395,1.5291,2.6628,1.3023,2.0465,0.7151,0.9942,2.7616,1.2849,1.2616,1.7616,1.8081,2.5698,2.7267,1.1337,2.1744,2.1105,2.5,1.0116,0.9302,3.593,1.5291,2.2442,0.3605,0.3953,0.157,0.2965,1.9419,-0.1802,0.2093,1.0756,0.8314,0.907,0.9651,0.0581,0.6628,1.5291,1.0872,0.0581,0.0233,1.7267,1.064,0.7733,1,1.4651,0.2384,0.686,1.75,0.8779,0.7965,1.4477,1.2442,1.8547,1.9012,0.8256,1.4709,1.8198,1.657,0.5407,0.2791,2.6977,1.157,1.5174,1.1395,1.6221,0.6628,0.4012,2.1802,1.0988,0.6744,1.7965,1.6512,2.4709,2.6221,0.8372,2.1279,2.1977,2.3081,0.9012,0.8081,3.5465,1.5523,1.843,1.2674,2.564,1.2674,2.3314,3.5233,1.2209,1.5581,2.7326,2.6163,2.2849,2.4012,1.4419,1.9535,2.407,3.8081,0.7326,-0.1047,4.2267,2.0058,1.8488,0.2616,0.5698,0.3081,0.657,0.6453,0.2442,0.564,0.8314,0.814,0.564,0.4651,0.3488,0.3314,0.5814,0.9535,-0.0523,-0.0116,1.0349,0.7151,0.593,-0.0872,0.1163,-0.3837,-0.0523,0.25,-0.3721,0.0291,0,0.314,1.0407,0.8198,-0.2907,0.686,1.3663,0.1512,-0.1686,0.1221,1.1221,0.7035,0.7442,1.7558,2.8837,1.2442,1.6279,4.2267,1.5872,1.4651,3.3023,3.4826,3.814,4.0523,1.3256,3.0233,4,4.0291,0.7558,0.3953,6.2733,3.343,2.9767,1.1453,1.4128,0.5988,0.3488,1.8663,0.6977,0.8023,1.8198,1.3895,1.6279,1.9826,0.7151,1.3488,1.4244,1.9244,0.5465,0.25,2.7442,1.4012,1.2907,0.9186,1.4186,0.4012,0.7035,2.2907,0.8081,0.7791,1.1744,1.25,2.3895,2.5523,0.5058,2.0523,1.8314,2,0.6744,0.6512,2.9709,1.2384,2.0116
negative53.txt_gi|33518673|gb|AAQ20819.1,0.6056,0.9056,0.6222,0.8,0.8444,0.65,0.7556,1.0333,1.2444,0.9389,1.1389,0.2389,1.1056,1.1667,1.1,0.0333,-0.0444,1.8333,1.0056,0.9722,0.7722,2,1.2056,1.6611,2.5,1.2,0.9389,2.2222,2.3056,1.9778,1.8333,0.5556,1.5389,2.85,2.8444,0.2444,0.1167,3.8667,1.95,1.5833,0.6333,1.3722,1.3222,1.6833,1.2889,0.6333,0.5889,2.0944,1.8056,0.6833,0.6111,0.8222,0.6833,1.4667,1.8278,0.2056,-0.4111,2.7111,1.1778,0.5056,0.8611,0.9167,1.6,1.9833,1.7389,0.2611,0.6111,2.4778,1.8944,0.2,0.6056,0.3611,0.35,1.8333,2.2778,0.3111,-0.2889,2.7278,1.5389,0.0056,1.1111,3.0722,2.0889,1.5222,4.3444,1.8667,2.2,2.85,3.3111,2.5444,2.7333,0.7833,2.4556,2.9556,3.3667,0.8722,0.3778,5.1056,2.5167,2.1444,0.6167,0.8722,0.7556,1.2444,1.5,0.55,0.3778,1.7333,1.3167,1.0167,0.9556,0.3222,0.6667,1.6056,1.6444,-0.0056,-0.5333,2.1889,1.2389,0.8722,0.7444,0.7056,0.9444,1.5667,1.5722,0.4444,0.0889,1.8944,1.3333,0.7,0.8167,0.1056,0.5278,1.4611,2.0444,0.1389,-0.3667,1.9278,0.7,0.5056,0.9389,2.1389,1.9278,2.4222,2.3167,1.5444,1.6278,2.7222,2.9333,1.8389,2.0722,1.1389,1.9,2.4111,3.2556,0.3333,0.2389,4.3278,1.9944,1.5444,0.9222,2.5333,1.7444,2.2,2.9111,1.4278,1.2111,2.9556,2.9222,2.2333,2.1667,0.6778,1.7056,2.8,3.1833,0.4389,0.1222,4.6778,2.3278,1.7667,1.0167,1.7278,0.2944,0.1778,3.6222,0.6722,0.7444,1.8778,1.6833,2.3222,2.3278,0.3056,2.0611,1.9778,2.5111,0.3333,0.3056,3.6278,1.1889,2.1,0.9889,2.1889,0.9,0.3167,3.3389,1.0167,1.1667,1.9056,2.0944,2.2722,2.0111,0.7056,1.9556,2.1556,2.6111,0.5111,0.8167,3.8333,1.7111,2.0833,-0.1556,0.4833,0.3,1.2056,0.1333,0.3333,0.3611,0.5056,0.7389,0.5722,0.6667,0.3722,0.3667,1.4111,0.9111,-0.4,-0.4,1.3167,0.5889,0.3333,0.7333,1.7556,0.7222,0.7,2.7778,0.95,1.25,1.85,1.85,1.6833,1.7611,0.6167,1.5333,1.7556,2.3278,0.4056,0.25,3.1556,1.3667,1.4111,0.9278,2.3722,1.5944,0.4944,3.6,1.1278,0.9278,2.5,2.5278,2.9278,2.4278,0.4889,2.1,2.7611,3.2167,0.4,0.9944,4.7278,2.2667,2.5056,1.5833,2.9,1.7222,2.0833,3.1667,1.8389,1.6944,3.4889,3.3167,2.5556,2.3444,1.2778,2.1111,2.8556,4.3833,0.6278,-0.3333,5.15,2.4333,1.9167,0.5333,0.3333,0.6444,0.9556,-0.1111,0.2389,0.1278,0.9556,0.65,0.1611,0.0222,0.1278,0.0611,0.6167,0.7278,0.1111,-0.3167,0.6944,0.4389,0.1222,0.4778,0.7167,-0.4833,-0.1389,-0.4333,0.1111,-0.1889,0.15,0.4278,0.6667,0.2833,0.3833,0.6222,0.8278,0.6833,-0.1667,-0.1833,0.8389,0.4667,0.5222,1.5889,3.7167,2.4444,1.9556,5.4,2.4222,1.8889,3.9444,4.8222,4.1056,4.0056,0.8278,3.3611,5.1944,5.0889,0.5,0.6611,8.1556,4.7111,3.4833,0.7944,1.7333,1.2833,0.5278,2.9333,0.65,0.4111,1.5444,2.2,2.4944,2.0222,-0.0444,1.5056,2.7944,2.1778,0.1278,0.6778,4.0111,2.4611,2.1722,0.9389,1.6167,0.3,0.4111,2.7722,0.6778,0.8056,1.4778,1.6444,1.6722,1.7389,0.5833,1.6222,1.5222,2.1556,0.3167,0.4722,2.9889,1.0278,1.5333
negative53.txt_gi|33518677|gb|AAQ20821.1,0.3389,0.7333,0.2722,0.65,0.8222,0.5389,0.7278,0.6333,0.9889,0.9389,1.0333,0.2778,1.1778,0.6444,1.0556,0.0333,0.1444,1.3222,0.4667,0.8778,0.7556,1.8667,1.7722,1.6889,2.1944,1.3889,1.6,2.2389,2.1389,1.2056,1.0667,0.9056,1.1611,2.0889,2.5,0.5444,-0.2,3.4333,1.7167,0.8278,0.6778,0.9,1.3,1.1889,1.5444,0.5889,0.6444,2.1444,1.3944,0.5833,0.5278,0.5278,0.4444,1.5167,1.6556,0.0778,-0.1944,2.1667,1.1222,0.3722,0.7722,1.0056,1.3111,1.6444,2.3778,0.0889,0.7,1.7111,1.4,0.8778,1.0278,0.0278,0.5944,1.9278,2.9778,0.3333,-0.0556,2.5944,1.3778,0.4611,0.9944,3.3667,1.3278,1.5333,3.5222,1.8611,2.0056,2.1611,2.8944,2.9,3.0611,1.15,2.6278,2.7944,3.2389,0.7556,0.8889,4.8222,2.0944,2.15,0.6944,0.6444,1.25,1.2611,1.3611,0.6556,0.75,1.9722,1.1556,0.4056,0.3556,0.1778,0.4389,1.3056,1.4278,0.1611,-0.6444,1.9667,1.1556,0.3889,0.7944,0.6667,1.1056,1.5111,1.8889,0.4167,0.5111,2.15,1.1333,0.4722,0.4333,-0.25,0.4389,1.6667,2.1222,0.1167,-0.6611,2.2778,1.3111,0.2444,0.5389,1.7556,1.0278,1.6444,2.9667,0.8944,1.1778,2.2889,2.1222,2.35,2.0778,0.9056,1.9389,2.6333,2.6944,-0.0889,0.3167,3.8778,1.6722,1.95,1.1222,1.7667,1.6333,1.9167,3.1944,1.0833,1.1556,3.0111,2.2778,1.8944,1.8444,0.3833,1.4667,2.7167,2.8167,0.3556,0,4.0056,2.05,1.45,0.6222,1.5944,-0.0056,0.6944,3.5111,0.5833,0.6111,1.4389,1.7889,3.6278,3.2667,-0.2278,2.4167,2.6611,2.5611,0.3167,0.3167,4.0167,1.7944,2.6611,0.7444,1.7944,0.4556,0.7278,2.8722,0.9833,0.8056,1.6556,2.0778,3.0167,2.4444,0.1833,1.9556,2.1167,2.3,0.35,0.4389,3.6611,1.8111,2.4111,0.3444,0.3444,1.3,0.8333,0.35,0.6944,0.6667,1.1778,0.8556,-0.3944,-0.3556,0.3333,0.0778,0.7667,0.5889,0.2889,-0.3889,1.1778,0.6444,-0.4,0.6778,1.6111,0.4611,0.7722,2.1389,1.1167,1.1167,1.8,1.7444,2.2333,1.9556,0.6444,1.5722,1.7333,1.95,0.1611,0.0389,3.1111,1.3556,1.7278,0.65,1.5444,0.6667,0.8833,3.2944,0.6556,0.3444,2.2,2.4222,3.9278,3.1778,-0.1389,2.5,3.5333,2.8611,0.0611,0.6111,4.5667,2.5278,2.9444,1.3667,2.5333,1.7556,2.1333,3.3722,1.7278,1.9944,2.9056,2.8722,2.5833,2.1111,1.05,2.3611,2.9389,3.8389,0.9556,-0.0167,4.8389,2.1778,1.8278,0.8389,0.4056,0.4111,0.5611,0.4944,0.3889,0.7667,0.95,0.6833,-0.4056,-0.3889,0.2778,-0.1222,0.3222,0.7389,0.3056,-0.3778,0.7444,0.5722,-0.2722,0.1,0.3111,-0.6167,-0.3556,-0.0056,0.0722,-0.1056,-0.2167,0.4333,0.5444,0.5667,-0.0556,0.45,0.9056,0.3278,-0.3111,-0.4333,0.9444,0.7167,0.4111,1.2111,2.8667,1.6944,2.05,5.1167,1.5056,1.4111,3.5333,4.0833,4.6,4.1333,0.3222,3.4222,5.3444,4.4889,0.2222,0.4056,7.3278,4.3056,3.4722,0.7056,1.0667,0.9778,1.1333,2.7889,0.4,0.2222,1.9167,2,2.4444,2.0222,0.0444,1.55,2.5,2.1889,0.1667,0.5889,3.3944,1.8889,1.8944,0.5722,1.3111,-0.0222,0.5778,2.9778,0.5778,0.6111,0.9889,1.3444,2.6278,2.3278,0.1444,1.8833,1.5444,1.7611,0.2722,0.6944,2.9167,1.1333,2.0556
negative53.txt_gi|33518711|gb|AAQ20838.1,0.7881,1.2583,0.2252,0.6755,2.5563,1.1457,0.8874,1.0199,0.7483,1.5232,1.4702,1.1921,1.2318,0.3245,1.1126,0.3444,1.0861,1.3642,0.2517,1.3775,0.9007,3.0199,1.3576,1.7682,4.9536,1.8742,1.3444,2.9404,3.1192,2.1391,2.2517,1.3775,2.4768,2.8477,3.457,0.7947,0.8212,5.3841,2.3775,1.7285,0.0662,1.5497,1.1325,0.8675,2.1523,1.0199,0.7152,1.755,1.6954,1.0066,0.5894,0.7815,1.1589,1.1457,2.0861,-0.2252,-0.245,2.2649,1.5828,1.1921,0.7351,2.404,2.053,1.9603,3.5894,1.2384,1.3046,2.7748,2.6954,1.2119,1.2715,0.702,1.6954,2.2384,4.0066,0.0596,-0.1325,3.3775,1.7086,1.2715,2.3775,4.7483,1.9272,3.5497,5.5762,4.1788,3.2252,4.2053,3.5232,3.9603,3.4238,2.6556,3.1325,1.8146,4.5828,1.4768,1.5828,5.351,1.106,2.5298,0.8874,2.0927,0.9801,1.6424,2.8212,1.4503,1.2318,2.6026,2.1391,1.4172,1.5364,1.0331,1.5298,2.0662,2.4305,0.3642,0.3113,3.0199,1.8212,1.1391,0.947,1.6225,1.3046,1.2517,3.0993,1.0331,0.8675,2.2848,1.7682,1.7285,1.6291,0.8742,1.404,1.9934,2.7748,-0.1258,-0.2384,2.457,1.3841,1.351,1.1126,3.8411,1.5629,2.404,4.3775,2.9139,2.4172,3.2517,2.6358,1.4437,1.6954,2.5629,1.6291,2.2715,3.3311,1.1589,0.7152,4.9868,1.8675,0.9272,1.1192,3.0596,1.7086,2.4305,3.543,2.1589,2.2715,3.2583,2.7086,1.7417,2.3907,1.8013,2.2252,2.7748,2.5232,0.7219,0.7086,5.4172,2.3841,1.2517,1.4437,2.3709,0.7881,1.3245,3.3113,1.755,1.4967,2.9007,2.3974,3.0331,3.0927,0.9272,2.3841,1.755,2.5695,1.1589,1.4172,2.8278,0.7152,1.5894,1.3841,2.5232,1.1523,1.4768,3.351,1.8808,1.5497,3.2914,2.5166,2.8146,3.1589,1.2119,2.596,2.0066,2.9139,1.457,1.543,2.9536,0.6291,1.5497,0.2848,1.3113,0.7881,0.9139,2.6026,0.8212,0.3841,1.4834,1.5099,0.947,0.7815,0.7152,1.4901,1.7152,2.4768,0.0927,0.0132,2.2715,1.351,0.6887,1.2517,2.7748,1.4172,2.1921,2.5828,1.8675,1.8675,3.4371,2.1457,1.5364,2.0265,1.9007,1.4636,1.3907,2.9603,1.7086,0.6556,2.5232,0.5497,0.6026,1,2.4371,1.2252,1.947,2.5298,2.053,2.3179,3.1258,3.0927,1.4371,2.1258,1.1921,1.947,1.1457,2.6159,1.1722,1.2583,4.053,1.0993,0.4437,1.2848,3.3377,2.2914,3.9272,4.3907,2.6358,2.0397,3.1523,2.4636,1.8477,2.0662,1.9603,2.3974,1.5232,3.9801,1.0199,0.9139,4.0861,0.4172,2.2318,0.2119,0.8212,0.8344,0.2848,1.9934,0.4636,0.0662,0.4305,0.5298,0.8013,0.8146,0.245,1.0066,0.6755,1.2119,-0.0132,0.106,0.8212,0.5695,1.1192,0.3444,0.3311,-0.3642,0.4238,1.7351,-0.1722,-0.0596,0.5894,0.6424,1.0331,1.0861,-0.3642,1.1722,1.8146,1.0728,-0.0331,-0.1987,0.9073,1.106,1.0596,1.755,4.0728,0.9073,2.1391,5.4834,2.1854,2.1126,3.6623,4.2715,4.0861,4.4371,1.0795,3.649,4.5497,3.4901,1.1258,1.1126,7.6556,3.6291,3.053,1.0199,1.6821,0.4437,1.0199,2.2517,0.8808,1.404,1.351,1.9338,0.947,1.8675,0.6093,1.2252,1.3444,1.1854,1.1523,0.8543,3.6821,1.6093,0.702,0.7483,1.755,0.6689,0.8146,2.596,1.3179,0.9536,1.5629,1.543,2.7417,2.9669,0.6887,2.2781,1.2914,1.4768,0.9338,1.2318,2.4702,0.4834,1.6093
negative53.txt_gi|34421652|gb|AAQ68063.1,0.7458,0.8362,0.6215,0.8814,1.339,0.4802,0.4915,1.1638,1.1695,0.9718,1.0226,0.2034,1.096,1.0847,1.0452,0.2599,-0.0226,1.5367,0.8362,0.8588,0.7966,2.3446,1.3277,2.0508,3.1186,1.6158,1.5876,2.3503,2.6667,1.3842,1.6497,0.8814,1.4802,2.5424,3.0904,0.4294,-0.1582,3.9944,1.9831,1.0452,0.5028,1.1186,1.1525,1.8418,1.0847,1.0395,1.4294,1.9831,1.9435,0.5537,0.8418,0.7345,0.7514,1.6102,2.2655,0.3051,-0.6497,2.1582,1.3729,-0.0056,0.7627,1.3785,1.8079,2.3898,2.6215,0.9944,1.548,2.4294,2.3842,0.9492,1.4181,0.2373,1.2429,2.4068,3.0395,0.1186,-0.8757,3.1243,2.1017,0.1356,1.4124,3.339,2.0113,1.887,4.5085,1.9661,1.9944,3.0282,2.9831,3.1638,3.1582,1.5593,2.8983,2.8757,3.791,1.2316,0.2599,5.1808,1.9718,2.1243,0.7345,1.2712,0.6554,1.2994,1.8814,0.9096,0.8701,2.0226,1.4915,0.5932,0.8927,0.9831,0.678,1.3559,2.1864,0.1638,-0.226,2.2034,1.0904,0.452,1.0169,1.2881,0.9266,1.8814,1.791,0.7571,1.0113,1.8192,1.6328,0.7345,0.9096,0.5367,0.7006,1.6441,2.2655,0.2655,-0.2373,2.0113,1.2316,0.1921,0.8192,1.9209,1.8475,2.5254,2.5537,1.5819,2.1186,2.4802,3.209,1.9605,2.0282,1.0508,1.7232,2.9605,2.8757,0.2147,0.0734,3.9661,2.1751,1.2542,1.0282,2.7345,1.6102,2.4181,2.8475,1.4633,1.6215,3.3107,2.7458,1.7175,2.0282,1.3785,1.7684,2.6102,2.9435,0.4124,0.0791,4.5932,2.2994,1.2203,0.7458,1.6836,0.0452,0.5198,3.5311,0.5537,0.4463,1.7119,1.5085,2.7401,2.7119,0.1921,2.1751,2.2316,1.7006,-0.0226,0.0395,3.6723,1.1751,2.0395,1.0056,2.3051,0.8079,0.9548,3.5819,0.9605,0.7797,2.1864,2.0169,2.4802,2.1299,0.8418,1.8305,1.887,1.8249,0.6215,0.8475,4.0169,1.4237,1.9605,0.2768,0.9548,1.1695,1.339,0.7627,0.9266,0.791,1.1412,1.1299,0,0.4124,0.4859,0.3051,1.6271,2.1525,0.1412,-0.1638,1.2825,0.7853,0.0226,0.904,2.1582,0.7684,1.3616,2.565,1.113,1.1638,2.1864,1.7966,1.5932,1.5819,1.1073,1.4237,1.8305,1.8192,0.6441,0.2147,3.2712,1.3164,1.1525,0.9492,2.4124,1.0904,1.5367,3.661,1.3785,0.9605,2.3333,2.3559,2.8418,2.5367,0.9153,2.3107,2.5989,2.1073,0.548,0.774,4.9266,2.0621,2.2994,1.4689,3.0452,2.0678,2.9661,3.113,2.4407,2.3333,2.9096,2.8644,1.9322,2.3672,1.9774,2.7119,2.6949,4.113,1.0169,0.0113,4.2655,1.5819,1.4124,0.6949,0.3955,0.5141,0.7514,0.3446,0.548,0.5876,0.5763,0.8531,-0.226,0.0056,0.2825,0.1695,0.565,1.2486,0.1412,-0.7119,0.5367,0.5706,-0.0904,-0.1469,0.2825,-0.7119,-0.3277,-0.5028,0.1469,-0.0847,-1.0452,0.2429,0.1977,0.5028,-0.1299,0.2316,1.1751,0.2994,-0.3277,-0.4746,0.5311,0.7401,0.0339,1.6554,3.5706,1.5876,2.3842,5.565,1.8983,1.661,3.5537,4.226,4.3842,4.0734,1.0847,3.565,4.9548,4.1073,0.3164,0.1864,7.8305,4.2203,3.3333,1.0508,2,0.6893,1.1412,2.9322,0.7853,0.6045,1.7175,2.0169,1.9605,1.8814,0.7684,1.8305,1.8588,1.5989,0.3277,0.7458,3.9209,1.8531,1.7797,0.6836,1.5593,0.2034,0.6836,2.4746,0.6045,0.4576,1.1525,1.0565,1.678,1.6893,0.3842,1.2938,1.435,1.1751,0.113,-0.0508,2.2373,0.5367,1.3164
negative53.txt_gi|388359|gb|AAA30329.1,0.5294,1.1872,0.7112,1.1604,1.3529,0.9572,1.0481,1.1497,1.2513,1.1123,1.2888,0.5829,1.1979,0.9091,1.107,0.4118,0.6257,1.7754,0.8021,1.0856,1.1765,1.877,0.9198,1.1016,3.2086,0.8396,0.6684,2.4332,1.7594,1.4278,1.8182,0.6952,1.3957,2.4652,2.0428,0.8182,0.4599,3.8663,1.7326,1.4278,0.1123,0.8075,1.0588,0.2299,1.7754,0.4599,0.0588,1.9358,0.9893,0.5668,0.861,0.369,0.6791,1.1123,0.9198,-0.0374,-0.2567,1.9626,0.7968,0.6845,0.5561,1.1497,1.4599,1.1283,2.5294,0.5187,0.3529,2.508,2,0.7754,1.3102,0.1337,1.1711,1.738,1.631,-0.1497,-0.4652,3.0374,1.8503,1.123,1.6096,2.7701,1.5561,2.8128,3.5134,2.2193,2.2139,2.9091,2.6952,2.5615,2.3583,0.9786,2.1497,2.2995,3.8503,1.4011,2.1283,4.2299,1.9305,1.7326,1.0535,0.8235,0.754,0.6096,1.9786,0.5348,0.5187,1.7701,0.8877,0.8984,1.0909,0.2781,0.7594,1.1979,1.1497,0.2193,-0.2406,1.754,0.7594,1.2032,0.5508,0.6096,0.9251,0.754,2.2086,0.3957,0.3743,1.6417,0.9786,0.6364,0.6471,0.0749,0.5027,0.9037,1.0214,-0.0214,-0.5294,1.4118,0.6631,0.9412,0.9947,2.8128,1.4332,2.0214,3.1872,1.5294,1.5561,3.5722,2.7968,1.8075,1.9037,1.4866,1.631,2.369,2.5187,0.5348,0.6096,3.7968,1.738,1.5508,1.6738,1.5401,0.8128,1.5989,2.9412,1.0053,0.984,3.0695,2.0214,1.5294,2.016,0.4599,1.5936,2.3048,2.0053,0.8503,-0.1283,4.1444,1.9947,1.8235,1.2941,1.8342,0.5348,1.492,1.8503,1.3048,1,1.7005,1.5668,1.6578,2.0856,0.7754,1.7754,1.2567,2.1979,0.877,0.5722,2.4439,0.861,0.9679,1.2888,2.3636,0.6952,1.8877,2.2888,1.3102,1.2834,2,2.0695,1.8717,2.2727,1.123,2,1.877,2.0481,1.0214,0.5134,3.2086,1.7005,1.1711,0.369,0.3583,0.4599,-0.0107,1.6952,-0.2193,0.0963,0.9144,0.6257,0.5882,0.861,-0.1711,0.7433,1.6364,0.6203,0,0.0053,1.4866,0.9947,0.8128,0.9947,1.7968,0.4439,1.5134,1.984,1.1872,1.3316,1.615,1.7112,1.3369,1.7326,1.0909,1.492,1.7112,1.7861,0.7005,0.3583,2.5668,1.3316,0.8717,1.8503,1.8717,0.7701,1.9626,2.5722,1.4973,1.631,2.4011,2.5668,2.1925,2.369,0.5615,1.9305,2.4706,2.2193,1.6471,0.7701,3.7807,2.0374,1.3957,1.2674,2.2193,2.0374,2.262,2.6417,1.7433,1.6257,3.1765,2.4599,1.3262,1.5668,0.9572,1.7059,1.9412,3.7219,0.9305,0.4706,3.2086,1.4706,1.5668,0.1604,0.6631,0.5561,0.4545,1.5027,0.4973,0.4385,0.8449,0.9251,0.8396,0.8984,0.1658,0.631,0.8235,0.9572,0.107,0.1016,1.123,0.5187,0.9037,-0.0695,0.385,0.139,0.246,0.9358,0.2032,0.1123,0.3797,0.5722,0.8556,0.4492,0.3529,0.2406,1.1016,0.369,0.6096,0.7807,0.8824,0.3957,0.4599,2.4278,2.9305,1.139,2.6203,4.3957,1.738,1.5722,3.6898,3.5722,3.2995,3.7647,1.0267,2.9679,4.3904,3.4813,1.9305,0.9679,6.123,3.6471,2.6364,1.8396,1.5561,0.754,1.4706,2.2139,1.0749,1.2246,2.0214,2.123,1.5455,2.0909,0.6845,1.4973,2.0588,1.877,1.6631,0.4599,3.2888,1.9198,1.1604,0.9519,1.5401,0.7487,1.6043,1.6578,0.9412,0.754,1.2299,1.3583,1.4599,1.6791,0.7594,1.4652,1.1016,1.7219,0.7968,0.5508,2.0214,1.0695,0.754
negative53.txt_gi|6175102|sp|Q27049.1,0.2893,1.0629,0.7358,1.1069,0.673,0.4591,0.9623,0.6981,0.9623,1.0566,1.2642,0.6541,1.4025,0.9308,1.1384,0.044,-0.1635,1.522,0.522,0.9119,0.8931,2.195,1.3585,1.6541,2.4025,1.4528,1.6038,2.434,2.0377,1.5157,1.4654,0.9686,1.2642,2.1761,2.8868,0.2201,-0.0503,3.6038,1.6667,1.2138,1.0189,1.3522,0.8994,1.3333,1.1195,1.0818,0.9748,2.5975,1.2138,0.8553,0.522,0.9057,0.478,1.1761,2.3585,0.4717,-0.3019,1.9874,0.5912,0.4591,0.9308,1.3522,1.2201,1.6415,1.9308,0.7233,1.195,2.283,1.4843,0.3836,0.8868,0.8805,0.4403,1.2893,3.1761,0.0692,-0.8805,2.3774,1.0629,0.2201,1.2704,2.8491,2.1258,1.478,4.3082,1.4654,1.3962,2.2767,2.4214,3.673,3.8113,0.9182,2.9182,2.7421,3.1698,0.6981,0.805,4.7736,1.5597,2.7421,0.5912,0.9748,0.6289,1.0126,0.9057,0.6604,0.7421,1.7925,1.0377,0.7547,0.6226,0.5597,0.4528,1.1006,2.044,-0.2767,-0.6604,1.8553,0.9874,0.7044,0.6604,1.0063,0.6352,0.9811,1.0314,0.717,0.805,1.673,1.1447,0.3396,0.4277,0.673,0.2516,0.6981,2.2201,-0.1887,-0.9057,1.5409,0.717,0.2264,0.7044,1.8868,1.5472,2.1761,2.0629,1.0377,1.5409,2.1698,2.0943,1.8931,1.9497,0.9308,1.5723,2.7044,3.3459,0.0629,-0.0566,3.7484,1.6415,1.6918,0.7358,2.3396,1.2642,1.4969,2.1321,1.239,0.8679,2.5912,2.478,1.805,1.8679,0.7862,1.5157,2.2704,2.4969,-0.2767,-0.0503,3.6038,2.1132,1.2956,0.9057,1.6352,0.4403,0.6164,4.327,0.566,0.434,1.9182,1.8616,3.5723,3.4465,0.0063,2.4906,2.5409,2.1006,0.1195,0.6226,3.8994,1.4025,2.8239,0.9119,1.9811,0.9119,0.9245,3.6792,1.0692,0.8742,1.7987,2.3585,3.4025,2.9245,0.3145,2.3648,2.327,2.0252,0.4277,1.0252,4.0503,1.8931,2.8113,0.3711,0.8491,0.7736,1.0818,0.2893,0.4843,1.1006,1.3333,1.0189,-0.0818,0.0189,0.4214,0.0692,1.1195,1.7107,-0.1006,-0.673,1.6289,0.9811,-0.0943,0.8428,1.6981,0.6038,0.8553,2.5031,1.0377,0.8994,1.8616,1.7736,2.2201,2.0755,0.5786,1.6667,2.0063,1.8553,0.2138,0.4277,3.239,1.4465,1.8805,0.7296,2.1509,1.2453,0.8616,3.2013,1.0503,0.5849,1.9245,1.9874,3.283,2.9497,0.7547,2.3019,2.4528,1.7736,0.1069,1.2138,3.9874,1.761,2.6918,1.5157,3.0881,2.1384,2.7233,3,2.0692,2.1509,3.3145,2.6352,2.1887,2.4969,1.9686,2.4151,2.1069,3.6981,1.2201,-0.0818,4.3522,1.4906,1.6667,0.6604,0.5094,0.5283,0.4654,-0.3208,0.1887,0.4465,1.1447,0.3962,-0.0629,-0.0314,0.3333,0.0314,0.2327,0.8491,0.2767,-0.4717,0.4277,0.1509,0.0629,0.1887,0.5723,-0.0629,0.0818,0.1887,-0.0063,0.0189,0.044,0.4843,0.6478,0.4465,-0.239,0.5723,0.9371,0.4969,0.2075,-0.2704,0.9686,0.6352,0.673,1.4151,3.3774,2.1635,1.8302,4.8365,1.6541,1.2075,3.3396,3.8742,4.283,4.1069,0.9623,3.2767,4.4403,3.9874,0.0818,0.7673,6.8742,3.8365,3.5472,0.5849,1.5975,1.1572,0.2893,2.4969,0.5094,-0.1447,1.3836,1.9434,2.1509,2.0377,0.2642,1.5975,1.8113,1.1195,-0.3396,0.7421,2.8679,1.6918,1.8302,0.7547,1.4591,0.3333,0.6855,3.5472,0.5723,0.522,1.327,1.5849,2.9182,2.9748,0.1824,2.2264,2.044,1.5912,0.1132,0.6792,3.2075,1.2138,2.3082
negative53.txt_gi|71725068|gb|AAZ38956.1,0.5399,0.9577,0.3991,0.6854,1.2347,0.5728,0.4507,0.6808,0.9953,1.1502,1.4836,0.3474,1.3192,1.0657,1.2441,-0.0516,0.169,1.8451,0.7746,1.0423,1.0141,1.6667,1.1408,1.4366,2.7465,1.2535,0.7042,2.2864,1.831,1.0188,1.2629,0.8404,1.2113,1.0845,1.7324,0.5211,0.1408,3.061,0.8732,1.0141,0.4742,0.7042,0.5869,0.7746,1.3005,0.7465,0.7418,1.8545,1.4366,0.8592,0.8404,0.1831,0.8779,1.0282,1.2347,0.0329,-0.385,1.7418,0.8826,0.723,0.6948,0.7089,0.8685,1.2629,2.216,0.3521,0.3146,2.3427,1.4272,0.8169,1.2817,-0.0704,0.9108,1.8498,2.0469,0.2113,-0.4413,2.4836,1.6526,0.5634,1.5493,2.385,1.4085,1.5869,3.9437,1.7371,1,2.2254,2.7793,2.0751,2.5869,1.1221,2.3521,2.0704,2.8028,0.9296,0.7089,4.3568,2.1127,1.831,0.9296,0.6526,0.5587,1.0235,1.2817,0.662,0.5164,1.8545,0.9671,0.892,0.7465,0.3521,0.662,0.8028,1.3192,0.1831,-0.3474,1.5164,0.6103,0.9531,0.5869,0.5869,0.9718,1.2394,1.1174,0.5587,0.5164,1.6385,0.5399,-0.0376,0.23,0.5869,0.0892,-0.1784,1.4178,0.385,-0.3662,0.5822,-0.1972,0.1268,1.1268,1.9624,0.8216,1.6854,2.8685,1.3803,1.1455,2.4554,2.1502,1.7042,1.9108,1.3005,1.8404,2.3099,2.6432,-0.0516,0.277,3.6948,1.7559,1.3897,1.0657,1.5822,1.3052,1.8779,2.3099,1.0094,0.7559,2.5117,1.9108,1.6948,1.8357,0.6573,1.6385,1.5352,1.9155,0.5352,0.2911,3.3333,1.4272,1.5962,0.9577,1.1315,0.4178,0.939,2.4366,0.5869,0.216,1,0.8122,1.6808,2.1362,0.2347,1.7183,1.6056,1.6761,0.2676,0.723,2.4272,0.6808,1.385,1.1831,1.8263,0.831,1.3005,2.6056,1.0469,0.7793,1.6385,1.5211,1.615,1.7934,0.7136,1.6714,1.5211,2,0.5446,1.0704,2.9859,1.2629,1.3756,0.385,0.507,0.7277,0.9812,1.4413,0.3756,0.7089,1.0376,0.6197,0.3052,0.4131,0.3474,0.23,0.2864,1.1455,0.1784,-0.4507,1.1878,0.0892,0.385,1.0704,1.6197,0.7465,1.5305,2.0845,1.1174,1.0892,1.6761,1.493,1.1878,1.5634,0.8685,1.446,1.3568,1.9812,0.4319,0.6432,2.5822,0.9765,1.0657,1.0282,1.5915,0.9906,1.1925,2.4601,1.0845,0.6103,1.6901,1.6995,1.5305,1.7559,0.6901,1.6385,1.615,1.5211,0.7089,1.0704,3.6291,1.6432,1.2864,1.2817,1.9249,1.2019,1.9249,2.3568,1.5258,1.3756,2.6948,1.77,1.2488,1.5164,1.0986,1.8357,1.8826,2.7653,0.8451,0.3944,3.2723,1.4085,1.3615,0.3944,0.1174,0.0563,0.338,0.5493,0.2019,0.2629,0.6995,0.4366,0.5164,0.4413,-0.0235,0.2958,0.338,0.9296,-0.1127,-0.6056,0.7089,0.277,0.4742,0.0845,-0.0751,-0.061,-0.1455,0.5446,-0.0141,-0.1549,-0.2207,0.5258,1.0141,0.6761,-0.3991,0.6948,0.9155,0.6948,-0.2207,-0.216,0.8545,0.615,0.7324,2.0141,2.4366,1.3521,1.9531,4.4554,1.385,0.6244,3.277,3.4601,3.0704,3.23,0.8075,3.0094,3.7183,2.9202,0.6995,0.8075,6.1315,3.5164,2.8498,1.169,1.1596,1.23,1.1972,2.0141,0.5822,0.1408,1.5728,1.9249,1.4695,1.4977,0.493,1.4085,1.2066,0.9577,0.5869,0.8685,3.2958,1.8028,1.3662,0.7465,1.1972,0.5305,1.1925,1.9155,0.6526,0.4601,0.8826,0.9155,1.4695,1.7465,0.4695,1.5681,0.9906,1.6761,0.169,0.7606,1.9765,0.4883,1.2441
negative53.txt_gi|71725072|gb|AAZ38958.1,-0.04,0.5733,0.46,0.6867,0.6733,0.5933,0.66,0.6067,0.76,0.5,0.8067,0.58,0.5733,0.7867,1.1667,0.0333,-0.1667,1.02,0.5733,0.34,0.52,1.0333,0.9733,2.2267,2.12,0.62,1.0267,1.8933,1.42,1.8733,1.6267,0.6533,1,1.74,1.8667,0.1467,-0.0133,2.18,0.96,1.4533,0.0467,0.86,1.5133,2,0.9533,1.0067,0.8467,1.5733,1.5,0.3267,0.2933,0.6133,0.22,0.7933,1.1267,0.2,-0.28,1.14,0.64,-0.0467,0.4533,1.14,1.8333,1.92,2.6067,1.1133,1.16,2.6467,1.92,0.64,1.0267,0.8133,0.4067,1.4267,1.88,0.2533,-0.0133,2.6133,1.4733,0.4533,0.64,2.7933,1.5533,2.3133,2.9,1.58,2.2867,2.6933,2.3333,2.0933,2.2667,2.0733,1.4333,2.4467,2.92,0.72,0.4067,3.7933,1.5333,1.5133,0.2933,0.26,0.7267,0.9067,1.6,0.12,0.2467,1.1267,0.7667,1.28,1.1133,0.04,0.4867,1.36,1.2533,-0.24,-0.1667,1.2867,0.6667,1.1333,0.3067,0.22,1.1533,1.0467,2.5067,0.4,0.3333,1.5067,0.9267,0.74,0.9867,0.1333,0.3,0.8867,1.58,0.02,-0.0467,1.3467,0.4667,0.6533,0.3533,2.0067,1.1867,2.06,3.1667,1.8267,1.5533,2.7933,2.2333,1.9467,2.1,1.5667,1.3267,2.5467,2.6533,0.1533,-0.22,3.7667,1.7067,1.2667,1.0533,1.78,1.0467,1.6733,2.1533,1.1,1.1,2.4,1.8067,1.2933,1.3333,1.2333,0.76,1.8733,2.1533,0.4733,-0.1067,2.92,1.4467,1.0667,0.5133,1.3267,0.3733,0.8133,1.9333,0.5267,0.3333,2.0667,1.0867,1.5467,1.8267,0.8333,1.3667,1.7467,1.8267,0.3533,-0.0333,2.72,0.9333,1.18,1.0667,1.7067,0.3333,1.06,2.0467,0.66,0.5867,2.18,1.24,1.5267,1.7333,1,1.5,1.9267,2.34,0.6133,-0.02,3.16,1.1,1.1333,-0.0733,0.1733,0.6733,1.5333,1.4067,0.18,0.42,1.1533,1.0467,1.5733,1.34,-0.0267,0.8467,1.7,1.0067,-0.38,-0.3067,1.4667,0.86,1.04,0.5667,1.04,-0.08,0.7133,1.0267,0.5067,0.6067,0.98,0.7667,1.3133,1.2933,0.78,0.9533,1.36,1.2333,0.1667,-0.3333,1.94,0.8,0.8867,1.48,2.04,0.1333,1.1467,2.4667,0.96,0.7467,2.4533,1.6667,1.6867,1.88,0.9133,1.2867,2.4733,2.38,0.72,0.0267,4.1867,1.8267,1.4267,0.96,1.7867,1.1333,2.06,2.8267,1.24,1.7733,2.9133,1.98,1.7533,2.2533,1.4267,1.5333,2.2267,2.5733,0.5067,0.0867,3.3133,1.3067,1.3467,-0.0267,0.2667,0.36,0.7,0.6867,0.52,0.74,0.1867,0.5667,0.3,0.46,0.3067,0.1133,0.3867,0.4133,-0.04,-0.34,0.36,0.3133,0.1333,-0.2667,0,0.1867,0.2,0.24,-0.18,-0.1,-0.28,0.16,0.1,0.16,-0.16,-0.04,0.3467,0.04,0.1333,0.1133,-0.2,-0.1,-0.04,1.4933,2.7667,0.8733,1.9267,3.78,1.4133,1.3933,3.5133,3.1733,2.5333,2.8133,1.4733,1.7533,4.0867,3.32,0.5133,-0.1933,5.94,3.64,2.0467,1.7133,1.7667,0.2733,0.9,1.58,0.7333,0.62,1.7667,1.48,0.84,0.9933,0.7533,0.6333,1.68,1.46,0.6267,0,2.76,1.58,1.0333,0.3933,0.9467,0.3467,0.6133,1.7333,0.22,0.1733,1.4267,0.7467,1.2467,1.4467,0.5333,1.0133,1.4333,1.38,0.4067,0.1667,1.9333,0.58,0.9667
