#name,V1,V2,V3,V4,V5,V6,V7,V8,V9,V10,V11,V12,V13,V14,V15,V16,V17,V18,V19,V20,V21,V22,V23,V24,V25,V26,V27,V28,V29,V30,V31,V32,V33,V34,V35,V36,V37,V38,V39,V40,V41,V42,V43,V44,V45,V46,V47,V48,V49,V50,V51,V52,V53,V54,V55,V56,V57,V58,V59,V60,V61,V62,V63,V64,V65,V66,V67,V68,V69,V70,V71,V72,V73,V74,V75,V76,V77,V78,V79,V80,V81,V82,V83,V84,V85,V86,V87,V88,V89,V90,V91,V92,V93,V94,V95,V96,V97,V98,V99,V100,V101,V102,V103,V104,V105,V106,V107,V108,V109,V110,V111,V112,V113,V114,V115,V116,V117,V118,V119,V120,V121,V122,V123,V124,V125,V126,V127,V128,V129,V130,V131,V132,V133,V134,V135,V136,V137,V138,V139,V140,V141,V142,V143,V144,V145,V146,V147,V148,V149,V150,V151,V152,V153,V154,V155,V156,V157,V158,V159,V160,V161,V162,V163,V164,V165,V166,V167,V168,V169,V170,V171,V172,V173,V174,V175,V176,V177,V178,V179,V180,V181,V182,V183,V184,V185,V186,V187,V188,V189,V190,V191,V192,V193,V194,V195,V196,V197,V198,V199,V200,V201,V202,V203,V204,V205,V206,V207,V208,V209,V210,V211,V212,V213,V214,V215,V216,V217,V218,V219,V220,V221,V222,V223,V224,V225,V226,V227,V228,V229,V230,V231,V232,V233,V234,V235,V236,V237,V238,V239,V240,V241,V242,V243,V244,V245,V246,V247,V248,V249,V250,V251,V252,V253,V254,V255,V256,V257,V258,V259,V260,V261,V262,V263,V264,V265,V266,V267,V268,V269,V270,V271,V272,V273,V274,V275,V276,V277,V278,V279,V280,V281,V282,V283,V284,V285,V286,V287,V288,V289,V290,V291,V292,V293,V294,V295,V296,V297,V298,V299,V300,V301,V302,V303,V304,V305,V306,V307,V308,V309,V310,V311,V312,V313,V314,V315,V316,V317,V318,V319,V320,V321,V322,V323,V324,V325,V326,V327,V328,V329,V330,V331,V332,V333,V334,V335,V336,V337,V338,V339,V340,V341,V342,V343,V344,V345,V346,V347,V348,V349,V350,V351,V352,V353,V354,V355,V356,V357,V358,V359,V360,V361,V362,V363,V364,V365,V366,V367,V368,V369,V370,V371,V372,V373,V374,V375,V376,V377,V378,V379,V380,V381,V382,V383,V384,V385,V386,V387,V388,V389,V390,V391,V392,V393,V394,V395,V396,V397,V398,V399,V400
1-212.txt_1,0.9536,1.2784,0.2062,0.5722,3.0773,0.9072,0.6392,2.1186,0.7062,1.5567,1.6237,1.2268,1.2474,1.3144,1.3402,0.4948,0.4381,2.3814,0.8866,0.6237,0.1753,1.9124,2.067,1.9021,3.8351,1.4948,1.433,2.3969,2.5052,1.5309,2.0825,0.9227,2.3351,2.9072,2.6959,0.6134,0.6546,3.9433,1.9485,0.732,0.0309,1.7629,1.5464,1.4742,1.732,1.3196,1.0309,2.5412,1.1186,1.0309,0.8763,0.8299,1.7526,2.0773,1.6959,-0.067,0.1031,2.2938,1.8041,0.1546,0.3093,2.1495,2.8402,2.4742,3.0876,1.5619,1.3557,3.0206,2.5206,1.6443,1.6392,1.1649,2.4948,2.5722,3.1392,0.2577,0.8196,3.2423,2.3608,0.4381,2.6804,3.5515,1.299,3.3505,6.5515,2.634,2.5361,5.433,3.2371,3.9278,4.2526,2.4588,3.3041,3.3608,5.3763,1.2784,1.1134,6.1546,2.5825,2.5928,0.6289,1.8969,1.3608,1.6134,2.799,1.5979,1.6134,2.1907,1.3402,1.5103,1.5825,1.2784,2.299,2.0567,2.0361,0.7165,0.4124,2.3557,1.5155,1.0309,0.3247,1.6753,1.9588,2.0309,2.4175,1.2629,1.2423,2.2577,1.6959,1.4588,1.5773,0.8969,2.0876,2.3041,2.3711,-0.0052,0.3866,2.9742,2.1134,0.7371,1.5361,3.4845,1.7887,2.3041,5.7113,2.3247,2.1134,4.4124,3.5773,3.067,3.5309,2.2887,3.2062,2.6701,4.3351,0.8814,1.0928,4.9536,2.4175,1.768,1.2835,2.6546,2.2474,2.2423,3.6186,2.0722,1.8093,3.2474,2.3247,2.2062,2.5,1.5206,2.7938,2.2577,3.5155,1.6959,1.2165,4.1134,1.4227,1.1959,2.4691,1.0155,0.9124,1.9485,3.4691,1.2732,1.5155,2.8093,2.3247,2.2732,2.3557,0.9175,1.3763,2.0412,2.7216,1.7835,1.1907,3.8763,0.7784,1.6443,2.2887,1.567,1.232,2.6753,3.5464,1.5155,1.8711,3.4588,1.9124,1.9124,1.8969,1.1031,1.4794,1.9227,2.7887,1.9021,1.0619,3.8505,0.7887,1.1392,-0.2887,0.9897,1.3247,1.2216,2.768,1.0412,1.2423,1.3969,1.232,1.3557,1.4588,0.5979,2.1082,1.9794,1.5876,-0.0825,0.366,1.8041,0.8918,0.6546,1.7577,1.5876,0.8969,2.1753,3.0825,1.4588,1.933,2.8454,1.9742,1.9381,1.9433,1.5619,1.8247,2.1907,2.9639,1.4227,1.2165,3.5515,0.9588,1.7732,1.9948,1.7887,0.6186,2.0103,3.4691,1.866,1.7474,2.8505,2.2887,2.268,2.1443,1.0103,1.7577,1.2784,3.6804,2.2474,1.0928,3.4845,0.5876,1.4948,1.8557,2.9794,3.1907,3.4227,4.6237,3.0464,2.8041,4.799,4.067,1.2629,1.9691,1.9845,2.6237,1.6907,5.6289,1.9897,1.5928,4.4536,1.4691,1.1443,0.2062,1.6289,0.8351,0.7577,1.8402,0.768,0.5619,1.4381,0.6856,0.567,0.7784,0.8041,1.1237,1.3505,1.7165,0.1134,0.0515,1.7577,0.5773,0.3093,0.7474,0.799,0.3454,0.701,1.1959,0.4639,0.4021,1.0464,0.6443,0.8247,0.701,0.5722,1.0052,1.0567,1.4124,0.0515,0.0309,1.6289,0.5155,0.8144,2.7835,3.5773,1.7887,2.9278,6.4691,2.8196,2.4948,4.933,3.9845,4.2938,3.7887,2.2062,3.4794,2.9536,4.2062,1.5103,1.2835,6.5052,2.4794,3,1.567,1.0464,0.9588,1.567,3.2526,1.5361,1.3557,1.3144,1.9381,1.5722,1.7371,0.3402,1.4639,0.933,1.8608,1.8247,0.5876,2.7526,0.732,1.1546,1.5361,0.4124,0.4278,1.3144,2.1289,0.8505,1.0052,1.8454,1.0103,1.2423,1.5567,0.6649,0.8196,1.0464,1.701,1.232,0.5206,2.6289,-0.1134,1.1701
1-212.txt_3,0.372,0.3598,0.7073,0.2317,0.9512,0.3293,0.1646,1.122,0.9268,0.9024,0.8963,-0.0183,0.6159,1.3049,0.628,0.2683,0.5366,1.5183,1.0671,0.5488,0.439,0.9756,1.0122,1.5122,1.5549,0.2683,1.061,1.8232,1.378,1.0427,0.9268,0.622,0.5061,1.9024,1.9451,0.4207,-0.0793,2.2561,1.5671,0.7134,0.7012,0.6707,0.3659,0.6463,1.6098,-0.0366,0.3598,1.4939,0.9573,1.1402,1.1829,0.2378,0.561,1.6829,2.2683,0.1098,-0.3659,2.2988,1.3598,0.689,0.4939,0.939,1.0061,1.5915,2.0671,0.4695,0.9878,1.939,1.3476,0.622,0.4939,0.6037,0.0305,1.4756,2.9329,0.2195,-0.6829,1.9939,1.2988,0.4329,1.0061,1.3902,1.2256,1.628,4.3537,1.0244,1.1341,2.372,3.3293,3.1585,3.4329,0.0732,2.189,4.2988,2.1159,0.7561,0.8963,5.25,3.5183,2.4939,0.2561,0.9207,0.3659,0.5305,1,0.3963,0.8171,1.1768,0.7866,0.4329,0.2561,0.7012,0.1463,0.9756,1.311,0.3354,-0.2012,1.7012,0.9695,0.2805,0.4512,1.0427,0.6707,0.9146,1.378,0.5244,0.9512,1.7439,1.1159,0.7744,0.6098,0.9512,0.2622,1.3049,2.0061,0.3476,-0.3293,1.75,1.189,0.4756,0.7988,1.3659,1.7012,1.2988,3.439,0.5854,0.9451,1.8902,2.2744,2.5427,2.1098,0.4817,1.25,2.8171,2.5,0.5305,0.25,3.5366,2.0305,2.0305,0.689,1.7622,1.2195,1.6402,2.7378,0.7683,1.378,2.3354,2.5,2.3841,2.1037,0.9756,1.3537,3.0061,2.561,0.4634,0.2927,3.8598,2.5061,1.8659,0.9207,1.4329,0.6402,1.1524,2.7744,0.878,1.0061,1.7622,2.2988,3.2683,3.2805,0.4146,2.3232,4.0915,1.7256,0.2256,0.9207,3.7744,2.9878,2.7378,0.5976,1.6829,0.8841,1.2866,2.3537,0.9695,1.1585,1.8841,2.2622,2.8963,2.9695,0.6524,2.122,3.6037,1.5366,0.189,0.878,3.4329,2.5854,2.3049,0.0976,0.6829,0.5488,0.8415,0.6951,0.0366,0.5854,1.0488,0.5976,0.0732,-0.0183,0.4085,-0.0915,0.8354,1.7866,0.2195,-0.3354,1.2805,0.7378,-0.2195,0.2988,1.1585,0.372,0.5305,1.4512,0.4024,0.5427,1.4451,1.5793,1.939,2.0732,0.2012,1.6402,2.7195,0.8049,0.0366,0.6463,2.3963,1.9024,1.5305,0.7988,2.4573,1.2805,2.128,3.3415,1.2927,1.7256,2.4817,3.061,3.7317,3.7378,1.4451,2.7134,4.5671,2.2988,0.5183,0.9329,5.4512,3.4634,3.0366,0.628,1.7256,2.4634,1.5671,3.0366,1.5854,1.2927,2.2561,2.3598,2.1646,2.0549,1.0122,1.3232,2.689,1.939,0.2378,0.1524,3.2317,2.1402,1.7683,0.3963,-0.1768,0.2927,0.2805,0.7988,-0.1341,-0.0244,0.9756,0.2439,0.1402,0.2317,-0.2744,-0.0183,0.561,0.6159,0.3049,0.1098,0.6585,0.3598,0.0427,0.0915,-0.5427,-0.3963,0.0305,0.6402,-0.4695,-0.2622,0.1037,-0.0061,0.5976,0.9024,-0.5732,0.4207,1.2134,0.1829,-0.2561,-0.0976,0.6829,0.6463,0.4329,0.811,2.9878,2.0732,2.439,4,2.0488,2.5976,2.9878,3.8598,4.189,4.0122,2.2195,3.122,5.3171,2.9573,0.4512,0.4451,6.1098,3.939,3.2683,0.6159,2.0183,1.0549,1.7317,2.5976,1.2195,1.6098,2.2073,2.4085,2.6707,2.5915,1.3232,1.9085,3.3232,1.9512,0.3902,0.5,4.4085,2.6585,2.1037,0.9085,1.061,0.3049,0.4939,2.1707,0.6341,0.5244,1.5854,1.8476,2.6037,2.8293,0.0976,2,3.5366,1.061,0.2683,0.9329,3.3232,2.7195,2.0732
1-212.txt_5,1.3545,1.2169,0.5185,1.4074,2.8413,1.164,1.0899,2.2804,1.3968,1.0741,1.4392,0.9894,1.4339,1.0053,1.3862,0.873,0.5397,2.5661,1.1905,0.7407,0.8624,2.2487,1.7937,2.1958,4.4021,1.0635,1.2381,2.5714,2.582,2.2698,1.1905,1.6614,1.7619,2.0265,3.0899,0.291,0.7196,3.7143,1.9418,1.3545,0.1005,0.9894,0.8413,1.2963,2.4286,0.9735,0.6984,2.2222,1.3968,1.5556,1.2698,0.7566,1.2804,1.709,2.7778,-0.3333,-0.0529,3.6508,1.2434,0.8677,0.8783,2.2487,2.4021,2.8413,4.2487,1.254,1.3757,3.5873,2.8836,1.7831,1.5291,1.4762,1.7566,2.3545,4.2698,0.3598,0.7937,4.5132,1.8571,1.0952,2.9894,4.1587,2.7354,4.1429,7.4127,2.5661,3.3968,5.8889,4.5291,3.7407,3.3915,3.164,4.0053,2.8571,5.0423,1.672,1.455,6.6138,3.0053,3.1323,0.4656,1.3757,1.2804,1.6455,3.2751,0.8148,0.746,1.6772,1.7725,1.7249,1.1058,0.9471,1.4815,1.709,2.3598,0.0635,0.3386,2.6825,1.5767,1.1005,0.9259,1.3545,2.2063,1.9841,3.1534,1.1587,0.9418,2.2063,1.9206,1.5608,0.9206,0.9471,1.1376,1.545,2.6455,0.4339,0.9418,2.5344,1.7407,1.0053,1.4815,3.5185,1.4021,2.8677,5.2275,2.3333,2.2011,3.8783,4.164,2.1481,2.9418,2.7143,3.0053,2.7302,3.5661,0.9259,0.8519,5.6931,2.7725,1.7513,1.291,2.1111,1.8201,2.0635,4.0635,1.328,1.5979,3.9788,3.3545,2.3333,2.4339,1.3122,2.5608,2.7302,3.8413,1.1746,0.6032,6.1905,2.873,1.7619,1.672,1.6349,1.0635,2.1958,4.1005,1.4709,1.8042,2.1693,2.381,2.4762,2.6667,1.4868,2.5556,1.8783,2.5714,1.1587,1.0529,3.3016,0.6825,2.0106,1.7143,1.6878,1.3492,2.2487,4.1481,1.2222,1.6878,2.7407,1.9577,1.8095,2.2857,1.5291,2.1323,1.5873,2.1852,1.6085,0.6349,2.6772,0.7354,1.5185,0.3545,1.0635,1.2434,1.6349,3.6085,0.7407,0.7354,1.6825,1.2804,2.0212,1.2963,1.1111,1.8519,1.873,1.672,-0.0159,0.3862,2.3968,1.4233,1.1217,1.7725,1.8942,1.254,2.1958,4.5026,1.2328,1.6931,2.7037,2.164,1.7302,1.9153,1.6825,2.1905,1.381,2.4974,1.6349,0.8042,2.8201,0.9312,1.836,2.4233,1.5767,1.0635,2.2434,3.2646,1.7037,2.2169,3.0053,2.2381,1.873,2.582,1,1.5979,0.5556,2.4815,1.8889,1.2804,2.873,-0.2011,1.6667,1.7937,2.381,3.3757,4.9894,4.254,2.1481,2.836,5.0899,3.8095,1.3386,1.418,1.5132,1.9153,1.3915,6.0635,1.963,1.3333,5.1217,1.9735,1.4021,0.5767,0.9471,0.6243,0.4603,2.1852,0.2698,-0.1005,1.5873,1.0476,1.0159,0.9101,0.1323,1.328,1.0794,1.9735,-0.0265,-0.0476,1.9418,1.0582,0.8095,0.3333,0.7672,-0.0265,0.3492,1.6296,0.0317,0.0952,0.5926,0.8889,1.0053,1.1217,0.3545,0.873,0.7937,1.6984,-0.381,-0.418,1.7354,0.5979,0.7566,2.9947,2.5714,2.7302,3.5185,7.1958,2.037,2.4074,5.0265,4.9788,4.0423,3.6878,1.3016,3.6984,3.3069,3.9577,1.9365,1.3439,7.6138,3.3915,3.6878,1.8201,0.8889,0.5026,1.4339,3.4868,1.127,1.418,2.4444,2.4233,1.9947,1.9683,0.2751,1.7884,1.0212,2.4762,1.8466,0.6085,3.2751,0.7302,1.6561,1.3704,1.6349,0.4021,1.5979,3,1.3122,1.4709,1.1111,1.4762,2.1376,1.9735,1.1852,1.7513,0.9947,2.3545,0.9206,0.963,2.8889,0.1746,2.0159
1-212.txt_7,1.0686,1.08,1.0514,0.8114,2.36,0.9829,0.48,1.7314,1.3771,0.7086,0.7086,1.0971,0.4171,0.88,1.7143,0.7429,0.8343,1.4171,0.4229,0.3771,0.7771,1.3257,0.9257,1.32,2.8286,1.2457,0.6286,2.7029,1.9257,1.5486,1.4629,0.56,1.4743,2.0571,1.3543,0.3314,0.1086,3.0286,1.1257,0.8457,0.0857,1.6571,1.0914,0.7257,1.7829,1.0343,0.1314,2.1714,1.8743,1.1886,0.7714,1.0229,1,2.2229,1.24,0.0686,0.1257,2.2,2.0114,0.9543,1.2171,2.5029,2.0171,1.5886,3.4514,1.7943,0.8114,3.1143,3.0457,2.0914,1.6286,1.68,1.7257,2.1029,2.1314,0.5714,0.84,3.28,1.7714,1.6114,2.24,2.5714,1.9886,3.6571,6.1086,2.5543,2,4.2457,4.2514,3.4229,3.1543,1.8629,2.2514,3.8286,4.36,1.9143,1.4171,5.6286,3.0229,2.5486,0.8343,1.4914,0.8514,1.3371,2.3029,1.6686,0.8457,2.2229,1.9486,1.5029,1.3429,1.0743,1.2057,1.7086,1.1429,0.3371,0.0971,2.4914,1.08,1.2343,0.6571,1.2457,1.5086,0.9771,1.76,0.8857,0.2171,1.8743,1.5886,1.28,0.7829,1.0229,0.8457,1.0514,1.0629,-0.0857,0.0971,1.7886,1.1371,0.8514,0.9829,2.7886,1.0571,1.5486,5.08,1.5771,1.12,3.0743,2.7486,2.76,2.6514,2.2171,2.2171,2.6457,2.5429,0.5314,1.6,4.1029,1.9829,1.9543,1.4686,2.7086,1.3714,2.1429,4.0914,1.8686,1.1371,3.2971,3.2114,2.3314,2.3257,1.5886,1.64,2.8571,2.7657,1.2171,0.8171,4.4171,2.2,1.5714,1.6571,1.0457,1.7029,2.8286,3.3086,1.8229,1.5714,1.8514,2.44,1.4914,1.9714,0.9714,1.2686,1.7143,2.6629,1.2286,0.8114,2.8057,1.2857,1.1543,1.1086,1.3257,1.3371,2.5314,2.9486,1.4629,1.4686,2.1143,2.0914,1.6857,1.8514,0.9771,1.4971,1.6686,2.2914,1.12,0.9486,2.9371,1.2914,1.12,0.6686,1.0514,0.6057,0.88,1.96,0.9657,0.2914,1.76,1.48,1.1314,1.2229,0.5029,1.3886,1.7314,0.9371,0.1486,-0.0114,2.2114,0.7314,0.9486,1.1314,1.0057,0.7086,2.1371,2.1771,1.2171,1.4229,1.8229,1.4514,1.4114,1.3314,0.9886,1.12,0.7543,2.0514,1.0286,0.5886,2.0286,0.36,0.8686,1.68,0.9829,0.5314,2.5943,3.8229,1.1771,1.28,2.2914,1.9657,2.4171,2.6229,0.4229,1.6286,2.3486,2.9714,1.2571,1.0514,3.8857,1.3429,1.7086,1.5771,1.7886,1.8229,2.5886,3.4743,1.8743,1.3543,2.5029,3.7143,1.5371,1.6457,1.4457,1.4914,2.36,2.8,1.2114,1.1886,2.9486,1.4914,1.5657,0.7257,0.8743,0.84,0.4286,1.8114,0.5543,0.0743,1.08,1.0229,0.6,0.6629,0.4171,0.3886,1.2229,1.0914,0.36,0.5029,1.3771,0.64,0.4857,0.8,0.5371,0.7029,1.2114,1.0571,0.48,0.2914,0.6514,1.0114,0.4343,0.2057,0.2171,-0.2171,1.1086,1.2571,0.5257,0.08,1.3086,0.7543,0.3543,2.0286,1.9657,1.0571,2.6171,5.88,1.72,1.0343,3.4514,3.6971,4.5429,4.4457,1.0743,2.5771,4.9886,3.5886,1.1314,0.7771,6.6629,3.7829,2.9657,1.2686,1.3257,0.6057,1.8114,2.3657,1.1257,1.2171,1.6514,1.4286,1.44,1.72,0.3886,0.7943,1.6343,2.2857,1.2743,0.7029,3.3714,0.7029,1.0514,1.5314,0.9029,1.6971,2.2057,2.3829,1.4514,1.1829,1.6,1.6,0.7886,0.88,0.8343,0.4743,0.6514,2.24,1.0686,0.9543,2.1143,0.3314,0.5086
1-212.txt_9,1.6108,1.5946,1.2973,1.2378,3.2486,1.5622,0.8162,2.1838,1.9514,1.3568,1.4216,1.1568,1.4054,1.6162,2.1459,1.2378,0.6378,3.0703,1.3514,0.9946,0.8324,1.7514,2.6811,2.7135,3.9676,1.5838,1.7622,2.7838,2.2324,0.7459,0.4378,1.3622,0.9459,1.1676,3.9081,1.2216,0.9514,3.8757,1.6378,0.0973,0.6,2.0324,2.8919,3.1243,3.227,1.8162,2.0162,3.5081,2.5622,2.2757,1.1946,1.6973,2.0108,2.7784,3.5838,1.1459,0.2324,4.0324,2.4486,0.5946,0.9081,2.3135,3.5297,3.4108,3.1243,2.2,2.627,3.5514,2.3784,1.7297,0.9514,2.4108,1.8324,2.0162,4.4162,1.4811,0.5243,3.9135,1.627,0.2973,3.3243,4.1243,3.3243,2.7351,7.6,3.0216,1.2486,5.1892,3.6378,4.3081,4.8432,2.1676,3.973,5.2757,5.773,2.7514,1.8378,8.5892,5.1568,3.0432,1.027,0.9784,2.5081,2.4595,3.4811,0.6216,1.8216,2.427,1.5459,0.8649,0.1243,1.2541,0.9568,1.2649,3.0595,0.8973,0.7297,2.7838,0.9351,0.4162,-0.1514,1.0865,2.7892,2.7459,1.1838,1.1351,2.1081,1.6216,1.4865,0.9405,0.1243,1.7135,0.8,0.9189,2.1568,0.3189,-0.3135,2.1459,0.373,-0.2324,1.3135,3.7838,2.9946,3.3946,4.8216,2.3892,1.7081,4.1676,3.4649,2.6432,2.6865,2.6,2.573,3.3189,5.1297,1.6432,0.9568,5.1514,2.4054,1.6595,1.2,0.9946,2.173,1.3838,4.3568,0.5135,0.0054,2.8054,3.1243,2.9568,2.427,0.5189,2.8378,3.6432,2.9297,1.5892,1.2054,5.9351,4.4703,2.0162,2.4919,0.6919,1.373,1.2324,4.5568,1.4703,0.2054,2.3784,1.5405,2.3351,2.2811,0.027,1.9946,2.773,3.3135,1.3514,0.7189,4.0703,2.7946,1.9514,2.3243,0.6378,0.9351,1.1027,4.3838,0.9838,0.1676,2.8378,0.8108,1.627,1.7405,-0.0054,1.5351,1.9351,2.5676,1.3405,1.3135,3.3514,2.1622,1.4595,0.2595,1.0703,1.9405,2,1.8054,1,1.4703,2.0595,1.2486,0.1405,-0.0811,1.0108,0.6703,1.1946,2.0486,0.2919,0.4486,3.0919,1.2378,-0.4973,2.4432,1.0757,1.2378,1.4432,4.6162,1.1676,0.7081,2.8432,1.3838,0.9568,0.4486,0.8757,1.1838,1.3189,2.6378,1.2973,1.4162,3.4,2.2919,1.1081,2.3243,2.2216,1.8378,2.0162,5.4162,2.1459,0.5676,2.8865,2.9081,2.9081,2.8973,1.0162,2.4919,3.0054,3.7243,2.4378,2.5135,6.1946,3.9568,2.2432,2.5784,3.4162,4.2811,4.5838,5.4649,3.0216,2.9405,5.3946,2.973,1.6432,1.3622,2.027,2.1514,2.3514,5.6054,2.8216,1.8541,6.7946,2.9676,0.8973,0.7784,1.2811,1.8973,2.2,2.4108,1.1946,0.8595,2.2595,1.5027,1.2162,1.1243,1.1027,1.4811,1.1135,2.4324,0.9676,-0.0432,3.0919,0.9297,0.8811,0.5243,0.5514,1.4,1.0919,1.9189,0.9568,0.1892,1.0865,1.2649,0.8054,1.427,0.7243,1.5676,1.2595,1.9405,0.2865,-0.1946,2.1351,1.3189,0.7838,3.4054,4.3784,4.3892,3.7838,8.3622,3.0595,2.3405,5.7784,5.2216,4.9189,3.8,3.2216,3.8595,5.1189,5.6054,2.8649,1.9892,9.2108,5.8324,3.2757,2.2541,1.8541,2.3946,2.1892,5.0486,1.6,0.8703,3.6703,3.4,2.8919,2.4162,1.1135,2.7459,2.6973,3.227,2.2324,1.7622,5.8,4.3568,2.2162,1.8919,0.3568,0.8541,0.6919,3.0432,0.8649,-0.1784,1.6919,0.6216,0.9243,1.5676,-0.0973,1.3081,1.7351,2.0324,1.027,0.3676,2.6054,1.9459,1.2054
1-212.txt_11,0.3057,0.8038,0.483,0.7283,1.2943,0.3736,0.5019,0.9358,0.8679,0.6075,0.5962,0.5736,0.2906,1.0377,0.9962,0.117,0.166,1.5736,0.9623,0.434,0.6302,0.9925,0.8264,1.1887,1.6038,0.6528,0.9208,1.3736,1.2377,0.6868,0.5208,0.8755,0.2377,1.0943,1.2264,0.5887,0.4642,1.6302,0.9321,0.5509,0.4491,0.6792,0.5132,0.6,1.4189,0.117,0.3434,1.2113,0.8151,0.8151,0.6755,0.4642,0.1547,1.4604,0.8566,0.2566,0.483,1.6868,0.9925,0.5849,0.4943,0.9849,1.117,1.6,1.9321,0.5208,0.7811,1.9019,1.2755,1.2038,0.8981,0.8189,0.2415,1.6075,2.0981,0.3811,0.9472,2.3283,1.3019,0.9925,1.1736,1.1925,1,2.0189,3.5321,0.7208,0.883,3.0113,1.7321,2.2755,2.0943,0.7623,1.3736,3.034,3.0264,0.4302,0.9509,4.8453,2.2377,1.8679,0.1623,0.7132,0.6868,1.0604,0.6302,0.5321,0.9057,0.8453,1.1509,0.1396,-0.0113,0.6453,-0.1774,0.5434,0.917,0.283,0.2679,0.8642,0.6642,0.1057,0.1849,0.7925,0.7774,1.2415,0.8189,0.5472,0.8679,1,0.917,0.3434,0.1547,0.8377,-0.1434,0.5962,1.1623,0.3245,0.4,0.9509,0.634,0.2717,1.1698,2.0453,1.4453,1.7245,3.3547,1.0038,1.0566,2.6943,2.1132,1.6377,1.5396,1.4415,0.7547,2.3132,2.6113,0.6528,0.9094,3.4075,1.8264,1.2755,0.6528,0.5623,0.7585,1.1509,2.2566,0.3245,0.5585,1.5283,1.0566,1.4075,1.0264,0.4415,0.4755,1.8038,1.2528,0.3547,0.7509,2.4792,1.3283,1.1887,0.7698,0.3811,0.4679,1.0038,2.2642,0.0981,0.1283,2.0642,0.6943,2.1509,1.9849,0.117,1.2868,2.3358,1.717,0.1623,0.6717,2.9962,1.483,1.7585,0.8189,0.4528,0.3547,0.9925,2.0528,0.2038,0.3132,1.766,0.6981,1.8755,1.7811,0.1962,1.1774,1.9698,1.6453,0.2226,0.5925,2.683,1.2189,1.5396,0.3057,0.7925,0.6,0.8906,0.9774,0.5434,0.8189,0.8792,0.8642,0.566,0.5208,0.8226,0.1774,0.8415,0.9962,0.2792,0.3283,1.1094,0.6755,0.4642,0.3736,0.3132,0.3509,0.6151,0.9925,0.1547,0.2943,1.2151,0.6679,0.9208,0.8679,0.1019,0.6151,1.1774,0.8302,0.1132,0.2151,1.4868,0.7434,0.7321,1.2264,0.8906,1.1245,1.7887,2.9321,0.7925,0.8566,2.566,1.3849,2.1509,1.9434,0.6868,1.3396,2.4189,2.1623,0.7585,0.9736,3.4038,1.6566,1.8113,0.8415,1.6792,1.2491,2.0415,2.6113,1.0906,1.3698,2.5962,1.6453,1.5962,1.5208,1.5132,0.7811,2.0491,2.4189,0.517,0.7962,3.2566,1.5698,1.3283,0.0491,0.5774,0.3811,0.3396,0.6528,0.1585,0.3509,0.4792,0.7585,0.0906,0.1245,0.3962,-0.1019,0.8755,0.366,0.0679,0.083,1.0377,0.8264,-0.0491,0.283,0.6264,0.3472,0.6453,1,0.317,0.4679,1.0189,0.7208,0.4717,0.5019,0.3887,0.2981,1.1547,0.7057,0.1698,0.2113,1.9623,0.9736,0.3094,1.5849,1.7925,1.8189,2.8113,4.0528,1.5434,1.6226,3.9283,2.7245,2.5245,2.2604,1.3057,1.5962,3.1811,3.434,0.9849,1.4189,5.034,2.4679,2.2,0.9132,0.4755,0.7887,1.4075,2.1774,0.6189,0.766,1.7774,1.0717,1.7132,1.3962,0.3849,0.917,1.7736,1.4943,0.4528,0.7509,2.4943,1.3132,1.5396,0.5547,0.4491,0.3962,0.8642,1.7472,0.1774,0.2189,1.7321,0.6226,1.6717,1.5736,0.2113,1.0226,1.8226,1.4075,0.0491,0.4302,2.4566,1.2038,1.3698
1-212.txt_13,2.0465,1.6163,1.4826,1.9419,3.5,1.4419,0.8547,3.4709,2.2558,1.3372,1.814,0.7791,1.8837,2.0116,2.6047,1.0988,0.6337,4.2907,1.6047,1.2209,0.8547,1.9186,2.8953,2.9477,4.8895,1.0698,1.5756,3.1105,1.9128,0.436,0.3372,1.3314,0.843,1.0349,4.343,1.1221,0.7093,4.7442,1.1105,-0.0407,0.8198,2.314,2.2035,2.8256,3.7733,1.7035,1.8198,3.6686,2.0349,1.7965,1,1.6221,1.7151,2.2616,3.6802,0.8314,-0.0174,4.8081,1.7674,0.3605,1.2733,2.9302,4.3953,4.7035,4.2035,2.3837,3.0814,3.9826,2.7674,0.1919,-0.0116,2.814,0.4244,1.5814,5.2849,1.6628,0.186,5.5407,1.6919,-0.6686,4.2907,3.7209,3.9477,3.9419,10.25,3.4884,2.1279,7.7209,4.1279,4.9651,5.186,1.814,4.7558,5.1221,6.5174,2.4012,1.7093,9.7849,4.564,3.8372,0.8721,1.3256,2.686,2.9012,3.2326,1.6919,2.0116,2.5058,1.3953,0.1395,-0.0523,1.3837,0.1977,0.6395,2.9535,0.7616,0.3721,3.3488,0.1105,-0.1744,0.1744,1.2907,2.907,2.9884,1.564,1.3372,2.1105,2.0756,1.4477,-0.7442,-0.4419,2.1105,-0.4477,0.657,2.6105,0.4535,-0.3895,2.9302,0.0756,-1.2674,2.3023,4.0988,3.343,4.2035,6.4826,2.8256,2.4477,6.1628,4.0291,1.9593,1.9244,2.3663,2.8372,2.9186,5.9826,1.9709,1.6105,7.5349,2.75,1.7907,1.3953,1.593,1.8314,1.2965,5.3256,0.907,0.4942,3.9419,3.3023,2.3023,1.9302,0.7907,2.4709,2.4942,4.0756,1.1395,0.7674,5.6919,3.3256,1.3081,2.686,0.9012,0.9884,0.9244,4.75,0.7093,-0.2791,2.5116,1.3023,2.9419,3.2907,-0.1395,2.9244,3.0174,2.7616,1.5698,1.0814,3.4942,2.0756,3.1802,2.9709,1.1977,1.093,1.4302,4.4826,1.1512,0.5988,2.9477,1.2733,2.4244,2.5872,0.064,2.314,1.9302,3.1047,2.1512,1.3605,3.0407,1.3314,2.6105,0.5523,0.6105,1.0814,1.5,2.0698,0.1279,0.8547,1.8779,0.5756,0,-0.2849,0.9419,-0.0872,1.0814,1.9535,0.1279,0.3779,3.157,1.0465,-0.4186,2.5407,1.2907,0.3663,0.814,4.4186,1,0.5349,2.907,1.093,2.7035,2.1105,0.4302,2.4419,1.7791,3.0291,1.1977,0.8372,3.6279,1.5,2.4419,2.2442,2.5116,1.6802,1.4302,6.2209,1.3256,-0.2907,3.3372,3.0116,3.686,3.6453,0.3023,3.7733,3.8895,3.8547,2.3663,2.1919,5.7384,3.6279,3.1686,3.1628,3.6395,4.4012,6.0581,6.6512,3.2791,3.6221,6.3488,2.9012,1.9477,1.7151,2.6105,2.6686,2.4942,6.5523,2.4593,1.7093,7.6337,1.75,1.0581,1.1279,1.0116,1.7093,2.064,2.8081,0.7791,0.8953,2.1802,0.9128,1.093,1.1744,0.9942,0.9128,0.9419,2.907,0.6105,0.0872,2.9419,0.7442,0.5523,0.6686,-0.0349,0.8547,0.7326,2.5116,0.1744,0.1047,0.9651,0.5988,0.8488,1.2849,0.3314,0.9942,1.3372,1.6105,0.186,0.0698,2.3023,1.1744,0.9302,4.1105,5.1105,4.3081,4.8488,9.9186,3.4302,2.2674,7.5407,5.5407,5,3.8256,2.1395,4.0523,6.0116,7.2616,3.5233,2.1105,11.0174,5.7616,3.6221,2.064,1.1395,1.7674,1.1105,5.5058,0.4477,-0.3547,4,3.1802,2.593,2.1105,-0.3314,2.064,3.2965,3.2791,1.7965,1.1512,5.3953,3.9012,2.1628,2.3023,0.3895,0.157,0.343,3.8488,0.1395,-0.686,2.0756,0.7733,1.8779,2.6395,-0.3721,2.3023,2.3953,1.7965,1.343,0.3372,3.2442,2.0407,2.4244
1-212.txt_15,1.7158,1.0492,1.0328,1.3333,3.5902,1.2787,0.3497,2.694,1.847,1.4645,1.5519,0.9727,1.4863,1.3934,2.6393,1.082,0.7814,2.8033,0.8798,1.3115,0.306,1.6776,2.929,2.9508,4.1694,1.1585,1.7268,3.1858,2.224,0.8306,0.4098,1.1585,0.9071,1.306,3.612,1.082,0.5628,4.5191,1.9672,0.1967,0.2404,1.9672,3.2131,3.5191,3.2568,1.7377,1.5519,3.6831,2.7923,1.1311,0.2459,1.2077,0.765,1.918,3.3716,1.1148,0.3169,3.9563,2.612,0.0328,0.5956,2.4536,3.7869,4.5683,3.4044,2.1694,2.4481,3.5738,3.0492,0.7377,0.0874,2.1366,0.6011,1.5355,5.0219,1.2623,0.6721,4.4317,1.5628,-0.0109,4.3716,3.7814,3.3224,3.5847,11.224,3.459,2.4098,6.7432,4.2459,4.1639,4.4262,2.3279,4.4973,4.6503,7.4645,3.5738,2.3607,11.0383,5.459,3.5246,0.5628,1.3552,2.4317,2.9344,2.7377,1.2951,1.6448,2.3169,2.0109,0.4645,-0.4426,0.9945,0.2131,0.5956,2.5956,0.5082,0.0437,2.8852,1.2787,-0.0109,0.082,1.082,2.847,3.0328,1.9945,1.0492,1.1421,1.9617,2.1038,0.2787,-0.3115,1.3497,0.2077,0.7158,2.0546,0.3169,-0.3005,2.7705,1.1858,-0.3552,1.7213,3.4536,2.7377,3.4645,6.5301,2.4973,1.7213,5.1585,3.7923,2.6831,2.4481,2.7978,2.7923,3.3661,6.0437,1.7596,1.3169,6.4426,2.7158,1.5956,1.0437,1.8852,1.8306,1.235,5.2842,0.6175,0.3115,3.1038,3.3716,2.3279,1.8852,0.3005,2.2732,3.7049,3.3333,1.1038,0.541,6.0546,4.7541,1.2295,2.0164,1.2896,1.4153,0.8634,4.6011,0.9454,0.3388,2.2295,1.6284,2.4754,2.612,0.9781,2.4918,2.776,2.918,1.7814,0.9836,3.4863,2.9344,2.5792,2.0874,0.9454,0.4863,0.2787,4.3169,0.459,0.5847,2.5082,1.1421,2.2131,2.7486,0.4536,1.9563,2.0765,1.6339,1.5738,0.9945,3.6339,2.0109,2.1202,0.2459,0.9836,2.1366,2.6448,1.9727,0.9836,0.9617,2.4044,1.7213,0.2404,-0.2514,0.5246,-0.2623,1.4153,1.7158,0.1858,0.1202,3.612,1.9344,-0.5191,2.1803,1.153,0.3005,0.1803,4.6393,0.3607,0.5027,2.8798,1.1639,2.3825,1.8798,0.9781,2.0437,1.7432,2.3989,1.0328,0.9945,4.0383,2.2514,2.2514,1.7705,2.1366,0.7869,0.9454,5.4699,0.7104,0.1967,2.6995,2.6284,3.5191,3.5027,0.7158,3.4262,3.8907,2.2295,2.082,1.5027,6.0656,4.1585,3.1585,2.7213,3.765,4.0765,5.9454,5.918,3.9235,3.694,5.9344,3.5027,0.9508,0.7869,2.7049,1.5027,1.9508,6.918,2.9563,1.612,6.9727,2.3934,0.5301,0.8743,1.377,1.8197,2.3388,2.8251,1.3607,1.0109,2.3169,1.6776,0.8743,0.9235,0.8306,1.1311,1.0055,3.2514,0.7377,0.0765,3.3388,1.1913,0.7377,0.4262,0.5355,1.1858,1.1311,2.2896,0.5519,0.3169,0.929,1.0055,0.7869,0.9235,0.5792,0.8142,0.9235,1.8634,0.1257,-0.3661,2.1038,1.1475,0.459,2.9016,4.2077,3.4372,3.9454,10.2951,2.5191,2.2951,6.5137,4.8306,4.9071,3.9836,2.9344,3.8251,5.7213,6.3279,2.7104,1.3279,10.6503,7.1585,3.3607,2.1148,2.4481,2.2131,2.2951,5.1639,0.6339,0.9344,4.3169,3.224,3.2404,2.6612,1.0437,2.7814,3.2732,2.7705,1.8907,1.5519,6.3934,4.3388,2.4426,1.8087,0.6066,0.3934,0.306,3.7814,0.1202,-0.6011,1.6175,0.918,1.7322,2.5464,0.3333,2.0109,2.0765,2,1.1366,0.377,2.8798,2.1913,1.9727
1-212.txt_17,1.365,1.125,-0.1,0.53,3.14,0.78,0.53,1.835,0.855,1.395,1.34,0.88,1.375,0.835,1.57,0.27,0.74,2.095,0.495,0.925,0.99,2,2.54,2.45,4.455,1.135,1.445,3.125,2.775,1.855,2.02,1.705,2.215,2.09,3.115,0.89,1.09,4.355,2.09,0.995,-0.36,1.56,1.33,1.085,1.8,1.045,0.665,2.28,1.26,0.79,0.865,1.19,1.255,1.525,1.775,-0.365,0.175,2.955,1.73,0.445,0.42,2.37,2.14,1.72,3.825,1.5,0.92,2.935,2.44,1.675,1.375,1.11,2.02,3,3.755,-0.125,0.95,3.825,2.43,0.405,2.725,4.895,1.81,4.11,7.305,3.3,3.25,5.995,4.075,4.47,3.84,2.975,3.97,2.43,5.835,1.895,1.515,7.385,1.765,2.675,1.31,1.68,1.67,1.8,3.15,1.43,1.29,2.54,1.545,1.61,1.265,1.24,1.75,1.585,2.825,1.005,0.65,2.79,1.63,0.93,0.9,1.51,1.785,1.485,2.535,0.475,0.74,2.14,1.515,1.295,1.23,1.075,1.81,1.925,2.215,0.31,0.95,1.99,1.86,0.765,1.535,3.99,1.565,2.99,5.49,2.315,1.94,4.185,3.435,2.685,2.75,2.625,3.175,2.63,4.395,1.46,1.94,5.39,2.185,1.87,1.49,2.7,1.215,1.94,4.62,1.635,1.65,3.725,2.965,2.785,2.745,1.235,3.32,2.82,3.705,1.6,0.68,5.56,2.51,1.73,1.785,1.835,0.74,2.51,4.08,1.81,1.89,2.785,3.16,2.93,3.19,1.23,2.555,2.015,2.735,1.36,1.115,4.16,1.01,1.875,1.49,1.915,1.37,2.53,3.77,1.755,1.75,3.72,2.675,2.09,2.41,1.39,2.205,1.745,2.63,1.63,0.845,3.64,0.615,1.555,0.42,0.87,1.925,1.505,2.895,0.625,0.63,2.005,0.92,1.385,1.46,0.885,1.985,1.635,2.035,0.05,0.48,2.35,1.69,0.715,1.61,2.25,1.145,2.41,4.13,2.065,2.195,3.62,2.89,2.215,2.01,1.955,2.525,1.325,3.155,1.99,0.975,4.32,1.15,1.46,1.58,1.835,0.97,1.755,3.625,1.835,1.42,2.86,2.56,2.355,2.88,0.525,2.375,1.43,2.255,2.78,0.74,3.74,0.38,1.765,1.885,3.275,2.93,4.055,5.345,3.125,2.66,4.535,4.305,1.955,2.385,1.955,2.77,1.435,5.905,1.935,1.765,4.88,1.805,1.89,0.67,1.135,0.66,0.63,2.59,0.65,0.375,1.775,0.645,0.59,0.63,0.645,1.17,0.575,2.285,-0.22,0.38,1.665,0.715,0.645,0.39,0.865,0.98,1.66,1.02,0.89,0.605,1.21,1.11,0.4,0.65,0.9,1.015,0.225,1.575,0.135,0.545,1.305,0.105,0.465,2.645,4.05,2.085,3.48,7.08,3.06,2.655,5.27,4.925,5.315,4.235,2.05,4,3.915,4.605,2.75,1.115,8.345,3.07,3.315,1.22,1.665,0.555,1.585,3.515,1.32,1.51,1.665,2.045,2.59,2.085,0.48,2.09,1.14,1.845,2.13,0.305,2.545,0.425,1.685,0.975,0.835,-0.05,1.15,2.465,1.665,1.235,1.23,1.61,1.95,2.36,0.795,1.805,0.985,1.645,0.7,0.555,3.165,0.495,1.75
1-212.txt_19,0.7934,0.7559,0.0751,0.4507,2.8967,0.4789,0.7136,1.4836,1.1174,1.1831,1.2254,0.6197,1.4319,0.8451,1.3474,0.2441,-0.1502,1.446,0.5915,0.8451,0.5117,2.3474,2.2254,2.4601,4.3427,1.723,1.77,2.9718,2.4554,1.8498,1.5493,1.2864,2.3474,2.2582,3.1127,0.5399,0.9014,4.5493,2.0423,1.1315,-0.3052,1.8592,1.5258,1.7418,2.0141,1.446,1.0376,2.2441,1.7418,1.1362,0.7183,1.4648,1.1737,2.0047,2.6197,-0.4742,0.0657,3.2254,1.6479,0.4648,0.2441,2.5211,2.7559,2.7559,3.4413,1.9718,1.9155,3.1596,3.0141,1.5775,1.1972,1.9202,1.8028,3.0376,3.7277,-0.3146,-0.108,4.5164,2.5446,0.5352,2.4742,4.2911,1.6901,3.3146,6.5962,2.9624,3.108,5.0282,3.8498,4.3897,3.8028,3.061,3.9671,2.7606,4.9249,1.7042,1.338,6.1737,2.338,3.1268,0.3568,1.4789,1.892,2.2911,2.8451,1.2488,1.1596,2.0563,2.0798,1.3568,0.9671,1.0282,1.4131,1.4225,3.1127,0.4085,0.4977,2.3474,1.6573,0.5023,0.446,1.9624,2.493,2.5962,2.8498,1.0282,1.7277,2.4319,2.1737,1.3192,1.1737,1.3803,1.7465,2.0563,2.5164,0.2629,0.6948,2.5728,1.8404,0.5446,1.2535,3.7089,1.1596,2.6432,5.0657,1.615,2.1831,3.8404,3.5446,2.1549,2.2535,3.0329,2.3803,3.1784,3.7981,0.6901,0.4272,5.4836,2.6714,1.493,0.9202,2.4366,1.8357,2.2864,4.4272,1.8779,1.8075,3.3615,3.6338,2.8498,2.6197,1.0376,3.1362,2.6995,4.3239,1.4038,1.1502,5.9718,3.3052,2.1315,1.5962,1.8498,1,2.338,3.723,1.3239,2.1502,2.216,2.4883,3.2019,3.1925,1.2676,2.2019,1.7183,2.7324,1.1643,1.4742,3.493,0.9155,2.5634,1.5164,1.4507,1.1455,2.1737,2.8545,1.3803,2.0188,2.9296,1.9296,2.1502,2.2629,1.0798,1.8451,1.3615,2.7887,1.3803,1.1549,3.1784,0.8592,1.6385,-0.1315,1.2019,1.9624,1.7512,2.9155,0.7934,0.6244,1.8732,1.3192,1.5869,1.3192,1.1408,2.0094,2.1972,1.5023,-0.3615,0.2066,2.6573,1.892,0.7183,1.5634,1.8357,0.8075,2.1596,3.1315,1.1972,2.1972,2.3286,2.0376,2.7559,2.4319,1.2113,2.385,1.4225,2.8873,1.3239,1.2958,3.0282,0.9765,1.9953,1.5211,1.6526,1.1315,2.493,3.0657,2.0141,2.2488,2.4319,2.5399,2.0329,2.4272,1.216,1.169,0.4977,2.6009,2.3099,2.338,3.3662,0.2394,1.6103,1.5305,3.7183,3.5352,4.1221,4.5634,3.0282,3.2019,4.3286,4.7136,1.8028,1.5305,2.1033,2.6479,1.8732,5.1221,1.5117,1.0329,4.5915,2.4554,1.3944,0.2488,1.2864,0.6948,0.8498,1.4695,0.3662,0.1972,1.1455,0.9484,0.7559,0.6009,0.5399,0.9953,0.8451,1.6854,-0.2629,-0.4319,1.3474,0.6291,0.77,0.1502,1.446,0.4695,1.3944,1.2113,0.4272,0.5352,0.6714,0.6526,0.9859,0.7465,0.6385,0.8404,0.3709,1.5164,-0.1643,-0.1596,0.8967,0.3192,0.6526,2.2347,3.3897,2.3709,3.8404,6.4789,2.8685,3.1315,4.4038,5.4178,4.4742,4.2347,1.939,3.6573,3.6808,4.554,1.9718,1.3944,8.2864,3.3709,3.1549,1.2254,1.1455,0.8732,1.9484,3.7371,1.2207,1.4883,1.8967,2.6479,2.4554,2.5117,0.4883,1.9437,0.8075,2.3662,2.0986,1.2113,3.1549,1.0751,1.7981,0.9484,1.0892,0.5869,1.2629,2.3333,1.2864,1.6808,1.3239,1.4085,1.7042,1.7371,0.8075,1.3568,0.9671,2.1174,0.9906,0.8592,2.5728,0.3146,1.7887
1-212.txt_21,0.0976,0.8341,0.5317,0.4927,0.5463,0.5756,0.4049,0.9073,0.8293,0.3268,0.561,0.5268,0.4488,0.8976,0.5171,0.1317,0.1122,1.239,0.722,0.1415,0.3024,0.9854,0.9171,0.9805,1.9805,0.6439,0.3951,1.2146,1.5122,1.3415,1.2927,0.5268,0.8683,1.3756,1.1171,0.2,0.361,2.3805,1.3707,0.922,0.4927,0.5854,0.5902,1.1659,1.7805,0.6537,0.4878,1.4341,1.0439,1.3805,1.1073,0.2049,0.7317,0.8195,1.8195,0.0634,0.3415,1.6098,0.7902,1.2,0.7366,1.078,1.1268,1.9415,1.9317,0.8634,0.9268,2.561,1.4244,1.6244,1.3171,0.5854,0.8293,1.2341,2.4195,0.3951,0.7073,2.2683,0.9561,1.3854,0.5463,2.078,2.0049,2.3415,1.9951,1.4976,1.7854,2.7268,2.3951,1.6293,1.7268,1.2195,1.1463,2.3268,2.0146,0.5463,0.6927,3.6098,1.7805,1.0927,0.278,0.7073,0.6146,0.8341,1.0098,0.5902,0.478,0.8829,0.8537,0.9122,0.9122,0.5171,0.7122,0.6878,1.1707,0.278,0.3317,1.2049,0.5951,0.6976,0.4488,0.6195,0.5756,0.9512,1.0976,0.5024,0.4098,1.2049,0.7902,1.0976,1.0098,0.4146,0.6927,0.8244,1.2585,0.3415,0.4878,1.2585,0.6293,0.8927,1.1317,1.6244,1.4,2.2439,2.9463,1.1707,1.122,3.1415,2.0878,1.8244,1.6829,1.1317,1.0732,2.078,2.5317,0.6341,0.5854,3.361,1.7268,1.4146,0.6098,1.1415,1.1512,1.8049,2.0537,0.8683,0.9561,1.8878,1.5512,1.6585,1.4878,0.639,1.0146,1.6049,2.2927,0.4,0.8439,2.5805,1.1707,1.2927,0.161,1.078,1.1659,1.4537,1.5366,0.6049,0.8634,2,1.5659,1.1707,1.2878,0.4488,0.7463,2.4049,1.0049,0.1512,0.5854,3.4341,1.7268,0.6927,0.2195,1.1902,1.0488,1.2732,1.6049,0.639,0.7805,1.6488,1.4927,1.2341,1.3854,0.5512,0.8585,2.1902,0.9805,0.1415,0.4244,3.2146,1.5805,0.7122,0.2634,0.561,0.5463,0.6683,1.0341,0.522,0.3122,0.8146,0.9366,0.9024,0.878,0.3951,0.5805,0.761,0.7366,0.1415,0.1366,1.2683,0.9024,0.6829,0.1415,0.8049,0.7805,0.8049,0.961,0.4488,0.5122,1.0341,0.9951,0.7463,0.8439,0.4146,0.5512,1.3171,0.6341,0.1756,0.2976,1.9317,0.9707,0.4244,0.8585,1.3951,1.361,2.039,2.078,0.8634,1.1951,2.4244,1.8293,1.6829,1.6878,0.7707,1.078,2.6634,1.8488,0.5415,0.6927,3.5122,1.7024,1.122,0.7805,1.1756,0.9854,1.5171,2.4293,0.8146,0.7268,2.1122,1.6195,1.8683,1.6098,0.9171,1.0537,1.8098,2.5756,0.3659,0.7805,2.8439,1.6293,1.6098,0.278,0.3805,0.2878,0.4341,0.4634,0.478,0.1951,0.7951,0.4927,0.1805,0.1951,0.1317,0.1902,-0.0244,0.9951,0.0976,0.0293,0.2829,0.1024,0.2049,0.0829,0.4829,0.5756,0.4537,0.5415,0.478,0.2585,0.7805,0.922,0.4878,0.439,0.1415,0.3317,0.8732,0.7707,0.0195,0.1073,1.1512,0.9707,0.3756,1.4537,2.5171,2.4,3.2049,3.3317,1.6976,2.0195,3.8293,2.9951,2.5122,2.4683,1.7659,1.6585,3.3951,3.0976,1.1756,1.1366,4.9463,2.4488,1.7854,0.4878,1.1854,1.2488,1.8488,1.4195,0.8293,1.2146,1.7073,1.5122,1.3366,1.2976,0.6976,0.922,1.9902,1.5171,0.439,0.6683,2.6098,1.2439,0.8878,-0.0049,0.839,0.9317,1.039,0.922,0.5024,0.7024,1.4439,1.2634,0.839,0.9805,0.4293,0.5902,2.0634,0.5366,0.1122,0.4341,2.6732,1.5659,0.4683
1-212.txt_23,0.2697,0.4326,-0.0225,0.5843,0.8596,0.3539,0.5337,0.3989,0.4045,0.7135,0.6573,0.4326,0.3764,0.6685,0.6685,0.0449,0.1292,0.9831,0.4494,0.5843,0.2416,0.7978,1.3652,1.9045,1.5618,0.427,0.691,1.8933,1.2528,0.736,0.3764,0.3483,0.236,0.9101,1.5281,0.4888,0.4157,1.5562,0.5393,0.3876,0.1011,0.5506,0.5506,1.1966,1.2079,0.2079,0.427,1.1685,0.8034,0.9719,0.4831,0.191,0.3876,0.8427,1.0955,0.0449,0.4494,1.2416,0.5899,0.7921,0.2584,1.3483,1.0506,1.7079,2.3876,0.7191,0.6629,2.0899,1.382,1.3258,1.2697,0.5056,0.9045,1.4775,2.2022,0.1629,0.4775,2.4944,0.9101,0.8315,0.6573,1.8596,1.2079,2.0169,1.8483,1.3876,1.7079,2.2022,1.9775,1.3933,1.3258,1.4719,0.9607,2.1461,2.5674,0.5449,0.5787,3.4494,1.6966,1.0449,0.0787,0.7022,1.0169,1.1292,0.9607,0.2809,0.3315,1.4101,0.7921,0.3427,0.2247,0.2697,0.191,0.5056,0.9045,0.2921,0.2303,1.0562,0.2584,0.0955,-0.0112,0.6461,0.8876,1.2079,1.4831,0.264,0.2303,1.2584,0.736,0.7921,0.7528,0.0899,0.6011,0.7135,1.1292,0.1292,0.382,1.2472,0.264,0.4213,0.9382,1.7079,0.7809,2.073,2.8876,0.9719,1.3933,2.2697,1.5449,1.8258,1.5506,1.3483,0.9775,2.1798,2.573,0.3989,0.7416,3.2416,1.3539,1.4719,0.4663,0.9944,1.1236,1.5674,1.8708,0.6292,0.6292,1.9045,1.6573,1.3652,1.0056,0.2753,0.6854,2.0449,1.7247,0.4888,0.618,2.6966,1.8371,0.9326,0.6798,0.7191,0.2753,1.0337,1.2697,0.7528,0.8427,1.7416,1.3034,1.3034,1.2809,0.1461,0.7135,2.1292,1.9045,0.3202,0.0955,3.1404,1.736,0.8764,0.6629,0.6573,0.5225,1.0618,1.0281,0.6236,0.736,1.7697,1.2584,1.0337,0.9045,0.1404,0.4551,1.8034,1.7191,0.3933,0.1236,2.6573,1.4831,0.6742,-0.0225,0.236,1.0393,1.3258,0.6236,0.0337,0.3146,1.2022,0.618,0.3483,0.0337,-0.0843,0.0225,0.1124,0.8315,0.1966,0.2584,0.3876,-0.2079,0.1461,0.4888,0.3652,0.2472,0.573,0.5393,0.309,0.3989,1.3371,0.7472,0.4607,0.3989,0.073,0.1517,1.1124,0.9719,0.2303,-0.0506,1.9326,0.9775,0.2865,1.1348,1.2584,0.8427,1.4663,2.0899,0.9045,0.9157,2.3427,1.7697,1.8315,1.573,0.4157,0.9213,2.6348,2.4101,0.5787,0.7191,3.6348,2.1348,1.4045,0.573,1.4382,0.8708,1.8427,2.7584,0.7528,0.8371,2.382,1.7978,2.2753,2.3652,0.4831,1.3876,2.6404,2.5112,0.1124,0.4101,3.7472,1.7697,1.4607,0.0337,0.4438,0.1461,0.4831,0.5112,0.1966,0.3202,0.309,0.5,0.2865,0.1461,0.4213,0.0899,0.3034,0.4101,0.0056,0.1517,0.5056,0.3933,0.2472,-0.0843,0.4944,0.0225,0.3596,0.5449,0.1685,0.2022,0.4551,1.1011,0.2472,0.2135,0.0618,0.0281,0.7584,0.3539,-0.2472,-0.1742,1.1124,1.0449,0.0674,1.3146,2.3034,1.6292,2.5674,3.2191,1.4157,1.5787,3.5562,2.7584,2.4101,2.0449,1.2978,1.2865,3.4494,3.5393,0.7247,0.9045,5.0056,2.7022,1.8202,0.8202,1.0056,0.9888,1.1404,1.3876,0.7247,0.6461,1.7865,1.5225,1.2697,0.9888,0.2191,0.6124,2.0674,1.6011,0.573,0.6292,2.6236,1.7978,0.9438,0.4494,0.4157,-0.0281,0.618,0.8427,0.4719,0.5843,1.1629,0.9045,0.9607,1.0169,-0.0393,0.5393,1.6011,1.2022,0.0674,-0.0843,2.3876,1.2809,0.6292
1-212.txt_25,0.8541,1.1568,0.3351,1.173,2.9622,1.0973,1.0378,2.2054,0.7135,1.6541,1.8649,1.2054,1.6108,1.4757,1.9676,0.3297,0.6703,2.9405,0.9459,1.0108,1.227,2.3405,1.8757,2.173,4.4054,1.4919,1.4432,3.1568,2.9514,1.4703,1.5189,1.3514,1.5784,2.3081,2.8432,0.9189,0.6378,4.0757,2.1459,0.8757,-0.1135,1.3514,0.6,0.8162,2.6919,1.0432,0.5081,1.6108,1.4486,0.9351,0.9784,1.0811,1.7514,1.7135,2.0486,-0.3784,-0.2757,3.5027,2.373,0.5459,0.3838,1.8541,2.373,3.1892,3.3027,1.2973,1.4595,2.1676,2.5784,1.0324,1.1892,1.8378,1.8108,2.1676,3.8432,0.1514,0.8216,3.5892,2.827,0.4757,3.3189,4.1405,2.4378,3.5892,7.9838,3.0919,2.7081,6.1784,4.4108,4.5676,4.1459,1.8108,3.5459,2.9459,5.7514,2.6865,1.9351,6.3838,2.4108,2.9892,0.6541,1.9676,1.3297,1.3622,3.7189,1.8,1.5135,1.9297,2.0324,1.3838,1.4865,0.9784,1.8865,2.4,2.2432,0.4216,0.7784,2.9189,1.9784,0.7351,0.2324,1.7405,1.7189,2.1622,2.9351,1.2973,1.173,1.8703,1.6757,1.6432,1.3189,1.1514,1.5892,2.2595,2.6486,-0.2703,0.4865,2.6216,2.4649,0.6108,1.0973,3.5514,0.5297,2.1189,6.4649,2.0649,2.0865,3.8973,2.9081,2.8,3.7784,2.1838,3.9784,3.0054,4.0541,0.8324,1.373,5.5243,2.3297,2.1351,2.1568,2.4703,0.9676,1.773,4.9946,1.9459,1.9351,3.7568,3.3459,2.7676,3.0919,1.0541,3.0432,2.6054,3.4649,1.2811,0.5189,6.0378,2.6486,2.0324,2.5189,1.6919,0.8649,1.8811,4,1.6108,2.1135,3.0324,2.2054,2.4324,2.5027,1.0811,1.4108,2.0541,2.4919,2.0595,1.9135,3.4757,0.8378,1.7946,2.5243,2.0324,0.9189,1.6757,3.8541,1.6486,1.9514,3.9027,2.227,1.7676,2.2,1.3622,1.6162,1.5514,2.7243,2.0378,1.227,3.5838,0.627,1.3622,0.5838,1.2432,1.1946,0.9351,2.8703,1.2216,0.8108,1.4703,1.2703,0.9243,0.9351,1.2973,1.4703,1.6162,1.6324,0.1676,0.5405,1.7568,1.1622,0.4486,2.0973,1.8595,0.8054,1.8865,3.4324,1.4216,2.0595,3.1568,1.9027,2.0378,1.7189,1.0811,1.5405,2.0054,2.8703,1.5676,1.2919,3,1.2432,1.4973,2.4595,1.6703,0.4919,1.4378,3.0324,1.5297,1.8,3.4378,2.5459,2.2162,2.3243,0.6757,1.6703,2.0324,2.7459,2.173,0.9459,4.1081,0.627,1.773,1.7676,3.1514,3.7676,3.973,5.5676,2.6919,3.0108,4.2432,3.9838,1.7676,1.9838,2.2378,2.8162,1.9838,6.5838,1.4432,1.8649,5.6649,2.1459,2.1189,0.5514,1.7568,0.6919,1.1027,2.6162,0.9622,0.4432,1.373,0.9568,0.6595,1.0216,0.9892,1.3351,0.8919,2.0703,-0.0378,0.0432,1.9027,0.627,0.5946,1.0432,1.2378,0.2973,0.9405,1.7622,0.7405,0.573,0.9784,0.7838,0.7459,0.2703,0.6811,0.8,0.9081,1.827,0.2811,0.4811,1.8541,1.0486,0.5622,3.1514,3.0973,1.9027,2.427,7.1405,3.573,2.9784,5.5027,5.7676,4.2054,4.4486,0.8378,3.573,4.3838,4.6,2.2919,1.1892,7.9568,3.4216,3.5027,1.8054,1.0162,0.5838,1.2649,2.3135,1.8703,2.2,2.3135,2.9405,1.1676,1.8,0.3838,1.1892,1.6757,2.6378,2.227,0.7514,3.8703,1.3676,1.4649,1.6973,0.8,0.5892,1,2.3405,1.5189,1.4541,2.1784,1.0811,1.8324,1.7135,0.6162,0.9622,1.1622,1.9351,1.0919,1.3027,2.8486,0.5243,1.5838
1-212.txt_27,0.4554,0.6458,0.5893,0.6726,1.4464,0.256,0.2083,1.3125,0.6905,0.9077,0.9256,0.3065,0.5714,1.0923,0.878,0.2798,0.3244,1.5833,0.5833,0.619,0.8155,0.997,0.8423,1.1994,2.0179,0.4286,0.5238,2.0982,0.9673,1.2173,1.1339,0.869,0.6786,1.3155,1.3304,0.5565,0.503,2.0833,0.7292,0.9464,0.625,0.369,0.5417,0.9167,1.7202,0.122,0.2113,1.3006,0.6458,0.8839,0.6458,0.3036,0.3155,0.8095,1.5,0.4048,0.5268,1.2262,0.5179,0.747,0.5238,0.8095,0.7054,1.4643,2.1607,0.4256,0.744,1.378,1.253,1.5357,1.378,0.5119,0.7113,1.5476,1.4524,0.2292,0.4405,2.2173,1.2381,1.125,1.1935,1.494,1.1399,1.6875,3.1786,0.7113,0.6637,3.3095,1.9048,2.3899,2.122,0.872,1.3899,2.9435,2.4107,0.5565,0.6875,3.9494,2.0149,1.8661,0.2679,0.3631,0.3601,0.7917,1.2143,0.0833,0.2917,0.7708,0.5536,1.0089,0.8155,0.2798,0.372,0.8571,0.5714,0.0893,0.3452,1.1339,0.6161,0.7738,0.1637,0.6667,0.5952,1.0208,1.1042,0.3304,0.6637,0.6518,0.7917,0.869,0.8423,0.5625,0.3869,0.7173,0.6488,0.1131,0.2976,1.1131,0.5446,0.6042,1.4583,1.631,1.5565,1.9345,3.6756,0.9167,0.8631,3.3631,1.7946,2.247,2.1429,1.0685,1.4643,2.4256,2.628,1.0565,0.875,3.4762,1.3095,1.6845,0.8512,0.9702,0.8274,1.3006,1.9405,0.5685,0.7381,1.9405,1.0863,1.4018,1.1994,0.8274,0.7887,1.381,1.7946,0.4554,0.5625,2.2262,0.8065,1.2024,0.7351,1.3899,0.5565,0.9315,1.8185,0.7798,0.6726,2.1012,1.4256,1.3839,1.5179,0.9048,1.1042,2.1756,1.7321,0.3542,0.2143,3.0714,1.5208,0.9821,0.7143,1.4911,0.6548,1,1.6548,0.8244,0.7262,2.2857,1.375,1.1101,1.253,1.0565,0.9315,1.9881,1.6071,0.3869,0.131,2.8214,1.2976,0.7589,0.4345,0.9524,0.7321,1.0327,1.372,0.4851,0.628,1.3482,0.7887,0.7232,0.7173,0.9375,0.4315,0.7917,0.9345,0.3601,0.378,1.375,0.4762,0.5625,0.4673,0.8601,0.2827,0.503,1.1964,0.375,0.2649,1.4196,0.7798,1.0208,1.0774,0.5565,0.7411,1.4315,0.9673,0.1637,0.1607,1.9048,0.9018,0.7321,1.1756,1.9405,1.1607,1.4732,2.1994,1.2292,1.1042,2.8065,1.7827,1.4881,1.5833,1.4137,1.3214,1.994,2.5804,0.7024,0.4911,2.9375,1.1042,1.1815,0.9881,1.4583,0.9196,1.5952,2.6369,0.7708,0.9494,2.2738,1.5149,2.0714,1.8304,0.9405,1.1637,2.1458,2.0089,0.4643,0.5804,2.8661,1.3423,1.6161,0.3155,0.2827,0.3839,0.5417,1.1161,0.0417,0.0595,0.6815,0.381,0.6012,0.5179,0.0982,0.2381,0.5238,0.7351,0.2143,0.4315,0.6964,0.2589,0.4405,0.372,0.1429,0.1071,0.4821,1.1726,-0.0923,0,0.6845,0.4048,0.4256,0.2619,-0.0179,0.0446,0.5506,0.8333,0.1786,0.1696,0.7173,0.3393,0.2768,1.756,2.3274,1.5,2.1518,3.631,1.4018,1.369,3.8274,2.2381,2.5387,2.5179,1.7292,1.7857,3.0863,3.1786,1.0149,1.0625,4.2143,1.7024,2.0417,0.8601,1.0417,0.7917,1.1518,1.2827,0.7827,0.9018,1.8185,1.0536,1.0119,0.8958,0.8423,0.7292,1.1488,1.7738,0.4821,0.4256,1.7054,0.5714,0.9256,0.5179,0.9762,0.369,0.6845,1.4643,0.5089,0.4643,1.5119,1.0714,1.1369,1.2083,0.5952,0.8423,1.7173,1.2619,0.2173,0.122,2.4018,1.2113,0.7887
1-212.txt_29,0.4602,0.8378,0.3186,0.354,1.4543,0.5133,0.3894,0.8614,0.6903,0.9469,1.0206,0.6549,0.8466,0.6195,0.8584,0.2566,0.3569,1.233,0.5251,0.6136,0.3923,1.528,1.0708,1.3894,2.6431,1.1711,0.9056,2.1298,2.1711,1.3953,1.5221,0.7965,1.118,2.1711,1.7168,0.0855,0.1563,3.2507,1.9735,0.7699,-0.0531,0.9528,0.6962,0.8879,1.5162,0.8909,0.4956,1.5044,1.177,0.7463,0.6401,0.3451,0.3186,1.4926,1.4395,-0.2507,-0.2625,2.0914,1.4572,0.3245,0.2861,1.7906,1.6283,1.9823,2.2478,1.4218,1.3245,2.2242,2.0059,1.5988,1.2802,0.8761,1.0177,2.0383,2.1947,0.1062,0.6814,3.4307,1.9469,0.8643,1.6637,2.5015,1.3333,2.3333,3.5664,1.7994,1.7375,3.3304,2.7493,2.5752,2.4631,1.9764,1.8938,2.3245,3.0767,1.4454,1.295,4.3009,1.7581,1.9853,0.295,0.9676,0.6549,0.8496,1.8496,0.7139,0.5575,1.4159,1.2861,1.3923,1.2124,0.4395,1,1.6785,1.0029,0.1268,0.1799,2.1711,1.5988,0.941,0.177,1.1091,1.0118,1.1209,1.6431,0.7257,0.6431,1.4189,1.2419,1.4012,1.1121,0.5723,0.9646,1.7257,1.236,-0.177,0.4395,2.3569,1.6755,0.8319,0.9499,2.4159,1.0737,1.7758,3.882,1.4661,1.2743,2.6431,2.4661,2.413,2.3186,1.4307,2.0531,2.8732,2.705,0.3363,0.941,4.5811,2.3658,1.7847,0.9174,1.9145,1.0472,1.8584,3.0147,1.3717,1.1416,3.0383,2.1976,1.6578,1.6903,0.9617,1.1858,2.0147,2.3038,0.6401,0.4425,3.7817,1.6254,1.118,0.9794,1.3127,1.0383,2.1239,2.2832,1.056,1.5044,2.1681,2.1209,1.6696,1.6519,1.2094,0.8732,1.6519,1.9469,0.9263,0.7021,2.8083,1.1003,1.1593,0.7375,1.5192,1.0914,1.9528,2.1799,1.2271,1.4749,2.2832,1.9528,1.4248,1.5162,1.3009,1.0531,1.5251,1.7552,1.0206,0.7463,2.8378,1.0531,0.9587,0.1416,1.0118,0.8319,0.8673,1.9823,0.6903,0.4336,1.3068,1.2478,1.1003,1.1888,0.5398,1.0265,1.5369,1.0088,-0.2124,0.2035,2.059,1.4071,0.7404,0.7729,1.0973,0.5015,1.1357,1.8968,0.649,0.8673,1.6932,1.3038,1.2065,1.295,1.0383,1.1976,0.8909,1.7847,0.7286,0.6401,1.7345,0.4425,0.885,1.0826,1.6195,0.9381,2.649,2.5369,1.2655,1.8319,2.6608,2.1534,1.6106,1.6991,1.5192,1.1357,1.8053,2.587,1.0767,0.8525,3.3009,1.0472,1.236,1.236,1.8879,1.7935,2.2684,2.5251,1.6106,1.6549,3.1445,2.708,1.3215,1.4867,0.9558,1.3186,2.2419,2.4307,0.7876,0.7463,3.4012,1.8584,1.0708,0.1239,0.7139,0.1475,0.1917,0.9676,0.3392,-0.0059,0.6077,0.3687,0.5162,0.5516,0.2242,0.4041,0.5192,0.9027,-0.2743,-0.115,0.9617,0.4307,0.3835,0.2065,0.649,0.2448,0.7463,0.6637,0.4631,0.3923,0.7463,0.6077,0.6932,0.6873,0.4602,0.3451,0.4631,0.9056,0.0472,0.0295,1.1121,0.5162,0.6254,1.531,2.5074,1.5221,3.0236,4.6667,1.9469,2.0029,3.8555,3.7286,3.5133,3.2537,1.6785,2.0885,3.7611,3.1357,0.9735,0.9971,6.4071,3.0118,2.4867,0.7965,1.0088,0.6342,1.9027,2.4307,0.9646,1.3156,2.2242,1.7463,1.4336,1.6431,0.7227,1.0501,1.6696,1.8407,0.9056,0.6224,2.9971,1.0147,1.1563,0.7935,0.8112,0.7198,1.2537,1.6903,0.6549,0.9823,1.4572,1.3569,1.3363,1.3215,0.8112,0.6313,1.1504,1.1239,0.7581,0.5752,2.0118,0.885,0.9676
1-212.txt_31,0.53,1.46,1.31,0.79,1.49,1.24,0.84,1.89,1.22,0.64,1.03,1.22,0.97,1.03,1.29,0.73,0.48,1.97,0.62,0.54,1.19,0.9,0.15,0.9,2.18,0.64,0.75,1.54,0.54,2.98,2.76,1.2,2.16,2.56,1.91,0.3,0.51,3.1,1.39,2.42,1.04,0.6,1.04,1.87,1.59,1.01,1.58,1.77,0.44,1.18,1.16,1.35,1.01,0.65,2.06,1.14,0.84,1.34,0.09,0.97,1.24,0.92,1.96,2.14,1.92,1.01,1.45,2.98,1.45,1.29,1.37,1.38,1.35,1.97,1.94,1.19,0.44,2.72,1.31,1,1.81,2.02,1.8,1.85,3.91,1.91,2.02,3.97,2.52,1.25,1.83,1.72,1.53,1.38,2.75,1.47,0.71,3.79,0.9,1.24,0.57,0.51,0.65,0.97,1.35,0.58,0.75,1.57,1.24,1.59,1.79,0.8,1.49,2.19,1.24,0.27,0.09,2.45,1.42,1.2,0.82,0.62,1.08,1.54,1.87,0.78,1.09,1.98,1.08,1.58,1.7,1.15,1.45,1.93,1.41,0.63,0.22,2.52,1.32,1.18,1.65,2.27,2.44,3.1,2.73,2.14,2.49,3.58,1.65,1.96,2.23,2.33,1.89,1.64,3.96,2.15,2.11,3.55,0.8,1.71,0.93,1.41,0.83,2.3,1.05,1.41,2.46,1.57,0.97,1.3,1.53,1.65,1.3,1.4,1.6,0.71,0.29,2.21,0.71,0.94,0.57,2.33,0.94,0.91,1.87,1.23,0.81,2.2,1.95,1.86,2.14,1.19,1.65,2.48,2,-0.02,-0.44,4.13,1.98,1.31,0.72,2.04,0.71,1.31,2.33,1.19,1.04,2.33,1.63,2.12,2.38,1.17,1.73,2.33,2.26,0.07,-0.28,4.4,1.7,1.51,0.96,0.72,0.36,0.81,1.93,0.62,0.63,1.49,0.68,2.41,2.27,0.98,1.78,2.03,1.89,0.36,0.46,2.56,1.34,1.98,0.46,1.6,0.61,1.01,1.51,0.97,0.83,2.05,1.36,1.51,1.8,0.98,1.34,1.89,1.72,-0.01,-0.42,3.33,1.34,1.01,1,2.82,0.19,1.22,2.34,1.34,1.29,1.5,0.89,2.56,2.74,1.47,1.86,1.63,1.81,0.02,-0.08,3.36,1.07,1.87,1.45,2.02,2.52,2.25,3.12,1.69,1.81,3.4,2.16,2.19,2.49,1.97,2.14,2.57,2.85,1.9,1.55,4.35,2.05,1.91,0.74,0.38,0.97,0.82,1.99,0.79,0.63,1.49,0.35,0.76,0.92,0.74,0.82,0.34,1.07,0.94,0.92,0.97,-0.11,0.76,0.44,-0.12,0.35,-0.18,2.63,0.09,-0.4,0.88,-0.11,0.89,0.99,-0.03,0.68,0.21,0.29,0.36,0.52,0.75,-0.23,0.84,2.07,3.24,1.23,2.75,4.22,2.19,2.33,3.52,1.92,4.4,4.45,2.28,3.38,3.07,3.52,0.94,0.94,5.54,1.9,3.68,0.69,2.01,0.23,1.77,0.96,1.24,1.73,0.85,0.61,1.68,1.72,1.24,1.24,0.89,1.09,0.11,-0.02,1.91,0.49,1.22,0.32,1.89,0.96,0.74,1.59,1.15,0.71,1.83,1.8,1.3,1.66,1.01,1.33,2.01,1.52,0.02,-0.35,3.29,1.59,0.89
1-212.txt_33,1.4914,1.4171,1.0343,1.5429,3.9429,1.7257,0.7257,2.7257,1.4743,1.8343,1.84,1.0629,2.0629,1.7486,2.5086,0.88,0.8571,3.52,1.1886,1.9429,0.7829,3.0057,3.3829,3.0514,4.84,1.9771,1.5371,3.6171,2.7371,1.1143,0.84,2.0171,1.2686,2.2514,3.5314,0.8914,0.96,5.04,2.4229,0.2743,1.0857,2.4857,3.1829,3.0743,3.7543,2.04,1.1771,4.3543,2.2914,2.2229,1.2286,1.6286,2.1657,2.7371,3.8171,0.7029,0.44,4.3714,1.8286,0.9943,1.3029,3.0629,4.2971,4.5486,3.9886,2.4971,2.6057,4.6343,3.1371,1.0914,0.5829,2.5657,1.52,1.9657,5.0686,1.44,0.1086,4.4743,1.8571,0.68,4.0057,4.2857,2.9829,3.7086,10.2857,4.1543,2.4743,5.9143,4.6971,5.6686,5.8057,1.9886,5.1371,6.2286,7.4857,2.8457,2.5429,11.6571,6.52,4.9486,1.3543,2.1657,3.1257,3.7429,3.8171,1.7029,1.9771,3.9314,2.36,0.28,0.16,1.7029,0.6229,1.4857,3.5714,0.9943,0.7143,3.8457,1.52,0.0743,0.6057,2.0686,3.1429,2.7029,2.1143,1.3143,1.7886,2.6514,2.08,-0.0914,-0.56,2.1543,0.0114,0.9543,2.3886,0.2,-0.2857,2.6114,0.8171,-0.5657,1.7086,4.3143,3.7086,3.9714,6.72,3.6229,2.96,5.7657,4.1714,2.88,2.5657,3.3771,3.2914,3.2343,6.1771,1.8914,1.4,7.0057,2.6057,2.0057,1.9886,2.3943,2.7714,2.3029,5.6514,1.6629,0.5771,4.6,4.1086,2.0743,1.9371,1.5429,2.5314,2.2057,3.8286,1.3886,1.5143,5.6,3.6971,1.8171,1.6971,1.2743,1.6457,1.52,4.7829,1.88,0.4971,2.0914,2.2571,2.1086,3.0057,0.6286,2.4686,3.1371,3.4629,1.6857,0.9829,4.9829,3.1029,1.9486,2.2286,1.4629,1.2457,1.5029,4.8971,1.7771,0.72,2.6286,1.9086,2.0514,2.7429,0.8,2.2629,2.5371,2.7543,1.6971,1.0857,4.7029,2.5314,1.9371,0.6343,1.6343,2.64,2.1429,2.4,0.8914,0.9257,2.8571,1.7429,0.3314,-0.04,0.88,-0.0514,2.0743,2.2514,0.3314,0.36,3.3029,1.4057,-0.2686,2.3543,1.92,1.5543,1.3086,4.8057,1.5486,0.9714,2.6629,2.2229,1.3314,2.0057,1.0743,2.2629,2,3.72,1.3086,1.0114,4.04,2.2686,1.5086,2.4457,2.1657,1.6457,1.6686,7.2114,1.8971,0.1314,2.7429,3.04,2.9886,4.0171,1.0629,3.4857,4.2171,4.6629,2.6686,1.8057,7.5086,5.2286,2.5657,2.3829,4.3543,4.5029,6.2686,6.0686,4.6857,4.2971,6.1029,3.48,1.9086,1.6686,2.8971,1.7486,2.8286,6.4,2.8857,1.8857,7.4286,2.3143,1.2171,1.1314,1.8,2.1943,2.2743,2.3314,2.0229,1.2229,2.5486,1.3429,1.2286,0.9143,1.2686,0.7771,0.8743,2.8343,0.7086,0.0571,2.7657,0.6914,0.9771,0.5714,0.5143,0.9829,0.8171,2.5771,1.3943,0.2629,0.6971,1.1543,1.3943,1.6343,0.1543,1.4229,1.2057,2.2229,0.2457,-0.2457,2.9257,1.3486,1.2971,3.24,4.7943,5.2514,5.2743,10.6343,4.0743,2.7257,7.0686,6.1886,5.36,5.0629,3.2057,4.7029,7.1771,7.7371,3.4743,2.6457,12.4514,7.8,4.1771,2.5829,1.9543,2.4229,2.5714,6.44,1.64,0.7771,4.6286,3.8686,2.6229,2.7371,0.88,2.9143,3.2914,4.2743,2.3771,2.0914,6.9543,5.2914,2.6,1.7771,0.76,1.2571,1.1371,4.5657,1.0514,-0.3886,1.8114,0.9314,1.5371,2.52,0.2629,2.0286,2.4914,2.7486,1.5143,0.7543,4.3829,2.48,1.9829
1-212.txt_35,0.9271,0.6302,0.4479,1.0521,1.2292,0.5677,0.8177,1.4219,0.526,0.8698,0.7083,0.5729,0.4948,0.474,1.3542,0.3958,0.2135,1.3021,0.2812,0.7865,0.4323,1.2448,0.3177,1.0052,1.4062,1.0573,1.0156,1.3125,0.9896,1.4948,1.625,0.6823,1.1302,1.2917,2.1354,0.1771,0.5417,2.901,1.1406,1.2604,-0.0052,0.3646,0.0885,0.2865,1.9688,0.1823,0.1667,0.4635,0.9219,1.1302,1.2812,0.0312,0.776,0.776,1.2708,-0.4427,-0.2083,1.2031,0.9115,0.8385,0.3906,0.9427,0.7031,1.1198,2.474,0.5052,0.6979,2.0625,1.599,2,2.151,0.25,1.4271,2.0677,2.1979,-0.276,-0.0469,2.849,1.7917,1.5781,2.375,1.0833,0.7292,2.5573,3.599,1.0729,1.6667,3.1615,1.349,2.4219,1.8333,1.0573,1.099,1.6146,3.3125,1.276,0.7344,3.0521,1.1042,2.0938,0.5938,0.526,0.2552,0.7396,1.2083,0.4844,0.7031,1.2812,0.5365,1.1146,1.0781,0.3177,0.6823,0.7969,1.5312,0.1719,0.4375,1.6875,0.6406,1.0469,0.3385,0.5052,0.4427,0.7604,1.4479,0.349,0.5625,1.5938,0.8385,1.3333,1.4479,0.1354,0.9167,1.3333,1.6562,-0.0625,0.3333,2.1198,1.0729,1.1406,0.8229,1.9583,1.3698,2.1979,2.8229,1.224,1.4896,2.7969,2.1562,2.5052,2.5312,1.3281,1.6979,2.375,3.2604,0.099,0.0417,3.6771,1.9062,1.875,0.6927,0.7812,0.0833,0.8906,2.6146,0.5104,0.5156,1.5885,1.1667,2.3438,2.3646,0.3646,1.526,2.0781,2.2344,-0.1615,0.2656,2.8542,1.5833,1.8385,1.2708,1.8385,1.224,2.3229,1.8594,1.3594,1.5938,3,1.9583,1.9844,1.7812,1.3958,1.2344,2.375,2.9115,0.8958,0.4375,3.6927,1.8906,1.5625,1.1406,1.6823,0.9531,2.1146,1.7188,1.1771,1.4375,2.8594,1.7135,2.0052,1.7969,1.3698,1.1719,2.4583,2.7604,0.7604,0.4115,3.7344,1.8385,1.526,0.3281,0.6719,0.2708,0.7812,0.9479,0.6979,0.7812,0.974,0.5885,0.9271,1.026,0.4635,0.6562,0.7708,1.6979,0.1823,0.4375,1.9271,0.6719,0.776,0.8646,1.0677,0.6146,1.3646,1.0052,0.7865,1.0365,2.0938,1.1927,1.1823,1.0469,1,0.7083,1.6771,1.8906,0.526,0.1771,2.4635,1.2604,0.9115,0.5677,1.6562,0.8333,1.6875,1.7396,1.0677,1.0469,2.3958,2.4219,2.5521,2.6354,1.2031,1.9583,3.875,2.6823,0.0208,-0.0104,4.3281,2.9167,1.7708,1.3229,1.7396,1.0365,2.3438,3.3542,1.2865,1.6198,3.2656,2.026,3,3.0052,1.1198,1.9167,2.7292,3.7344,0.5312,0.5521,4.4323,2.0938,2.3854,0.2812,-0.0625,0.0938,0.25,1.4271,-0.0312,0.1406,0.2708,0.1458,0.4688,0.3906,-0.0573,0.151,-0.1146,0.4844,-0.151,-0.1667,0.1042,-0.1198,0.3906,0.276,-0.1875,0.1667,0.4792,1.4167,-0.0104,0.2031,0.3073,0.3073,0.3333,0.1875,-0.1615,-0.0052,-0.0833,0.3333,-0.0156,-0.224,0.0625,-0.0677,0.2812,1.2083,2.3646,1.526,2.7812,3.0521,1.5156,1.7917,3.8385,2.9531,3.8802,3.7031,1.8281,2.599,4.7604,4.2865,0.2812,0.4531,5.8854,3.4323,2.974,0.4896,1.1562,0.5,1.2917,1.6719,0.7188,0.7344,1.7604,1.5469,2.2812,2.3385,0.8125,1.599,2.776,2.1875,0,0.3229,3.1667,1.9948,1.6719,1.1979,1.3698,1.0833,1.9583,1.7083,1.0885,1.3281,2.5,1.5208,1.5312,1.2865,1.0729,0.8854,1.599,2.3333,0.8073,0.3698,2.6719,1.2812,1.276
1-212.txt_37,0.4396,0.8068,0.6522,0.7198,1.8792,0.8019,0.4589,1.1787,0.2464,0.8309,0.3188,0.4155,0.2174,0.5362,0.1836,0.4783,0.5121,1.0048,0.6087,0.657,0.058,2.0531,0.9565,1.5314,4.0676,0.7585,0.8019,2.1159,1.7874,2.6618,2.5749,0.8406,2.2705,3.4686,2.5024,-0.4058,-0.2271,4.913,3.2754,1.8696,-0.1643,1.5845,1.2754,1.2222,2.1836,0.8406,0.5797,2.1353,0.7343,1.7488,1.2705,1.1932,1.3188,1.8309,1.0242,-0.372,-0.1498,2.5362,1.4928,1.0145,0.3768,2.2415,2.5797,2.7729,4.5749,0.686,0.8792,3.7198,1.8309,2.5894,2.1256,1.029,2.0966,2.3768,3.4928,0.058,0.2995,4.343,1.5652,1.7343,2.1063,3.7101,2.0097,4.5024,5.5362,2.1449,2.8406,4.1304,2.9614,3.6329,2.7005,2.2222,2.4928,2.4106,5.1401,2.0531,1.5894,5.1449,1.8502,2.3865,0.599,1.1981,0.5749,1.0242,2.3382,0.2657,0.5411,1.6377,0.8551,2.5024,2.1739,0.1353,1.7343,1.8261,1.0193,-0.2995,-0.1498,2.2947,1.8502,1.8696,-0.0435,1.6473,1.4251,1.4058,2.4589,0.372,0.3865,1.9517,1.2319,2.2512,1.7681,0.5024,1.5942,2.6425,1.7005,-0.686,-0.3285,3.4106,3.1014,1.5797,0.57,3.4348,1.5749,2.8696,4.5072,1.7874,1.4348,3.2802,1.8502,2.9855,2.6425,2.4928,2.2947,1.7826,2.1449,0.744,1.7874,4.1836,1.5507,1.9275,1.0628,2.5604,0.7923,2.3816,3.1401,1.2367,1.8647,2.7633,1.5072,2.2705,2.2657,1.1981,2.5894,2.1787,2.8406,0.6473,0.314,3.4251,1.2271,1.3382,1.4589,1.7391,1.3333,2.6087,3.4589,1.6667,2.1932,2.0966,2.6522,1.7778,1.7246,1,1.3961,1.8841,2.8502,1.6135,1.5411,2.9034,0.715,1.1401,1.2126,1.8889,1.3478,2.5217,3.3623,1.2705,1.7826,2.8889,2.0386,1.1594,1.5604,0.7391,1.1932,1.7198,2.4976,1.3671,0.8744,2.6184,0.6039,0.7488,-0.3865,0.7005,0.1159,0.2319,2.8551,0.2029,-0.1159,1.285,0.401,2.2899,1.8019,0.1063,1.5072,2.2947,0.8599,-1.1063,-0.8068,3.1111,2.1256,1.5024,0.7971,1.7778,1.1401,2.1546,2.8599,1.1739,1.8647,2.2802,1.8309,0.942,1.1014,1.1256,1.058,1.2802,2.4444,1.0097,0.7971,2.4203,0.6425,0.715,1.1449,1.9517,0.8213,3.0193,2.971,2.0338,2.57,3.1691,2.8068,1.0386,1.7585,0.6232,1.1401,1.2464,2.8551,1.5652,0.628,2.9275,0.913,0.3816,1.0338,2.8986,2.8309,3.2947,4.4348,1.7681,1.9565,3.3285,2.5604,2.5845,2.2754,1.8068,2.1014,1.7005,4.3188,1.6812,1.628,3.8744,1.1739,2.715,0.2657,0.6377,0.9758,0.7246,1.4348,0.0531,0.0435,0.628,0.0483,1.1932,0.8744,-0.0242,0.9324,1.4493,0.6473,-0.1643,0.2077,1.4106,0.6425,1.2271,0.7488,0.5024,0.401,0.5217,1.3527,0.0097,0.0483,0.4396,0.3527,1.0483,1.0145,-0.029,1.0773,1.0773,0.6087,-0.1208,0.0386,1.8357,0.4251,1.2077,1.8792,3.9952,2.3237,4.314,5.5894,3.314,3.8261,4.2512,4.9614,2.3913,2.7343,2.1787,2.5411,3.1691,4.2464,1.7681,0.8406,7.1932,3.8019,1.3333,1.0097,2.0628,0.8841,2.8986,2.7923,2.7488,3.1739,1.9903,2.8502,0.4734,1.256,0.8261,1.372,0.9903,2.6715,1.5604,0.3865,2.0628,0.6667,-0.058,1.0676,1.3575,1.2415,1.6667,2.5072,1.8357,1.7005,1.1208,1.7729,1.0966,1.029,1.0483,0.8116,0.2609,2.2802,1.6473,1.5459,1.4251,-0.1691,0.8551
1-212.txt_39,1.1824,2.5473,1.3784,1.7095,3.0473,1.527,1.3311,2.2568,2.0608,1.3986,1.6014,1.9662,1.1757,1.2635,2.5473,0.8243,1.527,2.3311,0.9054,0.9865,1.5473,2.223,1.3176,2.0608,3.5473,1.5068,1.0203,2.7973,2.5068,2.0541,2.2095,1.0068,1.8919,2.6622,2.6216,0.473,1.0068,3.7703,2.2703,1.4662,0.1892,1.7838,1.1216,0.6081,1.5473,1.223,0.1486,1.2297,1.8378,1.1351,1.1486,0.5676,1,2.4122,1.8176,0.0541,0.0541,1.8716,2.0878,0.8919,1.7365,2.9797,1.1757,1.7027,3.9189,2.027,1.1689,2.6959,3.2297,2.0743,2.2162,1.3176,1.8176,2.6351,2.7973,0.7095,1.0946,3.3716,2.2838,1.7635,3.3649,4.1622,2.0405,4.5203,6.973,2.7905,2.7027,5.4662,4.0743,3.2162,3.6149,2.4662,2.6284,3.0473,5.25,2.6419,2.527,5.25,1.4865,3.1959,1.3176,1.8446,0.3919,0.9865,2.6554,1.223,0.4662,1.7432,1.8784,1.973,1.9662,0.6351,1.7027,2.3446,1.6486,0.4257,0.6554,2.5135,1.8041,1.6284,0.9932,1.7297,0.6284,0.7297,2.0541,0.9054,0.1014,1.6892,1.4595,1.527,1.3649,0.7365,1.3243,1.5203,1.6757,-0.1351,0.3108,2.0608,1.5541,1.3243,1.6284,3.7973,1.5608,2.2297,5.3649,1.9865,1.6892,3.7635,2.9662,2.4122,2.75,2.6622,2.0946,2.9324,4.3243,1.1216,2.0068,4.2432,1.9324,1.9459,2.2027,2.7568,1.2905,2.1757,4.2432,1.7838,1.1014,3.8108,2.5541,1.9662,2.527,0.6689,2.0676,2.6554,3.1959,1.3446,1.2905,3.5811,1.1149,1.7095,2.1149,0.9257,1.1284,2.8176,3.2162,1.5135,1.473,2,1.6216,0.6689,1.5811,0.7905,0.8919,1.2365,2.4865,1.3851,1.0203,2.2838,0.2905,0.9324,2.1689,1.7568,1.1757,3.0068,3.7635,1.6284,1.5405,3.0878,1.9797,1.0676,1.7432,1.1959,1.3041,1.2905,2.9257,1.5676,0.9595,2.6959,0.3986,1.223,0.9392,0.9662,0.3581,0.8986,2.0541,0.8243,0.1959,1.4054,1.4459,1.3311,1.0608,0.3986,1.0405,1.9189,1.8243,-0.0878,0.1149,2.0135,2.1014,0.9797,1.7027,1.0338,0.8311,1.8311,2.8243,0.7095,0.8311,2.6622,1.0338,1.4189,1.723,0.5405,1.2973,1.1757,2.527,0.9189,0.473,2.2027,0.2365,1.277,2.1014,0.9865,1.0203,2.8446,4.1689,1.5676,1.2905,2.9459,2.027,1.8243,2.4122,-0.0068,2.0811,2.5946,2.75,1.5203,1.1959,3.2905,0.473,1.8446,2.8041,3.0676,1.7905,3.2027,4.7432,1.9324,1.7635,3.8446,3.8649,2.25,2.4527,1.3378,1.5135,2.5203,4.2027,1.5946,2.2027,3.3649,1.5135,2.5811,0.4257,1.7568,0.527,0.5743,2.027,1.0473,0.5811,0.7703,1.1351,0.9662,1.1014,0.9122,0.9662,1.3784,1.9865,0.1149,0.7635,1.7027,0.9595,0.777,1.3446,1.1081,0.4865,1.3581,1.8176,0.8716,0.723,1.1757,1.0608,0.7838,0.7365,0.5743,0.6216,0.8311,2.1284,0.4865,0.3176,1.6419,0.3851,0.6824,3.2973,2.3514,1.2635,3.3514,6.3311,2.1081,1.4662,3.7027,3.5,3.1284,3.3446,0.723,2.8311,3.4527,3.4595,1.5676,1.2095,5.1554,2.2973,2.9189,1.6081,0.7162,1.2432,2.3986,3.4054,1.5338,1.3716,2.1689,1.777,0.6689,1.4662,-0.2568,1.2973,1.0473,1.9257,1.473,0.4932,1.7432,-0.4257,0.6081,1.723,1.2568,1.3851,2.1622,2.9527,1.6892,1.5,1.9054,1.3851,0.5405,0.9459,1.3851,0.6689,0.6351,2.2162,1.473,1.1351,2.0743,0.1486,0.5068
1-212.txt_41,0.32,0.3943,0.5429,0.8857,1.1429,0.1429,0.2914,1.0571,0.8343,0.9429,0.8114,-0.1486,0.64,1.4229,0.5771,0.1943,0.4114,1.5486,0.9086,0.6114,0.64,1.5714,1.2971,1.3486,1.3943,0.7486,0.9829,1.3657,1.0686,1.5657,1.6114,1.6457,1.2171,1.0229,1.7543,0.5829,0.5029,1.4343,0.3429,1.1829,0.5943,1.1771,0.9771,1.1314,1.6686,0.3943,0.5657,1.6857,0.8229,0.9086,1.0514,0.8571,0.64,0.7029,1.8114,0.4057,0.4457,1.5714,0.2057,0.6114,1.0571,1.1429,1.1257,1.0743,2.6629,0.24,0.3486,2.5886,1.0914,1.0571,1.2457,0.68,0.7143,1.0971,2.5486,0.4514,0.4514,2.4571,0.4686,0.7657,1.0743,1.3429,1.6171,1.7429,3.9257,0.7371,0.7771,2.3086,2.0286,2.5543,2.4514,0.3543,1.76,2.9771,1.8229,0.8229,1.3657,3.7143,2.0457,1.8514,0.48,0.8914,0.7543,0.6571,0.8629,0.3714,0.5029,1.3143,0.68,0.7543,0.9029,0.76,0.6514,0.4114,1.36,0.2857,0.16,0.7257,-0.1086,0.5829,0.7143,0.9829,0.8286,0.5657,1.4857,0.2171,0.2457,1.5371,0.6171,0.8286,1.12,0.7257,0.6971,0.52,1.5943,0.36,0.3143,1.0571,-0.0686,0.5943,0.56,1.04,1.3829,2.48,2.2457,0.56,1.0686,2.2057,1.6971,2,1.6629,0.3829,1.0857,2.1771,2.52,0.4057,1.1429,3.5714,1.5429,1.4343,0.8343,1.5429,1.1829,1.2686,1.8114,0.8743,0.9486,1.8343,1.2,1.6743,1.6686,1.2857,1.1657,1.28,2.4629,0.6629,0.5029,1.8629,0.5429,1.2857,1.1257,1.3943,0.9371,1.4629,2.2629,0.9143,1.0686,2.24,1.9429,2.0743,1.9314,0.5143,1.5486,2.7429,1.4229,0.3714,0.3371,3.2171,1.9314,1.5714,0.8629,1.5829,0.9543,1.4514,2.0571,1.08,1.1886,1.84,1.8571,2.0514,1.9886,0.7657,1.6514,2.5314,1.3143,0.3257,0.3086,3.0914,1.8057,1.5257,0.4457,1.16,0.9886,1.0171,0.72,0.5829,0.7429,1.0171,0.6114,0.72,0.9143,1.4286,0.72,0.3257,1.3486,0.6,0.4114,0.6457,-0.1257,0.5429,0.5714,1.1257,0.7371,1.1771,1.3143,0.8057,1,1.3543,1.3886,1.4686,1.4457,0.6514,1.2686,1.7943,0.9657,0.1943,0.1086,2.0914,1.1829,1.0857,0.7829,1.6629,1.12,1.7314,1.7771,1.2571,1.3314,2.2686,1.9086,2.2171,2.0571,1.0914,1.6343,2.5029,1.9657,0.3429,0.2,3.0743,1.8743,1.7086,0.9486,1.3086,1.5314,2.1486,2.3371,0.9543,1.1714,2.3143,1.8457,2.1257,1.9486,0.7029,1.3714,2.3829,2.7371,0.8229,1.36,3.1543,1.5314,1.6514,0.2514,0.3257,0.52,0.6857,0.5943,0.0114,0.12,1.3029,0.3314,0.1143,0.1543,-0.0229,0.04,0.3257,0.7429,0.2229,0.24,0.6743,0.0343,0,0.3371,0.4686,0.6686,1.08,0.6514,0.44,0.6514,1.1943,0.7714,0.5029,0.4857,0.0857,0.3371,0.76,0.5771,0.3257,0.3657,1.04,0.5371,0.3314,1.1429,2.4686,1.8571,2.5714,2.8686,2.0171,2.0629,2.8286,2.52,3.2229,3.0114,1.9257,2.4457,2.9886,3.0914,0.6914,0.8571,4.0857,2.0743,2.6343,0.6057,1.4514,0.7714,1,0.9886,1.2171,1.1543,1.2857,1.2,1.7429,1.5657,1.24,1.3143,1.4743,1.48,0.3886,0.0971,1.6057,0.9257,1.4457,0.88,0.9714,0.7429,1.2686,1.6114,0.7314,0.9314,1.7029,1.6,1.6229,1.48,0.2514,1.2114,2.2286,0.9543,0.3371,0.3657,2.4457,1.5486,1.2286
1-212.txt_43,1.5645,1.3226,0.8172,1.3333,4.0054,1.2258,0.8548,2.4086,1.3495,1.3387,1.2903,1.2366,1.3602,1.0806,2.3172,1.2419,1.1398,2.8656,0.6075,1.1344,0.871,2.2258,2.5323,3.1667,3.9301,1.8817,1.5699,3.3871,3.0323,1.0376,0.0968,1.1989,0.871,1.1452,2.9462,0.9785,0.8065,4.4409,1.5645,0.4624,0.5108,2.1828,2.6505,2.8548,3.2688,2.0269,1.2957,3.6344,2.4731,1.1882,0.4086,1.4624,1.3495,1.5806,2.9892,0.8925,0.2204,3.4462,1.6452,0.3387,1.1183,2.5968,3.5914,4.3548,4.0108,2.3602,2.4946,3.7634,2.7366,0.4086,0.457,1.9785,1.3387,1.5108,5.0054,1.2688,0.6935,3.7151,1.3548,0.0591,3.3978,3.8441,2.7796,3.2849,9.2527,3.2151,1.9516,5.8495,3.7419,4.4785,4.4731,1.7581,4.457,4.0753,5.4785,2.8333,1.7957,8.6559,4.4194,3.1613,0.6935,1.7419,2.3065,2.8172,2.7903,1.4355,1.3548,2.4462,1.9839,0.5699,-0.1452,1.4462,0.7742,0.4839,2.4355,0.371,0.1613,3.0699,1.2742,0.2043,0.3441,1.8118,2.8871,2.8118,1.629,1.328,1.3548,1.5215,1.7043,0.2258,-0.1344,1.629,0.6505,0.2903,2.2903,0.2903,0.0806,2.0108,0.5,-0.3011,2,3.9409,2.7204,3.7366,5.914,3.0161,2.8602,4.914,4.086,1.9247,1.871,3.4194,2.2204,2.8656,5.4624,1.8763,1.1935,6.0161,2.1022,1.4086,1.4194,2.2903,2.1452,1.9677,5.2957,1.3978,0.5161,3.8602,3.3656,2.0753,1.8172,0.9677,2.3172,2.4516,3.371,1.2366,0.7634,5.8441,3.3925,1.5538,1.8333,0.9086,0.7903,1.0914,3.7957,0.8817,0.2419,2.6559,1.7204,2.4785,2.6774,0.3602,2.5269,2.543,2.914,1.7581,0.8441,3.5914,2.328,2.1452,1.7581,1,0.9462,1.0591,3.4785,1.0323,0.6344,3.0161,1.7204,1.6237,1.9301,0.414,1.4409,1.8871,2.0269,2.0591,0.8925,3.2097,1.7688,0.8602,0.4516,1.5269,1.9946,2.4785,1.828,1.3871,0.9839,2.2043,1.3011,0.3226,-0.3871,0.6183,0.5806,0.957,1.7097,0.1667,0.7204,3.0699,1.2634,0.0538,2.1237,0.9839,0.457,0.7043,3.5054,0.8602,1.2204,2.8333,1.7527,2.1344,1.5591,0.8011,1.828,1.7473,2.1344,1.4301,0.8925,4.0054,2.043,1.3978,1.6129,1.1075,0.8387,0.2742,4.6075,0.7581,-0.2043,2.2097,2.5914,3.1344,3.4194,0.2957,2.6828,2.8548,2.4409,2.0914,1.1183,5.4247,3.1129,2.1559,2.7097,3.0538,4.1774,5.7903,5.5806,3.2258,3.2473,6.1022,3.4516,0.7634,0.8548,2.0376,1.2903,0.9785,6.871,3.0914,1.4462,5.8011,1.371,0.3065,1.086,1.5914,1.5806,2.1398,2.871,1.3656,0.9677,2.2742,1.828,0.8172,0.6774,1.2527,0.9032,0.4355,2.6129,0.9839,0.1559,2.5323,0.8065,0.629,0.3978,0.6505,0.5323,1.1129,2.2473,0.3118,0.0323,0.6398,0.9785,1.1882,1.172,0.5,1.2043,0.9677,1.1882,0.1667,-0.4247,1.8925,1.0806,0.8817,2.8548,3.0484,2.5538,3.1613,8.1828,2.4247,1.4355,5.6667,4.8656,5.2581,4.8602,1.7796,4.0968,6.1774,5.8817,2.3387,0.9301,10.5645,6.1828,3.5323,1.7581,1.6075,2.0484,1.6075,4.0645,1.0538,0.7634,3.4462,3.2151,2.7957,2.3871,0.6398,1.7366,2.8011,2.5323,2.0806,1.1774,5.7419,3.5,1.6989,1.6022,0.543,0.0968,0.2043,2.9194,0.3118,0,1.2957,0.7957,1.5323,2.0054,0,1.9892,1.6398,1.6613,1.2903,0.4355,2.6452,1.7634,1.3172
1-212.txt_45,0.925,1.445,0.295,1.065,2.91,0.745,0.745,1.42,0.895,1.485,1.53,1.47,1.085,1.485,1.845,0.43,0.64,1.745,0.705,1.23,0.8,1.82,2.07,2.085,3.895,1.305,1.215,2.475,2.365,2.185,2.215,0.72,2.165,2.71,2.32,0.915,0.5,3.4,1.76,1.34,0.51,1.235,0.635,0.895,2.455,0.51,0.265,1.49,1.095,1.735,1.46,0.635,1.155,2.095,1.715,-0.19,-0.11,2.1,1.355,0.57,0.98,1.905,1.77,2.465,3.475,1.44,1.405,2.4,1.94,1.975,2.01,0.775,2.035,1.995,2.855,0.24,0.525,2.51,1.66,0.815,2.01,4.175,1.66,3.135,5.16,2.43,2.28,4.935,3.835,3.715,3.535,2.505,3.505,2.995,4.685,1.435,1.255,5.255,2.025,2.81,1.11,1.26,1.36,1.77,2.59,1.24,1.21,1.72,1.32,1.965,1.67,0.645,1.57,1.72,1.95,0.755,0.355,2.02,1.47,1.35,1.015,1.31,1.78,2.105,2.96,1.405,1.48,1.82,1.235,1.495,1.25,0.895,1.195,1.695,2.785,0.36,0.545,1.465,1.05,0.7,1.435,3.58,1.485,2.31,4.65,1.55,1.95,3.525,2.745,2.415,2.625,2.505,2.755,2.565,3.65,0.595,0.835,3.85,1.55,1.965,1.705,2.505,1.715,1.605,3.64,1.52,1.385,3.05,2.525,2.13,2.325,1.28,2.265,2.715,2.635,1.55,0.78,4.69,2.54,1.69,1.53,1.785,1.225,1.96,3.14,1.68,1.645,1.8,2.235,2.645,3.09,1.445,2.66,2.67,1.77,1.235,1.375,3.67,1.72,2.14,1.385,2.26,1.495,2.545,3.36,1.785,1.95,2.635,2.455,2.16,2.595,1.83,2.05,2.125,2.295,1.53,1.255,3.875,1.83,1.565,0.535,0.905,1.19,1.065,3.06,0.65,0.31,2.01,1.045,1.825,1.8,0.415,1.62,2.2,1.505,0.255,0.185,2.18,1.45,0.87,1.44,1.985,1.415,1.87,3.45,1.885,2.07,2.31,2.185,1.925,2.315,1.795,2.01,1.62,2.835,1.47,1.455,3.35,1.37,1.46,1.865,1.725,0.685,1.61,3.495,1.71,1.58,2.62,2.745,2.875,3.38,0.9,2.375,2.725,2.045,1.605,1.305,5.02,1.95,2.32,1.865,2.85,2.345,3.525,4.045,2.765,2.705,4.455,3.855,1.39,1.825,1.67,1.935,1.455,4.49,1.595,1.53,3.53,1.09,1.34,0.25,1.305,0.885,0.82,2.21,0.15,0.14,0.84,0.8,0.965,0.94,0.755,0.965,0.885,1.885,0.19,0.33,0.785,0.145,0.71,0.805,0.595,0.295,1.075,1.525,0.17,0.36,0.88,0.185,0.595,0.625,0.35,0.795,0.775,1.455,0.265,0.12,1.195,0.22,0.765,2.67,2.65,1.82,1.93,5.355,2.155,2.065,3.745,3.86,4.36,4.235,1.09,3.54,4.77,3.71,1.055,0.635,7.845,4.075,3.215,1.755,0.955,0.805,0.77,3.285,1.22,1.415,2.05,1.93,1.715,2.545,0.31,1.975,2.48,2.155,1.74,0.845,3.49,1.425,1.06,1.025,1.315,1.07,1.355,2.03,1.595,1.395,1.115,1.475,1.675,1.86,1.345,1.62,1.44,1.235,0.72,0.855,2.825,1.165,1.745
1-212.txt_47,1.7204,1.5323,0.6935,1.5484,4.2097,1.3333,0.6774,2.8226,1.871,1.5376,1.6935,1.2581,1.7312,1.3656,2.7258,1.172,0.6774,3.1989,1.1559,1.4892,0.9086,1.9516,2.8333,2.7258,4.4892,1.2796,1.3333,3.6237,1.7043,1.1613,0.8548,1.629,0.9301,1.6452,3.5538,0.7903,0.6183,4.0699,1.3602,0.0699,0.4247,2.0753,3.2204,2.9624,3.8495,1.8172,1.4785,3.4194,1.9624,1.7903,1.1882,1.7796,1.3763,2.1559,3.0914,0.8387,0.414,3.7097,1.7849,0.7796,0.7204,2.4946,3.914,4.371,3.8226,2.457,2.7688,3.8656,2.1559,0.9409,0.8925,2.7419,1.0645,1.4194,4.7688,1.3602,0.3871,3.2796,1.2473,0.4194,4.4839,3.8925,2.9946,3.5591,11.5914,2.9731,1.7312,6.5699,4.8118,5.4677,5.7581,2.2312,5.2312,5.1935,7.0161,2.9946,1.2581,10.5,5.5968,4.3978,0.5538,1.4301,2.3602,2.8763,3.2097,0.7419,1.3065,2.6935,1.0645,0.5108,0.0376,1.4355,0.5753,0.7204,2.8763,0.4462,0.1129,2.457,0.3925,-0.2097,0.0054,1.4731,3.1989,3.3118,1.7796,1.2849,1.6989,2.0376,0.8925,0.0108,-0.2957,1.9409,0.1882,0.3118,1.9892,0.2097,-0.457,1.8656,-0.0699,-0.7957,2.0323,3.9301,2.9301,3.8387,8.1452,2.7581,1.8226,5.6344,3.957,2.672,2.586,3.4677,3.0054,3.2903,5.3978,1.9355,0.8118,5.6559,2.6989,2.328,1.5323,1.4355,2.3548,1.6559,6.4247,0.5914,0.2204,3.8925,2.172,2.2043,2.2957,0.586,2.4355,2.828,3.2204,1.1667,1.0215,4.9624,2.871,1.2849,2.1559,0.9409,0.7957,1.0699,4.6828,0.7043,0.1344,3.1882,1.6935,2.3065,2.8441,0.4946,2.1667,3.1667,2.8602,1.6505,0.8548,4.2742,2.5323,2.0753,2.1828,1.3548,0.6774,1.172,4.4731,0.9892,0.672,3.3656,2.0753,2.0699,2.3763,0.6237,1.6882,2.6344,2.2151,1.5269,1.1882,4.4301,2.2366,1.828,0.4624,1.5538,2.3172,2.2366,2.7796,0.6452,0.7796,2.8871,0.7473,0.7151,0.2688,1.1667,0.4785,1.2473,1.8172,0.1613,0.4785,3.0591,1.3925,-0.2688,2.4462,1.1774,1.0968,1.0108,4.8387,0.7473,0.5484,3.4892,1.9462,1.6989,2.043,0.5645,1.7742,1.9032,2.8387,1.1344,0.8172,4.8441,2.1613,1.129,2.2204,2.3011,1.0645,0.9677,5.6989,0.5161,0.0538,3.0215,2.8871,3.328,3.4247,0.8763,3.5054,3.8441,2.8925,1.9731,1.7581,6.7688,4.328,2.871,2.5806,3.7742,3.6022,5.2473,6.172,3.6022,3.3763,6.5215,2.7527,1.5215,1.2634,2.8495,1.6774,1.328,6.7742,3.2097,1.2903,6.086,1.4355,0.8333,0.871,1.7957,1.8602,1.8118,2.6505,1.7097,1.0699,2.2688,0.7151,0.586,0.9731,1.2957,0.7903,0.6183,3.1882,0.8817,-0.1398,2.3925,0.8226,0.4677,0.2419,0.4247,0.8226,0.5108,1.8871,0.328,0.043,0.5376,0.4946,1.2688,1.5376,0.328,1.3387,1.0699,1.5538,-0.2742,-0.6828,1.4785,0.7796,0.7796,3.8871,4.043,3.3387,3.7043,10.1559,2.4247,1.7258,6.629,4.828,5.0215,4.8118,2.5968,4.4516,5.5323,6.4355,2.2204,1.2957,9.0968,6.0806,3.8656,2.1183,2.0323,1.6559,1.7903,4.828,0.2258,0.3441,3.6559,2.7903,3.2957,3.2742,0.3871,2.8441,3.4677,2.7312,1.4839,1.1667,5.7688,3.7742,2.6183,1.5806,0.6398,0.1613,0.086,3.8118,0.0269,-0.5806,1.7796,1.0753,1.7312,2.7204,0.1613,1.7151,2.6667,2.1613,1.0215,0.4355,3.8495,2.4946,1.8548
1-212.txt_49,0.2708,0.474,0.2917,0.5104,1.4531,0.1042,0.25,0.5729,0.4583,1.2083,1.2396,0.3073,0.6406,1.276,0.6458,0.0729,0.4062,1.2188,0.7396,0.9271,0.8385,1.6562,1.6875,2.125,2.1562,1.1823,1.25,1.8073,1.9167,1.4844,1.6562,0.6302,1.1146,1.7656,1.8438,1.0208,0.8906,2.474,1.5677,1.0104,0.6406,1.625,1.5729,2.1667,2.1875,1.0052,1.2656,1.6302,1.5573,1.3646,1.4219,0.7917,0.7448,1.1562,2.0625,0.8333,0.8177,1.724,1.0312,0.8958,0.9896,1.5625,1.776,2.1615,2.9635,0.8646,1.1719,2.2396,1.651,1.9427,2.0677,0.7917,1.0312,1.6719,3.0208,1.0156,1.224,2.3802,1.2812,1.3854,0.9427,1.901,1.8021,2.4115,3.1354,1.151,1.8646,2.5573,2.151,2.7448,2.7865,1.151,1.4844,2.974,2.6042,0.75,0.9167,4.1615,2.2604,2.0312,0.2708,1.0052,1.276,1.0938,1.2917,0.6146,0.5469,0.9375,1.2135,0.8333,1.0156,0.3125,0.7656,1.125,1.0677,0.5469,0.5365,1.4792,1.0729,0.5573,0.6458,1.0938,1.3594,1.4688,2.151,0.7292,0.7344,1.4531,1.3385,1.2396,1.4844,0.4115,0.9115,1.2604,1.7083,0.8177,0.8073,1.6979,1.0469,0.8542,0.7344,2.1719,1.974,2.5,3.276,1.3385,1.776,2.7083,2.5885,1.8698,2.2135,1.3906,1.0469,2.4583,2.7135,0.8281,0.8073,3.6354,2.1458,1.2188,0.8542,1.6875,1.7656,2.2656,2.6719,1.2083,1.4531,2.5469,1.9427,1.2708,1.4427,0.9062,0.6615,1.625,2.6354,0.9531,0.5833,2.7969,1.5625,0.7448,0.8125,1.1146,0.5885,1.0417,2.1198,0.3229,0.651,1.7969,1.0781,2.1667,2.0677,0.6042,1.0885,2.4948,1.9948,0.2552,0.5781,3.4479,1.724,1.6406,0.8333,1.3958,0.9427,1.4479,2.0781,0.6615,1.0365,2.151,1.4583,1.8958,1.9062,0.7604,1.0312,2.5938,2.0469,0.4635,0.4271,3.9375,2,1.3177,0.5885,0.9219,1.3177,1.5052,1.3333,0.9688,0.8646,1,1.5469,0.7656,0.8542,0.2969,0.599,1.0677,1.0625,0.8542,0.7344,1.2396,1.0521,0.599,0.3958,0.6615,0.4896,0.8385,0.9427,0.2969,0.4688,1.026,0.75,0.9792,0.8854,0.2917,0.4479,1.5312,1.0833,0.3021,0.2708,2.2812,1.1979,0.6771,1.2344,1.75,1.5208,2.4688,2.4271,0.9531,1.5625,3.3698,1.9323,1.7031,1.5833,1.1042,0.7656,2.2135,2.4167,0.8073,0.3281,3.7917,1.7917,1.1667,0.625,2.0052,2.026,2.0521,2.8646,1.099,1.3958,2.7865,2.2708,1.7708,2.2031,1.2812,1.1615,2.901,2.9792,0.7188,0.5833,4.3854,2.276,1.0625,0.4219,0.6562,0.6354,0.8594,1.5052,0.4062,0.5417,0.5208,0.5625,0.875,0.9531,0.4948,0.5833,0.6719,0.8542,0.4688,0.5781,0.6198,0.401,0.6562,0.6094,0.4167,0.2135,0.3906,1.4427,0.1354,0.1979,0.4583,0.1458,1.0417,1.0052,0.3229,0.7344,0.7552,0.9323,0.3698,0.526,0.8281,0.3281,0.8385,1.2865,3,2.7708,3.3333,3.6927,1.8177,2.4271,4.6198,3.7656,2.2552,2.6615,1.9271,1.6979,3.724,3.5104,1.1771,0.5208,6.5,3.3073,1.4635,1.0156,1.625,1.4219,2.0052,2.0781,1.0312,1.4844,2.7083,1.776,1.1198,1.1458,1.2135,0.599,1.6875,2.1979,0.8438,0.3177,3.125,1.4948,0.7292,0.5677,0.6562,0.1823,0.4323,1.6302,0.0781,0.224,1.0052,0.6042,1.7344,1.6094,0.3177,0.875,1.9479,1.3802,0.0625,0.5,2.4583,1.276,1.3698
1-212.txt_51,1.3022,1.7637,0.4945,0.7637,2.6813,0.9615,1.011,2.0824,1.0385,1.9725,1.9011,0.989,1.511,1.533,2.0549,0.544,0.6868,2.4615,1.2637,0.989,0.9121,2.4066,2.5934,3.0824,4.033,1.6703,2.3571,3.7033,3.5,1.4451,1.3626,1.2967,2.4835,2.8407,3.467,1.1044,0.9286,4.9451,2.0934,0.8791,-0.1484,2.0549,1.6703,1.0495,2.533,0.8132,0.4615,2.2747,1.7473,0.9945,0.2527,1.2033,1.4835,2.2967,1.3132,-0.2253,-0.544,2.7637,2.3736,0.0604,0.011,3.0549,3.3132,2.7363,3.4451,1.6703,1.9011,3.7857,3.1703,1.3077,1.011,1.7418,2.4396,2.3407,3.1593,0.3516,0.5495,3.5604,2.6648,0.1648,3.5165,3.5714,1.4451,2.5549,7.1923,2.7637,2.5165,5.4121,4.3791,4.8352,5.3791,2.2308,3.8077,2.7363,5.7527,1.6538,1.7198,6.7418,1.9341,4.1923,0.6978,1.8736,2.0659,2.3077,2.9286,1.6648,1.522,3.1868,2.3242,1.0934,0.967,0.9231,2.0714,2.0659,2.0604,0.8022,0.4011,2.8846,2.1044,0.6538,0.2527,2.4011,2.4121,2.4231,2.8901,1.5549,1.4121,3.1758,2.1374,1.6703,1.6154,1.3132,2.6868,2.3407,3.0659,0.1209,0.5604,3.033,2.3791,1.1044,1.2033,3.9231,1.6538,1.8736,6.4121,2.1813,2.1703,4.1868,4.011,3.3077,3.4451,2.6813,3.544,3.7692,4.511,0.9945,1.3187,5.5989,3.022,2.989,1.4011,3.4066,1.9615,2.1978,4.6044,2.2857,2.3901,4.544,3.7857,2.5824,2.3077,1.9396,3.2253,3.0604,3.6429,1.5385,0.3901,5.8352,2.7637,1.2967,2.4725,1.3956,0.0495,2.2802,4.1813,1.6154,2.1044,2.9066,2.7473,2.8242,2.9615,1.2582,2.544,1.8297,3.2747,0.9945,1.2363,4.3736,0.8242,2.1868,2.4121,1.6868,0.5604,2.6209,4.5275,1.9835,2.4945,3.467,2.2637,2.3791,2.4835,1.3736,1.8407,0.7473,2.956,1.4451,1.2802,4.0055,0.0495,1.6099,0.3956,1.5879,1.8077,1.7692,2.2527,1.1978,1.3132,1.9121,2.2802,0.9945,1.2363,1.3352,1.8462,2.7747,2.0549,0.6044,0.8571,3.0659,2.011,0.8462,2.1868,2.0495,0.4066,2.4835,3.8791,2.0275,2.9011,3.1593,2.7857,2.5659,2.3407,2.0165,2.0275,1.5275,3.5549,1.456,1.5604,4.2088,0.5824,2.0549,2.4121,2.0055,0.3407,1.8297,3.3901,1.9835,2.8187,3.2143,2.1319,2.2692,2.3187,1.9945,1.511,1.1374,3.8022,2.1319,0.8352,3.1703,-0.2857,1.1978,2.2418,3.9011,3.0549,3.8901,4.3791,3.4011,3.511,4.7802,5.2912,2.522,2.7308,2.456,3.2527,2.0495,6.3187,2.0495,1.4396,5.2912,1.8736,2.2747,0.2253,1.5385,0.7747,0.4341,2.1044,0.5495,0.4341,1.5,1.2088,0.9341,0.8626,0.5275,1.1209,1.4615,1.8022,0.0989,0.1703,1.8187,1.0495,0.7967,0.4505,0.6429,0.3187,1.1044,1.4231,0.5055,0.7473,0.7582,0.7747,0.6044,0.2582,0.7527,0.3791,0.7857,2.0549,0.022,0.0824,1.6374,0.4396,0.5934,3.4945,3.6978,1.6538,2.978,7.1374,3.1538,3.5989,5.4396,5.4286,5.8132,4.4176,1.9945,4.533,3.533,5.2912,2.1923,1.5549,8.4341,2.5055,4.0549,1.978,1.6099,0.6538,1.6923,3.1099,2.4066,2.4835,2.2527,2.6154,1.2637,1.4835,1.0385,1.1374,1.1429,2.1264,2.3846,0.5549,3.5165,0.0495,1.033,1.956,0.6923,-0.1429,1.3681,2.7747,1.4286,1.2967,1.1209,1.3407,2.2527,1.9396,0.9945,1.7308,0.5989,2.1978,0.7802,1.2363,2.8571,0.2088,1.8846
1-212.txt_53,0.3869,0.5774,0.3512,0.5179,0.7798,0.0417,0.2857,0.8214,0.8155,0.9881,0.8869,0.1845,0.5595,1.4524,0.9107,0.0774,0.0714,1.5119,1.1845,0.8274,0.3988,1.1548,1.0298,1.5417,1.5357,0.2679,0.8095,1.9762,1.1905,1.2798,1.0952,0.631,0.8155,2.0417,1.7679,0.119,-0.0833,2.6369,1.375,0.7798,0.4167,0.2798,0.7202,0.7321,1.9762,-0.244,0.0774,1.6131,0.6131,1.0417,0.6905,-0.1131,0.3512,1.2202,0.8452,0.0476,-0.25,1.7917,0.7738,0.494,1,0.8333,1.1964,1.5476,2.2976,0.0298,0.8214,2.4345,0.9702,1,0.4345,0.7024,0.1905,1.0893,2.1905,0.4167,-0.2738,1.6964,0.7024,0.5417,0.9583,2.006,1.0655,1.7024,4.0179,0.506,1.1488,1.9583,3.0417,3.3095,3.3452,0.5595,2.3929,4,2.3393,0.3095,0.3036,4.4226,3.1786,2.7619,0,0.5,0.2679,0.5238,0.0952,0.256,0.625,0.8393,0.2024,-0.0298,-0.0595,0.4107,-0.0833,0.869,1.125,0.0595,-0.5714,1.5417,0.4048,-0.3274,0.4167,0.7738,0.4107,0.7083,0.9643,0.1429,0.4881,1.5655,0.3214,0.4464,0.1845,0.8095,0.0417,0.8452,1.5655,0.0952,-0.5357,1.5119,0.375,0.1012,1.0298,1.1429,1.4881,1.5595,2.9464,0.6429,1.1012,2.1012,1.9881,2.3274,1.5417,0.6607,0.994,2.119,2.3631,0.5119,0.3036,2.6012,1.6905,1.8512,0.6488,1.1548,0.5595,1,2.381,0.1964,0.4167,2.0595,1.3333,2.2619,1.9107,0.4286,1.369,2.8929,1.756,0.1964,-0.0833,3.4821,2.2321,1.5298,0.9524,1.9107,1.0714,1.1012,2.9286,0.4167,0.6131,1.4226,2.1845,2.7024,2.869,0.7024,2.1548,3.6429,1.9345,0.3869,0.9226,3.9405,2.9643,2.4702,0.6905,2.0357,0.8036,0.8333,2.1607,0.756,0.7738,1.2976,1.9286,2.2917,2.5714,0.8631,1.9762,3.1667,1.6429,0.2262,0.625,3.8869,2.5119,1.9762,0.0298,0.494,0.7321,1.0595,0.5714,-0.0357,0.4345,1.1964,0.3869,0.2679,0.1845,0.3274,0.1369,0.881,1.0595,-0.1071,-0.5179,1.3155,0.4643,-0.119,0.5298,1.4048,0.381,0.4048,1.5357,0.3512,0.4107,0.8095,1.2917,1.8988,2.125,0.4881,1.6964,2.7202,1.1071,0.0595,0.5179,2.8869,2,1.6071,1.0417,2.2976,0.9464,1.631,3.5417,0.869,0.8274,2.2024,2.3869,3.1905,3.1369,1.0417,2.5357,4.125,2.5893,0.6607,0.756,4.8631,3.3512,2.6012,0.5774,1.9821,2.131,1.9345,2.131,0.8631,0.9405,2.2262,1.994,1.9524,1.7321,1,1.2381,2.3631,2.744,0.125,0.1845,3.5119,1.8571,1.5179,0.3452,-0.0595,0.3333,0.369,0.5536,-0.2976,-0.0119,0.7857,0.2262,0.4226,0.3333,-0.2381,0.1369,0.4821,0.4048,0.1607,-0.0952,0.3571,0.1488,0.369,0.125,0.0833,-0.0536,-0.1845,0.3631,0.0833,-0.244,-0.2083,0.4345,0.6905,1.1429,-0.2798,0.869,0.5774,-0.0595,-0.3036,-0.0714,0.25,0.4167,0.8333,1.2917,3.0179,1.619,2.744,3.9405,1.9881,1.9107,2.869,3.0476,3.6607,3.2857,1.5179,3.1131,4.3631,3.3214,1.0357,0.7024,5.3869,3.375,3.0238,0.8214,1.7798,0.619,1.244,2.4643,0.9583,0.6845,1.9583,1.7083,2.5,2.4762,0.8452,2.1369,3.1488,1.9286,0.4643,0.3869,3.881,2.5238,1.9881,0.9167,1.5298,0.5893,0.4405,2.256,0.3214,0.2381,1.0417,1.744,2.2976,2.6012,0.4702,1.9583,3.0417,1.5357,0.2024,0.7202,3.2083,2.5655,2.1786
1-212.txt_55,0.1141,0.375,0.3261,0.6576,0.6522,0.3098,0.462,0.4022,0.5598,0.7228,0.5163,0.4022,0.288,0.587,0.7935,0.1141,0.288,0.6359,0.5652,0.6033,0.913,1.2228,0.4293,1.5543,1.7391,0.7663,1.1304,1.4783,1.1141,1.6576,1.4293,0.9946,0.913,1.4837,1.6304,0.2663,0.0924,1.7011,0.8533,1.288,0.6196,0.5272,0.2446,0.9185,1.2174,0.4457,0.5815,1.3098,0.5217,0.0652,-0.038,0.2717,-0.163,0.212,1.1033,0.2174,0.1304,0.5054,0.1304,0.1087,0.6576,1.0326,0.4293,1.3696,2.212,0.5109,0.7554,1.7283,1.1359,1.7935,1.6576,0.625,0.9891,1.8696,1.5761,0,0.288,2.087,1.0163,1.2826,0.4783,1.4674,0.7935,1.9457,1.6033,1,1.5217,1.6141,1.7609,1.663,1.5543,1.4076,0.9348,2.0217,2.6141,0.3207,0.4022,2.7337,1.4783,1.1522,0.5489,0.712,0.337,0.9402,0.9837,0.5598,0.7935,0.875,0.5489,1.0435,0.9402,0.5761,0.6467,0.7989,0.712,0.2283,0.1413,0.8098,0.3207,0.8261,0.6576,0.788,0.2989,0.9565,1.7011,0.3967,0.5707,1.0652,0.6467,1.6359,1.5,0.5054,0.9891,1.2717,0.9293,0.0815,0.2663,1.2174,0.5217,1.2446,0.4891,1.5598,0.6793,1.6141,2.4674,0.9674,1.1576,1.5,1.6522,1.3533,1.2065,1.0652,0.7065,1.6793,2.1413,-0.0054,0.6522,2.3098,1.4891,1.1087,0.7174,1.4185,0.5272,1.5707,1.7935,0.875,1.1413,1.625,1.3315,1.5435,1.4891,1.1576,0.9837,1.837,1.712,0.1196,0.125,2.4185,1.1467,1.125,0.288,1.3641,0.6957,1.4783,1.2283,0.7935,1.125,1.5326,2.0109,1.6685,1.5761,1.2989,0.9674,2.3967,1.9565,-0.2174,-0.5489,3.2391,1.9674,1.0054,0.3207,1.2989,0.538,1.3098,1.0978,0.7228,1.0272,1.5,1.8533,1.5489,1.4783,1.2717,0.9293,2.3478,1.7989,-0.1902,-0.6467,3.0652,1.9837,0.9565,0.7826,0.9891,0.2772,1.087,1.5054,0.5543,0.7772,1.2283,0.8098,1.4783,1.3587,0.7283,0.8641,1.2446,1.163,0.163,0.0598,1.3098,0.6576,1.1467,0.2663,0.8098,0.2826,0.7989,0.6304,0.4891,0.6848,1.125,1.212,0.9185,0.8859,0.7663,0.5598,1.5326,1.0109,-0.1467,-0.5543,2.1739,1.3641,0.5598,0.1413,1.7011,0.4348,1.4783,1.6467,0.8913,1.087,1.6304,2.1196,2.0326,2.0815,1.4239,1.375,3.1141,1.8587,-0.6359,-0.5652,4.375,2.5543,1.3098,0.9783,1.4946,0.9783,1.8533,2.3043,0.8804,1.1739,2.2554,1.5598,2.0815,1.9783,1.2065,1.3804,2.1087,2.0109,0.5163,0.3315,2.4837,1.1576,1.462,-0.0489,-0.1848,0.1793,0.3478,0.2935,0.0978,0.0978,0.5272,0.0652,-0.3043,-0.4293,-0.2228,-0.3804,-0.2446,0.0163,0.0761,0.0707,-0.1957,0.0054,-0.1957,-0.0978,-0.2663,0.288,0.6522,0.2446,0.1141,0.2174,0.4946,0.0163,-0.25,-0.538,-0.1739,-0.3967,-0.3478,0.1141,0.1902,-0.0598,-0.1739,-0.2609,-0.2446,0.413,2.587,0.9946,2.2065,2.413,1.3478,1.6196,2.4185,2.5,2.6685,2.5815,1.9783,1.9457,3.3478,2.4891,-0.4783,-0.3152,4.5707,2.4076,1.9185,0.1467,1.4402,0.375,1.2011,0.9783,0.8315,0.9946,1,1.3696,1.4837,1.5598,1.2935,1.1141,2.125,1.2174,-0.4022,-0.2826,2.9946,1.5272,1.0109,0.2663,0.9728,0.5543,1.1576,0.8913,0.625,0.913,0.9511,1.3859,1.3207,1.1685,0.9837,0.7283,1.5978,1.4076,-0.0543,-0.2826,2.1413,1.2554,0.837
1-212.txt_57,0.5326,0.6793,0.4728,0.7174,1.6957,0.2609,0.4457,1.1902,0.9837,1.2174,1.3478,0.337,0.7935,1.4783,1.5761,0.2609,0.3315,2.1957,1.0054,0.9022,0.9946,2.6848,1.9891,2.9946,1.7663,1.5761,2.0598,2.3207,1.8804,1.0707,0.7554,2.0543,0.288,1.163,2.6196,1.2554,0.7391,2.3478,0.9783,0.663,0.9076,2.0163,1.8207,2.3696,1.8804,1.1739,1.6902,2.6087,1.8587,0.1196,-0.0217,1.7065,-0.3261,0.7935,2.0543,1.2065,0.4022,1.9728,0.8261,-0.0489,1.3967,2.413,2.5054,2.7826,2.6902,1.6304,2.3315,3.0652,2.4457,0.4402,0.3098,2.212,-0.0272,0.9348,3.0543,1.7717,0.9293,2.3696,0.8859,0.3696,1.4239,1.163,0.2554,0.9511,3.4565,0.3207,0.4457,1.8696,1.0978,3.9457,3.8967,0.3804,2.7717,3.2772,3.1522,0.2337,1.2554,3.9076,1.8913,3.3207,0.7065,1.8152,1.4511,1.5924,1.2717,1.2717,1.413,1.2391,1.0435,0.1304,-0.0652,1.6087,-0.1576,-0.1413,1.6304,0.9728,0.3967,0.7772,0.0163,0.0489,0.913,2.1413,2.1359,2.375,1.6848,1.5109,2.1848,1.9511,1.7554,-0.125,-0.2717,2.0054,-0.4402,-0.0489,2.5543,1.3967,0.6087,1.2011,0.2174,-0.125,1.3533,1.9239,2.1685,2.3641,3.6413,0.9674,1.413,3.5109,2.337,1.5435,1.5217,1.413,0.9293,2.7065,2.8696,1.3587,0.9565,3.7935,1.7065,1.1087,0.7663,2.6196,1.8641,2.2989,1.5924,1.4565,1.7989,2.25,2.3533,0.7717,0.6902,2.1087,0.2609,1.8043,2.3478,1.0489,0.4728,2.9837,1.8967,0.4022,1.1848,1.0815,0.2554,0.8696,1.6359,0.3533,0.4348,1.8152,1.0761,2.9511,2.9185,0.75,2.2609,3.3152,2.0815,0.3043,0.7228,3.788,2.1739,2.3098,1.1413,1.1467,0.2935,0.788,1.462,0.5272,0.4076,1.625,0.8478,2.9022,2.8315,0.7554,2.3261,3.0109,2.125,0.2337,0.7283,3.4674,1.8152,2.2935,0.7391,2.1685,1.663,2.4348,1.6196,1.1848,1.7717,1.8043,1.5109,0.5163,0.2554,1.712,-0.1685,0.4783,2.0761,1.038,0.5707,1.5109,0.5054,0.2772,0.625,1.1033,0.25,0.4946,0.7065,0.7935,0.4728,1.0109,0.6576,1.5652,1.663,0.9457,1.5054,1.8478,1.3261,0.1467,0.25,2.663,1.2283,1.1359,0.8696,2,1.4022,1.962,1.6141,0.7337,1.1522,2.462,2.3207,2.3587,2.4293,1.4946,1.712,4.0163,2.462,0.6739,0.8696,5.0054,2.9674,1.6141,1.4457,2.1141,1.3315,1.9837,3.9348,0.8424,1.2283,2.5707,2.0598,3.0435,2.8913,1.3098,1.6522,3.0272,3.1793,0.8098,1.0217,4.125,2.212,2.413,0.5978,0.9565,0.8804,1.1467,1.4239,0.5815,0.8913,1.5272,1.087,0.3587,0.4022,0.6739,0.0272,0.5707,1.5109,0.6141,0.3152,1.3967,0.4293,0.2717,0.5109,0.5489,0.1304,0.5163,0.9402,0.2011,0.3967,1.0109,0.6141,1.0598,1.1467,0.25,0.6413,1.2446,1.3261,0.163,0.2935,1.8696,0.8261,0.8261,1.5272,3.3859,3.5163,3.7011,2.9891,1.6793,2.587,3.8804,3.2337,2.5543,2.4783,2.7174,1.7554,3.837,4.1196,1.8696,1.8587,5.2609,2.6359,1.913,0.6087,1.9293,1.462,1.8043,0.8315,0.8043,1.2554,1.9565,1.837,1.2283,1.2011,1.7609,0.7826,2.5109,1.8478,0.7717,0.5924,3.1685,1.9891,0.7446,0.9022,0.7446,0.0707,0.4837,1.2065,0.2065,0.2609,1.4293,0.8261,2.2717,2.3152,0.5272,1.7935,2.712,1.6087,0.1793,0.4511,3.1196,1.8533,1.7609
1-212.txt_59,1.5693,1.0693,1.3713,1.7376,3.104,0.9307,0.9208,2.5,1.7079,1.1337,1.1238,0.5842,1.0594,1.3663,2.5495,1.3564,0.6881,2.3119,1.1238,0.8713,0.9851,1.5297,2.0842,2.1238,3.6782,1.7129,2.3713,2.3465,2.2277,-0.0792,-0.3465,2.3861,0,1.2574,2.2921,0.8465,0.6188,3.9307,1.4604,-0.1287,1.3614,1.8812,1.8564,1.6287,3.2871,1.5495,1.2129,2.3168,1.9356,1.6733,1.0792,1.4158,1.5644,1.9208,2.1782,0.8366,0.7079,3.8069,1.5149,1.1436,1.1139,2.2921,2.2327,2.2376,3.5198,2,1.9752,2.9208,2.2574,0.7871,0.698,2.0099,0.797,0.5891,3.495,0.9356,0.4851,3.5297,1.1485,0.3663,3.1386,3.2327,2.5198,2.9158,7.3762,1.9059,1.198,5.4158,3.7921,4.1436,4.1881,1.7871,3.7277,4.703,6.5099,2.0248,1.5941,7.4703,4.0644,4.5248,1.0941,1.1485,1.3614,1.0396,3.1089,0.9505,1.4109,2.0693,1.5396,0.6832,0.4158,1.2327,0.396,0.5198,1.3465,0.5149,0.4208,2.2525,0.7178,0.2475,0.3515,0.7673,1.4901,0.5941,2.0297,0.8366,1.1881,1.3465,1.6188,-0.0842,-0.2426,0.8861,-0.2376,0.5644,1.3713,0.3218,-0.3317,1.901,0.8465,-0.3812,2.7079,2.9356,2.5891,2.5941,5.4802,2.2921,1.8267,4.6386,3.6782,2.8218,2.5248,2.1436,2.9158,3.1535,3.9653,1.5396,0.7871,5.6287,3.0396,2.5594,1.099,2.1386,2.1089,1.7426,4.396,1.3713,0.7327,3.1238,2.495,2.4307,2.3267,1.0446,1.8317,2.2426,2.203,0.6436,1.0248,4.8762,1.9901,1.9554,1.3663,1.2475,1.2129,1.8911,3.5099,0.6683,-0.5594,3.0396,1.4653,2.3366,2.4059,0.3317,2.4455,2.5495,2.6832,1.2525,1.1535,3.4059,2.2624,2,1.5644,0.6881,0.7772,1.2475,3.9604,-0.0792,-0.4158,3.1287,1.198,1.8218,2.005,0.3267,1.6287,1.7624,1.8861,1.5941,0.9109,3.104,1.7426,1.8119,0.6089,1.2475,1.6287,1.8168,2.3911,1.6337,2.0297,1.797,2.3713,-0.1386,-0.3762,1.9109,0.1584,1,0.8515,0.3713,0.1089,3.3515,1.0842,-0.6188,1.9356,1.005,0.8515,1.3168,3.6782,0.3416,-0.1337,2.5743,0.9406,2.0842,2.1238,0.4604,2.3911,1.8366,2.1584,1.4703,1.3812,3.4505,1.5198,2.1436,1.599,1.5446,2.1386,1.5248,4.0396,0.505,-0.7129,2.8168,2.0099,3.8069,3.1634,0.2376,3.1535,4.1436,2.1584,1.1386,2.3713,4.6386,4.2673,3.6287,2.401,2.5,2.7772,4.2178,4.5198,2.4356,2.698,4.198,3.0396,2.0396,1.5297,2.3663,1.7772,1.3317,4.0941,1.7475,0.9455,5.4653,1.5495,1.703,0.9604,0.7624,1.0842,1.0099,2.2079,0.8861,0.8663,1.3911,1.6337,0.3762,0.5,0.4505,0.6535,1.0149,1.9059,0.6188,0.2921,2.2525,0.9455,0.2673,0.5,0.396,0.8416,1.2426,1.3911,0.4604,0.7525,0.604,0.7178,0.6139,0.5396,0.7129,0.8465,0.4752,2.2525,0.5396,0.1485,0.9653,0.2574,0.1238,2.6089,3.1139,4.0446,3.3762,7.4851,1.6881,0.9802,5.7277,4.5842,4.5149,3.698,2.599,3.2327,5.8416,4.7921,1.505,1.6436,8.3713,5.5891,3.6584,1.604,2.1931,2.3762,2.2277,4.2475,0.8416,-0.0545,3.4059,2.5495,2.9356,2.3465,0.8069,2.396,3.4752,2.3564,0.8762,1.1782,5.104,3.0743,2.5842,1.3663,0.7475,0.8218,1.5743,3.3515,0.3663,-0.1832,2.6485,1.1634,1.6782,1.7129,0.2574,1.5693,1.9307,2.7772,1.1238,0.6287,2.9703,1.8267,1.495
1-212.txt_61,1.4636,1.5136,1.0227,1.4136,3.3,1.1318,0.75,2.4091,1.1591,1.4636,1.2818,1.2318,1.65,1.1273,2.1364,0.9545,1.0318,2.5409,1.0818,1.1773,0.7773,1.2773,1.9,2.2409,3.6227,1.0591,1.1818,2.45,1.6591,0.8545,0.8091,0.9636,0.7318,1.65,2.9091,0.2091,0.1909,4.0136,1.35,0.5455,1.3455,1.9273,3.0364,2.2455,3.8136,1.25,1.2045,3.9455,2.7318,2.15,2.0773,0.9773,1.9,2.8182,2.9682,1.2045,0.6591,4.1955,2.5773,1.0545,1.0318,1.6455,3.2318,3.0182,3.0591,1.9591,1.6591,3.4364,2.6591,1.0409,1.0364,1.4818,0.9864,2.2273,3.6682,0.8318,0.4864,3.6409,2.0727,0.7227,3.2409,3.0318,2.5455,2.8955,9.3409,2.2545,1.6773,5.0364,3.4636,5.7318,5.4909,1.4273,5.3682,5.7455,4.6818,2.5045,2.1091,9.7909,5.4773,4.4682,0.6318,1.5636,1.9182,1.8182,2.1227,0.8091,1.1909,2.2955,1.4682,0.6909,0.3864,0.8909,0.3364,1.1773,2.1273,0.0045,-0.2636,2.7455,0.85,0.2636,0.5318,0.9682,2.5091,2.4318,1.1727,1.1273,1.5409,1.8818,1.7455,0.2409,0.0636,1.4545,0.1682,0.7364,1.9864,0.2182,-0.3227,2,0.2864,-0.1727,2.1455,3.6,3.1909,3.4091,5.6909,2.3318,2.0364,5.2636,4.05,2.5773,2.4455,2.8455,2.5682,3.2591,4.4409,1.9091,1.5409,5.6182,2.6591,1.7727,1.6682,1.5409,2.0136,0.8636,4.8818,0.45,-0.1273,3.3409,2.8591,2.7909,2.7409,0.4045,1.8636,3.6045,2.9682,1.2,1.3545,5.25,3.4273,2.1,1.7,0.8273,1.5909,1.0364,4.6682,0.8182,-0.1455,2.5591,2.0136,2.7727,2.8727,0.3273,2.7136,3.3227,2.6091,1.6773,1.3773,4.2682,2.7045,2.1,1.4727,0.9182,1.6318,1.3773,4.0136,0.8591,0.6682,2.4909,2.2455,2.15,2.3727,0.4909,2.6227,2.9545,1.7136,1.7091,1.3455,4.0591,2.85,1.6136,0.7591,0.7273,1.6364,2.0682,1.7227,0.4273,0.9091,2.0182,0.8273,0.2318,0.4773,0.5045,0.35,1,1.6909,-0.0136,-0.0455,2.6409,0.7091,0.1773,1.6409,1.0182,1.0318,0.6818,4.8273,0.7909,0.6909,2.4818,1.8273,2.4227,2.1727,0.7955,2.5273,2.7227,2.1409,1.3409,1.5,4.1682,2.7364,2.0182,1.7409,1.9682,1.7591,0.9455,5.5773,1.3591,0.2773,2.95,3.2818,3.3045,3.4545,0.9727,2.9682,4.5045,2.6727,2.2909,2.3909,6.1182,4.1091,2.4773,2.4545,2.5909,3.2955,3.9727,4.5818,2.6636,2.1727,4.5818,2.6455,1.7455,1.6773,1.8227,2.0682,1.0682,5.3909,2.0045,1.4864,5.3318,1.5364,1.2727,1.4682,1.4909,1.5545,1.7364,2.5364,1.0091,0.6864,2.3909,1.3182,1.2364,1.2182,0.9909,1.4636,1.0364,2.3818,1.0909,0.4545,2.3409,0.9364,0.7955,0.7273,0.5955,0.9227,1.05,2.8364,0.4727,-0.0409,1.5364,1.15,0.9318,1.2773,0.4636,1.7636,1.2227,1.6636,0.4864,0.3455,2.4773,1.0364,0.5,3.1,2.8955,4.1773,3.5727,8.9455,2.3182,1.6864,6.3182,4.7091,5.1545,4.8364,1.7864,4.2591,6.3136,5.5409,2.9091,2.1091,10.0909,6.5727,4.0318,1.9,1.0545,1.9955,1.2773,5.6545,0.4318,0.0227,3.8045,2.3364,3.2773,3.1591,0.3773,2.8545,3.4318,2.3318,1.8682,1.6136,5.7409,3.6364,2.7182,1.3955,0.5318,0.7364,0.5227,3.6136,0.35,-0.1591,1.8318,0.8455,1.8182,1.8591,0.0136,1.9182,2.1955,1.9773,1.25,0.9,3.1955,1.9318,1.5
1-212.txt_63,0.3416,0.7129,0.4356,0.2475,0.8515,0.6089,0.4802,0.5347,0.9505,0.6188,0.8812,0.1386,0.6337,1.1188,0.8218,0.0891,0.0248,1.5198,1.005,0.3911,0.5198,0.9455,1.3911,1.4307,1.3119,0.6188,0.6832,2.0842,1.2822,0.7921,0.9307,0.7475,0.599,1.3465,1.4307,0.4653,0.6881,2.1733,0.9059,0.5297,0.4455,0.8911,0.9505,1.2129,1.3564,0.1634,0.4901,1.8366,1.1386,0.6337,0.3911,0.4059,0.1436,0.8119,1.4554,0.203,-0.297,1.6238,0.6733,0.4158,0.4653,0.9901,1.3861,1.3812,2.2921,0.1733,0.8168,2.0594,1.3465,0.9554,0.5693,0.2426,0.3218,0.9455,2.0099,0.2921,-0.5396,1.6238,0.5941,0.6881,1,0.9901,0.9208,1.9554,4.0149,0.4455,0.7228,1.8168,2.7772,2.8911,2.8416,-0.0693,1.9109,3.8911,3.5594,0.5248,0.2822,4.0347,2.7129,2.0743,0.1188,0.8218,0.8465,0.6188,0.3515,0.604,0.2475,1.5495,0.6535,0.0446,0.4109,0.2574,0.2475,0.4703,0.5347,0.0693,-0.0347,1.4455,0.3515,-0.0495,0.1634,0.7178,0.9257,0.9802,0.9554,0.2327,0.297,1.703,0.6386,0.495,0.7574,0.1238,0.4356,0.703,0.901,0.1485,0.0347,1.5,0.1881,0.3069,0.7376,1.3069,1.5594,1.698,2.5198,0.8366,1.4851,1.5297,1.8267,1.8812,1.4653,0.698,1.0347,2.0198,2.1089,0.3515,0.3465,2.4455,1.3267,1.297,0.6782,1.2426,1.198,1.7228,2.3515,0.495,0.8713,2.0644,1.8762,2.1089,2.005,0.5248,1.3416,2.302,2.1139,0.2822,0.4406,2.9901,1.5347,1.5248,0.8515,0.9802,0.198,0.5347,2.6089,0.2574,0.2277,1.1188,1.901,2.9752,2.8267,0.2772,2.099,3.896,2.7871,0.0644,0.3614,3.8812,3.1832,2.1485,0.6436,1.1881,0.2475,0.3812,2.4307,0.5446,0.3614,1.0347,1.8762,2.8168,2.7376,0.4752,2,3.6782,2.5941,0.005,0.5545,3.9851,3.1683,1.9455,0.3119,0.5594,0.8861,0.6733,0.5198,0.4158,0.3911,1.2921,0.5693,0.2178,0.3564,0.3317,0.1634,0.604,0.5099,-0.005,0.0248,0.9653,0.1238,0.1436,0.4505,0.6931,0.2178,0.3069,1.6188,0.3713,0.0891,0.9406,1.2871,1.9455,2.005,0.2079,1.6188,2.8663,1.6238,-0.1386,0.1931,2.7574,2.1683,1.4059,0.9703,1.8416,0.7574,1.198,3.2228,0.7079,0.9505,1.8465,2.5594,3.3762,3.1832,0.8416,2.4307,3.901,3.0149,0.1287,0.302,4.2772,3.1485,2.4307,0.9257,1.302,1.5297,1.6881,3.4109,0.8069,1.0446,2.4208,2.1931,2.4406,2.3119,0.4703,1.5941,2.9752,3.0842,0.1733,0.104,3.7079,2.0099,1.901,0.0149,0.0297,0.505,0.3069,0.3317,-0.0297,-0.0149,0.9455,0.5248,-0.0792,-0.1683,-0.1782,-0.0743,0.0545,0.3861,0.1238,-0.2426,0.3168,-0.0891,-0.104,0.1386,-0.198,-0.0446,-0.1634,0.1188,-0.0495,-0.2475,0.2574,0.0891,0.2673,0.2327,-0.3218,0.1287,0.6485,0.7129,0.0149,0.1683,0.4406,0.4406,0.3267,1.0297,2.1188,1.2673,1.8762,3.8168,1.3713,1.7475,2.3267,3.0446,4,3.6584,1.2772,3.0396,4.2228,3.6634,0.2723,0.5545,4.9158,3.1238,2.9307,0.7426,1.0495,0.5396,1.0941,2.1931,0.5446,0.797,1.5891,1.9851,2.6139,2.5446,0.7228,1.9356,2.797,2.0099,-0.0297,0.3465,3.0446,2.0743,2,0.5891,0.6485,-0.0842,0.0495,1.703,0.2228,0.0693,0.7327,1.3713,2.0248,2.1386,0.0743,1.5644,3.1436,1.7871,0.104,0.3564,3.1881,2.8267,1.5693
1-212.txt_65,0.1257,0.7006,0.8144,0.6826,0.7246,0.0719,0.2874,1.0958,1.1497,0.7425,1.0359,0.2156,0.4192,1.9102,0.5749,0.1257,0.1557,1.7006,1.5569,0.3593,0.3952,1.3892,1.1856,1.9581,1.4611,1.0898,1.3892,2.1856,1.5329,1.0778,1.0958,0.8024,0.5868,1.5329,1.7844,0.2096,-0.1617,2.7246,1.2395,0.5808,0.3473,0.994,0.3772,0.5269,1.7066,0.2395,0.1078,2.1317,0.8862,1.0539,1.018,0.2395,0.3473,1.5509,1.1138,-0.1976,-0.3653,2.7006,1.2335,0.5269,0.497,0.3174,0.2934,0.2275,2.8263,0.0359,-0.1018,2.4072,0.8323,0.8263,0.4371,0.1377,-0.1018,1.4132,1.8024,-0.0359,-0.6108,3.1018,1.3054,0.4251,0.6347,2.3713,1.5449,1.976,3.8563,0.7784,0.8683,2.3713,3.2156,3.1257,3.3413,0.8743,2.0778,4.2934,2.9222,0.1497,0.8922,4.7964,3.4192,2.3234,0.2754,0.8323,0.4311,0.5389,0.8802,0.4311,0.509,1.2994,0.5928,0.5509,0.7126,0.4551,0.491,0.8563,0.8802,0.1437,-0.3353,1.7305,0.6048,0.1796,0.2754,0.521,0.1796,0.0659,1.2934,0.2216,0.1617,1.3293,0.4431,0.7006,0.5808,0.4012,0.1856,0.7425,1.2994,-0.1377,-0.485,1.5928,0.5509,0.3832,1.3413,1.7904,2.018,1.3713,3.3533,0.7545,1.0838,2.8683,2.1078,1.9341,1.6527,1.0778,0.8922,2.509,2.1257,0.7186,0.6048,3.2635,1.9461,1.3713,0.7006,1.3952,0.988,1.4192,2.7126,0.7904,0.9701,1.994,1.9461,2.0599,1.8443,0.7545,1.1078,2.2096,2.2275,0.1677,0.012,3.2395,1.7006,1.3353,0.6766,1.8204,1.2874,1.7784,2.4311,0.9401,1.0958,1.503,2.0958,2.6826,2.7545,1.1437,1.8743,3.4731,2.8024,0.485,1.1078,4.006,2.7605,2.1796,0.4431,1.8204,1.3353,1.8623,1.9641,1.0659,1.2455,1.2156,1.8503,2.6527,2.509,1.3533,1.7784,2.9521,2.6587,0.2814,1.012,3.4132,2.2635,2.1377,0.2395,0.6048,0.5389,1.0599,0.9461,0.5269,0.8743,1.6647,0.7964,0.3713,0.515,0.2096,0.0599,0.8144,0.9281,0.006,-0.503,1.7246,0.6048,0.0659,0.1737,1.0778,0.5629,0.7425,1.1317,0.485,0.5269,0.5928,1.1018,1.8383,2.0778,0.6886,1.5389,2.5509,1.4671,0.1018,0.7126,2.8802,1.9581,1.4371,1.2096,2.4192,1.7006,2.0958,3.0898,1.6347,1.6407,2.1317,2.4731,3.0719,2.9162,1.976,2.2335,3.4072,3.5269,1.0898,1.3413,4.2754,2.6287,2.4072,0.994,1.7844,1.6048,1.5569,3.0299,1.1796,0.9162,2.3593,2.7126,2.8204,2.6287,0.8862,1.6467,3.4671,2.5808,0.006,0.2156,4.3473,2.8443,2.1437,-0.024,0.1317,0.3174,0.5389,0.1557,-0.0419,0.1018,1.1377,0.6108,-0.1377,0.0599,-0.1018,-0.2575,0.6228,0.0539,-0.1497,-0.3533,0.6467,0.509,-0.2934,-0.1796,0.1796,-0.1557,0.1437,0.0958,-0.1377,-0.2874,0.3234,0.521,0.7605,1.2216,-0.2275,0.6168,1.5988,0.4012,-0.4371,-0.1018,1.2575,1.3234,0.503,1.6826,2.9581,2.2036,2.4192,4.4012,2.018,1.7545,3.2156,3.1796,4.2096,4.0419,1.9281,3.5689,4.5868,4.2216,0.9162,1.4012,5.7725,3.4431,3.2335,0.9581,1.7126,1.1737,1.6347,2.497,1.2455,1.2156,1.6707,1.9341,2.4431,2.3054,1.2994,1.8922,2.497,2.9102,0.6587,0.8263,3.2455,1.9162,1.8204,0.3593,1.4132,0.8922,1.4551,1.3892,0.6946,0.8623,1.012,1.6467,2.0479,2.2635,0.7904,1.4731,2.8802,2.0599,0.2814,0.9341,3.0599,2.3713,1.6527
1-212.txt_67,0.1809,0.6985,0.8442,1.0804,0.5025,0.5578,0.7286,0.9397,0.6432,0.4523,0.3065,0.6181,0.2764,0.4523,0.9548,0.3568,0.3166,0.809,0.3266,0.3568,0.6633,1.2412,0.804,1.3216,1.7136,0.8894,0.7739,1.603,1.0101,1.5126,1.1759,0.8693,0.9146,1.4372,1.6533,0.3417,0.3819,2.2362,1.0905,1.206,0.4774,1.0653,0.6583,0.9296,1.201,0.7538,0.6884,0.9447,0.9246,0.9347,0.7487,0.8141,0.6131,0.995,1.1457,0.4221,0.402,1.3518,0.8593,0.7538,0.7789,1.2714,0.6432,1.1055,1.804,1.0352,0.8291,1.206,1.0754,1.3869,1.3015,0.8794,0.9749,0.9548,1.794,0.397,0.4724,1.6181,0.8141,1.1558,0.4774,1.3467,0.7337,1.1307,2.3719,0.7588,0.6131,1.804,1.3266,2.1759,2.0955,1,1.6181,2.3166,3.0352,-0.1608,0.1457,3.3618,1.9749,1.7136,0.6281,0.7889,0.4724,0.9397,1.1759,0.7739,0.6935,0.8643,0.6884,1.1005,0.8995,0.5377,0.6784,0.7437,1.0603,0.3266,0.4221,1.196,0.5578,0.9497,0.6533,0.7889,0.4171,1.0503,1.1206,1.0402,0.8995,0.6533,0.6734,0.9196,0.7387,0.5678,0.6131,0.3166,1.0201,0.392,0.4171,0.794,0.2814,0.8593,0.6985,2.0653,1.7889,1.7286,2.1407,1.2362,1.2261,2.2211,1.8543,1.593,1.2915,1.6834,1.0302,1.6935,2.3166,0.5327,0.8191,2.7186,1.4673,1.3618,0.7186,1.196,0.6231,0.7286,1.9045,0.7638,0.5528,1.3618,0.8543,1.6432,1.6533,0.8643,1.1658,1.4322,1.3216,0.3317,0.3719,2.0905,1.0603,1.2864,0.5829,1.2864,0.8894,1.1055,1.7437,0.6332,0.608,2.1859,1.4271,1.7085,1.5879,0.9246,1.1206,2.4724,2.1156,0.0452,0.1457,3.4271,1.9698,1.2915,0.5779,1.0955,0.8291,0.995,1.5276,0.5477,0.5578,2.0854,1.201,1.4422,1.2915,0.804,0.9045,2.0452,1.7286,0.0402,-0.005,3.0754,1.6834,1.1005,0.5477,0.9497,0.6131,1.1457,1.2563,0.8995,0.8291,1.0704,0.9146,1.005,0.7035,0.6935,0.603,0.8291,1.3367,0.3518,0.402,1.593,0.7286,0.8643,0.402,0.7538,0.4774,0.6332,1.1055,0.3568,0.3367,1.3568,0.8342,1.201,1.0955,0.5075,0.7588,1.6533,1.1759,-0.0151,0.0603,2.2714,1.2915,0.9095,0.7538,1.6131,0.8543,0.6884,2,0.6683,0.4322,2.0955,1.407,2.0302,1.9899,1.0553,1.3668,2.4874,1.9397,-0.0452,0.5176,3.8392,2.1106,1.6482,0.6784,1.4774,1.2412,2.2462,2.3015,1.1005,1.1106,2.3869,1.593,2.2412,1.7739,1.0603,1.2462,2.1608,2.4925,0.2312,0.3518,3.1759,1.794,1.7387,0.0452,0.4171,0.4975,0.8894,-0.0503,0.5226,0.7739,0.2161,0.4573,-0.1005,-0.2261,0.4623,-0.0754,-0.1457,0.397,0.4221,0.1809,-0.1206,-0.0854,-0.0854,0.0905,0.1709,0.3367,1.0553,0.3618,0.2261,0.4221,0.5176,0.2111,0.3015,0.0653,0.2714,0.0553,0.3719,0.7387,0.2563,0.1809,0.407,0.2261,0.2211,1.196,2.1709,1.3668,1.598,3.3819,1.1106,0.8643,2.8593,1.9497,3.5779,3.0352,1.4975,2.1608,3.3819,3.2513,0.0402,1.0553,4.9698,2.7487,3.0503,0.7035,1.2915,0.7789,0.6332,1.7688,0.603,0.4422,1.6382,1.2663,1.8392,1.7387,0.8191,1.196,2.0905,1.5678,0.0503,0.5477,3.0201,1.7236,1.5075,0.4623,0.9899,0.809,1.1005,1.407,0.5628,0.5779,1.7688,1.1759,1.3568,1.201,0.7387,0.8543,1.9548,1.7839,0.1005,0.2563,2.6834,1.5327,1.0503
1-212.txt_69,0.757,1.1462,0.4366,0.7871,1.7247,0.6086,0.5075,0.8344,1.0473,2.2151,1.828,0.6753,1.4753,1.9441,1.8495,0.5355,1.1462,1.6946,1.2473,1.8473,0.914,2.1269,2.471,2.5677,2.7355,1.8,1.9742,2.6495,2.5398,1.5376,1.8043,1.8753,1.6624,2.5763,2.6387,0.8903,1.172,2.7677,1.9763,1.1032,0.243,1.3656,1.4903,1.0989,1.9871,1.1591,1.2172,1.6559,1.8753,0.9247,1.2172,1.2366,0.9742,1.8065,1.7011,0.7183,0.5398,1.9763,1.3204,0.7656,0.6731,1.4968,1.2151,1.5656,3.2925,1.4086,1.514,1.914,2.0581,2.1978,2.5871,1.3269,2.0624,3.1677,2.6968,0.8731,1.1032,3.3935,1.9247,1.8452,1.5849,3.1634,2.0323,3.6022,6.0796,2.0645,1.9957,3.6086,2.6839,3.1935,3.2473,1.7634,2.4667,3.6796,5.3527,1.7699,2.2108,4.9763,3.0731,2.7054,0.8495,1.3247,1.6194,1.6,2.3247,1.1978,1.3548,1.843,1.8366,1.6215,1.7892,1.1935,1.5398,2.0559,2.2129,0.714,1.1011,2.2516,1.5914,1.2473,0.843,1.4731,1.5333,1.9032,2.1484,1.3484,1.7656,1.5484,1.7914,1.7075,1.7419,1.5484,1.5527,2.0882,1.9892,0.7118,0.8387,1.9355,1.3484,1.3871,0.9656,1.9247,1.2473,1.7333,3.8086,1.3226,1.0968,2.372,2.1419,2.6452,2.2559,1.2968,1.6022,2.7892,3.0194,1.0172,1.729,3.3828,1.8151,2.2129,0.8065,2,2.0108,1.8516,3.1892,1.5828,1.572,2.4366,2.4581,1.8215,1.8903,1.7656,1.5376,2.3247,2.8409,1.1247,1.2452,2.8581,1.7828,1.0022,1.772,2.5441,1.6624,2.4925,3.3333,2.2409,1.8516,1.843,2.0645,2.8409,2.9914,1.8452,2.1032,2.7828,3.9677,1.1849,1.5742,3.1376,1.8882,2.5462,1.6387,2.0946,1.4043,2.2581,3.0903,1.9656,1.686,2.2624,1.6753,2.8086,3.0516,1.486,2.3118,2.6409,3.8538,1.2043,1.5806,3.3763,1.5462,2.3763,0.5527,1.6946,2.0538,1.8409,1.8581,1.3183,1.5613,1.8495,2.1204,1.4129,1.3871,1.6731,1.557,1.8731,1.9785,0.6581,0.8086,1.6925,1.6796,1.0344,1.3355,1.6624,1.4839,2.0237,2.5742,1.6882,1.4172,1.9806,1.6688,1.8903,2.3763,1.314,1.7505,1.9677,2.8022,1.0366,1.4323,2.2495,1.1935,1.4925,1.4667,2.6516,1.1699,2.2602,4.0301,2.1935,1.9462,2.5591,2.172,2.9333,2.8215,2.0753,2.0946,2.9892,4.129,1.3763,1.5742,4.4925,2.0129,2.2495,1.686,2.9828,2.3204,3.6366,4.8667,2.1806,2.372,2.9204,2.9914,3.3269,3.3054,2.2065,2.3591,4.228,5.8688,1.7849,2.2581,4.1613,2.7849,2.7785,0.5806,0.7871,0.5011,0.8753,2.0946,0.5226,0.9914,1.086,1.0151,1.1527,0.9656,0.4452,0.6946,1.5462,1.7699,0.5849,0.7527,1.9914,0.8409,1.1355,0.843,1.2774,1.0323,1.3355,2.443,1.0344,1.2753,1.7269,1.6172,1.5613,1.5613,0.9333,1.2946,1.9097,2.572,0.6473,0.9914,2.114,1.1656,1.3634,2.0495,3.1441,1.8065,3.3484,4.2495,2.4108,2.1226,3.7699,2.7118,3.6215,3.3849,2.1312,2.4796,3.0065,5,1.2903,2.0839,5.5011,2.0387,2.4796,0.8796,1.9699,0.7978,0.9742,2.628,1.4387,0.957,1.8022,1.3763,2.1312,1.8839,1.6258,1.314,1.8538,2.9355,1.0172,1.2172,3.1161,1.157,1.4903,1.5806,2.0108,1.2667,2.0086,2.7914,1.8925,1.4043,1.8108,1.5054,2.3806,2.5484,1.4258,1.5247,2.4,3.6108,1.1742,1.6473,2.2774,1.6344,2.2172
1-212.txt_71,0.0656,0.306,0.4426,0.5301,0.3115,0.4044,0.306,0.2842,0.6557,0.5574,0.4973,0.2732,0.2842,0.6776,0.9836,0.1366,0.3661,0.9454,0.7541,0.4262,0.377,1.0874,0.776,1.1803,1.6011,0.5574,0.7432,1.0929,1.3716,1.6066,1.6448,0.7432,0.9399,1.5847,1.6011,0.1803,0.2787,2.0765,1.2077,1.0328,0.1749,0.6612,0.8579,1.3989,1.1803,0.5191,0.9126,1.2951,1.0929,0.847,0.6667,0.3388,0.3279,0.8852,0.7049,0.1803,-0.0219,1.2295,0.6503,0.4863,0.6557,0.5301,0.7268,1.3443,2.5191,0.1858,0.4426,1.9235,1.153,1.6503,1.4426,0.0874,0.776,1.7978,1.0219,0.306,0.1803,2.1858,1.1311,1.0656,0.694,2.1311,1.7377,1.8962,1.4426,1.3716,1.5355,1.5902,2.071,1.6776,1.6885,1.8525,0.9891,1.9344,2.4809,0.6066,0.9781,3.0601,1.7158,1.2404,0.4208,0.2951,0.0492,0.3552,1.4754,0.0164,0.1202,0.6885,0.4262,1.1749,1.2186,0.0656,0.7705,0.9727,0.5683,0.0109,-0.0601,1.0874,0.5082,0.7923,0.3825,0.0929,0.0437,0.3989,2.0055,-0.1639,-0.0929,0.8852,0.5301,1.3989,1.4044,-0.2077,0.8634,1.5027,0.388,0.0874,-0.1202,1.4536,0.8251,0.8251,0.082,0.8197,1.6831,2.1311,1.3497,0.6776,1.1148,2.0328,1.918,0.9126,0.694,0.4044,0.1913,1.4208,1.1858,0.3279,0.2514,1.9836,1.2131,0.4262,0.5464,1.5027,0.8142,1.5137,2.5519,0.7322,1.0219,1.1803,1.4863,1.9508,1.9126,0.9344,1.2514,1.8962,1.5464,0.2077,0.3005,2.4699,1.2568,1.2623,0.4153,1.7923,0.5301,0.9399,1.6995,0.9891,0.7158,0.5355,1.6339,2.5574,2.612,1.3388,1.7322,2.8415,2.4098,-0.1585,0.7158,3.8525,2.3552,1.8962,0.4754,1.7596,0.6831,1.1038,1.5902,1.0437,0.8415,0.6066,1.6339,2.3497,2.4044,1.3224,1.5902,2.4973,2.5027,-0.0328,0.7486,3.5792,2.0874,1.7377,0.1639,0.5574,0.5191,0.7322,1.0984,0.1913,0.3443,0.9672,0.9891,1.1585,1.1311,0.2459,0.6175,1.1694,0.7978,0.0164,-0.082,1.3989,0.8798,0.6831,0.2678,1.0765,0.2514,0.4809,0.8798,0.5738,0.4754,0.2732,0.8361,1.4481,1.5738,0.8634,1.0328,1.4208,1.5792,-0.1366,0.3716,2.0765,1.1257,1.0929,0.7377,2.3005,0.847,1.3388,2.623,1.0874,0.9016,0.8525,1.8852,2.8142,2.8306,1.5301,2.0437,2.929,2.3115,0.1148,0.7322,3.7377,2.1421,1.9781,0.6885,1.0109,0.7814,1.3825,2.0164,0.5191,0.7486,1.9781,1.7541,2.0765,1.8579,0.5191,0.9563,2.3552,2.1803,0.0219,0.4426,3.1913,2.0437,1.5628,-0.0273,0.0383,0.4699,0.459,0.2131,0.3169,0.2951,0.4863,0.3607,0.0492,-0.0546,0.0273,-0.0055,-0.0109,0.2678,0.1257,-0.0601,0.071,0.1148,0.0273,0.1803,0.3333,-0.0055,-0.0055,0.3169,0.388,0.1093,0.0328,0.5847,0.8197,0.7432,0.2404,0.4699,1.0765,0.4699,-0.1475,0.3333,1.2514,1.2787,0.7705,1.1475,2.918,1.4973,2.1585,3.3388,1.4317,1.4863,1.8798,2.765,3.377,3.4153,2.0492,2.2295,3.6393,3,0.3279,0.9071,4.776,2.7814,2.3716,0.5956,2.1202,0.6284,1.071,2.1366,0.9126,0.8251,0.4973,1.4426,2.2951,2.3497,1.4262,1.765,2.1967,1.6831,0.082,0.5683,2.7814,1.5191,1.6011,0.1913,1.1421,0.1093,0.3279,1.0164,0.5683,0.2787,0.1148,1.1148,1.9727,2.0328,0.8361,1.3169,2.3224,1.5519,-0.3115,0.5027,2.9563,2.0109,1.4918
1-212.txt_73,0.1362,0.4601,0.8075,0.6573,1.1972,0.4648,0.3239,0.6667,1.2254,0.7934,0.8732,0.1408,0.4272,1.3146,0.9577,0.4178,0.3756,1.9671,1.2066,0.3146,0.3239,0.4836,0.8357,0.9155,2.1455,0.4038,0.2207,1.1737,1.277,1.6714,1.7559,0.2019,1.2066,2.108,1.8732,0.6479,0.3756,2.2817,1,1.1737,0.5775,0.2723,1.1408,1.1408,1.9953,0.1408,0.9061,1.5493,0.939,1.1127,0.8967,0.2629,0.8263,0.9108,1.2113,0.5164,0.1831,1.0798,0.2817,0.9577,0.4977,0.9155,1.338,1.7559,1.9624,0.4131,1.2347,1.7981,1.385,1.6432,1.5446,0.6854,0.939,1.8685,1.9249,0.6197,0.2535,2.0516,1.1784,1.2958,0.8638,2.4507,1.23,2,4.1549,1.5493,1.3474,3.5681,2.3756,2.554,2.2911,1.2394,1.6056,2.7042,2.8028,1.0751,0.5211,4.5164,1.9108,1.8592,0.2066,0.5822,1.0235,1.3005,1.0845,0.5775,0.6056,0.939,1.108,1.0282,1.2676,0.2629,0.77,1.5634,1.4225,0.4742,0.2394,1.3662,0.6103,0.5822,0.108,0.5023,1.2958,1.385,0.9718,0.1878,0.5775,0.9859,1.0657,1.1221,1.3662,0.3662,0.7887,1.5258,1.5352,0.4038,0.3333,1.1549,0.7042,0.723,1.0704,1.5446,1.7277,2.1408,3.1268,0.9296,1.5493,2.554,2.5493,2.7136,2.2207,0.9249,1.493,3.3052,2.5211,1.2629,0.7559,3.9484,2.4977,1.9671,0.3239,1,1.0751,1.8592,2.3803,1.0188,1.3427,1.5352,1.7981,2.108,2.1784,0.615,1.4178,2.277,2.6385,0.5446,0.6526,2.4413,1.1315,1.5775,0.9577,1.507,0.4225,0.8826,3.1737,1.2488,0.5164,2.8779,1.3944,2.4648,2.3756,0.8638,1.7512,2.4131,2.5023,0.8263,0.8498,4.1596,1.4648,1.77,0.7324,1.4225,0.6056,0.8357,2.8592,1.1502,0.4131,2.6291,1.4554,2.1596,2.108,0.7371,1.4648,2.1784,2.169,0.7183,0.6526,3.7559,1.2207,1.4507,0.2113,0.5023,1.6808,1.108,0.8732,0.4836,0.5587,0.8592,1.2911,0.9296,0.9718,0.3803,0.6056,1.2864,1.216,0.5775,0.169,1.0047,0.5399,0.5681,0.615,0.9155,0.5915,0.5117,1.8451,0.9906,0.2629,1.7746,1.0892,1.3756,1.4085,0.6056,1,1.6338,1.5869,0.4836,0.2958,2.8122,1.2676,0.8732,0.939,1.6056,0.3709,1.3521,3.1315,1.4272,1.1315,2.3662,1.7371,2.6948,2.5023,1.0329,1.892,2.4038,2.6432,1.1033,1.2394,3.6103,1.4038,2.1502,1.3286,1.8451,1.9249,2.5587,3.0329,1.2394,1.4413,3.2488,2.4836,2.3192,2.2394,1.2019,1.5211,2.3239,3.0235,1.2817,1.0376,3.3803,1.1596,1.5258,0.1643,0.3333,1.0094,1.2066,1.3333,0.3005,0.6244,0.9812,1.0704,0.8263,0.7089,0.1878,0.4131,1.0798,0.8638,0.3944,0.169,1.493,0.7934,0.5117,0.1784,0.446,0.5587,1.0657,0.939,0.2723,0.5305,0.9108,0.6197,0.6761,0.4413,0.5117,0.4178,0.7371,0.6338,0.3944,0.108,1.0141,0.5915,0.4507,1.385,2.4601,1.3099,2.3991,4.169,1.7981,1.7981,3.8169,3.0423,3.2864,2.9343,1.7324,1.9859,3.23,3.6854,1.4695,1.3005,4.8498,2.0704,2.5822,0.2347,0.8638,0.277,1.6338,1.6761,1.2488,1.3756,1.1315,1.2911,1.662,1.3803,0.7512,0.9953,1.0751,2.2066,0.3615,0.6103,1.6056,0.4789,1.4366,0.6667,0.8357,0.1831,0.3756,2.3662,0.77,0.0657,2.0188,0.9624,1.9343,1.9484,0.5211,1.4883,1.9484,1.9718,0.6667,0.7042,3.3615,1.3897,1.3991
1-212.txt_75,0.5283,0.5136,0.3124,0.5136,1.9245,0.2935,0.0314,1.0797,0.6143,1.4256,1.3732,0.2516,0.8931,1.2201,1.0482,0.1321,0.3438,1.9266,0.8931,1.2725,0.6625,0.7484,0.8637,1.4906,2.065,0.4025,0.5262,1.9287,1.0231,1.6771,1.5639,0.6813,1.0147,1.6268,1.4214,0.7296,0.8281,2.3753,1.0797,1.2453,0.4214,0.8239,0.8449,1.1992,1.6457,0.3438,0.4948,1.6981,1.1593,1.304,1.2788,0.566,0.8679,1.7757,1.4423,0.4696,0.587,2.3627,1.2767,0.979,0.8176,0.9727,1.1656,1.6855,2.4927,0.5409,0.6876,2.327,1.4759,1.7966,1.7526,0.6415,1.2558,2.3795,2.0545,0.543,0.7526,3.3249,1.8071,1.4864,1.8973,1.9895,1.8449,2.2201,4.3312,1.4507,0.8428,3.6897,2.457,3.0189,2.8637,1.1992,2.0168,3.0021,2.9581,1.1866,1.2579,4.6604,2.3711,2.5556,0.3124,0.587,0.4591,0.9581,1.2432,0.1761,0.3145,1,0.5493,1.0692,1.0273,0.5073,0.7023,1.13,0.9832,0.3082,0.543,1.6709,0.7421,0.7715,0.1132,0.4948,0.4465,0.8574,1.1363,0.1593,0.5577,0.9748,0.4507,0.8826,0.8658,0.4864,0.6415,0.9665,0.782,0.0901,0.3522,1.4654,0.6143,0.6813,1.0608,1.8532,1.7379,2.3124,3.3962,1.153,0.979,3.1761,2.3208,2.4319,2.3732,1.1782,1.6625,2.9119,2.6101,0.7757,0.7778,4.3795,2.3354,1.8679,0.7568,1.2432,1.3753,1.9036,2.5052,0.7317,0.7883,2.2935,1.6897,1.8721,1.7463,0.8784,1.2264,2.2432,1.8847,0.7233,0.891,3.3291,1.8092,1.4298,1.348,1.673,1.2327,1.6939,3.1384,1.2704,1.065,2.2725,2.0713,2.4067,2.2851,1.0587,1.6289,2.3082,2.5618,0.7568,0.7883,3.4675,1.9706,2.0964,1.218,1.4801,1.2474,1.6792,2.8889,1.1468,0.9769,2.1132,2.1384,2.2096,2.0985,1.0021,1.4885,2.3795,2.4319,0.7799,0.6855,3.3899,2.086,1.8826,0.2704,0.3669,0.3187,0.8889,1.4361,0.1447,0.3522,0.9832,0.4927,1.2201,1.1656,0.3396,0.7463,1.0398,0.7694,0.2767,0.5786,1.6289,0.6289,0.9497,0.9832,1.0839,0.8742,1.1824,2.0042,0.8449,0.7945,1.4465,1.413,1.4969,1.4864,0.8176,1.0839,1.5199,1.7547,0.6373,0.6226,2.3061,1.3082,1.3354,1.1551,1.6625,1.6792,2.0985,3.2432,1.195,0.8637,2.6268,2.5073,2.6981,2.3899,0.9036,1.6331,2.9245,2.6268,0.8553,0.9245,3.8428,2.3774,2.1279,1.1488,1.7212,1.6184,2.5115,3.0734,1.0231,1.1866,2.7547,1.935,2.1342,1.9518,1.0545,1.3166,2.1593,2.6101,0.9287,0.8868,3.4675,1.7338,1.7086,0.2914,0.3061,0.1992,0.3711,1.2348,0.0147,-0.1153,0.9245,0.3019,0.9203,0.847,0.1153,0.4906,1.0021,0.7128,0.1593,0.2034,1.4906,0.6226,0.7715,0.4591,0.3585,0.195,0.369,1.5178,0.1132,0.109,0.8092,0.4696,1.0189,1.0168,0.0797,0.5828,0.9644,0.8239,0.2243,0.239,1.3669,0.5975,0.87,1.5975,2.6813,2.3019,3.2096,4.4675,1.7631,1.3816,4.2327,3.4256,3.5807,3.348,1.6143,2.3166,4.2264,3.5597,1.1635,1.1971,5.9224,3.5639,2.7945,0.8595,1.2621,1.2642,1.6688,2.4864,0.8281,0.5618,2.2222,1.8826,2.1845,1.9036,0.6897,1.3417,2.522,1.9874,0.587,0.7379,3.2495,2.0524,1.7023,1.1614,1.2621,0.8428,1.2809,2.5241,1.0377,0.8721,1.891,1.5577,1.9811,1.9099,0.7652,1.369,1.8029,2.1698,0.5241,0.5639,2.8365,1.5514,1.7945
1-212.txt_77,0.2871,0.4901,0.5842,0.7525,1.5941,0.2376,0.0545,1.2673,0.7376,1.0693,1.0743,-0.3267,0.6188,1.0495,1.0396,0.5,0.2871,1.995,0.8317,0.6436,0.7624,1.2624,1.2277,1.7822,2.297,0.7277,1.1436,2.1188,1.7327,1.7624,1.3614,0.1634,1.1634,1.6287,2.1337,0.7475,0.5347,2.3168,0.9554,1.2475,0.3614,0.8317,0.9653,1.4752,2.0594,0.2624,0.8663,1.104,0.9356,1.2178,0.9158,0.2178,0.5248,0.6337,1.4257,0.3515,0.2475,1.1782,0.3614,1.0693,0.5198,1.2772,0.9505,1.2723,2.505,0.2871,0.6436,2.0594,1.3168,1.5,1.401,0.3317,0.9455,1.5198,2.6782,0.7426,0.3119,2.0495,0.9109,1.3713,1.1832,2.2574,0.896,1.7525,4.4554,1.0297,0.8564,3.505,1.7475,3.2277,3.0495,0.8861,2.203,2.7673,3.2772,0.9208,0.802,4.3564,1.5446,2.4406,0.4851,0.7772,1.203,1.4554,0.7277,0.7871,0.9455,1.5,1.203,0.3218,0.2426,0.1683,0.2079,0.495,1.2327,0.505,0.4208,0.7871,0.0743,0.0149,0.3119,0.9059,1.297,1.6485,1.0545,0.3267,0.698,1.5248,1.1337,0.4554,0.4356,0.3317,0.302,0.6931,1.3366,0.7475,0.3267,0.995,0.4653,0.1188,0.9307,2.1535,1.3861,1.5297,3.6386,1.2277,1.302,3.0396,1.9703,2.505,2.2426,0.8911,1.5297,2.1931,3.4802,1.2475,0.896,3.7921,1.5248,1.995,0.8911,1.4505,1.2327,1.5743,2.0248,1.198,1.2129,1.7475,1.5693,1.8614,1.8812,0.4356,1.3317,1.5396,1.9455,0.6089,0.8861,2.0644,0.6733,1.1683,0.9257,2.099,0.6683,0.9158,2.8762,0.7178,0.5099,2.0842,1.797,3.1089,3.0149,0.6782,2.3416,2.9703,2.604,0.401,0.7327,4.1337,2.0495,1.9901,1.0149,1.6832,0.7921,0.9158,2.6386,0.7772,0.5,2.1436,1.7079,2.9208,2.7772,0.6485,2.198,2.5446,2.4059,0.4455,0.9109,3.7178,1.599,1.8366,0.3614,0.4653,0.8515,1.005,0.9455,0.2723,0.9604,0.7871,1.099,0.3614,0.1535,-0.2624,0.2624,0.8317,0.8515,0.5495,0.2178,0.6782,0.3168,0.2822,0.698,1.2277,0.7376,0.8515,1.8267,0.6485,0.4059,1.6238,1.8218,1.9802,1.8861,0.302,1.4851,2.0396,1.6733,0.2525,0.505,2.7871,1.5644,1.1832,1.5495,1.5792,0.5842,0.7921,2.7624,0.7079,0.5248,1.7574,0.7921,3.0099,2.9109,0.9455,2.4703,1.802,2.5,1.0891,1.9109,2.6139,0.4703,2.2871,0.9703,2.1683,1.6881,2.7871,3.495,1.099,1.3762,3.4703,2.2228,2.9257,2.5446,0.4703,1.9059,2.5594,3.1634,1.0594,0.8861,3.5792,1.1485,2.3416,0.1188,0.3465,0.4554,0.8119,1.9406,0.0693,0.2129,0.9356,0.6733,0.8416,0.6535,-0.302,0.4851,0.7871,1.0743,0.3366,-0.0446,1.2277,0.5297,0.6832,-0.0545,0.396,0.6089,1.4752,1.3218,0.2772,0.505,0.6931,0.5297,0.8713,0.6634,-0.2178,0.4653,0.9158,0.8515,0.1634,-0.0149,1.0545,0.4455,0.6436,1.8218,2.5693,1.2822,1.9356,3.9257,1.5594,1.203,3.7426,2.1337,3.4307,3.4356,1.5297,2.6535,2.6139,3.5248,1.1238,1.495,4.005,0.9554,2.6139,1.0248,1.0495,0.4109,1.0891,0.9505,1.0446,1.0495,1.1139,0.495,1.5248,1.401,1,1.2228,0.6881,1.0198,0.4752,0.9851,0.8911,-0.3267,1.2129,0.3614,1.5644,0.3713,0.4653,1.9703,0.4653,0.1188,1.4653,1.4059,2.3119,2.1683,0.6287,1.703,2.2624,1.901,0.0693,0.2277,3.3614,1.6832,1.3812
1-212.txt_79,0.1683,0.5288,0.4231,0.7596,1.2452,0.2067,0.2596,0.9519,1.0721,0.8269,0.9135,0.2644,0.4279,1.2548,0.899,0.3317,0.0337,1.7885,0.851,0.4135,0.6058,2.0865,2.0048,2.024,2.5048,0.7837,1.101,2.5433,2.3221,1.476,1.1779,0.9038,1.1298,1.5625,2.7981,0.9519,0.5288,2.1779,1.1106,0.9038,0.6683,1.1875,1.2308,1.3558,1.8317,0.4567,1.101,1.7163,1.0625,0.6394,0.1202,0.5721,0.0913,0.0962,1.726,0.5865,0.0721,0.4183,-0.0337,0.649,0.4712,1.1731,0.8894,1.1731,2.2067,0.274,0.7163,1.6346,1.4615,1.351,0.7981,0.3462,0.6154,1.2692,1.9279,0.351,0.2308,1.6731,1.1154,1.2067,0.9375,2.4808,0.774,1.5337,4.4519,0.9327,1.0481,2.8413,2.4135,3.2644,3.5048,0.9904,2.3317,3.5144,3.4952,0.8029,0.3798,4.4183,2.3798,2.2404,0.5433,0.8462,1.0769,1.3462,0.9087,0.2548,0.774,1.5817,0.9712,0.2548,0.1154,0.3894,0.1106,0.1587,1.2548,0.5673,0.5144,0.2356,-0.0288,0.2788,0.3462,0.8365,1.0865,1.149,0.9615,0.2067,0.6202,1.3029,1.0288,0.5144,0.2404,0.4663,0.2067,0.6202,1.351,0.3798,0.5288,0.5288,0.3606,0.3942,1.0144,2.5721,1.625,1.9135,3.6779,1.1442,1.476,3.3413,2.5625,2.3221,1.9904,1.1538,1.4663,2.3606,3.274,1.2356,0.4471,3.2115,1.6635,1.7019,0.7788,1.875,1.2981,1.774,2.601,0.9856,1.2356,2.3077,1.8846,1.9904,1.4519,0.7356,1.3029,1.3654,2.4808,0.8558,0.7692,2.0048,0.9663,1.4471,0.2115,2.101,0.6298,0.3846,2.5817,1.0288,0.4904,1.9904,1.8173,2.2644,2.4327,1.0769,1.9808,3.3702,2.5529,0.5962,0.4375,3.976,2.2019,1.0721,0.5385,1.8173,0.7596,0.024,2.7404,0.8942,0.274,2.1298,1.4856,2.1779,2.4183,0.8462,1.9183,2.7452,2.3077,0.7308,0.3654,3.7308,1.6587,1.2548,0.4087,0.9471,1.5337,1.3798,1.0577,0.3125,0.6202,1.0865,1.5962,0.5288,0.2981,0.2404,0.5817,0.649,1.4615,0.6154,0.3269,0.5577,0.4327,0.3462,0.3846,1.5625,0.8798,0.2548,1.9952,0.7981,0.2981,1.5769,1.4712,1.476,1.6058,0.8606,1.3558,2.1202,1.7788,0.5913,0.1394,2.75,1.4712,0.75,0.9038,2.5048,1.2644,0.8221,3.3894,1.2356,0.6683,2.4135,1.9423,2.6154,2.3269,1.3558,2.375,2.3125,2.6779,1.1731,1.1827,3.1202,1.6346,1.7692,1.0962,2.4231,1.5625,2.5192,3.6635,0.726,0.9663,3.6154,2.4327,2.6538,2.4567,0.8702,1.8942,2.8125,3.5337,0.9712,0.7548,4.1683,1.7212,1.875,0.2788,0.6394,0.4471,1.1538,1.2788,0.1779,0.5192,0.9231,0.9952,0.6731,0.6202,0.1538,0.2933,0.7692,1.1538,0.2115,-0.0577,1.226,0.4712,0.4615,-0.274,0.5817,0.1394,0.4904,0.5529,0.2356,0.3125,0.2308,0.7404,0.4663,0.3654,0,0.1827,1.25,0.6154,-0.0288,-0.3029,1.0337,0.8269,-0.1058,1.7548,3.0433,1.3125,1.3702,4.1635,1.0817,0.7548,3.9423,2.4087,2.9856,2.7596,1.6827,2.4904,2.8173,3.8798,1.3558,0.8558,3.7019,1.6683,2.0288,0.4904,1.8173,1.0288,1.1971,2.2067,1.1058,0.7644,1.7356,1.5673,1.3702,1.2212,1.0625,1.4663,1.125,1.8125,0.8221,0.7981,1.6923,0.851,0.9615,-0.3125,1.3317,0.1587,-0.2115,1.5385,0.6394,0.0962,0.9952,1.1779,1.6779,2.0192,0.5529,1.5529,3.0817,1.6298,0.2163,0.0096,3.4375,1.9327,0.5817
1-212.txt_81,2.2373,1.0452,0.565,0.9887,4.1243,1.2655,0.7853,2.6667,1.4972,1.6554,1.7684,0.8023,2.0395,1.4746,2.9661,1.0395,0.4802,2.8475,0.7684,1.4407,0.5424,1.9492,2.548,2.9435,4.1412,1.4181,2.0508,3.4011,2.4124,0.0678,-0.2655,1.1864,0.4633,0.5876,3.7627,1.113,0.2994,4.113,1.1243,-0.4463,0.7062,1.791,2.9266,2.904,4.5141,1.3672,1.791,4.1638,2.2825,1.6158,0.9492,1.3051,1.3333,2.4294,4.2429,1.6497,0.2316,4.4689,2.2599,-0.0056,0.8531,2.3051,4.2486,4.096,4.435,1.9153,2.6271,4.2938,2.7062,0.7797,0.6667,2.4689,0.904,2.2034,5.4068,1.5876,0.2486,4.8475,2,-0.7458,4.1864,3.4463,3.8249,4.0565,11.2599,3.9548,3.2542,6.7627,4.6102,5.1525,5.3842,2.4294,5.4802,6.1695,8.2147,3.1582,1.9379,11.3503,5.774,3.8192,0.6949,0.9096,2.3277,2.8531,3.4463,1.096,1.3898,2.7966,1.3107,0.9153,0.3616,0.7006,0.8814,0.678,3.3559,0.6045,0.0226,3.1186,0.2825,0.2599,0.0734,1.0621,3.1525,3.209,2.8249,0.887,1.2373,2.7062,1.6554,0.2486,0.3672,1.7627,0.2203,1.0565,3.1412,0.6158,-0.3842,3.1695,0.9266,-0.7853,2.0791,3.7514,3.4068,3.9831,6.9435,3.0056,2.904,6.3559,4.0452,2.8362,2.3446,3.209,2.9153,3.0169,6.8588,2.2599,1.1525,7.0282,2.2768,1.6723,1.2938,1.2994,2.4576,1.2938,5.548,0.3955,0.113,4.1017,3.1525,2.1864,2.1356,0.5706,2.4181,2.9435,4.0226,1.5424,0.8249,6.3729,3.8531,1.3785,2.7345,0.7232,0.7232,0.9831,5.1695,1.3503,0.3898,2.4802,0.9887,3.1073,3.0565,0.1921,2.3672,2.6102,3.8079,1.774,1.0169,4.4237,2.452,3.1073,2.678,0.8079,0.661,1.1469,4.4124,1.2316,0.887,2.9887,0.8814,2.4407,2.1751,0.3164,1.6441,2.4237,3.1356,2.0395,1.7119,3.5593,2.1243,2.4972,0.0678,1.0508,1.8136,2.3559,2.2486,0.1299,1.0791,2.5819,0.9661,0.3559,-0.1808,0.7006,-0.0282,0.9379,1.9944,0.4576,-0.0452,3.2599,0.7684,-0.6328,2.5706,0.8983,0.5141,1.209,4.3333,1.1073,0.9266,2.8701,1.7119,2.2373,1.5028,0.7797,2.2881,1.6836,3.4915,1.7062,1.4407,3.9887,1.8023,2.3785,2.4802,1.7571,1.3051,1,6.7175,1.452,0.1977,3.0678,2.7514,4.0169,4.0565,0.4746,3.0621,4.3277,4.096,2.5085,1.9718,7.2034,4.5706,3.2881,2.7119,4.2994,4.9209,6.4633,7.1469,4.2034,4.2712,7.4463,3.8588,1.6667,1.4802,2.7571,2.3898,2.1469,7.8023,3.2768,1.7232,8.5989,2.5876,0.4463,1.1017,1.5424,2.2147,2.4011,3.4576,1.3333,1.1808,2.7175,1.8814,0.9944,1.226,1.0282,1.4802,1.0282,3.548,1.113,0.0113,3.3672,1.1695,0.7006,0.3164,0.3559,0.7853,0.4294,2.7288,0.1525,-0.0734,0.8644,0.791,0.9379,1.6215,-0.0508,1.1299,1.2429,1.6667,-0.1864,-0.6441,1.6158,1.0734,0.5537,3.7345,4.3107,4.7684,5.0113,11.0904,3.8757,3.6893,7.7062,5.4463,5.096,3.8927,3.5424,4.0847,5.661,8.1864,3.7627,2.2147,11.4746,6.3729,3.7514,2.2316,1.7006,2.1977,1.7175,5.7514,0.7175,0.791,4.0621,3.2203,3.3164,3.0452,0.8418,2.8418,3.7627,4.1299,2.5028,1.7232,6.9661,4.6102,2.6667,2.1751,0.2203,0.0678,0.1582,3.8644,0.2373,-0.3955,1.3729,0.339,1.8249,2.5876,-0.0395,1.8192,2.1808,1.9492,1.1299,0.452,2.7288,1.9887,2.2429
1-212.txt_83,1.0529,0.381,0.5344,0.963,2.0476,0.1005,0.3545,1.7619,0.381,1.0529,0.7778,0.4656,0.3598,0.8995,1.4815,0.5608,0.5079,1.4497,0.418,0.9894,1.0952,1.3968,1.5291,1.9259,2.5344,0.8889,1.2487,2.1746,1.1958,1.328,1.127,1.3228,0.836,1.5238,1.582,1.0476,0.963,2.7619,1.0529,1.2328,0.9101,1.5185,1.3492,1.8836,2.418,1.3439,1.2487,2.2169,0.9788,1.6508,1.4021,1.381,1.2646,1.1058,1.672,0.9101,0.5873,2.3228,0.5767,1.3915,1.1534,1.7619,1.7407,2.4656,3.1587,1.1217,1.4074,3.0952,1.5238,2.2116,1.9788,1.4868,1.6508,2.1799,2.2169,0.9153,0.6931,3.1958,1.2804,1.8836,1.5926,1.7354,1.4815,2.5238,3.9524,0.8201,1.3598,2.8095,1.8042,3.3915,2.5503,1.3492,1.5079,2.8254,3.9206,0.6455,0.9471,4.2275,2.2169,2.9577,0.5397,0.6085,0.3069,0.6772,1.8042,0.1852,0.4762,1.2381,0.1746,0.9788,0.9683,0.4021,0.582,0.8095,0.6243,0.3333,0.3545,1.6402,0.3439,0.8677,0.7196,0.8624,0.7884,1.2751,2.0688,0.4339,0.8624,1.7884,0.6825,1.0899,1.1005,0.7407,0.7778,1.2434,1.1534,0.5344,0.4868,1.9048,0.5926,0.9894,1.6614,1.9471,1.7778,2.3228,3.6402,1.3439,1.2063,3.3651,1.5926,2.8677,2.2593,1.6825,1.6614,2.1958,2.1746,1.1058,0.7831,3.4921,1.5503,2.582,0.7619,1.5079,1.3704,1.7672,2.4709,1.2487,1.0688,2.0847,1.3598,1.8307,1.7778,1.127,1.2169,1.6349,1.8201,0.6984,0.4709,2.5503,1.0423,1.4921,0.836,1.5079,1.4497,2.1958,2.5608,0.4974,0.9788,2.0106,2,2.1164,1.7354,1.0476,1.1005,2.963,1.5026,0.4127,0.5291,4.0635,2.6878,1.7037,0.6561,1.2646,1.2063,1.6296,2.1058,0.2963,0.6349,1.7143,1.6878,1.6561,1.381,0.8677,0.7672,2.6349,0.9735,0.3757,0.5608,3.4392,2.4339,1.3122,0.9471,0.963,1.1481,1.5767,2.1693,0.672,1.1217,1.9365,0.8042,0.9101,0.746,0.9418,0.5397,0.8995,1.2328,0.8466,0.6455,2.1746,0.545,0.9048,0.4974,0.873,0.9101,1.3915,1.3757,0.3228,0.6349,1.0794,1.1058,1.0423,0.873,0.7725,0.4497,1.8413,0.4339,0.2751,0.3175,2.3492,1.6825,0.8042,0.7407,1.7513,2.2222,2.4815,2.6508,1.1111,1.0423,2.3439,2.6032,2.2116,1.7937,1.4444,1.1429,2.9206,1.5873,0.6667,0.4339,3.8148,2.672,1.7143,0.8889,2.4497,1.6455,2.6402,2.164,1.2116,2.1111,2.4339,2.3439,1.254,1.0582,1.6138,0.7249,1.1799,2.1376,0.7143,0.5132,2.4444,1.127,1.0952,0.8095,0.3862,0.5026,0.7778,1.7566,0.3968,0.4815,1.254,0.0423,0.7725,0.5397,0.6349,0.3915,0.1693,1.2434,0.6931,0.4444,0.7725,-0.1799,0.7354,0.4815,0.4233,0.4921,1.2434,0.9418,0.2646,0.8677,1.0688,0.2963,0.381,0.1746,0.7143,0.0688,0.3439,1.1323,0.4286,0.2698,0.8254,0.1376,0.2646,1.7354,2.4074,2.6032,3.2646,4.4656,1.2646,1.5714,3.7196,3.1217,3.619,2.8095,1.8519,1.8042,4.1958,2.5661,1.1058,1.0635,5.5873,3.6349,3.1534,0.5397,1.455,1.7619,1.9206,2.1005,1.0847,0.9101,2.0106,2.1058,1.6402,1.4497,1.1058,0.9048,2.4074,1.3069,0.5238,0.254,3.1058,2.0317,1.2487,0.8466,1.1111,1.1164,1.9048,2.4339,0.2857,0.8148,1.9048,1.5714,1.6931,1.3069,0.8466,0.6931,2.4127,1.5926,0.381,0.4921,3.381,2.0582,1.3545
1-212.txt_85,1.3763,1.6649,1.0515,1.2113,3.8093,1.1546,0.6082,2.4948,1.9897,1.8918,1.8041,1.0979,1.8041,1.6856,2.4278,1.0928,0.799,3.4897,1.1598,1.5722,0.9588,1.8711,2.5825,3.1134,3.5825,1.0722,1.6907,3.1804,1.7938,1.1186,0.4948,1.1546,1.3196,0.5103,2.701,0.5928,0.768,4.1134,0.9897,0.3557,0.634,1.8711,2.2423,2.8196,2.8918,0.8763,0.6701,3.2887,1.8454,1.6237,0.8866,1.0361,1.5258,1.4639,2.732,0.4639,-0.1546,3.3866,1.299,0.4021,1.0876,2.2423,3.7577,4.4588,3.4381,1.866,2.1495,4.2474,2.7423,1.0464,0.5928,1.6186,1.0258,1.3144,4.7629,1.4948,0.6237,4.1753,1.201,0.2577,4.4536,3.5412,2.4175,2.8557,10.6082,2.8402,1.4485,6.4588,3.6856,5.6959,5.4485,1.4278,5.3247,5.8351,5.5876,3.3144,1.8454,10.1237,5.2887,4.3454,0.8144,1.3247,1.9021,2.7474,2.0567,1.1186,1.5206,2.268,1.5052,0.8608,-0.1392,0.9845,0.8247,-0.0567,2.6649,0.1701,0.0567,2.4948,0.3144,0.3505,0.1546,1.5876,2.5825,2.9227,1.268,0.9433,1.3763,2.2062,1.6546,0.232,-0.3041,1.4021,0.2732,0.2784,2.1907,0.1237,0.1495,2.0361,0.2062,-0.2732,2.0825,3.2474,2.4536,3.6907,6.634,1.9381,1.9536,5.2577,3.9639,3.1907,3.067,2.6495,2.9072,2.9433,5.2268,1.768,0.9794,6.8763,2.2268,1.9227,1.2371,2.1546,1.6289,1.8041,4.8918,0.7887,0.5309,3.3196,2.7474,2.3711,1.7216,0.6392,2.1031,2.1546,2.7835,1.0361,1.0515,5.6392,3.3402,1.0309,2.4485,0.6495,0.7526,0.8144,5.5773,1.1701,0.6753,2.7732,1.8402,3.0567,3.2371,0.3144,2.7423,3.2062,3.0464,1.9691,1.3247,4.7629,3.0825,2.768,2.2268,1.0928,1.0412,1.0361,5.1546,0.933,0.9536,3.0515,1.6598,2.1546,2.3557,0.2835,2.0464,2.1237,2.4691,2.1237,1.4794,4.0464,2.4948,1.9072,0.4124,1.0773,1.799,2.2887,1.8351,0.2784,0.8557,2.2526,1.0979,0.4639,-0.0309,0.3247,0.3814,0.5722,1.134,-0.1495,0.2629,2.2216,0.8557,-0.1959,1.8866,1.299,0.9072,1.1134,4.8299,1.8196,1.5361,2.5103,2.0258,1.9845,1.768,1.1289,2.4588,1.4433,3.0412,1.4278,1.3093,4.5825,2.5103,1.4381,2.1495,1.4124,0.6186,0.634,5.366,1.0258,0.0515,2.5567,2.1443,3.5464,3.1753,0.3144,2.6649,3.2577,2.3196,2.134,1.6546,6.4072,3.9381,2.567,2.4691,3.2938,3.7784,5.6959,5.634,3.433,3.5361,5.3608,2.8041,1.3969,1.0825,2.0722,1.5722,0.9124,5.4536,2.6546,1.4639,5.9227,1.3093,1.0464,1.0412,1.4897,1.567,1.866,2.8144,0.9948,0.5773,2.4742,1.6701,1.2629,1.1186,0.732,1.0722,1.0155,2.7526,0.4845,-0.1443,2.6598,0.6392,0.6546,0.6804,0.8299,0.9691,1.1082,2.0979,0.2423,0.1804,0.9227,1.1134,1.1031,1.3093,0.3711,1.2629,1.0928,1.7474,-0.0309,-0.1237,1.9278,1.0361,0.8918,3.6186,3.6804,3.5309,4.366,9.9278,3.0412,2.201,6.6701,4.4794,5.8557,5.0052,1.9227,4.6753,5.866,6.2062,3.1856,1.866,10.8454,6.701,4.2577,2.3969,1.4588,1.5258,1.8918,4.6031,0.634,0.6649,3.7526,2.2835,3.3608,3.0773,0.3814,2.7062,3.1907,2.5928,1.7887,1.433,6,4.0773,2.1907,1.634,0.6856,0.1495,0.3711,4.0979,0.6701,0.2887,1.4742,1.0928,1.8196,2.4175,0.3505,2.1392,2.1649,1.9278,1.3711,0.5876,3.7268,2.232,1.6443
1-212.txt_87,1.7207,1.4358,1.1453,1.2346,3.8492,1.4302,0.4916,2.6034,1.905,1.7598,1.8101,1.1508,1.8268,1.5475,2.6089,0.9609,0.3687,3.1285,1.2291,1.4749,0.7151,1.7318,3.1006,3.3575,3.8045,1.5419,2,3.324,1.9665,0.8994,0.2291,1.352,0.7486,0.8994,2.9106,0.9218,1.0335,3.9162,1.6816,0.0391,0.5028,2.4693,3.6145,3.2626,3.7598,2.1285,1.8715,3.8659,2.4749,1.6648,0.8939,1.9441,1.8883,2.1117,3.581,1.1453,0.4525,4.2235,2.4525,0.2235,0.9218,2.743,4.2514,4.514,3.4637,2.9162,2.9665,4.1341,3.0894,0.9944,0.5587,3.1285,1.1453,1.676,4.6648,1.486,0.8045,4.2458,1.7486,-0.0391,4.5978,3.2737,3.2179,2.648,10.676,3.3296,1.9944,6.6927,4.0503,5.7207,5.7095,1.7263,5.0782,5.7318,6.5475,3.0559,1.8659,10.2346,5.4246,4.7933,0.933,1.5196,2.7989,3.1899,3.2291,1.1285,1.9609,2.8156,1.9777,0.9106,-0.2402,1.4302,0.4637,0.6425,2.8547,0.5642,0.324,3.1676,1.0782,-0.0726,0.3296,1.1397,2.9274,3.1508,1.9162,1.1788,1.7542,2.2793,1.8045,0.4469,0.1061,1.8994,0.3296,0.7542,2.1955,0.1788,-0.0559,2.5866,0.7933,-0.5698,1.8603,3.8883,2.8827,3.1788,5.8994,2.6089,1.9721,5.3799,4.3966,2.7765,2.8715,2.9385,2.9106,3.2291,5.4134,1.7095,0.9609,5.7095,2.2905,2.0615,1.6872,1.5419,2.0894,1.7486,6.2626,1.1676,0.4302,3.7654,3.3966,2.6425,2.2514,0.8212,2.6816,2.8715,2.9609,1.3073,1.1006,6.1117,3.933,1.648,2.3128,0.8212,1.2011,1.3296,5.4916,1.6648,0.3128,2.6034,2.5196,2.0391,1.9553,0.2179,2,2.6983,3.8883,1.8827,1.1117,4.7207,3.1453,2.0894,2.2737,1.1229,0.8547,1.1955,5.352,0.8827,0.4134,2.7709,1.5419,1.5698,1.8994,0.4078,1.8045,1.9609,2.8883,1.7039,1.1564,4.0112,2.4804,1.7542,0.3575,1.2179,2.6983,2.7821,2.1173,0.7263,1.2123,2.7654,1.162,0.6704,-0.1955,1.2346,0.2067,0.8659,1.2961,0.3687,0.4469,2.8715,1.4302,-0.6425,2.3184,1.1453,0.8827,0.8212,5.1564,1.0447,0.8883,2.4581,2.1508,1.743,1.6257,0.9777,1.9665,1.6201,3.4413,1.1397,1.3743,3.6927,2.4972,1.7039,2.2905,1.9832,1.067,0.8436,6.2458,1.4469,-0.3184,2.6425,2.9385,3.4581,3.4693,0.5475,3.0168,3.5028,3.4972,2.4972,2.4581,6.2626,4.4022,3.3296,2.7095,3.4469,4.0615,5.6425,6.0838,3.4413,3.4022,6.2346,3.0279,1.8492,0.9944,2.6592,1.838,2.067,6.1229,2.5978,1.6257,6.8939,2.2235,1.2291,0.6927,1.514,1.7989,2.1341,2.8939,1.3575,0.9162,2.1229,1.6704,0.7654,1.0335,1.2626,1.4972,0.8492,2.8045,0.7765,-0.2011,2.4581,1.3575,0.6536,0.1117,0.5531,1.0168,0.9721,2.7877,0.6257,0.0391,0.4749,1.1229,1.2067,1.6089,0.581,1.7598,1.2067,1.7151,-0.1006,-0.1732,2.0559,1.2737,0.7151,3.7374,4.0056,4.2011,3.648,9.8715,3.0559,2.0838,6.6983,5.1788,5.1173,4.2961,2.7709,3.6201,5.1006,6.0335,3.3464,1.7151,10.352,6.9832,4.3631,2.5642,1.838,2.2179,1.5587,5.7709,0.5419,0.1732,3.9832,3.0447,4.0112,3.3017,0.676,2.9721,3.5866,2.4358,2.1117,1.7821,6.9777,4.8101,3.0615,1.8771,0.4804,0.6592,0.5475,4.324,0.6089,-0.2849,1.6369,1.2514,1.4581,1.9106,-0.0503,2.0782,2.3296,2.7486,1.1508,0.3687,3.2458,2.6201,1.8547
1-212.txt_89,0.5,1.5376,0.7796,1.6667,2.828,1.4839,0.8011,2.2312,1.3011,0.957,1.1613,1.4355,1.0484,0.6075,2.1935,0.5215,0.828,1.7473,0.8817,0.3925,1.1828,2.3763,2.3011,2.4355,3.828,1.6183,1.7742,3.1075,2.4086,2.1183,2.0108,1.6882,2.3925,2.0484,3.1935,0.6075,0.8925,4.5376,1.7796,1.0538,-0.3602,1.3495,0.8118,0.6398,2.4839,1.0108,0.3548,2.1075,1.1989,1.7204,1.3602,0.8333,1.4892,1.6344,1.914,-0.7258,-0.3925,2.8226,1.9032,0.9409,0.6344,2.5914,2.129,2.1075,3.5323,1.7581,1.1183,2.9946,1.9624,1.9032,1.8602,1.3387,2.0753,2.1828,3.1667,-0.2204,0.5484,3.9892,2.1129,1.6022,2.9194,4.2688,2.6022,3.6237,7.1559,3.0323,2.6613,5.7688,4.3602,4.5323,4.6452,2.9247,3.8226,2.7366,4.828,1.8172,1.9086,6.3441,2.4892,3.0538,0.5806,1.7151,1.5645,1.672,3.0538,1.3333,1.3925,2.1505,1.7903,1.914,1.7204,1.1559,2.2527,1.7903,2.0806,0.1129,0.5968,2.7419,1.4516,1.1505,-0.0108,1.6935,1.8441,1.7419,2.4247,1.2097,1.2258,2.1022,1.0484,1.9462,1.4032,1.2957,2.0484,1.6129,1.8226,-0.2849,0.7258,2.414,1.4785,0.9194,0.9677,4.4247,1.4839,2.6774,5.5753,2.7097,2.0753,4.5914,3.9462,2.7366,3.5376,2.7043,3.2097,2.3226,5.0269,0.543,1.1828,5.7849,2.5753,2.3226,1.2527,2.1505,1.1505,2.0806,3.8817,1.7258,1.4032,3.7581,2.5054,2.672,3.0806,0.8656,2.7151,1.8656,3.8333,1.1935,0.4194,5.2527,1.5215,1.7903,2.5161,1.8548,1.6129,2.7634,4.6022,1.8656,2.0591,3.1183,2.1183,2.6505,2.8118,1.9086,2.1613,1.6667,3.0269,2.0538,1.414,4.0269,0.8441,1.7527,2.2151,2.2796,1.6075,2.5699,4.4462,1.8925,1.9892,3.7258,2.1667,2.7043,2.871,1.9892,2.4247,1.5914,3.5108,2.0968,1.0484,4.4946,1.129,1.6398,0.2957,1.4624,1.9032,1.3656,2.5806,1.1398,1.0161,2.1237,1.1667,1.7151,1.828,1.4409,2.0645,1.8118,1.543,-0.2043,0.7634,2.2634,1.2473,0.6344,1.9409,2.1882,1.3763,2.586,4.2849,1.6559,2.0323,3.0968,1.8226,2.3118,2.129,2.0376,1.7419,1.3602,3.3602,1.8548,1.1398,3.8226,0.5645,1.7366,2.0699,1.1935,0.3333,2.0914,2.7688,1.4032,1.7849,2.7258,2.0215,1.6774,2.4247,0.6667,1.7258,0.8548,3.043,1.6613,0.2151,3.1667,0.3441,1.414,2.1022,3.4731,3.4032,4.3817,4.5108,2.2957,2.4677,5.0914,4.4086,1.6237,2.3387,2.0161,2.8495,1.8333,5.2742,1.6989,1.4301,4.8763,2.3925,1.3978,0.0376,1.0753,0.4194,-0.0806,1.7473,0.6505,-0.1774,0.8925,0.6452,0.8441,1.0538,0.3978,1.0161,0.9839,1.5108,-0.5699,-0.129,1.6075,1.172,0.957,0.672,0.4946,0.6989,0.9462,1.5376,0.6559,0.4301,1.457,0.4355,0.9247,0.7634,0.4032,0.828,0.6344,1.7849,-0.0108,0.2849,1.1452,0.5054,0.7634,2.6667,3.0269,1.957,3.4355,6.8441,2.4409,2.1667,5.543,5.1237,4.6183,4.7581,1.8172,4.1183,3.6452,5.129,1.6774,1.1022,8.1505,3.1882,3.3548,1.9839,1.086,0.1774,1.3925,3.2634,1.414,1.9086,2.3011,2.9462,2.0484,2.5806,0.7204,1.7742,0.6935,2.5269,1.6935,0.2527,3.7312,0.2151,1.3495,1.7312,1.5806,1.1667,1.7204,3.2581,1.5108,1.3925,1.7903,1.3871,1.8602,1.6935,1.4624,1.2581,0.7688,2.1559,1.5215,1.4785,3.2312,0.5484,1.5108
1-212.txt_91,1.323,1.9503,0.8882,1.2422,2.5776,1.087,0.677,2.4161,1.4969,1.0186,0.7453,1.354,0.7453,1.0621,1.9379,0.7329,0.4286,2.528,0.8012,0.5528,1.118,1.9068,1.5652,2.0683,4.1677,1.236,0.8385,3.7764,2.7764,2.0373,2.236,0.1366,2.3789,2.6832,2.6273,0.6894,0.5839,4.0248,2.2609,1.3416,0.6832,1.6149,1.2422,0.7702,2.1491,1.2733,0.2547,3.0124,0.7888,0.7081,0.559,0.8509,0.8447,0.8758,1.4969,0.0745,-0.1739,1.6025,1.2174,0.5466,1.1056,2.3478,2.1118,2.4783,3.6708,1.8447,1.0435,3.5031,3.5714,2.3975,2.3106,0.8012,2.7019,2.4969,3.0311,0.1677,1.2174,3.9627,2.0994,1.8137,2.7453,4.0807,1.6335,4.7143,8.4037,2.8944,2.4969,5.6894,4.2795,4.323,3.8447,2.2547,3.1863,3.354,5.8323,2.6646,1.4534,5.8758,1.5155,3.0621,1.3106,1.6646,1.3354,1.4596,3.2609,1.0621,0.6646,3.0186,2.0373,1.9814,1.764,0.6087,1.8696,1.4658,1.5652,0.8199,1.0124,2.2857,1.1304,1.3789,0.9814,1.5652,1.8385,1.3043,2.1304,1.0497,0.3789,2.3851,2.0559,1.8199,1.4596,0.6832,1.7143,1.2919,1.5342,-0.0186,0.9317,2.4224,1.5714,1.1988,1.8261,3.8261,1.559,3.0559,6.1988,2.0373,1.5652,5.2919,3.323,3.1739,2.913,2.4099,3.0248,2.7888,4.2857,1.3416,1.4348,5.2547,1.6398,2.0248,1.9876,3.1863,0.9441,2.205,4.4845,2.236,1.677,4.4907,2.6832,2.0311,2.2671,1.5652,2.236,1.8385,3.1988,1.4037,0.8075,3.6894,1.6273,1.441,1.6894,1.6087,0.559,2.9193,3.913,1.9814,2.5093,1.7081,2.7329,2.3168,2.5466,0.9814,1.6522,1.9441,2.8323,1.2174,0.8323,3.5528,0.5217,1.5217,1.3478,2.0683,0.323,3,3.9317,1.8385,2.2981,2.4286,1.882,2.1553,2.2422,1.1801,1.6149,1.8882,3.1739,1.7888,0.9193,3.5839,0.3168,1.2174,0.6335,0.8696,0.7764,0.2671,2.3913,0.4348,-0.1739,1.9938,1.3292,1.5652,1.472,-0.0435,1.8012,1.9938,0.8447,-0.0559,0.3292,2.1863,1.7764,1.2236,1.3851,2.1304,0.236,2.7764,3.1863,1.6211,2.2298,2.2236,2.0435,1.5776,1.764,1.4845,1.1925,1.0186,2.8012,1.4224,0.6894,2.6273,0.323,1.1429,1.4286,1.1988,-0.5342,2.559,3.795,1.4783,2.1863,1.9938,1.3168,1.7702,2.3168,0.7267,1.3168,1.3665,3.6087,1.6646,0.1801,2.8137,-0.5031,1.1801,1.8696,3.3602,3.2857,3.646,4.6398,2.6894,2.2112,4.6335,4.2484,1.9752,2.1366,1.7702,2.7081,1.8385,5.087,1.6584,1.2236,3.8696,1.3851,2.4037,0.8261,1.5901,1.6832,1.0311,2.3602,0.5901,-0.1863,2.2422,1.1615,0.5652,0.5901,0.646,0.795,0.5652,2.1429,0.3292,0.3354,1.2609,0.2671,0.5155,1.1988,1.0745,0.3416,1.4224,1.1739,0.7205,0.7081,0.8882,0.5342,0.5031,0.3416,0.5466,0.2795,0.205,1.4472,0.4161,0.0124,1.087,0.5528,0.4907,2.2547,3.0435,0.8447,3.0311,6.8944,2.7329,2.5031,4.1553,3.9938,4.472,4.2547,1.4472,3.236,3.3354,4.3851,1.5031,0.8758,5.6957,1.9503,3.0807,0.8447,0.7826,0.0311,1.7143,2.6398,1.6584,2.0186,1.2484,1.3975,1.0186,1.5342,0.6273,1.0311,0.5155,2.1056,0.9938,0.2981,1.3913,-0.7329,0.354,1.0621,1.0497,0.3292,2.0435,2.559,1.4969,2.0124,0.8323,1.6584,1.7391,1.6398,0.6894,0.9938,1.3851,2.0124,1.0373,0.646,2.7888,0.4969,1.2919
1-212.txt_93,0.9316,1.2737,-0.2474,0.2579,2.6737,0.8211,0.3263,1.2263,0.8421,1.3421,1.6842,1.0895,1.2526,1.2263,1.3842,0.4105,0.6,2.0368,0.8684,0.5526,0.3368,2.2,1.3,1.4842,3.6684,1.3842,1.0474,2.4316,2.8895,1.8737,2.2263,0.8316,2.2368,2.9211,2.4579,0.6053,0.6316,4.6053,2.5474,1.1895,0.3684,1.3842,0.5368,0.9105,1.5211,0.8316,0.5316,1.6895,0.9526,0.6053,0.5684,0.9789,0.9895,1.2263,1.8053,-0.3158,-0.7211,1.8947,1.5632,0.3789,0.6684,2.0211,1.3,2.1474,3.3105,1.2947,0.9263,3.4421,2.3053,1.6474,1.2,0.7158,2.3842,2.4211,3.1895,0.1,0.2053,3.9105,2.5421,0.9842,1.9632,3.7368,1.3263,3.6947,5.7316,2.2737,2.5474,4.0105,4.3789,3.7263,3.9737,2.4158,2.9474,2.8158,5.0842,2.1263,1.5632,5.6632,2.4632,2.8474,0.7421,1.7421,0.8737,0.7421,2.7947,1.1421,0.8632,1.7947,1.6,1.9684,1.5895,0.7368,1.6316,1.8632,1.8316,0.8632,0.8474,2.5526,1.3421,1.5474,0.7316,1.3158,1.1158,1.1,2.3105,0.7526,0.3105,2.1789,1.3526,1.6263,1.4,0.4,1.7579,1.8789,2.0316,0.1368,0.5579,2.2842,1.9368,1.1263,1.6474,3.0211,0.7211,2.1105,5.0947,1.7053,1.4474,3.8947,2.4632,1.9579,2.4737,2.1,2.5684,2.5211,3.5632,0.8158,0.7579,4.7,1.9105,1.4158,1.2,2.7211,0.6684,1.8526,3.8,1.7,1.1842,3.0526,2.5947,2.3421,2.7053,1.3632,2.7105,2.2,2.4684,1.3105,1,4.2632,1.7474,1.8789,1.2684,1.8842,1.4632,2.5368,3.1158,1.5263,1.8737,2.2789,1.9105,2.1158,2.5737,1.4947,1.3474,1.7632,1.5526,1.8474,1.4474,3.1474,0.3789,1.4421,1.3947,2.0053,1.0368,2.4263,3.6579,2.0526,1.9737,2.7474,2,2.0737,2.3474,1.4053,1.5842,1.7421,2,1.9579,1.4,3.7316,0.4579,1.4895,0.3105,1.0947,0.3579,0.3632,2.9263,0.4526,0.0526,1.4737,1.3158,1.4263,1.5526,0.2421,1.8789,2.4211,1.4474,-0.0211,0.2,2.6474,1.7474,0.8105,1.1,1.9105,1.0947,1.8895,3.0053,1.7421,1.6737,2.3211,1.9053,2.0368,2.1684,1.3526,1.5158,1.7579,2.0684,1.3632,0.9789,2.9368,0.3842,1.5579,1.5632,1.2474,0.6421,2.0526,2.9526,1.3105,1.6263,2.5368,2.3053,2.0158,2.4211,0.7947,1.3105,0.7737,1.2474,1.4474,1.1053,3.5263,0.2895,1.5316,1.8211,2.7316,2.3737,2.7421,3.8158,2.5316,2.0053,4.0158,3.3053,2.0789,2.0474,1.6158,2.8368,2.1,4.4579,1.6632,1.6632,4.1421,1.7105,1.6105,0.3211,1.7368,0.5526,0.7526,2.3053,0.6684,0.1158,1.3737,0.8737,0.6474,0.7211,0.8368,1.1842,1.0947,1.9211,0.0474,-0.1632,1.9579,0.8895,0.5947,0.8053,1.3526,0.2895,1.1211,2.0842,0.5947,0.6263,1.0947,0.4,0.4263,0.6158,0.9789,0.7053,0.1474,2,0.2368,-0.2211,1.6789,0.0947,0.6,2.1579,3.0684,1.8526,2.7211,6.0105,2.5842,2.2053,3.9684,4.4053,4.1316,4.3368,1.7316,3.2105,3.1211,3.2684,1.7842,1.4684,6.7579,2.5947,3.2526,0.9053,0.8789,1.0842,1.5263,2.2474,1.4421,1.6105,1.7,2.4105,1.0737,1.4526,0.5474,0.8263,0.3789,0.6158,1.1579,0.7579,2.1789,0.6,0.8158,0.7737,1.4842,0.9684,1.5421,2.5526,1.5684,1.5263,1.5053,1.1737,1.8211,2.0105,1.2368,0.9474,0.7105,0.9947,1.2947,0.9632,2.0947,0.0105,1.0105
1-212.txt_95,0.1823,0.5138,0.3094,0.3729,0.9696,0.3729,0.1657,0.232,0.6934,0.9088,0.7127,0.4033,0.6215,1.0552,0.5138,0.0663,0.2707,1.1077,0.9171,0.6796,0.5221,0.8729,0.8011,1.3619,2.3425,0.7956,0.9392,0.5994,0.8066,1.9088,1.6022,0.6906,1.3785,2.1464,1.8785,0.442,0.8812,2.5414,1.6906,1.8481,0.7983,0.9834,1.663,2.1298,2.5276,1.2072,1.2873,1.5691,1.2873,1.5055,1.2044,1.0939,1.1519,2.0387,1.7735,0.7265,0.7652,2.9116,1.6409,1.326,1.3204,1.4669,2.1133,2.511,2.9171,1.4586,1.6961,1.9696,1.7486,2.011,1.3785,1.7652,1.2182,2.1464,1.9558,1.0276,1.0221,3.2182,1.6768,1.6133,0.5884,2.1575,2.5055,3.0829,4.5414,2.0276,1.9033,2.3508,2.895,3.3122,2.7762,1.9503,2.3149,3.8425,3.1961,0.9116,1.6851,4.989,3.1133,2.6326,0.5608,0.5691,0.895,1.2873,1.9475,0.6077,0.7486,1.3177,0.8785,1.1492,0.9834,0.7099,0.7624,1.6105,1.5967,0.3066,0.5635,2.2514,1.279,1.1105,0.6878,1.0055,1.2597,1.7652,1.9558,0.8398,1.1022,1.3094,1.1464,1.0276,0.8066,1.0718,0.6878,1.5249,1.4392,0.4917,0.5884,2.1934,1.2293,0.8066,0.3978,1.721,2.1547,2.4448,2.4917,1.7956,1.4116,2.0856,1.8232,1.1215,0.7624,1.7182,1.0083,1.7845,1.5497,0.9282,1.0829,3.0249,1.7017,0.8923,0.7155,1.3177,1.5083,1.9448,3.0414,1.1243,1.2956,1.895,1.4945,1.5663,1.3702,1.1575,0.8895,2.2044,2.7403,0.5055,0.8508,3.232,1.7624,1.3591,0.5304,1.1575,1.4945,1.837,3.0359,1.0083,1.2818,1.8978,2.2541,2.1851,1.8564,1.0331,1.3785,2.5055,2.605,0.779,1.0414,2.9807,2.0829,1.7431,0.4669,1.1271,1.2099,1.2514,2.4448,0.8149,1.0055,1.8812,1.7072,1.7762,1.7099,0.837,1.2182,1.9641,2.2403,0.6796,0.8287,2.3536,1.5221,1.3536,0.721,0.8122,0.9945,1.5331,2.0608,0.8177,1.0055,1.0083,0.9144,1.3453,1.0608,0.9088,0.9337,1.6961,1.7044,0.5221,0.7901,2.2431,1.3702,1.3094,0.5718,0.8232,1.0691,1.3011,1.9945,0.7541,0.8674,1.5608,1.4834,1.2155,1.1271,0.7762,0.721,1.5,1.8591,0.5387,0.6105,1.9917,1.2956,0.9144,0.2901,1.9088,1.7652,2.0994,3.442,1.3757,1.674,2.116,2.7017,2.7597,2.5138,1.3591,1.6492,3.4448,3.0912,0.5028,1.0829,4.0635,2.8094,2.1105,0.5055,1.3149,2.2265,2.4006,3.6077,1.442,1.5359,1.8232,2.9696,2.1768,2.0055,1.4972,1.7459,2.9724,2.6796,0.7431,1.2182,3.5497,2.6105,1.6906,0.221,0.2541,0.6354,1.1961,1.0166,0.5691,0.6436,0.1713,0.6133,0.6022,0.384,0.5249,0.2541,0.9061,0.7403,0.2238,0.2017,1.3702,1.0028,0.5331,0.279,0.4144,0.8453,1.3204,1.732,0.5414,0.6492,0.6188,0.9144,1.058,0.8343,0.5138,0.6326,1.3564,1.2707,0.3066,0.395,1.7845,1.2265,0.8011,0.3564,2.616,2.2044,2.616,4.8923,1.6077,1.7983,2.8149,3.1298,3.5497,3.011,1.7818,2.2541,5.0608,3.2182,0.5331,1.279,6,4.1492,2.9116,0.1823,1.779,1.3702,1.7293,3.0138,1.1492,1.3453,1.6768,1.9807,2.3564,2.2431,1.279,1.3923,3.0166,2.489,0.1961,0.837,3.5939,2.3812,1.8729,0.4751,1.0359,1.2983,1.4365,2.7127,0.8785,0.9586,1.5276,1.8564,1.9503,1.7072,0.8895,1.2127,2.2099,2.0442,0.6022,0.8978,2.4945,1.7762,1.5276
1-212.txt_97,1.0707,1.5909,1.101,1.5051,2.0808,1.0556,1.1313,2.0657,1.1717,1.2172,1.3485,1.2727,0.9343,1.3333,1.4091,0.6313,0.1111,2.0455,1.0657,1.1162,1,0.6162,0.7475,1.7879,2.4192,0.4646,0.9899,1.8687,1.3081,1.7273,1.5556,0.6465,0.9091,1.9747,2.2879,0.4596,0.2677,2.7273,1.6111,1.904,0.6616,0.2828,0.404,1.0707,1.6061,0.8384,1.2172,1.4141,0.1162,1.2222,1.0354,0.5909,0.5606,1.0758,1.3636,0.2121,-0.5909,1.9394,0.7525,0.8788,1.2172,1.1364,0.7475,2.096,2.9646,1.5909,1.8131,1.9747,0.6212,2.2222,1.8687,1.3788,1.0758,1.7323,2.1869,0.5,0,2.5253,1.3485,1.6313,2.1768,2.6717,2.096,2.7626,4.2727,1.4192,1.8636,4.1162,3.3485,2.7677,2.8586,2.2475,1.6768,3.899,2.7929,1.6162,1.2828,4.8333,3.1616,2.8283,0.5404,0.5505,0.8434,1.6212,1.1667,0.9495,1.3485,1.3889,0.8838,0.702,0.5909,0.4697,0.1263,0.4646,1.298,0.2778,-0.1717,1.1869,0.5101,0.6515,0.7576,0.904,0.7273,1.9293,1.8889,1.3485,1.6364,1.5707,0.5455,1.1818,1.1919,0.7929,0.4697,0.9495,1.5202,0.4545,0.2374,1.6919,0.9293,0.9646,2.0152,1.9343,1.7626,2.6212,3.5707,2.2374,2.0657,3.2071,2.1162,2.6111,2.6869,2.0808,1.6515,2.2778,2.2424,1.1869,0.2576,3.5101,1.8333,2.3788,0.9141,1.7677,1.0455,1.8535,1.8232,1.2929,1.5152,1.9697,1.8232,1.5657,1.2677,1.1869,0.9192,1.7576,2.1061,0.8636,0.3081,1.9747,1.4293,1.197,1.6061,1.8283,0.8434,1.6061,3.1919,0.5859,1.2121,2.2424,2.3535,2.4949,2.4949,1.4646,1.8283,3.197,2.1364,0.7071,1.4141,4.1162,2.298,2.5556,1.4646,1.9495,0.9848,1.7828,3.0859,0.4747,1.2121,2.1414,1.8838,2.4293,2.1768,1.5101,1.6768,2.6364,2.1869,1.0505,1.4747,4.3434,1.9242,2.4293,1.0354,0.6414,0.6667,1.5202,2.4899,0.4444,0.8586,1.7374,0.7273,1.601,1.4091,0.702,0.8788,1.4747,1.8182,0.5808,0.2172,2.1515,1.1364,1.6162,0.8535,0.9192,0.5859,0.9343,1.9444,-0.1919,0.3182,1.596,1.1313,1.5051,1.6515,0.6465,1.404,1.8889,1.3687,0.4394,0.4343,3.0657,1.3939,1.6061,1.7727,1.9899,1.4747,1.5657,3.3838,0.5707,0.9798,2.601,2.0758,3.202,2.399,1.7475,1.7879,2.5404,2.6263,1.3586,1.6465,3.2222,1.6667,2.6263,1.7828,1.7323,0.7525,1.7879,4.0556,1.0657,0.8838,3.197,1.1465,2.2273,2.1768,1.5909,1.4495,2.2828,4.1263,0.6566,0.0051,3.601,1.4091,1.8384,0.9293,0.4444,0.2879,0.697,1.6162,0.5758,0.4646,1.4697,0.3131,0.8131,0.9394,0.4242,0.7172,0.8333,1.3939,0.4848,-0.1212,1.2727,0.4899,0.8333,0.6465,0.4444,0.2828,0.7424,0.7677,0.3081,0.3232,0.9899,0.2424,0.7374,1.1364,0.2424,0.7576,1.0505,0.7879,0.3182,-0.101,1.1465,0.2929,0.7879,2.1111,2.8788,1.6818,2.1919,4.7727,0.7121,1.3182,4.1364,2.4242,4.6869,3.8131,2.4949,3.0303,3.3283,3.9091,1.4596,1.4545,5.5,2.2879,3.7626,1.2778,1.3232,1.0909,1.096,2.2576,0.0707,0.6162,2.0657,1.2222,2.7273,1.8939,1.0455,1.3636,1.3788,2.096,1.1414,1.3788,1.7374,0.5303,1.8687,1.4848,1.8232,1.0101,1.6212,2.7525,0.6869,1.1111,2.3586,2.2828,2.0455,2.0758,1.3737,1.4949,2.5455,2.096,0.9242,1.2071,3.4242,1.8182,2.2424
1-212.txt_99,0.931,1.2701,1.2586,1.2816,2.9483,1.5517,0.569,1.931,1.2414,1.0057,1.3793,0.7069,1.6149,1.8506,2.1839,0.7989,0.523,2.6954,1.023,0.5632,0.6322,2.2011,3.9023,3.4483,4.6207,1.4023,1.3793,3.4368,3.069,1.931,0.908,1.2299,1.5345,2.1782,3.2011,1.477,1.0287,4.908,2.3218,0.408,0.8046,3.092,4.5345,4.092,4.6667,2.3736,1.5862,5.0805,3.7184,2.3563,1.2241,1.5287,1.7184,2.8966,4.4483,1.5575,0.5,5.954,3.0345,1.0057,0.4943,2.6149,4.9195,4.8621,3.8563,2.2874,1.8563,4.6034,2.954,1.6954,0.6609,1.9483,1.1724,2.3621,4.5575,1.3563,0.1839,5.2241,2.2069,0.3046,3.4253,4.1897,4.2471,4.1207,9.7069,3.8276,2.6782,5.5747,4.8218,5.3621,3.9023,2.4655,4.0747,5.5575,6.454,3.069,1.954,10.2644,5.7989,3.9655,0.5345,1.6667,2.9943,3.7989,3.1667,1.408,1.4828,3.3793,2.3103,1.1609,0.3276,1.2356,0.9368,1.4368,2.8793,0.8333,0.3908,3.4195,0.9425,-0.1207,0.0287,0.8161,2.477,2.2126,1.9023,0.1667,0.4195,1.8276,0.9368,0.9943,0.5,1.1954,0.4483,1.3678,2.0057,0.1437,-0.3621,2.4943,0.454,-0.2644,1.477,4.2069,4.5517,4.0977,6.3391,2.6207,1.954,4.954,3.2989,2.8218,1.7586,2.2644,2.8103,3.0862,5.1897,1.954,1.4655,6.3793,2.6092,1.4655,0.9425,2.8563,3.6322,3.0057,5.2184,1.6782,0.2989,4.5632,4.2011,2.8678,1.8276,1.2701,2.3736,3.0517,3.2356,1.6782,1.2759,6.0172,3.9023,1.431,2.1667,1.5,1.8793,0.977,4.931,1.6264,0.7356,2.5345,2.8563,2.5805,2.7184,0.9828,2.5862,3.7471,3.546,1.8851,0.6839,4.7874,3.2874,2.1667,1.8621,1.1379,1.2241,1.2931,3.454,1.5575,1.2989,2.046,2.1264,1.7701,1.6264,0.8966,1.7414,2.4253,2.4023,1.6782,1.0402,2.9023,2.2184,1.7356,-0.2931,1.1264,2.3851,1.9483,1.9598,0.523,0.2586,2.3161,1.6724,0.9483,0.5115,0.4483,0.8908,1.8563,1.6839,0.431,0.4598,2.6149,0.9023,-0.4138,1.9655,0.9138,0.7529,0.6782,4.1667,1.3103,1.1609,2.2644,1.9253,1.908,1.9253,0.4138,2.1782,3.023,2.7011,1.1724,0.7011,4.1149,2.6322,1.5747,2.3506,2.7874,2.6494,1.431,6.2529,1.9138,0.546,3.3506,4.3046,3.3333,3.1667,1.4023,3.1207,4.4655,3.7989,2.2011,1.6034,7.0977,5.4138,2.7586,2.2011,4.6897,4.8506,5.908,5.3448,3.9943,2.977,6.4655,3.6034,1.8908,1.2471,2.5402,1.069,2.0805,6.3276,2.4885,1.2816,7.4713,2.569,0.4713,0.4253,1.7126,2.5,2.1437,2.7356,1.2759,0.5287,2.2011,1.592,1.3448,1.0172,0.8218,1.2816,1.7644,2.4885,0.7931,0.0115,3.2414,1.4023,0.6839,0.6494,0.1897,1.1437,0.8161,1.977,0.3333,-0.2759,0.9713,0.4655,1.1954,1.5747,-0.5,1.0172,1.4483,1.2586,0.2759,-0.4828,2.5115,0.8448,0.5517,2.9943,5.092,6.1897,5.3046,10.2356,4.0287,2.6667,6.8793,6.3908,5.0575,2.9598,3.4885,3.431,6.3161,6.8333,3.6207,1.9368,10.9253,6.977,3.2874,1.8161,2.2701,2.8333,2.1954,6.5287,1.6782,0.9655,4.5,4.069,3.3563,2.5977,1.0805,2.9943,3.3736,3.546,2.2011,1.431,7.0057,4.5747,2.1149,2.0805,0.7414,0.6437,0,3.5575,0.9943,0.0747,1.4885,1.1149,1.7069,2.0057,0.1264,1.8276,2.3736,2.1034,1.5402,0.6092,2.9483,2.2356,1.7471
1-212.txt_101,0.1463,0.2134,0.5579,0.8506,1.0457,0.0549,0.1311,0.9451,0.5518,0.9055,0.8567,-0.0945,0.4146,1.1189,0.8567,0.1707,0.4116,1.7409,0.7256,0.6159,0.6433,0.7622,0.5976,1.064,1.5274,0.3841,0.9299,1.4116,1.122,1.4085,1.1616,0.3811,0.7043,1.4177,1.5366,0.3811,0.2378,1.6951,0.8994,0.997,0.4299,0.3811,0.2805,0.4268,1.1677,-0.0579,0.1738,0.8232,0.4085,1.1585,1.0549,0.1616,0.561,0.9848,0.878,-0.0854,0.0671,0.7988,0.375,0.8689,0.7713,0.7591,0.3171,0.8232,1.6646,0.2165,0.5152,1.311,0.753,1.439,1.2835,0.625,0.7744,1.5884,1.4848,0.1921,0.125,1.5762,0.7866,1.1159,0.6829,1.686,0.6128,1.1433,3.4268,0.5305,0.4421,3.1951,1.6921,2.9451,2.8628,0.5,1.8689,3.3994,2.6646,-0.0213,0.7591,4.7805,2.4146,2.2439,0.4085,0.564,0.5884,1.2134,0.3415,0.3171,0.9146,0.7012,0.6524,0.3689,0.0945,0.5152,-0.0976,0.372,1.0671,0.4207,0.0732,0.2195,0.1067,0.3018,0.4299,0.4116,0.5793,1.2012,0.5396,0.1768,0.8323,0.6159,0.6128,0.4665,0.1494,0.4268,-0.0305,0.6982,0.9421,0.4909,0.0549,0.2866,0.2226,0.311,0.9543,1.2591,0.8445,1.4848,3.4878,0.4848,0.6372,2.9909,1.439,2.6982,2.4451,0.6189,1.5091,2.939,2.6585,0.4146,0.8659,4.189,1.875,2.0427,0.6738,0.7927,0.3994,1.1829,1.5122,0.5305,0.7165,1.5396,0.8171,1.5427,1.564,0.3933,0.9207,1.378,1.6951,0.2378,0.2988,1.5701,0.7896,1.0976,0.747,1.4512,0.7195,0.7165,3.1646,0.7073,0.1341,2.7348,1.5061,2.439,2.3354,0.753,1.747,2.7774,2.4055,0.3262,0.753,3.7805,1.9695,1.747,0.7317,1.3963,0.6524,0.561,2.6616,0.6433,0.1402,2.6037,1.3628,2.1372,2.003,0.7805,1.4604,2.2988,2.1982,0.3171,0.6494,3.1189,1.6037,1.5549,0.5579,0.4512,0.7744,1.2043,0.5183,0.2439,0.872,0.9207,0.9756,0.6006,0.3415,0.1707,0.1098,0.5274,0.9085,0.5427,0.1402,0.5518,0.125,0.3659,0.4177,1.0549,0.5183,0.5091,1.6951,0.6341,0.3567,1.6616,1.0671,1.2835,1.1799,0.6738,0.8445,1.4665,1.439,0.1585,0.4299,2.0732,1.1341,0.8994,0.8872,1.5122,0.7043,0.8354,3.2652,0.7165,0.372,2.9085,1.2561,2.689,2.6098,0.8963,2.0061,2.6189,2.4482,0.2713,0.8049,3.7835,1.8201,1.9726,1.1037,1.4665,1.1433,2.125,2.8872,0.7165,1.0244,2.814,1.6646,2.4451,1.9543,0.7287,1.3598,2.5488,2.7835,0.7195,0.9085,3.3262,1.4421,1.9299,0.061,-0.1189,-0.0701,0.2927,0.6768,-0.247,0,0.3079,0.0457,0.7012,0.6768,-0.2439,0.3201,0.5244,0.3902,-0.0549,0.1829,0.4848,0.1037,0.5701,0.4146,0.1799,-0.0701,0.0091,1.3659,-0.1159,-0.1555,0.6646,0.2409,1.2378,1.0732,-0.1494,0.6433,1.0701,0.6494,0.0884,0.2713,1.003,0.5244,0.997,1.2134,2.1037,1.0457,1.4787,3.7896,1,0.8201,3.9787,1.7195,3.3689,3.1616,1.4512,2.314,3.4726,3.2012,0.375,0.9207,4.7287,2.4299,2.378,0.6067,0.9726,0.6098,0.8232,1.7835,0.5335,0.4939,1.8963,0.753,1.5823,1.5854,0.6067,1.1768,1.4848,1.5915,0.1646,0.4116,2.3537,1.0518,1.0976,0.4817,1.1555,0.5976,0.5945,2.3506,0.5518,0.1616,2.0122,1.189,1.7591,1.6555,0.5366,1.2866,2.1189,1.7866,0.2744,0.6677,3.0518,1.5823,1.2348
1-212.txt_103,0.4706,0.4216,-0.1029,0.1618,0.8873,0.2353,0.0294,1.0294,0,1,1.0539,0.2402,0.7402,0.5882,0.7108,-0.0343,-0.0931,0.9167,-0.098,0.8824,0.5343,1.9216,1.3235,1.7157,2.4461,1.3922,1.4804,2.1225,1.8971,1.9265,1.3922,0.9559,1.3039,2.4167,2.2402,0.2255,0.1716,3.3971,1.8922,1.3676,0.6667,1.3235,0.2794,0.6618,1.4216,0.6961,0.5343,1.6176,0.8873,1.3186,0.6863,0.9363,0.6961,1.2402,1.6225,0.2059,-0.3284,1.848,0.8676,0.9069,0.7843,1.4853,0.3824,0.8873,2.1765,0.7304,0.5049,1.8578,0.7647,1.9412,1.5539,0.8676,1.1569,1.7892,2.5441,0.3627,-0.2549,2.5294,1.0441,1.3922,1.2206,2.3627,0.8824,1.4902,4.2157,1.451,1.2549,2.9461,2.1961,3.6225,3.5147,0.5931,2.8333,3.6225,3.1863,0.5539,0.7843,5.0588,2.3088,2.7549,0.4608,1.0931,0.3578,0.8676,1.3775,0.7353,0.7941,1.4951,1.0686,1.2892,0.9902,0.5539,0.8431,1.7745,1.4853,-0.0196,-0.1373,2.3725,1.451,0.9216,0.8676,0.9118,0.2794,0.7892,1.3333,0.6078,0.6275,1.8529,0.6667,1.1667,0.9118,0.5147,0.6569,1.2108,1.8824,0.3431,-0.2402,1.8775,0.7647,0.8284,0.8922,2.0588,1.3725,2.1373,3.0196,1.4853,1.3088,2.6078,1.652,2.4167,1.9608,1.1569,1.6765,2.4608,2.6667,0.2549,0.0882,3.5294,1.1814,1.7402,0.4363,1.6618,1.0539,1.1471,2.5882,1.0245,0.799,1.7108,1.9412,2.402,1.6176,0.4706,1.4706,2.9853,1.9167,0.0784,0.2843,3.6716,2.451,1.6324,0.6127,1.9951,1.0637,1.3186,3.549,1.1863,1.1716,2.3775,2.2304,2.7108,2.3775,0.6275,2.0784,2.9461,2.6127,0.5441,0.6618,4.2745,2.0931,1.9265,0.3431,1.7745,1.1471,1.0637,2.902,1.0833,1.1471,2.0245,2.1569,1.9951,1.6618,0.4902,1.5686,2.6225,1.902,0.3235,0.6225,3.7304,2.1716,1.3873,0.1127,0.8137,0.5931,1.1667,0.8333,0.7059,0.8971,1.0343,0.6275,0.6225,0.2941,0.4902,0.2745,0.8431,1.0147,-0.0735,-0.0539,1.2206,0.5392,0.598,0.3088,1.5147,0.8725,0.9069,2.3725,0.9216,1.0637,1.6078,1.7402,1.8039,1.4804,0.5441,1.3578,2.2353,1.652,0.1765,0.4167,3.1373,1.8235,1.2941,0.6618,2.1373,2,1.5784,4.1324,1.1667,1.098,2.4657,2.8578,3.0098,2.2549,0.3775,2.152,3.6765,2.5784,0.6176,1.0098,4.9314,2.9902,2.1765,0.7304,2.6029,1.0539,1.8235,2.8627,1.7647,1.2598,3.3627,2.1618,2.3676,1.951,1.5294,1.7941,2.7745,2.5833,0.2745,-0.2255,4.3186,2.1127,1.549,0.6373,0.1373,-0.4412,-0.1078,0.4608,0.0588,-0.1324,1.1078,-0.0882,0.402,0.4216,0.0343,0.2745,0.3284,0.5882,0.0294,-0.451,0.5931,-0.0196,0.2843,0.5686,0.1471,-0.4118,-0.3529,0.6471,-0.0196,-0.2255,0.5343,-0.0196,0.6225,0.5441,-0.049,0.4265,0.3824,0.4461,-0.0196,-0.2353,0.5784,-0.0539,0.6765,0.9657,2.9804,2.1422,2.3873,5.3235,1.7206,1.5735,3.5441,3.7402,4.2059,3.402,0.652,3.0147,5.2745,3.8137,0.4559,0.8775,6.9461,4.152,3.0392,0.3676,1.2696,1.3284,1.0735,3.0392,0.549,0.4755,1.4363,2.2157,2.2696,1.5539,-0.1814,1.4951,3.0784,1.5588,0.1471,0.8284,3.7108,2.5833,1.6863,0.5392,1.3529,0.6422,0.7843,2.4706,0.7941,0.7745,1.6961,1.3971,1.9706,1.8333,0.3627,1.6078,1.902,1.9412,0.4657,0.6667,3,1.2157,1.4804
1-212.txt_105,-0.0888,0.6331,0.6331,0.5266,-0.2249,0.7929,0.7751,0.3254,0.8225,-0.0237,-0.0592,0.7278,0.1243,0.2663,0.9349,0.3254,0.1479,0.929,0.6686,0.0118,0.2781,1.4379,1.1834,1.5917,1.568,1.1893,1.213,1.1006,1.9527,2.0296,1.8639,0.9408,1.3609,2.2899,1.7278,0.2308,0.4793,2.929,1.9586,1.426,0.5444,1.4024,1.0888,1.2367,1.3077,0.9645,1.0592,1.0414,1.5976,1.0178,0.8994,0.9172,0.645,1.5799,1.4379,0.3728,0.3964,1.9527,1.3905,0.6923,1.2071,1.3314,0.7515,1.0178,2.4734,0.9112,0.9349,1.3787,1.5917,1.4675,1.4379,0.6805,0.8698,1.7278,1.4675,0.2899,0.3077,2.3432,1.5858,1.1302,0.7515,1.6686,1.4675,2,1.4852,1.5799,1.8402,1.6213,2.0296,1.0414,0.7929,1.2544,0.716,1.2071,2.497,0.7751,0.7041,2.4911,1.2485,0.8343,0.3905,1.0828,0.7811,0.9231,1.4615,0.7751,0.716,0.9882,1.3669,1.5325,1.5148,0.6272,1.0355,1.7574,1.1716,0.142,0.432,2.2722,1.4615,1.1065,0.5976,1.0473,0.574,0.6686,1.9467,0.6864,0.5444,1,1.2722,1.6509,1.7337,0.5207,1.1065,1.7515,1.071,0.0533,0.2367,2.2604,1.4911,1.1834,0.1834,1.6036,1.6686,1.8047,0.2485,1.4793,1.7811,0.7574,2.0769,0.432,0.1834,1.4615,0.2781,1.3373,2.5799,0.4438,0.5089,1.8639,1.5917,0.3609,0.6095,1.858,1.497,1.7811,2.1479,1.3136,1.3136,2.1065,2.3491,1.9467,1.8107,1.0651,1.2959,2.6036,1.9467,0.355,0.3787,3.497,2.1893,1.3136,0.0888,1.9645,1.0178,1.0769,1.4615,1.3432,1.142,1.0533,2.0178,2.3491,2.3609,1.3373,1.8284,2.1243,1.5858,-0.0947,0.2544,3.2485,1.8521,1.6864,-0.0888,1.6331,1.0178,1.1657,1.2959,1.213,1.0178,1,1.9822,2.2604,2.2959,1.0237,1.8047,2.1834,1.3491,-0.0533,0.2899,3.2781,1.8402,1.5385,0.213,0.8757,0.6923,0.9527,1.2308,0.6805,0.6509,0.7219,1.2426,1.4793,1.3728,0.5325,0.9527,1.6509,1.1243,0.1065,0.3077,1.9882,1.3905,1.0355,-0.1243,1.2544,0.7041,0.7751,0.9408,0.858,0.7101,0.574,1.426,1.6982,1.7219,0.8343,1.3373,1.7337,0.9822,-0.1183,0.2426,2.3846,1.432,1.1716,0.2308,1.8639,1.3373,1.6686,2.3905,1.2249,1.0888,2.1302,2.4201,2.0533,1.9231,0.8876,1.4201,2.5385,1.6627,-0.0769,0.0651,3.7929,2.2544,1.3314,0.4024,2.0473,1.1775,1.1183,1.5858,1.4615,1.3669,0.6627,2.0592,2.3905,2.4852,1.6095,1.7929,2.6036,1.929,0.1775,0.9586,3.284,2.2249,1.858,0.2367,0.2426,0.5207,0.4615,0.3136,0.3136,0.3787,0.426,0.4615,-0.1124,-0.2781,0.1953,-0.1834,0.1065,0.5858,0.3905,0.3787,0.3787,0.3254,-0.0355,0.4793,0.8166,0.7515,0.6805,0.5621,0.7041,0.7751,0.7101,0.6331,0.1538,0.1361,0.787,0.1834,0.1183,0.645,0.7751,0.568,0.645,0.1716,0.1538,0.6391,2.6568,2.1953,2.6568,2.8047,1.9882,2.0533,2.6509,3.3728,2.9704,2.6213,1.6213,1.9704,3.4734,3.0592,0.355,0.9586,4.9941,3.0059,2.213,0.3254,1.5621,1.2959,1.6036,1.8817,0.9882,0.9408,2.5503,2.0592,1.6391,1.4793,0.7101,1.0769,2.284,1.4675,0.0473,0.0237,3.3491,1.8462,1.0592,-0.0118,1.6686,0.8107,0.7219,0.7574,1.1598,0.9882,0.6923,1.4852,1.6036,1.6982,1.3432,1.3669,1.432,1.2959,0,0.1716,2.3195,1.2959,1.1657
1-212.txt_107,1.014,1.4288,0.4704,0.929,3.2891,0.9937,0.9095,2.0482,1.0246,1.3924,1.399,1.2622,1.3531,1.0007,1.9055,0.491,0.6502,1.9985,0.7076,0.9452,0.9445,1.6723,1.5686,2.1254,4.3104,1.2909,1.174,3.1681,2.3376,1.6958,2.1394,0.8463,2.317,2.5171,2.2266,0.6841,0.7499,3.9088,2.1173,1.0305,0.1015,1.1541,0.6576,0.6907,2.0717,0.6282,0.1688,2.2821,0.861,0.9735,1.2166,0.6109,1.2424,1.737,1.4505,-0.0515,-0.2799,2.285,1.694,0.4178,0.7863,2.2935,1.9831,1.9397,3.3858,1.5167,1.1887,3.363,2.057,1.4229,1.7017,1.1449,1.8735,2.4564,3.0702,0.3943,0.4413,3.548,1.9128,0.6977,2.8919,4.0368,1.5252,3.3284,7.3078,2.9647,2.6587,5.3946,4.4038,4.6984,4.8124,2.2438,4.146,3.6506,5.5245,1.5491,1.4259,6.9154,2.5748,3.6727,1.1188,1.5182,0.9908,1.1089,3.1456,1.0603,0.8338,2.3902,1.3648,1.6223,1.7797,0.8051,1.9754,1.6558,1.9128,0.7437,0.4877,2.5954,1.5392,1.171,0.8724,1.5668,1.5105,1.4641,2.6712,0.9982,0.8915,2.4241,1.1681,1.2847,1.6407,0.9404,1.84,1.6451,2.2902,0.3262,0.5156,2.1909,1.4395,0.6778,1.6657,3.9897,1.6315,2.5057,5.644,2.452,2.1298,4.3498,3.3299,2.744,3.1203,2.9584,3.0434,2.9401,3.9834,1.2847,1.3031,5.2828,2.4009,2.0265,1.8183,2.4358,1.0614,2.0581,4.4671,1.5031,1.4001,3.7201,2.4454,2.399,2.8003,0.9691,2.872,2.1482,3.2376,1.5723,0.719,4.4001,1.6844,1.683,1.6896,1.5907,0.9327,2.3453,3.897,1.6017,1.9684,2.3777,2.7282,2.63,2.9489,1.1997,2.3612,2.1243,2.7779,1.1813,0.9496,3.8316,0.8378,2.167,1.5873,2.1236,1.3189,2.9963,4.1655,2.0051,2.367,3.3472,2.6245,2.0875,2.4969,1.6054,2.3045,1.8636,3.1843,1.6094,1.1085,3.9989,0.9673,1.5723,0.5142,0.9581,0.9371,0.6399,3.1416,0.6973,0.1835,2.0758,1.0268,1.242,1.7389,0.5108,1.9823,2.1008,1.1607,0.1118,0.4608,2.3759,1.6322,0.6944,1.5517,1.9581,1.2718,2.7308,4.1541,1.8967,2.3979,3.1056,2.4686,2.1563,2.3122,1.7047,2.2736,1.4494,3.2501,1.6414,1.2144,3.609,0.665,1.8433,2.0519,1.8775,0.7786,2.3266,3.658,1.6285,2.0699,2.8919,2.6653,2.199,2.5359,1.3122,2.0313,1.4248,3.117,2.1574,1.0758,3.6087,0.3987,1.5388,2.1033,2.4932,2.7977,3.6304,4.5701,2.441,2.619,4.7135,3.4884,1.6414,2.1431,1.4649,2.523,1.7117,4.6925,1.7304,1.3343,4.0577,1.3446,1.7635,0.3854,1.1714,0.6543,0.7271,2.3391,0.4572,0.235,1.5458,0.687,0.7878,0.9834,0.5197,1.1795,1.036,1.6826,0.1291,0.0971,1.5623,0.6039,0.52,0.5807,0.7142,0.1982,1.0769,1.4505,0.2847,0.4277,1.0765,0.5234,0.5182,0.6513,0.3255,0.6914,0.594,1.7613,0.1982,-0.0835,1.27,0.4803,0.3053,2.9441,3.1784,1.3729,3.0136,6.993,2.6021,2.4858,4.8117,4.5017,4.7734,4.6241,1.8099,3.9662,3.6083,4.2986,1.9014,1.2505,7.5145,2.8661,3.6021,1.7598,0.9886,0.1979,1.5587,3.5815,1.0544,1.3858,1.8577,2.1048,1.7959,1.9665,0.3534,1.8536,1.1512,1.8408,1.8739,0.6675,2.6569,0.3442,1.2567,1.1217,1.0272,0.2961,1.6146,2.676,1.3553,1.5211,1.3983,1.7209,1.9143,2.0739,0.9526,1.7503,1.3461,1.9242,0.7275,0.5314,2.9496,0.5995,1.7455
1-212.txt_109,0.2965,0.4573,0.3869,0.8643,1.2714,0.397,0.3568,0.7839,0.6734,0.9598,1,0.0452,0.6533,1.2161,1.1357,0.2663,0.4673,1.4372,0.8442,0.7789,0.0101,0.3417,1.0955,1.1407,0.5779,0.201,0.3618,1.3769,1.1156,1.0302,0.8945,0.4774,0.598,1.0352,1.0352,-0.0503,0.2563,0.9849,0.608,0.4472,0.799,0.8342,0.4573,1.1759,0.9146,0.6131,0.6734,1.397,0.7286,0.9045,0.809,0.7286,0.6281,0.1256,1.2513,0.2211,0.1055,0.1055,-0.1307,0.6382,0.8744,1.1859,0.7186,1.598,1.809,0.6683,0.9447,2.2965,1.4372,2.0603,2.0905,0.7588,1.4372,1.809,2,0.2864,0.0553,1.7688,1.1759,1.407,0.995,0.7688,0.407,1.9296,4.407,0.6884,0.7889,2.5879,1.4623,2.9095,2.6884,0.5829,1.9598,3.0302,3.2261,0.2864,0.0603,4.0754,1.3166,2.4874,0.0704,0.4774,1.5377,1.8141,0,0.6131,0.6985,1.1457,0.7739,0.2211,0.2764,0.4724,0.1156,0.1206,0.5528,0.1106,-0.0402,0.1005,-0.1206,-0.1407,0.0352,0.9347,1.392,1.5075,0.191,0.407,0.4975,1.6281,0.9548,0.5427,0.6633,0.5578,0.3317,0.7688,0.6683,0.1608,0.0653,0.7387,0.5477,0.1005,1.0754,1.3015,1.3618,2.4523,3.0201,1.1307,1.2915,2.8492,2.0553,2.4874,2.2814,0.9497,1.8241,2.206,3.196,0.804,0.6633,2.5829,1.1508,1.8291,0.6181,0.8693,1.2362,1.6432,1.7437,0.7789,0.8291,2.0804,1.5126,1.4824,1.4573,0.8191,1.0302,1.4171,1.8342,0.4824,0.5075,1.9548,1.1608,1.0402,1.0251,1.0151,0.1608,1.4322,3.0251,0.3769,0.6985,2.0704,1.4171,3.1206,2.8794,0.201,2.1709,3.5126,3.2513,0.3819,0.206,3.7186,1.5528,2.5528,0.9497,0.8995,0.4673,1.2261,2.7789,0.4824,0.6332,2.1608,1.4322,2.6281,2.3769,0.3719,1.9246,2.9698,2.7688,0.392,0.1558,3.4774,1.3719,2.0754,0.0251,0.5075,1.1608,0.9648,0.1055,0.3166,0.3568,1.0754,0.9849,0.4724,0.598,0.5779,0.3216,0.7035,0.5226,0.0553,-0.2663,0.6332,0.5729,-0.005,0.7889,0.6382,0.3618,1.0553,1.9246,0.4121,0.5226,1.6231,1.0201,1.9698,1.8492,0.2764,1.407,2.1256,2.1106,0.4121,0.196,2.3719,0.9146,1.5377,1.2513,1.0754,0.5678,1.2814,3.3769,0.8643,0.7889,2.5327,1.5427,2.9146,2.5276,0.7085,2.0754,2.7085,3.1558,0.6281,0.7236,3.593,1.2261,2.5075,1.0352,1.4623,1.5477,3.0704,2.8844,1.0804,1.3317,3.2864,2.1759,2.6935,2.5075,0.995,1.7638,2.8844,3.4573,0.7387,0.5377,3.3216,1.6382,1.9347,0.1256,0.1307,0.3417,0.8492,0.8442,0.3618,0.3568,0.397,0.5829,0.3116,0.3015,0.1156,0.1809,0.3317,0.5025,0.1859,0.0955,0.3467,0.3367,0.2412,0.2362,0.1809,-0.4673,0.2764,0.5829,0.3116,0.3518,-0.0653,0.0603,0.7588,0.6734,-0.206,0.4673,0.5678,0.6533,0.0452,0.2513,0.3668,0.1156,0.7085,1.2412,1.1106,1.3417,2.5578,3.3367,1.0603,1.4171,3.2965,1.8844,3.0704,2.598,1.2211,2.0704,3.0251,3.5879,0.5176,0.8342,3.7136,1.2211,2.4724,0.6332,0.5327,0.5578,0.6131,1.804,0.7739,0.4824,1.402,1.0503,1.3216,1.201,0.6382,0.995,1.2714,1.598,0.3166,0.3618,2.2111,0.8643,1.1457,0.8241,0.7136,-0.191,0.8442,2.2965,0.1407,0.407,1.4271,0.9899,2.4925,2.3116,-0.0905,1.6231,2.9347,2.598,0.3116,0.206,3.2915,1.4121,2.0754
1-212.txt_111,2.1462,1.6608,1.462,1.848,3.8596,1.3099,0.8012,3.2982,2.3626,1.8246,1.9415,0.8304,2.1287,1.924,2.5906,0.7778,0.5088,3.9942,1.8129,1.5205,0.731,2.3918,3.117,3.5146,4.1462,2.0175,2.1111,3.8304,2.8187,0.6959,0.0351,1.6257,1.2164,1.5322,4.1404,0.7018,0.6082,5.1696,1.5029,0.2222,1.1404,2.4503,3.3684,3.5848,3.5029,2.1988,2.614,4.3099,2.9649,2.0468,0.6959,1.8421,2.1345,2.3684,3.7778,0.7836,0.1637,4.9181,2.1871,0.5673,1.3158,2.7251,4.9825,5.1696,4.0409,2.7544,3.5263,4.2164,3.4854,0.2047,-0.386,2.7778,0.8538,1.9649,5.3977,1.4094,0.193,5.4035,2.1462,-0.345,4.3567,3.8655,3.3801,3.0994,11.7135,3.0936,1.9357,7.2573,4.269,6.0526,5.6901,1.2105,5.3158,4.6725,7.1462,2.5146,1.7719,9.9357,5.0702,4.7719,0.8655,1.4094,2.7251,2.848,2.5263,2.0409,2.1813,2.3509,1.4795,0.5439,0.0117,1.1462,0.614,0.9825,3.1871,0.5088,0.3743,3.0175,0.4327,0.2281,0.0175,1.3567,3.1462,3.4561,1.0994,1.6959,2.5673,1.9474,1.4737,-0.3743,-0.6491,2.0292,-0.2398,1.0526,2.8889,-0.1053,-0.4912,2.8246,0.076,-0.7836,2.2281,3.8947,3.4035,3.9825,6.6725,2.6842,2.1637,6.2982,4.0994,2.9942,2.0702,2.3392,3.3216,3.2515,5.4737,1.5439,1.3509,7.3041,2.9825,2.4795,1.6316,2.269,2.5439,2.117,4.3509,1.4561,0.731,4.152,4.2105,2.5322,1.6842,1.1696,2.7135,2.5322,4.0351,0.9474,1.0643,6.3333,3.2164,1.5906,2.8129,1.3684,1.2982,0.8363,4.8421,0.4795,-0.5965,2.5146,1.269,3.1287,4.0117,0.0058,3.1754,3.7836,2.9006,1.345,0.8889,4.7544,2.5906,3.3216,2.6784,1.2515,0.7719,0.7076,4.8246,0.4444,-0.0994,2.731,0.9006,2.924,3.7836,-0.1813,2.8538,2.7719,2.1345,1.7485,1.0468,3.4152,1.883,2.8012,0.117,0.7427,1.6374,2.3626,1.1228,0.6316,1.2105,2.5673,1.3567,0.0058,-0.7018,0.9942,0.076,1.3041,1.4795,-0.3626,0.0936,3.0819,1.2456,-0.4737,2.5146,1.6901,1.3684,1.3275,4.9708,1.0877,0.6199,3.2632,1.0643,2.614,2.5731,0.6374,2.4269,2.1988,3.462,1.5029,0.9825,4.269,1.7251,2.076,2.4211,2.9474,2.0234,1.0526,6.2982,1.117,-0.5322,3.2105,3.076,3.8187,4.5263,0.5848,4.1287,4.2515,3.4737,2.3801,2.0409,6.7193,4.1813,2.9474,2.9766,4.2456,5.1111,6.7251,6.0175,3.7719,4.5322,6.2982,3.4035,1.4386,1.1111,3.1228,2.8246,2.386,7.848,2.5029,1.3743,8.0058,2.1754,0.8538,1.0643,1.1053,1.8012,1.9591,2.2105,0.8713,0.807,1.9708,1.2398,1.0702,0.9766,0.8772,1.2281,0.6257,2.6959,0.4327,0.1053,2.6316,0.7368,0.6374,0.6784,0.0526,0.8421,0.6725,2.4269,0.2164,0.193,0.9708,0.4444,0.7661,1.269,0.3158,1.269,1.3743,1.7135,0.1637,-0.1813,1.8012,0.7836,0.9649,4.0351,6.0117,5.0117,5.2047,9.4854,3.6901,2.193,7.2632,6.2865,5.3626,4.0409,2.6901,4.924,6.8947,7.0585,3.0585,2.0234,11.7076,6.7251,3.9766,2.3275,1.807,2.2281,1.1111,4.9181,0.6842,-0.3626,4.0058,3.2047,3.3743,3.0643,0.2339,3.2456,4.0936,2.9064,1.7661,1.5439,6.6257,4.7193,2.5848,2.4503,0.7953,0.731,0.5497,4.1287,0.269,-0.6901,1.8363,0.655,1.7602,2.807,-0.076,2.1696,2.7018,2.117,1.5731,0.3684,3.6374,2.4035,2.1462
1-212.txt_113,0.8132,0.9805,-0.0506,0.3852,1.4125,0.428,0.4903,0.9455,0.4708,0.9027,1.0233,0.786,0.7704,0.6148,1.1946,0.1984,0.4864,1.2996,0.5681,0.2646,0.5409,1.8405,1.642,1.8872,3.3385,1.572,1.6459,1.9105,2.4047,1.9767,1.7977,0.9533,2.1946,2.3969,2.0739,0.5798,0.214,4.0778,1.9416,1.1946,-0.0272,1.1751,0.7237,0.7354,1.7782,0.786,0.5486,1.5681,1.0778,1.2724,1.0117,0.8794,1.1167,1.7276,2.0506,-0.284,-0.572,2.2451,1.6342,0.5175,0.4786,2.2218,1.6693,2.5837,2.9455,1.5214,1.7198,2.716,2.0623,1.8755,1.5175,1.6965,1.7237,2.2724,3.3619,0.2918,0.3852,3.3541,2.1323,1.0623,1.3735,3.5603,1.6693,3.4864,3.9805,2.4008,2.572,3.4747,3.4163,3.6148,3.035,2.5409,2.428,2.9027,4.0117,1.2996,1.3852,5.1829,2.6576,2.3113,0.7393,1.4591,1.0311,1.0584,2.5914,1.0506,0.9922,1.9689,1.4825,1.7549,1.3346,0.6693,1.7938,1.7354,2.0545,0.4086,-0.0078,2.5992,1.2218,1.0778,0.393,1.6381,1.4202,1.5953,2.1751,1.0973,1.0739,2.2257,1.4514,1.7393,1.4319,0.7899,1.6576,1.8677,2.0428,0.144,0.284,2.3969,1.751,0.786,0.6459,2.8171,0.4514,1.4669,3.3541,1.5486,1.3191,2.3385,2.3774,2.5253,2.5136,1.6615,2.249,2.9261,2.8288,0.3696,0.3191,4.1167,2.6381,1.5759,1.0389,2.4086,1.0233,2.0584,3.3969,1.6148,1.5486,2.5642,2.7121,2.428,2.2101,1.3852,2.5603,2.7588,2.4669,1.0233,0.1401,4.7588,2.0856,1.7198,1.3424,1.5953,1.3385,2.8794,3.5214,1.6459,1.965,2.1634,2.6381,2.393,2.4397,1.4086,1.7938,2.5253,2.4358,1.4864,0.9105,4.6693,1.9533,1.7393,1.0506,1.5019,1.0195,2.3424,3.4825,1.2374,1.4903,2.1089,2.1868,2.2646,2.3735,1.0661,1.8872,2.3307,1.8716,1.3035,0.7626,4.0117,1.7471,1.537,0.0661,1.2412,1.4397,1.2412,2.4903,1.1284,0.9066,1.2724,1.6498,1.3035,1.0623,0.7821,1.5136,1.7626,1.1984,0.1634,0.2607,2.2257,1.249,0.6304,0.9183,1.6148,1.1167,2.1362,3.0233,1.4358,1.7821,2.1673,1.9611,1.8132,1.6459,1.3541,1.4397,1.5875,1.8949,1.1051,0.6226,3.8677,1.2918,1.3735,1.6031,1.6887,1.4825,2.5214,3.4864,1.6887,1.6732,2.2179,2.821,2.4747,2.751,1.0117,1.6809,2.1634,2.0584,1.4981,0.9805,4.2062,1.5058,2.0661,1.4864,2.4591,2.4397,3.284,2.9455,2.1673,2.965,3.2918,3.5681,1.4553,1.4786,1.6615,1.9844,2.2763,3.9066,1.1012,0.8833,3.8016,1.9105,1.0233,0.4125,1.1907,0.5564,0.8833,1.3346,0.2568,0.4241,0.9533,0.6809,0.214,0.1245,0.5798,0.3891,0.4669,1.8366,0.0584,-0.2257,1.1751,0.2451,0.0545,0.3619,0.572,0.1245,0.5447,0.7549,0.3696,0.4747,0.1634,0.6693,0.5914,0.3113,0.4319,0.2724,0.9105,1.4514,-0.1089,0.0233,1.8677,1.1128,0.4475,1.9883,2.6265,2.1401,3.5175,5.3541,2.6926,2.3774,4.0739,4.4475,4.5992,3.9027,1.4436,3.4047,3.965,3.6498,1.5214,1.07,7.1712,3.4475,3.214,1.3074,1.144,1.3152,2.1751,2.821,1.537,1.4086,1.9105,2.9027,2.284,2.2179,0.7821,1.7977,1.9066,1.5564,1.5214,0.7237,3.5992,1.2724,1.8872,0.8327,0.9144,0.6732,1.6342,2.7665,0.8833,1.284,1.4553,1.1206,1.9572,1.7899,0.9533,1.428,1.3658,1.5759,1.1245,1.0428,2.8988,0.9144,1.4125
1-212.txt_115,-0.0252,0.566,0.6667,0.6792,0.1698,0.3774,0.4591,0.4969,0.761,-0.0503,-0.044,0.4969,0.0063,0.6038,0.3711,0.4025,0.1258,0.805,0.5975,-0.2201,0.8113,1.1447,0.8616,0.9308,1.5786,0.6541,0.7862,1.3459,1.6415,1.8428,1.7233,0.8239,1.1509,2.1258,1.5723,0.5094,0.5283,2.7862,1.7421,1.3522,0.3962,0.761,0.805,0.805,1.3711,0.3459,0.4717,1.327,0.9811,0.9182,0.8176,0.5912,0.5283,1.1006,1.4277,0.3145,0.6038,1.8553,0.7358,0.7233,0.4654,0.9811,0.7799,0.7358,1.7484,0.3459,0.4969,1.283,1.1572,1.4717,1.3333,0.8742,0.8553,1.3082,2.4025,0.1635,0.6164,2.2138,0.9119,1.2264,0.9308,1.6289,0.7547,1.7862,1.6289,1.2642,1.7799,0.6101,1.7862,1.5472,1.4151,1.3899,1.0063,1.6604,2.3899,0.3522,0.2453,2.3522,1.2956,1.1509,0.4151,0.6038,0.7547,0.6164,1.1887,0.2516,0.3522,1.2642,0.9057,1.1195,1.0629,0.4591,0.7107,1.1635,1.1509,0.478,0.3899,1.7044,0.761,0.7736,0.4088,0.8113,0.956,0.7107,1.3082,0.2453,0.3962,1.3522,1.1006,1.3333,1.2516,0.6478,0.7799,1.327,1.5912,0.4025,0.5472,1.9748,0.8994,0.9686,0.3585,1.1887,1.5409,1.6289,0.9937,1.0126,1.0063,2.283,1.4591,0.0881,-0.1195,0.7547,0.0189,0.8239,1.4403,0.6667,0.4591,1.9119,0.6101,-0.0126,0.4403,1.5975,1.3522,1.7421,1.717,0.9371,1.3962,1.6855,1.8994,1.8805,1.6541,1.1635,1.1258,2.0629,2.1698,0.4214,0.6792,3.0377,1.4025,1.3396,-0.1761,1.9182,1.0252,1.478,1.2642,1.3962,1.5157,0.0755,2.2516,2.8679,2.8679,1.4465,2.0943,2.8491,1.8491,-0.2516,0.283,3.4277,2.4088,1.9748,-0.1572,1.5849,0.6415,0.9874,1.2327,1.283,1.1824,-0.1321,2.1258,3.0503,3.1132,1.0692,2.2579,3.0566,1.434,-0.3962,0.1132,3.4906,2.717,2.1132,0.522,0.6918,0.7862,0.7296,1.1069,0.3082,0.4528,1.1321,1.0881,1.4151,1.2642,0.5094,0.805,1.4465,1.239,0.4906,0.6226,1.9497,1.0881,1.044,-0.0629,1.1069,0.5094,0.6792,0.8994,0.9497,0.8113,-0.0252,1.3836,2.1447,2.1698,0.7736,1.6855,1.9686,1.0252,-0.1761,0.1698,2.3208,1.6792,1.5346,-0.0629,2.0252,1.1132,1.7358,1.6478,1.3648,1.6792,0.522,2.2516,2.9434,2.7736,1.3019,2,2.8428,1.9623,-0.2013,0.5597,3.5912,2.1447,2.0755,0.3836,1.6855,1.3711,1.6164,2.1761,0.956,1.195,1.6415,2.0377,1.8868,1.7547,1.3836,1.2327,2.1698,2.8616,0.4151,0.761,3.3711,1.6352,1.3459,0.044,0.1132,0.4591,0.3585,0.2453,-0.0377,0.0566,0.5723,0.239,-0.1384,-0.1321,0.1321,-0.1258,0.1698,0.478,0.2893,0.3899,0.4088,0.044,-0.1447,0.0126,0.327,0.1132,0.4591,0.4969,0.1572,0.3648,-0.3396,0.6981,0.6981,0.7296,0.3208,0.5283,1.2642,0.434,-0.0566,0.1258,1.1384,1.044,0.4151,0.4403,2.6289,1.8365,2.7484,2.4277,1.9119,2.4088,1.7673,3.2264,3.4151,3.1132,1.7673,2.2704,3.7358,3.0566,0.2579,0.7107,4.9874,2.7987,2.3836,-0.0692,1.6101,1.2013,2,0.9874,1.1006,1.7673,0.8931,1.8239,1.9434,1.6667,1.0818,1.1887,2.044,1.5472,0.1195,0.4591,2.6478,1.327,1.2893,-0.2327,1.478,0.9623,1.3459,0.7421,1.1006,1.2642,0.044,1.7421,1.9308,1.9057,1.1698,1.4465,2.0818,1.2264,-0.044,0.195,2.4277,1.7421,1.2453
1-212.txt_117,1.1734,1.0116,1.3699,1.5087,3.896,1.5896,0.9306,2.4624,1.6994,1.6936,1.6012,1.3873,1.763,1.422,1.9191,1.0289,0.5491,3.1618,1.0925,1.185,0.4277,1.422,2.8613,2.2254,4.1329,1.8613,1.4682,2.6012,2.0173,1.6474,0.6069,0.6127,1.3121,2.0173,3.0983,0.896,0.8035,5.2312,3.0173,0.9595,0.8844,1.948,2.9538,3.474,4.3237,2.3757,1.3526,4.1908,2.2254,3.1214,1.3353,1.0925,2.4855,2.8497,3.6879,1.2659,0.6936,5.578,3.237,1.3526,0.9306,2.7803,4.0809,4.5029,4.526,3.0058,2.5607,4.3006,2.8613,2.1214,0.526,1.9769,1.3353,1.9017,5.2948,1.5318,0.8902,4.8902,2.4682,1.1965,4.052,4.2081,3.5954,3.9364,9.7514,3.7572,2.5434,7.1908,5.2486,5.4046,4.6821,2.8266,3.6416,4.7861,7.3642,2.8786,2.3237,10.7514,6.052,3.6647,0.9249,1.5087,2.948,2.7052,3.9133,1.6821,1.9364,2.6994,1.7688,1.526,0.4451,1.0462,1.0347,1.5376,3.8035,0.8497,0.4971,3.4509,1.5376,0.8324,0.1387,1.1272,2.6012,2.6879,1.7283,1.9133,1.8902,1.9364,1.3699,1.3179,0.0058,1.2428,0.7977,1,2.8382,0.2832,-0.1965,2.8208,1.1561,0.341,1.5491,4.0058,3.9249,4.185,6.6301,3.4798,2.5665,5.8613,4.4162,2.9133,2.1618,2.7803,2.6994,2.9538,5.3353,2.2139,1.2312,6.9306,3.3699,1.8786,1.0694,1.341,3.0173,2.6936,5.7225,1.2254,0.7225,4.1561,4.0058,2.7457,1.3757,0.6936,2.237,3,4.422,2.0636,1.815,7.0925,4.896,1.9249,2.185,0.8671,1.6474,1.8902,5.7399,1.289,0.9538,2.474,2.7399,2.9711,2.6647,0.9653,2.0867,2.7919,4.341,1.8324,1.4798,4.7457,2.8266,1.8671,1.8439,0.4971,0.8382,0.8035,4.1908,0.6301,0.4855,2.7977,1.8844,1.7168,1.896,0.3988,1.3179,2.4162,2.9191,1.2832,1.1156,3.5665,2.3295,1.1272,0.2775,0.8266,1.8671,1.8439,2.3815,1.0867,1.0462,2.4277,1.3064,1.1965,-0.0058,0.711,0.8555,2.2832,2.2486,0.3179,0.4104,4.3468,2.5029,0.1734,1.9711,1.1272,1.3873,1.2312,5.052,0.7341,1.0983,2.5838,2.1965,1.2312,1.2486,1.4162,1.5838,1.7168,3.3121,1.0405,1.104,3.948,2.4913,0.8439,2.1272,2.0058,2.052,2.1561,5.7052,1.8613,1.0462,3.1561,3.6647,2.9133,2.8092,1.6705,2.4971,2.9306,3.5665,2.1272,2.0058,5.3353,4.3121,1.9653,2.6763,3.6821,4.1272,5.2312,6.1792,3.9884,3.4509,5.8208,3.578,2.8324,1.341,2.6243,2.3468,2.7919,5.711,2.8035,1.896,7.9133,3.3584,2.1503,1.1676,1.3815,2.1908,2.4393,3.2601,1.815,0.7283,2.8382,1.3931,1.6763,0.9249,1.0405,1.2197,0.8266,2.7977,0.9538,0.2023,3.5145,1.2428,1.0694,0.7861,0.7168,1.3237,1.0867,2.3006,1.3757,0.0809,1.6358,1.4104,1.4913,1.5607,0.3642,1.6879,1.4971,2.1503,0.3815,-0.2486,2.9884,1.3642,1.289,3.4335,4.4971,5.8035,6.0578,11.237,3.9017,3.526,7.948,6.4798,5.1676,3.659,3.9653,3.8613,5.289,7.0405,3.8382,2.2775,12.1156,7.6532,3.0867,2.3757,2.659,3.0347,3.5665,6.1676,2.185,1.4509,5.2139,4.237,3.0809,2.341,2.1503,2.5318,2.2948,3.9191,2.6474,2,7.185,4.7919,1.6358,2.0173,0.1792,1.1098,1.0405,4.0116,0.8613,0.2601,1.7688,1.2486,1.7168,1.6821,0.3295,1.4335,1.4855,2.6358,1.4162,0.6763,2.6647,1.659,1.3642
1-212.txt_119,1.467,1.0352,1.2467,1.5374,2.6652,1.0793,0.7797,2.2907,1.3216,1.4185,1.3524,0.8502,1.0749,1.533,2.1322,0.6388,0.4978,2.4934,0.7489,1.3877,0.9824,2.5991,2.8634,2.6916,3.2731,1.6872,1.9339,2.793,1.8326,1.7621,1.0132,1.9604,1.2687,1.8326,2.7665,0.6916,1.0441,4.0749,1.6211,1.163,0.8899,2.1013,2.0132,2.3833,3.3084,1.163,1.1938,3.0837,1.7974,2.0881,1.8018,1.3612,1.4758,2.3921,2.5066,0.3877,0.3568,4.1938,1.6784,1.3216,1.1189,2.1718,3.0529,3.7621,3.5639,1.2907,2.1674,4.0705,2.0132,1.8238,1.37,1.8811,0.9912,2.652,4.0617,1.0352,0.3304,4.7269,2.1674,1.1278,2.5419,3.8282,2.5374,3.8899,6.3744,3.1498,2.4493,4.8106,3.1718,4.6828,4.141,2.3128,2.8767,4.3744,5.4405,1.5419,1.2599,7.1982,3.7885,3.5551,1,1.3877,1.5903,2.2775,2.7445,1.0617,1.5066,2.2863,1.022,1.1542,0.8282,1.0705,0.5242,1.4317,2.9824,0.4229,0.4405,2.6916,0.6344,0.8326,0.6784,1.1982,2.1057,2.5727,2.2115,0.7445,1.5727,2.4626,1.2247,1.3877,0.5463,1.467,0.5066,1.4758,2.4317,0.489,0.2379,3.2643,1.2687,0.6256,1.7885,3.6476,3.1101,3.6079,5.6784,2.4537,2.5374,4.9559,3.3568,2.7621,2.326,2.8634,2.0573,2.533,3.8811,1.4053,0.978,5.2555,1.9736,2.2335,1.0749,1.7797,1.9251,2.0441,3.5551,0.9648,0.859,2.7885,2.5991,2.63,2.5551,0.9295,1.9163,2.4229,1.9075,0.8018,1.1806,4.7709,2.3128,1.8634,1.7974,1.3392,1.348,1.7181,4.0705,1.6035,1.1013,2.4846,1.9559,2.8678,3.185,0.8634,2.4405,3.1101,2.3656,1.1322,0.6432,4.2423,2.837,2.7225,1.8458,1.511,1.4626,1.9119,3.4405,1.7797,1.1982,2.7313,1.7048,2.5903,2.3877,0.9339,2.1806,2.2291,2.0573,1.2247,0.8106,3.0837,2.3656,2.2643,0.6916,1.3524,2.2026,2.0881,2.0044,0.6608,1.0441,2.4185,1.0969,1.2863,0.3436,1.1542,0.5286,1.4581,2.0441,0.4846,0.696,2.7489,0.8855,0.5198,1.5771,1.5947,1.2511,1.3128,2.8194,1.3612,1.1586,1.9383,1.4978,1.8106,1.7313,1.2907,2.185,1.9119,1.6696,0.8855,0.7621,2.4229,1.8722,1.7445,1.6916,1.7665,1.9251,1.8282,4.348,1.815,0.6432,3.1233,3.0396,3.1542,3.511,1.1322,2.4449,3.0176,1.8678,1.6608,1.2643,5.4053,3.5947,2.4537,1.9295,2.3348,3.4185,4.163,5.1498,1.7753,2.3084,4.8855,1.9736,1.4537,1.0441,1.2159,0.696,2.2511,4.8899,1.8238,1.2907,6.0176,2.1145,0.793,0.4846,1.2819,1.5286,1.5507,1.8018,0.7004,0.7004,1.6211,1.0529,0.9119,0.7401,0.9295,0.6564,0.9383,1.63,0.4317,0.2423,1.978,0.6564,0.6652,0.3524,0.5551,0.3568,0.5727,1.1586,0.2115,0.0132,0.9956,0.5771,1.3833,1.3128,0.1278,0.9912,1.5771,0.6564,-0.1586,0.0573,2.5463,1.185,1.304,2.4626,4.0749,4.0088,4.4053,7.2467,2.9692,2.8546,6.1718,4.674,4.3348,3.9383,3.1101,2.8282,4.4758,5.0969,2.4009,1.4185,7.7709,4.9339,3.0308,1.4978,1.0176,1.4361,2.0044,3.7225,1.1189,0.696,3.3833,2.5771,2.6123,2.7048,0.6564,2.0705,2.533,2.348,1.2555,1.1674,5.0705,3.7313,2.0176,1.4978,0.7357,0.8899,1.37,3.3744,0.9119,0.4097,2.1189,1.0396,2.2555,2.5595,0.1366,2,2.4626,1.4097,0.9163,0.6211,3.348,2.3436,2.2775
1-212.txt_121,0.6548,0.9107,0.506,0.3631,1.4345,0.4881,0.2798,0.7083,0.6369,0.8631,0.756,0.7798,0.5298,0.7202,0.6845,0.6071,0.6905,0.8988,0.5595,0.881,0.2262,1.2083,0.5655,0.9048,2.0833,0.2917,0.3512,1.2321,1.4821,1.6071,1.2917,0.5774,0.8393,2.0298,0.1071,-0.1548,-0.1369,3.0536,2.0417,0.9524,0.4881,1.8452,1.3155,1.6845,2.9107,0.7083,0.6131,2.0357,1.75,1.5893,1.2738,1.0774,0.8988,1.6548,1.6012,0.4464,0.6726,2.2619,1.4345,1.4524,0.8095,2.2143,2.0952,2.4167,3.506,1.1845,1.0238,2.6905,2.4702,1.7857,1.3214,1.5,1.3333,1.8155,2.756,0.6964,0.9345,2.8512,1.625,1.5298,1.2976,2.1548,2.7917,3.7619,5.7321,2.381,2.369,3.6369,3.5238,3.7083,3.5119,2.0952,2.6369,4.0298,2.8929,2.006,1.3571,5.3631,3.244,2.7798,0.4048,0.8095,0.8452,1.1488,1.9464,0.4226,0.4643,1.1964,1.1488,1.3988,1.0595,0.5714,0.9405,1.3452,1.4167,0.3929,0.381,1.619,0.9583,1.2798,-0.0179,1.0655,1.3095,1.2798,1.6548,0.1548,0.1071,1.756,1.0774,1.2143,0.625,0.5595,0.7143,0.9226,1.4167,0.0179,-0.0893,1.3155,0.7857,1.0476,0.494,2.4048,1.2083,1.9583,3.9286,1.0952,0.9583,1.9702,2.2857,2.1488,2.2679,1.7202,1.5833,2.9345,2.2679,0.7976,1.0952,3.1012,2.6726,1.6786,0.6131,1.3571,1.5357,1.8571,3.6905,1.0595,0.8512,1.994,2.3571,2.2976,2.0893,0.8393,1.5238,3.1369,2.5,1.0238,0.8452,3.8869,2.3988,1.631,1,0.8155,2.5179,3.0714,3.131,2.2262,2.381,2.5893,2.1369,1.6667,1.8155,1.5952,1.3155,1.8095,1.7738,1.5774,0.7024,3.1071,1.1845,1.1607,0.9643,0.7381,2.1071,2.6488,3.0774,1.5893,1.5833,2.8571,2,1.8333,1.9524,1.125,1.5,2.2857,1.3274,1.375,0.4226,3.625,1.5893,1.2857,0.2143,0.6429,0.3155,0.6488,2.0238,0.2083,0.006,1.1786,1.0357,1.6369,1.1667,0.3155,0.9226,1.625,0.381,-0.0655,0.0417,2.0357,1.25,1.369,0.6429,0.6726,1.4881,1.8214,2.4107,1.1726,1.2381,1.8571,1.4048,1.5476,1.6548,0.8512,1.1726,1.6607,1.1071,1.1786,0.6369,2.6548,1.2143,0.994,0.6726,0.5238,1.7798,2.3393,4,1.7381,1.4464,2.6369,2.6488,2.6964,3.2202,0.6548,2.3512,3.7024,2.1726,1.3333,0.9524,4.9583,2.5774,1.9167,1.5595,0.9405,1.2262,1.994,3.2143,0.7917,1.0476,2.0476,2.244,1.2976,1.2024,0.5536,1.4167,1.6964,2.7917,1.2619,1.3095,2.1548,1.369,1.6905,0.3393,0.9167,0.5714,0.8988,1.7798,0.3333,0.2024,1.1905,0.9464,0.8512,0.6786,0.5238,0.3929,1.3214,1.244,0.4107,0.4345,1.5357,0.9107,0.6548,0.6369,0.881,0.75,1.0893,1.2976,0.4524,0.4881,0.9286,0.7024,0.3393,0.2976,0.5714,0.2738,0.7083,1.1667,0.5595,0.2321,1.7679,0.4405,0.256,0.7798,1.4405,2.2857,2.6429,5.4643,1.7976,1.256,2.9226,3.5714,4.0357,4.3155,1.0179,3.3512,5.5595,2.8393,1.244,0.8571,6.1012,4.119,2.9226,0.506,0.5,1.5357,1.5238,3.0298,1.3869,1.1429,1.6964,2.244,1.9881,2.5476,0.244,1.75,3.2083,1.6607,1.2381,0.5357,4.619,2.2917,1.4107,0.5714,0.6786,1.9345,2.2679,2.5357,1.7917,1.744,2.0119,1.6726,1.3095,1.3988,1.2083,0.9345,1.3929,1.2202,1.3393,0.6429,2.6369,1.0833,0.8393
1-212.txt_123,1.7363,1.3184,0.8557,1.2637,3.801,1.4527,0.6667,2.4328,1.3881,1.3085,1.3184,1.1294,1.6965,1.3483,1.9254,1.1045,0.9801,2.597,0.9453,1.3881,0.6617,2.2637,1.9701,2.2438,3.6418,1.4925,1.3731,2.6269,2.9254,1.1244,0.209,1.4279,1.0547,1.2687,3,0.9104,0.6368,3.9602,2.0796,0.5124,0.4776,2.1891,2.9254,2.8607,3.2388,1.6468,1.4726,3.0249,3.1493,2.3582,0.7761,1.6468,1.6219,2.2189,2.791,1,0.1692,3.9652,2.4478,0.8507,0.607,2.4876,3.3035,3.7413,3.3781,2.6965,2.0348,3.1692,3.3433,1.2488,0.408,2.3184,0.9851,1.6667,4.0896,1.1194,-0.005,3.6965,1.4826,0.0796,3.1542,3.5522,2.806,3.8806,10.3383,2.8458,2.0398,5.2836,4.0299,4.9552,4.0945,1.8408,4.6816,4.7612,5.8259,2.8806,1.9353,10.4826,5.1244,3.8657,0.6617,1.7463,1.9602,2.3731,2.607,1.403,1.204,2.6219,2,0.796,-0.0995,1.5871,0.5672,0.5672,2.2537,0.5174,-0.1692,2.7612,1.2438,0.1144,0.2886,1.4328,2.2189,2.2836,1.5572,1.3831,1.0199,1.8408,1.8905,0.2338,-0.204,1.8408,0.4428,0.408,2.1244,0.398,-0.1592,2.0448,0.4527,-0.4129,2.0597,3.1841,2.5473,2.9403,6.0896,2.4229,1.796,4.602,3.9701,2.5423,1.8657,2.4776,2.6418,3.01,3.9851,1.9552,1.1244,5.199,2.5274,1.8657,1.5473,2.199,2.194,1.6169,6.1343,1.3433,0.8259,3.1294,4.01,3.0796,2.1542,1.3532,2.5821,3.3383,3.8308,1.6269,0.7363,6.4378,4.3085,1.7811,2.1393,0.9403,1.398,1.1244,4.5323,0.9751,0.4826,2.4627,2.1692,2.6269,2.6816,0.1741,2.9005,2.7363,3.4129,1.7413,1.5572,3.8607,2.8607,2.2587,1.9751,0.0547,0.9104,1.0597,3.2189,0.3532,0.5274,2.6368,1.3483,1.5473,2.1692,-0.403,1.7711,1.8955,1.9602,1.3731,1.199,3.1244,1.8955,1.607,0.3184,1.7612,1.8955,2.398,1.5522,1.398,1.2985,2.0746,1.8806,0.4328,-0.4925,1.408,0.209,0.8756,1.7214,0.4378,0.2338,2.7413,1.3383,-0.5323,2.0995,0.7612,1.3134,0.9204,4.2836,0.9552,0.99,2.8259,1.5771,1.9005,1.9652,0.408,2.4129,2.1891,2.9055,1.2587,1.1642,4.3234,2.99,1.9154,1.806,1.1791,1.5323,0.5522,5.2687,0.1244,0.1244,2.0199,2.9552,3.3781,3.194,0.2836,2.9403,3.7164,2.7164,2.0199,1.8159,5.8159,4.602,2.7861,2.4478,2.9751,4.0547,5.0199,5.2836,3.597,2.3483,5.7264,3.7214,1.2836,0.4229,2.5075,1.3731,1,6.2438,2.3035,1.5224,5.5473,1.6269,0.6418,1.0597,1.9005,1.7463,2.2736,2.9403,1.6617,0.8408,2.1841,1.9701,0.9552,0.5821,1.6716,1.2587,0.7313,2.7264,0.8358,0.0249,2.5771,0.8756,0.5075,0.5771,0.3035,0.5522,0.8408,2.4279,0.5473,-0.204,0.7512,1.0299,1,1.3134,0.1841,1.4328,1.3134,1.7861,0.0597,-0.0448,2.005,1.1045,0.99,2.6119,3.3085,4.2338,3.9652,9.597,2.2139,2.0597,5.3234,5.1194,5.1493,3.5622,2.4726,4.1443,5.3731,6.3035,3.2438,2.0746,10.0746,6.8507,3.7512,1.8408,1.1244,2.2587,1.5174,5.5124,0.2836,0.6517,3.602,3.0547,3.5821,2.9104,0.1343,3.1542,3.5124,2.8358,2.0249,1.4179,6.4925,4.2637,2.4925,1.8557,0.3881,0.3781,0.3532,3.4378,0.6816,-0.1244,1.2488,0.592,1.5572,2.1443,0.1045,2.1343,1.8557,2.1841,1.1841,0.8458,2.8955,1.9303,1.5274
1-212.txt_125,1.6667,1.406,1.3077,1.406,3.6795,0.7778,0.5855,2.2521,1.7179,1.641,1.5983,0.7222,1.3376,1.5299,2.4316,1.0256,0.7479,2.9103,1.3376,1.6239,1.0641,2.0427,2.7479,2.9316,3.8376,1.5641,1.4786,3.0726,1.7991,0.9573,0.5812,1.4744,1.0598,0.9274,2.5641,0.765,0.8547,3.6709,1.5214,0.3889,0.8504,2.4316,3.1667,3.1154,3.6966,1.453,1.4145,3.6966,2.3889,1.6368,0.7778,1.2009,1.3376,1.9915,2.8718,1.0299,0.4444,3.6581,2.2094,0.5769,1.1154,2.2521,3.6624,3.6282,3.7564,1.9231,2.2308,3.5085,2.2265,1.1752,0.5684,1.7991,1.0128,1.6197,4.1239,0.8162,0.453,3.4915,1.4744,0.3248,3.9487,3.2222,3.0641,3.3376,10.0214,2.0385,1.3291,5.6795,3.8462,5.6282,5.6624,1.9786,4.9829,5.5214,6.4145,2.7991,1.8974,9.9915,5.4444,4.8547,0.5128,1.2009,2.3162,2.6154,1.9103,1.3974,1.8932,2.0256,1.641,0.5427,-0.2564,1.1496,0.3761,0.4103,2.6111,0.2009,-0.0983,1.9316,0.6111,-0.0427,0.3932,1.3718,2.7564,2.641,1.3376,1.2009,1.8761,2.1154,1.3803,-0.1624,-0.8462,1.5513,-0.1282,0.0812,2.4188,0.0171,-0.0897,1.4573,0.0085,-0.7222,1.9274,2.8077,2.3077,3.2906,6.2778,1.7692,1.8376,4.2949,2.8846,2.4744,2.0513,1.8333,2.6624,2.7009,5.2906,1.3932,0.7821,5.9744,2.4786,1.8846,1.5513,1.7393,2.2137,1.1581,4.8889,1.0256,0.1026,3.2821,3.047,2.0256,1.5812,0.812,1.9274,2.5556,2.9274,0.9017,0.7564,4.453,3.5299,1.4915,2.1026,1.1026,1.2821,1.0427,4.8675,1.1282,0.1795,2.2521,1.8974,2.6239,3.1496,0.7949,2.4573,2.8034,2.0556,1.7009,1.4957,4.2949,2.8675,2.4402,2.0684,1.3162,1.1068,0.9188,4.3291,0.9872,0.5299,2.4786,1.7436,2.2906,2.5812,0.6966,1.8974,2.3803,1.6752,1.8889,1.4658,3.7991,2.547,2.4359,0.594,1.6154,2.1795,2.5171,1.765,0.7564,1.0171,2.2607,1.0684,0.2222,-0.1026,1.094,0.2692,0.4188,1.7009,0.0214,0.3291,2.3205,0.8932,-0.3504,1.8547,1.4615,0.8761,0.9017,4.3462,1.3034,0.812,2.3376,2.0897,2.1923,1.5641,1.2393,2.094,1.859,2.2137,1.4487,1.6496,3.7735,2.141,2.3248,2.1154,1.7009,1.2607,1.0897,5.735,0.9573,-0.4829,2.5812,2.4786,3.6624,3.6838,0.9744,2.812,3.6624,1.8974,1.9658,1.8889,6.0214,4.0385,3.094,2.4915,3.0769,3.9573,4.9658,5.3718,3.3504,3.9701,5.0128,2.1453,1.094,0.8162,2.3291,1.3333,1.0171,6.2051,2.4786,1.3419,4.9188,1.3034,0.7179,0.9744,1.1838,1.7179,1.6026,1.9829,0.641,0.6838,2.3077,1.1624,0.7094,0.9573,0.8291,0.9957,0.5085,2.6667,0.4402,-0.0128,2.0385,0.6239,0.6154,0.4444,0.8077,1.3248,0.6496,2.2564,0.2521,-0.0427,0.8462,1,0.8291,1.4573,0.5256,1.3291,1.0043,1.5897,0.0385,0.0214,1.5,1.1325,0.7094,3.2308,3.7393,3.7009,3.2906,9.4872,1.9829,1.2137,5.9701,4.6667,4.7564,4.4274,2.5128,3.4658,5.6667,5.0043,2.4872,1.5684,9.453,6.2991,4.2393,2.2521,1.8376,1.9872,1.6026,5.3376,0.8291,0.2137,3.312,3.2393,3.0769,2.9231,1,2.8376,3.3504,1.9103,1.7692,1.5598,6.1068,4.4957,2.6282,1.7051,0.8846,0.9103,0.4915,4.1368,0.4231,-0.1197,1.7308,0.9231,2.0043,2.9957,0.5256,2.1966,2.3205,1.5556,1.2009,0.7906,3.4103,2.3803,2.0085
1-212.txt_127,1.7368,1.2526,0.7789,1.2895,4.0474,0.9579,0.1632,2.4895,1.5263,1.7737,1.9526,1.1316,1.9263,1.4842,2.6,1.2526,1.1842,3.1474,0.7947,1.6579,0.8421,1.7263,3.1579,2.7368,4.2474,1.1105,1.5737,3.4789,2.2895,1.0211,0.5368,1.3632,1.1053,0.8947,3.0158,0.9684,0.7895,3.8895,1.4053,0.4684,0.7947,1.8947,2.9737,3.3053,3.5895,1.8211,1.6263,4.0632,2.5737,1.4316,0.1895,1.4737,1.2789,1.2105,3.4421,1.2368,0.5316,3.6263,2.1526,0.4895,0.9211,2.2105,3.9263,4.2474,3.8526,2.4316,2.4421,3.8579,2.6105,0.8053,0.3316,2.2842,1.0316,1.0105,4.8,1.4842,0.4,3.3684,1.2526,0.0421,4.1316,3.8316,3.0737,3.4947,10.4526,3.1053,1.9632,6.9895,4.3211,4.8789,4.6474,2.0474,4.9895,5.5526,6.4,3.4,2.4684,9.8632,5.6842,3.8842,0.7947,1.1263,2.6,2.5211,3.1789,1.0579,1.7421,2.3947,2.0737,0.7526,-0.5737,1.0105,0.6737,0.6158,2.8105,0.6053,-0.2105,2.9684,1.0263,0.0947,0.0947,0.9895,3.1947,3.0684,1.8895,1.3421,1.5842,2.1526,2.0737,0.0789,-0.9,1.8789,0.6737,0.1842,1.9526,0.3263,-0.4632,1.9895,0.5158,-0.6316,2.1263,3.9053,2.8,3.6474,6.6368,2.5053,1.8947,5.1263,3.6526,2.4842,2.2053,3.1,2.9,3.0105,5.3737,2.1263,1.4316,6.5579,2.8211,2.3105,1.2579,1.8211,2.2,1.3421,5.1263,0.7842,0.7,3.8,3.3263,2.1053,1.4947,1.1632,2.3895,2.3632,3.9158,1.3,0.9474,5.1684,3.5947,1.7263,2.2895,1.3579,1.2526,1.0947,4.1316,1.2842,0.4737,2.4316,1.8684,2.2421,2.4947,0.5105,2.1,2.6263,3.1526,1.7632,0.9684,3.5,2.7263,2.2211,1.9474,1.1579,0.7789,0.8158,4.1263,0.7474,0.4368,2.2789,1.7,1.9,2.4579,0.0474,1.5789,1.9474,2.2316,1.9158,0.9895,3.3263,1.7684,1.5579,0.0895,1.1,2.1263,2.1789,1.8,0.5684,0.7895,2.4158,1.3789,0.7263,-0.2316,0.8421,0.3158,0.9579,1.3526,0.1579,0.0789,3.0211,1.3632,-0.0158,2.2684,1.4684,0.7105,0.8737,4.1474,1.1,1.0579,2.5211,1.5737,1.9895,1.7947,0.8053,1.5105,1.9579,3.1737,1.5368,1.2053,4.1842,2.1368,1.8158,2.0684,2.0474,1.0842,0.8737,5.4895,1.0263,-0.1579,2.7632,2.4316,3.4368,3.2053,0.6684,2.3842,3.6316,2.7579,2.0842,1.6053,6.4421,4.1211,2.7316,2.8684,3.6579,4.6053,5.7526,6.2211,3.4789,3.6947,6.3421,4.1368,0.9,0.4526,2.6895,1.5684,1.1105,6.5368,3.1,1.6789,6.2,2.1316,0.3053,1.3211,1.5,2.0211,2.2316,3.0684,1.3421,0.7947,2.7842,1.7368,0.9842,0.8789,1.3368,1.3,1.0526,3.1526,0.9368,0.2947,2.8684,1.1895,0.7526,0.6632,0.4368,0.9053,0.7947,2.3842,0.1789,0.1684,0.5684,0.8263,1.0474,1.2158,0.4526,1.4053,1.3684,1.7421,0.0737,-0.0526,1.8316,1.2474,1.0842,3.0263,3.9053,3.5895,3.5632,9.2368,2.4947,1.5158,6.3895,4.6474,5.0632,4.3789,2.5421,4.0053,5.8632,5.6579,2.9,1.5316,10.1842,6.7526,3.9368,2.1368,2.4895,2.5737,1.9737,5.0947,0.8684,1.1158,3.9632,3.3368,3.1368,2.5105,1.2684,2.4316,3.3158,3.0368,2.1789,1.5684,6.1895,4.4053,2.5579,1.7632,0.8737,0.5,0.2895,3.9421,0.6842,0.0158,1.7316,1.1474,1.5842,2.1632,0.2368,1.7947,2.6421,1.8842,1.2789,0.6684,3.5737,2.6,1.7947
1-212.txt_129,1.3119,1.1634,0.4356,1.0792,2.4455,0.5495,0.6238,1.698,0.5198,1.0792,1.1931,0.9059,0.9554,0.6733,1.7525,0.5743,0.6535,1.2574,0.297,0.7723,0.2624,2.4307,2.2228,2.4505,3.4703,1.3168,1.7624,2.4851,2.5594,1.9109,1.3119,1.8416,2.2871,2.8218,2.4455,0.599,0.7277,4.104,1.8762,0.8663,-0.3416,1.8614,1.6832,1.4554,2.7129,1.2327,1.2079,2.698,1.4604,1.698,1.0941,1.3416,1.495,2.4307,1.7525,-0.0347,0.1832,2.8416,1.9554,0.8119,0.6337,2.7673,2.9752,3.2723,3.698,1.6931,2.3861,2.7772,3.3465,2.3713,1.4505,1.6881,2.2673,3.1287,3.2822,0.7079,1.4307,4.1139,2.8168,1.4158,2.302,3.6386,2.3614,3.9356,7.8861,3.3416,3.3515,4.1436,4.5248,3.7871,3.5198,2.5495,3.2475,3.2574,5.6535,1.8861,1.8762,6.1238,3.2327,2.6535,0.5594,1.5248,2.2525,1.5297,2.3812,0.9059,1.0842,1.9158,1.5099,1.3218,0.7624,1.0594,1.2426,1.7327,1.3762,0.5198,1.0891,2.6287,1.4901,0.4901,0.297,2.1287,2.6535,2.6931,2.2228,1.1832,1.6733,2.2921,1.9406,1.6337,1.1485,1.604,1.4653,2.3267,2.203,0.5941,1.3762,3.2574,2.3812,0.5495,1.4604,2.9109,1.4851,2.203,5.3119,1.7228,1.7673,3.3861,3.0891,2.8416,2.8812,2.1881,2.8911,2.9307,4.2525,0.9406,1.0446,4.2079,2.4257,1.9356,0.8515,2.2673,1.8614,2.7079,3.9208,1.4406,1.8267,3.3317,2.604,2.6832,2.1139,1.604,3.0842,2.9356,3.3069,1.5842,0.8168,5.5198,2.3911,2.1089,1.9752,1.5743,1.396,2.6188,3.5743,1.6881,2.2723,2.3366,2.8911,2.0693,1.9505,1.2673,2.0149,2.1881,1.6089,1.7426,0.8564,3.7079,1.797,1.6535,1.6436,1.8069,1.1634,2.6386,3.3069,1.5842,1.9208,2.4109,2.3218,1.5248,2.0248,1.3168,1.7277,1.5842,2.3168,1.7426,0.7178,3.5,1.3218,1.2228,-0.0248,1.5396,1.6287,1.401,2.9406,1.0941,0.9901,1.6386,1.1238,1.802,1.2178,1.3218,1.7574,2.3663,1.203,-0.1634,0.4802,2.4257,1.5347,0.7079,1.7327,1.8317,1.2277,2.4752,3.4158,1.6832,2.1238,2.9851,2.5149,2.0248,1.7822,1.5396,2.0545,1.4604,2.1386,1.8317,0.8119,3.4802,1.3168,1.8911,1.5941,1.4653,0.9356,3.0594,3.5446,1.6485,2.4554,2.4455,3.302,2.5347,2.7228,1.2079,2.104,2.1683,2.9059,2.5297,1.302,5.3762,1.8663,2.3069,1.8218,2.3465,3.0644,3.7624,4.3119,1.5594,2.703,4.7079,3.7178,1.4406,1.5099,1.3267,2.5545,2.0297,5.8168,1.7178,1.8366,4.2327,2.1634,1.5149,0.5693,1.2921,1.0446,1.0149,1.7871,0.4752,0.4455,1.5347,0.6584,0.9406,0.7129,0.8465,0.8861,0.8119,2.1733,0.3614,0.6733,0.8564,0.1683,0.6881,0.4307,1.5495,0.9901,1.5099,1.5297,0.8861,1.1931,1.0347,0.8069,0.7475,0.3663,0.7574,0.6782,0.7673,2.0545,0.203,0.0693,1.3119,0.8069,0.1188,2.1089,2.698,2.0446,3.6881,7.1832,2.3267,3.1634,4.2673,4.8218,4.6931,4.1733,1.8267,4.3416,4.3168,4.5545,2.3515,1.4158,8.0545,3.5495,4,1.1782,1.198,0.8614,2.0743,3.4505,0.9257,1.901,2.3614,2.6337,1.7178,1.8564,0.9109,1.7673,2.3069,2.8614,2.4703,0.8069,4.7525,1.8465,1.7228,1.5099,0.8614,0.5099,1.8762,2,1.0594,1.3069,1.3663,1.6733,1.6287,1.4208,0.6782,1.6584,1.4059,1.7525,1.0941,0.6337,3.2327,1.0891,1.5644
1-212.txt_131,0.675,1.5375,0.2688,0.5875,2.7063,0.4062,0.8312,1.9563,1.2375,1.8688,1.975,0.5688,1.2,1.6813,1.5,0.2563,0.3125,2.575,1.4375,0.9562,0.6188,1.8375,1.6438,1.8063,4.225,1.2812,0.9375,3.7375,2.3062,2.325,2.5125,0.5438,2.0562,3.725,2.7562,0.2188,-0.075,4.5312,2.1938,1.0875,0,1.6875,0.5688,0.4062,1.9688,1.0875,0.425,2.2063,0.925,1.2063,1.0188,0.8062,1.35,2.3688,1.25,-0.8438,-0.9312,2.575,2.2313,0.6313,0.9438,2.75,1.875,2.3375,3.8875,1.6063,0.9938,2.8875,3.15,2.3125,2.1063,1.1687,2.5062,3.6188,2.8875,-0.4938,0.0938,4.1813,2.3188,1.4938,2.5062,4.6625,2.3375,4.6062,7.2875,2.8938,3.2,5.6875,4.6125,4.4062,4.0188,2.4188,3.1688,3.4313,5.4375,2.2688,2.0813,6.3063,2.8313,2.9313,1.1438,1.45,0.9875,1.4,3.4938,0.975,0.8563,2.2812,1.1375,2.2688,1.8125,0.6812,1.6188,2.0125,1.7563,0.2,0.125,2.4062,1.075,1.575,0.5562,1.5,1.7563,1.8,2.7438,1.1313,0.6188,1.925,1.9188,1.8563,1.625,0.675,1.2625,2.45,1.775,-0.575,0.375,2.0062,1.1938,1.2938,1.775,3.9,1.2,2.6813,5.5125,1.7375,2.0062,5.1062,4.3125,2.9938,3.125,2.2875,3.275,3.8688,4.475,0.8125,0.9938,6.4563,3.1625,1.7938,1.975,2.65,0.9938,2.325,4.6438,1.6813,2.0938,3.8438,2.1875,2.1375,2.45,1.6,2.4,2.6375,3.35,1.4688,0.5625,4.2625,1.625,1.3938,2.6063,1.6188,0.8563,3.0875,4.8375,1.5688,2.35,3,2.15,2.4,2.65,0.7,2.0562,1.0375,4.1938,2.4563,1.2938,3.5312,0.3125,1.5312,2.2438,2.1625,1.025,3.1438,4.325,1.3938,2.2,3.575,1.875,2.3812,2.6813,1.2438,1.8313,1.1938,4.1062,2.2938,1.1562,3.7,0.375,1.4813,0.1438,1.0125,0.6625,0.25,1.6625,0.8813,0.2375,1.4188,0.6562,1.325,1.4813,0.4563,1.4313,2.4625,0.8312,-0.8312,-0.0375,1.7438,1.3375,0.8563,2.375,1.85,0.3562,2.3125,3.8938,0.9062,1.775,2.7688,1.6438,2.0312,2.6688,1.2063,1.5813,1.1188,3.2875,1.4125,0.6625,3.0188,0.1938,1.7313,1.7375,1.6875,0.9188,3.3063,3.7625,2.0875,2.35,3.9062,2.1188,2.2,2.7375,1.1938,1.7188,1.1125,3.5688,2.275,0.9438,4.2062,-0.6313,1.4938,2.15,2.75,2.4563,3.875,5.2938,2.0938,1.5875,5.55,3.925,2.5688,2.725,0.8062,3.175,2.2812,4.7688,1.3875,1.7875,4.4812,1.4188,2.25,0.2625,1.825,0.7062,0.45,1.725,0.9062,0.4125,0.8688,1.075,0.6875,0.75,0.8312,0.5188,0.9625,1.6125,-0.2875,0.0438,1.5438,0.9312,0.5812,1.0563,1.4875,0.5188,1.1875,1.2563,0.8625,1.0312,0.5938,0.3,0.2375,0.1688,0.9312,0.2,-0.3562,2.0375,0.3438,-0.05,0.7938,-0.475,0.4188,2.9062,3.7375,1.7938,3.7625,7.475,2.3,2.5062,4.9812,3.9,4.8063,4.4125,1.25,3.5312,3.3875,5.1,1.8,0.5812,7.0375,2.175,3.8688,1.525,1.2938,0.3938,2.1938,2.925,1.575,1.8125,2.3125,1.5625,1.7875,2.1625,0.1813,1.375,0.7812,2.2938,1.675,0.5125,2.7,-0.3,1.5,1.5875,0.9125,0.7125,2.2562,3.8313,1.0875,1.6375,2.025,0.9813,1.6813,2.3188,0.225,1.3875,0.3438,2.9062,2.1938,1.0437,1.9625,-0.45,1.0063
1-212.txt_133,0.1617,0.6707,0.7066,0.7186,1.4371,0.5808,0.6527,0.9401,1.0359,0.6108,0.6048,0.3952,0.3832,1.1018,1.024,0.4311,0.2695,2.4192,1.0719,0.3054,1.0958,1.7964,1.9042,1.8204,2.012,1.0958,1.3413,2.7904,2.5808,1.4251,1.3892,1.024,0.9222,1.4671,2.2695,0.7725,0.4192,2.4731,1.024,0.8503,0.9461,1.2335,1.2275,1.0778,2.6407,0.3713,0.7904,1.7904,1.3653,0.9581,0.982,0.7665,0.6108,0.6287,1.6527,0.5449,0.1677,1.2934,0.4012,0.6826,0.8743,0.8263,0.988,1.0719,2.5449,0.4132,0.6886,2.2934,1.3114,1.1257,0.9401,0.8922,0.7605,0.8683,1.9701,0.5928,0.2395,1.5689,0.491,0.8922,0.9102,1.8383,0.8323,1.7186,3.7425,0.988,1.6647,2.2275,1.8802,3.0479,2.8323,0.5928,2.0898,3.1317,4.3353,0.5329,0.0419,4.3713,2.2156,2.1377,1.0898,1.2455,1.4132,1.012,0.982,1.1497,1.3772,1.7904,1.4731,0.1796,0.2814,1.1198,0.0539,0.0659,1,0.7725,0.3293,0.8323,0,0.1437,0.9521,1.1976,1.3892,0.8323,2.1018,0.7006,0.8802,1.8383,1.515,0.7725,0.8623,1.0898,0.5269,0.7066,1.3054,0.7425,0.5629,1.4371,0.4431,0.5329,0.7784,2.2934,2.2635,2.3174,3.2455,1.2635,2.0539,2.988,2.4551,1.9581,2.2335,1.4491,1.4671,2.2695,3.5269,1.2096,0.8743,3.8982,1.5749,1.0659,1.1377,1.6527,1.2754,1.5629,2.4072,1.2575,1.4671,2.6168,1.7365,1.7605,2.1317,1.0419,1.4132,1.5449,2.6048,0.7964,0.8443,2.6108,0.7365,1.1557,0.3593,2.0299,0.6467,0.4371,2.3293,0.515,0.5988,1.9341,1.7844,2.9162,2.7186,0.4012,1.9401,3.8084,2.6048,0.2335,0.1737,4.521,2.7784,1.7605,0.5689,2.1257,0.8323,0.3892,2.1437,0.8802,0.7126,2.2455,1.7964,2.521,2.485,0.7784,1.8503,3.4192,2.7485,0.3174,0.3353,4.5749,2.4371,1.491,0.8263,1.0958,1.6108,0.6407,0.7126,0.9162,0.9222,1.2695,1.6527,0.7305,0.7605,0.8503,0.5329,0.3952,1.1257,0.7365,0.5808,0.8024,0.1377,0.4251,0.5988,1.4132,0.5629,0.0838,1.5988,0.5629,0.3473,1.515,1.485,1.9401,1.8263,0.4431,1.2395,2.6467,1.7844,0.2275,0.0479,3.2814,2.1497,1.1198,0.8982,1.9341,0.7784,0.7844,2.5449,1,1.0479,2.6826,1.6228,3.3174,3.4251,0.6826,2.8323,3.6527,2.8323,0.5509,0.7665,4.3353,2.3114,2.1317,1.1677,2.5689,1.9281,2.6048,3.3293,1.2874,2.1617,3.5329,2.4311,2.7365,2.491,1.1916,1.5808,2.521,3.4012,0.8623,0.7305,4.5329,1.521,2.018,0.2216,0.3054,0.4551,0.8443,1.503,0.1497,0.4551,0.4671,0.7964,0.5389,0.5329,0.0778,0.1677,0.7126,0.8802,0.4311,0.1617,0.994,0.4012,0.2874,0.1617,0.4132,0.2335,0.9521,0.7365,0.1677,0.521,0.1257,0.4371,0.6228,0.1677,-0.018,0.024,0.5389,0.521,0.2335,0.3653,0.2695,0.1377,0.515,1.6946,3.1617,1.5569,1.8563,3.7784,1.479,1.8204,4.0359,2.7964,3.976,3.8024,2.018,2.8623,4.4371,4.2275,0.8862,0.8683,5.6826,2.8204,2.5329,0.5749,1.2575,0.6287,1.1617,1.4611,0.9281,0.8862,2.0898,0.982,2.0539,2.2096,0.7066,1.7665,2.006,1.6168,0.3293,0.7305,2.3772,1.0419,1.3892,-0.0659,1.2216,0.3413,0.0599,1.5329,0.0479,0.1437,0.9341,1.0958,2.1317,1.8084,0.024,1.3353,2.8323,1.2994,-0.1078,0.0719,3.1976,2.1916,1.2335
1-212.txt_135,0.1593,0.4176,0.5879,0.6978,0.0714,0.3571,0.2857,0.8077,0.1099,-0.1703,-0.2857,0.489,-0.0879,-0.4945,0.5604,0.3791,0.0769,0.1868,-0.3297,-0.0495,0.2418,1.5165,1.3297,1.8187,2.2637,0.6758,0.8462,1.6429,1.5495,2.1209,2.2418,0.5604,1.3352,2.2527,2.022,0.0769,0.2912,3.1593,1.6868,1.3736,0.0989,1.7747,1.7033,1.989,1.4615,1.2692,1.2967,2.0989,1.9945,0.467,0.8516,0.9615,0.489,0.6264,1.8901,0.6703,0.2747,1.9231,0.8571,0.1923,0.3571,2.4286,1.9011,2.6484,2.2692,1.6923,1.8352,2.5934,2.2473,1.4396,1.9231,1.4835,1.2253,1.5604,2.6154,0.6593,0.4341,3.3242,1.4286,0.8901,0.3187,2.0385,1.544,2.5879,2.3571,1.544,1.8681,2.4505,1.7912,1.511,1.8022,1.1978,1.1319,2.0165,2.4176,0.2857,0.033,3.8077,1.489,0.8077,0.5714,0.8352,0.6044,1.0495,1.4121,0.5055,0.5989,1.0659,0.6538,1.2912,1.2088,0.4396,0.7857,0.8407,1.2143,0.1923,0.2692,1.4725,0.5659,1.033,0.6209,1.2473,0.967,1.522,1.8022,0.7967,0.8736,1.522,1.011,1.3846,1.4231,0.7253,0.8901,0.8846,1.6538,0.4176,0.4451,1.9121,0.7253,1.0879,0.0495,2.3901,2.3352,2.8791,1.6429,1.5989,1.967,2.7967,2.978,0.4945,1.0769,1.4725,0.5824,1.3187,2.4231,1.1374,0.5275,3.1758,1.7198,0.1209,0.6758,1.6154,1.4505,2.2473,2.4505,1.0989,1.511,1.967,1.6978,1.4176,1.5495,0.8736,0.8462,1.4945,2.1044,0.8846,0.7692,2.8187,1.3187,0.9725,0.0989,1.6319,0.6429,1.1648,1.4066,0.5,0.6593,0.978,1.011,2.2527,2.4615,0.9286,1.7308,3.2088,1.6484,-0.4011,0.1154,3.7198,2.0769,1.4176,0.0604,1.6484,0.533,1.2527,1.8791,0.4121,0.6813,1.033,1.2363,2.7033,2.9945,0.6484,1.9176,3.9451,1.8956,-0.5604,0.0824,4.5275,2.6044,1.6374,0.3462,0.8022,0.9121,1.1319,1.511,0.3956,0.4231,1.0055,0.7582,1.1703,1.1209,0.3791,0.6813,0.6813,1.2912,0.2143,0.2527,1.2967,0.5769,0.8462,0.044,0.8736,0.1703,0.5769,0.9121,0.0769,0.1978,0.478,0.5934,1.8462,1.8956,0.3077,1.2527,2.5769,1.2692,-0.533,-0.033,2.6813,1.6319,1.1813,0.1538,1.7033,1.0714,2.2308,1.8462,0.6429,1.2692,1.6484,1.9725,2.4835,2.5989,0.6648,1.5,3.7747,2.5769,-0.0714,0.5055,4.6593,3.0934,1.5495,0.511,1.9835,1.8132,2.4396,3.7198,1.0879,1.2692,2.2253,1.7857,1.7637,2,1.2363,1.0769,1.6429,2.5275,0.9725,0.8901,3.4945,1.3791,1.1868,0.011,0.5769,0.8571,0.8516,0.4835,0.5495,0.3956,1.0275,0.5824,-0.3736,-0.2253,0.2802,-0.1703,-0.7747,0.9341,0.4615,0.1703,0.033,-0.4011,-0.3132,-0.1868,0.4176,0.5385,0.467,0.5275,0.1593,0.022,0.4396,0.2912,0.2088,0.3077,0.0989,0.1703,0.0824,0.9451,-0.0769,-0.0385,0.478,0.044,-0.0165,0.4615,3,2.3516,4.0055,3.3187,1.6374,2.6154,3.6044,3.2418,3.1758,3.522,1.467,2.033,4.4011,3.9615,0.4396,0.7143,6.478,3.5769,1.9396,0.4451,1.3791,0.978,1.9286,1.8187,0.6538,1.2198,1.4341,1.3901,2.022,2.0275,0.6209,1.1868,2.5055,2.0165,0.3022,0.8132,3.3297,1.967,1.4121,0.1209,1.0659,0.4231,0.6319,0.7582,0.2473,0.3132,0.489,0.4286,1.5055,1.5769,0.7363,1.2253,2.022,1.044,-0.2857,0.0824,2.2308,1.1813,0.9725
1-212.txt_137,1.4472,1.6231,0.8492,1.1759,3.5025,1.0151,0.2965,2.397,1.5226,1.3568,1.3819,0.9698,1.4523,0.7136,2.2864,1.0704,0.3769,2.1206,0.5126,1.5226,0.8844,2.0603,2.809,2.5477,3.6181,1.4975,1.6834,3.1658,2.608,0.6935,0.3518,1.2864,0.8492,0.6633,2.2764,0.7688,0.6181,3.6281,1.8191,0.2764,0.5075,2.0251,2.7688,2.6533,3.1055,1.3015,1.2764,3.3568,2.5477,1.6784,1.005,1.4121,1.6834,1.7588,2.6583,0.7186,0.4271,3.2613,2.4472,0.8794,0.7739,2.5678,3.397,3.8191,3.0151,2.3317,2.4271,3.4121,2.9698,0.4673,0.2312,2.2161,0.7085,0.8593,3.9447,1.1457,0.392,3.2915,1.3417,-0.0854,3.206,3.0603,2.6382,2.4121,8.1558,2.4523,1.0905,5.1508,4.4623,4.3769,3.9447,1.1457,3.9347,4.3065,5.8191,2.8593,1.4724,7.6985,4.3467,3.6734,0.7186,1.5176,2.2965,2.3417,2.402,1.0905,1.3869,2.2864,1.7487,0.6985,-0.1608,1.1859,0.3166,0.1307,1.6181,0.2864,0.0402,1.8141,1.2613,0.4271,0.0905,1.799,2.6231,2.593,1.191,1.0854,1.6382,1.3266,2.0553,0.0201,-0.2965,1.7739,0.2613,0.1457,1.7236,-0.0704,-0.4874,1.6935,0.8794,-0.3317,1.8744,3.6683,2.4623,2.8794,5.8492,2.0352,1.6482,4.7588,3.8794,2.3668,2.1407,2.3317,2.8392,2.7688,4.2312,1.9146,1.0201,5.402,2.6332,2.2111,1.1106,2.0553,2.5678,2.1256,4.8744,0.9648,1.0151,3.4472,3.6231,2.2764,1.6734,1.1508,2.2362,2.8593,2.4925,1.7035,0.8744,4.9899,3.8342,1.206,1.9196,0.4724,0.9648,0.804,3.6482,0.9095,0.5226,2.4523,1.608,2.0653,1.9447,0.2814,2.196,2.3819,2.5678,1.6181,0.7688,3.3719,2.3166,1.5477,1.9749,0.7739,0.7538,0.809,3.1106,0.7588,0.5829,2.6834,1.0503,1.4523,1.7236,0.2362,1.6281,1.8543,1.794,1.6181,0.9598,2.8291,1.603,1.0101,0.2613,1.2864,1.7035,1.8593,1.3819,0.6683,1.1759,1.799,1.7387,0.2261,0.1055,0.8844,0.3417,0.8141,1.3869,-0.0704,-0.1206,2.2312,1.3317,-0.196,1.9347,0.6281,0.6482,0.7387,3.9799,0.6382,0.804,2.6382,1.2814,2.0151,1.4322,0.5628,1.8593,1.8543,2.0251,1.1859,0.8995,3.7638,1.9698,1.3719,1.8392,1.196,1.1307,0.5628,4.6583,0.9095,-0.0151,1.9497,1.6281,2.4523,2.5126,0.206,2.6131,2.5176,1.7085,2.1608,1.1005,4.2261,2.6432,1.8894,2.3869,3.0352,3.9698,5.3015,4.2563,3.2915,3.0603,5.3166,2.9347,0.5628,0.1206,2.4472,1.0553,0.397,5.6884,2.4925,1.2211,4.0553,1.1357,0.3417,0.9698,1.7186,1.5779,1.6583,2.6985,1.3568,0.6834,2.3769,1.9296,1.0151,1.0201,1.1106,1.4121,0.5176,2.4573,0.6281,0.1307,1.8744,1.005,1.0201,0.2915,0.2613,0.7085,0.4874,2.1407,0.3467,-0.1508,0.8744,0.8945,1.1608,1.206,0.0352,1.5176,0.8543,0.8643,-0.201,-0.392,1.3819,1.0854,0.7337,2.3266,3.1658,3.9799,3.5578,8.1206,2.6432,1.7638,5.1005,4.3266,3.3166,2.9698,1.8693,3,3.8844,4.3719,2.6231,1.0352,7.9196,5.4121,2.5628,2.005,1.4824,2.8291,2.1055,4.3869,1.0704,0.8191,3.7538,2.7236,2.4422,2.0905,0.7035,2.5628,2.5578,2.3819,2.6181,1.191,4.9447,3.4523,1.5477,1.4724,0.6131,0.598,0.7739,2.8894,0.4975,0.0251,1.6432,0.9095,1.4221,1.5879,0.0854,1.799,1.7136,2.1106,1.4422,0.397,2.5779,1.6382,1.0854
1-212.txt_139,0.9158,1,0.2376,0.7426,2.8366,0.4802,0.5842,1.5891,1.0347,0.9802,0.5495,0.8317,0.8267,0.7376,1.8119,0.3317,0.3762,1.3564,0.2673,0.698,0.2624,2.0446,2.3465,2.7228,4.0644,1.4109,1.8515,2.5545,2.8861,1.8465,1.8465,1.4356,2.0248,2.1683,2.5446,0.5594,0.4356,4.6832,2.1485,0.9109,-0.1683,1.4455,0.7178,0.3663,2.2772,0.8069,0.8416,2.2129,1.505,1.0941,1.0842,0.896,1.0297,1.9208,1.6832,-0.3267,-0.5,2.9653,1.7228,0.3119,0.2376,2.3861,2,1.6337,4.0495,1.5545,1.599,3.2475,2.7772,1.6584,1.5693,1.2921,2.3416,2.8069,3.2277,0.1832,0.505,3.7426,2.604,0.8317,2.3911,4.2475,1.5198,3.8515,6.5495,2.599,2.4802,4.6535,4.1782,3.8812,3.297,2.4505,2.9901,2.3614,5.3069,1.2327,1.5099,5.599,1.7673,2.8168,0.302,1.6634,1.599,1.3762,2.5891,1.1139,1.0644,1.9307,1.9851,1.6139,1.5297,1.1089,1.7327,2.0495,1.5,0.1287,0.3168,2.7574,1.8317,0.9901,0.4356,1.3861,1.7871,1.4455,2.8614,1.0941,0.7525,2.4802,1.7871,1.4257,1.5891,0.9059,1.7822,2.1139,1.9455,-0.0099,0.4604,2.5693,2.2921,0.7871,1.1881,3.4752,1.6337,2.1634,5.604,1.7277,2.0792,4.2822,3.3366,1.9505,1.896,2.599,1.7525,2.302,3.9109,1.0396,0.6238,4.5248,1.8069,1.005,1.3267,2.8168,1.9901,2.8366,4.1188,1.7624,2,3.604,2.9505,2.1188,2.1139,1.1733,2.5495,1.7525,3.2426,1.4158,0.7525,4.6188,1.5891,1.2574,1.3317,2.0297,1.3515,2.6386,2.698,1.6931,2.1337,1.8713,2.1238,1.9851,2.2525,1.6535,1.4208,1.4257,2.9109,1.0149,1.302,3.8515,0.5941,1.5297,1.203,2.1881,1.0347,2.3861,2.8267,1.2772,1.5842,2.6634,1.5693,1.9851,2.4208,1.4653,1.5842,1.9802,2.3614,0.9356,1.1881,3.4158,0.9109,1.2723,-0.2624,1.1535,1.9406,1.3564,3.0941,0.8218,0.5644,1.9257,1.7129,1.2327,1.3218,0.9158,1.8119,1.8267,0.8812,0.0743,0.1436,2.8267,1.6238,0.4802,1.0198,1.8861,0.6931,2.0792,2.7079,0.9356,1.8119,1.9208,1.5891,2.099,2.2426,1.5248,1.505,1.604,2.3911,1,0.8762,3.396,0.9257,1.6436,1.6089,2.0644,1.302,2.7574,3.2129,1.4653,1.7277,3.2277,2.104,1.8515,1.8762,0.9653,1.5693,0.8218,2.9703,1.9752,1.2624,3.302,0.3069,1.1188,1.4752,2.7921,3.104,3.9554,4.1485,2.1485,2.5594,4.0594,3.9802,1.7327,1.7871,1.4208,2.7822,1.9802,4.8218,1.4406,0.7772,3.9752,2.2574,1.3713,0.203,1.0545,0.5743,0.1436,1.9158,0.0891,0.005,0.9356,0.7822,0.4554,0.4208,0.505,0.6733,0.9158,1.8465,0.0446,0.0396,1.3663,0.6535,0.0941,0.5495,0.9505,0.1089,0.7277,1.3663,0.2475,0.4752,0.6535,0.7376,0.797,0.5545,0.7871,0.4604,0.6287,1.5248,0.2079,0.3465,1.5446,0.604,0.302,2.0198,3.3069,2.005,3.5693,5.6535,1.9059,2.4752,4.6139,3.7129,3.7228,3.6337,1.7723,3.4356,3.4901,4.3317,1.5495,1.3317,6.7723,2.0446,2.5594,1.5842,1.4703,1.4307,2.6089,2.5941,1.4158,1.7525,2.5198,1.505,1.0545,1.4109,1.0149,1.1881,0.0594,2.2228,2.3762,1.1584,2.396,-0.7921,0.3416,1.2426,1.1683,0.3762,1.5842,1.7822,1.2129,1.4356,0.9257,1.0941,1.505,1.6683,1.0149,0.8762,0.6287,1.6337,0.5594,0.9257,2.5099,0.0446,1.3762
1-212.txt_141,0.8134,0.9617,0.5024,1.1675,0.8995,0.7703,0.9139,1.3541,0.7943,0.7081,0.5024,0.7321,0.4402,0.445,1.9234,0.2488,0.3445,1.3971,0.488,0.4115,0.8947,1.9904,1.4211,1.9809,2.0048,1.3445,1.3254,2.1914,1.799,1.3349,1.2488,1.3397,1,1.9665,2.7225,0.0766,0.1627,3.1818,1.4976,0.8756,0.5263,0.7033,0.4833,0.6268,1.6938,0.3158,0.177,1.3014,0.5694,1.8325,1.6124,0.4498,1.0287,1.3732,1.3589,-0.1196,0.4641,2,0.6938,1.3971,0.7033,1.244,0.8756,1.11,2.7273,0.6555,0.7847,2.1866,1.2344,1.5407,1.2201,0.7177,0.799,1.8565,2.1627,-0.0096,0.4258,2.799,1.2632,1.2823,1.2153,2.3732,0.799,1.3397,2.3923,1.4737,1.1053,2.7656,2.689,2.445,2.7273,1.3014,2.1722,2.0861,2.8852,0.2201,0.7416,3.7321,1.8373,1.4498,0.6459,1.2632,0.6986,1.0144,1.4545,0.8565,0.7656,1.1435,1.2297,1,0.8182,0.8565,0.5646,1.3876,1.7129,0.0526,0.1675,1.7608,0.933,0.7081,0.6077,1.1914,0.4976,0.6746,1.8134,0.6938,0.8325,1.0335,1.0335,0.8708,0.6699,0.799,0.4354,1.3445,1.8517,-0.0096,0.2344,1.8278,1.1053,0.7703,1.2249,2.7464,1.5502,2.7225,2.5502,1.4593,1.5933,3.0335,2.1005,2.2871,2.0909,1.7225,1.4498,2.5885,3.3732,0.1053,0.5167,3.8995,2.0287,1.5407,0.9091,1.9856,1.177,1.5885,1.9856,1.5455,1.1675,2.0957,1.8756,1.4928,1.5072,1.5742,1.0239,1.9282,2.4498,0.3014,0.311,2.9809,1.555,0.8421,0.8804,1.5072,0.8756,1.1962,2.2775,0.9474,0.8517,2.3876,1.5167,0.9809,1.2775,0.9904,1.11,1.3636,1.8134,0.2967,0.3732,2.8565,1.3923,0.6029,1,1.4498,1.1005,1.1818,1.9091,0.8947,0.8134,2.5407,1.5885,1.0383,1.2392,0.8182,1.1053,1.5407,1.9043,0.1818,0.4976,3.067,1.5789,0.7033,0.6842,1.2584,0.9043,1.555,1.244,0.9139,1.0383,1.3062,1.2919,0.8038,0.8038,1.0287,0.5981,1.3062,1.9234,-0.0813,-0.0526,1.7512,0.8325,0.4976,0.7129,1.2871,1.134,1.11,1.2919,0.799,0.7656,1.8038,1.2823,0.6316,0.8469,0.7512,0.6555,1.1435,1.3732,0.3971,0.2392,1.9809,1.0287,0.3062,0.9234,1.8421,1.4976,1.0144,2.5407,0.9761,0.4115,2.5837,2.0096,1.5742,1.9091,1.0526,1.3014,1.8804,2.0191,0.4019,0.4258,3.3493,2.0957,1.0144,1.4163,2.3014,1.1722,2.0383,2.7512,1.3206,1.6842,2.8565,2.1914,2.2105,2.0144,1.4976,1.4833,2.7512,3.7368,-0.1005,0.5024,4.2823,2.2584,1.6124,0.4163,0.2775,-0.177,0.2344,-0.0096,0.3254,0.2679,0.2727,0.1196,0.3445,-0.0526,0.3301,0.1196,-0.2679,0.7895,0.1244,0.244,0.1148,-0.0574,0.3541,0.5933,0.5072,-0.1196,0.4785,0.4928,0.6555,0.7368,0.5167,0.3014,0.512,0.3589,0.5502,0.3541,0.0287,1.0431,0.1866,0.3493,0.5311,-0.0144,0.5694,1.6411,3.0909,2.1196,2.2679,3.8469,1.6364,1.2775,3.9187,3.0813,3.2344,3.2536,1.7751,2.2727,3.6842,3.9569,0.3301,0.7273,5.6029,3.4163,2.1053,0.89,1.6746,1.2823,1.0239,2.0191,0.8517,0.445,2.0766,1.7608,1.5167,1.5885,0.933,0.9856,1.6938,1.866,0.3971,0.4067,2.7799,1.7129,1.067,0.6746,1.1005,0.3301,0.756,1.3684,0.6938,0.555,1.7081,0.8038,0.5981,0.9282,0.6411,0.7656,0.866,1.2297,0.3636,0.3876,1.9713,0.7368,0.3206
1-212.txt_143,1.265,1.13,0.38,0.645,2.66,0.53,0.81,1.86,0.905,1.48,1.785,0.875,1.7,1.285,1.88,0.535,0.845,1.67,0.525,1.06,0.97,2.125,1.98,2.58,4.225,1.255,1.55,3.15,2.7,1.79,1.57,1.155,1.64,2.745,2.745,0.62,0.85,4.22,2.44,1.065,-0.1,1.69,1.275,1.25,2.78,1.1,0.57,1.655,2.41,1.495,1.615,1.5,2.04,2.655,1.74,-0.31,-0.095,3.055,2.52,0.625,0.41,2.32,2.515,2.945,4.25,1.57,1.6,2.575,3.72,1.46,1.32,1.89,1.93,3.085,3.44,0.535,0.715,3.82,2.68,0.235,2.935,4.18,2.825,4.45,6.835,3.03,3.41,5.715,4.06,4.895,3.83,3.095,3.715,3.075,6,2.12,1.705,5.92,2.425,3.31,0.91,1.38,1.76,1.965,3.08,0.945,1.21,2.16,2.24,1.25,0.695,0.93,1.21,2.32,1.835,0.44,0.41,2.57,2.34,0.585,0.41,1.735,2.445,2.845,3.065,1.19,1.445,2.425,2.33,1.5,1.115,1.335,1.38,2.555,2.67,0.39,0.455,2.915,2.51,0.625,1.515,4.04,1.44,2.57,6.11,2.055,2.105,3.97,3.7,3.07,3.595,2.69,3.28,3.62,4.15,1.12,1.045,4.91,2.79,2.055,1.56,2.77,1.91,2.485,4.92,1.865,2.285,3.785,3.505,2.63,2.135,1.44,2.865,3.07,3.675,1.69,0.725,5.445,2.805,1.48,1.84,1.54,1.135,2.625,3.64,1.785,2.33,3.06,2.675,2.285,2.33,1.64,1.625,2.275,2.79,1.585,1.765,4.065,1.27,1.71,1.5,1.625,1.23,2.125,3.405,1.345,1.97,3.575,2.02,1.595,1.885,1.525,1.45,1.595,2.635,1.525,1.34,3.605,1.13,1.53,0.55,1.58,1.755,1.64,3.395,1.005,1.025,1.53,1.73,1.975,1.845,1.095,1.875,2.42,1.655,-0.175,0.45,2.62,2.22,1.075,1.495,1.75,1.275,2.045,3.605,1.485,2.2,3.21,2.315,1.715,1.61,1.835,1.745,1.705,2.955,1.57,1.405,3.755,1.605,1.715,1.885,2.215,0.855,2.095,3.9,1.785,2.475,3.28,2.605,2.75,2.585,1.32,2.36,1.73,2.68,2.005,1.395,4.675,1.055,2.74,2.39,2.825,3.345,4.085,5.06,2.665,3.045,5.175,3.93,2.145,1.855,2.08,2.33,1.94,6.155,1.875,1.44,4.84,2.09,1.8,0.57,1.19,0.565,0.805,2.29,0.24,0.26,1.395,0.885,0.85,1.1,0.465,1.215,1.33,1.91,0.01,0.03,1.31,0.86,0.54,0.525,0.835,0.57,1.395,1.255,0.585,0.62,0.55,0.595,0.635,0.57,0.85,0.82,0.675,2.14,0.04,0.295,1.63,0.3,0.24,2.705,3.415,1.98,3.115,6.43,3.01,3.15,5.735,4.725,4.825,4.03,1.985,3.635,4.575,5.19,2.295,1.15,9.165,4.255,3.615,1.285,1.93,0.93,1.72,3.74,1.775,2.28,2.305,2.52,2.195,1.69,0.925,1.9,2.115,3.24,2.34,0.98,4.035,1.485,1.99,1.375,0.775,0.2,1.375,2.435,1.56,1.71,1.72,1.355,1.635,1.62,1.215,1.14,0.95,2.275,1.1,1.045,3.42,0.615,1.505
1-212.txt_145,0.9061,1.2155,0.6519,1.1989,2.6409,0.768,0.9227,1.8398,1.6188,1.4144,1.3646,1.3536,1.1271,0.9337,1.8508,0.6796,0.5138,2.4309,0.7293,0.9392,0.4641,2.3757,2.011,1.9834,3.4586,1.6464,1.6519,2.6409,2.674,2.9061,1.7845,1.1381,2.0773,3.5359,3.6796,0.2486,0.5249,4.8232,2.8011,1.9613,-0.0331,1.6188,1.3757,1.5525,3.0939,1.1492,1.1381,2.4917,1.8508,1.5746,1.0663,1.1436,1.7569,2.4365,2.4807,-0.0497,-0.5138,3.7956,2.1105,0.8122,0.1602,2.2541,2.8343,3.3094,3.0829,2.3425,2.9669,2.9061,3.0552,1.4972,0.895,1.674,2.0331,2.7956,3.9061,0.4088,0.1657,4.7514,2.5193,0.7845,2.7403,3.8177,2.7238,3.9337,8.5746,3.0387,2.6298,5.7459,4.2431,4.3923,3.8011,2.6354,3.5193,4.0497,5.3591,1.8453,1.3425,7.1657,2.7735,2.779,0.6906,1.2155,1.5967,1.1713,2.7845,1.4254,1.2597,2.1989,1.8564,2.0608,1.3812,0.6077,1.8785,2.0994,2.3425,0.4254,0.5856,3.1547,1.9227,1.5525,0.2155,1.6961,2.5912,2.3315,2.3425,1.7569,2.2265,2.2155,2.2541,1.2155,0.8895,1.4088,1.4972,1.7072,2.7459,0.5801,0.884,3.1602,1.8453,0.8232,1.6133,3.7238,1.8122,2.9558,4.9945,2.3315,2.5304,4.3812,3.7017,2.8343,2.4586,2.9337,2.9669,3.5912,5.4254,1.2431,0.7348,5.2983,2.5249,1.7293,1.4751,2.7127,2.4365,2.3978,4.3923,2.2541,2.1823,4.4641,3.232,2.6519,2.3094,1.4475,3.1768,3.1768,4.0497,1.4309,0.547,6.0718,2.105,1.8895,2.0166,1.9282,1.5525,2.2431,4.7127,1.4309,1.4254,3.1602,2.4254,2.9779,3.0055,1.6851,2.3702,2.2376,3.0829,1.7624,1.9061,4.663,1.2541,1.9006,1.7017,1.8343,1.337,2.1105,4,1.1436,1.1989,3.4309,1.6961,2.0221,2.3149,1.7182,1.6796,2.0663,2.8066,1.6188,1.0166,3.674,0.9448,1.1271,-0.1381,1.2099,1.4254,1.1878,2.5801,1.4641,1.105,1.7956,1.7459,2.0994,1.4088,0.8674,2.1602,2.4696,1.9779,-0.0497,0.4309,3.3702,2.0608,1.2155,1.442,1.7735,1.3591,1.7735,3.6575,1.0276,1,3.3812,1.7901,2.116,1.4972,1.2707,1.3867,1.6354,3.4033,1.3646,1.1105,3.4807,0.7569,1.6409,1.9392,2.011,1.5414,2.9116,4.6077,1.4033,1.8177,3.337,2.7901,3.0331,3.326,1.4917,2.1602,1.4972,3.1547,1.8674,0.6961,4.7348,1.1271,1.9448,2.0387,3.5525,3.1547,4.1823,4.663,2.8453,3.2431,4.4641,4.6575,1.6796,1.6851,1.4751,2.2431,2.0387,5.7348,1.7901,1.5083,5.4917,2.7293,1.9282,0.2707,1.326,0.6464,0.4917,1.884,0.3039,0.0387,1.5249,1.221,1.0276,0.9392,0.9061,1.0552,1.1713,1.9503,-0.0497,0.105,2.4033,0.9061,1.0442,0.5525,0.8287,0.0663,0.4751,1.7238,-0.0331,0.4144,1.105,0.7293,1.2431,0.768,0.4144,0.8508,0.7514,1.4144,-0.4586,0.1768,1.3702,0.8011,1.0663,2.0442,3.8785,3.547,4.0829,6.8619,2.2597,3.0055,5.8674,5.1713,5.0331,4.3591,2.2597,3.9337,4.2762,5.1989,1.7514,0.8729,8.337,3.8232,3.7072,1.7956,1.1547,1.5525,1.7901,3.3536,0.7624,1.6354,3.2983,1.9282,1.9116,2.2099,0.8122,2.1215,1.2044,1.8619,2.0276,0.6354,3.5635,0.5028,1.3867,1.2983,1.3812,0.9006,1.5746,3.1436,0.7569,0.9282,2.3757,1.3591,1.9945,1.9779,1.232,1.4586,1.2707,2.3757,1.3315,1.326,3.3757,0.7072,1.326
1-212.txt_147,0.191,0.691,0.5281,0.4326,0.4663,0.3202,0.3315,0.2303,0.6348,0.4607,0.5281,0.4045,0.3146,0.7022,0.5337,0.2416,0.5112,0.8708,0.5562,0.264,0.1404,1.2697,1.1348,1.8315,0.9831,0.6461,0.8764,1.8989,1.9326,0.9551,0.7865,0.9438,0.4494,1.7697,2.1798,-0.0112,-0.3315,2.6292,1.7079,0.4775,0.4157,0.7247,0.4663,1.3427,0.9719,0.4101,0.8034,1.4663,1.1573,0.3596,0.2865,0.5112,0.0843,1.0787,1.264,0.073,-0.3764,1.618,0.9213,0.1124,0.5337,0.9326,0.5618,1.2584,1.6236,0.3652,0.5506,1.4719,1.1124,1.236,1.2079,0.6461,0.6798,1.4326,1.6966,0.2303,0.0225,1.8876,1,0.764,0.4551,2.2697,0.9101,0.9551,2.2697,1.1236,1.0393,0.7978,2.0955,2.1854,2.2247,1.6236,1.573,2.882,1.691,-0.0899,0.1854,3.3427,2.4101,1.5,0.1461,0.5337,0.5225,0.8652,0.5843,0.0449,0.1573,1.427,0.7978,0.6404,0.5506,0.3539,0.2584,0.9326,1.4101,-0.0225,-0.118,1.4326,0.7247,0.3764,0.1685,0.618,0.5843,1,0.6236,0.0955,0.2247,1.3764,0.7528,0.5843,0.5281,0.4944,0.236,0.7697,1.3989,0.1461,-0.0955,1.2135,0.5562,0.2921,0.7753,1.5056,0.6685,1.7135,1.3483,1.4045,1.809,0.6124,1.8876,1.2753,1.1067,1.1854,0.9101,1.3427,2.0955,0.2809,0.0674,1.8034,1.236,0.9719,0.3483,1.618,0.9157,1.5562,1.5449,0.9831,1.0506,1.7809,2.1517,1.6798,1.6067,1.2247,1.1461,2.5112,2.2416,-0.0787,-0.4438,3.2191,2.3258,1.073,0.5674,1.6966,1.2022,0.6742,2.3989,0.9551,0.3427,1.1124,1.7809,2.4213,2.5899,0.9551,1.736,2.7135,1.5506,0.2416,0.8315,3.4326,2.3202,1.6742,0.4382,1.6124,1.3483,0.7921,1.9326,0.7753,0.3427,1.3764,1.7584,2.1629,2.2191,0.9438,1.4663,2.5281,1.573,0.2022,0.7978,3.3933,2.1517,1.5,-0.0112,0.8258,0.9438,1.5,0.5787,0.3427,0.5899,1.5056,1.3708,0.4719,0.3539,0.6517,0.1404,1.1067,1.4831,0.0393,-0.2865,1.8427,1.0225,0.1124,0.3652,0.9382,0.7753,0.4326,1.3371,0.3596,0.073,0.927,1.0674,1.5955,1.573,0.4831,0.9944,1.7135,1.0899,0.0899,0.5618,2.2416,1.4157,1.1404,0.6461,1.8427,1.1011,1.1517,2.1854,1.1685,0.927,1.5562,2.191,3.0225,2.8876,1.1854,2.0955,3.2753,2.0562,0.0787,0.2247,3.8708,2.6854,2.1798,0.5112,1.618,0.9775,1.5449,2.3539,0.7809,0.8708,1.8483,2.0112,1.8146,1.8764,1.0506,1.1348,2.3596,2.6292,0.0112,-0.0674,3.2416,1.9607,1.1124,0.1966,0.073,0.0225,0.2865,-0.0955,-0.1404,0.1685,0.6067,0.1461,-0.3258,-0.2921,-0.0337,-0.3258,0.3034,0.0506,0.1067,0.0112,0.4494,0.0955,-0.3258,0.1348,0.0955,-0.0225,-0.1236,0.2528,-0.3146,-0.2416,0.5899,0.1404,-0.1461,-0.0449,-0.1011,-0.2247,0.6742,-0.264,-0.0169,0.0281,0.6404,0.5449,-0.2079,0.9213,2.3989,1.2865,1.7697,2.7753,1.5169,1.4438,2,2.9494,3.8258,3.4045,1.7191,2.5393,4.0225,3.1404,0.0393,0.0955,4.7191,3.382,2.8933,0.3708,1.5899,0.8876,1.0562,1.6854,1.0955,0.8539,1.4607,2,2.3989,2.3146,1.073,1.8034,2.9157,1.8596,-0.0955,-0.1742,3.4213,2.4663,1.6966,0.3764,1.2135,0.8708,0.3258,1.8146,0.6573,0.1011,0.5674,1.2191,1.736,1.927,0.6461,1.2753,1.8933,0.9775,0.2022,0.7472,2.3258,1.6517,1.1854
1-212.txt_149,0.4,0.6846,0.4692,0.5231,1.2,0.3077,0.1615,0.8385,0.8615,1.1308,0.9923,0.4769,0.6846,1.3923,1.0846,0.1923,0.2077,1.4769,1.0154,0.8154,0.8923,1.4154,0.8846,0.9231,1.3231,0.7077,0.7462,1.2846,0.5385,1.6077,1.6769,1.1154,1.3692,1.2,0.8,0.6385,0.6,1.3615,0.3692,1.2615,0.5462,1.1154,0.7769,0.9,1.0846,0.7,0.6923,1.4692,0.6385,1.2462,1.3385,1.0154,0.9462,1.3077,1.0923,0.3308,0.4,1.5231,0.8,1.0231,0.8385,1.4077,1.1923,1.4769,1.3308,1.1923,1.2154,2.3538,1.1615,1.4538,1.4846,1.2846,1.0077,1.8462,1.6385,0.6308,0.8769,2.3462,1.3154,1.3077,1.5154,1.6462,1.8385,2.2077,3.2462,1.1,0.7692,3.6308,2.6846,1.9923,1.6,0.6846,1.0615,2.4308,2.6077,0.9308,0.8538,3.7846,1.8385,1.5,0.5231,0.8154,0.6231,0.6846,0.5154,0.5077,0.7,1.0154,0.1923,0.9615,1.2462,0.7308,0.8385,0.6923,0.2692,0.3923,0.4,0.6385,-0.0077,0.7385,0.5231,0.9308,0.7231,0.9,0.1692,0.7385,1.1385,1.2231,0.2308,0.7615,0.9308,1,0.6462,0.7923,0.4538,0.5,0.6231,0.7538,0.1231,0.7154,0.6308,0.8846,0.6615,1.0923,2.5462,0.5,0.2077,1.9846,1.5846,2.0692,1.9692,0.7154,1.2385,3.0846,3.1769,0.1538,0.3923,3.5692,2.6538,1.5615,0.7769,1.1077,1.2077,1.5615,1.6154,0.8,1.1538,1.5769,0.7846,1.5,1.5,1.2231,1.0538,1.7,1.3,0.9462,0.8231,2,0.6769,1.1077,0.9615,1.0077,1.0154,1.4692,3.1538,0.3769,0.3692,1.6,1.9,2.3385,1.8154,0.1308,1.1,2.4,2.1308,0.4231,0.9538,3.5231,1.8231,1.7231,1.0077,0.9308,1.0077,1.3923,3.2462,0.2077,0.1846,1.5462,1.4538,2.1077,1.6692,0.0231,1.0154,1.8692,1.6,0.4462,0.9692,3.1308,1.2077,1.5308,0.4462,1.2,0.8692,0.7538,0.3923,0.6308,0.6769,0.9615,0.3538,0.9231,0.9769,0.9615,0.9,0.5615,0.2769,0.4385,0.3154,0.5308,0.0615,0.7077,0.7077,0.6538,0.6615,0.9154,1.8769,0.2077,0.2769,0.9385,1.1462,1.3692,1.1385,0.0385,0.6923,1.1538,1.0077,0.2846,0.5615,1.8692,0.7385,0.9923,0.9154,0.8231,1.2462,2.1,3.4077,0.3769,0.6385,1.6,1.4231,2.4846,1.8846,0.3077,1.1308,2.2308,2.5308,0.6462,1.4385,3.8692,1.3769,1.8769,1.0846,1.7154,1.6154,2.2077,2.0462,1.5846,1.7385,2.6538,1.6846,1.8077,1.8231,1.3,1.2846,2.0769,2.1615,1.0308,0.8308,2.8692,1.3077,1.3769,0.1615,1,0.6769,0.6077,0.4154,0.6231,0.4615,0.7231,0.5077,0.4692,0.5923,0.9308,0.4538,0.5538,0.5385,0.1846,0.1385,0.6769,0.3923,0.3231,0.3385,1.2538,0.7692,0.9308,1.2692,0.6077,0.5,0.7769,0.8923,0.7538,0.7231,0.8,0.4923,0.8,0.7846,0.2385,0.4846,1.2692,0.6615,0.5154,1.4,1.6,2.2769,3.6692,4.2538,1.0538,1.5,3.0154,2.1462,2.9308,2.3846,0.9308,1.4231,2.8,3.4077,1.2769,2.1308,4.6462,1.6615,2.1923,0.5846,0.6308,1.2846,2.0231,2.3077,0.4769,0.9846,1.0769,0.8769,1.5385,1.2385,0.5538,0.7231,1.2615,1.5462,0.8077,1.0538,2.2077,0.4846,1.0692,0.6538,0.7462,0.7,1.0615,2.3077,0.2538,0.3,1.1077,1.6462,1.7923,1.3923,0.0462,0.8154,2.0077,1.7462,0.2308,0.6,2.6538,1.6077,1.2846
1-212.txt_151,0.7688,1.8688,0.6063,1.1375,3.2063,1.3438,1.0813,2.7188,0.875,1.9125,1.75,1.9125,1.3563,1.4813,2.325,0.3938,1.1562,3.0875,1.2375,0.9688,1.1687,1.425,2.15,1.75,4.0438,1.0437,0.95,3.2,1.9062,1.55,2.2188,0.7,2.2938,2.65,1.8938,0.7938,0.5125,2.9313,1.8688,0.9688,-0.1375,1,0.0813,0.2563,2.2063,0.7938,0.4188,2.0875,0.55,0.5625,1.2063,0.3438,1.1125,2,1.7063,-0.5625,-0.5625,1.3875,1.725,0.5438,1.575,1.4688,1.5625,2.1312,3.5938,1.2812,0.8875,3.6375,1.9563,1.0437,1.7313,0.8813,2.4625,2.925,3.7,0.4438,0.925,2.95,2.175,0.8875,3.3063,3.5062,2.4813,4.0688,8.125,2.9625,3.0125,6.9563,5.15,4.85,4.9625,2.6625,4.0375,3.3563,5.7625,2.1125,1.95,6.8313,2.475,3.5438,1.4938,1.1438,1.15,1.35,2.9875,1.2938,0.8688,2.4438,1.1062,1.2875,1.8375,0.4563,1.825,2.4,1.9875,0.5188,0.4312,2.2,1.4938,1.2313,1.05,1.0437,1.6063,1.7812,2.8375,1.0688,0.7563,2.8188,1.2875,1.5563,2.075,0.6938,2.2313,2.85,2.975,-0.075,0.3,2.2938,2.025,1.05,1.775,3.9688,1.5938,2.7,6.5125,2.3688,2.4875,5.2063,3.575,2.7375,3.4125,2.9563,2.925,3.45,5.3813,1.1438,1.8938,6.1375,2.7063,2.0438,2.075,1.85,0.7625,1.7313,4.8562,1.425,2.05,3.8313,2.1063,2.0875,2.9438,0.9,2.625,2.0875,4.2,1.4313,0.7625,3.7688,1.5312,1.475,1.9563,1.8125,0.675,2.2875,4.7625,1.625,2.1375,2.7938,2.9563,3.1188,3.1688,1.5312,1.9,2.0688,2.4,1.725,1.3688,4.4375,1.0188,2.1438,2.2063,2.6625,1.4813,2.8875,5.0938,1.8438,2.425,3.8688,3.0875,2.8688,3.0312,1.8438,2.1688,2.0062,3.225,1.9563,1.3188,4.6062,0.9562,1.8063,0.8312,0.7,1.3875,0.7688,2.95,0.675,0.1438,2.0813,0.5,1.3625,1.95,0.4312,2.1,2.2812,1.1125,-0.1875,0.175,1.75,1.1813,0.9188,1.75,1.85,1.3875,2.8625,4.0812,1.7125,2.3438,2.9313,2.3625,2.2,2.3688,1.8125,1.7563,1.8188,2.5688,1.65,1.1687,3.6375,1.25,1.7812,2.3688,1.7438,0.8125,2.5875,4.35,1.8563,2.6188,3.45,2.9813,2.4062,3.0188,1.0563,2,1,3.1,2.3875,1.5188,3.45,0.3625,1.9438,2.9938,2.9,2.2562,4,5.2938,2.7875,2.7063,5.9688,4.0312,1.9938,2.5813,1.8438,2.675,2.5938,6.65,2.1688,2.3875,4.1188,1.7875,2.0562,0.5125,1.5063,0.6063,0.775,2.45,0.4375,0.3813,2.0875,0.5062,0.6812,0.8188,0.9188,1.1625,1.025,2.4438,0.1,0.0063,1.45,0.4875,0.2875,0.9625,0.9375,0.325,1.4625,1.8063,0.7313,0.7812,1.3063,0.6438,0.8,0.7,0.8188,1.0125,1.1188,1.9188,0.1375,-0.2125,2.0312,0.7625,0.6188,3.4313,2.45,0.7062,2.175,7.8688,1.9062,2.4125,4.8125,5.5,4.575,5.2688,1.175,3.725,4.1438,4.65,2.025,1.5813,7.2188,4.0875,3.65,1.9875,0.7812,0.375,1.5875,4.3125,1.1,2.175,2.3875,1.975,1.8563,2.4,-0.4812,1.8813,1.2875,2.0375,2.1063,0.5938,2.5125,0.1312,1.175,1.3813,1.5188,0.425,2.1,3.4438,2.0938,2.0125,1.975,1.4,1.8188,2.1188,1.4375,1.4438,0.9125,1.8875,1.2625,0.9875,2.9938,0.2375,1.475
1-212.txt_153,0.7619,0.5238,0.381,0.5556,1.709,-0.1111,0.0423,1.5185,0.4074,0.8624,0.619,0.0952,0.1323,0.7725,1.3122,0.2857,0.254,1.6561,0.3968,0.8042,1.1164,1.2381,1.7937,1.8095,2.6984,0.963,1.2063,2.1905,1.5661,1.3228,1.0582,0.873,0.5767,1.4497,1.9947,1.0529,1.3704,2.4286,1.0106,1.1005,0.6296,1.3915,1.2593,1.5503,2.6561,0.9101,1.1905,1.9577,1.2328,1.6138,1.2804,0.8254,0.8254,1.4127,1.6032,0.6296,0.836,2.3122,0.9153,1.127,0.3545,1.418,1.455,2.0952,2.3122,1.254,1.9153,1.9206,1.7513,1.4021,1.4444,0.8624,1.1323,1.709,2.1693,0.3545,0.746,2.3862,1.4603,1.0899,1.0794,1.8148,1.3069,1.5291,3.3069,0.6931,0.9577,2.4921,2.3228,3.1587,2.5238,1.1534,1.3598,2.8624,3.1323,0.1323,0.4392,4.0952,2.5132,2.5661,0.6984,0.4603,0.7249,1.1005,2,0.418,0.9471,1.4815,0.672,0.7407,0.6825,0.3175,0.2063,0.5556,1.1323,0.4709,0.6508,1.4339,0.2487,0.7778,0.4709,0.6508,0.8995,1.5132,1.9683,0.5661,1.4021,1.5238,1.1164,0.6455,0.6561,0.4286,0.2011,0.8254,1.3333,0.4233,0.6984,1.4021,0.5979,0.7196,1.3386,1.8307,1.6138,1.746,4.0635,0.9365,1.0423,2.5926,1.7937,2.4868,2.1905,1,0.9735,2.1429,1.9048,0.8307,0.582,3.037,1.5608,1.9153,0.963,1.7937,1.7725,1.6825,2.9259,0.9577,1.1323,2.2646,2.0106,2.1323,2.0212,1.1852,1.3704,2.3069,2.164,0.6243,0.8519,2.9788,1.6455,1.6085,0.8836,1.9101,1.2593,1.0794,1.6349,1.1905,0.672,1.9788,2.1693,1.545,1.5979,1.3492,1.3968,2.3704,1.4286,0.1164,0.1481,3.5026,2.3175,1.4021,0.6931,1.7249,1.3386,0.8889,1.4286,1.1217,0.5714,1.8413,2.2275,1.2751,1.2963,1.3704,1.037,2.4074,0.9683,0.1905,0.2646,3.328,2.2963,1.0688,0.7884,0.619,1.3439,1.4392,2.2063,0.4603,0.9524,1.8783,0.8519,0.5979,0.4339,0.2698,0.1217,0.7884,1.3228,0.9683,1.2116,1.6138,0.291,0.5873,0.5556,1,0.7037,0.6931,0.7566,0.8571,0.4233,1.3651,1.0847,0.7302,0.7196,0.9418,0.5556,1.1217,0.3968,0.1587,0.0952,1.8148,0.9577,0.5979,0.7831,2.4762,1.9894,1.1587,1.9312,1.2328,0.5873,1.873,2.7354,2.2116,1.8889,1.7778,1.3757,2.8042,1.0265,0.5185,0.4074,3.2275,2.6772,1.5767,0.7672,2.0317,1.7831,2.6561,2.4339,0.6984,1.2751,2.7619,2.3228,1.1693,1.2751,1,0.3704,1.5397,2.3757,0.5767,0.5503,2.4339,1.1693,1.0688,0.4762,0.2063,0.2381,0.7407,1.5132,-0.2063,0.3704,0.9259,-0.0847,0.6138,0.2275,-0.0529,-0.1905,0.1799,0.8995,0.3333,0.4392,0.8148,-0.1587,0.5503,0.1746,0.3016,0.1958,0.9048,0.8307,-0.1481,0.6138,0.8201,0.2963,0.5132,0.3915,0.0899,0,0.6508,0.7989,0.0847,-0.0053,1.6032,0.4286,0.3333,1.2804,2.6085,2.7407,2.6825,3.6032,1.291,1.3333,3.0265,3.7196,3.0688,2.6138,1.8201,1.381,3.7619,2.0476,1.0317,1.1534,4.4656,3.3122,2.127,0.8307,1.8677,1.7354,1.1958,1.9524,0.9101,0.6402,1.672,2.164,1.8783,1.6614,1.4974,1.2275,2.4074,1.1746,0.5608,0.4497,2.6772,1.9894,1.2593,0.7884,1.2116,0.7831,0.9101,1.4392,0.672,0.418,1.6508,1.5714,1.2434,1.1587,0.8201,0.9418,1.7989,1.4286,0.0212,0.0635,2.9101,1.6931,1.0476
1-212.txt_155,1.65,1.3778,1.2389,1.6833,3.4778,1.3444,0.9,2.4889,1.5222,1.3556,1.3222,1.2278,1.6778,1.0556,2.7889,1.1556,1.1611,3.1,0.7722,1.1556,1.3444,1.4611,2.8722,2.7889,4.4056,0.8056,1.0333,4.0056,1.8611,1.3889,0.8444,1.0611,1.4722,1.4167,2.8778,0.7222,0.4389,4.75,2.0389,0.7667,0.75,2.3111,3.3,3.5889,3.9333,1.7444,1.5167,3.9778,2.7889,1.3611,0.3389,1.6444,1.7111,2.8556,3.7556,1.1333,0.4,4.2389,3.2778,0.6333,1.0556,2.4278,4.1222,4.0444,3.7722,1.8778,2,4.3,2.9333,0.8889,0.4278,1.8667,1.5944,2.7889,4.7778,1.3889,0.6111,4.4111,2.7722,0.3778,3.9167,4.3278,3.0722,3.3833,10.5778,3.1222,1.6667,6.6,4.2222,5.3722,4.8222,1.7222,5.0889,5.0611,6.9444,3.0333,2.6333,10.9167,5.6111,3.7667,1.0389,1.1556,2.1611,2.5222,3.3222,0.6833,1.1167,3.2778,1.6056,1.0056,0.0722,0.9556,0.75,1.1444,2.3611,0.5667,0.05,3.0889,1.6222,0.1056,0.3167,1.2444,2.7611,2.8333,2.0833,0.5611,0.8167,2.5667,1.5111,0.3333,-0.2667,1.6,0.8278,1.0667,2.2278,0.1333,-0.2833,2.8333,1,-0.3833,1.6444,3.85,3.7333,3.9389,6.3389,2.0833,2.0111,5.3944,3.3611,2.6111,2.0667,2.5667,2.8,3.2611,5.1667,2.0611,1.8889,6.4389,3.2944,1.7389,1.4889,2.8444,3.1222,2.3778,5.05,1.3333,1.0889,4.3444,4.2,2.3167,1.45,1.35,2.15,2.3611,3.1611,1.4389,1.8056,5.8167,3.8889,1.3444,1.9833,1.1667,1.1889,0.4889,4.9556,1.3611,0.0778,2.2444,1.7389,2.7056,3.4111,0.6,3.05,3.4944,3.1667,1.4,0.9167,4.6111,2.55,2.6,1.5333,0.95,0.8667,0.6167,3.6056,1.3389,0.6278,2.0389,1.5056,1.8944,2.6,0.3833,1.8389,2.3667,1.9611,1.5333,1.2111,3.15,1.4167,1.4611,0.5778,1.1944,2.3778,3.0667,1.7778,0.5389,0.9444,3.3722,1.3056,0.1611,-0.5944,1.0889,0.2333,0.9722,1.7222,0.2833,0.0833,2.7056,1.1556,-0.4056,2.2444,1.4444,1.15,0.7278,4.8944,1.3056,0.9944,2.4444,1.8556,2.5611,2.2111,1.0667,2.6667,2.4556,3.5167,1.4222,1.2278,4.4889,2.3556,2.0556,1.8444,2.3389,2.0556,1.55,5.9611,1.0667,0.3167,2.3333,2.9167,3.0278,3.4389,0.7778,2.7222,3.05,3.4056,2.2611,1.8944,6.6111,3.8278,2.5611,2.5889,3.95,5.1889,6.8778,5.4389,3.5556,4.1778,6.5611,4,1.35,0.3444,2.7722,1.7833,2.15,7.2444,2.8167,2.6167,6.9556,2.8556,0.4667,1.0222,1.3833,2.1222,2.15,2.55,1.15,0.55,2.3056,1.7611,1.0278,0.7889,1.15,1.05,0.85,3.1889,0.5333,0.2056,2.4222,0.9056,0.6778,0.6222,0.2778,1.3611,1.5333,3.05,0.5389,0.0222,1.0889,1.3722,0.8167,1.0611,0.2833,1.0611,1.6,2.8611,0.0833,-0.0333,2.6722,1.0222,0.5667,2.8944,4.0167,5.05,4.5611,9.7278,2.8,2.0111,6.6111,5.8667,5.1167,4.2611,2.3167,4.6389,6.0167,6.6,2.85,2.3389,11.0222,6.8167,3.5778,2.0444,2.2778,2.5556,2.3389,5.8444,1.3889,1.0056,4.1611,4.1611,2.8556,2.5778,0.9333,2.7556,2.7778,3.6056,2.2333,1.8611,6.9222,4.2278,2.2778,1.8389,0.45,0.5278,-0.1111,4.2,0.6111,-0.3667,1.1611,1.15,2.3278,2.6667,0.0889,2.3389,2.4389,1.9889,1.1833,0.4444,3.5333,2.2611,2.0778
1-212.txt_157,0.6372,1.0512,0.1349,0.7628,2.7767,0.7023,0.5674,1.2791,0.6279,1.2233,0.9814,0.8233,0.9302,0.7395,1.7953,0.3302,0.4744,1.814,0.6326,1.3767,1.1349,1.8605,2.1767,3.0326,4.4512,2.1442,1.814,2.9953,3.1674,1.6047,1.4977,1.4837,1.5767,2.0884,2.9023,1.3442,0.8698,4.1674,1.6605,1.1349,-0.0698,1.786,1.6558,1.7256,2.5302,1.3163,0.6791,2.4698,1.707,0.9535,0.986,1.1628,0.8186,1.8326,1.9116,0.2093,0.2837,2.9581,1.5349,0.3535,0.2,2.7814,2.7814,2.6,3.7953,1.6512,1.5953,2.9907,3.014,0.9814,0.8279,1.5023,1.0977,2.6372,3.6233,0.6186,0.7023,4.2326,2.3302,0.4884,2.7256,4.4977,2.1535,3.2884,6.707,2.8233,2.8884,4.7209,4.0744,3.7256,3.3488,2.2837,2.6512,2.5814,5.2558,1.8698,1.3023,6.2279,2.5023,2.7907,0.986,1.8186,1.9442,2.107,3.0372,2.014,1.6558,2.5907,2.4651,1.4419,1.5302,1.2233,1.2465,1.8884,2.2372,1.2186,0.8372,3.3907,1.8837,0.9256,0.6186,1.7907,2.0093,2.2047,2.7488,1.8465,1.5302,2.5907,2.0465,1.2977,1.0326,1.414,1.0884,2.1023,2.5302,0.7581,1.1814,2.9488,1.9442,0.9023,1.7581,3.6465,2.0605,2.4977,4.0326,2.0837,2.9953,3.9395,3.1395,1.6233,1.6419,2.4651,1.8651,2.9349,4.4651,1.1535,1.1209,4.693,2.414,1.1581,1.2698,3.0651,1.707,2.093,4.4465,2.0093,1.9488,3.8233,3.5023,1.8977,2.2279,1.5302,2.1674,2.5721,3.3535,1.6372,0.586,5.3628,2.6744,1.693,1.2326,1.2744,-0.0558,0.7349,3.6279,1.3535,1.1767,1.3907,1.8419,2.3442,3.1953,0.2791,2.5163,2.0698,1.7209,1.0651,0.814,3.4884,1.5023,1.6419,1.2047,1.9628,0.7116,1.6791,3.9302,1.5535,1.6419,2.5302,2.1116,1.3907,2.2279,0.9628,1.7535,1.0651,2.1581,1.5581,0.7628,3.2884,0.986,0.814,0.2512,1.0279,1.9349,1.7349,2.6605,1.6558,1.1535,1.8791,1.6279,0.8558,0.9628,1.2093,1.1442,2.0465,1.3535,0.0047,0.4,2.6698,1.5767,0.3163,0.9535,1.7395,0.6047,1.1581,3.4047,1.5767,1.6884,1.7721,1.7163,1.5349,1.6837,0.9581,1.4605,0.6,1.9116,1.5535,0.8,2.8326,0.3674,1.107,1.6093,1.4837,0.5395,1.6186,3.8791,1.5581,1.7256,2.4558,2.4744,2.0837,2.6186,0.8233,1.7581,1.4512,2.386,1.4465,0.1767,4.3163,1.5581,1.3721,1.7488,3.0698,3.0884,4.2279,4.6837,3.1907,3.2698,4.3023,3.5721,0.8977,1.2744,2.2512,1.5302,1.2605,5.586,1.7163,1.386,4.386,1.493,1.3953,0.1256,1.7256,1.0977,1.2605,1.693,0.7395,0.4698,1.4605,1.2233,0.6093,0.8558,1.0605,1.0465,0.9814,1.8,0.2233,0.386,1.9395,0.6791,0.586,0.3395,1.1209,0.5256,1.1349,0.8977,0.6512,0.6512,0.7302,0.5535,0.4884,0.4558,0.9535,0.4605,0.8605,1.3628,0.3907,0.5302,1.3721,0.8279,0.4837,2.4233,3.5767,2.0326,3.0512,6.6233,3.2465,2.9721,4.8651,5.2047,3.5535,3.6512,2,2.8558,3.986,4.4419,2.3163,0.8,8.107,4.1581,2.7628,1.3395,0.8605,0.5349,1.9209,3.6047,1.4093,1.3116,1.9023,2.4047,1.7814,2.0698,0.5488,1.3628,1.1953,1.9302,1.6,0.2233,3.7953,1.4372,1.3256,0.5814,0.4791,-0.3163,0.4,2.5442,1.1907,0.8419,0.786,1.4047,1.7209,2.4512,0.0837,2.0512,1.5256,0.9581,0.3349,0.614,2.8884,0.7488,1.5302
1-212.txt_159,1.5263,1.2807,1.1345,1.3275,4.3567,1.3801,0.6257,2.614,1.6433,1.386,1.7778,1.2047,1.8772,1.7485,2.731,1.4678,0.8363,3.1696,1.4386,1.4094,0.9123,1.5848,2.883,3.3567,3.8246,1.1579,1.7368,3.1696,2.7778,0.8304,0.3392,1.0292,1.386,2.1404,3.4269,0.6199,0.6257,4.6667,2.3918,0.8304,0.5673,2.6433,3.2398,3.3275,3.4035,1.8889,1.9123,4.2924,3.7018,2.2047,0.9591,1.7602,2.4152,2.7135,3.8246,0.8187,0.2865,4.4971,2.7602,1.1228,0.7193,2.924,3.8304,3.9006,4.2456,2.4503,2.1754,4.5497,4.1871,1.3626,0.4327,2.0994,1.9766,2.4971,4.8596,1.0058,0.5263,4.8538,2.6491,0.5965,4.5205,3.7485,3.2982,3.4094,10.3918,3.2515,1.6842,7.0819,4.117,5.386,4.5029,2.2339,4.5848,4.9006,7.8713,3.1754,1.7485,9.7602,4.8421,4.3333,0.9006,1.6199,2.5439,3.1637,2.8363,1.3509,1.6023,2.6257,2.1462,0.4912,-0.2807,1.3743,1.1579,0.7135,2.924,0.3275,0.4503,2.9708,0.8889,0.4386,0.0351,1.2632,2.9708,3.0058,1.5614,1.2924,1.2749,1.9474,2.0058,0.5029,-0.3801,1.731,1.0994,0.9883,2.3041,-0.3041,-0.4912,2.5965,0.8772,-0.0526,1.9415,4.4444,3.5205,4.3275,6.6608,2.9591,2.6667,5.9649,4.8596,2.655,2.269,3.4971,2.8596,2.9825,5.7661,2.3567,0.9649,6.4269,3.2105,2.1813,0.9474,2.1404,3.0819,2.2339,5.9474,1.2164,0.9649,3.6901,4.6082,2.5439,1.8947,1.9298,2.8304,3.4035,4.6842,1.5439,1.2807,6.8772,5.0936,2.1871,2.3099,0.8889,1.0994,1.4152,4.6082,1.1111,0.3684,2.538,1.5146,2.269,2.7135,0.4386,1.9474,3.1988,3.9649,1.386,0.7193,4.4912,2.3743,1.4035,2.2281,0.8538,0.8421,0.9474,3.9883,0.848,0.3509,2.6667,1.1696,2.1111,2.5614,0.5731,1.5205,2.4152,2.6959,1.4444,0.8655,3.7602,2.2865,1.0468,0.7018,1.2982,2.1579,2.5789,1.5789,0.9298,1,2.6608,2.1637,0.269,-0.1637,0.9357,0.7895,1.9883,2.0292,0.1345,0.2339,4.2632,1.848,0.1462,1.9532,1.5497,1.2807,1.3977,4.3216,1.2807,1.2164,2.5322,1.4795,1.8596,1.5965,1.269,1.4678,1.9591,3.6199,1.2749,1.0643,4.5088,2.4678,1.2573,1.9532,2.3626,2.0936,1.4094,5.7953,1.5029,0.5556,3.2807,3.269,3.1462,3.8363,1.5088,2.7193,4.1813,4.5497,2.1462,1.6901,6.7778,4.6667,2.0058,2.6316,3.5906,5.0234,5.8421,6.7076,3.5673,3.5965,6.6901,4.1813,1.8655,1.7251,2.4152,3.0058,3.1228,7.0526,2.731,2.3977,7.6842,3.1871,1.5146,0.8947,1.4912,1.9123,2.2398,2.6023,1.1988,0.4971,2.3801,2,0.8538,0.5789,1.1053,1.3392,0.883,2.8304,0.8596,0.0292,2.7135,1.0234,0.9532,0.7193,0.4386,0.807,1.0702,2.0702,0.7661,0.0058,1.2982,1.5029,0.4327,0.5906,0.4327,1.0234,0.8187,2.152,0.1696,0.0468,2.6433,0.8363,0.6959,3.5439,4.0117,4.5965,4.7485,10.2515,2.6901,2.4971,7.0468,6.3392,5.4094,4.6374,3.3392,4.3392,6.4444,7.4561,3.1579,1.9006,11.4561,8.2632,4.1988,2.3216,1.848,2.9474,2.2573,5.6433,1.0643,0.7895,4.1462,3.9942,2.8012,3.0643,1.2222,2.8304,3.6316,3.883,2.3275,1.4269,7.3684,5.1462,1.8538,2.0877,0.3099,0.2456,0.3216,3.8538,0.5965,-0.2865,1.7368,0.0819,1.5439,2.193,0.1696,1.8538,2.3158,3.0409,1.0643,0.4737,3.4386,1.8246,1.3099
1-212.txt_161,0.0667,0.3091,0.9273,0.5939,0.9636,0.1697,0.2727,0.7515,1.3394,0.5455,0.7455,-0.0242,0.3636,1.5697,0.8545,0.1697,0.1455,1.8545,1.497,0.2788,0.3273,0.5394,1.3758,1.6424,0.9394,0.5697,0.7212,2.4303,1.0485,0.3576,0.1576,0.2667,0.1636,1.1091,1.9152,0.6909,-0.5394,1.7515,0.7939,-0.2667,0.5212,0.8424,0.5091,0.8242,1.6727,0.1758,0.2727,2.1273,0.9939,1.1879,0.7576,0,0.4848,1.5152,1.7212,0.297,-0.2303,2.4788,1.1636,0.5394,0.7758,0.6424,0.3879,0.8848,2.5697,-0.0182,0.5758,2.6182,1.0606,1.3273,0.897,-0.1636,0.5091,1.7455,1.9091,0.2848,-0.3091,2.5879,1.4909,0.6909,0.6424,0.9394,1.0909,1.4242,5.0424,0.4909,0.5273,1.703,3.0485,3.5515,3.8303,0.1212,2.3758,4.4121,2.1818,0.4061,0.5515,4.6242,3.3939,3.0424,0.4606,0.6424,0.5576,0.4424,0.4909,0.3697,0.4848,1.903,0.6788,0.3576,0.2303,0.103,0.2788,0.9212,0.8424,0.4061,-0.503,1.7333,0.6667,-0.1152,0.4848,0.5273,0.5212,0.6545,0.6606,0.2364,0.6,2.2727,0.7818,0.3697,0.2061,0.0909,0.0667,0.9939,1.0242,0.2606,-0.4727,1.9394,0.903,-0.2485,1.0727,1.4909,1.8606,1.4364,3.7152,0.7273,0.9212,2.2848,2.3697,2.0182,1.5273,0.697,0.8121,2.4545,3.0242,0.9333,0.6303,3.3636,1.9939,1.497,0.7394,1.497,1.2485,1.6909,2.2545,0.7818,0.9394,2.5152,1.9273,2.1697,1.7697,0.4848,1.1758,2.897,2.1636,0.497,-0.0485,4.0242,2.103,1.4182,0.8788,0.7879,1.1515,1.2545,2.6606,0.4667,0.4909,1.3515,2.1091,3.303,3.4727,0.1697,2.3394,4.3212,1.9515,0.2545,1.3515,4.3455,3.2606,3.1636,0.703,1.1394,1.1758,1.2606,2.3394,0.7212,0.7697,1.2727,2.1636,3.1152,3.2364,0.5818,2.2848,3.8364,2,0.2364,1.2303,3.7939,2.7697,2.9455,0.103,-0.1333,0.5818,0.9697,-0.1091,0.0667,0.4667,1.5818,0.3636,-0.4848,-0.6424,-0.0848,-0.5515,0.4364,1.1455,0.4545,-0.7879,0.9697,0.4121,-1.0364,0.3879,0.5515,0.5333,0.6061,1.3636,0.2242,0.2485,0.8667,1.2727,2.2667,2.4485,0.2303,1.7394,2.8606,1.3212,0.0242,0.8788,2.6545,1.9394,2.0545,1.0848,2.0061,1.6303,2.103,3.2909,1.2485,1.1879,2.3273,2.8606,3.7939,3.7939,1.3758,2.6909,4.7697,2.7818,0.4364,1.2182,5.0121,3.3879,3.3697,0.4667,1.1697,2.0424,2.3455,2.3394,1.7576,1.7455,2.3879,2.4606,2.1636,1.9758,0.2182,1.2606,2.9697,2.103,0.5636,0.2242,3.7455,2.4424,1.4909,0.2121,0.1333,0.3455,0.3212,0.8606,-0.0727,0.0485,1.0242,0.6606,0.2667,0.2788,-0.0909,0.1515,0.7333,0.7333,0.1273,-0.0909,1.0485,0.6242,-0.0242,0.0424,-0.0424,-0.3697,-0.4,0.9152,-0.297,-0.3818,0.0848,0.3091,1.0182,1.3394,-0.3333,1.0061,1.5212,0.5939,-0.3394,0.0121,1.1758,1,0.7576,1.2242,3.0909,2.1576,2.3636,3.897,2.1515,1.8061,3.1212,3.7333,4.1818,4.0121,2.2242,3.1515,5.3636,3.503,0.5576,0.6788,5.9879,3.8545,3.4364,0.8182,1.897,1.2242,1.497,2.2545,1.303,1.0545,2.0727,2.2485,2.7333,2.6788,1.2242,2.0061,3.7455,2.0364,0.303,0.5212,4.1212,2.6545,2.2364,0.6364,0.6182,1.0727,0.7515,2.0545,0.3818,0.2424,0.9758,1.897,2.5879,3.0242,0.0545,2.0606,3.7515,1.5091,0.2121,1.2485,3.6788,3.0121,2.4909
1-212.txt_163,0.0537,0.322,0.4634,0.2585,1.7024,0.1854,0.039,0.8976,0.6293,0.561,0.7561,0.122,0.4829,0.9415,0.3415,0.0195,-0.0293,1.6732,0.6829,0.361,1.161,1.4488,1.8537,2.1951,1.7073,1.0244,1.5366,2.5268,1.639,0.961,0.9415,1.1268,0.9073,1.6439,2.1317,1.3707,0.9366,2.5707,1.039,0.8439,0.9366,1.4195,1.9805,2.2634,1.5415,1.1024,1.478,2.7854,1.8976,0.5463,0.6341,1.4049,0.6488,1.4195,2.4878,1.3951,0.8829,2.522,1.1024,0.3659,0.7171,1.9024,2.4195,2.4976,1.6244,1.3854,1.878,3.1366,2.561,0.3073,0.7024,2.039,0.6537,1.4976,3.5512,1.5415,0.7756,2.8976,1.2634,-0.0098,0.961,1.4341,1.1512,1.3707,4.0244,1.2341,0.6439,2.7073,1.5122,2.8537,3.0341,0.5951,2.1561,2.9171,2.0146,0.322,0.3366,4.4976,1.8878,2.1756,0.3951,1.0195,1.6195,1.4049,1.1317,0.6439,0.8829,1.7171,1.2732,0.1512,0.3415,0.839,0.522,0.9854,1.3756,0.8878,0.4927,1.6829,0.639,0.0244,0.5366,1.1707,1.8878,2.0293,1.039,0.9463,1.4146,2.3171,1.5854,-0.078,0.1756,1.3317,0.3756,0.7561,2.0878,1.2683,0.6878,1.7073,0.5415,-0.1951,0.961,1.7756,2.3024,2.5268,2.9951,1.1463,1.3902,4.1805,2.2732,1.5512,1.678,1.5415,1.2195,2.5366,3.2634,1.1805,0.6293,4.3805,1.8585,1.0829,0.4732,1.2341,1.2683,1.8293,1.9805,0.9659,0.9512,1.8732,1.0976,1.9659,2,0.8683,1.5366,2.0293,1.8049,0.6195,0.8634,2.7854,1.1024,1.4683,0.122,1.4439,0.8537,1.1317,2.078,0.6488,0.8341,1.1659,1.4,2.3366,2.561,0.5854,1.6439,2.8537,1.4829,-0.122,0.2,3.7463,2.1366,1.6927,0.3415,1.5756,1.0195,1.2244,2.278,0.7171,0.8488,1.4585,1.439,2.478,2.6293,0.5707,1.7756,2.9561,1.5415,0.0244,0.3756,3.9805,2.2195,1.8878,0.9317,0.9415,1.7366,2.0732,1.1756,0.8293,1.3073,2.3366,1.3561,0.0585,0.0537,1.0195,0.2341,0.6585,1.9854,1.4683,0.8195,1.5122,0.3902,0.0585,0.0195,1.2439,0.8537,0.8341,1.5366,0.4537,0.561,0.9561,1.1366,1.5756,1.7659,0.4146,1.1805,2.2439,0.9854,-0.0049,0.3024,3.2585,1.8,1.1415,0.2146,2.0732,1.2537,1.8537,2.6098,1.0195,1.1463,1.7415,1.4878,3.1073,3.1854,1.0146,2.0976,3.2878,1.9171,0.1512,0.8488,4.4049,2.1756,2.3659,1.0439,1.9463,2.0976,2.2293,2.9317,1.2098,1.3805,3.1171,1.9073,1.9805,2.1122,1.7024,1.6049,2.4683,2.722,1.3366,1.1463,3.8829,1.5805,1.4927,0.4146,0.678,1.1512,0.9902,1.2098,0.5756,0.6537,1.5366,1.2537,-0.1024,0.1024,0.6098,0.2244,0.6488,1.039,0.7317,0.3463,1.3659,0.6098,-0.1317,0.278,0.7512,1.0244,0.8732,0.7463,0.5561,0.7024,1.0195,1.2976,0.039,0.2439,0.4341,0.2829,0.7902,0.678,0.5024,0.3171,1.2293,0.7366,0.0244,0.761,3.2341,2.6,3.2098,4.078,1.7561,1.9171,3.7854,2.6488,3.761,3.9463,1.8146,2.8146,4.4293,3.3463,0.8146,1.1024,6.3268,2.8537,2.8146,-0.1317,1.2829,0.7561,1.522,1.7902,0.7268,0.7951,0.9463,0.839,2.3561,2.4732,0.5854,1.6683,2.4927,1.0829,-0.1171,0.4634,2.9463,1.4,1.6585,-0.0732,0.9707,0.6195,0.8244,1.5951,0.4146,0.5561,0.7805,1.0488,1.7756,1.9902,0.278,1.2829,2.2634,0.8683,-0.2829,0.0098,2.8976,1.6732,1.2488
1-212.txt_165,1.234,1.1489,0.4628,0.5213,2.5691,1.1223,0.9521,1.3032,0.8085,1.1755,1.0106,1.016,1.2234,1.1543,1.5053,0.5319,0.6649,1.8936,1.3085,0.766,0.5904,1.7394,2.3936,2.5745,4.117,1.5798,1.6543,2.8883,2.3777,1.9149,1.8989,1.0745,2.016,2.9149,2.2979,0.1755,0.5213,4.117,2.3457,0.6489,-0.1596,1.516,1.2128,1.1436,2.8032,0.9787,0.8617,2.6809,1.8457,1.0319,1.2394,0.6915,1.7128,2.5691,1.7979,-0.3404,-0.5,2.8564,2.6064,-0.0479,0.4362,1.9947,2.3617,2.7181,3.9521,1.8245,1.734,3.5,2.8404,1.3936,1.4362,1.3777,2.2713,2.734,3.5532,0.2234,0.6011,4.2447,2.7074,0.4255,2.6649,4.2021,2.7819,4.0798,6.0319,2.4415,3.0053,4.8032,4.2606,4.0106,3.3085,2.6064,3.0638,2.6649,4.9309,2.367,1.6862,5.6277,2.0798,2.7606,0.9096,1.4521,1.3723,1.7181,3.117,1.0479,1.5,2.4787,1.2872,1.4415,1.4468,0.9468,1.3936,1.5106,1.8617,0.4628,0.2926,2.7287,1.2287,1,0.4149,1.3404,2.2872,2.3191,2.7872,1.0691,1.5372,2.6649,1.7979,1.4628,1.2447,1.4628,1.7606,2.1915,2.75,0.0372,0.5585,2.867,2.2713,0.6436,1.0479,3.633,1.4415,2.3404,5.0851,2.6543,2.0106,3.1755,3.1649,2.7872,2.5745,2.2021,2.6383,3.016,3.9362,0.7872,1.1755,5.1649,3.0638,1.6383,1.3564,2.8989,2.1809,2.9043,3.5798,2.1011,2.1383,3.9521,2.7766,1.9468,2.2021,1.1809,2.4947,2.2606,2.9574,1.4947,0.3989,4.734,1.7926,1.0798,1.3777,1.3936,1.0319,2.2128,3.9894,1.0957,1.9521,2.0372,2.0213,2.5691,2.7713,1.2766,1.8511,2.2872,2.7766,1.4149,1.1489,3.9149,0.8085,1.8989,1.2074,1.7234,1.0798,2.1755,3.6223,1.0798,1.9734,2.5479,1.4309,1.8883,2.2713,1.3777,1.8404,1.8723,2.4202,1.766,1.2128,3.117,0.6383,1.6011,0.0532,0.9043,1.5957,1.7074,2.6277,0.9628,1.0532,1.9202,1.383,1.6011,1.3351,0.9574,1.7926,2.1862,1.8936,-0.2128,0.1489,2.5638,1.7181,0.5904,1.2181,1.5691,1.617,2.4415,3.4947,1.5319,2.0745,2.7979,2.0319,1.7926,1.516,2.0479,1.234,1.1596,3.0213,1.7234,1.4521,3.0106,0.4787,1.7021,1.5585,2.1702,1.0532,2.5266,3.0266,1.4947,2,2.4628,2.5638,2.5904,2.8777,1.1755,2.3085,1.3032,2.7713,1.8085,0.8936,3.8511,0.3883,2.4202,1.8989,2.3883,2.883,3.4362,4.5638,2.383,2.3191,4.4521,4.5851,2.1702,2.0372,1.6809,2.4574,2.5266,4.3777,1.7553,1.8245,5.016,2.4681,1.867,0.7021,1.0851,0.766,0.5957,2.4787,0.6011,0.25,1.5851,1.0851,0.8457,0.6383,0.8298,0.8191,1.5638,1.4947,0.2394,0.3883,2.133,1.4309,0.3404,0.8404,0.7447,0.4362,1.1489,1.5,0.5691,0.7394,0.9734,0.6064,0.6436,0.3457,0.8245,0.8351,0.5638,2.1596,0.2021,0.2553,1.1968,0.4362,0.6436,2.266,3.0479,1.9734,3.9043,6.3617,2.4468,2.9574,4.1543,4.4681,4.9947,4.0851,1.7926,3.9096,3.3511,4.0691,1.6011,1.2979,8.1862,2.8298,3.867,1.2128,1.4681,1.1436,2.383,2.8511,1.3936,1.9096,2.0851,2.617,2.117,2.3298,0.6383,2.0266,1.4309,2.133,1.8404,0.4415,3.6117,0.7553,1.6596,1.1223,0.8085,0.7766,1.3191,2.633,1.0957,1.6755,0.9787,1.0266,1.4787,1.3883,1.1223,1.117,0.5479,2.0479,1.4681,1.1383,1.8351,-0.1011,1.4149
1-212.txt_167,0.5198,0.4576,0.1723,0.3842,1.4802,0.6215,0.1723,0.7062,0.4463,0.5367,0.5085,0.4831,0.5763,0.3418,1.9124,0.4237,0.3192,0.7458,0.0141,0.5113,0.226,2.8672,3.0763,3.5085,4.1525,0.5819,2.1977,1.5904,2.9153,2.8192,1.9774,2.2429,2.2034,3.4492,-0.1299,0.1864,0.2655,5.0085,2.7938,1.7627,-0.0819,2.7401,2.9605,3.3362,3.7034,0.7486,1.8588,1.5339,2.9435,2.935,2.0989,2.0141,2.4944,4,-0.1695,0.1638,0.1836,4.6412,3.2655,1.6525,0.2401,3.2571,3.6271,4.209,4.5113,1.0508,2.5706,2.0028,3.3418,3.0847,2.4153,2.3333,2.2938,4.1186,-0.1497,0.452,0.5763,5.4576,3.2881,1.9831,1.0763,4.5367,3.7203,4.7147,8.3644,1.887,2.9576,2.6808,4.5763,5.9463,4.9548,3.2712,4.3418,6.565,-0.291,0.4887,1.0424,9.3955,4.887,4.2006,0.291,0.7232,0.9859,1.2316,1.1554,0.9661,0.4633,1,1.0932,0.4294,-0.1441,0.5734,0.1836,0.2825,2.5028,0.2966,0.2542,1.0339,0.8446,0.0734,-0.1017,2.2401,2.5847,2.8898,2.8333,0.5706,1.8051,1.3446,2.6328,1.8333,1.4661,1.9011,1.5198,2.4209,-0.1158,-0.1328,-0.0537,3.5198,2.1243,1.0028,0.8898,2.1186,1.6751,1.904,3.5395,1.2316,1.5452,2.3249,2.2288,1.6723,1.1582,1.7825,1.4972,2.0424,2.2458,1.0593,0.8588,3.1554,2.1949,1.1893,0.1328,2.7627,2.4463,2.6695,4.6836,0.5621,1.5424,1.6441,3.4746,3.6723,3.3023,1.8559,3.0763,4.048,0.209,0.4153,0.7458,5.3333,3.3898,2.5113,0.3672,3.1102,2.8249,3.2881,5.3531,0.6836,2.2825,1.1497,3.0763,4.209,3.5932,2.5085,3.2853,4.9972,-1.3955,0.1243,0.3164,5.9831,3.4802,3.0904,0.5847,2.3559,2.0791,2.5452,4.4972,0.2232,1.7712,0.8757,2.3757,3.435,2.726,1.822,2.7232,3.8927,-1.0734,0.3192,0.3701,4.6582,2.6328,2.5424,0.113,2.0565,2.2994,2.5819,2.9407,0.3644,1.6864,1.209,2.1864,2.0395,1.5141,1.5113,1.5565,2.7316,-0.3446,-0.0593,0.1158,3.7345,2.0311,1.096,0.7401,2.2684,1.6469,2,4.3983,0.8249,1.5706,1.1073,2.2062,3.1102,2.3757,1.9915,2.6836,3.5791,-0.4237,0.2797,0.5847,4.4096,2.4887,2.7147,0.3729,3.6921,2.7994,3.5169,6.7232,0.3757,2.404,1.0932,3.709,5.1836,4.3559,2.5932,4.1243,5.8192,-1.6073,0.5,0.678,6.8305,4.3305,3.8249,1.8079,-0.6384,0.178,0.1073,-0.5819,2.0424,-0.4944,4.5198,-0.2627,-2.4237,-1.7345,-0.774,-1.2034,-2.9181,5.4435,1.8249,1.1186,-0.7062,-1.0819,-1.4322,0.5113,0.4011,0.7288,0.6638,0.7203,0.9915,0.2825,0.9576,0.7797,0.2853,0.1836,0.3249,0.3249,-0.0621,1.9492,0.5226,0.322,0.4124,0.0819,0.1102,0.1045,0.2994,0.4774,0.8051,1.0763,0.6186,0.4576,0.178,0.678,0.4209,0.5452,0.2994,0.7655,0.5424,1.2119,0.1977,0.0876,1.0593,0.5904,0.3277,1.1638,4.5056,4.3927,5.1893,9.2006,1.0424,3.4153,2.7627,5.1186,6.6554,5.1723,3.4011,5.0339,7.5593,-1.0678,0.8023,0.9435,9.7429,6.4831,4.4435,0.3164,2.4011,2.2599,2.7203,4.8559,0.5226,1.8701,1.4548,3.0169,3.8729,3.2175,1.7175,2.9887,4.2006,0.6186,0.2994,0.4887,5.4266,3.6469,2.7712,0.2062,2.0593,1.7514,2.2203,4.0254,0.5847,1.2684,0.3418,1.9463,2.5791,2.2881,1.6836,2.3842,3.3503,-0.4859,0.1893,0.2345,4.452,2.4096,2.0395
1-212.txt_169,0.5135,0.6802,0.509,0.9414,1.4099,0.3829,0.6306,0.7793,0.7207,1.491,1.3784,0.4865,0.7793,1.1892,1.4955,0.3243,0.6396,1.5405,0.9775,1.2117,0.8604,1.7523,1.7973,2.2387,1.5676,1.1622,1.5811,2.3559,1.7162,1.2523,1.2162,1.4189,0.9189,1.9189,2.5631,0.9459,0.5946,2.8288,1.6306,0.8514,0.5225,1.6937,1.018,1.5225,1.1847,1.1937,1.3423,1.4595,1.5135,1.1396,1.4414,1.1306,1.1577,1.6622,1.8694,0.4054,0.2297,2.6351,1.6306,0.7072,1.045,2.1396,1.455,2.3874,2.3378,1.3559,1.6532,2.2568,1.7793,2.027,2.2252,1.4865,1.6441,2.1306,2.509,0.6306,0.5,3.2072,1.7703,1.4369,1.3423,2.1396,1.4054,2.2883,4.009,1.0541,1.5495,2.3243,1.7027,3.018,2.9324,1.3288,1.6712,3.0856,2.5811,1.1171,1.4865,4.3018,2.0721,2.2613,0.6126,1.3784,0.9414,1.3063,0.8288,0.8559,1.0631,1.3153,1.0631,0.7072,0.7207,1.1532,0.6081,0.9189,1.8198,0.5,0.3108,1.6441,0.8514,0.5135,0.7523,1.3919,1.0045,1.5991,1.1667,0.9459,1.1622,1.7207,1.1036,1.1216,1.1712,1.0901,0.8919,1.2793,2.0405,0.464,0.2703,2.2297,1.1126,0.8108,0.8784,2.018,1.4459,2.1351,2.5676,1.2613,1.5721,2.0721,2.1667,2.5405,2.8063,1.1757,1.7523,2.482,2.6937,0.6171,0.7928,3.5315,2.0946,1.8739,0.5541,1.6802,0.9459,1.3784,1.2613,1.1171,1.0946,1.8108,1.3829,1.3198,1.4189,1.1171,0.9865,2.0991,2.1486,0.3333,0.2297,3.4324,1.7072,0.8919,1.2568,1.2297,1.1396,2.0045,3.545,0.536,0.8559,2.3829,1.1757,2.7568,2.5586,0.973,1.5315,2.1982,1.7432,0.7883,1.0766,2.464,1.2117,2.2748,1.2207,1.3649,1.1486,1.8964,3.3694,0.5946,0.9099,2.3739,1.3784,2.473,2.3018,0.991,1.3559,2.2432,1.8694,0.7523,1.0135,2.7883,1.3018,2.009,0.7342,1.4279,1.3874,1.7523,0.9414,1.0991,1.473,1.6171,1.2207,0.7297,0.7568,1.3378,0.6982,1.1532,2.036,0.9685,0.5676,2.0495,1.1261,0.509,0.8198,0.8423,0.8243,1.3874,2.036,0.3784,0.6216,1.6036,0.8243,1.6216,1.4459,0.7297,0.9685,1.2748,1.2838,0.5946,0.8243,1.5676,0.7613,1.4009,1.1982,1.8649,1.7613,2.4234,2.9369,1.1126,1.3649,2.5991,2.036,2.2613,2.0721,1.5495,1.3468,2.1892,2.2072,0.9595,0.9955,2.7523,1.6261,1.9144,1.3514,2.6441,1.9685,2.545,2.1396,2.2432,2.2793,2.6441,2.0766,1.7297,1.8604,1.9955,1.4865,2.545,2.7342,1.1216,0.9054,3.3468,1.7072,1.2928,0.2027,0.8649,0.518,0.8739,0.5225,0.5811,0.8243,0.527,0.8874,0.7027,0.8739,0.4955,0.5676,0.9279,1.4505,0.2252,0.3468,1.5856,0.991,0.4279,0.3919,0.6351,0.4955,0.991,0.9009,0.4369,0.7027,0.7928,0.7613,0.8694,0.9505,0.3919,0.6396,0.9955,1.1667,0.3198,0.4505,1.2072,0.7523,0.6126,1.8378,2.7297,2.6081,3.5135,4.2793,1.4189,1.9279,3.7568,2.4459,3.1486,2.8108,1.9369,1.7162,2.7658,3.2613,1.545,1.6712,3.6306,1.8243,2.5766,0.8288,1.3829,1.2477,1.6441,1.9324,0.7748,0.9099,2.027,1.4054,1.482,1.3964,1.0991,0.8559,1.6847,1.8198,0.7613,0.7523,2.1892,1.1757,1.2162,0.9595,0.8063,0.7297,1.4865,2.7748,0.3018,0.5811,1.7162,0.7703,2.3018,2.1306,0.6667,1.2613,1.6937,1.3649,0.6081,0.9189,1.8198,0.9144,1.9189
1-212.txt_171,2.916,2.2977,1.9466,2.1374,4.5573,1.6336,0.916,4.0458,2.5267,2.1069,3.7328,0.5115,2.2977,3.2824,4.8168,1.3664,0.6489,4.7405,2.7176,1.3588,2.542,2.9618,1.9771,1.4733,4.8626,1.8702,0.5725,2.7252,3.8931,2.8779,4.2061,0.0916,3.4275,4.1374,4.8473,1.3359,0.1985,7.1908,3.5267,1.6641,1.458,0.9313,1.145,1.1298,3.3969,0.1756,-0.6489,3.9542,2.8931,2.1069,3.1145,-1.2519,3.0382,5.2443,3.1374,1.0382,-0.3893,5.8092,3.626,0.8168,2.2977,1.4046,2.2214,2.9542,3.1221,0.5267,0.3664,5.4885,2.7786,1.9771,2.8168,-0.687,2.8702,4.2901,4.1374,0.7481,-1.2901,4.9924,2.6565,0.3588,4.542,5.4275,3.8244,4.1832,8.2672,3.5954,2.6031,6.4275,5.4351,4.4046,5.4962,2.3664,4.2061,5.0916,9.2214,3.4046,3,8.7863,5.0534,2.8626,1.4504,1.313,1.1069,1.1374,3.4809,0.7176,0.6641,1.7328,2.5649,2.2977,3.0534,-0.2824,2.1221,3.3359,2.6183,0.7481,0.0305,4.2672,2.2443,1.3893,1.2824,0.7557,0.9847,0.458,2.9389,-0.2366,-0.5191,1.7786,1.8397,1.3511,2.2366,-1.4656,2.1069,3.3969,1.7023,0.4275,-0.6336,2.6336,2.229,-0.0763,3.2595,3.5191,3.7023,4.0229,6.3893,1.8931,1.3435,6.8779,4.3282,2.3511,4.2443,1.0305,3.145,4.7557,7.2824,2.0076,0.2214,7.0382,3.9237,1.6107,2.4656,3.229,2.8015,1.6412,5.3893,2.1298,1.0229,3.5649,4.8015,3.374,4.6183,0.8168,3.3817,5.0992,5.1069,1.9618,0.7557,7.3969,4.4122,1.9771,2.2595,3,1.5344,1.6947,4.5954,2.6336,1.2824,2.9695,2.4122,2.3435,2.5802,1.3664,1.5038,1.313,4.9313,2.2366,2.2061,3.7863,2.4351,1.9313,3.7023,3.8092,2.5115,3.771,5.7023,2.2672,2.1679,5.1832,3.0076,2.9924,3.3053,1.2977,2.145,1.9237,6.4504,2.4198,2.0229,5.1603,3.2901,2.2977,0.5649,-0.0611,-0.313,-1.7099,2.1985,-0.8779,-2.0611,0.0763,1.626,1.4962,2.6794,-2.1374,1.8931,3.1908,0.5115,-0.1527,-1.4351,2.9924,1.2443,0.5191,2.8092,2.771,1.458,3.2443,4.4275,1.7099,1.9924,3.1374,2.2519,2.4809,2.626,0.8397,1.2595,1.0305,5.2595,1.8168,2.2901,3.2672,2.3511,1.9237,2.9847,4.3359,3.3282,5.0611,4.771,3.3817,3.7557,4.1069,3.4733,2.0458,2.8168,3.1221,2.1527,1.4656,6.4275,2.542,2.0305,4.9237,3.1374,1.3053,5.1374,4.8244,4.1832,4.7328,9.2061,2.7481,2,7.0992,6.2748,4.5038,6.6336,0.7939,4.8244,7.4885,9.7634,3.0458,1.1679,10.7023,6.2214,2.7863,1.4427,1.4351,0.8702,0.4351,3.3817,0.8015,-0.0534,2.7786,2.1298,1.5267,2.4885,-0.2519,1.8473,3.145,2.9466,1.3282,0.2519,4.2214,2.3511,0.5496,0.687,0.1145,-1.6565,-3.0382,4.0992,-0.2672,-2.4504,-0.3435,1.4733,3.0534,3.3053,-2.2061,2.7557,4.1145,0.8626,0.6336,0.4504,4.7634,3.1603,2.1069,4.5344,6.374,3.7939,6.0382,8.3588,4.0992,3.6641,6.6183,5.9542,4.374,5.8397,2.8244,4.1832,6.3893,9.7939,3.6489,2.3282,9.7863,6.2366,2.3664,2.229,4.4198,2.5802,2.9542,4.855,3.1221,2.3282,3.6412,4.1756,2.1832,3.2824,1.9389,2.3511,3.2977,5.8473,2.7328,1.8779,6.8092,4.1832,1.2214,1.7176,2.2214,1.0382,1.1527,3.5191,2.1145,0.9924,1.7863,1.7099,1.1145,1.542,0.6794,1.0534,0.6565,2.6641,1.3893,1.6336,2.5496,1.6489,1.0611
1-212.txt_173,0.9162,1.3874,0.7016,0.7696,2.3822,0.8953,0.8429,2.4503,1.3979,1.445,1.3927,1.2461,1.2565,1.1414,1.5916,0.4869,0.9738,2.3508,1.1204,0.712,0.9005,2.0628,1.801,1.9529,3.7801,1.7068,1.3822,2.9791,2.4031,2.1518,2.1099,0.6911,1.801,2.6859,2.8639,0.9895,1.1047,4.2408,1.9948,1.089,0.0628,1.2304,0.9267,0.8482,2.2251,1.1152,0.3874,2.6126,1.4346,1.0419,1.199,0.5602,1.6492,1.8325,2.6021,0.0785,-0.0419,2.5916,1.7068,0.5183,0.3351,2.1937,2.7592,3.0262,4.0366,1.3874,1.555,3.4398,3.2199,0.9581,0.7277,1.8796,1.9581,1.5916,3.7853,0.8168,1.4555,3.3141,2.1885,0.2723,3.6021,3.6859,1.8482,4.2094,6.2408,2.6178,2.8901,5.5654,3.6492,3.9529,4.1623,2.1623,2.911,3.0524,5.9162,2.1675,1.7016,5.8848,2.4241,3.2408,0.534,2.0366,1.7696,1.8377,3.1466,1.6335,1.4188,2.3194,2.0524,1.6597,1.4712,1.178,1.6754,2.2723,2.1047,0.5183,0.8743,3.1257,1.6911,1.0314,0.2199,1.801,2.1937,1.8691,2.6283,1.1937,0.7382,2.2513,2.3037,1.2618,0.9267,0.9895,1.5969,2.4084,2.4136,0.0314,0.7539,3.0576,2.6859,0.6387,1.2461,3.2513,1.5393,2.9162,4.7225,2.4869,2.8429,3.9843,4.0366,2.5288,2.801,2.2251,3.1518,3.4607,4.5969,0.5916,1.5026,5.4031,2.9791,1.5393,1.8377,2.7173,1.6492,2.623,4.0995,2.4136,2.0942,3.801,3.1204,2.5759,2.4031,1.0157,2.7696,2.6806,4.5812,1.7435,0.8691,4.9738,1.7173,1.2356,2.1414,1.4031,0.7853,1.6963,4.2827,1.5759,1.623,2.2565,1.9372,2.7382,2.9215,0.9215,1.8586,2.0262,2.4241,1.4503,1.3298,4.0838,1.1728,2.0419,2.0314,1.5393,0.9267,1.9529,3.8691,1.377,1.5497,3.2304,1.9215,2.3037,2.555,0.6806,1.8115,2.1309,2.5026,1.5393,0.9005,3.6649,0.9843,1.7801,0.2094,1.0524,1.2408,0.9738,2.8063,1.1047,0.644,1.466,1.1099,1.2513,0.9791,0.8639,1.2775,1.6283,1.2932,0.3874,0.5183,2.267,1.5445,0.6963,2.0262,1.6754,0.7435,2.0733,3.801,1.6754,1.9791,2.5916,1.7487,1.8377,1.7853,1.1361,1.8168,1.8743,2.5916,1.3822,1.1047,3.5654,1.2984,1.9634,2.1728,2.0105,1.178,2.0681,3.7749,2.1257,1.9738,3.4084,2.3979,2.5393,2.6963,0.6702,2.2408,1.6911,3.0314,2.0733,0.9424,4.089,0.6126,2.0681,2.1937,2.623,3.4084,4.1937,4.4921,2.6126,2.8796,5.7173,4.3717,0.9843,1.6126,1.801,2.3508,2.3298,6.2827,1.7173,2.2827,4.7906,2.2984,1.2932,0.3455,1.5812,0.8901,0.9162,2.1623,0.6021,0.2618,1.9215,1.1518,0.4974,0.3141,0.7906,0.8168,1.0785,2.0105,0.1047,0.6702,1.7225,0.644,0.3455,1.2251,1.1152,0.7277,1.1466,1.7592,0.534,0.7225,1.5497,1.288,0.6335,0.5131,0.555,0.6492,1.089,2.3351,0.2565,0.5183,2.3141,1.4607,0.4136,3.3979,3.4188,2.4869,3.3298,6.4031,3.2827,2.8901,5.7801,4.8901,4.7592,4.0366,1.3141,3.6178,3.5864,4.5916,2.3089,1.5236,7.5026,3.8691,3.5812,1.9895,1.0942,0.9791,1.8534,3.7277,2.2775,1.5812,2.7906,2.2618,1.9843,2.1309,0.1099,1.822,1.1466,2.0157,2.288,0.7382,3.5026,0.6073,1.8482,1.4241,0.9738,0.2618,1.1257,2.7487,1.0733,1.2094,1.267,0.8901,2.0052,2.1152,0.7382,1.6021,1.6911,1.5759,0.911,1.2461,2.822,0.7435,2
1-212.txt_175,0.995,1.06,0.04,1.155,2.76,0.505,0.94,1.425,0.75,1.67,1.5,0.84,1.205,1.23,1.495,0.535,0.81,1.765,1.055,0.985,0.365,2.21,2.58,2.775,3.6,1.705,1.48,2.105,2.205,1.965,1.485,1.885,1.26,1.855,3.195,0.78,1.235,4.08,1.415,1.135,-0.195,1.705,1.53,1.435,2.535,0.45,0.65,2.575,1.645,2.145,1.455,1.615,1.88,1.98,2.495,0.095,0.26,3.23,1.785,1.02,0.76,2.92,2.795,2.645,4.015,1.305,1.105,4.275,2.92,2.155,1.475,1.81,1.76,2.19,4.02,0.87,0.885,4.15,1.85,0.765,2.725,4.125,2.285,4.625,6.88,2.85,2.745,5.26,4.215,4.21,3.695,2.635,3.53,3.2,5.04,2.245,1.875,6.49,2.415,3.35,0.3,1.41,1.685,1.48,3.13,0.95,1.195,1.825,1.32,1.515,0.85,1.6,0.99,1.23,2.41,0.29,0.35,2.57,1.16,0.74,0.11,1.425,2.12,2.23,2.165,0.89,0.96,2.705,1.845,1.275,0.71,1.36,1.255,0.87,2.13,0.415,0.74,1.75,1.275,0.41,1.42,3.065,1.44,2.32,5.68,2.09,1.235,3.08,3.025,3.34,2.955,2.795,2.48,3.415,3.455,1.13,1.57,4.935,2.66,2.185,1.19,2.42,2.46,2.815,4.395,1.305,1.355,3.63,2.61,2.755,2.135,1.865,2.345,2.57,2.815,1.805,1.68,5.095,2.1,1.77,1.935,1.605,1.205,2.17,4.43,1.995,1.485,2.43,2.955,2.66,3.23,0.705,2.185,3.01,3.545,1.04,0.86,3.995,1.31,2.375,1.71,1.305,1.08,2.22,3.885,1.425,1.17,2.95,2.305,2.33,2.105,0.39,1.68,2.34,2.61,1.365,1.075,3.265,0.825,1.715,-0.19,1.085,2.03,1.415,2.43,0.38,0.855,1.84,1.425,1.74,0.875,1.17,1.195,1.845,2.015,0.345,1.06,2.9,1.285,0.89,1.24,1.455,1.205,2.125,2.97,1.765,1.675,2.435,2.31,1.975,1.69,1.215,1.205,1.805,2.765,1.29,0.99,2.95,0.86,1.355,2.1,2.045,1.43,1.955,4.06,1.705,1.07,3.045,2.61,2.545,2.77,0.915,1.885,2.305,2.78,1.855,0.675,4.805,1.48,1.95,1.755,2.39,2.935,4.045,5.17,2.065,2.395,3.96,3.345,2.515,1.89,1.91,2.025,2.03,4.885,1.78,1.695,4.24,1.765,2.26,0.1,1.365,0.76,0.765,1.91,0.425,0.41,1.26,0.905,1.185,0.82,0.975,0.99,0.775,2.055,0.205,0.375,1.785,0.97,0.655,0.62,0.88,0.61,1.355,2.045,0.32,0.305,1.06,0.98,0.76,1.295,0.68,1.175,1.025,1.79,0.185,0.22,1.71,0.955,0.995,2.47,2.71,2.315,3.595,7.035,2.265,1.74,4.835,4.49,4.825,4.16,1.53,3.44,4.255,4.42,1.645,1.29,7.85,3.29,3.7,1.335,0.955,1.13,1.53,3.45,1.2,0.91,2.64,1.98,1.555,1.545,0.56,1.285,1.515,1.92,1.36,0.145,4.095,1.4,1.395,1.36,1.085,0.095,1.355,2.975,1.44,1.255,1.505,1.785,1.87,2.27,0.32,1.845,1.855,2.675,0.595,0.59,2.975,0.64,1.82
1-212.txt_177,1.0976,1.1512,0.1171,0.4244,2.8098,0.6683,0.2829,1.9707,0.5024,1.2829,1.2146,0.9756,0.9805,0.5268,1.2683,0.3463,0.3561,1.5317,0.1268,0.8976,0.4,2.5171,1.7122,2.2439,4.1756,1.5756,1.1756,2.8537,2.8098,2.2927,2.1659,1.1707,2.3171,2.639,2.9756,0.678,0.8927,4.1659,2.2537,1.2829,-0.3805,1.3512,0.9171,0.8634,2.0537,1.0341,0.8976,2,1.3122,1.3073,1.1561,0.6195,1.2829,1.9854,1.7171,-0.2098,-0.4683,3.2244,2.3951,0.6195,0.1512,2.4098,2.0585,2.0683,3.5268,1.4976,1.1171,2.9512,2.3756,2,1.6146,0.922,2.1171,3.1268,3.3561,0.3073,0.5707,3.9512,2.4976,1.039,2.4634,4.0439,2.161,3.8,6.3415,3.1707,3.3024,4.922,4.2732,3.5951,3.4927,2.878,2.9317,2.5415,6.1561,1.9317,1.4439,7.039,1.8341,2.8634,0.561,1.9317,1.1512,1.561,3.0195,1.2,0.8829,2.0829,2.1317,1.7902,1.839,0.9171,2.2098,2.2829,2,0.678,0.4683,3.0537,2.3268,1.3073,0.1415,1.6488,1.5463,1.6732,2.6927,1.0488,0.7756,2.1561,1.639,1.7171,1.3268,0.7854,1.5902,2.2244,2.0927,0.4098,0.3659,2.6098,2.1854,0.9707,1.6634,3.4439,1.7268,2.4293,5,2.5366,2.1659,4.2146,2.922,2.2341,2.7902,2.2244,2.4146,2.7073,4.2683,1.1171,1.2,5.2293,1.722,1.4244,1.4293,3.1317,1.639,2.4146,4.2146,1.9561,1.7707,3.4976,2.9366,2.6829,2.6488,1.1659,2.7951,2.0537,3.3902,1.8585,1.239,4.6878,1.4585,1.7317,1.6829,1.3463,0.678,2.0927,4,1.6146,1.9171,2.4585,2.3171,2.5268,3.0293,1.0244,2.039,1.3317,2.3707,1.3561,1.2683,3.5951,0.4,2.3366,1.5122,1.8244,1.122,2.3512,4.1561,1.6927,1.9707,2.9756,2.0146,2.0732,2.3317,1.2293,2.1415,1.3415,2.6098,1.6098,1.3854,3.6634,0.439,1.8341,-0.2,1.5317,1.3073,1,2.8293,0.8439,-0.0098,1.4488,1.5463,1.5024,1.5171,0.8878,1.8829,2.3073,1.4927,0.2976,0.9171,2.5854,2.1122,0.8,1.1073,1.5512,0.8634,2.1902,3.5463,1.878,2.2585,2.9024,2.1659,1.6585,1.7854,1.6195,1.8293,0.9902,3.0878,1.561,1.0927,2.6195,0.0829,1.7024,1.8878,1.3854,0.2683,1.5561,3.5659,1.8195,1.3317,2.639,1.9805,2.2927,2.5268,0.9854,2.078,1.2488,2.2537,1.9073,1.0829,3.3512,0.2878,1.8537,1.4195,2.9268,3.4927,4.3366,4.9171,2.7659,2.3951,4.4244,3.9951,1.8244,1.7024,1.4585,2.7171,1.9415,4.6829,1.8293,1.161,4.5854,1.9366,1.5854,0.3122,1.4195,0.5805,0.6293,2.4098,0.5415,0.2,1.7366,0.8195,0.8585,0.8146,0.7366,1.0732,0.8488,1.6488,0.0195,0.0341,1.7512,0.8976,0.4683,0.1805,0.6927,0.3512,1.1268,1.8585,0.439,0.7024,1.1561,0.8976,0.6244,0.7659,0.439,0.678,0.4195,1.3951,-0.0585,0.0244,1.361,0.722,0.7561,2.4683,3.1561,1.7073,3.2098,6.3366,3,2.5073,4.6341,4.5317,4.4829,4.4537,1.4683,3.3707,3.561,4.2683,2.278,1.3463,7.7415,2.6098,3.0195,1.5122,1.1268,0.4,1.8049,2.8683,1.2244,1.3463,1.9415,1.9073,1.6488,1.761,0.4,1.6146,0.4683,1.8195,1.7707,0.7512,2.4634,0.1073,1.4341,1.0634,0.8244,0.3268,1.4878,2.6098,1.2488,1.9463,1.7951,1.4634,1.5902,2.0146,0.8829,1.5073,0.3512,1.9512,0.8927,0.5366,2.8146,0.1415,1.8878
1-212.txt_179,0.6111,0.2094,0.2265,0.5427,0.6795,0.3504,0.2991,0.6282,0.188,0.5043,0.3034,0.2137,0.1325,0.2222,0.4915,0.3547,0.2991,0.6538,0.1752,0.4829,0.1197,1.1282,0.7393,1.3462,1.7564,0.812,0.953,1.2308,1.3504,1.2521,1.1368,0.9359,0.7521,1.5171,1.3205,-0.0085,0.1368,2.3077,1.3077,0.9145,0.1068,0.4872,0.2906,0.7564,0.9872,0.5128,0.7607,0.7051,0.7906,0.6026,0.5556,0.4829,0.5214,0.7949,0.4188,0.094,-0.0726,1.1709,0.7051,0.4744,0.6838,1.2479,1.0812,1.6581,1.5641,1.0641,1.4829,1.7863,1.4359,1.094,0.8846,1.3248,0.6667,1.1068,1.8291,0.7265,0.3846,2.0214,0.953,0.9316,0.9744,1.1709,0.5,1.7564,2.4829,0.7051,1.1154,2.0513,1.2222,2.094,1.7308,1.0684,0.9444,1.9444,2.1709,0.3162,0.3932,2.9786,1.4188,1.7051,0.1111,0.8205,0.6197,0.9957,0.7778,1.0342,0.9744,0.8034,1.0171,0.4231,0.3632,0.8419,0.4145,0.6667,0.8803,0.2265,0.0427,1.3077,0.8205,0.3803,0.265,0.9786,0.8333,1.2265,1.1368,0.953,1.141,1.3162,1.1667,0.5897,0.453,1.0726,0.3846,0.735,1.2521,0.359,0.1923,1.6282,0.8077,0.5513,0.7393,1.3889,1.0812,1.765,1.9274,0.8889,1.235,1.8761,1.3162,1.7949,1.4658,1.2265,1.0128,1.4573,1.7222,0.5598,0.6966,2.4274,1.0128,1.4658,-0.188,1.2479,0.6368,1.2778,1.3889,0.7692,1.0726,1.2692,2.0726,1.2949,1.1496,0.9744,0.8077,1.953,1.235,-0.3462,-0.188,2.9957,1.859,0.906,0.3718,1.1838,0.2607,0.9017,1.8846,0.4274,0.4957,1.4402,1.2479,2.2009,2.1538,0.9402,1.1966,2.3932,2.1923,-0.3205,-0.0684,3.2436,1.9658,1.6111,0.359,1.1325,0.1111,0.7222,1.8547,0.4231,0.3761,1.2179,1.0769,2.0684,2.0983,0.8333,1.1795,2.2607,1.9231,-0.3846,-0.1111,2.9274,1.8162,1.5043,0.1838,0.953,0.5598,1.1453,1.4658,0.7906,0.9402,1.2222,1.188,0.906,0.8077,0.8846,0.5513,1.1966,1.3291,0.0556,0.0085,1.9872,1.1496,0.7051,0.3419,0.8248,0.0513,0.4103,1.0769,0.3718,0.2821,0.765,0.735,1.1496,1.1923,0.6026,0.688,1.3761,1.3333,-0.2308,-0.1496,1.7906,1.1624,0.8504,0.1282,1.7393,0.6239,1.3504,1.7094,0.5983,0.8291,1.6368,1.6368,2.047,2.0427,1.2607,1.2009,2.6197,2.1709,-0.3632,0.0983,3.4444,2.0043,1.4103,0.4231,1.5684,0.6026,1.5598,1.9103,1.0256,1.3034,1.8547,1.953,2.0299,1.8291,1.3248,1.2735,2.2521,2.3718,-0.0299,-0.1111,3.2607,1.8462,1.5214,0.4658,0.0256,0.0641,0.2735,0.188,0.3974,0.3761,0.265,0.1752,-0.0598,-0.1154,0.141,-0.0128,-0.0256,-0.0214,0.4744,0.1667,0.0513,0.0897,0.0427,0.4359,-0.0812,-0.1154,0.2436,0.2863,0.2051,0.1453,0.2094,-0.0085,0.2778,0.2692,0.0427,0.188,0.3803,0.3248,0.3846,0.2308,0.3504,0.2479,0.2436,0.6581,2.5684,1.1325,2.3718,2.8376,1.2863,1.6966,2.641,2.4017,2.906,2.7436,2.1667,1.6838,3.3889,3.2393,0.0299,0.547,4.7991,2.6239,2.2094,-0.265,1.406,0.5385,1.2094,1.1752,0.5812,0.8291,1.2436,1.688,1.4915,1.4744,1.0171,0.8803,2.359,1.4915,-0.5171,-0.1368,3.094,1.9829,0.9615,0.3462,0.8333,0.1966,0.7308,1.3932,0.3632,0.3761,1.1752,0.8846,1.6282,1.547,0.7051,0.8504,1.7436,1.812,-0.1923,-0.0256,2.5128,1.4658,1.2222
1-212.txt_181,1.7709,1.1285,1.1397,1.3073,3.9162,1.3575,0.9274,2.5587,1.5028,1.3128,1.5866,1.1732,1.7095,1.6034,2.4916,0.9721,0.4022,2.6592,1.0559,1.3631,0.6201,1.9274,3.0447,3.3017,3.4972,1.3911,1.7318,3.3464,1.8659,0.7374,0.1006,1.3296,0.7318,0.5922,3.4078,0.9944,0.7486,3.6704,1.4525,0.1006,0.3631,2.4469,3.4413,3.4134,3.4972,2.1006,2.0894,4.0391,2.2961,1.5028,0.5196,1.8994,1.3855,2.095,3.6927,1.2346,0.3296,4.1844,2.324,0.4302,0.5754,2.5642,4.0782,4.6369,3.7039,2.5363,2.7765,4.162,2.4358,1.0391,0.0056,2.5419,0.8771,1.6648,5.1285,1.5531,0.5978,4.067,1.6592,0.2235,4.0112,3.0223,3.3687,3.324,10.5754,2.7263,1.8268,6.8659,3.2179,5.4469,5.0838,2.0503,4.9274,5.5922,7.1229,3.0838,1.5028,10.9497,5.7318,4.1955,0.6034,1.3184,2.6816,3.067,3.2291,0.933,1.6034,2.486,1.7709,0.8045,-0.2905,1.352,0.3128,0.9553,2.8883,0.4749,0.0559,2.9218,0.9218,0.0894,0.1173,1.257,3.0223,3.3855,2.1453,1.2235,1.5698,2.1508,1.6089,0.5196,-0.2179,1.9106,0.3128,1.0223,2.5084,0.1453,-0.2961,2.352,0.7039,-0.4637,1.7654,3.7095,3.1006,3.4246,6.2682,2.324,2.0279,5.5866,3.3296,2.9218,2.648,3.0615,3.2849,3.1006,5.4916,1.7151,1.2626,6.2291,2.5363,2.162,1.2793,1.2514,1.7039,1.2514,5,0.5531,0.1899,3.3855,2.9553,2.5587,1.9106,0.4358,2.4749,2.9274,2.6313,1.1508,0.8156,4.9497,3.7263,1.8101,2.1955,0.6648,1.2402,1.067,4.6927,1.3911,0.6369,2.648,2.1955,2.3128,2.5196,0.162,2.2514,2.7318,3.3073,1.7039,1.0782,4.0168,2.6648,2.0168,2.2514,0.3911,0.6145,0.5475,4.6927,0.7877,0.5419,2.4637,1.3631,2.0279,2.1788,-0.0894,1.9944,2.352,2.352,1.8492,1.1564,3.3408,1.9441,1.9777,0.2402,1.3966,2.5251,2.6369,2.4916,0.7765,1.2179,2.8827,1.3184,0.6369,-0.1006,0.9441,0.1397,0.838,2.1955,0.3631,0.3184,3.1061,1.2291,-0.4916,2.324,0.8883,0.8436,1.1285,4.9888,0.9441,1.162,2.8156,1.8492,1.7877,1.4302,1.0894,1.7095,1.5307,3.6592,1.3352,1.1564,3.6816,2.2067,1.6034,2.0894,1.8436,1.3575,0.9944,5.7821,0.9441,-0.3631,2.3631,2.5754,3.9777,3.6592,0.5754,3.1899,3.6201,3.5307,2.1285,1.9665,6.3855,3.9162,3.324,2.7877,3.9218,4.4413,5.9777,6.4693,3.6983,3.8268,6.6704,3.1453,1.6927,0.8045,3.0279,2.4916,2.4022,6.9609,2.8771,1.6034,6.9665,2.7989,0.6927,0.7151,1.4469,2.1676,2.4581,2.7151,1.3687,1.0559,2.5419,1.2793,0.838,1,1.2235,1.4804,0.7263,2.6816,0.8436,-0.2235,3,1.1341,0.581,-0.1229,0.3073,1.2458,0.9106,2.2737,0.486,0.1117,0.8101,0.8603,0.8771,1.7318,0.257,1.4413,0.648,1.6369,-0.1341,-0.5028,1.4749,0.7095,0.3799,3.0112,3.9441,4.4916,4.3743,9.514,2.838,2.4693,6.5307,4.5307,5.486,4.1564,3.0447,3.8436,5.6257,5.8771,2.8045,1.7877,10.1117,7,4.1844,2.0726,1.9609,2.6648,2.2291,5.419,0.8436,0.7374,3.7095,3.0615,3.7542,2.8883,1.1844,2.6704,3.2179,3.095,1.9106,1.8268,6.3017,4.4022,2.8101,1.8994,0.3128,0.6425,0.2011,4.0615,0.1508,-0.419,1.648,0.6313,1.9274,2.324,-0.0168,2.2011,2.2067,2.257,1.0726,0.2235,3.3184,1.9888,1.7542
1-212.txt_183,2.142,1.4375,1.0852,1.2784,4.5284,1.5455,0.6023,2.8466,2.2955,1.6705,1.7443,1.0398,1.6705,1.5455,2.7614,1.3523,0.8068,3.1193,1.5795,1.8409,0.8977,2.0284,3.25,3.1023,4.5511,1.6705,1.8807,3.6648,2.3864,0.8523,0.3182,1.6307,1.0909,1.1591,3.0341,0.8125,1.1761,4.2102,1.6534,0.3011,0.8523,1.9716,3.7557,3.75,3.5852,2.4318,1.7898,3.8239,2.9205,1.6023,0.7727,2.1193,1.9205,1.9773,3.8068,1.1818,0.5,4.2045,2.3864,0.4148,1.1307,2.4659,4.9318,5.2841,3.6193,3.1364,2.8636,4.4886,3.0114,0.517,-0.3182,3.2102,1.2159,1.3239,5.483,1.75,0.5284,4.3636,1.6705,-0.4148,4.6477,3.7386,2.8977,2.9943,10.9318,3.0852,1.6307,6.1648,4.4489,5.4716,5.6705,2.3068,4.608,5.5511,7.4091,3.3693,1.7727,10.1932,5.4489,4.5795,0.7784,1.5909,3.2955,3.5852,3.0966,1.5398,2.0625,2.8864,2.0114,0.9318,0.2216,1.7614,0.9318,0.6989,3.1364,0.75,0.4489,3.233,0.8864,-0.017,0.2159,1.2841,3.767,3.5739,2.3523,2.0909,1.8125,2.3523,1.5625,0.3239,0.0455,2.3636,0.5341,0.75,2.9091,0.1477,-0.0568,3.0739,0.9375,-0.9261,2.0511,4.1648,3.3977,3.9943,6.4432,3.1989,2.7443,5.7102,4.9716,1.9432,2.0568,3.517,2.9091,2.0625,5.9943,1.9545,0.892,5.767,2.5795,1.6989,1.8807,1.5,2.4261,1.5795,6.0625,1.0739,0.6023,4.1364,3.3864,2.4318,2.7273,1.1818,2.7443,2.6875,4.125,1.0795,0.8636,6.0341,3.9659,1.7784,2.2955,0.8636,0.8409,0.6875,5.1761,0.767,-0.0341,2.142,1.9261,2.5057,3.1591,0.0341,2.4489,3.0625,3.0398,1.3636,0.8693,4.0682,3.1364,2.1477,2.25,0.9659,0.7557,0.642,5.017,0.6534,0.6364,2.6648,1.7216,2.3068,2.6193,0.6534,1.8693,2.125,2.3977,1.7443,1.2045,3.892,2.0852,1.7386,0.4659,1.4261,2.6364,2.7386,2.4602,1.2159,1.1591,3.0739,1.3864,0.6023,0.0057,1.2955,0.2841,0.9545,1.9886,-0.0057,0.4659,3.517,1.6648,-0.4716,2.0795,1.5,0.9602,1.017,4.7614,0.9148,1.2216,2.5284,2.392,1.2557,1.8977,1.1534,1.6705,1.3182,2.3864,1.3011,0.9943,3.6989,2.2386,1.2159,2.5511,2.3352,0.5114,0.5568,5.392,1.0682,-0.0909,2.0795,2.5057,3.1875,3.6989,1.0852,3.1364,3.5511,3.358,2.2557,1.9489,6.0341,4.2386,2.8182,2.9205,4.1705,3.9432,6.0625,5.8466,4.1534,3.8011,6.5227,3.5,1.8807,1.6705,2.642,2.1364,1.7614,6.625,2.3636,1.6193,7.6364,2.142,1.2273,1.375,1.108,2.125,2.2841,3.1534,1.5795,0.7557,2.3125,1.4034,0.875,1.25,0.9091,1.5795,0.9489,3.2955,0.6932,0,2.5739,1.0682,0.8523,0.4034,0.2045,1.0284,0.7557,2.7216,0.4716,-0.0398,0.6761,0.7045,1.0739,1.6534,0.517,1.375,1.1591,1.892,-0.1307,-0.3523,1.7102,1.25,0.7955,3.892,4.6136,4.3125,4.4034,9.8011,3.75,3.0909,6.108,5.8182,4.8466,4.267,3.892,3.5909,5.2955,6.733,3.6307,2.017,10.2045,6.9205,3.7443,2.5284,2.267,2.3523,1.6818,5.2216,0.9318,0.7557,3.9659,3.2216,3.6648,3.0568,1.3068,2.9716,3.5227,3.3239,1.9375,1.7045,7.0682,4.8182,2.5511,1.7216,0.392,0.3295,0.142,4.1023,0.1591,-0.4261,1.3011,1.1648,1.6648,2.767,-0.1989,1.8864,2.4545,2.1023,1.0568,0.4375,3.2898,2.8693,1.8523
1-212.txt_185,1.2938,1.322,0.7458,1.1582,3.9774,1.1525,0.2938,2.6215,1.4124,1.8136,1.8814,1.0508,2.0339,1.6102,2.1582,1.2034,0.6328,3.3333,0.7966,1.678,0.7458,1.7797,3.0508,3.2881,4.3559,1.4633,1.8927,3.6215,1.8136,1.0113,0.4294,1.3107,0.8983,0.8983,3.1356,0.7401,0.9887,3.7006,1.4011,0.548,0.5141,2.4294,3.3842,3.4463,3.5028,1.7797,1.8136,3.8927,2.3729,1.5763,0.4011,1.7062,1.4124,1.9605,3.5706,0.8531,0.5593,4.0452,2.3446,0.0904,0.7571,2.7345,4.435,4.7401,3.3616,2.5819,3.1469,4.1299,2.9153,0.7175,0.1751,2.6949,1.2542,1.3672,5.3672,1.2542,0.6441,4.2429,1.4294,-0.1186,4.4181,3.7232,2.9322,3.6949,11.6667,3.0452,1.6271,6.4294,4.2599,5.4181,5.4407,1.7232,5.5932,5.4011,7.8475,3.4859,1.9831,10.6667,4.6836,4.5141,0.6554,1.4802,2.3559,3.0847,2.9492,1.0452,1.678,2.9266,1.6441,0.8814,-0.0226,1.3446,1.0508,0.9548,3.1017,0.2599,-0.1412,3.0452,0.9944,0.0565,-0.2147,1.2542,2.8814,3.0734,0.9379,1.3107,1.9548,2.0282,1.4124,0.2825,-0.113,1.7966,0.6667,0.3842,2.4407,-0.113,-0.5876,2.2429,0.339,-0.5424,1.2655,3.7966,3.0508,4.2881,6.5028,2.904,2.2203,5.0847,3.9661,2.452,2.6215,3.2825,3.2938,2.7119,5.2938,1.4915,1.2034,7.1582,2.3446,1.7514,1.4802,1.7288,2.096,1.4802,5.2655,0.5537,0.3785,3.7797,2.7627,2.6893,2.0452,0.5706,2.1356,2.774,3.3785,0.9887,0.7458,5.4011,3.6836,1.7514,2.322,1.0169,1.1582,0.7684,4.9774,1.0847,0.1751,2.4124,2.0169,2.4463,2.8192,0.6667,2.565,2.8983,3.3164,1.7853,0.9096,4,2.9548,2.4407,2.4294,0.8192,1.0339,0.5932,5.1751,0.8983,0.2147,2.7966,1.9831,2.0734,2.6441,0.4294,1.9718,2.5706,2.7288,2.0169,1.1864,4.0113,2.2768,2.1469,0.4237,1.3446,2.3898,2.7684,1.8249,0.8927,1.1864,2.887,1.3503,0.5141,-0.339,0.791,0.1525,1.1695,1.6554,0.2486,0.3616,2.7571,1.2825,-0.1751,2.5932,1.4576,1.0339,0.9774,5.2599,1.1469,0.9096,2.9266,1.9831,1.9322,1.8644,1.3277,2.0678,1.8814,3.2542,1.5141,1.339,4.2373,2.2147,2.0113,2.5028,1.9944,1.8249,1.5819,6.1356,1.5424,-0.1243,2.9379,2.8305,3.2147,3.2542,1.1243,2.8588,3.0508,3.1017,2.7571,2.1864,6.4294,3.9322,2.8079,2.3785,3.5141,4.4407,6.7401,6.0791,4.1017,4.0847,6.3051,3.4124,1.2994,1.0678,2.6102,1.9266,1.6441,7.3503,2.8927,1.322,6.6158,1.661,0.3559,0.9718,1.4124,1.8418,2.1582,2.5537,1.2486,1.0678,2.5028,1.1299,0.8418,1.1186,0.9266,1.3051,1.0169,3.2486,0.6949,-0.0226,2.6836,0.9605,0.452,0.1864,0.4011,1.0395,0.8588,2.6158,0.2486,0.1808,0.661,0.678,1.0734,1.339,0.4237,1.4972,1.3616,1.7345,0.0226,-0.0056,1.9153,1.2203,0.6102,3.0904,3.4463,4.2768,4.322,10.0056,2.7571,1.6497,6.1695,5,5.4124,4.7062,2.6158,4.2316,6.3503,6.4407,3.0339,1.5254,10.8475,7.6215,4.209,2.548,1.548,2.1695,1.7401,5.5254,0.5593,0.3559,3.887,2.7571,3.678,3.0791,0.8192,2.5989,3.1525,2.9605,2.0169,1.7232,6.1525,4.2938,2.8927,1.7627,0.5876,0.6158,0.2768,4.3559,0.3446,-0.5989,1.7006,1.1751,1.887,2.5537,0.2712,2.435,2.4633,2.2203,1.226,0.3107,3.5254,2.4463,1.6836
1-212.txt_187,0.7354,1.4127,0.9947,1.455,3.2222,1.0741,1.0265,2.0529,1.1693,0.8995,0.5873,1.4444,1.3228,0.4127,1.4497,0.5767,0.7354,1.7196,0.4815,0.6931,0.9259,1.9894,1.8201,2.3968,3.9259,1.672,1.8307,2.7302,2.6455,1.6508,1.545,1.7566,2.0635,2.4074,2.2328,0.5608,0.8942,4.1693,2.3492,1.1111,0.3175,1.3016,0.7884,0.7407,2.8307,1.1958,0.9206,2.3016,1.9683,0.8095,0.7143,1.1481,1.2063,1.6402,2.1746,-0.2698,-0.7672,3.2063,1.8095,0.5185,0.5556,3.1587,2.8201,2.1376,3.7989,2.3386,1.9418,3.2751,4.254,1.0952,1.0423,2.1746,1.7778,2.1905,2.8095,0.5079,0.7989,3.8148,2.8307,0.455,2.5026,3.8413,1.2646,4.1852,6.2698,2.8889,2.9101,4.7778,4.4286,4.1852,4.0106,2.7619,4.2222,2.8571,5.4286,1.4339,1.7989,6.1005,2.2963,3.5873,0.7619,1.9735,1.4127,1.8095,3.1111,0.9577,1.5132,2.2328,2.2963,1.2751,0.873,1.4339,1.4656,1.5397,2.328,1.0423,0.6825,2.6349,1.5556,0.9259,0.8095,2.3439,2.254,1.9947,2.746,1.4497,1.6931,2.3651,3.0582,1.4974,1.2857,1.7619,1.619,2,2.3492,0.4656,1.0212,2.5132,2.6667,0.8783,1.4815,3.8042,1.873,1.9524,5.7831,2.4709,2.4656,4.4127,3.9153,2.1799,2.2487,3.1905,2.963,2.3492,3.3439,1.8095,1.2487,4.8201,2.836,1.2275,1.5503,2.7672,1.6032,2.2063,4.6772,1.9312,2.4233,3.9841,3.8201,2.4974,2.4656,1.7725,2.8571,2.5132,3.3175,1.6667,0.7884,5.3175,2.4497,2.0423,1.3016,1.8836,0.8148,2.8254,3.2063,1.1005,2.0635,2.1481,2.0159,2.5026,2.7672,1.3122,2.2116,2.5503,2.8307,0.8942,1.0212,3.7778,0.6243,2.0106,1.3016,1.5979,0.8254,2.4339,2.9312,1.2328,1.6984,3.0212,1.6772,2,2.672,0.9206,2.3016,2.1587,2.1958,1.0741,0.7937,3.3757,0.7884,1.4444,0.3333,1.4603,2.1323,1.4497,2.9947,1.0212,1.5026,1.9206,1.7566,0.7037,0.9841,1.254,1.5185,1.6243,1.4127,0.2434,0.963,2.7884,1.5503,0.4339,1.455,2.1005,0.6878,2.5979,4.0212,1.0952,2.0635,2.6085,2.2222,2.4074,2.4444,1.4656,2.2169,2.1587,2.9365,1.1905,1.0423,3.7937,0.9312,1.7831,2.1799,1.4286,1.1799,2.2063,2.9259,1.4974,1.7884,2.7778,1.7566,2.5503,2.8942,0.6614,2.3016,1.0212,2.6402,1.9365,1.5767,2.5767,-0.6614,1.8571,1.6561,2.6032,3.0741,3.2328,4.0582,2.4392,2.5079,4.7037,4.5079,1.5185,1.6508,1.8942,2.3439,1.3386,3.8201,1.9577,1.3651,3.6561,2.1799,1.1481,0.5767,1.2857,1.1958,1.2275,2.2751,0.6772,0.4868,1.5503,1.3175,0.4762,0.1111,0.8889,0.9153,0.3439,1.3333,0.2381,0.1958,1.2381,0.4339,0.4286,0.7619,0.8307,0.3333,1.5185,1.3386,0.3915,0.836,1.6402,0.418,1.1429,0.3651,0.9841,0.3598,0.3175,1.545,0.2275,0.1587,1.0952,0.1587,0.8042,2.4339,2.4868,1.4074,3.5767,5.9101,2.4127,2.5026,4.3175,4.7143,5.2011,4.328,1.3228,4.4392,3.1534,3.4021,1.7831,1.6984,6.746,2.4392,3.8201,1.7513,1.2698,0.8307,1.963,3.2116,1.3757,1.836,2.3228,1.9894,1.8571,2,0.7884,2.0952,0.8307,1.6931,2.0635,0.6296,2.7831,-0.254,1.0847,0.8466,0.9048,0.2487,1.8201,2.0476,1.0212,1.2116,1.4815,1.0635,2.0106,1.9577,0.8148,1.8942,1.7566,1.6772,0.4497,0.5979,2.7937,0.7354,1.8466
1-212.txt_189,1.0922,1.068,0.1602,0.432,2.5388,0.6359,0.301,1.6748,0.9757,1.7039,1.5728,0.8107,1.1602,1.3398,1.1359,0.0631,0.3883,1.8204,0.8544,1.1117,0.6845,1.7476,1.9175,1.8883,3.0728,1.4903,1.466,2.2427,2.7961,2.2184,2.0194,1.0922,2.0922,2.1796,1.7087,0.4417,0.1893,3.3544,2.0971,1.3155,0.2136,1.9854,1.4272,1.1748,1.8495,1.534,1.0243,2.1068,1.9612,1.3981,1.2864,1.3155,1.3301,1.7427,2.034,0.0534,-0.665,2.4417,2.0922,0.4757,0.5194,2.4272,2.5825,2.1602,2.6893,1.9466,1.7136,2.4417,3.5485,1.8252,1.4515,1.0922,1.6408,2.6942,2.9515,0.3544,0.7136,3.8495,2.3738,0.9417,2.3155,3.0534,2.1068,4.0874,6.8107,2.6796,2.5777,5.2184,3.5777,3.5194,2.9369,2.2718,2.1553,2.9466,4.2524,1.9466,1.2184,5.0146,1.5,2.3981,0.6893,1.8107,0.8981,1.1262,2.5388,1.466,1.1068,1.4854,1.7864,2.2913,2.1165,1.3738,2.0146,2.4029,1.932,0.2427,0.3058,2.9126,1.9854,1.5825,0.3544,2.0097,1.7961,1.3689,1.9709,1.4515,1.1748,1.6068,2.2282,2.1311,1.6602,1.4272,1.5194,2.2427,2.0583,-0.1359,0.3155,2.8204,2,1.0437,0.9417,3.4709,1.9757,2.5922,4.9223,2.2913,2.2427,4.1505,3.4369,2.1456,2.3398,2.5,2.1068,2.8592,4.1602,1.2621,0.8835,4.3981,2.165,1.4272,1.1893,2.733,1.4417,1.8641,3.8835,1.9854,1.8155,3.7573,3.0388,2.4417,2.432,1.6553,2.1845,2.5777,2.9951,1.1553,0.5388,4.5631,1.9806,1.4709,1.835,1.2184,1.5146,2.5971,3.9272,1.6117,1.835,2.5777,2.1505,1.7573,1.9029,1.2379,1.2039,1.2961,2.2524,1.5049,1.1553,2.9175,0.0825,1.2621,1.7767,1.534,1.0146,2.1796,3.7524,1.3544,1.7379,2.6893,1.4417,1.9563,1.9709,1.0534,1.466,1.0922,2.0194,1.5971,1.1845,2.6165,-0.1748,1.3592,0.1845,1.5534,0.9223,1.1117,1.5583,1.2961,0.9466,1.0194,1.568,1.7573,1.5922,1.2379,1.6748,1.8835,0.9563,-0.2039,0.0922,2.4126,1.7573,0.9854,1.5485,1.4417,0.4806,1.2621,2.8058,1.2087,1.2524,2.0825,1.1117,1.5777,1.6748,0.9466,1.3107,1.5825,2.2282,1.034,0.9563,2.534,0.2816,1.2427,1.8058,1.2816,1.0146,2.6796,3.3301,1.6748,2.3932,3.165,1.7621,1.9126,1.9903,0.7087,1.0922,1.4078,2.8738,1.5874,1.1553,3.4078,0.2573,1.534,1.7524,2.1359,2.8689,3.8204,4.0728,2.6359,2.7087,4.2136,3.4951,1.5291,1.0971,1.2961,1.1893,2.1019,4.4466,1.3883,1.3058,3.432,1.3932,1.0388,0.4563,1.0922,0.665,0.4515,1.665,0.5971,0.1505,1.2379,0.9369,0.8689,0.7816,0.2913,0.7961,1.3641,1.8495,0.0971,0.2233,1.6845,1.3641,0.6408,0.9709,0.733,0.4806,1,0.8641,0.5777,0.5485,1.1748,0.1456,0.2961,0.2864,0.5146,0.5922,0.0874,1.8641,0.2913,0.0583,0.5777,-0.0097,0.5631,2.5097,2.6408,1.6456,2.5728,6.3252,3.034,2.4806,4,4.1748,3.4515,3.4029,1.568,2.5874,3.7573,3.5194,1.8641,0.8155,6.5243,3.4515,2.6602,1.1699,0.9417,0.6214,1.7379,3.4126,1.8058,1.6845,2.5243,2.3689,0.9951,1.4757,0.4369,0.8883,1.2233,1.4709,1.3398,0.4854,3.3883,0.9709,0.8252,1.267,0.8155,0.8786,1.432,2.6359,1.4709,1.233,1.2621,1.0097,1.2816,1.4272,0.8447,0.8252,0.4709,1.6311,1.1845,1.0291,1.9951,-0.4272,1.0971
1-212.txt_191,0.5578,1.3116,0.2965,0.3819,2.7286,0.7337,0.5025,1.4724,0.809,1.6432,1.598,0.8593,1.2211,1.5126,0.9196,0.3116,0.4673,2.0854,1.0704,0.8693,0.4221,2.1156,1.6181,1.9095,3.8995,2.1357,1.5879,3.0151,2.3015,1.5779,1.5477,1.3116,2.206,2.1256,1.8643,0.5729,0.4975,3.5628,2.0251,1.0201,-0.2764,1.6332,0.7387,0.5126,2.402,1.2312,0.6432,2.6231,1.5628,1.196,0.8543,1.0955,1.6683,1.6583,1.8794,-0.402,-0.0452,2.6985,2.2412,0.6281,0.5226,1.8191,1.8693,2.6231,3.3618,1.4422,1.4271,3.5477,2.4573,1.6181,1.201,1.0804,2,2.397,3.5126,0.2312,1.1508,3.6281,2.7035,0.8945,2.3769,3.5025,2.608,3.9447,6.7839,2.794,2.608,4.9296,4.005,3.593,3.3518,2.191,3.0151,2.9899,5.4472,2.2312,1.6482,6.2513,1.9397,2.593,0.7337,2.3216,1.0302,1.3015,2.6734,2.005,1.5025,2.8643,1.6482,1.7387,1.7236,1.4673,2.201,1.8593,1.8442,0.3819,0.608,2.6181,1.7487,1.3769,0.1608,1.8693,1.5377,1.8291,2.2111,1.397,1.2814,2.3317,1.5226,1.4573,1.2613,1.3668,1.7588,2.0955,2.4724,-0.196,0.3317,2.402,2.4221,1.0302,0.9497,3.9497,1.6683,2.5025,5.7688,2.2714,2.1106,4.2663,3.5829,2.5427,2.8492,2.4523,3.1005,3.3065,4.3317,0.9447,1.4925,5.2513,3.0704,1.5276,1.1508,2.7236,1.3417,1.6734,3.6935,2.2663,1.9246,3.5427,2.4774,2.598,2.3668,1.4774,2.5779,1.995,2.8492,0.9548,0.6884,4.7035,1.6583,1.608,1.6533,1.2261,1.2111,2.3065,3.608,1.7085,1.6332,2.5327,2.0704,2.593,2.6332,1.1005,1.7487,2.2965,2.3216,1.5327,1.3216,3.9849,0.4925,1.8995,1.7588,1.5276,1.2965,2.1156,3.9296,1.3367,1.6432,3.1206,1.4322,2.2864,2.5025,1.0905,1.9246,1.9598,2.1156,1.6935,0.995,3.4322,0.3467,1.8894,0.2412,1.5226,1.0603,0.6432,2.2563,1.4824,0.7437,2.1407,1.2211,1.794,1.5126,1.1106,2.2663,1.8291,0.8844,-0.1457,0.5276,1.9045,1.7437,1.1156,1.598,1.7186,1.2915,2.1809,3.3317,1.7337,1.804,2.8643,1.799,1.9698,1.7487,1.4623,1.6633,1.598,2.1407,1.5729,1.2764,3.2915,0.8894,1.9146,2.1005,1,1.0905,2.6633,3.3266,1.8693,2.1457,3.4673,1.7437,2.3065,2.6332,1.2814,1.9899,1.5075,3.1809,2.1106,0.9899,4.2111,0.5075,2.0854,1.6382,2.7337,2.7437,4.0201,3.9296,3.1005,2.7638,4.7186,3.5879,1.7186,1.6281,1.8844,1.9598,2.1357,5.1859,1.3166,1.6683,4.1457,1.7538,1.5276,0.2663,1.5528,0.5276,0.5678,2.1859,0.7337,0.0955,1.6533,0.9246,0.809,0.5427,0.608,1.1558,1.1106,1.6683,0.1206,-0.0352,1.6633,0.995,0.1658,0.6231,1.1759,0.5678,1.2161,1.3116,0.8291,0.4925,1.2462,1.0754,0.3769,-0.0402,0.7739,0.603,0.5427,1.6985,0.3518,-0.0302,1.7889,1.0503,0.0653,2.8593,3.0201,2.0704,3.2764,6.0804,3.3869,2.7588,5.3216,4.8693,4.3015,3.9246,1.9196,3.3518,3.9246,4.7688,2.0201,1.0402,7.603,3.1508,3.4271,1.3216,0.9698,1.1256,2.1156,2.6231,1.5075,1.9447,2.5226,2.1658,1.0704,1.5327,0.9347,1.4472,0.9548,2.1859,1.8492,0.4925,2.9447,0.5578,0.8844,1.1709,0.8744,0.8241,1.598,2.4724,1.4422,1.2362,1.5829,1.0603,1.809,1.9447,0.8693,1.4121,1.0955,1.9698,1.1106,0.8492,2.8945,0.1357,1.407
1-212.txt_193,0.3011,0.8807,0.8977,0.9886,1.3352,0.4716,0.4375,1.0341,1.1648,0.8125,0.7898,0.5057,0.5511,1.0739,0.8523,0.4375,0.5966,1.3807,0.8125,0.3693,0.733,1.5511,1.2557,1.8693,1.6705,0.9034,1.1875,2.1193,1.5568,1.0966,0.9659,0.8636,0.7727,1.3125,1.2955,0.8636,0.3693,2.5455,0.9375,0.7955,0.6136,1.0057,0.6023,0.767,1.9261,0.0511,0.4261,2.0625,0.8409,1.1193,1.0114,0.3466,0.6023,1.0909,1.2614,0.3977,0.4034,2.3011,0.6364,0.5455,1.0795,0.9261,0.8409,1.2216,2.4716,0.1477,0.9432,2.517,1.3011,1.0909,0.9886,0.4489,0.5511,1.3523,1.8011,0.5682,0.125,2.4318,0.9205,0.5739,0.625,1.483,1.6989,2.3864,4.0568,0.875,0.9034,1.7159,2.3295,2.9318,2.9148,0.375,2.0568,3.517,2.2557,0.5227,0.6591,3.9943,2.1307,2,0.4432,1.0909,0.8352,0.7841,0.8693,0.5795,0.6534,1.4886,1.0795,0.3239,0.6364,0.5682,0.5114,0.7159,0.4545,0.4205,-0.142,1.8125,0.5227,0.0966,0.5057,0.9205,0.7557,0.9375,1.1705,0.4716,0.6591,2.0852,1.2784,0.2784,0.642,0.5455,0.358,0.9375,0.6307,0.2727,-0.3409,1.8409,0.7614,-0.1136,0.8807,1.3807,1.3693,1.4886,2.8466,0.5568,1.2614,1.7614,1.7727,1.8693,1.7784,1.1136,1.233,2.0114,2.8352,1.0114,1.3693,2.767,1.267,1.3523,0.9773,1.4943,1.0625,1.6193,2.25,0.6761,0.9148,2.4034,1.642,1.9375,1.767,0.7955,1.2102,1.8409,1.9773,0.8693,0.4205,3.0114,1.3068,1.3125,0.8523,1.642,1.1136,1.8466,2.3409,1.2557,1.3125,1.3011,2.1989,2.8409,2.5398,0.5739,1.9716,3.2898,2.2273,0.4375,0.8295,3.6932,2.4943,2.2443,0.7443,1.6705,1.0568,1.5852,2.0682,1.3636,1.3523,1.0455,1.9886,2.5455,2.3295,0.6761,1.875,2.983,2.0455,0.3011,0.6477,3.5341,2.2614,2.0909,0.1932,0.9034,0.875,1.1648,0.6591,0.5398,0.7386,1.5568,0.983,-0.1932,-0.1136,0.5,-0.0795,0.3693,0.3636,0.5227,-0.0568,1.4375,0.375,-0.25,0.5455,1.1477,0.6932,1.0227,1.5455,0.858,0.6932,0.8977,1.4091,2.1136,1.983,0.3182,1.6875,2.3352,1.3011,0.2273,0.625,2.5568,1.6307,1.8011,0.733,2.2614,1.125,1.5455,2.3466,1.2216,1.1136,1.5682,2.4375,3.2216,3.0057,1.017,2.2784,3.1989,2.858,0.2841,0.767,3.9375,2.4716,2.5227,1.0341,1.6705,1.608,1.6591,2.3977,0.8409,0.9205,2.25,2.1932,1.9773,1.9375,0.4205,1.5625,2.8636,2.4205,0.483,0.25,3.5909,1.9943,1.4318,0.1477,0.517,0.7045,0.9205,1.0795,0.0568,0.3352,1.108,0.7557,0.1705,0.3977,0.3466,0.1136,0.5398,0.4432,0.2841,0.1761,0.8807,0.2614,-0.1477,-0.0057,0.1648,0.3239,0.7443,0.9432,-0.1307,0.1648,0.6477,0.6761,0.75,1.0284,-0.2443,0.4318,1.4659,0.375,-0.0511,0.1875,1.358,1.1932,0.4091,1.3011,2.6534,1.6989,2.1932,3.6932,1.8239,1.6364,2.3409,3.0057,4.0398,3.9034,1.4773,3.3466,4.0625,3.7386,0.733,1.1932,5.3068,2.8693,3.3125,0.625,1.5227,0.5114,0.9659,1.4545,1.0114,0.8125,1.2614,1.7045,2.5057,2.3636,0.7159,1.8466,2.375,2.3239,0.233,0.3295,2.983,1.9318,2.017,0.5852,1.1136,0.8693,1.3807,1.7216,1.1307,0.8295,0.9432,1.7955,2.2841,2.1307,0.2159,1.7216,2.6364,1.5341,0.3239,0.8239,2.7955,2.125,1.8466
1-212.txt_195,1.2559,1.109,0.5972,0.673,2.8815,0.9905,0.8768,1.9763,1.1137,1.3744,1.6872,0.9573,1.5498,0.981,1.2938,0.7678,0.6919,1.6967,0.6919,1.1943,0.5782,1.1896,1.5972,2.1611,3.5924,1,1.3223,2.3555,1.981,2.0664,1.7251,0.8626,2.2275,1.9858,2.3365,0.5782,1.128,3.2085,1.2654,1.6445,-0.3412,1.5403,0.6919,0.6919,2.0569,0.7062,0.4123,1.9052,1.1801,1.1896,1.1801,0.8626,1.3839,1.9668,1.327,-0.5071,-0.7251,2.1848,1.6066,0.7204,0.6114,2.2607,2.4123,1.8199,3.7488,1.4076,1.0095,2.7062,2.6635,1.9905,1.5592,1.2749,2.218,2.6256,3.0948,0.4313,0.2891,3.5498,2.3175,0.8957,2.5261,3.545,1.3886,3.5877,6.3128,2.5735,2.9289,4.7867,4.2891,3.6066,3.3128,2.5024,3.1848,1.7251,5.0853,1.3318,1.6209,5.5545,1.8578,2.4313,0.6303,1.1137,0.9479,1.327,2.3744,0.7299,1.0616,1.9384,1.7109,1.6209,1.4076,0.8057,1.5071,1.3033,1.673,0.4882,0.6351,2.1991,1.3839,1.1232,0.8341,1.6825,2.0758,1.8199,3.1137,1.1896,0.9242,2.2038,1.7156,1.763,1.6114,1.0664,1.9336,2.1896,2.1943,0.6398,0.8815,2.5498,1.5261,1.0711,1.3175,3.0332,1.8104,2.5071,4.5592,2.2038,2.1801,3.4834,3.6445,1.654,2.4076,2.4455,2.6967,1.9479,3.7204,1.3555,0.9242,3.9953,1.9242,1.1232,1.3223,2.3555,1.6777,2.327,4.564,2.1517,2.0427,3.5261,2.9384,2.1469,2.5118,1.1374,3.0047,2.3649,2.981,1.1848,0.4882,4.7725,1.7251,1.654,1.6682,1.1469,0.6398,2.2938,3.2607,1.545,2.0616,2.3128,2.2844,2.0806,2.6398,1.4645,1.8057,1.8436,2.2227,0.9716,1.4455,3.7204,0.7393,1.6351,2,1.1564,0.6303,2.4408,3.8057,1.4692,1.7867,3.1137,2.0284,2.0047,2.4265,1.3081,1.9763,1.3223,2.6588,1.2559,1.3555,3.6256,0.9668,1.782,0.1896,1.2464,1.545,0.9147,2.9242,1.109,0.6019,1.5355,1.5498,1.2085,1.5545,0.8104,1.9858,2.0521,1.4028,0.2512,0.6588,2.7346,1.3318,0.9431,1.8436,1.5166,0.3412,2,3.9194,1.3555,1.9005,2.5735,2.3886,2.1611,2.3791,1.4502,2.0284,1.6209,2.6919,1.0427,1.2275,4.1327,1.2749,1.8057,1.8531,1.0521,0.5355,1.8578,2.763,1.237,1.9763,2.8531,2.2085,2.0806,2.4787,0.9716,1.545,0.4218,1.8436,1.5308,1.4692,2.2607,-0.1564,1.4265,1.9147,2.455,3.09,4.0711,4.2085,2.5545,3.4502,3.7299,3.4976,1.6351,1.8531,2.218,2.6019,1.4028,4.4645,1.8341,1.4028,3.5308,0.9052,1.5972,0.3981,1.4834,0.8768,0.6114,2.0995,0.436,0.3507,1.455,0.6256,0.5924,0.6588,0.8531,0.9289,0.673,1.4502,0.1517,0.0427,1.019,0.3412,0.3318,0.6066,1.2275,0.4028,0.9384,1.6209,0.7346,0.8436,0.8815,0.8294,0.8436,0.8531,0.8057,0.8104,0.9194,1.5592,0.4028,0.0142,1.4645,0.6256,0.4455,2.4976,2.4976,1.6114,2.7204,6.1706,2.0853,2.763,3.6588,4.4123,4.4076,4.4313,1.7109,3.6209,2.4218,3.3697,1.7488,1.9953,6.2512,2.1232,3.1659,1.6493,0.8815,0.5877,1.8531,3.0569,1.0095,1.8104,1.7441,1.8957,1.2559,1.6493,0.3744,1.0853,0.5118,1.7393,1.4123,0.7915,2.0237,-0.0474,0.6588,1.4076,0.7962,0.0521,1.1848,2.109,1.4502,1.8294,1.5592,1.5308,1.3033,1.8531,0.9573,1.4313,0.8341,1.5308,0.8578,1.1564,2.8626,0.6351,1.0758
1-212.txt_197,0.8969,1.2377,0.4036,0.8655,3.1928,1.0807,1.0583,2.0179,0.9821,1.3677,1.4215,1.2646,1.1166,0.9058,1.5112,0.3543,0.4036,1.9955,0.7534,1.0359,1.0717,2.0628,1.7623,2.0852,4.0852,1.1883,1.5247,2.9238,2.435,2.5157,2.2825,1.4888,2.1928,2.8969,2.8386,0.6143,0.8924,4.5112,2.3184,1.3722,0.2197,1.426,0.9283,0.6996,2.4215,0.8475,0.3363,2.1256,1.7668,1.6099,1.1704,1.0359,1.3498,2.296,1.9372,-0.3498,-0.2018,3.2377,1.9372,0.9283,0.6099,1.9103,1.8117,1.4081,3.5964,1.3812,0.8834,2.9776,2.3767,1.852,1.5022,1.0942,1.722,3.2018,3.574,-0.148,0.0852,4.0628,2.722,0.7982,2.417,4.3363,2.5202,3.2825,7.8027,3.4439,2.8341,5.4439,4.148,4.3498,3.5874,3.4081,3.5291,2.7085,5.8655,1.7713,1.5202,6.8789,2.8834,2.8296,0.9462,1.5426,1.6637,1.6592,2.7713,1.2691,1.278,2.2915,2.1435,1.5291,1.1435,1.2691,1.5516,1.9148,2.2242,0.3812,0.5247,3.0224,1.991,1.0269,1.0045,1.1928,1.6951,1.4753,3.1839,0.9103,0.9372,2.4529,1.5247,1.7623,1.2735,1.0359,1.5247,2.0583,2.4036,0.0448,0.6368,2.3587,1.6009,1.0135,1.5022,3.713,1.2152,2.0987,5.9955,2.2242,1.565,3.7578,3.0404,2.8924,3.4709,2.6816,3.2018,2.7892,4.0762,0.6233,0.7309,5.2332,2.4215,1.8834,1.1749,2.3004,0.9776,1.7175,4.6413,1.6726,1.5291,3.991,3.6502,2.7758,2.8072,1.2332,2.8341,3.0179,3.1883,1.0314,0.6502,5.296,2.8386,1.7623,1.7085,2.0359,1.2915,2.5426,4.1525,1.7175,2.0717,2.4036,2.6368,3.1435,2.8924,1.7399,2.6547,2.3274,2.9821,1.3812,1.3946,4.1435,1.6592,2.4081,1.426,1.8027,1.296,2.3991,4.0404,1.8789,1.9148,2.9552,1.9641,2.3767,2.3857,1.8117,2.2646,1.9238,2.6278,1.4888,1.3632,3.7892,1.3498,1.7982,0.5605,1.3363,1.5247,1.4126,3.5202,0.6906,0.8565,1.9686,1.3004,1.843,1.7399,1.1435,1.8834,2.5291,2.2063,0.0135,0.3184,3.435,2.0942,0.9417,1.4036,1.7399,0.9865,1.6368,4.3632,1.5202,1.6278,2.5202,2.0135,2.4574,2.3901,1.5426,2.2691,1.9507,2.5336,1.2915,1.2332,4.13,1.4888,1.8206,1.5919,2.0987,0.9327,2.7982,3.8117,2.0269,2.1031,3.1749,2.8296,2.713,2.9058,1.2422,2.296,1.8341,2.3049,1.7354,1.2242,4.2511,1.1211,1.9955,1.9417,3.2511,3.2511,3.6906,5.2466,2.5202,2.9372,4.4843,3.9283,1.991,2.1749,2.4664,2.5471,2.296,5.5291,1.8117,1.0135,5.0987,2.0045,1.8879,0.3363,1.4709,0.574,0.2063,1.6413,0.7444,0.4036,1.3318,1.1525,0.7848,0.7309,0.7534,1.1121,0.7534,1.5202,0.0897,0.009,1.7444,0.7444,0.6951,0.3857,1.0314,0.3812,1.1794,1.1121,0.287,0.6816,0.87,0.296,0.6099,0.3229,0.7444,0.7668,0.4888,1.2242,0.2063,0.0448,1.2915,0.3991,0.6188,2.426,3.9327,2.0762,3.4664,7.0762,2.8251,2.9417,4.9327,5.3184,4.9238,4.3587,2.3901,4.0314,4.6054,4.8386,1.574,0.9686,8.3274,4.2152,3.2511,1.4126,1.7713,0.9507,2.6233,3.3498,1.1839,1.6726,2.2511,3.3767,2.3139,2.2915,0.8206,1.9596,1.8879,1.8072,1.9058,0.6592,3.7399,1.5785,1.7758,1.2018,1.1794,0.5471,1.3857,3.0493,1.6009,1.7578,1.2466,1.2511,2.2152,2.2242,1.0942,1.6996,1.1928,2.1704,1.0628,1.1614,3.2825,0.8565,1.9955
1-212.txt_199,1.7557,1.6591,1.3068,1.5682,4.0795,1.4148,0.6307,2.767,1.8864,1.5511,1.8295,1.4034,2.233,1.5,2.5625,0.7727,0.9602,3.25,0.8523,1.4716,1.0057,2.1591,3.358,3.1932,4.4148,1.4943,2.017,3.6136,2.1307,0.7443,0.1591,1.1818,0.6136,0.8295,2.6761,0.9773,1.0114,4.4318,1.3864,0.6591,0.5966,2.5057,3.6136,3.4375,4.0852,1.6364,1.7216,4.3125,2.4773,1.125,0.9432,1.5568,1.2159,1.9205,3.0341,1.1875,0.3182,4.3409,2.1023,0.2727,0.8523,2.6307,4.5114,4.5455,4.1193,2.1193,2.6477,4.6705,2.6136,0.7045,0.7784,2.3182,0.6193,1.4659,4.2102,1.3977,0.625,4.267,1.3068,0.1477,4.608,4.2102,3.4205,3.2557,11.9602,3.3523,2.1534,6.625,4.9773,6.1591,5.3977,2.0568,5.3011,5.9602,7.267,2.8636,2.358,10.9205,6.1875,4.375,0.2784,1.6648,2.4261,2.8693,3.267,0.9716,1.8352,2.6364,1.733,0.6818,0.1818,1.1705,0.6307,0.4545,2.1761,0.5568,0.3125,2.4943,0.6989,0.3864,0.125,1.4659,3.7045,3.375,2.2045,1.0682,1.8068,2.4318,2.1818,0.2614,0.0284,1.7898,0,0.9489,2.3466,0.5568,0.2102,2.4148,0.8636,-0.4773,2.0284,4.0625,3.5739,4.1591,7.2955,2.8693,2.3466,6.2102,4.0909,1.9943,2.4375,3.0625,2.4545,2.9318,6.0398,1.1989,1.2727,6.767,1.9261,1.4886,1.2727,2.3466,2.4602,2.1875,5.9545,0.8864,0.8864,4.392,3.7273,2.1534,2.0398,1.2216,2.1136,2.8977,2.3977,0.9489,1.1364,6.4148,3.517,1.2102,2.6648,0.7386,0.8636,0.6136,4.5852,1.1193,0.1648,3.0114,2.0455,2.8352,2.9375,0.6307,2.9886,3.3807,3.392,1.75,0.9432,4.5625,2.7102,2.4091,2.8125,0.9432,0.4602,0.6534,4.625,0.767,0.4773,2.7614,1.9318,2.7784,2.5795,0.3011,2.5966,2.3977,2.4716,2.0625,1.3977,4.3864,2.3636,2.1818,0.4091,1.4943,2.642,2.8352,2.4318,0.6648,1.3409,2.892,1.2216,0.4943,0.1364,0.6534,0.0398,0.8977,1.7273,0.375,0.6023,3.1989,0.9773,-0.0625,2.8182,0.4318,0.2955,0.108,5.1932,0.4261,0.483,2.6136,1.7557,3.2443,2.642,0.2273,3.25,2.7557,2.6989,1.5909,1.4716,4.7386,2.517,2.4716,2.3864,1.7386,0.6136,0.2614,5.7614,1.0909,-0.4205,2.6989,2.7045,4.0227,3.875,0.8182,3.858,4.483,3.2102,1.9716,1.6136,6.4489,3.8523,2.7273,2.3068,3.983,4.7443,6.5455,6.5114,3.8011,4.3409,6.5568,4.125,1.2273,1.142,3.1307,1.3295,1.6534,6.4261,2.7273,1.767,7.2159,2.0795,0.6477,0.8239,1.4205,2.1364,2.1307,2.4886,1.2841,1.4375,2.2955,1.517,0.4545,0.858,1.3466,0.8466,0.5568,2.8239,0.6818,0.2386,2.733,1.0852,0.5625,0.5455,0.983,1.3807,1.0398,2.1023,0.3295,0.5966,1.0739,1.0682,0.7784,1.2784,0.6534,1.2102,1.0852,1.7102,0.4489,0.2727,2.2841,1.017,0.7614,3.875,4.5284,4.6818,4.4261,11.125,2.2386,2.2557,7.2045,5.7898,5.3352,4.8693,2.75,4.0398,6.5284,7.0966,2.8125,1.7614,11.7045,7.1193,3.8807,2.2557,1.2386,1.517,1.1307,5.7898,0.3693,-0.0511,3.6989,3.2443,3.4886,3.3409,0.2273,2.9318,3.6591,3.1534,1.4261,1.2955,6.7784,3.7955,2.392,2.0739,0.5455,0.4318,0.3295,4.017,0.5966,-0.4773,1.7273,1.25,1.9489,2.5227,0.1534,2.5341,2.358,1.9886,1.4602,0.6136,3.0341,2.2045,1.7727
1-212.txt_201,0.5,0.5972,-0.0648,0.1528,0.9213,0.4398,0.1435,1.3194,0.4259,0.8657,0.9815,0.375,0.9907,0.6157,0.5185,0.0787,-0.1481,0.9722,0.1065,0.8287,0.6296,1.875,1.4398,1.287,2.7546,1.037,1.2407,2.1296,2.0046,2,1.7083,0.6204,1.5694,2.3565,2.4352,0.375,0.2639,3.6065,1.9259,1.5602,0.4167,1.2454,0.7824,0.7824,1.7731,0.4398,0.6528,1.7407,1.3148,0.8611,0.4954,0.8657,0.7037,1.25,1.8796,0.037,-0.5185,2.1898,1.2963,0.6759,0.0648,1.2222,0.7407,1.25,1.338,0.4676,0.8981,1.5602,1.1852,0.9907,1.0231,0.4537,0.7824,1.6065,2.5046,-0.0833,-0.5,2.463,1.4954,0.6574,1.3056,2.6944,1.3241,1.4259,4.5,2.037,1.7083,3.1343,2.8194,3.5,3.4815,0.7546,3.0556,2.9722,3.2407,0.8704,0.7917,5.0139,1.7685,2.3287,0.3194,1.0648,0.6944,0.4537,1.6435,0.287,0.4861,1.2176,1.1157,1.2917,1.1343,0.1435,0.9815,1.8472,1.4583,0.1806,-0.2083,2.3611,1.537,1.1157,0.6991,1.2407,1,0.7917,1.3935,0.463,0.6481,1.7407,1.088,0.9769,0.8704,0.3935,0.8009,1.2407,1.8194,0.3194,-0.1065,2.037,0.9815,0.7315,0.8241,1.9074,1.1991,1.5556,3.0926,1.2546,0.9306,2.4537,1.7593,2.1667,2.2083,0.7963,1.8056,2.4907,2.6111,0.2454,0.1204,3.6944,1.463,1.5741,0.625,1.8981,1.3565,1.125,2.963,0.8935,1.1111,1.9444,2.3657,2.5185,2.1343,0.2593,1.8102,2.7963,2.4491,0.25,0.213,4.0046,2.4259,1.713,0.9676,2.1389,0.7778,1.0093,3.537,1.4167,1.3611,2.5694,2.3472,2.7917,2.4954,0.787,2.1713,1.8056,2.4444,0.8472,0.8056,3.6944,1.0833,1.7639,0.4769,2.1111,0.8611,0.8981,3.0926,1.4907,1.4444,2.037,2.463,2.3519,2.1713,0.6806,1.9444,1.8704,2.2963,0.588,0.7407,3.7778,1.5787,1.5046,0.1157,0.5278,0.6898,0.838,1.088,0.2593,0.5324,0.912,0.4074,0.537,0.2731,0.1296,0.3565,0.9259,1,0.0926,-0.2315,1.25,0.7176,0.5972,0.5093,1.8009,0.662,0.6713,2.5602,1.1019,1.0926,1.9398,1.9815,1.8981,1.7454,0.6019,1.6296,1.7315,1.8426,0.463,0.463,3.2685,1.5,1.2963,0.4537,2.1157,1.3935,1.1991,2.9491,1.0046,1.3148,1.9583,2.5324,2.5926,2.4259,0.4352,1.9167,2.3843,2.6065,0.5185,0.8241,3.7037,1.8056,1.7083,0.6898,2.7685,2.0093,2.3565,3,1.7222,1.7639,3.0046,2.5324,2.3333,2.2176,1.5093,2.0648,2,3.0417,0.5,-0.0556,3.9815,1.6065,1.5694,0.3843,0.2176,-0.162,0.0926,0.2639,0.0648,-0.0833,0.9769,0.3056,0.3472,0.3981,0.0648,0.375,0.713,0.3565,-0.1435,-0.4722,0.8009,0.2824,0.338,0.4861,0.3009,-0.7315,-0.1343,0.75,0.0602,0.0787,0.0926,0.3796,0.7639,0.6713,0.25,0.6343,0.4954,0.2593,-0.088,-0.338,0.9306,0.1898,0.625,1.125,3.1296,1.8889,1.8056,5.2037,1.6713,1.7731,3.2176,3.7731,4.2407,4.1944,0.4769,3.4444,4.1528,4.0093,0.588,0.7222,6.4722,3.3426,2.875,0.338,1.2176,1.2454,1.1296,2.4444,0.3796,0.75,0.9769,1.8287,2.2639,2.1898,-0.2731,1.5,1.9444,1.6019,0.3519,0.5324,2.7778,1.5231,1.3889,0.8194,1.5139,0.4769,0.7639,2.537,1.1806,1.1019,2.0833,1.5648,1.9213,1.6065,0.6528,1.6019,0.8009,1.6713,0.8194,0.787,2.3935,0.3333,1.1065
1-212.txt_203,1.7978,1.2022,1.5902,1.6667,4.2732,0.9672,0.9454,2.4426,1.5902,1.2787,1.3661,1.2295,1.2514,1.1858,2.4863,1.0656,0.6831,3.0109,0.694,1.2022,0.623,2.1093,3.0219,3.3169,4.0055,1.9836,1.9344,3.0929,2.153,0.7322,0.2404,1.6011,1.3333,0.9071,3.235,0.9344,0.8798,4.1475,1.9563,0.377,0.4699,2.0437,2.6831,2.9891,3.4645,1.5683,1.0219,3.929,1.8634,1.3607,0.459,1.306,1.5464,1.9781,3.4372,0.765,0.2678,4.6175,2.5683,0.2295,0.6776,2.6011,4.0328,4.5137,3.4098,2.4481,2.1858,3.8579,2.7596,1.1257,0.6612,2.5628,1.1038,2.0492,5.2459,0.7596,0.2732,4.9399,2.1749,-0.0492,4.3552,3.3989,3.224,3.8361,10.235,2.9344,1.8907,5.7432,3.4918,5.8306,5.2678,2.3279,5.153,4.7377,7.3989,3.3661,1.7596,10.3443,5.4809,4.4317,0.9126,1.388,2.306,2.9126,3.1913,1.3224,1.8579,2.847,1.5738,0.5519,-0.0109,1.0492,0.7158,0.9617,2.3716,0.2186,-0.0546,2.8689,1.2295,0.071,0.3443,1.0656,2.6339,2.9344,1.5246,1.6339,1.8852,2.3716,1.6503,-0.3716,-0.6448,1.4481,-0.2842,0.9235,2.1093,0.0383,-0.7432,3.1311,1.0219,-0.6885,1.6448,3.847,2.7213,3.2514,6.3005,2.0492,1.4426,4.5574,3.2077,2.7541,2.6776,3.0601,2.7377,3.0492,4.8361,0.9945,0.8852,6.3169,2.3989,1.4372,1.1475,2.1585,2.1913,1.9727,4.6885,1.5902,0.9454,3.4809,2.9836,1.6393,1.082,1.0492,2.1038,2.4918,3.623,1.1913,0.776,4.8251,3.6831,0.9071,2.2022,0.7213,1.1858,1.2623,5.0492,0.8361,0.1585,2.1639,1.7814,2.7486,2.694,0.9071,2.918,3.0055,3.2514,2.0546,1.541,3.5191,2.8033,2.5956,2.0219,0.6448,0.6339,0.6995,4.4098,0.7923,-0.0656,2.3716,1.7541,2.224,2.2842,0.4918,2.1038,1.6339,1.8907,1.9016,1.2896,3.0546,2.2514,1.9126,0.5738,1.3552,2.0219,2.6667,2.6339,1.1694,0.9836,2.9126,1.4044,0.5082,0.1311,0.9126,0.2514,1.2732,2.153,0.1038,0.2186,3.2678,1.9781,-0.2787,2.0492,1.2459,0.9508,1.153,5.2568,0.9836,0.9016,2.5027,1.9126,2.377,1.459,1.082,2.0601,1.4153,2.4973,1.5574,1.3552,3.5464,2.3989,2.1803,1.7596,1.5355,1.3934,1.2131,5.0437,1.2568,-0.6557,2.224,2.5246,3.612,3.0492,1.2131,3.0984,2.5628,2.9016,2.5082,1.929,5.3224,3.7377,2.3989,3.0219,3.6175,4.5301,6.8197,5.7814,3.929,4.2022,6.1694,3.7978,0.9672,0.4317,3.2077,1.5847,1.1421,6.8634,3.0219,1.6339,6.235,1.7432,0.2077,0.9235,1.2186,1.9891,2.0929,2.9399,0.7923,0.4208,2.388,1.3497,1.3443,1.306,1.0109,1.1639,0.9891,2.8306,0.6503,0.0546,3.0984,1.0984,0.7705,0.5574,0.5792,1.2186,0.7869,2.6612,0.3224,0.1257,0.541,1.0929,1.0164,1.388,0.5792,1.2732,1.1311,1.694,0.1803,-0.3497,2.2459,1.3552,0.6721,3.1311,3.776,3.8361,4.2295,10.1913,3.0492,1.7049,5.8634,5.541,5.0328,4.0164,3.0656,4.1803,5.4426,5.8525,3.0273,1.6831,9.7432,7.459,3.5519,2.3005,1.7268,2.4754,2.3716,5.1257,1.0055,0.5519,3.7322,3.377,3.459,2.8087,1.2459,3.3005,3.0164,3.6393,2.3279,1.6667,5.7596,4.3333,2.2404,1.7104,0.2787,0.4536,0.1366,3.5738,0.2623,-0.4372,1.0383,0.8142,2,2.1913,0.5082,2.2077,1.918,1.9672,1.4536,0.6066,2.4699,1.929,2.153
1-212.txt_205,1.2312,1.4624,0.1214,0.9075,3.2659,0.6532,0.6532,2.5607,0.8324,1.526,1.5318,0.8786,1.4162,1.0867,1.5896,0.5318,0.7861,2.2832,0.8035,1.1561,1,2.7225,2.5896,3.1965,4.3237,1.8324,2.5029,3.0462,3.289,1.8497,1.9538,1.5318,2.4855,2.4971,3.0751,0.9191,0.4913,3.9249,2.2948,0.8613,-0.3468,1.6069,0.9595,0.6416,2.1618,0.9075,0.815,1.341,1.7688,1.3873,1.1214,0.7919,1.9653,1.7746,1.6821,-0.7399,-0.4566,2.341,2.0173,1.0405,0.9884,2.9653,1.5434,2.2023,3.9769,1.6127,1.9017,2.6994,2.9595,1.7977,1.7514,1.6185,2.578,3.1329,4.1792,0.0405,0.5838,4.4971,3.0578,1.0347,2.9711,4.6936,1.9249,4.3526,7.9306,3.289,3.0289,5.896,4.1503,4.4277,3.7919,2.474,3.0925,2.6127,5.7283,3.1503,2.4798,6.1618,2.1329,3.2543,0.896,2.3526,1.4277,1.8324,3.0289,1.763,1.9422,2.0809,2.2428,1.1156,0.9884,1.2601,1.9827,2,2.6647,0.3815,0.4566,2.7341,1.8208,0.8844,0.6012,2.763,1.9538,2.0347,2.7457,1.0867,1.6185,2.3815,2.1676,1.6243,1.3642,1.5491,2.3757,2.4855,3.3757,-0.0983,0.6532,3.3526,2.526,1.0983,1.3468,3.7861,0.8324,2.3237,5.6012,2.1156,1.9884,4.0347,3.3815,2.6705,3.0462,2.2659,3.0578,3.526,4.0636,0.8902,1.2486,5.104,3.0173,2.4624,1.7746,3.0983,1.5376,1.9884,4.3237,1.815,2.4798,3.5376,2.8613,2.2543,2.5491,0.9133,2.9133,3.0173,3.052,1.422,0.659,5.1734,2.7283,1.4046,1.9306,2.0058,1.1272,2.7168,3.8324,1.7746,1.9595,2.659,2.0983,2.2948,2.8671,1.1098,1.4509,1.9191,2.2543,1.8555,1.7861,3.8035,1.0116,1.5838,1.9249,2.0809,1.2543,2.8786,3.8382,1.6763,1.8035,3.5434,1.6532,2.0462,2.6994,1.1908,1.6243,2.0809,2.5491,2.104,1.422,3.8324,0.7225,1.578,0.4393,1.578,1.6994,1,2.4566,1.0983,1.1445,1.2948,1.5318,1.0925,1.1156,1.1098,2.1676,1.5549,1.4971,-0.0116,0.1387,1.7399,1.5376,0.526,1.8728,2.4509,1.2197,2.5145,3.289,1.9942,2.2543,3.0867,2,1.6936,2.0289,1.9249,1.4566,1.4046,2.896,2.0347,1.4393,3.4913,0.8439,1.4624,2.3237,1.7399,1.4509,2.8613,3.422,2.0116,2.1618,3.2832,1.9769,2.3931,2.8439,0.8439,1.7399,1.4451,3.0347,2.3757,1.5202,3.8092,0.3468,2.2197,2.341,3.5029,2.9711,4.0925,5.5607,2.7861,3.2312,4.9769,4.3468,1.7168,2.0462,1.8728,2.7977,2.4509,6.3468,1.7514,1.8671,5.0405,2.6821,1.6358,0.6069,1.8439,1.0289,1.0173,2.5549,0.3815,0.5549,1.9364,1.1098,0.4798,0.4162,0.5087,1.2659,0.9306,2.0058,0.1272,0.1098,1.5029,0.526,0.3179,1.2254,1.3353,1.2312,1.5029,1.6532,0.7977,1.0289,1.3988,0.6416,0.2775,0.3526,0.8382,0.3988,0.1734,1.8613,0.8497,0.4104,1.4566,0.4798,0.3757,3.1445,3.7283,1.5954,3.2139,7.5029,3.1503,2.7341,5.0173,4.8555,4.6358,4.4277,1.4682,3.7283,3.6821,4.815,2.1965,1.6243,8.0578,3.3006,3.2601,2.0462,1.3931,1.1214,2.052,3.5318,1.3699,1.9711,1.9133,1.9017,2.0116,2.3815,0.3526,1.6994,1.6127,2.2486,2.3006,0.8902,3.5665,0.711,1.4046,1.4277,1.422,0.5723,1.5838,3.2775,1.526,1.0983,1.8844,1.0751,1.5029,2.1561,0.7803,1.0867,1.0578,1.815,1.4046,1.3006,2.9711,0.0867,1.3006
1-212.txt_207,0.3944,0.4556,0.2556,0.9389,1.0556,0.3778,0.5944,0.9111,0.6611,0.3778,0.4389,0.4222,0.2056,0.6389,1.1833,0.2333,0.1167,1.2389,0.4611,0.2278,0.9389,0.9833,0.7667,1.2278,1.5833,0.2278,0.7944,2.1944,0.8778,0.9556,1.0056,0.7556,0.3944,1.3667,1.3722,0.5,0.6222,1.95,0.6611,0.7389,0.65,0.7833,0.5389,1.0222,1.3667,0.1556,0.5167,1.9444,0.5611,0.6944,0.5,0.5278,0.2167,1.0056,1.0833,0.1444,0.1111,1.4167,0.6333,0.6056,0.7667,0.8056,0.6278,1.5667,2.3333,0.4278,0.8444,2.0389,1.1056,2.0556,1.75,0.8167,1.15,2.3222,2.1111,0.0722,0.2778,3.0056,1.8556,1.7444,0.6889,1.2444,1.3556,2.9,3.1111,0.9556,1.4556,2,1.6444,1.7222,1.7889,1.0889,0.9778,2.2056,2.6833,0.6833,0.7667,3.6833,1.5333,1.0111,0.4556,0.4333,0.4611,0.5833,1.2,-0.0556,0.2944,1.2944,0.3556,1.0389,1.0944,0.3444,0.5278,1.0556,0.5889,-0.0278,0.1222,1.25,0.5111,0.8167,0.6111,0.5778,0.4889,0.8167,1.45,0.1278,0.4833,1.5778,0.5611,1.3944,1.3111,0.5944,0.7667,1.5111,1.0722,0.0167,0.2611,1.8444,0.9722,1.2167,0.85,1.85,1.3333,2.5556,1.9167,1.4722,1.75,2.5778,1.9778,0.8,0.8278,1.6389,0.55,1.5944,2.9333,0.9389,0.25,2.8556,1.4222,0.4056,0.8056,1.3889,1.25,1.8722,1.5222,0.8389,1.3444,2.0444,1.2778,1.1444,1.0611,1.0778,0.5778,1.3389,1.3833,0.4722,0.45,2.0611,0.9444,0.8833,0.5889,1.3556,0.6111,0.9944,1.9,0.9722,0.8333,0.9833,1.4667,1.8778,2.0111,1.05,1.4556,2.5556,1.2278,0.4167,0.5333,3.6111,1.9333,1.2611,0.6222,1.3111,0.6944,1.0778,1.9778,0.7667,0.8,1.2833,1.4111,1.8167,1.9667,1.0167,1.2944,2.5,1.1611,0.5056,0.6111,3.5611,1.7278,1.1667,0.65,0.8333,0.4944,0.85,1.3,0.1278,0.5333,1.7944,0.6778,0.8833,0.9389,0.6778,0.45,1.5389,1.0056,0.2,0.2444,1.8722,0.8111,0.6444,0.4056,0.8778,0.3889,0.5278,1.2,0.4278,0.4222,0.7,0.7444,1.2778,1.3778,0.6167,0.9,1.5444,0.5556,0.2278,0.3556,2.1056,0.9667,0.8389,0.9611,1.9944,1.4778,2.15,2.3611,1.7389,1.6667,2.0778,2.0944,1.9722,2.1444,1.6333,1.4889,2.6111,1.9889,1.0611,1.0444,4.05,2.0556,1.35,0.7722,0.8556,0.9556,2.1944,2.7222,0.5833,1.3056,1.9278,1.2556,1.8278,1.5722,0.9278,0.9167,2.3556,2.3333,0.5,0.5944,3.1667,1.55,1.3778,0.5111,0.1944,0.1444,0.8889,0.8778,0.0778,0.4,1.2778,0.1722,0.2,0.0611,0.1833,-0.0889,0.25,0.9556,0.1,-0.0667,0.6,0.1111,0.2278,0.3333,-0.0389,-0.2056,0.3389,1.2389,-0.0889,0.1389,0.75,0.1667,0.5333,0.4778,-0.0389,0.1889,0.7889,0.6,-0.1389,-0.0167,1.1833,0.65,0.4889,1.1444,2.4778,2.25,3.1833,3.6611,1.8222,2.1167,3.2,2.8278,2.8889,3.1889,2.0556,1.9611,3.7444,3.0333,1.0944,1.0611,5.5056,2.8167,1.8778,0.5944,1.5889,1.1889,1.5,1.5667,1.2889,1.2333,1.5556,1.7556,1.4333,1.65,1.1833,1.1,1.9444,1.1722,0.5389,0.5222,2.9,1.6444,0.95,0.2944,0.9889,0.2556,0.4444,1.3444,0.7222,0.5111,0.4,1.0833,1.35,1.55,0.75,1.1556,1.9944,0.75,0.1222,0.2111,2.7444,1.5611,0.8667
1-212.txt_209,0.838,0.8768,0.3204,1.1092,2.2606,0.7042,0.7535,1.757,0.9754,1.088,1.1901,0.7817,1.0458,1.1338,1.2042,0.4613,0.6127,1.6092,0.5282,0.9014,1.3134,1.4859,1.6444,1.6972,3.3275,0.7394,1.1303,2.8275,2.0458,1.3415,1.3099,0.9225,1.331,2.243,1.7148,0.6444,0.4261,3.4437,1.6514,0.8169,0.3239,1.3556,1.3486,1.3486,2.2359,0.6444,0.6761,2.2852,1.6303,1.2923,0.8627,0.9472,1.5493,2.2042,1.3486,0.1549,0.0352,2.581,1.9261,0.6796,0.5528,1.8099,2.2183,1.9894,2.993,1.1585,1.1373,2.7218,2.5035,1.3873,0.6338,1.2711,1.4577,2.1585,2.3063,0.2606,0.3451,2.8134,1.993,0.4014,2.1021,3.3838,2.088,2.8768,6.6162,2.2641,1.8204,5.007,4.0246,3.6901,3.6092,2.1514,3.6338,4.0634,3.8732,1.5986,1.7218,7.3662,3.4648,2.8028,0.7746,0.9507,1.1972,0.8908,1.7852,0.4965,0.6514,2.0915,1.2254,0.993,0.3697,0.8204,0.7394,0.9331,1.243,0.2254,0.3662,1.3662,0.993,0.6408,0.5704,1.0317,1.4472,1.3803,1.7113,0.5352,0.6197,1.8134,1.1937,0.7042,0.2113,1.1479,0.9296,0.8592,1.7148,-0.0845,0.0176,0.9754,0.8486,0.081,1.3592,3.2817,1.581,2.2077,5.0528,1.4542,1.7746,3.588,3.493,2.3662,2.5951,2.2077,2.7535,3.0704,3.2606,0.9225,0.9648,5.1866,2.4366,1.6972,1.2042,2.3275,1.919,2.0775,4.3451,1.3451,1.1937,3.6127,3.7254,2.2993,2.1725,1.2324,2.4859,3.331,2.5211,1.2535,0.8944,5.2007,3.1901,1.5845,1.3239,1.243,1.0176,1.7958,3.6338,1.0599,0.993,2.1303,2.662,2.3803,2.588,0.8592,2.3063,2.6901,1.9507,1.0211,0.9683,4.1303,1.9824,1.5704,1.2993,1.0845,0.7394,1.4085,3.9789,0.9331,0.7817,2.6901,2.0775,2.0599,2.2148,0.4542,1.9824,2.1585,1.7077,1.0493,1.0176,3.8204,1.5915,1.2465,0.5,1.1056,1.0141,0.4225,2.1655,0.4577,0.2782,1.6761,1.2993,0.7817,0.6232,0.912,0.7465,1.7993,1.007,0.0986,-0.0704,2.0739,1.581,0.3556,1.2394,1.0106,1.1197,1.7465,3.8908,1.0176,1.1127,2.2852,2.4894,2.1444,1.7923,0.6937,1.8803,2.0599,2.0739,1.0951,1.0951,3.7817,1.8028,1.3944,1.5035,1.5493,1.6655,1.9085,5.1056,1.1338,0.6901,3.4225,3.3521,2.6373,2.6479,0.5458,2.0387,2.6655,1.9613,1.662,1.1655,5.3275,2.5951,1.7007,1.1585,2.0317,1.8627,2.6197,3.2817,1.9789,1.743,3.1444,2.588,1.8944,1.4507,1.3345,2.0739,1.0704,3.1796,0.9401,0.8768,3.2007,1.4648,1.9683,0.3838,0.9437,0.5528,0.8768,1.4577,0.2183,0.0141,1.3521,0.7782,0.8662,0.6866,0.3838,0.831,1.0176,0.8803,0.0775,0.419,1.2711,0.4613,0.5669,0.3028,0.5458,0.4648,1.0845,1.5317,0.3521,0.162,1.0599,0.7007,0.912,0.6972,0.419,0.9049,0.9507,0.8275,0.0211,0.0915,1.3415,0.4683,0.4577,2.3627,3.1761,2.3415,2.3556,6.9754,1.4331,1.3697,4.75,5.243,4.7113,4.3451,1.1373,3.7007,5.0035,3.2148,1.4789,1.162,8.0951,4.419,3.2218,1.5739,1.3521,1.5423,1.7958,3.8134,0.9155,0.9542,2.9577,3.1655,2.1725,2.0035,0.4437,1.9085,2.2077,1.9507,1.8275,0.9859,4.1197,2.169,1.2324,0.9331,0.5176,0.3556,0.9718,2.6901,1.0986,0.9437,1.1937,1.5106,1.2676,1.6725,0.4648,1.4049,1.3803,1.6056,0.6056,0.5845,2.7606,1.0845,0.9542
1-212.txt_211,1.8941,1.7882,1.6529,1.7176,3.9529,1.5529,0.9,3.1353,2.1706,1.6471,2.1706,0.8412,1.8588,2.2647,2.9059,1.0059,0.5176,4.2412,1.9353,1.3824,1.4882,1.9588,3.0471,3.7941,4.5941,1.9118,1.8294,4.3588,2.2235,0.9588,0.2176,1.6588,0.8235,1.1353,4.6118,0.7706,0.5824,5.1588,1.2118,0.3353,0.8059,2.2765,2.9588,3.7353,3.8529,1.9941,2.0941,4.4588,2.9765,1.6176,1.4941,1.5294,1.3235,2.5765,3.9176,0.7235,-0.1647,4.6882,2.3765,0.1353,1.4882,2.9412,4.5706,5.2176,4.3118,2.3941,3.2059,5,3.3059,0.6471,0.5118,2.4647,0.1882,1.5882,5.6647,1.4353,-0.0118,4.5706,1.4471,-0.3765,4.0412,4.2765,2.7353,2.9353,9.9882,3.5882,2.1059,6.9471,3.3471,5.2882,5.8,1.9824,5.2235,6.0176,7.5882,2.4765,1.0529,10.4765,5.8647,4.2882,0.8647,1.4176,2.6,2.8588,3.3882,1.5471,1.2941,3.0412,2.0176,0.8588,0.3765,1.2471,0.4,0.9706,2.8765,0.5353,0.0294,3.6706,0.7412,0.0118,0.2588,1.1588,2.9118,3.2529,2.1353,1.0412,1.8176,2.7647,1.8941,0.4647,0.0882,1.9176,0.0353,0.6647,2.6765,0.3,-0.3294,2.5412,0.1118,-0.6235,2.6176,4.2294,3.7824,4.5235,7.7647,3.2765,2.6412,6.8647,3.6529,2.6941,2.6765,2.3529,2.5588,3.4294,6.5588,1.8235,0.9647,7.6059,3.0882,2.1706,1.0588,1.3529,2.2176,2.3059,4.9647,1.4471,0.4176,4.1412,2.8588,2.0235,1.5706,0.7588,1.9412,2.1235,3.4765,0.9176,0.6647,5.3588,2.6588,1.2588,2.9588,1,1.0706,0.5353,4.7294,0.3294,-0.3941,2.9176,0.8588,3.0471,3.1059,-0.4824,2.8353,3.8941,3.0059,1.4765,0.9706,4.2,3.0824,3.0412,3.3647,1.1941,1.4412,1.1,4.2765,1.1353,0.5882,3.4,0.9412,2.3471,2.1294,-0.0176,2.0235,2.6765,2.5118,2.1059,1.2941,3.7471,2.3412,2.1294,0.5118,0.4294,1.6647,2.5941,1.5941,0.5118,1.0353,2.4882,0.7353,0.3765,-0.2118,0.8471,-0.1176,0.4118,1.9706,-0.1412,0.0647,2.6706,0.5941,-0.3,2.4529,1.4588,0.8882,0.7647,3.7,0.9471,0.5941,2.5941,1.1824,1.8941,1.2882,0.2941,2.3294,1.6294,2.6294,1.1529,0.8,3.7118,1.9529,1.8824,2.5529,2.4529,1.5235,0.6588,6.7824,1.1647,-0.0765,3.4706,2.3471,3.5353,3.7471,0.5294,3.3941,4.4412,3.3706,2.0882,1.6588,6.9941,3.8471,3.0059,3.7176,4.5529,5.0647,6.6471,7.2059,4.4059,4.1471,7.2647,4.1588,1.3353,1.2882,2.6706,1.7588,2.2706,7.2824,2.9176,1.3706,7.7235,2.2118,0.7471,1.2353,1.5176,1.8647,2.3,2.7824,1.1588,1.1353,2.4059,1.6059,1.0412,1.1,1.2,0.9353,0.7,2.7471,0.9412,-0.2059,2.7118,0.8353,0.7882,0.5471,0.1,0.6529,0.4706,2.6059,-0.0059,-0.1059,0.8765,0.7235,0.8588,1.2706,0.0882,0.5118,1.1176,1.1471,-0.0235,-0.1529,1.5412,1.2529,0.9,4.2824,5.2706,5,4.9529,9.8882,3.6294,2.3353,7.9294,5.2059,4.7118,3.8765,2.9765,3.9118,6.3647,7.9118,3.6235,1.4824,11.6529,6.8706,3.4353,2.0588,1.8,1.9706,1.5294,5.4412,0.8118,-0.0294,4.0941,2.4412,2.9471,2.6471,0.3471,2.1235,4.1647,3.2471,1.5706,1.2,6.7882,4.3412,2.2824,2.3824,0.6588,0.6,-0.1471,4.1529,0.0706,-0.6059,2.2353,0.4529,1.7235,2.1412,-0.5882,1.9765,2.9471,1.8412,1.5059,0.6176,3.6059,2.8412,2.1882
1-212.txt_213,0.8744,1.0452,1.1558,1.3166,2.7236,1.1206,0.8442,1.6633,1.4322,1.0955,1.3317,0.7136,1.6181,1.4422,1.8291,0.5678,0.3518,2.1658,1.5327,1.4774,1.0402,1.6181,2.7487,2.9648,3.4422,1.4623,2.206,2.9095,2.1106,1.1055,0.191,1.7387,1.1809,1.1055,3.5528,1.1106,0.8945,3.6784,1.4975,0.8241,1.1206,1.7839,3.3166,3.799,3.5829,1.5678,2.3317,3.593,3.1357,2.0151,0.6181,1.402,1.4774,2.3015,3.4975,1.2814,0.6633,4.5226,2.8342,0.8894,1.2613,1.9196,4.005,4.4623,3.9447,1.8995,2.7538,3.598,3.7889,1.4523,0.6533,1.8492,1.2412,2.603,4.0352,1.5276,0.8191,5.6583,3.3719,0.1357,2.4824,3.5427,2.9347,3.2161,7.3317,2.9698,1.9899,4.4472,4.0452,4.4221,3.3417,2.1156,3.5628,4.9548,5.1005,1.9095,1.1658,7.6734,5.0302,3.5327,0.8442,0.8945,2.3417,2.4975,2.2915,0.9849,1.5276,2.5528,1.4925,0.804,0.4673,0.7236,1.1106,1.0955,2.7236,0.6633,0.1859,3,1.5276,0.407,0.4975,1.2161,3.1055,2.9347,2.1407,1.1658,1.9045,2.1005,2.5879,0.8744,0.3719,1.7638,0.7387,1.6382,2.7487,0.5176,0.2211,3.8442,1.8593,-0.0452,1.1307,2.9146,3.3266,3.608,5.0452,2.2111,2.6583,4.5226,3.4523,2.206,1.6985,2.0503,2.3719,2.8894,4.8543,1.5327,1.0905,5.2563,3.0503,1.8442,1.3116,2.799,3.1307,2.8593,4.7387,1.0754,1.4673,4.3869,3.7035,2.0503,0.7136,1.9146,1.8392,2.4573,3.4774,1.4523,1.6683,5.2261,3.3618,1.2563,1.7688,1.1508,0.794,0.8291,3.6432,0.9045,0.6332,2.2462,2.0201,2.5176,2.5829,0.4271,2.3317,2.206,2.7387,0.7789,0.6784,3.2462,2.8442,2.3719,1.6985,0.9799,0.4673,0.3417,2.407,0.8141,0.402,2.0452,0.9799,1.4271,1.2915,0.2111,0.8995,0.6633,1.7085,0.9095,0.6935,2.2312,1.1658,1.2613,0.7889,0.9648,1.8894,2.4271,1.6784,0.9648,1.3618,2.196,1.3317,0.3467,0.0754,1.1106,0.8643,0.7839,1.7337,0.2965,0.2161,2.6734,1.0603,0.0302,1.603,1.8442,0.7035,0.9196,3.397,0.9698,1.1558,2.397,1.5528,1.7789,1.1809,1.0452,1.7186,1.7588,2.5276,0.5628,1.0352,3.191,2.1658,1.598,1.7638,1.9598,1.5729,1.0553,4.7638,1.1859,0.4623,3.0653,3.2111,3.0603,1.9146,0.402,2.5126,3.0251,3.1106,1.7688,2.1055,5.2714,3.6382,2.3869,2.3367,3.2312,4.0754,5.196,5.2814,3.2764,3.7286,5.3065,4.1859,1.5729,0.7487,2.4523,1.799,2.6683,5.7136,2.0854,1.6683,6.4774,3.196,1.1357,0.6382,1.4171,2.0251,2.0704,1.7839,1.3216,0.9548,1.6633,1.5678,0.8141,0.3065,1.191,0.8342,0.2462,2.0955,0.6784,0.1307,1.603,0.5176,0.3769,0.1457,0.9045,1.2965,1.1206,1.8995,0.5779,0.593,0.5477,1.2161,0.794,0.7688,0.7236,0.8995,0.598,1.5427,0.1156,-0.1005,2.2764,1.196,0.7789,2.5578,3.6734,4.2312,4.1457,7.9045,2.0402,2.4874,5.598,5.9246,4.3668,2.5377,1.9548,3.191,5.9196,5.1005,2.2613,2.0352,8.402,6.5729,3.0704,2.1055,1.8191,2.5628,2.6231,5.1407,1.0804,1.3015,4.6633,3.8744,3.0704,1.0151,1.1005,2.0352,2.9397,3.5075,1.8693,1.9447,5.4121,4.0452,2.0804,1.3015,0.5226,0.5126,0.3769,2.8995,0.4623,0.2312,1.7839,1.0352,1.7085,2.1005,0.1005,1.6985,1.7035,1.6884,0.6281,0.2864,2.7789,2.1106,1.6985
1-212.txt_215,1.3613,1.6963,0.6859,1.3351,3.4869,1.3141,0.534,2.2618,1.5393,1.5654,1.7906,1.445,1.623,1.7487,2.2304,1.0052,0.8848,3.4398,1.2513,0.9948,1.1361,1.5445,2.9215,3.1832,3.6073,1.5079,1.6911,2.9581,2.4503,1.2461,0.534,1.2723,1.7435,1.3351,2.7382,0.3455,0.4869,4.0105,1.8586,0.2984,0.4084,2.4607,3.2356,3.534,3.8534,1.8115,1.8377,3.8115,2.8534,1.445,0.4712,1.7801,1.801,2.4607,2.6754,0.3927,0.2199,4.089,2.5864,0.2408,1.1152,2.8743,4.0419,4.9476,4.0105,2.4503,2.801,4.3717,2.9005,1.5969,0.3979,2.5602,1.8168,1.7539,4.6073,1.199,0.3613,4.9267,2.0628,0.3822,3.623,3.712,3.3298,3.7487,10.9005,2.7644,1.6126,6.6335,3.9843,5.0942,4.822,1.733,5.0262,5.8272,5.7853,2.9948,2.4293,10.3298,5.5026,4.3717,1.2042,1.6597,2.3037,2.9529,2.6702,1.3822,1.623,2.9424,2.089,1.0471,-0.3089,1.5759,0.9424,0.4398,2.9162,0.4188,0.1675,3.1047,1.0209,0.2565,0.4346,1.4607,2.7277,3.1937,1.9319,1.1885,1.2042,2.2827,1.7487,0.3665,-0.4084,1.7435,0.7801,0.4188,2.3665,0.0419,-0.5288,2.7277,0.5079,-0.3927,2.0419,3.7382,2.9738,3.9895,6.3979,2.4764,2.0366,5.7382,3.4346,2.8115,2.2775,3.1204,2.8586,3.5079,4.9267,1.9529,1.3665,6.2513,2.9319,1.7853,1.3874,2.089,2.3351,2.4136,4.5079,1.1728,0.8586,3.0995,3.8377,3.1309,1.7644,1.1152,3.2618,3.3141,2.5393,0.9686,1.1571,5.8743,4.4188,1.9215,2.178,1.3246,1.2408,1.2775,5.4084,1.4869,0.9738,2.3089,2.3927,2.8115,3.1204,1.1047,2.644,3.4921,4.0105,1.5864,1.2094,4.6545,3.0524,2.7801,1.6335,1.0314,0.8639,1,4.6492,1.0942,0.9476,2.4921,1.7853,1.9791,2.3665,0.8168,1.2147,2.623,2.5707,1.6702,1.4136,3.7958,2.0471,1.8953,0.3613,1.5445,2.6021,2.911,2.1675,1.2932,1.3665,2.6859,2.0942,0.5393,-0.1675,1.4817,0.9215,1.2513,2.0209,0.1728,0.1414,3.1885,1.5916,-0.3141,2.0419,1.5969,1.1099,1.2984,5.8115,1.534,1.6649,2.6702,1.801,2.1204,1.7225,1.8325,2.0524,2.1571,3.733,1.3874,1.9686,4.2775,2.4817,1.8272,1.8482,1.9476,1.3351,1.2408,5.8743,1.2827,0.3037,2.911,2.4241,3.8272,3.6126,1.3298,3.0314,4.0838,3.7068,2.0942,2.288,7.0314,4.2304,3.377,2.6806,3.5812,4.356,6.2304,5.3037,4.0524,3.7068,6.8115,3.2513,1.4607,0.3665,3.0157,1.3403,1.8848,6.1937,2.7487,1.5864,6.1623,2.0105,0.5183,1.1623,1.4712,1.8115,1.9215,2.356,1.1937,0.644,2.4607,1.3403,0.8325,0.5497,0.8325,1.1152,0.7487,2.5183,0.6387,0.1937,2.3717,0.8063,0.4974,0.5079,0.4503,1.2094,1.2094,2.5288,0.3613,-0.0838,0.8901,1.4188,0.9634,1.7016,0.4398,1.6073,1.3351,1.377,0.0576,0.0052,2.3194,1.3455,0.7801,3.2618,3.6178,3.8848,4.0576,9.288,2.4188,1.822,6.5183,5.3665,5.5602,4.7016,2.8901,5.0576,6.3665,6.7435,2.4974,1.9581,10.377,6.4817,4.267,1.9424,1.644,1.9686,1.6545,5.178,0.822,0.9634,3.3613,3.288,3.6126,3.1571,0.7853,3.4555,3.5864,2.6387,1.4921,1.7801,6.3874,4.5079,3.0628,1.7068,0.9005,0.4241,0.6021,3.9843,0.9162,0.1047,1.2984,1.0419,1.9424,2.5288,0.3979,1.9058,2.5445,2.9319,1.1623,0.6545,3.733,2.2461,1.9581
1-212.txt_217,1.3172,1.1667,0.6828,1.0215,3.6237,1.1559,1.0161,2.672,1.457,1.3602,1.9194,1.4839,1.6022,1.1828,2.4785,0.5914,0.8602,2.457,0.6667,1.0161,1.2473,2.5269,2.5054,3.0108,4.871,1.7849,2.1505,3.6129,2.7204,2.4785,1.6398,1.5376,2.2796,2.9624,3.4409,0.5215,1.3925,5.5269,2.7419,1.5645,0.0645,1.9516,1.8011,2.2312,3.1774,1.3656,0.9032,3.1613,2.5161,2.0806,1.0376,1.3656,1.3333,2.543,2.8065,-0.0968,0.0968,4.5161,2.6075,0.629,1.0054,2.3387,3.2957,3.4516,3.828,1.9355,1.9032,3.9731,2.7473,1.6129,0.9355,1.5806,0.8978,2.4247,4.5215,0.3602,0.5538,4.6882,2.0376,0.5269,3.5,5.0484,2.828,3.4086,8.7957,2.8065,3.0323,5.7634,4.3495,5.5968,4.7527,3.1452,4.8065,3.9731,6.086,1.9785,1.4946,7.7473,2.7742,4.5054,0.7151,1.9946,1.7312,2.1022,2.9516,1.871,1.3656,2.6774,2.0591,1.9624,0.9624,1.0914,1.1882,1.2097,2.5968,0.2527,0.828,3.0699,1.5591,1.1398,0.6559,1.6237,2.3656,2.6452,2.8226,1.3871,1.5215,2.543,1.5269,1.6935,0.6828,1.3925,0.9462,1.1505,2.3387,0.0269,0.8548,2.8172,1.4839,0.6828,1.3441,4.4409,2.3441,2.8441,7.043,2.3871,2.2527,4.2258,4.3656,3.1935,3.0699,3.0968,2.7527,3.6882,5.3172,1.1022,1.672,6.328,3,2.1505,1.5968,3.0538,2.543,2.3172,4.8065,2.0753,1.6828,4.8495,4.4301,2.7473,2.4624,1.5484,2.5484,3.1667,4.4462,1.5914,1.1183,6.2688,3,2.0215,2.5269,2.2527,1.3495,1.8387,4.8011,1.4892,1.4892,2.8763,3.0215,2.414,3.0591,1.5645,2.828,2.7796,3.2688,1.8817,0.9677,4.2957,1.5753,2.4301,2.5215,1.3925,1.0645,1.6075,4.4731,1.3387,1.4462,3.672,2.3172,1.3172,1.9946,1.1989,1.9462,1.8011,2.6183,1.9624,0.7366,3.1935,1.0914,1.3495,0.4247,1.3441,1.6129,2.0108,3.2742,1.3065,1.3817,2.2634,1.543,1.6452,0.9785,1.0269,1.2634,2.2473,1.7796,-0.1075,1.0323,3.4301,2.043,0.6559,2.0591,1.8495,1.5484,2.1022,4.2742,1.871,1.871,2.414,2.7527,1.5108,1.4677,1.5645,1.8978,1.586,3.1667,1.7849,0.871,3.7527,1.1129,1.4785,2.4731,2.9301,1.5215,1.9355,5.0161,1.8817,1.6828,3.2957,3.3817,2.5161,2.5376,1.6935,1.7043,1.7581,3.3226,2.2419,0.5645,4.8172,1.3602,2.2527,2.3011,3.4032,4.2796,5.8172,5.7581,3.4409,3.3602,5.1075,4.3118,1.9892,1.586,2.1989,2.0215,1.9677,6.7849,2.1613,1.4301,5.5323,1.9839,1.6344,0.6667,1.2312,0.4946,0.6398,1.6828,0.8011,0.2796,1.7258,1.3387,1.5215,0.9785,0.8656,1.3602,0.7688,1.8387,-0.3817,0.2097,1.9731,1.0968,0.9355,0.6613,0.8602,0.2473,0.957,1.4731,0.3978,0.4409,0.3925,0.8065,1.0108,0.914,0.8065,1.1774,0.8118,1.3226,-0.0753,0.0484,1.0376,0.7258,0.8925,3.2204,4.7527,2.8387,3.6989,8.9892,3.2581,3.2043,5.7258,6.3118,5.5215,4.3548,2.8172,4.3387,5.4892,5.9032,1.9462,1.0376,10.6129,4.6183,4.0699,2.0806,2.0538,1.5484,1.4409,4.0968,1.4946,1.3172,3.4409,3.6129,2.2419,1.7419,1.129,1.3978,1.6183,2.6882,2.1989,0.4624,4.4946,1.5215,1.914,1.9301,1.4194,0.5323,1.5215,3.6452,1.457,1.3387,1.6667,1.6129,1.328,2.2957,1.2634,2.0538,1.4624,2.9355,1.3495,0.4247,2.828,0.5269,1.7634
1-212.txt_219,0.459,0.2557,-0.023,0.6,1.4328,0.2033,0.482,0.941,0.3344,0.6295,0.5934,0.2393,0.2361,0.7311,0.5148,0.1443,0.0525,1.4492,0.4098,0.4852,0.8,0.623,0.859,1.259,1.6918,0.4984,0.7049,1.7115,1.2754,1.0066,0.7377,0.5377,0.4852,1.3148,1.4525,0.682,0.6623,2.0098,1.0852,0.8426,0.282,0.3541,0.4131,1.0098,0.8459,0.3738,0.4164,0.8787,0.8066,0.5869,0.3115,0.3541,0.3738,0.777,1.3607,0.2721,0.2721,1.0689,0.6328,0.4852,0.4721,0.8295,0.3738,1.177,1.5967,0.5246,0.6033,1.3705,1.223,1.2262,1.0361,0.6164,0.8557,1.8721,1.9475,0.1246,0.3902,2.4918,1.5213,0.9803,0.7443,1.623,1.2492,1.9115,2.8426,0.8852,1.1148,2.977,1.9115,2.0525,1.7574,1.0721,1.0131,2.4689,1.7475,0.2393,0.2492,3.8525,1.8197,1.4984,0.4852,0.1836,0.3934,0.8,1.1672,0.1803,0.3115,0.9475,0.5607,0.6754,0.4656,0.2131,0.3508,0.777,1.1213,0.3738,0.5344,1.1311,0.5541,0.6197,0.3836,0.3443,0.5115,0.9508,1.0426,0.2557,0.4525,0.9803,0.7016,0.7049,0.4951,0.3279,0.3508,0.8885,1.3967,0.2885,0.5443,1.3148,0.682,0.623,0.9377,1.1148,0.518,1.6623,3.1607,0.7016,0.859,2.5213,1.5475,2.0787,1.8623,0.8426,1.1443,2.5344,2.2066,0.3607,0.5115,3.859,1.882,1.6131,0.7803,0.9377,0.9607,1.4328,1.8492,0.6918,0.8459,1.9279,1.4,1.377,1.0787,0.7541,0.7082,1.6557,1.7508,0.4754,0.7377,2.5574,1.3443,1.1803,0.4885,1.5246,0.6033,1.0295,1.941,0.7934,0.859,1.9443,1.5246,1.7246,1.6787,0.918,1.0033,2.1377,1.1672,-0.0656,0.1803,3.1803,1.6918,1.2754,0.4459,1.4557,0.6885,0.9672,1.7475,0.7607,0.8033,1.9213,1.5115,1.3967,1.3705,0.918,0.8361,1.9148,0.9934,0.023,0.082,2.8689,1.5377,1.0033,0.5836,0.2721,0.5869,1.0295,1.1902,0.2459,0.482,1.2164,0.7246,0.8,0.5574,0.3016,0.3279,0.8525,1.2426,0.5049,0.4885,1.2426,0.5705,0.6656,0.3115,0.6984,0.2623,0.4361,1.2984,0.3148,0.2918,1.1508,0.8459,1.0393,1.0033,0.3934,0.6295,1.3705,0.4984,-0.0164,0.1082,1.8885,1.1049,0.7836,0.8262,1.6656,0.6492,1.223,2.6,0.8951,0.859,2.4656,1.8,2.2066,2.0557,1.1049,1.2459,2.6984,1.6623,0.0262,0.3836,4.177,2.2557,1.741,0.7639,0.9115,0.5934,1.2164,2.2754,0.6033,0.7443,1.8131,1.2033,1.8393,1.8393,0.8,1.1082,2.3049,1.7869,0.4164,0.6459,3.0131,1.5049,1.4098,0.3508,-0.023,-0.0787,0.5934,0.6557,0.0918,0.3213,0.4,0.0426,0.0557,-0.0066,0.1705,-0.0492,0.0328,0.6951,0.2164,-0.0131,0.282,-0.1148,0.0623,0.3049,0.2131,0.0525,0.6754,0.7279,0.2262,0.3377,0.6361,0.3803,0.2328,0.1869,0.2328,0.0557,0.2918,0.8164,0.2328,-0.023,0.5967,0.1639,0.1246,1.2787,2.2393,1.2393,2.2164,4.0164,1.4131,1.3672,3.7803,2.6164,3.1016,2.9016,1.6426,1.7902,3.741,2.882,0.4066,0.7377,5.7311,2.9934,2.4328,0.7607,1.1639,0.7705,1.1443,1.9803,0.7279,0.7148,2.059,1.3607,1.7049,1.4951,0.8328,0.8787,1.882,1.4426,0.2098,0.4984,2.9836,1.5607,1.4098,0.3836,0.9934,0.3607,0.7803,1.659,0.4918,0.5869,1.5016,1.0197,1.4623,1.4098,0.5508,0.777,1.6393,0.8656,-0.0623,0.1738,2.4426,1.2164,1.082
1-212.txt_221,0.2872,0.5532,0.2553,0.7021,0.8511,0.5,0.5372,0.5745,0.8245,0.734,0.6968,0.3457,0.4574,0.9947,0.6383,0.234,0.2713,1.1436,0.7287,0.4894,0.5851,1.5213,0.9043,1.266,2.4574,0.9787,0.9096,1.8191,1.383,1.2713,1.4468,1.0213,0.9362,1.5372,1.7181,0.3457,0.1277,2.5106,1.0798,0.766,0.3245,1.3138,0.484,0.5638,1.4574,0.7553,0.6915,0.6117,0.8457,0.4628,0.7074,0.9096,0.5319,0.8191,0.6223,0.3404,0.0053,1.5213,0.6809,0.0957,0.4894,1.6915,1.3191,1.6862,1.6649,1.2394,1.2713,1.7979,1.5638,1.0372,1.1596,1.2287,0.7606,1.3936,1.9681,0.6436,0.3511,2.3351,1.1064,0.5319,1.0532,1.4894,0.3085,1.6383,2.1915,1.117,1.2074,1.2819,1.3351,2.7074,2.4309,1.0585,1.8777,2.3032,2.3617,0.1862,0.8085,2.984,1.383,2.266,0.3723,1.0266,0.4415,0.984,1.4043,0.7287,0.734,1.2234,0.8936,0.766,0.8883,0.7021,0.5266,0.984,1.6649,0.1277,-0.0426,1.6117,0.7074,0.4468,0.3351,1.1809,0.7394,1.2447,1.3883,0.9628,0.9628,1.4574,1.1755,0.6489,0.8351,0.8298,0.4628,1.0957,1.4574,0.2606,-0.133,1.8085,0.9734,0.266,0.6011,2.1277,1.5426,1.8245,1.7606,1.5372,1.6809,1.6702,2.1223,1.2074,1.2074,1.7872,0.8777,1.6117,1.7287,0.9149,0.9415,2.5372,1.4096,0.8511,0.4628,1.5479,0.7074,1.1915,1.8032,0.9947,0.9574,1.4362,1.4255,1.4415,1.4521,1.1915,1,1.9362,1.3564,0.1223,0.0638,2.633,1.6223,1.016,0.867,1.4362,0.1543,1.2021,1.8883,0.9202,0.9362,1.2713,1.2606,2.0745,2.117,0.8723,1.5,2.2074,1.5638,-0.0213,0.1702,3.1436,1.4521,1.5266,0.8298,1.4947,0.1862,1.1064,1.8883,0.9362,0.9628,1.1596,1.3298,2.0266,2.0851,0.9734,1.4628,2.1862,1.617,-0.0372,0.3138,3.133,1.4521,1.5426,0.4043,1.0319,0.6223,1.0106,1.8936,0.6809,0.6809,1.4681,0.9096,0.7926,0.9734,0.6383,0.5532,0.9734,1.3617,0.1968,-0.0585,1.6968,0.617,0.4043,0.5479,1.0745,0.0372,0.75,1.2926,0.6277,0.633,0.7394,0.7979,1.2979,1.3936,0.6543,0.9468,1.3245,1.3723,-0.0745,0.1968,1.984,0.8298,0.9628,0.7287,1.5904,0.516,1.4894,1.8564,1.0585,1.1436,1.3032,1.6011,2.4574,2.2606,1.2234,1.5745,2.766,1.5053,0.0638,0.5798,3.3936,2.1011,1.9681,0.5851,1.5266,1.1968,2,1.8457,1.1117,1.1755,2.8138,1.6862,1.133,1.2819,1.0213,0.7447,1.6543,2.7234,0.4628,-0.1064,2.75,1.1809,0.5638,0.0372,0.4149,0.25,0.5213,0.3511,0.3883,0.5213,0.0691,0.4734,0.2021,0.266,0.3351,0.1596,0.5745,0.2234,0.2872,0.0479,0.5,0.4043,-0.0372,0.1649,0.2766,0.0638,0.1649,0.4202,0.1596,0.1755,0.1011,0.2181,0.6809,0.8511,0.117,0.5,0.6968,0.234,0.0479,-0.25,0.516,0.3245,0.3032,1.1915,2.234,0.7926,2.0585,2.9415,1.4947,1.617,2.1543,2.0745,3.7394,3.3617,1.734,2.3245,3.4947,2.7713,0.1383,1.0691,4.4202,2.4574,3.1596,0.6011,0.8404,-0.1011,0.8138,1.4309,0.4574,0.5266,1.0213,0.766,2.1649,1.8511,0.6489,1.266,2.2287,0.9468,-0.3032,0.2181,2.3989,1.5053,1.8723,0.6862,0.9521,-0.0372,0.8404,1.3936,0.6011,0.6064,1.016,0.8245,1.5213,1.5904,0.4947,1.0691,1.5372,1.2074,-0.1064,-0.0479,2.1596,0.9468,1.0957
1-212.txt_223,1.6983,1.4749,0.7989,1.3966,4.0615,1.1173,0.419,2.6201,1.5978,1.4916,1.7039,1.3631,1.6536,1.9274,3.0391,1.2905,0.3352,3.4022,0.9777,1.3352,0.9106,1.4134,2.7263,3.7486,3.8268,1.8268,2.581,2.7654,2.0726,0.3575,-0.1788,1.6145,0.676,0.6313,3.9162,0.8101,0.9832,4.0782,1.7709,0.067,0.4302,2.3128,3.4358,3.1173,3.7151,1.933,2.1061,3.3911,2.4246,1.2514,0.2905,2.0112,1.3128,2.1397,3.9609,0.6927,0.4246,4.4078,2.4637,0.2011,0.7877,2.7598,4.4581,4.4693,4.1229,2.7989,3.1844,3.7263,3.1397,0.6369,0.095,3.1955,1.0838,1.8324,5.2123,1.4693,0.8659,4.8045,1.9218,-0.0168,4.7151,3.8603,3.1061,3.1397,9.8547,3.3966,1.8268,6.8603,4.5866,4.9832,4.7486,2.1117,5.5251,5.6927,6.5642,2.8492,1.7207,10.7877,4.8324,4.3128,0.905,0.8212,2.6313,3.0838,3.067,1.3352,1.9106,2.5419,1.6257,0.7318,-0.1564,1.2179,0.8603,0.5866,3.3184,0.4413,0.3408,2.838,0.8156,0.2235,0.2346,1.5307,2.9665,2.8883,1.7933,1.2905,2.0782,2.1453,1.6089,0.4637,-0.2346,2.5084,0.4413,0.4469,2.1788,0.0391,-0.0168,2.3743,0.8771,-0.486,2.1285,3.6089,2.5754,3.2849,6.0726,2.4916,1.6592,4.6257,3.1788,2.2067,1.933,3.1173,2.6089,2.838,5.7318,2.0112,1.2737,5.2067,1.8547,1.7877,1.5922,1.2849,2.0056,2.1229,5.1508,0.7542,0.9441,3.2291,3.1955,2.1564,1.9832,1.095,2.7486,2.5363,3.6927,1.1453,0.8994,6.3855,3.9553,1.838,2.0223,0.5978,0.8603,0.8883,4.6872,1.2067,0.1061,2.4246,1.7933,2.1173,2.0223,0.1788,2.0782,2.9553,2.743,1.7151,1.0279,4.1955,2.7039,2.0335,2.1341,0.5978,0.6927,0.6369,4.3631,0.514,0.0726,2.2961,1.2011,2.0447,1.8156,-0.257,1.7989,2.2346,1.7318,1.5978,1.2291,3.3911,1.7821,2.0056,0.6201,1.1899,2.3128,2.6145,2.5307,0.933,1.4749,2.4749,1.5419,0.2682,-0.5251,1.2291,0.3799,0.6872,2.2905,0.2346,0.8324,3.4637,1.7095,-0.3408,2.324,1.0503,1.2291,1.648,4.8547,1.0112,1.1955,2.8436,1.6369,1.2905,0.9441,1.1508,1.3855,1.1173,2.9609,1.743,1.1676,4.0223,1.9609,1.3743,2.0223,1.9721,1.3073,1.1229,6.2123,1.1453,-0.0615,2.6704,2.6816,3.6425,3.1006,0.7542,2.8101,3.9553,3.1899,2.4078,2.0894,6.8547,4.419,3.2235,2.5587,3.5028,3.9888,5.9162,6.3855,3.6983,3.7151,6.0615,3.0335,1.5531,0.648,2.7877,2.4302,2.2011,6.8212,2.838,1.838,7.2011,2.743,0.6927,0.7877,1.648,1.7318,2.0279,3.0168,1.0782,0.6089,2.4302,1.419,0.7542,0.8771,1.1453,1.3966,1.1173,2.7598,0.6145,-0.2179,2.933,1.095,0.352,0.1397,0.8659,1.2737,1.4693,2.6927,0.8268,0.3911,0.6648,1.0056,0.6313,1.3408,0.6145,1.7654,0.7374,2.1285,-0.1006,0.0112,2.3017,0.8939,0.419,3.7877,4.067,4.3184,4.7318,10.6089,3.1229,2.4916,6.324,5.7039,4.7933,3.7765,2.9553,3.8212,5.5698,6.6257,3.1844,2.0726,10.4693,6.7263,3.8324,2.1508,1.9553,2.2402,2.6983,5.5084,0.9106,1.0782,3.9162,3.1173,3.1341,2.1453,1.5531,2.324,2.9609,2.8212,1.9777,1.7486,6.486,4.4413,2.5866,1.5251,0.8492,0.4693,0.3464,3.7039,0.5866,-0.3352,1.4916,1,1.2849,1.7542,0.3073,1.8212,2.1229,2.2514,1.162,0.3966,3.2961,2.324,1.3687
1-212.txt_225,1.3602,1.0616,0.9668,1.2322,3.5308,0.9242,1.109,2.2464,1.3649,1.4265,1.4882,1.218,1.1374,1.2322,2.4882,0.7014,0.6445,2.0616,0.6114,1.1659,1.3033,1.9194,2.1611,2.5261,3.8389,1.3981,1.654,3.3555,2.6682,2.218,1.6919,0.9573,1.8626,3.0095,2.8863,0.654,1.109,4.545,2.4408,1.5213,0.4787,1.5403,2.0948,1.8104,3.7583,0.782,0.7299,3.4455,2.2891,2.2701,1.2749,1.0379,1.4882,3.1611,2.5972,0.1991,-0.218,3.9716,2.3033,1.5687,1.1327,2.4502,3.3791,2.8768,4.7062,1.3081,1.4076,3.673,2.6445,2.1754,0.9194,1.2559,1.673,2.2701,3.7251,0.9763,0.4171,3.8626,2.2891,1.0853,2.9479,4.1754,2.9242,3.7346,8.1896,2.6588,3.0379,5.6777,4.455,4.2891,3.9858,3.1232,3.4645,3.9479,6.6114,1.2559,0.6872,7.7962,3.6682,3.3697,0.8863,1.2891,1.8009,1.9005,2.3839,1.2938,0.9573,2.3412,1.5829,1.8152,0.9858,0.6777,1.4739,1.3507,2.2559,0.2275,0.5024,1.9573,1.4882,1.455,0.9858,1.1374,2.346,2.5213,3.2654,0.8768,1.0237,2.6635,1.6825,1.673,0.9668,0.8246,1.2844,1.7867,2.4123,0.3649,0.8246,2.6635,1.7962,0.9431,1.8294,3.9526,2.7915,3.3649,6.9716,1.7725,2.1706,5.0427,4.5024,2.6967,2.5118,2.5308,2.8483,3.2891,4.9052,1.4028,0.4597,5.2085,2.5735,2.4265,1.6635,2.327,2.8578,2.3839,5.7867,1.6209,1.2986,4.1659,3.6777,3.1043,2.3886,1.1754,2.7346,3.5118,3.7962,1.4787,1.1801,5.763,3.4976,2.5118,2.0095,2.0142,1.2275,2.1232,4.1943,1.3602,1.7915,2.5071,2.9668,2.2322,2.5735,1.5355,2.3223,2.4502,2.5972,1.4076,0.8815,4.0948,1.8341,1.7583,1.6919,1.5687,0.9858,1.8673,3.4171,1.3791,1.6066,2.8957,2.0427,1.5498,2.3081,1.2654,1.7962,1.8578,2.0332,1.455,1.1137,3.4882,1.3555,1.0664,0.7299,1.2607,1.8863,1.9384,2.8341,0.9431,1.0995,2.1991,1.7346,1.6588,1.1754,0.7583,1.436,2.5024,1.6967,0.0332,0.673,2.5166,1.7915,1.0948,1.7346,1.4929,0.8057,1.6967,4.0569,1.3981,1.5829,2.2464,2.0853,2.09,2.2891,1.4502,2.2464,1.7251,2.1991,1.0948,1.4265,3.4739,1.763,1.91,1.8057,2.4408,1.5924,2.1801,3.9858,1.872,2.019,2.6019,3.6872,2.654,2.8152,1.2322,2.2891,2.0995,2.6256,1.9384,1.4597,5.4455,1.9668,1.9052,2.6066,2.9336,4.2133,5.2417,5.6872,2.9858,3.6919,5.6066,4.0806,1.4834,0.8578,2.4834,1.7156,1.545,6.0806,2.4692,1.128,4.6445,1.5261,1.8104,0.654,1.2085,1.1043,0.9905,2.0616,0.4455,0.1896,1.5403,1.0995,1.0569,0.5403,0.7346,0.7725,0.6919,2.5024,0.1706,0.0806,1.2749,0.7156,0.7062,0.6256,0.9668,0.3839,0.9716,1.3791,0.3555,0.2559,0.782,0.5924,0.6825,0.2512,0.6825,0.8104,0.2891,1.5924,0.3033,-0.1706,0.8768,0.4123,0.2512,2.9905,3.6777,2.8626,3.1232,7.4882,2.5972,2.6209,4.7204,5.7583,4.9005,4.8673,1.3507,4.5024,5.5735,4.3981,1.6445,1.327,9.7109,5.1137,4.0948,1.3791,1.6825,1.1991,2.0237,3.455,1.4076,1.4645,2.5735,3.6161,2.5877,2.0758,0.6303,2.0427,2.346,2.4739,1.7678,1.0379,4.6398,2.2464,1.8057,1.346,1.564,0.4455,1.4787,2.8389,1.327,1.6682,1.3412,1.7393,1.5687,2.0237,1.5024,1.6635,1.2322,2.3649,1.0095,0.7109,3.5687,0.9052,1.5261
1-212.txt_227,0.4034,0.5284,0.4318,0.642,0.7443,0.4318,0.5511,0.6364,0.5284,0.3125,0.5,0.3352,0.125,0.3409,1.0114,0.6818,0.608,0.9943,0.358,0.2216,0.4091,2.5455,2.2045,3.1591,2.2727,1.8636,2.3125,1.75,2.3864,1.4943,1.4545,1.9545,1.0739,2.5966,2.3352,0.9489,0.5795,4.0341,2.108,0.8409,0.5,1.9886,1.6761,2.4091,1.9943,1.3466,1.7159,1.8125,1.767,0.8352,0.8523,1.483,0.6705,1.2443,1.6761,0.7784,0.2841,2.3523,1.0625,0.4091,0.4091,2.6989,1.983,2.7273,2.1875,1.6989,2.0739,2.3977,2.7273,1.1932,1.4375,1.8295,1.108,2.2273,2.2102,0.6364,0.0909,3.7955,2.108,0.5852,0.9148,2.4034,1.4489,2.0114,2.5284,1.4659,1.767,1.8864,2.0057,2.2614,2.4432,1.8068,1.5114,2.7159,2.9091,0.7386,1.0227,3.8807,2.125,1.6534,0.4318,1.8466,1.4602,1.9716,1.3807,1.3295,1.5852,1.2102,1.6023,0.733,0.7727,1.5114,0.6761,1.4205,1.4659,0.7273,0.3125,2.5568,1.2443,0.4034,0.267,2.2614,1.7784,2.3807,1.6875,1.5625,1.8409,1.5909,2.0966,0.892,0.983,1.7102,0.8182,1.7955,1.7159,0.75,0.2784,3.3977,1.6875,0.4602,1.125,1.5057,1.7955,2.0966,2.6591,1.0568,1.5227,2.9602,2.0341,0.4489,0.6591,0.9943,0.1818,1.0511,2.25,1.0966,0.3125,2.2784,0.8068,0.125,0.5511,2.7557,1.6705,2.4318,2.3352,1.7045,1.8977,1.2841,2.0625,2.1875,2.1591,1.8693,1.9659,2.4432,2.3636,0.5227,0.7443,3.5114,1.8352,1.5284,0.4773,1.4034,0.2841,0.9261,1.8409,0.7898,0.983,0.5682,1.2557,2.4261,2.5625,0.9375,1.5398,2.7898,2.3807,-0.1705,0.4261,3.3693,2.2386,1.6932,0.4205,1.608,0.5682,1.1136,1.7443,0.9432,1.125,0.6477,1.3636,2.375,2.4545,1.1591,1.5341,3.017,2.3239,-0.0739,0.4943,3.5966,2.3239,1.6477,0.2614,1.8295,1.8693,2.6193,1.6818,1.5341,1.8636,1.5341,1.7614,0.5455,0.6023,1.4432,0.4148,1.358,1.6193,0.9602,0.3523,2.8864,1.2216,0.1477,0.1989,1,0.5057,1.0341,1.125,0.6875,0.8466,0.2443,0.8295,1.5341,1.6477,0.6989,1.0114,1.8011,1.4602,0.0625,0.3693,2.2159,1.375,1.0057,0.517,2.142,1.3295,2.2216,2.6193,1.2727,1.6193,0.9943,2.0739,3.2386,3.0455,1.3466,1.9943,3.2159,2.9034,0.0284,0.7216,3.9205,2.483,2.3523,0.5284,3.0739,2.1023,2.7159,2.7727,1.8977,2.4318,2.2102,2.6534,1.4091,1.5398,2.3295,0.9943,2.7159,2.642,0.7784,0.3636,4.2443,2.1591,0.7159,0.1477,0.9205,0.9773,1.1364,0.4148,0.7045,0.8409,1.125,0.75,-0.3295,-0.0909,0.6307,-0.1648,-0.0227,0.6705,0.8636,0.4091,0.7216,0.1648,-0.3693,0.0114,0.9318,0.7159,0.7841,0.0625,0.6023,0.7841,0.6534,0.5795,-0.125,0.0852,0.7216,-0.0568,0.2898,0.892,0.6193,0.4489,0.7841,0.4489,-0.2273,0.7841,3.6705,3.5227,3.8807,3.6875,2.3409,2.9205,2.4886,4.25,3.25,3.0682,2.5398,2.0852,4.0966,4.1364,0.8011,0.9773,5.5227,3.4602,2.3523,0.483,1.9318,1.1534,1.7841,2.1136,1.1364,1.3295,0.6193,1.7102,2.7898,2.5114,1.2159,1.8466,2.5511,2.4943,0.0455,0.7557,3.0795,1.9602,2.1307,0.4659,0.858,0.0114,0.4602,1.2159,0.5114,0.6364,0.267,0.6761,1.6534,1.8239,0.5739,1.0739,1.7386,1.8523,-0.0398,0.4205,2.1364,1.4148,1.1648
1-212.txt_229,0.6931,1.3069,0.1931,0.9554,2.6881,0.8317,0.5495,1.5198,0.6485,1.4604,1.5743,1.0693,1.1931,0.7624,1.4406,0.5644,0.4406,2.2574,0.3267,1.0446,0.7871,2.1733,2.0941,2.1881,4.0099,1.4505,1.4059,2.8812,2.6188,2.2376,2.0891,0.9356,2.3119,2.5693,2.896,0.8812,1.0198,3.7178,2.3267,1.1931,-0.005,1.8069,1.2525,0.9752,2.2574,0.9406,0.4356,1.9554,1.7624,0.901,0.8564,0.8861,1.3812,1.4653,1.4802,-0.1139,-0.2871,2.1188,1.7772,0.495,0.5644,1.797,2.3713,2.3762,3.8713,1.0495,0.9059,3.401,2.6931,1.1089,1.3812,1.2673,1.6881,1.9208,3.2228,0.4257,0.2921,3.495,1.7624,0.4257,2.495,4.7475,1.7574,3.5891,6.3564,3.2574,3.2723,5.0446,4.2822,3.7822,3.1584,2.9604,3.297,2.2426,5.3614,1.5743,1.1782,5.4554,2.0792,2.6089,1.099,1.9059,1.8366,2.0842,2.8168,1.5099,1.1089,2.2822,1.8614,1.7129,1.3861,0.6584,1.8168,1.7376,2.1485,0.8465,0.5891,2.3069,1.6634,1.1584,0.6436,1.4059,2.0891,1.8119,2.7921,0.9307,0.6436,2.4406,1.4703,1.8119,1.5446,0.6782,1.6931,2.104,2.0495,0.4208,0.6782,2.7376,1.7376,1.3911,1.4406,3.7772,1.4505,2.8366,4.8317,2.7277,2.302,4.4158,2.8465,1.5347,2.2228,2.7624,1.9703,2.3069,3.9059,0.9158,1.5792,4.9851,2.1832,1.203,1.297,2.1584,1.4059,2.2475,4.198,1.5594,2.1832,3.5594,3.099,2.2228,1.8911,0.8267,2.3911,2.3564,3.5198,1.5495,0.5248,4.7129,2.3168,1.302,1.9059,1.6436,0.104,1.4059,3.8911,1.5594,1.9851,2.0792,2.0644,2.8465,2.6881,1.5149,2.2871,1.896,2.599,1.1832,0.5792,3.4505,0.4406,1.9802,1.7327,1.8762,0.5297,2.0594,3.3713,1.6584,2.1584,2.5842,1.8119,1.7327,2.0347,1.797,1.7376,1.5891,3.2178,1.4703,0.4703,3.0198,0.4703,1.3812,0.0842,0.9802,1.802,1.1188,2.8416,0.6436,0.4356,1.505,0.9851,1.4356,1.4752,0.6683,1.7277,1.7376,1.5594,0.0446,0.599,2.2921,1.6386,0.5396,1.7673,1.7673,0.9109,1.8911,3.6782,1.6485,2.1832,2.8911,2.5941,1.8465,1.8069,1.4752,2.0396,1.8119,2.5396,1.5792,0.6386,2.7624,0.8861,1.4356,1.6337,1.5594,0.4554,2.4307,2.6782,1.9059,2.4059,2.7426,2.1287,1.9059,2.2673,0.8168,1.2129,1.0594,3.2178,1.797,0.5446,2.8465,-0.1287,1.9257,1.8812,3.0842,2.7871,3.8416,4.5891,2.4901,2.396,4.4356,3.8416,1.9851,2.3366,1.5248,2.802,1.6287,5.8713,1.5941,1.2178,5.2475,1.7772,2.2525,0.3267,1.3812,0.901,0.7475,2.0198,0.5347,0.2327,1.7129,0.6931,0.4356,0.7228,1.0495,1.0248,0.9208,1.5644,0.1485,0.0743,1.1386,0.302,0.2624,0.4851,0.8911,-0.3317,0.3663,1.5099,0.4505,0.4505,0.5941,0.4158,0.7277,0.8366,0.5099,1.1089,1.1881,1.3564,0.0891,0.099,1.4406,0.8762,0.6584,2.6485,3.4653,1.3366,2.9109,6.6584,2.5297,2.5495,4.5495,4.6139,4.4356,3.9455,1.5743,3.604,3.5446,5.0594,1.8812,1.0248,7.7475,3.1584,3.4505,1.1832,0.698,0.599,1.3069,3.0891,1.1733,1.7079,2.1139,2.2228,2.6139,1.8267,-0.1089,1.4455,0.901,2.6089,1.4752,0.6337,2.7624,0.5099,1.7376,1.4653,1.2772,0.1634,1.0297,2.3911,1.6733,1.703,1.099,1.495,1.4554,1.5248,1.5842,1.4257,0.4208,1.9158,1.2871,0.5297,2.7129,-0.1733,1.3614
1-212.txt_231,0.9029,0.9029,1.1796,1.2767,2.4369,0.4709,0.233,1.8641,1.3592,1.4709,1.2039,0.2379,1.2233,1.5631,1.8301,0.6359,0.6311,2.2184,1.233,1.1602,0.9854,1.665,1.767,2.0194,2.8689,1.4466,1.7282,2.5874,1.9078,0.335,0.1408,1.9515,0.301,0.2233,2.2379,0.6796,0.4078,2.3738,0.7961,0.2621,1.0874,1.1893,0.932,1.3835,2.9563,0.8592,0.8058,2.5291,1.665,1.2816,0.9951,1.0631,0.7039,1.6068,2.7621,0.6505,0.4272,3.2524,1.1942,1.0777,1.1311,1.7913,0.8544,1.0388,2.699,1.0146,1.1602,2.2427,1.6796,1.0291,1.1165,1.5631,0.6068,0.8932,2.8447,0.5146,0.7427,3.6262,1.1505,1.0291,2.5874,2.4223,2.5097,2.3883,6.2039,0.966,0.7961,5.267,2.6699,3.9709,3.4417,0.7816,3.267,4.4029,4.5777,1.9757,2.1311,6.0146,3.5728,3.7864,0.733,1.1748,1.1359,1.4951,1.8932,1.1117,1.3204,1.432,1.3835,0.1311,0.1456,1.4466,0.1602,-0.4951,1.2864,0.5583,0.3155,1.1019,-0.0583,-0.1068,0.5097,0.8107,0.9126,0.9563,1.5,0.8155,0.9126,0.9951,1.2524,0,-0.1893,0.9515,-0.2961,-0.3252,1.5437,0.2573,0.2718,1.2282,0.2816,0,2.1214,2.3058,1.9951,2.5437,4.9417,1.6553,1.6505,4.3252,2.4951,3.034,2.2961,1.6311,2.5,3.0728,4.1165,1.4175,1.665,5.301,2.665,2.7573,1.4417,1.2767,1.0583,1,3.7524,0.4175,0.1505,2.5146,1.5971,2.0777,2,0.6408,1.6311,2.199,2.3981,0.6359,0.9466,3.7427,1.7816,1.7961,1.1214,1.3058,1.4223,1.1117,3.1845,0.5097,-0.2379,2.9563,1.1505,1.9466,2.2136,-0.0243,1.7233,2.6553,2.7087,1.2864,1.165,2.9854,2.1699,1.9175,1.301,1.3447,1.466,1.2282,3.2718,0.233,0.0922,2.8447,1.2864,1.5971,1.8301,0.2233,1.4709,1.8058,2.3447,1.6019,1.0922,2.5922,1.6359,1.5,0.4903,1.0922,0.9126,1.5,1.8835,1.3738,1.4126,1.301,1.5097,-0.1214,-0.5777,1.6165,-0.2767,-0.6262,1.3786,0.2476,0.1456,1.6165,0.1893,-0.2282,1.3058,0.8544,1.0583,0.7913,2.7136,0.3544,-0.0874,2.2864,1.1456,1.6796,1.6311,-0.0388,1.3981,1.9515,2.0049,1.2039,0.835,2.3738,1.7087,1.6359,1.3107,1.534,1.9126,0.9563,3.7379,0.5728,-0.2767,2.932,1.7039,2.2039,2.5291,-0.0583,2.0825,4.0485,2.5097,1.7282,1.4563,4.5631,3.8204,2.3592,1.7913,2.1602,2.3495,2.7961,4.4175,1.6262,2.1456,3.5825,2.2961,2.5777,2.4612,1.4854,2.1602,2.0631,3.6505,1.1505,1.1408,4.6893,2.068,2.0291,0.7573,0.7379,0.7913,1.0971,1.8107,0.5874,0.5097,1.5728,1.2913,1.2233,1.0534,0.4903,1.0146,1.0971,1.7961,0.3689,0.4612,2.2961,0.9175,0.9369,0.4806,0.9806,0.9903,0.9806,1.8204,0.3641,0.0534,1.6942,1.1117,1.1068,0.7573,0.6893,0.835,0.7233,1.8107,0.3641,0.3641,1.4757,0.9272,0.7573,2.4466,2.4854,2.7282,2.1359,6.2282,0.932,0.3252,5.3835,2.9272,3.8738,3.6553,1.2767,2.9175,4.7767,4.3398,2.0146,2.1068,6.5437,4.3932,3.4515,1.4029,1.5243,1.8398,1.1262,3.7233,0.699,-0.0146,2.7816,1.8786,2.3204,2.2816,0.4515,2.0097,3.4709,2.233,1.301,1.2039,4.1602,2.966,2.2379,1.034,1.2184,1.5583,1.2136,2.7039,0.4806,0,2.7864,1.2427,1.4709,1.6553,0.2039,1.3204,2.0874,2.233,1.0825,0.7767,2.6262,2.0291,1.4272
1-212.txt_233,0.613,1.1696,0.4957,0.7217,2.7783,0.5826,0.887,1.2696,0.5783,1.0174,1.087,1.0087,1.213,0.4609,1.2087,0.2826,0.6522,1.4783,0.1913,0.7478,0.8304,1.6957,1.4957,2.3217,3.2304,1.5,1.4957,2.3739,2.6696,1.6391,1.5739,1.1261,2.1565,2.4957,2.9696,0.6087,0.5174,3.487,2.4783,1.2087,-0.1652,1.1,1.1087,1.4609,1.7348,1.1304,0.9957,1.7435,1.7826,1.1478,0.8609,0.9696,1.1826,1.9739,2.113,0.1913,-0.0348,2.2348,1.9174,0.4348,0.1565,2.113,2.1522,1.8565,3.0391,1.9957,1.7565,2.7043,2.487,1.7435,1.4217,1.2652,1.7348,2.5304,3.4087,0.2391,0.587,3.0913,2.2478,0.8348,2.0609,3.5348,1.6,2.8087,5.9913,2.6957,2.4261,4.8435,4.0826,4.1565,3.6826,2.1783,3.0261,2.5913,4.587,0.8348,1.0739,5.9783,1.8391,3.0304,0.6261,1.587,1.2565,1.6696,2.6957,1.4565,1.6043,2.2304,2.3826,1.4609,1.3478,1.1043,1.7478,1.6957,2.4348,0.7957,0.5217,2.9261,2.0043,1.0739,0.5435,1.8696,2.0739,1.7261,2.0652,1.6435,1.613,2.1652,2.287,1.1609,1.0609,1.5652,1.487,1.8043,2.7217,0.6609,0.8391,2.4391,2.0913,0.813,1.0435,3.5087,2.0609,2.8739,4.9435,2.5391,2.2696,3.913,3.6826,1.9478,2.3609,2.7913,2.8174,2.4565,3.9391,1.2348,1.7,4.813,2.5826,1.9043,1.2609,2.1565,2.0304,3.1826,4.1522,2.1043,2.0913,3.5913,2.9217,1.6087,1.7304,1.1043,2.3043,1.7478,4.1783,1.3826,0.1609,4.2913,1.3435,1.1957,1.3478,1.6043,1.1261,2.1913,3.1913,1.6217,1.9304,2.4826,2.1391,1.9609,2.1826,1.0783,1.4043,1.5391,2.287,0.8957,1.0435,3.5913,1.0565,1.4696,1.2087,1.4783,1,1.987,3.3565,1.4174,1.487,2.9609,2.0435,1.6,2.3087,1,1.8435,1.5348,2.2957,0.8696,0.6304,3.7087,1.1087,1.2261,0.5043,0.8957,1.3261,1.2478,2.3348,1.1957,1.0609,1.9391,1.5,1.1957,1.0174,1.0348,1.6913,2.1174,1.8696,0.3913,0.8696,2.3,1.9348,0.6522,1.1913,1.7348,1.0043,1.9,3.4957,1.387,1.7696,2.6913,1.8565,1.9217,2.1087,1.3478,2.0957,1.2043,2.2348,0.9304,0.8826,2.8826,1.0391,1.5826,1.5609,1.3043,0.7696,2.6174,3.387,1.5652,1.687,3.3783,2.0957,1.4,2.1,0.887,1.287,1.0348,2.5609,1.6087,0.6261,3.1913,0.1522,0.9087,1.7913,2.8957,2.7957,3.8174,4.1957,2.6957,2.9696,3.7739,3.6609,2.0174,1.9739,1.9652,2.6435,1.587,4.8522,1.7435,1.3739,3.7826,1.9087,1.8478,0.3739,1.013,0.7913,0.6435,1.7826,0.513,0.6609,1.0478,0.7826,0.4739,0.413,0.7304,0.7174,0.5261,1.4826,0.2391,0.2957,1.1739,0.4348,0.3348,0.2478,0.5609,0.5261,0.8783,1.2565,0.3957,0.4348,0.9217,0.7957,1.0304,0.613,0.487,0.2435,0.7348,1.5696,0.1522,0.1391,1.1826,0.687,0.4478,2.1739,2.9,1.813,3.2261,5.7913,2.8435,2.4609,5.0696,4.5565,3.9304,3.5739,1.3174,3.0043,3.4217,4.6565,1.1565,1.0957,6.513,2.3,2.8348,1.6739,0.8217,1.3522,2.2739,3.1043,1.3217,1.3783,2.7826,2.1913,1.313,1.4261,0.5217,1.013,0.8304,2.3565,1.8304,0.2217,2.8826,-0.087,0.7304,0.6652,1.0174,0.4913,1.1696,2.1,1.2435,1.3739,1.3783,1.387,1.8696,1.7174,0.813,1.2609,1.2826,1.4957,0.2348,0.4957,2.6478,0.6391,1.513
1-212.txt_235,2.2443,1.5909,1.3466,1.5568,3.5909,1.5227,0.8295,3.2614,1.7159,1.517,1.7841,0.9716,1.6023,2.0739,2.7898,1.3409,0.3523,4.1534,1.483,1.1023,0.858,2.1989,2.9318,3.2216,4.0455,1.733,1.6591,3.8466,2.3295,0.9432,0.3693,1.6648,0.9886,1.2045,4.1534,0.9943,1.0795,5.7216,1.0682,0.3977,0.7898,1.9034,3.2557,3.8182,3.733,1.6648,2.2216,3.733,2.0909,1.8182,0.5057,1.7159,1.4318,1.9716,3.1023,1.233,-0.2102,4.4318,2.0739,0.1875,1.1534,2.2841,4.5568,4.6136,3.9034,1.7159,2.5682,3.9091,2.4773,0.5511,-0.1818,2.5739,0.0284,1.7216,4.2216,1.7102,0.0852,4.7045,2.0966,-0.392,4.3295,3.9318,2.7216,2.2216,9.7443,3.1534,1.8636,7.2784,4.2102,4.6136,4.5227,1.7102,4.7159,5.3182,7.1534,2.7159,1.1307,10.1023,5.642,4.0852,1.0114,1.1591,2.3068,2.5966,3.2159,1.4943,1.5341,3,1.4375,0.6307,0.1193,1.3125,0.3864,0.642,2.5682,0.8182,0.8864,3.2386,0.1875,0.4716,0.0682,1.0966,2.8239,3.1023,2.017,1.4659,1.8011,2.5057,1.8807,0.2443,-0.6818,1.9773,-0.5852,0.483,1.5682,0.2443,-0.0057,2.6705,0.3466,-0.8352,2.5284,4.0739,3.4943,4.0568,7.4375,2.7557,2.3239,6.2443,3.7273,2.483,1.8125,2.9545,2.1761,3,6.1648,2.3693,1.1648,8,3.1023,1.7102,1.7898,1.2955,2.3807,1.5966,5.1591,0.4716,-0.1648,4.1136,3.017,2.3977,2.3182,0.4545,2.1534,2.4091,4.1136,1.2614,1.1136,5.9659,3.1193,1.8239,2.517,1.6591,1.0114,0.392,3.9318,1.3523,0.0114,2.358,1.6648,2.5455,3.5057,0.2557,2.6705,3.4602,2.7159,1.4659,0.733,4.392,2.8409,2.3125,2.9943,1.0909,0.3693,0.4318,4.1307,1.0852,0.1648,2.7386,1.3466,2.375,3.1705,-0.2045,2.5,3.1932,2.4205,1.6591,1.108,3.7045,2.1136,2.3409,-0.0057,0.8125,1.5455,2.0852,1.7045,0.3807,0.8409,2.3864,1.0398,0.6875,-0.1875,1.1705,-0.0852,1.267,1.483,0.142,0.4943,3.75,1.3409,-0.1534,2.2557,1.3011,0.2159,0.6136,3.75,1.0398,0.1136,2.5568,1.4489,1.8068,2.0795,0.6705,2.3068,2,3.1534,1.1193,0.75,3.9205,1.8125,1.642,2.6136,2.6477,1.4773,0.6818,6.1989,1.4773,-0.5682,3.2955,3.7841,4.0057,4.5966,0.3352,4.2898,5.2557,3.625,1.892,1.6307,6.9034,4.5909,3.1534,2.5966,4.0682,4.8352,6.2045,5.9261,3.6534,4.4545,6.9148,3.267,0.9659,0.733,3.4375,1.642,1.9091,7.1534,2.9773,1.2216,8.1193,2.142,0.017,1.3295,1.2273,1.9602,2.3693,2.2216,0.892,1.0057,2.5795,1.3011,1.0455,0.7443,1.0114,1.0341,0.9375,2.625,1.142,0.142,3.1761,1.2955,0.6705,0.3864,0.2045,0.767,0.9318,1.9659,0.3466,0.0966,0.6364,0.6875,0.7557,0.9886,0.0227,0.7614,1.5739,1.6705,0.4489,0.1136,2.1023,1.3807,0.7557,4.0909,5.5,4.5682,4.3977,9.8182,3.2216,2.1705,7.8239,6.0852,5.125,4.267,2.642,4.6648,7.5,7.2841,3.3864,1.9091,12.4773,7.3352,3.7898,2.6193,1.4659,1.8068,1.1364,5.5,0.2955,-0.1761,3.9773,2.767,3.108,2.9034,0.0057,2.7955,4.25,3.625,1.6761,1.0511,6.2955,4.2273,2.8523,2.233,1.0682,0.0398,-0.0852,3.3068,0.4716,-0.6761,2.1705,0.5398,1.7557,2.9034,-0.3239,2.1648,2.7102,2.1364,1.3182,0.4091,3.5341,2.2159,1.9034
1-212.txt_237,0.5779,1.3495,0.8685,1.1453,2.3149,0.8304,0.9654,1.7336,1.3495,1.0069,0.9377,1.0138,0.9689,0.8962,1.872,0.3737,0.6055,1.9896,0.9516,0.3945,0.8997,1.0208,0.7855,1.1419,3.3875,0.6678,0.4498,2.3356,1.7024,1.8858,1.7232,0.3564,1.7924,2.2215,1.7509,0.3045,0.4083,3.1315,1.7405,1.2422,-0.0035,0.8443,0.3253,0.5571,1.9446,0.7509,0.1661,1.8927,1.0623,0.6401,0.5709,0.3841,0.654,1.5952,1.7163,-0.3564,-0.4083,1.7682,1.1903,0.0727,0.5121,1.7855,1.2837,1.4394,2.7301,1.1903,0.9689,2.6125,2.308,1.083,1.308,0.8028,1.474,2.3149,2.391,0.0242,0.1972,2.9135,2.1315,0.654,2.2353,3.3979,2.5329,3.2734,5.6367,1.9273,2.1038,4.7128,4.045,3.2595,2.9965,1.9343,2.8339,2.6851,4.308,1.5502,1.8097,5.5121,2.2284,2.3218,0.6505,0.8754,0.6332,0.8201,2.1349,0.8443,0.782,2.0346,1.2284,0.917,0.8166,0.6125,1.1765,1.3287,1.3875,0.301,0.1384,2.0173,1.0346,0.7509,0.3356,1.0242,1.1419,1.1038,1.6817,0.7716,0.8408,1.9343,1.4221,1.0692,0.8927,0.7855,1.2388,1.6851,1.4221,-0.0623,0.263,1.8789,1.2872,0.654,1.045,2.7197,0.8685,2.0484,4.5882,1.5813,1.6367,3.8685,3.1834,2.2768,2.474,1.7578,2.2353,3.1246,4.2457,0.4706,1.1765,5.3114,2.9585,1.5087,1.5225,1.8893,0.8408,1.7751,3.4775,1.1661,1.2976,3.2215,2.2249,1.7439,1.8097,1.0242,1.8512,1.9758,2.6298,0.9308,0.5917,3.7647,1.5017,1.1349,1.8028,1.3737,0.8478,1.8235,3.5917,1,1.6436,2.2664,1.8927,2.1557,2.2353,0.9135,1.564,1.3426,2.1799,1.4429,1.3564,3.0484,0.4844,1.5156,1.5156,1.4567,1.1038,1.9827,3.0277,1.1488,1.4394,2.6228,1.7647,1.6055,1.8858,0.9965,1.5571,1.218,2.3495,1.5571,0.9377,3.0692,0.7751,0.9896,0.301,0.4394,0.526,0.5536,1.9896,0.2491,0.0104,1.5052,0.9412,1.3737,1.1592,0.0588,1.3253,1.6159,0.9066,-0.1246,0.1315,1.7578,1.045,0.9031,1.5225,1.4118,0.8235,1.8304,2.872,1.1073,1.6817,2.6851,1.6471,1.4775,1.4983,1.1765,1.391,0.7993,2.1661,1.3979,0.9862,2.4602,0.4083,1.0277,1.6644,1.1938,0.9862,2.09,3.0208,1.0588,1.4844,2.609,1.7612,1.8408,1.9031,0.5813,1.5952,1.436,2.782,1.4983,0.7993,3.4325,0.6851,1.1869,2.0657,2.1488,1.654,2.5986,4.1384,1.5087,1.699,4.2457,3.2872,1.6194,1.8097,1.3564,2.1592,2.5917,4.2422,0.9308,1.0657,4.346,2.0208,1.5779,0.2941,0.9862,0.7266,0.8201,1.5294,0.4671,0.3772,1.2734,1.1626,-0.1107,0.1453,0.5744,0.4325,0.7855,1.5571,0.1661,0.0796,1.308,0.5675,-0.0934,0.5952,0.8581,0.5986,1.2284,1.2007,0.474,0.7543,1.2249,0.8581,0.1488,0.1626,0.7543,0.2353,0.2734,1.5433,0.3287,0.173,1.218,0.2941,0.1903,2.7405,2.4567,1.5606,2.4775,5.9654,1.8581,1.8235,4.7232,3.6436,3.5709,3.3114,1.1696,2.7405,3.3702,4.3149,1.4256,1.3356,6.564,2.9204,2.5225,1.6817,0.7751,0.5329,1.7647,2.6401,0.9619,1.3183,1.9585,1.4394,1.4983,1.4256,0.218,1.2042,1.3495,1.5467,1.4187,0.6125,2.5848,0.481,0.827,1.0311,1.09,0.7889,1.3253,2.2076,0.9446,1.2422,1.3114,1.0796,1.2907,1.2595,0.8581,0.9827,0.4844,1.2699,0.9792,0.8581,1.8927,0.1972,0.9066
1-212.txt_239,1.02,0.98,0.46,0.82,3.41,0.91,1.165,2.35,0.865,1.27,1.475,0.885,1.385,0.87,1.44,0.575,0.49,1.725,0.86,0.76,0.735,1.75,2.425,2.72,4.235,1.315,1.785,2.605,3,2.165,2.03,1.47,2.27,2.41,2.875,0.715,0.75,4.495,2.295,1.505,-0.14,2.08,1.645,1.11,2.21,0.925,1.155,1.79,1.35,0.925,1.045,0.99,1.505,1.18,1.92,0.06,-0.02,2.3,1.34,0.535,0.575,2.48,2.17,2.28,4.235,1.645,1.61,2.85,2.065,2,1.665,1.265,2.535,2.435,3.49,0.615,0.57,4.115,2.19,1.09,2.88,4.875,2.055,4.195,6.985,3.18,3.675,5.36,4.505,4.52,4.09,2.92,4.7,2.17,5.435,2.41,1.325,6.625,2.14,3.65,0.79,1.505,1.23,1.375,2.625,0.945,1.305,1.865,1.615,1.485,1.21,0.615,1.505,2.005,1.6,0.375,-0.03,2.725,2.105,1.135,0.805,1.965,2.115,1.8,3.575,0.83,1.185,2.5,2.025,1.795,1.78,1.07,2.325,2.18,2.685,0.455,0.56,3.37,2.085,1.21,1.675,3.58,1.565,1.84,6.02,2.295,2.475,4.32,3.315,2.81,2.965,2.3,3.06,2.395,3.765,1.35,0.91,5.275,1.9,1.695,1.47,2.925,1.865,3.085,4.655,1.595,2.52,3.47,2.935,2.52,2.355,1.295,3.215,1.78,3.485,1.695,0.835,4.375,1.595,1.975,1.9,1.89,0.875,2.45,4.055,1.325,2.655,2.96,2.945,2.91,3.195,1.66,2.115,1.775,2.67,1.175,1.21,4.145,1.165,2.36,1.78,1.875,0.81,2.23,4.03,1.7,2.245,2.955,2.41,2.645,2.655,1.575,2.11,1.515,2.635,1.56,1.165,3.395,0.485,1.81,0.295,1.395,1.97,1.795,2.855,0.66,1.035,1.8,1.65,1.24,1.52,1.205,1.615,1.66,1.31,0.385,0.585,2.86,1.705,0.98,1.54,2.155,0.95,2.72,4.065,1.72,2.885,2.975,2.82,2.095,2.05,1.695,1.965,1.1,2.965,1.66,1.21,3.19,0.5,1.85,2.125,1.57,0.155,1.9,3.34,1.045,1.285,3.085,2.17,2.17,2.21,0.575,1.82,1.1,1.885,1.9,0.84,2.925,0.2,1.78,1.93,3.02,2.98,3.97,4.92,2.115,3.205,4.21,4.2,1.29,1.85,1.74,2.665,1.61,5.49,1.92,0.905,4.805,1.81,1.655,0.665,1.715,1.165,1.02,2.79,0.795,0.64,1.255,1.235,0.43,0.575,1,1.265,0.145,2.315,0.195,0.02,1.43,0.54,0.67,0.24,0.945,0.72,1.195,1.23,0.49,0.77,0.485,1.155,0.37,0.46,0.785,0.65,0.395,1.51,0.06,0.15,0.995,0.78,0.52,2.675,3.1,0.94,3.475,6.88,2.385,2.71,4.83,4.375,5.13,4.435,1.41,3.995,3.62,3.985,2.055,1.1,7.505,2.715,3.44,1.52,0.68,0.4,1.67,3.69,0.78,1.055,2.53,2.3,1.775,1.595,0.185,1.695,0.52,1.14,1.865,0.89,2.395,0.035,1.425,1.38,1.395,0.22,1.325,2.86,1.235,2.08,1.79,1.385,1.885,2.29,1.12,1.235,0.61,2.09,0.725,1.02,2.875,0.075,1.94
1-212.txt_241,0.2105,0.7895,0.0482,0.2193,1.4649,0.3596,0.136,0.8158,1.2456,1.0395,1.1491,0.0044,0.557,1.5175,0.8509,0.1053,-0.0395,2.3465,1.4518,0.6184,0.7105,1.8728,1.0789,1.5088,2.0965,0.9825,1.114,2.6009,2.1491,1.7061,1.5219,0.9649,1.1754,1.9868,2.2939,0.6184,-0.2018,2.693,1.5088,1.0746,0.1184,0.6404,0.3947,1.0614,1.2632,0.1842,0.9825,1.443,1.1579,0.1754,0.0219,0.5658,-0.1009,0.364,1.0351,-0.0614,-0.2807,0.5921,0.5044,0.4035,0.2193,0.9781,0.7763,1.6798,1.9737,0.1535,1,1.7675,0.9956,0.9211,0.6404,0.5921,0.2061,0.7456,1.7281,0.3026,-0.0219,1.1667,0.3728,0.8377,1.2456,2.2675,0.4912,1.0614,4.0789,1.2456,0.5833,2.1579,2.3684,3.2982,3.4693,1.0614,2.2149,3.3816,2.7939,0.4167,-0.1623,4.7456,2.7632,2.5789,0.2763,1.0307,0.7719,1.3772,0.7895,0.6579,0.9079,1.4211,1.2675,0.6491,0.4781,0.5921,0.4254,0.7982,1.3772,0.4035,0.0614,1.1053,0.4956,0.4254,-0.0789,0.8596,0.7281,1.4518,0.7412,0.3509,0.693,1.1535,1.0263,0.557,0.7193,0.6623,0.3026,0.5219,1.2632,0.2325,0.1228,0.8553,0.2237,0.3509,1.0307,2.1184,0.886,1.3772,2.9123,1.2939,1.4956,3.0746,2.5658,2.0307,1.8289,1,1.0439,2.3816,3.5307,0.7368,-0.0351,3.636,1.9956,1.5746,0.6272,1.9561,1.0877,1.8772,2.3421,1.136,1.1623,2.2719,2.0263,1.7061,1.8728,1.2149,1.364,1.9649,2.3509,0.5526,0.2237,2.9825,1.3377,1.2237,0.9825,1.9386,0.2061,0.0263,3.1009,0.8289,0,1.8772,1.7412,2.886,2.8816,0.8377,2.193,3.3553,2.7281,0.5351,0.1711,4.2325,2.364,1.7061,1.0482,1.5395,0.307,0.0263,3.1272,0.7982,0.0307,1.8289,1.6667,2.6184,2.5746,0.5,2.0746,3.0746,2.2588,0.5351,0.0877,4.0307,2.114,1.5702,0.3158,1.1228,0.8596,1.1886,0.9693,0.557,0.8553,1.2807,1.5833,0.9298,0.7193,0.5307,0.6623,1.3377,1.3772,0.4868,-0.0482,1.3904,0.943,0.4956,0.6404,1.1798,0.3202,0.1009,1.9649,0.7368,-0.0526,1.2719,1.3596,2.0088,1.9298,0.4868,1.6579,2.307,1.4956,0.3026,-0.1974,3.0482,1.8465,1.1667,1.3158,2.0044,0.9474,1.0219,3.1798,1.0351,0.5439,2.1579,1.9912,2.7237,2.636,1.2895,2.1535,2.8333,2.5877,0.7851,0.7105,3.9561,1.8202,2.0219,1.1535,2.4211,0.5833,1.6096,3.0175,1.0219,1.2851,2.6842,2.2018,2.8377,2.4605,1.5833,1.6316,2.9474,3.3596,0.5702,-0.0789,4.386,1.9825,2.136,0.0702,0.5482,0.3509,0.8377,0.9956,0.1886,0.5219,0.8289,0.8421,0.3289,0.3553,0.0789,0.0132,0.4693,0.6184,0.1184,-0.0877,0.807,0.4868,0.3509,-0.0789,0.5482,0.3904,0.2588,0.0307,0.2456,-0.0307,0,0.3947,0.0658,0.114,0.0965,0.0921,0.4474,0.0351,-0.0877,0.1184,-0.0351,0.2632,0.1272,1.7588,3.1404,1.1228,1.614,4.2018,1.6579,1.0132,3.8246,2.9167,3.4956,3.2149,2.2588,2.4561,3.5526,3.9254,0.9342,0.4254,5.136,2.3947,2.614,0.9167,1.5789,0.6667,1.1404,2.1623,1.0746,0.6535,1.6798,1.4035,1.5965,1.5307,1.2851,1.2851,1.7719,1.9123,0.6096,0.7544,2.4123,1.136,1.2807,0.5,1.3465,-0.2193,-0.4693,2.2018,0.6886,-0.3246,1.1886,1.1974,2.3289,2.3509,0.4254,1.7939,2.9123,1.6272,0.1842,0.2018,3.5175,2.0219,1.2588
1-212.txt_243,1.8889,0.6402,1.164,1.3915,4.3228,0.9418,0.5979,2.8466,1.4921,1.8413,1.8466,0.7937,1.7354,1.6032,2.1323,1.1799,0.9471,2.8995,1.0794,1.8201,0.4815,1.6138,2.9894,2.8783,3.5026,1.4074,1.0317,3.1905,1.8836,0.5291,0.254,1.0317,0.7725,0.7778,3.5238,0.8466,0.619,4.5238,1.3704,-0.0635,0.5608,1.8942,3.2751,3.4815,4.1587,1.9524,1.8677,4.3862,2.4709,1.9312,1.0741,1.5132,2.0529,2.2487,3.328,0.8042,0.2275,5.1693,3.0899,0.4392,1.0847,1.9418,3.9788,4.3228,3.2804,2.3968,2.4868,4.3333,2.2434,1.2646,0.7407,2.1958,1.291,1.5185,4.8624,1.1111,0.4392,4.9841,2.0635,0.0741,4.7037,2.7831,3.3492,3.6825,10.8995,2.0688,1.3862,6.7196,3.5767,5.2646,5.6296,1.5026,5.2063,5.5661,6.3545,2.8519,1.9735,10.3175,4.7884,4.5556,0.2646,1.4339,2.5185,2.7407,2.3069,1.5238,2.0582,2.291,1.2646,0.709,-0.1958,1.3228,0.4497,0.3757,3.1746,0.2063,0.0529,3.2646,0.8307,-0.2751,-0.1005,1.0053,3,3.0529,1.0529,1.6402,1.5185,2.1164,1.5556,-0.1217,-0.4709,1.6243,-0.0741,0.1746,2.6508,0.1217,-0.455,2.9524,0.418,-1.0847,1.8519,3.4021,3.4656,4.0582,6.9153,2.1905,1.8254,5.9577,3.6931,2.9048,2.9894,2.9312,3.1534,3.0794,5.037,1.7513,1.6878,7.4392,2.4656,2.381,1.1111,1.1111,1.8624,1.1111,4.6984,0.9577,0.0847,3.7884,2.7354,2.5238,2.2328,0.7354,2.4656,3.0952,2.545,0.746,0.7037,5.7937,4.3651,1.3439,2.1429,0.9365,1.5926,1.0423,4.9947,1.2593,0.3439,2.7037,2.2222,2.4656,2.3651,0.3915,2,2.7407,3.1905,2.1058,1.2328,3.4444,2.582,2.1534,2.3968,1.1746,1,0.9153,5.1429,0.6243,0.3862,2.873,1.291,2.164,1.8624,0.2063,2.1058,2.2751,2.4021,1.7302,1.3492,2.9206,1.9788,1.9153,0.0317,1.1481,2.4709,2.381,1.4974,0.8677,0.8571,2.5291,1.3228,0.2593,-0.3545,0.7302,0.3333,0.5979,1.709,0.1164,0,3.3122,1.1481,-0.5873,2.1217,1.582,1.2063,1.2751,5.4339,1,0.9312,3.4656,1.8889,1.5873,1.2222,1.164,1.8836,1.5503,3.3704,1.7354,1.1005,3.5714,1.8254,1.4815,2.2275,2.3439,1.709,1.0952,6.3968,1.2381,-0.3122,3.3492,2.6349,3.3862,3.1746,0.963,3.1217,3.4497,3.1481,2.5238,2.2222,5.8836,3.5132,2.963,2.3704,3.5767,4.0423,5.1005,5.0212,3.3704,3.6032,5.9471,3.2169,1.8942,1.0899,2.6138,2.0476,2.0212,7.164,2.3545,1.381,7.3333,1.8201,0.6296,0.7884,1.2063,1.8783,1.9947,2.4286,0.8413,0.6402,2.3915,1.1376,1.164,1.2857,0.9206,1.3704,0.8889,2.4868,0.3757,-0.2275,2.9312,1.2275,0.8042,0.381,0.4656,1.7354,0.9101,2.5556,0.5238,0.0741,1.2222,0.7354,0.9577,1.2222,0.3122,1.1693,0.9206,1.7989,0.2751,-0.1164,1.6931,1.1693,0.5397,3.4974,4.5238,5.3228,5.3016,9.8783,3.1481,2.6402,7.619,5.5344,5.0053,3.6772,3.3651,3.9841,5.4444,6.8307,3.5238,2.4074,11.7619,6.8571,3.6614,2.1164,2.1164,2.2804,2.0476,5.037,0.5873,0.3069,4.1905,2.9312,3.2698,2.4974,1.0847,2.5503,3.1111,2.8624,1.8783,1.709,6.7249,4.1111,2.418,1.9524,0.5344,0.9153,0.4974,3.9101,0.4286,-0.2381,1.8466,0.8942,1.619,2.2381,-0.0847,1.7831,2.2169,1.7302,1.3333,0.545,2.6455,2.1058,1.545
1-212.txt_245,1.1957,1.4891,0.8641,1.1304,3.875,1.3315,0.5978,2.1304,1.5543,1.5,1.7174,1.2609,1.7011,1.2337,2.087,0.712,0.6685,2.8043,1.1141,1.2011,0.9783,1.7826,2.5109,2.837,3.962,1.0815,1.625,3.3098,2.3315,0.8641,0.1141,1.1304,0.875,0.837,3.5054,0.5598,0.7337,4.0489,1.5978,0.462,0.5707,2,2.8315,2.6739,4.038,1.0054,1.212,3.4457,2.5978,1.6196,0.6141,1.1087,1.4783,2.5435,3.5,0.6087,0.1685,3.7826,2.5109,0.3533,0.7663,2.1576,4.2609,3.8315,4.6359,1.5707,2.0815,3.788,3.0761,0.788,-0.0924,1.7989,1.0217,1.8478,4.5272,1.0707,0.5272,4.3913,1.8696,-0.2609,3.375,3.7663,2.8043,3.2446,10.75,3.1467,1.6033,5.288,4.4239,5.087,4.9348,1.9457,4.8098,4.7065,7.4728,2.3587,1.8913,10.1141,4.8587,3.4076,0.6087,1.038,1.9457,2.0272,2.6087,0.6685,1.2065,1.9891,1.5815,0.3533,-0.2772,0.7663,0.2826,0.9457,2.4022,0.0978,0.1196,2.7554,0.8804,-0.1902,0.0435,1.1467,2.8207,2.663,1.5978,0.8533,1.2065,2.0489,1.9565,-0.0815,-0.6467,1.7663,0.337,0.9783,2.0761,-0.1957,-0.3152,2.3315,0.6848,-0.913,1.587,3.1848,3.3587,3.7391,6.7554,1.7989,1.5924,5.2609,3.3587,2.2609,2.1848,2.5543,2.2065,2.1141,4.8424,1.2826,1.0978,5.4457,1.8152,1.0924,1.0109,1.9728,2.1739,2.0598,5.5217,0.3967,0.1848,3.4402,3.1685,2.5163,1.4457,0.837,1.9022,2.5,3.3315,1.0543,1.2935,5.1957,3.5109,1.2228,2.4946,1.4457,1.0109,0.962,4.5326,1.0598,0.1793,2.1576,1.6033,2.3967,2.788,0.6467,1.8804,2.25,3.5761,1.8967,0.7989,3.9348,2.2935,2.4022,2.25,1.2391,0.9511,0.7663,3.6087,0.7228,0.5,2.5272,1.4728,1.9674,2.3587,0.7174,1.2283,2.1739,2.3261,1.8859,0.9946,3.6793,1.9511,1.7065,0.2717,1.462,1.8804,2.288,1.7283,0.5109,1.3261,2.1793,1.5163,0.2065,-0.3913,1.0217,0.1685,1.0652,1.8696,-0.0598,0.4022,3.2609,1.1957,-0.5109,2.2935,1.3696,0.6304,0.8424,3.6957,0.7174,1.212,2.2554,1.0272,1.5978,1.5761,0.8967,0.962,1.4348,3.2554,1.3207,0.4728,4.0435,1.6522,1.3967,1.8587,1.8533,0.9457,0.9239,5.0543,1.0435,-0.0652,2.2228,2.0707,3.5435,3.7772,1.2174,2.3804,2.9239,3.3967,2.0163,1.3098,5.3315,3.163,2.6522,3.0163,3.3913,4.3641,5.8533,6.2554,3.4293,3.6413,6.087,3.6413,1.1685,0.7391,2.6848,1.788,1.462,6.9076,2.2283,1.3098,6.375,1.3424,0.5924,0.8261,1.4022,1.4674,1.9076,2.5326,1.2772,0.9293,2.1196,1.6196,0.3859,0.413,1.2228,0.913,0.7283,2.3913,0.337,-0.0598,2.2337,0.9728,0.5109,0.3478,0.5054,0.9239,0.9076,2.4076,0.7663,0.2772,0.712,1.2391,0.2826,0.8315,0.4837,0.9891,0.6141,1.4457,0.0163,-0.0272,1.9457,1.1902,0.625,3.0598,3.7717,3.8424,4.1304,10.0924,1.8913,1.288,5.6522,4.2772,4.8696,4.5761,2.2609,3.837,4.5761,7.2772,2.4022,1.4402,9.8587,5.1467,2.8207,1.8478,1.6739,1.8587,1.7609,4.7772,0.5217,0.2391,3.3098,2.7554,2.9837,2.8913,0.7663,2.4674,2.4891,2.8315,1.8043,1.5761,5.4728,3.4565,2.0598,1.712,0.5543,0.2174,0.1087,3.2935,0.4891,-0.4022,1.1141,0.4728,1.6467,2.3587,0.0652,1.5978,1.9674,1.875,1.2391,0.538,2.5978,2.0489,1.8315
1-212.txt_247,1.8229,1.6514,1.32,1.6343,3.7486,1.6971,0.8343,2.7371,1.9371,1.6571,1.3543,1.2686,2,1.4686,2.5657,1.04,0.5314,3.5143,1.2571,1.3543,1.1086,2.2114,3.0743,2.7371,4.7943,1.2971,1.5257,3.3143,2.64,1.2743,0.5543,2.0171,0.8171,1.4057,3.5943,1.0343,1,4.3714,2.1257,0.5371,1.3257,2.28,3.6114,3.4286,3.8857,1.8457,1.5029,4.4629,2.6057,1.7771,0.6457,1.9314,1.9829,1.8629,3.9143,1.56,0.24,4.4914,2.48,0.6229,1.5086,2.56,4.2857,4.8229,3.6,2.8057,2.7257,3.8857,2.36,1.04,0.1714,3.1314,1,0.9714,4.9371,1.48,0.1771,4.3657,1.2514,0.0057,4.08,3.8971,3.2,3.4286,11.52,3.44,2.1086,6.9829,5.0971,5.9714,5.4629,2.8629,5.1486,5.64,7.08,2.8971,1.7714,10.4914,5.8857,5.0743,1.32,1.6514,2.8057,3.1657,3.4514,1.2286,1.9143,3.3029,1.9257,0.1829,-0.6,1.88,0.2286,0.4229,3.2514,0.6857,-0.08,2.8,0.8171,-0.4171,0.7943,1.4229,2.9143,3.0686,1.8,1.3771,1.9257,2.2057,1.7771,-0.0971,-0.56,2.2629,-0.1486,0.76,2.6114,0.1657,-0.2229,2.5086,0.9943,-0.7886,1.7543,4.5657,4.0457,4.0971,6.4857,2.9657,2.7143,5.7771,4.6114,2.2686,1.88,3.5771,2.8229,1.9543,5.4229,1.7371,1.1829,6.0857,2.1429,1.64,2.1371,1.9486,2.6629,1.5657,6.4514,0.36,0.04,4.2686,3.5543,2.6629,2.3257,1.3543,2.8457,3.2686,4.12,1.3486,1.2114,5.76,4.6743,1.8571,1.7829,0.9886,1.1486,0.6171,5.2914,1.4514,0.2286,2.2686,2.6229,3.1714,2.84,0.4686,3.0057,3.6857,3.4743,1.2971,0.6686,4.5257,3.2743,2.7543,1.72,1.0171,0.6514,0.2914,4.6286,0.8057,0.0857,1.8571,1.9086,2.36,2.6286,0.5257,2.48,2.5829,2.4743,1.16,1.08,3.6171,2.2343,2.2514,0.76,1.6,2.8743,2.16,2.9086,0.88,1.1543,3.0286,1.72,0.8171,-0.1371,1.4914,0.1029,1.52,2.4114,0.6971,0.3714,3.9771,1.9657,0.1086,2.0286,1.0057,0.7371,0.3829,5.6629,1.0114,0.6514,2.2286,2.0914,2.3371,2.28,0.7314,2.7543,2.4114,3.1086,0.9943,1.0457,3.7086,2.6743,2.0743,2.0343,2.36,1.36,0.9657,5.9886,1.6686,0.0171,2.52,3.0229,3.5429,3.5371,0.9771,3.5829,3.84,4.0914,2.2,2.0629,5.9486,4.6514,2.9143,2.8857,4.2171,4.3086,5.7771,5.9143,4.8457,4.0286,7.0171,3.8286,1.4114,0.84,3.2686,1.6686,1.5943,6.9257,2.7657,1.0629,8,2.1314,0.6057,1.0629,1.2629,1.9714,2.0629,3.2057,1.2171,0.9257,2.2343,1.4057,0.5943,0.9257,0.9714,1.1886,0.7314,2.7143,0.7943,0,2.5886,1.3429,0.6171,0.52,0.4743,0.88,0.5029,2.28,0.4743,0.2286,0.4,0.6229,0.9429,1.2457,0.4971,1.2,0.7029,1.9029,0.1086,-0.1714,2.4057,0.9657,0.96,3.5029,4.2229,4.7086,4.2857,9.76,2.9771,2.1943,7.8914,6.5257,5.2686,3.8686,3.7371,3.8571,5.28,7.5086,3.1143,1.5714,10.2286,7.0457,3.7086,2.6686,2.1314,2.4,1.6629,5.9886,1.0343,0.6571,4.5486,3.9143,3.5886,2.7543,1.0914,3.3143,3.3371,3.9086,2.0171,1.84,6.92,5.2171,2.6914,1.7371,0.7943,0.2857,-0.0914,4.6686,0.6343,-0.48,1.2514,1.5429,2.1257,2.4857,0.0743,2.6229,2.9429,2.6229,1.0571,0.5086,3.7029,3.3086,2.4114
1-212.txt_249,0.8934,1.4918,1.0328,1.3689,2.082,0.7377,0.877,1.8525,1.2377,0.8279,0.9672,1.2869,0.6148,1.4262,1.8197,0.8361,0.5984,2.5738,0.9672,0.6885,1.2951,1.9098,1.8033,2.5574,2.8934,1.0492,1.4098,3.3279,1.6803,0.8689,1.041,1.5656,0.6475,2.0984,2.4672,1.2705,0.8525,3.8852,1.3934,0.7951,0.7295,0.9754,1.7213,2.3197,1.8443,0.7213,1.3852,2.5656,0.623,0.3689,0.4344,0.7377,0.5164,0.6721,1.1311,0.8361,0.5574,2.0984,0.2951,0.5082,1.3525,1.5738,2.1475,3.0984,2.7049,1.1148,1.7787,3.582,1.0984,0.8279,0.6475,1.4344,0.5246,1.2541,2.3443,1.4426,0.8852,3.2295,0.6557,0.9016,2.0246,3.0492,1.8443,2.2951,4.3443,1.4918,1.6639,4.0492,3.6557,1.7377,2.1557,2.2377,1.3197,3.5984,3.8934,1.6721,1.2705,5.7623,2.7131,1.4016,0.6475,0.9426,1.1393,2,1.6066,0.5984,0.877,2.1475,0.5574,0.2705,0.3115,0.8361,0.0902,0.623,1.3934,0.7049,0.3689,1.7705,0.1967,0.2459,0.8033,1.2705,1.8443,3.1557,1.6639,1.1721,1.6066,2.8852,0.7951,-0.1393,-0.1557,1.3607,-0.1557,0.3033,1.9508,1.1639,0.459,1.9508,-0.0656,-0.0984,1.7213,2.2869,2.7623,3.3689,3.6803,1.4754,2.0656,3.9672,1.6721,1.5984,1.4508,1.8934,1.418,2.0082,2.8607,1.6721,1.2705,4.1803,0.9426,1.6475,1.541,1.918,1.5,2.0984,3.4918,1.418,1.4016,2.5328,0.9016,1.1066,1.0328,1.3525,0.7705,0.9508,2.0082,1.2623,1,2.959,0.3197,1.3607,0.9262,1.6393,-0.7049,-0.3115,2,0.3279,0.2459,0.2459,1.8033,1.9508,2.3361,1.082,1.2623,3.0656,2.4754,0.2623,0.7459,3.5492,2.5328,1.4016,1.123,1.6639,-0.1721,0.1885,2.2787,0.4918,0.4016,0.8279,1.959,1.8115,1.9836,1.1311,1.0492,2.8279,2.5738,0.6066,0.9262,3.4426,2.1885,1.3852,0.877,1.5656,1.959,2.5738,2.0984,0.9672,1.3443,2.7541,1.1557,0.3934,0.5246,1.4672,0.3852,1.3443,1.8934,1.0984,0.6475,2.7459,0.6393,0.3852,0.6311,0.9836,-0.4836,-0.0738,1.4426,0.0902,0.041,0.2049,0.8607,1.5,1.4836,0.7131,0.7213,1.8115,1.8934,0.1066,0.5082,2.0984,1.3115,1.0984,1.8525,2.3033,0.3689,0.8443,3.7295,1.2131,0.9508,1.541,1.6967,2.8361,2.7541,1.5656,1.8279,3.0082,3.0656,0.9754,1.3443,4.459,2,2.5984,1.8689,3.123,2.1803,3.082,3.918,2.2131,2.2131,3.7869,2.2869,1.2459,1.7213,2.8033,1.2131,2.2951,3.5656,2.0328,1.3934,4.9426,1.3934,1.1475,0.7459,0.9344,1.6066,1.8033,1.918,0.6148,0.9836,2.3443,0.6885,0.3197,0.3279,0.8115,0.3033,0.5902,1.123,0.8525,0.4754,1.8115,0.1803,0.4262,0.6066,0.7787,0.6393,0.8197,1.5164,0.2459,0.4344,1.7705,0.8279,0.5246,0.7459,0.541,0.377,1.123,1.1148,0.4836,0.3279,1.9508,0.7623,0.3852,2.8607,4,2.3852,3.5902,5.7705,2.5738,2.6148,4.6393,3.418,2.8852,3.123,3.0738,2.1475,4.082,5.1557,2.3115,1.9836,7.2295,2.6639,2.6639,1.459,1.9672,0.6557,1.0574,2.7705,1.623,1.2459,1.2295,1.3197,1.3934,1.5738,1.3689,1.123,1.4426,2.1393,1.0492,1,3,0.9672,1.4836,0.6885,1.4836,-0.6311,-0.1148,1.6885,0.3033,0.2623,0.3361,1.7049,1.5574,2.0574,0.9344,1.041,2.6885,2.1393,0.1475,0.5164,3.2213,2.3525,1.0164
1-212.txt_251,0.8342,1.1055,0.397,0.2714,3.0905,0.8442,0.3769,1.7337,0.8241,1.6784,1.6131,0.9799,0.9698,1.1106,1.4422,0.2563,0.3317,1.9849,0.4523,1.3015,0.2111,1.598,1.8643,2.6231,3.4372,1.2211,1.6884,2.8342,2.1809,1.7236,1.6533,0.8593,2.0302,2.603,2.5477,0.8693,0.7136,3.5427,1.6884,1.1357,-0.2312,1.407,1.4221,1.1206,2.5327,1.2261,1.0653,2.2915,1.5628,1.0452,0.7236,0.9497,1.4623,1.9698,1.2663,-0.0804,-0.1658,2.3618,2.0854,0.0553,0.4422,1.9799,2.3869,2.9045,3.9146,1.4774,1.5126,3.2613,2.3317,1.7387,1.4372,1.1658,1.8844,2.6533,3.7789,0.5678,0.5025,4.1156,2.6432,0.5578,2.392,4.0452,2.0151,3.8794,6.2513,3.2462,2.9447,5.6884,3.8894,3.4573,3.0352,2.5477,2.4673,2.5427,4.9447,1.603,1.7085,5.9899,2.2915,2.2714,0.4623,1.7387,1.4623,2.0251,2.7889,1.4472,1.6784,2.5276,1.5176,1.4824,1.4472,1.2462,1.6784,2.191,2.2362,0.7035,0.608,3.1156,1.4472,0.7035,0.2613,1.9196,1.8543,2.3467,2.603,1.5377,1.7035,2.4171,1.7789,1.5427,1.3216,1.0905,1.7889,2.3869,2.8794,0.1608,0.6231,3.206,1.9296,0.8794,1.8492,3.4874,1.6583,2.6131,5.8995,2.4573,2.2864,4.8844,3.3467,2.9899,3.2663,2.5578,2.5879,3.196,3.8442,1.3668,1.2965,5.1759,2.1759,1.9497,1.0754,2.2965,1.2312,2.1558,3.3769,1.6935,2.1658,4.1457,2.8191,2.3769,2.0804,1.392,2.5477,2.7236,2.2161,1.3317,0.4221,4.6231,2.2764,0.794,1.7186,1.4573,0.7789,2.4523,3.4221,1.6131,1.7889,2.6935,1.7839,3.005,3.1307,1.0201,2.407,2.397,2.4271,1.4673,1.5729,3.8492,1.2412,2.4573,1.8492,1.6683,1.0653,2.4422,2.7538,1.8241,1.9899,3.2513,1.3819,2.0603,2.3869,1.0754,2.1055,1.9447,2.7236,1.8291,1.4322,3.7789,0.8794,1.794,-0.1206,0.8593,0.9749,1.0955,2.5427,0.7839,0.8241,1.4925,1.3417,1.4623,1.1859,0.7538,1.5477,2,1.6683,0.1055,0.4523,2.2211,1.2814,0.7035,1.3116,2.005,1.3568,2.1658,2.7236,1.8342,2.1055,2.6884,2.0603,1.794,1.9296,1.5377,1.8392,1.799,2.7035,1.5226,1.4724,3.2312,1.1206,1.5075,1.9146,1.5729,1.3266,3.005,2.8191,1.8392,2.2613,2.8693,1.9447,2.6131,2.5377,1.005,2.2211,1.6734,2.7236,2.0653,1.8693,4.1809,0.7387,1.9899,1.5829,3.6633,2.5176,3.5176,3.7789,3.0503,2.9246,4.1156,3.6784,1.7035,1.8844,1.5779,2.3216,1.6583,5.799,1.4975,1.5729,4.5879,1.8844,1.7638,0.2764,1.5075,0.8191,0.8492,2.6884,0.6734,0.6884,1.6382,0.7085,0.6131,0.6935,1.0302,0.9598,1.201,1.7487,0.2362,0.0704,1.7236,0.3467,0.4322,0.8492,0.8643,0.4874,0.804,2.1809,0.4925,0.6482,1.5025,0.5829,0.5528,0.6231,0.8141,1,0.8241,1.7286,0.3819,0.2563,1.3116,0.206,0.6784,2.8894,2.5628,2.4975,4.0503,6.2211,3.0503,3.1558,5.1206,4.196,4.7186,3.9899,1.6734,3.2915,3.7136,4.3317,2.0302,1.4422,8.4121,3.5126,3.0854,1.6884,0.7588,1.3467,2.1307,2.201,1.4322,1.7638,2.3065,2.6734,1.9698,1.8492,0.4623,1.8191,1.6432,1.4623,1.6432,0.6884,3.593,1.4221,1.0101,1.3769,1.2764,0.5829,1.3518,1.9246,1.3819,1.1005,2.0603,1.0402,1.7638,1.9648,1.005,1.4372,1.3769,1.392,1.4271,1.3668,2.8392,0.8643,1.5879
1-212.txt_253,0.8515,1.4505,0.3317,0.6584,2.0891,0.5941,0.5446,1.5842,0.8317,1.2178,1.203,0.8218,1.0743,0.9901,0.9406,0.4802,0.7624,1.1436,0.3168,0.505,0.6188,1.604,1.7871,1.8119,2.9752,1.5842,0.9307,2.0693,1.9653,1.7871,1.6782,0.901,1.7426,2.1535,2.2426,0.4653,0.4901,3.0842,2.2772,0.8119,-0.0594,1.2178,1.1782,1.3119,1.8812,0.9851,0.7228,2.5396,1.6535,0.8069,0.9802,0.8267,1.0149,1.9554,2.0198,-0.2079,0.0743,2.5792,2.1683,0.1337,0.2673,2.0248,2.5842,3.1238,3.2376,1.302,1.5545,3.1584,3.0198,1.4851,1.5248,1.0297,1.8119,2.5792,3.396,0.0495,0.698,3.5545,2.703,0.5792,2.7921,3.4802,1.4802,3.9802,6.7475,2.3168,2.2277,4.9059,3.4505,4.2129,3.0099,1.9158,2.5248,2.9109,4.1782,2.3663,2.0248,5.4455,2.1485,2.8614,0.7277,1.8069,1.2228,1.1634,2.2178,1.4059,1.1436,2.1139,1.3861,1.4554,1.3861,1.198,1.5644,1.6733,2.2574,0.4901,0.3366,2.1881,1.604,0.6188,-0.0842,1.6238,1.8119,1.8267,2.0248,1.3267,1.1139,1.8762,1.8663,1.599,1.3515,1.0396,1.9653,1.9208,2.2129,-0.495,0.099,2.6188,1.7871,0.7327,1.3317,3.0495,1.0396,2.5545,4.9307,1.8416,2.0396,4.1337,3.2772,2.9653,2.8515,2.3911,2.5,3.2574,3.6584,1.0198,1.4703,4.7772,2.8168,1.9752,1.0743,2.4406,1.5495,2.2723,3.5396,1.9554,1.8267,3.1782,2.4802,1.8713,1.9901,1.599,2.0495,2.4851,2.9158,1.4059,0.9703,4.5396,2.1683,0.9554,1.8713,1.5842,1.2822,2.6683,3.6931,1.9158,1.8465,2.6881,2.0842,2.3168,2.3119,1.4851,1.3267,2.0297,1.9257,1.7426,1.2772,3.8416,0.5941,1.698,1.5693,1.3317,0.9257,2.3119,3.703,1.3762,1.6485,3.0743,1.3861,1.7871,2.0446,1.2475,1.6337,2,1.8762,1.8267,0.9752,3.698,0.6436,1.3416,0.1436,1.0941,0.8713,0.7871,2.4356,1.1733,0.3812,1.4158,1.2129,1.7376,1.4554,0.604,2.2178,2.0099,1.4802,-0.3168,-0.0198,2,1.6485,0.8168,1.2327,1.6436,0.7574,1.9059,2.7475,1.5297,1.802,2.0248,1.6733,1.7574,1.7772,1.6485,1.5198,1.698,1.9851,1.3812,1.3168,3.0198,0.995,1.6287,1.9059,1.1683,1.2079,2.8663,3.6436,1.5743,2.3911,3.0495,2.0198,2.4851,2.2772,0.7376,1.5396,1.6287,2.2822,2.4851,1.5297,3.6634,0.5198,1.8762,1.3713,2.2426,2.7277,3.9703,3.9604,2.1238,2.3911,4.1881,3.6782,1.6931,1.3218,1.5545,1.7772,1.5743,5.4158,1.4653,1.3564,3.3465,1.4901,1.2228,0.5594,1.0149,0.7277,1.099,2.0446,0.3614,0.1485,1.8119,1.0495,0.4109,0.7673,0.3366,0.9356,1.4257,1.6238,0.1584,0.1139,1.6584,0.9307,0.2178,1.099,0.8762,1.1782,1.9851,1.0248,0.9059,0.9653,1.6584,1.0545,0.104,-0.1188,0.8119,0.4307,0.6931,1.6782,0.5644,0.4208,1.7475,0.604,0.4455,2.401,2.6634,1.2079,2.8762,5.8515,2.4158,2.4356,3.7475,3.7921,4.6238,4.0644,1.7327,3.3564,3.7871,3.6089,1.7772,1.1634,6.9356,3.4802,3.4307,1.203,0.6782,0.7525,2.2426,2.9406,1.3515,2.0396,1.5248,1.7327,1.6485,1.8663,0.2178,1.3911,1.6881,1.6386,1.6634,0.6188,2.6881,0.9653,0.9356,1.1931,1.2871,0.8614,1.8762,2.2079,1.6139,1.6139,1.7475,0.9703,1.2673,1.0594,1.0693,0.8119,0.8564,1.0594,1.3168,1.0248,2.3168,0.1139,1.1436
1-212.txt_255,0.5814,0.5488,0.7023,0.7674,1.7023,0.2512,0.6558,1.1395,0.7116,1.2093,1.0558,0.0465,0.6605,0.9721,1.3953,0.214,0.307,1.1256,0.4465,1.093,0.8512,0.9581,1.2279,1.3349,2.8512,0.3256,0.5767,2.3581,0.6326,1.9907,1.8326,0.2279,1.1442,1.4837,2.0186,0.6698,0.7721,2.0093,0.3721,1.3814,0.4326,1.1814,1.0326,0.8,2.4279,0.2512,0.3256,2.293,0.7907,1.6465,1.3256,0.0419,0.786,1.2372,1.4698,0.3767,0.214,2.7907,0.6233,1.107,0.6558,1.3721,1.1767,0.9395,2.6744,0.4558,0.4512,2.7023,1.1814,1.6512,1.3256,0.3163,0.9721,1.214,1.7721,0.5395,0.3256,2.9814,0.8605,1.1581,1.6744,3.014,2.4326,2.7209,6.1163,1.4605,1.5302,4.1116,2.3721,4.1395,3.9814,1.2,2.7349,4.107,4.6326,1.3256,1.5163,5.4698,2.1767,3.4651,0.3953,0.1767,0.4279,0.6558,1.507,-0.186,0.2884,0.9023,0.0279,1.1395,1.0279,-0.2698,0.6558,0.8186,0.9488,0.3535,0.4791,0.9302,0.1395,0.8558,0.3907,0.5302,0.386,0.3302,1.5907,0.0326,0.3256,1.2651,0.4326,1.3023,1,0.1023,0.9395,0.6977,0.9674,0.2326,0.4047,1.1256,0.1349,0.8326,0.8326,2.0605,2.4233,2.1488,4.1953,1,1.1581,3.1814,2.0279,2.8512,2.4279,1.0093,1.6279,2.214,2.986,1,1.1163,3.4047,1.5442,2.507,0.3395,1.1163,1.2233,1.3163,2.2465,0.3302,0.6186,1.9814,0.7302,1.6279,1.307,0.4186,0.8186,1.2558,1.9209,0.586,0.4047,2.1535,0.1581,0.986,1.3674,2,1.3535,1.4558,4.3674,0.9674,0.8047,2.5674,1.386,3.2791,3.2651,0.6047,2.4233,3.5163,2.9023,0.8372,0.9535,4.0512,1.8,2.8279,1.2605,1.8186,1.4,1.7721,4.1442,0.9535,0.9302,2.2279,1.4233,2.9442,3.0698,0.5349,2.1442,3.1674,3.0605,1.1163,1.1395,3.5581,1.4093,2.4744,0.6558,0.1442,0.5814,0.6837,1.1488,-0.2093,0.2326,1.3163,-0.0977,0.6837,0.4977,0.2326,0.2186,0.0093,0.6884,0.3674,0.5628,0.2093,-0.3163,0.2698,1.0651,1.0884,1.0186,1.2372,2.9395,0.5349,0.6279,1.7256,0.6279,2.1256,2.0977,0.2744,1.586,1.9814,1.986,0.8837,0.9488,2.2279,0.6047,1.8047,0.9302,2.093,1.5721,2.2093,3.6651,1.3581,1.2186,2.2419,1.6791,2.5302,2.4558,1.3116,1.8279,2.2698,3.5395,1.0372,0.8465,3.1907,0.7302,1.9953,1.6419,2.1907,1.907,2.2279,4.7814,0.9814,1.5302,3.1628,1.6372,3.4279,3.2698,0.6744,2.0605,2.8419,3.3163,1.2512,1.414,3.8419,1.5209,2.893,0.1953,0.6233,0.6791,0.814,1.4,0.2512,0.4093,1.4233,0.8512,0.693,0.5907,0.0651,0.2512,0.707,0.8605,0.093,0.0047,1.186,0.4,0.4698,0.1628,0.5535,0.107,0.3814,1.414,0.1163,0.0279,0.8233,0.4837,0.9953,1.2,0.093,0.8558,1.7349,0.6,-0.0791,-0.0419,1.707,1.2698,0.7535,1.4279,2.493,2.2837,3.0791,5.2186,1.7442,1.5814,3.586,1.9535,3.3535,3.1535,1.3488,2.2326,2.8,5.2512,1.507,1.1349,4.1349,1.0233,2.6233,0.3163,1.1535,0.7628,1.3953,1.7302,0.7023,0.6,0.9395,0.7442,1.1116,1.0744,1.2279,0.7535,0.907,2.8186,0.5163,0.3581,1.4512,0.0512,0.6977,1.0186,1.8093,0.893,1.0744,3.414,0.9674,0.8093,1.9628,1.1628,2.4884,2.5535,0.507,1.8744,2.9767,2.2837,0.5442,0.6977,3.5116,1.5302,2.0791
1-212.txt_257,2,1.6163,1.6047,1.5988,3.8198,1.407,0.9593,3.1802,1.9767,1.4012,1.8372,0.8779,2.0698,1.5756,2.6919,0.9244,0.4651,3.8023,1.2791,0.9244,0.9477,2.4419,3.2674,3.6628,4.7558,1.8721,2.0291,3.5581,2.5523,0.6395,0.4593,1.936,0.814,1.1279,3.9419,1.3081,0.9709,5.157,1.1628,0.1802,0.814,2.7209,3.4419,3.9419,4,2.0174,2.2267,4.0814,2.7267,1.9419,1.2442,2.0291,1.7151,1.9942,3.7267,0.9186,-0.1453,4.5988,2.1628,0.2849,1.3023,2.9128,4.7267,4.6395,4.4826,2.2674,2.6512,4.1744,2.6919,1.064,0.7326,2.7907,0.8721,1.2674,5.0814,1.0814,0.1047,5.0349,1.7384,-0.0116,4.4186,3.9128,3.5581,3.593,10.4709,3.2558,2.6628,7.8547,4.0233,4.9302,5.0988,1.7151,4.8953,5.0116,7.7267,2.4128,1.2674,11.2326,5.6337,4.0872,0.8547,1.5814,2.686,2.8198,3.2384,1.9826,1.8256,2.6628,1.8721,0.2616,0.1628,1.5,0.3488,0.6163,3.0407,0.8663,0.4244,3.6337,0.6453,-0.0407,0.2442,1.4651,3.4477,3.3895,2.1105,1.6337,2.0058,2.157,1.8663,0.0233,0.0349,2.0116,-0.2791,0.6686,2.8663,0.2849,-0.2209,2.3721,0.2616,-0.7326,2.2791,3.8547,3.314,4.2907,6.9535,2.564,2.1105,6.0116,3.4012,2.4244,2.5349,2.5581,2.8779,3.0174,5.9593,1.3895,1.0174,7.4186,2.5814,1.7267,1.4884,1.4942,1.9942,1.5756,5.0581,0.9651,-0.0174,3.5523,2.75,2.3663,2.4012,0.8256,2.3488,3.2093,3.686,0.6453,0.6105,5.8023,3.5233,1.8779,2.4419,1.0233,1.4651,0.8663,5.3256,0.4709,-0.2384,2.8663,1.3372,3.064,3.4942,0.0988,3.064,3.6686,2.7384,1.5872,1.0291,4.9477,3.2733,3.0291,2.8081,1.1744,1.3488,1.5233,4.8837,0.7791,0.3081,3.2849,1.4477,3.2093,3.0814,0.0581,2.6686,2.9012,2.7616,2.2209,1.2965,4.3198,2.6453,2.7733,0.3837,0.9942,2.0988,2.2384,2.4767,0.6802,1.0407,2.5174,1.7326,0.4651,0.0058,0.9244,0.1047,0.8779,1.7267,0.2151,0.3081,3.4419,1.0174,-0.186,2.2616,1.3372,1.1512,1.2267,4.3837,0.8314,0.8953,3.3023,2.0698,2.25,2.0349,0.8198,1.9535,2.1395,3.4302,1.5814,1.0407,4.1744,2.407,1.9419,2.093,2.2384,1.6628,0.814,6.5872,0.75,-0.9302,2.7558,2.4767,4.1512,4.1105,0.2965,4.1221,4.6512,3.064,2.0174,2.2035,6.1802,3.8023,3.3314,3.2209,4.3895,5.6686,6.4186,6.4651,4.3256,4.4651,6.4535,3.4012,1.8023,1.7267,3.0756,2.2907,1.3895,7.9884,3.1279,1.2849,7.6919,2.0698,0.7267,1.0814,1.4709,1.9826,2.3256,2.4477,1.0756,1.1744,2.3488,1.6453,0.6977,0.9593,1.1744,0.9186,0.5058,2.3256,0.6047,-0.0756,2.7093,0.7674,0.2965,0.2558,0.5872,1.1047,0.8198,2.6221,0.5523,0.314,0.7035,0.9535,0.9128,1.6163,0.4128,1.2267,1.0407,1.1337,0.2674,0.3605,2.0058,1.1686,0.9012,4.0233,5.6221,5.4767,5.2674,10.3023,3.5814,2.6337,7.5698,5.9302,5.1337,4.4826,3.0116,4.186,6.4942,7.5116,3.4477,2.0349,12.4128,6.907,3.9826,2.3372,1.25,1.8256,1.7093,5.8198,0.4826,-0.2267,3.936,2.9942,3.3953,3.1221,0.064,2.4302,3.9593,2.9826,1.6802,1.3953,6.4767,3.657,2.6686,2.0291,0.7384,0.5174,0.0174,4.3953,-0.1744,-0.5581,2.2674,0.9012,2.0291,2.9593,-0.5407,2.4244,2.8779,1.7616,1.2384,0.4593,4.1686,2.7965,2.4419
1-212.txt_259,0.8296,0.8834,0.6323,1.3229,1.7848,0.713,0.8969,1.5605,0.8834,1.1076,1.2735,0.7444,0.6951,1.0314,1.6861,0.6054,0.583,1.8296,0.6682,0.9327,1.0224,0.9686,0.4709,1.2825,2.3184,0.5291,0.713,1.9327,1.0135,1.8386,1.7489,0.8027,1.1166,2.009,1.6592,0.3274,0.139,3.2511,1.5695,1.4978,0.4484,0.1973,0.0359,0.4484,1.6547,0.0269,0.0987,0.9283,0.5022,0.9462,0.87,0.2377,0.4798,1.2915,0.9372,-0.3139,-0.565,1.8969,0.9552,0.6054,1.0807,1.0673,0.426,1.7848,3.13,0.8879,1.157,2.1659,1.3722,2.0045,2.1166,0.9193,1.3318,2.2466,2.4978,0.0314,-0.417,3.5605,1.5785,1.4215,1.6906,2.2332,1.583,3.296,3.1839,1.6592,2.3632,3.4619,2.0538,1.9193,2.2152,1.8386,1.1121,1.8341,3.4888,1.3901,1.1256,3.7758,1.3004,1.5785,0.5516,0.7489,0.3991,0.8969,1.5471,0.4709,0.6233,1.4529,0.8296,0.9462,1,0.6054,0.6099,1.3318,1.1256,0.1121,-0.2377,2.583,1.1973,0.6682,0.8161,0.7713,0.3049,1.1883,2.3632,0.6323,0.7265,1.6413,0.9462,1.4933,1.5471,0.6502,1.0045,1.6816,1.6278,0.139,-0.1749,2.8879,1.3318,1.1256,1.417,1.8072,0.8341,2.0897,3.1659,1.3453,1.5695,2.722,1.9013,2.3453,2.4753,1.3408,1.6637,2.7354,2.6323,0.2556,-0.2332,3.9552,1.7489,1.7668,0.852,0.9058,0.3901,1.0942,2.7085,0.3812,0.5964,1.5964,1.2825,1.6547,1.5202,0.5874,0.8027,2.3363,1.4933,0.0448,-0.3587,3.0045,1.6099,1.148,1.2511,1.6413,0.8386,1.9103,2.1076,1.1256,1.5247,2.2018,1.6188,1.1794,1.4126,1.3901,0.6323,1.2915,2.5067,0.9283,0.4933,2.6771,1.2197,1,1.3453,2.0269,1.1031,2.0673,1.9596,1.3901,1.7489,2.4753,1.8251,1.0987,1.2915,1.6951,0.6771,1.2825,2.4439,1.1076,0.4933,2.9283,1.2825,0.9821,0.6816,0.6637,0.2018,1.0269,1.9238,0.3991,0.5605,1.4081,0.7578,1.5202,1.5785,0.5785,0.9193,1.6861,1.3632,0.1166,0.0583,2.8744,1.426,1.1973,0.87,1.1749,0.8386,1.1525,1.1659,0.7354,0.9641,1.6996,1.1614,0.4753,0.5471,1.0673,0.2242,0.8027,1.3453,0.7892,0.2735,1.9507,0.9596,0.4529,1.3991,2.1345,1.296,2.0762,2.287,1.417,1.6323,2.4395,1.7982,1.3453,1.2915,1.5919,0.7668,1.5785,2.287,1.148,0.4933,2.8341,1.2466,1.1794,1.3946,1.9596,1.4036,2.9776,3.009,1.574,2.148,2.9238,1.9238,1.9955,2.0583,1.8475,1.2197,1.8475,3.426,0.852,0.1839,3.7175,1.4215,1.5202,0.3049,0.278,0.1794,0.5516,0.9462,0.2915,0.2646,0.7713,0.2735,0.6233,0.7713,0.296,0.4888,0.5695,0.9776,0.0583,0.1211,1.009,0.3184,0.4753,0.1794,0.148,0.0493,0.3408,0.1256,0.2287,0.1749,0.4036,0.0852,0.0404,0.2242,0.296,0.1659,-0.1973,0.7982,0.2018,0.3049,0.0852,-0.0628,0.1256,2.1525,3.4215,1.5919,3.2332,4.0673,2.139,2.4395,3.7713,2.5919,2.9462,3.0314,2.4574,2.0942,2.9372,3.8341,1.2915,0.7309,5.2063,2.1839,2.4888,0.9238,1.5067,0.6861,1.3049,2.0404,0.7489,0.9058,1.4664,1.2511,1.2287,1.13,0.9686,0.5874,1.4978,1.6592,0.6099,0.2152,2.2242,1.13,0.9641,0.9327,1.2018,0.4888,1.3767,1.6906,0.7892,1.0987,1.6726,1.2511,1.0045,1.2915,1.0045,0.5561,1.1614,2.0135,0.6278,0.4081,2.1839,1.0628,0.8341
1-212.txt_261,1.6316,1.5368,0.6474,1.4053,3.6158,1.2105,1.1842,2.8263,1.1947,1.3,2,1.1105,1.7211,0.8579,2.6789,0.8105,0.7579,2.5263,0.4211,1.1842,1.3158,2.7526,2.4579,3.2526,4.1474,2.1737,2.4526,3.5474,3.0368,1.5842,1.3421,1.5421,1.9474,2.4158,3.2947,0.9526,1.3053,4.2474,2.0105,1.1474,0.3316,1.8316,1.5474,1.9684,3.3421,1.3526,1.1211,2.6158,1.9895,1.7579,0.4947,1.3737,1.5895,1.7421,2.5368,0.0632,0.0526,3.9158,1.6579,1.0579,0.8158,3.1316,3.3263,2.7211,4.2895,2.3789,2.2632,3.5105,3.3263,2.2579,0.6579,1.8684,2.5105,2.5316,4.1368,0.4158,0.2579,4.3632,2.8316,0.9421,3.2579,4.2158,2.1737,3.8211,9.2684,2.9105,2.4526,6.3158,4.8368,4.7158,4.2789,2.8895,4.9,4.2842,6.9526,1.8053,1.4579,8.7684,3.8632,3.7737,0.6526,1.7579,1.9684,2.4737,3,1.6895,1.7842,2.4474,2.5105,1.0316,-0.1158,1.2947,0.8368,1.2947,2.9947,0.4263,0.1684,2.5211,1.4421,0.4737,0.8,1.7263,2.6632,2.3526,2.9579,1.5684,1.8737,2.3158,1.8842,1.1632,0.4684,1.6895,1.5,1.4105,2.4053,0.3421,1,2.2368,1.6316,0.6105,1.9632,4.3684,1.8579,3.2684,6.8316,2.7579,2.1263,4.9842,4.2579,2.9158,3.2368,3.5263,3.2368,3.2158,4.2316,1.0789,1.2,6.1684,2.9211,2.0842,1.3,3.1421,2.5579,2.5158,5.1526,2.4789,1.9684,4.2,4.1684,2.6789,2.4474,1.6474,3.1737,4.0579,3.9737,1.6105,0.9737,6.3105,3.9421,2.0105,2.3158,1.3842,1.3579,2.4632,4.2842,1.0789,1.3789,2.9105,2.7211,2.5737,3.0895,1.0158,3.0632,2.5632,3.2737,1.4211,0.8842,4.2947,2.1737,2.7526,2.2263,1.3263,1.0421,2.1211,4.0684,0.7789,0.9105,3.5895,1.7947,1.6684,2.2737,1.0316,2.2579,1.7789,2.6158,1.5368,0.6,2.9263,1.3421,1.8211,0.0105,1.4,1.7842,1.6316,3.0895,0.9105,1.3105,1.9842,1.8,1.4053,1.1368,1.5526,1.3737,2.5421,1.7947,0.0368,0.9,2.9211,1.6526,0.4368,2.1895,1.6684,1.6789,3.0053,4.2684,1.6105,1.9579,3.8895,2.8737,2.0947,1.7737,1.2053,1.9737,1.2789,3.8263,1.7842,0.9263,3.9,1.4211,2.2368,2.3368,2.1842,1.5263,3.2526,3.7579,2.1211,1.8158,3.4579,3.0947,2.5474,2.6579,1.2263,1.9684,2.2368,3.1737,2.3,1.1053,4.9316,1.4947,2.1737,2.5316,4.0526,3.9368,5.7579,5.2895,3.3947,3.8263,5.2526,4.2263,1.2789,1.3474,1.9579,2.3105,1.9895,6.6737,2.4474,1.6105,5.5316,1.8211,1.7474,0.7579,1.5105,0.6474,0.7421,2.3526,0.9105,0.4368,1.9158,1.3895,1.2105,1.0263,1.0105,1.4526,0.3632,1.8789,0.0737,0.6211,2.1526,0.4053,0.9,0.6211,1.0579,0.3579,0.9105,1.3842,0.4842,0.3263,0.5842,0.3842,0.8684,0.8368,0.6895,1.1421,0.4632,1.4316,-0.1474,0.0474,0.7684,0.2368,0.6368,3.2789,4.4,2.6947,3.9842,7.8474,2.4526,2.7737,5.8211,6.3789,4.7158,4.1579,1.9947,4.6316,5.0263,5.8632,2.6842,1.1579,10.4105,4.4947,4.0053,2.2842,1.5474,1.4684,2.6263,3.4526,1.0158,1.6263,2.9158,3.2316,2.1368,1.9947,0.6053,1.6684,2.3421,2.6947,2.5158,0.6789,4.8842,1.8579,2,1.6316,1.3737,0.6684,1.5684,2.8842,1.0105,1.4895,1.8684,1.7,1.8789,2.2526,0.6947,1.9474,1.2105,2.5737,1.1526,0.6579,3.4947,1.0211,2.2421
1-212.txt_263,2.1685,1.4293,0.8641,1.3098,3.9565,1.0707,0.5054,3.1685,1.9511,1.712,1.5598,0.6141,1.8098,1.4511,2.5,1.1087,0.7663,3.3261,1.3913,1.7554,0.7554,2.1304,3.0978,3.3696,4.913,1.5163,1.625,3.2935,2.0924,1.0435,0.3587,1.6141,1.2391,1.288,3.7609,1.087,1.3587,4.9565,1.9076,0.3207,0.6413,2.6304,3.2772,3.5217,3.5109,1.587,1.962,3.7554,2.4837,1.6685,0.4511,1.9511,1.7228,1.6033,4.2772,1.413,0.5815,4.2826,2.0543,0.3967,1.1141,2.4674,4.0435,4.5761,3.6467,2.2772,2.7935,3.7826,2.5163,1.1087,0.4185,2.6902,1.4239,1.4022,5.6196,1.5652,0.6413,4.7554,1.7554,-0.3804,4.9891,3.7283,3.0163,3.4946,11.1522,3.1957,2.2283,6.7772,4.3967,5.6739,5.1848,1.9022,4.6359,5.625,7.4185,3.1033,1.9022,11.0924,5.587,4.9565,0.6087,1.6576,2.2011,3.0652,3.1413,1.1848,1.5924,2.6413,1.9837,0.6793,0.0163,1.5815,0.5326,0.9185,3.2772,0.4674,0.1087,3.0435,0.7011,-0.0815,0.1196,1.587,2.9728,3.5707,1.8207,0.9837,1.8098,2.1576,1.7391,-0.0163,-0.1087,1.8804,-0.125,0.3261,2.7337,0.3098,-0.0978,2.6739,0.4293,-1.1467,2.2663,4.1196,3.4293,4.4185,6.5978,2.587,2.5109,5.788,4.4674,2.5761,2.0217,2.8804,2.6902,2.0707,6.0163,2.1413,1.2554,6.5543,2.1793,1.7935,1.3043,1.6304,2.1848,1.8641,5.0761,1.0815,0.712,3.6685,2.7065,2.0435,1.8152,1.1685,2.7283,2.2772,3.5217,0.962,1.2772,5.9891,3.375,1.3859,1.9348,1.3478,1.4457,1.25,5.3478,1.2663,0.5598,2.4076,2.3261,2.7663,2.8261,0.5,2.5707,3.3587,3.0761,1.1522,0.8207,5.0326,3.3967,2.1413,1.712,0.7989,0.4022,0.5815,4.6793,0.6467,0.1685,2.4402,1.3152,2.25,2.7609,0.0707,2.1467,2.5326,2.1522,1.3098,1.038,3.5924,1.9511,2.1413,0.4022,1.3533,2.3533,2.4457,2.5815,0.462,1.2011,2.5924,1.2663,0.5598,-0.2283,1.1522,0.0924,0.9565,2.4565,0.3152,0.4293,3.663,1.3859,-0.4022,2.0761,1.75,1.1359,1.288,4.6848,0.9674,0.8533,3.1576,1.9076,1.8043,1.788,0.9022,2.6467,2.1902,3.0489,0.9293,0.875,4.2989,2.7065,1.962,2.1576,1.9457,1.4674,0.8043,5.7609,1.212,-0.0163,2.288,2.2446,3.3533,3.1359,0.5054,3.75,4.0109,3.3315,2.0326,2.1413,6.3587,4.5435,3.1848,2.6685,3.8152,4.6087,5.6522,6.5435,4.1413,3.9783,6.4239,3.0109,1.8696,1.1141,3.038,2.2717,1.8207,7.1848,2.5272,1.4348,7.7935,2.1304,1.1359,1.5272,1.3207,2.0326,2.2772,2.4674,1.2935,1.3641,2.4348,1.0163,0.8043,0.7935,0.9783,0.8696,0.2772,3.4565,1.2663,0.1957,3.0054,0.8261,0.7826,0.6087,0.6739,1.1196,0.9402,2.2391,0.4511,0.25,0.6196,0.962,1.4728,1.5978,0.5598,1.3315,0.9402,1.9239,0.0598,-0.2663,2.8152,1.5163,0.9674,3.8261,4.7446,5.0761,5.0924,10.663,3.4891,2.8261,7.5815,5.4783,5.125,3.587,3.3587,4.1793,5.1304,7.375,3.2391,2.3967,11.163,6.8859,3.4239,2.1685,1.625,1.9728,1.5815,5.3804,0.3424,0.288,4.0272,2.8043,3.4891,2.5924,0.4022,3.2609,4.1793,3.2772,1.212,1.4239,6.9457,5.0272,2.788,1.7717,0.6957,0.7772,0.3533,4.3913,0.2663,-0.2391,1.625,0.9891,1.788,2.5978,0.038,2.2174,2.75,2.3043,0.9457,0.3424,3.663,2.8207,1.8261
1-212.txt_265,0.6465,2.3283,1.3434,2.0303,2.2929,1.1111,1.1111,2.2323,2.1061,1.6768,1.3283,0.5253,0.8687,1.5455,1.096,1.2172,0.9242,3.5859,1.6364,0.9141,2.0606,1.8687,1.2828,2.3131,3.9545,1.4141,0.9596,3.8586,1.5,2.8889,1.798,1.4596,1.6869,3.2929,5.101,1.8636,1.702,5.9697,3.0152,2.4343,0.7374,3.0303,2.4545,3.5202,3.9091,2.101,1.7525,4.3636,2.9242,2.7828,1.8232,1.5354,1.5,3.5758,4.2576,1.9091,1.8535,5.0657,2.7172,2.0202,0.8586,3.697,3.3939,4.6111,5,2.9343,2.697,4.8687,3.8535,3.1313,2.1616,2.5657,1.7475,5.6616,4.2475,2.7323,2.6768,7.1566,3.9545,2.1818,2.6414,4.2576,3.9091,4.5505,6.2071,2.6616,3.1465,6.404,3.803,4.1212,3.9545,1.2828,2.2525,3.8737,6.9495,3.1313,3.0253,7.7576,3.1313,3.803,0.6313,2.0202,1.0556,1.9646,2.0606,1.5051,0.9444,2.0253,1.7172,2.6566,1.6616,1.0354,1.1566,2.6869,2.803,1.5505,1.596,3.7778,2.0556,1.8081,0.601,3.2475,2.2121,3.9141,2.0354,2.3384,2.7576,3.0303,2.9444,1.798,0.8081,2.8081,0.5657,3.2626,2,2,2.0202,4.3485,2.8283,1.2374,1.0253,5.1313,4.8889,5.9495,6.5101,3.7273,3.2525,6.904,4.4141,2.3939,2.0657,3.4343,1.5404,4.4545,5.8333,3.8889,3.5606,7.6566,4.0152,1.9798,0.8586,2.2222,1.2475,1.4091,3.4394,1.4495,0.6313,3.1667,1.5354,2.9394,2.702,0.7424,1.1919,3.0505,3.5808,0.7273,1.4949,5.3131,2.7576,2.5606,2.4091,2.1616,2.3485,2.4848,4.4949,1.5,2.3939,3.8333,1.2222,2.6313,2.101,0.596,2.2576,1.404,3.4747,2.5354,2.298,4.0253,1.4242,2.7778,2.2626,1.6364,2.1162,2.1111,3.9949,1.2525,2.4091,3.7929,0.9747,1.6667,1.5253,1.1717,1.7121,0.3485,3.0354,2.3333,2.1111,3.096,1.0101,2.202,0.3182,2.3586,0.899,2.0505,1.298,1.4596,1.3838,1.9343,1.601,1.4192,0.9444,2.0505,0.6869,3.3333,2,0.7424,1.1869,3.5,2.2424,1.3384,1.9697,0.8687,1.1313,0.9848,2.7172,0.7929,1.3081,2.5505,0.2374,1.3333,1.1364,0.3485,1.2778,0.3838,3.2172,1.7323,1.0152,2.9646,1.0707,1.5505,2.3333,1.4646,2.6566,2.6667,4.798,1.6768,2.4848,4.6919,1.6566,2.1364,2.6212,1.4697,1.9848,1.6919,5.3333,2.3081,2.2172,4.5606,1.8838,2.8939,2.2626,5.197,4.399,4.6919,5.6818,3.9545,3.2677,6.5051,3.8889,3.404,2.5152,4.1768,2.5253,4.3131,5.3586,3.5657,3.6515,8.1768,4.6263,3.0253,1.0455,3.4444,2.6667,3.3586,3.399,2.3586,1.6414,4.1162,2.9545,2.0758,1.5303,1.8283,1.5859,2.6364,3.596,2.0152,1.6616,4.7374,2.0152,1.3434,0.5707,2.3081,1.9747,2.7626,2.7121,1.4495,1.8182,3.1869,2.2222,2.0303,2.0202,1.0808,1.4848,2.9949,2.9596,1.1919,1.4293,4.8889,2.5354,1.8788,3.798,4.3283,4.9697,5.4444,9.6768,2.6919,3.5657,6.9747,3.4596,5.3939,4.4798,1.9596,3.4141,5.9949,7.7677,4.2525,4.0202,9.7576,4.2626,5.2727,1.3283,0.8687,1.5556,1.5303,4.7879,0.7424,1.2525,3.2121,1.4242,2.9141,2.8788,0.5354,1.6212,3.1869,4.3384,1.3333,1.8182,4.5657,2.2475,2.7778,1.5758,1.8081,2.3182,3.0253,3.4545,1.0303,2.2727,3.5354,1.3283,2.0404,1.7525,0.6667,1.1869,1.1364,2.9899,2.2172,1.9091,3.6162,1.1717,2.2626
1-212.txt_267,0.6995,1.2463,0.1773,0.6502,2.5074,0.6207,0.8424,1.5025,0.8128,1.1675,1.2167,0.5961,1.0296,0.7734,1.1429,0.3547,0.6601,1.3744,0.2167,0.5862,1.0099,1.6404,1.5123,1.8325,3.8621,1.0493,1.2414,2.0837,2.5961,2.3498,2.3202,0.9704,2.3842,3.0246,2.0246,0.5567,0.5862,4.0345,2.7833,1.4089,-0.1724,1.4433,1.069,0.5419,2.2217,0.936,0.665,1.3842,1.4729,1.3645,1.5862,1.1281,1.7488,2.3054,1.0542,-0.4384,-0.3842,2.8374,2.5665,0.5714,0.3153,2.4581,2.6158,2.335,3.0985,1.0887,1.6798,2.7882,2.734,1.4778,1.2709,1.8768,1.5074,2.399,2.7734,0.4778,0.6552,3.6059,2.4631,0.5813,2.335,3.6059,2.2709,3.7882,6.0197,2.1429,2.6108,4.5911,3.9557,3.5271,3.0099,2.3498,2.7833,2.3842,4.2069,1.2167,1.4926,5.2365,2.1675,2.3941,0.6059,1.6059,1.0591,1.3005,2.5714,1.1182,0.7685,1.7882,1.9606,1.5123,1.33,0.9606,1.5468,1.8374,1.5911,0.3448,0.2709,2.1921,1.3695,0.9557,-0.2217,1.8424,2.0936,2.0345,2.2217,1.2759,1.335,1.8768,2.3596,1.5714,1.3054,1.2365,1.5123,2.1182,1.6552,-0.0542,0.33,3.2759,2.3153,0.5764,1.0049,3.1823,1.3005,1.9704,4.4384,1.9803,1.5764,3.8473,3.0542,2.0837,2.4039,2.202,2.6897,2.4926,2.6946,0.665,1.0148,3.7635,2.3547,1.5714,1.2167,2.7635,1.4483,2.4286,3.67,1.5468,1.867,2.7635,2.9212,2.4975,2.2217,1.8177,2.5862,2.3448,2.3744,1.0739,0.6798,4.6108,2.1675,1.4926,1.5074,1.6256,1.5911,2.8374,3.3941,1.4286,2.2562,2.3842,2.2611,2.3005,2.0246,1.399,1.8424,1.335,2.4039,1.2906,1.3695,3.931,0.4975,1.7241,1.1429,1.7931,1.1626,2.4236,2.6256,1.3054,2.1626,2.4926,2.0049,1.9261,1.8768,1.3645,1.7389,1.3005,1.9064,1.1133,0.8276,3.4089,0.5862,1.3448,0.2414,1.5369,1.5764,0.8719,2.8424,0.9113,0.8227,1.335,1.4433,1.6798,1.4286,0.9803,1.7685,1.5517,1.4483,0.2365,0.5764,2.3399,1.67,0.9064,1.1429,1.9409,1.5567,2.532,3.1379,1.4581,2.4039,2.601,2.0296,1.5271,1.8177,1.5172,1.7438,1.1133,2.4828,1.0296,1.0985,2.7882,0.4877,1.3054,1.1724,1.6847,1.2463,2.8374,2.1429,2.0936,2.3744,2.9015,1.8079,2.0099,1.8719,1.4483,1.6502,0.8374,2.4286,1.5074,1.0099,3.3153,-0.0049,1.7438,1.9212,2.3054,2.1921,3.3547,3.5517,2,2.4433,3.7734,3.5911,1.7192,1.67,1.5222,1.9901,1.6404,3.5369,1.1626,0.8424,3.4926,1.8325,1.6404,0.2365,0.7291,0.1773,0.0985,1.9261,0.2709,-0.3596,0.7438,0.4581,0.9064,0.6847,0.1527,1.0985,1.2118,0.8374,-0.2709,-0.1429,0.931,1.0099,0.803,0.803,0.4384,0.2069,1.0443,1.532,0.4039,0.5616,0.4532,0.665,0.5714,0.4138,0.3695,0.5567,0.7094,1.399,-0.0345,-0.1034,1.6207,0.8818,0.33,1.8325,3.202,2.0542,3.67,5.7241,2.4828,2.6601,3.9852,3.9655,4.0887,3.5517,1.7734,3.5468,3.5074,3.867,1.0443,1.0197,6.6059,3.3892,3.1429,1.2365,1.7438,1.3103,2.5911,2.5961,1.7291,2.2069,2.3399,2.1823,1.7586,1.2463,1.399,1.5271,0.6305,1.4828,1.4828,0.5074,2.8374,0.33,1.1675,0.734,1.1724,0.5025,1.6453,2.2906,1.0345,1.6305,0.7783,1.064,1.7438,1.2808,0.798,1.3448,0.7438,1.7833,0.7094,1.064,2.9507,0.2512,1.3744
1-212.txt_269,1.5549,1.6593,1.1868,1.4451,4.011,1.3297,0.6538,2.7198,1.7088,1.1978,1.5659,0.8736,2.1978,1.3242,2.1374,1.044,0.4505,3.2582,0.9286,1.2418,1.2198,2.044,2.978,3.2198,4.511,1.7033,2.456,3.4451,2.0549,0.6374,-0.3187,1.989,0.6264,0.8571,3.978,0.9725,0.9451,5.2088,1.5824,-0.0385,0.6429,2.4945,3.2857,3.5,3.8132,2,1.7967,3.7033,2.3791,1.6868,0.3956,2.0055,1.489,1.7253,3.9176,1.0495,0.2637,3.7967,1.6868,0.478,0.8352,2.533,3.5714,4.7692,3.956,2.2912,2.5714,3.3571,2.8462,1.0165,0.1429,2.5934,0.8736,1.3901,4.8516,1.3022,0.544,4.3571,1.7802,0.1868,3.6758,4.5385,3.2912,3.0549,10.456,3.5,2.0879,6.1538,5.2253,4.5165,4.6319,2.1758,5.0879,5.0604,6.7253,2.6648,1.456,11.511,5.6154,3.7527,0.8846,1.3132,2.0769,2.1154,2.9615,1.2308,1.5495,2.4451,1.0385,0.511,-0.2253,1.3626,0.5824,0.511,3.511,0.5659,0.5549,3.3407,0.8407,-0.0275,0.2637,1.9341,3.2253,3.2143,1.8297,1.4725,2.011,1.9725,1.6923,0.0549,-0.5989,2.2527,0.3901,0.3242,2.5165,0.4505,0.4341,2.7912,0.7582,-0.5989,1.9945,3.6209,3.2802,3.5165,6.511,2.4011,2.2143,5.1099,3.6209,2.0549,1.6264,2.6319,2.2473,2.1484,5.1923,1.7527,0.7802,6.0385,1.6484,1.3901,1.4066,1.7637,2.3297,2.0495,6.2033,1.4176,0.9835,3.3736,3.5385,2.2747,1.4066,1.5275,1.7308,2.8846,3.7527,1.2857,0.7143,6.4835,3.533,0.9615,2.4176,1.0385,0.7692,-0.0714,4.533,0.1484,-0.044,1.8626,0.6758,2.6429,3.2527,0.2033,2.9505,3.1538,2.544,1.6374,1.2637,4.0385,2.2747,2.5549,2.3846,0.8626,0.1813,0.0055,3.5659,0.533,0.2637,2.3516,0.5769,2,2.7912,0.0275,2.3462,2.2967,1.5879,1.3187,1.0165,3.2967,1.7198,2.1538,0.5,1.4121,2.1978,2.6703,2.4451,0.5165,1.5604,2.2912,0.7637,0.3077,-0.4615,1.4231,-0.0989,0.5549,2.8297,0.2747,0.5385,3.5714,0.7637,-0.2747,2.4396,1.8956,0.3846,-0.0879,4.7802,0.5879,1.0549,2.3846,0.967,2.5659,2.5659,0.7473,3.2088,2.1154,3.2637,1.2802,1.2802,4.0165,1.978,2.511,1.6044,1.4945,0.6593,-0.3516,5.3791,0.3352,-0.1099,1.9231,2.3462,3.3132,3.7967,0.4451,3.8626,4.2747,2.4341,2.3022,1.7198,5.6484,3.6703,2.5989,2.5385,3.2473,4.1813,6.0879,5.8681,3.4011,3.6099,6.0714,3.5165,1.2088,1.0934,2.2912,1.9835,1.7802,6.5934,2.3681,1.5769,7.4176,2.2582,0.7857,1.1978,1.8242,2.5165,2.6319,2.3846,1.5385,1.3681,2.2198,1.9396,0.5824,0.5165,1.2527,1.1593,0.6209,2.8462,1.1044,0.2418,2.9396,0.9725,0.3626,0.4286,0.7308,1.2308,1.4725,2,0.6429,0.6319,0.7857,0.4011,0.6044,1.1154,0.3956,1.3956,0.6923,1.5,0.4066,0.478,2.6264,1.0659,0.8956,3.3571,4.0549,4.1813,3.533,10.4121,2.7253,2.0055,6.1648,5.7747,4.7033,4.1538,2.0824,4.489,6.7418,7.033,3.1868,2.0714,11.9945,6.8022,3.6264,2.0824,0.7582,1.8022,1.2308,5.2582,0.2527,0.3022,3.3791,2.9121,2.7637,2.8242,-0.1044,3.1978,3.9341,2.8462,2.022,0.8846,6.2802,4.6044,2.1374,1.5769,1.0165,0.3846,-0.1099,3.7198,0.1374,0.1044,0.956,0.2692,1.7418,2.3077,-0.0055,2.5,2.6978,1.8077,1.511,0.978,3.4615,2.1044,2.3901
1-212.txt_271,-0.0054,0.1196,0.212,0.2772,0.1902,-0.1848,-0.1141,0.2935,0.3478,0.0978,0.0761,-0.0272,-0.0272,0.587,0.2011,0.0217,0.1087,0.8098,0.5652,-0.0435,0.2717,1.4511,1.1685,1.9728,1.3207,1.1793,1.2772,1.837,1.5707,0.5163,0.462,1.3207,0.3261,1.038,2.087,0.4348,0.2228,2.2989,1.0272,0.2989,0.2772,0.7717,0.3859,1.2174,1.4728,0.6957,1.1196,1.337,0.8152,0.712,0.4674,0.712,0.2554,0.5,1.6413,-0.1141,0.1685,1.587,0.4674,0.7609,0.4837,0.875,0.4022,1.038,1.837,0.4402,0.7609,2.0217,0.7446,0.9185,0.5543,0.6304,0.3533,0.6087,1.6467,-0.163,0.1467,1.8533,0.4239,0.9674,0.125,1.3696,1.3913,0.875,2.6033,0.4728,0.1413,1.8315,2.1087,1.788,2.038,0.6902,1.2554,2.8207,1.9022,0.3261,0.6467,3.8859,2.3967,0.9565,0.1848,0.8533,0.6304,1.0326,0.5598,0.7826,0.788,1.2011,0.6359,-0.0707,-0.163,1.0109,-0.0163,-0.0761,1.4076,0.2663,-0.0326,0.8098,0.1033,0.0489,0.3696,0.7337,0.3533,1.0924,0.8859,0.6522,0.7826,1.2772,0.4293,0.1413,-0.1087,0.7935,-0.0217,-0.1141,1.2391,0.0761,-0.0924,0.7772,-0.0543,0.2935,0.25,1.538,1.4239,1.8587,1.9674,0.8043,1.1957,2.0543,1.7826,1.2772,1.1413,1.1359,0.5978,1.6304,2.4239,0.1467,1.0707,3.2391,1.4728,1.0489,0.2446,1.5978,1.1467,1.7283,1.8478,1.1087,1.3315,2.1304,1.8261,1.1576,1.0815,1.2609,0.7391,1.5543,2.587,0.125,0.3696,3.0815,1.4348,0.8804,0.1033,0.8533,0.4783,-0.1467,1.6413,-0.2337,-0.5163,0.9728,1.6141,2.1413,2.3641,0.1576,1.413,3.2446,1.0109,-0.2228,0.3207,3.3424,2.5272,1.2663,0.1848,1.0978,0.6467,0.087,1.5543,0.1413,-0.2554,1.0272,1.8804,1.7935,2.0707,0.4837,1.3043,3.038,1.25,0.0272,0.3804,3.3533,2.5815,1.0109,0.1957,1.0652,0.7174,1.4293,0.8587,0.8533,0.9402,1.3587,0.9348,0.2609,0.1793,1.0435,0.1304,0.4076,1.5217,0.1739,0.0217,1.375,0.4565,0.2174,0.0761,0.8967,0.5,0.0489,0.7609,0.2446,-0.038,0.625,1.2391,0.8804,1.125,0.6685,0.712,1.7337,0.8804,0.0598,0.1304,1.9891,1.625,0.4728,0.1793,1.8152,1.2554,0.7554,2.1359,0.5924,0.3478,1.9783,2.5,2.0326,2.2554,0.9511,1.4402,3.2391,2.3261,-0.0054,0.5652,4.3424,2.9022,1.2391,0.2663,1.5272,1.2717,2.0217,2.1359,0.8207,1.1902,2.2989,1.9728,1.6304,1.3913,1.1739,0.8315,2.1413,2.5326,0.1685,0.5054,3.5326,1.7826,1.1739,0.0326,-0.2337,-0.2717,0.163,0.3804,-0.2011,0.0109,0.2935,-0.1739,0.087,-0.125,-0.1304,-0.1739,-0.163,0.4457,-0.25,-0.087,0.1467,-0.0761,0.2228,0.0272,-0.0761,-0.1793,0.1196,0.9565,-0.2935,-0.1793,0.2228,0.2337,0.9348,0.8424,-0.2228,0.4022,0.9946,0.3641,-0.2391,-0.0815,0.9891,0.6304,0.5924,0.2826,2.875,2.163,2.0543,3.3207,1.5707,1.2065,3.2228,3.5652,2.6413,2.8804,1.913,1.913,3.9837,3.9348,0.25,0.9728,6.125,3.587,1.6957,0.0543,1.5272,1.0924,0.8315,1.7283,0.6576,0.4239,1.7772,1.962,1.6576,1.8478,0.8913,1.2663,2.4185,2.3315,-0.0054,0.4674,3.5217,2.1033,1.038,0.0109,0.5707,0.3478,-0.1848,1.0326,-0.3152,-0.5163,0.4946,1.0652,1.587,1.788,0.0761,1.0326,2.4185,0.5163,-0.1848,0.212,2.3043,1.8043,0.8804
1-212.txt_273,1.335,1.6244,0.8173,1.2893,3.8376,1.2335,0.5584,2.3452,1.6041,1.6142,1.7817,1.0152,2.0457,1.2843,2.1777,0.868,0.5939,2.9289,1.1218,1.3452,0.934,2.066,2.7462,2.9543,3.9289,1.4162,1.6954,3.1168,2.1421,0.9086,0.264,1.2386,0.9289,1.1675,3.0406,0.9086,0.6447,3.5178,1.3604,0.5635,0.3756,2.2284,2.533,2.9239,3.2183,1.7868,1.4416,3.203,2.4772,1.4772,0.4822,1.3249,1.2538,2.0406,2.7919,0.7462,0.3706,2.8477,1.8832,0.665,1.1015,2.6802,3.736,3.7716,3.3553,2.4213,2.1066,3.4112,2.9442,0.4213,-0.2538,1.9543,0.6497,1.5431,4.2995,1.3452,0.7716,3.0761,1.1929,0.1777,3.6904,3.5939,2.9746,3.4772,8.9848,2.9289,1.8477,5.6802,4.2335,5.1827,4.6041,2,4.8274,4.3401,6.7208,3.3401,1.5533,9.2538,4.5076,3.9594,1.0508,1.6904,2.1929,2.8832,3,0.8376,1.1777,2.934,1.4822,0.4112,-0.5939,0.9442,0.5076,0.5482,2.0152,0.5178,0.2081,2.3909,0.6904,0.2538,0.5685,1.5381,2.5076,2.7056,1.797,1.0609,1.0863,2.1269,1.7005,-0.1015,-0.6853,1.4162,-0.0102,0.4264,1.7766,0.1472,-0.335,1.5736,0.4061,-0.4061,1.9594,3.9391,2.3756,3.5076,5.8071,2.6802,2.0254,4.5076,3.9289,2.4365,2.1726,2.8579,3.2589,2.7614,4.7208,1.802,1.5178,5.5178,2.5533,2.0305,1.6396,2.1472,1.8274,2.0406,5.3198,0.8071,0.4264,3.5127,3.3096,2.3046,1.7868,0.8731,1.9594,2.9188,3.0761,1.3756,1.0051,5.4873,3.1523,1.6701,1.7513,0.802,1.1929,0.9949,4.2132,1.1472,0.6142,2.1878,1.9492,2.7919,2.5838,0.8985,2.3959,3.1574,2.9036,1.9898,0.5685,4.0711,2.6294,2.2081,1.7766,0.5685,0.8731,0.7919,3.665,0.6142,0.5228,2.4264,1.4264,1.9594,2.1929,0.4315,1.8782,1.9746,2.1827,1.8934,0.7107,3.7411,1.8325,1.5838,0.6294,1.3706,1.8528,2.1777,1.8629,0.8173,1.1421,2.2487,1.1015,0.269,-0.2995,0.6599,0.2893,1.132,1.5076,0.0914,0.1371,2.1624,1.1218,-0.0406,2.0102,1.0609,0.7919,0.802,4.3706,0.8426,0.736,2.4924,1.4518,2.4467,2.0305,0.8629,2.4619,2.5685,2.8985,1.5584,0.7056,4.7665,2.2893,1.8122,1.6802,1.4822,1.1827,0.6244,5.2386,0.5939,-0.0203,2.1218,2.8274,3.3299,3.467,0.8325,2.9391,3.599,2.7411,2.2335,1.4264,5.868,3.7411,3.1421,2.7005,3.3807,3.9695,5.1574,5.8934,3.2893,2.9594,5.7868,3.0406,1.066,0.2944,2.1371,1.3503,0.7716,6.066,2.7208,1.7056,5.1929,1.5381,0.8782,1.0051,1.6447,1.6497,2.2081,2.736,1.3299,0.9746,2.2589,1.6802,1.0457,0.9746,1.0355,1.2437,0.9239,2.6954,0.7005,0.2944,1.9949,0.6244,0.8832,-0.0711,0.2792,0.8223,1.0051,2.5381,0.3858,-0.0609,0.5431,1.1523,0.9137,1.3046,0.1777,1.4315,0.6954,1.3198,-0.066,-0.3959,1.4264,0.6345,0.4873,2.9036,3.3756,3.1523,2.6244,8.8528,1.8629,1.264,5.1015,4.6447,5.1827,4.8629,1.6142,4.4213,5.8579,5.1168,2.8274,1.3046,9.5025,6.0761,4.2437,1.7766,1.5635,1.9898,1.6904,4.203,0.5178,0.6193,3.1929,3.0355,3.0305,2.6599,0.8934,2.8122,3.1218,2.467,1.9188,1.0812,5.1878,3.8173,2.4619,1.3706,0.9391,0.6294,0.8071,3.5888,0.797,0.2944,1.2843,1.3249,1.8629,2.3046,0.7157,2.2183,2.1015,2.269,1.6244,0.0508,3.599,2.0711,1.5635
1-212.txt_275,1.2929,1.8384,1.2222,1.3333,3.9141,1.6162,0.4343,2.2121,1.399,1.5758,1.8131,1.1869,1.8687,1.3788,2.3737,1.0354,0.8182,2.9949,1.1162,1.4242,0.8939,1.8384,2.8434,2.5606,3.6465,1.1919,1.0758,3.0455,2.1869,0.6818,0.3636,1.1667,0.7778,1.4545,2.6566,0.5505,0.6616,3.8737,1.9192,0.2121,0.8687,1.9747,2.5657,2.7879,2.6869,1.4343,0.8333,3.2424,2.3485,1.3333,0.8788,1.1364,1.3636,2.7929,3.2677,0.5303,0.1667,3.8434,2.4242,0.6465,1.101,2.3889,3.5303,4.096,2.8182,2.4444,2.0404,3.5101,2.5758,0.3889,0.0303,1.9495,0.697,2.0051,4.1616,1.1515,0.5152,3.1566,1.303,0.0556,3.8889,2.9444,3.0303,3.0808,9.6616,2.8333,1.6263,5.5303,4.0152,5.2121,4.6869,1.6515,4.4545,4.4646,5.7879,2.803,1.7071,8.9596,4.5455,3.7525,1.1818,1.3889,2.1869,2.5657,2.596,0.9141,0.8131,2.8384,1.2222,0.3737,-0.1869,0.9848,0.298,0.8232,2.3535,0.5,-0.0101,2.404,0.8939,0.197,0.601,1.6869,2.5808,2.8939,1.2323,1.1313,1.0606,1.8182,1.1667,-0.4747,-1.0202,1.5101,-0.1263,0.2828,2.3636,0.2879,-0.3081,1.7778,0.4192,-0.6313,1.8283,3.4596,2.3838,3.0606,5.5606,2.702,1.702,4.1768,3.3586,2.2121,2.2576,2.5909,2.9697,2.8333,4.7626,1.4091,0.9192,5.6212,2.2071,2.1364,1.7424,2.1364,2.298,1.5707,5.202,0.8131,0.101,3.2374,2.9848,2.2273,1.9495,0.9091,1.8737,3.1818,3.4394,1.1364,0.8586,5.3788,3.7475,1.3232,1.8485,0.9394,1.0758,0.803,4.298,0.7222,0.5101,2.2273,1.7626,2.4091,2.6465,0.6667,2.3737,2.303,3.0051,1.5909,0.4697,3.7677,2.4242,2.096,1.8434,1.0556,0.7929,0.8737,4.1717,0.5354,0.8333,2.5051,1.3081,1.8485,2.1566,0.5657,1.7121,1.4343,2.1162,1.8283,0.9242,3.1919,1.8485,1.4798,0.6919,1.2525,1.8182,1.9848,1.8586,0.7677,0.7424,2.0051,1.1313,0.5505,0.1616,0.5707,0.3131,1.601,1.697,0.0455,0.2677,2.5101,1.3939,0.1616,2.2273,1.096,0.6364,0.9495,4.596,0.6111,0.9495,2.5808,1.4747,2.1212,1.6616,1.1717,1.9444,1.9495,2.4949,1.4747,1.0051,4.0253,2.0758,1.9192,1.8838,1.4091,1.1111,0.5556,5.7828,0.6414,0.2424,2.4949,2.7071,3.3788,3.2727,1.1616,2.8283,3.0303,2.702,2.3889,1.5354,5.4747,4.0202,2.6566,2.4495,2.7424,4.2424,5.6768,5.1616,3.3131,2.697,5.2778,2.8586,1.2727,0.9141,1.7828,1.4495,1.4293,5.9141,2.4444,1.6869,5.1162,1.8586,1.3384,0.904,1.3838,1.5,1.697,2.4293,1.3889,0.3838,1.8737,1.6162,0.7828,1.1818,0.9697,1.0859,1.0909,2.7222,0.6162,0.1263,1.9747,0.8535,0.5404,0.2374,0.4697,0.8586,0.8081,2.0606,0.5303,0.2374,0.4545,1.0758,0.9343,1.3535,0.2475,1.2172,0.8131,1.3838,-0.1717,-0.3182,1.7828,1.1111,0.4899,2.9141,2.7374,3.6162,2.9747,8.6667,2.4141,1.5303,5.303,4.5152,5.101,4.5606,1.9444,4.2222,5.8384,5.3434,2.4242,1.2879,9.8182,6.9242,3.7929,2.4293,1.6111,2.4091,1.6768,5.096,0.6162,0.6465,3.6515,3.1212,2.9141,2.7424,1.1515,3.0758,3.0202,3.0556,2.2172,1.2222,5.7475,4.0808,2.2626,1.5859,1.0657,0.7172,0.6818,3.9192,0.5,0.2121,1.5758,1.2576,1.399,1.7929,0.5152,1.8182,1.3384,2.5808,1.5101,0.3283,3.5859,1.8889,1.5354
1-212.txt_277,1.847,0.918,0.6557,1.0055,3.7978,1.1421,0.1913,2.541,1.7432,1.3934,1.6667,0.9344,1.4809,1.0219,2.8579,1.1749,0.7814,2.4863,0.235,1.5902,0.5301,1.9781,3.2459,3.2131,4.1148,1.2077,1.6175,3.6885,2.1749,0.8251,0.1421,1.4918,1.0164,0.847,3.1967,0.5027,0.6339,4.1311,1.0984,0.1148,0.4645,1.9617,3,3.0492,4.0219,1.6175,1.2514,3.9016,2.5464,1.7322,0.5301,1.6776,1.5847,2.0984,3.4809,0.6776,0.2623,4.0273,2.3825,0.2732,0.7104,2.7923,4.1475,4.5464,3.5683,2.6776,2.6448,4.224,2.8962,0.7377,-0.0109,2.694,1.0929,1.4044,5.2459,1.2022,0.4208,4.4863,1.4262,-0.4044,4.2896,3.6175,3.3825,3.3661,11.4699,2.6175,1.6885,6.6612,3.9891,5.2404,5.7814,2.0492,5.4536,5.5355,7.7377,3.3224,2.4044,10.4973,5.0273,4.1694,0.4208,1.612,2.071,2.6175,2.6011,1.5246,1.6612,2.377,1.7814,0.4098,-0.4645,1.4208,0.9071,0.377,2.5246,0.1093,0.0546,2.8743,0.8415,-0.1366,-0.0164,1.5301,2.5738,2.6667,1.4317,1.1475,1.3169,2.0055,1.5301,0.082,-0.4372,1.8798,0.3552,0.3989,2.0219,0.1475,-0.4098,2.1694,0.6339,-0.6667,1.5738,3.5137,3.1257,4.0765,7.0929,2.6885,1.8743,5.4317,4.2514,2.5246,2.2459,3.3661,2.918,2.7978,5.9344,1.7268,1.0656,7.1749,2.224,1.6448,0.8634,2.3333,2.071,1.4863,5.1202,0.9399,0.6339,3.4536,3.5191,2.0765,1.9126,1.4044,2.6448,3,3.3169,0.7377,0.776,5.5956,4.1421,0.9563,2.1202,0.5628,1.082,1.0328,4.9945,0.6885,0.0656,2.1803,1.3279,2.2459,2.929,0.4699,2.6503,2.7923,2.7541,1.9071,0.9891,3.2732,2.2514,2.7705,2.4809,0.8197,0.8251,0.8361,4.9126,0.2404,0.153,2.8743,1.4317,2.071,2.8852,0.1475,2.3607,2.5902,2.4809,2.0546,1.4044,3.5792,1.8361,2.3005,0.0055,1.5628,2.4699,2.6557,1.9617,0.8634,1.2295,3.1148,1.7869,0.1093,-0.7104,1.2077,0.1366,0.6885,1.7268,-0.0055,0.2131,2.776,1.2077,-0.5574,2.1475,1.1913,1.0984,1.4918,5.5902,0.929,0.9891,2.8907,1.9727,2.0492,2.0109,0.9672,2.7705,2.2186,3.388,1.6557,1.7104,4.2077,2.1366,2.306,2.1311,1.9399,1.1038,0.9071,5.7049,0.5902,-0.5082,2.7541,2.2787,3.5246,3.7814,0.5847,3.5464,3.5628,3.1639,1.9126,1.9836,6.1366,3.5902,3.1967,2.7104,4.2131,4.3661,5.9891,6.2077,4.0492,3.9672,6.6339,3.8907,1.3005,0.9235,2.918,1.8197,1.1803,7.4372,2.8525,1.6557,7.1366,1.9727,0.7049,1.0765,1.1421,1.7158,1.776,2.9454,0.9016,0.6011,2.388,1.3497,0.776,0.9672,0.8798,1.071,0.7596,3.1366,0.5738,-0.0546,2.3005,0.6339,0.3989,0.3115,0.4481,1.0437,0.847,2.776,0.3224,0.2186,0.7486,0.9126,0.929,1.153,0.5301,1.2732,1.306,1.9563,0.1038,-0.153,1.7541,0.9945,0.7432,3.6667,4.6175,4.4372,4.8033,10.1913,3.0273,2.4372,6.6393,5.0109,4.4863,4.1694,3.4754,4.6011,5.2896,7.2678,3.0164,2.0328,10.7377,5.929,4.0765,2.1148,2.224,2.2514,1.8962,4.847,0.235,0.8962,3.5464,2.541,2.7705,3.1038,1.3169,3.153,3.1421,2.847,1.9344,1.9508,5.6175,3.5792,2.377,1.9454,0.3552,0.2787,0.3333,4.0437,0.0765,-0.6175,1.0492,0.8361,1.5956,2.9399,0.1148,2.6066,2.3552,2.5956,1.2951,0.6885,2.8087,2.0984,2.224
1-212.txt_279,1.4724,1.6985,0.9497,1.3668,4.0754,1.1508,0.4472,2.2513,1.593,1.6181,1.8392,1.0352,1.9347,1.3668,2.3719,1.0754,0.8593,2.3065,1.0302,1.608,1.1307,1.7588,2.397,2.5628,3.7337,1.1106,0.9296,2.9146,1.5126,0.608,0.3266,1.1357,0.4925,0.8693,2.8643,0.8543,0.7236,3.9447,1.3769,0.3869,0.8191,1.8643,2.3618,2.4221,3.0553,1.4623,0.8492,2.804,1.8995,1.4523,0.6131,1.196,1.4322,1.7588,2.5678,0.5678,0.2161,2.6884,1.995,0.5427,1.201,2.5025,3.5075,3.4724,2.9497,2.5729,1.9849,3.5327,2.4573,0.4221,-0.1608,2.1508,0.5226,0.9799,4.2111,1.2714,0.6935,2.8794,1.0352,-0.1558,3.5779,3.2764,2.7739,3.0603,9.6432,2.7437,1.2915,5.7236,3.799,4.8492,5.1407,1.4975,4.8643,4.593,6.2714,3.407,1.7889,8.598,5.0503,4.1055,1.0302,1.5427,2.2261,2.5578,2.5578,1.0603,1.2613,2.2462,1.3116,0.5327,-0.3116,1.2111,0.3568,0.5327,2.005,0.397,-0.0603,2.1508,0.8392,0.1206,0.4673,1.5578,2.5176,2.1859,1.1809,1.2864,1.1106,1.6533,1.1859,0.0101,-0.8693,1.4422,-0.3015,-0.0251,1.6181,0.1106,-0.2563,1.3015,0.3869,-0.4523,1.9196,3.2161,2.2211,3.0302,5.5176,2.4121,1.6583,4.3116,3.2362,2.3819,2.2161,2.4673,2.8643,2.7136,4.6432,1.5427,1.1005,4.5477,1.9648,1.9095,1.6884,2.1106,1.8442,1.2915,4.7789,0.4573,-0.0452,3.2513,2.3668,2.1457,1.8693,0.4372,2.1759,2.6633,2.407,0.9749,0.9548,4.7035,2.995,1.3819,2.2462,0.794,1.0302,1.1759,4.0804,0.9899,0.7136,2.2563,2.0101,2.2714,2.4824,0.598,1.9045,2.6181,3.0653,2.0302,1.0151,3.9045,2.4271,2.2111,1.9799,0.9497,0.7638,1.2312,3.8593,0.6633,0.6985,2.8945,1.8945,1.9799,2.4874,0.2211,1.9095,2.0653,2.4472,2.0452,1.2211,4.1558,1.9497,1.7487,0.5176,1.0854,1.6985,1.7085,1.5176,0.6633,0.6884,1.7487,0.804,0.2864,-0.1608,0.5628,0.2663,0.8342,1.2211,-0.2111,0.0955,2.1859,1.1709,-0.1457,2.1859,1.1558,0.7035,0.9849,4.6834,0.5829,0.5126,2.5578,1.5779,2.2563,1.9095,0.7789,1.9749,2.206,2.603,1.4824,0.9849,4.5729,1.995,1.8744,2.1608,1.4422,0.8291,0.5427,5.402,0.4925,-0.0101,2.201,2.5276,2.9196,3.402,0.603,3.1558,3.4171,2.6683,2.5779,1.9296,5.6633,3.3568,2.6382,2.5025,3.4623,3.5528,5.5025,4.7889,3.0553,2.7286,5.5176,2.1407,1.3216,0.9045,2.0603,1.5176,0.7035,6.3719,2.7789,1.3317,5.0201,1.3668,0.6533,1.1759,1.4271,1.6935,1.8995,2.7236,1.2111,0.5678,2.1307,1.0251,1.0503,1.1759,0.9698,1.4322,0.8392,2.6935,0.7789,0.2965,1.9698,0.7538,0.7839,0.2211,0.6332,0.6533,0.6332,2.1055,0.3869,-0.2613,0.2161,0.4573,1.1156,1.2111,0.3668,1.4724,0.7889,1.2362,-0.191,-0.3015,1.392,0.608,0.7337,2.8995,3.0704,3.1859,3.4322,8.1658,2.2613,1.608,5.8342,3.7739,4.397,4.1809,1.9196,3.6131,5.1759,5.2915,2.804,0.8442,9.3869,6.3668,3.6281,2.2362,1.6683,1.9246,1.7739,4.7035,0.809,0.799,3.4422,2.9045,2.6181,2.7035,0.8442,2.6533,3.2864,3.1156,2.201,1.2864,5.9849,3.8543,2.1658,1.608,0.8744,0.7186,1.0653,3.7487,0.6382,0.3266,1.5176,1.2764,1.5528,2.0151,0.4573,1.7889,1.9648,2.3065,1.5176,0.3869,3.4673,1.8342,1.4925
1-212.txt_281,1.0201,1.6633,1.2663,1.3216,3.6432,1.407,0.5226,2,1.4824,1.4372,1.5729,1.1206,1.598,0.6935,2.0754,0.6583,0.3618,2.4623,0.7085,1.1508,0.9849,2.2312,3.1457,2.8342,3.7437,1.5427,1.598,2.8492,2.5075,0.5829,0.1859,1.4171,0.7889,1.1156,2.8794,0.6583,0.4271,4.397,1.8442,0.3367,0.5528,2.2613,2.9146,3.0854,2.8995,1.7387,1.5075,3.3266,2.7588,1.5729,0.7688,1.5729,1.4271,2.3417,3.3166,0.7839,0.407,3.809,2.4121,1.1256,0.7136,2.809,3.7739,4.201,2.6181,2.2563,2.392,3.4472,3.2161,0.4573,0.0151,2.1558,0.4774,1.4121,4.3568,1.2412,0.8342,2.7739,1.3367,0.4925,3.2915,3.402,2.9849,3.206,8.402,3.593,1.7236,5.206,4.3568,4.8995,4.1809,2.0352,4.0503,4.0754,5.8241,2.8141,1.3719,8.2261,4.4221,3.5879,1.1508,1.8141,2.799,3,3.206,1.0201,1.2563,2.6231,2.0452,0.4623,-0.1307,1.3065,0.3116,0.8794,2.5628,0.5779,0.3668,2.6181,1.3518,0.5578,0.196,1.8894,2.8593,3.2312,1.3367,1.0804,1.4271,1.799,1.8794,-0.1508,-0.4422,1.7638,0.1156,0.5025,2.4925,0.2462,-0.1809,1.8543,0.8241,-0.0854,1.9146,4.1106,2.8342,3.1759,5.3719,2.7236,2.0251,4.1658,3.8442,2.3367,2.1809,2.8241,2.7889,2.5829,4.6683,1.4824,1.5025,5.2965,2.4523,1.9347,1.7839,2.7035,2.9095,2.3266,4.8442,1.5327,1.2814,3.3417,3.6784,1.9899,1.6533,1.4925,2.2362,2.9146,2.9347,1.8543,0.9497,5.3116,3.7387,1.4673,1.7688,0.7136,0.9698,0.9698,4.2864,1.4372,0.7337,2.1156,1.598,2.4573,2.2563,0.6281,2.4824,2.1457,2.2161,1.5427,0.4171,3.7136,1.7588,1.8794,1.9799,0.8543,0.8241,0.8794,3.6583,1.1658,0.7588,2.6231,1.5779,1.7638,1.8291,0.5226,1.6382,1.3518,1.9095,1.8141,0.9799,3.1809,1.5126,1.206,0.6281,1.5025,2.0754,2.3719,1.8794,0.9447,1.3065,2.1508,1.5678,0.2161,-0.0955,0.9045,0.1307,1.2412,2.0905,-0.0754,-0.0553,2.6131,1.3065,0.0503,2.1658,0.6935,0.5628,0.1558,4.3116,0.7236,0.6281,2.0653,1.3518,2.3668,1.6985,0.3467,2.3266,1.7739,2.1759,1.1809,1.1055,3.392,1.809,1.8492,1.8392,1.2362,1.0653,0.4523,4.9849,1.2161,0.3568,2.0603,1.9648,2.598,2.9397,0.7839,2.9548,2.7889,2.4372,2.0704,1.4271,4.2965,3.1357,1.9497,2.2161,3.2814,4.1759,5.1558,4.6281,3.2714,2.5779,6,3.2814,0.6231,0.3417,2.5528,0.5427,0.9497,5.608,2.3719,1.6231,4.0754,1.5477,0.7638,0.7186,1.7186,1.8693,2,2.5628,1.3116,0.7487,1.9849,1.9397,0.7688,0.9799,1.1608,1.0854,0.4573,2.4372,0.5528,0.2312,1.9899,0.8995,0.6181,0.0603,0.3467,1.0352,0.8392,1.9849,0.5578,0.1658,0.7387,0.9899,0.7588,0.9497,0.2211,0.8342,0.2965,1.4171,0.0553,-0.0553,1.1558,0.6884,0.4171,2.7085,2.8141,3.6131,3.0251,8.1256,2.4372,1.397,5.1809,4.8191,4.5528,4.5427,1.7035,3.804,4.6834,4.4724,2.2714,1.0251,8.5176,5.9296,3.2663,2.0201,1.5377,2.5276,1.8291,4.9447,1.191,1.1206,3.005,2.8693,2.407,2.5377,0.9447,2.7638,2.6432,2.6382,2.0302,0.9799,5.2261,3.4724,1.8492,1.2663,0.6482,0.6985,0.598,3.6382,0.9749,0.1156,1.5075,1.402,1.3668,1.3618,0.1809,1.9246,1.5729,1.8191,1.3719,0.2161,3.2864,1.4925,1.1256
1-212.txt_283,1.598,1.4673,0.8442,1.196,3.4523,1.1005,0.4472,2.5276,1.3769,1.5628,1.4472,1,1.6533,1.0603,2.2965,1.1206,0.7286,2.3266,0.8291,1.593,0.8442,2,3.0302,2.7387,3.4975,1.3417,1.8291,3.4221,2.6432,0.6683,0.0101,1.2462,0.804,0.804,2.4774,1.0653,0.6231,3.5628,1.598,0.5126,0.407,2.2965,2.7085,2.5829,3.2714,1.407,1.5427,3.2563,2.4573,1.7839,0.804,1.4472,1.7085,1.799,2.8191,1.0251,0.4523,3.1156,2.5578,0.9849,0.6332,2.5377,3.5678,3.6181,3.0503,2.4824,2.5226,3.2412,2.9347,0.407,-0.0352,1.9397,0.7487,0.8442,3.9447,1.2563,0.6332,2.9045,1.2915,-0.0804,3.6734,3.1407,2.6281,2.1457,9.0402,2.5075,1.2764,5.4975,4.0452,4.9548,4.3216,1.593,4.6734,4.3467,6.4724,3.0402,1.5025,8.3065,4.6432,3.8945,0.7387,1.5829,2.1859,2.402,1.9045,0.9347,1.7035,2.2864,1.6482,0.7236,-0.397,0.9749,0.5327,0.3417,1.6482,0.4925,0.0402,1.9749,1.1307,0.3417,0.3015,1.9296,2.8543,2.6784,1.2161,1.2764,1.8543,1.5226,2.1357,0.0452,-0.4623,1.6784,-0.0151,0.1558,1.7739,0.2864,-0.3166,1.8392,0.7889,-0.3116,1.8141,3.6131,2.5377,2.8945,5.9447,2.1407,1.8342,4.7236,3.8995,2.5729,2.2965,2.3568,2.9899,2.7186,4.7085,1.794,1.1357,5.5176,2.6633,2.4774,0.9146,2.1005,2.3719,1.799,5.0955,0.7839,0.8291,3.4774,3.6784,2.4824,1.6935,0.9648,1.9899,2.7638,2.6281,1.5226,1.0854,5.2462,3.8995,1.5528,2.2211,0.5075,1.0754,0.7839,3.9899,1.0251,0.402,2.5779,1.4925,2.2111,2.3015,0.593,2.3216,2.8342,2.5025,1.5427,0.5025,3.8945,2.5779,1.7035,2.1307,0.5879,0.3769,0.5327,3.6784,0.5678,0.3417,2.6533,0.9899,1.8593,2.1809,0.2814,1.9095,2.196,1.6231,1.4724,0.8744,3.3367,1.8693,1.3467,0.5427,1.1005,1.8241,1.9548,1.4523,0.6734,1.3166,2.1106,1.6683,0.3518,-0.1859,0.5829,0.3216,0.799,1.2915,0.3166,0.2462,2.5126,1.206,-0.0553,2.0151,0.7387,0.6231,0.6482,4.0302,0.9749,0.8894,2.6332,1.6382,1.9196,1.4472,0.7186,2.1307,2.2111,2.3568,1.2412,0.7437,4.2462,2.191,1.6332,1.9548,1.2312,1.0804,0.5729,5.2814,0.6482,-0.2513,2.2362,1.8141,2.7035,3.0201,0.2513,2.8995,2.9296,2.1156,2.0804,1.3518,4.9899,3.1005,2.3769,2.4322,3.1608,4.0452,5.3116,4.6985,3.4422,3.5327,5.7739,3.0653,0.6884,0.1508,2.4724,1.1608,0.4472,5.8342,2.593,1.4221,4.6332,1.608,0.6834,0.9146,1.6583,1.8291,1.7839,2.6985,1.397,1.0302,2.4623,1.8141,0.9347,0.7286,1.0352,1.1106,0.7286,2.5025,0.8945,0.5276,1.7487,1.2362,1.1005,0.0704,0.402,0.8492,0.7136,2.4221,0.6432,0.0854,0.9095,1.0704,1.0653,1.1457,0.4271,1.3166,0.7487,1.1156,0.0603,-0.0101,1.6633,1.0804,0.5879,2.5377,3.3568,3.8241,3.3518,8.6332,2.206,1.6131,5.2312,4.5126,4.0754,3.3266,1.8744,3.2764,4.0804,4.7487,2.6633,1.1508,8.5879,6.1457,3.1709,2.1256,1.5477,2.7688,2.1055,4.8643,0.5528,0.8392,3.9698,2.6181,2.8342,2.4322,0.7538,2.7387,2.9095,2.6784,2.2915,1.2462,5.1055,3.6533,1.9799,1.402,0.6985,0.4824,0.3769,3.5025,0.6834,-0.1457,1.5126,0.9899,1.6583,1.8844,0.5528,2.2111,2.3367,2.2663,1.3116,0.2111,3.2261,1.8744,1.4121
1-212.txt_285,1.1531,1.6888,0.9388,1.3214,3.5918,1.5714,0.5816,1.8469,1.551,1.1429,1.3929,1.2551,1.5612,1.1378,2.3571,1.0255,0.9541,2.8776,0.7245,1.2602,0.9898,1.7551,2.75,2.3929,4.1224,1.5714,1.2398,3.2653,2.3214,1.1327,0.4949,1,1.0969,1.2653,2.8112,0.7857,0.2041,3.8061,1.5867,0.7092,0.4031,2.0561,2.551,2.6173,3.3929,1.7959,1.0663,3.3061,2.6173,1.398,0.7449,1.1531,1.4847,2.0612,2.5561,0.6071,0.2245,3.2347,2.2959,0.5867,0.8316,2.6071,3.8418,4.2806,3.1837,2.4337,2.301,3.8622,3.0663,0.3112,-0.1429,2.1531,0.8673,1.3316,4.1582,1.199,0.5408,2.9949,1.2908,0.3571,3.3622,3.1735,2.2653,3.0204,9.4541,3.3724,1.8827,5.0306,4.4541,4.801,4.7857,1.5816,4.7347,4.801,6.4898,2.9949,1.551,9.2755,4.8878,3.75,1.0612,1.5051,2.6276,2.6735,3.0561,0.9694,1.0867,2.8673,1.6378,0.699,-0.2602,1.0867,0.7092,0.4541,2.398,0.699,0.4031,2.4949,1.1837,0.5459,0.3571,1.8061,2.7908,2.7296,1.0561,1.0459,1.4133,2.4337,1.7296,0.2143,-0.6429,1.6173,0.3878,0.0969,1.8929,0.1684,-0.3929,1.9133,0.6786,-0.0561,1.6531,3.9949,2.9082,3.2602,5.9031,2.7704,2.1378,4.6837,3.6684,2.0765,1.852,3.1071,2.9592,2.3673,4.2653,1.8112,1.3571,5.602,2.0714,1.9235,1.5714,2.6224,2.6888,1.8316,5.1633,1.4643,0.7806,3.5714,3.5357,2.3622,2.0153,1.1582,2.4082,2.7245,3.0255,1.5816,0.75,5.2092,3.3622,1.7041,1.8316,0.949,1.0663,0.9796,4.1071,1.2347,0.9133,2.3367,1.7806,2.2806,2.4643,0.8367,2.3418,2.2704,2.9184,1.8469,0.6786,3.9235,2.4439,1.7296,1.7449,0.9796,0.5918,1.0102,3.8878,0.8367,0.7602,2.3571,1.6939,1.8776,2.2194,0.4184,1.6939,2.0357,2.2143,1.8724,0.9541,3.6531,2.0918,1.5408,0.4439,1.1888,2.3878,2.3776,1.9184,1.0816,1.1173,2.4082,1.3316,0.3622,-0.1939,0.9031,0.3265,0.9286,1.4133,0.1224,0.0561,2.2857,1.1888,-0.0561,2.0204,1.2551,0.8061,0.9745,4.5816,0.9694,1.1378,2.25,2.0153,2.2347,1.9847,0.8112,1.8724,2.0765,2.2755,1.4286,0.9286,4.051,2.2041,1.6786,1.7857,1.4592,0.6378,0.5102,5.0255,0.8061,0.0816,2.0816,2.2449,3.1939,3.1888,0.648,2.4745,2.6786,2.6684,2.4388,1.3316,5.6173,3.2551,2.5918,2.2704,3.3776,4.3163,6.0816,4.648,3.449,3.1071,5.699,3.102,0.8673,0.0663,2.4286,0.9235,-0.0561,6.199,2.4745,1.5,5.1429,1.3418,0.6173,1.0102,1.5306,1.7551,1.8827,2.6071,1.4031,0.7602,1.9949,2.0816,1,1.0051,1.2551,1.0816,0.6071,2.5459,0.5612,0.1786,2.0255,0.9235,0.8316,0.1173,0.2143,0.4337,0.8827,1.9286,0.551,-0.148,0.1633,0.7806,0.9286,1.3776,0.1582,1.3163,0.9541,1.2398,-0.352,-0.2908,1.8418,1,0.6327,3.051,3.1378,3.352,3.0255,8.9235,2.3878,1.852,5.8827,4.5561,5.2092,4.4949,1.9082,4.6786,5.4133,5.3724,2.699,0.8214,9.5,6.0357,3.949,2.199,1.7908,2.1071,1.5612,4.551,1.2041,1.0969,3.1633,2.9337,2.8418,2.7755,1.0306,2.8316,2.4286,2.8265,2.4643,1.4439,5.2449,3.4286,2.5867,1.4286,0.7857,0.25,0.1173,3.8112,0.6786,-0.2296,1.2959,1.4082,1.7602,2.2347,0.2143,1.8929,2.0408,2.4031,1.3214,0.4235,3.602,2.3673,1.4541
1-212.txt_287,1.1166,0.8405,1.1595,1.6012,3.0123,0.6196,0.9387,1.8466,1.0368,1.5951,1.5031,0.9264,1.6135,0.816,2.5031,1.0184,0.9693,1.6871,0.4233,1.2515,0.8834,2.454,1.9816,2.7669,3.6258,1.3497,1.7178,2.8834,2.0982,1.227,0.6196,1.8957,1.092,1.7914,2.8098,0.7791,0.3252,3.9693,2.0184,0.9264,0.7362,2.4663,1.7239,2.3374,3.7301,1.2209,1.0859,2.2883,2.5644,1.9325,1.1534,1.5215,1.6626,2.3374,2.9141,0.7546,0.2945,3.4233,3.0184,1.5706,1.2454,3.0552,3.2577,4.0184,5.3988,2.0859,2.0859,4.0307,3.0736,1.7853,0.9693,2.2147,1.2945,2.1166,4.5399,1.411,1.0245,4.0184,3.1779,1.3865,2.6933,3.8344,3.4233,5,8.6012,3.135,2.5828,4.8221,4.1411,5.4049,3.7546,2.4233,3.8466,5.2822,5.6012,1.8528,1.3067,8.638,4.9202,3.6258,0.7607,1.9632,1.5153,2.0368,2.4356,0.8773,1.4049,1.8773,1.3313,1.2577,0.0245,1.2699,0.4969,0.8589,2.4785,0.4847,0.5644,1.9755,1.184,1.135,0.3558,1.9509,2.2454,2.4233,2.4356,1.0798,1.0368,1.6135,1.589,1.3067,0.6871,1.8405,0.8589,1.184,2.5153,0.3436,0.1963,2.411,2,1.0429,1.5215,3.5092,2.6135,3.9202,5.7485,1.773,2.362,3.6074,2.7178,2.4172,1.8589,2.7239,1.7607,2.3374,4.1718,1.5767,1.184,3.8712,1.8896,1.9202,0.9387,2.7362,2.6319,3.1902,4.3865,1.0613,1.8834,2.3374,3.0061,2.3252,1.5276,1.5337,1.5767,2.773,2.9755,1.5706,1.6564,4.184,2.9325,1.589,2.2515,0.908,1.5399,1.8589,3.7914,1.5215,1.3129,2.4172,2.3252,2.773,2.2822,1.0675,2.1779,2.2147,2.7301,1.3681,0.8405,3.638,1.9877,1.8098,1.3681,0.4663,0.6626,1.4233,2.8221,0.5276,0.4049,2.2577,1.1779,2.3374,1.9632,0.4172,1.8098,1.5644,1.6748,0.8282,0.9509,2.8834,1.0245,1.1411,1.0736,1.6319,0.9264,1.7178,2.4908,0.4172,0.8528,2.3681,1.1779,1.2822,0.6564,1.2209,1.1534,1.2209,2.3374,0.4847,0.3681,2.411,1.2209,0.9325,1.7914,0.8282,0.8282,1.9325,3.454,0.4172,1.0613,1.6933,1.3129,2.3558,0.9755,0.7423,1.8896,1.9693,1.638,0.8037,1.1656,3.411,1.411,1.7362,1.6994,1.8896,2.5644,2.7301,4.0859,1.7485,1.0307,2.8282,2.3374,2.8712,2.773,0.6871,2.3067,2.7975,2.7301,2.0675,1.3681,5.0123,2.1656,1.7546,1.9325,2.589,3.7791,4.9693,5.589,2.2822,1.9325,4.6196,2.6135,2.1472,0.6564,2.3252,1.4724,1.6196,5.0368,1.6135,1.3804,4.362,1.8405,1.9325,0.5828,1.6012,0.8773,1.0613,1.9693,0.7853,0.3865,1.0491,1.0123,1.7239,1.3681,0.865,1.4908,1.1472,2.1166,0.0736,0.5092,1.8221,1.1902,1.5644,0.2577,0.6442,0.5337,0.4172,2.0552,0.4908,0.0982,0.3313,0.6687,1.1656,1.3865,0.1411,1.4479,0.5644,1.2209,0.3558,0.1595,1.9264,0.9141,0.5706,2.1043,3.3681,3.9755,4.9693,7.4479,1.9509,2.7178,4.6564,3.5031,4.3681,3.2638,1.6933,2.9202,5.411,4.3804,2.1779,1.092,7.7853,5.4908,3.3313,1.6503,1.9816,3.3313,3.546,4.2086,1.9693,2.1534,3.2822,2.9387,2.3374,1.6564,1.0736,1.8466,2.4908,3.0736,2.4785,1.638,5.4663,2.546,1.5215,1.5031,0.2761,0.7607,1.1963,3.2515,0.6933,0.681,1.0245,1.4908,2.0613,1.638,0.4417,1.7423,1.6012,1.8344,0.9448,0.5767,3.0613,1.589,1.3129
1-212.txt_289,1.0508,1.2429,1.3955,1.3672,2.7401,1.3842,0.8023,1.8757,1.2825,1.2768,0.9096,1.1582,1.4181,1.2486,2.113,0.7175,0.8305,2.7232,0.9492,0.8927,0.5198,2.0169,3.1469,3.4463,3.6836,1.9944,2.0621,3.0904,2.6158,1.4915,0.4011,1.5198,0.8983,1.4407,2.9266,0.9774,1.5141,4.8305,2.1017,0.6215,0.3842,2.8927,3.8305,3.6949,4.7006,2.3446,2.0282,4.4068,3.1356,2.5311,1.6723,1.9096,1.6667,3.209,4.096,1.2825,0.5424,6.0904,3.209,1.0734,0.2034,3.0791,4.1751,4.0565,4.0847,2.452,2.3446,4.0452,3.2599,2.3164,0.7288,1.9096,0.8475,2.7006,4.2542,1.1243,0.7175,5.7853,3.2147,0.5932,3.096,3.6102,4.1243,3.5424,10.0339,3.2486,1.7006,5.1921,4.1751,4.5085,3.4746,2.2938,3.7684,4.7514,5.9266,2.2768,2.3446,10.0226,6.1751,3.3333,0.6723,1.8757,2.6384,3.5028,2.8757,1.7684,1.8305,2.7119,2.0734,1.3051,0.1921,1.5198,1.2373,1.3898,3.0565,1.1186,1.1412,3.8023,1.3842,0.435,-0.452,1.2994,2.5876,3.096,1.5198,1.2316,1.4746,2.0847,1.6723,1.2203,-0.0621,1.5198,0.3672,1.2316,1.678,0.2938,-0.1582,3.0226,1.2768,-0.0169,0.9153,3.791,3.6497,3.3107,6.9266,2.2316,1.6836,4.4633,3.8136,3.1243,2.4407,2.096,2.0565,4.1808,4.0621,1.339,0.9887,7.1582,3.548,1.8927,0.8644,2.3955,3.0395,2.7288,4.9548,1.1638,0.3446,4.0452,4.4407,3.5085,2.2655,0.8701,2.7006,4.1412,3.2034,1.435,1.791,6.5763,4.9774,1.9944,2.7345,1.435,1.8079,1.1186,4.7853,1.5593,0.6893,2.4689,2.3503,2.4124,2.3051,1.1356,2.2373,2.9492,3.661,1.7006,1.3503,4.6836,2.9435,2.0621,1.9548,1.2768,1.1695,1.0169,3.1073,1.5254,0.6215,2.2486,1.9774,1.3672,1.5311,0.9718,1.7514,1.7514,1.9831,1.4746,1.1356,3.3785,2.2203,0.8644,-0.209,1.0734,2.1073,2.3898,1.6328,0.4972,0.9492,2.209,1.8023,0.9379,0.0565,0.774,0.9492,2.3277,1.7514,0.4746,0.8757,3.7627,1.6158,0.0678,1.8136,1.0452,0.9153,0.7175,3.4689,1.435,0.9718,2.0452,2.0847,1.8079,1.5537,1.1186,2.3785,1.4802,2.8757,0.6893,0.7966,3.8305,2.4689,1.0904,2.2486,2.8249,2.5254,1.5819,5.4859,2.3164,0.7627,2.9831,3.7966,3.0339,3.5989,1.1073,3.3277,3.9435,3.0678,1.8644,1.6158,7.3729,5.2712,2.0395,2.3842,3.1864,4.2316,5.2938,5.5141,3.2486,2.6158,5.6158,3.2655,2.6441,1.0678,2.1921,1.2881,2.2825,5.9887,1.9153,1.8305,7.4689,2.6554,1.3164,0.6045,1.2034,2.0678,1.7853,2.2938,0.8023,0.2881,2.0395,1.0113,1.6836,0.8531,0.5819,1.096,1.4011,1.8418,0.7062,0.4124,3.0678,1.0508,0.9887,0.3559,0.9605,1.2881,0.8757,2.6441,0.2881,-0.3051,1.5311,0.5989,1.6215,1.4576,0.209,1.2655,1.5763,2.113,0.3672,-0.3164,3.0678,1.1864,1.1977,3.113,5.209,6.1864,5.8362,10.3842,3.8927,2.5085,7.0847,7.2316,4.6836,3.8418,3.0847,3.4859,6.3107,7.1299,3.1299,2.3446,12.887,8.226,2.678,2.1921,2.5198,3.0226,3.0169,6.1299,2.2034,0.9944,4.5537,4.1921,3.1695,3.0678,1.3051,2.6949,3.3446,3.3107,2.2542,1.8814,7.3898,5.4124,1.6328,2.1977,0.6893,0.9774,0.3955,3.1412,1.0621,0.0904,1.6723,1.2429,1.4463,1.6158,0.774,1.7345,1.3672,2.113,1.1921,0.9153,2.6158,1.3955,1.6045
1-212.txt_291,1.1878,0.884,0.884,1.1878,2.9724,0.9834,0.5912,2.0221,1.4807,1.6077,1.453,0.9061,1.674,1.5856,2.0939,0.5028,0.6575,2.2818,1.1713,1.4862,0.5691,1.9613,3.3757,3.663,4.8177,1.7514,2.442,3.326,1.8177,1.2597,0.3702,1.442,1.2486,1.2376,2.9503,0.9061,0.5138,3.5635,1.1436,0.7514,0.9613,2.5801,3.8453,4.1215,4.3978,2.0442,2.0663,4.2652,2.7348,2.2541,1.0608,2.326,1.9006,3.1215,3.7956,1.3536,0.5912,4.4088,2.8508,0.9724,1.011,2.2376,4.5138,4.7901,4.6022,1.8729,2.5304,4.4917,3.1657,1.5967,0.6575,1.989,1.4641,3.453,4.3702,1.2431,0.4972,4.337,2.895,0.6575,3.3315,4.5193,3.8729,3.5801,9.8011,3.4144,2.4475,6.3923,4.4475,6.1215,4.3923,2.5746,5.0331,6.0552,7.4309,1.9448,1.3757,9.8177,6.1381,3.9392,0.326,1.3536,2.7072,3.0387,3.0552,1.4586,1.884,3.0497,1.5691,0.9448,0.3812,1.221,1.0663,1.4917,2.8453,0.3757,0.337,2.7569,1.0663,0.5138,0.3757,1.0939,3.3923,2.7569,3.1547,1.1713,1.3812,2.547,2,0.8785,0.4641,1.4586,1.1436,2.1657,2.558,0.5359,0.1492,3.1934,1.4972,0.3923,1.3149,3.5525,3.6188,3.9448,6.105,2.1657,2.4254,5.4475,3.3204,2.4088,2.3425,2.8895,2.3315,3.9834,5.0387,1.4475,1.4309,5.8177,2.6575,2.0994,0.8564,2.4199,3.1878,2.7514,5.2597,1.0331,1.3094,3.5967,3.3315,2.5028,1.6022,1.5304,1.9503,2.8398,2.9779,1.2928,1.4309,4.1381,3.2597,1.768,2.0994,1.558,1.0608,1.0331,4.663,1.1989,0.3591,2.5912,1.779,3.7403,3.0718,0.8453,3.7072,3.2762,4.1657,1.2265,0.7569,4.2597,3.0442,2.9282,1.7348,0.7569,0.4199,0.1713,3.5746,0.9834,0.5028,2.2431,0.9337,2.1602,1.4033,0.5193,2.3923,1.6354,3.011,1.0552,0.7238,3.2818,1.8011,1.5138,0.1326,1.3204,2.3425,2.7569,2.6243,0.8177,1.1878,2.7403,1.116,0.6188,0.2707,1.1547,0.7514,1.5691,1.7403,0.547,0.3591,2.9724,1.2707,0.3039,2.0055,1.9834,1.6519,1.1657,4.3315,1.453,1.4144,3.2099,1.8066,2.6409,1.5746,1.4254,3.0663,2.768,3.5138,1.3591,1.2541,3.8453,2.1492,2.0442,1.7569,2.4309,1.8122,1.1823,6.1215,1.5967,0.2928,2.4475,3.7072,4.0276,3.0884,1.1768,3.7182,3.547,4.116,1.7624,1.6409,5.9227,5.2099,2.6409,2.7569,3.547,4.5691,5.6906,7.0608,3.4751,3.7017,6.3757,3.895,2.3812,1.9116,2.4254,2.7459,3.1934,6.4254,2.3149,1.5635,6.7956,2.8895,1.6685,0.2983,1.6796,2.1547,2.4475,2.0829,1.5414,1.1823,1.7182,1.7238,0.884,0.4475,1.5138,1.011,0.9503,2.1823,0.4475,0.0773,1.5746,0.9282,0.3867,-0.0331,1.0994,1.5028,1.2044,2.2376,0.5856,0.2928,0.6022,0.5083,1.2265,0.9337,0.4641,1.3591,1.1436,1.5249,0.0608,0.0055,1.9724,1.0608,0.6906,2.6409,3.3867,4.7127,4.0829,10.3094,2.221,2.3757,5.8619,4.9227,5.4475,4.0552,2.3591,4.3536,5.9503,6.9337,2.3812,1.4144,9.4309,6.8785,3.7127,2.1381,1.7293,2.4088,2.1326,6.0055,0.8729,0.8729,3.9061,4.2044,3.8066,2.5525,0.6077,3.2099,3.4475,3.884,1.9171,1.6464,5.6133,5.0718,2.9227,1.6298,0.8122,0.5414,0.2652,3.547,0.5635,-0.2818,1.8508,1.0387,2.2652,1.9061,0.337,2.2486,2.453,2.116,0.9724,0.2099,2.8674,2.1878,2.0829
1-212.txt_293,0.9282,1.1105,0.8287,1.2486,3.2265,1.1934,0.6796,2.0718,1.7293,1.7901,1.7072,1.105,2.0939,1.6685,2.3757,0.6961,0.3646,2.8066,1.2983,1.4917,0.7514,1.7127,2.8232,3.3149,4.5635,1.1326,1.5635,3.1602,1.2762,1.5083,0.7956,1.3039,1.2155,1.9061,3.1271,0.9116,0.7845,3.4254,1.6961,1.0884,1,2.0055,3.4309,3.9006,3.547,1.7017,1.7017,3.9779,2.4033,1.8343,1.011,1.5691,1.4088,2.8287,3.4807,1.1271,0.6022,3.9503,2.7403,0.9724,0.8674,2.011,4.0497,4.7348,4.2376,1.7238,2.2762,4.326,2.9503,1.5635,0.7459,1.8895,1.3094,3.2541,4.6685,1.442,0.3094,5.0663,2.8674,0.4807,3.558,3.9834,2.9227,3.6243,9.9834,3.4088,2.2099,6.3978,4.116,5.9945,4.6906,2.5635,4.4696,6.1713,7.2265,2.2873,1.4917,9.8177,5.884,4.0829,0.5746,1.547,2.1989,2.9227,2.7956,1.1547,1.5304,2.8619,1.3094,1.0773,0.558,1.5028,1.2873,1.442,2.8177,0.5028,0.3757,2.7624,0.9945,0.5801,0.2818,1.232,2.9613,2.8785,2.8066,0.5746,1.0166,2.4033,1.5249,0.9448,0.453,1.5635,0.989,2.2928,2.5856,0.4751,-0.0939,3.3757,1.4199,0.3646,1.442,3.6133,3.1823,4.442,5.7624,2.4365,2.9227,5.4696,3.7735,2.6409,2.0994,3.1215,2.7127,3.6409,5.2652,1.7238,1.1878,6.1547,2.8177,2.0663,0.9061,2.3315,2.6685,2.2818,4.6796,1.1823,0.9171,3.9779,2.9448,2.326,1.6243,1.3757,1.7238,2.895,3.326,1.1878,1.4917,4.547,3.1602,1.7238,2.0663,1.4751,0.8785,0.8729,4.8564,1.8895,0.8398,2.8177,1.989,3.3204,3.2155,0.7348,3.0994,3.1934,3.989,1.442,0.768,4.8619,2.9227,2.9282,1.8508,1.0718,0.8453,0.5967,3.9613,1.9227,1.2541,2.6298,1.7182,1.8619,1.4696,1.0939,1.768,1.7901,3.0387,1.547,1.0552,3.1492,1.9116,1.4309,0.6851,1.2044,2.0939,2.7569,2.4144,0.6022,0.9227,3.0276,0.8287,0.6133,0.2376,1.232,0.5967,1.2155,2.2597,0.7403,0.4641,2.6354,0.9724,0.5138,2.1547,1.8287,1.2707,0.9945,4.674,1.5912,1.221,3.2928,1.663,2.1326,1.4144,1.1823,2.1215,2.1547,3.232,1.2099,1.2597,3.5801,1.6298,1.6519,2.1989,2.0331,1.7017,1.0552,6.2486,1.3094,0.1823,3.0994,2.8398,4.2486,3.4696,1.0552,3.0939,3.9227,3.9779,2.0442,1.8177,6.4807,4.7514,2.9503,2.3646,3.6077,4.7459,6.0221,7.2044,4.0442,4.1105,6.4475,4.2818,2.3812,1.9116,3.0773,2.4751,3.2376,6.9006,2.8343,1.663,7.6906,3.3867,1.1271,0.326,1.6133,2.1547,2.2265,2.6575,1.2155,0.779,2.1215,1.5304,1.232,0.8066,1.3204,1.1326,1.1215,2.4751,0.6906,0.0387,2.1989,1.2597,0.8287,0.1271,0.8508,1.1381,1.0331,2.558,0.5359,-0.0552,0.8619,0.8398,1.3094,1.2044,0.1934,1.6022,1.1768,1.8729,0.0608,-0.1602,1.9282,1.2376,1.0497,3.0829,3.8011,4.6022,4.6022,9.5028,2.674,2.674,6.5525,5.0331,5.6243,3.779,2.6851,2.9945,6.2155,6.8398,2.9558,1.8895,9.6133,7.4641,3.7735,2.5249,1.8564,2.337,2.1934,5.884,1.1105,1.1547,4.8453,3.3591,3.7127,2.5359,0.6298,2.5304,3.3094,4.2099,2.0166,1.7569,5.8785,4.2983,2.9061,1.9724,0.5691,0.2431,0.2044,3.8287,0.6575,-0.105,2,1.3646,2.221,2.547,0.1381,2.2983,2.2818,2.2707,1.1713,0.3204,3.0663,2.4144,2.0994
1-212.txt_295,1.4358,1.095,1.0726,1.4469,3.5307,1.2849,0.8212,2.5084,1.4413,1.7263,1.3464,1.1229,1.4637,1.5866,3.1564,1.3128,1.2626,3.0391,1.2737,1.3743,0.8715,1.7877,3.0112,3.4078,4.5642,1.2179,1.3966,3.8268,1.8771,1.743,0.5531,1.2793,1.6536,1.9665,2.5978,0.648,0.3408,4.6034,1.933,0.6201,1.1341,2.1453,3.0726,3.743,4.0223,1.5419,1.743,4.3017,2.3743,1.7374,0.4302,1.7598,2.067,2.7821,3.3799,1.0223,0.1899,4.5475,3.4078,0.8659,1.095,2.2682,4.0391,4.5028,3.8101,1.4581,1.9944,4.6536,2.3687,1.3855,0.4525,1.8324,1.6536,2.8547,4.3184,1.1285,0.2346,4.7542,3.0782,0.4078,3.6704,3.9441,2.7598,3.0391,10.7151,3.0503,2.324,6.5531,3.9385,6.0726,4.8827,1.8156,4.9385,5.3017,7.3575,2.7654,2.7263,10.5251,6,4.7318,0.9832,1.7486,2.4022,2.8827,2.486,1.3017,1.0335,3.3128,1.5642,1.0894,0.3017,1.1173,1.0223,1.324,2.1453,0.1397,-0.2011,3.1508,1.6145,0.2235,0.7039,1.324,3.1285,3.4525,2.1006,0.9721,1.0447,2.7207,1.8324,0.324,-0.1117,1.7821,0.5866,1.3631,2.257,0.2626,-0.4358,2.6648,1.2682,-0.7821,1.7821,4.2626,3.9106,4.6983,7.2346,2.2514,2.9497,6.4972,3.1508,2.7151,1.4749,3.0223,2.5084,3.6425,6.4302,2.0056,1.3296,7.0503,3.8101,1.6201,1.2682,3.1508,3.1173,2.7207,5.0447,1.4525,0.8436,4.5587,3.162,2.3408,1.2291,1.4637,2.2291,2.3799,3.2346,1.1732,1.4358,6.0391,3.6425,1.2011,2.3296,1.0223,1.2067,0.5419,4.7095,1.352,0.5363,2.6872,1.9274,2.9162,3.3631,0.6145,2.9665,3.352,4,1.5028,0.7374,4.7765,2.7151,2.5307,1.5251,1.0615,0.7207,0.5251,3.2458,1.5531,1.2067,1.9497,1.6592,1.743,2.2905,0.648,1.7374,2.0391,2.6816,1.6536,1.3184,2.8156,1.3575,1.4302,0.4246,1.1061,2.1006,3.3966,2.1788,0.5642,0.9832,3.1788,0.7598,0.7095,-0.3911,0.7821,0.5866,1.3017,1.6313,0.1508,-0.257,2.7318,1.1285,-0.3017,1.905,1.5251,1.1788,0.6201,4.0391,1.2905,1.419,2.6425,2.1676,2.0615,2.1564,1.2626,2.4413,2.6648,3.8045,1.4916,1.2067,3.9385,2.1899,2.0391,1.5978,2.3296,2.1173,0.9553,5.9385,1.4693,0.6872,2.648,3.1732,3.2067,3.3296,0.6536,3.0894,3.3128,4.1844,2.3743,2.4358,7.1732,4.0559,2.676,2.4972,4.4581,4.8156,6.3296,6.5307,3.3966,3.9944,7.1676,4.3966,1.9944,1.1285,3.067,2.3128,2.4804,6.6145,2.7709,2.4246,7.8045,3.1844,0.9162,1.1006,1.5642,1.7486,1.9385,2.6313,0.8715,0.5307,2.2849,1.2793,1.2458,0.9274,1.1508,1.3017,1.0559,2.7877,0.5978,0.2011,2.5642,1.0335,0.7374,0.743,0.4637,1.0056,1.1117,2.8883,0.6704,-0.0168,1.2179,0.8939,1.0838,0.8212,0.2346,1.0838,1.0168,2.3743,0.1117,-0.3408,2.3352,1.1341,0.7542,3.257,4.0894,4.8659,4.3966,10.0726,3.1508,2.2346,7.8212,5.1955,5.352,3.9553,2.324,4.6536,5.9497,7.6592,2.8101,2.1844,11.7709,6.8436,4.0223,2.1732,2.1508,2.9665,2.2626,6.3464,1.648,0.7989,4.8212,3.8101,3.1899,2.4525,0.6872,2.9497,2.5419,3.5642,2.1061,1.9274,7.2346,3.9274,2.2402,1.7486,0.5642,0.4916,-0.2682,3.6983,0.8603,0.067,1.3855,1.2514,2.2737,2.5922,0.1117,2.2402,2.162,3.1508,1.2626,0.6704,3.5363,2.2626,2.3017
1-212.txt_297,1.1031,1.0135,0.8161,0.8789,2.7265,1.1794,0.8744,1.6054,1.0942,1.1211,1.4709,1.0538,1.3767,0.5471,1.7758,0.852,0.704,1.9283,0.4753,1.4484,1.1704,1.1031,2.0359,1.87,3.0852,0.7578,1.5067,2.4664,2.4574,0.7803,-0.009,1,0.6143,1.1211,2.1166,0.9058,0.5022,3.1121,1.3946,0.5561,0.861,1.4529,2.1166,1.8924,2.5964,0.9238,1.0717,2.9417,2.5381,1.6099,0.3004,1.0762,1.3184,2.4529,2.5336,0.7937,0.1883,3.1525,2.2556,1.0762,0.8655,2.2287,2.9641,2.7354,2.1883,1.6996,1.87,2.5605,3.0987,0.7444,-0.1839,2.0359,0.9821,1.3139,3.4439,1.0897,0.6368,2.6906,1.9283,0.4081,2.3049,2.7713,2.2915,2.287,6.9507,2.0897,1.8386,3.9372,3.5785,3.6323,3.5067,1.8834,2.8027,4.3049,4.7085,1.7982,1.6457,7.1076,4.722,3.1659,1.1121,1.3408,2.2646,1.852,2.0852,0.8879,0.8744,2.0942,2.0987,0.5919,-0.3363,1.1659,0.6861,0.6682,2.1749,0.7354,0.3812,1.5471,1.5202,0.4843,0.6771,1.5291,2.4978,2.1928,1.843,0.8117,1.3722,1.843,2.704,0.4305,-0.0807,1.6996,0.6951,0.4978,2.2152,0.296,-0.2601,2.0942,1.3901,0.1031,1.3946,2.9955,1.9731,1.8969,4.3184,2.0538,1.843,3.6457,3.2691,2.1211,1.8072,2.1928,2.4395,2.1256,3.6413,1.0179,0.7668,4.3587,2.2152,2.0224,1.2915,2.4215,2.8969,2.296,4.4081,1.2646,1.3587,3.5336,3.2556,1.5202,1.0448,1.6502,1.5964,2.1704,2.7937,1.4574,0.852,4.6143,2.6009,0.9955,1.3632,0.8251,1.0583,0.991,3.0224,0.6906,0.8475,1.8341,1.2825,1.7578,1.8565,0.574,1.6054,1.8296,1.8475,1.2691,0.8789,2.8924,1.4709,1.5874,1.5157,0.6143,0.9641,0.7848,3.0987,0.5112,0.5067,2.3274,0.722,1.1121,1.3408,0.3677,1.3408,1.4036,1.1121,1.5561,0.852,2.4664,1.2556,1.1614,0.991,0.7085,1.6099,1.4753,1.9507,0.6099,1.009,2.139,1.6143,0.6996,-0.3901,0.7085,0.5964,1,1.6323,0.5605,0.2691,1.9686,1.0807,0.2377,1.3722,0.852,0.5022,0.4036,2.8655,0.7444,0.5785,1.6547,1.0987,1.3543,1.2242,0.6592,1.6009,1.6592,1.5874,0.7354,1.0673,2.991,1.3363,1.8027,1.2915,1.4036,1.3722,1.2018,4.4978,0.9686,0.6861,2.1031,2.0807,2.0673,2.565,0.3901,1.861,2.1928,2.4798,1.7265,1.6502,3.7982,2.6323,2.1121,2.1256,2.3363,3.5785,4.2601,3.9865,2.7803,2.6996,4.574,2.6682,0.4978,0.1659,1.9865,0.6054,0.565,5.3722,2.1659,1.6099,3.8879,1.4395,0.852,0.9013,1.2063,1.2556,1.4305,1.9148,1.1121,0.8072,1.7534,1.8789,0.704,0.9013,1.0448,0.7713,0.9731,2.13,0.5471,0.2825,1.8744,0.8789,0.7892,0.287,0.5471,0.8027,1.0807,1.7489,0.4888,0.4843,0.7309,1.3004,0.5695,1.0538,0.3632,0.9327,1.3184,1.6547,0.2377,-0.0493,2.1973,0.8296,0.7354,2.4395,2.3991,2.8924,2.4664,6.6502,1.5561,1.7848,4.1166,3.713,3.1121,3.3408,1.157,2.6143,3.9283,4.9148,1.7848,1.1928,6.0628,4.6547,3.0224,1.7444,1.0897,2.0897,2.0314,4.5516,0.8072,1.1166,3.2287,2.0179,1.8565,2.139,0.3318,1.9417,2.0314,2.6233,1.9552,1.1928,4.0493,2.435,1.7444,1.0942,0.9641,0.8789,0.7309,2.8744,0.7937,0.4215,1.3408,0.87,1.3498,1.4978,0.4395,1.3498,1.7758,1.4933,1.1345,0.6951,2.7534,1.2691,1.5426
1-212.txt_299,1.2155,1.2888,0.7284,1.3319,2.9052,1.1681,0.7328,2.0043,1.3017,1.5991,1.2586,1.0647,1.5431,0.9698,2.1207,0.806,0.5862,2.2414,0.6767,1.2845,1.0474,1.3621,2.0345,2.0431,2.8966,1.1767,1.5991,2.8362,2.1207,0.6767,0.2759,0.9741,0.819,1.2586,2.2716,0.6681,0.4914,3.7888,1.8103,0.4526,0.4569,1.6638,2.0216,1.8233,2.8017,1.3103,1.0129,2.5991,1.7284,1.5776,0.8836,0.8621,1.4397,1.7716,2.3147,0.5259,0.125,2.6681,1.9914,0.7284,0.9698,1.9871,2.7586,3.2629,2.9784,1.8103,2.0388,2.8922,2.3664,0.806,0.2414,1.569,1.0345,1.2888,3.7974,1.2112,0.5991,2.6336,1.9526,0.4741,2.9569,3.3362,2.4957,2.9569,8.0086,2.9138,2,4.8233,4.1681,4.2198,3.9052,1.9741,3.5043,3.8534,5.1853,2.6078,1.5172,7.6897,3.9741,3.0647,0.7629,1,1.5862,1.625,2.1767,1.0086,0.9526,1.9914,1.5259,1.1034,0.2328,0.625,0.8276,0.8707,1.8017,0.2974,0.1509,2.3534,1.75,0.6422,0.5302,1.3793,2.1681,2.6509,1.7371,1.3017,1.6595,1.8405,1.7457,0.2414,0.1336,1.3966,0.4224,0.4397,2.194,0.2586,-0.1681,2.0129,1.0172,0.1207,1.6164,3.3405,2.4483,2.875,4.9052,2.125,1.8879,3.7371,3.3103,2.4828,1.7931,2.25,2.5216,2.2112,4.1034,1.5129,0.9828,4.6853,2.1983,2.0172,1.4828,2.5129,2.1422,1.6336,4.9784,1.2974,1.6336,3.3103,3.1552,2.2026,1.8707,0.9569,1.8534,2.25,3.0388,1.7586,1.4052,4.5862,2.8147,1.6681,2.0474,0.4741,0.7802,0.6681,4.056,0.7759,0.4224,2.5819,2.1207,2,2.1336,0.6897,1.7931,2.3147,2.5345,1.5905,0.6983,3.5517,2.0259,1.8621,1.7284,0.5431,0.5,0.8405,3.1336,0.7112,0.5948,2.3879,1.7672,1.7026,1.8147,0.4526,1.4612,1.7759,1.8793,1.3707,0.6121,2.9828,1.306,1.4353,0.5086,0.8922,1.0776,1.444,1.4095,0.5474,1.0216,1.9741,0.9871,0.681,0.0647,0.6379,0.4655,1.3017,1.4095,-0.1897,0.0043,2.1379,1.4353,-0.0129,1.4267,0.5431,0.375,0.4267,3.7845,0.625,0.681,2.0733,1.4612,2.0474,1.7069,0.5905,2.0603,1.8448,2.3405,0.8147,0.6078,3.3621,1.7026,1.7414,1.6336,1.4828,0.806,0.8707,4.4095,0.7069,0.5431,2.3405,2.5086,2.8362,3.1724,0.7629,2.3233,3.4181,2.9784,1.9181,1.2759,4.5862,2.681,2.2112,2.0388,2.8103,3.3707,4.7672,4.5474,2.875,3.1681,4.7974,3.1552,0.9871,0.3793,1.8879,1.1552,1.1983,5.5259,2.0345,1.3793,4.7069,2.2241,0.9353,1.0776,1.2716,1.2328,1.556,2.3319,1.4353,0.9224,1.8448,1.431,1.0388,0.944,0.9957,1.2198,0.8793,2.3578,0.625,0.3836,1.6983,1.1509,0.7802,0.2457,0.4353,0.2888,0.6983,1.7672,0.6379,0.0129,0.4138,0.694,1.2328,1.5172,0.3017,1.2414,0.8793,1.2931,0.0474,-0.0948,1.5905,0.8922,0.7888,2.8103,3.0819,2.6595,2.4784,7.7543,2.2371,1.806,4.8103,4.4267,3.9397,3.7845,1.5647,3.4397,4.5819,4.6638,2.3491,1.3922,7.4655,4.9871,2.9224,1.8491,1.7284,1.6983,1.2716,4.8017,1.1078,0.8922,3.2026,2.2759,2.3233,2.4267,0.5819,2.0905,2.7069,2.7026,2.1767,1.2586,4.7888,2.6164,1.875,1.3707,0.4569,0.5216,0.556,3.2457,0.5862,0.194,1.2586,1.3448,1.5086,1.5733,0.7414,1.6207,1.6595,2.0216,1.1293,0.319,2.8017,1.6293,1.5388
1-212.txt_301,0.9479,1.7188,1.1042,1.599,2.9896,1.7656,0.9583,2.1094,1.1719,1.6458,1.7292,1.4688,1.875,1.026,2.2656,0.6042,0.8646,2.8333,0.7031,1.3125,0.9792,1.6771,3.2396,3.1927,3.8281,1.25,0.9896,3.4375,2.2917,1.9167,1.1979,1.3229,1.3594,1.7031,3.9583,1.1458,1.5417,3.7135,1.625,1.0573,0.8125,2.8021,3.8646,3.9323,4.2031,1.9323,1.625,5.349,2.6146,2.2083,1.9219,1.9479,2.0781,2.4635,4.7708,0.9323,1.0312,5.5677,2.7083,1.125,1.0104,2.9531,4.5104,4.9115,3.8802,2.1927,2.4531,5.75,2.8385,1.8229,1.099,2.5,1.1094,2.2917,5.6719,1.3281,1.0469,5.151,2.4531,0.7031,3.6146,3.6094,4.1927,4.2031,9.2083,3.5521,2.7083,6.1979,4.2656,5.2656,4.0312,2.5208,4.1354,4.4844,6.4219,2.7656,2.3177,10.3281,5.3333,3.7135,0.7917,1.375,2.7865,3.6875,2.7448,0.901,1.25,3.2292,1.8802,1.0417,0.4583,1.0781,0.6042,1.0052,3.5104,0.5469,0.3021,2.8073,0.7552,-0.0104,0.1927,1.1146,2.4062,2.9583,1.6875,0.6615,0.8802,2.5052,1.1146,0.875,0.2917,1.4896,-0.0885,0.7396,3.3906,0.1458,-0.0573,1.7812,-0.0156,0.0469,1.2396,4.5208,4.5469,4.5104,6.1406,3.0781,2.401,5.8438,4.1198,3.2812,2.7188,3.2812,3.0573,3.3385,5.2292,1.6562,1.8594,6.5521,2.8125,1.9844,1.4271,1.8854,3.125,2.4479,4.6771,0.849,-0.2083,4.3906,4.0052,2.6927,2.2552,0.6823,2.1979,3.3542,3.2656,1.2396,1.6823,5.7083,4.0156,1.8021,2.8073,1.3854,1.5,1.2812,5.5052,1.5365,0.599,2.974,1.8438,2.625,2.4531,1.0417,2.2656,3.2865,3.6094,1.6979,1.026,4.9635,3.0156,2.0521,2.1458,1.0417,1.5,1.526,3.9583,1.5104,1.1094,2.2969,1.974,1.8802,1.5677,0.7188,1.7448,2.7604,2.5938,1.4375,1.2396,3.6562,2.6979,1.5781,0.2552,1.0781,2.375,2.474,2.0938,0.6146,0.3594,2.9115,1.6354,1.224,0.5885,0.8177,0.9167,1.5156,2.5625,0.2604,0.6927,2.6771,0.9479,0.3802,2.3073,1.3177,1.1406,1.1458,4.1771,1.4635,1.1979,2.5208,1.8125,1.7083,1.5781,0.9635,2.3646,2.0104,3.2448,0.9271,0.9583,3.7969,2.5104,1.5469,2.6927,2.1771,2.1615,1.0417,6.2083,1.7865,0,2.9167,2.9062,3.2917,3.401,1.2292,2.9375,4.0677,3.0156,1.8177,2.099,6.2135,4.6198,2.4062,2.651,4.375,4.9062,6.1406,5.7292,3.4688,3.4583,7.526,3.2969,2.7188,1.7135,3.4323,2.1198,1.7812,5.5573,3.0104,2.0052,7.3073,2.0938,1.3646,0.2604,1.6094,1.974,2.1406,2.3125,0.9688,0.5156,2.3021,1.1823,0.7812,1,0.9688,1.2396,0.7031,3.0729,0.4792,0.276,2.3542,0.5104,0.3698,0.3958,1,1.6094,1.3542,2.9167,0.4167,-0.1615,1.9792,0.9948,1.3854,1.6979,0.3958,1.5156,1.2604,2.2083,0.099,0.1615,3.1094,1.1302,0.6458,3.7448,4.2969,6.1615,5.7552,9.6875,3.4375,2.4219,7.7083,5.9323,4.6615,3.4479,3.3281,3.375,5.5052,7.2448,3.4948,2.526,10.7656,6.5729,2.9427,2.3385,2.4583,2.7083,2.276,5.8021,1.5469,0.5885,4.5365,3.401,3.2812,2.8229,1.1458,2.6615,3.0417,3.0417,1.6198,1.7135,6.5469,4.1979,2.0365,2.0781,0.8594,0.7865,0.474,3.8698,0.8281,-0.1302,1.474,0.7396,1.7552,2.2708,0.224,2.0938,2.2865,2.1406,1.0833,0.6198,3.2552,1.8698,1.5208
1-212.txt_303,0.3209,0.508,0.0535,0.5294,0.6631,0.5027,0.5829,0.3797,0.6096,0.4813,0.3529,0.3743,0.246,0.5187,0.6952,0.0428,0.0749,0.9251,0.6578,0.4545,0.3636,1.3316,0.9786,1.3583,1.8075,0.8182,0.8824,1.5829,1.5989,1.3262,1.3209,0.9465,0.9893,1.4011,1.6845,-0.0267,0.1765,2.1925,1.1497,0.9893,0.2781,0.0588,0.2727,0.8128,1.2674,-0.1283,0.0267,1.3743,0.5561,1.123,0.7914,-0.123,0.3904,1.1283,0.9251,0.0321,0.1604,1.262,0.6203,0.8128,0.5294,0.8984,0.7219,1.2193,2.1711,0.4706,0.508,2.1658,1.3369,1.4813,1.4973,0.5241,0.8021,1.6845,1.5668,0.0053,0.0856,2.5989,1.2888,1.0481,0.8182,1.754,0.8342,1.9251,2.8289,1.2032,1.3102,1.6845,2.2353,2.2513,2.2086,1.1283,1.3155,2.7166,2.5241,0.0856,0.5455,3.7273,2.4064,1.6578,0.1872,0.8396,0.5134,0.7968,1.3529,0.2995,0.3155,1.2834,1.0321,0.8235,0.8182,0.4332,0.5561,1.2513,1.0909,-0.1551,-0.1123,1.7273,0.8503,0.492,0.2727,0.6845,0.4706,0.7112,1.5936,0.2353,0.2513,1.6257,0.9786,0.8663,0.8877,0.3316,0.5561,1.2299,0.8984,-0.1979,-0.1872,2.0267,0.8717,0.5722,0.8984,1.0053,0.8128,1.7059,1.7005,1.0909,1.246,1.6524,1.4439,1.0749,0.7968,0.9572,0.4332,0.9786,2.0695,0.7005,0.7647,1.8182,1.2353,1.0321,0.4278,1.4118,1.0909,1.6417,2.2727,0.893,0.9786,1.492,1.7487,1.9679,1.861,0.9358,1.1551,1.8556,2.0588,0.1444,0.4706,2.5936,1.4866,1.385,-0.016,1.5348,0.369,1.2513,2.0695,0.9733,0.9572,0.0963,1.8075,1.9679,2.2086,0.9305,1.3797,2.4973,1.8556,-0.5561,0.385,3.4706,2.3476,1.3316,0.1658,1.5241,0.6043,1.4813,2.2246,0.9947,1.0428,0.385,1.8021,1.9251,2.016,0.9733,1.2834,2.2086,1.9947,-0.3209,0.4866,3.0481,2.016,1.3583,0.4064,0.7754,0.5561,0.7754,1.4439,0.3369,0.3102,1.5829,1.0321,0.8663,0.8717,0.4118,0.6845,0.9947,0.9893,-0.0321,0.0321,1.6417,0.6738,0.6417,-0.0321,1.1176,0.4439,1.0428,1.2086,0.6578,0.7005,0.2781,1.1658,0.9412,1.0428,0.7326,0.6898,1.2727,1.385,-0.2513,0.1551,1.8235,1.1337,0.5775,0.2674,1.9893,1.4652,2.0749,2.0963,1.6738,1.8021,0.5294,2.1123,1.8449,2.0267,1.6257,1.2781,1.6203,2.5722,0.4332,0.9465,2.5936,1.6578,1.2834,1.246,1.5775,0.8128,1.7059,2.8663,1.2193,1.123,2.3369,1.9305,1.9519,1.877,1.0053,1.2193,2.0321,2.3155,0.4011,0.4599,3.2941,1.7807,1.5561,0.3048,-0.2727,0.0909,0.2781,0.4011,-0.1765,-0.016,0.6898,-0.0588,0.1497,-0.139,-0.2246,-0.1658,-0.0214,0.0588,0.369,0.0588,-0.107,-0.1818,0.123,0.1337,0.1123,-0.1658,0.1497,0.7594,-0.139,-0.0695,0.3957,0.2193,0.8235,0.6738,-0.1872,0.3583,0.8984,0.1444,-0.1818,0.107,1.2032,0.5401,0.5668,0.7166,2.8342,2.1711,2.8984,3.3583,2.0749,2.1872,1.7594,3.1016,2.7326,2.7754,2.2246,1.7487,2.5722,3.5241,0.6471,1.1444,4.0053,2.4599,1.9305,0.2139,1.877,1.385,1.6898,1.9519,1.3209,1.3422,0.5989,1.9198,1.7647,1.9358,1.3583,1.2353,1.6524,2.1123,0.3155,0.8182,2.4385,1.5134,1.1497,-0.0695,1.2032,-0.016,0.7166,1.4706,0.6684,0.5882,-0.0321,1.3422,1.4064,1.6417,0.6096,1.0588,2.0856,1.2353,-0.6631,0.1711,2.9947,1.9572,0.9305
1-212.txt_305,0.2809,0.5694,0.1713,-0.0725,0.9707,0.3349,0.2438,0.642,0.4614,0.5926,0.7778,0.4213,0.642,0.5602,0.713,0.0926,0.2809,0.7284,0.4151,0.3272,0.4444,1.5864,0.841,0.5926,2.8364,1.0262,0.838,1.5633,1.9182,1.9799,2.1065,1.054,1.7269,2.7191,1.4429,0.0895,0.1821,3.4398,2.2716,1.3935,0.1389,0.9444,0.5756,0.929,1.4059,0.5201,0.6404,1.2191,1.1543,0.8241,0.7052,0.7299,0.6883,1.2377,1.0309,0.1111,-0.2083,1.5833,1.1651,0.4985,0.0185,1.1219,0.9985,2.5833,1.0077,0.9213,1.3997,1.3272,1.2083,0.2809,0.0509,1.1682,0.2191,0.5509,1.2006,0.2809,-0.0216,0.9522,0.5988,0.0293,0.9938,2.7022,1.5108,1.1049,4.9367,1.6698,1.4336,2.4954,2.9552,3.8657,3.7454,1.8164,2.966,4.0108,2.6343,0.4568,1.0463,4.9769,3.1574,2.7222,0.4352,1.1373,0.4815,0.4861,1.6698,0.7901,0.8086,0.9969,1.2531,1.2531,1.2515,0.821,1.1914,1.6929,1.1744,0.1312,0.1235,2.0278,1.4275,0.8302,0.2932,1.2145,0.7654,1.233,1.4877,0.8318,1.0293,1.1157,1.2114,1.0062,0.9985,1.0648,0.8704,1.3843,1.341,0.0648,0.0864,1.6281,1.1574,0.591,0.2917,1.3333,0.7731,1.0062,2.5926,0.7438,0.7145,1.412,1.7948,1.8966,1.8457,1.0556,1.5571,2.3673,1.233,0.1821,0.591,2.7809,1.875,1.1759,0.6543,1.8148,1.1142,1.1528,3.1296,1.1867,1.2299,2.0756,2.3657,2.0864,2.179,1.2824,1.7778,2.8009,1.8519,0.5741,0.4336,3.8549,2.3765,1.3364,0.9784,2.1713,0.8657,0.3503,3.7438,1.5478,1.1713,1.7716,2.287,3.0077,3.1991,1.4614,2.304,3.3395,1.8611,0.2639,0.8488,4.3133,2.6065,2.3056,0.8735,2.341,1.162,0.2948,3.8194,1.5015,1.1265,1.9923,2.2701,2.9182,3.1065,1.4738,2.3704,3.341,1.8596,0.2654,0.7222,4.3457,2.6157,2.1914,0.3951,1.1651,0.5849,0.5401,1.9414,0.7515,0.7176,1.0957,1.2901,1.3611,1.4105,0.946,1.2531,1.9074,1.1497,0.0309,0.1049,2.2269,1.608,1.0201,0.7639,1.7824,0.6559,0.1142,2.8565,1.287,0.9074,1.5262,1.8565,2.2809,2.4784,1.2037,1.9645,2.696,1.4213,0.2392,0.5957,3.446,2.1003,1.7037,0.7006,2.233,1.1019,0.5108,4.0617,1.4985,1.3318,2.1096,2.6914,3.4846,3.7052,1.4167,2.625,3.9506,2.0062,0.3287,0.9738,5.3117,3.2207,2.483,0.6991,1.4738,1.4583,1.9383,2.2577,1.0957,1.5633,1.4568,1.8627,1.5262,1.5833,1.1435,1.2809,1.8179,2.8688,0.3596,0.5417,2.321,1.392,1.2083,0.0077,0.1821,0.3117,0.5401,0.2978,0.1049,0.2253,0.7022,0.3102,-0.1312,-0.0478,0.125,0.0679,0.0355,0.5015,0.0015,-0.1867,0.0617,-0.0694,-0.2176,0.3488,0.554,0.1543,0.3611,0.8272,0.4059,0.3086,0.6281,0.3796,0.6111,0.6358,0.3627,0.4691,0.5787,0.8858,-0.0015,-0.0309,0.8488,0.3657,0.4861,0.8904,2.784,1.3704,0.446,5.2994,1.7562,1.4398,2.3333,3.517,4.8241,4.8596,1.7052,3.6667,5.3657,2.3364,0.1497,1.0432,6.6821,4.4784,3.3364,0.6975,1.8673,1.034,0.284,3.4414,1.392,1.1358,1.6605,2.4429,2.7932,3.0602,1.0772,2.3549,3.3735,1.5293,0.4753,0.6991,4.304,2.6929,1.9213,0.8349,1.4861,0.5648,-0.0216,2.7685,1.0741,0.7346,1.2917,1.5077,2.1219,2.4182,1.0278,1.7191,2.3426,1.3534,0.2191,0.713,2.9383,1.7762,1.6975
1-212.txt_307,1.7385,1.5385,1.2872,1.559,4.0154,1.6205,0.9231,2.3897,1.7949,1.241,1.4615,1.3026,1.6154,1,2.3897,1.4615,0.9026,2.7385,1.0256,1.4462,0.9128,1.759,2.8205,2.5026,3.7641,1.4359,1.4051,3.2718,2.3795,0.7385,0.3128,1.2205,0.6308,1.0154,2.841,0.7231,0.5179,3.3077,1.5487,0.4769,1.0821,1.9179,2.9487,2.9949,3.4051,1.441,1.4051,3.6462,2.3795,1.4923,0.2769,1.4308,0.841,1.7692,3.2564,1.1026,0.5179,3.8462,2.1641,0.6974,1.1897,2.4564,4.1282,4.1333,3.3436,2.1641,2.6718,3.4308,3.1795,0.3231,-0.0667,2.4462,0.3487,1.5026,4.5333,1.3487,0.441,3.6923,1.5744,0.0615,3.5641,3.6154,3.2103,3.4154,10.5436,3.0359,2.1795,5.9026,4.4205,4.8205,5.3231,2.4256,4.9949,6.1487,6.6974,3.1897,1.841,10.2615,5.8205,4.2256,0.9436,1.3846,2.5436,3.0564,2.7282,1.241,1.9538,2.4718,1.5949,0.3949,-0.441,1.4256,0.0615,0.6923,2.2667,0.4205,0.4718,2.4154,0.8103,0.0974,0.2359,1.8,2.9333,2.9077,1.4821,0.9385,1.4462,1.7026,2.2103,0.0974,-0.4256,1.9282,-0.3385,0.3436,2.2256,-0.1282,-0.2821,2.1128,0.6718,-0.6308,2.2462,3.1692,2.9641,3.2564,5.7949,2.3487,1.8718,4.5538,3.7487,2.6256,2,2.759,2.9744,2.6513,4.8923,1.7128,1.4923,5.5846,2.7282,2.4718,1.8769,2.0923,2.3282,1.9077,5.4769,0.6462,0.5333,3.8205,3.8564,2.3538,1.9077,1.2359,2.3897,3.241,3.2615,1.4205,0.841,5.3744,4.0718,1.6769,1.8821,0.8154,1.3949,1.1641,4.3026,1.3231,0.4359,2.2718,1.8308,2.2462,2.6205,0.6103,2.4154,2.6462,3.0103,1.8462,0.7487,3.3128,2.2974,1.8462,1.8,0.7538,0.9436,0.9744,4.1333,0.9077,0.7282,3.0051,1.7179,1.6718,2.2051,0.5641,1.7231,1.8872,2.2872,1.9538,0.959,3.6154,2.1179,1.4974,0.841,1.3179,2.2974,2.4205,1.9538,0.7744,1.241,2.8872,1.6359,0.1641,-0.3487,0.9385,0.2,0.5846,1.7744,0,0.1385,2.7641,1.3846,-0.1333,2.0718,0.8,0.4103,0.6103,5.159,0.6308,0.5487,2.8,1.5897,1.9333,2.3128,0.4615,2.1744,2.159,2.5744,1.2051,0.9538,4.0564,2.5077,2.0256,2.1641,1.8051,1.5385,1.0205,6.0308,1.2359,0.1436,2.5949,2.5949,3.5179,3.2462,0.9641,3.2359,3.4359,3.8718,2.8923,2.0462,5.6974,3.9846,3,2.759,3.5744,4.3846,5.9641,5.5179,3.8256,3.5846,5.4051,2.4051,1.3128,0.759,2.8718,1.5231,1.2308,6.3846,2.6154,1.7128,5.5077,1.6615,1.159,1.4051,1.5795,1.6615,2.1641,2.8051,1.6564,1.2462,2.0821,1.9282,0.8564,1.1128,1.4564,1.2513,0.7026,2.6872,0.8872,0.2923,2.2872,1.1897,1,0.4308,0.2103,0.8103,0.9538,2.4205,0.641,0.2462,0.5231,0.959,0.8256,1.5436,0.3487,1.2103,0.8462,1.7128,0.0256,-0.1744,1.8154,0.9538,0.6462,2.9744,3.7385,4.2256,3.7385,9.3846,2.5487,2.2462,5.8513,4.9949,4.7128,4.441,1.9949,4.159,6.0667,5.6359,3.1949,1.841,9.8256,6.7077,4.1333,2.1897,1.8513,2.5179,2.2974,5.6051,0.7538,0.7795,4.3385,3.4974,3.0359,2.4872,0.9231,3.0359,3.7641,3.0923,2.4,1.6821,6.0051,4.4154,2.4564,1.4103,0.6462,0.9333,0.7128,4.2615,0.3795,-0.0462,1.3897,1.5282,1.441,2.4974,0.359,1.841,2.641,2.2615,1.5231,0.3077,3.5026,2.6359,1.441
1-212.txt_309,1.4213,1.9239,0.9949,1.203,3.7513,1.2538,0.5533,2.0609,1.665,1.3909,1.5178,1.4721,1.6599,0.8223,2.3909,1.1574,0.8629,2.4772,0.8223,1.2995,1.0152,1.9543,2.6701,2.401,4.1117,1.0863,1.2741,3.3096,2.2741,0.9239,0.3959,1.2538,0.8173,1.4264,2.5381,0.6751,0.5178,4.2792,1.9137,0.4822,0.5279,1.7563,2.5381,2.8731,2.9289,1.2589,0.9797,3.3452,2.0305,1.1726,0.3503,1.2538,1.3452,1.9036,2.6396,0.8426,0.4619,3.3401,1.7462,0.4822,0.7005,2.4873,3.6497,3.8426,3.5635,2.0051,2.2589,3.2487,2.934,0.5025,-0.0863,2.0457,0.7716,1.7411,3.9695,1.203,0.533,3.132,1.6345,0.2081,3.198,3.736,2.7107,3.4264,8.7817,3.3959,1.9289,5.2893,3.9746,4.8985,4.7563,2.335,4.1523,4.9289,5.8122,3.0406,1.6904,9.1472,4.7513,3.6599,1.0203,1.6345,2.6142,2.9188,2.7462,0.8934,1.4721,2.736,1.2893,0.4365,-0.6193,1.4873,0.3909,0.6497,1.9695,0.467,0.4467,2.5076,1.0203,0.0914,0.3553,1.8122,2.9898,2.7716,1.9746,1.1472,1.4569,1.8071,1.797,-0.269,-0.8883,2.0152,0.0914,0.533,2.1117,0.1777,-0.0863,2.2284,0.8325,-0.6802,1.8426,3.3909,2.1523,2.9442,5.8579,2.1523,1.6802,4.4213,3.7614,2.467,1.9289,2.6447,2.8629,2.599,4.5025,1.7208,1.2538,5.533,2.4873,1.9543,1.5381,2.1218,1.9797,1.6091,5.3858,0.5381,0.533,3.1574,3.4721,2.7868,2.0508,1.1574,2.5685,3.2893,3.0609,1.4772,0.5888,5.7411,4.1168,1.8934,2,0.9594,1.3096,1.2284,4.0609,1.4467,0.8325,2.4112,1.8629,2.0152,2.4112,0.9695,2.1371,2.4061,3.4518,2.1269,0.5178,3.9848,2.3096,1.934,1.8579,1.0711,0.9239,0.7259,3.4467,0.731,0.797,2.6751,1.4569,1.8071,2.5482,0.6548,1.6802,1.6447,2.4873,1.9391,0.7259,3.7817,2.0254,1.4061,0.5736,1.2487,1.8122,2.1472,2,0.6497,1.0051,2.4924,1.1929,0.4467,0.0051,0.7817,0.4416,1.3655,1.3249,-0.2183,0.0457,2.7107,1.3807,-0.0964,1.9137,1.203,0.5584,0.6954,4.3959,0.7208,0.8731,2.5228,1.5279,2.0355,2.1421,0.9289,2.0355,1.8325,2.8477,1.7716,0.8934,4.4365,2.0508,1.7563,2.1624,1.3299,0.6853,0.6497,4.9442,0.9289,0.1574,2.4569,2.5431,2.797,3.0761,0.6244,2.264,2.5381,3.0711,2.8477,1.4112,5.3706,3.6548,2.3959,2.5127,3.3198,4.1269,5.5178,5.0812,3.4061,3.203,5.5025,2.5431,1.2437,0.5431,2.467,1.4061,0.5279,6.1472,2.467,1.5939,4.8325,1.6954,0.7716,1.198,1.8122,1.6497,1.9391,2.8629,1.269,0.8934,2.1218,1.9695,1.0863,1.1168,1.4975,1.4112,0.731,2.3756,0.736,0.5685,2.2487,1.2132,0.7868,0.2893,0.3401,0.7665,0.6599,1.9188,0.3858,-0.0812,0.4721,0.8376,0.736,1.2893,0.3147,1.1574,0.7056,1.3452,-0.2741,-0.0914,1.6599,1.0152,0.5178,2.5939,3.2284,3.1015,3.2487,8.7056,2.203,1.9898,5.5736,4.5685,5.0812,4.8071,1.7005,4.3959,5.2081,5.8376,2.6954,0.7716,9.401,6.5533,4.0355,2.3249,1.5178,2.0711,2.0457,4.9239,1.0102,0.9086,3.8528,3.2792,3.0964,2.8173,1.0457,2.9543,2.665,3.203,2.5127,1.1015,5.8985,3.7665,2.6244,1.4924,0.7259,0.7259,0.5888,3.9797,0.8579,0.269,1.3706,1.4822,1.2843,2.066,0.6193,1.7157,1.9594,2.3401,1.7614,0.3655,3.7208,2.1218,1.264
1-212.txt_311,1.3301,1.3981,1.1602,1.3252,3.3398,1.2282,0.7524,1.8107,1.4126,1.1553,1.3786,1.2427,1.6311,1.068,2.0825,1.165,0.7767,2.432,0.9709,1.2184,1.2087,1.4854,2.1214,2.0146,3.6214,0.8252,1.0777,3.3398,1.7621,0.5291,0.0291,1.0243,0.5874,1.1602,2.4078,0.7087,0.4709,3.3932,1.534,0.3398,0.733,1.5825,2.5388,2.8204,3.0097,1.1748,1.068,2.9515,2.0049,1.2379,0.2136,0.8155,1.0485,1.9515,2.7039,1.1796,0.665,3.5534,1.8689,0.801,1.0049,2.3495,3.6408,3.8981,3.432,1.733,2.1262,3.0874,2.9369,0.5194,-0.0243,1.7524,0.7476,2.2524,4.3738,1.2816,0.4903,3.6214,1.6699,0.3835,2.8786,3.6699,3.0049,3.8932,9.068,3.4078,2.6699,5.1553,4.2427,4.2864,4.3058,2.7816,4.2767,5.6311,5.9078,2.9854,1.7816,9.5534,5.7961,3.4417,1.1942,1.1602,1.9709,2.5971,2.534,1.034,1.6117,2.7087,1.4417,0.2233,-0.4612,1.0194,0.4709,0.5388,1.932,0.4951,0.7233,2.199,0.6796,0.0631,0.5485,1.5388,2.4709,2.3641,1.6311,0.8398,1.0485,1.6505,1.9612,-0.0485,-0.3883,1.4078,0.3107,0.8835,2.1311,-0.0097,-0.1068,2.1262,1.0728,-0.3592,1.7573,3.1311,2.5097,3.0874,5.2087,2.1359,1.9563,3.9272,3.2039,1.9806,1.2524,2.5,2.6553,2.432,4.2864,1.6553,1.6845,5.034,2.2087,1.8932,1.6165,1.7039,1.9515,1.5194,4.966,0.0971,0.3932,3.233,3.2427,2.5194,2.0631,0.8204,2.6068,3.4029,2.5534,1.3107,0.801,5.4175,3.8301,1.8738,1.7039,0.699,1.3058,1.1019,3.9515,1.0437,0.4369,2.2379,1.6845,2.3398,2.4612,0.8592,2.3204,2.6408,2.9709,1.7476,0.6748,3.3544,2.4175,1.733,1.5534,0.7961,0.5922,0.9951,3.5971,0.5874,0.7087,2.4806,1.335,1.7233,2.2913,0.7087,1.4951,1.4903,2,1.5291,0.6845,3.2039,1.8883,1.3447,0.9175,1.1942,1.5971,2.0049,1.9175,0.6117,1.0388,2.5243,1.2039,0.0971,-0.1602,0.767,0.432,1.1019,1.5291,0.267,0.1893,2.5631,1.3786,-0.1408,1.9903,0.6796,0.2184,0.4417,4.432,0.2961,0.6553,2.4612,1.4272,2.1456,2.1359,0.5291,2,2.2184,2.1165,1.1408,0.8107,4.0049,2.3058,1.8495,1.9078,1.3495,1.2184,0.9903,5.5874,0.9223,0.1408,2.1456,2.9223,3.3786,3.2476,0.9515,2.7136,3.4029,3.8592,2.4029,1.7184,5.5583,4.2087,2.9078,2.4078,2.8835,3.7136,5.8447,5.0874,3.0388,3.1505,5.3738,1.9417,1.2379,0.5243,2.1359,1.1214,1.1553,6.0388,2.5243,1.9417,5.1311,1.5291,0.8641,1.2621,1.5874,1.5049,2.1553,2.767,1.335,0.9757,1.8932,1.966,0.835,0.9078,1.2816,1.4126,0.8252,2.3641,0.9709,0.534,2.3544,1.2767,0.932,0.5097,0.1359,0.5825,0.7816,2.1214,0.4126,0.2039,0.3204,0.8204,0.9029,1.3738,0.1408,1.2767,0.9466,1.7282,0.0097,-0.0534,2.0874,1.2427,0.8786,2.8495,2.7961,3.5825,3.6505,8.9466,2.1942,2.3252,5.3883,4.5922,4.767,4.0728,1.801,4.2184,5.5874,5.6359,2.8981,1.6505,9.4223,6.5146,3.8689,2.3058,1.4223,2.3107,2.3252,5.0971,0.7718,0.966,3.9417,3.4223,3.0049,2.5437,1.1262,2.7913,2.9078,3.2767,2.2039,1.4078,5.7039,3.9223,2.5728,1.3252,0.5485,0.8252,0.6262,3.9951,0.3398,0.0388,1.0291,1.1456,1.7039,2.267,0.4709,1.9466,2.4854,1.9029,1.3447,0.3107,3.3495,2.3689,1.3641
1-212.txt_313,1.599,1.6193,1.0254,1.2538,4.2234,1.1015,0.2843,2.4467,1.8579,1.4213,1.467,1.3604,1.7259,0.9645,2.5635,1.3401,0.8071,2.5076,0.9746,1.7107,0.8173,1.8325,2.9492,2.6244,4.0812,1.132,1.4924,3.4112,2.5381,0.868,0.2792,1.198,0.7563,1.0863,2.8325,0.8122,0.5482,3.7005,1.7462,0.5228,0.5838,1.9086,2.6802,2.6548,3.6904,1.3503,1.2183,3.5635,2.4975,1.4873,0.3807,1.5888,1.467,1.797,3.0305,0.8934,0.4315,3.7107,2.1168,0.7563,0.9949,2.5381,3.6802,3.9086,3.6904,2.2893,2.5381,3.5279,3.2741,0.6345,-0.1523,2.4873,0.8528,1.1015,4.4772,1.2792,0.467,3.0863,1.132,0.3249,3.6091,3.6142,3.2944,3.5888,9.9645,2.8934,1.5482,5.8629,4.802,4.7716,5.0457,2.1371,4.5127,5.6345,6.6497,3.2538,1.7259,9.802,5.4365,3.9848,0.9695,1.5685,2.264,2.7868,2.7919,0.8579,1.6599,2.4924,1.5482,0.4213,-0.8528,1.2944,0.1726,0.4569,2.0863,0.6193,0.5736,2.3147,1.132,0.3553,0.1269,1.8376,2.7868,2.8985,1.7766,0.9949,1.4162,1.934,2.0863,-0.0457,-0.6904,2.1117,0.203,0.3553,1.9746,0.0761,-0.5584,2.1929,0.9695,-0.3655,2.0457,3.7462,2.599,3.1675,6.5178,2.0761,1.8579,4.6041,4.1777,2.4315,2.0609,2.8579,3.0914,2.736,4.8426,1.8934,1.4213,5.6853,2.8223,2.4467,1.7005,2.4873,2.4416,2.0964,5.5482,0.6497,1.1168,3.868,3.8782,2.5888,2.1472,1.2081,2.3807,2.9289,3.3909,1.5635,0.7614,5.665,3.9289,2.0203,2.0355,0.6904,1.1168,1,4.0457,1.0457,0.3046,2.2995,1.7462,2.3858,2.7817,0.5939,2.2538,2.7411,2.9137,1.8782,0.5381,3.7563,2.4569,1.7614,1.9492,0.7919,0.8122,0.6904,3.6193,0.7005,0.3909,2.7817,1.6497,2.0355,2.7462,0.2944,1.7005,2.1015,2.1777,1.8883,0.8477,3.736,2.2132,1.4924,0.5939,1.3198,2.0914,2.2487,2.0508,0.8528,1.3299,2.868,1.7462,0.2995,-0.4162,1.0609,0.2284,0.7157,1.5939,0.1574,-0.0051,2.5736,1.132,0.0711,2.1168,1.0051,0.5736,0.731,4.6345,0.8579,0.9797,2.665,1.5178,1.9898,2.0508,0.7513,2.0609,2.1878,2.5381,1.5127,1.0102,4.6599,2.1827,1.6497,2.1066,1.8223,1.467,1.1371,5.066,0.9898,0.269,2.6447,2.7716,2.802,3.2995,0.9289,2.6142,3.198,3.4213,2.7259,1.6599,5.7107,3.8122,2.5635,2.8934,3.4772,4.3706,6.066,5.736,3.4264,3.4162,5.736,3.1421,1.0711,0.3299,2.8629,1.4518,0.4416,6.4518,2.9137,1.8985,4.6193,1.4619,1.0761,1.0406,1.9442,1.8325,2.1574,3.2132,1.3096,1.1371,2.3706,2.0305,0.8934,0.9848,1.6142,1.0914,0.7056,2.5939,0.9594,0.4772,2.1827,1.0305,1.0761,0.0305,0.3249,0.8934,0.8071,2.4569,0.6345,-0.0558,0.5736,0.7056,0.9797,1.3553,0.3959,1.0812,0.731,1.8071,-0.0863,-0.1117,1.5584,0.8579,0.7107,2.9492,3.3249,3.8071,3.2995,8.9391,2.0203,2.1421,5.7208,4.9898,5.0863,4.5127,1.6599,4.2081,5.4365,5.4213,2.8579,1.2944,9.2132,6.3452,4.0863,2.3604,1.5838,2.3198,2.0203,5.0609,0.736,0.8426,4.1777,3.0457,3.0508,2.9239,0.6041,2.9645,3.3706,3.1218,2.3249,1.2183,5.6294,3.8832,2.3503,1.3909,0.8985,0.9239,0.5888,3.9797,0.8629,0.0254,1.6345,1.4822,1.5685,2.4518,0.5736,1.9848,2.4112,2.2386,1.6954,0.4112,3.7766,2.2843,1.4365
1-212.txt_315,1.1726,1.7919,1.1726,1.3858,3.4873,1.6091,0.4721,2.4569,1.7766,1.3858,1.5178,1.3858,1.6345,0.9695,2.4772,1.198,0.6802,2.7411,0.7411,1.4061,0.7868,1.7005,2.8477,2.4213,4.2132,1.4467,1.4822,3.1269,2.599,0.9442,0.4873,0.9898,0.8274,1.533,2.6345,0.8985,0.5787,3.9746,1.7513,0.5178,0.6599,2.1421,2.8629,2.7716,3.3604,1.6599,1.2843,3.6244,2.5381,1.4315,0.3553,1.264,1.467,2.1878,2.7614,0.8985,0.3046,3.3096,2.0051,0.8376,0.8832,2.4975,3.7157,3.9442,3.736,2.4112,2.3452,3.3096,2.934,0.5381,-0.1726,2.1472,0.8629,1.7563,4.1218,1.1371,0.5431,2.9898,1.3147,0.269,3.5787,3.264,2.8223,3.3807,9.066,3.0558,1.4924,5.6802,3.9239,5.0711,4.5635,1.7868,4.2437,4.7817,6.9848,2.934,1.4721,8.5279,4.9289,3.4772,1.2234,1.6599,2.6853,2.3756,3.1624,1.132,1.4873,2.9797,1.5431,0.5736,-0.2995,1.0152,0.467,0.9594,2.0457,0.5584,0.0152,2.5584,0.9036,0.5888,0.6599,1.8579,2.9239,2.5178,2.0355,1.3147,1.3299,1.8579,1.8173,0.1472,-0.5127,1.6447,0.4162,0.6853,2.0508,0.3503,-0.2995,2.2893,0.5482,0.066,1.7614,3.6548,2.8629,3.203,5.868,2.6954,1.8528,4.6091,4.0609,2.3706,1.8325,2.6802,3.0152,3.0406,4.6294,1.5381,1.2081,5.6954,2.0609,2.1168,1.4569,2.3756,2.3198,1.8528,5.3299,0.9543,0.6853,3.5888,3.4467,2.2487,1.9492,0.8579,2.1878,3.1574,2.9949,1.335,0.8629,5.4619,3.5584,1.4467,1.9036,0.7208,0.8579,1.1878,3.7665,1.0254,0.6548,2.4365,1.9746,2.1421,2.6396,0.4365,2,2.4924,3.1574,1.8731,0.6142,3.3807,2.2741,1.8173,1.9188,0.8528,0.6751,0.9695,3.4365,0.9391,0.8071,2.6548,1.5228,2.0102,2.2843,0.4721,1.6853,1.6244,2.0558,1.8579,1.1523,2.7868,1.9746,1.3909,0.6244,1.0406,2.0102,1.8173,2.203,0.8629,0.9594,2.2538,1.2843,0.3452,-0.1777,0.4061,0.2893,1.5178,1.6802,0.0558,-0.0914,2.1168,1.2437,0.1168,1.9746,1.2081,0.6193,0.7766,4.5025,0.7005,1.1066,2.5685,1.5685,1.8325,1.934,0.6954,1.7411,1.6802,2.4112,1.3655,1.0051,3.6802,2.0254,1.4721,2.0102,1.4315,1.0609,0.8579,5.3147,1.0152,0.1929,2.4721,2.599,3.203,3.2893,0.8376,2.8883,3.4213,3.3706,2.5076,1.8629,4.9797,3.8173,2.3959,2.6599,3.4975,4.1015,5.7817,4.9594,3.7107,3.5685,5.7208,2.9036,0.9949,0.533,2.3706,1.1269,0.868,6.2487,2.6193,1.6954,4.5431,1.3401,0.9949,0.9239,1.5838,1.5482,1.6701,2.6193,1.3046,0.7157,2.0812,1.7208,0.9797,1.1878,0.9137,1.2538,1.0254,2.7817,0.6548,0.1168,2.066,0.9594,1.0457,0.1726,0.4873,0.6396,0.6548,2.2132,0.5381,-0.0254,0.6802,1.0508,0.9188,1.3756,0.2132,1.1929,0.6904,1.7817,-0.0863,-0.4518,1.4365,0.7614,0.665,2.7056,2.4264,3.5685,3.066,8.3807,2.3756,1.8426,5.467,4.1624,4.7462,4.0406,1.1168,3.7056,5.3096,4.8782,2.6802,1.0812,8.4518,6.3655,3.5076,2.1218,1.4721,2.2843,2.1117,4.5025,0.8985,0.9594,3.868,2.8122,2.9442,2.7259,0.7919,2.8426,3.4467,2.9746,2.2741,1.4112,5.2487,3.9797,2.0558,1.6193,0.9695,0.6751,0.7614,3.3959,0.802,0.1269,1.6294,1.401,1.4112,2.0609,0.5584,1.6345,1.7157,2.6447,1.6041,0.3147,3.1675,1.934,1.3959
1-212.txt_317,1.3553,1.868,1.0558,1.1421,3.7919,1.2437,0.6142,2.0254,1.5635,1.5127,1.5939,1.4569,1.6447,0.9695,2.4416,1.0761,0.7614,2.4975,0.8934,1.335,1.1371,2.0051,2.736,2.4467,4.1472,1.1726,1.2538,3.203,2.3198,1.0355,0.4061,1.3503,0.8173,1.5533,2.6548,0.7259,0.4619,4.3401,2.0812,0.5736,0.5279,1.8071,2.5482,2.8325,2.9645,1.2741,0.8782,3.3249,1.9645,1.0964,0.3706,1.203,1.3096,1.7766,2.5736,0.802,0.3249,3.2792,1.7462,0.3655,0.5787,2.4518,3.6497,3.7157,3.4569,1.9746,2.1675,3.1168,2.9442,0.4365,-0.0305,1.9594,0.6751,1.7462,3.8731,1.1472,0.3858,2.9848,1.8122,0.1726,3.2234,3.797,2.5482,3.2234,8.7107,3.2893,1.9797,5.1878,3.8173,4.9543,4.7107,2.2944,4.3299,4.9949,5.8477,3.0558,1.599,8.8528,4.7005,3.8122,1.0254,1.6802,2.599,2.8832,2.9391,0.9492,1.4264,2.6345,1.3858,0.5127,-0.6294,1.5431,0.3553,0.7107,2.0761,0.5888,0.3959,2.5888,1.0863,0.0964,0.4264,1.8832,2.8832,2.6853,2.0152,1.1523,1.4061,1.7563,1.7919,-0.1574,-0.868,2.0305,-0.0152,0.5736,2.1371,0.1726,-0.066,2.2893,0.9645,-0.6294,1.7563,3.5025,2.2995,2.8223,5.6701,2.1929,1.6904,4.2843,3.8274,2.4772,2.0609,2.7259,2.7665,2.6244,4.5228,1.6447,1.2183,5.5279,2.6244,1.9442,1.5939,2.1574,1.9594,1.6548,5.3046,0.6294,0.5178,3.1421,3.4061,2.8731,2.1168,1.1371,2.5228,3.2335,3.2487,1.3401,0.5279,5.7157,4.1624,1.9746,2.0406,1.0457,1.3959,1.1726,4,1.4213,0.7817,2.5025,1.8325,2.1168,2.3401,0.9594,2.2487,2.3909,3.5787,2.1472,0.5787,3.868,2.2437,1.9442,1.8832,1.0863,0.9442,0.6701,3.4213,0.7157,0.665,2.6294,1.3706,1.7766,2.4365,0.6751,1.5178,1.5736,2.5127,1.9492,0.8071,3.5939,1.8274,1.2843,0.6548,1.3299,1.9645,2.1675,1.9848,0.7259,0.9391,2.5381,1.3655,0.533,-0.0406,0.9086,0.4213,1.3452,1.533,-0.0863,-0.0102,2.9137,1.4721,-0.0964,1.8985,1.2335,0.5888,0.6802,4.3807,0.7208,0.8173,2.4924,1.6142,2.1421,1.9797,0.9492,2.0964,1.9645,2.8223,1.6548,0.9543,4.4213,2.0203,1.8376,2.1726,1.3706,0.8122,0.5685,4.8832,0.8782,0.0305,2.5279,2.4467,2.9442,3.0254,0.6193,2.3503,2.6041,3.2386,2.6853,1.4873,5.3756,3.6802,2.4416,2.5076,3.3909,4.1117,5.401,5.1371,3.3655,3.1117,5.5381,2.8477,1.2487,0.6041,2.6447,1.4569,0.6853,6.3249,2.5025,1.6041,4.8376,1.8782,0.8934,1.132,1.731,1.533,1.8883,2.934,1.1827,0.8173,1.9848,1.9239,1.1066,1.1168,1.401,1.3858,0.8223,2.3046,0.6548,0.3249,2.2284,1.3096,0.7868,0.1777,0.3452,0.8122,0.599,1.8528,0.3604,-0.1371,0.3553,0.9086,0.7513,1.2741,0.3401,1.1066,0.7868,1.3503,-0.2944,-0.2183,1.6244,1.0102,0.4822,2.6548,3.2386,3.0711,3.0508,8.5127,2.1472,1.8223,5.6041,4.6193,5.1269,4.6497,1.7563,4.4315,5.3299,5.8731,2.5533,0.7157,9.3858,6.7056,4.066,2.3299,1.6294,2.0203,1.9492,4.8579,1.0457,0.9036,3.8325,3.269,3.2335,2.7817,0.9898,2.9797,2.7208,3.3655,2.3604,1.1421,6.0203,3.8985,2.7157,1.5533,0.7766,0.7563,0.7056,3.9239,0.8579,0.3249,1.5228,1.4721,1.3858,1.9848,0.6751,1.7208,2,2.4365,1.7665,0.4213,3.802,2.1472,1.2995
1-212.txt_319,1.4772,1.4467,1.1574,1.3807,4.0711,1.2843,0.3553,2.3909,1.6751,1.4213,1.4619,1.0406,1.9086,1.4061,2.3604,1.1472,0.5888,2.4061,0.9848,1.3655,0.797,1.8579,2.7056,2.5178,4.132,1.2132,1.401,3.264,2.4416,0.8782,0.2234,0.868,0.6802,1.4416,2.6193,0.7614,0.4619,3.6701,1.7056,0.269,0.5533,2.066,2.8376,2.7462,3.4365,1.4772,1.1066,3.5025,2.5787,1.5736,0.3147,1.203,1.3452,2.1218,2.8376,0.8223,0.4213,3.2792,2.1624,0.5635,1.0761,2.6396,3.9492,3.9797,3.6345,2.5431,2.5939,3.5787,3.1523,0.3909,-0.3249,2.066,0.6345,1.5178,4.2893,1.2843,0.4518,3.3096,1.3858,0.0812,3.6041,3.4873,2.9137,3.4315,10.0355,3.2487,1.5736,5.4924,3.9695,5.1168,5.1574,1.9442,4.7868,5.9239,6.5076,2.6548,1.3401,9.066,5.3096,3.7817,0.9949,1.6294,2.5787,2.7005,3.1929,1.0609,1.5178,2.7716,1.5533,0.8629,-0.3198,1.1675,0.6244,0.8274,1.9492,0.5127,0.1523,2.6751,1.1015,0.2589,0.1827,1.9442,2.9442,2.8934,1.8832,1.4721,1.5431,1.7919,1.8528,0.0102,-0.6345,1.9086,0.3503,0.3452,1.7817,0.0508,-0.1269,2.1675,0.4416,-0.3503,1.8731,3.4264,2.5584,3.3452,6.0812,2.4619,1.802,4.5127,3.802,2.5381,1.9797,2.4264,3.1168,3.0812,4.4061,1.7005,1.1624,5.2944,2.4873,2.1523,1.2335,2.3249,2.335,1.8782,5.066,0.8325,0.8071,3.6599,3.4619,2.264,1.6701,0.9695,2.2386,2.7208,3.0761,1.3858,0.8376,5.3147,3.2284,1.599,1.9797,0.6091,0.9949,1.1929,4.066,1.3046,0.6244,2.4822,1.7411,2.1269,2.6701,0.6497,2.4619,2.6447,3.0812,1.9086,0.5127,3.7056,2.5279,1.7716,1.8274,0.6142,0.6041,0.9442,3.5838,0.6751,0.3604,2.4518,1.4365,1.7411,2.5127,0.3553,1.7665,2.1472,2.2284,1.6396,0.8731,3.4772,1.8934,1.4365,0.5533,1.264,1.9086,1.9492,2.0305,0.9594,1.0457,2.2132,1.1878,0.4772,-0.1929,0.6853,0.5635,1.2995,1.3452,-0.0609,-0.0355,2.3553,1.1066,-0.0812,2.1726,1.1269,0.5787,1.0609,4.8426,1.0254,1.1066,2.731,1.7513,1.9289,2.0152,0.802,1.9543,1.9289,2.4213,1.5025,1.0863,4.4772,2.1523,1.5838,2.1675,1.7462,1.3858,1.1929,5.3046,0.9239,0.1827,2.802,3.0812,3.2944,3.1929,0.868,2.8883,3.6294,3.4416,2.4315,1.7665,6.2538,3.7614,2.599,2.3655,3.3046,4.2437,5.934,4.7665,3.5431,3.3756,5.5482,2.7766,1.1371,0.1371,2.3503,1.2234,0.9594,6.5127,2.6396,1.4162,4.7868,1.3299,0.8223,0.9797,1.2893,1.5736,1.7005,2.8629,1.3401,0.8985,2.1929,1.5939,0.8477,1.0203,0.8274,1.2437,1.1015,2.4924,0.5482,-0.0102,1.6954,0.7614,0.8883,0.2183,0.4772,0.8426,0.7411,2.0305,0.8122,0.264,0.6447,0.7411,0.934,1.1726,0.3198,1.198,0.8934,1.3756,-0.2843,-0.2437,1.5685,0.8426,0.5431,2.8376,3.0812,3.4315,3.2437,8.2893,2.2944,1.7614,5.2995,4.3096,4.9848,4.3655,1.2944,4.1929,6.2386,5.3299,2.7462,1.0254,9.4061,6.533,3.8325,2.2081,1.401,2.0964,1.802,4.533,0.7766,0.8223,3.8579,2.8071,2.9797,2.6802,0.6447,2.7513,3.4112,2.9188,2.1117,1.2741,5.7817,3.7157,2.3655,1.6751,0.6599,0.5838,0.533,3.7208,0.7513,0.0508,1.6599,1.0254,1.4569,2.1827,0.5178,2.0406,2.0152,2.599,1.4924,0.3604,3.0406,1.7208,1.5228
1-212.txt_321,1.2475,1.7727,1.0758,1.4141,3.7273,1.4596,0.404,2.3939,1.7929,1.5152,1.5606,1.3232,1.697,0.9848,2.3687,1.197,0.6717,2.7929,0.7525,1.5253,0.8636,1.7374,2.697,2.4495,4.2525,1.2323,1.4848,3.3434,3.0606,0.9697,0.5152,1.0909,0.7222,1.6414,2.5,0.8232,0.2677,3.5404,1.6515,0.5202,0.5556,1.8384,2.4747,2.6111,3.4798,1.0556,0.8889,3.3485,2.6263,1.4343,0.6313,1.1818,1.3434,2.3939,2.6212,0.7424,0.096,2.9242,1.8384,0.6465,0.7879,2.5505,3.8232,3.9949,3.5404,2.2626,2.2626,3.3838,3.2273,0.3737,0.0455,2.2727,0.7323,1.7071,3.7172,1.0606,0.2879,2.8889,0.9343,0.0152,3.3434,3.4899,2.5404,3.0808,9.1313,3.303,1.6768,5.5051,4.1515,5.1566,4.6869,2.0152,4.702,4.9747,6.9091,2.6919,1.404,8.8586,5.0909,3.596,1.2172,1.6667,2.4697,2.4949,3.0152,0.8535,1.4899,3.2677,1.7121,0.3737,-0.4293,1.1061,0.2677,0.8131,1.6869,0.5859,0.0152,2.3939,0.6717,0.2374,0.4798,1.697,2.5404,2.2727,2.0051,1.0505,1.2273,1.9192,1.8232,0.0909,-0.2626,1.5859,0.3838,0.6566,1.5606,0.0556,-0.5152,1.9444,0.404,-0.1061,1.8737,3.5808,2.9444,3.2727,5.8586,2.5051,1.7222,4.6515,3.9495,2.4343,2.1515,2.9394,3.0303,2.8182,4.596,1.7071,1.0152,5.6616,2.101,1.9848,1.4848,2.4141,2.0455,1.904,5.1717,1.0152,0.8586,3.7475,3.7879,2.1313,2.0404,1.0606,2.3485,2.8737,3.3131,1.3838,0.697,5.3586,3.3182,1.4596,2.0455,0.6768,0.899,1.2071,3.8889,1.2576,0.6869,2.4141,1.9141,2.404,2.8485,0.5152,2.404,2.803,3.1869,1.8485,0.6414,3.3283,2.5202,2.0051,2.0303,1.0202,0.8283,1.2374,3.5152,1.1768,0.8535,2.6111,1.5707,2.1515,2.2576,0.6465,1.904,1.9192,2.3333,1.9192,1.3384,3.3535,2.1465,1.6818,0.7071,1.1717,2.0707,2.202,2.3333,0.8182,1.1162,2.5758,1.4192,0.2475,-0.2071,0.702,0.3182,1.3131,1.6061,0.1263,-0.1818,2.1768,1.1414,0.0455,2.0152,1.1364,0.697,1.1162,4.9343,0.9949,0.9495,2.9091,1.7576,2.4899,2.1515,0.3838,2.0909,2.2424,2.6768,1.5101,1.0859,4.399,2.3485,1.8636,2.197,1.5404,0.9949,0.9293,5.1869,0.9697,0.0758,2.3737,2.6263,3.3434,3.4192,0.803,3.0606,3.5202,3.6667,2.6465,2.0051,5.4394,3.8636,2.5859,2.6061,3.2525,3.6212,5.3283,5.3182,3.3283,3.1111,5.5808,2.8838,1.1111,0.8131,2.2222,1.202,1.1061,6.1162,2.4899,1.3182,4.6869,1.3283,1.0101,0.8485,1.6263,1.5253,1.6616,2.8384,1.1263,0.8182,1.9697,1.8535,1.0101,1.3333,1.0051,1.2525,1.1061,2.4899,0.601,-0.0051,1.9242,0.7273,1.0808,0.1919,0.2374,0.3636,0.4747,2.2374,0.4697,0.1515,0.5859,0.8586,0.8737,1.4192,0.2323,1.3182,0.8182,1.3586,-0.0556,-0.2525,1.1869,0.7071,0.7323,2.9545,2.9192,3.3182,3.0202,8.6667,2.2879,1.8232,5.3737,4.5101,4.6869,4.1162,1.4343,3.8384,5.4141,4.5556,2.8333,1.2222,8.3131,6.1818,3.5,2.202,1.3889,2.0051,1.697,4.303,0.7374,0.7828,3.6869,2.5354,2.7071,2.7475,0.5859,2.9596,3.3586,3.0455,2.1364,1.3485,4.8283,3.7424,2.1465,1.596,0.9293,0.6414,0.9091,3.2172,0.9242,0.2222,1.6768,1.3485,1.4444,2.1465,0.5657,1.8687,2.0657,2.4646,1.6162,0.3838,2.8939,2.0808,1.5303
1-212.txt_323,1.0457,1.934,1.1777,1.1726,3.5685,1.3909,0.3096,2.1269,1.5279,1.3655,1.6599,1.2589,1.8071,1.1269,2.2335,0.797,0.6447,2.7462,0.7005,1.335,0.8426,2.0812,2.8985,2.6904,3.8122,1.5381,1.7411,2.9086,2.4569,0.5381,0.1472,1.4619,0.7513,1.3401,2.9746,0.7005,0.5482,3.8629,1.9289,0.3198,0.5635,2.1472,2.6345,2.7513,2.802,1.7462,1.3452,3.2437,2.5228,1.4112,0.6853,1.5279,1.4162,2.2335,2.9949,0.7208,0.3046,3.1269,2.2335,0.868,0.9594,2.7056,3.3299,3.8325,3.2995,2.3503,2.1777,3.3503,2.802,0.6904,0.2132,2.0812,0.9086,1.5635,4.2589,1.132,0.8426,2.9848,1.2944,0.6954,3.6345,3.3401,3.0254,3.7817,8.7614,3.2843,1.7259,5.0863,4.1523,4.9036,4.665,1.8579,4.1421,4.0406,6.066,2.9949,1.3401,8.3604,4.3401,3.6497,0.9746,1.6447,2.5482,2.736,2.9239,0.9391,0.9645,2.7614,1.4975,0.6447,-0.4264,1.0964,0.6294,0.9645,2.2538,0.3909,0.1624,2.2234,0.9289,0.4822,0.3553,1.8883,2.7157,2.7919,1.5888,1.0254,1.0761,1.9848,1.5025,-0.2234,-0.5838,1.5787,0.0305,0.4518,2.4315,0.198,-0.2944,1.6091,0.5838,-0.1523,1.6802,3.7411,2.665,3.4416,5.7107,2.5228,1.802,4.335,3.7766,2.0914,2.1675,2.8934,2.9594,2.4264,4.6701,1.4061,1.3503,5.335,1.9239,1.8782,1.5838,2.6244,2.2893,1.8832,4.8325,1.2893,0.7614,3.2487,3.2284,1.8629,1.8426,1.0203,2.0863,2.7411,3.1523,1.2843,0.665,5.3299,3.6142,1.2741,1.7716,0.6802,1.0102,1.2234,4.0609,1.0508,0.9695,2.1421,1.7563,2.1777,2.3655,0.533,2.0558,2.401,2.7208,1.5685,0.3858,3.6447,2.1624,1.8071,1.8173,0.9645,0.7563,0.9137,3.6701,1.0609,0.9594,2.4873,1.4822,1.8731,2.0964,0.533,1.5838,1.797,1.9239,1.8579,0.8731,3.4061,1.7208,1.2081,0.5279,1.4619,2,1.9695,1.8629,0.8782,0.9746,2.2386,1.3147,0.0964,-0.4315,0.8223,0.1929,1.2893,2.2995,-0.0355,0.1269,2.0711,1.4822,0.0914,1.8579,0.9391,0.5888,0.6853,4.2741,0.9137,0.9543,2.0508,1.7919,1.9137,2.0457,0.6802,2.0305,1.9442,2.797,1.1878,0.8274,3.467,1.9594,1.7157,1.8376,1.3401,1.2995,1.066,5.132,1.2234,0.736,2.1929,2.4467,2.8832,2.9239,1.0152,2.4822,2.8782,2.8883,2.4467,1.533,5.1117,3.2792,2.2234,2.5228,3.5127,4.2335,5.3046,5.0558,3.203,2.5888,5.8426,3.0457,0.9848,0.0457,2.4569,1.2335,1.1523,5.9289,2.4467,1.6091,4.5685,1.4467,1.0102,0.9239,1.8477,1.7766,1.9086,2.3147,1.3909,0.7716,2.0863,1.7716,0.8274,1.0305,1.203,1.0203,0.3706,2.6345,0.665,0.1878,1.7157,0.6447,0.7919,0.2234,0.5279,0.9137,0.7208,1.9645,0.5381,0.0812,0.5381,0.8782,0.8173,1.2589,0.2944,1.0711,0.5584,1.2386,-0.1523,-0.2741,1.1675,0.7056,0.6345,2.5076,2.8731,3.4061,3.2538,8.198,2.1168,1.2234,4.8477,4.6802,4.6447,4.5736,1.533,4.2386,5.1929,4.9492,2.665,1.1117,8.6701,5.736,3.5685,1.9188,1.4772,2.401,2.1929,4.6447,1.0152,1.3807,3.4365,2.8477,2.4213,2.3858,0.9137,2.4264,2.6193,2.731,2.1015,1.1117,5.269,3.4416,1.8782,1.3299,0.8528,0.665,0.9543,3.6802,0.6751,0.3503,1.269,1.1827,1.3096,1.731,0.4061,1.5939,1.8528,2.2538,1.335,0.2589,3.2437,1.7817,1.1574
1-212.txt_325,1.2211,1.8342,1.1106,1.3367,3.7387,1.191,0.5025,2.4221,1.6131,1.4623,1.4523,1.407,1.6935,1.1005,2.196,1.1508,0.8241,2.6734,0.7889,1.4221,1.0603,1.4874,2.7035,2.1407,4.0101,1.1658,1.3518,2.4724,1.9246,0.9598,0.3719,1.4121,0.8191,1.6181,2.5276,0.7286,0.8141,4.1256,1.7739,0.9598,0.6834,1.6784,2.5729,2.5829,3.1005,1.3216,0.9497,3.3467,2.2161,1.0905,0.4623,1.5025,1.3417,1.9246,2.8744,0.8794,0.2764,3.407,2.2412,0.5879,0.8693,2.1508,3.4573,3.8945,3.8844,2.1206,2.1307,3.0151,3.0402,0.2513,-0.2261,2.4573,0.7487,1.2915,4.1206,1.2814,0.3618,3.0452,1.6432,0.3467,3.3668,3.1005,2.4523,3.1608,8.8643,2.6884,1.402,5.3819,3.5276,4.8543,4.6683,1.8894,4.392,4.8492,6.3518,3.2663,1.9296,8.6281,4.7688,3.8693,0.8945,1.5327,2.4322,2.4925,3.0352,0.8191,1.1859,2.4171,1.4271,0.5528,-0.4322,1.4925,0.4824,0.5477,1.6633,0.3467,0.3467,2.2111,1.1307,0.3719,0.1407,1.7337,2.8191,2.6683,1.402,1.1558,1.5226,1.6482,1.9648,-0.3216,-0.794,2.196,-0.0452,-0.0402,1.7889,0,-0.4573,2.0503,0.7739,-0.392,1.5628,3.7136,2.8894,3.3467,5.5879,2.196,1.9497,4.3266,3.9146,1.9095,1.8543,2.9397,2.7538,2.6935,4.6834,1.7487,1.0955,5.5779,2.3668,1.9698,1.4774,2.1256,1.8141,1.4422,4.6784,0.8945,0.6482,2.809,3.005,2.5176,2.206,1.2764,2.5779,3.0151,2.9347,1.5578,0.9296,4.8291,3.8291,1.9296,2.1457,1.0151,0.9749,1,3.5729,1.1005,0.3166,2.206,1.8291,2.593,2.7487,0.593,2.3769,2.603,3.3065,1.7789,0.7186,3.4271,2.1709,2.2362,2.2462,0.8291,0.8693,0.8492,3.603,0.5729,0.3819,2.7588,1.0854,2.4271,2.5829,0.3317,2.0704,2.0101,2.3216,1.9045,1.196,3.5126,1.7337,1.6985,0.6382,1.1106,1.9447,2.0854,2.0151,0.7236,1.1256,2.1608,1.2462,0.3618,-0.1357,1.2111,0.397,1.4523,1.4422,0.1508,0.201,2.7487,1.7538,0.2362,2.1658,1.1759,0.7035,0.8945,4.2211,0.8543,0.8241,2.4422,1.5678,2.2663,2.0402,0.8744,2.0101,2.0151,3.1005,1.3668,1.0553,4.0151,1.7789,1.7739,2.1859,1.2714,1.0704,0.7437,4.8794,0.6633,-0.1256,2.1759,2.3819,3.3417,3.5327,0.3618,2.8492,3.0804,3.3467,2.7487,1.5427,5.191,3.4271,2.8492,2.8945,3.1457,4.2513,5.402,4.8543,3.1206,2.8894,5.7186,2.9246,1.1256,0.6332,2.809,1.5427,0.9497,6.4171,2.8291,1.6734,4.9497,1.8291,0.9799,1.0905,1.5779,1.8392,1.8342,2.7487,1.1307,0.7538,2.1156,1.8291,0.8442,0.9749,1.3618,1.2111,0.8744,2.6633,0.7136,0.2965,1.9045,1.2312,1.0151,0.2613,0.1508,0.9146,0.7538,2.0452,0.4472,0.0704,0.5477,0.4271,0.9095,1.2161,0.3719,1.196,1.1005,1.6181,-0.1508,-0.206,1.6432,1.2161,0.7286,2.9799,2.6382,3.5879,2.9598,8.2312,1.6131,1.2613,5.6231,4.6332,4.9146,4.804,1.5075,4.4975,5.4824,4.7638,2.7538,0.8492,9.196,6.4472,3.7437,2.3116,1.6734,2.5477,2.0754,4.3417,1.0553,1.0402,3.6734,3.1809,2.7487,2.7588,0.8291,3.0402,3.0251,3.4774,2.4623,1.0251,5.4372,3.7236,2.3769,1.6683,0.7839,0.6181,0.5477,3.9246,0.5226,-0.1658,1.6784,1.1307,2.1106,2.4724,0.2915,2.1156,2.6683,2.5578,1.5327,0.598,3.4824,2.1508,1.8141
1-212.txt_327,1.2437,1.8528,0.8985,1.3249,3.8477,1.5228,0.6954,2.1168,1.6548,1.6396,1.5431,1.2792,2.0305,1.0051,2.1472,1.0508,0.6701,2.467,0.6599,1.4365,1.2132,1.9492,2.736,2.6751,4.1472,1.4721,1.3858,3.1777,2.198,1.0914,0.6751,0.9949,0.8629,1.198,2.8325,0.8223,0.4873,3.4975,1.6193,0.8426,0.8477,2.203,2.4416,2.5736,3.6193,1.8223,1.2132,3.1371,2.4365,1.7919,0.8122,1.3553,1.5076,2.066,2.8071,0.665,0.3401,3.1269,2.2335,1.0406,1.2589,2.5228,3.5228,3.802,3.6904,2.4315,2.0254,3.6142,2.9492,0.802,0.0508,1.8528,0.5888,1.1117,3.8122,0.9086,0.665,2.5178,1.3503,0.2893,3.4772,3.7614,3.3503,3.4467,9.6091,3.3756,2.1269,5.4365,4.3401,5.6548,4.7716,2.0914,4.8934,5.1523,6.2995,3.2487,1.4162,8.9391,4.7868,4.2386,1.3959,1.7107,2.4822,2.5178,3.2183,1.1421,0.9086,3.0254,1.3096,0.8934,0.132,0.8985,0.5584,0.6954,2.599,0.4873,0.3147,2.6193,0.8629,0.5939,0.9695,1.7919,2.6091,2.5685,2.0152,1.2487,1.0305,2.1878,1.5787,0.066,-0.401,1.5381,0.1168,0.2132,1.9289,0.2183,-0.1371,1.8934,0.5279,-0.0102,1.8325,3.8274,2.2386,3.0203,5.9137,2.6294,1.868,4.2995,3.5279,2.6244,2.3452,2.5381,3,2.7614,4.5736,1.6802,1.3401,5.4822,2.1624,2.0406,1.7513,2.5178,2.2944,2.0254,5.5482,1.1472,0.5431,3.1574,3.4315,2.4873,2.0964,0.934,1.9442,2.7259,2.8274,1.0914,1.1117,4.8071,3.5685,1.7665,1.797,1.2437,1.0254,1.2487,4.4772,1.335,1.203,2.2538,2.2893,2.5685,2.4873,0.8173,2.5127,2.9746,3.066,1.8731,0.6396,4.2487,2.6447,2.2538,1.6701,1.0102,0.9036,1.1827,3.6701,1.0508,1.1878,2.4873,1.6345,1.868,1.9949,0.6142,1.6345,2.066,2.2437,1.8579,0.8731,3.7107,1.9137,1.3299,0.8223,1.3299,1.7259,2.0812,1.8173,1.1574,1.1371,2.1117,1.132,0.5584,-0.1726,0.6142,0.2741,0.8477,1.5228,0.2234,0.2081,1.9086,1.3249,0.198,1.8376,0.9188,0.8274,0.8731,4.6599,0.8274,1.3147,2.5279,1.7208,2.2234,1.8223,0.8122,2.1574,2.4365,2.731,1.5076,0.6853,4.1929,2.0609,1.802,1.9137,1.5939,1.1218,0.6396,5.4873,1.0761,0.5685,2.0406,2.6294,3.6954,3.4213,0.8274,3.0863,3.7005,2.335,2.5685,1.7868,5.868,3.868,3.0203,2.401,3.2944,4.1472,5.198,5.3553,3.2386,2.7157,5.6954,2.2081,1.2132,0.6853,1.9848,1,0.7107,6.1421,2.2335,1.4112,4.6142,1.1726,1.1371,1.132,1.7259,1.6193,1.7056,2.6244,1.6802,0.9036,2.0609,1.7462,0.9239,1.0914,1.1827,0.9137,0.6396,2.533,0.5178,0.1371,1.6904,0.7513,0.7157,0.335,0.4365,0.3553,0.5381,2.0863,0.5584,-0.1015,0.4213,0.6599,1.0305,1.4518,0.1675,1.3096,0.7868,1.1168,-0.2284,-0.467,1.2741,0.6193,0.6904,2.8528,3.2792,3.1472,2.5584,8.665,2.5736,1.7208,4.665,4.7513,5.1929,4.8731,1.467,4.264,6.0406,4.8832,2.6853,1.2284,9.5736,6.1168,4.2183,2.0964,1.4924,2.3401,1.8883,5.0102,0.9036,1.1523,3.3706,3.198,2.9492,2.599,0.8173,2.6548,3.1117,2.4924,2.2437,1.2437,5.4213,3.5178,2.2995,1.198,1.0863,0.7157,0.9848,3.7665,0.8274,0.6142,1.467,1.5482,1.6041,1.9289,0.6701,2.1168,2.264,2.802,1.6954,0.3706,3.8122,2.2234,1.6041
1-212.txt_329,1.4721,1.6853,1.3655,1.4365,4.1827,1.5127,0.6041,2.3959,1.8629,1.5584,1.4061,1.3959,1.7614,1.2792,2.5178,1.1777,0.7766,2.6853,0.9695,1.3401,0.8325,1.9594,2.8782,2.8071,4.1269,1.5533,1.4365,3.3198,2.7208,0.9391,0.1929,0.9695,0.7919,1.4264,2.9239,0.8782,0.3299,3.9543,1.8782,0.3553,0.7208,2.3452,3.0914,3.0508,3.4721,1.6548,1.1624,3.6244,2.665,1.5787,0.4264,1.5025,1.5888,2.1777,3.3198,0.9543,0.2132,3.7259,2.2538,0.731,0.9442,2.9492,3.9289,4.2995,3.8579,2.5076,2.4467,3.4162,3.3198,0.599,-0.2132,2.2792,0.9188,1.5279,4.6193,1.3401,0.335,3.3198,1.4619,0.2183,3.5279,3.6599,2.9543,3.3858,9.8934,3.3503,1.6751,5.5178,4.3706,5.3198,4.9645,1.9898,4.8629,5.8325,6.802,2.6904,1.4873,9.4975,5.5228,3.7563,1.0152,1.7716,2.6497,2.8426,3.3299,1.198,1.5381,2.9848,1.7665,0.8629,-0.3299,1.4721,0.6751,0.934,2.2132,0.5635,0.1117,2.9746,1.1472,0.2893,0.5025,2.1726,2.9848,3.0914,2.0254,1.4365,1.4772,1.8122,2,0.2437,-0.5838,2.0558,0.4873,0.6497,2.1117,0.3046,-0.198,2.4213,0.736,-0.1574,1.6701,3.4518,2.6701,3.269,5.8934,2.5736,2.0508,4.3706,4.2437,2.5787,2.0812,2.8173,3.1726,3.1117,4.4873,1.5482,1.0457,5.6142,2.4365,2.1878,1.4416,2.4822,2.401,2.0102,5.335,1.1117,0.8426,3.6802,3.6599,2.2487,1.9137,1.0508,2.2944,2.8934,3.3858,1.4619,0.6802,5.9188,3.5888,1.5178,2.0711,0.8477,1.2487,1.203,4.1523,1.4061,0.8477,2.7868,1.8883,2.203,2.6954,0.4721,2.4721,2.6701,3.0355,1.8985,0.6396,3.8122,2.5127,1.8173,1.9594,0.8477,0.7868,1.0152,3.5228,0.8985,0.6599,2.6294,1.2944,1.9137,2.4772,0.2843,1.736,2.0457,2.1574,1.8071,1.3503,3.4315,1.8832,1.2843,0.5025,1.3553,2.0761,2.0609,2.0406,1.203,1.1929,2.2183,1.4518,0.3299,-0.1929,0.9086,0.3959,1.3807,1.7919,0.1726,-0.0863,2.3452,1.3198,-0.1066,2.2995,1.2944,0.736,0.9797,4.9137,1.2893,1.3807,2.8985,1.8223,2.0812,1.9695,0.8325,1.7919,2.1015,2.3959,1.6193,1.1624,4.6802,2.2132,1.6294,2.1218,1.7766,1.3604,1.1472,5.4264,1.0558,0.3299,2.802,2.9594,3.4518,3.3604,0.8173,2.9289,3.4772,3.4365,2.5025,2.1624,6.1066,3.7563,2.467,2.4822,3.5025,4.3096,6.0102,5,3.6193,3.6041,5.6345,3.0711,1.1675,0.2284,2.5279,1.5685,1.1117,6.934,2.7563,1.7563,5.1523,1.7817,1.0457,1.0051,1.4467,1.6091,1.7817,3.0711,1.3604,0.7563,2.1117,1.8325,0.934,1.0914,0.9746,1.3401,1.0254,2.6193,0.6345,0.0203,1.9543,0.9594,0.9492,0.2944,0.6193,0.8782,0.736,2.1218,0.802,0.1827,0.7665,0.8782,1.0051,1.2183,0.4112,1.2132,0.8477,1.8832,-0.2487,-0.4162,1.7157,0.8528,0.599,2.8426,2.8173,3.665,3.3807,8.6091,2.5025,2.0812,5.3604,4.9442,5.2487,4.5127,1.2335,4.335,6.2335,5.7563,2.9086,1.1015,9.7716,7.1472,3.8376,2.1371,1.5025,2.1726,2.0254,4.731,0.9898,1.1371,4.0305,2.8985,3.0761,2.6802,0.6701,2.8223,3.2234,3.2284,2.2792,1.3655,5.9797,3.7919,2.2741,1.8731,0.7665,0.6701,0.4873,3.7005,0.8629,0.1117,1.6904,1.1015,1.4619,2.1066,0.3046,2.0355,1.9797,2.4518,1.6294,0.6193,3.2944,1.8782,1.6497
1-212.txt_331,1.399,1.9141,1.1263,1.1869,3.6768,1.4646,0.4747,2.3687,1.6818,1.4949,1.7727,1.5303,1.9394,1.197,2.2424,1.202,0.5404,2.5354,0.9545,1.4394,0.9293,1.9545,2.8434,2.4141,4.0202,1.2727,1.5909,3.3586,2.5859,0.5505,0.2071,1.0455,0.5253,1.3333,2.6667,0.7475,0.404,4.2071,1.9242,0.3384,0.6717,2.3081,2.803,2.9091,3.0303,1.6465,1.2576,3.4596,2.5758,1.2323,0.5455,1.5253,1.3788,2.0606,2.7677,0.7323,0.399,3.6263,2.0556,0.6212,1.0202,2.8232,3.8687,4.3788,3.6162,2.3485,2.6515,3.2273,3.2475,0.1869,-0.1111,2.4091,0.7121,1.4293,4.5152,1.1313,0.4949,3.1919,1.303,0.1364,3.5152,3.399,2.8131,3.2677,9.0909,2.8333,1.6869,5.7677,4.0808,5.0606,4.9141,2.2172,4.2929,4.9646,6.803,3.0556,1.4747,9.0404,5.0253,3.7576,0.8737,1.5657,2.5505,2.5051,3.0253,1.1364,1.6111,2.7323,1.5758,0.4293,-0.4545,1.096,0.5455,0.7222,2.0657,0.3232,-0.0404,2.4747,0.9697,0.2273,0.4949,2.0859,3.1616,2.904,1.9747,1.3485,1.7121,1.7222,2.2677,-0.1364,-0.4697,2.0505,0.2778,0.8788,2.2929,0.3737,-0.2172,2.6212,0.9798,-0.3788,1.8434,3.7121,2.5707,3.4394,5.8485,2.3283,2.0707,4.3333,3.8182,2.3333,1.7929,2.7475,2.9394,2.7323,4.6667,1.6364,0.9848,5.5253,2.2626,2.0455,1.4596,2.4899,2.2727,1.6717,5.2475,1.1414,1.0657,3.1717,4.0202,2.3788,2.1616,1.2071,2.4899,2.9242,3.0404,1.3182,0.8687,5.5404,3.6364,1.9545,1.8889,0.5101,0.8131,0.9596,4.1364,0.7121,0.5556,2.1818,1.6364,2.3636,2.8485,0.303,2.3838,3.0253,2.697,2.0303,0.5152,3.6111,2.4192,2.2121,2.101,0.8535,0.7879,1.0051,3.7879,0.8687,0.7323,2.8232,1.5202,1.8182,2.2626,0.5253,1.6667,1.9646,2.1869,2.096,0.9293,3.303,2.1212,1.4141,0.7576,1.3586,1.7323,1.8333,2.3081,0.702,1.1162,2.5758,1.4091,0.4091,-0.0404,0.6616,0.4242,1.3737,1.7475,-0.0455,0.0101,2.4495,1.4747,0.1263,2.2828,1.0556,0.6364,0.8232,4.6818,0.7626,1.1364,2.5303,1.596,2.1667,2,0.6869,1.9697,2.0909,2.3131,1.6263,0.9444,4.1515,2.2424,1.8788,2.2222,1.4091,0.6566,0.2121,5.4242,0.8232,0.0101,2.3939,2.6465,3.399,3.4293,1.101,3.096,3.9394,2.6414,2.3788,1.6515,5.6061,3.9343,2.8535,2.3939,3.3687,3.9747,6.0253,4.8939,3.5909,3.904,5.4697,3.0707,0.8636,0.5202,2.5505,1.2071,1.1566,6.7626,2.7626,1.697,4.5455,1.6667,1.1616,0.9495,1.6869,1.6818,1.7879,2.8636,1.2424,0.904,2.0859,1.7879,0.9899,1.2323,1.2626,1.3283,0.9747,2.7828,0.6869,0.2374,2.3232,0.9848,1.0303,0.3131,0.5606,0.803,0.7778,2.0051,0.5253,0.5202,0.4596,0.8384,0.8283,1.3333,0.3889,0.9293,0.5354,1.5303,0.096,-0.1515,1.1919,0.6162,0.8081,3.0859,2.5101,3.0404,2.5505,9.4949,1.8939,1.8232,4.7929,4.3283,4.9697,4.7828,1.5606,4.2475,5.798,4.9343,2.7323,1.0505,9.4899,6.798,3.9848,2.3434,1.3333,2.0303,1.7626,4.9444,0.8586,0.9747,3.702,3.399,2.8283,2.7475,1.0051,2.9141,3.5303,3.0404,2.2273,1.1061,5.7727,4.1616,2.4848,1.596,0.7222,0.4545,0.6162,3.7273,0.5909,0.3081,1.4394,1.0859,1.5404,2.1869,0.3182,1.7828,2.3737,2.2828,1.5859,0.3384,3.6111,2.1919,1.798
1-212.txt_333,1.4725,1.5604,0.7857,1.2967,3.7802,1.5604,0.4945,2.3022,1.5989,1.6813,1.5549,0.8571,1.5824,1.3352,2.3187,0.8187,0.5549,3.1099,1.0165,1.5275,0.9341,1.6209,2.6593,2.7967,3.967,1,1.6923,3.5659,1.6593,1.033,0.2857,1.1538,0.8242,0.8297,3.7527,0.9231,0.7418,3.544,1.4011,0.544,0.5,2.011,2.8077,2.8516,2.967,1.5055,1.8571,3.6484,1.7143,1.489,0.522,1.5769,1.1099,1.044,3.7308,1.1374,0.7198,3.0714,1.8626,0.2033,1.1154,2.3242,3.522,3.8187,3.6703,1.9451,2.6374,4.0659,2.044,0.978,0.5495,2.3187,0.8297,1.5824,5.4505,1.4615,0.456,3.6703,1.3681,0.2473,4.0604,4.1868,3.6978,3.989,10.2912,3.2418,2.4341,6.8352,4.522,4.9066,4.7967,1.978,4.3516,4.6429,6.5934,3.7253,2.1758,10.2088,4.6209,3.489,1.2692,1.0714,1.8077,2.4066,3.2363,0.6538,1.6978,2.7473,1.3407,0.8462,-0.2143,0.9505,0.4341,0.511,2.9615,0.467,0.0824,2.4011,1.0495,0.3791,0.3407,1.0989,2.5,2.6154,1.3571,0.8571,1.6648,2.4286,1.2912,0.5165,-0.2692,1.5879,0.011,0.2692,2.5989,0.4615,-0.2692,1.7363,0.5714,-0.2692,1.5769,4.1044,2.7912,3.9341,6.022,2.9725,2.3736,5.1264,4.4286,2.5934,1.978,3.2253,2.5385,2.6813,6.1429,1.7253,1.0824,6.022,2.3132,1.8516,1.8571,1.4505,1.7033,1.0659,5.1209,0.0714,0.2692,3.9286,2.1538,2.6868,2.1484,0.3462,1.7418,2.522,4.1264,1.2527,0.8736,4.7582,3.3626,1.7253,1.6978,1.022,0.9451,1.7308,4.9121,1.4725,0.0989,2.6264,2.044,2.1813,2.6154,0.6703,2.6538,2.9011,3.044,1.6319,0.8077,4.1593,2.3187,2.0275,1.9066,1.0714,0.6538,1.1868,4.4121,1.1813,0.2143,2.8407,2.0934,1.7527,2.0604,0.4121,2.0275,2.0659,2.2308,1.6703,1.2088,3.8571,1.9011,1.7253,0.4066,1.2253,2.011,2.2912,1.8901,0.5604,1.1429,2.456,0.7582,0.5604,-0.467,0.8352,-0.0055,0.522,1.8791,0.3297,0.4615,2.5824,1.456,-0.0714,1.9725,1.011,0.4011,0.9835,4.5495,1.0989,0.522,2.989,1.7308,1.8462,1.8901,0.9176,2.5714,1.5714,2.6429,1.2582,1.0549,3.3956,1.6374,1.4341,1.7363,1.5714,0.6648,0.9121,5.5385,0.6319,-0.5,2.6154,2.5714,3.2363,3.1374,0.2143,3.2473,3.1264,3.1154,2.1319,1.989,5.8077,3.0879,2.9341,2.3297,4.0275,3.6978,5.6429,6.3956,3.7747,3.5495,6.2747,3.5055,1.7527,1.2747,2.7088,1.8791,1.4176,6.9231,2.8022,1.6484,6.8791,2.5824,1.0659,0.9505,1.6868,2,2.3077,3,1.2912,0.967,2.5604,1.456,1.0275,0.8352,1.0824,1.044,0.3846,3.3352,0.7143,-0.1429,2.5055,0.8352,0.533,0.2253,0.489,1.2418,1.1484,2.7527,0.3077,0.1978,0.7088,0.7527,1.0604,1.1538,0.511,1.2143,0.8846,2.2637,-0.0385,-0.3516,1.9286,0.8462,0.6319,3.456,3.6044,2.9945,3.5934,9.4066,2.1648,1.4396,6.9945,4.8571,4.489,3.9176,2.0385,3.6374,4.3077,6.7143,2.7692,1.6374,9.2527,5.4945,3.6209,1.9341,1.8626,1.6154,1.6154,4.989,0.1484,0.3297,3.4176,2.8462,3.0549,2.8407,0.5549,2.7747,2.6044,3.2692,1.9176,1.6703,5.033,3.4505,2.6538,1.5824,0.7143,0.5385,0.4121,3.9835,0.4011,-0.6703,1.7033,0.7363,1.6099,2.4011,0.0879,2.2912,2.022,2.0165,0.9835,0.4121,3.011,1.9615,1.9231
1-212.txt_335,0.9756,1.5793,0.8232,1.5671,3.0976,1.3537,1.1707,1.9817,1.2683,1.5915,1.1707,1.4939,1.5,0.5366,2.2988,0.9878,1.1585,1.7622,0.0366,1.1098,0.8537,2.1463,2.7317,2.622,3.6585,1.4146,1.6402,2.7744,2.3415,1.4817,0.5366,1.3963,1.5366,1.7073,4.0854,0.9512,0.6341,4.0854,2.0793,1.1098,0.6098,2.6524,3.0122,2.9817,2.8963,1.6829,1.878,3.5061,2.939,1.9207,0.4512,1.3232,1.939,1.9146,3.25,0.7622,0.3232,2.2622,2.7134,1.3049,0.6951,3.0732,4.3963,4.8841,3.4146,2.3476,2.7927,4.1159,3.0061,1.1768,-0.7683,1.5793,1.0427,0.5671,5.1646,1.439,0.7683,2.8659,2.3049,0.6585,2.6159,3.8476,2.7317,3.622,8.7561,3.0061,2.5427,4.5549,3.7317,4.939,4.3841,2.0488,4.0061,4.5366,5.5244,2.1037,1.1768,7.8902,4.2195,3.1341,0.5732,1.8963,2.3232,2.2439,2.4146,0.7927,1.1585,1.9329,1.2622,1.6829,0.2012,1.1098,0.9695,1.2988,3.2866,0.3354,0.4756,2.3659,1.5671,1.2317,0.2927,2.2073,3.1341,3.2866,2.4695,0.9024,1.5305,2.2012,1.9329,1.2927,-0.0549,1.75,0.7134,0.8963,3.2988,0.2988,0.1768,2.3841,2.128,0.7195,1.2866,3.9207,3.1341,3.7073,4.9756,2.2317,2.8049,4.3537,3.5793,2.4695,1.3232,2.5366,2.2317,1.7073,4.8415,1.7561,1.4329,4.1402,2.2256,1.939,1.2317,2.9268,3.0366,2.4451,4.1768,1.4268,1.7927,3.2317,3.3841,2.7317,1.5061,1.3841,2.4512,2.6159,3.7256,1.689,1.0793,5.0976,3.6707,1.5305,2.4146,1.1463,0.9085,1.622,4.5,1.6768,1.3598,2.5427,2.1829,2.4878,2.4268,1.2622,2.2988,2.7073,3.2927,1.7317,0.6159,4.3598,1.9146,1.7439,2.0427,0.5244,0.122,0.8171,3.0488,0.6707,0.8659,2.2195,1.061,1.9085,2.3598,1.0122,1.7988,2.2561,1.878,0.9939,0.378,3.7561,1.6646,1.2622,0.7134,1.6402,2.0732,2.1768,1.8598,0.4939,1.0427,2.1037,1.061,1.1524,0.122,0.75,0.9024,1.2866,2.7256,0.6402,0.3293,1.9146,1.0854,0.7317,1.8659,1.2866,0.7256,1.2622,4.1524,0.8841,1.6951,2.4329,1.7317,2.122,1.4146,1.5976,1.5671,2.378,2.622,1.0183,0.8841,4.4451,1.9695,1.5976,2.0183,1.4329,1.2683,1.3415,3.9268,1.6646,0.9451,2.6159,2.5549,2.5488,3.4207,1.1402,2.5915,2.8902,2.8049,2.0427,1.1159,5.9085,3.378,1.872,2.2073,3.6159,4.5793,5.1707,4.8415,2.9085,2.8476,5.1829,3.3841,2.1585,1.0305,2.1341,2.128,1.5305,6.3659,2.2317,1.811,5.5549,2.3963,1.561,0.5793,1.8171,1.5488,1.8171,2.3049,0.6829,0.7927,1.3476,1.6159,1.4878,0.75,1.0183,0.9756,0.6585,2.1159,0.2927,0.372,1.1341,0.7622,1.1524,-0.1341,0.7012,0.5976,0.6037,1.7012,0.2988,0.1341,0.5488,1.1037,1.1402,0.8171,0.2439,1.0427,1.0976,1.0122,-0.1159,0.0793,1.622,1.0549,0.689,2.4756,3.4695,3.6098,3.5793,6.9146,2.2866,2.9268,5.1524,4.4756,4.9268,4.4817,1.8659,4.4695,5.2622,5.5854,2.189,0.7866,8.3537,6.1098,3.5183,2.2744,1.9329,2.6037,2.3354,4.3171,1.939,1.9146,3.8354,3.0793,2.7073,2.378,1.3902,2.6341,1.9878,3.1159,2.4268,1.4146,5.378,3.3354,2.0122,1.6402,0.5183,-0.0305,0.6098,3.4207,0.811,0.6829,1.4939,1.439,1.9085,2.2012,0.5305,2.0732,2.3841,1.872,0.9756,0.3232,3.5488,1.7744,1.5671
1-212.txt_337,0.8034,1.0887,0.5971,0.8393,2.0216,0.8633,0.5468,1.0624,1.0552,0.9928,1.0192,0.964,0.9017,0.717,1.5444,0.5084,0.53,1.7434,0.8297,0.8609,0.4988,1.5707,2.2734,2.8153,2.7458,1.2206,1.7722,2.3046,1.7626,1.1847,0.4436,1.5036,0.6427,1.0863,2.1655,0.7746,0.3669,3.012,1.3405,0.6475,0.5923,1.5492,2.012,2.3453,2.8465,1.1031,1.3813,2.3957,1.6283,1.705,1.1247,1.3405,1.1823,1.9688,1.9904,0.6715,0.53,3.3885,1.9904,0.9784,0.9472,2.1247,2.6954,3.247,3.4197,1.5204,1.9185,2.9568,2.1247,1.7962,1.0288,2.0695,1.2638,2.2542,2.9089,1.0384,0.7266,4.1918,2.0336,1.199,2.0887,3.0432,2.9137,3.3981,6.789,2.2854,1.9185,4.0408,3.5012,4.2926,3.6811,2.1439,3.4341,4.2278,4.1607,2.0647,1.7026,7.1918,4.2518,3.2782,0.6619,1.1799,1.5396,1.9784,1.8681,0.7578,1.259,1.8753,1.2134,0.9329,0.3741,0.9544,0.5348,0.7962,1.1031,0.4892,0.307,2.0312,1.0216,0.6667,0.4556,1.2998,1.8177,2.1679,1.5947,0.9784,1.4077,1.9089,1.1415,0.729,0.3118,1.2446,0.3645,0.8777,0.8297,0.3957,0.1103,1.94,0.8729,0.3237,0.8441,2.5588,1.8153,2.3621,4.4436,1.7866,1.518,2.7002,2.542,2.4341,2.1223,2.0767,1.9496,2.5971,3.06,0.8153,0.7002,4.9736,2.5348,1.8034,0.9137,1.4772,1.6187,1.7122,3.6859,0.3717,0.5228,2.7242,2.3022,2.4892,2.0695,0.8897,1.8321,2.7698,1.5659,0.8465,0.9353,4.0624,2.729,1.6187,1.4053,1.3022,1.5707,1.8993,3.976,1.0384,0.8225,2.0264,2.0072,2.8633,2.7146,1.1894,2.2758,3.0504,2.1871,0.9712,0.9041,3.6211,2.458,2.3381,1.2614,0.9065,1.0719,1.4388,3.518,0.4988,0.4652,1.9257,1.4916,2.2854,2.3549,0.7146,1.7266,2.4556,1.6115,0.8777,0.8058,3.1415,1.8585,1.7674,0.4341,1.307,1.8729,2.5683,1.8034,1.0815,1.4796,2.012,1.3813,0.7578,0.0959,1.1511,0.2854,0.8993,1.223,0.5755,0.2734,2.3309,1.3213,0.1583,1.0863,0.8897,0.9592,1.2542,3.3741,0.5492,0.6235,1.7098,1.5204,2.1079,1.8801,0.6379,1.5228,1.9784,1.7386,0.7098,0.705,2.9281,1.7506,1.6403,0.9736,1.8369,1.693,1.9233,4.4436,1.0384,0.53,2.3357,2.5707,3.2806,3.0072,1.1487,2.307,3.6067,2.1175,1.1918,1.1199,4.7362,3.3765,2.4724,1.5444,2.1079,2.4005,3.4892,3.4868,2.0767,2.2158,3.3429,2.1535,1.012,0.5204,1.6691,1.036,1.1031,3.0624,1.729,1.3381,4.2398,1.8201,0.8201,0.5899,1,1.0216,1.0695,1.7314,0.8321,0.5372,0.9904,0.717,0.9376,0.9041,0.8633,0.9017,0.4676,1.6715,0.4508,0.4125,1.6619,0.6787,0.705,0.2758,0.3861,0.7242,0.7122,1.7818,0.2518,0.1391,0.2878,0.5851,1.0384,1.2542,0.4772,0.9496,0.6523,1.2086,0.1439,0.2446,1.3765,0.7386,0.8129,1.8633,2.9281,3.1631,3.8729,7.012,1.7938,1.7098,5.3597,4.048,4.458,3.6595,2.1487,3.2158,5.0647,3.6355,1.6451,0.9568,7.7746,5.048,3.2446,1.2806,1.7746,2.0048,2.1319,4.1175,0.6475,0.6763,3.0048,2.4796,3.1871,2.7218,1.0815,2.1631,3.1655,1.7986,1.2374,1.2014,4.446,3.1367,2.2422,1.0552,0.9712,0.8849,1.0144,3.1343,0.6643,0.2974,1.211,1.4269,2.1751,2.3741,0.6882,2,2.2686,1.47,0.7122,0.5875,2.9161,2.1223,1.7962
1-212.txt_339,1.6,1.4095,0.9048,1.1429,3.6619,1.419,0.5619,2.4667,1.5333,1.2667,1.5524,0.819,1.7619,1.2,2.1286,1.3619,0.881,2.4238,0.8,1.3857,0.9667,1.9857,2.7476,2.9952,4.1,1.3476,1.681,3.1571,2.2286,0.781,-0.1429,1.2619,0.5048,1.0381,3.2762,0.9143,0.7,3.4333,1.7286,0.4238,0.6143,1.9333,2.5714,2.7619,3.9524,1.6048,1.2524,3.1952,2.3524,1.5238,0.4238,1.2857,1.2429,1.9571,3.1048,1.0714,0.5476,2.8714,2.181,0.8429,0.8667,2.8048,3.7476,3.9429,3.7714,2.5571,2.4571,3.0667,3.0571,0.681,-0.2095,2.4524,0.6905,1.3714,4.0952,1.4143,0.8238,3.2095,1.3667,0.3333,3.3571,3.281,3.0476,3.1571,9.0714,3.3143,1.5238,5.1905,3.8619,4.9048,4.3333,2.2048,4.2476,5.0667,6.5095,3.3571,1.6,8.6714,4.8381,3.5476,0.9619,2.019,2.7333,2.7905,3.0143,0.8095,1.4,2.7952,1.7333,0.4524,-0.7476,1.2143,0.3619,0.4762,2.1381,0.5571,0.3762,2.3714,0.9762,0.1857,0.3714,1.6524,2.5048,2.681,1.9571,0.9952,1.3381,1.6905,1.719,0.2286,-0.6048,1.5095,0.1714,0.5095,1.7286,0.1476,-0.1333,1.8381,0.7095,-0.2048,1.9714,3.6333,2.881,3.281,5.8476,2.6095,1.9571,4.681,3.9476,2.3333,2.0476,2.8571,2.8619,2.7,4.7857,2.1381,1.4476,5.3381,2.1905,2.0571,1.3762,2.3476,2.3762,2.019,4.7238,0.5667,0.8,3.3619,2.9667,1.9905,1.5619,1.1952,1.9381,2.7952,3.3333,1.5048,0.9286,5.019,3.8333,1.3714,2.0476,0.5714,0.8048,1.081,3.7238,1.0286,0.2429,2.6095,1.4476,2.6524,2.8286,0.5381,2.2571,2.819,2.7762,1.7524,0.781,3.581,2.5429,1.9952,1.8762,0.4095,0.381,0.7143,3.1952,0.5476,0.2619,2.6571,0.9714,2.019,2.6762,0.0048,1.5,1.9333,1.7333,1.5429,0.8714,3.2286,1.9571,1.6048,0.581,1.5048,1.8714,2.3143,1.9143,0.981,1.4048,2.3667,1.1905,0.2524,-0.4857,0.9381,0.2095,0.8429,1.8667,0.2476,0.1667,2.3286,1.3286,-0.1524,2.0238,1.0095,0.4905,0.8714,3.8571,0.9238,0.6524,2.7476,1.4143,2.0857,1.8095,0.7476,1.6429,1.8619,2.5381,1.2238,0.7524,3.9333,1.9381,1.6952,1.7905,1.2571,0.8952,0.7286,4.4905,0.619,-0.3286,2.6143,2.4095,3.1857,3.3619,0.8095,2.6714,3.4381,3.0286,2.4286,1.6381,5.6762,4.0143,2.7429,2.3667,3.8857,4.1,5.4762,4.7571,3.3762,3.2952,5.3667,3.2905,0.8476,0.2857,2.6,1.1905,0.8619,6.319,2.619,1.5905,4.7476,1.7714,0.8714,1.2095,1.9286,1.7714,2.1143,2.7476,1.5476,1.1714,2.1857,1.8381,0.8381,0.7238,1.2381,0.9952,0.7,2.6619,1.0238,0.4476,1.9857,0.9619,0.9095,0.1381,0.4762,0.8095,0.9095,2.3143,0.7524,0.2905,0.4762,0.9905,1.0667,1.1048,0.2667,1.1857,0.7667,1.4333,0.1238,-0.019,1.8,0.9476,0.4905,3.1286,3.0714,3.5238,3.1238,8.1571,1.9286,1.5095,5.581,4.4905,4.7429,4.119,1.9905,3.6714,4.9048,4.8048,2.6667,1.3476,8.9714,5.8952,3.819,2.019,1.6714,2.2714,1.8667,4.619,0.7048,0.7619,3.8333,2.9905,3.0143,2.5905,1.181,3.0143,3.1048,3.0905,2.1857,1.4333,5.3429,4.019,2.3524,1.5095,0.7048,0.3714,0.5429,3.4143,0.6476,-0.1571,1.7143,1.3524,1.819,2.381,0.219,2.0762,2.1429,2.3524,1.4143,0.3524,3.4286,2.3,1.6286
1-212.txt_341,1.4242,1.5556,0.9192,1.0606,4.2525,1.1616,0.2778,2.2424,1.601,1.7677,1.601,1.1717,1.8434,1.2525,2.0202,1.2879,0.899,2.4242,0.7879,1.7222,0.803,1.7626,2.6162,2.6566,4.0657,1.1162,1.2576,2.7424,2.1768,0.8586,0.2576,1.2172,0.5808,1.4646,2.6818,0.904,0.702,3.1717,1.5303,0.5808,0.5354,1.7879,2.6919,2.5909,3.8687,1.3434,0.9444,2.9141,2.4747,1.4444,0.5505,1.2727,1.3384,2.3535,2.3889,0.8889,0.2626,3.1263,2.1212,0.6818,0.7828,2.4949,3.8586,3.8939,3.4343,2.5253,2.2071,2.8535,3.0556,0.4596,-0.1717,2.2626,0.6465,1.4545,3.9747,1.197,0.4697,3.2273,1.1465,0.2071,3.6768,3.4192,3.0101,3.2879,10.0505,2.6111,1.5707,5.7071,4.2727,5.4293,4.8333,1.9293,4.702,5.5455,6.798,3.1515,1.7929,9.0354,5.2626,4.1667,0.8687,1.5404,2.3687,2.7475,2.9899,0.9091,1.3939,2.5556,1.6061,0.6313,-0.5455,1.101,0.5253,0.8434,1.8131,0.4495,0.2929,2.3434,0.7677,0.4141,0.202,1.7071,2.7222,2.6768,1.5606,1.2828,1.4747,1.4141,1.8687,0.0404,-0.7374,1.904,0.1566,0.3687,1.6111,0.1768,-0.4697,1.6566,0.3939,-0.1162,1.8535,3.2778,2.5,3,6.2727,2.2576,1.6313,4.4596,3.6465,2.4899,2.2929,2.7828,2.7929,3.0101,4.4949,1.9596,1.3283,5.3485,1.8384,2.0303,1.4141,2.2677,1.9343,1.7677,5.1616,0.6162,0.5758,3.4848,3.101,2.4242,1.9848,1.0303,2.0202,3.2071,2.7273,1.2475,0.6919,5.2475,3.5101,1.7323,2.2121,0.7071,1.0859,1.101,4.5455,1.298,0.5808,2.5859,1.7172,2.6162,2.7424,0.3889,2.3939,2.8333,3.2172,2.0152,0.8586,3.5556,2.5606,2.2323,2.1616,0.7525,0.7576,1.1414,3.4596,0.697,0.6111,3.0606,1.298,1.904,2.4242,0.2172,1.6313,2.0303,2.0707,1.9293,1.1515,3.3283,1.9848,1.4394,0.3535,1.0556,1.5909,1.8182,2.0909,0.8081,0.7778,1.8283,1.0859,0.2323,-0.0354,0.7727,0.3889,1.3939,1.2778,0.0404,-0.0505,1.9444,1.2475,-0.2121,2.1818,0.9697,0.5859,0.8182,4.4747,0.8939,0.7626,2.6818,1.1566,2.1364,1.8232,0.8485,1.7727,2.1212,2.6263,1.4596,1.1061,3.9242,1.7626,1.8535,2.2172,1.3788,1.0354,0.8485,5.298,0.8838,0.1111,3.1111,2.702,3.5202,3.4192,0.7374,2.8182,3.5808,3.3434,2.6465,1.8636,5.7677,4.1162,2.8788,2.4242,3.5303,3.9343,5.4899,5.0909,3.5354,2.9192,5.0808,2.5859,1.0253,0.3182,2.2071,1.096,0.803,6.3131,2.8131,1.7222,4.7121,1.1364,1.1313,1.0505,1.7071,1.8636,2.2475,3.399,1.3131,1.0253,2.1919,1.702,0.8939,0.7879,1.2677,1.1162,0.9141,2.3939,0.9293,0.3788,1.904,0.7626,1.0253,-0.0253,0.4848,0.5707,0.7727,2.601,0.4596,-0.1515,0.4141,0.6768,1.298,1.3182,0.3182,1.3687,1.1212,1.596,-0.0808,-0.2879,1.601,0.8131,0.9242,3.1869,2.7677,3.0808,2.5303,9.1212,1.8737,1.6616,5.5657,4.3182,4.8485,4.3838,1.1616,3.7121,5.4495,4.5657,3.0505,1.5758,8.0253,5.9192,3.9646,2.096,1.5455,1.9343,1.7677,4.4444,0.6717,1.1717,3.6414,2.8384,3.1162,2.4495,0.7273,2.702,3.1717,2.8636,2.1465,1.4899,4.7828,3.8232,2.3939,1.5808,0.9141,0.7929,0.9091,3.9343,1.0101,0.3586,1.5051,1.0606,1.8535,2.2727,0.5505,2.1061,2.5,2.7121,1.6111,0.3384,3.3687,2.3081,1.798
1-212.txt_343,1.4545,1.4394,0.9192,1.3283,3.9242,0.9343,0.3687,2.3636,1.4242,1.596,1.7879,0.8434,1.8081,1.4293,2.2071,1.3434,0.904,2.7475,0.7475,1.7172,0.899,1.6768,2.5808,2.5404,4.2525,1.298,1.4596,2.8838,2.3889,0.8586,0.197,1.2778,0.4192,1.298,2.7475,0.9242,0.7071,3.7121,1.5253,0.6869,0.4899,1.9545,2.6768,2.5859,3.601,1.7374,1.3283,3.2828,2.5253,1.3131,0.3939,1.3535,1.2424,1.8333,2.5707,0.9091,0.3737,3.1212,1.8889,0.6414,0.8838,2.4949,3.8889,4.0354,3.3788,2.4848,2.5758,3.2475,2.9444,0.3838,-0.1414,2.4495,0.5404,1.3081,4.2475,1.2475,0.4343,3.2828,1.1667,0.0657,3.9798,3.3283,2.9949,3.3182,9.096,2.6313,1.3434,5.6768,3.5455,5.1919,4.8434,1.7273,4.6515,4.7879,7.0505,3.1919,1.9242,9.1162,4.8889,4.0101,0.8939,1.5,2.3384,2.6919,3.0556,0.9899,1.4091,2.6162,1.5505,0.3283,-0.5859,1.0859,0.5253,0.7374,1.9545,0.4091,0.2929,2.4747,0.8131,0.4242,0.3636,1.7475,2.9747,2.9343,1.803,1.3182,1.6768,2.1263,2.0859,-0.2525,-0.7525,2.0556,-0.0051,0.3333,1.899,0.1364,-0.2677,1.8485,0.5404,-0.1515,1.7677,3.4848,2.7525,3.2626,6.0303,2.2071,1.8384,4.6919,3.5101,2.2222,2.0758,2.8131,2.7121,3.0455,4.6414,1.8737,1.3788,5.3485,2.0859,1.9646,1.4242,2.3232,1.8939,1.6162,4.8586,0.8586,0.7172,3.5303,3.202,2.3636,1.798,1.3586,1.7879,2.9141,2.8687,1.197,0.7525,5.1313,3.5202,1.7323,2.1717,0.6616,0.803,0.7626,4.3081,0.9293,0.5455,2.0657,1.4747,2.899,2.8232,0.3535,2.6869,2.9545,2.6465,1.6919,0.9444,3.4848,2.5606,2.3889,2.096,0.7929,0.5606,0.8586,3.6162,0.6111,0.6263,2.399,1.1364,2.0606,2.3333,0.2677,2.0657,2.1717,2.0152,1.899,1.1212,2.8283,1.8636,1.7273,0.3434,1.1364,1.7222,2.0202,2.0152,0.7576,0.9394,2.1616,1.3131,0.1313,-0.2727,0.9596,0.096,1.2626,1.5859,0.202,0.0707,2.1919,1.2525,0.0303,2.0303,1.1616,0.404,0.5303,4.0909,0.8081,0.7424,2.1919,1.0707,2.3535,1.8687,0.8737,2.1717,2.0101,2.5657,1.2273,1.0202,3.6364,1.5909,2.0152,2.3384,1.5202,1.1667,0.6818,5.4848,0.8232,0.0303,2.7778,2.6111,3.202,3.2778,0.8182,2.7121,3.3485,2.7727,2.5455,1.7424,5.2828,3.803,2.899,2.3081,3.4697,4.1919,5.6515,4.8485,3.4192,3.4646,5.2677,2.7424,0.8788,0.1869,2.601,0.904,1.1162,6.2424,2.8737,1.7121,4.5657,1.4242,1.0909,1.0606,1.7172,1.803,2.1768,2.9242,1.3384,1.1313,2.3131,1.6061,0.6616,0.8586,1.3333,1.0303,0.7222,2.596,0.9495,0.4192,1.9949,0.7323,0.798,0.1717,0.6818,0.6364,0.7525,2.6061,0.6263,0.202,0.6667,0.5101,1.0859,1.2323,0.4596,1.2071,0.702,1.3889,0.0909,-0.1667,1.4192,0.6566,0.8384,3.1515,2.9495,3.2222,2.7525,8.8788,1.9899,1.3687,5.2424,4.1869,4.7879,4.2929,1.5051,3.5354,5.6212,4.1869,2.6364,1.0707,7.9949,5.5758,3.596,2.197,1.6212,2.2323,1.9141,4.4747,0.8384,1.1162,3.7677,2.798,2.6768,2.1667,0.9141,2.1818,2.899,2.8535,2.0859,1.3182,4.5,3.803,2.2929,1.6162,0.7677,0.6768,0.8232,3.6111,0.7929,0.4394,1.5,1.2172,1.9444,2.3232,0.4596,2.1212,2.3232,2.596,1.4798,0.5152,3.3535,2.3434,1.6162
1-212.txt_345,1.203,1.8832,1.1624,1.2944,3.6751,1.467,0.5279,2.3858,1.5178,1.3452,1.3299,1.2589,1.7208,0.9848,2.3452,1.2437,0.9442,2.4061,0.5685,1.2843,0.7868,1.7817,2.8477,2.4467,4.0914,1.6244,1.8883,2.9645,2.3959,1.0964,0.1929,0.9898,0.8071,1.5381,2.9594,0.9391,0.6447,3.8528,1.7208,0.5888,0.6396,2.0457,2.9645,3.0609,3.3959,1.7005,1.665,3.5025,2.0508,1.6041,0.269,1.2386,1.5584,2.0558,2.9848,1.1218,0.4518,3.3503,1.7817,0.736,0.8528,2.4822,3.797,3.797,3.8426,2.2335,2.4365,3.2589,2.3655,1.1878,-0.0609,1.9898,1.1472,1.802,4.2944,1.3401,0.5838,2.9391,1.0914,0.4822,3.269,3.1878,2.7817,3.5076,9.5787,3.0102,2.0051,5.6345,3.9036,5.0914,4.4822,1.7259,4.3401,5.0711,6.5025,2.8426,1.7005,8.868,4.9391,3.7157,1.0863,1.6853,2.5635,2.5178,3.1726,1.0964,1.5888,2.7563,1.2183,1.0406,-0.3604,1.1218,0.6294,1.0051,2.0812,0.6193,0.3401,2.5888,0.802,0.6091,0.5939,2.0355,3.0508,2.7208,2.4924,1.5533,1.6548,1.9848,1.5838,0.5939,-0.6345,1.7665,0.5787,0.6244,2.3249,0.6041,0.0508,2.1827,0.4162,0.2843,1.6701,3.6853,2.7665,3.3198,5.7614,2.7005,2.2843,4.5787,3.9239,2.4467,1.9543,2.8426,2.9391,3.2741,4.7563,1.6345,1.4264,5.3503,2.1472,1.8629,1.3706,2.3807,2.1421,1.9137,4.8274,1.0203,0.934,3.2589,3,1.9949,1.8477,1.1117,2.1117,3.1117,3.1523,1.1827,0.9543,5.8173,3.335,1.2234,1.9239,0.8122,1.0761,1.1878,4.0508,1.3909,0.7665,2.6294,2.2995,1.8426,2.3096,0.5228,1.8629,2.6751,3.1777,2.0406,0.4873,3.9239,2.802,1.7259,1.9239,0.6294,0.3858,0.7513,3.1624,0.8883,0.7716,2.5127,1.5431,1.665,2.2284,0.2234,1.3147,1.8325,2.3096,1.8071,1.0305,3.3909,1.9949,1.3807,0.6802,1.1777,2.0406,2.203,2.1523,1.0914,1.4112,2.0761,1.1269,0.5533,-0.4315,0.6193,0.3807,1.0812,1.7411,0.3096,0.1218,2.1777,0.8071,0.0305,1.9949,1.0203,0.8832,0.802,4.2893,0.9695,1.1929,2.6954,1.7665,1.9746,1.8477,0.7563,1.5939,1.8629,2.5127,1.4822,1,4.4315,2.2792,1.5939,2.1218,1.2741,0.9898,1.0254,4.9036,1.0812,0.5178,2.7766,2.5127,2.8832,3.1168,0.6954,2.6091,3.3959,3.6294,2.5787,1.9391,6.1066,3.8731,2.5635,2.6853,3.8477,4.1523,5.934,5.7107,3.3046,3.6701,5.8071,2.665,1.2132,0.6345,2.5533,1.3046,1.1168,6.6244,2.8071,1.9492,4.8832,1.4924,1.3858,0.8934,1.8477,1.7107,1.9492,2.8985,1.2792,1,1.9746,1.4112,1.066,1.1371,1.1472,1.2995,0.9949,2.6244,0.6853,0.4569,2,0.9442,1.0102,0.1421,0.4467,0.8223,0.7766,2.3452,0.5228,0.1827,0.5838,0.7563,1.264,1.4569,0.3046,1.533,0.8579,1.8426,-0.066,-0.1574,1.731,0.9137,0.8325,2.6041,2.7005,3.2893,2.7868,8.264,2.4315,2.2335,5.5939,3.9645,5.1777,4.4822,1.3096,4.467,5.6599,5.6701,2.7411,1.4264,9.7259,6.4619,3.8376,2.0711,1.4772,2.1675,1.802,4.3046,0.9036,0.9898,3.7919,2.6447,2.8832,2.6497,0.8071,2.8426,3.2234,3.4924,2.1472,1.4924,5.8782,3.7513,2.2538,1.5888,0.9695,0.7563,0.7563,3.4467,0.868,0.1624,1.6497,1.4721,1.3401,2.0102,0.4924,1.6548,2.0558,2.8934,1.7005,0.4518,3.5685,2.2741,1.5533
1-212.txt_347,1.2415,1.8357,0.9614,1.2657,3.4831,1.7826,0.43,2.0145,1.5556,1.4783,1.6715,1.3961,1.8309,0.9855,2.3913,1.029,0.7246,2.57,0.7729,1.2367,0.8937,1.8889,2.8164,2.628,3.8406,1.3623,1.5894,3.087,2.7923,0.5121,0.0386,1.1159,0.1643,1.3865,3,0.7101,0.3816,3.942,1.7971,0.0918,0.6329,2.087,2.4444,2.7053,3.1256,1.5942,1.2077,3.0386,2.9565,1.3768,0.4251,1.372,1.029,2.401,2.8261,0.5217,0.2271,3.3527,2.1208,0.5845,1.0966,2.8068,3.5121,4.0338,3.1401,2.5072,2.3285,3.2754,3.3188,0.4638,-0.3478,2.2029,0.5121,1.7874,4.0966,0.9565,0.3527,2.7923,1.3188,0.0242,3.4734,3.2319,2.6039,3.2077,9.0725,3.0193,1.5411,5.5169,4.1739,5.0725,4.6812,1.9469,4.0483,4.7343,6.3285,2.8164,1.599,8.686,4.7391,3.4203,0.8406,1.5845,2.6618,2.6377,3.0242,1.3816,1.7681,2.744,2.1643,0.4203,-0.4686,1.0918,0.343,0.9324,2.3671,0.4058,0.058,2.4928,1.1014,0.1304,0.5797,1.8937,3.0531,2.6232,1.5797,1.5266,1.4396,1.9227,2.4541,-0.0773,-0.7633,1.7005,0.1498,0.8261,2.314,0.2464,-0.372,2.2029,0.913,-0.1691,1.8357,3.4541,2.4686,3.1546,5.4879,2.6763,1.7729,4.3092,3.715,2.0338,1.628,2.8551,2.6329,2.4493,4.4155,1.5845,1.2222,5.343,1.9758,1.8164,1.4106,2.4831,2.7005,1.9614,4.6425,1.2222,1.1981,3.3043,3.7391,1.7633,1.8068,1.372,2.0483,3.0193,3.2077,1.3816,0.7198,5.4203,3.3092,1.2077,1.8406,0.5266,0.8792,0.9179,4.0676,0.8551,0.715,2.1691,1.6425,2.1981,2.6667,0.2899,2.0193,2.7005,2.9179,1.8406,0.6329,3.5797,2.3816,1.9807,1.9469,0.6908,0.7778,1.029,3.7101,0.6957,0.8599,2.4734,1.1449,1.7295,2.1787,0.3671,1.3382,1.6425,2.2802,1.9807,0.9903,3.1353,1.8406,1.2512,0.6329,1.314,1.8889,1.9227,2.1546,0.8889,1.2995,2.1256,1.4348,0.3092,-0.2415,0.5507,0.0725,1.3043,2.1208,0.0821,-0.1159,2.1739,1.3285,-0.0773,2.1401,0.8986,0.5169,0.7295,4.1111,0.599,0.9952,2.3913,1.3671,1.7488,1.7729,0.4928,1.5169,1.4831,2.5894,1.4396,0.8792,3.5556,1.744,1.4638,2.1884,1.5749,1.1256,0.4831,5.1304,0.7633,0.3237,2.2899,2.6667,2.8986,3.2126,1.2609,2.7536,3.7585,3.1208,2.4686,1.8937,5.6087,3.9469,2.6232,2.3961,3.4155,4.058,5.628,4.6377,3.628,3.4976,5.3575,2.913,0.9758,0.2947,2.4493,1.0725,1.1014,6.1208,2.3913,1.6184,4.686,1.401,1.1111,0.913,1.4686,1.372,1.6087,2.5797,1.3768,0.744,1.8164,1.6522,0.9372,1.1691,1.1594,1.0193,0.7488,2.7101,0.4734,0.1063,2.0435,0.6812,0.8551,0.1401,0.4879,0.5894,0.7536,1.7295,0.5459,0.1787,0.4734,0.8986,1.0821,1.43,0.314,1.1063,0.6232,1.7536,-0.2126,-0.3575,1.5024,0.7343,0.6715,2.971,2.7295,3.5169,3.1304,8.2367,2.5024,2.1594,5.3285,4.4783,4.4058,4.1691,1.7391,3.4976,5.3285,5.2415,2.5556,1.285,9.1159,6.1449,3.1498,2.1304,1.4734,2.2754,1.7246,4.4976,0.6522,0.8986,3.5507,2.8986,2.6329,2.5266,0.8261,2.6763,3.4541,2.7585,2.0193,1.3237,5.4541,3.9179,2.1449,1.3913,0.6667,0.5362,0.4589,3.3188,0.5024,-0.0628,1.2802,1.0918,1.4493,2.1208,0.1787,1.7971,2.0966,2.1932,1.3671,0.372,3.256,1.9952,1.3237
1-212.txt_349,1.5628,1.1585,0.8798,1,3.9126,1.3115,0.3388,2.4153,1.8798,1.2459,1.6448,0.9727,1.6885,1.6721,2.388,1.1202,0.6448,3.0437,1.1694,1.4208,0.388,1.6175,2.8197,3.2404,4.2568,0.9563,1.8087,3.2896,1.4317,1.0765,0.082,1.235,1.1475,0.7814,3.6175,0.5519,0.6885,3.8634,1.2951,0.0984,0.3661,1.6776,3.1421,3.3224,3.9672,1.4918,1.9508,3.9617,2.0219,1.4153,0.3115,1.4044,0.8798,1.5137,3.8197,1.1148,0.5956,4.0273,2.4973,0.1913,0.6284,2.6885,4.1858,4.5738,3.8798,2.3443,2.7705,4.3169,2.7869,1.0164,0.0164,2.5574,0.7322,1.6284,5.5464,1.2951,0.6448,4.377,2.2186,0,4.1257,3.9945,3.7923,4.0328,11.388,3.5902,2.1913,6.612,4.6339,4.9672,5.4426,2.3607,4.6776,5.1148,7.3934,3.2951,2.2732,10.5902,4.9945,4.1421,0.929,1.1694,2.1366,2.6448,2.9617,0.623,1.4645,2.6831,1.6339,0.7923,-0.3497,1.1858,0.4208,0.6503,2.7213,0.2732,0.0984,2.6831,1.3224,-0.0656,0.1475,1.3115,2.8634,3.0109,2.2186,1.1366,1.7268,2.1639,1.6776,0.3716,-0.7158,1.8033,0.1038,0.5628,2.3388,0.4317,-0.0984,1.9672,1.2077,-0.8033,1.8142,3.776,3.0765,3.3825,6.9727,2.6393,2.082,5.1311,4.1585,2.7322,2.3716,3.082,2.7978,3.4044,5.8361,1.4372,1.0765,5.8087,2.8361,2.0874,1.1311,1.5246,1.9727,1.9071,5.2404,0.2787,0.4918,3.7158,2.8033,2.2131,1.5355,0.4153,2.0164,3.082,3.765,1.224,0.8306,5.3005,3.7705,1.153,2.2077,0.9508,1.0437,0.9508,4.5519,1.2842,0.1858,2.3497,1.8962,2.224,2.8306,0.8087,2.388,2.5301,3.1749,1.776,0.9945,3.6831,2.0765,2.7213,2.2131,1.0546,0.7486,0.7322,4.1366,0.694,0.6284,2.776,1.541,1.9454,2.765,0.5792,2.0492,1.7705,2.5246,1.8251,1.1967,3.776,1.3333,2.3989,0.082,1.2131,2.2404,2.623,2.6066,0.7322,1.071,2.623,0.8197,0.5683,-0.2514,0.776,0.3333,0.918,2.2678,0.1475,0.2842,2.9891,1.3934,-0.5082,2.6721,1.0219,0.0219,0.071,4.2186,0.2186,0.6776,2.3825,1.0546,2.4536,2.3169,1,2.9508,1.235,2.3716,1.153,0.9016,4.0601,1.3716,2.5301,1.8743,1.8907,0.9945,1.3552,5.6667,1.071,0.0437,2.6612,2.5301,3.2131,3.3716,0.9891,3.0055,2.8087,3.5355,2.4317,1.7049,5.3825,3.082,2.8579,2.5738,4.0492,4.3497,6.2022,6.4208,3.7049,4.0273,6.2787,3.5355,1.3989,0.847,2.7869,1.6721,1.6721,7.2295,2.9727,1.8525,7.2022,2.2732,0.4153,0.7596,1.5246,2.2951,2.306,3.1475,1.3388,0.9454,2.9235,1.5902,0.8251,0.7541,1.1202,1.0055,1.0492,3.4809,0.9235,0.1749,3.3005,1.2951,0.7377,0.4536,0.623,1.3443,1.1749,3.0109,0.4536,0.224,0.918,1.1694,1,1.1475,0.6175,1.0437,0.765,1.9563,0.3279,-0.2186,2.1311,1.2951,0.7377,3.377,3.765,3.3169,3.9727,10.1093,2.694,2.0984,6.3989,4.8525,4.8087,4.5683,2.8579,3.2131,5.0109,6.8251,3.0765,1.6557,9.9836,5.8634,4.0765,1.6667,1.4536,1.6503,1.7869,5.4536,0.1803,0.3934,3.3279,2.5792,3.5574,3.1421,0.6995,3.0328,3.0656,3.0219,1.9344,1.5956,5.0492,3.612,2.7377,2.1093,0.4699,-0.0546,-0.1749,4.1858,0.1749,-0.5519,1.3388,0.9454,1.8525,2.9071,0.2951,2.377,2.2404,2.1749,1.2131,0.377,2.8743,1.8689,2.2732
1-212.txt_351,1.401,1.9324,1.0386,1.2899,3.7295,1.4831,0.43,1.9324,1.5942,1.4155,1.5411,1.3913,1.5845,0.8792,2.3816,1.1014,0.7391,2.3671,0.8213,1.314,0.8116,2.0918,3.0338,2.5845,3.8792,1.372,1.5072,3.2126,2.8213,0.7005,0.1208,1.2077,0.3913,1.2657,2.7198,0.6908,0.4106,4.2754,1.7729,0.3527,0.6715,2.2899,2.7826,2.9903,2.9903,1.6763,1.2802,3.3865,3.0773,1.2367,0.4734,1.5121,1.0628,2.2705,3.0918,0.7053,0.2754,3.5411,2.3092,0.5556,0.942,2.9179,3.8068,4.2415,3.4106,2.343,2.4396,3.3043,3.4734,0.4155,-0.2415,2.314,0.5507,1.6087,4.3333,1.1787,0.5749,2.8068,1.4155,0.2609,3.3382,3.3816,2.9807,3.2995,8.6232,2.9758,1.4251,5.57,3.9662,4.7053,4.5411,2.0966,4,4.4348,6.2126,2.9807,1.4251,8.8309,4.8406,3.4396,0.7971,1.6135,2.8068,2.8454,2.8261,1.3478,1.6232,2.5942,2.1014,0.2947,-0.599,1.285,0.1691,0.3671,2.4058,0.599,0.087,2.4155,0.8357,0.1981,0.3816,1.8357,3.1594,2.628,1.7391,1.1401,1.3961,1.7971,2.2899,-0.1643,-0.7778,1.6763,0.0193,0.7343,1.9565,0.2754,-0.2947,2.1836,0.9275,-0.1691,1.7343,3.57,2.6957,3.3237,5.599,2.2995,1.8261,4.2995,3.6473,2.1932,1.7005,2.8551,2.5894,2.3092,4.4831,1.6135,1.2271,5.0435,2.0966,1.7681,1.2995,2.4638,2.6908,2.0386,4.8116,1.087,0.9614,3.3961,3.6763,2.0242,1.7633,1.1932,2.2271,2.8068,3.2126,1.2367,0.7101,5.3816,3.4348,1.5121,1.8357,0.5459,0.9034,0.9082,4.0435,0.6763,0.5121,2.2705,1.3913,2.2995,2.7778,0.2319,2.2754,2.6377,3.1111,1.9082,0.4589,3.8647,2.314,2.0725,2.0386,0.7874,0.8068,1.0676,3.7536,0.8164,0.8986,2.6329,1.2271,1.7633,2.1498,0.599,1.5362,1.5507,2.4106,2.0628,1,3.314,1.8647,1.3188,0.4976,1.4348,2.0048,1.9565,2.2995,0.8357,1.1981,2.2705,1.8551,0.2899,-0.1836,0.5797,0.1594,1.3768,1.913,-0.0145,0.0097,2.3816,1.4589,0.1208,2.1111,0.913,0.6039,0.8261,4.2947,0.5266,0.9517,2.3285,1.3092,1.8841,1.8502,0.657,1.7101,1.4589,2.715,1.5411,0.8116,3.7681,1.7488,1.715,1.8986,1.3188,0.8213,0.3961,4.8502,0.6908,0.3188,1.9952,2.0821,3.0145,3.2077,1.0725,2.7633,3.1691,2.628,2.1546,1.57,5.2174,3.4976,2.2367,2.372,3.3816,4.0918,5.599,4.5314,3.2947,3.1449,5.2367,3,1.0725,0.599,2.3333,1.2947,0.8454,6.5169,2.6812,1.6377,4.5749,1.4203,1.4155,0.8454,1.5845,1.686,1.7101,2.5894,1.1594,0.6039,1.8068,1.8841,0.9903,1.1643,1.0773,1.0531,0.599,2.7826,0.5314,0.1643,2.029,0.6957,0.9275,0.2512,0.57,0.8019,0.9324,1.7343,0.3913,0.058,0.4686,0.9517,0.9855,1.2947,0.3623,0.9082,0.4396,1.5217,-0.1401,-0.3092,1.2899,0.657,0.6667,2.7246,2.7826,3.6473,3.1498,8.3333,2.3527,2.0628,5.1498,4.5024,4.628,4.2754,1.8019,3.8502,5.058,5.2657,2.5072,1.087,9.3671,6.3865,3.4493,2.0435,1.4734,2.4493,1.9903,4.5797,0.9903,1.1836,3.4203,3.0918,2.5362,2.4734,1.0048,2.8937,3.0097,3.1546,2.1353,1.3333,5.6763,3.8696,1.9372,1.4348,0.657,0.5507,0.7681,3.4879,0.5121,0.1063,1.2995,1.0821,1.599,2.1981,0.1546,1.913,2.1643,2.3188,1.4058,0.3671,3.5169,2.0483,1.5024
1-212.txt_353,0.8599,1.0064,1.1019,1.6943,2.8662,1.1847,1.1592,1.9427,0.5096,1.0701,0.9809,1.3503,1.1911,0.0701,2.2675,1.1911,1.0701,1.2166,-0.0955,1.1338,0.4459,2.5924,2.6051,2.5478,3.8471,1.0701,1.4268,3.1656,2.1592,1.8217,1.0764,1.7006,1.1529,1.6051,3.414,0.2484,0.1465,4.1592,2.2866,0.9745,0.586,2.2866,2.5287,3.0127,3.6369,1.0318,1.3567,3.7261,2.5223,2.051,0.8599,1.6943,1.4459,2.2102,3.2229,0.6178,0.3567,3.293,2.2739,1.3885,0.949,2.5032,3.5414,4.2994,4.5096,1.7197,2.1975,4.3376,2.9618,1.465,0.121,2.0955,0.4586,1.8025,4.6051,1.4204,0.7134,3.465,2.5987,0.9873,2.6943,4.2739,3.7325,5.1274,8.6433,2.9299,3.4904,5.0955,3.5605,5.1656,3.7898,2.4777,3.3758,5.0064,6.4841,2.2548,1.172,8.5478,4.5605,3.6242,0.242,1.6051,1.6815,1.949,2.6688,0.3631,1.0064,2,1.1911,1.1019,0.1465,0.8726,0.1783,0.949,2.6688,0.1146,-0.0318,1.4713,1.1783,0.9299,0.2803,1.4968,2.6688,2.9682,2.3758,0.6879,1.2293,2.1146,1.9108,0.7261,0,2.1019,0.0446,0.5541,2.7707,0.3631,-0.2038,1.8917,1.1783,0.6306,1.0382,3.1911,3.2293,4.3121,6.3503,1.7771,2.9108,4.6497,2.5732,2.1146,1.6051,3.0191,1.7389,1.5287,4.5669,1.4777,1.0064,3.8089,1.1975,1.6815,0.7325,3.0191,2.8535,2.6561,4.8089,0.8408,1.6624,2.3631,3.1783,2.2803,1.0955,1.7771,1.6369,2.0191,3.5159,1.1656,0.879,4.5414,2.7389,1.6306,2.1656,1.2994,1.5669,1.5414,4.0318,1.5478,1.242,2.3503,1.7898,1.9236,2.2739,0.758,2.4522,2.4968,2.9682,1.6561,0.4331,4.0064,2.3185,1.5096,1.9682,0.7516,0.8025,1.0637,3.2484,0.9745,0.6369,2.4841,1.0701,1.8726,1.586,0.5478,1.9554,1.9809,1.5541,1.5669,1.0064,3.5223,1.8344,1.0255,0.7516,1.3758,1.707,1.7389,2.6115,0.2102,1.0701,2.293,1.2102,1.1338,0.2866,0.9682,0.3758,1.293,2.1656,0.4204,-0.051,1.9299,1.4522,0.4777,2.1083,0.7771,0.6688,0.5541,3.9172,0.2166,1.1465,1.6815,1.2739,2.1783,1.6306,0.4522,2.0701,2.1338,1.7962,1.1019,1.2675,3.3567,1.949,1.7643,1.6879,2.6242,2.5096,2.2166,4.758,2.1338,1.7197,2.3694,2.6943,2.5159,2.8981,1.2484,2.4777,2.9618,3.4777,2.0701,1.7261,5.9236,3.5287,1.8917,2.1975,3,3.7134,4.9427,5.9745,2.1783,2.2611,5.1847,2.6943,1.8599,1.2866,2.1146,1.2038,2.2357,5.3439,2.5669,1.4268,4.4459,2,1.6242,0.5223,1.4013,1.5605,1.6561,2.3758,0.6752,1.0637,1.5605,1.1465,1.3885,1.0382,1.2038,0.758,0.9809,2.5796,0.6433,0.586,0.9809,0.8408,1.2166,-0.0573,0.4331,0.7197,0.5796,1.4968,-0.2102,-0.0764,-0.0127,0.3631,1.0955,1.2038,-0.0446,1.1847,1.4013,1.1146,0.0446,0.1656,1.4331,1.2293,0.7643,1.8153,3.6178,3.8854,4.1975,8.0318,1.9108,2.4841,4.6242,3.7325,5.0382,4.0892,1.6497,3.3503,5.707,4.6497,2.2484,1.2866,8.0382,6.2611,3.5287,1.6752,2.6561,3.121,3.0382,5.414,1.7898,2.1146,2.7707,3.242,2.8662,2.2994,1.2166,2.5796,2.293,3.6752,2.0955,1.5414,6,3.6178,2.3631,1.6115,0.8153,0.6943,0.8599,3.3185,0.7962,0.5987,0.8854,1.6369,1.9299,2,0.4076,2.1274,2,1.9045,1.2293,0.6879,2.949,1.9618,1.6752
1-212.txt_355,0.8092,1.6994,1.2601,1.5434,2.3237,1.711,1.1503,1.7977,1.0347,1.0116,0.9711,1.6474,1.1387,0.0116,2.6243,0.9017,1.0058,1.4624,0.0116,0.9249,1.1503,2.1734,2.5376,2.2023,4.2023,1.1387,1.341,3.3699,2.7514,1.5549,1.0173,1.4971,1.237,2.2023,3.5202,0.948,0.6012,4.5087,2.5491,1.1214,0.7919,2.6936,3.0116,3.3237,3.0867,1.659,1.7283,3.6416,3.104,1.6185,0.7225,1.9249,1.0578,2.3526,3.7688,0.6185,0.5838,3.7861,2.5896,1.0578,0.948,2.9133,3.8266,4.2948,3.4509,2.0578,2.6301,4.1676,3.3873,1,-0.0231,2.3642,0.5434,1.763,4.659,1.3006,0.8439,3.104,2.4335,0.5376,2.3237,4.3584,3.1387,3.7514,7.526,2.7919,2.1387,4.578,3.2139,4.3295,3.948,2.2832,2.9249,4.5087,5.7803,2,1.948,7.6647,4.2659,2.8092,0.3064,1.6763,2.1676,2.1561,2.7514,0.8439,1.1618,2.5491,1.9133,1.0867,0.1329,1.3353,0.3931,1.2254,3.1792,0.2948,0.2543,2.3468,1.7514,0.7457,0.1676,1.6069,2.7457,2.4277,2.1503,0.711,1.1156,2.1214,1.8671,0.6936,-0.0173,1.8382,0.237,1.1098,2.9769,-0.0173,-0.1214,2.1618,1.7399,0.2832,1.2948,4.1387,3.052,3.3699,5.1676,2.7919,2.3353,4.3353,3.1503,1.9827,1.3584,3.1098,2.1561,1.6821,4.4162,1.422,1.0173,4.4104,2.0058,1.8902,1.1214,3.2139,3.3757,2.8671,4.5029,1.341,1.4971,3.3006,3.711,2.4393,1.4509,1.711,1.8671,2.3642,3.8844,1.7052,1.1676,4.815,3.1329,1.4162,1.9942,1.1561,1.4451,1.3699,3.4277,1.341,0.5896,2.289,1.5491,2.0173,2.2601,0.4855,1.8439,2.5202,2.5607,1.5549,0.5838,3.9133,2.0347,1.3179,1.8382,0.659,0.9538,1.0751,3.1329,0.7514,0.578,2.3757,1.0636,1.8728,2.0116,0.0751,1.5434,1.8035,1.0405,1.3121,0.8266,3.6416,1.7514,0.9595,0.711,1.6301,2.2659,2.0694,2.237,0.659,1.1445,2.5954,1.4971,0.6936,0.0231,1.1272,0.474,1.289,2.7572,0.2775,0.2428,2.2543,1.3526,0.1792,1.8266,0.9191,0.8497,0.9653,3.1503,0.5145,0.9017,2.104,1.0462,1.7919,1.1792,0.6416,1.5838,1.6243,1.7399,1.0694,0.9884,2.8786,1.4624,1.3931,1.5607,2.3064,2.2832,1.8728,4.4451,1.7861,0.9827,2.4335,2.578,2.6994,2.9306,0.9769,2.2601,3.3642,2.2254,2.2486,1.5087,6.0116,3.7399,1.8208,2.0173,3.2717,3.896,5.0116,4.6763,3.2197,2.6416,4.8786,3.3873,1.6012,0.7688,2.4335,1.5087,1.5318,5.4277,2.237,1.6474,4.6474,2,1.4913,0.6069,1.7399,1.4451,1.237,1.8382,0.9191,0.5087,1.3642,1.3064,1.1965,1.0636,1.3237,0.9306,0.8902,2.7919,0.2717,0.3526,1.1908,0.7283,0.896,-0.1272,0.8208,1.0231,0.8786,1.3295,0.341,0.2254,0.6185,0.9769,0.9364,1.1734,0.578,0.9017,1.3873,1.4682,-0.0694,0.0867,1.815,1.3121,0.6243,1.9827,3.6416,4.4335,4.2659,7.3815,2.578,2.3295,5.3353,4.5954,4.2601,3.896,1.7919,3.0751,5.4277,4.5954,2.1445,1.2312,8.3064,6.4682,2.9769,1.7919,2.5723,3.1272,2.896,4.6821,1.7803,1.4624,3.4393,3.3526,2.8092,2.1618,1.1676,2.3121,2.5318,2.8382,2.341,1.4566,6.2197,3.6705,1.7861,1.3642,0.7341,0.7168,0.3699,3.0578,0.7803,0.1387,0.8902,1.0347,1.7919,1.9364,0.1387,1.7919,2.1214,1.1965,0.8324,0.5896,3.3064,1.9769,1.3353
1-212.txt_357,0.8266,1.6185,1.2601,1.5607,2.4451,1.5896,1.1329,1.948,1.2023,0.9769,0.9422,1.6127,1.2428,-0.0289,2.4913,0.9595,1.0578,1.6069,-0.0405,0.9884,1.1387,2.1156,2.5376,2.1792,4.3064,1.1618,1.289,3.3179,2.474,1.4682,1.0462,1.3931,1.341,1.948,3.6012,0.7803,0.763,4.8728,2.4566,1.1792,0.6416,2.7341,3.0983,3.2543,3.2139,1.6301,1.711,3.763,3.2832,1.6185,0.9017,1.8555,1.2254,2.1618,4,0.5665,0.6647,3.948,2.6012,1.1676,0.9017,2.8902,4.0173,4.5202,3.3584,2.1908,2.6416,4.341,3.5607,0.8497,0.0462,2.5376,0.6879,1.3468,5.1214,1.3584,0.8208,3.2254,2.289,0.5607,2.2139,4.237,3.2948,3.8092,7.6243,3.1676,2.1329,4.5202,3.6301,4.1965,4.0462,2.4046,3.0289,4.2601,5.9017,1.9133,1.9364,8.0058,4.3931,2.9422,0.3642,1.6647,2.0347,2.1329,3.0809,0.7688,1.1214,2.3873,1.9595,0.9711,0.1734,1.237,0.5029,1.0116,3.3295,0.4855,0.422,2.4451,1.6532,0.7746,0.2486,1.4971,2.7225,2.4393,2.2775,0.659,1.0578,2.0983,2.052,0.6358,0.0405,1.7803,0.3931,0.9133,3.3295,0.052,-0.0809,2.341,1.763,0.3815,1.1792,4.1387,3.2543,3.5491,5.5318,2.5896,2.3988,4.474,3.6185,2.1676,1.2775,2.896,2.1272,1.6821,4.7283,1.3468,1.1792,4.6994,2.1676,1.8728,1.1965,3.3353,3.659,3.1387,4.8092,1.422,1.6936,3.7283,4.3179,2.3584,1.4393,1.7399,1.9075,2.1098,4.1503,1.7861,1.2832,4.8728,3.3121,1.4855,1.948,1.0405,1.3295,1.1965,3.1272,1.2197,0.5376,2.2312,1.6301,2.1156,2.4335,0.5087,2.0636,2.5896,2.6185,1.4335,0.5434,3.9133,2.0809,1.4162,1.9653,0.7283,0.8671,0.9653,2.8902,1.0405,0.7977,2.4913,1.2832,1.8035,1.8382,0.2254,1.5896,2.0116,1.3699,1.4509,0.8266,3.8092,1.8728,1.0289,0.7052,1.6012,2.3179,2.1561,2.2312,0.7052,1.2254,2.5145,1.6647,0.5318,-0.0636,1.1329,0.5549,1.0867,2.9711,0.4046,0.3179,2.5087,1.289,0.2543,1.948,1,0.9017,1.0116,3.1156,0.6821,1.2139,2.1387,1.474,1.7803,1.1214,0.8382,1.6012,1.6532,2.052,1.0983,1.1445,3.104,1.6532,1.3873,1.6936,1.9769,1.9653,1.578,4.4913,1.5549,0.7514,2.3006,2.711,2.7861,3.1387,0.7283,2.2832,3.2717,2.0867,2.1908,1.5376,5.3931,3.6243,1.8786,1.9249,3.4046,4.185,5.3468,4.8786,3.1561,2.8844,5.1445,3.7457,1.6705,1.0405,2.5318,1.763,1.6416,5.8092,2.1503,1.7572,5.1734,2.2948,1.5029,0.474,1.7341,1.3931,1.2486,2.0751,0.8439,0.4277,1.2775,1.3584,1.2717,1.1618,1.2948,1.1272,0.7803,2.6416,0.2486,0.4162,1.4162,0.7861,1.0058,-0.0058,0.7803,1.052,0.8497,1.6301,0.4046,0.1445,0.6994,1.0925,1,1.2717,0.5896,1.0578,1.3237,1.5491,-0.1618,0.2543,2.104,1.4335,0.8092,2.1965,3.6012,4.4624,4.474,7.4451,2.5434,2.5376,5.6705,4.9133,4.3642,3.9249,1.8786,3.0867,5.0462,5.0925,2.2428,1.3642,8.2254,6.6069,2.8728,1.8555,2.3873,3.0867,2.8324,4.815,1.815,1.4913,3.5838,3.711,2.8844,2.3468,1.1214,2.4624,2.4855,3.0809,2.3642,1.5549,5.948,3.8324,1.8208,1.3353,0.6301,0.6879,0.3988,2.7919,0.6879,0.1214,0.9249,1.2601,1.7688,2.1098,0.0925,1.8786,2.1561,1.3237,0.6994,0.6647,3.3584,1.948,1.3873
1-212.txt_359,1.0939,1.3094,1.1492,1.6022,3.3315,1.5028,0.9171,1.9613,1.8619,1.4365,1.3646,1.4365,1.7735,1.6188,2.1492,0.8232,0.5967,3.0608,1.2265,1.5746,1.0055,2,3.2983,3.5746,4.3867,1.5193,1.9116,3.4144,2.1547,1.3646,0.5691,1.3591,1.2873,1.2818,3.2873,0.9061,0.5635,4.1713,1.9116,0.8343,0.7735,2.2265,3.2376,4.1271,3.884,1.8177,1.7624,4.116,2.547,2.0221,0.6961,1.4365,1.6575,2.7127,3.5856,0.8066,-0.0773,4.2983,3.4144,0.6851,1.2652,2.8232,4.4641,5.3591,4.2486,2.558,2.8232,4.7238,3.4917,1.5249,0.6298,2.3757,1.5359,3.1492,5.0884,1.442,0.1657,5.5635,3.5083,0.4972,3.0276,3.9558,3.442,4.3978,9.989,3.8177,2.2873,5.9558,4.5304,5.2265,4.7182,2.4199,4.0939,5.7624,6.6188,2.8729,1.7624,10.0718,5.7735,3.6354,0.9061,1.4199,2.5967,3.3702,2.8177,1.6298,1.663,2.8895,1.8066,0.7072,0.0221,1.105,0.9669,0.7459,2.6409,0.4641,-0.0718,2.8619,1.558,0.2541,0.3425,1.2762,2.5414,2.779,2.2818,0.9669,1.1657,2.3591,1.4144,1.0331,0.3149,1.674,1.326,1.5414,2.4641,0.1436,-0.558,3.0166,1.7293,0.1547,1.1823,3.9779,3.116,4.4033,5.8895,3.0994,2.5359,4.895,3.8343,2.4696,1.6575,3.4365,2.5193,3.2265,5.2707,1.7238,1.0773,6.6685,2.9448,2.116,1.5193,2.337,3.0442,2.7072,4.547,1.0442,0.6464,4.326,2.7514,2.2818,1.3481,1.3646,1.895,2.4807,4.2486,1.2928,1.4088,5.1105,3.4862,1.6961,1.7238,1.2155,0.6961,0.6409,4.4917,0.9171,0.3315,2.105,1.4254,3.2044,3.4807,0.9779,3.011,2.9227,3.3646,1.2983,0.9834,4.1823,2.3591,2.663,1.8232,1.0387,0.884,0.4254,3.8564,0.7514,0.8011,2.4972,1.2155,2.1989,2.3646,0.895,2.0884,1.895,2.2541,1.3978,1.116,2.8066,1.3646,1.6077,0.8177,1.2044,2.2044,2.9392,2.4088,0.9669,1.1105,2.9834,1.2044,0.9503,0.2099,0.9945,0.8564,1.1381,2.1713,0.0829,-0.0994,3.1326,1.5691,0.4199,2.0055,1.4807,1.0166,0.8785,5.011,1.1602,1.3149,2.442,1.7901,2.1602,1.6464,1.1602,2.2541,2.2818,2.5193,1.0829,0.989,3.1878,2.0055,1.6354,1.7514,2.2652,1.8453,1.4862,6.326,1.2265,0.1271,2.6188,2.4917,3.9337,3.4586,1.1657,2.337,3.442,4.0221,2.3315,2.0276,5.9558,4.0718,2.7293,2.6796,4.0829,4.8122,7.0718,6.0221,3.7403,4.1105,6.2873,4.2652,1.663,1.2431,3.1989,2.0884,2.337,6.6133,2.7624,1.7901,7.105,2.9006,0.7293,0.5193,1.4309,1.9724,2.6575,2.3094,1.3812,0.9945,2.0442,1.9724,1.1326,0.6354,1.2541,1.116,0.9724,2.9337,0.3867,-0.232,2.5249,1.3315,0.6298,0.2376,0.453,0.989,1.1934,2.6298,0.6298,0.0497,0.6298,1.0994,1.3425,1.1989,0.2155,1.2597,1.1878,1.7182,-0.1602,-0.1492,2.1878,1.2265,0.9945,3.105,4.5083,4.9227,4.9779,9.3591,2.884,2.4144,6.4475,5.2928,5.4365,3.7459,3.0221,3.5304,6.105,7.2044,2.9116,2.0387,10.1547,6.8453,3.8674,2.2928,2.1602,2.7182,2.7956,5.3978,1.0718,1.1713,4.3149,3.1989,3.4309,2.1713,0.9558,2.2155,2.2762,4.2265,2.0773,1.8895,5.5801,3.4696,2.5359,1.7238,0.4917,0.326,0.1381,3.8232,0.2928,-0.0552,1.558,0.8177,2.2431,2.4365,0.2762,2.2044,2.3204,1.5525,1.1105,0.6298,3.0663,2.2707,1.9779
1-212.txt_361,1.3814,1.5928,0.7577,1.1701,3.5876,1.2835,0.1959,2.1649,1.6649,1.6082,1.9021,1.1546,1.7113,1.5773,2.1495,0.9072,0.8505,3.299,1.1959,1.3763,1.0722,1.7784,2.8299,2.9897,3.6753,1.701,1.6237,3.0619,2.6186,1.2371,0.433,1.3041,1.7165,1.1753,3.0412,0.5103,0.3196,3.9433,1.6701,0.4381,0.4485,2.4536,3.1804,3.366,3.8196,2.1443,1.701,3.799,3.1856,1.6804,0.7062,1.6392,1.9639,2.3093,2.9072,0.6134,-0.0773,3.634,2.5052,0.4794,1.3196,2.5206,4.134,4.768,4.4072,2.4948,2.6237,4.5103,3.067,1.5773,0.5928,2.1701,1.9227,1.5206,4.4536,1.2784,0.232,4.268,1.7423,0.6804,3.933,4.1546,3.3196,3.8969,10.0773,2.9175,1.268,7.1753,4.7062,5.4897,5.1495,2.1443,4.9588,5.8505,5.2474,3.1907,2.7732,10.5412,5.366,4.1959,0.9845,1.3144,2.2423,2.7474,2.9897,1.2113,1.6546,2.7165,2.0979,1.3351,0.0876,1.1237,0.9021,0.5155,3.0515,0.3351,0.0722,2.9948,1.0309,0.6959,0.3454,1.3711,2.3866,2.9845,1.3918,1.3196,1.201,1.9691,1.5979,0.5773,-0.2629,1.5567,0.9072,0.1031,2.7938,0.0567,-0.4588,2.067,0.3041,0.0825,1.866,3.6649,3.1031,4.1237,5.768,2.7216,2.0103,5.7887,3.5928,2.5464,2.4227,2.6082,2.7371,3.2165,4.6082,1.5206,1.2887,6,3.0567,1.7732,1.4639,2.4021,2.5309,2.3454,5,1.1134,0.6031,3.5103,4.201,3.1289,2.4175,1.067,3.3196,3.4072,3.0103,1.1546,1.1804,5.9124,4.4124,2.1082,2.0722,1.2938,1.3196,1.2835,5.4691,1.2526,0.8918,1.9948,2.6701,2.5258,2.8351,1.134,2.5979,3.4588,3.5155,1.7216,1.3093,4.3454,3,2.4536,1.701,1.2371,0.9072,0.9227,4.8247,0.799,0.5,2.1856,1.9948,2.1443,2.3299,0.6804,1.3711,3,2.3454,1.5515,1.5928,4.4072,2.3402,1.8814,0.2938,1.3093,2.2113,2.5567,2.268,1.1031,1.1186,2.3351,1.9897,0.8608,-0.0979,1.0928,0.866,1.2371,1.9278,0.1443,0.0258,2.7732,1.2371,0.0206,2.0258,1.8351,1.4485,1.3918,5.5412,1.5258,1.4485,2.5309,2.2784,1.9124,1.6804,1.9175,1.9742,2.1134,3.1907,1.3608,1.8454,4.2887,2.6856,1.7113,1.9381,2.3247,1.5361,1.1649,5.7835,1.1392,0.4175,2.8711,2.8247,3.3041,3.8144,1.3557,2.8608,4.1753,2.8557,1.8918,2.2113,6.5979,4.1959,2.8041,2.6856,3.4433,4.2835,6.1804,5.0825,3.6856,3.4897,6.6804,3.1031,1.5825,0.5825,2.6134,1.6186,1.4948,5.7732,2.7887,1.3351,5.4794,1.7474,0.732,1.0515,1.866,1.5825,1.9278,2.3866,1.5722,0.732,2.1701,1.3866,0.6856,0.7732,0.9175,1.2062,0.5567,2.6031,0.4124,-0.0309,2.0773,0.8402,0.4021,0.5722,0.4948,1.0464,0.8814,2.5722,0.4691,-0.1289,0.7629,1.1649,0.6392,1.5567,0.4588,1.4845,1.0979,1.799,0.0619,-0.0979,1.9433,1.2835,0.6289,3.2371,3.5619,3.8144,3.8557,9.0722,2.4691,1.567,6.1856,5.4433,5.4536,4.9742,2.299,4.9742,6.1134,5.7113,2.4691,1.7629,10.0825,6.5155,4.1753,2.0361,1.9948,2.0412,1.7784,4.9381,0.8969,1.0052,3.201,3.6495,3.6701,3.4742,0.933,3.2062,3.6649,1.8711,1.6186,1.8144,6.268,4.2784,2.9536,1.5876,0.5773,0.3608,0.5876,4.5619,0.7784,0.067,0.9433,1.3402,1.8454,2.2938,0.4485,2.0052,2.5825,2.8918,1.2216,0.7216,3.567,2.1598,2.0515
1-212.txt_363,1.7722,1.3889,1.2167,1.65,3.2278,1.5278,0.8667,2.3333,1.3056,1.7778,1.4833,1.4944,1.8111,1.4722,2.6056,1.0722,1.1722,3.4778,1.0389,1.2889,1.1278,2.0722,3.3611,3.6944,4.6778,1.4556,1.7,4.1889,2.3389,1.0444,0.2778,1.2889,1.2,0.9167,3.4,0.9833,0.8944,4.85,1.9833,0.4556,1.0056,2.6111,3.1222,3.5111,3.9833,1.7833,1.5722,3.9444,3.1611,1.3778,0.5056,1.3222,1.9389,2.8056,3.5778,0.8167,0.2611,4.5111,3.2389,0.4778,1.1611,2.8667,3.8778,4.2833,4.1389,2.0889,2.2333,4.5222,3.5833,1.0833,0.1833,1.4667,1.7556,2.9111,4.5944,1.35,0.6889,4.7611,2.7278,0.3889,4.0833,4.3111,3.2444,3.7333,10.2833,3.2667,2.0389,6.4778,3.8389,5.6278,4.5333,1.8944,5.0889,5.4889,6.7,3.0778,2.8,11,5.55,4.0722,0.75,1.4333,2.2944,3.0778,3.0167,1.0444,1.4444,3.2,1.7389,0.8333,-0.1056,0.9778,0.7389,1.0056,2.1111,0.4,0.2667,3.4444,1.6556,0.0722,0.4056,1.5056,2.8722,3.1,2.0111,0.7111,1.1444,2.5111,2.1889,0.1944,-0.3722,1.6778,0.6556,1.3056,1.9667,0.2222,-0.2278,2.8056,1.2111,-0.4222,1.9722,4.0944,3.8056,4.2833,6.1444,2.2333,2.1778,5.2222,3.8833,2.7056,1.7833,2.75,2.7,3.3444,5.2167,1.9667,1.9056,6.7889,3.2889,1.6667,1.3111,2.9778,2.7667,2.5667,5.4778,1.05,0.9111,4.2778,4.3889,2.65,1.4889,0.8778,2.2278,2.3222,3.1,1.2333,1.3944,6.3333,3.9722,1.3667,2.1556,0.9389,1.0778,0.7444,5.1333,1.1667,0.2,2.0056,1.35,3.1722,3.3722,0.6833,2.9278,3.1167,3.7222,1.5833,0.9222,4.3167,2.75,2.6389,1.5722,0.8556,0.7,0.4611,3.5778,1.0944,0.4,1.9889,1.0889,1.8778,2.2722,0.5611,1.7111,2.0167,2.3056,1.7444,1.2667,2.7389,1.55,1.4222,0.7,1.0722,2.2667,2.8722,2.0556,0.7944,0.8833,3.3056,1.3167,0.3056,-0.3722,0.75,0.4389,1.05,1.6167,0.1556,0.3,2.9389,1.0222,0.1222,2.0389,1.3944,1.3278,0.9389,4.6333,1.1667,1.1278,2.6056,1.6111,2.4278,2.0944,1.3167,2.5,1.9444,3.5,1.5667,1.2111,4.1667,2.0611,1.9111,2.0111,2.3722,1.95,1.4556,5.5389,1.2833,0.2944,2.4556,2.6111,3.4722,3.25,0.9889,2.7833,2.8222,3.5444,2.4722,1.8278,6.5167,3.3722,2.5167,2.6722,4.4944,4.6556,6.3944,5.6556,3.4,4.3222,6.2333,3.7167,1.6222,0.5667,2.7,2.0833,2.4056,6.3278,2.7278,2.45,7.3278,2.6833,0.5611,1.1278,1.7111,2.0833,2.2111,2.3667,1.0222,0.7889,2.4722,1.6667,1.2167,0.75,1.1944,1.0111,1.0778,2.8444,0.4167,0.3,2.8111,0.9444,0.5,0.8278,0.7333,1.4,1.6611,2.5056,0.7056,0.4944,1.2944,1.1889,0.8778,0.8722,0.5611,1.1167,1.1,2.6333,0.2,0.0944,2.8167,0.9778,0.6611,3.3,4.3556,5.0278,4.8778,9.5722,3.2778,1.95,6.7889,6.0611,5.1778,3.9333,2.3889,4.5333,5.7556,6.8667,3.1111,2.3611,11.3111,7.3,3.4556,2.2389,2.1389,2.5,2.1833,5.4111,1.3667,1.0056,4.2389,3.6056,3.2944,2.7833,0.8,2.9667,2.5833,3.1944,2.3,1.5278,6.9833,4.0333,2.7111,1.8833,0.2556,0.7056,0.3111,3.7389,0.3556,-0.2833,1.0389,0.6389,2.2,2.4333,0.1056,2.1056,2.2056,2.4278,1.2667,0.3722,3.3556,2.1889,1.9722
1-212.txt_365,1.3807,1.2893,0.9239,1.0863,4.0152,1.3452,0.5482,1.9492,1.6599,1.5025,1.4112,1.2183,1.8629,1.269,2.2437,0.934,0.6142,2.5787,0.7716,1.5076,0.9442,1.736,2.8883,2.4975,3.7005,1.4619,1.5888,2.8985,2.3452,0.9645,0.335,1.0152,0.5482,1.1117,2.7665,0.797,0.2843,3.9695,1.4112,0.4772,0.6294,2.1421,2.7462,2.8376,3.5178,2.1726,1.2741,3.6041,2.8325,1.1421,0.5584,1.5635,1.3756,1.8325,3.2893,0.8782,0.533,3.7411,2.6497,0.7005,0.5736,2.9137,4.066,4.5025,3.132,2.731,2.3655,3.3249,3.2284,0.335,-0.2538,2.4416,0.4315,1.2132,4.1421,1.3503,0.6294,3.2944,1.6701,0.1878,3.2386,3.2487,2.9492,3.1929,9.0152,3.1168,2.0102,4.6396,4.3858,5.1015,4.7563,1.9492,4.4518,4.9949,6.2081,3.1015,1.6599,8.9645,4.5787,3.9746,0.9289,1.6497,2.6193,2.802,3.1421,1.2538,1.4416,2.5939,1.7766,0.5076,-0.4924,1.203,0.6802,0.7868,2.2183,0.7513,0.4112,2.335,1.467,0.3046,0.2183,2.0711,2.9239,2.9695,1.4975,1.4772,1.2792,1.9036,1.9797,0.066,-0.3858,1.9492,0.3452,0.7513,2.0457,0.335,-0.1523,2.198,1.2589,-0.401,1.401,3.5635,2.731,3.0812,6.0508,2.6447,1.9695,4.066,4.198,2.2335,2.1624,2.8223,2.868,2.9949,4.0152,1.8173,1.1066,5.7817,2.9746,1.7411,1.5584,2.2437,2.3147,1.8782,5.1472,1.599,1,3.5533,3.7868,2.4416,2.3046,1.1624,2.731,3.0609,3.2995,1.6701,0.7157,5.8325,4.1472,2.1168,1.8731,0.8579,1.0914,1.0761,4.0761,1.2995,0.9797,2.0305,1.8731,2.4112,2.264,0.9391,2.1015,2.6548,2.6497,1.6802,0.7259,3.6497,2.3299,1.9594,1.8528,0.7766,0.5076,0.7005,3.1066,0.6294,0.5127,2.3655,1.665,1.8832,2.1929,0.4162,1.8934,1.9848,1.802,1.4822,0.9543,3.1777,1.7056,1.4924,0.533,1.2335,2.2132,2.4721,1.8477,0.9746,1.3959,2.5431,1.8579,0.4365,-0.335,1.0102,0.1523,1.1929,1.7817,0.1117,0.1675,2.802,1.5787,-0.0254,2.0355,0.6396,0.5127,0.2386,4.0203,0.5584,0.8223,2.066,1.5076,2.3756,1.9391,0.4924,2.1421,2.5635,2.3046,1.2893,0.8223,4.2538,1.8832,1.9695,2.1675,1.3249,1.1726,0.6294,5.3706,0.8376,0.3706,2.5787,2.8325,3.1675,3.3198,0.7868,2.797,3.3807,2.4162,2.335,1.3756,5.0914,3.264,2.8832,2.2234,2.9239,4.2487,5.6041,5.2234,3.0152,3.1218,5.6041,3.203,1.0711,0.1168,2.5533,0.4112,0.4061,5.7157,2.8528,1.6701,4.6041,1.4975,0.8832,1.0812,1.533,1.736,2.0558,2.8376,1.6345,1.0558,2.0711,1.8782,0.9543,0.9746,1.401,1.0711,0.6853,2.868,0.934,0.3909,2.3503,1.1117,0.8985,0.1523,0.4264,1.0812,1.0305,1.7005,0.7563,0.4213,0.3756,0.7665,0.6904,1.0457,0.4822,0.8122,0.4061,1.5431,-0.1878,-0.1015,1.7868,0.731,0.4315,2.6345,2.934,3.7411,3.0964,8.7208,2.3756,2.0305,5.2843,5.2335,4.9543,4.2183,1.8528,4.3299,5.5279,5.4619,2.5888,0.797,9.3604,6.2132,4.0711,2.1421,1.5939,2.3401,1.6142,4.5787,1.0355,1.0558,3.8426,3.1371,2.4264,2.6904,1.0355,2.8173,3.1624,2.4822,2.264,0.6954,5.7462,3.6853,2.2132,1.5736,0.8426,0.5939,0.4213,3.9239,0.5838,-0.0558,1.2843,1.3147,1.8985,1.8629,0.6447,1.8376,2.2538,2.2538,1.5787,0.3553,4,2.066,1.8274
1-212.txt_367,1.1723,0.8025,0.6807,0.8613,2.7395,1.021,0.3655,1.7647,0.9118,1.4076,1.1345,0.8529,1.2479,1.0672,2.1639,0.7185,0.542,2.4748,0.6765,1.2395,0.6765,1.6975,2.7857,2.9538,3.5924,1.2521,1.7185,3.1008,2.1975,1.2227,0.5252,1.2353,0.8529,1.5378,2.8025,0.7143,0.5294,4.1807,2.0084,0.6933,0.916,1.9748,2.584,2.7227,3.4664,1.4118,1.7437,3.3025,2.4118,1.5756,0.9832,1.3613,1.4202,2.3109,3.416,0.6681,0.3361,3.6471,2.5,0.8739,0.979,2.2521,3.2563,3.6597,3.4244,1.9118,2.395,3.6723,2.6639,1.5042,0.4706,1.8487,1.1345,2.4244,4.1555,0.9034,0.6303,3.9622,2.1597,0.9118,2.4538,3.8866,2.7521,2.8571,7.0588,2.6008,1.6555,4.8487,4.1261,4.105,3.6555,1.605,3.5546,5.1176,5.5462,1.9706,1.9496,8.7521,5.1176,2.9916,0.5882,1.2815,1.916,2.2269,2.2731,1.2353,1.3403,2.1639,1.6513,0.9076,-0.0756,0.9706,0.6008,0.8824,1.8697,0.2479,0.0084,2.4874,1.2605,0.2773,0.6092,1.3067,2.4328,2.563,2.2731,0.8403,1.3824,2.2731,1.8824,0.6471,-0.2479,1.6513,0.5126,1.1975,2.2395,0.3025,-0.084,2.4874,1.1891,-0.0168,1.2059,3.3151,3.4454,3.6597,4.7353,2.0126,2.3109,4.4832,3.5672,2.1092,1.4748,2.1975,1.9202,2.6345,4.7227,1.437,1.3067,5.3739,2.5504,1.4286,0.8908,2.042,2.1681,2.0378,5.1261,0.9496,0.8067,3.0924,3.0672,2.4832,1.5084,0.8403,1.6723,2.6261,2.8992,0.9286,1.2227,5.5546,3.6975,1.5798,1.7101,1.3109,1.0504,0.7521,3.8908,1.1345,0.4748,1.8025,1.5294,3.1134,3.2395,0.6807,2.7437,2.7185,3.0378,1.1429,0.7185,4.1303,2.4832,2.542,1.2773,0.8739,0.6387,0.6261,2.8571,0.9748,0.5336,1.6008,1.0966,2.1639,2.4454,0.3571,1.8025,2.2227,1.7689,1.0252,0.958,2.8235,1.9034,1.4664,0.2101,1,2.0588,2.4622,1.2731,0.8109,1.521,2.7605,1.1891,0.1849,-0.3151,1.1092,0.2521,1.0462,1.958,0.2773,0.1345,2.1975,0.7395,-0.0672,1.395,1.3151,1.3277,0.8571,3.1639,0.8992,1.2815,1.9328,1.4328,1.8361,1.5294,1.0504,1.9454,1.6134,2.3824,0.979,0.9118,3.0378,1.8067,1.5672,1.7017,1.8655,1.6849,1.479,4.7185,1.2689,0.4664,1.8109,2.4748,3.3992,3.2437,0.9454,2.521,2.7479,2.6176,1.6513,2.0042,6.2437,3.8613,2.6723,1.9538,3.105,3.7605,5.2899,4.9874,2.8067,3.5966,5.5042,3.3866,2.0588,1.1555,2.4076,1.9496,2.6471,5.1092,2.1345,1.4034,6.4748,2.7815,1.1387,0.6597,1.084,1.6387,1.5168,1.8319,0.8655,0.6849,1.7899,0.9958,0.7815,0.4916,0.9622,0.8739,0.7185,2.437,0.4958,0.1639,1.8655,0.6387,0.7731,0.4076,0.6218,1.0672,0.9832,1.8529,0.5588,0.2857,1.0378,0.5462,0.8739,0.7311,0.3992,0.7983,0.8361,2.1639,0.2353,-0.084,2.0042,1.0714,0.7437,2.6807,3.5882,4.5294,4.6261,7.4958,2.3613,2.3277,5.7059,4.7773,4.6681,3.5546,2.4328,3.5168,5.063,5.8739,2.2563,2.3613,9.6597,6.2983,3.2941,1.6681,1.9412,2.4454,2.2563,4.9328,1.2899,1.042,3.2689,3.0672,2.9916,2.5714,1.021,2.4664,2.3571,3.063,1.8235,1.9244,6.3992,3.9538,2.2899,1.5924,0.7101,0.7605,0.4916,3.1176,0.458,0.021,1.1008,0.7941,2.0378,2.1429,0.1639,1.8613,1.8319,2.0462,0.8151,0.1933,3.0168,2.2521,1.7017
1-212.txt_369,2.3256,1.75,0.8314,1.3547,4.8895,1.7907,0.2849,2.8314,1.9942,2.1744,2.2616,1.2965,2.5174,1.5174,2.8895,1.2267,0.7267,3.4186,1.3605,1.75,1.3314,2.2093,3.6047,3.157,4.6686,1.686,1.6802,3.9826,3.0233,1.4128,0.5814,1.9244,1.2791,1.6395,3.1512,0.9884,0.7035,4.3779,2.0407,0.5872,0.686,2.5814,3.9244,3.9767,3.2849,2.2674,1.8314,4.2384,3.0291,2.0291,1.1395,2.0988,2.343,1.9709,3.9128,1.1163,-0.0058,4.0291,2.7326,0.5581,1.064,2.8953,4.4709,4.9186,3.6802,2.657,2.8605,4.3081,2.7558,1.3547,0.5581,3.064,1.8779,0.8663,5.1686,1.4419,0.4942,3.814,1.7326,-0.0581,4.8663,3.9884,3.25,3.8314,11.4884,3.9128,1.8953,6.2616,4.8488,6.6802,5.907,2.5988,5.4535,5.7965,7.8023,3.6337,2.1453,10.5058,5.8256,5.1453,1.4535,1.7209,3.0581,3.2442,3.8837,1.2616,1.8256,3.7093,2.3081,0.5581,-0.1395,1.936,0.7442,0.6919,2.8895,1.0174,0.186,2.8779,1.0349,-0.0233,0.407,1.3721,3.1802,2.9593,2.0116,1.3663,1.2442,2.4535,1.8314,0.686,0.0116,1.9767,0.8372,0.8081,2.1744,0.1919,-0.3663,2.0233,0.4477,-0.4651,2.3372,4.157,3.1221,3.9709,6.843,3.3779,2.3547,5.9128,3.9942,3.2442,3.0698,3.593,4.4651,2.4593,5.2674,2.0058,0.9767,5.436,2.6628,1.7849,2.1919,1.9244,2.7733,2.1395,5.686,0.7791,0.407,4.3837,4.0523,3.0058,2.8779,1.407,2.9128,3.8837,3.4709,1.564,1.1686,5.8895,4.9942,1.9884,2.2267,1.5988,1.5581,1.1279,6.0465,1.1047,0.3547,2.3721,2.2907,2.7209,3.5698,0.9186,2.8547,4.1221,4.1105,2.2733,1.2442,5.3256,3.3547,2.5116,2.7035,1.5174,1.5174,1.0465,5.0058,1.343,0.8721,3.2849,2.1744,2.0407,2.564,1.1512,2.1512,2.7209,3.2209,2.343,1.5523,4.7733,2.6163,2.0233,0.7442,1.7093,2.9302,2.7384,2.6802,0.9419,0.907,3.1337,2.3837,0.7674,-0.0233,1.6453,0.7093,1.2442,1.7442,0.1686,0.2151,3.157,1.6744,-0.3837,2.9826,1.686,1.5872,1.1628,6.7442,1.0756,1.1221,3.3547,2.4128,1.7849,2.1802,0.936,2,2.686,3.3372,1.8023,1.3198,5.1279,2.9186,1.75,2.4651,2.2093,1.4709,0.4884,5.8605,1.1802,0.0116,2.5523,2.8372,3.7209,4.186,1.0407,3.9767,3.9302,3.2965,2.5291,2.2035,6.907,4.5058,3.2907,3.0233,4.1279,4.157,6.064,6.0058,4.1977,3.6512,6.9186,3.2733,1.6744,1.2442,2.7674,2.5698,1.343,7.5814,2.6337,1.314,6.5988,1.4302,0.8198,1.2209,1.7674,2.3547,2.7035,2.8198,1.6744,0.9186,2.2965,2.3198,1.5116,1.5988,1.1686,1.8605,0.6977,2.9651,0.564,0.0058,2.8547,1.1105,0.7965,0.3081,0.9012,1.2674,0.936,2.657,0.7093,0.1163,0.093,1.2209,1.3663,1.6744,0.686,1.8663,0.814,1.7616,-0.0116,-0.2035,2.3663,1.3605,0.8895,3.8314,4.0116,3.936,3.9767,9.8663,3.2674,2.6628,6.9419,6.2384,5.343,4.5233,3.0756,4.2384,5.1453,6.7965,3.1977,1.9012,9.657,7.2267,4.0058,2.8023,2.157,2.2151,1.5581,5.6686,0.8314,0.6163,3.8372,3.6453,3.6802,3.4477,0.9826,3.6802,3.8372,3.407,2.2965,2.1802,6.7791,4.5756,3.1512,2.157,0.7326,0.4244,-0.093,4.5988,0.4651,-0.7616,1.4477,1.314,2.1744,3.0116,0.1279,2.2907,3.1221,2.9186,1.3663,0.7035,4.2965,2.9535,2.2965
1-212.txt_371,0.925,1.445,0.295,1.065,2.91,0.745,0.745,1.42,0.895,1.485,1.53,1.47,1.085,1.485,1.845,0.43,0.64,1.745,0.705,1.23,0.8,1.82,2.07,2.085,3.895,1.305,1.215,2.475,2.365,2.185,2.215,0.72,2.165,2.71,2.32,0.915,0.5,3.4,1.76,1.34,0.51,1.235,0.635,0.895,2.455,0.51,0.265,1.49,1.095,1.735,1.46,0.635,1.155,2.095,1.715,-0.19,-0.11,2.1,1.355,0.57,0.98,1.905,1.77,2.465,3.475,1.44,1.405,2.4,1.94,1.975,2.01,0.775,2.035,1.995,2.855,0.24,0.525,2.51,1.66,0.815,2.01,4.175,1.66,3.135,5.16,2.43,2.28,4.935,3.835,3.715,3.535,2.505,3.505,2.995,4.685,1.435,1.255,5.255,2.025,2.81,1.11,1.26,1.36,1.77,2.59,1.24,1.21,1.72,1.32,1.965,1.67,0.645,1.57,1.72,1.95,0.755,0.355,2.02,1.47,1.35,1.015,1.31,1.78,2.105,2.96,1.405,1.48,1.82,1.235,1.495,1.25,0.895,1.195,1.695,2.785,0.36,0.545,1.465,1.05,0.7,1.435,3.58,1.485,2.31,4.65,1.55,1.95,3.525,2.745,2.415,2.625,2.505,2.755,2.565,3.65,0.595,0.835,3.85,1.55,1.965,1.705,2.505,1.715,1.605,3.64,1.52,1.385,3.05,2.525,2.13,2.325,1.28,2.265,2.715,2.635,1.55,0.78,4.69,2.54,1.69,1.53,1.785,1.225,1.96,3.14,1.68,1.645,1.8,2.235,2.645,3.09,1.445,2.66,2.67,1.77,1.235,1.375,3.67,1.72,2.14,1.385,2.26,1.495,2.545,3.36,1.785,1.95,2.635,2.455,2.16,2.595,1.83,2.05,2.125,2.295,1.53,1.255,3.875,1.83,1.565,0.535,0.905,1.19,1.065,3.06,0.65,0.31,2.01,1.045,1.825,1.8,0.415,1.62,2.2,1.505,0.255,0.185,2.18,1.45,0.87,1.44,1.985,1.415,1.87,3.45,1.885,2.07,2.31,2.185,1.925,2.315,1.795,2.01,1.62,2.835,1.47,1.455,3.35,1.37,1.46,1.865,1.725,0.685,1.61,3.495,1.71,1.58,2.62,2.745,2.875,3.38,0.9,2.375,2.725,2.045,1.605,1.305,5.02,1.95,2.32,1.865,2.85,2.345,3.525,4.045,2.765,2.705,4.455,3.855,1.39,1.825,1.67,1.935,1.455,4.49,1.595,1.53,3.53,1.09,1.34,0.25,1.305,0.885,0.82,2.21,0.15,0.14,0.84,0.8,0.965,0.94,0.755,0.965,0.885,1.885,0.19,0.33,0.785,0.145,0.71,0.805,0.595,0.295,1.075,1.525,0.17,0.36,0.88,0.185,0.595,0.625,0.35,0.795,0.775,1.455,0.265,0.12,1.195,0.22,0.765,2.67,2.65,1.82,1.93,5.355,2.155,2.065,3.745,3.86,4.36,4.235,1.09,3.54,4.77,3.71,1.055,0.635,7.845,4.075,3.215,1.755,0.955,0.805,0.77,3.285,1.22,1.415,2.05,1.93,1.715,2.545,0.31,1.975,2.48,2.155,1.74,0.845,3.49,1.425,1.06,1.025,1.315,1.07,1.355,2.03,1.595,1.395,1.115,1.475,1.675,1.86,1.345,1.62,1.44,1.235,0.72,0.855,2.825,1.165,1.745
1-212.txt_373,1.0174,0.9535,1.093,1.7267,2.6047,1.0174,1.157,1.6919,1.7035,1.5872,2.064,0.9419,1.7093,1.6395,2.0523,0.7151,0.4884,2.3953,1.2674,1.657,1.0058,1.7267,2.5116,2.907,3.0058,1.4186,2.564,2.7442,3.3256,0.9128,0.8721,1.3488,0.7267,2.2035,3.0698,0.8895,1.0756,3.75,2.4942,0.4651,1.0349,1.7442,2.2733,2.8198,3.3779,1.1977,1.407,2.5058,2.5116,2.2791,1.2674,1.1395,1.2616,3.0523,2.7442,0.5988,0.4186,3.6802,2.4244,1.3605,1.2907,2.1802,2.7965,3.9128,3.3314,1.9477,2.3663,2.7616,2.6744,2,0.7674,1.8081,0.8081,2.1453,3.3779,0.8256,0.4244,2.9942,2.2093,1.3663,2.3721,3.3953,3.0814,3.814,7.0523,2.2093,2.9186,4.3314,4.5698,4.4244,3.8488,2.0349,3.5058,5.4128,4.6221,1.3779,1.314,7.9826,4.7151,3.8198,1.093,0.8779,1.8314,2.657,2.25,0.7791,1.5581,2.2674,1.814,0.9593,0.5349,0.3953,0.3256,1.4419,2.4128,0.7791,0.4651,2.3837,1.6919,0.5523,0.6977,1.5291,2.2674,2.9244,2.2267,1.2442,1.7442,1.8953,2.8256,1.3023,0.8256,1.2849,0.7849,2.4651,2.1919,0.0407,0,3.0349,2.5349,0.6337,1.3081,2.6279,2.6337,3.5872,5.4593,1.7558,2.064,3.2674,3.3837,2.5116,2.1802,1.9012,2.0756,2.6221,2.8372,1.0407,0.7093,3.8372,2.9128,2,1.6163,2.2267,2.814,2.7674,4.8314,1.3372,1.593,3.6221,3.7035,3.0581,1.9709,1.4651,1.9419,3.6628,3.6395,1.3488,1.0116,4.9012,3.3372,1.9419,2,1.093,1.1337,0.6802,4.2674,0.9942,0.7267,2.7035,1.8198,2.6279,2.4419,0.5988,2.2035,3,2.8372,0.9012,0.7326,4.6105,2.686,2.0058,2.1337,1.3081,1.0174,0.3256,3.7093,1.2791,0.8721,3.3837,1.8953,1.3547,1.75,0.8953,1.7384,1.5581,2.4012,1.4302,0.8837,4.0174,1.7849,1.3081,0.8314,0.7558,1.3023,2.4767,1.8837,0.5465,1.7326,1.7733,1.7035,0.9302,0.6686,0.5523,0.3605,1.936,1.593,-0.0581,0.3837,2.4535,1.4942,0.4012,1.7151,1.3372,0.9826,0.686,3.343,0.814,0.9012,2.6221,2.0349,1.1512,1.4244,0.6744,1.9651,1.8198,2.7267,1.3256,1.3198,3.7326,2.2965,1.4419,2.4186,2.5233,2.7791,1.3721,5.5698,2.064,1.0988,2.9651,3.2267,3.0116,2.5465,1.407,2.7616,3.2267,4.093,2.407,2.3081,5.8547,3.593,2.8198,2.2907,2.3663,3.3314,4.7965,4.7674,2.1105,3.1395,4.9767,3.6221,1.5872,1.6512,1.7907,1.3663,2.0058,4.2442,2.1105,1.5465,4.5698,2.2442,1.3081,0.6628,1.2151,1.2035,2.2326,1.4942,0.7733,1.0581,1.0058,1.2267,1.186,1.2616,0.7907,1.2907,1.1047,2,0.5174,0.2616,1.4186,0.8605,0.8779,0.4012,0.9593,0.4128,0.9244,1.75,0.4186,0.564,0.7558,1.0407,1.1337,1.3256,0.5698,1.5698,1.7035,1.3081,0.1628,-0.3488,2.157,1.3721,0.6512,2.6919,3.9942,3.5058,3.0407,7.4244,2.593,2.5174,4.4186,5.4302,4.4012,3.9651,1.8372,4.0581,6.4012,4.6512,2.2733,2.0233,8.25,5.8779,3.4128,2.0523,2.5174,2.7035,1.7849,4.7965,1.4477,1.5581,3.5116,3.2558,2.843,2.0233,1.3837,2.6802,3.2733,3.5233,2.2558,1.6453,5.5116,3.3663,1.9419,1.436,1,0.8721,0.1512,3.4477,0.7733,0.4244,2.0523,1.2093,1.593,2.0407,0.4419,1.8779,2.093,2.2035,0.9128,0.4942,3.2035,1.9419,1.5407
1-212.txt_375,1.1754,1.4327,1.4678,1.5088,3.0877,1.4152,0.6842,2.0234,1.2982,1.6784,1.2047,1.1579,1.8012,1.1228,2.0702,0.7193,0.9357,2.5205,0.8012,1.2456,0.807,1.9532,3.3567,3.7953,4.538,1.9825,2.1988,3.269,3.1754,1.6316,0.5848,1.4854,1.386,1.3684,3.0409,1.4211,1.5789,5.0292,2.1228,0.5789,0.4035,2.7953,3.9006,3.6901,5.3158,2.2281,1.7018,4.6784,3.3333,2.2573,1.6901,1.8889,2.1345,2.8655,4.0819,1.4211,0.4678,5.9298,2.8363,0.7836,0.2632,3.0058,4.2047,4.2105,4.4269,2.4035,2.2573,4.0409,3.462,1.9883,1.2865,1.8538,1.3801,2.4327,4.883,1.3801,0.386,5.4561,2.8187,0.1111,3.4152,3.9006,4.0117,3.7836,11.2924,3.5322,2.1871,6.152,4.2047,5.193,3.9766,2.2807,4.1404,5.3275,6.3275,2.6784,2.4737,10.5088,6.5322,3.731,0.6257,1.9825,3.1988,3.924,3.6082,1.9357,2.2456,3.0643,2.3216,1.0409,0.076,1.5731,1.0702,0.924,3.1345,1.117,0.9415,3.7427,1.1345,0.3626,-0.5789,1.4795,3.0819,3.5497,1.6725,1.4444,2.152,1.8363,2.3392,0.6199,-0.2105,1.7368,0.3684,1.2515,1.883,0.3275,-0.1637,3.076,1.0702,-0.3918,1.2105,4.117,3.7778,3.1813,7.2164,2.6667,1.9064,4.1345,3.9825,3.0409,2.3567,2.3333,2.5205,4.0117,4.0585,1.7661,1.2398,7.3626,3.1228,1.7719,0.7427,2.5088,3.538,2.731,5.0702,1.1345,0.462,3.9825,4.3743,2.6784,1.9942,1.2456,2.5146,3.3977,2.8947,1.9532,1.7485,6.4035,4.6608,1.5614,2.9181,1.731,1.4912,0.9181,5.3743,1.6433,0.6433,2.5848,1.6608,2.9474,2.5556,1.1871,2.3626,3.5029,3.462,1.807,1.4386,5.4678,3.0468,2.3275,2.1579,1.3977,0.8129,0.6023,3.5673,1.4444,0.5673,2.5263,1.3977,2.0351,1.8947,0.7602,1.9883,2.4152,2.3158,1.4503,1.3392,3.8304,2.4444,1.2924,0.0175,1.1579,2.4444,2.7836,2.0409,0.7544,1.2339,2.3392,2.3626,0.7427,-0.152,0.9825,0.8012,1.7602,2.3216,0.924,0.7602,3.6316,1.193,-0.2632,2.0877,1.7836,0.9415,0.5673,3.8538,1.6374,1.2164,2.1404,1.6374,2.4678,1.9766,1.1813,2.4737,2.4795,2.8538,0.7778,0.8538,4.4561,2.6842,1.3626,2.7076,2.731,2.1228,0.6784,6.2164,2.1813,-0.1754,3.0702,3.462,3.7193,3.9942,0.9181,3.2924,4.2924,2.9474,2.0702,1.3216,7.848,5.6784,2.6842,2.1988,3.2047,4.6491,6.3099,5.7661,3.4269,3.462,5.9532,3.2749,2.2515,0.6433,2.7251,1.8187,1.4035,5.5614,2.4211,2.2105,6.4269,1.9883,1.152,0.6667,1.3684,2.386,2.0877,2.6608,1.0702,0.4327,2.1696,1.5322,1.3567,1.0409,0.7719,1.3275,1.5439,2.2456,0.9298,0.1579,3.0117,1.1813,0.9474,0.345,1.0058,1.5731,1.0526,2.462,0.4035,0.0702,1.386,0.2924,1.3567,1.4678,0.2807,1.1287,1.5322,1.614,0.2982,-0.3099,2.4444,1.0058,0.9181,3.3626,5.2865,6.0585,5.6199,11.1871,3.9123,2.3333,7.3684,6.5556,5.0877,4.1988,2.9766,3.8713,5.9123,6.7076,3.4678,1.8304,13.0526,7.9357,2.6725,2.4503,2.4152,2.9532,2.462,6.5789,2.1053,0.655,4.6199,3.9942,3.5146,3.3977,1.0409,3.0117,3.4327,3.2865,2.2632,1.4737,7.9825,5.8655,1.9532,2.0702,1.1287,0.6667,0.193,3.4327,0.8655,-0.2222,1.5789,0.8304,2.2164,2.0175,0.5848,1.7953,1.9006,2.2632,1.1228,1.0702,3.0175,1.5965,2.0292
1-212.txt_377,0.7333,1.6359,1.1846,1.1436,2.4974,1.3949,0.8821,1.641,1.2769,1.2308,0.6769,1.2051,1.1179,0.9692,2.2308,0.4564,0.3692,2.359,1.1026,0.6974,0.7436,2.0667,2.6718,3.0923,3.4308,1.8462,1.5385,2.6564,2.4308,0.9744,0.0564,1.5949,0.9026,1.1179,2.6872,1.0564,1.2359,4.2154,1.6564,0.1795,0.441,2.6103,3.8923,3.6205,3.9846,1.8821,1.9692,3.7641,2.9846,1.9795,1.3436,1.8872,1.7744,2.7795,3.8205,1.3333,0.5744,5.5179,2.8462,0.7949,0.3641,2.4359,4.159,3.8821,3.6718,1.959,2.0974,3.2615,2.9026,1.9179,0.7744,1.6615,0.9641,2.7231,3.8974,1.2667,0.8103,5.3641,2.8359,0.5744,2.8872,3.2205,3.9487,3.3795,8.7077,3.4718,1.8256,5.1846,3.7897,4.4923,2.959,1.8667,3.8667,4.1692,5.6872,2.5179,1.9385,8.9179,5.9026,3.2667,0.7436,1.4308,2.4872,3.0923,2.8,1.3436,1.5744,2.4154,1.7641,0.8256,0.0308,1.3282,0.7795,1.1128,2.8462,0.9846,0.7897,3.4154,1.1179,0.1487,-0.1949,0.8872,2.359,2.7949,1.0256,1.0615,1.5846,1.8051,1.441,0.3692,-0.441,1.3282,0.0923,0.8821,1.7436,0.2923,0.0564,2.5026,0.6718,-0.5436,0.4615,3.3538,3.3128,3.0308,5.7333,1.9949,1.1436,3.9897,3.2154,2.559,2.0513,1.8,1.8974,3.6615,4.0667,1.0667,0.6308,6.3487,3.4,1.3026,0.7795,2.1333,2.8923,2.6923,4.6,0.8821,0.1333,3.1077,4.2,3.0359,1.9026,0.7231,2.7128,3.4718,2.8205,1.441,1.5333,6.0462,4.1641,1.8,2.359,1.1333,1.6718,0.8308,4.7487,1.0667,0.1282,2.4667,2.0564,2.8256,2.7949,0.9795,2.6103,2.8462,3.2974,1.6103,1.241,4.5333,2.9385,2.4051,1.9641,0.5436,0.8718,0.3744,3.1692,0.7795,0.0359,1.9179,1.359,2.0256,1.9949,0.4462,1.9897,1.8,1.6462,1.3026,1.1744,3.159,2.2821,1.7179,-0.1744,1.0615,1.9795,2.4154,1.1026,0.7333,1.1846,1.6103,1.7026,0.4667,-0.2615,0.7231,0.6462,1.759,1.5487,0.5077,0.6974,3.0974,1.1179,-0.3077,1.8205,0.9179,0.8872,0.2564,4.0718,0.9692,0.4718,1.8769,1.6923,2.3385,1.8051,0.9846,2.6564,1.6872,2.2359,0.841,0.9795,3.759,2.2923,1.7641,1.7487,2.1795,2.0872,1.3795,5.2821,1.4923,0.0154,2.6256,3.6718,3.3795,3.5692,0.5128,3.0872,3.5385,2.6154,1.6667,1.4205,6.4615,4.8615,2.0205,2.3385,3.0462,4.4103,5.0769,5.0205,3.041,2.5949,4.6667,3.1897,2.0667,0.5436,2.0923,0.959,1.6923,5.641,2.4256,1.8,6.6154,2.3231,1.1897,0.5282,1.5077,2.0154,1.9231,1.8923,0.8718,0.641,1.8154,1.241,1.2615,0.5641,0.6872,0.9282,1.1487,1.9128,0.6462,0.3436,2.759,1.0205,0.7641,0.1846,0.9538,1.2872,0.8308,2.3128,0.3744,-0.1744,1.5231,0.6103,1.3795,0.8359,0.2615,1.0923,1.4718,1.6872,0.4154,-0.1538,2.8821,1.2103,0.7128,2.6513,4.3487,5.6051,5.4154,9.2103,3.4462,1.8359,6.0308,6.5385,4.6103,3.5333,2.6359,3.4769,5.6205,6.2923,2.8821,2.3179,11.1179,7.6,2.559,1.6308,1.9538,2.7026,2.8513,5.5795,1.6154,0.3795,3.8359,3.9026,3.4154,2.9692,0.8513,2.6718,3.3128,3.0615,1.9436,1.641,6.6974,5.0513,1.7744,1.6154,0.4718,0.6769,-0.1333,3.0872,0.4359,-0.5026,1.6821,0.8718,2.0103,2.0051,0.4718,1.9692,1.641,1.8308,0.7282,0.6821,2.6051,1.6462,1.9282
1-212.txt_379,1.5956,1.3279,0.8142,1.306,3.7486,1.388,0.4044,2.7213,1.6393,1.8634,1.8579,1.0546,1.8087,1.5956,3.2186,1,0.4481,2.8361,0.7322,1.4754,0.9891,1.9344,2.9508,2.7923,3.8415,0.9781,1.3989,3.2787,1.9235,0.9836,0.5628,0.7869,1.0984,1.2022,3.1093,0.612,0.8907,4.1257,1.2131,0.306,0.6721,2.235,3.377,3.2022,3.4918,1.5956,1.5082,3.7486,2.8197,1.5027,0.4863,1.4863,1.3497,2.082,3.0437,0.776,0.6503,3.694,2.1366,0.3115,1.0383,2.5628,4.0546,4.153,3.541,2.4372,2.2022,4.306,2.7158,0.929,0.1913,2.071,1.071,1.8689,4.6776,1.153,0.541,3.8962,1.1038,-0.0109,4.5683,3.6175,3.0929,3.1694,11.2404,2.9344,1.8525,6.5519,3.6503,5.8142,5.5246,1.7923,5.1913,5.7923,7.6284,3.9344,2.1585,10.623,5.6831,4.5191,0.9563,1.6448,2.1038,2.5792,2.8415,1.2459,1.0874,2.6557,1.8579,0.5956,-0.1038,0.8087,0.8634,0.9781,2.6175,0.3989,0.3497,2.7432,0.7377,-0.0383,0.1913,1.3497,2.5301,2.7923,1.6175,0.9454,1.0055,2.1639,1.7213,0.1366,-0.1749,1.4809,0.6885,1.082,2,-0.0656,-0.0164,2.1202,0.5738,-0.3934,2.0492,3.8087,2.8142,4.1038,6.5738,2.765,1.929,5.3497,4.224,2.4044,2.3279,2.8525,2.1694,3.0546,5.7869,1.7213,0.9454,6.4208,2.1093,1.7049,1.0219,2,2.0984,1.7377,4.7213,0.8634,0.1311,3.0546,3.3661,1.9344,1.8852,0.5683,2.0984,3.0273,3.1475,0.8798,0.7814,5.7705,4.1639,1.1093,2.0273,0.7923,1.1148,1.1421,5.2732,1.1257,0.6284,2.1257,1.6612,2.6066,3.1421,0.6776,2.6284,3.071,3.3279,1.9617,1,4.3716,2.9781,2.3443,1.9617,0.8087,0.9016,0.7814,5.1366,0.7322,0.6393,2.623,1.5137,2.2404,2.7322,0.5137,2.1967,2.2787,2.2514,2.1202,1.2404,4.4481,2.224,1.9563,0.4863,1.4754,2.1967,2.4699,1.4809,0.5246,0.8251,2.5956,1.612,0.1148,-0.3607,0.6011,0.0383,0.9945,1.3661,-0.2404,0.1475,2.3388,0.7213,-0.4973,2.3005,1.3989,1.2787,1.5355,4.5519,1.1311,1.5683,2.7049,1.3552,1.7923,1.2568,1.6175,2.1967,1.0765,3.0273,1.7322,1.4863,4.0492,1.9126,1.5301,1.8634,1.8579,1.4153,1.4098,6.5464,0.8689,0.3169,2.7486,2.4426,3.8852,3.6011,1.0765,3.0328,3.6667,2.8743,2.7268,2.0219,7.2514,4.5683,3.1803,2.9563,3.8579,4.2077,5.9344,6.6831,3.8251,3.623,6.3989,3.5137,1.4699,0.8415,2.5902,1.8634,1.6339,6.9071,2.8251,1.6831,6.4262,1.9563,0.4918,1.1858,1.2787,1.8415,1.8634,3.153,1.0328,0.6503,2.4699,1.3989,1.2186,1.3388,0.6885,1.2623,1.0219,3.3934,0.6393,-0.0984,2.3224,0.6175,0.694,0.3825,0.4536,1.1038,0.6831,2.8033,0.5628,0.1093,0.7268,1.2404,1.0383,1.2787,0.2623,1.4863,1.3279,1.847,-0.0437,-0.2787,2.3115,1.0601,0.5847,3.4153,4.3552,4.3934,4.377,10.5738,2.9672,2.5137,6.3115,4.8798,5.2186,4.5137,2.9344,4,5.9016,6.459,3.2678,1.847,11.0328,6.3825,4.3716,2.0874,2.1421,2.6175,2.2732,5.0929,0.7322,1.1967,3.9071,2.6284,3.3661,2.9727,1.2131,2.6011,3.3716,2.765,2.1257,1.7268,6.6066,3.9672,2.5902,1.3825,0.4153,0.377,0.306,4.0437,0.2842,-0.2896,1.235,0.8962,1.9836,2.8361,0.3115,2.541,2.4536,2.2295,1.2623,0.3279,3.4973,2.4699,1.8033
1-212.txt_381,0.7562,1.4527,1.209,1.1493,2.7562,1.1592,0.5373,1.7363,1.199,1.1542,0.597,0.99,1.1493,1.1343,2.0348,0.5423,0.5274,2.3881,1.1343,0.6567,0.3532,2.2388,2.7114,3.2935,3.6915,1.9801,1.5373,2.1642,2.5473,1.6965,0.7164,1.6169,1.3433,1.597,2.7114,0.7413,1.393,4.7562,2.1045,0.7413,0.403,2.8408,3.7313,3.7313,3.9403,1.9403,1.9005,3.6716,2.9254,2.3184,1.5124,1.8259,1.8856,2.8308,3.9453,1.0597,0.607,5.6269,2.9353,1.0697,0.3234,2.8209,4.1443,4.0348,3.7761,2.194,2.1592,3.4129,3.0348,2.5373,0.9502,1.7562,1.1692,2.9254,4.0597,1.0796,1.0299,5.7015,3.1144,0.995,2.8458,3.4279,4.1194,3.6219,8.8607,3.5473,2.398,4.8706,4.0995,4.194,2.7861,1.99,3.2836,4.1045,5.9552,2.5075,1.8557,8.8507,5.6866,2.8706,0.5373,1.5174,2.398,2.9403,3.0299,1.398,1.1791,2.2736,1.8259,1.5124,0.6866,1.194,1.3582,1.7114,2.7612,0.6766,0.9751,3.8458,1.4527,0.7065,-0.1791,1.2488,2.4129,2.9502,1.408,1.1692,1.4328,1.995,1.602,1,-0.2338,1.4527,0.3483,1.2985,1.6965,0.1294,0.2189,2.99,1.0348,-0.0597,0.5622,3.2786,3.2637,2.8358,5.8856,1.8308,0.8408,4.2537,3.0498,2.6617,1.7711,1.5871,1.801,3.592,4.0498,0.7761,0.5622,6.1493,3.2189,1.398,0.8209,2.3085,2.8507,3.0149,4.806,1.0199,0.3483,3.2637,4.3284,3.3483,2.1443,0.7015,2.8856,3.7065,3.1493,1.1144,1.5025,6.4129,4.4627,2.0697,2.3234,1.5522,1.9602,1.398,4.7363,1.3483,0.791,2.4677,2.3881,2.8159,2.7512,1.403,2.592,3.0448,3.2488,1.8756,1.1692,4.6716,3.0896,2.403,1.8507,0.99,1.0398,1.005,2.9701,1.1592,0.8109,1.6816,1.6667,1.8856,2.2139,0.8706,2.0796,1.8706,1.7313,1.4876,0.9851,3.2189,2.3035,1.6418,-0.2637,1.2488,1.8955,2.4577,1.194,0.8358,1.0149,1.4876,1.7861,0.99,0.1891,0.7711,1.1741,2.1542,1.6915,0.2239,0.8358,3.4627,1.408,0.0846,1.7264,1.1095,1.0995,0.7214,3.796,1.2239,0.9204,1.7164,2.0348,2.2189,1.9254,1.1443,2.6567,1.791,2.2985,0.9453,0.9204,3.8607,2.5124,1.6816,1.8557,2.408,2.2587,1.8408,5.1891,1.8308,0.6667,2.5025,3.8209,3.3831,3.7463,0.8159,3.1592,3.7114,2.8955,1.7164,1.2836,6.7463,5.005,2.3035,2.1642,3.6219,4.403,5.0547,5.1542,3.4975,2.8856,4.4428,3.7065,2.4527,1.005,2.4677,1.4378,2.1144,5.806,2.0498,1.8607,6.9701,2.7015,1.3333,0.4378,1.2587,1.8806,1.9403,1.995,0.7811,0.3383,1.8109,1.1095,1.2886,0.4677,0.4279,0.8856,1.0647,1.7861,0.5124,0.3234,2.6418,0.9154,0.7214,0.0647,0.9652,1.4279,1.0896,2.3234,0.3582,-0.1045,1.5373,0.6866,1.4627,0.8657,0.1493,1.01,1.4925,1.4627,0.4328,-0.2338,3.0597,1.2836,0.7313,2.5871,4.7711,5.6517,5.8607,9.0945,3.7264,2.408,6.0149,6.8706,4.7313,3.7562,2.8955,3.602,5.8756,6.6418,2.6219,2.194,11.4478,7.8657,2.801,1.7811,2.0746,2.7114,3.199,5.5323,1.8358,0.8308,3.8607,4.0597,3.592,3.2537,0.9751,2.8259,3.5473,3.3284,1.796,1.5124,6.9751,5.2836,2.0896,1.7463,0.7811,1,0.4826,3.199,0.796,0.0498,1.7512,1.1692,1.8856,1.9005,0.8657,1.8905,1.7164,1.7065,1.0547,0.6766,2.8507,1.801,1.9801
1-212.txt_383,1.7374,1.419,1.2905,1.9888,3.3966,1.5419,0.838,2.4637,1.8101,1.6089,1.3911,1.2793,1.9162,1.3073,3.067,1.2458,1.0503,2.8603,1.0447,1.5922,1.3911,1.5307,2.838,3.2737,4.838,1.1173,1.7151,3.6592,2.4413,1.4358,0.4413,1.1788,1.2793,1.4078,3.1173,0.7039,0.5978,4.2793,1.7151,0.6201,1.1899,2.2346,2.8101,3.5922,4,1.4246,2.0391,3.6648,3.0112,1.8715,0.9721,1.6313,2.5084,3.2123,3.5531,0.7598,0.2346,4.5978,3.0447,1.0447,1.6592,2.5698,3.9218,4.9665,4.2458,1.8715,2.5698,4.6425,3.4134,1.1564,0.3017,1.8045,1.8827,2.5754,5.1899,1.5028,0.3743,4.4972,2.9553,0.5531,3.7654,3.7933,3.0168,3.6816,10.0615,3.5307,1.8603,6.6704,4.4246,6.0168,5.2514,2.0279,5.5698,5.3408,6.581,2.6872,1.9944,10.4022,5.5698,4.6257,0.9665,1.4413,2.3296,2.7933,3.1453,0.6034,1.2011,3.2737,1.9106,1.0279,-0.0223,1.1508,0.7765,0.8101,2.7095,0.7821,0.067,2.8939,1.3575,0.1508,0.3352,1.6592,2.7598,3.1061,2.2179,1.1229,1.4358,2.1676,2.0391,0.7542,-0.2737,1.9888,0.8156,0.9553,2.0503,0.257,-0.0838,2.3799,1.1061,-0.0112,2.2514,3.7095,3.4804,4.2737,6.5978,2.6034,2.0726,5.6145,3.5698,2.6257,2.4916,2.7989,3.2123,3.7207,5.324,1.7263,1.4972,6.3966,3.2682,2.1676,1.5587,2.7709,2.9497,3.0335,5.5084,1.1229,1.0615,4.1117,4.514,2.7933,1.6592,1.3911,2.6369,2.648,3.4972,1.5196,1.2514,5.7542,3.7989,1.7151,2.0894,1.3073,1.7933,1.3966,4.9441,1.5587,0.4581,2.6983,2.2123,2.8101,2.838,0.9665,2.9777,3.4246,3.6816,1.7877,1.1676,4.9609,2.6592,2.6089,1.5251,0.9944,1.2235,0.8603,3.6592,1.4246,0.5754,2.7933,1.352,1.7821,2.1899,0.6089,1.6369,2.2346,1.8212,1.6257,1.0056,3.3911,1.3855,1.4358,0.6927,1.0782,2.2179,2.7654,2.2402,0.3408,0.9665,2.9553,1.581,0.8715,-0.1453,1.095,0.676,1.4581,2.0223,0.1732,0.3966,3.1173,1.3073,0.0615,1.933,1.6257,1.7151,1.324,5.095,1.3296,1.2291,3.5419,2.4972,2.6145,1.8771,1.257,2.4413,2.5754,3.6369,1.419,0.9721,4.9944,2.3911,2.0726,1.8603,2.1676,2.4358,1.5922,6.0056,1.4916,0.419,3.1453,3.2849,3.3352,3.0838,1.0223,3.2514,3.4469,3.0503,2.3631,1.7654,7.8994,3.9721,2.7877,2.676,4.0559,4.5587,6.3966,5.838,3.3687,4.1564,5.9497,4.352,1.6536,0.7263,2.4581,2.1955,2.2402,7.5251,2.5642,2.1844,6.7709,3.2067,0.9385,1.0894,1.3464,1.7709,2.0391,2.2737,0.6872,0.7486,2.1955,1.2067,1.1006,0.8547,0.9218,1.3408,1.0168,2.8771,0.3464,0.1453,2.2905,0.8994,0.648,0.5754,0.4413,1.1844,1.2682,2.3017,0.2514,0.1844,0.905,0.8436,0.9162,1.1899,0.3352,1.257,1.3911,2.1117,0.1061,0.0335,2.1844,1.0894,0.9106,3.0726,4.3631,5.3966,5.1006,9.6872,3.3296,2.5196,7.1285,5.933,5.1899,4.1341,2.7821,4.9106,6.0335,7.3073,3.1229,1.8827,11.3911,6.6927,3.9944,1.9162,2,2.8827,2.2626,6.0056,1.2793,1.0782,4.0726,3.743,3.7765,2.8268,0.9162,3.2849,3.3296,3.1061,2.2682,1.4469,7.7318,4.0782,2.8324,1.581,0.8715,1.2123,0.6145,4.0447,0.9553,-0.4804,1.7263,1.2458,2.095,2.3799,0.4637,2.514,2.6089,2.3743,1.2961,0.6369,4.1117,2.3296,2.095
1-212.txt_385,1.6257,1.8603,0.9162,1.2291,3.838,1.5978,0.6648,2.2067,1.838,1.7318,1.8939,1.4916,1.7765,1.743,2.4022,1.0223,0.7709,3.5587,1.5084,1.352,1.3073,1.9553,3.2961,3.6201,3.5251,1.7598,2.2682,3.3966,2.581,1.3128,0.1453,1.6313,1.6704,0.8994,3.1955,0.5587,0.4358,3.8045,1.7374,0.3966,0.6648,2.7039,3.6592,3.6816,4.324,2.419,2.4134,4.1899,3.3184,1.6983,0.6034,1.933,2.0559,2.2402,3.0782,0.5475,-0.3464,3.8939,2.4134,0.4134,1.2737,2.8994,4.4749,4.8827,4.4916,2.6927,2.905,4.7318,3.4134,1.514,0.6034,2.3464,2.4358,1.9106,4.9162,1.324,0.0056,4.5363,1.8268,0.9441,4.4413,4.067,3.7207,3.9385,11.0503,3.2961,1.9944,7.0391,5.0615,4.9888,4.9777,2.4749,4.9665,5.8994,6.324,3.3911,2.2793,11.0279,5.9944,4.2626,1.162,1.5475,2.5363,3.0782,3.2123,1.1955,1.8883,3.1006,2.2011,1.4916,-0.1397,1.2514,1.067,0.6983,2.9721,0.2961,-0.0279,3.324,1.3352,0.676,0.3575,1.9441,3.2793,3.676,1.9944,1.6034,1.648,2.7765,2.2346,0.6034,-0.0615,1.8436,1.324,0.9609,2.5028,0.067,-0.676,3.0391,0.9609,-0.0168,2.0391,3.7039,3.1508,3.8324,6.4916,2.6313,2.4525,5.9888,3.7654,2.7263,2.3575,2.8436,2.8045,3.2346,5.0168,1.6313,0.8268,5.9888,3.0112,2.0726,1.7151,2.6816,2.7933,2.7151,5.9385,1.2458,1.162,3.8156,4.5475,3.5754,2.095,1.1508,3.2067,3.0503,2.7709,1.2682,1.0335,5.9162,4.6536,2.067,2.4134,1.0615,1.0615,0.7598,5.6369,1.3631,0.8715,1.8994,2.2346,2.6425,2.7765,0.9441,2.8603,3.3855,3.6983,1.8939,1.4749,4.1285,2.8939,2.7598,1.8603,0.6816,0.8156,0.6927,4.9106,0.6089,0.5866,2.2514,1.514,1.7598,1.9497,0.6592,1.0391,2.4749,2.2291,1.8324,1.6816,3.9441,2,1.5866,0.3743,1.7654,2.8715,3.3073,2.2011,1.3352,1.6592,2.8492,2.2067,0.6704,-0.1899,1.5307,0.9162,1.324,1.9497,0.0838,-0.1453,3.2179,1.581,-0.2011,2.3911,1.4134,1.2514,1.0391,6.2067,1.4525,1.6369,2.5642,2.0782,2.0335,1.581,1.7989,1.6927,1.8939,3.2402,1.5866,2.0223,4.0447,2.419,1.7989,2.0391,2.067,1.2458,1.2626,6.0335,1.2849,0.6257,2.6816,2.7374,3.2346,3.4358,1.6369,2.5419,3.7039,3.2961,2.1564,2.2011,6.514,4.0447,2.8156,2.7374,3.9441,4.6592,6.5587,5.5363,4.2123,4.1844,6.2626,3.2793,1.4804,0.3799,3.1676,1.3743,1.648,7.0112,2.6536,1.6369,5.648,2.0223,0.7933,1.2067,2.0056,1.838,1.9888,2.1899,1.4413,0.7877,2.1061,1.6536,1.1285,0.905,1.095,1.5028,0.7877,2.8101,0.4804,-0.0503,2.5866,0.9385,0.8156,0.6201,0.5475,1.1229,0.9553,1.9721,0.6425,-0.0279,0.5866,1.095,0.8212,1.5978,0.6927,1.6034,0.7654,1.6089,0.2346,-0.0894,1.6536,1.0391,0.8939,3.2793,3.4581,3.8547,3.7039,9.6425,2.5587,1.9888,6.1229,5.7877,5.4078,4.7151,2.743,4.9721,6.0894,6.2123,2.5978,1.5028,9.8939,6.8603,4.1453,2.2123,2.067,2.0894,1.7989,5.7151,1.1788,1.2011,3.4413,3.676,3.6201,3.1229,0.9218,3.3743,3.2123,2.5196,1.8939,1.4693,6.2626,4.5419,2.8045,2.1788,0.6201,0.2905,0.4078,5.0279,0.8827,0.1508,1.257,1.0223,1.8436,2.1173,0.4246,1.7933,2.2235,3.0335,1.6704,1.0391,3.6872,2.2179,2.0056
1-212.txt_387,1.555,1.9319,0.801,1.5288,3.6335,1.0471,0.5707,2.2775,1.7277,1.445,1.6806,1.1466,1.5969,1.4293,2.1309,1.1204,0.7749,3.4555,1.4188,1.1728,0.7853,1.8796,2.8272,3.1728,4,1.3717,1.4921,3.1099,1.7906,1.178,0.534,1.4503,1.6387,1.0157,2.5759,0.5969,0.5131,4.1518,1.555,0.1414,0.534,2.5026,3.1466,3.3037,3.712,1.7016,1.5654,3.6702,2.356,1.2775,0.3351,1.822,1.623,1.9372,3.0105,0.6545,0.3351,3.2147,2.0262,0.1257,0.8796,2.6702,3.4974,4.2094,4.288,2.2565,2.1937,4.0314,2.644,1.1728,0.5393,2.5079,1.8848,1.7173,4.4503,1.2618,0.7068,4.0576,1.5026,0.356,4.5497,3.534,3.5026,3.7277,10.9319,2.3246,1.4712,7.0576,4.0157,5.0105,4.8691,1.911,5.2408,5.7382,6.2565,3.5131,2.6021,9.9424,5.1571,4.5602,0.8639,1.2723,1.6597,2.5969,2.7539,0.9843,1.4293,2.5864,1.267,0.8691,-0.3246,1.2984,0.555,0.3508,2.5497,0.2094,0.089,2.6021,0.8534,0.3508,0.0838,1,2.4817,2.8168,1.4398,1.2513,1.267,2.2513,1.3194,-0.1361,-0.5654,1.5445,0.5079,0.2408,2.1675,0.1571,-0.5707,2.3927,0.0262,-0.644,1.6335,4.0733,3.0785,3.9581,6.0366,2.7487,2.2932,5.5445,3.5183,2.3246,1.7435,2.9895,2.0785,2.5969,5.0052,1.8534,1.0366,5.2304,2.2984,1.2618,1.644,2.0471,1.9372,1.911,5.4869,0.5864,0.2461,3.4503,3.0314,2.7592,1.8743,0.8115,2.6545,2.3874,2.9895,0.9215,1.4136,5.534,3.7696,1.6649,2.4503,1.0052,1.267,0.9581,5.1099,1.3141,0.4974,1.6597,2.4241,2.3455,2.8063,0.801,2.6649,3.2304,3.7853,1.9948,1.3089,4.4031,2.8743,2.2565,1.8325,1.1152,1.0262,1.178,4.5131,1.0681,0.7958,1.8639,2.0366,1.6335,2.0052,0.5707,1.0628,2.2827,2.2984,1.9476,1.3037,3.7435,2.2042,1.5393,0.2356,1.1937,2.3089,2.7958,2.3665,0.8115,0.712,2.4136,1.0052,0.7906,0.2251,1.1099,0.8063,1.2513,1.5079,-0.0681,0.1466,3.1832,1.5602,-0.2723,2.3717,1.5393,1.2094,1.1518,5.2304,1.3822,1.2042,2.3037,2.3508,1.8115,1.6283,1.3508,1.822,1.8325,3.2408,1.6597,1.7644,3.8168,2.4188,1.9843,1.8168,1.9895,1.445,1.1937,5.6178,1.0366,-0.199,2.1152,2.7435,3.1257,2.9686,0.9372,2.5079,3.4817,3.3613,2.5497,1.9581,6.2618,4.0157,2.801,3.0681,3.3927,4.5079,6.1937,5.4555,3.8429,3.5864,6.3717,3.2723,1.1885,0.5183,2.7958,1.534,0.9162,6.3037,2.7696,2.0209,5.6073,1.911,0.801,1.377,1.712,1.8953,2.1518,2.4398,1.0262,0.6126,2.1309,1.6073,1.0052,0.8482,0.8639,1.4241,0.5131,3.1728,0.5864,0.2932,2.5445,0.8534,0.8482,0.6126,0.377,1.288,1.4607,2.6126,0.2094,-0.1518,0.7644,1.1518,0.7749,1.356,0.4188,1.6492,1.0105,1.7539,0.1309,-0.1047,2.1623,1.2199,0.7592,3,3.9738,3.2199,3.4974,9.2042,1.7382,1.2356,5.6021,4.8325,5.3822,4.2565,2.7435,4.4293,5.6073,6.3665,2.6178,1.7487,10.4712,6.377,4.0576,1.8691,1.6911,1.8901,1.6545,4.9372,0.2251,0.178,2.9843,2.7853,3.0995,2.9634,0.5079,3.178,3.4398,2.5759,1.8115,1.6859,5.6963,4.4031,2.8534,1.9162,0.7696,0.623,0.5497,4.3194,0.7644,0.0052,1.0471,1.377,1.4136,2.1099,0.2723,1.8848,2.1047,2.801,1.623,0.6859,3.7016,2.1466,1.7173
1-212.txt_389,1.511,1.1813,0.6978,1.1264,3.989,1.1154,0.3846,2.2692,1.533,1.4945,1.5659,0.8956,1.6978,0.9231,2.5604,0.8791,0.7308,2.4286,0.6264,1.5824,0.5989,2.0495,2.6813,2.7582,3.967,1.7308,1.6923,3.1209,1.7692,1.1264,-0.0934,1.8407,0.9341,0.8132,2.989,1.0989,0.9121,3.8571,1.2253,-0.1538,0.4286,2.3352,2.6264,2.6703,2.8956,1.2857,1.4451,3.1923,2.3901,1.489,0.5659,1.7033,1.4725,2.0549,3.989,1.2967,0.1099,3.8516,2.2418,-0.1538,0.7912,2.2418,3.3846,3.7418,3.478,1.8956,2.1593,3.8462,2.1813,0.9286,-0.1703,2.1813,1.033,1.3571,4.9121,1.3901,0.467,3.7527,1.2143,-0.4341,4.2143,3.2253,2.9451,3.2418,12.1374,3.0055,2.0604,5.5934,4.8132,5.456,5.0549,1.5275,4.3791,6.1264,7.1099,3.3352,1.7253,10.5989,6.0495,4.2253,0.6429,1.8242,2.2363,2.8352,2.9121,1.3242,1.6209,2.8297,1.9121,0.5659,-0.2418,1.3132,0.7582,0.5055,2.6648,0.8242,-0.0989,2.5989,0.4451,-0.2473,0.1154,1.5275,2.7088,2.5385,1.6209,1.3571,1.5659,1.9011,1.7363,0.2473,-0.8132,1.9835,0.7363,0.3571,2.1648,0.6374,-0.2253,1.978,-0.1813,-0.5385,1.9121,3.2582,2.0275,2.6758,6.2198,1.7967,1.3571,4.9505,3.4725,2.7582,2.5989,2.2473,2.511,2.6758,4.9176,1.7363,1.1099,6.1154,2.3462,1.4121,1.2747,1.7747,1.9451,1.7253,5.7967,1.3297,-0.1154,3.6813,3.0824,2.7473,2,0.3242,2.4451,3.1703,2.7198,1.2802,0.3626,6.1319,3.6099,1.5934,1.967,0.9396,1.2308,0.967,4.7802,1.6923,0.6374,1.9615,2.0495,2.9341,3.5659,0.4945,3.0165,3.7308,3.1593,1.4451,1.3132,4.2912,2.6703,3.022,1.7692,1.0934,0.6484,0.8901,4.1923,1.033,0.6648,1.8791,1.3516,1.9396,2.6538,0.3846,1.7802,2.3956,1.9615,1.3132,1.0165,3.3297,1.9231,2.4121,0.2637,1.2363,2.1099,2.3571,1.7802,0.5604,1.1044,2.2527,1.4505,0.2033,-0.8187,1.4615,0.3626,0.5934,1.5879,0.6044,0.2802,2.8846,0.8516,-0.8352,1.9286,1.3462,1.0165,1.1264,4.4121,1.478,1.478,2.2527,2.1703,1.8736,1.5879,1.3187,2.2802,1.9396,3.1923,1.5549,1.522,3.5495,2.3132,1.978,1.8352,2.5275,1.6264,1.5604,5.1374,1.5659,0.8077,2.3626,3.3736,2.533,2.9286,1.044,2.5714,3.7473,3.7857,2.4396,1.5879,6.1099,4.2582,2.3132,2.9835,3.3626,4.3516,5.7473,6.4451,3.8132,3.1044,5.5769,4.011,1.6484,0.6868,2.8022,1.4451,1.6484,7.2637,3.2033,1.8681,6.6593,2.2912,0.8956,0.9066,1.3571,1.8791,2.4011,2.6703,1.0714,0.967,2.3516,1.6209,1.0934,0.9176,0.6978,1.4011,0.8791,3.2363,0.9505,0.1868,2.9066,0.7527,0.5934,0.6758,0.1978,0.6099,0.7308,2.3462,0.3297,-0.0989,0.8187,0.7912,0.8736,0.9341,0.1319,1.2747,1.4615,2.0659,0.3626,0.1264,2.4011,0.9011,0.7747,2.6099,3.8626,3.956,4.3681,9.8242,2.9176,2.1264,6.1484,5.489,5.0879,4.0659,2.6484,3.5714,5.8132,6.8846,3.2033,1.6374,10.8187,6.5659,3.7747,1.9396,2.0934,2.456,2.3077,5.3187,1.1593,1.1484,3.4286,3.3516,2.456,2.511,1.0934,2.2473,3.022,2.9945,2.5714,1.6868,6.0495,4.4341,1.8297,1.7912,0.5549,0.2143,0.0055,3.8956,0.8901,0.1154,1.5385,0.7088,1.8077,2.1813,0.1758,2.1593,2.6154,2.3022,1.011,0.5769,3.3077,2.4286,2.2418
1-212.txt_391,1.7123,1.2783,0.9151,1.434,3.6698,1.1792,0.7594,2.1415,1.7311,1.3962,1.4104,0.7406,1.6651,1.3632,1.9292,0.934,0.4387,2.5613,1.184,1.4623,0.6604,1.9764,2.5142,2.7358,3.5094,1.3491,1.3538,2.7972,1.9528,0.9528,0.6226,1.1792,1.1226,1.2123,3.0613,0.5236,0.7075,3.9953,2.1509,0.4434,0.5849,1.6415,2.316,2.6038,2.9906,1.5519,0.8538,3.3538,1.5943,1.2075,0.5,1.0472,1.1085,1.7453,2.6132,0.4953,-0.1509,3.684,2.4245,0.1085,0.7972,2.5566,3.4292,4.1557,3.0849,2.5094,2.2075,3.2217,2.434,1.3208,0.4434,2.2689,1.0896,1.9104,4.0094,0.7406,0.2406,4.4198,2.4387,-0.0425,3.8019,3.184,2.6934,3.5094,9.5566,2.5236,1.9057,5.0283,3.6745,5.3113,5.1509,1.8491,4.3962,4.5425,6.283,2.6226,1.6698,8.7217,4.6981,4.1038,0.6132,1.0849,1.9481,2.4858,2.0236,1.3491,1.6509,2.0802,1.0236,0.5896,-0.0425,0.9151,0.6415,0.717,1.9387,0.1887,-0.1651,2.4623,1.4151,-0.0236,0.0755,1.1179,2.0142,2.566,0.9009,1.6557,1.3774,1.6226,1.1274,0.1698,-0.2264,1.2689,0.2217,0.8302,1.7123,-0.3113,-0.8066,2.434,1.1038,-0.7264,1.7925,3.5755,2.2972,2.8632,5.6132,2.25,1.6792,3.9387,3.0943,2.1038,1.8915,2.6981,2.3066,2.5142,4.3821,1.0425,0.5472,4.8632,2.3821,1.5189,1.217,1.8632,1.8585,1.6179,4.6509,0.9764,0.4764,2.8868,2.6745,2.1792,1.9481,0.6557,2.1981,2.7311,3.0613,0.7075,0.6321,4.7594,4.1462,1.3868,2.0566,0.9104,1,1.2264,4.7311,0.6415,0.2547,1.8113,2.0425,2.3726,2.4953,0.8255,2.2547,2.7358,2.7877,1.7264,1.3208,4.2547,2.6226,2.2075,1.7547,0.8491,0.7642,0.7689,4.2783,0.2689,0.0283,2.0896,2.0377,2.0849,2.1981,0.5943,1.7689,2.1132,1.9623,1.5991,1.2075,3.7123,2.316,1.783,0.5189,1.533,1.7594,2.1085,1.9528,1.1415,0.9764,2.2547,1.1415,0.7877,0.0896,0.7075,0.5,1.3443,1.6085,0.066,0.1415,2.8868,1.9906,-0.0236,1.9151,1.4245,0.9764,1.2453,4.3208,0.6651,0.8443,1.9575,1.7358,1.4292,1.316,1.1415,1.5566,0.9717,2.3915,1.3113,1.1981,3.4953,1.6887,1.4104,1.5189,2.0519,1.1934,1.1085,5.2594,0.7689,0.0142,2.2689,3.2453,3.0142,2.7736,1.2925,2.4245,3.0566,2.7736,1.9009,1.9104,5.7311,3.8019,2.2406,2.5708,3.1745,3.1981,5.2406,5.1132,2.8538,3.3679,5.4434,3.1557,1.6038,0.783,2.5283,1.9245,1.4009,5.5189,2.1368,1.2217,5.5566,2.2217,0.9858,1.0613,0.8302,1.2877,1.7264,2.4858,0.7406,0.5613,1.9858,0.8491,0.5896,0.6934,0.6651,1.1415,0.5,2.0755,0.6226,-0.4811,2.0566,1.0189,0.533,0.3019,0.3396,0.7123,0.6651,2.1085,0.3585,-0.0519,0.4764,0.8632,1.1179,1.3632,0.2925,1.3019,1.0189,1.2877,0.0472,-0.4151,1.7594,1.3774,0.8396,3.0094,3.8255,3.3915,3.8585,9.2075,2.4009,1.6415,5.0991,4.8349,4.6745,4.0519,2.6745,3.434,5.3585,5.3349,2.4198,1.3349,9.1604,6.7877,3.6321,2.2736,2.1887,2.467,2.5755,5.0755,0.8396,0.7783,3.6792,3.184,3.4057,2.7925,1.1557,3.0283,3.1934,2.9528,1.8726,1.7123,5.5802,4.3726,2.4764,1.5943,0.5943,0.2311,0.3113,3.7453,0.2642,-0.4009,1.0566,1.5142,1.5425,2.1934,0.5377,1.8585,1.9057,2.0425,1.2217,0.5094,3.2075,2.033,1.9245
1-212.txt_393,1.2251,1.4398,0.8325,1.1623,3.3455,1.0995,0.2775,2.1571,1.4974,1.6283,1.9948,1.2251,1.8325,1.5969,2.3246,0.8325,0.7382,2.3927,0.8691,1.3613,0.8272,2.0419,2.9319,2.8743,2.8063,1.6387,1.7749,3.0471,2.6911,1.1414,0.6806,1.4764,0.8377,1.3351,3.1466,0.9529,0.6597,3.4607,2.0157,0.5654,0.7853,2.4974,3.6911,3.3665,2.9738,1.8901,1.4084,4.1728,3.1204,1.5969,0.712,1.5916,1.4031,2.2984,3.1361,1,0.6492,3.9634,2.7487,0.466,1.2042,2.6335,4.267,4.1466,3.1361,2.822,2.7435,4.2356,3.356,0.6911,0.1832,2.089,0.8586,1.5393,4.7173,1.3717,0.9738,4.4346,2.0157,0,3.2775,3.6754,2.7853,3.4921,8.5707,3.6545,2.4346,5.7592,4.5602,4.445,4.4136,2.8482,3.644,5.2565,6.1047,2.5916,1.445,8.8115,5.0366,3.4031,1,1.6545,2.3246,2.5236,2.8534,1.2094,1.3927,2.7068,1.9476,1.1047,0.1466,1.2251,0.4974,1.0314,3.0995,0.8848,0.733,2.3298,1.3037,0.712,0.3298,2.0052,3.3351,2.9372,1.8115,1.7487,1.555,1.9581,2.3089,0.1571,-0.3403,1.9162,0.4921,0.5131,2.7853,0.2304,0.3246,2.5445,1.1832,-0.3508,1.8063,3.8586,3.3037,3.8848,5.6649,2.4031,2.288,5.0785,3.7958,2.7853,2.2304,2.7173,2.644,3.0524,5.3613,1.5969,1.2042,5.3089,2.9634,1.8534,1.4817,2.4031,2.6126,2.1099,4.8639,1.1832,1.2147,3.712,4.0157,2.4293,1.9319,1.377,2.5183,3.5393,3.3717,2.089,1.5654,4.6806,3.8691,1.5445,1.9634,0.6283,1.4346,1.2042,4.4241,0.822,0.5183,2.4293,1.7435,2.7487,2.5497,0.7068,2.4031,3.2461,2.6702,1.7068,0.6859,3.7487,3.1571,2.5183,2.0209,0.6387,0.911,0.822,4.1623,0.8429,0.6283,2.9005,1.3141,2.0681,2.2304,0.4188,1.9267,2.2513,2.0471,1.6859,0.8377,3.3822,1.8063,1.8482,0.6387,1.6126,2.089,2.0419,1.377,1.3979,1.3927,2.7487,2.1466,0.6702,-0.1047,1.1728,0.3298,0.9581,2.1885,0.0681,0.4136,2.5079,1.3717,-0.0524,2.0471,1.0733,0.8115,0.6702,4.3037,0.4869,0.7277,2.8272,1.6597,2.199,1.7749,0.7435,2.4084,2.7277,2.4084,1.267,0.9948,4.1937,2.4974,2.2199,1.9686,1.7016,1.466,1.2775,5.1309,1.2147,0.6492,2.7487,2.3927,3.6597,3.3665,1.1204,3.5445,4.1204,3.3508,2.6963,1.9581,4.9476,3.822,3.4136,2.6911,3.5602,4.2356,6.0262,4.466,4.1204,3.6859,6.4555,3.801,0.9738,0.733,2.3665,1.534,1.1728,6.911,2.9895,2.2408,5.288,2.2461,0.7853,1.178,1.4974,1.7539,1.8639,2.3613,1.5497,0.9005,2.2932,2.0995,1.3455,1.3298,1.2513,1.5079,1.267,3.0052,0.623,0.445,2.1518,1.2042,1.0366,0.3508,0.7592,1.1675,1.2984,1.7277,1.0524,0.7801,1.0366,1.3822,1.1885,1.0628,0.6702,1.4241,1.0576,2.1466,0.3508,0.1047,2.0942,1.3717,0.9267,2.7592,2.8168,3.8429,3.5969,9.1257,2.2618,2.0628,5.2356,4.267,5.4084,4.2827,2.2984,3.8168,5.712,4.5497,3.0209,1.6492,7.7173,6.3874,3.8482,1.9895,1.6963,2.5445,1.8901,5.178,1.1623,1.3874,3.9215,3.4921,3.0209,2.8115,1.1099,2.9424,3.4607,3.1414,2.6963,1.7016,5.4712,3.7382,2.7016,1.4188,0.377,0.5393,0.534,4.4136,0.2827,-0.2932,1.3822,0.6649,1.8115,1.9791,0.2304,2.1466,2.6283,1.712,1.3141,0.3874,3.356,2.2827,1.911
1-212.txt_395,1.2843,1.7868,1.0761,1.3046,3.7919,1.4975,0.4975,2.4822,1.7766,1.2893,1.3147,1.2843,1.3147,1.1675,2.3249,1.2538,0.7462,2.8731,0.8477,1.4162,0.934,1.335,2.5939,2.0914,4.066,1.0761,0.9848,3.0051,2.2081,0.8883,0.3503,1.0305,0.7716,1.3756,2.5939,0.7107,0.5127,4.0406,2.1269,0.6701,0.8173,1.8426,2.7716,2.6853,3.3553,1.4975,1.1472,3.599,2.1218,1.1675,0.4365,1.4873,1.1421,1.7766,3.1827,0.9645,0.0457,3.5736,2.0914,0.5635,1.0102,2.3198,3.5838,3.6142,3.4416,2.0609,2.1929,3.1929,2.8731,0.3959,0.0203,2.0051,0.6954,1.5076,3.9036,1.2893,0.1929,3.269,1.4518,0.2386,3.2893,3.2081,2.736,3.1066,9.1675,3.1726,1.4416,5.3198,3.8579,5.269,4.8274,1.6193,4.1168,5.0558,6.2437,2.8883,1.5482,9.3452,4.8731,3.6853,1.1421,1.3503,2.3706,2.3452,2.8985,0.9391,1.1777,2.6802,1.3401,0.6294,-0.4518,1.2589,0.4213,0.6751,2.0152,0.6193,0.3909,2.5228,1.1066,0.4315,0.4365,1.5584,2.9492,2.6396,1.5076,1.203,1.2792,1.8579,1.7005,-0.3147,-0.6244,1.7766,0.0508,0.0609,1.9898,0.0609,-0.533,1.8579,0.5888,-0.5482,1.4721,3.4061,2.8528,3.2081,6.0355,2.4162,1.8173,4.5279,4.198,2.2893,1.9797,2.7513,2.3706,2.8173,4.6954,1.7766,1.2234,5.5533,2.5888,1.9949,1.4924,2.0609,2.066,1.2792,5.0102,0.7868,0.5076,3.1827,2.7563,2.4061,1.9289,0.9086,2.3706,3.1117,3.0812,1.6244,0.6497,5.2183,3.8426,1.6802,1.8579,0.5838,1.1168,0.9949,3.8731,1.1168,0.6345,2.4721,1.7107,2.203,2.5279,0.6294,2.0609,2.4822,3.1218,2.0457,0.5127,3.5482,2.3096,1.8782,1.7462,0.9391,0.8477,0.7665,3.3096,0.7716,0.7513,2.6294,1.0761,1.9695,2.0914,0.3909,1.7462,1.599,2.0102,1.8934,1.0355,3.4365,1.6802,1.2386,0.6294,1.132,1.6041,1.665,1.934,0.5888,0.8579,2.3604,1.0254,0.4061,-0.0964,0.8579,0.2792,0.9949,1.5076,-0.0964,-0.0254,2.7107,1.4518,-0.0152,2.0254,1.0609,0.3198,0.5178,4.4518,0.736,0.8071,2.5025,1.4365,2.2132,1.6904,0.731,1.9289,1.7614,1.8579,1.401,1.1472,3.9239,1.736,1.5431,2.132,1.3858,0.9492,0.868,5.3299,1.0102,0.1117,2.1827,2.0964,3.2538,3.2843,0.3858,2.8579,3.0203,3.2944,2.6345,1.4061,5.2487,3.4518,2.7005,2.6802,3.198,4.1066,5.3046,5.0051,3.4772,3.1269,5.4569,2.6751,0.9695,0.4619,2.3553,1.1624,0.9492,6.2944,2.8629,1.4162,5.0457,1.4264,0.665,0.9594,1.6904,1.736,1.8325,3.0964,1.3756,0.8934,2.3807,2.2386,0.9746,1.1574,1.2589,1.1015,1.0609,2.6497,0.6853,0.1472,2.4061,1.2843,0.9442,0.1929,0.1929,0.5685,0.4061,2.0609,0.4619,-0.0203,0.7462,0.5888,0.8528,1.264,0.1726,0.9797,0.6244,1.4721,-0.2843,-0.5888,1.5381,0.8325,0.6904,2.8325,3.4924,3.7056,3.2893,8.5838,2.7411,2.1421,5.6548,4.3198,4.7817,3.9645,1.802,3.7665,5.3198,5.1827,3.2081,0.8477,9.5127,6.335,3.5228,2.269,1.6396,2.1371,1.8325,4.6396,1.1675,0.8325,3.736,2.5228,3.0508,2.7462,0.6142,2.8274,3.1726,3.1624,2.4416,0.9188,5.8122,3.8325,2.2741,1.4416,0.7462,0.6244,0.5685,3.6751,0.5888,0.0863,1.7208,1.1777,1.5736,1.9289,0.3046,1.5736,2.1218,2.1878,1.5736,0.2944,3.5939,2.0761,1.3452
1-212.txt_397,1.1827,1.7614,1.3553,1.5939,3.8173,1.736,0.7107,2.3756,1.5888,1.4112,1.7005,1.4822,1.6599,1.0051,2.1675,1.2081,0.736,2.4467,0.6294,1.3959,1.0457,1.6904,3.0406,2.5025,4.0203,1.3959,1.7208,2.9949,2.0203,0.8579,0.4315,1.2843,0.6396,1.3858,2.8579,0.8883,0.6497,4.2284,1.4619,0.4264,0.797,2,2.8477,3.0203,3.3249,1.8528,1.7157,3.9086,2.2335,1.3553,0.6244,1.5431,1.4162,2.0203,3.4772,1.0711,0.3401,3.934,2.2335,0.9695,1.132,2.5736,3.5228,4.3604,3.3706,2.4569,2.6599,3.7107,2.7665,0.1929,-0.269,2.3046,0.6041,1.3401,4.533,1.6751,0.868,2.9188,1.1574,0.4619,3.2234,3.2335,3.0051,2.9036,8.5888,3.3858,1.5381,5.4569,3.8832,5.2589,5.0711,1.8782,4.335,4.7157,6.0558,2.665,1.5838,8.7259,4.7208,3.7208,1.3553,1.5076,2.7411,3.0051,3.1218,0.9898,1.6345,3.0964,1.5939,0.3401,-0.3046,1.2995,0.1726,0.868,2.3756,0.8883,0.3096,2.4873,0.9086,0.3807,0.4264,1.736,2.9949,3.1218,1.8528,1.1421,1.5025,2.0355,1.6853,-0.0761,-0.335,1.7868,0.0508,0.4873,2.3655,0.5076,-0.1168,2.0305,0.4721,-0.3452,1.6701,3.5533,2.8173,3.4213,6.1675,2.5736,1.8934,4.7056,3.7259,2.5076,1.8071,2.797,2.9746,2.7411,5.132,2.0102,1.5635,5.6041,2.0863,2.1472,1.203,2.3452,2.1675,2.0203,4.7563,1.3249,1.1066,3.2741,3.1269,2.2183,1.8528,1.3503,1.9695,2.6802,3.2386,1.3756,1.1015,5.2538,3.4467,1.3503,2.1421,0.6091,1.1472,0.9239,3.8579,1.1726,0.4569,2.5076,1.7614,2.5635,2.797,0.2589,2.1726,2.8376,2.9543,1.6802,0.3706,3.7868,2.4467,2.0964,2.1218,0.7208,0.9848,0.5939,3.4061,0.9391,0.7919,2.8528,1.5076,2.198,2.5127,0.1675,1.802,2.0914,2.0508,1.7766,0.8934,3.4315,2.1371,1.4061,0.7665,1.1218,2.203,2.269,2.1523,0.9898,1.3959,2.467,1.1827,0.1878,-0.2183,0.7208,0.1624,1.3452,1.8325,0.3299,0.1168,2.5787,1.1878,-0.0711,2.269,1.0305,0.7259,0.1269,4.2335,0.665,0.8883,2.7919,1.9137,2.1777,1.8173,0.4873,1.5482,1.9594,2.3959,1.4365,0.8528,3.6701,2.0457,1.6701,2.0558,1.401,1.2183,0.8528,4.797,1.0863,0.4518,2.5838,2.0711,3.5228,3.1726,0.8731,2.6142,2.8985,3.4518,2.5127,1.5431,5.264,3.3299,2.3604,2.7411,3.2335,4.1066,5.6853,5.1421,3.7005,3.1066,5.7665,2.7411,1.0761,0.7462,2.599,1.3858,0.9442,6.0761,2.736,1.7513,4.7868,1.5787,1.1929,0.9137,1.8477,1.5939,1.9695,2.665,1.4112,0.8629,2.3147,1.9391,0.8985,0.9746,1.4772,1.3858,0.8579,2.7513,0.7107,0.3299,2.2487,0.934,0.8832,0.3046,0.3503,0.8274,0.599,2.2893,0.5838,0.1371,0.6193,0.6447,1.0305,1.5431,0.6244,1.3198,0.8832,1.736,-0.066,-0.1827,1.7157,1.0203,0.868,2.6599,3.2589,3.6142,3.1624,8.066,2.7868,2.3503,5.6954,4.0355,4.7614,3.9442,1.9594,3.7411,4.4416,5.1523,2.5787,1.0406,8.8731,5.6802,3.5787,2.1168,1.7056,2.5025,2.0203,4.1523,1.2589,1.3046,3.9645,2.5178,2.6904,2.3959,1.1878,2.4975,2.4061,3.335,2.4264,1.4924,5.132,3.2589,1.8883,1.7005,0.8274,0.8223,0.5939,3.2843,1.0102,0.1066,1.731,1.4467,1.5127,2.1675,0.3604,1.599,2.1066,2.2487,1.467,0.264,3.2792,2.3706,1.4619
1-212.txt_399,1.2741,1.6345,1.1624,1.1472,3.7411,1.2183,0.4518,2.3959,1.5127,1.4873,1.5888,1.1878,1.8071,1.2132,2.1929,1.0812,0.7716,2.4619,0.8376,1.3858,0.9137,1.7563,2.8376,2.2386,4.0457,1.3401,1.599,3.0711,2.5482,0.868,0.2944,1.2893,0.9289,1.2843,2.5584,0.5838,0.3858,4.0812,1.9594,0.4112,0.6802,2,2.8629,2.6853,3.5635,1.5178,1.3198,3.7056,2.2234,1.3452,0.533,1.335,1.6954,1.8782,3.269,0.7665,0.264,3.8122,2.1117,0.8071,0.8883,2.4518,4.0102,3.802,3.335,2.2284,2.5888,3.2944,2.7157,0.2335,-0.335,1.8731,0.9848,1.1117,3.797,1.1624,0.4467,2.8985,1.0254,0.1117,3.2081,3.2944,2.797,2.6599,8.6193,3.1421,1.3553,5.3655,4.4569,4.934,4.7563,1.9848,4.4975,5.2589,6.269,2.8376,1.5228,8.802,5.0406,3.7919,0.8477,1.7107,2.5482,2.3604,2.8832,1.0863,1.6701,2.4416,1.5431,0.6599,-0.2386,1.1878,0.7919,0.5178,2.0863,0.4112,0.264,2.7665,1.2284,0.2741,0.269,1.7817,3.1523,2.8223,1.9137,1.3858,1.4061,1.7208,1.7716,0.0457,-0.5584,1.6853,0.5228,0.1421,2.1878,0.2437,-0.3503,2.0863,0.9289,-0.4467,1.8934,3.3756,2.7208,3.1066,5.8782,2.3604,1.9289,4.7411,3.8173,2.4873,2.1371,2.5939,3.2893,2.7513,4.8477,1.6447,1.401,5.5482,2.2386,2.2944,1.4416,2.3198,2.6294,1.7208,5.0457,0.9645,0.7513,3.467,3.2792,2.3147,1.8325,0.9695,2.5279,3.0812,3.335,1.5736,1.1371,5.4162,3.7563,1.5787,1.9289,0.8782,1.0406,0.8376,3.5736,1.2081,0.4569,2.5685,2.1269,2.2081,2.467,0.6193,2.1472,2.5381,3.2741,1.9695,0.7817,3.5381,2.3959,1.8731,1.8731,0.9746,0.5025,0.5431,3.3909,0.802,0.4873,2.5381,1.4213,1.9239,2.4162,0.401,1.6853,1.7868,1.9492,1.8782,1.1269,3.3706,1.9594,1.3147,0.4619,1.0102,1.797,1.5076,2.0203,0.5939,0.9239,2.0457,1.3096,0.4924,-0.0711,0.6142,0.5685,0.9188,1.6041,-0.3198,-0.0914,2.6497,1.3706,-0.0254,2.0863,1.4772,0.4162,0.6294,4.2335,0.7513,1.0609,2.8528,1.6751,2.1421,1.8325,0.8832,1.7208,1.6904,2.6548,1.4873,1.1472,4.4822,2.3299,1.3959,1.8223,1.203,1.0355,0.4975,4.7665,0.7868,-0.0914,2.4619,2.3807,3.2234,3.3452,0.5381,2.8579,3.2893,2.8325,2.401,1.7716,5.4518,3.736,2.7107,2.4467,3.4772,4.2792,5.3553,5.2335,3.4213,3.5939,5.5178,2.8832,1.0964,0.6345,2.3553,1.4873,0.7614,6.0863,2.6497,1.7919,4.3756,1.5787,1.0761,1.1371,1.4975,1.8325,1.7665,2.8071,1.264,0.8325,2.2386,1.8223,0.8629,0.9645,1.1624,1.3503,0.6751,2.9594,0.6497,0.1777,2.1015,0.9391,1.0152,0.3655,0.467,0.8934,0.7259,2.0051,0.467,0.2132,0.5279,1.0508,0.8477,1.0863,0.3503,1.1523,0.4365,1.6802,-0.1015,-0.1624,1.7766,0.8274,0.7563,2.7919,3.4416,4.0254,3.0914,8.1878,2.6497,2.1827,5.5228,4.5787,4.8832,4.0761,1.5685,4.2284,5.3655,5.1878,2.9239,1.3909,9.2386,6.6041,3.6904,1.9289,1.4924,2.5584,1.8173,4.3858,1.2437,0.9594,3.8883,2.9898,2.7716,2.5584,1.0305,3.0355,3.1523,3.2944,2.3756,1.3401,5.6904,3.8883,2.2284,1.3858,0.8223,0.3858,0.4112,3.0051,0.5482,-0.0406,1.4721,1.467,1.665,2.1015,0.3858,1.8274,2.1929,2.8426,1.5127,0.5025,3.4162,2.1929,1.5178
1-212.txt_401,2.2616,1.593,0.9593,1.5116,4.4709,1.7093,0.5465,2.7209,2.1802,1.8314,1.8779,1.2965,2.25,1.314,2.7849,1.2791,0.5814,3.3721,1.4186,1.5988,1.1919,2.0116,3.4767,3.5058,4.0291,1.8895,1.6744,3.8663,2.564,1.0291,0.3663,2.0814,1.0465,1.436,3.7267,0.8895,0.9012,3.936,1.7093,0.4477,0.9709,2.1744,3.6221,3.8081,3.6163,1.9826,1.6395,4.1105,2.5581,2.0349,1.0872,2.4244,2.2151,2.314,4.4884,1.1163,0.1105,4.5291,2.6686,0.8198,1.3372,2.5988,4.3605,5.0756,3.7907,2.4128,2.8721,4.2907,2.6686,1.2151,0.6686,3.0349,1.8779,1.25,5.7616,1.5058,0.4535,4.343,1.8314,0.0465,4.8081,3.7326,3.2093,3.7267,11.3779,3.5814,1.6395,6.0523,4.8256,6.3023,6.0407,2.2616,5.6279,5.5,8.2267,3.8081,1.9709,10.7442,5.5698,4.8895,1.314,1.4593,2.7384,3.1802,3.9128,1.3256,1.8605,3.3895,1.9942,1.0465,0.2733,2.1453,0.9651,0.7733,3.5174,0.7907,0.3372,3.2558,0.686,0.2616,0.4128,1.4012,3.0872,3.4302,1.843,1.4942,1.5465,2.4012,1.7384,0.686,-0.0756,2.0291,0.4244,0.2616,2.4593,0.2093,-0.2326,2.0407,0.4302,-0.5116,2.2384,4.1395,3.343,4.1453,6.6279,3.1453,2.5116,5.9767,4.1744,2.6279,2.5698,3.843,3.9884,2.4593,5.8081,2.2558,0.9244,5.9884,2.8837,1.6919,2,1.9477,2.4709,1.9767,6.0988,0.9593,0.6977,3.8372,4.3198,2.6163,2.4244,1.4186,2.7151,3.7209,3.5523,1.5349,0.9709,5.8953,4.9651,1.8721,1.9477,1.3779,1.5291,0.8372,5.5116,1.2674,0.1047,1.9767,1.9593,2.686,3.5465,0.4767,2.814,3.7616,3.7209,2.0233,1.3721,4.936,3.0523,2.3547,2.3721,1.0698,1.1453,0.8023,4.9884,1.3953,0.4651,2.8547,1.9477,2.4709,2.8198,0.6047,2.5058,2.7849,2.6337,1.7674,1.593,4.4884,2.593,2.0756,0.5988,1.5058,2.6512,2.7267,2.6686,0.9884,1.0058,3.2267,2.1337,0.8372,0.0349,1.6919,0.8663,1.4884,2.5291,0.0291,0.2616,3.4477,1.8605,-0.2442,2.6163,1.657,1.4128,1.2267,6.2326,1.6047,0.9535,3.0407,2.4709,2.0349,2.2965,1.0465,2.3605,2.7093,3.1919,1.6221,1.5523,4.9593,2.6105,1.6279,2.3256,2.2209,1.2733,0.8779,6.407,1.2849,0.2849,2.5174,2.4593,3.6279,4.0233,0.8372,4.0465,3.9709,3.5233,2.4767,2.2442,6.6802,4.5291,3.1221,2.9651,4.0698,4.3547,6.0581,6.5581,4.0756,3.3895,7.4535,3.3721,1.8721,1.4826,2.7384,2.7558,2.0291,7.8198,2.8081,1.314,7.1977,2.0407,0.9012,1.2267,1.7209,2.4767,2.9651,2.8314,1.6395,1.2733,2.5291,1.9302,1.1221,1.25,1.4709,1.6512,0.2442,3.4651,0.7965,-0.1686,2.7384,0.8721,0.6105,0.2151,0.5465,1.0581,1.064,2.5233,0.3256,-0.1395,0.0233,1.0116,1.4244,1.7151,0.5407,1.7733,1.2035,2.0523,0.0233,-0.436,2.3605,1.2209,0.9419,3.4535,4.2616,4.2442,4.2267,9.8837,3.6163,3.2035,6.3081,6.157,5.1105,4.5291,2.9942,4.5116,5.657,6.9477,3.1395,2.0058,9.7674,6.8314,3.8198,2.4477,2.4826,2.4651,2.25,5.5872,1.157,1.3605,3.9767,3.8547,3,3.1453,1.1105,3.5116,3.8256,3.2326,2.1802,1.7209,6.4419,5.0756,2.4419,1.8256,0.6395,0.4767,-0.0523,4.5698,0.4651,-0.7384,0.9709,1.3314,2.0407,3.0058,-0.157,2.1453,3.0988,2.686,1.4128,0.9302,3.686,2.8547,2.186
1-212.txt_403,1.398,1.7245,1.4898,1.5102,3.5867,1.648,0.8316,2.4745,2.0714,1.3929,1.6071,1.5612,1.6939,1.3112,2.8316,1.0153,0.9133,2.9898,0.9235,1.4643,1.1327,1.8163,2.5459,2,3.9847,1.1837,1.4541,3.1888,2.1122,0.8367,0.1071,1.1633,0.9235,1.5204,2.2908,1.0408,0.5918,4.0459,2.2347,0.6531,0.9184,2.1735,2.8827,3.0153,3.3112,1.6327,1.2806,3.6888,2.5102,1.1684,0.648,1.4337,1.5765,1.9439,3.3214,1.0663,0.6122,3.7194,2.2347,1.2704,1.0357,2.8622,3.898,4.3112,3.5612,2.398,2.3112,3.898,3.1276,0.3929,-0.0714,2.1224,0.8776,1.352,4.6378,1.5867,0.6224,3.0918,1.648,0.4133,3.2398,3.5204,3.0816,3.5714,8.9337,3.75,2.5357,5.5867,4.6429,5.0051,4.0357,2.6224,4.5408,4.9643,6.1582,2.5306,1.6837,9.7449,5.0408,3.8061,1.3776,2.1888,2.6633,2.4286,3.0663,1.301,1.4133,2.8367,1.6939,1.0765,-0.0306,1.2041,1.1173,0.6378,2.5255,0.8061,0.8724,2.5357,1.2551,0.7551,0.7806,2.5,3.0408,3.0255,2.2959,1.6582,1.6888,2.2143,2.0153,0.102,-0.2449,1.898,0.6071,0.4694,2.5102,0.3929,0.1327,2.3367,1,0.0612,1.7092,3.9439,3.1276,3.6224,5.8622,2.8776,2.4082,4.8827,4.3469,2.3929,1.9745,3.0918,2.2551,2.6378,5.2551,1.8265,1.4082,5.8112,2.8265,2.0255,1.9286,2.9745,2.9694,2.2806,5.0612,1.4694,1.1378,4.1633,3.5816,2.0561,1.5255,1.5459,2.2551,2.398,3.7398,1.9337,1.6378,5.2347,3.5,1.4949,1.8673,0.6173,0.9694,0.9439,3.7755,1.1939,0.6786,2.5765,2.102,2.0969,2.3571,0.7398,2.4541,2.4541,2.7245,1.6939,0.6327,3.5612,1.8878,1.7347,1.7602,0.6429,0.7602,0.6837,3.3163,0.8469,0.6582,2.3265,1.3112,1.9133,1.9643,0.3878,1.6735,1.9541,2.2041,1.7194,0.8827,3.199,1.4796,1.5969,1.0357,1.1786,2.0816,2.1786,2.4337,0.7296,1.0969,2.7602,1.3214,0.5969,-0.2194,0.8622,0.5306,1.352,2.0714,0.7449,0.4796,2.6378,1.5,0.2449,1.9541,1.3112,1.051,1.0663,3.949,1.0051,1.1378,2.602,1.898,2.3316,1.6786,1.2092,2.1684,2.102,2.8724,1.2755,1.0765,4.0153,1.9745,2.0561,2.0867,1.5969,1.0204,1.0306,5.8112,1.1224,0.1888,2.8418,2.4745,2.9439,3.1735,0.75,2.6735,3.0204,3.0408,2.3316,1.4541,5.1531,3.25,2.5,2.7398,2.8827,4.852,5.4439,5.4949,3.4082,3.2602,5.9745,3.4031,1.3571,0.5867,2.5051,1.6633,1.1071,6.2602,2.9541,2.1684,5.6276,2.0051,1.5816,1.2347,1.5408,1.8469,1.898,2.4949,1.4592,0.949,2.2602,2.4337,0.949,0.9337,1.5663,1.0969,0.9847,2.9541,0.7908,0.5969,2.4439,1.1071,1.1122,0.6173,0.5561,1.1429,1.0867,2.1327,0.7194,0.3265,1.1327,1.4082,0.6735,1.1224,0.7347,1.0969,0.9949,1.8163,0.2602,0.2551,2.5204,0.9796,0.9439,2.949,3.1939,3.602,3.2347,9.0663,2.6735,2.3367,5.8571,4.7092,4.6888,4.2755,1.7908,4.3112,5.352,6.1837,2.801,1.852,9.648,6.25,3.6582,2.2041,1.7551,2.5408,2.2245,5.5051,1.6633,1.2092,4.2347,2.949,2.3418,2.4235,0.9031,2.6888,2.398,3.0612,2.5408,1.5612,5.7347,3.3622,1.9184,1.5306,0.5306,0.699,0.6531,3.4031,0.8214,0.4031,1.8418,1.5306,1.6276,1.949,0.5969,2.0459,1.9949,2.1684,1.2551,0.5357,3.3163,1.8265,1.3673
1-212.txt_405,1.552,1.5023,1.0317,1.4842,3.5747,1.3846,0.733,2.5566,1.7738,1.4163,1.1855,1.0226,1.5882,1.3032,2.3394,1.0724,0.6425,2.7149,1.1403,1.3258,0.9864,1.6787,2.5928,2.6516,3.4932,1.2579,1.4977,3.2443,2.0045,0.6606,0.1765,1.6335,0.457,1.1222,2.6425,1.1086,0.9186,3.8462,1.4615,0.0633,0.4796,1.9095,3.0452,3.2624,3.1267,1.7014,1.6516,3.5204,2.181,1.1086,0.3213,1.7149,1.0543,1.6335,3.2081,1.2443,0.4751,4.086,1.8281,-0.095,1.1538,2.1538,3.8326,4.4208,3.6787,1.9231,2.543,3.9231,2.2851,1.2579,0.4706,2.3756,0.9186,1.181,5.0769,1.3665,0.8009,4.19,1.1041,-0.0724,3.8371,3.2534,3.0362,3.4661,9.4163,2.8914,1.819,5.9593,4.1674,4.8371,4.819,1.7783,4.4027,5.276,5.5068,2.7466,1.3575,9.2941,5.3439,3.6697,0.7873,1.371,2.3665,3.1176,2.7919,1.1312,1.7783,2.5475,1.1719,0.2941,-0.2579,1.5837,0.3032,0.2715,2.5023,0.7014,0.2217,2.3529,0.3213,-0.3982,0.543,1.2308,2.7602,2.9186,2.1267,1.1538,1.4615,2.0724,1.3032,0.2262,0.0679,1.7873,0.2308,0.5385,2.5656,0.4253,0.0452,2.6063,0.2941,-0.8507,2.0317,3.19,2.7828,3.7149,5.8462,2.5113,2.4706,4.9819,3.3891,2.267,1.81,2.9005,2.1493,2.2036,5.1946,1.6516,0.9774,5.4615,2.276,1.6063,1.4706,1.0136,1.7195,1.905,5.1991,0.3891,0.2443,3.6742,2.6833,1.9864,1.9457,0.9321,1.9548,2.4299,2.7059,1.2941,0.7421,5.5611,3.1855,0.9819,2.0045,1.0769,1.0317,1.448,4.3213,1.2353,0.5294,2.0679,2.4389,2.1991,2.4072,0.5339,2.3348,2.991,2.8326,1.2443,0.8235,4.2715,2.9231,1.9276,1.9231,1.0407,0.7557,0.733,4.0181,1.009,0.3846,2.095,2.0407,2.0136,2.2579,0.3665,2.0452,2.4932,2.1946,1.2127,1.0362,3.2896,2.2443,1.7195,0.4887,1.0769,2.1041,2.4163,2.0995,0.5339,0.9231,2.4887,1.0498,0.3394,-0.1041,1.1403,0.1719,1.0995,1.9005,0.2579,0.5385,2.4027,1.0181,-0.6063,1.6018,1.1629,0.7692,0.8688,3.81,1.1403,0.8778,2.1538,2.2217,1.7783,1.8054,0.8281,2.2036,2.2941,2.6968,0.7421,0.9457,3.2262,2.3077,1.6154,1.9638,1.7104,0.7014,1.1991,5.629,1.2353,0.5294,1.8597,2.8688,3.1991,3.4796,0.6199,3.2805,4.3348,2.9186,1.5385,1.5973,5.9819,4.6199,2.8235,2.3575,3.1946,3.3801,5.1041,5.5339,2.9186,3.0769,5.629,2.0407,1.9819,1.2896,2.4842,1.7692,1.6697,5.7919,1.9638,1.362,6.4027,1.6697,1.3846,0.8462,1.4208,2.0407,1.905,2.3348,1.3529,0.8914,1.9864,1.1765,0.4932,0.5747,1.1357,0.819,0.3077,2.3891,0.8778,0.0317,2.1086,0.8507,0.5023,0.2715,0.2217,0.9457,0.8914,2.2851,0.3348,0.1719,0.3213,0.629,1.0045,1.3167,0.3982,1.0045,1.19,1.3756,0.1222,-0.19,2.1991,1.2217,0.7014,3.1403,3.7692,3.3032,3.991,9.0407,2.9095,2.7421,5.6878,5.3891,4.552,3.905,2.5385,3.1765,5.543,5.2353,2.6652,1.3982,9.1765,6.3484,3.4525,2.1222,1.6335,1.6742,1.8688,5.2579,0.5475,0.81,3.5294,2.733,3.0045,2.724,0.7285,2.4706,3.8597,2.5158,1.3303,1.3258,6.0226,4.5792,2.3032,1.7014,0.4977,0.4932,0.5068,3.638,0.3484,-0.1131,1.5475,1.1719,1.5068,1.9548,0.0226,1.9005,2.3801,2.0181,0.733,0.4072,2.9412,2.3756,1.8959
1-212.txt_407,0.9683,1.7407,0.6032,0.9312,2.7672,0.9101,0.8519,1.6032,1.2593,1.5079,1.6772,1.4974,1.5026,1.2275,2.3492,0.5608,0.8254,1.7196,0.7725,1.037,0.8095,1.7672,1.7513,1.9894,3.5556,1.2593,1.0899,2.1746,2.0529,1.8413,2.1481,0.8836,2.0741,2.6085,2.381,0.9471,0.5767,3.2857,1.8254,1.0741,0.2593,0.9048,1.0847,0.582,2.0476,0.1058,0.3439,1.3651,0.7354,0.9894,1.1376,0.1376,1.1958,1.6667,1.291,-0.0529,-0.2222,1.5767,1.254,0.328,1.3016,1.5979,1.3386,1.9259,3.328,1.0265,1.0423,2.3069,1.6296,1.8201,1.9259,0.6772,2.1164,2.1376,2.582,0.3333,0.4974,2.8095,1.9735,1.2328,2.5503,4.3862,1.5873,3.0476,6.1905,2.7143,2.1429,5.2646,4.1746,3.6508,3.7037,2.2646,3.2963,2.7566,4.9735,1.7778,1.7302,4.9841,1.8783,3.0423,1.5344,1.2011,1.0529,1.0159,2.672,1.0741,0.8042,1.6455,0.9471,1.8413,1.9365,0.5026,1.7196,2.0053,1.8836,0.836,0.6931,1.6614,1.127,1.5503,1.0423,1.291,1.4339,1.6455,2.5291,0.9577,1.0529,1.7778,0.8995,1.7407,1.3968,0.836,1.619,2.0265,2.328,0.3968,0.672,1.5979,1.2275,1.1746,1.6032,3.7884,1.0582,1.7143,4.9206,1.6349,1.7143,3.3862,2.5185,2.7989,3.037,2.3704,2.8783,2.3122,3.8677,1.0053,1.5608,3.8042,1.8942,2.3862,1.8042,2.4339,0.9683,1.5344,3.8095,1.4762,1.5344,2.9788,1.7672,2.2011,2.4868,0.8783,2.6878,2.0423,2.5503,1.6296,0.9894,4.0899,1.6402,1.6455,1.8148,1.6085,0.9471,1.873,4.0635,1.9418,1.5714,2.4921,2.1164,2.9418,3.2434,1.2646,2.0952,2.381,2.4339,1.1429,1.254,3.1852,1.2275,2.2963,1.7354,1.8836,1.3598,2.4444,3.8836,1.9683,1.9365,3.291,2.4127,2.4868,2.6772,1.3545,2.2857,2.1852,2.8889,1.4392,1.3915,3.4921,1.4921,1.8995,0.4709,1,1.0899,0.9471,2.1852,0.7937,0.6772,1.127,0.6825,1.3175,1.8942,0.7884,1.5926,1.9206,1.4497,0.3598,0.6878,1.4974,1.0159,0.9101,1.8942,1.8095,1.0582,1.8254,3.5767,1.8201,1.8519,2.9841,1.9101,2.2169,2.3757,1.545,2.0741,1.7513,2.9735,1.3598,1.1005,3.0106,1.1111,1.6349,1.7937,1.291,0.3651,1.836,3.7725,1.836,1.6825,2.9365,2.2381,2.7937,2.8307,0.7407,2.2381,1.9259,2.4021,1.5132,1.4974,3.8413,1.2434,2.1799,2.2646,3.0423,2.3016,2.7249,4.1534,2.9524,2.381,4.2804,3.8148,1.8042,2.5714,1.7249,2.7037,2.0582,5.0741,1.6614,1.7513,3.2646,1.6614,1.7672,0.4974,1.4815,1.2646,1.1481,2.1164,0.3598,0.5397,1.1005,0.8254,0.2751,0.6032,0.6455,0.8201,0.4815,2.1481,0.4921,0.3598,0.6878,0.164,0.0159,0.7884,0.8783,0.5873,1.1429,1.8095,0.5926,0.7196,1.0794,0.6296,0.5079,0.7619,0.6085,0.545,0.7302,1.6614,0.5661,0.2011,1.6349,0.4868,0.4392,3.0317,2.2698,0.1799,1.4656,6.0582,1.8783,1.6138,3.8095,3.2434,4.5926,4.1429,0.7989,3.3704,3.9524,3.3069,1.0423,1.4815,6.5132,2.9577,3.2857,1.6667,0.5079,0.2698,0.8995,3.7566,1.3175,1.2963,1.5344,1.0688,2.3175,2.4497,-0.2063,1.8995,1.4656,1.9524,1.582,1.0265,3.037,0.4233,1.2857,1.1799,1.2857,1.1323,1.6296,3.164,1.9312,1.328,1.7989,1.5608,1.8942,2.0582,1.2751,1.4497,1.3439,1.8995,0.8942,0.7725,2.254,0.7196,1.5291
1-212.txt_409,0.6967,1.1107,0.6762,1.168,2.4467,1.0082,0.668,1.668,0.8689,1.0902,1.0656,0.9918,1.2377,0.4672,1.5369,0.6025,0.6148,1.668,0.4836,1.0369,1.0861,1.3402,2.0656,2.2336,3.0861,0.709,1.2131,2.3934,2.1762,0.4918,0.0492,1.2951,0.3443,0.9385,2.2746,0.627,0.627,3.4508,1.4303,0.2008,0.709,1.8033,2.123,1.9713,2.9877,1.1844,1.0943,2.1107,2.7008,1.7377,1,1.0369,1.3115,1.7828,2.8238,0.7295,0.2705,3.4795,1.9918,1.0492,0.8361,1.8525,2.5861,2.4631,2.8648,1.2008,1.377,2.168,2.6926,0.959,0.3484,1.3197,0.7172,1.3074,3.0574,1.0533,0.3566,3.1025,1.5738,0.3566,1.832,2.6721,2.4713,2.6721,6.6598,2.209,1.5328,4.2787,3.1189,3.7459,3.3279,1.877,3.0902,3.9057,3.9918,1.3648,1.7541,6.9672,3.6516,3.0451,0.5328,1.0328,1.959,2.2336,2.0902,0.5574,0.9713,1.7172,1.418,0.1434,-0.4303,0.8648,-0.1434,0.1557,2.127,0.6762,0.3811,1.9713,0.8115,-0.0943,0.1844,1.0082,2.0533,2.0451,1.3893,0.8443,1.209,1.0738,1.7131,0.0082,-0.5574,1.3443,-0.041,-0.0861,1.9836,0.5205,0.1844,1.668,0.5738,-0.1885,0.9098,2.877,2.3811,2.4016,4.4672,1.7541,1.3975,3.3238,3.1926,1.9795,1.6066,2.1148,1.4754,1.7623,3.0984,1.0861,0.8689,3.8893,2.0164,1.459,1.3197,1.7787,2.4467,1.8852,4.0451,0.6762,0.6066,3.168,2.7295,1.5492,0.623,1.1066,1.1762,1.4385,2.6393,1.3279,1.0738,3.4795,1.8811,1.1066,1.582,0.9631,1.1107,0.8893,3.3975,1.1066,0.4467,2,1.0246,1.8484,1.6885,1.0738,1.832,2.2582,2.1639,0.9631,0.7623,3.2336,1.9508,1.75,1.4344,0.5082,0.9057,0.8197,2.3074,1.0984,0.5123,2.25,0.8852,1.1721,1.1475,0.6107,1.0984,1.3811,0.9877,1.0287,0.6762,2.2295,1.041,1.0533,0.5697,0.8115,1.2582,1.5533,1.9508,0.4959,0.8566,1.709,1.2787,0.5287,0.0246,0.9344,0.4262,0.8607,1.7254,0.1557,0.2377,2.7869,1.1107,0.1475,1.3525,0.25,0.5123,0.4877,2.8033,0.6393,0.2541,1.9098,0.7418,1.75,1.4385,0.4836,1.8279,2.1639,1.3566,0.5328,0.7664,2.5492,1.2951,1.668,1.3115,1.4467,1.2582,0.6025,3.4508,0.9385,-0.1148,1.8648,1.6639,2.3934,2.332,0.8197,1.5861,2.6311,1.7582,1.4631,1.5369,3.7664,2.6926,2.0943,1.5574,2.1393,3.1434,3.6107,3.8689,1.9795,2.2582,3.7746,2.3893,1.0779,0.7295,1.6107,0.877,1.0492,3.709,1.5615,1.5574,4.4836,1.3852,0.75,0.377,1.2336,1.1434,1.6148,1.5902,0.8811,0.8525,1.1885,1.3074,0.7459,0.459,0.832,0.6516,0.3238,1.9262,0.3852,0.209,1.6639,0.709,0.6107,0.3279,0.4057,0.7213,1.0615,1.6107,0.5369,0.4467,0.8648,0.8566,0.7295,0.8033,0.2172,1.0861,0.541,1.5574,0.1803,-0.0697,1.9057,0.6885,0.8566,2.25,2.4877,3.1434,2.791,6.4754,2.0082,1.1025,4.2459,3.5861,3.3484,2.8074,1.9795,2.7664,4.0492,4.3361,1.6803,1.709,6.2705,4.5369,2.5287,1.5861,1.168,1.9795,1.6025,3.4631,0.7992,0.3566,2.7295,2.0164,2.1639,1.7664,0.9549,1.4918,2.0492,2.1762,1.4426,1.2951,3.6066,2.6066,1.7213,1.1148,0.7049,0.791,0.5656,2.4221,0.832,-0.0369,1.5656,0.8238,1.2377,1.2254,0.6393,1.3033,1.8033,1.6803,0.8484,0.5656,2.5287,1.4877,1.3279
1-212.txt_411,0.6866,1.0109,0.1144,0.4169,1.4659,0.5286,0.4251,1.3951,0.6621,0.9128,0.8147,0.7466,0.7248,0.7166,0.921,0.2725,0.3597,1.4033,0.7166,0.5232,0.6567,1.6676,1.4142,1.6403,3.0109,1.1008,1.0518,2.485,2.079,1.5041,1.7793,0.7738,1.6458,2.2452,1.812,0.2834,0.7657,3.1771,1.7221,0.9537,0.0817,1.1471,0.6485,0.6512,1.9264,0.7629,0.3515,1.752,0.8583,1.0899,1.1117,0.5341,1.2643,1.4278,1.1689,-0.2425,0,1.6894,1.1471,0.624,0.2943,1.6812,1.0272,1.5586,3.0518,1.2234,0.7847,2.3951,2.1335,1.3215,1.6294,0.8229,2.0054,2.4033,2.5123,-0.1281,0.5504,3.2289,2.1962,0.7221,1.7711,2.4142,0.9319,2.3542,4.8856,1.3978,1.4877,4.3188,2.455,3.2234,3.0054,1.3025,1.891,2.9918,3.3515,0.782,0.7738,4.7493,2.0409,2.1826,0.7875,1.3951,1.0763,1.1063,2.2262,1.1117,0.861,1.9728,1.297,1.0736,1.079,0.6866,1.2997,1.2834,1.1471,0.3978,0.7711,1.9537,0.9155,0.7112,0.4114,1.2343,0.9864,1.1281,1.9183,0.8529,0.5313,1.6676,1.3678,1.2234,1.1935,0.4959,1.4005,1.9646,1.4469,-0.188,0.5668,2.2834,1.6267,0.8093,0.8338,2.7466,1.109,1.7984,4.436,1.5531,1.4659,3.3351,2.8229,2.5858,2.8011,1.5695,2.3951,3.218,2.6757,0.4659,0.8638,4.6757,2.594,1.5177,0.9455,2.3025,1.3569,1.6322,3.0845,1.4087,1.2752,2.8719,1.7657,1.9673,2.1608,0.9918,2.0654,2.0981,2.0245,0.7384,0.8256,3.5014,1.2943,1.3787,1.1798,1.3433,0.8583,2.0572,2.3896,1.109,1.4251,2.3515,1.6022,1.782,1.6975,1.0463,0.7766,1.6294,2.2071,0.7357,0.4251,3.3569,0.9074,1.3079,1.1962,1.6022,1.0681,2.1907,2.4142,1.0926,1.5749,2.733,1.4687,1.812,1.7575,1.109,0.8665,1.7193,2.3869,0.8338,0.5668,3.4305,0.9728,1.2507,0.0436,1.1063,0.8883,0.7602,2.1662,0.7875,0.5886,1.3243,1.2725,1.0817,1.0654,0.6049,1.2343,1.7193,0.9864,-0.1281,0.545,1.8828,1.3161,0.4959,0.9728,1.4959,0.8774,1.7766,1.8965,1.0381,1.6131,2.2262,1.2997,1.1499,1.2398,1.2098,0.7657,1.0245,2.0436,0.7602,0.7357,2.515,0.6349,0.9918,1.2398,1.9755,1.3733,2.6376,2.6076,1.5777,1.9837,2.7657,2.0054,2.0409,2.1689,1.2916,1.3515,1.8856,2.4932,1.0136,0.6621,3.8202,1.0463,1.5204,1.1744,2.5123,1.9864,2.455,2.861,1.9537,1.8256,3.406,3.2834,1.2044,1.7248,1.5123,1.6104,2.0463,3.8583,0.9782,1.0599,3.6049,1.9373,1,0.0327,0.752,0.2207,0.158,0.8992,0.3951,0.0763,0.6866,0.3379,0.3597,0.2916,0.3215,0.5831,0.7875,0.7738,-0.1172,0.0436,0.6785,0.3433,0.2779,0.4087,0.673,0.3542,0.8338,0.7984,0.4632,0.4387,1.2343,0.3733,0.2071,-0.0518,0.5286,0.1117,0.297,1.1281,0.188,-0.1008,1.0817,0.1798,0.1526,1.7956,2.7929,1.782,2.8474,4.9455,1.9482,2.0163,4.6267,3.4905,3.8229,3.6649,1.6158,2.3896,3.9864,3.4033,0.8038,0.9864,6.3188,2.8937,2.8065,0.9646,1.406,1.2371,1.8038,2.406,1.248,1.3624,2.248,1.5259,1.5286,1.6485,0.673,1.1308,1.6104,1.3569,0.951,0.4578,3.158,0.9455,1.3079,0.7411,0.8801,0.4332,1.4796,1.3406,0.8992,1.049,1.6621,0.8011,1.0109,1.0572,0.9292,0.3542,0.97,1.4005,0.5177,0.1935,2.5668,0.4496,0.8583
1-212.txt_413,1.7104,1.0109,0.5628,0.765,4.1311,1.1148,0.0492,2.4973,1.7705,1.7213,1.9781,0.7432,1.7268,1.1967,2.4481,0.8579,0.6776,2.5956,0.6393,1.6612,0.8689,1.929,3.0874,2.9945,3.7049,1.1202,1.6503,3.3115,1.8689,0.9508,0.2404,1.3279,0.8962,1.3443,3.071,0.765,0.6393,4.4699,1.2623,0.2623,0.6393,1.8087,2.9454,3.0492,3.3552,1.3825,1.2568,3.6175,2.3005,1.4809,0.2951,1.4809,1.2295,2.0437,3.2514,0.7869,0.2787,3.6612,1.9617,0.2295,0.9126,2.3552,3.7213,3.765,2.929,2.4317,2.3552,3.8962,2.5137,0.7432,0.0109,2.2842,0.9016,1.8852,4.8634,1.1803,0.2678,4.2022,1.2022,-0.3115,4.5027,3.3279,2.9344,3.3388,11.5847,2.7213,1.7486,6.4262,3.6831,5.7213,5.5355,1.6885,5.2568,6.1366,7.2404,3.6885,2.0109,10.8087,5.4044,4.388,0.5902,1.4098,1.7869,2.5792,2.7158,1.2186,1.4262,2.541,1.5355,0.9344,-0.1421,1.0219,0.6885,0.929,2.612,0.1202,-0.1749,2.765,0.8033,-0.224,0.0109,1.1475,2.3934,2.541,1.2459,1.1148,1.3388,2.388,1.5191,0.377,-0.3934,1.5464,0.0656,0.5683,1.7541,-0.0492,-0.6612,2.3169,0.5464,-0.7596,1.7432,3.3716,2.4809,3.388,6.3825,2.3661,1.4317,5.0055,3.9399,2.3005,2.4262,3.0219,2.459,2.7158,5.4809,1.5628,0.9617,6.2459,1.6339,1.541,1.0383,1.8852,1.6776,1.4645,4.8689,0.4536,0.153,2.8743,3.2787,2.8852,2.306,1.0984,2.4918,3.765,3.0874,0.6393,0.6393,5.8361,4.2077,1.5082,2.3224,1.1311,1.3497,1,5.3661,1.153,0.4262,2.1967,1.847,2.6339,3.071,0.7596,2.9454,3.2623,3.3115,2.0437,1.2186,4.1148,3.0546,2.7213,2.2186,1.082,0.8852,0.7213,5.1694,0.541,0.3005,2.7268,1.5301,2.3825,2.9617,0.3388,2.4754,2.6557,2.306,2.1421,1.6339,4.1202,2.224,2.3934,-0.0055,1.5464,2.4044,2.541,1.5464,0.6995,1.0656,2.5628,1.4481,0.5027,-0.1585,1.0656,0.2842,1.2787,1.6995,0.0328,-0.0164,3.459,1.3279,-0.4317,2.2568,1.2896,1.1421,0.9727,5.3224,0.8142,0.8852,2.4153,1.7049,2.3716,1.8743,0.918,2.7213,1.8306,3.3497,1.765,1.776,4.2295,2.3279,2.5301,1.9672,2.2459,1.3443,1.0601,6.082,1.3552,-0.0383,2.5628,2.7158,3.5738,3.694,1.2295,3.6066,3.7596,3.3825,2.377,2.1913,6.6885,4.2896,3.1585,2.6557,4.0765,4.3169,5.8197,6.1366,3.9508,3.9126,6.071,3.5738,1.4645,0.6995,3.082,1.3005,1.6393,6.9235,2.9399,1.7541,6.3005,2.2404,0.3169,1.3115,1.1913,1.6831,2.1148,3.1585,0.8689,0.7158,2.7596,1.3607,1.0656,1.071,0.8634,0.9126,0.8251,3.1148,0.5137,-0.2077,2.8634,0.612,0.4426,0.5082,0.4372,0.918,0.7596,2.8962,0.1366,-0.0656,0.7869,0.7596,1.377,1.1858,0.306,1.3661,1.0164,1.9727,0.0874,-0.2131,1.9836,0.7869,1.0164,3.4153,4.3224,4.3005,4.2131,9.9071,2.8142,2.1421,6.4536,5.388,4.8306,4.2732,3.3388,3.9071,5.8142,6.776,3.2404,1.8689,11.1421,6.6448,3.7158,1.9945,2.0328,2.0546,1.776,5.0164,0.5464,1.0055,3.306,2.9945,3.1913,2.9945,1.3661,3.0656,3.5628,2.7596,2.0219,1.6503,6.0929,4.1585,2.3989,1.7923,0.7158,0.3443,0.082,4.6066,0.1093,-0.5301,1.071,0.765,1.9945,2.8907,0.3115,2.7268,2.3607,2.2295,1.4044,0.8579,3.3005,2.4208,2.4372
1-212.txt_415,1.9944,1.35,1.0667,1.6056,4.4556,1.0556,0.5222,3.1278,1.7,1.3722,1.8944,1.05,1.8889,1.7778,2.8889,1.2333,0.5722,3.4333,1.4389,1.5111,0.8278,1.8167,2.7667,3.2389,4.1944,1.3333,1.7111,3.2833,2.1944,0.5944,0.0333,1.5667,0.9389,0.7389,3.6,1.0167,1,4.1167,1.0389,0.2167,0.7889,2.2222,3.0278,2.8278,4.3222,1.5778,1.5389,4.3,2.3,1.3444,0.9444,1.6778,2.0556,2.1111,3.8056,0.9,0.5944,4.6444,2.0444,-0.0556,1.2556,2.2944,3.8667,3.9722,3.95,1.6889,2.3056,4.4111,2.0056,0.5333,0.7944,2.4056,1.6778,1.9167,5.1722,1.0444,0.7111,4.7944,1.7222,-0.5167,4.5333,3.7222,3.9167,3.4333,12.7389,3.4111,2.5833,7.6333,5.2,5.4611,5.1,2.1667,5.2944,5.8944,8.0222,3.1333,2.45,11.3444,6.7222,4.6,1.0167,1.2889,2.25,2.5389,2.9444,0.9833,1.2444,2.55,1.1,0.3667,-0.1389,1.1611,0.2944,0.6222,2.8167,0.6222,0.0111,2.4889,0.2444,-0.05,0.2111,0.8889,2.8,2.8611,1.8,0.9667,1.3,2.1,1.1333,-0.4056,-0.1611,1.5556,0.3167,0.5389,2.3611,0.15,-0.1833,2.3278,0.0944,-1.0444,1.9389,4.0389,3.3944,4.05,7.4556,2.4722,2.0833,6.5611,4.4444,2.3556,2.1722,3.2333,3.0778,3.35,6.4278,1.4611,0.8778,7.2278,2.7111,1.3556,1.5944,0.95,1.9111,1.1056,6.2556,0.0944,-0.5833,4.0889,3.0222,1.8667,2.0556,0.5111,2.3667,3.1667,2.8444,0.8111,0.9667,6.1889,4.2667,0.8778,2.4389,0.7889,0.8833,0.7833,4.8111,0.6444,0,2.4389,2,2.4444,2.7111,-0.0556,1.8944,3.1611,3.1444,1.5278,1.0333,3.8944,2.7389,2.3444,2.8,0.9611,1.2444,1.2667,4.6444,0.45,0.4944,2.8111,2.0222,2.2222,2.0389,0.2222,1.3778,2.0889,2.6333,2.0944,1.7222,3.1333,2.2778,2.1222,0.3222,1.1444,2.1778,2.3444,2.2611,0.3889,0.95,2.8722,1.15,0.3333,-0.0056,0.8944,0.5389,0.9667,2.0111,0.1611,0.2944,3.2444,1.0778,-0.5333,2.8278,1.2,0.9056,1.1167,4.8389,0.7889,0.8722,2.7889,1.8056,1.4722,1.4333,1.1278,1.2889,1.6889,3.4278,1.3,1.7111,3.6889,2.1889,1.3611,2.3333,2.1722,1.0944,1.0556,6.6389,1.2389,-0.5389,2.7167,3.0167,3.7,3.5056,0.8056,2.7889,4.2833,3.9611,2.2944,2.2944,6.3278,4.7,3.0056,3.2889,3.6333,4.7667,5.7556,7.3556,3.5944,3.4944,7.6056,3.2444,1.6611,1.2167,2.8056,2.7167,2.0667,6.7,2.8444,1.5167,7.7389,2.6222,0.55,1.0333,1.1167,1.8278,2.1,3.0667,1.1167,0.6222,2.6,0.9889,0.7167,1.0556,1.0833,1.2056,0.7389,3.2444,0.7056,0.0056,3.0889,0.9722,0.4944,0.5444,0.4722,1.0611,0.8278,2.85,0.45,-0.2778,1.0111,0.8944,1.05,1.65,0.7667,1.4944,1.3333,2.1056,-0.1889,-0.2389,2.5556,1.3778,0.8722,4.4778,4.3111,5.1111,4.5611,11.5778,2.7167,2.0333,7.8889,5.75,4.5944,3.8222,3.5944,3.5556,5.9111,7.3056,3.4,2.3611,11.75,7.1333,3.6944,2.5889,1.9778,2.6444,2.1111,6.2778,0.7167,0.3611,4.3389,3.1833,3.2722,2.9222,1.2333,2.5833,3.3556,3.7167,1.9389,1.95,6.9556,4.4444,2.4944,1.9778,0.6,0.6333,0.5556,3.7389,0.2556,-0.0833,1.7833,1.2222,1.3222,1.9611,0.0778,1.4167,2.0278,2.3944,1.3556,0.6611,3.2778,2.2667,1.7167
1-212.txt_417,0.913,2.1467,0.538,0.9837,2.7935,1.0815,1.4565,2.1033,1.1141,1.413,1.75,1.7337,1.6359,1.3967,2.3967,0.4457,0.7826,2.0924,0.9946,0.7935,1.0978,1.8533,2.1522,2.6141,3.7283,1.4728,1.7174,3.1522,2.587,1.6793,2.3641,0.7826,2.0761,2.6739,2.5489,0.9076,0.4022,3.2065,1.5109,1.0109,0.0598,1.3533,0.7663,0.5543,1.8152,0.7174,0.3859,1.7609,1.0924,0.7283,1.0978,0.788,1.3098,1.663,1.2391,-0.4783,-0.5163,1.1304,1.1087,0.3152,0.8315,1.9239,1.7337,2.087,3.25,1.2011,1.0707,2.75,2.2011,1.9076,2.0489,0.9728,2.1957,2.8804,3.1196,0.2446,0.3859,2.8261,2.1793,1.0163,3.2935,4.3804,0.8424,3.1902,6.712,2.788,2.4457,5.3696,3.3696,4.2283,4.2935,2.7065,3.3261,2.7772,4.9402,1.7826,1.9402,5.337,1.8261,3.3478,1.087,1.4348,1.212,1.3804,2.7065,1.3315,1.038,2.2717,1.5652,1.413,1.5598,0.6467,1.8913,2.2011,1.8043,0.8315,0.5272,2.2717,1.2011,1.2772,0.9511,1.538,1.8859,1.9457,2.8696,0.9511,1.1576,2.4946,1.663,1.7609,1.663,0.9348,2.2337,2.1576,2.9348,0.3967,0.462,1.8913,1.212,1.212,1.6848,4.1522,0.6848,1.7554,6.0054,1.9565,1.7283,4.1848,2.6141,3.4239,3.9402,2.4674,3.5217,3.5707,3.9076,0.5598,1.4946,4.9239,2.5109,2.8098,1.8913,2.0761,0.6413,1.3098,4.0217,1.375,1.2337,3.8424,2.2283,2.4022,3.2772,0.9457,2.7935,2.6902,2.1413,1.3478,1.0707,4.4728,1.8587,1.8152,2.038,1.8967,1.0924,2.2609,3.788,1.9511,2.2717,2.4293,2.0598,1.9565,2.7609,1.75,1.6522,1.7717,1.9946,1.4891,1.25,3.6902,1.0707,1.9783,2.1033,2.212,1.4837,3.0054,3.7717,1.875,2.5598,3.3424,2.3424,2.1957,2.3804,1.8152,1.7772,1.7772,2.7554,1.875,1.587,4.5109,1.4293,1.8315,0.6033,1.1087,1.288,1.3641,2.2772,0.8207,0.8641,1.7391,1.1141,1.3533,2,0.7609,2.087,2.212,1.7065,0.3804,0.5,1.712,0.6576,1.0217,1.8098,1.962,1.1522,2.3424,3.5163,1.6685,2.2554,3.1141,2.1848,1.7283,2.1359,1.9565,1.8859,1.5652,2.5435,1.7011,1.6793,3.3967,0.8696,1.8261,2.5652,0.9674,0.337,2.163,3.9837,1.3152,1.8859,3.0761,2.3478,2.7663,2.8152,0.538,2.2717,1.3424,2.1902,2.2609,1.8098,4.3098,0.9457,2.6685,2.1685,2.8098,2.1467,3.4891,4.1087,3.0489,3.2337,4.9946,3.6739,1.5924,2.4293,1.8533,2.3533,2.413,5.0163,1.7446,1.3478,3.337,1.8641,1.7228,0.4457,1.837,1.163,1.0272,2.1522,0.788,0.6467,1.2772,0.6413,0.6141,0.788,0.8315,1.1087,0.6304,2.1467,0.25,0.3261,1.2174,-0.0652,0.3804,0.9565,1.5272,0.7663,1.1033,1.5,0.9239,0.7663,1.0109,0.7935,0.5217,0.8207,0.875,0.8641,0.3315,1.6957,0.3098,0.1957,1.7011,0.0761,0.6087,3.2717,2.0489,0.3859,1.8804,6.1685,1.9457,1.7609,4.2228,3.2554,4.7935,4.4239,0.5272,3.4076,3.1033,3.337,1.6087,1.5217,6.7772,2.8152,3.9511,1.9457,-0.0598,0.6087,1.4891,2.6848,1.25,1.3533,2.0543,1.7228,1.4783,1.7935,-0.2283,1.5761,0.8424,1.7717,2.0435,0.9402,2.5109,0.1576,1.1522,1.4239,1.5598,1.0109,1.7935,2.6033,2.0543,1.8424,1.8098,1.587,1.2609,1.9348,1.5109,1.4185,1.0435,1.6848,1.1848,0.8424,2.9565,0.6957,1.6141
1-212.txt_419,0.9728,2.0543,0.7446,1.125,3.087,1.0924,1.3207,2.087,1.087,1.5054,1.9674,1.7989,1.6087,1.2935,2.4022,0.4293,0.8424,1.962,0.8533,1.0489,1.1087,1.9076,2.4022,2.9565,3.6413,1.337,1.913,3.4348,2.5109,1.5109,2.3641,0.5652,1.8804,2.5761,3.0217,1.1087,0.5707,3.2283,1.288,0.9837,-0.25,1.3641,0.663,0.6957,2.038,0.5272,0.3913,1.8207,0.9728,1.3859,1.3641,0.6467,1.3043,1.9457,1.5435,-0.413,-0.1141,1.5761,1.1413,0.7337,0.962,1.9511,1.7609,2.5598,3.5652,1.4239,1.0978,2.663,2.1033,1.8533,2.1902,0.7283,2.0924,2.5109,3.4185,0.5272,0.8913,2.9293,1.9674,1.1087,3.1576,4.337,1.5815,3.7717,6.5761,3.0761,2.875,5.3098,3.625,3.8641,3.9946,2.3696,3.038,3.0054,5.2065,2.0109,1.875,5.413,2.1848,3.163,1.1359,1.4511,1.038,1.4891,2.9728,1.1087,0.8967,2.5761,1.3533,1.5978,1.5435,0.2609,1.6141,1.8913,2.3696,0.8913,0.462,2.3533,0.9946,1.3315,0.9293,1.4348,1.5435,1.8587,2.9076,0.9239,0.9837,2.3098,1.1522,2,1.7935,0.7011,2.2935,2.1196,3.0489,0.2228,0.3315,1.9293,1.1793,1.3533,1.5326,4.1576,1.25,2.4185,5.8913,1.9076,2.1359,4.0652,2.6304,3.2011,3.8533,2.3913,3.5978,3.25,4.2717,0.8533,1.4674,4.9837,2.125,2.7174,1.9402,2.1848,0.788,1.1902,3.8696,1.1359,0.9239,3.9511,2.2609,2.3098,3.0924,0.6033,2.6141,2.3913,2.6304,1.4674,1.2228,4.6196,1.9402,1.7772,1.9402,1.7011,1.2391,2.3043,3.4022,2.1576,2.0326,2.1957,2.4348,1.6141,2.7554,1.4837,1.6848,2.2283,1.9946,1.5761,1.0598,3.8315,1.288,1.6902,1.9076,2.4946,1.663,2.9565,3.6576,1.9293,2.4348,3.4185,2.8315,1.9076,2.5,1.7989,1.8804,2.163,3.0435,1.8478,1.2989,4.8967,1.7663,1.587,0.7283,1.1196,1.2174,0.9402,2.1033,0.6576,0.538,1.9783,0.9239,1.3641,1.875,0.6739,1.8152,2.0435,2.0978,0.3207,0.3913,1.6522,0.6685,1.0326,1.8424,1.9348,1.3859,2.1359,3.7772,1.8315,2.0652,2.8315,2.3315,1.4728,2.1793,1.9185,1.8859,1.75,2.6304,1.8478,1.5326,3.5,0.7554,1.7283,2.4457,1.0217,0.5054,2.0489,3.6467,1.4293,1.712,3.1141,2.5054,2.337,2.5598,0.6413,2.0707,1.712,2.4837,2.212,1.5326,4.7174,1.3424,2.1576,2.0924,2.9457,2.2609,3.6739,4.8424,3.3207,2.9348,5.0707,3.712,1.8315,2.6033,1.6033,2.2826,2.1902,5.0489,1.7663,1.7391,3.9239,1.7663,1.8207,0.5707,1.8859,1.0761,1.1576,2.5435,0.4837,0.3533,1.5489,0.5761,0.9511,1.1033,0.6685,1.1522,0.6196,2.2663,0.3859,0.337,1.1902,-0.2446,0.587,1.1087,1.6685,0.9348,1.1848,1.4674,0.913,0.6033,1.0978,0.7065,0.6033,0.875,0.837,1.0054,0.3478,1.8913,0.4783,0.2065,1.7174,0.2391,0.6848,3.2228,2.5326,1.0707,1.9348,5.962,2.3315,1.8913,4.6087,3.4402,4.4837,4.6087,0.5543,3.4076,3.6957,4.2391,1.7663,1.3207,7.1576,3.5109,3.6304,1.7446,-0.0326,0.6087,1.1848,2.7609,0.8967,1.0489,2.3315,1.7174,1.0978,1.4076,-0.375,1.3152,0.7228,2.5326,1.9511,0.6033,2.663,0.4837,0.587,1.4239,1.5326,1.2337,1.7011,2.4674,2.2554,1.7935,1.5815,1.8913,1.125,2.0815,1.5924,1.5543,1.4239,1.7446,1.1196,0.6902,3.3152,0.8315,1.4891
1-212.txt_421,-0.1364,0.0284,0.2159,0.2898,0.1932,-0.0114,0.0852,0.3011,0.3523,-0.0966,-0.125,-0.0909,-0.1591,0.2102,0.6136,-0.0341,0.2386,0.5,0.3125,-0.125,0.1136,0.9886,0.5568,1.233,1.4432,0.6761,0.4148,1.0227,1.4489,0.9886,1.017,0.6193,0.75,1.5398,1.5455,-0.2273,-0.1705,2.1534,1.483,0.5398,0.1932,0.5852,0.5625,0.6591,1.125,0.3807,0.3011,0.6307,1.0511,0.9432,0.9148,0.1761,0.6307,1.1761,0.8295,-0.0511,0.1534,1.5568,1.1023,0.6023,0.5114,0.8466,0.9148,0.8409,1.7614,0.3011,0.1193,1.7386,1.4716,1.1023,1.1364,0.125,0.6875,1.6136,1.3182,-0.0795,0.3011,2.4318,1.4545,0.7102,0.2045,1.3011,0.892,1.375,3.1477,0.5341,0.3636,1.9886,2.4602,2.4034,2.3807,0.3182,1.5909,3.4375,2.4602,-0.2955,0.4148,4.3977,2.9432,1.4773,0.108,0.5739,0.3239,0.5682,0.8352,0.3352,0.1023,0.6591,0.8977,0.5568,0.6307,0.3239,0.4318,0.9318,0.7784,-0.2273,-0.2273,1.2955,1.017,0.3011,-0.0227,0.4886,0.392,0.5398,0.4943,0.2386,0.0114,0.8239,0.6477,0.3523,0.3466,0.2557,0.2386,0.5,0.5966,-0.375,-0.2955,0.8864,0.5909,0.2273,0.0455,1.2898,1.6534,1.6364,1.6136,1.0739,1.3068,1.5227,2.1534,0.767,0.75,0.6932,0.5455,1.6023,1.9943,0.5227,0.9773,2.6307,1.6477,0.3693,0.1875,1.483,1.0455,1.4602,2.4886,0.8011,0.608,1.767,2.3295,1.8636,1.8352,0.7614,1.3239,2.8068,2.1534,-0.1705,0.1818,3.6307,2.5398,1.1477,0.1989,0.7557,0.1477,0.6705,2.6307,0.1534,0.0341,1.0057,1.5682,2.6023,2.3409,0.0057,1.6307,2.9659,1.6023,-0.3864,0.2784,3.2557,2.3523,1.8182,0.1932,0.8523,0.1307,0.8239,2.6023,0.3295,0.0852,0.8295,1.5341,2.4205,2.1591,0.2159,1.5739,2.7102,1.6591,-0.3523,0.1932,3.0398,2.2443,1.7102,0.0682,0.6307,0.2955,0.875,0.5341,0.4886,0.1705,0.5852,0.6761,0.1534,0.2727,0.5568,0.2216,0.4034,0.8693,-0.2216,-0.4205,0.8125,0.5057,-0.0227,0.1193,0.6932,0.1193,0.5682,1.767,0.2841,0.0966,0.5625,1.1307,1.608,1.5114,0.2898,1.0909,1.8864,1.1591,-0.2557,0.0625,2.1364,1.6136,1.1023,0.142,1.7159,1.0227,1.5682,3.2216,0.8295,0.7273,1.9489,2.6875,2.517,2.3977,0.8523,1.7386,3.6307,2.5511,-0.2273,0.4205,4.5284,3.1193,1.6364,0.4943,1.4545,1.0227,1.4943,2.5511,0.7784,0.5511,1.8182,2.2614,1.6705,1.6818,0.7386,1.1761,2.608,2.2727,0.0114,0.2727,3.5909,2.3693,0.9886,-0.0739,-0.1023,0.1534,-0.0682,-0.0966,-0.1193,-0.1307,-0.125,0.0284,-0.2955,-0.2159,-0.1591,-0.25,-0.1989,-0.1023,-0.1307,0.0455,-0.0625,-0.017,-0.2614,0.0341,-0.0455,-0.1591,0.0739,0.4716,-0.1307,-0.1818,-0.1648,0.3239,0.5398,0.5114,-0.2784,0.2841,0.9034,0.0852,-0.375,-0.1364,0.9773,0.7045,0.2727,0.1534,2.5114,1.6307,2.4148,3.9602,1.4205,1.2386,2.6023,3.7727,2.858,2.8239,1.4659,2.0795,4.5455,3.5795,-0.1989,0.4602,5.9489,4.0795,1.733,0.0966,1.5852,0.892,1.4148,2.7898,0.7784,0.6193,1.6818,2.4773,2.1818,2.1477,0.8807,1.5795,3.4205,2.2557,-0.1818,0.1989,4.0966,2.9375,1.3295,0.0795,0.3636,-0.0568,0.4034,1.6193,0.017,-0.0341,0.5341,0.9602,1.733,1.5511,-0.1193,1.0625,2.0568,1.0114,-0.3125,0.125,2.1591,1.5739,1.1705
1-212.txt_423,0.331,0.3803,0.0493,0.5704,1,0.1338,0.331,0.5352,0.3873,0.4366,0.338,0.169,0.1127,0.662,0.4577,0.1761,-0.1197,0.6761,0.4789,0.2042,0.3451,1.0704,0.4718,1.2465,1.6197,0.8451,1.0704,1.3803,1.5986,0.8732,1.007,0.5775,0.5704,1.8451,1.6268,0.0845,0.0352,2.9366,1.6549,0.4718,0.3099,0.6831,0.7887,0.8944,0.9718,0.4507,0.5493,1.169,1.338,0.1831,0.338,0.338,0.2183,1.0563,1.2113,0.662,0.3169,1.4296,0.9155,-0.1338,0.4648,1.2535,1.1056,1.3592,1.7887,0.5352,0.669,1.993,1.5986,0.6831,0.8239,0.8592,0.331,1.7183,2.1761,0.6479,0.6127,2.3944,1.4085,0.2817,0.9366,1.7746,1.2746,1.9437,3.2254,0.7887,1.0423,2.0775,2.4366,2.2887,2.1338,0.9859,1.2324,3.2887,1.7324,0.3803,0.2394,3.7465,2.7183,1.4366,0.0493,0.5563,0.2958,0.6479,0.5986,0.3099,0.5704,1.0423,0.8239,0.1479,0.3028,0.3803,0.0211,0.6972,1.3521,0,-0.1831,1.3451,0.6268,-0.0423,0.1056,0.7324,0.6197,0.8099,0.831,0.3732,0.5,1.1972,0.9225,0.0634,0.2817,0.5211,-0.0282,0.7324,1.9789,0.2183,0.1901,1.4859,0.6761,-0.1268,0.2958,1.7113,0.8803,1.7746,1.9437,1.2324,1.2394,1.7113,1.9366,1.1408,1.1127,1.3803,0.9014,2.4366,1.5915,0.2958,-0.0915,2.8451,2.0141,0.6549,0.4789,1.5,1.2324,1.9437,2.2183,0.8803,1.1761,1.8873,2.1338,1.2183,1.2465,0.9225,0.6479,2.338,2.3662,0.5141,0.9366,3.2535,1.993,0.7394,0.5141,1.0493,0.4577,1.0563,2.2817,0.331,0.4507,1.007,1.5915,2.0634,1.9859,0.507,1.169,2.5493,1.2113,-0.0986,0.1901,2.8521,2.169,1.4014,0.4155,0.8944,0.2465,0.8662,2.1972,0.3451,0.4577,0.7676,1.5634,2.2465,2.1056,0.338,1.4014,2.6338,0.9789,-0.2817,-0.0986,3.0563,2.2254,1.5423,0.2606,0.662,0.0986,0.6197,0.9648,0.6831,0.6761,1.0634,1.007,0.3592,0.5563,0.3169,0.3099,1.162,1.1127,-0.0423,-0.2394,2.3099,1.1479,0.1408,0.1197,0.669,0.1197,0.5493,1.0282,0.3732,0.5986,0.3662,1.2113,1.162,1.1831,0.3873,0.7394,1.493,0.5493,-0.2958,-0.3169,1.7958,1.3873,0.7606,0.5211,1.9789,1.2676,2.2676,3.1338,1.2254,1.3592,1.7746,2.7535,2.507,2.4225,1.2324,1.5352,3.6056,2.2042,0.1338,0.4718,4.3944,3.1338,1.6479,0.838,1.0493,0.2676,1.0211,2.4296,0.2042,0.4225,2.3732,1.3451,1.8169,1.5211,0.5775,0.7606,2.3662,1.5634,-0.0423,-0.162,2.9577,1.8239,1.3592,0.2042,-0.007,0.1338,0.1127,0.5,-0.1338,-0.0775,0.162,0.2113,0.1761,0.1901,-0.2042,-0.0211,0.338,0.1338,0.3944,0.2042,0.169,0.2324,-0.0634,0.2958,-0.0775,0.0423,-0.1056,0.9718,-0.5352,-0.5141,0.0845,-0.0915,0.6338,0.662,-0.4296,0.1549,0.4085,-0.2535,0.3028,0.3732,0.0493,0.0634,0.2394,0.5,2.6901,1.8451,2.8521,3.7676,1.5282,1.7887,2.5,3.4366,3.0141,2.8662,1.9155,1.8028,4.3732,2.8028,0.0493,0.2887,5.3521,3.7465,2,0.4155,1.662,1.2183,2.1761,2.5493,1.007,1.2535,1.7324,2.2817,1.8662,1.7746,1.0634,1.0352,2.838,2.0986,0.1831,0.6056,3.6549,2.4366,1.2254,0.3662,0.7324,0.1479,0.6408,1.5423,0.1761,0.2606,0.7324,0.9155,1.2887,1.2817,0.3803,0.6831,1.5704,0.7465,-0.162,-0.0493,1.7817,1.3099,0.8592
