#name,V1,V2,V3,V4,V5,V6,V7,V8,V9,V10,V11,V12,V13,V14,V15,V16,V17,V18,V19,V20,V21,V22,V23,V24,V25,V26,V27,V28,V29,V30,V31,V32,V33,V34,V35,V36,V37,V38,V39,V40,V41,V42,V43,V44,V45,V46,V47,V48,V49,V50,V51,V52,V53,V54,V55,V56,V57,V58,V59,V60,V61,V62,V63,V64,V65,V66,V67,V68,V69,V70,V71,V72,V73,V74,V75,V76,V77,V78,V79,V80,V81,V82,V83,V84,V85,V86,V87,V88,V89,V90,V91,V92,V93,V94,V95,V96,V97,V98,V99,V100,V101,V102,V103,V104,V105,V106,V107,V108,V109,V110,V111,V112,V113,V114,V115,V116,V117,V118,V119,V120,V121,V122,V123,V124,V125,V126,V127,V128,V129,V130,V131,V132,V133,V134,V135,V136,V137,V138,V139,V140,V141,V142,V143,V144,V145,V146,V147,V148,V149,V150,V151,V152,V153,V154,V155,V156,V157,V158,V159,V160,V161,V162,V163,V164,V165,V166,V167,V168,V169,V170,V171,V172,V173,V174,V175,V176,V177,V178,V179,V180,V181,V182,V183,V184,V185,V186,V187,V188,V189,V190,V191,V192,V193,V194,V195,V196,V197,V198,V199,V200,V201,V202,V203,V204,V205,V206,V207,V208,V209,V210,V211,V212,V213,V214,V215,V216,V217,V218,V219,V220,V221,V222,V223,V224,V225,V226,V227,V228,V229,V230,V231,V232,V233,V234,V235,V236,V237,V238,V239,V240,V241,V242,V243,V244,V245,V246,V247,V248,V249,V250,V251,V252,V253,V254,V255,V256,V257,V258,V259,V260,V261,V262,V263,V264,V265,V266,V267,V268,V269,V270,V271,V272,V273,V274,V275,V276,V277,V278,V279,V280,V281,V282,V283,V284,V285,V286,V287,V288,V289,V290,V291,V292,V293,V294,V295,V296,V297,V298,V299,V300,V301,V302,V303,V304,V305,V306,V307,V308,V309,V310,V311,V312,V313,V314,V315,V316,V317,V318,V319,V320,V321,V322,V323,V324,V325,V326,V327,V328,V329,V330,V331,V332,V333,V334,V335,V336,V337,V338,V339,V340,V341,V342,V343,V344,V345,V346,V347,V348,V349,V350,V351,V352,V353,V354,V355,V356,V357,V358,V359,V360,V361,V362,V363,V364,V365,V366,V367,V368,V369,V370,V371,V372,V373,V374,V375,V376,V377,V378,V379,V380,V381,V382,V383,V384,V385,V386,V387,V388,V389,V390,V391,V392,V393,V394,V395,V396,V397,V398,V399,V400
1-212.txt_1,6.9444,2.9444,3.2778,3.3889,3.6111,3.5,3.8333,4.2222,3.4444,3.6111,3.9444,3.4444,3.3889,3.3889,3.3333,4.9444,4.4444,2.3333,3.3889,4.7778,2.8889,5.1667,3.6111,2.6111,1.5,3.3333,2.6667,1.7778,2.5556,1.9444,2.1667,3.9444,2.5,1.7222,2.2778,3.5,3,1.3333,2.4444,2.2778,3.1111,3.2222,6.3889,4.3333,2.2222,3.1667,3.3889,3.1111,3.4444,1.7222,1.7222,3.7222,2.1667,1.5,3.3333,3.5,3.3889,1.1111,2.2778,1.8333,2.2222,2.7778,4.4444,5.2222,1,2.9444,3.6111,1.8889,2.1667,1.5556,1.3333,3.1111,1.5556,1,2.2222,3.4444,3.1667,0.7778,1.5,1.6667,0.5556,0.5556,0.6667,0.3889,1.1111,0.3889,0.6111,0.8333,0.6111,0.5556,0.6667,0.3889,0.6667,0.5556,0.3333,0.6111,0.4444,0.3333,0.5556,0.5,2.7778,2.8889,2.7222,2.6667,2.0556,4,3.3333,2.3333,2.1111,1.6667,1.5,3,2,2.0556,2.5556,2.5556,2.4444,2.1667,3.1111,1.7778,2.8889,3.2222,3.1111,4.4444,2.1111,3.8333,5.3889,2.3889,2.7778,1.6667,1.8889,3.5556,2.1667,1.8889,2.4444,3,2.7778,1.7222,2.7222,2.3889,3.9444,1.6667,2.7778,2.7222,2.2778,2.1667,2,5.6667,1.6667,1.4444,1.6667,2.3333,1.7222,1.8333,1.7222,3.2222,2.2222,1.8333,1.6667,1.8333,0.9444,1.4444,1.5556,0.8333,0.4444,1.5,1.2222,0.6111,1.8889,0.7778,0.7778,1.2222,0.7778,1.0556,1.3333,1.4444,1.2778,0.9444,1.3889,1,2.8333,1.9444,1.5556,2.2778,2.0556,2.3333,2.1111,1.5556,1.5556,5.3333,4,2.1667,4.0556,4,1.9444,2.5,3.3333,1.6111,2.6111,5.1667,4.7222,3.2778,3.0556,2.4444,3.9444,3.8333,3.3889,2.4444,3.6667,6.7778,8.3333,3.7222,6.3333,6.3889,2.8889,4.1111,5,5.0556,5.5556,6.8889,3.6111,5.0556,4.2222,4.6111,2.9444,4.3333,4.9444,3.5556,3.3889,2.5,2.5,6.5,2.8333,2.3333,3.1111,4.4444,4.0556,1.7222,3.1667,2.7778,1.3889,1.2222,1.5,1.0556,1.1111,1.3333,1.5556,0.9444,1.3333,1.8889,1.7778,1.2778,2.0556,3.2778,1.4444,1.6111,1.9444,1.6111,2.8333,1.8889,2.8333,2.7778,2.6111,3.0556,1.5556,2.8333,3.0556,3.3333,2.3333,2.6111,2.4444,3.3889,2.5556,2.3889,6.0556,3.1111,3.6111,1.4444,2.3889,2.6667,1.7222,1.7222,2,1.3889,1.0556,1.8889,1.5,1.7222,2.1667,1.5,1.3333,1.7222,2,0.9444,1.0556,2.8333,2.2222,1.0556,1.0556,1.5,3.4444,2.2222,3.3333,2.6111,2.6667,3.0556,2.6667,2.1667,2.6111,2.1111,2.1111,2.7778,2,1.8889,2.1111,4,4.6111,1.1667,1.9444,2.6111,0.7222,0.8333,0.8333,0.4444,0.6667,0.8333,0.8333,0.6667,0.7222,0.9444,1.2778,1,1.2222,1.8333,0.3889,0.8333,0.7778,4.6111,2.1111,1.1111,3,3.1667,3.1111,2.5,2.6667,2.8333,3.1667,1.6111,4.9444,3.6111,3.5,2.8889,3.2778,5.0556,2.2222,3,3.3889,3.3889,7.6111,3.8333,5.4444,3.7778,3.8889,3.1111,3.8333,4.6111,3.7222,3.5,3.9444,7.1667,5.8889,4.7222,5.7778,5.6111,3.6667,5.0556,6.3889,2.9444,5.1667,9.1111,0,0,0,0,0,0,0,0,0,0,0,0,0,0,0,0,0,0,0,0
1-212.txt_3,8.0625,3.125,3.1875,2.9375,3.625,3.5,3.5,4.9375,2.6875,3.0625,3.375,3.625,3.8125,2.1875,3.9375,5.8125,4.875,2.0625,2.625,4.125,2.125,5.3125,2.4375,1.75,1.25,3.1875,2.5,1.5625,2.25,1.875,1.875,3.5625,2.25,1.375,1.5625,2.5625,3.25,1.1875,1.6875,1.9375,2.125,2.5625,5.6875,3,1.1875,3.375,2.9375,2.1875,2.6875,1.25,1.125,3.1875,1.75,1,1.625,2.8125,2.75,0.75,1.6875,1.625,2.625,2.875,4,7.6875,1,3.3125,4.4375,3,2.75,1.3125,1.125,3.9375,1.8125,0.875,2.75,3.5,2.875,0.5,1.5625,1.5,1.75,0.4375,0.875,0.4375,6,0.875,0.4375,0.875,0.9375,1.375,1.375,0.875,1.375,1.375,0.8125,1.6875,1.6875,1.0625,1.125,1.75,1.75,2.25,2.5,2.3125,0.8125,4.125,2.875,1.8125,2.0625,0.8125,0.9375,2.3125,1.5625,0.5,1.9375,2.3125,1.8125,0.9375,1.3125,0.9375,1.6875,2.375,2,2.6875,0.5625,3.3125,3.9375,1.1875,1.9375,1,0.9375,2.625,1.5,0.625,1.5625,2.0625,1.75,0.8125,1.25,1.25,3.75,2.0625,3.25,2.9375,1.75,2.625,2.5625,7.5625,2.25,1.0625,1.1875,2.8125,2.1875,1.125,2.1875,3.625,2.625,1.5625,1.5625,1.1875,0.6875,0.875,0.9375,0.6875,0.5,0.875,0.875,1,2.25,0.3125,0.4375,0.8125,0.625,0.625,0.5,0.8125,0.625,0.5,1.125,0.375,1.125,0.8125,0.75,0.6875,1.125,0.875,0.8125,0.5,0.8125,2.5625,1.75,0.8125,1.625,1.5,0.8125,1.25,2.1875,0.875,1.4375,1.9375,2.6875,1.625,0.875,0.8125,2.375,2.125,1.5625,0.9375,1.6875,4.5,6.4375,1.625,5.1875,4.3125,1.4375,1.8125,2.875,2.4375,3.1875,4.4375,3.3125,5.3125,4,3.5625,1.625,4.75,4.375,2.8125,3.375,2,2.25,7.25,3.1875,1.6875,2.8125,4,3.3125,1.75,2.75,2,1,0.5625,0.4375,0.3125,0.625,0.6875,0.5,0.4375,0.5,1.25,1.25,0.625,2,0.875,0.4375,0.6875,0.75,0.5625,0.6875,1.125,0.75,0.625,0.625,0.3125,0.625,0.4375,0.4375,0.3125,1.1875,1.4375,1.5625,0.4375,1.4375,3.625,0.3125,0.75,0.9375,1.875,2.875,1.25,2.625,2.3125,2.4375,2.75,1.0625,2.25,2.4375,1.8125,1.6875,1.25,1.0625,2.6875,1.375,0.6875,6.4375,2.4375,2.25,0.6875,1.125,1.375,2.75,1.875,2.375,2,1.625,2.0625,2.0625,1.875,1.6875,1,1,2.3125,1.4375,0.875,1.6875,3.875,2.5625,0.8125,1.3125,1.375,3.6875,2.875,3.75,3.8125,3.0625,3.125,3.4375,2.25,2.25,3.5,3.5,3.0625,3.4375,2.375,2.875,4.75,7.5625,1.6875,2.3125,3.9375,0.875,0.6875,0.5,0.25,0.75,1,0.75,0.75,0.6875,0.8125,1.25,0.6875,1.125,1.75,0.4375,1,0.875,4.75,2.0625,0.75,0.375,0.5,0.4375,0.3125,0.25,0.75,0.5,0.25,0.8125,0.375,0.4375,0.5,0.5,0.875,0.3125,0.4375,0.4375,0.8125,1.375,0.375,2.8125,1.8125,1.8125,1.625,2.3125,1.9375,1.875,1.0625,1.1875,4.5,3.1875,2.25,3.375,2.1875,1.5625,2.5,3.125,1.1875,1.875,5.5
1-212.txt_5,5.6111,2.5556,2.7222,1.9444,1.8333,3,2.3889,3.3889,2.2222,2.7222,2.6667,2.8333,2.6667,2.3889,2.4444,4,3.1667,1.8333,2.6667,3.2778,3.7222,6.6111,3.6667,3.3889,2.6667,4.8333,4.3333,2.7222,3,3.2778,3.3889,6,3.1111,3.0556,3.3889,4.4444,4.4444,2.6667,2.9444,3.5556,2.5,2.7778,5.6111,4.3333,1.3889,3.1667,3.3889,3.0556,2.9444,1.7222,2.2778,3.3333,3.1111,2.5,2.8889,3.8333,3.4444,1.7778,2.7778,2.0556,3.1111,3.3889,4.0556,6.2778,1.8889,3.7778,5.1111,2.6667,2.5,2.1111,1.8333,3.9444,2.1111,2.0556,2.7222,3.8889,3.7222,1.0556,2.2222,2.2222,1.2778,0.8889,1,0.5,3.2778,0.9444,0.6111,0.8333,0.6111,0.8333,0.7222,0.8889,0.8889,0.7222,0.7222,1.1667,0.9444,0.5556,0.7778,1,1.1111,1.2778,1.2222,1.4444,0.5556,1.8333,1.5556,0.6667,1.1667,0.6667,1.0556,1.2222,1.0556,0.5556,1.3333,1.1667,1.1111,0.5556,0.8333,1,3.2222,2.8333,3.8889,4.3889,1.1667,3.6111,5.2778,2.6111,2.5,1.6667,1.5556,3.5556,2.2222,1.0556,2.6667,3.8889,3.8333,1.2222,1.8333,2.1667,2.3889,1.7778,3.2222,2.9444,2.1111,2.4444,2.6111,5.6667,2.1111,1.7778,1.6111,2.6111,1.7778,2.1111,2.4444,2.9444,2.6111,2.1111,1.5,1.7778,0.4444,0.7778,0.5556,0.4444,0.2222,1.1667,0.6667,0.3333,1.2778,0.2222,0.2222,0.8889,0.4444,0.2778,0.3889,0.5,0.4444,0.2778,0.5556,0.2222,2.6111,1.7222,2.0556,1.3889,2.5,2.3889,2.7222,1.7222,1.7778,3.6111,2.7222,2.1111,2.5,3.8889,1.6667,2.1111,2.8333,1.6667,3.0556,3.1667,5.5,3.8333,3.2778,3.2778,4.3333,4.0556,4,3.7222,3.6667,6.8889,9.3333,4.0556,7.3333,7.6667,3.9444,4.2778,5.2778,3.5,6.1667,6.5,1.5,2,1.6111,1.3333,0.6111,1.5,1.6111,1,1.7778,1.0556,0.9444,2.6111,1.1111,0.8333,0.8889,1.3889,1.6667,0.6111,1.5556,1.2778,0.7222,0.7778,0.5556,0.4444,1.0556,0.8333,0.7778,0.7778,0.9444,0.7778,1.0556,0.6111,1.6111,1.3333,0.4444,0.8333,0.8333,0.6111,1,0.9444,1.7222,1.7222,1.8333,1.1667,1.5556,1.5,1.3333,1.7778,2.5556,2.8333,2.5556,1.4444,2.2222,5,1.3889,1.6111,1.7778,2.8889,5.0556,2.5,2.8889,3.0556,2.8333,3.2222,1.5,2.6667,2.8889,2.3889,2.6111,2.2778,2.2222,3.0556,2.5,1.9444,5.3889,2.8889,3.3333,1.5556,2.3889,2.6111,4.1111,4.1111,5.1111,4.0556,2.2222,4.1111,3.8333,3.9444,4.7222,2.7778,3.1111,4.3333,2.6111,2.2222,3.8889,6.2778,5.5556,1.6667,3.0556,3.2222,2.9444,2.1111,2.5,2.1667,1.6111,2.6667,2.5,2.0556,1.8889,2.6111,2.6667,2.1667,2.0556,2.2222,1.5556,3.4444,4.5,1.4444,1.7778,2.7778,0.3889,0.3889,0.6111,0.2778,0.3889,0.6667,0.5556,0.3333,0.4444,0.3889,0.5,0.3889,0.5,1.1111,0.2222,0.5556,0.8333,2.7778,1.2222,0.6111,1.8889,1.8889,1.8889,1.0556,1.1667,1.9444,1.4444,1.2222,3.2222,2.9444,2.5556,1.9444,2.1667,4.4444,1.2778,1.8333,1.8889,2.9444,5.6667,2.3333,5.9444,4.1667,4.7778,3.3889,3.7222,5.2222,4.2778,3,3.2222,7.7222,6.5556,4.9444,7.1667,5.3889,3.6667,5,5.7778,3.2222,4.4444,9.7222
1-212.txt_7,6.7059,3.2353,4.1765,3.4706,3.2941,4.1176,4.0588,3.8235,2.8235,2.8824,3.1176,3.8235,3.5882,1.9412,4.5882,5.7647,5,1.5294,2.6471,4.0588,2.1765,5.6471,2.4706,1.9412,1.1176,3.5882,3.1176,2.0588,2.6471,1.4706,2.0588,4.2353,2.5294,2.1176,2.2941,2.7059,2.6471,1.3529,2.4118,1.5882,0.9412,1.0588,2.1176,1.4706,0.8824,1.2353,1.7647,1,0.9412,0.4118,0.4118,1.0588,0.5294,0.2941,0.9412,1,1.2941,0.3529,0.5294,0.5294,1.5294,1.7647,3.3529,4.8235,0.6471,2.0588,3.1176,1.9412,2.2353,0.9412,0.5294,2.1176,1,1.1765,1.2941,2.2941,2,0.8824,2.0588,0.8824,0.4118,0.2941,0.2941,0.2941,1.4706,0.2941,0.2941,0.8235,0.2353,0.4706,0.6471,0.2941,0.7059,0.4118,0.2941,0.4118,0.4118,0.3529,0.2941,0.4706,0.8824,1.0588,1.2353,1.3529,0.4118,2.1765,1.4706,0.9412,1.2941,0.3529,0.5294,1.1765,0.8235,0.3529,0.7647,1.2941,0.9412,0.4706,0.7059,0.5294,1.7647,2.2353,2.4118,2.5882,0.7647,2.4706,4,1.4118,1.7059,1.4118,1.2941,2.2353,1.3529,0.8824,1.3529,2.2353,2.2941,1.1765,1.0588,1.4706,4.3529,2.6471,4.1176,2.8824,1.7647,3,2.8824,7.2353,2.5882,1.6471,2.0588,3.4706,2.1765,1.7647,2.2353,3.6471,2.5882,2,2,2.2941,1.1765,0.5882,0.5882,0.7647,1.4706,0.9412,0.7059,0.4118,0.5294,2.9412,1.8235,0.7647,1.6471,1.6471,1.4706,1,1.6471,0.7059,1.2941,2.6471,3,2.6471,2.4118,1.4118,2.1176,2.5294,2.4118,1.2941,2.2353,3.8824,6.1176,2.8235,5.1176,4.2941,1.7647,3,2.8824,2.4118,4.5882,3.9412,3.5882,5.5294,5.2941,3.9412,1.8824,5.1176,5.1765,3.3529,3.4118,3.2941,2.7647,7.7647,3.9412,2.7059,3.4706,4.3529,4.8235,2.2353,3.2353,3.5294,2.0588,1.4118,1.3529,1.1765,1.2941,1.6471,1.5294,0.8235,1.6471,2.6471,2.9412,1.7059,4.4118,2.4706,1,1.4706,2,1.2941,1.7059,2.6471,2,1.1176,1.4118,1.0588,1.2353,1.1176,1.2941,1.2941,1.4118,2.2353,2.2941,1.1176,2.0588,4.6471,0.9412,1.8824,1.5882,1.9412,3,2.3529,2.3529,1.4118,1.7647,1.8235,0.9412,2.1176,1.7647,1.8824,1.2941,1.7059,1.2353,1.8235,1.4118,0.9412,5.6471,2.4706,2.5882,0.7059,1.8235,1.8235,3.6471,2.2941,3.0588,3.2941,2.5294,2.4706,3.3529,2.4706,2.5294,1.4706,1.5882,2.3529,1.7059,1.4706,2.1765,4.8824,3.3529,1.1176,2.2941,2.1176,1.8824,2.8824,3,2,1.2353,2.7059,3,1.2941,1.7647,1.5882,1.1765,2.8824,1.8235,1.3529,2,2.7059,4.2941,0.8824,1.5882,2.1765,0.7059,0.3529,0.1765,0.1765,0.5294,0.5294,0.3529,0.7059,0.2941,0.7059,0.6471,0.3529,0.6471,1.0588,0.2353,0.4706,0.4118,3.7059,1.2353,0.5294,1.7059,1.1176,1.0588,1,1.0588,1.1176,1.0588,0.7647,2,1.8235,2.0588,1.0588,1.8235,3.4118,1.1765,1.5294,1.7647,2.1765,5,1.7059,2.9412,1.6471,2,1.7647,2.0588,1.9412,2.5294,1.4706,1.5882,5,4.1176,1.8824,3.6471,3.1765,2.1176,3.0588,3.7059,1.8824,2.7059,6.1176,0,0,0,0,0,0,0,0,0,0,0,0,0,0,0,0,0,0,0,0
1-212.txt_9,5.8,2.55,2.55,2.55,3.05,2.75,3.2,4.7,2.25,2.65,2.8,3.1,3.3,2.5,2.45,4.4,4.15,2,3.05,4,2.5,4.65,2.65,3,1.4,3.15,3.2,2.3,3.05,1.95,2.15,4,2.05,2,2.45,2.95,2.85,1.75,2.2,2.2,2.4,2.1,3.9,3.5,1.45,2.3,3.15,2.7,3.1,1.35,1.25,2.85,1.6,1.55,1.95,3,2.75,1,1.75,2,1.95,2.4,3.75,4.05,1.55,2.45,3,2.35,1.8,1.45,1.4,2.65,1.7,1.2,2.15,2.7,2.1,0.8,1.35,1.75,2.05,0.9,1.1,1.05,4.5,1.1,0.9,1.55,1.55,1.6,1.65,1.05,1.55,1.55,1.1,1.5,1.8,1.25,1.65,1.8,3.5,5,3.9,3.75,1.85,6.05,4.85,3.1,3.9,2.5,2.55,4.95,3.1,2.05,3.9,3.85,4.2,2.4,2.8,2.85,3.85,5.75,5.8,6.55,2.65,6.3,8.15,3.95,4.8,3.8,3.3,6.55,3.8,3.35,3.55,4.7,5.1,2.95,3.45,4.25,1.55,1,1.2,1.2,1.4,0.95,1.05,2.65,0.95,1.05,0.9,1.15,0.9,1,0.95,1.55,1.25,0.9,1.55,1.3,0.35,0.75,0.5,0.55,0.2,0.55,0.5,0.3,1.2,0.55,0.55,0.6,0.4,0.75,0.65,0.45,0.6,0.4,1,0.45,4.3,3.25,3.3,2.9,2.2,3.7,3.45,3.05,3.05,5.5,4.5,3.45,5.35,3.95,2.7,3.7,4.55,3.15,3.4,5.5,6.3,5.45,4.45,4,4.85,5.95,5.1,4,4.85,9.6,11.8,5.85,9.25,9.1,5.05,5.6,6.35,4.95,7.25,9.1,2.3,3.15,2.8,3.05,1.6,3.4,3.8,1.75,2.9,1.75,2.1,4.55,2.45,1.65,1.95,3.05,3.2,1.7,2.05,2.05,1.85,1.9,1.2,1.3,1.1,2.05,1.9,1.1,1.15,2.75,2.95,2.3,4.1,1.85,1.65,1.7,1.65,1.05,1.5,2.65,1.95,1.65,1.05,1.05,1.55,1.55,1.4,0.9,1.75,3.4,3,1.4,2.85,4.35,1.4,1.5,1.85,2,3,2.95,2.75,2.15,2.6,2.75,1.65,2.3,2.4,2.55,2.4,1.6,1.7,2.25,1.55,1.9,4.05,2.7,2.75,1.35,1.55,2.05,3.55,3.9,4.95,4.6,2.55,4,4.4,3.35,4.2,2.7,2.85,4.3,3.05,2.7,2.75,4.85,4.35,2.75,2.85,3.45,3.65,3.3,3.3,3.1,2.2,3,3.6,3.15,2.95,3.05,3,3.6,3,2.15,3,4.15,5.7,1.75,2.3,3.5,0.75,0.65,0.7,0.5,0.7,1.15,0.8,0.7,1,0.55,0.6,0.8,0.75,0.7,0.85,0.75,0.65,2,1.05,0.45,1.05,1.1,0.9,0.7,1.4,1,1.25,0.8,2.15,1.65,1.65,0.9,1.65,2.5,0.55,1.35,1.1,2,3.15,1.5,2.25,1.7,1.5,1.55,1.7,1.7,1.85,1.45,1.8,3.6,3.8,1.7,2.65,3.45,1.6,1.55,1.9,1.4,2.1,3.45
1-212.txt_11,8,3,2,2,4,3,3,4,2,3,3,3,3,2,3,5,4,1,2,4,4,12,5.3333,2.6667,1.3333,6.6667,5.3333,2.6667,5.3333,1.3333,2.6667,8,4,1.3333,2.6667,4,4,1.3333,2.6667,1.3333,1.8667,3.7333,9.3333,4.6667,0.9333,3.7333,3.7333,3.7333,4.6667,0.9333,0.9333,3.7333,1.8667,0.9333,1.8667,4.6667,3.7333,0,1.8667,0.9333,2,2,5,10,1,4,6,3,3,1,0,3,1,0,3,4,3,0,1,1,1.3333,0.3333,0.3333,0.3333,4.3333,0.3333,0,0.3333,0.3333,1,1,0.3333,1,0.6667,0.3333,1,1,0.6667,0.6667,1,2,3.3333,2.6667,2.6667,0.6667,6,4,1.3333,2.6667,0.6667,1.3333,3.3333,2.6667,0.6667,2,2.6667,2,1.3333,2,1.3333,3.8,5.0667,5.0667,7.6,0,7.6,11.4,2.5333,5.0667,1.2667,1.2667,6.3333,2.5333,1.2667,3.8,5.0667,3.8,1.2667,2.5333,2.5333,3.7333,1.8667,3.7333,2.8,0.9333,1.8667,1.8667,9.3333,1.8667,0,0,1.8667,0.9333,0.9333,1.8667,3.7333,1.8667,0.9333,0.9333,0.9333,0.9333,1.8667,2.3333,1.4,0.4667,1.8667,1.8667,0.9333,5.6,0.4667,0.4667,1.4,0.9333,1.4,0.9333,1.4,0.9333,0.9333,2.8,0.4667,3.4,1.1333,1.1333,1.1333,3.4,1.1333,1.1333,0,1.1333,9.0667,6.8,1.1333,5.6667,4.5333,1.1333,2.2667,3.4,1.1333,3.4,7.9333,4.8,3.2,1.6,0,4.8,3.2,1.6,0,1.6,9.6,12.8,3.2,9.6,6.4,1.6,3.2,4.8,3.2,4.8,8,2.8,5.6,3.7333,2.8,0.9333,4.6667,4.6667,1.8667,2.8,0.9333,1.8667,8.4,2.8,0.9333,2.8,3.7333,2.8,0.9333,1.8667,1.8667,2,2,1.3333,0.6667,2,2.6667,1.3333,0.6667,1.3333,3.3333,4,2,6,2.6667,1.3333,2,2,2,2,3.3333,1.3333,0.6667,0.6667,0,1.3333,0.6667,0.6667,0.6667,2,2.6667,2.6667,0.6667,2.6667,6.6667,0,1.3333,1.3333,3.3333,4.6667,2,2.2,1.4667,1.4667,2.2,0.7333,2.2,2.2,1.4667,1.4667,0.7333,0.7333,2.2,1.4667,0,8.0667,2.2,2.2,0,0.7333,1.4667,6.6667,4,6.6667,5.3333,4,5.3333,5.3333,5.3333,4,2.6667,2.6667,5.3333,4,2.6667,4,10.6667,6.6667,1.3333,2.6667,2.6667,3.2,2.4,3.2,2.4,2.4,2.4,2.4,1.6,1.6,2.4,2.4,2.4,2.4,1.6,2.4,4,7.2,1.6,1.6,3.2,0.3333,0.3333,0,0,0.6667,0.6667,0.3333,0.3333,0.6667,0.3333,0.6667,0.3333,1,1.6667,0,0.3333,0.6667,5,2,0.3333,1.6,1.6,1.6,0.8,1.6,2.4,1.6,0.8,4.8,2.4,2.4,1.6,2.4,5.6,0.8,1.6,1.6,4.8,8.8,2.4,3.2,0.8,0.8,0.8,2.4,1.6,1.6,0.8,0.8,5.6,4,1.6,4,2.4,1.6,1.6,3.2,0.8,2.4,6.4
1-212.txt_13,3.6316,1.7895,2.1579,2.1053,2.1053,2.0526,2.3684,2.0526,1.6842,2.2632,2.4211,2.1053,2.4211,2.0526,1.5789,3.0526,3.1053,1.6842,1.9474,3.3158,1.5263,2.7368,1.6842,1.7895,0.9474,2.3158,2.4211,1.7895,2.3158,1.3684,1.2632,2.3684,1.4211,1.7368,0.9474,2,2.3158,1.6842,2.0526,1.7368,3.4211,4.4737,6.9474,4.4211,2.6316,4.5263,4.6842,3.3684,4.3158,3.2105,3.0526,4.7895,3.2632,2.5789,3.2105,4.7895,4.6842,1.5789,3.2632,3.1053,3.3158,3.7368,5.8421,6.7368,1.7895,4.6316,5.5263,3.2632,4.0526,1.7368,1.6842,4.8947,2.5263,1.4211,3.5789,4.2105,4,1.3684,3,2.2105,1.5789,0.7368,1.1579,0.9474,4,1.0526,1.2632,1.0526,1,1.2632,1.3158,0.9474,1.0526,1.1579,1.2105,1.4211,1.2632,1.3158,1.0526,1.5263,2.5789,2.5789,2.3684,2.5263,1.1579,3.8947,3.8947,2,2.3158,2.6316,2.2632,2.7368,2.0526,2.3158,1.5789,2.3684,2.5263,1.5789,2.1053,2.4737,4.3158,6.3684,5.5263,6.5263,2.4737,6.9474,8.5263,4.1053,4.9474,3.8947,3.8947,6.8947,3.9474,2.4737,4.1579,5.5263,5.5263,2.5263,3.5263,3.7895,3.6842,2.3684,3.1579,2.5789,2.2105,2.1579,2.3684,6.1053,2.4211,1.7368,2.1053,2.8421,2.3684,2.2105,2.4737,3.4737,2.6842,1.6842,2.3684,2.3684,2.5789,2.8421,2.2632,2.1579,1.8947,3.1053,2.4737,1.8421,4.2632,2.5789,2.2105,2.6316,2.8947,2.6316,1.5263,2.7895,3.1579,1.7368,2.9474,2.5789,3,1.7895,1.4211,1.5789,2,1.8421,1.8947,1.6842,2.1579,4.3158,4.2105,2.1579,3.8421,3.8421,1.2632,2.2105,3,2.1053,3.5789,3.4211,4.2632,3.5789,2.4211,2.6842,2.7368,3.6316,3.3684,2.0526,3.4211,6,7.5263,3.7895,5.7895,6.0526,3.3158,3.5263,3.8947,3.1053,4.3684,6.1053,3.0526,5.0526,4,3.5263,1.5263,4.5263,4.3158,2.3684,3.2105,2.6842,3.3684,6.6316,3.5789,2.3158,3.6842,3.8947,3.7895,2.3684,2.7368,2.7895,0.5263,0.4211,0.3158,0.2632,0.4737,0.4737,0.4737,0.3158,0.3158,1.0526,0.9474,0.5789,1.2105,0.6842,0.3158,0.4211,0.5263,0.4211,0.4737,1,1.8947,1.0526,0.9474,0.7368,1.7368,1.0526,0.8421,0.8421,1.3684,2.7895,2.5789,0.9474,2.4737,3.6316,1.3684,1.4737,1.8947,1.4211,2.4737,2.5789,0.8421,1.1053,1.1579,1.1579,0.4211,1.3158,1.3158,0.5789,1.0526,1,0.8421,1.1053,0.6842,0.4737,1.5789,0.9474,0.9474,0.6842,0.6842,0.9474,2.1579,2,2.7895,3.2105,1.1053,2.5789,2.7895,2.4211,2.5789,1.2105,1.4211,2.1053,1.3684,1.2632,2.4211,3.1579,2.2632,1.4737,1.6316,1.4737,2.5263,2.8947,3.4737,2.7895,1.7895,2.8421,2.8947,1.8421,2.7895,3.2105,2.8421,3.4211,2.8421,3.0526,2.5789,3.8421,4.9474,1.4737,3.3684,3.4211,1.8421,1.4211,1.1579,1,0.8947,1.6842,1.4211,1.4211,2.4737,1.8947,1.8421,2.2632,1.8947,2.6316,0.8947,1.5789,1.6842,1.7895,3.7368,2.2105,4.8947,4.1053,2.6842,2.6316,4.0526,3.6316,3.8947,3.4737,2.7895,7.2632,6.7368,4.2632,7,5.6842,4.1053,4.1053,5.6842,2.5263,4.1579,7.5263,0,0,0,0,0,0,0,0,0,0,0,0,0,0,0,0,0,0,0,0
1-212.txt_15,5.9,3.05,2.9,2.9,3.05,3.6,3.7,4,2.5,3.3,3.35,3.2,3.25,2.7,2.9,4,4,1.9,2.8,3.8,1.4,2.7,1.8,1.55,1.05,2.4,2.3,0.95,1.95,1.5,1.35,2.6,1.75,1.35,1.35,1.85,1.95,1.75,2.05,1.5,2.4,2.05,2.9,2.4,1.4,2.2,1.85,1.95,2.4,1.9,1.95,2.1,2.25,1.45,1.5,2.25,2.5,0.85,1.9,2,4.55,4.65,6.4,7.4,1.7,5.6,6.3,4.15,4.85,2.75,2.45,5.4,2.7,2.15,3.95,5.35,4.7,2.1,2.55,3.15,1.75,0.55,0.95,0.65,3.75,0.7,0.7,1.1,0.55,1.35,1.35,0.95,1.15,1.1,0.95,1.5,1.55,0.9,0.9,1.55,1.6,1.7,1.95,1.95,0.9,2.2,2.15,1.2,1.5,1,0.8,2.15,1,0.95,1.75,1.75,1.6,0.5,1.05,1.1,2.8,3.55,4.1,4.2,1.2,3.95,4.7,2.3,2.7,1.6,1.7,3.7,1.85,1.7,2.2,3.7,3.8,1.7,2.25,2,3.55,2.95,3.7,4,2.05,2.7,3.15,6.15,3,1.4,1.6,2.6,1.9,2.05,2.35,3.2,2.7,1.4,2.5,1.95,0.4,0.45,0.45,0.55,0.7,0.45,0.7,0.3,1,0.65,0.65,0.65,0.7,0.85,0.35,0.45,0.35,0.35,1,0.4,1,1.25,0.9,0.75,0.9,1.4,1,0.45,1.1,2.65,2.1,1.2,2.15,2.15,0.55,0.9,1.3,0.65,1.45,1.85,4.6,3.95,3.3,3.1,3.2,3.7,4.2,3.55,4.25,6.45,8.2,4.1,6.6,5.4,3.45,4.45,5.45,3.05,4.5,6.9,3.6,6.55,5,5,2.2,4.95,5.35,3.6,4.25,3.75,3.6,7.65,3.8,3.45,3.7,4.85,4.6,3.25,2.9,3.2,2.8,3.15,2.85,2.1,2,3.35,2.9,1.5,3,4.25,4.25,2.9,5.85,4.3,2.3,2.55,3.55,2.15,2.55,4.65,2.4,2.15,1.65,1.6,1.9,2.65,2,1.45,2.8,3.15,3.95,2.2,3.55,5.65,1.9,2,2.3,2.85,4.15,3.35,1.6,1.2,1.35,1.45,1.1,1.6,1.55,0.7,1.35,1.25,1.6,1.45,1.35,0.8,2.9,1.45,1.75,1.3,1.1,1.65,3.5,3.65,3.45,2.7,2,3.8,3.9,2.9,3.7,3.1,2.9,3.7,3,2.75,3.35,4.35,4.2,1.45,2.35,3.6,3.3,3.15,3.35,3.2,2.25,3.7,3.5,3.15,3.2,3.05,3,3.85,3.4,2.75,3,4.1,5.05,1.6,3.1,3.6,0.95,0.8,0.85,0.85,0.55,1.4,1.4,0.75,0.95,1.05,1.1,0.85,0.75,1.25,0.55,0.95,0.85,3,1.55,1.1,1.4,1.15,1.5,1,0.8,1.4,1.35,1.3,2.35,1.9,2,1.25,1.8,3.15,0.7,1.45,1.55,1.55,3.65,1.75,4.85,3.6,3.2,3.4,2.85,4.3,3.9,3.05,2.95,6.55,6.35,3.95,5.25,4.55,3.9,4.4,4.9,2.15,3.8,7.05
1-212.txt_17,7.8,4.3,4.6,3.95,4.3,4.4,4.55,5.45,3.55,4.35,4.45,4.4,4.45,3.8,4.05,5.8,5.2,3,4.45,5,3.75,6,3.6,2.8,1.95,4.1,4,3.1,2.7,2.8,3.1,5,2.7,2.75,2.85,3.9,3.65,1.95,2.65,3.05,2.75,2.75,5.15,4.15,1.5,3,3.65,2.35,3.5,2,2.15,3.35,2.65,2.2,2.4,3.25,3.5,1.35,2.7,2.7,3.9,3.7,5.45,7.55,2.05,4.85,6.25,3.7,3.6,2.4,2.45,5.25,2.95,2.2,3.8,4.8,3.8,1.8,2.65,3,1.2,0.75,1.55,1.25,3.8,1.25,0.9,1.05,0.8,0.9,0.8,1.2,0.85,0.6,1.2,1.35,1.25,0.6,0.7,0.95,3.2,3.05,3.85,3.7,1.8,5.1,4,2.95,3.25,2.25,2.65,3.6,2.65,3,3.6,3.4,3.35,2.55,2.6,2.45,3.8,3.7,4.5,5.6,2.05,4.5,5.9,3.35,3.15,3.15,3.05,4.35,2.8,2.85,3.3,4.6,4.35,1.9,2.8,3.4,2.95,2.25,2.7,2.7,2,2.5,2.65,4.7,2.55,1.7,1.75,2.6,1.75,2.2,1.75,3.15,2.8,1.55,2.2,1.9,2.6,2.4,2.15,2.1,2.6,1.95,2.6,1.6,2.3,4.45,3.7,2.2,3.55,4.3,2.35,2.5,3.25,1.8,3.15,3.95,4.35,3.7,2.7,2.7,3.5,3.65,3.25,2.35,3.15,5.55,6.7,3.45,5.65,5.35,3.05,3.3,3.85,3.3,4.85,5.4,2.05,2.45,2.5,1.8,1.15,2.35,2.3,1.7,2.3,1.9,2,3.25,1.9,1.7,1.55,2.05,2.65,1.05,2.15,2.35,3.7,3.25,3.1,2.5,2.8,3,2.8,2.75,3.8,4.9,5,2.95,3.95,7.9,2.7,3.5,3.75,4.8,6.55,4.45,2.85,2.15,2.7,2.7,1.55,2,2.6,1.9,1.7,1.85,1.8,2.5,2,2.1,4.5,2.55,2.95,1.3,2.2,2.2,5.6,5.2,6.8,5.4,4.1,5.5,5.4,5.2,5.5,4.2,4.45,6.9,4.5,3.75,4.35,8.3,6.8,4.15,5.2,5.25,3.2,3.15,3.4,2.5,1.85,2.95,2.95,2.5,2.5,2.85,2.55,3.4,2.6,2.1,3.15,3.6,4.8,2.15,1.85,3.45,0.8,0.65,0.65,0.45,0.6,0.9,0.95,0.5,0.8,0.9,0.75,0.65,1.05,1.65,0.45,0.75,0.8,3.3,2.2,1.05,2.5,2.25,2.25,1.8,1.95,2.05,2,2.35,4,2.95,3.05,2.2,2.6,4.4,1.7,2.15,2.5,3.5,6.4,2.75,5.05,2.95,3.9,2.95,4.05,4.5,3.75,3.6,3.25,5.55,5.2,3.7,5.55,4.3,3.25,3.95,5.2,2.95,4.6,7.4,0,0,0,0,0,0,0,0,0,0,0,0,0,0,0,0,0,0,0,0,0,0,0,0,0,0,0,0,0,0,0,0,0,0,0,0,0,0,0,0
1-212.txt_19,9.35,4.75,5.2,5.2,4.7,5.5,5.35,6.45,4.5,5.15,5.55,5.2,5.2,4.75,5.8,6.75,6.25,3.8,4.35,6.15,2,3.4,2,1.8,1.1,2.4,2.2,1.6,1.95,1.9,1.55,2.6,2.05,2.05,2.2,1.95,2.1,1.15,2,1.95,3.9,4.15,7,5.7,2.4,4.9,5,4.5,4.15,2.05,2.65,4.55,2.55,2.45,4.05,5.25,4.8,2.1,2.95,2.55,2.5,2.35,4.05,5,1.55,2.75,3.25,2.15,2.15,1.6,1.7,3.15,1.6,1.25,2.2,2.85,2.85,0.95,1.6,1.45,1.4,1.1,1.3,0.85,4,1.3,0.85,1.6,1.1,1.1,1.15,1.25,1.5,0.9,1,1.35,1.2,0.85,1.1,1.6,0.8,0.85,1.35,0.8,0.75,1.55,1.05,0.95,1,0.55,0.45,0.8,0.65,1,0.85,0.9,0.8,0.5,0.6,0.85,4.1,4.2,4.55,5.1,2.25,5.15,6.35,3.4,3.4,3.6,3.5,4.85,3.95,3.35,4.15,4.35,5,2.45,3.4,3.55,4.35,2.85,3.5,3.2,2.6,3.2,2.95,5.95,2.85,2.1,2.3,3.2,2.45,2.75,2.35,3.55,2.9,2,2.75,2.55,1.25,1.55,2,1.6,1.2,1.55,1.8,1.8,2.85,1.1,1.05,1.95,1.15,1.1,1.2,1.65,1.85,1,1.5,1.25,2.25,1.5,1.55,1.3,2,2,1.45,1.2,1.95,3.95,3.1,1.9,3.1,2.8,1.3,1.8,2.3,1.5,2.7,3.75,5.65,4.9,4.3,3.6,4.5,5,4.4,3.25,3.85,7.95,9.35,5.3,7,7.95,3.75,5.2,5.45,4.15,6.05,7.65,2.8,3.95,2.35,2.2,1.95,2.85,3,2.05,2.45,1.8,1.95,5,2.1,1.95,1.9,2.75,3.35,1.75,2.85,2.1,2.9,2.45,2.75,1.75,2.45,2.85,2.55,2.3,2.45,2.6,3.35,2.3,4.35,2.6,2.65,3.05,2.8,2,2.7,2.85,0.95,0.8,0.95,1.05,0.75,0.7,0.7,0.8,0.95,1.25,1.4,0.7,1.35,2.6,0.55,1.05,0.95,1.2,1.8,1.05,1.3,1,1.2,1.15,0.75,1.3,1.35,1.55,1.2,0.9,1.2,1.4,1.2,1,2.05,1.5,1.05,1.1,0.85,1.05,8.6,7.05,8.15,7.35,5.15,7.55,8.05,7.5,7.6,5.4,6.45,7.75,6.35,5.7,7.85,11.2,9.15,5.2,6.7,6.25,5.6,5.05,5.15,4.85,4.2,5.4,4.95,3.85,3.45,5.45,5.25,5.3,4.8,3.95,4.7,6.15,8.05,3.15,3.85,5.85,0.85,1,1,0.85,0.85,1.35,1.25,0.65,1.05,1.1,1.05,1,0.95,2,0.7,1.15,1.25,3.8,2.45,1.2,2.6,2.05,2,1.6,1.85,1.85,1.75,1.45,3.05,3.15,2.9,1.75,2.85,4.95,1.3,2.25,2.35,3.75,6.25,3,5.2,3.8,4,3.45,4.3,4.25,3.8,4.1,3.45,6.35,5.55,4.55,5.45,5.2,3.35,4.4,5.55,3.7,5.1,8
1-212.txt_21,7.4667,2.8,1.8667,1.8667,3.7333,2.8,2.8,3.7333,1.8667,2.8,2.8,2.8,2.8,1.8667,2.8,4.6667,3.7333,0.9333,1.8667,3.7333,2.4,7.2,3.2,1.6,0.8,4,3.2,1.6,3.2,0.8,1.6,4.8,2.4,0.8,1.6,2.4,2.4,0.8,1.6,0.8,1.0667,2.1333,5.3333,2.6667,0.5333,2.1333,2.1333,2.1333,2.6667,0.5333,0.5333,2.1333,1.0667,0.5333,1.0667,2.6667,2.1333,0,1.0667,0.5333,1.2,1.2,3,6,0.6,2.4,3.6,1.8,1.8,0.6,0,1.8,0.6,0,1.8,2.4,1.8,0,0.6,0.6,2.1333,0.5333,0.5333,0.5333,6.9333,0.5333,0,0.5333,0.5333,1.6,1.6,0.5333,1.6,1.0667,0.5333,1.6,1.6,1.0667,1.0667,1.6,1.2,2,1.6,1.6,0.4,3.6,2.4,0.8,1.6,0.4,0.8,2,1.6,0.4,1.2,1.6,1.2,0.8,1.2,0.8,2.6,3.4667,3.4667,5.2,0,5.2,7.8,1.7333,3.4667,0.8667,0.8667,4.3333,1.7333,0.8667,2.6,3.4667,2.6,0.8667,1.7333,1.7333,2.6667,1.3333,2.6667,2,0.6667,1.3333,1.3333,6.6667,1.3333,0,0,1.3333,0.6667,0.6667,1.3333,2.6667,1.3333,0.6667,0.6667,0.6667,0.2667,0.5333,0.6667,0.4,0.1333,0.5333,0.5333,0.2667,1.6,0.1333,0.1333,0.4,0.2667,0.4,0.2667,0.4,0.2667,0.2667,0.8,0.1333,1.8,0.6,0.6,0.6,1.8,0.6,0.6,0,0.6,4.8,3.6,0.6,3,2.4,0.6,1.2,1.8,0.6,1.8,4.2,3,2,1,0,3,2,1,0,1,6,8,2,6,4,1,2,3,2,3,5,3.2,6.4,4.2667,3.2,1.0667,5.3333,5.3333,2.1333,3.2,1.0667,2.1333,9.6,3.2,1.0667,3.2,4.2667,3.2,1.0667,2.1333,2.1333,0.8,0.8,0.5333,0.2667,0.8,1.0667,0.5333,0.2667,0.5333,1.3333,1.6,0.8,2.4,1.0667,0.5333,0.8,0.8,0.8,0.8,1.3333,1.4667,0.7333,0.7333,0,1.4667,0.7333,0.7333,0.7333,2.2,2.9333,2.9333,0.7333,2.9333,7.3333,0,1.4667,1.4667,3.6667,5.1333,2.2,2.4,1.6,1.6,2.4,0.8,2.4,2.4,1.6,1.6,0.8,0.8,2.4,1.6,0,8.8,2.4,2.4,0,0.8,1.6,5.6667,3.4,5.6667,4.5333,3.4,4.5333,4.5333,4.5333,3.4,2.2667,2.2667,4.5333,3.4,2.2667,3.4,9.0667,5.6667,1.1333,2.2667,2.2667,3.2,2.4,3.2,2.4,2.4,2.4,2.4,1.6,1.6,2.4,2.4,2.4,2.4,1.6,2.4,4,7.2,1.6,1.6,3.2,0.2,0.2,0,0,0.4,0.4,0.2,0.2,0.4,0.2,0.4,0.2,0.6,1,0,0.2,0.4,3,1.2,0.2,1.2,1.2,1.2,0.6,1.2,1.8,1.2,0.6,3.6,1.8,1.8,1.2,1.8,4.2,0.6,1.2,1.2,3.6,6.6,1.8,4.2667,1.0667,1.0667,1.0667,3.2,2.1333,2.1333,1.0667,1.0667,7.4667,5.3333,2.1333,5.3333,3.2,2.1333,2.1333,4.2667,1.0667,3.2,8.5333
1-212.txt_23,8,3,2,2,4,3,3,4,2,3,3,3,3,2,3,5,4,1,2,4,1,3,1.3333,0.6667,0.3333,1.6667,1.3333,0.6667,1.3333,0.3333,0.6667,2,1,0.3333,0.6667,1,1,0.3333,0.6667,0.3333,1.6,3.2,8,4,0.8,3.2,3.2,3.2,4,0.8,0.8,3.2,1.6,0.8,1.6,4,3.2,0,1.6,0.8,0.9333,0.9333,2.3333,4.6667,0.4667,1.8667,2.8,1.4,1.4,0.4667,0,1.4,0.4667,0.4667,1.4,1.8667,1.4,0,0.4667,0.4667,1.6,0.4,0.4,0.4,5.2,0.4,0,0.8,0.4,1.2,1.2,0.4,1.2,0.8,0.4,1.2,1.2,0.8,0.8,1.2,1,1.6667,1.3333,1.3333,0.3333,3,2,0.6667,1.3333,0.3333,0.6667,1.6667,1.3333,0.3333,1,1.3333,1,0.6667,1,0.6667,2,2.6667,2.6667,4,0,4,6,1.3333,2.6667,0.6667,0.6667,3.3333,1.3333,0.6667,2,2.6667,2,0.6667,1.3333,1.3333,2.4,1.2,2.4,1.8,1.2,1.2,1.2,6,1.2,0,0,1.2,0.6,0.6,1.2,2.4,1.2,1.2,0.6,0.6,0.4,0.8,1,0.6,0.2,0.8,0.8,0.4,2.4,0.2,0.2,0.6,0.4,0.6,0.4,0.6,0.4,0.4,1.2,0.2,1.6,0.5333,0.5333,0.5333,1.6,0.5333,0.5333,0,0.5333,4.2667,3.2,0.5333,2.6667,2.1333,0.5333,1.0667,1.6,0.5333,1.6,3.7333,3.2,2.1333,1.0667,0,3.2,2.1333,1.0667,0,1.0667,6.4,8.5333,2.1333,6.4,4.2667,1.0667,2.1333,3.2,2.1333,3.2,5.3333,4,8,5.3333,4,1.3333,6.6667,6.6667,2.6667,4,1.3333,2.6667,12,4,1.3333,4,5.3333,4,1.3333,2.6667,2.6667,1.2,1.2,0.8,0.4,1.2,1.6,0.8,0.4,0.8,2,2.4,1.2,3.6,1.6,0.8,1.2,1.2,1.2,1.2,2,0.5333,0.2667,0.2667,0.2667,0.5333,0.2667,0.2667,0.2667,0.8,1.0667,1.0667,0.2667,1.0667,2.6667,0,0.5333,0.5333,1.3333,1.8667,0.8,0.8,0.5333,0.5333,0.8,0.2667,0.8,0.8,0.5333,0.5333,0.2667,0.2667,0.8,0.5333,0,2.9333,0.8,0.8,0,0.2667,0.5333,3.3333,2,3.3333,2.6667,2,2.6667,2.6667,2.6667,2,1.3333,1.3333,2.6667,2,1.3333,2,5.3333,3.3333,0.6667,1.3333,1.3333,3.7333,2.8,3.7333,2.8,2.8,2.8,2.8,1.8667,1.8667,2.8,2.8,2.8,2.8,1.8667,2.8,4.6667,8.4,1.8667,1.8667,3.7333,0.1333,0.1333,0,0,0.2667,0.2667,0.1333,0.2667,0.2667,0.1333,0.2667,0.1333,0.4,0.6667,0,0.1333,0.2667,2,0.8,0.1333,1.4667,1.4667,1.4667,0.7333,1.4667,2.2,1.4667,0.7333,4.4,2.2,2.2,1.4667,2.2,5.1333,0.7333,1.4667,1.4667,4.4,8.0667,2.2,3.2,0.8,0.8,0.8,2.4,1.6,1.6,0.8,0.8,5.6,4,1.6,4,2.4,1.6,1.6,3.2,0.8,2.4,6.4
1-212.txt_25,7.9444,4.3333,3.8333,3.7778,3.8889,4,4.1111,4.4444,3.7778,4.9444,4.6667,4.8889,4.5556,4.0556,3.9444,5.5,5.1667,2.5,4.3333,5.3333,0.8889,2.1111,1.0556,0.8889,0.4444,1.3889,1.0556,0.9444,1.0556,0.8333,0.7778,2,0.7222,0.4444,0.6667,1.4444,1.1111,0.7778,0.5556,0.7778,1.8889,3,4.2778,2.6111,1,2.5,2.6667,1.9444,2.5556,1.7778,1.4444,2.6111,1.7222,1.2778,1.5556,2.6111,2.3333,1,2.3889,2,3.0556,3.1111,4.8333,7,2.1667,3.8333,5.0556,3,3.2778,1.8889,1.7778,3.6111,2.2222,1.4444,3.7778,4.2222,3.9444,1.0556,2.0556,2.5556,1.2778,2.1667,3.2778,3,0.5556,3.0556,2.5,1.6667,1.7778,0.7778,0.8889,2.7222,1.2778,0.7778,1.5,2.3889,1.7778,0.4444,1.0556,1.2778,2.5556,2.8333,3.6111,3,0.9444,3.3333,4.5,1.9444,2,1.6111,1.4444,3.7222,2.4444,1.6667,2.1667,2.8333,2.9444,0.8333,1.7222,1.5556,3.6667,2.5,4.4444,3.6667,3.5,3.0556,2.8889,6.6111,2.1111,1.6111,1.8889,3.1111,2.1111,2.1111,2.7778,3.3889,2.6111,1.4444,2,2.3333,0.3889,0.6667,0.9444,0.7778,0.2778,0.5556,0.4444,0.2778,1,0.3889,0.5556,0.6111,0.5556,0.5556,0.6111,0.6111,0.8333,0.2778,0.6667,0.7222,2.8889,1.7778,1.6667,1.7222,2.1111,2.1667,2.2222,1.1667,1.5,4.8889,3.2222,2.6111,3.2778,3.4444,1.5556,2.3889,3.3889,1.6111,2.8333,4.1111,5.4444,3.1111,2.5556,2.6667,3.9444,3.5,3.3333,2.9444,2.7778,5.6111,7.6667,3.5556,5.9444,4.7778,2.6111,4.0556,4.7222,2.7778,3.9444,6.1111,2.8889,3.9444,3.2222,2.5556,1.2222,3.5,3.6667,1.7778,2.2778,1.8889,1.7778,4.7778,2.6667,1.3889,1.9444,2.9444,3.5556,1.5556,2,2.2778,1.1667,0.9444,0.7222,0.6667,1.1667,0.9444,0.7222,0.8333,1.2778,1.6667,1.7778,1.3889,2.5,2.3889,0.8333,1.1111,1.3889,1.1111,2.2222,1.2778,2.1667,2.0556,2.3333,1.6667,1.4444,2.0556,1.7222,1.7778,2.2778,3,3.4444,2.0556,2.8889,5.7222,1.3889,2.2778,2.3889,2.4444,3.8333,3.3333,2.2778,2.4444,2.6667,2.8889,0.9444,2.5556,2.5,2.2222,1.6111,1.5,1.6111,2.6111,1.7778,1.6111,5.1667,2.6667,2.6111,1.5556,1.5556,2.0556,3.9444,3.8333,4.9444,4.6667,2.2222,4.4444,4.4444,3.6667,4.1667,2.8333,2.4444,3.7222,3.5556,2.3889,3.3333,6.1111,5,1.4444,2.6111,3,2.3889,2.2222,2.4444,1.8333,2.1667,2.6667,2.2222,1.8333,2.0556,2.4444,2.3333,2.8333,2.3889,2.2222,2.0556,3.1111,4.2222,1.8889,2.5556,2.7778,0.9444,1.3333,1.1111,0.8333,1.1111,1.5,1.5,1,1.2222,1.6111,1.9444,1.2778,1.3333,2.3333,1,1.0556,0.9444,4.2222,2.1667,1.5,2.2778,2.5,2.3889,2.3889,1.5556,2.1111,2.3333,2.0556,4.1667,3.1667,3.4444,2.5556,2.8889,5.1667,2.2778,2.2778,2.2222,4.1111,7.8889,3.2778,3.5,2.1667,3.0556,2.6111,2.2778,3.0556,2.7222,2.3889,2.3889,4.5556,3.7222,2.4444,3.5,2.9444,2.1667,2.8889,3.5556,2.6111,2.8889,6.0556,0,0,0,0,0,0,0,0,0,0,0,0,0,0,0,0,0,0,0,0
1-212.txt_27,10.1333,3.8,2.5333,2.5333,5.0667,3.8,3.8,5.0667,2.5333,3.8,3.8,3.8,3.8,2.5333,3.8,6.3333,5.0667,1.2667,2.5333,5.0667,3.2,9.6,4.2667,2.1333,1.0667,5.3333,4.2667,2.1333,4.2667,1.0667,2.1333,6.4,3.2,1.0667,2.1333,3.2,3.2,1.0667,2.1333,1.0667,3.0667,6.1333,15.3333,7.6667,1.5333,6.1333,6.1333,6.1333,7.6667,1.5333,1.5333,6.1333,3.0667,1.5333,3.0667,7.6667,6.1333,0,3.0667,1.5333,2.9333,2.9333,7.3333,14.6667,1.4667,5.8667,8.8,4.4,4.4,1.4667,0,4.4,1.4667,0,4.4,5.8667,4.4,0,1.4667,1.4667,2.4,0.6,0.6,0.6,7.8,0.6,0,0.6,0.6,1.8,1.8,0.6,1.8,1.2,0.6,1.8,1.8,1.2,1.2,1.8,2.4,4,3.2,3.2,0.8,7.2,4.8,1.6,3.2,0.8,1.6,4,3.2,0.8,2.4,3.2,2.4,1.6,2.4,1.6,5.2,6.9333,6.9333,10.4,0,10.4,15.6,3.4667,6.9333,1.7333,1.7333,8.6667,3.4667,1.7333,5.2,6.9333,5.2,1.7333,3.4667,3.4667,3.4667,1.7333,3.4667,2.6,0.8667,1.7333,1.7333,8.6667,1.7333,0,0,1.7333,0.8667,0.8667,1.7333,3.4667,1.7333,0.8667,0.8667,0.8667,0.4,0.8,1,0.6,0.2,0.8,0.8,0.4,2.4,0.2,0.2,0.6,0.4,0.6,0.4,0.6,0.4,0.4,1.2,0.2,3.6,1.2,1.2,1.2,3.6,1.2,1.2,0,1.2,9.6,7.2,1.2,6,4.8,1.2,2.4,3.6,1.2,3.6,8.4,5.4,3.6,1.8,0,5.4,3.6,1.8,0,1.8,10.8,14.4,3.6,10.8,7.2,1.8,3.6,5.4,3.6,5.4,9,3.4,6.8,4.5333,3.4,1.1333,5.6667,5.6667,2.2667,3.4,1.1333,2.2667,10.2,3.4,1.1333,3.4,4.5333,3.4,1.1333,2.2667,2.2667,1.2,1.2,0.8,0.4,1.2,1.6,0.8,0.4,0.8,2,2.4,1.2,3.6,1.6,0.8,1.2,1.2,1.2,1.2,2,1.4667,0.7333,0.7333,0,1.4667,0.7333,0.7333,0.7333,2.2,2.9333,2.9333,0.7333,2.9333,7.3333,0,1.4667,1.4667,3.6667,5.1333,2.2,3.6,2.4,2.4,3.6,1.2,3.6,3.6,2.4,2.4,1.2,1.2,3.6,2.4,0,13.2,3.6,3.6,0,1.2,2.4,5.3333,3.2,5.3333,4.2667,3.2,4.2667,4.2667,4.2667,3.2,2.1333,2.1333,4.2667,3.2,2.1333,3.2,8.5333,5.3333,1.0667,2.1333,2.1333,7.7333,5.8,7.7333,5.8,5.8,5.8,5.8,3.8667,3.8667,5.8,5.8,5.8,5.8,3.8667,5.8,9.6667,17.4,3.8667,3.8667,7.7333,0.4667,0.4667,0,0,0.9333,0.9333,0.4667,0.4667,0.9333,0.4667,0.9333,0.4667,1.4,2.3333,0,0.4667,0.9333,7,2.8,0.4667,3.4667,3.4667,3.4667,1.7333,3.4667,5.2,3.4667,1.7333,10.4,5.2,5.2,3.4667,5.2,12.1333,1.7333,3.4667,3.4667,10.4,19.0667,5.2,5.0667,1.2667,1.2667,1.2667,3.8,2.5333,2.5333,1.2667,1.2667,8.8667,6.3333,2.5333,6.3333,3.8,2.5333,2.5333,5.0667,1.2667,3.8,10.1333
1-212.txt_29,13,6.4444,5.7222,6,7.7222,7.0556,7.1111,7.7778,5.9444,6.6111,6.6667,6.9444,6.5556,5.6667,6.7778,9.1111,7.9444,4.1111,5.6667,7.7222,5,9.8333,6.1667,4.2778,2.7778,6.1111,6,3.8333,5.5556,2.8889,3.5,8,4.1667,2.7222,4.3333,5.5556,5.8333,2.7222,4,3.8333,2.4444,3.7778,7.2778,4.1111,1.7222,3.7222,3.5,3.1667,3.9444,1.6667,1.6111,3.5,2.1667,1.6111,2.2222,4.2222,3.9444,1.1667,2.5,2,5.2778,5.1111,8.3889,12.1667,3.2222,6.2222,8.2778,5.2778,5.8333,3.5,3.4444,6.6667,4.1111,3.3333,4.6667,6.8889,6.1667,3.1111,4.4444,3.8889,3.8889,2.1111,3,2.2222,8.9444,2.3333,1.8333,2.8333,2.6111,3.1111,3.3889,2.3889,3.2778,3.1667,2.6111,3.3889,3.2778,2.5,2.8889,3.1667,3.6111,4.7778,4.2778,4.1667,2.3333,7.8333,5.3889,3.6111,4.3889,2.8333,3.0556,4.7222,3.9444,3.1111,3.5556,4.3889,3.9444,4.0556,3.9444,3.3333,5.5,4.9444,5.8889,7,3.1111,6.6667,9.6111,4.6667,4.9444,3.1111,3.1111,5.9444,4.4444,3.7222,5.4444,5.9444,5.4444,3.6111,3.8889,3.9444,6.3889,4.8889,6.8333,5.1111,3.7778,4.9444,4.7778,10.8889,4.6667,3.1667,3.6667,4.6667,4.3889,3.8889,4.5556,6.6667,5.0556,3.6111,4.4444,4,1,1.3889,1.5,1.2778,0.7778,1.2222,1.3889,1.1667,2.6667,0.9444,0.7778,1.2778,0.9444,1,0.9444,1.1667,1,0.8889,1.4444,0.9444,4.3889,3.1667,2.7222,2.7778,3.8333,3,2.8889,2.1667,2.8333,8.1111,6.3333,3.3889,6.2222,5.3333,2.7778,3.9444,4.6111,3.3333,5.1667,7.3333,6.9444,5.4444,4.2222,3.1111,6.5556,5.4444,4.3889,3.3333,4.3333,10.7778,13.2778,5.7222,10.8333,9,4.3889,5.6667,7,5.8333,7.3333,9.7222,5,6.6667,6.3889,5.3889,2.7222,6.1111,6.6111,4,4.3333,3.5,3.5,9.1111,4.2778,3.0556,5.5556,5.7778,5.3889,2.6111,3.7222,4.3889,3.4444,2.8333,2.6111,2.2778,3.7222,3.2778,3.2222,2.1111,2.3889,4.3333,4.7222,3.3889,7.2778,3.6111,2.8889,3,3.2778,2.5556,2.9444,4.6111,3.9444,3.5556,4,3.1667,3.4444,3.9444,3.3889,2.8333,4.8889,5.6667,5.8889,3.7222,5.7778,10.7778,2.5,4.1667,4.3889,6.1111,8.8889,5.3333,7.2778,6.2222,5.8333,6.9444,4.1667,7.2778,6.7222,5.9444,5.1111,5,5.2778,7.1667,5.6667,3.7222,16.3889,6.7222,6.7778,3.9444,4.4444,6.1111,11.3333,8.1111,11.1111,9.4444,8.5556,9.5,9.8333,9.9444,8.2778,6.7222,6.5,9.9444,7.8889,6.5,7.6667,15.7222,11.2222,5.1667,7.1667,6.6111,5.3333,4.5,6.5,4.8333,4.2778,4.7778,4.4444,4.1667,4.3333,5.5,5.0556,4.6111,4.9444,4.2778,4.4444,6.6667,10,3.6111,3.9444,6.3889,2.5,2.3333,2.2778,1.5556,2.1667,2.5,2.6667,1.4444,4.0556,3.3333,3.6111,2.2778,3.6111,5.6111,1.5,2.2778,2.8333,3.8333,7.7778,3.3333,6.6667,3.8333,4.3333,3.3889,5.2778,5,4.6111,3.5,3.8333,9.3889,7.5,4.8333,7.2778,5.5556,4.0556,5,6.7778,3.2222,5.2778,10.8333,0,0,0,0,0,0,0,0,0,0,0,0,0,0,0,0,0,0,0,0
1-212.txt_31,3.1765,1.0588,1.0588,1.0588,1.7647,1.4118,1.4118,1.7647,1.0588,1.4118,1.0588,1.4118,1.4118,1.0588,1.4118,2.1176,1.7647,0.7059,1.0588,1.7647,1.0588,3.8824,1.7647,1.0588,0.3529,2.1176,1.7647,0.7059,1.7647,0.7059,1.0588,2.4706,1.0588,0.7059,1.0588,1.4118,1.4118,0.7059,1.0588,0.7059,1.0588,1.7647,3.8824,2.1176,0.7059,1.7647,1.7647,1.7647,2.1176,0.3529,0.3529,1.7647,1.0588,0.7059,1.0588,2.1176,1.7647,0.3529,1.0588,0.7059,1.4118,1.4118,2.8235,5.1765,0.4706,2.3529,3.2941,1.8824,1.8824,0.9412,0.4706,1.8824,0.9412,0.4706,1.4118,2.3529,1.8824,0,0.9412,0.9412,1.7647,0.3529,0.7059,0.3529,5.2941,0.7059,0.3529,0.7059,0.7059,1.4118,1.4118,0.7059,1.0588,0.7059,0.7059,1.4118,1.4118,0.7059,0.7059,1.4118,0.7059,1.0588,0.8824,0.8824,0.3529,1.9412,1.2353,0.5294,0.8824,0.3529,0.5294,1.0588,0.8824,0.1765,0.7059,0.8824,0.7059,0.5294,0.5294,0.5294,1.1765,1.4706,1.4706,2.0588,0.2941,2.0588,2.9412,0.8824,1.4706,0.2941,0.5882,1.7647,0.8824,0.2941,1.1765,1.4706,1.1765,0.5882,0.8824,0.5882,1.4706,0.5882,1.4706,1.1765,0.5882,0.8824,0.8824,3.2353,0.8824,0.2941,0.2941,0.8824,0.5882,0.5882,0.8824,1.4706,0.8824,0.5882,0.5882,0.5882,0.5294,0.8824,1.0588,0.7059,0.3529,0.8824,0.8824,0.5294,2.2941,0.1765,0.3529,0.7059,0.5294,0.7059,0.5294,0.7059,0.5294,0.3529,1.2353,0.3529,1.6471,0.8235,0.4118,0.8235,1.6471,0.8235,0.4118,0.4118,0.4118,3.7059,2.8824,0.8235,2.4706,2.0588,0.8235,0.8235,1.6471,0.8235,1.6471,3.2941,0.7059,0.7059,0.2353,0.2353,0.9412,0.7059,0.4706,0.2353,0.4706,1.6471,2.1176,0.4706,1.6471,1.1765,0.4706,0.4706,0.9412,0.7059,0.9412,1.4118,0.9412,1.6471,1.1765,0.9412,0.4706,1.4118,1.4118,0.7059,0.9412,0.4706,0.4706,2.3529,0.7059,0.4706,0.9412,1.1765,0.9412,0.4706,0.7059,0.4706,1.2353,0.8235,0.8235,0.4118,0.8235,0.4118,0.4118,0.8235,1.6471,2.0588,2.0588,0.8235,2.0588,4.9412,0.4118,0.8235,1.2353,2.4706,3.2941,1.6471,1.1765,0.8824,0.8824,0.8824,0.5882,1.1765,1.1765,0.8824,0.8824,0.5882,0.5882,1.1765,0.5882,0.2941,3.8235,1.1765,1.1765,0.2941,0.5882,0.5882,0.7059,0.4706,0.7059,0.5882,0.4706,0.5882,0.5882,0.5882,0.4706,0.2353,0.2353,0.5882,0.3529,0.2353,0.4706,1.0588,0.8235,0.2353,0.3529,0.3529,2.9412,2.3529,2.9412,2.3529,2.3529,2.3529,2.3529,1.7647,1.7647,2.3529,2.3529,2.3529,2.3529,1.7647,2.3529,4.1176,5.8824,1.1765,1.7647,2.9412,1.2353,1.2353,1.2353,0.8235,0.8235,1.2353,1.2353,0.8235,2.8824,1.6471,1.6471,1.2353,1.6471,3.2941,0.8235,1.2353,1.2353,2.8824,4.9412,1.6471,1.4706,0.5882,0.5882,0.5882,1.1765,0.8824,0.5882,0.5882,0.5882,2.3529,1.7647,0.5882,1.7647,1.1765,0.5882,0.8824,1.4706,0.5882,1.1765,2.6471,0,0,0,0,0,0,0,0,0,0,0,0,0,0,0,0,0,0,0,0,0,0,0,0,0,0,0,0,0,0,0,0,0,0,0,0,0,0,0,0
1-212.txt_33,4.1,1.7,1.6,1.35,1.95,1.75,1.85,2.25,1.65,2.65,2.45,2,2.25,2.1,1.9,2.3,2.9,1.05,1.45,3.2,3.75,5.7,4.65,4.2,1.95,4.3,4.8,4.15,4.2,2.25,2.8,4.85,3.25,2.05,3.05,4.2,3.65,1.55,2.85,2.4,2.45,3.35,4.7,3.65,1.1,3.5,4.15,3.5,3.55,1.5,1.35,3.35,2.15,1.55,2.1,3.65,3.35,1.1,2.6,1.7,2.9,2.95,3.8,5.1,1.25,3.45,4.35,2.5,3,2,2.05,3.95,2.35,1.65,2.75,3.4,2.9,1.35,2.3,2.1,1.15,0.35,0.5,0.35,3,0.75,0.4,0.45,0.65,1.15,1.15,0.45,1.2,0.9,0.45,0.9,1.2,0.5,0.8,1.2,1.15,1.4,1.45,1.7,0.5,1.85,1.45,0.7,1.55,1.15,0.95,1.6,1,0.7,1.1,1.3,1.2,0.45,0.7,1.2,6,6.75,6.75,7.7,2.7,7.9,10.5,4.75,6.15,4.95,4.9,7.85,5,3.8,4.75,6.3,6.25,3.8,5.35,5.65,1.3,1,1,1.15,0.5,0.9,0.8,2.6,0.65,0.35,0.35,0.9,0.55,0.4,0.75,1.3,0.7,0.45,0.6,0.65,0.9,1.4,1.5,1.1,0.75,1.65,1.5,1.1,2.2,1,0.7,1.7,0.7,0.9,0.95,1.25,1.15,1.25,1.4,1,4.25,2.9,2.8,2.25,3.15,2.8,2.65,2.95,2.85,7.2,5.65,3.6,5.5,5.85,2.2,3.4,5.3,2.7,3.75,6.25,3.65,2.2,1.85,1.6,2.65,2.85,2.25,2.25,2.2,4.05,6.4,2.55,4.9,4.2,2.2,2.7,3.05,2.05,3.35,3.9,2.65,4.2,3.7,3.65,1.95,3.95,4.7,2.4,2.85,2.55,2.4,5.25,3.05,1.7,3,3.8,3.95,2,2.05,2.6,0.35,0.3,0.25,0.15,0.35,0.4,0.25,0.15,0.3,0.75,1,0.3,1.4,0.65,0.25,0.35,0.6,0.35,0.4,0.7,3.05,2.45,2.25,1.95,2.5,2.2,2.1,2,2.6,4.5,4.45,2.25,3.5,6.3,2.1,2.75,2.85,2.55,3.6,3.95,2.2,2.55,2.05,2.45,1.25,2.4,2.2,1.35,1.55,2.1,2.35,2.8,2.25,1.6,4.4,2.35,1.95,0.85,1.25,1.8,2.85,1.8,2.15,2.35,3.1,2.15,2.15,2.35,2.25,2,2.45,2.2,2.55,2.85,2.5,3.9,2.85,1.75,2.5,2.7,4.2,4.2,3.65,3.4,2.3,3.8,3.6,2.7,3.5,4.8,4.65,4.15,4.7,3.65,3.05,4.65,6.8,2.65,4.15,5.15,1.15,1.1,1.1,0.85,0.9,1.05,1.25,0.75,2.05,1.1,1,1.2,1.1,1.9,0.85,1.15,1.1,1.85,2.65,1.35,3.15,2.25,2.4,2.05,2.05,2.25,2.5,2.25,2.8,3.7,3.45,2.35,3.25,2.9,2.4,3.35,3.35,1.95,2.7,4.3,0,0,0,0,0,0,0,0,0,0,0,0,0,0,0,0,0,0,0,0
1-212.txt_35,7.9412,2.6471,2.6471,2.6471,4.4118,3.5294,3.5294,4.4118,2.6471,3.5294,2.6471,3.5294,3.5294,2.6471,3.5294,5.2941,4.4118,1.7647,2.6471,4.4118,1.7647,6.4706,2.9412,1.7647,0.5882,3.5294,2.9412,1.1765,2.9412,1.1765,1.7647,4.1176,1.7647,1.1765,1.7647,2.3529,2.3529,1.1765,1.7647,1.1765,3,5,11,6,2,5,5,5,6,1,1,5,3,2,3,6,5,1,3,2,1.7647,1.7647,3.5294,6.4706,0.5882,2.9412,4.1176,2.3529,2.3529,1.1765,0.5882,2.3529,1.1765,0.5882,1.7647,2.9412,2.3529,0,1.1765,1.1765,2.9412,0.5882,1.1765,0.5882,8.8235,1.1765,0.5882,1.1765,1.1765,2.3529,2.3529,1.1765,1.7647,1.1765,1.1765,2.3529,2.3529,1.1765,1.1765,2.3529,0.9412,1.4118,1.1765,1.1765,0.4706,2.5882,1.6471,0.7059,1.1765,0.4706,0.7059,1.4118,1.1765,0.2353,0.9412,1.1765,0.9412,0.7059,0.7059,0.7059,2.5882,3.2353,3.2353,4.5294,0.6471,4.5294,6.4706,1.9412,3.2353,0.6471,1.2941,3.8824,1.9412,0.6471,2.5882,3.2353,2.5882,1.2941,1.9412,1.2941,1.7647,0.7059,1.7647,1.4118,0.7059,1.0588,1.0588,3.8824,1.0588,0.3529,0.3529,1.0588,0.7059,0.7059,1.0588,1.7647,1.0588,0.7059,0.7059,0.7059,0.5294,0.8824,1.0588,0.7059,0.3529,0.8824,0.8824,0.5294,2.2941,0.1765,0.3529,0.7059,0.5294,0.7059,0.5294,0.7059,0.5294,0.3529,1.2353,0.3529,1.8824,0.9412,0.4706,0.9412,1.8824,0.9412,0.4706,0.4706,0.4706,4.2353,3.2941,0.9412,2.8235,2.3529,0.9412,0.9412,1.8824,0.9412,1.8824,3.7647,2.4706,2.4706,0.8235,0.8235,3.2941,2.4706,1.6471,0.8235,1.6471,5.7647,7.4118,1.6471,5.7647,4.1176,1.6471,1.6471,3.2941,2.4706,3.2941,4.9412,3.7647,6.5882,4.7059,3.7647,1.8824,5.6471,5.6471,2.8235,3.7647,1.8824,1.8824,9.4118,2.8235,1.8824,3.7647,4.7059,3.7647,1.8824,2.8235,1.8824,1.4118,1.0588,1.0588,0.7059,1.0588,1.7647,1.0588,0.7059,1.0588,2.1176,2.4706,1.0588,3.8824,1.7647,0.7059,1.0588,1.4118,1.0588,1.4118,2.1176,1.9412,1.2941,1.2941,0.6471,1.2941,0.6471,0.6471,1.2941,2.5882,3.2353,3.2353,1.2941,3.2353,7.7647,0.6471,1.2941,1.9412,3.8824,5.1765,2.5882,0.4706,0.3529,0.3529,0.3529,0.2353,0.4706,0.4706,0.3529,0.3529,0.2353,0.2353,0.4706,0.2353,0.1176,1.5294,0.4706,0.4706,0.1176,0.2353,0.2353,5.6471,3.7647,5.6471,4.7059,3.7647,4.7059,4.7059,4.7059,3.7647,1.8824,1.8824,4.7059,2.8235,1.8824,3.7647,8.4706,6.5882,1.8824,2.8235,2.8235,4.7059,3.7647,4.7059,3.7647,3.7647,3.7647,3.7647,2.8235,2.8235,3.7647,3.7647,3.7647,3.7647,2.8235,3.7647,6.5882,9.4118,1.8824,2.8235,4.7059,0.4706,0.4706,0.2353,0,0.4706,0.7059,0.4706,0.4706,0.4706,0.4706,0.7059,0.4706,0.7059,1.4118,0.2353,0.4706,0.4706,4,1.6471,0.4706,1.0588,1.0588,1.0588,0.7059,0.7059,1.0588,1.0588,0.7059,2.4706,1.4118,1.4118,1.0588,1.4118,2.8235,0.7059,1.0588,1.0588,2.4706,4.2353,1.4118,2.3529,0.9412,0.9412,0.9412,1.8824,1.4118,0.9412,0.9412,0.9412,3.7647,2.8235,0.9412,2.8235,1.8824,0.9412,1.4118,2.3529,0.9412,1.8824,4.2353
1-212.txt_37,8.3333,4,4.8889,4.6667,3.9444,5.1111,5.5,6.5556,4.2222,3.8333,4,4.8333,4.1111,3.7222,4.0556,6.2778,5.5556,2.8333,4.8333,4.8333,1.6111,3.1667,1.8333,1.2222,0.7222,2.1111,1.6111,0.9444,1.8333,1.1667,1.4444,2.8889,1.3889,1.4444,1.4444,1.7222,1.5556,1,2.0556,1.0556,2.5,2.8889,5.5,3.5,1.4444,2.8333,3.1667,2.6111,3.1667,1.6667,1.7222,3.2222,2.5,1.6667,2.5,3.5556,3.2778,1.5556,1.8889,2.2222,1.5556,1.3889,3.2778,3.2778,0.7778,1.7222,2,1.7222,1.6667,0.6667,0.5556,1.7222,0.8889,0.6667,1.6111,2.3333,1.6667,0.5,0.8333,0.8333,1.3333,0.7222,1.4444,0.7222,4.2222,1.0556,0.6667,0.8333,0.7222,1.1111,1.0556,1.0556,1.0556,0.7778,0.8889,1.2778,1.1667,0.7222,0.8333,1.4444,3.7222,3.6667,3.6111,3.5556,2.2222,6.3889,4.3333,3.6667,3.5,3.2778,2.7222,4.0556,3.3333,3.0556,2.8889,4.3889,4,2,3.2778,3.6667,3.7778,3.0556,3.7222,3.3889,1.4444,4.3333,6.3333,2.0556,3.5556,1.6111,1.9444,3.8889,2.2222,1.3889,2.2222,3.2222,3,1.9444,2.0556,2.1111,2.7778,1.4444,2.3333,1.7778,2.6111,2.2222,1.7222,5.6667,1.8333,1.2222,1.6111,1.8889,1.7778,1.2778,1.5,2.2778,2,1.1667,1.3889,1.5556,0.8889,1,1.7222,1.7778,0.5556,1.2222,1.5,0.8333,2.3889,0.5556,0.5556,1.0556,0.7778,0.6667,0.7778,1.3333,1.2222,0.5,1.1111,0.6667,5.5556,3.4444,2.8333,2.6667,3.9444,3.3889,3.3333,2.5556,2.8333,7.7222,6.1111,3.3333,5.7222,4.3333,3.0556,3.9444,4.7778,2.8889,4.7778,6.8889,5.7222,4.7222,4.0556,3.7222,4.2778,4.1667,4.0556,3.3333,3.6667,6.1667,8.8333,4.8333,7.2222,6.8889,4.5,4.6111,6.1111,3.7778,5.1667,6.4444,2.6111,3.7222,3.7222,3.4444,1.3889,3.5,3.2222,2.2778,3,1.9444,1.6667,5.1667,2.0556,1.5556,2.3333,3.3333,3,1.2222,2.0556,2.5556,0.5,0.4444,0.3889,0.3333,0.5,0.5556,0.3889,0.3333,0.4444,0.7222,0.9444,0.4444,1.1667,0.6667,0.3889,0.4444,0.5,0.5556,0.8333,0.8333,2.6667,2.0556,2.8333,1.7778,2,2.1667,2.2778,2.1667,3.3889,3.8333,3.9444,2.1667,3.8333,8.3889,1.6667,2.5,2.8889,4.3889,6,3.8333,3.9444,2.3333,2.2222,3.1111,1.8333,2.7778,2.8889,2.6667,1.8333,2.1667,2.5,3.3333,2.5,1.8333,7,3.3333,3,2.1111,1.8333,2.6667,5.1667,4.2222,4.7222,4.0556,3,4.8333,4.8889,4.2222,3.8889,3.2222,3.2222,4.7778,3.6111,2.8889,3.7222,7.3333,5.6667,2.2222,3.3889,3.5556,4.2778,4.2778,5.1111,4,2.8889,4.7222,4.0556,3.8333,4.3333,3.9444,3.6667,5.2222,3.6111,3.3889,3.1111,5.6111,7.5556,3.1667,3.3333,4.1111,0.2222,0.2222,0.1111,0,0.2222,0.3333,0.2222,0.2222,0.2222,0.2222,0.3333,0.2222,0.3333,0.6667,0.1111,0.2222,0.2222,2,0.7778,0.2222,1.8889,1.6111,1.3889,1,1.3333,1.6111,1.5556,1.0556,3.0556,2.9444,2.8889,1.9444,2.9444,4,1.1111,1.6667,1.8889,3.3333,6.0556,2.3889,4.5,2.8333,2.1667,1.9444,3,3.1667,2.6667,2.4444,2.4444,5.5556,4.7222,2.8333,5.2778,4.5,3.0556,3.8333,4.1111,2.3333,3.5,7.2778
1-212.txt_39,4.1176,1.3529,1.5882,1.4706,1.4706,1.5294,1.8824,2.4118,1.4706,1.4118,1.5294,1.4706,1.5294,0.9412,1.3529,2.7647,2,0.5294,1.0588,2,1.1176,2.5294,1.4118,0.8824,0.3529,1.5294,1.4706,0.8824,1,0.7647,0.9412,2.0588,0.8824,0.4118,0.9412,1.3529,1.1176,0.2941,0.5882,0.6471,2.2353,2.4118,5.4706,2.8824,1.7647,3,2.7647,3.8824,2.5294,1.1765,1.2353,3.1765,1.7059,1.3529,3.2941,3.3529,2.4706,0.8235,1.3529,1.5882,1.2353,1.1176,2.1765,3.1765,0.5882,1.2941,1.7647,1.1176,1.2941,0.8824,0.7647,1.5294,0.8824,0.5882,1.2941,1.5294,1.6471,0.2941,0.9412,1.3529,0.4118,0.2353,0.5882,0.2353,1.4118,0.2941,0.2353,0.5882,0.5882,0.3529,0.7647,0.2941,0.4706,0.2941,0.2353,0.5294,0.4118,0.1765,0.2941,0.3529,0.8235,1.4118,1.5294,0.9412,0.2941,1.8235,1.6471,0.5882,1.4118,0.2353,0.2941,1.5882,0.6471,0.2353,0.7059,1.2941,1.1765,0.2353,0.5294,0.4118,2.4706,3.8824,4.5882,4.1176,0.9412,4.3529,6.2353,1.8235,3.1765,1.2353,1.2941,4.4118,2.4706,1.3529,2.3529,3.7059,3.7647,1.6471,2.1765,1.4706,1.4118,1,2.2353,1.5294,1.0588,1.2353,1.0588,3.3529,1.0588,0.2353,0.3529,1.2353,0.6471,0.6471,0.8235,1.7647,1,1,1,0.4706,2.9412,1.9412,1.8824,1.4118,2.4118,2.7647,2.1765,1,1.8235,8.1765,5.5294,2.5882,5,4.4706,2.5882,2.7059,4.1765,2.8824,3.7059,6.4118,2.9412,1.8235,1.2941,1.4118,2.1176,1.8235,1.7647,1.1765,1.5882,4.5882,5.7059,2.1765,4.2353,4,2.2941,2.3529,2.7059,2.8235,3.1176,4.6471,3.7059,5.4118,5.5294,5.1176,1.7059,5.7647,6.3529,2.5294,3.5882,3.3529,2.5294,7.6471,3.5294,2.5294,3.8824,4.9412,6,2.7059,3.5294,3,0.8235,0.5294,0.5294,0.3529,0.6471,0.7647,0.4706,0.7059,0.9412,1.4706,1.4706,0.6471,2.3529,1.0588,0.7059,0.6471,0.7647,0.6471,1,1.4118,1.7647,1.2941,1.2941,1.0588,1.2941,1.1765,1.2353,1,1.8235,2.2353,2.4118,1.1176,2.8235,5.0588,1.1176,2.0588,1.9412,2.7647,4.2941,2.2353,0.5882,0.4706,0.7059,0.8235,0.8824,0.6471,0.7059,0.6471,0.4706,0.2941,0.2941,0.8235,0.4118,0.2941,1.7647,0.7647,0.7647,0.2941,0.6471,0.4118,2.8824,2.8824,4.0588,3.4118,1.3529,3.2353,3.6471,3.3529,2.4118,1.4118,1.1765,3.4118,1.8824,1.7059,2.2353,4.6471,3.3529,1.1176,2.7059,2.1176,0.1176,0.1176,0,0,0.2353,0.2353,0.1176,0.1176,0.2353,0.1176,0.2353,0.1176,0.3529,0.5882,0,0.1176,0.1176,2,0.7059,0.1176,1.3529,1.2353,1.4118,1.0588,0.9412,1.5294,1.5294,0.8235,2.7059,1.8235,1.6471,1.2353,1.7059,3.1176,0.8824,1.4706,1.5882,2.4706,5.3529,1.9412,2.2353,1.1765,1.2353,0.9412,1.5294,1.4706,1.1765,1.4118,1.4706,3.5882,3,1.7059,2.7647,2.1176,0.9412,1.8235,2.3529,1.1765,2.3529,4.2353,0,0,0,0,0,0,0,0,0,0,0,0,0,0,0,0,0,0,0,0,0,0,0,0,0,0,0,0,0,0,0,0,0,0,0,0,0,0,0,0
1-212.txt_41,4.8,1.8,1.2,1.2,2.4,1.8,1.8,2.4,1.2,1.8,1.8,1.8,1.8,1.2,1.8,3,2.4,0.6,1.2,2.4,1.4,4.6667,1.8667,0.9333,0.4667,2.3333,1.8667,0.9333,1.8667,0.4667,0.9333,2.8,1.4,0.4667,0.9333,1.4,1.4,0.4667,0.9333,0.4667,0.5333,1.0667,2.6667,1.3333,0.2667,1.0667,1.0667,1.0667,1.3333,0.2667,0.2667,1.0667,0.5333,0.2667,0.5333,1.3333,1.0667,0,0.5333,0.2667,1.7333,1.7333,4.3333,8.6667,0,3.4667,5.2,2.6,2.6,0.8667,0,2.6,0.8667,0,1.7333,3.4667,2.6,0,0.8667,0.8667,2.1333,0.5333,0.5333,0,6.9333,0.5333,0,0.5333,0.5333,1.6,1.6,0.5333,1.6,1.0667,0.5333,1.6,1.6,1.0667,1.0667,1.6,1.6,2.6667,2.1333,2.1333,0.5333,4.8,3.2,1.0667,2.1333,0.5333,1.0667,2.6667,2.1333,0.5333,1.6,2.1333,1.6,1.0667,1.6,1.0667,1.6,2.1333,2.1333,3.2,0,3.2,4.8,1.0667,2.1333,0.5333,0.5333,2.6667,1.0667,0.5333,1.6,2.1333,1.6,0.5333,1.0667,1.0667,3.4667,1.7333,3.4667,2.6,0.8667,1.7333,1.7333,8.6667,1.7333,0,0,1.7333,0.8667,0.8667,1.7333,3.4667,1.7333,0.8667,0.8667,0.8667,0.2667,0.5333,0.6667,0.4,0.1333,0.5333,0.5333,0.2667,1.6,0.1333,0.1333,0.4,0.2667,0.4,0.2667,0.4,0.2667,0.2667,0.8,0.1333,1.6,0.5333,0.5333,0.5333,1.6,0.5333,0.5333,0,0.5333,4.2667,3.2,0.5333,2.6667,2.1333,0.5333,1.0667,1.6,0.5333,1.6,3.7333,2,1.3333,0.6667,0,2,1.3333,0.6667,0,0.6667,4,5.3333,1.3333,4,2.6667,0.6667,1.3333,2,1.3333,2,3.3333,3.2,6.4,4.2667,3.2,1.0667,5.3333,5.3333,2.1333,3.2,1.0667,2.1333,9.6,3.2,1.0667,3.2,4.2667,3.2,1.0667,2.1333,2.1333,0.8,0.8,0.5333,0.2667,0.8,1.0667,0.5333,0.2667,0.5333,1.3333,1.6,0.8,2.4,1.0667,0.2667,0.5333,0.8,0.8,0.8,1.3333,1.0667,0.5333,0.5333,0,1.0667,0.5333,0.5333,0.5333,1.6,2.1333,2.1333,0.5333,2.1333,5.3333,0,1.0667,1.0667,2.6667,3.7333,1.6,1.8,1.2,1.2,1.2,0.6,1.8,1.8,1.2,1.2,0.6,0.6,1.8,0.6,0,6.6,1.8,1.8,0,0.6,1.2,3.6667,2.2,3.6667,2.9333,2.2,2.9333,2.9333,2.9333,2.2,1.4667,1.4667,2.9333,1.4667,1.4667,2.2,5.8667,3.6667,0.7333,1.4667,1.4667,3.4667,2.6,3.4667,2.6,2.6,2.6,2.6,1.7333,1.7333,2.6,2.6,2.6,2.6,1.7333,2.6,4.3333,7.8,1.7333,1.7333,3.4667,0.2,0.2,0,0,0.4,0.4,0.2,0.2,0.4,0.2,0.4,0.2,0.6,1,0,0.2,0.4,3,1.2,0.2,1.7333,1.7333,1.7333,0.8667,1.7333,2.6,1.7333,0.8667,5.2,2.6,2.6,1.7333,2.6,6.0667,0.8667,1.7333,1.7333,5.2,9.5333,2.6,2.4,0.6,0.6,0.6,1.8,1.2,1.2,0.6,0.6,4.2,3,1.2,3,1.8,1.2,1.2,2.4,0.6,1.8,4.8
1-212.txt_43,4.4,3.05,3.1,2.6,2.2,2.85,2.9,3.5,2.45,2.85,3,2.9,3,2.4,2.55,3.25,3.05,1.65,2.5,2.9,1.65,3.65,2.3,2,1.05,2.4,2.9,1.25,1.9,1.5,1.5,2.95,1.45,1.6,1.95,2.25,1.95,1.1,1.35,1.5,0.8,1.15,2.2,2.1,0.4,1.45,1.35,1.05,1.5,0.75,0.6,1.45,0.9,0.65,0.95,1.3,1,0.65,0.9,0.8,2.25,2.4,3.3,3.7,1.1,2.9,3.5,1.7,2.35,1.75,1.6,2.6,1.6,1.75,2.45,2.85,2.9,1.2,1.4,2.3,0.8,0.45,0.6,0.6,2.35,0.45,0.55,0.45,0.35,0.75,0.65,0.5,0.75,0.4,0.35,0.8,0.75,0.65,0.55,0.75,2.1,2.9,2.45,2.6,1.2,3.6,3.25,2.35,2.4,1.95,2.2,3.25,2.7,1.7,1.95,2.45,2.75,1.1,2.6,2.55,2.95,4.15,3.65,3.9,1.4,4.25,5.4,2.4,3.55,2.65,2.55,4.2,2.85,2.6,2.95,3.7,3.95,1.85,2.5,3.15,4.65,3.55,4.3,4.55,3.65,4.45,3.75,7.35,4.05,2.4,2.85,3.35,2.85,3.1,3,4.5,3.8,2.3,2.75,2.85,2,2.35,2.5,2.4,1.2,2.5,2.6,1.65,3.35,1.3,1.85,2.8,1.8,1.65,2,2.2,2.25,1.45,2.25,1.5,2.15,2.25,2.4,1.7,1.35,2.35,1.85,1.4,1.8,4.3,3.2,3,4.1,3.5,1.7,2.25,2.85,2.7,3.25,3.9,5.7,3.35,2.95,3.15,4.8,3.2,3.55,3.25,3.5,7.2,8.05,3.9,5.95,6.6,4,4,4.8,3.5,4.4,7,3.9,5.35,4.55,4.4,2.15,5.05,5,3.4,3.8,3.7,3.7,6.3,3.4,2.8,4.55,4.6,5.2,3.05,3.5,4.2,2.4,2.15,1.55,1.2,1.5,2.3,1.95,1.2,1.45,2.7,3.25,2.35,4.2,2.55,1.8,2.2,2.3,1.5,2.35,2.45,1.45,0.7,0.65,0.6,0.9,0.95,0.95,0.8,0.95,2.2,2.65,0.75,1.85,3.85,0.65,0.95,1.35,1.3,2.55,2.15,2.55,1.85,2.15,2.4,1.7,2.05,2.4,2,1.6,1.45,1.6,2.1,1.4,1.15,3.9,2.55,2.1,0.75,1.15,1.65,3,2.95,4.15,3.45,2.55,3.2,4,2.45,3.5,3.25,2.75,3.65,2.95,3.4,3.35,4.2,4.6,1.35,3.5,3.5,4.8,5.15,5.75,5.9,2.95,5.6,5.85,4.8,4.75,3.7,3.6,5.85,4.65,3.2,3.45,5.8,6.8,1.9,3.25,4.7,0.55,0.55,0.55,0.6,0.4,0.95,0.95,0.7,0.6,0.55,0.85,0.55,0.55,1.2,0.5,0.7,0.7,2.3,1.3,0.6,2.3,1.9,1.7,1.15,2.3,1.95,2.1,1.15,3.25,2.75,2.85,1.9,2.45,4.2,1.65,2.05,2.05,2.85,5.45,2.7,5,2.6,2.95,2.4,4.05,3.4,2.8,2.9,3.25,6.45,6.35,3.4,5.55,5.3,2.7,3.75,4.5,3.75,4.1,7.25
1-212.txt_45,8.5556,3.2778,3.9444,3.7222,3.1667,4,4.1667,4.5556,3.5,4,3.8889,4.3889,3.8333,3.2222,3.6111,5.8889,4.6111,1.9444,3.3333,5.0556,3.1111,6.3333,3.5,3.5556,1.8889,4.2222,4.1667,2.1667,3.2778,3.0556,2.7222,4.8889,3.5,2.6667,2.4444,4,4,2.6111,2.7778,3.8889,0.9444,0.8333,1.8889,1.4444,0.6111,1.1111,1.1667,0.8333,1.3333,0.7778,0.8333,1,1.2222,1.1111,1.1667,1.1667,1.4444,0.7222,1.3333,0.7222,3.8889,4.3889,7.3333,9.1111,2.7222,5.0556,6.5556,4.3333,3.9444,2.3889,2.3333,5.2222,2.7778,2.0556,4.3333,5.1667,4.5,1.7222,3.2778,2.7778,1.4444,2.2222,1.9444,1.6667,0.6111,2.5556,2.0556,0.8889,1.2778,0.7222,0.7222,1.9444,1,0.7778,0.9444,1.4444,1.5,1.1667,1.4444,0.9444,3.6667,3.5556,5.2778,4.5,1.6667,4.5556,6.3333,3.5556,3.1111,2.2778,1.8889,4.0556,2.5,1.8333,3.8889,4.7222,4.3333,1.5,3.0556,2.5,4.6111,2.9444,5.1111,4.5,3.8333,3.3889,3.5556,8.2778,3.5,2.2222,2.8333,3.6667,3.5556,2.7778,4.0556,4.3333,4,2.6667,2.8889,2.6111,0.4444,0.5,0.5556,0.3333,0.3333,0.5556,0.4444,0.3889,0.7778,0.8889,0.4444,0.6667,0.5,0.3333,0.3333,0.6667,0.8889,0.2778,0.3333,0.9444,1.5556,1,1.2778,1,1.6111,0.9444,1.0556,1.3889,0.8333,2.8333,2.2778,1.0556,2.0556,1.6667,0.8889,1.8333,1.8889,0.8333,1.6111,2.3889,3.1667,2.3333,1.9444,1.8889,3.2222,2.3889,2,2.0556,3.1667,5.1111,6.6111,2.2778,5.3333,5.9444,1.8333,3.3889,3.8333,3.3889,4.7778,4.8889,3.8889,5.4444,5,4.9444,2.8333,4.7222,5,3.1111,4.5,3.2778,2.9444,7.6111,3.3333,3.6111,3.7222,4.5,4.7778,2.0556,3.7778,3.5556,1,0.7222,0.5,0.3889,0.6111,0.7778,0.5556,0.4444,1.1667,1.1111,1.2778,0.5556,1.7222,1,0.4444,0.7778,0.7778,0.5556,1,1,1.6667,1.3889,1.8889,1.1667,1.6111,1.3889,1.3333,1.4444,1.8333,2.0556,2.1667,1.5556,2.3333,3.9444,1.6111,2.0556,1.8889,2.3333,3.2222,1.9444,3.8889,3.1667,3.3333,3.6667,3.5556,3.5,3.6111,3.6111,2.6111,2.7222,2.8889,3.1111,2.7778,2.4444,7.6111,3.5556,3.1667,1.7222,2.5556,3,2.8333,2.6111,3.3333,2.2778,2.1667,3.1667,2.7778,2.3333,2.7222,2.1111,1.8889,2.8889,2,1.3889,2.1667,4.0556,3.6667,1.2778,2,2.5556,3.8889,3.5556,3.6111,2.6667,3.4444,4.1111,3.4444,3.0556,2.9444,3.5,3.6667,3.8333,3.3889,2.6667,3.3333,4.2222,5.9444,2.7778,2.5,4.3889,1.0556,1.1667,1.2222,0.8889,1,1.2222,1.2778,1,1.2778,0.9444,1.1111,1.2222,1.2778,2.1111,0.5556,1.2222,1.5,5.1667,2.5,1.2222,2.7222,2.3333,2.1111,1.9444,2.1111,2.7778,2.9444,1.4444,3.8889,3.5556,3.3333,3.0556,2.8333,5.2778,1.8333,2.6111,3.0556,4.3333,7.2778,3.2778,4.7778,3.3333,4.0556,3.1111,3.1111,4.6667,3.6111,3.1667,4.0556,6.2778,5.3333,3.8889,5.3889,3.7778,3.3889,4.3889,5.1667,3,3.5,7.8889,0,0,0,0,0,0,0,0,0,0,0,0,0,0,0,0,0,0,0,0
1-212.txt_47,3.7368,2.0526,2.6842,2.2632,2.2105,2.2105,2.5789,2.5263,1.5789,2.3158,2.1579,2.3158,1.8947,2.1579,2.3158,2.7368,2.9474,1.4211,2.4211,2.5789,1.1579,2.2632,1.2105,1.1053,0.4737,1.6316,1.2632,0.9474,1.1579,0.7368,0.8947,2.1053,0.7895,0.5263,1.3158,1.1579,1.1053,0.9474,0.7895,0.8421,2.1579,3.1053,3.7368,3.3684,0.8947,3.5263,3.7895,2.0526,2.2632,1.8421,1.5263,3.2105,1.6842,1.0526,2.4211,2.6842,2.8421,1.4737,1.2105,1.6842,2.3684,3,3.5263,3.5263,2.3684,2.8421,3.5789,2.9474,2.5263,1.8421,1.3684,3.1053,1.6842,1.3158,2.2632,3.0526,2.9474,0.7368,1.4737,2.1053,1.3158,0.4211,0.7895,0.5789,3.2105,0.4737,0.4737,0.8947,0.8421,0.8947,1,0.4737,1,0.9474,0.6316,1.4737,1.1579,0.7368,0.7368,1.1053,2.8947,4.0526,3.4737,3.5789,2.4211,5.7368,4.8947,2.6316,5.3158,2.7895,2.6316,4.4211,3.2105,2.0526,2.6316,3.6316,3.6316,2.6316,3.5263,3,5.4211,6.3684,6.4211,8.0526,2.2632,7.3684,10.2632,4.9474,5.7895,4.2632,4.1579,6.8947,4.8421,3.5263,5.6316,6.4737,6,3.9474,5.1053,4.7895,3.1053,3,4,3.6316,1.2105,2.7895,2.7368,5.6842,2.6842,1.2632,1.2632,2.6842,1.5789,1.6842,2.2632,3.5263,2.7895,1.3158,1.2632,1.8421,0.6842,0.7895,1.0526,0.6842,0.3158,0.9474,0.8947,0.4737,1.8421,1.0526,0.8421,0.9474,1,1.3684,0.5263,0.7368,1,0.5789,1.5789,1,3.7368,3.7895,3.4211,3.2632,2.7368,3.2105,3.5263,2.5789,3.6316,5.4211,5.5263,3.2105,4.8947,5.1579,1.8421,3.8947,4.7895,3.1579,3.8421,5.0526,8.3158,6.5263,5.7368,4.9474,5.4737,7.1053,6.7368,4.6842,6.2105,10.6842,12.8421,6.8947,10.1579,10.1053,5.8947,7.4737,8.6316,4.5263,7.3684,10.4737,2.4737,3.8421,2.6842,2.8947,1.0526,3.4737,3.7368,1.5789,3.3158,2.5789,2.2105,4.6842,2.6316,2.5263,2.4211,2.6842,3.0526,1.2632,2.4211,2.6842,2.4211,2.3158,1.8947,1.8421,1.6842,2.2632,2,1.6842,1.8421,2.8421,3.2105,2.6842,4.5263,2.4211,1.6316,2.2632,3.1053,1.7368,2.2632,3.0526,2.5789,2.5789,2,1.7368,1.7368,3.0526,2.1053,1.5263,3.3684,3.4211,4,2.4211,2.8421,6.1579,1.8421,2.3158,2.7368,2.6316,4.5789,3.1579,2.1053,1.9474,1.9474,2.0526,0.8947,2.2105,2.2105,1.2105,1.4211,1.4737,1.8947,2.4211,1.6842,1.2632,4.8947,2.2105,2.0526,1.1579,1.5789,1.5789,4.3684,2.8947,4.0526,4.2632,2.5789,3.6842,3.6316,3.2632,3.0526,3.2632,3.1053,3.3158,3.7368,2.8421,3.8421,5.8947,5.1053,2.7895,3,4.1053,3,2.2632,2.5263,1.8421,2.2632,2.4211,2.0526,2.3158,2.1053,2.8421,2.3684,2.3158,2.6316,2.2105,1.3684,2.7895,4.1053,1.6842,2.4737,3.2105,1.3158,1.1053,1.2105,1.5789,1.1053,1.1579,1.4211,1.1053,1.7895,1.4211,1.4737,1.2632,1.4211,2.2105,0.7895,1.1579,1.1053,2.0526,3,1.1579,4.1053,3.1579,3.5789,3.0526,2.2632,3.6316,3.4737,2.7895,3,4.5263,3.7895,3.8947,4.1579,3.4737,2.9474,3.4211,4.1579,2.4737,3.8421,5.3684,0,0,0,0,0,0,0,0,0,0,0,0,0,0,0,0,0,0,0,0
1-212.txt_49,9,3,3,3,5,4,4,5,3,4,3,4,4,3,4,6,5,2,3,5,1.5,5.5,2.5,1.5,0.5,3,2.5,1,2.5,1,1.5,3.5,2,1,1.5,2,2,1,1.5,1,1.125,1.875,4.125,2.25,0.75,1.875,1.875,1.875,2.25,0.375,0.375,1.875,1.125,0.75,1.125,2.25,1.875,0.375,1.125,0.75,2.4375,2.4375,4.875,8.9375,0.8125,4.0625,5.6875,3.25,3.25,1.625,0.8125,3.25,1.625,0.8125,2.4375,4.0625,3.25,0,1.625,1.625,2.1875,0.4375,0.875,0.4375,6.125,0.875,0.4375,0.875,0.875,1.75,1.75,0.875,1.3125,0.875,0.875,1.75,1.75,0.875,0.875,1.75,1.5,2.25,1.875,1.875,0.75,4.125,2.625,1.125,1.875,0.75,1.125,2.25,1.875,0.75,1.5,1.875,1.5,1.125,1.125,1.125,1.5,1.875,1.875,2.625,0.375,2.625,3.75,1.125,1.875,0.75,0.75,2.25,1.125,0.75,1.5,1.875,1.5,0.75,1.125,0.75,3.125,1.25,3.125,2.5,1.25,1.875,1.875,6.875,1.875,0.625,0.625,1.875,1.25,1.25,1.875,3.125,1.875,1.25,1.25,1.25,0.9375,1.5625,1.875,1.25,0.625,1.5625,1.5625,0.9375,4.0625,0.3125,0.625,1.25,0.9375,1.25,0.9375,1.25,0.9375,0.625,2.1875,0.625,1.5,0.75,0.375,0.75,1.5,0.75,0.75,0.375,0.375,3.375,2.625,0.75,2.25,1.875,0.75,0.75,1.5,0.75,1.5,3,2.625,2.625,0.875,0.875,3.5,2.625,1.75,0.875,1.75,6.125,7.875,1.75,6.125,4.375,1.75,1.75,3.5,2.625,3.5,5.25,4.75,8.3125,5.9375,4.75,2.375,7.125,7.125,3.5625,4.75,2.375,2.375,11.875,4.75,2.375,4.75,5.9375,4.75,2.375,3.5625,3.5625,2,2,1.5,1,1.5,2.5,1.5,1,1.5,3,3.5,2,5.5,2.5,1,1.5,2,1.5,2,3,1.6875,1.125,1.125,0.5625,1.125,1.125,1.125,1.125,2.25,2.8125,2.8125,1.125,2.8125,6.75,0.5625,1.125,1.6875,3.375,4.5,2.25,2,1.5,1.5,1.5,1,2,2,1.5,1.5,1,1,2,1,0.5,6.5,2,2,0.5,1,1,4.875,3.25,4.875,4.0625,3.25,4.0625,4.0625,4.0625,3.25,1.625,1.625,4.0625,2.4375,1.625,3.25,7.3125,5.6875,1.625,2.4375,2.4375,3.125,2.5,3.125,2.5,2.5,2.5,2.5,1.875,1.875,2.5,2.5,2.5,2.5,1.875,2.5,4.375,6.25,1.25,1.875,3.125,0.625,0.625,0.3125,0,0.625,0.9375,0.625,0.625,0.625,0.625,0.9375,0.625,0.9375,1.875,0.3125,0.625,0.625,5,2.1875,0.625,0.9375,0.9375,0.9375,0.625,0.625,0.9375,0.9375,0.625,2.1875,1.25,1.25,0.9375,1.25,2.5,0.625,0.9375,0.9375,2.1875,3.75,1.25,5.9375,2.375,2.375,2.375,4.75,3.5625,2.375,2.375,2.375,9.5,7.125,3.5625,7.125,4.75,2.375,3.5625,5.9375,2.375,4.75,10.6875
1-212.txt_51,4,2.3333,2.1111,2.2778,2.8333,2.6667,3.3333,1.9444,2.3333,1.9444,2.7222,3,2.5556,2.8333,1.5556,2.8889,2.7222,1.7222,3.2778,2.3333,0.7778,1.3889,0.5556,1.0556,0.2778,1.1111,1.1667,0.5,0.7778,0.8333,0.8333,1.3333,0.7222,0.7222,0.4444,0.8333,0.7222,0.7222,0.7222,0.8333,2.0556,2.1111,4.6667,3.3889,1.4444,2.8889,2.3333,2.6667,2.3889,1.8889,1.7778,3.1667,2.1111,1.7222,2.5,2.7222,2.6667,1.2222,1.9444,2.1667,4.4444,4.3333,6.6667,8.8333,2.5,4.8889,5.7222,4.5556,3.8889,2.5556,2.8889,4.7778,2.8889,3.1111,4.2778,5.2222,4.9444,2.0556,2.9444,3.1667,1.3889,0.7222,1.0556,0.5,4,0.7222,0.5,0.7778,0.6111,1.2222,1.3889,0.8333,1.2778,1,0.8333,1.2778,1.2778,0.6111,0.7778,1.3889,1.5,1.6111,2.2778,2.3889,1.0556,3,2.3333,1.2778,1.3333,0.7778,1.1111,2.0556,1.0556,0.6111,1.5,2.2778,2.0556,0.5556,0.8889,1.2222,2.4444,2.6667,2.2778,2.5,0.9444,3.2222,4.3889,2.0556,1.7778,1.8889,1.8333,3.2778,1.6667,1.9444,1.9444,2.3889,2.8333,1.4444,2.5556,2.3889,3.7222,2.5556,4.2222,3.6111,1.4444,2.6667,2.9444,5.7222,2.3333,1.7778,2.0556,3.1667,2.3333,3.3333,2.3889,3.8333,3,1.3333,2.9444,2.3333,0.3889,0.8889,0.4444,0.6667,0.1667,0.5556,0.7222,0.5,1.0556,0.3333,0.2778,0.6111,0.3333,0.4444,0.2778,0.5556,0.3889,0.1667,0.3889,0.3889,2,1,1.7778,1.1667,2.0556,1.1667,1.2222,1.2778,1.2222,4.2222,3.0556,1.5556,3.2222,2.1111,1,1.5556,2.0556,1.2222,1.8333,3.2222,3.1667,2.2778,2.0556,1.5,2.6111,2.3889,1.8333,1.7222,2.3333,4.7778,6,2.5,4.7222,5.2778,1.8889,2.6667,4,2.8333,4.1111,5.1667,1.2778,2.1667,1.7778,1.0556,0.5,2.2222,1.7222,0.8333,1.1111,1.3333,1.0556,2.5556,1.0556,0.7222,0.8889,1.3889,1.3889,0.6111,1.2778,1.2222,1.2222,1.0556,0.5,0.3889,0.7222,0.7778,0.5556,0.3889,0.6111,1.6111,1.6111,0.9444,2.1667,1.3889,0.7222,1.1111,0.9444,1.0556,1.2222,1.6667,2.0556,1.4444,1.6111,1.1111,2.0556,2.5556,1.8333,1.3889,1.7222,2.7222,2.7222,2.3333,2.1667,3.3889,1.2222,2.3889,2.1111,2.4444,2.6111,2.7778,1.0556,1.1111,1.2778,1.1667,0.5556,1.1111,1.2222,0.8889,0.7778,0.7222,0.7222,1.2778,0.7222,1,2.2222,1.5,1.2778,0.9444,0.8889,1.0556,6.5,3.9444,6.1667,5.5,3.5,4.6111,4.8333,5.7222,4.0556,2.9444,3.1667,4.6111,3.8889,2.5556,4.2778,7.5556,5.1667,1.5556,3.4444,4.2222,5.8333,6.2778,6.7778,6.0556,3.3889,5.8333,6.6111,3.8333,4.2222,5.3333,4.5556,6.8333,5,4.1667,5.8889,6.8889,10.0556,2.6111,4.9444,5.6667,0.7778,0.7778,0.6667,0.5,0.4444,0.8333,0.6667,0.8889,0.6111,0.6111,0.7778,1,0.7778,1.7222,0.6667,0.7778,0.8889,3.1667,1.4444,0.5556,2.9444,3.3889,3.4444,1.8333,2.3889,3.1667,2.5,1.9444,5.4444,3.5,3.6667,2.7778,2.9444,6.0556,1.8333,3.2222,3.2222,4.7778,9.0556,3.7222,3.9444,2.5556,2.3333,1.8333,2.6667,3.1111,2.0556,2.3333,2.6667,4.4444,3.7222,3.0556,4,3.4444,2.6667,3.2222,3.6667,1.5,3.0556,5.5
1-212.txt_53,5.125,1.875,1.75,1.8125,2.0625,2.625,2.625,2.5625,1.8125,1.8125,2,2.3125,2.25,1.25,2.625,3.125,2.5625,1.1875,1.625,2.625,1.75,2.25,5,3.1875,1.125,2.4375,2.375,2.25,2.3125,1,1.1875,2.6875,1.4375,1,1.4375,2.5,2.375,0.6875,1.3125,1.25,1.6875,1.875,3.125,5.125,0.8125,2.4375,3,1.5625,2.0625,1.3125,0.9375,2.25,1.375,0.6875,1.5625,2.625,2.0625,0.375,1.125,1.0625,1.8125,0.5625,1,0.5625,6,1,0.5625,1,0.9375,1.6875,1.3125,0.9375,1.3125,0.875,0.9375,2,1.8125,0.875,0.9375,1.75,3.1875,4.3125,3.5625,3.1875,1.6875,7.25,4.5625,2.125,3.4375,2.4375,2.375,4.5625,3.4375,1.5,2.5,3.5625,3.3125,1.8125,2.3125,2.5,2.9375,3.375,3.9375,5,1.25,4.5625,7,2.8125,3.25,1.25,1.4375,4.125,2,1.125,3.1875,3.9375,3.4375,1.3125,2,1.8125,4.8125,2.5,4.0625,3.8125,2.25,3.5,3.3125,9.3125,2.875,1.5625,1.5,3.3125,2.375,1.875,2.8125,4.5625,3.3125,1.875,2.125,1.875,1.375,1.4375,1.8125,1.25,0.75,1.625,1.4375,1.0625,3.5625,0.625,0.75,1.5,1.0625,0.9375,0.9375,1.4375,1.4375,0.625,1.6875,0.8125,1,0.625,0.4375,0.4375,1.125,0.625,0.4375,0.3125,0.5,2.875,2,0.625,1.8125,1.8125,0.5625,0.6875,1.1875,0.8125,1.1875,2.25,2.8125,2.75,1.6875,1.5,2.5625,3.3125,2.3125,1.4375,2.25,4.6875,6.875,2.375,5.4375,4.1875,2.5,2.25,3.1875,2.625,3.1875,4.3125,4.0625,7.125,4.5625,4.75,1.75,5.625,5.625,3.375,3.8125,2.1875,2.5,9,3.3125,1.875,4,4.75,4.3125,1.8125,2.75,2.3125,0.75,0.5625,0.5,0.3125,0.5625,0.75,0.5,0.375,0.5625,1.125,1.375,0.5625,2.125,0.9375,0.375,0.5625,0.75,0.5625,0.75,1.125,0.625,0.5,0.5,0.25,0.5625,0.4375,0.3125,0.4375,0.875,1.375,1.3125,0.5,1.1875,2.75,0.25,0.5625,0.75,1.375,2.0625,1.125,1.9375,1.375,1.875,1.375,0.875,1.5,1.5,1.3125,1.25,1,1,1.6875,1.0625,1.0625,4.125,1.6875,1.4375,0.6875,1,1.0625,2.875,2,2.5625,2.8125,1.8125,2.5,2.75,2.375,1.9375,1.125,1.125,2.375,1.5625,1.125,2,4.5,2.8125,1.0625,1.4375,1.4375,5.9375,4.875,6.0625,5.125,4.625,5.0625,5.1875,4.1875,3.875,4.75,4.5625,5.5,5,3.3125,4.625,7.8125,11.4375,2.6875,4.0625,6.125,0.875,0.6875,0.5,0.25,0.75,1,0.75,0.75,0.6875,0.8125,1.25,0.6875,1.125,1.75,0.4375,1,0.875,4.75,2.0625,0.8125,1,0.875,0.875,0.5625,0.75,1,0.8125,0.5625,1.8125,1.1875,1.5625,0.9375,1.375,2.4375,0.625,1.0625,1.25,2,3.4375,1.3125,1.9375,1,1,0.6875,1.625,1.125,1,0.625,1,3,2.5,1.0625,2.375,1.875,1.5,1.5,2.1875,1.0625,1.9375,3.8125,0,0,0,0,0,0,0,0,0,0,0,0,0,0,0,0,0,0,0,0
1-212.txt_55,6.8571,2.5714,1.7143,1.7143,3.4286,2.5714,2.5714,3.4286,1.7143,2.5714,2.5714,2.5714,2.5714,1.7143,2.5714,4.2857,3.4286,0.8571,1.7143,3.4286,0.8571,2.5714,1.1429,0.5714,0.2857,1.4286,1.1429,0.5714,1.1429,0.2857,0.5714,1.7143,0.8571,0.2857,0.5714,0.8571,0.8571,0.2857,0.5714,0.5714,2.2857,4.5714,11.4286,5.7143,1.1429,4.5714,4.5714,4.5714,5.7143,1.1429,1.1429,4.5714,2.2857,1.1429,2.2857,5.7143,4.5714,0,2.2857,1.1429,0.7143,0.7143,1.7857,3.5714,0.3571,1.4286,2.1429,1.0714,1.0714,0.3571,0,1.0714,0.3571,0.3571,1.0714,1.4286,1.0714,0,0.3571,0.3571,2,0.5,0.5,0.5,6.5,0.5,0,1,0.5,1.5,1.5,0.5,1.5,1,0.5,1.5,1.5,1,1,1.5,1.9286,3.2143,2.5714,2.5714,0.6429,5.7857,3.8571,1.2857,2.5714,0.6429,1.2857,3.2143,2.5714,0.6429,1.9286,2.5714,1.9286,1.2857,1.9286,1.2857,1.7143,2.2857,2.2857,3.4286,0,3.4286,5.1429,1.1429,2.2857,0.5714,0.5714,2.8571,1.1429,0.5714,1.7143,2.2857,1.7143,0.5714,1.1429,1.1429,3.7143,1.8571,3.7143,2.7857,1.8571,1.8571,1.8571,9.2857,1.8571,0,0,1.8571,0.9286,0.9286,1.8571,3.7143,1.8571,1.8571,0.9286,0.9286,1.2857,0.4286,0.4286,0.4286,1.2857,0.4286,0.4286,0,0.4286,3.4286,2.5714,0.4286,2.1429,1.7143,0.4286,0.8571,1.2857,0.4286,1.2857,3,2.7857,1.8571,0.9286,0,2.7857,1.8571,0.9286,0,0.9286,5.5714,7.4286,1.8571,5.5714,3.7143,0.9286,1.8571,2.7857,1.8571,2.7857,4.6429,1.2857,2.5714,1.7143,1.2857,0.4286,2.1429,2.1429,0.8571,1.2857,0.4286,0.8571,3.4286,1.2857,0.4286,1.2857,1.7143,1.2857,0.4286,0.8571,0.8571,0.8571,0.8571,0.5714,0.2857,0.8571,1.1429,0.5714,0.2857,0.5714,1.4286,1.7143,0.8571,2.5714,1.1429,0.5714,0.8571,0.8571,0.8571,0.8571,1.4286,0.4286,0.2143,0.2143,0.2143,0.4286,0.2143,0.2143,0.2143,0.6429,0.8571,0.8571,0.2143,0.8571,2.1429,0,0.4286,0.4286,1.0714,1.5,0.6429,1.7143,1.1429,1.1429,1.7143,0.5714,1.7143,1.7143,1.1429,1.1429,0.5714,0.5714,1.7143,1.1429,0,6.2857,1.7143,1.7143,0,0.5714,1.1429,6.7857,4.0714,6.7857,5.4286,4.0714,5.4286,5.4286,5.4286,4.0714,2.7143,2.7143,5.4286,4.0714,2.7143,4.0714,10.8571,6.7857,1.3571,2.7143,2.7143,6.5714,4.9286,6.5714,4.9286,4.9286,4.9286,4.9286,3.2857,3.2857,4.9286,4.9286,4.9286,4.9286,3.2857,4.9286,8.2143,14.7857,3.2857,3.2857,6.5714,0.3571,0.3571,0,0,0.7143,0.7143,0.3571,0.7143,0.7143,0.3571,0.7143,0.3571,1.0714,1.7857,0,0.3571,0.7143,5,2.1429,0.3571,1.7143,1.7143,1.7143,0.8571,1.7143,2.5714,1.7143,0.8571,5.1429,2.5714,2.5714,1.7143,2.5714,6,0.8571,1.7143,1.7143,5.1429,9.4286,2.5714,3.1429,1.5714,0.7857,0.7857,2.3571,1.5714,1.5714,0.7857,0.7857,5.5,3.9286,1.5714,3.9286,2.3571,1.5714,1.5714,3.1429,0.7857,2.3571,6.2857,0,0,0,0,0,0,0,0,0,0,0,0,0,0,0,0,0,0,0,0
1-212.txt_57,4.2353,1.4118,1.4118,1.4118,2.3529,1.8824,1.8824,2.3529,1.4118,1.8824,1.4118,1.8824,1.8824,1.4118,1.8824,2.8235,2.3529,0.9412,1.4118,2.3529,1.0588,3.8824,1.7647,1.0588,0.3529,2.1176,1.7647,0.7059,1.7647,0.7059,1.0588,2.4706,1.0588,0.7059,1.0588,1.4118,1.4118,0.7059,1.0588,0.7059,1.5882,2.6471,5.8235,3.1765,1.0588,2.6471,2.6471,2.6471,3.1765,0.5294,0.5294,2.6471,1.5882,1.0588,1.5882,3.1765,2.6471,0.5294,1.5882,1.0588,1.7647,1.7647,3.5294,6.4706,0.5882,2.9412,4.1176,2.3529,2.3529,1.1765,0.5882,2.3529,1.1765,0.5882,1.7647,2.9412,2.3529,0,1.1765,1.1765,2.9412,0.5882,1.1765,0.5882,8.8235,1.1765,0.5882,1.1765,1.1765,2.3529,2.3529,1.1765,1.7647,1.1765,1.1765,2.3529,2.3529,1.1765,1.1765,2.3529,2.1176,3.1765,2.6471,2.6471,1.0588,5.8235,3.7059,1.5882,2.6471,1.0588,1.5882,3.1765,2.6471,0.5294,2.1176,2.6471,2.1176,1.5882,1.5882,1.5882,3.0588,3.8235,3.8235,5.3529,0.7647,5.3529,7.6471,2.2941,3.8235,0.7647,1.5294,4.5882,2.2941,0.7647,3.0588,3.8235,3.0588,1.5294,2.2941,1.5294,3.8235,1.5294,3.8235,3.0588,1.5294,2.2941,2.2941,8.4118,2.2941,0.7647,0.7647,2.2941,1.5294,1.5294,2.2941,3.8235,2.2941,1.5294,1.5294,1.5294,0.7059,1.1765,1.4118,0.9412,0.4706,1.1765,1.1765,0.7059,3.0588,0.2353,0.4706,0.9412,0.7059,0.9412,0.7059,0.9412,0.7059,0.4706,1.6471,0.4706,1.8824,0.9412,0.4706,0.9412,1.8824,0.9412,0.4706,0.4706,0.4706,4.2353,3.2941,0.9412,2.8235,2.3529,0.9412,0.9412,1.8824,0.9412,1.8824,3.7647,3,3,1,1,4,3,2,1,2,7,9,2,7,5,2,2,4,3,4,6,2.8235,4.9412,3.5294,2.8235,1.4118,4.2353,4.2353,2.1176,2.8235,1.4118,1.4118,7.0588,2.1176,1.4118,2.8235,3.5294,2.8235,1.4118,2.1176,1.4118,1.6471,1.2353,1.2353,0.8235,1.2353,2.0588,1.2353,0.8235,1.2353,2.4706,2.8824,1.2353,4.5294,2.0588,0.8235,1.2353,1.6471,1.2353,1.6471,2.4706,1.2353,0.8235,0.8235,0.4118,0.8235,0.4118,0.4118,0.8235,1.6471,2.0588,2.0588,0.8235,2.0588,4.9412,0.4118,0.8235,1.2353,2.4706,3.2941,1.6471,1.4118,1.0588,1.0588,1.0588,0.7059,1.4118,1.4118,1.0588,1.0588,0.7059,0.7059,1.4118,0.7059,0.3529,4.5882,1.4118,1.4118,0.3529,0.7059,0.7059,3.5294,2.3529,3.5294,2.9412,2.3529,2.9412,2.9412,2.9412,2.3529,1.1765,1.1765,2.9412,1.7647,1.1765,2.3529,5.2941,4.1176,1.1765,1.7647,1.7647,2.3529,1.8824,2.3529,1.8824,1.8824,1.8824,1.8824,1.4118,1.4118,1.8824,1.8824,1.8824,1.8824,1.4118,1.8824,3.2941,4.7059,0.9412,1.4118,2.3529,0.4706,0.4706,0.2353,0,0.4706,0.7059,0.4706,0.4706,0.4706,0.4706,0.7059,0.4706,0.7059,1.4118,0.2353,0.4706,0.4706,4,1.6471,0.4706,1.5882,1.5882,1.5882,1.0588,1.0588,1.5882,1.5882,1.0588,3.7059,2.1176,2.1176,1.5882,2.1176,4.2353,1.0588,1.5882,1.5882,3.7059,6.3529,2.1176,4.4118,1.7647,1.7647,1.7647,3.5294,2.6471,1.7647,1.7647,1.7647,7.0588,5.2941,1.7647,5.2941,3.5294,1.7647,2.6471,4.4118,1.7647,3.5294,7.9412
1-212.txt_59,9.3333,4.9444,4.5556,4.3333,4.1667,5.8333,6,5.1111,3.7778,5.2778,5,5.7222,5.1667,4.4444,5.0556,6.4444,5.8889,2.7778,3.8889,6.1667,1.2222,3.2778,1.5556,1.8889,0.6111,2.4444,1.8333,1.2222,1.2778,0.8889,1.1667,2.3889,1.1667,0.6667,1.5,1.7778,2.0556,1.6111,1.0556,1,1.2778,1.7222,3.5,2.1111,0.6111,2.1111,2,1.8889,1.3889,1.0556,1.1667,2.4444,1,0.8333,0.9444,2,1.3889,0.4444,0.8889,0.8889,2.2222,2.7778,3.3889,5.1111,1.2778,2.5,3.6111,2.4444,2.5,1.2222,0.9444,2.8333,1.2778,0.6667,2.3889,2.7222,2.6667,0.5556,1.2222,1.3889,0.9444,0.5556,0.7222,0.6111,3.3889,0.5556,0.7778,0.7778,1.3333,0.6111,0.6111,0.6667,0.6667,0.5,0.7222,1.3889,0.9444,0.4444,0.6667,0.7778,1.4444,1.6667,1.2778,1.1667,1.1111,2.2778,1.4444,1.1111,1.1111,1.5556,1.7222,1.2222,1.3333,1.3889,0.9444,1.3333,1.5,0.8889,1.5556,1.3889,4.8889,5.6111,6.3333,7.5556,2.1667,8.2778,10.5,3.9444,6,2.5556,2.8889,6.8889,3.4444,3.5556,4,6.7778,5.7222,2.5556,4.2778,3.8333,3.6667,3.5556,3.5,3.7222,2.2778,3.5556,3.5556,7.4444,2.7222,2.5,2.5,3.1111,2.7778,2.0556,3,4.0556,3.4444,1.8333,2,2.5,2.6667,3.3889,2.9444,2.4444,1.5,3,3.7222,1.8889,5.6111,2.5,3.5556,4.3889,2.5,2.7778,2.4444,2.8889,2.6667,2.6111,3.8333,2.7222,1.6667,1.2778,1.3333,1.3333,1.6667,1.1111,1.0556,0.6667,1.5556,3.6667,2.7778,1.0556,2.5,2.6667,0.8333,1.3333,2.3889,1.1667,2.3333,2.7222,5.3889,4.7222,3.9444,3.3889,4.0556,4.5,4.6667,2.9444,4.1111,8.2778,10.4444,4.6667,8.2222,6.2222,2.9444,4.8333,6.3889,3.2778,4.7778,7.4444,2.2222,2.8889,2.2222,2.8889,1.1111,3.2778,2.8889,1.6667,2.2222,2.5556,2,4.3333,2.4444,1.8889,2.7222,2.5,2.7778,1.7222,2.4444,2.1667,2.1111,2.3333,1.8333,1.4444,1.5,2.3333,1.6667,1.6667,2.2778,3,2.8333,2.5556,4,2.6667,1.4444,1.8333,1.9444,1.5556,2.1667,2.7222,2.1667,1.4444,1.6111,1.3889,1.5556,2.0556,2.0556,1.2222,1.9444,3.9444,3.3889,1.5,3.3889,5.9444,1.2778,2.1111,2.6667,2.5556,4.2778,2.8889,2.7222,2.6667,3.0556,2.8333,1.3333,3.3889,3.2778,2,2.1111,1.9444,1.7778,3.1111,2.1667,1.2222,6.1667,2.7222,2.7222,1.6667,1.6111,2.2222,3.7222,3.3333,4,3.2222,2.7222,2.9444,2.9444,2.8333,3.1667,2.6667,2.7222,3.3889,3.0556,3,2.5556,5.5,4.5,3,3.2222,2.7778,3.8889,4.1111,4.2778,4.1667,2.2778,3.9444,4.3889,2.8889,3.5556,3.0556,3.1111,3.7778,3.7222,2.9444,3.6667,4.8333,6.6667,2,3.3889,4.0556,1.1111,0.5556,1.3889,0.7222,0.9444,0.6111,0.7222,0.7222,0.8889,0.6111,0.6667,0.6111,1.0556,1,0.4444,1.0556,1,0.6111,1.5556,0.8889,3.1667,3.1667,2.4444,2.3333,2.5,3.2222,3,1.5556,2.4444,5.2222,5.0556,3.1111,4.8333,4.7778,3.2778,3.2778,4.3333,2.8889,4.1667,6.5556,0,0,0,0,0,0,0,0,0,0,0,0,0,0,0,0,0,0,0,0
1-212.txt_61,5.6,3.1,3.05,3.8,3,4.2,4,3.25,2.35,4,3.7,3.75,4.5,3.2,2.55,4.1,4.35,2.1,2.8,4.75,2.15,4.55,2.25,1.95,1.55,2.95,2.7,2,2.55,1.6,1.75,3.8,2.15,1.65,2.1,2.15,2.35,1.9,2.3,1.9,3.15,3.2,5.5,4.5,1.8,3.95,4.35,3.45,3.8,2,1.6,3.65,1.95,2.15,3.25,3.6,3.25,1.6,2.75,2.1,2.45,3.05,3.75,5.3,1.5,3.9,4.7,2.25,3.35,1.95,1.65,3.45,1.8,1.35,2.6,3.3,3.05,2.15,1.85,2.15,2.4,1.55,1.6,1.65,6.05,1.7,1.7,1.6,1.45,2.1,2,1.85,2.05,1.55,1.4,2.3,2.2,1.55,1.6,2.15,3.1,4,3.7,3.8,1.85,5.5,5,3.15,3.35,2.5,2.45,4.35,3,2.25,2.65,3.45,3.25,1.85,2.55,2.5,2.2,2.7,2.3,3.15,1.15,3.2,4.1,1.6,2.4,1.7,1.85,3.05,2,1.55,2.3,2.55,2.65,1,2.05,1.9,4.8,3.65,4.6,3.3,2.85,3.45,3.45,7.4,3.3,2.65,2.95,3.55,3,2.8,3.25,4.95,3.75,2.2,3.15,3.5,0.6,1,1,1.05,0.65,1.2,1,0.95,1.7,0.4,0.4,1.05,0.55,0.75,1,0.75,0.8,0.4,0.9,0.45,2.85,2.35,1.85,1.8,1.6,2.4,2.55,1.25,2.1,4.55,4.2,2.65,3.35,3.4,2.45,2.25,2.6,2.05,2.25,4.5,5.1,5.65,4.8,4.4,3.65,4.9,5.3,4.05,4.6,7.7,8.9,5.35,7.6,7.6,4.05,5.15,5.4,4.05,6.15,7.15,4.1,6.15,4.5,4.35,2.25,5.9,5.45,3.3,4.3,3.15,3.25,7,3.6,2.25,3.9,4.5,4.15,1.95,2.95,3.45,2.15,1.9,1.5,1.35,1.75,2.2,1.65,1.55,1.55,2.8,3.05,1.85,3.65,2.65,1.45,1.75,1.95,1.55,2.25,2.85,1,0.85,0.85,0.7,0.75,0.95,0.9,0.7,1.1,1.85,2.15,1.15,1.7,3,0.95,1,1.05,1.65,1.5,1.85,5.4,4.2,4.35,5.05,2.85,4.4,5.2,3.95,4.15,3.35,3.65,4.95,3.45,2.75,9.2,4.95,5.25,3.3,3.3,3.75,4.9,4.45,5.85,6.3,2.85,5,5.9,4.7,4.8,3.4,3.85,5.35,3.15,2.85,4.8,7.05,6.35,2.25,3.3,3.8,5,5.7,5.05,4.75,3.6,5.55,5.6,4.4,5.65,5.15,4.95,5.8,5.55,5.25,4.45,6.25,8.15,2.75,4.6,5.65,1,0.85,0.55,0.65,0.75,1.05,0.95,0.75,0.75,0.9,0.9,0.75,0.95,1.2,0.5,0.75,0.95,3.3,1.45,0.95,2.2,1.8,2.05,1.35,2.3,1.75,1.45,1.25,3.55,2.15,2.7,1.95,2.8,4.1,1.25,2.15,2.35,2.15,5.45,2.15,5.8,4.4,3.15,3.25,4.15,4,3.75,3.55,3.25,7.75,6.3,4.4,6.65,5.35,3.9,4.6,5.6,3.3,4.95,8.4
1-212.txt_63,7.8235,3.4706,3.4118,3.2353,3.5294,4.2941,3.8235,4.6471,3.1765,3,3,4.2353,3.4118,2.5882,3.8235,5.3529,4.7647,2.5294,3.5294,4.0588,2.6471,6.4118,3.1176,2.7647,1.3529,4.3529,3.8235,2,3.1765,2,2.2941,4.4118,2.7059,2,2.2353,3,2.9412,2.0588,3.0588,2.2941,2.5294,3.1176,6.9412,4.4118,1.5294,3.5882,3.7647,3,3.2353,1.5882,1.2941,3.7647,2,1.2941,2.5882,3.7059,3.4118,1,1.8235,1.8235,2.0588,2.3529,3.7647,6.1176,1.0588,2.7647,3.5882,2.4118,2.7059,1,0.8824,2.4118,1.2353,1.0588,2.0588,2.8824,2.2353,0.7059,1.3529,1.0588,2.0588,0.8235,1.1765,0.8235,6.5294,0.9412,0.7647,1.2353,0.8824,1.5294,1.5294,0.8824,1.5294,1.1176,1.1176,2.1765,2,1.1176,1.1765,1.8235,2.2941,2.7647,3,2.5882,1.0588,5,3.2941,1.7059,2.5294,1.0588,1.2353,3.0588,2,1.1765,1.7647,3,2.2941,1.2941,1.7059,1.3529,2.6471,3.2941,2.8824,3.7059,0.9412,4.4118,6.1765,1.8235,2.8824,1.4118,1.4706,3.7059,2.0588,1.5294,2.2941,3,2.7647,1.4118,2.0588,2,4.1765,2.5294,3.5294,2.7647,2.1765,2.8235,2.7059,7.9412,3,1.4706,1.5882,3.4118,2.7647,1.8235,2.8824,4.1176,2.8824,2.1176,2.3529,1.9412,0.3529,0.5294,0.5882,0.4706,0.2353,0.5882,0.7647,0.2941,1.2941,0.3529,0.5294,0.4706,0.4706,0.4706,0.2941,0.4118,0.3529,0.2941,0.6471,0.3529,1,0.5294,0.2941,0.2941,0.9412,0.5882,0.4118,0.2941,0.2941,2.7647,1.8824,0.5882,1.7059,1.2941,0.5882,0.6471,1.1765,0.5882,0.8824,2.2353,2.7647,1.8824,1.4706,1.5294,2.4118,2.2941,1.7647,1.5294,1.8235,4.5882,6.4706,1.9412,4.5882,4.4118,1.2941,2.1176,3.1765,3.2353,3.5294,4,4,6.5294,4.7647,4.0588,1.9412,6,5.7647,3.5882,4.3529,2.2353,2.7647,9.2353,3.7647,1.8235,3.7059,4.8824,4.8824,1.9412,3.1176,2.8824,0.9412,0.9412,0.7059,0.5294,0.7647,1,0.7647,0.5294,0.7059,1.4706,1.4706,1.0588,2.4118,1.0588,0.5882,0.8824,1.1765,0.7059,0.8235,1.2353,0.4706,0.4118,0.7059,0.3529,0.4118,0.3529,0.3529,0.2353,0.5882,1.1176,1.0588,0.4118,0.9412,1.8235,0.2353,0.4706,0.5882,0.8235,1.1176,0.8235,0.8824,1.1176,0.8824,1.1765,0.4118,1,1,1,0.7059,0.4118,0.4118,1.2353,0.5882,0.3529,2.5882,0.9412,0.8824,0.2941,0.4706,0.5882,4.8824,3.7059,4.7059,5,2.8824,4.1765,4.4706,4.0588,3.2353,2.2353,2,4.1176,2.7647,1.8824,3.1765,7.2353,5,1.5294,2.3529,2.7059,5.5882,5.1765,5.8235,5.0588,4.2353,5.7059,5.5294,4.1765,4.1176,4.4118,4.4118,6.1765,5.1765,3.4706,4.2941,7.4118,11.0588,3.6471,3.9412,5.3529,0.4118,0.3529,0.3529,0.5294,0.3529,0.5294,0.4706,0.7059,0.4118,0.2941,0.4706,0.2941,0.4706,0.8824,0.2353,0.4706,0.4118,2.7647,1.0588,0.2941,1.3529,1.1765,1.1176,0.7647,0.9412,1.4118,1.0588,0.7647,2.2941,1.5882,1.4118,1.4118,1.5294,3.0588,1.1765,1.7647,1.7059,2.2941,4.5294,1.4118,4.3529,3,2.4118,2.3529,3.5294,3.0588,2.8235,2.5294,2.1176,6.8235,5.9412,3.0588,5.2353,4.0588,2.5294,3.1765,4.5882,2.3529,3.5294,8.4118
1-212.txt_65,7.5,2.5,3,2.5,3.125,3.125,3.125,4.125,2.4375,2.6875,2.4375,3.1875,3.1875,1.8125,3.0625,4.75,4.5,1.625,2.375,4.0625,1.0625,3,1.3125,1.3125,0.5,1.625,1.4375,1.1875,1.25,0.9375,0.875,2.0625,1.0625,0.75,0.875,1.1875,1.1875,0.5625,0.8125,0.875,1.3125,1.9375,3.8125,2.5625,0.8125,1.9375,2,1.5,1.875,0.5625,0.5625,2.0625,1,0.625,1.125,2.0625,1.6875,0.375,1,0.75,3.0625,3.125,5.5,8.75,1.5625,3.9375,5.1875,4,3.375,1.6875,1.3125,3.9375,2.125,1.1875,2.9375,4.4375,3.6875,0.875,2,1.6875,1.5,0.375,0.75,0.375,5.25,0.75,0.375,0.75,0.75,1.5,1.125,0.75,1.125,0.75,0.75,1.5,1.5,0.75,0.75,1.5,1.5,2.125,1.875,1.9375,0.625,3.6875,2.5625,1.0625,1.9375,0.8125,0.9375,2.3125,1.4375,0.75,1.25,1.8125,1.5,1.125,1.5625,0.8125,3.6875,4.3125,4.875,6.3125,1.375,6.25,8.6875,3.6875,4.0625,1.375,1.5625,5.4375,2.5625,1.125,3.3125,4.9375,4.0625,1.5625,2.4375,2.0625,3.3125,1.4375,2.5625,2.3125,1.4375,2,2,6.375,1.8125,1.0625,0.9375,2.0625,1.5,1.25,1.8125,3.25,2.125,1.1875,1.3125,1.25,0.8125,1.1875,1.3125,1.3125,0.4375,1.5,1.375,0.75,3,0.3125,0.4375,1.0625,0.75,0.875,0.75,1,0.8125,0.5625,1.5,0.4375,0.375,0.25,0.125,0.25,0.5,0.25,0.125,0.125,0.125,1.25,0.75,0.25,0.75,0.625,0.25,0.25,0.5,0.25,0.375,1,2.8125,3,1.5625,1.8125,2.625,2.9375,2.625,1.1875,2.1875,5,7.5,2.3125,5.75,4.4375,1.875,2.4375,3.5,2.6875,3.4375,4.75,2.8125,4.375,3.375,2.5625,1.3125,3.875,3.5,2.0625,2.625,1.3125,1.3125,5.875,2,1.25,2.375,3.25,2.5625,1.1875,1.875,1.4375,1.5,1.5,1.375,1,1.25,2.125,1.375,0.875,1.25,2,2.25,1.5,4,1.625,1,1.5,2,1.125,1.375,1.875,0.875,0.8125,0.6875,0.375,0.8125,0.5625,0.5,0.6875,1.5,1.875,2.0625,0.75,1.875,4.25,0.375,0.8125,1.125,2.25,3.125,1.5625,1.5625,1.1875,1.1875,1.1875,0.875,1.1875,1.5625,1.1875,1.1875,0.875,0.875,1.5,0.875,0.5,4.75,1.5625,1.5,0.5625,0.875,0.875,4,2.875,3.375,3.25,2.6875,3.4375,3.375,3.25,2.6875,1.75,1.625,3.625,2.25,1.5625,2.75,6.5,4.0625,1.5,2.125,2.4375,3.5625,3,3.5,2.8125,2.9375,2.9375,2.875,2.25,2.25,3.0625,3.25,3.125,3.5625,2.1875,2.8125,4.5625,6.9375,1.625,2.25,3.75,0.375,0.375,0.1875,0,0.375,0.5625,0.375,0.375,0.375,0.375,0.5625,0.375,0.5625,1.125,0.1875,0.375,0.375,3,1.3125,0.375,1,1.125,0.9375,0.625,0.625,1.0625,1,0.6875,2,1,1.25,1.1875,1.25,2.5,0.625,1,1,2.0625,3.5625,1.1875,3.8125,2.25,2.125,1.25,3.375,2.6875,2.125,1.0625,1.75,6.5625,5.4375,2.375,5.0625,3.5625,1.9375,2.875,4.0625,2,3.125,7.4375
1-212.txt_67,6.8571,2.5714,1.7143,1.7143,3.4286,2.5714,2.5714,3.4286,1.7143,2.5714,2.5714,2.5714,2.5714,1.7143,2.5714,4.2857,3.4286,0.8571,1.7143,3.4286,1.2857,3.8571,1.7143,0.8571,0.4286,2.1429,1.7143,0.8571,1.7143,0.4286,0.8571,2.5714,1.2857,0.4286,0.8571,1.2857,1.2857,0.4286,0.8571,0.4286,0.8571,1.7143,4.2857,2.1429,0.4286,1.7143,1.7143,1.7143,2.1429,0.4286,0.4286,1.7143,0.8571,0.4286,0.8571,2.1429,1.7143,0,0.8571,0.4286,1.8571,1.8571,4.6429,9.2857,0.9286,3.7143,5.5714,2.7857,2.7857,0.9286,0,2.7857,0.9286,0.9286,2.7857,3.7143,2.7857,0,0.9286,0.9286,2.2857,0.5714,0.5714,0.5714,7.4286,0.5714,0,1.1429,0.5714,1.7143,1.7143,0.5714,1.7143,1.1429,0.5714,1.7143,1.7143,1.1429,1.1429,1.7143,0.8571,1.4286,1.1429,1.1429,0.2857,2.5714,1.7143,0.5714,1.1429,0.2857,0.5714,1.4286,1.1429,0.2857,0.8571,1.1429,0.8571,0.5714,0.8571,0.5714,3.6429,4.8571,4.8571,7.2857,0,7.2857,10.9286,2.4286,4.8571,1.2143,1.2143,6.0714,2.4286,1.2143,3.6429,4.8571,3.6429,1.2143,2.4286,2.4286,3.7143,1.8571,3.7143,2.7857,1.8571,1.8571,1.8571,9.2857,1.8571,0,0,1.8571,0.9286,0.9286,1.8571,3.7143,1.8571,1.8571,0.9286,0.9286,1.2857,2.5714,3.2143,1.9286,0.6429,2.5714,2.5714,1.2857,7.7143,0.6429,0.6429,1.9286,1.2857,1.9286,1.2857,1.9286,1.2857,1.2857,3.8571,0.6429,1.0714,0.3571,0.3571,0.3571,1.0714,0.3571,0.3571,0,0.3571,2.8571,2.1429,0.3571,1.7857,1.4286,0.3571,0.7143,1.0714,0.3571,1.0714,2.5,4.9286,3.2857,1.6429,0,4.9286,3.2857,1.6429,0,1.6429,9.8571,13.1429,3.2857,9.8571,6.5714,1.6429,3.2857,4.9286,3.2857,4.9286,8.2143,2.5714,5.1429,3.4286,2.5714,0.8571,4.2857,4.2857,1.7143,2.5714,0.8571,1.7143,6.8571,2.5714,0.8571,2.5714,3.4286,2.5714,0.8571,1.7143,1.7143,0.4286,0.4286,0.2857,0.1429,0.4286,0.5714,0.2857,0.1429,0.2857,0.7143,0.8571,0.4286,1.2857,0.5714,0.2857,0.4286,0.4286,0.4286,0.4286,0.7143,1.4286,0.7143,0.7143,0.7143,1.4286,0.7143,0.7143,0.7143,2.1429,2.8571,2.8571,0.7143,2.8571,7.1429,0,1.4286,1.4286,3.5714,5,2.1429,1.2857,0.8571,0.8571,1.2857,0.4286,1.2857,1.2857,0.8571,0.8571,0.4286,0.4286,1.2857,0.8571,0,4.7143,1.2857,1.2857,0,0.4286,0.8571,6.7857,4.0714,6.7857,5.4286,4.0714,5.4286,5.4286,5.4286,4.0714,2.7143,2.7143,5.4286,4.0714,2.7143,4.0714,10.8571,6.7857,1.3571,2.7143,2.7143,5.4286,4.0714,5.4286,4.0714,4.0714,4.0714,4.0714,2.7143,2.7143,4.0714,4.0714,4.0714,4.0714,2.7143,4.0714,6.7857,12.2143,2.7143,2.7143,5.4286,0.2143,0.2143,0,0,0.4286,0.4286,0.2143,0.4286,0.4286,0.2143,0.4286,0.2143,0.6429,1.0714,0,0.2143,0.4286,3,1.2857,0.2143,0.8571,0.8571,0.8571,0.4286,0.8571,1.2857,0.8571,0.4286,2.5714,1.2857,1.2857,0.8571,1.2857,3,0.4286,0.8571,0.8571,2.5714,4.7143,1.2857,2,0.5,0.5,0.5,1.5,1,1,0.5,0.5,3.5,2.5,1,2.5,1.5,1,1,2,0.5,1.5,4
1-212.txt_69,12.8421,7.4211,7.4737,7.7368,7.7368,8.2105,8.1579,8.2105,7.2632,8.0526,7.4737,8.4211,8.2632,7.8947,7.2105,9.6316,9.1053,6.5789,8.1053,9.2632,11.8947,20.4737,15.0526,12.3684,8.0526,16.2632,14,10.1579,13.7895,9.6842,10.1053,17.4211,11.9474,10.5263,10.1053,13.4737,12.4737,9.1579,12.6316,10.3684,4.9474,5.7368,10.7368,7,3.6316,6.6316,6.5263,5.9474,7.3158,4.1053,3.5263,7.1053,4.6316,3.2105,4.0526,6.2632,5.8947,2.4211,4.8421,4.0526,7.1579,7.2105,10.0526,14.1053,4.3684,8,9.4211,8.2105,7.4737,4.5789,4.5263,7.6316,5.2632,5.5789,5.6842,8.7368,7.0526,4.3158,6.2105,4.8421,7.5263,5.0526,5.4737,4.6842,19.8421,5.2105,4.9474,4.8947,4.5789,6.4737,6.3158,4.9474,6.4211,5.5263,5.3158,7.3684,7.1579,6.1579,5.8947,7,5.6316,7.1579,6.8947,6.6842,4.4737,9.7895,7.7895,5.4737,6.7368,4.4737,4.5789,7.5263,5.3684,4.6842,5.3158,7.2632,6.4737,5.3684,5.3158,4.7368,9.3684,8.8947,10.6842,11.6842,4.9474,10.4211,15.2632,7.1579,9.2105,6.6316,6.5263,10.3158,7.2105,5.7895,7.8421,9.8947,8.8421,5.4211,7.1053,8.0526,18.3684,14,17.3684,16.3684,11.1053,15.3684,15.1579,29.8421,13.8421,10.0526,10.6316,15.2632,12,11.1579,13.2632,18.2105,15.7895,11.8947,11.8421,11.4211,5.1053,5.9474,6.7895,5.4211,3.8421,6.1579,6,4.7368,10.9474,4.2632,4.7368,6.2105,5.0526,5.6842,4.0526,5.9474,5.4211,5,8.4211,4.4211,5.4737,4.4211,4.1053,3.7368,4.1053,4.2632,4.2632,3.2105,4.3158,9.7368,7.3684,5,7.6316,5.8947,3.5789,4.3684,5.5263,4.3684,5,8.3158,10.6842,9.0526,8.4211,6.8947,8.6316,8.7895,8,7.5263,8.0526,13.8421,17.0526,9.6316,13.6842,11.7368,7.3158,9.6316,10.6842,9.0526,11.3684,13.3684,2.3158,2.7895,2.8947,2.6316,1.5263,2.6316,3.0526,1.6316,2.1579,1.5263,1.9474,3.7895,1.8421,1.2105,2.1053,2.2105,2.4737,1.4211,1.7368,1.8421,4.7895,5.2105,4.6842,3.5263,3.2632,5.1053,4.2105,3.7895,5.1053,6.3684,6.8421,5.2632,9.2105,6,4,4.5789,5.1579,4.1053,5.4211,5.5789,3.4737,2.8947,2.5263,2.4737,2.7368,3.1579,2.6316,2.4211,3.6842,4.8947,5.1579,2.7368,5.5789,8.7895,2,3.1053,3.6316,5.1579,7.0526,4.4737,9.3684,8.0526,7.6842,8.1579,5.8947,8.3684,9.1053,7.3158,7.6316,7.2632,6.9474,9.1053,7.5263,5.5263,16.4211,9.2105,8.7368,5.4211,7,8.2105,8.5789,8.0526,8.6842,8.0526,7.5263,7.8947,7.9474,7.7895,7.1579,5.4211,5.6316,8.7895,6.1579,5.7895,6.8421,11.3684,9.1579,4.7368,7.1579,6.2105,7.6842,7.0526,8.4211,6.9474,5.4737,7.1579,7.0526,6.9474,6.5263,7.1053,6.9474,7.6842,6.6842,6.1053,6.4211,9.1579,11,4.3158,6.4211,8.0526,4.5789,4.4737,4.4211,3.6842,3.4737,4.8947,4.9474,4.2632,4.7895,4,4.2105,4.9474,4.9474,6.5789,3.6842,5.1053,4.5789,14.5263,8.2105,3.6316,4.3684,4.0526,4.1579,3.3684,3.4737,4.3684,4.0526,3,5.9474,4.6316,4.4737,4.2632,4.3684,6.4211,3.3158,4.2632,4.3158,5.1579,9.9474,4.9474,8,5.2105,6,5.5263,6.1053,5.4737,5.5789,5.3158,5.3684,9,7.2105,5.1053,7.4737,5.4211,6.2105,6.3684,7,3.7368,6,10.4737
1-212.txt_71,6.2857,2.3571,1.5714,1.5714,3.1429,2.3571,2.3571,3.1429,1.5714,2.3571,2.3571,2.3571,2.3571,1.5714,2.3571,3.9286,3.1429,0.7857,1.5714,3.1429,1.2857,3.8571,1.7143,0.8571,0.4286,2.1429,1.7143,0.8571,1.7143,0.4286,0.8571,2.5714,1.2857,0.4286,0.8571,1.2857,1.2857,0.4286,0.8571,0.4286,1,2,5,2.5,0.5,2,2,2,2.5,0.5,0.5,2,1,0.5,1,2.5,2,0,1,0.5,1.1429,1.1429,2.8571,5.7143,0.5714,2.2857,3.4286,1.7143,1.7143,0.5714,0,1.7143,0.5714,0.5714,1.7143,2.2857,1.7143,0,0.5714,0.5714,2.2857,0.5714,0.5714,0.5714,7.4286,0.5714,0,1.1429,0.5714,1.7143,1.7143,0.5714,1.7143,1.1429,0.5714,1.7143,1.7143,1.1429,1.1429,1.7143,1.7143,2.8571,2.2857,2.2857,0.5714,5.1429,3.4286,1.1429,2.2857,0.5714,1.1429,2.8571,2.2857,0.5714,1.7143,2.2857,1.7143,1.1429,1.7143,1.1429,2.5714,3.4286,3.4286,5.1429,0,5.1429,7.7143,1.7143,3.4286,0.8571,0.8571,4.2857,1.7143,0.8571,2.5714,3.4286,2.5714,0.8571,1.7143,1.7143,5.7143,2.8571,5.7143,4.2857,2.8571,2.8571,2.8571,14.2857,2.8571,0,0,2.8571,1.4286,1.4286,2.8571,5.7143,2.8571,2.8571,1.4286,1.4286,0.2857,0.5714,0.7143,0.4286,0.1429,0.5714,0.5714,0.2857,1.7143,0.1429,0.1429,0.4286,0.2857,0.4286,0.2857,0.4286,0.2857,0.2857,0.8571,0.1429,0.4286,0.1429,0.1429,0.1429,0.4286,0.1429,0.1429,0,0.1429,1.1429,0.8571,0.1429,0.7143,0.5714,0.1429,0.2857,0.4286,0.1429,0.4286,1,1.9286,1.2857,0.6429,0,1.9286,1.2857,0.6429,0,0.6429,3.8571,5.1429,1.2857,3.8571,2.5714,0.6429,1.2857,1.9286,1.2857,1.9286,3.2143,2.7857,5.5714,3.7143,2.7857,0.9286,4.6429,4.6429,1.8571,2.7857,0.9286,1.8571,7.4286,2.7857,0.9286,2.7857,3.7143,2.7857,0.9286,1.8571,1.8571,1.2857,1.2857,0.8571,0.4286,1.2857,1.7143,0.8571,0.4286,0.8571,2.1429,2.5714,1.2857,3.8571,1.7143,0.8571,1.2857,1.2857,1.2857,1.2857,2.1429,1,0.5,0.5,0.5,1,0.5,0.5,0.5,1.5,2,2,0.5,2,5,0,1,1,2.5,3.5,1.5,1.7143,1.1429,1.1429,1.7143,0.5714,1.7143,1.7143,1.1429,1.1429,0.5714,0.5714,1.7143,1.1429,0,6.2857,1.7143,1.7143,0,0.5714,1.1429,5.7143,3.4286,5.7143,4.5714,3.4286,4.5714,4.5714,4.5714,3.4286,2.2857,2.2857,4.5714,3.4286,2.2857,3.4286,9.1429,5.7143,1.1429,2.2857,2.2857,4.2857,3.2143,4.2857,3.2143,3.2143,3.2143,3.2143,2.1429,2.1429,3.2143,3.2143,3.2143,3.2143,2.1429,3.2143,5.3571,9.6429,2.1429,2.1429,4.2857,0.1429,0.1429,0,0,0.2857,0.2857,0.1429,0.2857,0.2857,0.1429,0.2857,0.1429,0.4286,0.7143,0,0.1429,0.2857,2,0.8571,0.1429,1.1429,1.1429,1.1429,0.5714,1.1429,1.7143,1.1429,0.5714,3.4286,1.7143,1.7143,1.1429,1.7143,4,0.5714,1.1429,1.1429,3.4286,6.2857,1.7143,4.5714,1.1429,1.1429,1.1429,3.4286,2.2857,2.2857,1.1429,1.1429,8,5.7143,2.2857,5.7143,3.4286,2.2857,2.2857,4.5714,1.1429,3.4286,9.1429
1-212.txt_73,6.2353,2.5882,2.2941,2.3529,3.2353,2.8235,2.8235,3.3529,2.1176,2.7647,2.6471,2.7647,2.7647,1.9412,2.7059,4.1176,3.8824,1.4706,2.1765,3.5294,4.7059,11.5294,5.7059,4.8824,2.2941,7.2353,6.4118,3.5294,5.8824,2.6471,3.5294,8.2353,4.8235,3.4118,3.6471,5.0588,5.1176,3,4.8235,3,2.2353,2.2353,5.1765,3.3529,1,2.7059,3.0588,2.2941,2.7647,1,1,2.7059,1.5294,1.0588,1.7059,2.5882,2.4118,0.9412,1.8235,1.0588,1.4118,1.4706,3.0588,5.1765,0.6471,2.1765,3.0588,1.8824,1.7059,0.6471,0.4706,2.0588,0.7647,0.6471,1.5294,2.1176,1.6471,0.2353,0.7647,0.6471,2.2941,0.9412,1.4118,0.8824,7.3529,1,0.7059,1.2941,1.1176,1.7647,1.7647,0.9412,1.8235,1.5882,0.8235,2.2353,2.0588,1.5294,1.8824,2,1.8824,2.9412,2.2353,2.2353,0.8824,4.7647,3.1176,1.4118,2.2941,0.8824,1.2941,2.9412,2.2353,0.8235,1.7647,2.2941,2.0588,1.2941,1.7647,1.3529,2.4118,2.0588,2.2353,2.7059,0.8235,2.5294,4,1.5882,1.8235,0.9412,0.9412,2.4706,1.2941,1.5882,1.3529,2,1.7059,1,1.3529,1.1765,3.5294,2.0588,3.6471,3.6471,1.5294,2.7059,2.9412,6.7059,2.2353,0.9412,0.9412,2.6471,1.5882,1.1765,2.5294,3.2353,2.3529,1.5882,1.7647,1.3529,1.1176,0.9412,1.0588,0.8235,0.4706,1.1765,1.1176,1.4706,2.5882,0.3529,0.4118,1.1176,0.6471,0.5882,0.6471,1,1,0.5294,1.0588,0.4706,1.5294,0.8824,0.7647,0.7059,1.4118,0.8824,0.7647,0.4706,0.6471,3.6471,2.7647,0.8824,2.2941,1.8235,0.8235,1.2941,1.8824,0.7647,1.4118,3.1176,3.4706,3.0588,2.7647,1.7059,2.9412,3.3529,2.6471,1.2941,2.1176,5.2353,7.5294,3.1765,5.7059,3.8824,1.8824,2.8824,3.8824,2.3529,3.1176,4.5294,3.7647,5.1176,4.7059,4.2941,1.6471,5.1765,5.3529,3.2353,3.3529,1.6471,2,7.7647,3.1176,1.4118,2.9412,4.4118,4,1.4706,2.2941,2.2353,2,1.5294,1.2941,0.9412,1.5882,1.8824,1.2941,0.9412,1.4706,2.8235,3,1.5882,4.6471,2.2353,1.1765,1.8235,2.1765,1.6471,2.1765,3.0588,2.0588,1.2353,1.1176,0.8824,1.5294,1.2353,1.1176,1.0588,2.1765,2.7059,2.8235,1.1176,2.5294,6,1,1.9412,2.2353,3.9412,4.2941,2.5294,3.2353,1.9412,2.6471,3.1176,1.4706,2.5882,3,2.4706,2,1.5882,1.5882,2.7059,1.9412,0.9412,7.8235,3,2.8824,0.6471,1.3529,2.1176,3.0588,2.2941,3.1176,2.5294,1.8235,2.7059,3.0588,2.1765,2.2353,1.5294,1.4118,3,1.8824,1.4706,1.9412,4.7647,3.4118,1.2353,2.2941,1.8824,3.2941,2.8235,4.0588,3.6471,2.4118,2.7647,2.8235,2.2353,2.2941,2.6471,2.5882,2.7647,2.8824,1.8824,2.8235,3.9412,6.4118,1.5294,2,3.4118,0.2353,0.2353,0,0,0.2353,0.2353,0.1176,0.2353,0.2353,0.2353,0.3529,0.1176,0.3529,0.5882,0,0.1176,0.2353,2,0.8235,0.1176,2.8824,2.7647,3.1176,2.7059,2.4118,3.3529,3.0588,1.8824,5.8235,3.4706,3.6471,2.8235,3.8235,6.7059,2.2353,2.8824,3.3529,6.2353,10.5882,3.5882,4.4706,2.3529,2.5882,2.1765,3.2353,3,3.1765,2.1765,2,6.6471,4.8824,3.2941,4.8235,3.4706,2.5294,3.2353,4.3529,1.7059,3.1765,8
1-212.txt_75,15.4375,5.1875,5.375,4.9375,7.25,6.5625,6.375,8,5,6.375,5.875,6.5,7.4375,4.0625,7.125,10,8.5,3.4375,5.0625,8.5,5.875,16.5625,7.25,5.4375,2.375,9.75,8.0625,5.0625,7.5625,3.5625,4.375,11.375,5.1875,3.5,5.125,7.3125,6.625,3.5,4.9375,3.875,4.625,5.75,14.625,8.4375,2.9375,7.125,6.875,5.75,6.875,2.0625,1.875,7.0625,4.125,2.875,4.0625,7.1875,6.75,1.625,4.3125,3.1875,5.8125,6.0625,11.0625,19.0625,2,9.375,11.5,5.9375,7.1875,2.0625,2.0625,8,3.75,1.875,6.125,9,7.25,0.5625,3.625,2.375,4.375,1.9375,2.4375,1.4375,14.375,2.5,1.5,2.3125,2.375,4.1875,3.4375,2.5,3.375,2.75,2.25,4.3125,4.5,2.4375,2.625,4.1875,3.3125,4.75,4.25,3.875,1.75,8.375,5.5625,2.5,4,1.6875,2.125,5.25,3.25,0.9375,2.8125,4.3125,3.5625,2.25,2.4375,1.875,10.625,12.75,13.5625,16.4375,2.8125,18,27.625,8.375,12.5625,3.25,5.25,15.4375,7.8125,2.9375,10.0625,13.0625,10.5,5.0625,7.5625,5.5625,8.625,4.8125,7.125,5.875,5.0625,5.6875,5.6875,17.6875,5.25,2.875,2.75,6.0625,4.3125,4.0625,5,9.125,6.25,3.6875,3.8125,3.0625,1.8125,2.625,3.25,2.625,1.625,2.8125,3,1.6875,6.8125,0.6875,1.125,2.25,1.6875,2,1.625,2.3125,1.875,1.125,3.4375,1,5,3.0625,1.9375,1.9375,6.1875,3.0625,2.3125,1.875,2.0625,13.25,9.0625,3.125,8.75,7.25,3.0625,3.625,6,3.3125,4.6875,11,7.9375,7,3.4375,3.5,8.125,7.375,5.5625,3,6.25,15.875,21.625,5.5,16.75,13.125,5.1875,5.625,9.75,7.9375,10.75,14.875,10.5625,17.3125,13.75,11.125,5.0625,15.5,14.4375,8,10.3125,5.5625,5.5,22.625,8.1875,5.125,9.5,13.1875,11.6875,4.875,7.5625,5.6875,1.25,1.25,0.875,0.6875,0.875,1.25,0.875,0.5625,0.9375,2,2.0625,1.1875,3.375,1.5,0.6875,1,1.25,0.9375,1.1875,1.8125,4.75,3.8125,3.75,2.1875,4.375,2.5625,2.4375,3.75,6.875,8.6875,9,3.8125,8.6875,20,2.25,4.375,5.75,10.0625,13.5625,7.125,6.125,5.125,4.5625,4.625,3.25,5.4375,6.375,4.375,4.5625,3.625,3.9375,6.3125,3.9375,2.5625,18.5,5.9375,6,2.0625,3.5625,3.5,11.0625,8.125,11.1875,8.6875,6.8125,9.5,9.125,8.3125,8.0625,4.4375,4.3125,9.4375,6.1875,3.9375,7.5,16.125,11.5,3.6875,5.8125,6.125,6,4.75,5.8125,4.5,4.5625,4.8125,4.6875,4,3.5625,4.9375,4.875,5.125,5.125,3.5625,4.4375,7.1875,11.125,2.4375,3.5625,5.75,1.25,1.5625,0.875,0.5625,1,1.75,1.5625,1.4375,1.3125,1,1.4375,1.375,1.5,2.625,0.75,1.3125,1.1875,7.625,3.3125,1,2.75,2.75,2.5625,1.75,1.8125,3,2.625,1.6875,5.6875,2.875,3.8125,2.75,3.625,6.6875,2.375,2.75,2.6875,5.8125,10.0625,3.5,10.3125,4.6875,4.5,3.1875,8.1875,5.5,5.4375,3.25,3.5,15.875,12.6875,5.0625,12.9375,9.3125,4.75,6.9375,10.4375,4.8125,8.25,19.1875
1-212.txt_77,5.1765,2.2353,2.2941,2.5882,2.3529,2.8235,3.1765,2.8824,2,2.2941,2.1765,2.7059,2.3529,1.9412,2.2353,3.5882,3.0588,1.5882,2.2941,2.7059,1.8824,3.7647,1.8824,1.2353,0.8235,2.0588,1.7647,1.4706,1.7059,0.8824,1.1765,2.7647,1.4118,1.1176,1.5294,1.7059,1.7059,1.0588,1.5882,1.2353,1.2941,1.1176,2.8235,1.8824,0.5882,1.5882,1.7647,1.3529,1.2941,0.6471,0.6471,1.2941,0.8824,0.4706,0.9412,1.5294,1.4118,0.5294,0.7647,0.8824,1.8824,1.5882,3.3529,5.7647,0.8235,2.2941,3.2941,1.7647,1.8235,0.8235,0.7059,2.1176,0.9412,0.8235,1.7059,2.2941,2.1176,1,1,0.8235,2.2941,0.8235,1.4118,0.7647,7.1176,1,0.8235,1.1765,1.2353,1.7059,1.7059,0.8824,1.7647,1.9412,1,2.2353,2,1.5294,2.0588,2,1.7059,1.9412,1.7647,1.5882,0.5882,3.4118,2.4118,1.1176,1.5882,0.6471,0.7059,2.5294,1.2353,0.4118,1.0588,1.7647,1.7059,0.7059,1.0588,0.8824,3.1176,4.1765,4.6471,5.7647,1.1176,5.4118,8.2941,2.6471,3.8824,1.4118,1.7059,4.7647,2.4118,1.7647,2.8824,4.1176,3.5882,1.7647,3,2.1765,3.1765,2,3.0588,2.5882,1.7059,2.7647,2.1176,6.2941,2.0588,0.9412,1.2353,2.2353,1.7059,1.2941,1.7647,3,2.4118,1.6471,1.7647,1.4706,1.4706,1.5882,1.9412,1.3529,0.7059,1.9412,1.5882,1.4118,3.8824,0.7647,1.0588,1.8235,1.2353,1.1176,1,1.4118,1.3529,0.8824,1.9412,0.8824,0.4118,0.5882,0.8235,0.4118,0.2941,0.5294,0.4706,0.2941,0.4118,0.8235,0.4706,1,0.4706,0.3529,0.2941,0.4706,0.7059,0.1765,0.3529,0.5294,2.7647,2.1176,1.9412,1.5882,2.5882,2.5294,1.7647,1.0588,2.0588,5,7.1765,2.1176,5.7059,4.5882,1.4118,2.4118,2.8235,2.6471,3.5882,4.2941,5.8235,8,7.1765,6.7647,2.9412,7.4706,7.4118,5.4706,5.1176,3.5882,3.5882,12.1765,4.8824,2.4706,5.2941,6.8235,6.1765,2.3529,3.9412,4.4118,0.4118,0.4118,0.2941,0.1765,0.3529,0.4706,0.2941,0.1765,0.5294,0.5882,0.7059,0.4118,1.1176,0.7059,0.2941,0.4118,0.4118,0.5882,0.9412,0.5882,3,2.2353,2.5294,2.3529,2.1176,2.7647,2.7647,1.7647,4,3.7059,4.2353,2.5294,4.0588,9.2353,1.4706,3.0588,2.9412,4.2353,6.3529,3.2941,2.0588,1.5294,1.7059,1.7647,1.1765,2.4706,2.2353,2,1.4118,1.3529,1.4118,2,1.7059,0.8235,5.8235,2.1176,2.5882,0.7059,1.1176,1.8235,4.4118,3.4118,5.1765,3.8235,2.7647,3.6471,3.5882,3.2353,3,2.4706,2.4706,4,3.2353,1.9412,2.7647,6.7059,5.3529,1.4118,2.2941,3.0588,2.5882,2.1176,2.7059,2.1765,1.7647,2.7647,2.2353,1.5882,1.9412,1.8235,1.6471,2.7647,2.3529,1.4118,1.7647,2.9412,4.6471,1.2353,1.9412,2.0588,0.2353,0.2353,0.1176,0,0.2353,0.2353,0.1176,0.2353,0.2353,0.2353,0.3529,0.1176,0.3529,0.7059,0.1176,0.2353,0.2353,2,0.8235,0.1176,3.0588,2.9412,2.5882,1.9412,2.0588,3.3529,2.7059,1.7647,5.0588,2.8235,2.8824,3.1176,2.9412,5.4706,1.8235,2.8235,2.9412,5.3529,9.1765,2.9412,5.1176,2.6471,2.2941,2.4118,3.8824,3.2941,3.4118,1.8824,2.7647,8.1176,6.0588,3.1176,6,4.5882,2.9412,3.4706,5.2941,2.9412,4.4118,9.7059
1-212.txt_79,7.1765,2.8824,2.8824,2.5882,3.1176,3.7647,3.3529,3.8235,2.7059,2.8235,2.8824,3.7647,3.2353,2,3.7059,4.5882,3.7059,1.7647,2.4118,3.6471,0.7647,2,1.1176,0.9412,0.4118,1.2353,1.5294,0.5294,0.8824,0.7059,1.0588,1.6471,1.2353,0.5882,0.5882,0.8824,0.8824,0.4706,0.6471,0.8824,2.4706,2.7059,6.5294,3.2941,1.5294,3,2.7059,2.8824,3.4706,1.3529,1.3529,3,1.8235,1.1765,1.8235,3.2941,3.6471,0.8235,1.7059,1.8824,2.3529,2.1765,3.5882,6.9412,0.9412,3.2941,4,2.2941,2.2353,1,1.0588,2.9412,1.1765,1.0588,2.0588,2.7647,2.2353,0.7059,1.5294,1.1176,1.5882,0.5294,0.7647,0.4706,4.8235,0.7059,0.5882,0.7647,0.8235,1.1176,1.1176,0.5882,1.1176,1.0588,0.7647,1.4118,1.3529,1,1.3529,1.3529,2.8235,2.9412,2.6471,3.0588,1.0588,5.4706,4.0588,2,2.5882,1.1765,1.4118,3.5882,2.7059,0.8235,1.8824,2.8235,2.3529,1.1176,1.6471,1.5294,4.5882,4.2353,4.7059,5.9412,1.7647,5.4706,8.2941,3.2353,3.7647,2,2,5.5882,2.5882,1.6471,3.1765,4.7059,4.2353,1.7059,2.4118,2.5882,3.1765,1.9412,3.1765,3.8235,1.6471,2.7059,2.7647,6.8235,2.1176,1.2353,1.4706,2.5294,1.8824,1.4706,2.0588,3.0588,2.6471,1.7647,1.7647,1.5294,0.5294,0.8235,1.2941,1.6471,0.1765,0.8824,0.9412,0.5294,1.7647,0.1765,0.1765,1.1765,0.4118,0.3529,0.5294,0.7059,0.6471,0.1765,0.7059,0.2353,1.8824,1.4118,1.2941,0.8824,1.5294,1.9412,1.2353,0.7059,1.0588,3.8824,2.9412,1.4706,2.7059,2.2353,1,1.4118,1.9412,1.1176,1.6471,3.1765,3.2353,2.5294,2.7647,2.1176,2.6471,3,2.4118,1.6471,2.1176,4.5294,6.5294,2.7059,5.0588,3.7059,1.9412,3.1765,3.4706,2.2353,2.7647,4.4118,3.7647,4.9412,4.2941,4.0588,2.2353,5.2353,5,3.4118,3.4706,2.4118,2.5294,7.4706,3.1176,1.9412,3.6471,4.4706,4.5882,2.7059,2.7647,2.8824,0.4706,0.4118,0.3529,0.2353,0.4118,0.5294,0.3529,0.2353,0.3529,0.7059,0.8235,0.4118,1.2941,0.5882,0.2941,0.4118,0.4706,0.4118,0.4706,0.7059,1.5882,1.4706,1.5294,0.9412,1.3529,1.2941,1.4118,0.7647,2.4118,3.1765,3.1176,1.6471,3.1176,7,0.7647,1.4706,1.7647,3.4118,5.3529,2.6471,1.1765,0.7059,1,1.2353,0.5882,1,1.0588,0.7059,0.7647,0.6471,0.8235,1,0.7647,0.4118,3.4706,1.1765,1.1765,0.2941,0.4706,0.7647,3.2353,2.1176,3.2353,3.1176,1.8824,2.5882,3.0588,2.1176,2.7647,1.7647,1.8235,2.4706,2.1176,1.4118,1.9412,4.4706,3.4118,1.1765,1.7647,2.2353,5.0588,3.9412,4.8824,3.6471,3.7647,4.4706,4.2353,3.2941,3.2353,4.3529,4.1176,4.7059,4.5294,3.2353,4,5.8235,9.2353,2.5882,3.4118,5.2353,0.6471,0.5882,0.2941,0.0588,0.6471,0.6471,0.5882,0.6471,0.6471,0.5882,0.8824,0.3529,0.9412,1.7647,0.2941,0.5882,0.6471,4.8824,2.0588,0.5882,2.7647,3.1765,2.7059,1.8235,2.4118,3.5882,2.7647,1.6471,5.0588,2.7647,2.7059,3.1176,2.9412,5.7647,1.6471,3.1176,2.7647,4.8824,9.2353,2.6471,5.5882,3.1176,3.1176,3.2353,3.9412,3.9412,4.2941,2.2941,2.8235,7.2941,6.1765,4,5.7647,4.2941,2.9412,4.2353,6,3.1765,4.6471,9.6471
1-212.txt_81,2.65,1.05,1.15,1.35,1.2,1.4,1.2,1.5,1.8,1.7,1.85,1.55,2.3,1.4,1.85,1.65,2,1.1,1.7,2,3.75,7,4.35,4.1,1.9,5.15,5,3.3,5.05,3.2,3.85,5.95,3.95,2.95,3.3,4.15,4.25,2.7,3.25,3.4,1.55,2.15,3.55,2.35,0.55,2.4,2.3,2.05,1.85,1.15,1.05,2.25,1.3,0.6,0.85,2.15,1.95,0.5,1.25,1.15,2.8,3.55,4.95,5.4,2.3,3.5,4.45,2.55,3.4,2.15,1.8,3.55,2.2,2.2,2.65,3.7,3.75,1.05,2.3,2.3,0.8,0.35,0.5,0.25,2.1,0.3,0.2,0.35,0.25,0.65,0.65,0.3,0.95,0.55,0.4,0.55,0.75,0.65,0.4,0.9,1.25,2,1.1,1.6,0.85,2.5,2.35,1,1.65,1.05,1.05,2.15,1.15,0.85,1.45,1.55,1.5,1.1,1.15,1.45,3.6,4.55,4.6,5,1.25,5.25,6.4,3.15,4.15,2.35,2.4,5.4,3.2,2.6,3.3,4,4,2.3,3.5,2.75,5.2,4.1,4.8,4.5,3.15,4.25,3.7,8.35,3.85,2.65,2.3,4.15,2.7,2.25,3,4.75,4.15,2.8,2.45,3.15,2.1,2.45,2.3,2.3,1,2.25,2.3,1.45,4.3,1.95,2.1,2.3,2.35,3.05,1.2,2.1,2,2.25,3.65,2.2,2.15,1.8,1,1,1.6,1.7,1.3,1.05,1.6,4.1,3.5,1.6,3.7,2.95,1.25,1.25,2.4,1.05,2.05,3.45,6.45,4.55,3.85,3.95,4.6,5.25,4.6,3.15,3.6,7.5,9.95,5.8,8,7.2,4.45,5.1,6.05,3.6,5.25,7.35,1.8,2.1,1.5,1.55,0.7,2.1,2.1,1.65,1.5,2,1.4,2.8,1.45,0.85,1.4,1.65,1.9,0.65,1.45,2.1,1.15,0.7,0.55,0.5,0.75,0.9,0.8,0.65,0.7,1.8,1.65,0.95,2.35,1.75,0.9,0.8,1.1,0.8,1.15,1.55,1.95,1.5,1.9,1.3,1.8,1.6,1.75,1.25,2.65,2.8,2.85,1.75,2.6,3.65,1.3,2.2,2.45,1.6,3.85,2.8,1.65,1.75,1.6,1.7,0.7,1.5,1.9,1.1,1.1,1.25,1.2,1.95,1,1.05,2.6,1.55,1.65,0.8,0.95,1.5,3.05,3.05,3.05,3.7,1.75,3.4,3.6,2.8,2.95,2.5,2.2,3.45,2.6,1.7,2.8,4.4,4.7,2,2.2,3.05,4.75,4.5,5.2,4.9,3.35,4.85,4.9,3.05,4.45,5,4.85,4.9,3.95,4.15,3.85,6.2,7.3,2.45,4.45,6,0.8,0.85,0.4,0.25,0.8,0.9,0.4,0.45,0.6,0.7,1,0.75,1,0.75,0.65,0.7,0.55,1.7,0.8,0.65,1.45,1.4,1.1,0.8,0.75,1.05,1.15,1.05,1.65,1.85,2.2,1.2,2.05,3.4,0.55,1.55,1.4,1.5,3,1.8,3.2,2.5,2.15,1.8,2.35,2.7,2.55,1.55,1.9,3.9,3.75,2.55,3.25,3.2,1.5,2.65,3.4,1.65,2.45,4.65
1-212.txt_83,6.3529,2.1176,2.1176,2.1176,2.8235,2.8235,2.8235,3.5294,2.1176,2.2353,2.1765,2.8235,2.8235,2.1176,2.8235,4.2353,3.5294,1.4118,2.1176,3.6471,1.6471,5.7059,2.1176,1.5294,0.5882,3.1176,2.5882,1.0588,2.5882,1.2353,1.7647,3.6471,1.9412,1.1765,1.5294,2.1176,2.1176,1.1176,1.5882,1.1765,1.5294,1.8824,5,2.8824,1,2.2941,2.2941,1.8235,2.7059,0.7059,0.6471,2.2941,1.4118,1.1765,1.3529,2.8824,2.2941,0.7059,1.8235,1,1.3529,1.3529,2.4706,4.3529,0.4706,2.0588,2.8235,1.5882,1.5882,0.7647,0.4706,1.8235,0.8235,0.4118,1.2941,2.0588,1.5882,0.1176,0.8235,0.4706,1.4118,0.3529,0.7059,0.3529,4.9412,0.7059,0.3529,0.7059,0.7059,1.4118,1.4118,0.7059,1.0588,0.7059,0.7059,1.4118,1.4118,0.7059,0.7059,1.4118,2.3529,3.4118,2.8235,2.7647,1.1765,6.1176,4,1.7647,3.1765,1.1765,1.6471,3.5882,2.2941,0.6471,2.7647,2.8824,2.3529,1.7059,1.8235,1.5882,3.2941,4.1765,4.1765,5.8235,0.8235,5.6471,8.0588,2.4706,4,0.8824,1.5882,5.0588,2.4118,0.8824,3.2941,4.1176,3.2941,1.5882,2.4118,1.6471,3.8235,1.6471,3.1176,2.3529,1.6471,2.3529,2.3529,8.2941,2.3529,0.8824,0.8824,2.3529,1.6471,1.6471,2.3529,3.8235,2.3529,1.6471,1.6471,0.9412,0.8824,1.7059,1.7059,1.1176,0.5294,1.5294,1.4706,0.8824,3.7059,0.3529,0.5882,1.2941,0.8824,1.1176,0.8824,1.1765,0.8824,0.5882,1.9412,0.5882,1.0588,0.7059,0.5294,0.7059,1.1765,0.7059,0.4706,0.4706,0.4118,2.7059,1.8824,0.7059,1.6471,1.3529,0.7059,1,1.2941,0.5882,0.8824,2.1765,4,3.8235,1.5294,1.4706,5,4.0588,2.7647,1.7059,2.7059,9,11.4706,2.8235,8.9412,6.6471,2.6471,2.7647,5.1176,3.9412,5.2353,7.6471,1.9412,3.1765,2.7647,2.0588,1,2.8235,2.6471,1.5882,2.0588,1.1176,1.1176,4.4706,1.5294,1.0588,1.8824,2.3529,2.1176,1,1.4706,1.1176,1.9412,1.6471,1.4118,1.1176,1.5294,1.8824,1.5294,1,1.3529,2.8235,2.9412,1.7647,4.7059,2.0588,1.0588,1.7059,2.4118,1.3529,1.7647,2.8235,1.8235,1.2353,1.1765,0.6471,1.2941,0.7647,0.7647,1.1765,2.2941,2.9412,3.1176,1.2353,3,6.8824,0.6471,1.4118,1.8235,3.4118,4.5882,2.4118,3.1176,2.3529,2.4118,2.4706,1.5882,3.1176,3.2941,2.2353,2.2941,1.7059,1.5882,3.1176,1.7059,0.8235,9.7059,3.1765,3.1176,0.7647,1.5294,1.8235,3.5294,2.3529,3.5882,2.8824,2.3529,2.9412,2.9412,2.8824,2.3529,1.2353,1.2353,2.9412,1.8235,1.1765,2.3529,5.2941,3.6471,1.1765,1.7647,1.8235,4.1176,3.1765,3.8824,3.0588,3.2353,3.1765,3.1765,2.4706,2.4118,3.6471,3.4706,3.1765,3.8824,2.9412,3.0588,4.8824,7.8235,1.9412,2.7059,4.1765,0.3529,0.3529,0.1765,0,0.3529,0.5294,0.3529,0.3529,0.3529,0.3529,0.5294,0.3529,0.5294,1.0588,0.1765,0.3529,0.3529,3,1.2353,0.3529,1.1176,1.0588,1.1176,0.7647,0.7647,1.1176,1.0588,0.7647,2.4118,1.0588,1.3529,1.0588,1.4118,2.7647,0.7059,1.2353,1.1176,2.4706,4.2353,1.3529,1.8824,0.8235,0.8235,0.4118,1.6471,1.1765,0.8235,0.4118,0.7647,3.2353,2.7059,0.8235,2.4706,1.7647,0.8235,1.2353,1.9412,0.9412,1.6471,3.5882
1-212.txt_85,5.15,2.55,3,2.55,2.25,2.85,3.1,3.2,2.6,3.4,3.45,3,3.45,3,3.25,3.6,3.7,2.15,3.05,4,1.65,3.05,1.9,1.4,1.2,2.4,1.8,1.15,2.35,1.5,1.3,2.4,1.35,1.45,1.55,1.9,1.8,1.45,1.85,1.45,0.5,0.75,1.05,1,0.25,0.6,0.65,0.6,0.55,0.2,0.25,0.8,0.3,0.3,0.3,0.85,0.95,0.15,0.45,0.35,3.3,3,4.8,6.2,1.4,3.65,4.7,3.05,2.9,1.85,1.7,3.35,2.05,1.45,2.35,3.8,3.4,1.6,1.95,2.3,1.25,0.75,0.75,0.85,3.1,0.8,0.75,0.85,0.5,0.95,0.95,0.8,0.9,0.8,0.75,1.2,1.1,0.8,0.75,1.05,3.35,5.3,4.8,4.8,2.15,6.4,5.95,3.55,4.6,2.75,3,5.95,3.45,2.85,4.25,4.1,4.6,3.15,3.25,2.9,2.8,3.85,3.7,4.4,1.95,4.35,4.9,3.4,3.85,2.35,2,4.4,2.45,2.1,2.2,3.6,3.7,1.9,2.7,2.7,2.6,2.5,3,2.55,1.65,2.6,2.65,4.8,2.15,1.7,1.4,2.45,2,1.9,2.25,2.75,2.3,1.35,1.7,2.1,1.55,2.6,2.7,2.15,1.05,2.9,2.6,1.4,3.6,1.3,1.3,2.95,1.4,1.35,1.3,2.05,2.25,1.3,2.25,1.15,1.05,1.2,0.9,0.55,0.8,1,0.95,0.65,1.25,1.65,1.6,1.35,1.75,1.9,0.5,1.05,1.3,1.2,1.55,1.5,6,4.7,3.45,3.8,5.05,4.25,3.9,3.55,4.1,9.35,9.9,4.9,8.05,8.15,4.45,5.15,5.95,3.2,4.9,8.5,3.85,5,5.1,5.1,1.8,5.9,6.2,3.35,4.4,2.9,3.05,6.6,3.2,2.7,3.95,4.65,4.35,2.8,3.8,3.5,4.35,4.3,4.25,3.2,2.85,4.5,4.65,3,3.65,6.2,6.3,4.95,7.85,4.95,3.05,4.35,4.85,2.4,4.25,6.25,1.8,1.1,1,0.85,2.2,1.45,0.9,1.4,1.35,2.15,3.05,1.45,1.95,4.1,1.4,1.4,1.7,1.3,2.85,2.45,3.8,3.85,3.85,4.2,2.15,4.45,4.3,3.05,3.9,2.65,3.35,4.7,3.2,2.8,7.45,3.9,3.9,2.4,2.7,3.25,4.15,3.45,4.35,3.6,3.15,3.15,3.6,3.25,3.6,3.1,2.5,3.7,3.55,3.65,3.15,4.95,5.2,1.95,3.7,3.4,4.6,4.55,4.75,3.6,2.3,4.6,4.85,3.5,4.1,3.4,4.15,4.45,3.5,3.4,3.3,5.25,6.1,1.9,3.35,4.25,0.8,0.85,0.9,0.5,1.25,0.8,0.75,0.5,2,1.35,1.6,0.75,1.55,2.7,0.55,1,0.85,1.35,3.55,1.4,4.55,2.8,2.45,2.4,2.45,3.15,3.05,2.8,2.45,5.4,4.8,2.75,3.85,4.65,2.6,3.25,3.95,2.65,3.65,6.1,0,0,0,0,0,0,0,0,0,0,0,0,0,0,0,0,0,0,0,0
1-212.txt_87,4.65,2.1,1.85,2.3,3.2,2.25,2.7,3.2,1.85,2.5,3,2.4,2.9,2.65,2.2,3.1,3,1.25,2.2,3.6,1.55,3.1,1.75,1.45,0.65,1.95,1.95,0.95,1.9,1.3,1.5,2.55,1.65,1.5,1.9,1.85,1.95,0.7,1.15,1.55,2.25,2.35,3.45,2.8,1.4,1.9,2.05,2.6,2.1,1.45,1.4,2.45,1.3,1.7,1.65,2.55,2.2,1.2,1.65,1.4,4.25,5.65,6.05,8.1,2.2,6.05,7.8,4.7,5.4,3.2,3.15,6.25,3.05,2.65,4,5.8,6.2,2.4,3.7,3.4,1.4,0.4,0.6,0.4,3.2,0.55,0.4,0.8,0.4,0.85,0.85,0.5,0.7,0.85,0.6,1.1,0.95,0.75,0.65,1.15,3.1,3.65,4.2,3.6,1.7,4.75,4.45,2.95,3.4,2.9,2.75,3.8,3.05,1.85,3.25,3.7,3.3,1.55,2.1,2.85,3.05,3.8,3,3.85,1.45,4.1,4.5,2.05,2.95,2.4,2.1,4.15,2.95,1.6,2.5,3.2,3.3,2.05,2.4,2.8,4.1,2.75,4.2,4.05,2.05,3.95,3.2,6.05,2.7,2.75,2.5,3.3,2.85,2.95,3.2,3.8,3.35,2.35,2.05,2.9,2,2.95,2.45,2.3,0.9,2.9,3.05,1.6,3.7,1.45,2.05,2.95,2.1,2.5,2.45,2.95,2.8,1.5,2.55,2.25,2.45,2.45,1.65,1.6,1.55,2.55,2.2,1.35,2.25,4.2,3.65,2.65,3.55,3.55,1.75,2.2,2.6,1.45,2.75,3.8,6.9,5.35,3.95,2.9,5.3,5.35,4.15,4.2,4.95,9.95,12.2,4.95,10,9.8,5.2,5.6,6.85,4.9,7.3,9.6,2.05,2.7,2.9,3.3,1.3,3.2,3.6,1.4,2.05,1.75,1.85,3.75,1.75,1.1,2.7,2.5,2.6,0.7,1.5,1.85,0.95,0.6,0.95,0.4,1.1,0.75,0.8,0.35,0.9,1.5,1.75,0.6,2.25,1.6,0.45,1.05,1.3,0.75,1.55,1.45,1.45,1.25,1.1,1.4,1.15,1.45,1.6,1.15,1.5,1.95,2.05,1.6,1.95,3.25,1.15,1.2,1.65,1.3,2.35,1.75,1.25,1.6,1.5,1.55,0.55,1.75,2.4,1.2,1.35,0.85,1.2,2.05,1.4,1,1.8,1.25,1.6,1.7,1.75,1.15,4.45,4.3,4.85,4.65,2.8,4.25,4.8,3.5,4,3.8,3.45,5.05,3.7,3.15,4.3,5.65,5.4,1.85,3.35,4.35,1.6,1.45,1.3,1.3,1.1,1.6,1.6,1.3,1.45,1.6,1.4,1.55,1.3,0.75,1.1,1.6,2.65,0.95,0.9,1.8,0.55,0.85,0.8,0.75,0.35,0.8,0.9,0.8,0.9,0.85,0.6,0.9,0.5,0.7,0.5,0.75,0.7,2,1.05,0.55,1.2,1.55,1.15,1.25,1.4,1.2,1.2,0.55,2.75,1.5,1.45,1.3,1.7,2.3,0.7,1.4,1.15,2.1,2.95,1.2,3.1,2.6,2.4,1.75,2,2.2,2,2,1.85,4.15,3.45,2.35,4.1,3.75,1.6,2.9,3.5,2.15,2.5,4.45
1-212.txt_89,3.5,1.5,1.7222,1.2778,2.2778,1.8333,1.7222,1.8333,1.5556,1.6667,2.1111,1.8889,1.7778,1.7222,1.3889,2.7222,2.7778,1.0556,1.3889,2.2222,2.3333,4.8333,2.9444,2.2778,2.2778,3,2.8333,1.3889,2.1111,2.1111,2.0556,4.2778,2.3333,2.0556,2.0556,2.7778,2.6667,1.6667,2.3333,2,2.9444,3.0556,6.8889,4.7778,2.1111,3.7222,4.1667,3.2778,3.3889,1.6111,1.6667,3.9444,2.2778,1.2222,2.5556,4.5556,3.8333,0.8333,1.7778,2.1667,1.3333,1.2778,2.8889,4.1111,0.8889,2.1667,2.7222,1.9444,1.3333,0.7222,0.5556,1.6111,0.8333,0.5,2.3889,2.3333,1.6667,0.3889,0.7222,1.3889,1.5,1.3889,1.1667,1.1667,0.5556,2,1.7778,0.7222,0.9444,0.7222,0.7778,1.3333,0.8333,0.4444,1.0556,1.2222,1.2222,0.5,0.8333,0.7222,3.8333,4.0556,4.8889,5.0556,1.5,5.6111,6.8889,2.7222,4.2778,2.5556,2.3889,5,3.0556,2.3889,2.7778,4.1111,4.3889,1.6111,3.1667,3.4444,3.7778,2.7222,4.1667,3.5,2.5556,2.7778,3,7.1111,3.1111,1.9444,1.8889,3.1111,2.3889,2.3333,2.0556,4.2778,3.4444,2.1111,3,2.2222,0.3333,0.4444,0.5,0.3333,0.2778,0.5,0.4444,0.2778,1.2222,0.3333,0.3333,0.3889,0.3889,0.8333,0.2778,0.3889,0.3333,0.7778,1.2222,0.3333,3.5,2.2778,3,2.2778,2,3,2.6111,1.5,2.1667,6.2222,4.8889,3.1667,4.3889,4.0556,2.8889,3.3889,4.5,2,3.4444,4.8333,4.8333,3.1111,2.5556,1.7778,4.5,3.1111,2.8333,3,3.8333,6.5,8.1111,3.1111,6.5556,7.1667,2.9444,4.0556,4.0556,4.5,5.5556,6.3333,2.7222,3.0556,1.9444,1.8333,1.5,2.5,2.7222,1.6667,2.0556,1.5,1.5556,3.7778,1.8889,1.7222,1.3889,2.5556,3.1111,0.8333,2.0556,1.7778,0.5556,0.6667,0.6111,0.3889,0.3333,0.6111,0.7778,0.2778,0.4444,0.5,0.6667,0.8333,0.9444,0.7222,0.5556,0.6111,0.4444,0.3889,0.4444,0.5,3.5556,2.6667,2.9444,2.5,2.8333,2.3889,2.2222,2.5,3.8333,4.7778,4.3333,2.6667,4.1667,9.4444,2.5556,3.7778,3.5,4.8333,7.7778,4.1667,2.2222,2,1.7778,2.0556,1.6111,2.4444,2.2222,1.6111,1.7222,1.5,1.5,2.2778,2.0556,2,4.7778,2.5,2.4444,2.1111,1.9444,2.2778,7.1111,5.0556,6.3333,6.1111,3.7778,5.8889,6.0556,5.3889,4.1111,3,3.0556,5.6111,3.7778,2.8889,5.4444,8.5556,6.3333,2.1111,3.2222,3.8889,3,2.9444,3.7222,3.7222,2.3333,3.3889,3.2778,2,3.2778,3.1111,2.4444,3.5,2.3333,2,1.7778,3.6667,5.2222,1.6667,2.8889,3.7778,0.5,0.5,0.2778,0.2778,0.3333,0.7778,0.7778,0.2778,0.4444,0.6111,0.7222,0.6111,0.8889,1.0556,0.3889,0.5,0.6667,2.5,0.9444,0.6111,2,2.1111,1.8889,1.8889,1.8889,2.3889,1.6667,1.5556,3.7778,2.8333,2.7222,2.0556,2.8889,4.5,1.6111,2.1667,2.3889,3.5,6,3.2222,3.3889,2.3333,2.2222,2.3889,2.1111,2.6667,3.2222,2.0556,2,3.6111,3.1667,2.6111,3.1667,2.5,2.8889,2.8333,3.5,1.2778,2.3889,5.2222,0,0,0,0,0,0,0,0,0,0,0,0,0,0,0,0,0,0,0,0
1-212.txt_91,2.4444,1.0556,1.5,1,1.8889,1.5,1.3889,1.1111,1.5556,0.9444,0.8333,1.6111,1.0556,0.7778,1.4444,1.7222,1.3889,0.6667,1.3333,1.4444,1.6667,3.2778,1.7222,1.4444,0.7222,2.1111,1.6667,1.1667,1.7222,1,0.8889,2.9444,1.1667,0.8889,1.5,1.9444,1.6667,0.8333,1.7222,1.1111,4.0556,3.7222,7.9444,4.9444,2.5556,4.5556,4.6111,4.3889,4.7222,2.5556,3.1111,4.2222,3.5,2.6111,3.5556,4.5556,4.9444,1.8889,3.6111,3.3889,2.5,2.7778,4.2778,5.9444,1.5,3.3333,4.6111,2.2778,3.2778,1.8333,1.3333,3.2778,1.8333,1.6111,2.7222,3.6111,3.2778,1,2.2222,2,0.5,0.3333,0.4444,0.3333,1.3889,0.3333,0.3333,1.1111,0.6667,0.4444,0.6111,0.3333,0.6667,0.3889,0.3333,0.5,0.4444,0.3333,0.3333,0.4444,0.8333,1.1111,0.7778,0.7778,0.3889,1.3889,1.2222,0.5556,1,0.3889,0.6111,1.2778,1,0.3889,0.9444,0.9444,1.0556,0.3889,0.6111,0.5,3.2778,3.2222,3.6667,4.1667,1.7222,4,5.9444,2.1111,2.6111,2.6111,1.9444,4.0556,2.5556,2.1111,3.0556,4.0556,4.2222,1.5,2.6667,2.9444,1.3889,0.6111,0.9444,1.1667,0.6667,0.7778,0.8889,2.6111,0.7222,0.5,0.4444,0.8333,0.6111,0.7778,0.6667,1.0556,0.8333,0.6111,0.5556,0.5556,2.8889,1.6667,2.2778,1.3333,2.1111,2.2222,1.7222,1.2222,1.5,5.5556,4.3889,1.8333,4,3.6111,1.7222,2.3333,3.5556,3,3.1667,4.9444,4.6111,3.6111,3.0556,2.8889,3,3.6667,3.5,2.6111,3.2222,5.5556,7.3333,4.3889,5.7222,5.2222,3.3333,3.8333,4.7778,3.3889,4.6667,5.6111,3.9444,5.8333,5.6667,4.7778,1.9444,5.7222,5.3333,3.5,3.8889,2.3889,2.6111,7.7778,3.5,2.4444,3.3333,4.8889,4.3333,2.2222,3.8889,2.8889,0.8333,0.5556,0.4444,0.2778,0.7778,0.7222,0.5556,0.3333,0.6111,1.7222,1.8333,0.6111,2.3333,1.5556,0.5,0.6667,0.8889,0.7222,1.1667,1.7222,3.6667,2.6667,2.9444,2.3333,2.7222,2.8889,3,3.3333,3,3.6111,3.7778,3.6667,3.7778,7.7222,3.3333,3.3889,3.5,4.7778,5.6667,4.0556,0.5,0.7778,0.5,0.5,0.2222,0.8333,0.7778,0.3333,0.4444,0.2222,0.2778,0.8889,0.3889,0.1667,1.2778,0.5,0.5,0.2222,0.2778,0.2778,4.9444,3.5556,4.6111,3.8333,3.6667,4.0556,4.0556,4.2222,3.5,2.5,2.6111,3.7222,2.9444,2.2778,4.1111,6.7778,4.6667,2.8333,2.8889,3.1667,2.0556,1.9444,2.9444,1.8889,1.2222,1.7778,2,1.8333,1.7778,1.3889,1.3889,2.2222,1.5,1.3889,1.3333,2.6111,3.5,0.9444,1.7778,1.9444,0.2222,0.2222,0.1111,0,0.2222,0.3333,0.2222,0.2222,0.2222,0.2222,0.3333,0.2222,0.3333,0.8333,0.1111,0.2222,0.2222,2,0.7778,0.2222,2.8333,2.2778,2.4444,1.4444,1.7222,2.1667,2.1667,1.6111,3.2222,3.4444,3.2778,2,3.0556,4.5,2.1111,2.3889,2.9444,3.3889,6.7778,3.5,2.2778,1.2222,1.4444,1.3333,1.6111,1.2222,1.3333,1,1.1667,3.6111,2.7222,1.4444,2.3333,2.9444,1.5,1.8333,2.4444,1.3889,2.5556,4.1111,0,0,0,0,0,0,0,0,0,0,0,0,0,0,0,0,0,0,0,0
1-212.txt_93,8.6111,4.0556,4.2222,3.6667,4.1667,4,4.3333,5.3333,4.8333,4.9444,5.3333,4.5556,4.6667,4.7222,4.2222,5.7222,6,2.9444,4.9444,5.6111,2.3889,4.8333,2.8333,3,1.4444,3.5,3.2778,2.5556,2.6667,2.2778,2.0556,4.6111,2.1111,1.6667,1.8889,3,2.7222,2,2.6111,2.2778,1.7778,1.6667,3.3889,1.9444,1.0556,1.7222,2,1.7222,2.1111,1.1667,1.0556,1.7778,1.6667,1,2,1.8889,1.9444,0.8889,1.2222,1.5556,4.0556,4.3889,6.3333,8.5556,3.1667,4.4444,6.1667,3.8889,4.0556,2.5556,2.3333,5.0556,3,2.6667,5.7222,4.6111,4.5,1.8333,3.2778,2.8333,1,0.5556,0.6111,0.5556,2.1111,0.8333,0.8333,0.9444,0.8333,0.6111,0.8333,0.6111,0.6667,0.5556,0.5556,0.9444,0.7222,0.8889,0.5556,0.6667,1.5,2.2222,2.7778,2,1.0556,3.4444,2.4444,1.1667,2,1.7778,1.7222,2.2222,1.9444,1.2222,1.6667,1.8889,2.5556,1,1.8333,2.0556,2.7222,3.0556,3.9444,3.1111,1.4444,3.6667,4.8889,3,3,2.1667,2.3333,3.8889,2.7222,2.1111,2,3.8333,3.6667,1.6111,2.8889,2.0556,2.9444,2.3889,4.1111,3.1667,2.9444,2.9444,2.4444,5.4444,3.1111,1.7778,1.7222,2.8889,1.9444,2,2,3.2778,2.8889,2,2.6111,2.1667,2.4444,1.2778,1.2222,1.1111,1.1667,1.6667,1.3889,1.1111,1.1667,3.3889,2.2778,1.4444,2.3333,2.2778,1.7778,1.5,2,1.5,2.1111,2.8889,3.6111,2.5556,1.8333,1.5,3.7222,2.5556,2,1.6667,2.3889,5.0556,6.4444,2.4444,5,4.5,1.7778,2.9444,3.6111,2.3889,3.8333,4.3889,2.2222,2.7222,2.3889,1.9444,1.2778,2.2222,2.4444,1.7222,1.8889,1.1667,1.3333,3.5,1.5556,1.0556,1.8889,2.4444,2.2778,0.9444,1.7778,1.6111,1.1111,0.8889,1.2222,1,0.7778,1,0.8333,1.1111,0.8333,1.1111,1.3333,1.0556,2.1667,1.2778,0.7222,1.2778,1,0.7222,0.8889,1.2778,2.0556,1.6111,2.3889,1.7222,1.2778,1.6111,1.9444,1.3889,2.2222,2.3889,2.2222,1.5556,1.9444,4.5,1.6111,2.0556,2.1111,2,3.3889,2.2778,4.2778,3.6111,3.8333,4.7222,3.3333,4.7778,4.7778,3.5556,3,2.9444,2.5,4.5,3.2778,2.6111,9.1667,4.2222,3.7222,1.8889,2.7222,3.4444,3.1667,2.6111,3.8889,2.8889,1.5556,3.1111,3.1111,2.6667,2.1111,1.8333,1.8889,3.4444,1.8889,2,1.9444,4.9444,3.5,1.0556,2,2.1667,3.4444,3.1111,4.6667,3.6667,2.6667,3.6111,3.8333,3.1667,2.8333,3,2.4444,3.5,2.6667,2.5556,2.6111,4.2222,5.4444,1.8333,2.8333,3.7778,0.5556,0.5556,0.7222,0.2778,0.5,0.6111,0.5556,0.4444,0.7222,0.6667,0.8333,0.3889,1,1.6111,0.3333,0.5556,0.5556,3.5556,2.1111,0.8889,2.2778,2.6111,2.5556,2,2.1667,2.3333,2.3889,2.1111,3.2778,2.7222,3.0556,2.9444,3,4.7778,2,2.3333,2.7778,3.5,6.9444,2.8889,5.1111,3.1667,3.6111,3.7778,3.5,4.2778,4.1667,2.8889,3.5556,7.2222,5.7778,3.9444,6,6.0556,3.1667,4.6667,5.5,3.7778,4.8333,8.6667,0,0,0,0,0,0,0,0,0,0,0,0,0,0,0,0,0,0,0,0
1-212.txt_95,12.2941,4.3529,4.3529,4.3529,5.8824,4.9412,5.0588,6.7647,4,5,4.8824,4.9412,5,3.5882,4.8235,7.5882,6.4118,2.9412,4.2941,6.4118,5.6471,15.8824,7.2941,5,2.7647,8.9412,7.4118,4.3529,7,3.6471,4.3529,10.6471,5.5294,3.3529,4.2941,6.3529,6.0588,3,4.5882,4.1176,3,2.8235,7.0588,4.3529,1.7647,3.2941,3.4706,3.2353,4.1176,2.5294,2.1176,3.1765,2.4706,2,2.1176,4,3.7059,0.9412,2.2941,2.5882,4.2353,4.5294,7,12.0588,1.8235,5.2941,7.1176,4.4118,4.7647,1.7647,1.6471,4.9412,2.4118,1.6471,3.7059,5.6471,4.7647,1.1176,2.5882,2,1.6471,0.9412,1.3529,0.7059,4.9412,1.1176,0.7647,1.5294,1.1765,1.5294,1.7647,0.9412,2.1176,1.4118,0.8235,1.4706,1.5294,1.1765,1.5294,1.5882,2.5882,3.2353,2.9412,2.5882,1.0588,5.5882,3.7059,2.5294,3.1765,1.2941,1.4118,3.2353,2.1765,1.1176,1.7647,2.7647,2.3529,1.2941,1.8824,1.3529,5.0588,5.4118,5.0588,7.8235,1.7059,7.0588,11.0588,3.8235,5.1176,1.8824,2.7059,6.2353,3.4706,2,4.9412,5.8824,4.8235,3.0588,3.0588,2.8824,10,6.3529,8.7059,7.4706,4.3529,6.8235,6.8824,19.5882,5.8824,3.0588,2.9412,7.1176,4.7647,2.8235,5.3529,9.1765,7,3.8235,3.9412,4.1176,1.0588,1.7647,1.9412,1.2353,0.5294,1.7059,1.6471,0.8824,4.8235,0.4118,0.8235,1.4118,1.1176,1.0588,0.7059,1.3529,1.0588,0.7059,2.1765,0.4706,4.7647,3.2941,2.6471,2.0588,4.0588,3.2941,2.5294,2.3529,2.4706,10.7647,7.7647,3.1176,7,6.3529,3.5294,3.7647,5,3.4706,4.3529,8.4118,8.4706,5.5882,3.7647,2.9412,7.5882,6.1765,4.9412,3.6471,5.2941,13.1765,19.2941,5.7647,14.2941,10.8824,5.7059,6.1765,8.7059,6.8824,8.5882,12.8824,4.5882,6.9412,5.2941,5.4706,2.0588,6,5.7647,3.5294,4.5882,2.4118,2.2941,8.9412,3.1765,1.7059,3.5882,5.1765,4.5294,1.7647,3.1765,2.7647,2.6471,1.9412,1.7059,1.7059,2.4706,2.6471,2.2353,1.4706,1.8824,3.1176,3.5294,2.1176,6.0588,2.3529,1.5882,2.3529,3.0588,1.7059,2,3.0588,1.8235,1.5294,1.2941,0.7647,1.8235,1,0.9412,0.7647,2.1176,4.4706,4.2353,1.0588,3.9412,8.4118,1,1.5882,2.3529,4.1176,5.5294,3.7647,5.8824,3.5882,3.8824,4.1176,3,4.2353,4.7647,3.8824,3.1176,3.1176,3.3529,4.7059,3.4118,2,14.1176,6.3529,5.5882,1.6471,2.8824,3.5294,10.7647,7.0588,8.7059,7.7647,6.0588,8.4706,8.5294,8.8235,7.1765,5.1765,5,8.2941,5.8824,4.4118,6.8235,14.8235,9.6471,3.9412,5.4706,6.1176,4.2353,3.2941,3.3529,2.7647,2.7647,3.5882,3.2941,2.5882,2.5294,3.2941,3.1765,3.5882,3.4706,2.4706,3.7059,5,6.8235,1.7647,2.6471,3.7059,1.2941,1.2941,0.8824,0.4118,1.3529,2.0588,1.3529,1.1176,1.8824,1.2353,1.7647,1.2941,1.9412,3,0.7059,1.2353,1.2353,7.9412,3.7647,1.2353,2.1765,1.9412,1.6471,1,1.2941,2.0588,1.7059,1.6471,3.8824,1.8824,2.2941,1.9412,2.2941,4.4706,1.1176,1.9412,1.8235,3.4706,6.5294,2,5.8235,3.2941,2.7647,2.3529,4.2353,3.4118,3.2941,2.4706,2.5294,7.0588,6.1765,3.4706,5.8235,3.8235,2.8824,4.0588,5,2.3529,3.7059,8.7647
1-212.txt_97,5.2,2.1333,2.5333,2.4667,3,2.8667,3,2.6,2.7333,1.8667,1.9333,2.3333,2.2,1.3333,2.5333,3.4,3.4,1.2,1.7333,2.7333,2.0667,5,2.8667,1.8667,1.4,2.7333,2.6667,1.5333,2.4,2.1333,2.3333,3,2.2667,1.9333,2.1333,2.6,2.5333,1.4,2.1333,2.2,2.3333,3.0667,7.4,3.8667,1.4667,3.0667,3.1333,2.6,3.2,2.2,2.1333,3.0667,2.3333,1.7333,2,3.8667,3.4,2.0667,2.4,1.9333,2.4667,3,4.4667,7.6667,1.0667,3.6,4.7333,2.2,4.2,1.2667,1.4667,3.3333,1.7333,1.9333,3.1333,3.4667,2.8,1.2667,3.0667,1.5333,2.0667,1.6,1.8667,1.0667,6.6667,1.4667,1.2,1.5333,1.2667,2.8667,2.2,1.8,2.4,2.2667,1.1333,2.0667,2.5333,2.0667,2.0667,3,4.2,4.8,4.2667,4.0667,2.8667,8.8667,6,3.1333,3.6667,2.4,2.6667,5,3.8,1.7333,3.1333,4.9333,5.0667,1.9333,2.8,2.9333,1.9333,2.2,2.4,3.3333,0.6,3.6,4.8667,2.2,2.0667,0.6,0.6667,2.5333,1.2,0.6,1.6,2.5333,1.8,1.4,1.2,0.9333,3.1333,2.2,2.8667,2.2667,1.2,2.9333,2.8667,6.0667,2.6,1.1333,1.6,2.7333,2.2667,1.1333,2.2667,2.9333,2.3333,1.5333,1.6,1.3333,1.0667,1.2,2,1.4,0.6667,1.2667,1.3333,1.2667,3.7333,0.6,0.8,1.1333,1.0667,1.7333,0.7333,1.5333,1.2667,0.9333,1.9333,0.8,1.2667,0.8667,1.2667,1,1,0.8667,1,1,0.8,2.7333,1.7333,1,1.7333,1.2,0.7333,1.1333,1.7333,0.6,1,1.9333,2.6667,1.9333,1.5333,0.9333,1.9333,1.8667,1.2667,1.4667,1.9333,5.2,6.3333,1.6667,4.3333,4.6667,1.0667,2,2.8667,2.0667,2.8667,4.2667,3,5.1333,3.8,3.5333,2.1333,4.2,4.2667,2.5333,2.8667,2.4,2.0667,6.6,3.4,1.5333,3.2667,3.4667,3.4,1.3333,1.9333,2.4667,1.5333,1.7333,1.1333,0.7333,1.5333,1.8667,1.1333,0.7333,1.1333,3.2667,3.4,1.6,4.7333,2.1333,1.0667,1.4667,1.8,1.4667,1.6667,2.8667,1.2667,1.4667,1.3333,0.8,0.8,1.2667,1.0667,0.8667,2.2,1.4,1.8,1.2,1.5333,4,0.8,1.2,1.2,1.8,3.2,1.4,3.4,2.5333,3.2667,3.3333,1.3333,2.8667,2.9333,2.8667,2.0667,1.5333,1.3333,3.0667,2.2667,0.7333,8.8667,3.4667,3.2,0.6,1.2667,1.9333,5.0667,3.7333,4.3333,3.6,3,4.2,3.7333,3.5333,3,2.4,2.5333,3.9333,3.0667,2.0667,3.4,7.3333,5.6,2.2667,2.8,2.7333,4.7333,3.8667,4.3333,3.8667,3.6667,4.0667,4.1333,3.5333,4.0667,3.4667,3.4,4,4.5333,3.2,4.0667,5.8667,8.8667,2.2,4.2,4.4,0.9333,0.8,0.6,0.6,0.6667,1.1333,1.0667,0.6667,1.1333,1,1.0667,0.9333,1.1333,2.4,0.4,1,1,4.3333,2.5333,0.8667,2.4667,2.4667,2.3333,1.4,1.4667,2.8,2.2667,1.2,3.6,2.6,3.2667,2.4667,3.9333,5.2667,1.6,2.2,2.1333,4.2,7.4667,2.5333,3.2667,1.9333,1.7333,1.6,2.5333,2.1333,1.9333,1.8667,2.8,4.8667,4.2667,2,3.8667,3.4,2.4,2.6,3.3333,1.8,2.8667,5.9333
1-212.txt_99,8.3158,4.7895,4.2632,4.5263,3.9474,5.4211,5.1579,4.3684,4.1053,5.2632,6.2105,5.1579,5.3158,4.2632,4.8421,5.6316,6.1579,3.5263,4.6316,5.8421,2.9474,5.9474,3.8421,3.7368,2,4.7895,4.1579,2.6316,5.1053,2.3684,2.5789,5.4211,3.2632,2.7368,3.2105,3.6316,3.9474,1.8421,3.7895,2.5263,0.8947,0.8947,1.4737,1.0526,0.3684,1.1053,1.1579,0.8421,1.1579,0.6316,0.9474,1.2105,0.9474,0.4211,1.1579,1,1.1579,0.8421,0.6316,0.7895,2.3684,2,2.9474,4.1053,1.2105,2,3.1053,1.9474,2.3684,1.2632,1.3684,2.3684,1.3684,0.8421,2.2632,2.5789,2.0526,0.6316,1.1579,1.5263,0.7368,0.5789,0.5263,0.5789,2.2105,0.7368,0.6316,0.4211,0.4211,0.6316,0.6316,0.8421,0.5789,0.4211,0.4737,0.6842,0.6842,0.3684,0.4211,0.6316,3.6842,4.9474,3.7368,4.6842,2,5.2105,6.5789,3.3684,3.6842,3.2632,3.4737,5.6842,3.1579,2.6842,3.4737,4.5263,4.5789,2.6842,2.7368,3.7895,6.7368,4.0526,5,5.6316,3.1053,4.4737,5.3158,9.2105,3.7895,3.3158,3.4737,4.9474,4,3.4211,3.8947,5.3684,4.7368,2.6842,3.6842,3.9474,0.9474,1.1053,0.8947,1,0.4211,1.3158,1.3684,0.6842,1.5789,0.5789,0.6842,1,0.5789,0.9474,0.7895,1.3684,1,0.7895,1.1053,0.8947,2.0526,1.3684,1.2632,1.2632,1.3684,1.6842,1.5263,1.2632,0.9474,3.4211,2.6842,1.4211,2.7368,2.6316,1.1053,1.8421,2.8421,1.0526,1.5789,3.1053,6.1053,4.5263,4.0526,4.6842,5.4211,5.5789,5.8421,4,4.1579,8.4211,10.9474,4.5789,9.1579,7.5263,4.5263,5.3684,6.0526,5.0526,5.5263,8.0526,2.2105,3.1579,2.7895,2.5789,1.4737,3.3684,3.4211,1.8947,2.2632,2.0526,1.8947,4.2632,2.1053,1.4737,1.4211,2.9474,3.3158,1.0526,1.9474,2.6316,0.6842,0.6842,0.6316,0.4211,0.4737,0.8421,0.7895,0.4737,0.7368,0.6842,0.7895,0.6842,1.0526,0.7895,0.6316,0.6842,0.7368,0.4737,0.5263,0.7895,1.4737,1.7895,1.5789,0.9474,1.4211,1.3684,1.4737,0.7895,1.9474,3.0526,2.8947,1.8947,3.0526,4.8947,1.1579,1.8421,2.6316,2.0526,4,2.7368,2.2632,2.1053,2.0526,2.3158,1.2105,2.4737,2.2105,1.8947,2.5789,1.4737,1.8421,2.6316,1.8947,1.2632,4.1579,2.3158,2.3684,1.3158,1.5263,1.7368,3.5263,4.2105,4.3158,4.3158,1.8947,4.7368,5.0526,3.5263,3.5263,3.1053,2.7895,4.8421,3.2105,2.1579,3.4211,5.1053,4.4737,1.7895,2.4737,3.2632,4.2632,3.4737,3.6842,3.5263,3.1053,3.5263,4.1579,3.8421,3.3684,3,2.9474,3.7368,3.0526,2.4211,3.4211,4.5789,5.3684,1.8947,2.5263,4.2105,0.7895,0.7895,0.5789,0.7895,0.3684,0.8421,1,0.5789,0.8421,0.5789,0.7368,0.8947,0.5263,0.9474,0.6842,0.6842,0.6842,2.1053,1.1579,0.5789,1,1.1053,0.9474,0.6842,1.0526,1.3158,1.0526,0.6316,2.4211,1.3684,1.7368,1.2105,1.5263,2.6842,0.8421,0.9474,1.0526,1.3158,3.2105,1.7368,4.9474,2.7368,2.5789,2.0526,3.3158,2.7368,2.9474,2.0526,2.2632,6.2632,6.5263,3.5263,6.5263,4.9474,2.6316,3.6316,4.8421,2.1579,3.6316,7.2105,0,0,0,0,0,0,0,0,0,0,0,0,0,0,0,0,0,0,0,0
1-212.txt_101,8.1176,3.3529,2.6471,2.6471,4.0588,4.0588,3.5882,4.1176,2.6471,4.1765,4,3.5294,4,2.7059,3.7647,5.1765,4.3529,1.8824,2.7647,5.2353,3.8235,8.9412,4.7059,3.6471,1.9412,5.2353,4.8824,2.8235,4.2941,2.1176,2.8235,6.1176,3.8235,1.8824,2.8235,3.8824,4.2941,1.8235,2.7059,3.0588,4.1765,6.1176,14,8,2.5294,6.7059,6.8824,5.8235,7.2353,2.2941,2.2941,6.1765,3.6471,2.2353,3.8235,7.2941,6,1.3529,3.5294,2.5294,4.0588,3.8235,7.0588,12.8235,2.2941,5.6471,7.7647,4.5294,4.5882,2.2941,1.4706,5.1176,2.3529,2.2353,4.4706,5.7059,4.8235,1.1176,2.3529,2.3529,3.4118,1.3529,1.4118,1.2941,9.8824,1.3529,0.7647,2,1.2941,2.8824,2.8235,1.3529,2.8235,2.0588,1.3529,2.7647,2.8235,2,2.0588,3.0588,3.5294,4.3529,3.8824,3.8235,1.7059,7.8824,5.4118,2.8824,3.8824,1.7647,2.4118,4.6471,3.9412,1.5882,3.2941,4.1176,3.7059,2.2941,2.8824,2.4706,6.3529,7.4118,7.4118,10.3529,1.6471,10.5882,15.0588,4.8824,7.3529,2.8824,2.9412,9,4.4118,2.8235,6.3529,7.4118,6.0588,2.8824,4.4118,4.3529,2.5294,1.4706,2.6471,1.9412,1.4706,1.5294,1.4706,5.6471,1.5294,0.7647,0.7059,1.5294,1.1765,1.1176,1.4118,2.4118,1.6471,1.5294,1.3529,1.2941,1.7647,2.5294,2.9412,2.1765,1.1176,2.7059,2.8235,1.6471,6.2353,1.0588,1.1765,2.3529,1.6471,2,1.6471,2.3529,1.7647,2,3.3529,1.1176,2.4706,1.1176,1.0588,1,2,1.1765,1.0588,0.7059,1.4706,4.5882,3.5294,1.1176,3,2.4706,1.0588,1.5882,2.0588,1.0588,2,3.9412,6.2941,4.5294,3.3529,2.1176,5.8824,4.7059,3.7059,2,3.3529,10.5294,14.0588,4.5882,10.8235,7.7059,3.4118,4.6471,6.1176,4.6471,6.0588,9.5294,5.7647,8.9412,6.5882,5.3529,2.9412,8.2353,7.7647,4.1765,5.6471,3.4706,4.5294,12.7059,5.7647,3.2353,5,6.5294,6,3,4.7647,4.4706,1.0588,1.2941,0.8824,0.5294,0.8235,1.2353,0.8824,0.5294,1.4706,1.4706,1.7647,1.2353,3,1.4118,0.7059,1,1.2353,1,1.7059,1.3529,1.4118,0.9412,0.8824,0.8235,1.3529,0.8824,0.8824,0.8235,1.7647,2.4118,2.3529,0.8824,2.3529,5.1765,0.5294,1.3529,1.4118,2.7059,3.6471,2.1176,3.7059,2.5294,2.5882,3.2941,1.7647,3.4118,3.7647,2.4706,2.5294,1.7647,1.7059,3.3529,2.4118,0.9412,9.6471,3.5294,3.2941,0.8824,1.7059,2.4706,12,8.2353,12.1176,9.7647,7.4706,10,10,9.4118,8.1765,6,6.0588,9.9412,7.5294,6.1176,7.6471,17.5294,12.0588,4.1176,6.3529,6.5882,5.1176,4.4706,5.7647,5.4118,3.9412,4.6471,4.8235,3.3529,4.3529,4,4.1176,4.8235,4.2353,3.5294,4.1765,6.4118,10.4118,3.5294,3.5882,4.8824,0.9412,1.0588,0.4706,0.3529,1.1765,1.3529,0.8824,1.1176,1.2941,1,1.4706,1.1765,1.7059,3,0.4706,0.9412,1.1765,7.2353,3.4118,0.9412,4.1765,4.2941,3.8824,3,3.3529,5.0588,3.9412,2.8235,7.7059,4.4706,4.5294,5.0588,4.9412,8.8824,2.7059,4.0588,4.1176,7.6471,14.0588,4.5294,4.2941,2.4706,1.7647,2.0588,3.3529,2.5294,2.4118,1.7647,1.8824,6.4118,4.9412,2.7059,4.8824,3.7647,2.2941,2.8824,4.1765,2.5882,3.4706,7.6471
1-212.txt_103,12.375,5.125,5.5625,5.875,5.25,6.8125,7.1875,6.6875,4.875,4.75,4.375,6.375,5.375,3.0625,7.75,8.875,8.1875,2.875,4.1875,6.5,0.4375,1.125,0.5625,0.375,0.125,0.875,0.625,0.25,1,0.1875,0.25,0.75,0.375,0.25,0.6875,0.5,0.4375,0.25,0.5,0.25,3.5,3.875,8.5625,5.25,2.125,4.6875,4.1875,3.6875,4.125,1.6875,1.875,4.75,2.5625,1.625,3,5.125,4.25,1.125,2.375,2.0625,4.25,3.9375,6.9375,11.5625,2.0625,5.1875,6.6875,3.75,4.875,2.25,1.875,4.75,2.4375,1.875,3.6875,5.125,4.9375,1.125,2.375,2.625,1.25,0.3125,0.625,0.3125,4.375,0.625,0.3125,0.625,0.625,0.9375,0.9375,0.625,0.9375,0.625,0.625,1.25,1.25,0.625,0.625,1.25,0.75,1.125,0.9375,0.75,0.375,1.875,1.125,0.5625,0.9375,0.375,0.375,1.6875,0.75,0.1875,0.75,0.9375,0.75,0.375,0.5625,0.375,1.4375,1.75,1.6875,2.6875,0.4375,2.4375,3.5625,1.4375,1.625,0.5,0.6875,2.1875,1,0.4375,1.3125,1.875,1.6875,0.625,0.9375,0.8125,4,2.75,3.375,2.625,1.8125,2.9375,2.75,8.25,2.5625,0.9375,1.125,3.4375,1.9375,1.0625,2,3.75,2.75,1.625,1.6875,1.1875,0.5625,1.125,0.9375,0.6875,0.3125,1,0.9375,0.5,2.4375,0.1875,0.375,0.875,0.5625,0.5625,0.375,0.75,0.5625,0.375,1.1875,0.25,1,0.5625,0.5625,0.375,0.9375,0.625,0.5,0.375,0.375,2.1875,1.5625,0.625,1.4375,1.0625,0.5625,1,1.0625,0.5,0.75,1.875,4.0625,3,1.6875,1.625,4,3.0625,2.75,1.9375,2.6875,7.5,11.5,3.125,8.25,6.3125,2.9375,3.1875,4.1875,3.6875,4.9375,7.1875,5.375,8.8125,7.125,6.4375,2.75,8.3125,8.125,4.0625,5.5,3.3125,3.3125,13,4.6875,2,5.1875,7,6.625,2.5,4,3.5,0.4375,0.375,0.25,0.125,0.375,0.5,0.3125,0.1875,0.3125,0.75,1,0.375,1.375,0.625,0.25,0.375,0.5,0.375,0.5,0.6875,1.375,1.0625,0.9375,0.625,1.25,0.875,0.875,0.5625,1.625,2.5625,2.9375,0.875,2.5625,5.375,0.625,1.25,1.875,2.6875,3.6875,2.1875,0.9375,0.5625,0.6875,0.625,0.5,0.6875,0.75,0.5625,0.5,0.4375,0.4375,0.75,0.5,0.3125,2.1875,1,1.125,0.25,0.375,0.5625,4.75,2.9375,4.4375,3.9375,2.875,3.625,3.75,4.4375,2.875,1.875,2,3.625,2.625,1.6875,3.3125,6.9375,4.6875,1.625,2.25,2.375,4.375,3.75,4.625,4.125,3.4375,4.125,4.125,3.25,2.9375,3.5,2.875,4.25,3.625,2.375,3.5625,5.75,8.75,1.8125,2.6875,4.125,2.75,2.6875,2.625,1.25,1.8125,2.8125,2.9375,1.75,5.8125,2.6875,3.375,2.8125,3.375,6.9375,1.75,3,2.75,5.875,10.25,2.75,4.625,2.3125,2.1875,1.625,3.5625,2.5,3,1.375,1.5,6.4375,5.4375,2.5625,4.75,3.5625,2.1875,3.1875,4.5625,1.9375,2.875,8.6875,0,0,0,0,0,0,0,0,0,0,0,0,0,0,0,0,0,0,0,0
1-212.txt_105,8,3,2,2,4,3,3,4,2,3,3,3,3,2,3,5,4,1,2,4,0.6429,1.9286,0.8571,0.4286,0.2143,1.0714,0.8571,0.4286,0.8571,0.2143,0.4286,1.2857,0.6429,0.2143,0.4286,0.6429,0.6429,0.2143,0.4286,0.2143,0.4286,0.8571,2.1429,1.0714,0.2143,0.8571,0.8571,0.8571,1.0714,0.2143,0.2143,0.8571,0.4286,0.2143,0.4286,1.0714,0.8571,0,0.4286,0.2143,1.8571,1.8571,4.6429,9.2857,0.9286,3.7143,5.5714,2.7857,2.7857,0.9286,0,2.7857,0.9286,0.9286,2.7857,3.7143,2.7857,0,0.9286,0.9286,2.5714,0.6429,0.6429,0.6429,8.3571,0.6429,0,1.2857,0.6429,1.9286,1.9286,0.6429,1.9286,1.2857,0.6429,1.9286,1.9286,1.2857,1.2857,1.9286,1.0714,1.4286,1.4286,2.1429,0,2.1429,3.2143,0.7143,1.4286,0.3571,0.3571,1.7857,0.7143,0.3571,1.0714,1.4286,1.0714,0.3571,0.7143,0.7143,6,3,6,4.5,3,3,3,15,3,0,0,3,1.5,1.5,3,6,3,3,1.5,1.5,0.8571,0.2857,0.2857,0.2857,0.8571,0.2857,0.2857,0,0.2857,2.2857,1.7143,0.2857,1.4286,1.1429,0.2857,0.5714,0.8571,0.2857,0.8571,2,3.2143,2.1429,1.0714,0,3.2143,2.1429,1.0714,0,1.0714,6.4286,8.5714,2.1429,6.4286,4.2857,1.0714,2.1429,3.2143,2.1429,3.2143,5.3571,3.4286,6.8571,4.5714,3.4286,1.1429,5.7143,5.7143,2.2857,3.4286,1.1429,2.2857,9.1429,3.4286,1.1429,3.4286,4.5714,3.4286,1.1429,2.2857,2.2857,0.4286,0.4286,0.2857,0.1429,0.4286,0.5714,0.2857,0.1429,0.2857,0.7143,0.8571,0.4286,1.2857,0.5714,0.2857,0.4286,0.4286,0.4286,0.4286,0.7143,1,0.5,0.5,0.5,1,0.5,0.5,0.5,1.5,2,2,0.5,2,5,0,1,1,2.5,3.5,1.5,1.7143,1.1429,1.1429,1.7143,0.5714,1.7143,1.7143,1.1429,1.1429,0.5714,0.5714,1.7143,1.1429,0,6.2857,1.7143,1.7143,0,0.5714,1.1429,5,3,5,4,3,4,4,4,3,2,2,4,3,2,3,8,5,1,2,2,4.2857,3.2143,4.2857,3.2143,3.2143,3.2143,3.2143,2.1429,2.1429,3.2143,3.2143,3.2143,3.2143,2.1429,3.2143,5.3571,9.6429,2.1429,2.1429,4.2857,0.1429,0.1429,0,0,0.2857,0.2857,0.1429,0.2857,0.2857,0.1429,0.2857,0.1429,0.4286,0.7143,0,0.1429,0.2857,2,0.8571,0.1429,1,1,1,0.5,1,1.5,1,0.5,3,1.5,1.5,1,1.5,3.5,0.5,1,1,3,5.5,1.5,2.8571,0.7143,0.7143,0.7143,2.1429,1.4286,1.4286,0.7143,0.7143,5,3.5714,1.4286,3.5714,2.1429,1.4286,1.4286,2.8571,0.7143,2.1429,5.7143,0,0,0,0,0,0,0,0,0,0,0,0,0,0,0,0,0,0,0,0,0,0,0,0,0,0,0,0,0,0,0,0,0,0,0,0,0,0,0,0
1-212.txt_107,96.5789,59.6316,61.9474,58.6316,46.7895,63.8421,66.6316,60.1579,51.7368,60.3684,56.0526,69.1579,60.3158,50.5263,60,75.6842,70.2632,41.3158,57,67.7895,45.5263,74.5263,51.0526,44.2632,29.7368,52.4211,49.7895,38.4211,47.2105,32.4737,32.9474,63.2105,38.7368,31.6842,40.0526,50.8421,46.0526,30.3684,39.5263,37,68.7368,77.5789,129.8947,97.6842,47.7895,80.4737,82.5789,70.5263,78.0526,52.6842,51.5789,90.1579,53.5789,48.9474,58.5263,85.5789,86.8421,46.2105,55.4737,57.8947,41.0526,36.3684,54.4211,76.3158,22.2105,44.5789,54.5263,37.6316,36.6316,26.3684,25.3684,43,26.9474,26.2632,40.2105,46.6842,42.1053,20.1053,27.1579,29.3158,19.5789,12.1579,16.6842,11.3158,54.4737,15.0526,11.3158,13.4737,11.6316,16.4737,16,14.6316,16.5789,12.8947,12.1579,18.5789,17.8421,11.7895,12.2105,17.7368,52.6316,57.8947,60.6316,56.5789,35.4737,81,62.4211,46.3158,53.1579,38.9474,40.8947,60.7895,45.2632,46.8421,43.3684,57.5789,55.5263,34.7895,49.2632,45.2632,34.6316,27.6316,32.2105,32.8421,18.3684,34.1579,46.2632,24.9474,30.2105,23.3684,21.5789,32.8947,23.3684,21.2632,26.7895,32.4211,32.2632,18.1053,22.4211,27,53.8947,40.8947,53.1579,50.7368,32.6316,45.8947,47.1579,90.4211,38.8947,31.2632,34.3158,47.8947,42,39.2632,40.2632,51.9474,48.9474,33.7368,40.7895,37.5263,7.2105,6.1053,7.8421,7.0526,5.1053,7.2105,6.6842,5.8947,14.3158,6.6842,6.6316,6.4737,6.2632,9.9474,5.5789,7.3158,6.5789,8.3684,13.6842,6.6316,47.2105,37.6316,34.4737,31.7895,37.0526,37.3684,37.9474,29.2105,34.8947,75.4211,58.6842,38.0526,59.4211,61.3158,37.5263,41.6842,49.5263,34.8947,51.9474,69.5789,49.4211,43,34.5263,35.0526,48.4737,41.2105,42.4737,29.5263,42,74.8947,87.0526,45.6842,70.1579,70.6316,39.5789,45.1579,52.3158,45.1579,63.6842,70.7895,10.1579,10.8947,8.4737,7.4737,7.1053,9.3684,9.4737,6.5789,10.2632,14.3684,10.6842,15.2632,9.7895,7.7368,9.3158,9.0526,10.2632,6,9.6842,12.8947,5.3684,4.4737,3.4211,2.4737,3.9474,4.8421,3.2105,2.5789,4.4211,5.9474,7.7368,3.8421,9.1053,5.5263,3,4.7368,5.3684,3.4737,4.7368,6.7895,25.0526,21.6842,21.8421,19.0526,20.5789,24.2105,22.2105,17.9474,28.7368,32.1053,35.3684,22.7895,32.2632,62.2632,23.3684,23.3684,25.1579,32,47.2105,32.9474,40,33.8421,38.6842,40.2105,24.7895,37.7895,40.1579,32.2632,29.3158,27.4211,27.5789,40.0526,27.7368,26.1053,71.2105,41.8947,40.1579,23.2105,29.3158,31.8947,75.3684,60.2632,79.4211,67.4737,43.5789,66.7368,71.1579,65.9474,58.3158,50.6316,49.3684,69.8421,51.5789,45.2105,62.2632,99.7895,79.4737,40.9474,53.8947,56.2105,83.1579,83.2632,100.1053,87.8421,55.5789,88.6316,95.3684,70.1053,76.2632,70.1053,67,98.8947,73.4737,66,74.0526,103,130,54.4737,75.5789,79.8421,8.9474,8.8421,11.1579,6.5263,8.3158,12.7368,9.6842,8.4737,12.1579,10.7895,11.7368,9.4211,11.5789,21.4211,6.0526,9.6842,11.7368,42.6842,23.4211,11.4211,32.7368,37.4211,35.0526,26.1053,27.8421,33.4737,32.7368,23.8947,52,44.2105,43.7895,37.3684,41.6316,69.4737,25.6842,32.5789,35.8421,52.5789,97.4211,38.6316,75.3684,63.1579,62.1579,58.2105,56.5789,68.2105,68,55.1579,58.2632,100.6316,86.2632,70.3158,83.1579,76.7895,62,69.2632,81.2632,49.6842,77.5789,122.2632
1-212.txt_109,5.1875,2.0625,1.6875,1.6875,2.375,2.25,2.25,2.6875,1.6875,2.0625,2,2.5,2.3125,1.375,2.1875,3.25,2.75,1.3125,1.6875,2.9375,5.25,11.75,5.5,4.1875,2.5,7,6.1875,3.5625,5.375,3.1875,3.8125,8.0625,4.6875,3.9375,3.5,5.3125,5.1875,3.625,4.375,3.875,3.6875,4.5,10.25,5.75,2,5.6875,5.5,4,4.8125,1.6875,1.6875,5.5,2.8125,1.625,3,5.1875,5.1875,1.3125,2.9375,2.375,1,0.9375,1.875,3.625,0.4375,1.25,1.8125,0.9375,1.1875,0.4375,0.375,1.25,0.4375,0.375,0.9375,1.3125,1.5625,0.0625,0.375,0.4375,2.6875,0.875,1.3125,0.875,7.875,1.3125,0.8125,1.4375,1.1875,1.8125,1.8125,1.25,1.875,1.25,1.25,2.5625,2.3125,1.25,1.375,2.1875,1.875,2.5625,2.6875,2.375,1.0625,4.8125,3.125,1.5,2.3125,1.4375,1.375,2.6875,2.0625,0.9375,1.5625,2.4375,2.25,1.9375,1.6875,1.4375,3.5,4,3.1875,4.125,1.125,5.375,7.0625,2.125,3.4375,1.625,1.75,4.1875,2.4375,1.1875,3.0625,3.5,3,1.4375,2.1875,2.1875,3.125,2.625,3.25,3.375,1.6875,2.9375,2.625,6.5,2.1875,0.875,1,3,1.6875,1.0625,1.9375,3.375,2.6875,1.4375,1.4375,1.25,0.75,1.0625,1.125,0.9375,0.4375,1.1875,1.375,0.6875,3.0625,0.375,0.5625,1,0.75,0.875,1.125,0.9375,0.75,0.75,1.75,0.5,1.6875,1,1,1,1.5,1.125,1.3125,1.0625,0.75,3.8125,2.4375,1.125,2.4375,1.75,1,1.5,2.0625,0.875,1.375,3.125,3.375,2.625,2.625,1.9375,3,2.625,2.25,2.125,2.1875,5.125,7.5,2.8125,5.375,4,2.0625,2.9375,3.5625,2.4375,3.0625,4.75,2.8125,4.125,2.9375,2.5,1.375,3.5625,3.6875,1.9375,2.4375,1.5,1.75,5.875,2.1875,1,2.4375,3.25,2.5625,1.25,1.875,1.625,0.75,0.6875,0.5625,0.4375,0.6875,0.8125,0.5625,0.4375,0.5625,1.25,1.25,0.6875,1.875,0.9375,0.5625,0.6875,0.8125,0.6875,0.75,1.125,0.875,0.6875,0.6875,0.5625,0.8125,0.625,0.625,0.5625,1.0625,1.4375,1.4375,0.625,1.4375,3.375,0.4375,0.9375,1.1875,2.25,2.375,1.1875,0.8125,0.6875,0.6875,0.8125,0.4375,0.875,1.0625,0.5625,0.6875,0.5,0.5,0.8125,0.5625,0.3125,2.125,0.8125,0.75,0.375,0.5,0.5625,4.875,3.4375,4.625,4.125,3,4.125,4.375,4.25,3.4375,2.0625,2.0625,4.25,2.6875,2.1875,3.75,7.4375,4.8125,1.875,2.9375,2.5,4.625,3.5625,5.0625,5.375,3.625,4,4.125,3.375,3.125,3.875,3.0625,3.9375,3.75,2.9375,3.625,5.6875,9.3125,2.25,3.25,4.3125,0.875,1.0625,0.75,0.75,0.75,1.25,1.3125,0.8125,0.9375,0.75,0.9375,1.25,1,1.5625,0.75,0.9375,0.875,4.625,2,0.75,3.5625,4.125,3.5625,1.9375,2.5,4.1875,3.5625,2.0625,7.125,3.8125,4.6875,4.1875,4.875,8.5625,2.375,4,4.125,6.875,13,3.875,3.25,1.75,1.5625,1.125,2.6875,1.75,1.6875,1,1.3125,4.75,4.0625,1.75,3.9375,2.875,1.6875,2.3125,3.75,1.5625,2.8125,6.125
1-212.txt_111,3.3,1.6,1.4,1.45,1.2,2,1.65,2.3,2.1,1.85,2,1.65,1.8,1.05,1.55,2.6,2.1,1.5,1.15,2.35,1.2,2.5,1.2,1,0.65,2.05,1.35,0.95,2.2,1.25,1.4,2.1,1.5,1.6,1,1.25,1.25,0.95,1.7,1.35,3.25,3.5,5,4.15,2.65,3.25,4.05,2.85,3.05,2.4,2.3,3.8,3.1,2.55,2.65,3.65,3.8,1.35,2.45,2.7,1.85,2.7,3.4,4.25,0.8,2.85,3.35,2.2,2.5,1.25,1,3,1.35,1.3,1.95,2.7,2.3,0.85,2,1.25,1.9,0.8,1.25,1.15,4.15,1.05,1.25,1.25,1.65,1.4,1.65,1.1,1.55,1.3,1.3,1.85,1.75,1.3,1.3,2,2.5,3.35,2.4,2.55,1.1,4.25,4.1,1.85,2.75,2.1,1.9,3.45,2.35,1.7,2.1,3.15,3.4,1.75,2.2,2.3,5.5,5.5,6.4,7.6,2.65,7.3,9.25,5.1,5.95,4.2,4.1,7.15,3.9,3.5,4.4,6.25,5.95,3.1,3.9,4,3.5,2.95,4.1,3.45,2.45,3.3,3.3,6.15,3.15,1.95,2.15,3.55,2.65,2.25,2.45,3.45,3.1,1.65,2.45,2.5,0.45,0.65,0.65,0.75,0.25,0.6,0.9,0.45,1,0.6,0.35,0.95,0.5,0.35,0.55,0.75,0.75,0.3,0.85,0.45,4.6,3.95,3.55,3.25,3.1,4,4.05,2.55,3.9,8,6.75,4.5,5.9,5.35,4.75,4.4,5.3,2.55,4.9,6.45,3.9,1.95,1.4,1.55,2.9,1.85,1.45,2.5,1.55,4.85,6.3,2.2,4.75,4.95,1.4,2.55,3.25,2.65,3.75,4.65,2.3,4.7,2.75,2.7,1.2,3.75,3.6,2.25,2.95,2.35,2.65,5.25,3.1,2.05,2.65,2.9,2.6,2.9,2.35,2.3,2.25,3,2.4,1.8,1.75,2.65,2.75,1.35,2.45,3,4,3.15,3.4,4.55,1.6,2.75,2.95,2.25,3.6,3.25,1.95,1.75,2.1,2.25,1.05,2.4,2.35,1.2,1.7,1.7,1.85,2.2,1.55,1.35,4.15,2.4,2.3,1.15,1.2,1.9,2.2,1.5,2.2,2.15,1.25,2.25,2.4,1.6,1.8,2,1.85,2.4,1.85,1.9,1.3,2.8,2.85,1,2.4,2.2,2.6,2.8,3.15,2.75,1.9,2.9,2.7,2,2.05,2.45,2.3,2.6,2.45,1.8,2.5,3.4,4,0.95,1.85,3.1,2.2,1.7,1.6,1.3,2.35,1.95,1.65,1.4,2.85,2.15,2.6,1.9,2.25,3.8,1,2.15,2.6,2.1,4.4,2.15,3.35,2.35,2.2,1.8,2.65,2.45,2.5,2.45,2.05,4.1,4.05,2.8,3.8,3.45,2.05,3.3,4.15,1.6,2.55,5.25,0,0,0,0,0,0,0,0,0,0,0,0,0,0,0,0,0,0,0,0,0,0,0,0,0,0,0,0,0,0,0,0,0,0,0,0,0,0,0,0
1-212.txt_113,15.3889,7.3333,8.2778,8.2778,9.2778,8.0556,9.0556,10.6111,7.5,7.1111,8,8.6667,7.8889,6.5556,6.8889,10.8333,10,4.4444,7,8.8333,5,10.8333,6.6667,4.7778,2.8333,7.1667,6.0556,3.7778,5.6667,3.9444,4.2222,8.1667,4.6667,3.2778,3.9444,5.6111,5.5,3.1667,4.2778,4.2778,3,3.0556,6.6111,4.5,1.6667,3.7778,4.1111,3.1111,3.4444,2.1111,2.3889,3.7778,2.2222,2,3.0556,3.7222,4.6667,1.8889,2.3889,2.5,3.8889,3.9444,5.6667,7.0556,2.8333,3.8333,5.1111,4.2778,2.8889,2.3333,2.1667,3.7222,2.2778,2.1111,3.8889,4.2778,4.6111,1.4444,2.4444,2.5,1.6111,1.0556,1.6111,1.2778,4.2222,1.3333,1.1111,1.7222,1.3333,1.5,1.7222,1.3889,1.5,1.6111,0.9444,1.6111,1.6111,1.1111,1.4444,1.5,3,3,3,2.8333,1.2778,4.9444,3.6667,2.0556,3.0556,1.6111,1.7222,3.7778,2.3889,1.8889,2.4444,2.8889,2.9444,2.3333,3.1111,2.6111,1.8889,2.4444,2.3889,2.5556,0.7778,2.9444,4.0556,1.5,2.2222,1.1111,1.1111,2.9444,1.5,1.1667,1.8333,2.2778,2.1667,1.1111,1.7778,1.5,7.1111,5.2778,6.9444,6.6667,5.3889,5.6111,5.7778,12.8889,4.9444,3.3889,3.5,5.9444,5,4.3889,4.6667,7.4444,6.2222,3.9444,4.1111,4.7778,0.4444,0.6667,0.6111,0.6111,0.2778,0.5556,0.6667,0.4444,1.1667,0.3333,0.4444,0.7778,0.3889,0.5,0.3889,0.6667,0.5556,0.3889,1,0.5556,2,1.3333,1.2222,1.0556,2.2778,1.2222,1.0556,0.8333,1.0556,3.5556,3,1.1667,2.7222,2.2778,1.0556,1.8889,2.3889,1.0556,1.6667,3.1667,4.7222,3.7222,2.8333,2.3889,3.9444,3.5556,3.0556,2.2778,3.2222,7.0556,8.8889,3.7778,6.8889,7.3333,2.6111,3.8889,4.3889,3.8333,5.7778,6.5,0.5556,0.8889,0.6667,0.5556,0.3333,0.7778,0.7778,0.4444,0.5556,0.3333,0.4444,1.1111,0.5556,0.3333,0.5556,0.6667,0.5556,0.3333,0.4444,0.4444,1.1111,1.1111,0.8889,0.6667,1.1111,1.3333,0.8889,0.6667,0.8889,1.5556,1.7778,1.1111,2.4444,1.3333,0.8889,1.1111,1.1111,1.1111,1.1111,1.5556,1.2778,1.1111,1.0556,0.8889,1.2222,1.2222,1.2778,1.1111,2.1667,1.8889,2.1111,1.0556,2.4444,4.5,0.9444,1.3333,1.6111,3.2778,3.7222,1.9444,6.3889,5.1667,5.5556,6.2222,4,5.8333,6.3889,4.5556,5.2222,3.8333,4,6,4.6111,3.8333,13.8889,6.3889,6,3,4.7778,4.8889,7.3333,5.8889,9.2222,6.5556,4.5,7.2222,6.5,7.1111,5.6667,5.1111,4.8333,7.7222,5.3333,4.7222,5,11.1111,8.3333,3.1667,5.1111,5.2222,4.5556,5.1111,5.5,4.5556,3.4444,5.0556,5.6667,3.4444,3.7778,4.7778,4.1667,5.4444,4.6667,3.6111,3.4444,5.5,8.5556,2.5,4,5.2222,0.8889,0.7778,0.7222,0.6111,0.6667,1,1.0556,0.6111,1.0556,0.9444,0.9444,1.3333,0.8889,1.1667,0.9444,0.7778,0.7778,3,1.6667,0.9444,1.1111,1,0.8333,0.6111,0.8889,1.1111,1,0.5556,2.5,2,1.7222,1.1111,1.4444,3.7222,0.6111,1.0556,1.1667,2.7778,5.2778,1.5556,7.0556,3.8889,4,3.8889,5.1667,5,4.2222,3.3889,4.4444,8.9444,8.1667,4.6667,7.9444,6.5,4.7222,5.6111,6.1667,3.5,5,10.8333
1-212.txt_115,9.2308,3.4615,2.3077,2.3077,4.6154,3.4615,3.4615,4.6154,2.3077,3.4615,3.4615,3.4615,3.4615,2.3077,3.4615,5.7692,4.6154,1.1538,2.3077,4.6154,1.1538,3.4615,1.5385,0.7692,0.3846,1.9231,1.5385,0.7692,1.5385,0.3846,0.7692,2.3077,1.1538,0.3846,0.7692,1.1538,1.1538,0.3846,0.7692,0.3846,0.6154,1.2308,3.0769,1.5385,0.3077,1.2308,1.2308,1.2308,1.5385,0.3077,0.3077,1.2308,0.6154,0.3077,0.6154,1.5385,1.2308,0,0.6154,0.3077,1.8462,1.8462,4.6154,9.2308,0.9231,3.6923,5.5385,2.7692,2.7692,0.9231,0,2.7692,0.9231,0.9231,2.7692,3.6923,2.7692,0,0.9231,0.9231,2.7692,0.6923,0.6923,0.6923,9,0.6923,0,1.3846,0.6923,2.0769,2.0769,0.6923,2.0769,1.3846,0.6923,2.0769,2.0769,1.3846,1.3846,2.0769,1.3846,2.3077,1.8462,1.8462,0.4615,4.1538,2.7692,0.9231,1.8462,0.4615,0.9231,2.3077,1.8462,0.4615,1.3846,1.8462,1.3846,0.9231,1.3846,0.9231,0.9231,1.2308,1.2308,1.8462,0,1.8462,2.7692,0.6154,1.2308,0.3077,0.3077,1.5385,0.6154,0.3077,0.9231,1.2308,0.9231,0.3077,0.6154,0.6154,6.4615,3.2308,6.4615,4.8462,3.2308,3.2308,3.2308,16.1538,3.2308,0,0,3.2308,1.6154,1.6154,3.2308,6.4615,3.2308,3.2308,1.6154,1.6154,0.4615,0.1538,0.1538,0.1538,0.4615,0.1538,0.1538,0,0.1538,1.2308,0.9231,0.1538,0.7692,0.6154,0.1538,0.3077,0.4615,0.1538,0.4615,1.0769,2.7692,1.8462,0.9231,0,2.7692,1.8462,0.9231,0,0.9231,5.5385,7.3846,1.8462,5.5385,3.6923,0.9231,1.8462,2.7692,1.8462,2.7692,4.6154,2.7692,5.5385,3.6923,2.7692,0.9231,4.6154,4.6154,1.8462,2.7692,0.9231,1.8462,7.3846,2.7692,0.9231,2.7692,3.6923,2.7692,0.9231,1.8462,1.8462,0.6923,0.6923,0.4615,0.2308,0.6923,0.9231,0.4615,0.2308,0.4615,1.1538,1.3846,0.6923,2.0769,0.9231,0.4615,0.6923,0.6923,0.6923,0.6923,1.1538,0.7692,0.3846,0.3846,0.3846,0.7692,0.3846,0.3846,0.3846,1.1538,1.5385,1.5385,0.3846,1.5385,3.8462,0,0.7692,0.7692,1.9231,2.6923,1.1538,1.1538,0.7692,0.7692,1.1538,0.3846,1.1538,1.1538,0.7692,0.7692,0.3846,0.3846,1.1538,0.7692,0,4.2308,1.1538,1.1538,0,0.3846,0.7692,3.8462,2.3077,3.8462,3.0769,2.3077,3.0769,3.0769,3.0769,2.3077,1.5385,1.5385,3.0769,2.3077,1.5385,2.3077,6.1538,3.8462,0.7692,1.5385,1.5385,4.6154,3.4615,4.6154,3.4615,3.4615,3.4615,3.4615,2.3077,2.3077,3.4615,3.4615,3.4615,3.4615,2.3077,3.4615,5.7692,10.3846,2.3077,2.3077,4.6154,1.6923,1.6923,1.6923,0.8462,1.6923,2.5385,1.6923,0.8462,5.0769,2.5385,2.5385,1.6923,2.5385,5.9231,0.8462,1.6923,1.6923,5.0769,9.3077,2.5385,2.7692,0.6923,0.6923,0.6923,2.0769,1.3846,1.3846,0.6923,0.6923,4.8462,3.4615,1.3846,3.4615,2.0769,1.3846,1.3846,2.7692,0.6923,2.0769,5.5385,0,0,0,0,0,0,0,0,0,0,0,0,0,0,0,0,0,0,0,0,0,0,0,0,0,0,0,0,0,0,0,0,0,0,0,0,0,0,0,0
1-212.txt_117,4.05,2.6,2.2,2,1.45,2.35,2.3,3.3,1.75,2.25,2.2,2.9,2.45,1.9,2,2.9,3.4,1.95,1.8,2.65,2.2,3.75,2.7,2.3,1.2,2.7,2.85,1.85,2.8,1.6,2.2,2.8,2,1.4,2.45,2.6,2.65,1.1,1.55,2.05,2.5,2.85,3.95,3.15,1.65,2.8,3,2.15,3.1,1.7,1.8,3.05,1.95,1.75,1.8,3.15,2.5,0.85,1.7,1.9,0.9,1.35,1.6,2.45,0.35,1.15,1.55,1.25,1.05,0.4,0.5,1.55,0.7,0.4,0.9,1.2,0.95,0.25,0.55,0.75,1.7,0.7,0.7,0.6,3.95,0.7,0.7,1,1,0.95,1.4,0.85,1.3,1,0.75,1.35,1.25,0.7,1.35,1.25,0.7,1.3,0.75,0.55,0.8,1.75,1.1,0.65,1,0.65,0.6,1,0.9,0.9,0.85,1.05,0.65,0.95,0.65,0.55,7.5,7.85,8.6,9.75,3.55,9.15,12.5,7,7.5,5.1,5.75,9.45,6.05,4.65,7.65,7.95,7.55,4.25,5.1,6.7,1.75,0.85,1.2,1,1.1,0.8,0.8,2.4,0.95,1.15,1.2,0.85,1.05,1.3,0.65,1.45,1.05,0.7,1.2,1.1,0.55,0.8,0.5,0.25,0.6,0.7,0.4,0.25,0.85,0.45,0.8,0.4,0.6,0.55,0.6,0.65,0.5,0.35,0.7,0.5,4.75,3.2,3.15,3.65,2.65,3.65,3.2,2.75,2.9,7.2,5.85,3.85,5.25,5.3,3.6,4.25,4.75,2.65,4.6,6.1,4.6,3.05,2.2,1.95,2.8,3.5,2.9,2.4,3.5,6.05,8.1,3.1,6.45,7.3,2.2,3.2,4.45,2.6,4.4,6.15,3.55,5.2,3.85,4.35,2.1,5.15,5.7,2.9,3.45,3.35,3,7,3.9,2.8,3.1,4.95,4.7,1.85,3,3.75,2.15,2.75,2.1,1.7,1.65,2.75,2.05,1.1,2.2,2.7,3.15,2.65,4.55,2.45,1.5,1.9,2.05,1.15,1.9,2.85,1.4,0.95,1.1,0.95,1.35,1.3,1.15,1.3,1.3,1.9,2.1,1.1,2.25,3.5,1.25,1.25,1.65,1.6,2.1,1.9,1.75,1.95,1.9,2.35,0.75,1.7,2.15,1.3,1.9,1.25,1.35,2,1.25,1.35,3.15,1.95,2.15,1.25,1.35,1.5,2.25,2.85,2.65,2.4,1.7,2.3,2.5,2.65,2.7,2.2,2.4,2.6,1.95,1.95,2.1,3,2.55,1.6,1.95,2.5,3.9,3.05,3.7,2.95,2.2,3.05,3.3,3.45,2.5,2.8,2.7,2.85,2.85,1.95,2.75,3.95,5.55,2.2,2.1,3.2,1.7,2.2,2.3,1.9,1.15,2,1.8,1.8,3.4,1.7,2.05,2.05,2.2,3.1,1.65,1.85,2,2.25,4.7,2.25,3.65,2.35,2.15,2.25,2.35,2.95,2.85,1.7,1.95,4.7,4.35,2.5,3.7,3.3,2,3.15,3.65,2.1,2.3,5.2,0,0,0,0,0,0,0,0,0,0,0,0,0,0,0,0,0,0,0,0
1-212.txt_119,5.85,2.55,2.95,3.1,3.25,3.6,3.2,3.95,3.25,3.65,3.1,2.9,3.3,3.3,2.75,4.15,3.9,1.85,3.35,4.15,5.55,10.15,6.95,5.35,3.5,7.5,7.05,5.1,7.15,4.85,4.85,8.6,5.85,5.05,4.2,6.4,6.05,3.9,4.9,4.65,1.1,1.35,2.55,1.65,0.7,1.3,1.4,1.45,1.6,0.7,0.7,1.45,0.9,0.7,0.9,1.65,1.4,0.5,0.9,0.7,2.8,3.55,4.85,6.3,1.95,4,5.4,3.7,3.65,2.15,2.05,4.25,2.6,2.3,2.8,4.2,3.25,1.4,2.5,2,1.9,1.05,1.15,1,4.8,1.1,0.9,1.25,1.45,1.55,1.7,1.05,1.75,1.25,1.1,1.95,1.85,1.2,1.4,1.65,2.3,2.8,2.8,2.7,1.65,4.4,3.8,1.65,2.6,1.85,1.95,3,2.75,1.65,2.2,2.7,2.45,1.6,2.3,2.25,3.05,2.75,3.8,4.5,1.4,4,5.3,2.45,2.6,2,1.95,3.8,2.45,1.2,2.65,3.6,2.9,1.55,1.8,2.5,4.95,3.85,4.8,4.75,2.85,4.2,4.35,7.45,3.35,2.4,2.3,4,3,2.35,3.75,4.85,4.4,2.55,2.75,3.2,1.25,1.75,2,1.5,1,1.75,1.75,1.25,3.75,1,1,1.5,1.25,1.5,1.25,1.5,1.25,1.25,2.25,1,1.7,1.3,1,1.1,1.2,1.4,1.5,1.05,1.2,3.15,2.35,1.1,2.3,2.3,0.85,1.5,2.1,1.35,1.8,2.9,6.9,5.25,4.55,3.8,6.4,5.85,5.05,3.4,5,9.8,13.25,5.5,10.15,9,4.75,6.1,8,5.35,7.45,9.45,3.3,5.35,4.1,3.65,2.55,4.55,4.55,2.6,4.1,3.25,2.85,6.8,3.9,2.5,3.05,4.3,4.6,2.5,3.05,3.65,1.5,1.2,0.85,0.55,1.05,1.1,1.1,1,0.75,1.9,2.35,1.1,3.2,1.55,0.85,0.95,1.45,1.4,1.3,1.8,2.15,2.05,1.55,1.15,1.9,1.6,1.95,1.1,2.2,3.2,3.55,2,3.1,5.65,1.45,1.95,2.2,2.55,3.7,2.8,6.85,5.4,5.75,7.5,4.3,6.5,6.45,5.3,5.5,5.3,5,6.85,5.7,3.85,15.6,6.9,6.95,3.15,4.4,6.15,5.05,4.4,5.05,4.5,3.9,4.9,4.65,4,4,3.2,3.6,4.7,4.15,3.55,4.1,6.95,5.25,2.55,3.75,3.35,5.8,5.05,5.5,4.75,4.2,5.05,4.85,4.2,4.6,5,4.45,5.4,4.4,4,4.1,6.3,9.2,3.45,4.9,5.7,1.1,1.1,0.8,0.75,1.3,1.35,1.05,1.3,1.4,1.2,1.45,1.05,1.65,2.5,0.8,1.1,1.3,5.45,2.75,1.15,1.65,2.1,1.5,1.15,1.05,2,1.5,1.05,3.45,1.9,2.35,1.5,1.7,3.5,0.95,1.65,1.75,2.6,4.4,1.85,3.95,2.1,2.15,1.7,2.25,2.65,2.35,2,2.65,4.5,3.95,2.5,4.35,3.3,2.15,3.25,3.45,2,2.75,5.25
1-212.txt_121,9.8235,5,5.1176,3.9412,4.6471,6,5.4706,6.0588,4.0588,3.7647,3.8235,5.4706,4.3529,2.8824,4.1765,7.0588,6.1765,2.7647,4.1176,4.8235,4.1176,9.1765,5,3.5882,2,5.3529,4.4118,3.8235,3.9412,2.5882,3,6.6471,3.7647,2.2941,2.9412,4.5294,4.4706,2.5294,3.2941,3.0588,0.9412,1,1.5882,0.9412,0.4118,0.8824,0.7059,0.7059,0.7059,0.2941,0.2941,0.7647,0.4706,0.2353,0.9412,1.1176,0.9412,0.2353,0.4118,0.4118,1.9412,2.1765,3.7647,4.8824,0.8824,2.5294,3.5294,1.9412,2.1176,0.9412,0.9412,2.6471,1.2353,0.8824,1.7059,2.4118,2.1765,0.7059,1.2353,1.0588,0.4706,0.2941,0.2941,0.2941,1.5294,0.2941,0.2941,0.5294,0.2941,0.4706,0.6471,0.2941,0.4706,0.3529,0.2941,0.4118,0.4118,0.3529,0.3529,0.4706,1.1176,1.5882,1.5294,1.2353,0.5882,2.5294,2,0.8824,2.0588,0.6471,0.8824,1.6471,1.1765,0.6471,0.9412,1.5294,1.3529,0.7059,1.1176,0.7647,2.3529,2.5882,3.1765,3.5294,1,3.1176,5.1176,1.5882,2.2941,1.5294,1.4706,2.8824,1.8235,1.2353,2.1176,2.6471,2.5882,1.5294,1.6471,1.9412,4,2.3529,3,2.5882,1.8824,2.3529,2.7059,7,2.0588,1,1.2941,2.5882,1.7647,1.4118,3.2353,3.6471,2.8235,1.6471,1.7059,1.6471,1.9412,1.1176,0.9412,0.8824,1.3529,1.6471,1.0588,0.7647,1.0588,3.9412,2.7059,1.1176,2.4706,2.5882,1.2353,1.5294,1.7647,1.1765,1.8235,2.9412,2.1765,1.9412,1.0588,0.9412,1.9412,1.7647,1.7059,0.8824,1.4706,4.1176,5.5294,1.9412,4,3.2941,1.3529,1.7647,2.5294,1.6471,2.2941,3.5882,1.2941,2.1765,1.5294,1.6471,0.5294,2,2.2941,0.9412,1.4118,0.7647,0.8235,2.9412,1.2353,0.7647,1,1.4118,1.7059,0.7059,1.3529,1.0588,0.8824,0.7059,0.6471,0.3529,0.7059,0.9412,0.5882,0.4118,1.3529,1.1176,1.2353,0.7059,2.3529,1.4118,0.4706,0.7647,1.0588,0.9412,1.5294,1.2353,0.8235,0.4706,0.3529,0.2353,0.5294,0.4706,0.3529,0.4118,0.7059,1.0588,1.2353,0.4118,1,2.4706,0.8235,0.5882,0.5882,1.7059,1.5294,0.8824,3.1765,2.4118,2.8235,4,1.4118,3.0588,3.2353,2.7059,2.1765,1.7059,1.5882,3.1176,2.1176,1.1765,9.6471,3.2941,3,1.4118,1.5294,2,1.5882,0.9412,1.1176,0.9412,0.8824,1.2353,1,1.4118,0.8235,1,1.1765,1.2353,1.2941,0.8824,1.1765,2.2941,1.4706,0.5882,0.8235,1.4118,2.6471,2.1176,2.3529,2,1.8235,2.6471,2.5882,1.7059,1.9412,2.5294,2.2353,2.4118,2.2941,1.9412,2.6471,3.0588,4.7647,1.3529,2.2353,2.3529,0.8824,0.4118,0.4118,0.2941,0.4118,0.4706,0.4118,0.7647,0.8824,0.3529,0.4118,0.3529,0.5294,0.7647,0.2941,0.4706,0.5294,2.5882,1,0.3529,1,0.9412,0.8824,0.5882,1,1.1765,0.8824,0.5882,2.2353,1.5294,1.8824,0.8824,1.6471,3.4118,0.6471,0.9412,1.1765,2.5294,4.6471,1.5294,3.5294,2.8824,2.5882,2.2353,2.5882,2.5882,2.9412,1.6471,2.1765,5.6471,4.4118,3.0588,4.6471,3.8235,2.2941,3.2353,4.2353,1.8824,3.6471,7,0,0,0,0,0,0,0,0,0,0,0,0,0,0,0,0,0,0,0,0
1-212.txt_123,10.5789,6.5263,6.9474,5.7368,5,7.4211,7.6316,7.7895,5.9474,7.3684,8.1053,7.1579,7.3158,6.1053,6.3684,8.4737,8.0526,4.6842,6.4737,8.8421,4.1053,7.5789,4.7368,4.5263,3.6316,5.1053,4.7368,4.2105,4.6842,4.0526,4.1579,6.3158,4.6316,3.9474,4.7368,4.9474,4.9474,2.8421,4,4.5263,1.9474,2.4211,3.7895,5,1,3.0526,3.5263,2.1579,2.5789,1.1579,1.2105,2.9474,1.3158,1.4737,2.7368,2.7895,2.2105,1.1579,1.4211,1.4211,0.7368,0.4211,0.5263,0.6316,2.4737,0.5263,0.4737,0.4211,0.3684,0.7368,0.6842,0.7368,1,0.4211,0.3684,0.9474,0.8421,0.7368,0.4211,0.8421,5.1053,6.7368,6.6842,6.5789,3.4211,8.2632,7.4737,4.3158,6.1579,3.8421,4,7.3158,4.3684,3.7368,4.2105,5.7368,5.9474,3.1579,4.5263,3.4737,2.9474,3.6316,2.5263,3.5263,1.8947,3.5263,4.8421,2.1579,2.8947,2.1053,2,3.7368,2.7368,1.7368,2.3158,3.4211,3.2105,1.6842,2.2632,2.5263,5.2105,4.9474,5.4211,5.2105,2.7368,4.7895,5.5263,8.4737,4.5263,3.4211,3.4211,5.5263,3.0526,3.1579,4.1053,4.8947,4.5263,2.3684,3.1579,3.9474,1.3158,1.6842,2.2632,1.7368,0.6842,1.8421,1.9474,1.7368,2.6842,1.1053,0.9474,1.6842,1.2105,1.2105,1.1579,1.4737,1.6316,0.7368,1.4737,1.3684,1.1053,1.0526,0.7895,0.7895,0.9474,1.2105,1.2105,0.9474,1.3684,2.2105,1.4737,1,1.4737,1.4737,0.8947,0.8947,1.1579,0.6842,1.1579,1.9474,6.6316,6.1053,5.3158,4.6316,5,6.2632,6,4.2105,5.7368,8.8421,11.9474,6.2632,9,9.5789,5.3684,6.4211,7.6842,5.2632,7.2632,8.4737,1.5263,2.1579,1.6842,1.7368,1.3684,2.2632,1.7368,1.2105,1.3684,1.3158,1.1579,2.5263,1.5263,0.8947,1.2632,1.6316,1.7895,1.7895,1.4737,1.5263,0.5263,0.6316,0.6842,0.4211,0.4211,0.6316,0.6842,0.3158,0.4737,0.8421,1,0.6316,1.2632,0.6842,0.3684,0.5789,0.5789,0.4211,0.6842,0.6842,2.4211,2.6316,1.8421,1.6316,1.8947,2.8421,2.5263,1.9474,3.1053,3.6842,3.8947,2.6842,3.3158,6.8421,1.8947,2.5789,2.7368,3.2105,5.1053,3.6842,3.4211,2.4737,2.8421,3.4211,2.1053,3.2632,3.3158,2.8421,2.3158,2.4211,3.3158,3,2.4737,2.2632,6.2105,3.4211,3.5263,1.5789,2.1053,3,3.6842,3.5789,4,4.3684,1.7368,3.6842,4.4211,3.3684,3.3158,2.3684,2.5789,3.8947,3.1053,2.3158,2.9474,5.2632,4.3158,1.8421,2.3158,2.7368,4.2632,3.4737,4.1053,3.6316,2.5263,3.5789,3.6842,3.4211,2.7895,3.5789,3.7368,3.9474,3.3684,3.3684,3.3158,4.3158,6.3684,1.6842,3.0526,4,0.5263,0.5263,0.4211,0.3158,0.2105,0.5789,0.5789,0.2105,0.2632,0.4737,0.3684,0.4211,0.3684,0.3684,0.1579,0.3158,0.4737,1.5789,0.5789,0.5263,1.5263,1.4211,1.3158,1.2632,1.5263,1.3158,1.3158,0.8421,1.8421,1.9474,2.0526,1.2632,2.0526,3,1.1579,1.2632,1.6316,2,3.8421,1.8947,6,3.9474,3.6316,3.7368,4.3684,4.2632,4.3684,2.8421,3.7895,8.0526,7.1579,4.5789,7,5.6316,3.5789,4.6842,5.4737,3.3684,4.6316,8.7368,0,0,0,0,0,0,0,0,0,0,0,0,0,0,0,0,0,0,0,0
1-212.txt_125,4.5,2.6,2.55,2.75,1.95,3.25,2.7,2.65,2.6,2.7,2.7,2.8,3.25,2.75,3,2.85,3.5,1.65,2.45,3,2,4.15,2.2,2.4,0.85,3.05,3.35,1.65,2.2,2,1.75,3.6,2.1,1.25,2.8,2.6,2.25,0.9,1.5,2.05,3.35,3.8,6.3,5,1.4,4.4,4.55,3.55,4.05,2.45,2.3,4.35,2.35,1.6,2.8,4.2,3.9,1.65,2.4,2.55,3.55,4.4,5.4,7.35,1.55,4.95,5.75,3.6,4.55,2.65,2.6,5.2,2.75,3.45,3.3,4.65,4.75,2.05,3.1,2.95,1.8,0.65,0.95,0.6,3.7,0.85,0.75,1.15,0.65,1.45,1.4,0.8,1.1,1.35,0.7,1.5,1.55,1.55,1.1,1.65,1.55,2.3,2,1.7,1.25,2.9,2.4,1.25,2.15,1.65,1.5,2.2,1.8,1.8,1.2,1.8,2.15,1.15,1.85,1.75,6.7,7.9,7.65,9.3,3.45,10.2,12.15,7.1,6.9,4.6,4.45,8.8,5.55,3.95,6.15,8.2,7.75,3.65,4.75,5.4,4.2,3.2,4,3.3,2.15,3.4,3.25,6.7,3.4,2,1.95,3.4,2.75,1.65,2.4,3.85,3.55,2.35,2,2.55,3.6,4.3,4.05,3.4,2.55,4.7,4.3,3.25,7.65,2.7,3.3,4.05,3.15,3.85,3,3.9,3.9,2.55,5.4,3,3.8,3.2,2.65,2.5,2.4,3.6,3.3,2.1,2.7,7.2,5.7,3.4,4.85,5.2,2.75,3.25,3.7,2.2,4.15,6,8.75,6,5.6,4.8,7.6,5.85,5.9,5.25,5.8,11.65,14.7,6.3,12.1,10.9,6.75,6.85,8.85,6.6,8.55,11.8,3.1,4.8,3.6,4.45,1.95,3.75,4.45,2.2,3.4,3.35,3.15,6.05,3.55,2.85,3,3.6,3.7,2.35,2.85,2.85,1.9,1.3,1.15,1.25,1.25,1.3,1.25,1.75,0.9,2.1,2.35,1.35,3.3,1.65,0.75,1.35,1.8,1.1,1.3,2,2.8,2.6,2.6,1.95,3.65,2.45,2.5,2.05,3.55,4,4.25,2.25,3.9,7.05,1.55,3.25,3.6,3.55,5.15,3.65,2.85,2.7,2.45,2.6,1.6,3.8,3.2,3.2,2.1,2.05,2.4,3.3,2.6,1.5,5.9,3.15,2.7,1.7,1.75,2.15,5.25,4.9,5.4,5.35,3.15,5.5,5.4,4.6,4.25,3.5,3.5,6.05,3.7,3.75,5,7.55,6,3.05,3.5,4.1,3.4,3.35,3,2.95,2.1,3.75,3.45,2.3,3.8,3.25,3.1,3.3,3.15,2.9,3.1,4.1,5.1,2,3,4.2,0.45,0.35,0.35,0.25,0.35,0.4,0.35,0.4,0.35,0.3,0.35,0.35,0.4,0.55,0.25,0.65,0.45,1.75,0.75,0.25,1,1.05,1,0.5,0.6,1,1.05,0.7,1.6,1.2,1.55,1.1,1.3,2.8,0.9,1.05,0.75,1.7,3.45,1.4,4.15,3.5,2.95,2.6,2.85,3.3,3.7,2.65,3.25,5.2,5.05,3.7,4.75,3.6,3.85,3.85,4.4,3.2,3.95,5.9
1-212.txt_127,6.95,4.4,3.95,4.25,3.8,4.8,4.6,4.4,3.65,4.8,5.1,4.45,4.65,3.8,5.1,4.95,5.55,2.75,3.8,4.95,2.25,4.25,3,2.45,1.4,2.8,3.05,2.05,2.65,2.4,2,4.2,2.75,1.95,2.2,2.8,3.25,1.8,1.85,2.55,1.4,1.8,2.5,2.2,0.95,1.6,2,1.4,1.6,0.8,0.75,1.8,1.1,0.6,1.35,1.9,1.75,0.6,1.25,0.9,1.4,1.45,2.85,3.25,0.9,2,2.55,2.05,1.45,0.75,0.75,2,0.75,0.65,1.5,1.95,1.5,0.45,0.9,1.4,0.9,0.65,0.6,0.65,2.75,0.85,0.9,0.85,0.85,0.9,0.65,1.05,0.9,0.9,0.45,1.05,1.3,0.5,0.9,1.2,1.6,2.15,1.8,1.8,0.8,3.15,2.25,1.8,2.1,1.65,1.55,2.15,2,1.35,1.85,1.9,1.95,1.05,1.1,1.8,3.8,4.55,4.5,6.05,1.65,5.85,7.45,2.5,4,2.85,2.75,5.3,2.85,1.7,4.25,4.55,4.25,2.75,2.45,3.4,4.3,3.85,4.95,4.2,2.45,3.8,3.85,6.55,3.25,2,2.7,4,2.3,2.05,2.85,4.25,3.75,1.85,2,2.2,1.05,1.4,1.55,1.4,0.55,1.45,1.55,1.15,2.2,0.8,1,1.6,1.05,0.85,0.8,1.05,1,0.85,1.35,1.05,6.9,4.6,3.75,3.2,4.95,5.5,4.2,4.05,4.8,9.35,11.4,4.6,9.4,8.55,4.65,5.35,6.9,4.2,6.2,9.25,2.75,3.9,3.4,3.4,1.1,4.2,3.75,2.55,3.05,2.5,2.4,4.75,2.75,2.3,2.55,2.7,3.15,1.85,2,1.9,1.55,0.95,1.05,0.75,1.4,1.15,1.05,1.05,0.8,2.05,2.05,1.05,3.25,1.95,0.85,1.25,1.55,0.8,1.3,2.3,1.85,2.6,1.7,1.55,1.45,2.05,1.8,1.05,2.85,3.65,3.9,2.2,3.5,6.2,1.05,1.75,2.5,2.9,4.6,3.15,3.95,3.75,3.85,4.5,2.8,4.3,4.65,2.8,3.9,3.4,3.65,4.15,3.2,3.25,6.7,3.95,3.8,2.35,2.55,3.85,4.85,5,4.65,4.5,2.7,4.55,5,4.5,4.55,4.45,3.65,5.15,4.25,3.6,3.1,6.35,5.2,2.95,4.3,4.6,4.95,5.3,5.55,5,4.2,5.6,5.85,3.65,4.45,4.6,4.5,6.4,4.3,4.3,4.1,6.35,8,3,5,5.15,0.9,0.65,0.7,0.65,0.85,1,1.25,0.9,1.05,0.85,1.3,0.75,0.8,1.7,0.5,0.85,0.8,3.1,1.7,0.8,1.2,0.95,1.3,1.05,1.2,0.95,0.85,0.8,2.1,1.85,1.9,1.1,2,3.25,0.85,1.1,1.1,1.9,4.15,1.9,3.25,1.85,1.95,1.8,2.1,2.3,2.4,1.85,2.5,4.35,4.05,2.15,3.65,3.55,1.7,2.75,3.1,1.55,2.8,4.75,0,0,0,0,0,0,0,0,0,0,0,0,0,0,0,0,0,0,0,0
1-212.txt_129,15.1111,7.8889,9,8.1667,8.1667,9.2222,8.7222,9.2778,7,8.3889,8.3889,8.6667,7.6111,6.8889,8.2778,11.0556,10.1111,4.8889,6.6111,8.9444,3,6.6111,3.8333,3.1667,1.4444,3.8889,3.6111,2,3.2778,2.5556,2.5556,5.5,2.6667,2.0556,2.2778,2.9444,3.4444,1.4444,2.5,2.4444,1.3889,1.3333,2.7778,1.8889,0.5,1.3889,1.7778,1.3889,1.8333,0.7778,0.6667,1.6111,0.9444,0.7222,1.6667,1.6111,1.6111,0.4444,0.7778,0.7778,1.1667,1.3889,2,3.4444,0.6667,1.6667,2.5,1.3333,1.1667,1.3333,0.8333,1.8333,1,1.0556,1.6667,1.8333,2.1667,0.6111,1.5,1.1111,0.5556,0.7778,0.5556,0.4444,1.1667,0.4444,0.6667,0.9444,0.3333,0.3889,0.7778,0.5556,0.3889,0.6667,0.2222,0.4444,0.4444,0.2778,0.3889,0.3333,3.1667,4.6111,4.5,3.7778,1.5,5.8889,5.2778,2.0556,3.1667,1.3889,1.8889,4.1111,2.4444,1.5556,2.4444,4,3.3333,1.1667,2.6667,1.4444,2.4444,2,2.2778,3.5556,1.5,3,3.9444,1.5556,2.2222,1.6111,1.1667,2.6111,1.6111,1.3889,1.6667,2.1667,2,1.2778,1.5556,2.2222,4.4444,3.8333,5.5,3.8889,3.1111,5,3.5,9.2222,4.0556,2.8333,3,4.4444,3.0556,3.2222,3.5556,5.1667,4.3889,3.1111,3.7778,3.7778,0.6111,0.6111,0.5,0.6667,0.3333,0.6111,0.6667,0.2778,0.8889,0.4444,0.5556,0.5,0.4444,0.2778,0.5556,0.5556,0.9444,0.2778,0.5556,0.3889,2.2778,1.3889,1.3333,1.0556,2,1.7778,1.1111,1.3889,1.7778,4.0556,3.5556,1.6111,3.1667,2.7778,1.0556,1.7222,2,1.7778,2.1111,3.6111,4.3333,3,3,2.2778,4.2222,4.1111,3,2.8333,2.8333,6.3333,7.8333,3.3889,6,6,3.2778,3.4444,3.9444,3.6111,4.5556,6.4444,3.2778,4.8333,5.0556,4.5,2.2778,4.1667,4.5,3,3.7222,2.8889,2.8889,6.2778,3.5,2.2222,2.6111,4.8889,4.5,2.2778,3.2778,3.7778,1.6667,1.2222,1.1111,0.7222,1.2222,1.6111,0.9444,0.9444,1.5556,2.3889,3,1.2222,3.8889,2.7778,0.8889,1.5556,1.6111,1.5556,2.6667,2.5556,1.2778,0.9444,0.9444,0.6111,1,1,0.7778,0.9444,1.5,2.2222,2.2778,1.1111,1.9444,3.8333,1.0556,1.1111,1.2222,2.0556,2.7222,2,4.1111,3.7778,3.6111,4.2778,2.6111,4.5,4.2778,2.6667,2.9444,2.9444,3.3889,4.1667,3.5556,2.3889,9.6111,4.8889,4.6111,1.5,2.7222,3.5,1.9444,1.1111,1.7778,1.3889,1.1667,1.2778,1.6667,1.9444,1.2222,0.9444,1.0556,1.3333,0.9444,1.0556,1.3333,2.4444,1.6111,0.5556,0.8333,1.1667,3.2222,2.6111,3.7222,2.6667,2.8889,2.6667,2.8333,3.1111,2.3889,2.5556,2.2778,3.1667,2.1667,1.9444,2.2778,4.0556,5.2778,1.7222,2.6111,3.3889,1.5556,1,0.8333,0.6111,0.8889,1.0556,0.9444,1.2222,1.5,1.3889,1.5,1.0556,1.3889,2.2778,0.9444,1.6667,1.9444,4.3889,2.6111,1.1667,0.7222,0.8889,0.8333,0.5,0.5556,0.7778,0.6667,0.4444,2.2222,1.0556,1,0.6667,1.1667,2,0.7222,0.8333,0.7222,1.5556,2.8333,1.0556,4.0556,2.3333,2.2222,1.6667,3.1667,2.6111,2.6111,2,2.1667,5.2778,4.7222,3.1667,4.2222,3.9444,2.2222,3.8333,4.4444,2.5,4.6111,6.6667
1-212.txt_131,3.6667,2,2.5556,2.4444,1.6111,2.5,2.3333,2.0556,1.8889,1.7222,2,2.3889,2.0556,1.5556,1.8333,2.5,2.3333,1.0556,1.6111,2.2222,2.7222,4.1667,2.6667,2.3889,1.1111,2.8333,3.2778,1.6111,2.2778,1.6667,1.6111,3.2778,1.8889,1.9444,2,2.5,2.6667,1.2222,2.5,2.2222,0.9444,1.0556,1.5,0.9444,0.4444,0.9444,0.7222,0.8889,0.6111,0.7778,0.5556,1,0.8333,0.3889,0.8889,0.8333,1.0556,0.2778,0.4444,1.0556,2,1.8333,4.0556,5.1667,0.7778,3,3.6667,1.8889,2.2222,0.8889,0.8889,2.1111,1.2222,0.7222,2.5556,2.7222,2.6111,0.5,1.3889,1.1667,1.5,1.7222,2.1667,1.5556,1.5,3.0556,1.9444,0.9444,1.5556,1.0556,1.3333,2.5556,1.4444,0.7778,1,1.7778,1.8889,1.3333,1.0556,1.6111,2.4444,2.2778,2.5556,3.2222,1.3889,2.2778,3.8889,1.4444,1.8889,1.3889,1.1111,2.5556,1.6667,1.7222,1.6111,2.8333,2.3889,0.9444,1.9444,1.8889,1.6667,1.0556,2.1111,1.9444,1.4444,1.3889,1.4444,3.4444,1.1111,0.9444,1,1.4444,1.3333,1.0556,1.1667,1.7778,1.3333,0.8333,1.3333,0.8889,1.1667,1.5,1.4444,1.1111,0.6667,1.7222,1.2778,1.5556,2.9444,1,1.1111,1.5556,1.5556,1.6667,0.7778,1.3889,1.3333,1.0556,2.2222,1.1667,2.6667,2.1667,2.0556,1.5,2.1667,2.6111,1.7222,1.4444,2,5.3889,4.3889,2,4.3333,3.5556,2.1111,2.6667,3.5556,2.5556,3.1111,4.6667,3.5556,2.5556,1.8889,1.2778,2.1667,2.0556,1.7778,1.6111,2.0556,4.0556,5.1667,2.7222,4.0556,3.5556,1.5,2.5,3.1111,1.9444,3.2778,3.8889,4.2222,5.3889,6.2778,4.9444,2.9444,4.7778,5.6111,3.3333,4.2222,2.6667,2.7778,7.9444,3.8889,3.6111,3.3333,4.8889,5.5556,2.8889,4.0556,3.2778,1,0.8333,1,0.7778,0.6111,0.9444,0.7222,0.6667,0.7778,0.7778,0.8333,1,1.5,0.6667,0.6111,1.0556,1.0556,0.5,0.8889,1,1.1667,1,0.8333,0.6667,0.7222,1.0556,1.1667,0.6111,1.4444,1.4444,1.7222,1.2222,1.6667,2.3889,0.6111,1.5,1.6667,1.1667,2.3889,1.3333,1.8333,1.5556,1.6111,1.8889,1.2778,1.8333,2.2778,1.4444,1.3333,0.9444,1,1.9444,1.2222,0.9444,4.7222,2.3889,1.7778,0.7222,1.5,1.3889,4.0556,2.8333,3.2778,3.0556,1.9444,3.3333,3.5,3.8333,2.8889,2.3889,2.3889,3.6667,2.6111,2.3333,3.1111,5.3889,3.8889,2.2778,2.2222,2.1111,2.2222,1.6667,3.4444,1.9444,1.2222,2.0556,2.2778,2.1667,1.9444,2.1667,1.6667,1.9444,1.6667,1.7778,1.5,3.1111,3.6111,0.8889,1.6667,2.3333,0.9444,0.7222,1,0.6667,0.8889,1.0556,0.8333,1.3333,0.6667,0.6111,0.8333,0.8889,0.7222,1,0.5556,1.2222,1,3.1667,1.1667,0.7778,2.7222,2.4444,2.5556,1.8889,2.8333,2.8889,2.7222,2.4444,4.1667,3.2222,2.8889,3,3.2222,4.9444,1.7222,2.7778,2.7222,3.7222,7.2222,2.8889,4.6667,3.6667,3.4444,2.7778,3.5556,4.1111,3.6667,2.3333,2.8889,6.6667,5.7222,4.5556,4.8889,4.5,4.1667,4.3889,5.7778,2.5,4.3889,8.4444,0,0,0,0,0,0,0,0,0,0,0,0,0,0,0,0,0,0,0,0
1-212.txt_133,6,2.7647,2.3529,2.4706,2.7059,3.1765,3.2353,3.1176,2.1765,2.5882,2.3529,3.4706,2.7059,1.7647,2.5882,3.8235,3.2353,1.5294,2.1765,3.1765,1.7059,4.4706,2.5882,2.3529,0.7059,2.6471,2.1765,1.1765,2,1,1.3529,3.0588,1.5882,1.0588,1.1765,2,1.8824,0.8824,1.7059,1.4118,0.8235,0.5882,1.7059,1.0588,0.3529,0.7647,1,1,0.7647,0.2941,0.2941,0.7059,0.4706,0.2941,0.5294,1,1,0.1765,0.3529,0.4118,2.4118,2.1176,3.9412,6.6471,1,2.8235,4.1176,2.3529,2.6471,0.8824,0.7647,2.8824,1.2353,0.9412,1.9412,3.3529,2.5882,0.5294,1.5882,1.1765,2.4118,1,1.1765,0.8235,7.8824,1.4118,0.8235,1.2353,1.2941,2.0588,2.2353,1.0588,2.1176,2,1.0588,2.1765,2.1765,1.7647,2.5294,2.2941,2.4118,2.7647,2.7059,2.3529,1.2353,5.5294,3.4706,1.5294,3.0588,1.8235,1.9412,3.1176,2.8824,1.5882,1.7059,2.4706,2.7059,1.3529,2.0588,2.1176,1.4118,1.4118,1.5882,2.5294,0.5294,2,3.2353,1.2941,1.2941,0.5294,0.5294,1.8235,0.8235,0.4118,1.0588,1.7647,1.7647,0.4118,0.7647,0.7647,3.2353,2.0588,3.4118,3.1765,1.4706,2.5882,2.4706,6.5294,2.1765,1.4706,1.3529,2.7647,2.2353,1.4706,2.2353,3.1176,2.4706,1.4706,1.8824,2.0588,0.5294,0.8235,1.2353,1.0588,0.2941,0.8824,0.8824,0.5294,2,0.2941,0.2941,0.7059,0.4706,0.5882,0.5294,0.7059,0.5882,0.4118,1.0588,0.2941,0.6471,0.3529,0.2941,0.2941,0.6471,0.3529,0.2941,0.1765,0.2941,1.5882,1.2353,0.3529,1.0588,0.8235,0.3529,0.4706,0.7059,0.3529,0.6471,1.4118,2.5882,1.8824,2.5294,2.1765,2.0588,2.2353,2.0588,1.4118,2.5882,3.9412,5.4118,2.0588,4.0588,3.1176,1.5294,2.5882,3,1.5882,2.2941,3.6471,3.4118,4.5294,3.7059,3.7059,1.5294,4.4118,4.1176,2.1765,3.5294,2.2941,2.7059,7,3.4118,2.3529,2.6471,3.4118,3.6471,2.3529,3.2941,2.7647,0.4706,0.4706,0.3529,0.2353,0.4706,0.5882,0.3529,0.2353,0.3529,0.7059,0.8235,0.4706,1.1765,0.5882,0.3529,0.4706,0.4706,0.4706,0.4706,0.7059,1.1765,0.7647,0.8235,0.8824,1,0.8235,0.7059,0.6471,1.5882,1.8824,2,0.8235,1.7647,4.6471,0.5294,1.0588,1.1176,2.3529,3.5882,1.6471,1.7647,1.0588,1.1765,1.2353,0.9412,1.4118,1.4118,1.1176,1.0588,0.8235,0.8235,1.4118,1.0588,0.4706,3.9412,1.7059,1.9412,0.4118,0.7059,1.1765,3.5294,3,4.5294,3.3529,2.1176,4.2353,4.0588,2.8235,2.9412,2.2941,2.2353,4,2.9412,2.0588,2.8824,6,4.5294,2.2941,3.0588,2.8824,3.0588,2.5294,3.1765,2.5294,2.1765,2.8824,2.5882,2.0588,2.1765,2.3529,2.1765,2.8235,2.8235,1.8235,2.1176,3.7059,5.7059,1.2941,2,2.8235,0.2353,0.2353,0.1176,0,0.2353,0.2353,0.1176,0.2353,0.2353,0.2353,0.3529,0.1176,0.3529,0.7059,0.1176,0.2353,0.2353,2,0.8235,0.1176,1,0.8235,0.8824,0.8824,0.7059,1,0.8235,0.9412,1.7059,0.8824,0.9412,0.8824,1,2.1765,0.5294,1.1765,1,1.8235,3.3529,0.8824,4.7059,3.2353,2.4706,2.2941,3.5882,3.3529,3.3529,2,2.4118,6.7647,4.9412,3.8235,5.0588,3.8235,3.1176,3.5882,5.4118,2.1765,4,8.4706
1-212.txt_135,13.5,4.5,4.5,4.5,7.5,6,6,7.5,4.5,6,4.5,6,6,4.5,6,9,7.5,3,4.5,7.5,0.75,2.75,1.25,0.75,0.25,1.5,1.25,0.5,1.25,0.5,0.75,1.75,1,0.5,0.75,1,1,0.5,0.75,0.5,1.5,2.5,5.5,3,1,2.5,2.5,2.5,3,1,0.5,2.5,1.5,1,1.5,3,2.5,0.5,1.5,1,0.9375,0.9375,1.875,3.4375,0.3125,1.5625,2.1875,1.25,1.25,0.625,0.3125,1.25,0.625,0.3125,0.9375,1.5625,1.25,0,0.625,0.625,2.1875,0.4375,0.875,0.4375,6.125,0.875,0.4375,0.875,0.875,1.75,1.75,0.875,1.3125,0.875,0.875,1.75,1.75,0.875,0.875,1.75,1.25,1.875,1.5625,1.5625,0.625,3.4375,2.1875,0.9375,1.5625,0.625,0.9375,1.875,1.5625,0.625,1.25,1.5625,1.25,0.9375,0.9375,0.9375,2,2.5,2.5,3.5,0.5,3.5,5,1.5,2.5,1,1,3,1.5,1,2,2.5,2,1,1.5,1,3.4375,1.375,3.4375,2.75,1.375,2.0625,2.0625,7.5625,2.0625,0.6875,0.6875,2.0625,1.375,1.375,2.0625,3.4375,2.0625,1.375,1.375,1.375,0.9375,1.5625,1.875,1.25,0.625,1.5625,1.5625,0.9375,4.0625,0.3125,0.625,1.25,0.9375,1.25,0.9375,1.25,0.9375,0.625,2.1875,0.625,2.625,2.625,0.875,0.875,3.5,2.625,1.75,0.875,1.75,6.125,7.875,1.75,6.125,4.375,1.75,1.75,3.5,2.625,3.5,5.25,3.75,6.5625,4.6875,3.75,1.875,5.625,5.625,2.8125,3.75,1.875,1.875,9.375,3.75,1.875,3.75,4.6875,3.75,1.875,2.8125,2.8125,0.75,0.75,0.5625,0.375,0.5625,0.9375,0.5625,0.375,0.5625,1.125,1.3125,0.75,2.0625,0.9375,0.375,0.5625,0.75,0.5625,0.75,1.125,1.5,1,1,0.5,1,1,1,1,2,2.5,2.5,1,2.5,6,0.5,1,1.5,3,4,2,1.75,1.3125,1.3125,1.3125,0.875,1.75,1.75,1.3125,1.3125,0.875,0.875,1.75,0.875,0.4375,5.6875,1.75,1.75,0.4375,0.875,0.875,5.625,3.75,5.625,4.6875,3.75,4.6875,4.6875,4.6875,3.75,1.875,1.875,4.6875,2.8125,1.875,3.75,8.4375,6.5625,1.875,2.8125,2.8125,3.4375,2.75,3.4375,2.75,2.75,2.75,2.75,2.0625,2.0625,2.75,2.75,2.75,2.75,2.0625,2.75,4.8125,6.875,1.375,2.0625,3.4375,0.25,0.25,0.125,0,0.25,0.375,0.25,0.25,0.25,0.25,0.375,0.25,0.375,0.75,0.125,0.25,0.25,2,0.875,0.25,1.125,1.125,1.125,0.75,0.75,1.125,1.125,0.75,2.625,1.5,1.5,1.125,1.5,3,0.75,1.125,1.125,2.625,4.5,1.5,7.1875,2.875,2.875,2.875,5.75,4.3125,2.875,2.875,2.875,11.5,8.625,4.3125,8.625,5.75,2.875,4.3125,7.1875,2.875,5.75,12.9375,0,0,0,0,0,0,0,0,0,0,0,0,0,0,0,0,0,0,0,0
1-212.txt_137,4.55,2.25,2.3,2.7,3,2.25,2.6,2.75,1.75,3.1,3,2.95,2.65,2.45,2.75,3.4,3.4,1.8,2,3.75,3.35,4.9,3.9,3.6,2.35,4.5,4.45,2.5,3.05,3.25,2.9,4.75,3.25,2.6,2.5,3.6,4.15,2.4,3,3.6,3.25,3.45,5.4,4.8,1.85,3.7,4.3,3.45,3.7,2.4,2.2,4,2.7,1.85,2.65,3.8,3.5,1.85,2.85,2.5,2.75,3,4.25,5.15,1.3,3.5,4.55,2.65,2.85,1.75,1.9,3.55,1.8,1.55,2.7,3.3,2.9,2,1.9,1.75,0.6,0.35,0.35,0.3,2.4,0.5,0.4,0.35,0.3,0.55,0.85,0.5,0.55,0.75,0.35,0.65,0.9,1.4,0.55,0.65,5.2,6.45,5.4,5.3,3.65,8.1,6.95,4.85,5.1,3.45,4.1,6.45,4.5,4.4,4.7,5.35,5.55,4.75,4.2,4.55,2.2,2.2,2.4,3.1,1,2.65,3.65,2.05,1.8,1.2,1.35,2.65,1.55,1.25,2.05,2.4,2.35,1.3,1.55,1.15,4.3,2.8,3.1,2.5,2,2.85,2.85,5.65,2.8,2.55,1.95,2.85,2.75,2.7,2.6,3.7,3.1,2.5,2.2,2.7,2.2,1.65,2.05,1.55,2.1,1.95,2.1,1.45,1.7,3.75,2.8,2.15,3.15,2.55,2,2.25,2.8,1.45,2.4,3.6,5.5,4.2,3.55,3.2,4.4,4.35,4,3.2,4.05,7.8,9.4,4.15,7.2,7.1,4.8,4.1,5.2,3.7,5.6,7.9,2.25,3.45,2.8,2.7,1.55,3.15,3,2.35,2.6,2.85,2.95,3.7,3.15,1.95,2.7,2.75,3.1,1.35,1.85,2.35,1.25,1.1,0.9,0.8,1.6,1.4,1.1,0.9,0.95,2.05,2.15,1.3,2.9,1.8,1.15,1.2,1.5,0.95,1.25,1.8,2.6,2.4,2.2,2.3,3.05,2.5,2.05,1.8,3.85,4,4.55,2.4,4.25,7.1,1.6,2.5,3.2,3.2,5.8,3.6,2.4,2.6,2.55,2.75,1.55,3.5,2.8,1.9,2.2,1.7,1.9,2.95,1.8,1.5,4.45,2.55,2.25,1.75,1.55,1.75,5.4,4.8,4.9,4.95,3.6,4.55,5.05,4.95,4.5,4.25,4.4,5,4.4,3.85,5.5,6.45,5.9,3.1,3.05,4.9,4.5,5.4,4.5,4.95,2.85,5.05,5.4,3.25,4.6,4.2,4.5,5.95,4.3,3.6,3.55,5.5,6.85,3.1,4.25,4.55,0.35,0.45,0.25,0.15,0.25,0.4,0.3,0.25,0.45,0.55,0.45,0.45,0.7,0.65,0.1,0.35,0.45,1.6,0.6,0.5,2.2,2.3,3,2.3,2.1,2.3,2.5,1.95,3.65,3,3.1,2.55,3.1,4.55,1.95,2.55,2.7,2.2,5.75,3.15,4.7,3.4,2.85,3,3.05,3.75,4.1,3,3.65,5.75,5.4,3.7,4.45,5.1,3.4,4.1,4.65,2.5,4.05,6.4,0,0,0,0,0,0,0,0,0,0,0,0,0,0,0,0,0,0,0,0
1-212.txt_139,7.5556,3.1111,4.0556,4,3.0556,4.2222,4.0556,4.3333,3.5556,4.2222,4.2222,4,3.9444,3.2222,3.1111,6.1111,5.5,2.1111,3.6667,4.3333,2.4444,3.6111,3.2222,2.2222,1.1111,2.7778,2.4444,1.8889,2.0556,1.8333,1.3889,3,1.8333,1,1.7222,2.5556,2.3333,1.8333,1.4444,1.9444,2.1111,2.6111,4.6667,3.5,0.9444,2.8333,3.0556,2,2.6111,2,1.6667,3.0556,2.7222,1.3889,1.9444,3.1111,3.0556,1.1111,1.7778,2,4.1667,3.8889,5.1111,8.2778,2,4.7778,5.5556,3.5556,3.1111,2.2222,1.7778,4.7222,2.6667,2,4.5556,5.7778,4.7778,1.6667,2.3889,2.7222,1.5556,0.7778,1.2222,0.7222,4.6111,1.1111,0.7778,0.8889,0.7778,1.9444,1.7778,1.0556,1.6111,1.2222,1.3333,1.3889,1.4444,0.8889,1,1.9444,3,2.6667,3.1111,2.9444,1.7222,5.4444,4.4444,2,2.8333,2.8333,2.8333,3.3889,3.2778,2.1667,2,3.1111,3.5556,2.6111,2.4444,3.2778,2.1667,2.3333,2.9444,3.1667,1.1111,2.8333,3.5556,1.7778,2.3889,1.5556,1.6111,2.6667,1.5,1.8333,2.1667,2.6667,2.3333,1,1.8333,2.4444,3.9444,2.6667,4.2778,3.6111,2.7222,3.5,3.5,7.0556,2.8333,1.8889,2.5556,3.3889,3.1667,2.6667,2.3333,3.9444,3.7222,1.5556,2.1111,2.6111,1,1.1111,0.8889,0.8889,0.7222,0.8889,1,0.6111,1.8889,0.5,0.6111,1.3889,0.6111,0.6111,0.7778,1,0.7222,0.7778,0.9444,0.5556,2.9444,2.5556,2.2778,1.5,2.3333,2.2222,2.1667,1.6667,2.6667,5.2222,4,2.7778,3.6667,2.9444,1.7778,2.4444,3.0556,1.7778,3.2222,4.8889,4.3889,4.1111,4.2222,3.0556,3.6667,4.2222,3.6667,3.0556,4.1111,5.8889,8.3889,3.9444,6.5556,7.1111,2.9444,3.7778,4.6667,4.1667,6.3333,5.5556,4.1111,4.5556,4.5,4.0556,2.3333,4.9444,4.8889,3.7222,3.1111,2.7222,2.9444,6.7778,3.4444,2.6111,3.7222,4.6111,4.6111,3,4,3.3333,1.3889,1.4444,1.3889,1,0.8889,1.5556,1.4444,1.6111,1.2222,1.6667,1.7222,1.5,2.6111,1.1111,1.1111,1.3889,1.8889,0.8333,1.2222,1.7778,2.1111,1.4444,1.2778,0.8333,2.0556,1.5556,1.1667,1.1111,2.4444,3.5,3.7222,1.4444,3.1111,6,0.9444,1.7222,2.3333,3.0556,4.5556,3.3333,4.1111,3.1111,3,2.8889,2.2222,3.1667,3.2222,2.6111,2.7222,2.3889,2.1111,3.2222,2.2222,2.1667,6.6111,3.8333,3.1111,1.6111,2.4444,2.5,3.2778,2.7778,3.1111,2.5,1.9444,2.8333,2.6667,2.2222,1.9444,2,2.0556,3,2.2222,2.1111,2,4.1111,3.1111,1.6667,2.1667,2.5556,2.0556,2.1111,2.6111,1.7778,1.4444,1.7222,1.7778,1.5,1.5,1.9444,1.3889,2.2222,1.4444,1.2778,1.5556,2.5556,3.6111,1,2,1.8889,0.2222,0.2222,0.0556,0.0556,0.2222,0.1667,0.1111,0.1667,0.2778,0.3333,0.5,0.1111,0.4444,1.0556,0.1111,0.1667,0.2222,1.6667,0.7778,0.2778,3.2222,2.7222,3.0556,1.9444,2.5,2.7222,2.8333,2.7222,3.8889,2.9444,3.2778,2.6111,3.2222,5.9444,2.9444,3.4444,3.4444,4.3333,8.1111,3.1667,4.2778,2.8333,2.6667,2.2778,3,2.9444,3.3333,3.0556,2.5556,5.2222,4.2778,3.2222,3.7778,4.0556,2.8333,4,4.3889,2.6667,3.3889,7.0556
1-212.txt_141,3.875,1.75,1.5625,1.5,1.6875,2.1875,2,2.0625,1.5,1.375,1.375,2.1875,1.6875,1,1.8125,2.625,2.125,1,1.375,2,0.875,2.5,1,0.75,0.4375,1.3125,1.125,0.625,0.9375,0.875,0.6875,1.5625,0.875,0.5625,0.5625,1.1875,1.0625,0.5,0.75,0.8125,2.4375,3.375,8.0625,4.125,1.75,3.625,3.1875,2.9375,4.125,1.3125,1.5625,3.5625,2.125,1.9375,2.1875,3.875,3.5625,1.875,2.625,1.75,3.75,3.0625,5.25,9.625,1.75,4.1875,5.75,3.4375,3.4375,1.875,1.5625,3.8125,2.125,1.875,3.4375,4.4375,4,0.9375,1.9375,2.25,1.8125,0.625,0.875,0.5,6.1875,0.875,0.5625,0.9375,0.75,1.75,1.625,0.875,1.625,1.0625,0.875,1.625,1.75,0.9375,1.0625,2.25,1,1.3125,1.125,1.0625,0.5625,2.375,1.625,0.6875,1.125,0.75,0.9375,1.5625,1.125,0.5,0.875,1.25,1.3125,0.5625,0.75,0.75,2.9375,3.4375,3.5625,5.375,1.25,4.6875,7.125,2.25,3.3125,1.25,1.5625,4.1875,2.125,1.125,2.875,4,3.5,1.5,2.125,1.9375,3.1875,2.3125,2.9375,2.625,1.625,2.5,2.0625,6.75,2.125,0.9375,1.0625,2.75,1.75,1.1875,1.75,2.875,2.5625,2.25,1.625,1.25,1.0625,1.5625,1.5625,1.25,0.625,1.625,1.75,0.9375,3.75,0.625,0.8125,1.625,1,1.25,0.9375,1.25,1.0625,1.0625,2.125,0.8125,2.1875,1.3125,1.25,1.4375,2.375,1.625,1.625,0.8125,1.25,5.375,3.5625,1.5625,3.5625,3.25,1.8125,1.75,2.375,1.4375,2.3125,4.125,3.6875,3.1875,1.8125,1.375,4.0625,2.9375,2.375,1.3125,2.3125,6.5625,9.375,3.0625,7.1875,5.0625,2.25,2.9375,4.25,3,3.875,6.25,2.8125,4.125,3.375,2.8125,1.4375,4.375,4.1875,2,2.75,2,2.25,6.0625,2.6875,1.3125,2.5,3.4375,2.8125,1.3125,2.0625,2.0625,1.3125,1.1875,0.8125,0.4375,1.3125,1.5,0.875,0.6875,1.125,2.25,2.4375,1.1875,3.75,2.1875,0.8125,1.1875,1.4375,1.5,2.0625,2.375,2.5625,2,2.0625,1.6875,2.125,1.8125,2.0625,1.5,3,3.8125,3.875,1.75,3.8125,8.875,1.4375,2.9375,2.5625,4.3125,6.125,3.3125,1,0.625,0.8125,0.875,0.4375,0.9375,1.3125,0.5,0.625,0.5,0.5,1.0625,0.5,0.25,3.125,1,1,0.25,0.5,0.5,10.6875,7.875,10.3125,9.0625,6.9375,9.875,10.1875,8.8125,8.25,5.1875,4.9375,9.5,6.75,5.875,7.375,17.1875,11.375,4.1875,6.375,6.3125,3.25,2.625,3,2.4375,2.5,3,2.6875,1.9375,2.6875,2.75,2.9375,2.875,3.0625,2.0625,2.4375,3.9375,6.25,1.8125,2.6875,3.25,0.3125,0.25,0.125,0.0625,0.3125,0.375,0.25,0.3125,0.3125,0.25,0.375,0.25,0.4375,0.75,0.125,0.25,0.3125,1.9375,0.875,0.25,0.875,1.0625,0.75,0.4375,0.6875,0.9375,0.75,0.4375,1.3125,1.1875,1.1875,0.875,1.125,1.625,0.5625,1.0625,0.9375,1.3125,2.75,1.0625,6.6875,3.9375,4.5,3.125,5.8125,4.5,4.0625,3.25,4,9.6875,7.5625,4.1875,7.3125,5.6875,4.0625,4.9375,6.8125,3.3125,5.8125,12.3125
1-212.txt_143,8.3333,4.9444,4.7778,4.2222,4.2778,5.2222,5.1667,5.3889,4.2222,3.8889,3.8889,5.1667,4.4444,3.4444,4.8333,6.1667,4.8889,3,3.9444,4.7222,2.8333,4.8333,2.8333,2.2778,1.3889,3.1667,2.9444,1.9444,2.0556,2.3333,2.4444,4.6111,2.7222,2.5,2.3889,2.8333,2.6111,2.3333,2.0556,2.0556,2.1111,2.2778,4.3889,2.8889,2.5556,2.3333,2.5556,2.1667,2,1.5,1.2222,2.3889,1.3889,0.9444,1.7778,2.7778,2.6667,0.6667,1.2778,1.6667,3.5556,3.6667,6.8333,8.4444,1.5,4.5556,5.6667,3.8333,3.6111,1.6111,1.5556,4.4444,2.1667,1.6667,4.2778,5,4.3889,1.3889,2.1111,2.1111,0.7778,0.2778,0.3333,0.2222,1.3333,0.2778,0.2778,0.4444,0.2778,0.5,0.8889,0.2778,0.5556,0.6111,0.2778,0.6667,0.4444,0.3333,0.4444,0.5,2.1111,2.6111,3.1111,2.8889,1.7778,4.0556,3.2778,1.3889,2.1667,1.2222,1.1667,3.1111,1.7778,1.3889,1.5556,2.5,2.7778,0.8889,1.7778,1.6667,3.3889,3.1667,3.7778,4.9444,1.3889,3.8889,5.5,2.2778,3.1111,2.8889,2.5556,3.4444,2.5,1.8889,2.7222,4.1111,4.0556,1.1111,2.3333,2.7222,5.6667,3.5556,5.2222,3.7222,3.2778,4.0556,3.8889,9.9444,3.6111,2.4444,3.2222,4.1111,3.4444,3.1667,2.9444,5.1111,4,2.9444,3.7222,3.1667,0.6111,0.5556,0.7778,0.3889,0.2222,0.6111,0.5,0.3333,1.1667,0.2222,0.3333,0.9444,0.5556,0.2222,0.7222,0.7778,0.5556,0.1667,0.5,0.4444,1.6667,0.9444,1.1111,0.8333,1.2222,1,1.0556,0.6667,0.8333,3,2.3889,0.9444,2.2778,1.5,1.0556,1.4444,2.6667,0.8333,1.5556,2.7222,7.7778,5.5556,3.8889,3.1111,5.8333,6.2222,4.9444,3.6667,4.5556,10.5556,13.2222,5.4444,10.2778,9,4.3333,5.8333,7.5,4.5,7.5556,9.8333,1.2778,1.8889,1.6111,1.4444,0.6111,1.8333,2.1111,1.1667,1.2222,0.8333,1,2.5556,1.2778,0.7778,1.6667,1.5556,1.6111,0.7222,1.5,1.1667,2.4444,2.6667,2.1667,1.6667,2.3333,2.5556,1.8333,2.0556,3.1111,4.1667,4.1111,2.1111,3.7778,6.7778,1.5556,2.7778,2.7778,4.6111,5.5,4.3333,1.3333,0.7778,0.7778,1,1.2222,1,0.8889,0.6111,0.5,1.1667,0.8333,0.7222,0.6667,0.7222,2.4444,1.0556,1.0556,0.2778,0.6667,1.5,5.0556,4.6111,4.8889,4.5,3.2222,4.5556,4.7222,3.7778,4,2.6667,2.8889,4.6667,3.4444,1.8333,4.2778,7.3889,5.5,1.4444,2.3889,3.8333,3.2222,3.7222,3.8333,3.1111,1.8889,3.8333,3.1667,2.2778,3.2778,3.2222,3.2222,3.9444,3.2222,3.0556,2.4444,3.6667,5.2778,3,2.6667,3.7222,0.3333,0.3889,0.2778,0.2222,0.6667,0.5,0.5556,0.2778,0.3889,0.5556,0.7222,0.7222,0.6667,1.2222,0.2222,0.3889,0.7222,2.7222,0.9444,0.6111,1.7222,1.5,1.5556,1.6111,1.0556,1.6667,1.6667,0.8333,3.1111,2.0556,1.7778,1.9444,1.6111,4.1667,0.9444,1.8333,2.0556,2.7778,6.5556,1.8889,3.7778,2.6111,3.6667,2.6667,2.6111,3.6111,2.8333,2.2778,3.0556,6,5,2.9444,5.1667,3.8889,3.2222,3.3333,4.7778,2.6111,3.8333,8,0,0,0,0,0,0,0,0,0,0,0,0,0,0,0,0,0,0,0,0
1-212.txt_145,8.7222,4.8889,5.4444,5.3333,5.8333,5.9444,6.1111,6.3333,4.6667,4.5,4.7222,6.0556,4.9444,3.6667,4.0556,8,6.5556,2.7222,4.3889,5.2222,4.5556,8.8333,5.6111,4.8889,2.6667,5,5.5,3.3889,4.0556,4.3333,4.4444,6.6111,4.7222,3.6667,3.6667,4.5556,5.1111,2.7778,3.2778,5.0556,0.3889,0.3889,1.1111,0.7778,0.2222,0.6111,0.7778,0.6111,0.6111,0.2222,0.2778,0.5556,0.2778,0.1667,0.5556,0.6111,1,0.1667,0.2778,0.2778,2.2778,2.2222,3.6111,5.3333,1.4444,2.9444,3.5,1.7778,2.1667,1.4444,1.5,2.6111,1.8889,1.1111,2.3889,3.1111,3.2222,0.8333,2.0556,1.6667,2.4444,3.3333,4,3.3889,1.7778,5.7222,3.6111,2.0556,3.5,1.8333,2.1667,4.1667,2.1667,2.0556,2.1667,3.5,4,1.3333,3.5,2.2778,2.1111,1.2778,1.3889,1.3333,1.7222,1.8889,2.7222,1.1111,1.7778,1.1667,1.5,1.5556,1.7222,1.5556,1.4444,2.1111,2,0.8889,2,1.6111,4.1667,2.4444,3.8889,3.1111,2.2778,3,3.1667,6.5556,2.5,1.7778,2.3889,2.7778,2,1.7778,3.2778,3.6667,3.2222,1.5556,2.0556,1.9444,0.3333,0.6111,0.6111,0.5556,0.2778,0.4444,0.5,0.5,0.8333,0.7222,0.7778,0.7778,0.4444,0.5556,0.2778,0.5556,0.5,0.2778,0.6667,0.5556,1.6111,0.9444,0.7778,0.5556,1.2222,0.8333,0.5556,0.7222,0.7778,3.1667,2.6667,1.2222,2.2778,2,0.5,1.1111,1.5,0.8333,1.9444,2.5,2.8333,1.8333,1.8333,1.8333,2.0556,1.9444,1.8889,1.5556,1.9444,3.5556,4.3889,2.4444,3.7778,3.2778,2.2222,2.3889,2.7778,2,2.8889,3.6111,1.6667,2.3889,1.7778,1.9444,0.6667,1.6667,1.8333,2.3333,2.3889,1.0556,1.2778,2.7778,1.3333,0.8333,1.1667,1.5556,1.3889,0.7222,1.6111,1.5,2.2778,1.7778,1.6111,1.3889,1.4444,2.3889,1.7778,1,2.2222,2.5,3.3333,1.6111,4.6111,2.4444,1.0556,2,2.1111,1.6111,2.9444,2.7222,2.1667,1.3333,1.8333,1.7778,2.2222,1.7222,1.7778,1.7222,2.2222,2.6111,1.9444,1.6111,2.1667,4.6667,1.5556,2.0556,1.9444,2.2222,3.2222,2.5556,3.1111,3.4444,2.9444,3.8889,1.3889,3.8333,3.6667,2.5556,2.1667,2,1.7222,3.9444,2.4444,2.4444,6.9444,4,3.3889,2.1111,2.3889,2.2222,3.5,3.2222,3.6667,3.2778,2.3333,3.6111,3.5556,3,2.1111,2,2.0556,3.8333,2.4444,1.8333,3.3889,4.5556,3.9444,1.2222,2.4444,2.4444,2.9444,2.1667,3.1111,2.1111,2.3889,2.1667,2.1667,2.1111,2.5556,2.2778,2.6111,2.2778,2.1667,1.7222,1.5556,3.3889,4.5,0.8889,1.7222,2.7222,0.9444,0.8889,0.7778,0.4444,0.6667,0.9444,0.7222,0.9444,0.7778,0.8333,1.1667,0.9444,1.5,2,0.4444,1.2222,1.6111,3.7222,1.8889,1,1.2222,1.2222,1.0556,0.6111,1,1.4444,0.8889,0.6111,2.4444,2.7222,2.3889,1.3889,1.8333,3.5,0.6111,1.5,1.6111,2.8333,5,2.2778,5.1111,2.7222,3.6111,2.8333,3.3333,3.5556,4,2.4444,2.6111,6,5.2778,3.5,4.8889,4.3889,3.3889,4.3889,5.2222,2.6667,3.3333,7.6667,0,0,0,0,0,0,0,0,0,0,0,0,0,0,0,0,0,0,0,0
1-212.txt_147,5.7143,2.1429,1.4286,1.4286,2.8571,2.1429,2.1429,2.8571,1.4286,2.1429,2.1429,2.1429,2.1429,1.4286,2.1429,3.5714,2.8571,0.7143,1.4286,2.8571,0.8571,2.5714,1.1429,0.5714,0.2857,1.4286,1.1429,0.5714,1.1429,0.2857,0.5714,1.7143,0.8571,0.2857,0.5714,0.8571,0.8571,0.2857,0.5714,0.2857,0.7143,1.4286,3.5714,1.7857,0.3571,1.4286,1.4286,1.4286,1.7857,0.3571,0.3571,1.4286,0.7143,0.3571,0.7143,1.7857,1.4286,0,0.7143,0.3571,1.4286,1.4286,3.5714,7.1429,0.7143,2.8571,4.2857,2.1429,2.1429,0.7143,0,2.1429,0.7143,0.7143,2.1429,2.8571,2.1429,0,0.7143,0.7143,2.2857,0.5714,0.5714,0.5714,7.4286,0.5714,0,1.1429,0.5714,1.7143,1.7143,0.5714,1.7143,1.1429,0.5714,1.7143,1.7143,1.1429,1.1429,1.7143,1.2857,2.1429,1.7143,1.7143,0.4286,3.8571,2.5714,0.8571,1.7143,0.4286,0.8571,2.1429,1.7143,0.4286,1.2857,1.7143,1.2857,0.8571,1.2857,0.8571,2.7857,3.7143,3.7143,5.5714,0,5.5714,8.3571,1.8571,3.7143,0.9286,0.9286,4.6429,1.8571,0.9286,2.7857,3.7143,2.7857,0.9286,1.8571,1.8571,5.7143,2.8571,5.7143,4.2857,2.8571,2.8571,2.8571,14.2857,2.8571,0,0,2.8571,1.4286,1.4286,2.8571,5.7143,2.8571,2.8571,1.4286,1.4286,0.2857,0.5714,0.7143,0.4286,0.1429,0.5714,0.5714,0.2857,1.7143,0.1429,0.1429,0.4286,0.2857,0.4286,0.2857,0.4286,0.2857,0.2857,0.8571,0.1429,0.6429,0.2143,0.2143,0.2143,0.6429,0.2143,0.2143,0,0.2143,1.7143,1.2857,0.2143,1.0714,0.8571,0.2143,0.4286,0.6429,0.2143,0.6429,1.5,2.7857,1.8571,0.9286,0,2.7857,1.8571,0.9286,0,0.9286,5.5714,7.4286,1.8571,5.5714,3.7143,0.9286,1.8571,2.7857,1.8571,2.7857,4.6429,2.3571,4.7143,3.1429,2.3571,0.7857,3.9286,3.9286,1.5714,2.3571,0.7857,1.5714,6.2857,2.3571,0.7857,2.3571,3.1429,2.3571,0.7857,1.5714,1.5714,0.6429,0.6429,0.4286,0.2143,0.6429,0.8571,0.4286,0.2143,0.4286,1.0714,1.2857,0.6429,1.9286,0.8571,0.4286,0.6429,0.6429,0.6429,0.6429,1.0714,0.8571,0.4286,0.4286,0.4286,0.8571,0.4286,0.4286,0.4286,1.2857,1.7143,1.7143,0.4286,1.7143,4.2857,0,0.8571,0.8571,2.1429,3,1.2857,1.0714,0.7143,0.7143,1.0714,0.3571,1.0714,1.0714,0.7143,0.7143,0.3571,0.3571,1.0714,0.7143,0,3.9286,1.0714,1.0714,0,0.3571,0.7143,5.3571,3.2143,5.3571,4.2857,3.2143,4.2857,4.2857,4.2857,3.2143,2.1429,2.1429,4.2857,3.2143,2.1429,3.2143,8.5714,5.3571,1.0714,2.1429,2.1429,6.5714,4.9286,6.5714,4.9286,4.9286,4.9286,4.9286,3.2857,3.2857,4.9286,4.9286,4.9286,4.9286,3.2857,4.9286,8.2143,14.7857,3.2857,3.2857,6.5714,0.2143,0.2143,0,0,0.4286,0.4286,0.2143,0.4286,0.4286,0.2143,0.4286,0.2143,0.6429,1.0714,0,0.2143,0.4286,3,1.2857,0.2143,0.7143,0.7143,0.7143,0.3571,0.7143,1.0714,0.7143,0.3571,2.1429,1.0714,1.0714,0.7143,1.0714,2.5,0.3571,0.7143,0.7143,2.1429,3.9286,1.0714,4,1,1,1,3,2,2,1,1,7,5,2,5,3,2,2,4,1,3,8
1-212.txt_149,2.6667,1,0.6667,0.6667,1.3333,1,1,1.3333,0.6667,1,1,1,1,0.6667,1,1.6667,1.3333,0.3333,0.6667,1.3333,1.6,4.8,2.1333,1.0667,0.5333,2.6667,2.1333,1.0667,2.1333,0.5333,1.0667,3.2,1.6,0.5333,1.0667,1.6,1.6,0.5333,1.0667,0.5333,0.5333,1.0667,2.6667,1.3333,0.2667,1.0667,1.0667,1.0667,1.3333,0.2667,0.2667,1.0667,0.5333,0.2667,0.5333,1.3333,1.0667,0,0.5333,0.2667,0.8,0.8,2,4,0.4,1.6,2.4,1.2,1.2,0.4,0,1.2,0.4,0,1.2,1.6,1.2,0,0.4,0.4,1.3333,0.3333,0.3333,0.3333,4.3333,0.3333,0,0.3333,0.3333,1,1,0.3333,1,0.6667,0.3333,1,1,0.6667,0.6667,1,0.8,1.3333,1.0667,1.0667,0.2667,2.4,1.6,0.5333,1.0667,0.2667,0.5333,1.3333,1.0667,0.2667,0.8,1.0667,0.8,0.5333,0.8,0.5333,2.4,3.2,3.2,4.8,0,4.8,7.2,1.6,3.2,0.8,0.8,4,1.6,0.8,2.4,3.2,2.4,0.8,1.6,1.6,2.9333,1.4667,2.9333,2.2,0.7333,1.4667,1.4667,7.3333,1.4667,0,0,1.4667,0.7333,0.7333,1.4667,2.9333,1.4667,0.7333,0.7333,0.7333,0.4,0.8,1,0.6,0.2,0.8,0.8,0.4,2.4,0.2,0.2,0.6,0.4,0.6,0.4,0.6,0.4,0.4,1.2,0.2,0.8,0.2667,0.2667,0.2667,0.8,0.2667,0.2667,0,0.2667,2.1333,1.6,0.2667,1.3333,1.0667,0.2667,0.5333,0.8,0.2667,0.8,1.8667,2.4,1.6,0.8,0,2.4,1.6,0.8,0,0.8,4.8,6.4,1.6,4.8,3.2,0.8,1.6,2.4,1.6,2.4,4,2.2,4.4,2.9333,2.2,0.7333,3.6667,3.6667,1.4667,2.2,0.7333,1.4667,6.6,2.2,0.7333,2.2,2.9333,2.2,0.7333,1.4667,1.4667,0.6,0.6,0.4,0.2,0.6,0.8,0.4,0.2,0.4,1,1.2,0.6,1.8,0.8,0.4,0.6,0.6,0.6,0.6,1,0.6667,0.3333,0.3333,0,0.6667,0.3333,0.3333,0.3333,1,1.3333,1.3333,0.3333,1.3333,3.3333,0,0.6667,0.6667,1.6667,2.3333,1,1.2,0.8,0.8,1.2,0.4,1.2,1.2,0.8,0.8,0.4,0.4,1.2,0.8,0,4.4,1.2,1.2,0,0.4,0.8,2.3333,1.4,2.3333,1.8667,1.4,1.8667,1.8667,1.8667,1.4,0.9333,0.9333,1.8667,1.4,0.9333,1.4,3.7333,2.3333,0.4667,0.9333,0.9333,1.8667,1.4,1.8667,1.4,1.4,1.4,1.4,0.9333,0.9333,1.4,1.4,1.4,1.4,0.9333,1.4,2.3333,4.2,0.9333,0.9333,1.8667,0.1333,0.1333,0,0,0.2667,0.2667,0.1333,0.1333,0.2667,0.1333,0.2667,0.1333,0.4,0.6667,0,0.1333,0.2667,2,0.8,0.1333,1.0667,1.0667,1.0667,0.5333,1.0667,1.6,1.0667,0.5333,3.2,1.6,1.6,1.0667,1.6,3.7333,0.5333,1.0667,1.0667,3.2,5.8667,1.6,2.1333,0.5333,0.5333,0.5333,1.6,1.0667,1.0667,0.5333,0.5333,3.7333,2.6667,1.0667,2.6667,1.6,1.0667,1.0667,2.1333,0.5333,1.6,4.2667
1-212.txt_151,6.3889,3.1111,4.1111,4.7778,2.1667,3.6111,4.2222,4.4444,3.1111,2.8333,2.2778,3.7222,3.1111,2.6111,2.6667,4.7778,3.6667,1.5,2.6667,3.5556,2.8889,5.8333,4.1667,3.4444,1.8333,3.8333,3.8889,2.2778,3.3889,2.5556,2.4444,4.3889,2.8333,2.9444,2.7222,3.6111,3.8889,2.6111,3.2222,2.8333,1.4444,1.3889,2.4444,2.1667,0.5556,1.3889,1.3889,1.6111,1.3889,0.8889,0.5,1.4444,1,0.5,1.2778,1.7778,1.2222,0.3889,1,0.6111,1.5556,1.8889,3.2778,3.9444,0.6111,1.9444,2.8333,1.8333,1.3889,0.6111,0.6667,1.7778,0.9444,0.6111,2.5556,2.3889,1.7222,0.8889,0.8333,0.7222,1.6111,0.9444,0.9444,0.6667,2,1.2222,1.1111,1.1111,1.2778,1,1.4444,0.7778,1.3889,1.2778,0.6111,1.4444,1.2778,1,0.8333,1.1111,1.2222,1.4444,1.4444,1.3333,0.5556,2.6667,1.8333,1.0556,1.1667,1.1667,1.3333,1.4444,1.3889,1.5,0.7778,1.1111,1.1111,0.8333,1.8333,1.3889,2.5,2.5556,3.5,2.8889,1.5,3.1667,4.1111,1.6667,2.0556,1.4444,1.2222,3.6111,1.6111,1.3889,2,2.3333,2.7222,1.4444,2.2778,1.6111,2.5556,2,3.2222,3.2222,1.1111,2.2778,2.6111,4.6111,1.9444,1.3333,1.5556,2.2778,1.4444,1.7222,1.7222,2.6667,2.3333,1.1111,1.8889,1.6667,1.8889,1.9444,1.1667,1.0556,1.7222,1.5556,1.3889,1.1667,1.2222,4,2.9444,1.9444,3.7778,3,1,2.0556,2.5556,1.6667,2.4444,3.2778,2.6111,2.0556,1.7778,1.3889,2.6111,2.5,1.8889,1.1111,1.9444,4,5.2222,2.2222,4.2222,4.2778,1.5556,2.3333,2.8889,1.9444,3.2778,3.7778,3.7222,5.1111,5,3.3333,1.8333,4.4444,4.2222,2.7222,3.6111,2.7778,3.1111,6,3.1111,2.0556,3.4444,4.1667,3.8333,2.3333,3.3889,3.5556,1.0556,1.2222,1.1111,0.6667,0.6667,1.2222,0.8889,0.7222,0.8333,1.3333,1.3889,1.4444,1.8333,0.7778,0.6667,1.3889,1.5,0.5556,0.7778,1.2222,0.8333,0.6111,0.7778,0.5,0.6111,0.7222,0.7222,0.6111,0.8889,1.1111,1.3333,0.5556,1.1667,2.7222,0.6667,0.7222,0.7778,1.5556,2.0556,1.1111,1.5556,1.7222,2.0556,2.2222,1.5556,1.8889,2.1667,1.2222,1.2222,1.1111,1.0556,2.0556,1.5,1.1667,4.2222,1.7778,1.3333,0.5556,0.9444,1.4444,2.6111,2.6667,3.9444,2.5556,2.6111,2.9444,2.3889,2.5556,3.1667,1.8889,1.6667,3.0556,1.6667,2.0556,2.4444,4.3333,3.5556,1.6667,2.7222,1.8333,3.4444,3.1111,3.6111,3.8889,1.8333,3.3333,3.2778,2.2778,2.8333,3.2778,2.3333,3.5556,2.6667,2.2778,2.3333,4.6111,6.0556,1.6667,2.2222,4.3333,0.5,0.4444,0.6667,0.2778,0.4444,0.5556,0.6111,0.3889,0.8889,0.8333,0.7778,0.6111,0.7778,1.6667,0.1667,0.5,0.5556,3.3889,2.0556,0.7778,1.7222,2.1111,1.9444,1.3889,1.3889,2.2778,1.7222,1.1111,3.4444,2.1667,2.5,2.3333,2.0556,3.7222,1.5556,1.9444,2.1667,2.8333,5.9444,2.5,3.3889,2.2222,2.7222,2.0556,2.0556,3,2.5,1.6111,2.1667,5.4444,4.1111,2.6667,4.2778,3.3333,2.5,2.7222,3.8333,2.4444,2.8889,6.5556,0,0,0,0,0,0,0,0,0,0,0,0,0,0,0,0,0,0,0,0
1-212.txt_153,5.0588,2.0588,2.3529,1.9412,2.4706,2.3529,2.3529,2.7647,1.9412,2.0588,2,2.3529,2.2353,1.9412,2.2353,3.5882,3.1765,1.5882,2.0588,2.7059,0.5294,1.9412,0.7059,0.5294,0.1765,1.0588,0.8824,0.3529,0.7059,0.1765,0.3529,1.2353,0.5294,0.3529,0.3529,0.7059,0.5294,0.3529,0.5294,0.3529,0.8235,1.2941,2.4118,1.4118,0.4706,1.1765,1.0588,0.8824,1.1176,0.2941,0.3529,1.1176,0.5882,0.3529,0.6471,1.3529,1.1765,0.2353,0.5882,0.5294,3.7647,3.9412,5.2941,9.7059,1.6471,4.8824,6.8235,4,3.7059,1.6471,1.5882,4.7059,2.5882,1.3529,3.6471,5.0588,4.2941,0.9412,1.7647,2.1176,1,0.2941,0.5294,0.3529,3.3529,0.4706,0.2941,0.9412,0.2941,0.6471,0.6471,0.2941,0.6471,0.4706,0.4706,0.9412,0.8824,0.4706,0.4706,0.8824,1.5882,1.8824,1.9412,1.6471,0.6471,3.2941,2.2941,1.5882,1.6471,0.5882,0.8235,2.1176,1.2941,0.4706,1.1765,1.7059,1.3529,0.7647,1.0588,0.8824,2.8824,2.9412,2.6471,3.2941,1.1765,4.1765,5.7647,1.8824,2.7647,1.4706,1.5882,3.6471,2.2941,1.2353,3.1176,3.4706,2.6471,1.4118,2.2941,1.8824,2.7647,1.7647,2.4706,2.0588,2.0588,2,2,6,1.7059,0.9412,1.1765,2.1765,1.5294,1.0588,1.5294,2.5294,1.8235,1.4706,1.1176,1.2353,0.3529,0.4706,0.8235,0.4118,0.2353,0.5294,0.4706,0.3529,1.2941,0.2353,0.2353,0.4118,0.3529,0.5294,0.2353,0.4706,0.4118,0.4118,0.9412,0.2941,2,1.2941,1.0588,0.9412,1.8824,1.3529,1.1176,0.8824,1.0588,4.6471,3.5882,1.3529,3.5882,2.4706,1.2941,1.7647,2.4706,1.3529,1.7059,3.5294,2.7059,2.7059,1.8824,1.3529,2.5882,2.4118,1.9412,1.2941,2.0588,4.5882,6.6471,2.6471,4.9412,4.0588,1.7647,2.2353,2.8824,2.4118,3.1176,4.1765,3.5294,4.2353,3.2353,3.0588,1.5882,4.3529,4.1176,2.2941,3.2353,2.1765,2.4706,6.2941,2.9412,2,3.3529,3.2353,2.9412,1.5294,2.4706,2.4118,1.8235,1.6471,1.3529,0.8824,1.7647,2,1.2941,0.9412,1.2941,2.7647,3.1765,1.7059,4.7059,2.4706,1.2353,1.9412,2.1765,1.6471,1.9412,2.8235,2.2941,1.8235,1.6471,1.5882,1.8824,1.7647,1.8824,1.8235,2.8235,3.4706,3.7059,1.6471,3.5882,8.1765,1.2353,2.4706,2.2353,4.1176,5.7647,2.9412,1.9412,1.2941,1.4706,1.7059,1.0588,1.7647,1.9412,1.2941,1.2941,1.0588,1.0588,1.9412,1.2941,0.6471,5.7647,1.9412,1.9412,0.6471,1.0588,1.2941,5.1176,3.9412,5.1176,4.0588,3.4118,4.4706,4.1765,4.1765,3.4118,3.1765,2.8824,4.2353,3.5882,2.4706,3.8824,7.9412,5.6471,1.7647,2.7059,3.1176,4,3.7647,4.0588,3.2941,3.1176,4.4118,3.7647,2.5882,3.1176,3.5294,3.1176,4,3.5882,2.1765,4.0588,4.8235,7.8824,2,2.7059,4.0588,1,0.8824,0.7647,0.9412,0.8824,1.1765,1.1765,0.9412,0.9412,0.8235,1,1,1.1176,1.8235,1.1765,1,1,5.3529,2.1765,0.8235,1.2941,1.2353,1.1765,1.1176,1.0588,1.5294,1.2941,0.7059,2.7059,1.5882,1.8824,1.1765,2.1176,2.7647,0.8824,1.2353,1.3529,2.2941,4.4706,1.7059,4.2353,2.7059,1.9412,1.6471,3.8824,2.5882,2.2941,2.2353,1.8235,6.0588,5.1765,2.5882,5.0588,3.4118,2.2353,2.8824,4.1765,1.9412,2.9412,7.2353
1-212.txt_155,5.9,2.15,2.65,2.85,3.85,2.9,3.6,3.7,2.35,4.75,4.7,3.1,3.6,3.75,3.45,3.85,4.05,2.1,3.15,5,2.55,4.55,3.65,3.05,1.35,3.3,3.5,2.3,3.15,2.15,2.3,3.7,2.6,2.2,2.45,3.1,2.9,1.95,2.4,2.05,1.3,1.65,2.2,1.8,0.85,1.5,1.55,1.5,1.4,1.15,1.15,1.75,1.2,1.3,0.95,1.7,1.3,0.55,1.15,1.25,2.7,2.8,4,5.05,1.2,3.7,4.3,3.7,3.25,1.7,1.5,3.5,1.75,1.25,2.4,3.15,3.3,1.35,1.65,2.1,0.4,0.45,0.2,0.15,1.8,0.2,0.15,0.3,0.2,0.4,0.3,0.3,0.3,0.25,0.2,0.4,0.4,0.25,0.4,0.4,3.95,4.85,4.3,5.1,2.25,6.4,5.65,2.8,3.65,3.65,3.1,5.1,3.45,2.3,3.3,4.3,4.95,1.8,2.85,3.25,2.3,2.55,2.05,2.3,1.7,3.05,3.6,1.9,2.35,1.95,2.15,3.05,2.5,2.15,2,2.9,3,1.65,2.4,2.2,3.1,3.2,3.15,3.05,1.5,3.2,3.45,4.7,3.2,1.8,1.75,3.3,2,1.3,2.6,3.3,2.75,1,1.5,2.15,1.3,1.3,1.15,1.15,0.7,1.6,1.6,0.85,1.8,0.8,1.1,1.2,1,0.85,1.8,1.3,1.05,1.25,0.9,1,1.95,1.5,1.85,2.05,1.15,1.95,2.35,1.45,1.65,2.9,2.4,1.95,2.15,2.05,1.7,2.4,2.7,0.9,1.65,2.85,7.45,6.05,5.15,4.7,5,6.55,5.45,5.05,5.6,9,11.65,7.2,8.2,8.15,5.1,6.55,7,5,7.45,8.85,2.2,3.4,3.1,3.65,1.6,3.85,4.15,2.4,2.7,1.35,1.25,4.55,1.75,1.2,2.4,3.05,2.75,1.35,1.55,1.55,1.3,1.5,1,1.15,1.1,1.7,1.1,0.9,1.1,2,2.15,1.65,2.6,1.2,1.35,1.3,1.35,0.75,0.9,1.65,1.8,1.9,1.95,1.8,1.85,1.6,1.75,1.4,2.7,2.55,3.05,2.15,2.55,5.05,1.55,1.95,2,2.3,4.35,2.7,1.65,1.55,1.9,1.75,0.7,1.4,2.15,1.25,1.15,1.15,1.2,2.1,1.2,1.05,2.35,1.55,1.8,1.1,1.1,1.4,3.9,3.25,3.6,2.95,2.8,2.9,3.25,3.25,2.95,2.7,2.65,3.55,2.35,2.5,2.15,4.65,4.05,1.85,2.35,3.3,2.45,2.75,2.35,1.95,1.8,2.45,2.55,1.4,2.05,2.1,2.25,2.75,2.8,1.9,1.45,3.1,4.05,0.9,2.1,2.1,1.65,1.35,0.85,0.95,0.7,1.2,0.85,1.45,1.15,1.25,1.5,1,1.65,1.85,1.2,1.1,1.15,3.05,1.6,1.65,0.65,0.7,0.5,0.3,0.7,0.7,0.5,0.25,1.95,1.1,1.3,0.5,1.25,2.25,0.3,0.8,0.75,1.2,2.6,1.25,5.3,3.85,3.85,2.9,3.7,4.85,4.4,3.3,3.7,6.6,6.6,4.05,7.1,5.55,3.65,4.35,5.15,2.95,4.1,8.1
1-212.txt_157,7.2105,4.0526,5,4.7895,3.3158,4.7368,5.1053,4.7368,4.3158,3.7895,3.7368,4.6316,4.3684,3.6842,3.7368,5.6316,5.2632,2.1053,3.9474,4.2105,3.1053,5.5263,3.9474,3.1579,1.6316,3.3684,4.1579,2.7368,3,2.6316,2.3158,4.7895,2.7895,2,3.1053,4.0526,4.2105,2.6842,3.1053,2.9474,2.3684,2.9474,4.6316,3.2105,1.6842,2.7895,3.4211,2.7895,2.6842,1.7895,1.7368,3.5263,2.4737,2.7368,1.5263,2.6316,2.7368,1.7368,3.3158,1.8947,2.4211,2.4211,3.5263,5.4737,1.4211,2.5789,3.5263,2.4737,2.3158,1.5263,1.3158,3.3684,1.7368,0.9474,1.8947,2.7895,3.0526,0.7368,1.2632,2.2105,1.4211,0.7895,1.1053,0.8947,3.9474,0.8421,0.6316,0.7368,0.6316,1.1053,0.8947,0.9474,1.2105,0.5789,1,1.2632,1.2632,0.5789,0.5789,1.2105,3.5789,4.1579,4.1579,4.3158,1.6842,5.8947,5,2.6316,3.8421,2.0526,2.2105,4.5789,2.5789,2.7368,2.8947,3.7368,3.1579,1.5789,2.5263,2.3684,2.7895,2.7368,3.8421,3.1579,1.2632,3.4737,4.4737,2.3684,2.4211,2.1579,1.9474,3.0526,2.1053,1.7368,2.2632,3.1053,2.6316,1.5263,1.6316,2.4737,4.1579,2.6316,4,3.8947,2.2105,3.1053,3.4211,7.4737,2.5789,2.0526,2.2105,3.4211,2.4211,1.8947,3.3158,3.9474,3.2105,2.0526,2.3158,2,0.4211,0.4211,1,0.4211,0.2632,0.6842,0.4211,0.5263,1.2105,0.3684,0.5263,0.5263,0.5789,0.4737,0.5789,0.4211,0.6842,0.5789,0.4211,0.7368,2.5263,1.8947,1.5789,1.2105,2.2105,1.5789,1.7368,1.4211,1.5789,4.7895,3.8421,2.1579,3.4737,2.7895,1.4211,1.7895,2.8947,1.7368,2.6316,4.4211,4.1053,3.2632,2.3158,2,3.1053,2.8947,2.4737,2.5789,2.8421,6.4211,8.1579,2.8947,6.6316,6,3.1579,3.3684,4.1053,2.9474,4.7895,6.5263,0.4211,0.7368,0.5789,0.8421,0.1053,0.5263,0.7895,0.2632,0.3158,0.2632,0.4211,1.0526,0.2632,0.1579,0.3158,0.4211,0.5789,0.1053,0.2105,0.4211,1.4737,1.2632,0.8421,0.6842,1.1579,1.3684,1.1053,0.7895,1.3684,1.4737,1.8421,1.3158,2.4737,1.5263,0.7368,1.4211,1.6316,1.3684,1.4737,1.5789,1.4737,1,0.7895,0.6842,0.8947,0.8421,0.8947,1.1053,1.0526,1.7895,1.7895,0.8421,1.7895,3.7368,0.9474,1.2105,1.2632,1.9474,2.3684,1.4737,3.3684,3,3,2.6842,1.5789,2.6316,3.3158,2.5789,2.2105,1.9474,2.1579,3.3158,2.9474,2.2105,6.1579,3.3158,3.2105,1.2632,2.1579,2.3684,4.0526,3.1053,4.5263,3.8421,2.1579,3.2632,3.1579,3.4737,3.3158,2.7895,2.6842,3.8947,2.9474,2.7368,2.8421,5.5789,4.6316,1.7368,3.6842,2.4211,3.9474,3.4737,5,4.1579,2.7368,4.0526,4.0526,3.6316,3.8421,3.2632,3,4.7895,2.8947,3.2105,3,5.6316,7,2.5789,3.4211,3.8421,0.4211,0.4737,0.2105,0.1579,0.3158,0.4211,0.4211,0.2632,0.5263,0.5263,0.6316,0.5789,0.7895,1.2105,0.2105,0.3158,0.3684,2.4211,1.4737,0.4211,2.2632,1.5263,2.0526,1.9474,1.7368,1.7368,1.6842,1.6842,3.1053,2.6316,2.4737,1.6842,2.2105,4.2105,1.7895,1.7895,2.1579,3.1579,6.1579,2.3158,8.0526,5.6842,5.5789,5.2632,6.5789,7.3158,5.6842,4.3684,5.1053,11.3158,9.8421,7,8.9474,7.5789,5.3158,7.3684,8.7895,4.6316,7.1053,13.3158
1-212.txt_159,5.2,3.75,4.05,3.3,3.15,3.8,3.9,4.2,3.1,3.5,3.15,3.9,3.95,2.7,2.85,4.75,4.85,2.2,2.65,4.2,0.35,1.2,0.35,0.25,0.3,0.6,0.45,0.2,0.95,0.45,0.5,0.6,0.45,0.55,0.35,0.6,0.45,0.85,0.7,0.4,1,1.3,2.15,1.45,0.5,1.25,1.15,1.3,1.25,0.75,0.6,1.4,0.75,0.6,1.1,1.2,1.55,0.4,0.55,0.7,3.7,3.85,5.5,6.65,1.6,4.3,5.6,3.75,3.65,2.25,2.4,4.35,2.55,1.85,3.3,4.7,3.95,1.3,2.05,2.45,0.4,0.15,0.3,0.15,1.8,0.3,0.25,0.2,0.2,0.35,0.45,0.3,0.55,0.25,0.2,0.4,0.5,0.8,0.25,0.45,1.25,1.55,1.45,1.35,0.4,1.85,1.65,1.2,1.8,0.65,0.9,1.55,1.4,0.8,1,1.3,1.15,0.45,0.9,0.75,3.15,4.1,4.2,5.15,1.45,4.95,6.2,3.3,3.95,2.1,2.35,4.4,2.35,2.25,3.05,3.65,4.1,2.6,2.7,2.3,3.45,2.6,3.5,3.1,1.55,2.15,2.95,5.05,2.45,1.5,1.3,2.95,1.4,1.65,1.85,3.5,2.7,1.75,2.35,1.7,1,1.35,1.25,1.15,0.45,1.4,1.2,0.65,1.8,1.15,1.05,1.45,1.05,1.15,0.9,1.15,1.1,0.55,1.25,1.1,3,2.55,1.95,1.8,2.1,2.35,1.65,1.85,2.1,4.95,3.65,2.65,3.6,3.45,1.6,2.8,3.2,1.35,2.4,4.3,4.05,2.25,1.7,1.75,2.65,2.35,1.95,1.85,1.8,3.95,5.35,2.3,3.8,4.15,1.8,2.55,3.2,2.35,3.2,3.8,4.7,6.6,6.1,6.15,2.65,6.4,7.15,3.6,4.1,4.5,3.9,8,3.95,3.2,3.35,5.35,5.7,2.45,3.4,4.65,3.45,2.55,2.4,1.8,3.2,3.5,3.6,2.45,2.8,5.15,6,2.85,6.45,4.55,2.05,3.35,3.9,1.95,4.15,5.85,2.1,1.6,1.2,1.3,1.8,2.2,1.55,1.35,2.4,3,3.65,1.4,3.4,5.25,1.2,1.75,2.45,2.2,3.45,2.8,3.45,3.35,2.85,2.9,2.3,3.7,3.5,2.5,2.6,2.7,2.75,3.05,2.7,1.95,5.9,3.95,3.45,1.3,1.65,3.3,1.95,1.8,1.25,1.3,1.4,2.1,1.95,1.35,1.6,1.55,1.8,1.95,1.95,1.6,2,2.5,2,1.4,1.8,2.2,2.95,2.65,2.75,2.6,2.1,2.8,2.75,2.4,2.4,3.25,3.1,3.15,2.5,2.55,2.6,3.6,4.7,1.9,2.6,3.4,1.8,2.05,1.8,1.7,2.25,1.85,2.25,1.5,2.85,1.95,2.55,2.35,2.4,3.35,1.65,2.05,1.95,2.5,4.2,2.05,4.1,3.35,2.5,2.5,2.7,3.7,3.35,2.15,2.45,4.65,4.55,3.45,4.15,3,2.8,3.45,4.1,1.65,3,5.4,0,0,0,0,0,0,0,0,0,0,0,0,0,0,0,0,0,0,0,0
1-212.txt_161,5.625,2.1875,2.1875,2.4375,2.3125,2.625,2.875,2.875,2,2,2.125,2.8125,2.5,1.375,2.4375,3.625,2.9375,1.25,1.8125,2.8125,3.1875,6.875,3.3125,3.25,2.0625,4.375,3.875,2.625,3.125,1.625,1.875,4.5,2.5,1.5,2.125,3.5625,3.3125,2.125,2.25,1.9375,1.0625,1.125,2.5,1.5625,0.625,1.3125,1.3125,1,1.25,0.4375,0.4375,1.4375,0.6875,0.4375,0.75,1.625,1.25,0.25,0.6875,0.5,2.0625,2.25,3.375,6.375,0.8125,3,3.75,2.25,2.3125,1.1875,0.9375,2.875,1.5,0.75,2.875,2.875,2.4375,0.5,1.375,1.375,2.125,0.8125,1.25,0.75,6.625,1.1875,0.75,1.1875,1.0625,1.6875,1.8125,1.125,1.75,1.125,1.125,2.25,2.375,1.0625,1.1875,2.0625,1.1875,1.6875,1.9375,1.75,0.625,3,2.0625,1,1.5,0.6875,0.8125,1.6875,1.25,0.5,1.0625,1.625,1.5625,0.75,1,0.8125,2.5,3.5625,3.125,3.4375,0.8125,4.25,5.875,2.125,2.9375,1.1875,1.5,3.6875,2.0625,1,2.1875,2.9375,2.5,1.1875,1.8125,1.375,4.6875,2.3125,3.75,3.3125,2,3,3,8.875,2.625,1.125,1.1875,3.25,2.0625,1.1875,2.625,4.375,3.125,1.6875,1.75,1.25,0.375,0.5625,0.9375,0.5625,0.25,0.625,0.625,0.4375,1.5625,0.125,0.25,0.5,0.375,0.375,0.3125,0.5625,0.4375,0.25,0.75,0.1875,1,0.75,0.5,0.4375,0.9375,1.0625,0.75,0.375,0.6875,2.8125,2.1875,0.8125,1.8125,1.4375,0.6875,0.75,1.25,0.8125,1.125,2.1875,2.125,1.8125,0.75,0.6875,2.0625,1.875,1.375,0.6875,1.625,4.3125,5.875,1.4375,4.75,4.375,1.1875,1.4375,2.5625,2.4375,3.125,4,5.5625,8.1875,6.375,5.875,2.9375,7.5625,7.25,3.9375,5.1875,3.875,3.4375,12.0625,5,2.6875,4.8125,6.625,5.9375,2.5,3.8125,4.1875,1,0.8125,0.625,0.4375,0.8125,1,0.625,0.375,0.6875,1.6875,1.8125,0.8125,2.625,1.25,0.5625,0.8125,1,0.8125,1,1.5625,0.8125,0.625,0.5625,0.3125,0.6875,0.5,0.5,0.4375,1.1875,1.5,1.75,0.625,1.5,3.375,0.3125,0.75,0.9375,1.8125,2.75,1.3125,2.1875,2,2.125,2.0625,1,1.875,2.0625,1.5625,1.9375,1.0625,0.9375,2.125,1.1875,0.625,5.875,2.125,1.9375,0.625,1.1875,1.125,2.6875,1.875,2.625,2.9375,1.6875,2.3125,2.625,2.625,1.75,1.125,1.125,2.125,1.5,1,1.875,4.125,3.0625,0.875,1.25,1.375,4.1875,3.3125,4.5,3.375,3.375,3.5,3.375,2.75,2.8125,3.5,3.5,3.5,3.875,2.75,3.3125,5.3125,8.25,2.1875,3.125,4.3125,0.4375,0.375,0.1875,0.0625,0.4375,0.5625,0.375,0.375,0.375,0.5625,0.875,0.375,0.75,1.125,0.1875,0.375,0.4375,2.875,1.25,0.5,0.625,0.75,0.625,0.4375,0.375,0.6875,0.625,0.375,1.25,0.5625,0.6875,0.875,0.75,1.375,0.4375,0.625,0.625,1.1875,2.125,0.6875,2.75,1.625,1.375,0.9375,2.125,1.875,1.5625,0.9375,1,4.1875,3.0625,1.8125,3.1875,2.0625,1.375,1.9375,2.5625,1.125,1.9375,5.0625
1-212.txt_163,12.1765,4.0588,4.0588,4.0588,6.7647,5.4118,5.4118,6.7647,4.0588,5.4118,4.0588,5.4118,5.4118,4.0588,5.4118,8.1176,6.7647,2.7059,4.0588,6.7647,1.7647,6.4706,2.9412,1.7647,0.5882,3.5294,2.9412,1.1765,2.9412,1.1765,1.7647,4.1176,1.7647,1.1765,1.7647,2.3529,2.3529,1.1765,1.7647,1.1765,1.0588,1.7647,3.8824,2.1176,0.7059,1.7647,1.7647,1.7647,2.1176,0.3529,0.3529,1.7647,1.0588,0.7059,1.0588,2.1176,1.7647,0.3529,1.0588,0.7059,2.1176,2.1176,4.2353,7.7647,0.7059,3.5294,4.9412,2.8235,2.8235,1.4118,0.7059,2.8235,1.4118,0.7059,2.1176,3.5294,2.8235,0,1.4118,1.4118,2.6471,0.5294,1.0588,0.5294,7.9412,1.0588,0.5294,1.0588,1.0588,2.1176,2.1176,1.0588,1.5882,1.0588,1.0588,2.1176,2.1176,1.0588,1.0588,2.1176,1.4118,2.1176,1.7647,1.7647,0.7059,3.8824,2.4706,1.0588,1.7647,0.7059,1.0588,2.1176,1.7647,0.3529,1.4118,1.7647,1.4118,1.0588,1.0588,1.0588,3.2941,4.1176,4.1176,5.7647,0.8235,5.7647,8.2353,2.4706,4.1176,0.8235,1.6471,4.9412,2.4706,0.8235,3.2941,4.1176,3.2941,1.6471,2.4706,1.6471,2.6471,1.0588,2.6471,2.1176,1.0588,1.5882,1.5882,5.8235,1.5882,0.5294,0.5294,1.5882,1.0588,1.0588,1.5882,2.6471,1.5882,1.0588,1.0588,1.0588,1.0588,1.7647,2.1176,1.4118,0.7059,1.7647,1.7647,1.0588,4.5882,0.3529,0.7059,1.4118,1.0588,1.4118,1.0588,1.4118,1.0588,0.7059,2.4706,0.7059,2.5882,1.2941,0.6471,1.2941,2.5882,1.2941,0.6471,0.6471,0.6471,5.8235,4.5294,1.2941,3.8824,3.2353,1.2941,1.2941,2.5882,1.2941,2.5882,5.1765,2.4706,2.4706,0.8235,0.8235,3.2941,2.4706,1.6471,0.8235,1.6471,5.7647,7.4118,1.6471,5.7647,4.1176,1.6471,1.6471,3.2941,2.4706,3.2941,4.9412,3.7647,6.5882,4.7059,3.7647,1.8824,5.6471,5.6471,2.8235,3.7647,1.8824,1.8824,9.4118,2.8235,1.8824,3.7647,4.7059,3.7647,1.8824,2.8235,1.8824,0.9412,0.7059,0.7059,0.4706,0.7059,1.1765,0.7059,0.4706,0.7059,1.4118,1.6471,0.7059,2.5882,1.1765,0.4706,0.7059,0.9412,0.7059,0.9412,1.4118,1.4118,0.9412,0.9412,0.4706,0.9412,0.4706,0.4706,0.9412,1.8824,2.3529,2.3529,0.9412,2.3529,5.6471,0.4706,0.9412,1.4118,2.8235,3.7647,1.8824,1.8824,1.4118,1.4118,1.4118,0.9412,1.8824,1.8824,1.4118,1.4118,0.9412,0.9412,1.8824,0.9412,0.4706,6.1176,1.8824,1.8824,0.4706,0.9412,0.9412,2.8235,1.8824,2.8235,2.3529,1.8824,2.3529,2.3529,2.3529,1.8824,0.9412,0.9412,2.3529,1.4118,0.9412,1.8824,4.2353,3.2941,0.9412,1.4118,1.4118,3.8235,3.0588,3.8235,3.0588,3.0588,3.0588,3.0588,2.2941,2.2941,3.0588,3.0588,3.0588,3.0588,2.2941,3.0588,5.3529,7.6471,1.5294,2.2941,3.8235,0.2353,0.2353,0.1176,0,0.2353,0.3529,0.2353,0.2353,0.2353,0.2353,0.3529,0.2353,0.3529,0.7059,0.1176,0.2353,0.2353,2,0.8235,0.2353,1.9412,1.9412,1.9412,1.2941,1.2941,1.9412,1.9412,1.2941,4.5294,2.5882,2.5882,1.9412,2.5882,5.1765,1.2941,1.9412,1.9412,4.5294,7.7647,2.5882,4.7059,1.8824,1.8824,1.8824,3.7647,2.8235,1.8824,1.8824,1.8824,7.5294,5.6471,1.8824,5.6471,3.7647,1.8824,2.8235,4.7059,1.8824,3.7647,8.4706
1-212.txt_165,10.6667,5.5556,5.5,5.2778,5.5556,5.5,5.8333,7.1111,4.6667,5.6111,6.3333,6.1667,5.6111,5,4.7778,8.4444,7.2222,3.3889,5.1667,7.4444,3.8333,7,4.5,3.1667,1.8889,4.5,4.4444,2.8333,4.3889,2.7222,2.9444,6.1111,3.1111,2.2778,3.3333,4.5556,4.3889,1.8889,3.7222,3,1.5,1.6667,2.7222,1.2222,0.7222,1.7778,1.3889,1.1111,2.3889,1.2222,1.0556,1.9444,0.9444,0.6667,1.5,1.5556,1.5556,0.5556,1,1.1111,2.2778,2,4.6667,5.7778,1.1111,2.8889,3.7222,2.3333,2.6111,1.2222,1.4444,2.6667,1.6111,1.4444,2.6111,3.2222,3,0.8889,1.6111,1.5556,0.5556,0.3889,0.4444,0.3889,1.1667,0.7222,0.5,1.0556,0.7222,0.4444,0.7778,0.3889,0.4444,0.6667,0.3333,0.4444,0.5556,0.3889,0.4444,0.4444,0.6111,0.8333,0.8333,0.5,0.3333,1.7222,0.7778,0.3889,1.2778,0.7778,0.5556,0.9444,0.8889,0.7778,0.4444,0.7778,0.7778,0.5556,1.0556,0.7778,4.9444,5.7222,6.5556,7.1667,2.3889,6.3889,9.3333,3.7778,4.7222,3.6667,3.7222,6.5556,4.4444,3.2778,4.1111,5.7778,5.8889,2.3333,4,4.6667,4.9444,3.6111,5.7778,4.5,3.6111,3.8889,3.5,7.9444,3.5,2.7222,3.2778,4.1111,3.7778,2.7778,3.1111,5,4.3333,2.1111,2.8333,3.2778,1.6667,1.1667,0.7222,0.5,1.1111,1.1667,0.7222,0.5,0.6667,3.1111,2.5556,1.1111,2.3333,1.9444,0.7222,1.0556,1.8333,0.8889,1.4444,2.6667,4.0556,3.2778,2.1667,2.2778,2.7222,3.2778,2.3889,2.2778,3.1111,5.5556,7.2778,3.3333,5.6111,6.1667,2.5556,3.2778,3.7778,3.2222,4.6667,5.6667,1.2778,1.7778,1.4444,1.1111,0.5,1.7222,1.4444,0.7222,1,0.7222,0.7778,2.1667,0.8333,0.5,0.8333,1,0.9444,0.5556,0.8889,0.7778,0.6667,0.6111,0.6667,0.4444,0.6667,0.7778,0.7222,0.4444,0.7222,1.2778,1.0556,0.8889,1.6111,1.3333,0.7778,0.7778,0.8889,1.1111,1.1667,1.2222,0.9444,0.8889,1.0556,0.6667,1.2222,1.1111,0.9444,1.2778,1,2.0556,1.8333,1.1667,1.7778,2.9444,0.8333,1.0556,1.1111,1.2222,2.3333,1.5556,2.3889,2.5556,2.6111,3.2222,1.8889,3.6667,3.1111,2.1667,1.8889,1.7222,1.9444,2.7222,2.3889,2.1667,6,2.8889,2.6667,1.7222,2.2222,2.2778,4.3889,3.3333,4,3.1111,2.6667,3.8889,3.6667,3.2778,3.1667,2.3333,1.8333,3.8333,2.6667,2,3.2778,5.7222,4.5,2,2.3889,2.8333,2.2778,2.8889,3.1667,2.9444,1.8333,2.7222,2.7222,2.6111,2.1111,1.8333,1.5,2.9444,1.8333,1.5,2.3889,3,3.8889,1.5,1.4444,1.8889,1.2778,1.0556,1.6667,1.2222,0.9444,1.2222,1.2778,1.2222,1.3333,1.2778,1.5,1.2222,1.3333,2.5,0.8889,1.2222,1.3889,4.5556,2.5,1.5556,1.3333,1.1111,0.9444,0.7222,1.3889,1.1667,1.0556,0.7222,2.6111,1.7222,2,1.0556,1.7778,3.5556,0.7222,1.2222,1.2778,2.5,4.9444,1.7778,5.3333,3.2222,3.2222,3.2222,5.6667,3.9444,3.5556,3.2778,3.6667,7.9444,6.7222,3.8333,6.3889,5.8333,4.3333,4.7778,6.6667,3.9444,6.0556,9.5556,0,0,0,0,0,0,0,0,0,0,0,0,0,0,0,0,0,0,0,0
1-212.txt_167,13.8947,8.0526,8.7895,7.5789,7.7895,10.2632,9.2105,10.4737,8.8421,7.8947,7.4211,9.1053,8.5789,6.1053,9.8421,11.9474,11.1053,5.7368,7.4211,9.4211,4.0526,7.3158,5.1053,4.2632,2.6316,5.8421,5.3158,4.3158,5.1053,4.3158,4.3158,6.3684,4.4737,3.5263,4.3158,5.1579,5,3.2632,4.0526,3.8421,2.3158,2.6842,3.5789,2.6842,1.2105,2.6842,2.5263,1.9474,2.3158,1.4211,1.2632,2.7368,1.4737,1.8947,2.1053,3.1579,2.6316,1.5789,2.1579,1.4737,4.0526,3.8947,4.9474,6.4211,1.8947,5.3158,6.2632,3.2105,3.8421,2.6316,2.8947,4.7368,2.6842,2.1053,4.2105,4.5263,4.4737,2.5789,2.7368,3.2632,2.6316,1.7895,1.9474,1.6842,3.8421,2.2105,2,2.4211,1.4737,1.6316,2.0526,2.3684,1.8947,1.3158,2.4211,2.6316,2.6842,1.3158,1.8947,1.9474,4.8947,5.9474,5.5789,5.5789,2.6842,8.3684,6.9474,4.5789,4.7368,3.2632,3.8947,6.6842,3.8947,2.3684,4.1579,5.4211,4.6842,2.8421,3.7895,4.3684,3.0526,3.4737,3.2632,3,1.6316,3.3684,4.3684,2.2105,3,2.1053,2,3.6316,2.6842,2.4211,2.7368,3.6316,3.1053,1.5263,2.6316,2.6316,14.6316,9.1053,11.5789,10.5789,7.6316,11.4211,10.5263,20.6842,9.4737,6.8421,8.0526,10.2105,7.7895,7.2105,12.4737,13.6842,12.1579,7.6842,8.4211,8.5789,3.1053,3.4737,3.1579,3.4211,2,4.6842,4,3.1053,5.3684,2.6316,2.5263,3.5789,3.1579,2.8421,3.0526,3.2632,3.7368,1.9474,4,2.6842,2,1.7368,1.2105,1.3684,1.5263,1.6316,2.0526,1.4211,1.3158,2.7368,2,1.8421,2.1053,1.8421,1.6316,1.4211,2.1053,0.9474,1.4737,2.6316,14.4211,11.8421,10.0526,9.8947,11.6316,13.2632,11.4211,10.5263,11.7368,17,21.6316,12.0526,18.3684,15.6316,13.3684,12.2632,14.4737,9.1579,14,17,0.7895,0.5263,0.5263,0.4737,0.4211,0.8947,0.5263,0.8421,0.4211,0.4737,0.6842,0.7895,0.5263,0.8947,0.7368,0.8421,0.5789,0.4211,0.4737,0.6842,1.6842,1.4211,1.1053,1.1053,1.9474,2,1.4211,1.1579,1.5263,2.1053,2.4211,1.5789,3.4737,2.1579,1,1.5789,2,1.2105,1.5789,2.3684,2.3684,2.1053,2,1.8421,2.0526,2.0526,2,1.4211,3.8421,3.8421,4.3158,1.8421,3.7368,6.6842,1.4211,2.1579,2.5789,3.2632,6.2105,3.4737,18.7895,14.0526,14,14.8947,9.7368,20.1579,16.5789,14.9474,14,11.2632,12.1053,16.3158,13.3684,10.7368,40.7368,20,18.0526,8.6316,12.2632,13.6316,12.4211,9.5263,10.3158,9.3684,8,12.0526,10.0526,11.1579,9.5789,6.9474,7.4737,10.3158,8.3158,6.2632,12.2105,15.3158,14.1053,5.5263,8.3684,8.2632,5.2632,4.7368,4.6316,4.8421,3.2632,4.6316,4.8947,3.6316,4.5789,5,4.3158,5.3684,5.3158,4.3684,4.9474,5.5789,7.1579,3.1053,3.8421,5.4211,3.3158,2.6316,2.2105,2.1053,2.4737,2.7895,2.4211,2.7368,2.0526,3.2105,3.8421,2.8421,3.1579,3.1053,2.9474,3.2105,3.4737,6.6316,2.7895,3.0526,1.1579,1.1053,1.2105,0.6842,0.9474,1.3158,0.8421,1.1053,1.3684,1.1053,1.2105,1.2105,1.3158,1.7895,1.0526,1.1579,1.2105,1.3684,2.5263,1.4737,8.6842,5.4737,6.5263,5.5263,5.6316,6.6316,5.9474,6.3684,5,9.5789,8.6316,5.4737,8.9474,7.0526,6.8947,7.6316,8.9474,4.7368,6.8421,10.7895
1-212.txt_169,7.875,2.625,2.625,2.625,4.375,3.5,3.5,4.375,2.625,3.5,2.625,3.5,3.5,2.625,3.5,5.25,4.375,1.75,2.625,4.375,1.6875,6.1875,2.8125,1.6875,0.5625,3.375,2.8125,1.125,2.8125,1.125,1.6875,3.9375,2.25,1.125,1.6875,2.25,2.25,1.125,1.6875,1.125,2.0625,3.4375,7.5625,4.125,1.375,3.4375,3.4375,3.4375,4.125,0.6875,0.6875,3.4375,2.0625,1.375,2.0625,4.125,3.4375,0.6875,2.0625,1.375,2.0625,2.0625,4.125,7.5625,0.6875,3.4375,4.8125,2.75,2.75,1.375,0.6875,2.75,1.375,0.6875,2.0625,3.4375,2.75,0,1.375,1.375,2.8125,0.5625,1.125,0.5625,7.875,1.125,0.5625,1.125,1.125,2.25,2.25,1.125,1.6875,1.125,1.125,2.25,2.25,1.125,1.125,2.25,1.5,2.25,1.875,1.875,0.75,4.125,2.625,1.125,1.875,0.75,1.125,2.25,1.875,0.75,1.5,1.875,1.5,1.125,1.125,1.125,2.5,3.125,3.125,4.375,0.625,4.375,6.25,1.875,3.125,1.25,1.25,3.75,1.875,1.25,2.5,3.125,2.5,1.25,1.875,1.25,4.6875,1.875,4.6875,3.75,1.875,2.8125,2.8125,10.3125,2.8125,0.9375,0.9375,2.8125,1.875,1.875,2.8125,4.6875,2.8125,1.875,1.875,1.875,1.6875,2.8125,3.375,2.25,1.125,2.8125,2.8125,1.6875,7.3125,0.5625,1.125,2.25,1.6875,2.25,1.6875,2.25,1.6875,1.125,3.9375,1.125,2,1,0.5,1,2,1,1,0.5,0.5,4.5,3.5,1,3,2.5,1,1,2,1,2,4,3.375,3.375,1.125,1.125,4.5,3.375,2.25,1.125,2.25,7.875,10.125,2.25,7.875,5.625,2.25,2.25,4.5,3.375,4.5,6.75,3.5,6.125,4.375,3.5,1.75,5.25,5.25,2.625,3.5,1.75,1.75,8.75,3.5,1.75,3.5,4.375,3.5,1.75,2.625,2.625,1.5,1.5,1.125,0.75,1.125,1.875,1.125,0.75,1.125,2.25,2.625,1.5,4.125,1.875,0.75,1.125,1.5,1.125,1.5,2.25,1.6875,1.125,1.125,0.5625,1.125,1.125,1.125,1.125,2.25,2.8125,2.8125,1.125,2.8125,6.75,0.5625,1.125,1.6875,3.375,4.5,2.25,3.25,2.4375,2.4375,2.4375,1.625,3.25,3.25,2.4375,2.4375,1.625,1.625,3.25,1.625,0.8125,10.5625,3.25,3.25,0.8125,1.625,1.625,5.625,3.75,5.625,4.6875,3.75,4.6875,4.6875,4.6875,3.75,1.875,1.875,4.6875,2.8125,1.875,3.75,8.4375,6.5625,1.875,2.8125,2.8125,3.4375,2.75,3.4375,2.75,2.75,2.75,2.75,2.0625,2.0625,2.75,2.75,2.75,2.75,2.0625,2.75,4.8125,6.875,1.375,2.0625,3.4375,1.25,1.25,0.625,0,1.25,1.875,1.25,1.25,1.25,1.25,1.875,1.25,1.875,3.75,0.625,1.25,1.25,10,4.375,1.25,1.6875,1.6875,1.6875,1.125,1.125,1.6875,1.6875,1.125,3.9375,2.25,2.25,1.6875,2.25,4.5,1.125,1.6875,1.6875,3.9375,6.75,2.25,5,2,2,2,4,3,2,2,2,8,6,3,6,4,2,3,5,2,4,9
1-212.txt_171,3.6471,1.8824,2.2353,2.3529,1.7647,2.0588,2.4706,1.7647,2.1765,2.4118,2.1765,2.4118,2.0588,1.5882,2.0588,2.8824,2.6471,0.7059,1.7647,2.8235,0.8824,3.6471,1.2941,0.7647,0.7059,1.7059,1.3529,0.5882,1.2353,0.9412,0.8235,2.2353,0.8824,0.5294,0.5882,1.0588,1.4706,0.4118,0.9412,0.8824,1,1.1765,2.5294,1.4118,0.6471,0.9412,1.2941,1.8235,1.1176,0.2941,0.4706,1.4118,0.4706,0.2941,0.4706,1.1765,1,0.1765,0.4118,0.5294,3.5294,3.2941,5.9412,7.7647,1.2353,4.9412,7.0588,3.8824,3.5882,1.5882,1.5882,4.8824,1.9412,1.6471,2.7059,4,3.9412,1.1765,1.8824,2.2941,0.7647,0.2353,0.1765,0.1176,1.2941,0.2353,0.2353,0.3529,0.2941,0.6471,0.5882,0.2353,0.5882,0.9412,0.2941,0.5882,0.4706,0.7647,1.0588,0.8235,1.0588,0.8824,0.9412,0.7647,1.2353,2.2353,1.5882,0.7059,1.4118,1,1,1.5882,1,1.1765,0.7647,1.2353,1.4706,0.4706,0.7059,1.7059,1.4706,1.3529,1.2353,2.2353,1.1176,2.1765,4,1,1.4706,1.7059,1.0588,2.1765,1.4118,0.9412,1,1.5882,1.7059,1.1765,1.5882,1.7059,2.8235,1.6471,3.7059,4.0588,1,2.0588,2.4706,6.1765,1.7647,0.7059,0.8824,2.2353,1.4706,0.8824,2.2941,3.3529,1.9412,1.2353,0.7647,1.2353,2.6471,2.8824,2.7059,1.6471,2.7059,3.2353,2.4118,1.2353,3.1176,5.2941,4.0588,3.5882,3.9412,4.5294,1.4118,2.5882,4.2353,3.3529,3.4118,5.4706,0.7647,0.5294,0.3529,0.3529,1.1765,0.8824,0.6471,0.2941,0.8824,1.8824,1.8235,0.4706,1.8235,2.1176,0.3529,0.7647,0.8824,1.7647,1.7059,1.5294,3.2353,5.5294,4.5882,4.1765,1.4706,6,5.7059,2.4706,3.6471,2.6471,1.9412,8.1176,3.2353,1.8235,2.6471,4.5294,5.7059,1.1765,2.8235,3.2941,2.0588,1.6471,1.2353,1.2941,1.6471,2.0588,1.8235,0.8235,1.3529,3,4.0588,2,4.8235,2.6471,1,1.5882,2.1176,1.9412,1.6471,3.2353,0.7647,0.5294,0.4706,0.3529,1.4118,0.5294,0.4706,0.6471,1,0.9412,1.1176,0.7059,1.2353,3.0588,0.4118,0.9412,0.7059,1.4118,1.7059,1,0.5294,0.4706,0.4118,0.2941,0.2353,0.7059,0.4706,0.5294,0.5294,0.4706,0.4118,1,0.3529,0.4706,1.3529,0.5882,0.4118,0.1765,0.2941,0.4118,2.2941,2.7059,3.1765,3.1176,1.5294,3.1765,3.4706,2,2.8235,2.2353,1.7647,3.8235,1.8235,1.6471,1.5882,4.1765,3.9412,0.8824,2.5294,2.6471,3.5294,3.1765,4.2941,3,2.4706,3.6471,3.7059,2.8824,3,4.3529,2.5294,4.5294,3.0588,1.5882,2.6471,5.1765,7.6471,1.2353,3,4.1176,0.2353,0.2353,0.1765,0.0588,0.2353,0.2353,0.1765,0.1176,0.7059,0.5294,0.4706,0.1765,0.7647,1.1765,0.1176,0.2353,0.2941,1.5882,1.2941,0.4706,0.2941,0.2353,0.1765,0.1765,0.2353,0.2353,0.1765,0.1765,0.5294,0.4706,0.5294,0.2353,0.5294,1.3529,0.1176,0.6471,0.2941,0.7647,1.5294,0.5294,2.5882,1.3529,1.0588,1.4118,1.7059,1.6471,1.5294,1,1.1176,3.8824,3.2941,1.5882,3.3529,2.4706,0.8824,1.5882,2.0588,0.8824,2.1176,4.4118,0,0,0,0,0,0,0,0,0,0,0,0,0,0,0,0,0,0,0,0
1-212.txt_173,6.7222,3.3889,3.8889,3.6111,4.7222,4.2778,3.8333,4.3889,3.1111,4.2778,4.2778,4.1111,3.7778,3.6111,3.6111,5.3889,4.6111,2.8333,3.4444,5.5,3.5556,6.7778,3.8333,3.6111,1.5556,4.3333,3.5556,2.3889,3.0556,2.8333,2.8889,5.8333,2.6667,2.8889,2.9444,3.8333,4.1667,1.6111,2.9444,2.5556,1.7778,1.9444,2.9444,1.3889,1.5556,1.7778,1.4444,2,1.5,1,1.3333,2.2222,1.1111,1,1.2222,1.8889,1.6667,0.6667,1.5,1.5556,3.3333,3.4444,5.2778,7.2222,2.1667,3.8889,4.9444,3.0556,3.5556,1.5556,1.6111,4.0556,1.8889,2,3.3333,4.2222,3.2222,1.6667,2.6111,2.0556,0.6667,0.5556,0.3889,0.6111,1.2778,0.6667,0.7222,1,0.3333,0.4444,0.5,0.5,0.3889,0.2222,0.2778,0.5556,0.5,0.2222,0.2222,0.5,2.1667,2.5556,2.7222,1.3889,1.3889,3.1667,2.4444,1.1111,2.4444,1.2222,1.7778,2.6111,1.6111,1.3889,1.4444,2.2778,1.8889,0.6667,1.1667,1.4444,2.5556,2.5556,3.8333,4.5,1.1667,3.7778,5.2222,1.7778,2.7778,1.5556,1.8333,3.6111,1.7778,1.6111,1.7778,3.4444,3.1667,1.5,2.3889,2.1667,4.0556,2.2778,4.2222,3.7222,2.5,3,2.9444,7.4444,2.5,2.1111,2.3333,2.8889,2.4444,2,2.3333,4,3.3333,1.7222,2.2778,2.4444,2.3333,1.3889,1.4444,1,2.3333,1.5556,1.2778,0.9444,1.3333,5,3.5,1.4444,3.4444,2.8889,1.6111,1.7222,2.5556,1.4444,2.5,4.1111,3.9444,3.3889,2.6111,2.3333,3.1111,3.8889,3.3889,2.3889,2.4444,6.2778,7.2222,4.1667,5.8333,5.5556,3.5,3.5556,4,3,4.1667,5.8333,4.2778,5.1111,4.8333,4.7222,2.1667,4.8333,5.5556,3.3333,4.1667,3.2778,3.1667,6.9444,3.7778,2.5,3.5556,4.5556,4.7778,1.9444,4,3.8333,1.1111,0.8333,1.0556,0.6667,1.1667,0.9444,0.7778,0.6111,1.1667,1.2222,1.6667,1.1111,2.1667,1.2778,1.0556,0.9444,1.5556,0.7222,1,1.5556,2.3889,1.6667,1.5,1.1667,1.8889,1.7222,1.7222,1.7222,2,2.2222,2.5556,1.5,2.3333,4.5,1.3333,1.8333,1.8889,2.2778,3.1667,2.4444,1.7778,1.7778,1.8889,2,0.8889,1.7778,2,1.3889,1.3889,1.6667,1.4444,2,1.9444,2.2222,4,1.7778,2.1111,0.9444,2.1111,1.6111,4.6111,2.8333,4.5556,4.4444,2.1111,3.6111,4.5556,3.7778,2.8889,2.3889,2.5,3.5,3.1667,1.8889,3.2778,6,4.1667,1.3333,2.4444,2.7222,2.5,2.6111,3.1667,2.6667,2.4444,2.5,2.5556,1.5,2.6667,2.9444,2.3889,2.8889,2.4444,2.1667,2.4444,3.2778,4.7778,1.5,2.4444,3.3333,1.3889,1.2222,1.2778,0.8333,1.3889,1.3333,1.5556,1.1667,1.2222,1.6667,1.7222,2,1.6111,2.6111,1.2778,1.3333,1.3889,5.7778,2.7778,1.9444,1,1.2778,1.0556,0.5556,0.8333,1.0556,0.8333,0.5556,3.0556,1.7778,1.7222,0.9444,1.6667,3.5556,0.5556,1.2222,1.1667,2.3889,5.1667,1.6111,4.1111,2.6667,3.1111,2.3333,2.6667,3.1111,2.5556,2.3889,2.8333,6.1111,4.8889,3.1111,5.8889,3.9444,2.6111,4.1667,4.7222,2.4444,4.4444,7.2222,0,0,0,0,0,0,0,0,0,0,0,0,0,0,0,0,0,0,0,0
1-212.txt_175,8.45,4.55,4.8,4.3,3.8,4.8,5.05,5,4.65,4.5,4.3,4.65,4.8,4.1,3.75,6.25,5.95,2.65,4.1,5.7,4.3,8.3,5.05,4.1,2.4,6.05,5.1,3.4,4.6,3.25,3.35,6.5,3.55,3.35,4.25,4.65,4.6,2.6,4.15,3.75,2.35,2.75,5,3.3,2.25,2.9,3.05,2.8,3.1,1.65,1.75,3.55,2.4,2.1,2.5,3.45,3.2,1.5,2.15,2,5.25,4.75,7.5,9.8,2.9,6.2,7.55,4.85,5,3.3,3.75,6.05,4.15,2.9,4.7,6.05,5.25,2.65,4.25,3.9,1.95,1.15,1.3,1.1,4.65,1.55,1.3,1.65,1.35,1.35,1.35,1.55,1.5,1.3,1.45,1.55,2,1.15,1.35,1.65,2.3,2.5,2.95,2.25,1.8,4.1,2.9,2.5,2.5,1.9,2.55,2.95,2.3,1.9,1.7,2.6,2.65,1.4,2.2,2.35,3.25,2.85,3.8,4.3,1.9,3.7,5.45,2.25,3.2,2.1,2,3.35,2.2,2.05,3.35,3.3,3,1.6,2.2,2.4,4.65,3.5,4.3,3.3,2.85,3.1,3.45,7.3,3.1,2.75,2.95,3.7,3.05,2.75,3.15,4.5,3.9,2.3,3.4,3.2,0.55,0.5,0.55,0.4,0.3,0.75,0.55,0.35,1.35,0.55,0.5,0.5,0.5,0.6,0.55,0.65,0.6,0.45,1,0.55,0.95,0.65,0.65,0.75,0.9,0.75,0.75,0.8,0.6,2.25,1.45,0.7,1.55,0.95,0.7,0.95,1.5,0.9,0.9,2.15,5,4.95,3.7,3.75,4.4,5.05,4.85,3.95,3.6,6.95,8.95,4.85,6.95,6.65,4.25,4.9,5.4,4.2,5.2,6.55,3.3,4.4,3,2.85,1.8,4.4,4.15,2.4,3.3,3.05,2.9,5.75,3.9,2.3,2.65,3.5,3.35,2.55,2.95,3.05,1.3,1.1,0.95,0.7,0.95,1.4,0.95,1.1,0.85,2.25,1.9,1.6,3.25,1.7,1.05,1.1,1.4,1.6,1.4,2,2.65,2.05,2.05,1.55,1.9,2.15,2.15,2,2.65,3.55,3.85,2.15,3.35,6.55,2.65,2.75,2.75,3.35,5.35,3.55,1.45,1.35,1.35,1.45,0.8,1.35,1.3,1.05,0.9,1.1,1.2,1.55,1.1,0.75,3.35,1.75,1.4,0.6,0.8,1.2,4.6,3.2,3.95,3.7,2.4,3.65,3.75,3.3,3,2.5,3.05,3.6,3.3,2.6,3.45,5.9,4.6,2,3.45,3.15,2.6,2.7,3.1,2.5,1.65,2.7,3.1,2.1,2.1,2.45,2.25,3.05,2.6,2.15,2.25,3.3,4.75,1.3,2.55,2.5,1.35,1.55,1.45,1.1,1.1,1.65,1.55,1.7,1.65,1.7,1.6,1.3,1.35,2.15,1.25,1.3,1.85,4.8,2.45,1.8,1.65,1.85,1.6,1.25,1.55,1.7,1.7,1.3,3.5,1.8,1.9,1.8,2.1,4.25,1.3,1.55,1.65,3.1,5.75,1.65,4.2,2.9,3,2.5,4.25,3.25,3.45,2.45,2.7,6,5.7,3.2,5.15,4.1,3.4,3.85,4.5,2.6,3.5,6.95
1-212.txt_177,9.5,4.6667,4.8889,4.1111,4.3889,5,5.1667,5.5,4.5556,4.8889,5.6111,5.3889,5.1111,4.8333,3.8889,7.1667,5.7778,2.8889,5.2222,5.8333,0.7778,1.4444,0.7222,0.5556,0.3889,1.1111,0.7222,0.4444,0.7778,0.6111,0.7778,1.1111,0.9444,1.2778,0.5,1,1.1667,0.6111,1.1111,0.6667,3.6111,3.7778,6.3889,4.7222,1.7222,4,4.1667,3.1111,3.8333,2.5,2.4444,3.9444,3,2.7778,2.8333,4.3889,4.4444,1.6111,3.1111,2.7778,3.6667,3.2222,6.1111,8.1111,1.6667,4.4444,5.9444,2.8889,3.2778,2.0556,1.8333,4.2778,2.1667,2,3.2222,4.5556,3.8333,1.6667,2,2.3333,1,0.5,0.9444,0.5,3.5,0.7222,0.4444,0.7222,0.5556,0.8889,0.8333,0.7222,0.8333,0.6111,0.9444,0.8889,0.8889,0.5556,0.6111,1.0556,0.6667,0.9444,0.6667,1,0.3333,1.4444,1,0.6667,0.6667,0.4444,0.6667,1.2778,0.6111,0.7778,1.7222,0.7778,0.7222,0.4444,0.5556,0.4444,2.6111,2.9444,3.6111,2.7778,1.3333,3.6667,5.1667,2.2778,2.2778,2.1111,2.1667,3.2778,2.7222,1.8889,2.8333,3.1667,2.9444,1.8889,2.2222,2.1111,3.6667,2.2778,3.8333,3.2778,3.2222,2.7778,2.7222,7.1111,2.1111,1.8889,1.9444,2.6667,2.2222,2.1667,2.4444,3.2222,2.8333,1.8889,2.5,2.1667,1.3333,1.7778,2.2778,1.5556,0.8889,1.5556,1.5,1.1667,3.7222,1.2778,1.1667,1.7778,1.1667,2.0556,1.1667,1.4444,1.3889,1.5556,2.9444,1.0556,2.1667,1.4444,1.2778,0.9444,2.3889,1.7222,1.1667,1.2222,1.4444,4,3.2778,1.3333,2.8333,3.1111,1.3889,1.6667,2.2222,1.6111,2.1667,3.5,3.5556,2.4444,2.7778,2.3333,2.5556,2.5556,2.3333,2.5556,2.6111,4.5,6.1667,3,5,4.6111,2.1667,2.7778,3.3889,2.7778,4.3889,4.2222,4.8889,6.2778,6.1111,5.8333,2.6667,5.8333,6,4.0556,4.2222,3.6667,3.6111,9,3.5556,2.9444,4.4444,5.5,5.6111,2.8333,3.5,4.1667,0.7222,0.7222,0.5,0.6667,0.5556,0.6667,0.6667,0.3889,0.8889,1.2222,1.1667,0.5556,2,0.6667,0.3889,0.7222,0.8889,0.5,0.7778,1.2778,2.5,2.2778,1.7778,1.6111,1.8333,2.1667,1.8333,2.0556,2.7778,3.1111,3,1.8889,2.6667,6.1667,1.6111,2.2778,2,3.5,4.8889,2.8889,2.6111,1.5556,2.0556,2.2778,1.3333,1.7778,2.2778,1.6667,1.7778,1.7222,1.8889,1.8889,1.6111,1.5556,4.6667,2.5556,2.6667,1.1111,1.7778,2.2222,3.2222,2.8889,3.5,2.8889,1.7778,3.4444,3.2778,2.8333,2.4444,1.7222,1.6667,3.6667,2.2222,1.2778,1.9444,5.1667,4,1.1667,1.7778,2.5556,4,3.7222,3.8333,3.0556,2.5556,3.5556,3.3889,2.8889,2.6667,3.6111,3,4.1111,3.2222,2.4444,2.7222,4.9444,7.0556,2.2222,2.4444,3.9444,0.3333,0.3333,0.5,0.2222,0.3889,0.6667,0.5,0.3333,0.4444,0.5556,0.5556,0.3333,0.6111,1.2778,0.2778,0.5,0.6111,2.7778,1.2778,0.5556,2.9444,3.3889,2.9444,2.2222,2.1111,3.2778,3.2778,2.0556,4.5556,3.1111,3.5556,3.6111,3.3889,5.3889,2.2222,3.0556,3.6111,4.2222,7.9444,3.1111,6.7222,5.4444,4.7778,4.5,4,5.1111,5.5,3.8889,3.8333,8.2778,6.5,5.7222,7.3333,5.7222,5,5.1667,6.8889,3.0556,6.2778,10.3889
1-212.txt_179,14.8571,5.5714,3.7143,3.7143,7.4286,5.5714,5.5714,7.4286,3.7143,5.5714,5.5714,5.5714,5.5714,3.7143,5.5714,9.2857,7.4286,1.8571,3.7143,7.4286,1.9286,5.7857,2.5714,1.2857,0.6429,3.2143,2.5714,1.2857,2.5714,0.6429,1.2857,3.8571,1.9286,0.6429,1.2857,1.9286,1.9286,0.6429,1.2857,0.6429,2.7143,5.4286,13.5714,6.7857,1.3571,5.4286,5.4286,5.4286,6.7857,1.3571,1.3571,5.4286,2.7143,1.3571,2.7143,6.7857,5.4286,0,2.7143,1.3571,1.5714,1.5714,3.9286,7.8571,0.7857,3.1429,4.7143,2.3571,2.3571,0.7857,0,2.3571,0.7857,0.7857,2.3571,3.1429,2.3571,0,0.7857,0.7857,2.2857,0.5714,0.5714,0.5714,7.4286,0.5714,0,1.1429,0.5714,1.7143,1.7143,0.5714,1.7143,1.1429,0.5714,1.7143,1.7143,1.1429,1.1429,1.7143,2.5714,4.2857,3.4286,3.4286,0.8571,7.7143,5.1429,1.7143,3.4286,0.8571,1.7143,4.2857,3.4286,0.8571,2.5714,3.4286,2.5714,1.7143,2.5714,1.7143,2.1429,2.8571,2.8571,4.2857,0,4.2857,6.4286,1.4286,2.8571,0.7143,0.7143,3.5714,1.4286,0.7143,2.1429,2.8571,2.1429,0.7143,1.4286,1.4286,4.2857,2.1429,4.2857,3.2143,2.1429,2.1429,2.1429,10.7143,2.1429,0,0,2.1429,1.0714,1.0714,2.1429,4.2857,2.1429,2.1429,1.0714,1.0714,0.5714,1.1429,1.4286,0.8571,0.2857,1.1429,1.1429,0.5714,3.4286,0.2857,0.2857,0.8571,0.5714,0.8571,0.5714,0.8571,0.5714,0.5714,1.7143,0.2857,1.5,0.5,0.5,0.5,1.5,0.5,0.5,0,0.5,4,3,0.5,2.5,2,0.5,1,1.5,0.5,1.5,3.5,3.4286,2.2857,1.1429,0,3.4286,2.2857,1.1429,0,1.1429,6.8571,9.1429,2.2857,6.8571,4.5714,1.1429,2.2857,3.4286,2.2857,3.4286,5.7143,1.0714,2.1429,1.4286,1.0714,0.3571,1.7857,1.7857,0.7143,1.0714,0.3571,0.7143,2.8571,1.0714,0.3571,1.0714,1.4286,1.0714,0.3571,0.7143,0.7143,1.7143,1.7143,1.1429,0.5714,1.7143,2.2857,1.1429,0.5714,1.1429,2.8571,3.4286,1.7143,5.1429,2.2857,1.1429,1.7143,1.7143,1.7143,1.7143,2.8571,1.5714,0.7857,0.7857,0.7857,1.5714,0.7857,0.7857,0.7857,2.3571,3.1429,3.1429,0.7857,3.1429,7.8571,0,1.5714,1.5714,3.9286,5.5,2.3571,1.9286,1.2857,1.2857,1.9286,0.6429,1.9286,1.9286,1.2857,1.2857,0.6429,0.6429,1.9286,1.2857,0,7.0714,1.9286,1.9286,0,0.6429,1.2857,6.4286,3.8571,6.4286,5.1429,3.8571,5.1429,5.1429,5.1429,3.8571,2.5714,2.5714,5.1429,3.8571,2.5714,3.8571,10.2857,6.4286,1.2857,2.5714,2.5714,7.4286,5.5714,7.4286,5.5714,5.5714,5.5714,5.5714,3.7143,3.7143,5.5714,5.5714,5.5714,5.5714,3.7143,5.5714,9.2857,16.7143,3.7143,3.7143,7.4286,0.2143,0.2143,0,0,0.4286,0.4286,0.2143,0.4286,0.4286,0.2143,0.4286,0.2143,0.6429,1.0714,0,0.2143,0.4286,3,1.2857,0.2143,1.4286,1.4286,1.4286,0.7143,1.4286,2.1429,1.4286,0.7143,4.2857,2.1429,2.1429,1.4286,2.1429,5,0.7143,1.4286,1.4286,4.2857,7.8571,2.1429,2.2857,0.5714,0.5714,0.5714,1.7143,1.1429,1.1429,0.5714,0.5714,4,2.8571,1.1429,2.8571,1.7143,1.1429,1.1429,2.2857,0.5714,1.7143,4.5714
1-212.txt_181,3,0.95,1.1,1.1,2,1.05,1,2.25,0.9,1.6,2.05,1.05,1.9,1.75,1.45,1.55,1.8,1.15,1.6,1.95,3.2,5,3.35,3.7,1.7,3.85,3.5,3.2,3.6,2.7,3.15,4.6,3.2,2.55,3.7,3.45,3.4,2.4,2.95,3.1,4.4,5.15,6.85,5.7,2.3,5.15,5.7,3.7,5.1,3.35,3.4,5.8,3.9,2.7,3.9,5,5.4,1.55,3.4,3.5,2.35,2.25,2.7,3.75,1.45,2.4,2.85,2.25,2.75,2,2.1,2.2,2.1,2.2,1.55,2.25,2.6,1.3,1.8,2.45,1.3,0.45,0.75,0.7,3.1,0.7,0.55,0.8,0.8,0.9,0.8,0.6,0.75,0.95,0.8,1.1,0.9,0.8,0.55,1.05,1.3,2.15,1.35,1.3,0.8,2.6,2.2,1.15,1.8,1.15,1.2,2.3,1.25,0.7,1,1.45,1.6,1,0.85,1.45,5.25,5.95,6.75,7.65,2.8,7.95,8.9,4.3,5.1,4.05,3.35,7.3,4.5,3.15,5,6.25,5.6,2.8,3.3,4,4.1,2.15,3.35,3.05,2,2.85,2.6,5.7,2.3,2.9,2.45,2.55,2.55,1.65,2.3,3.45,2.9,1.8,1.7,2.85,0.95,1.9,1.1,1.2,0.4,1.2,1.2,0.5,1.8,0.85,0.85,1.75,1.1,1.8,0.95,1.15,1.5,0.95,1.4,0.8,2.25,1.9,1.2,1.55,1.7,2,1.7,0.95,1.75,3.9,3.3,1.85,2.9,2.95,2.15,1.75,2.4,1.55,2.6,3.3,5.3,3.85,3.45,2.3,4.3,3.95,3.5,3.4,4.1,7.65,9.5,3.55,7.2,7.4,3.1,4.3,5.4,3.55,5.5,7.75,2.5,3.9,3.25,3.7,1.45,3.9,4,2.5,2.6,2.65,3,4.85,3.15,2.35,2.9,3.2,3.45,1.9,2.2,2.55,0.7,0.8,0.5,0.35,0.7,0.9,0.75,0.4,0.65,0.9,1.25,0.8,1.65,0.75,0.35,0.6,0.7,0.45,0.65,0.95,2.8,2.45,2.2,1.85,2.95,2.6,2.5,1.85,2.95,4.25,4.65,2.3,4.35,6.3,1.5,2.9,3.2,2.65,5.05,4.25,1.5,1.35,1.45,1.5,0.65,1.7,1.9,0.8,1.3,1.05,1.25,1.75,1,0.95,2.2,1.65,1.7,1.1,1.7,1.25,4.45,3.6,3.95,4.55,2.8,4.25,4.5,3.2,3.8,2.95,2.9,3.7,2.95,2.55,4.05,5.55,5.55,2.75,2.5,3.5,2.15,2.5,2.2,1.8,0.95,2,2.4,1.8,2.65,1.8,1.8,2.1,1.95,1.85,1.6,2.55,3.35,1.1,1.85,2.5,0.45,0.45,0.35,0.2,0.3,0.45,0.45,0.35,0.3,0.5,0.6,0.4,0.4,0.55,0.4,0.4,0.4,1.45,0.75,0.45,2.05,2.4,2,1.65,1.1,2.4,2.65,1.5,3.25,2.65,2.25,2.3,2.3,3.05,1.45,2.6,2.35,2.65,3.95,2.7,2.9,2.35,1.95,1.55,2.1,2.6,2,1.8,2.45,3.3,3.35,2.65,3.3,3,1.85,2.65,3.15,1.25,2.35,3.95
1-212.txt_183,6.65,3.15,3.3,3.35,4.05,3.15,3.75,4.75,2.95,4,3.95,3.3,4.15,3.25,3.15,3.85,4.65,2.05,3.15,4.9,1,2.1,1.15,1.05,0.4,1.55,1.4,1.3,1.55,0.7,0.75,1.65,0.95,0.45,1.1,1.2,1,0.45,0.75,0.8,1.45,2.05,3.25,2.6,0.85,2.35,2.15,1.45,2.05,1.3,1.3,2.1,1.3,1,1.85,2.25,2.35,0.95,1.1,1.1,1.95,3.05,3.1,3.95,1,3.05,3.8,2.1,2,1.8,1.4,3.1,1.55,0.85,1.55,2.55,2.4,1.45,1.55,1.55,0.4,0.1,0.15,0.1,1.8,0.1,0.1,0.2,0.1,0.3,0.3,0.1,0.3,0.2,0.1,0.35,0.35,0.5,0.2,0.35,2.45,3.2,3.4,3,1.05,4.5,3.7,1.95,3.25,1.9,1.95,3.6,2.3,1.9,2.55,2.75,2.85,2,2.4,2.3,3.4,4.1,4.25,5.8,1.55,5.3,6.9,3.25,3,2.85,2.75,5.2,2.75,1.65,3.7,4.1,4.45,1.65,2.55,2.75,3.8,3.35,4.4,3.75,2.25,3.4,3,6.6,3.05,1.55,1.9,3.35,2.6,1.65,2.45,3.7,2.85,1.8,1.85,2.1,0.9,1.4,1.3,1.35,0.45,1.5,1.5,1.25,2.1,0.9,0.7,1.45,1.1,1.05,0.85,1.05,1.25,0.6,1.45,0.85,2.75,2.55,2.4,2.6,1.9,2.5,3,1.55,2.4,5.1,4.4,2.6,4.6,4.05,2.05,2.7,3.25,2.25,2.8,4.7,4.35,3.2,2.5,2.25,3.75,3.25,2.55,2.55,2.55,6.55,9.1,3.2,6.85,6.4,3.05,3.65,4.15,3.25,4.6,6.05,4.25,5.7,4.5,4.5,2.45,5.6,6.1,3.05,5,4.15,3.75,7,4,3.3,3.75,4.85,5.3,2.7,3.6,4.8,0.75,1.05,0.7,0.45,0.45,0.9,0.85,0.45,0.85,1,1.05,0.95,1.9,0.95,0.4,0.75,0.95,0.95,0.9,1.15,1.9,1.45,2,1.3,1.85,1.9,1.6,1.6,1.9,3.3,2.9,1.65,2.3,4.55,1.5,2.15,2.3,1.65,2.75,2.75,2.5,2.3,2.25,2.85,1.05,2.35,2.7,1.6,1.7,2.7,2.75,2.8,2.7,2.7,4.9,2.75,2.35,1.35,2.25,2.75,3.2,3.55,3.7,3.8,2.05,3.45,3.7,3,3.05,2.35,2.25,4,2.5,2.15,2.95,4.9,4.35,1.6,2.5,3.25,3.5,3.4,3.05,2.45,2.65,3.3,3.1,2.3,3.2,3.1,3.1,3.15,3.3,3.8,2.65,4.05,5.3,1.85,3.15,3.9,0.5,0.3,0.25,0.2,0.3,0.3,0.25,0.4,0.4,0.3,0.3,0.35,0.45,0.6,0.2,0.65,0.45,1.45,0.65,0.4,1.65,1.65,1.35,1.4,1.95,1.6,1.3,1,2.8,2.1,2.45,1.25,2,3.55,0.85,1.6,1.85,2.65,4.15,1.75,3.3,2.45,2.45,1.8,2.05,2.2,2.35,1.55,2.85,4.25,4.45,2.45,4.15,4.8,1.45,2.75,3.65,2.05,3.85,4.95
1-212.txt_185,8.5,4.6,4.8,4.75,4.7,5.8,5.85,5.9,4.6,5.4,5.75,5.2,4.9,5.7,4.35,7.15,6.75,3.5,5.2,6.6,3.25,5.45,3.75,3,1.15,4.95,4.65,2.6,3.8,2.65,3.2,5.5,3.4,2.05,2.95,3.35,3.6,2.95,2.8,3.25,0.75,0.9,1.45,1.35,0.75,0.95,0.8,1.45,0.85,0.25,0.3,0.9,0.35,0.3,0.8,0.85,0.95,0.25,0.45,0.35,2.9,2.9,3.95,5.15,1.15,3.6,4.2,3.25,3.05,1.55,1.55,3.4,1.7,0.95,3.05,3.45,2.8,0.85,1.55,1.9,0.9,0.3,0.45,0.25,2.55,0.45,0.4,0.85,0.3,0.45,0.45,0.5,0.45,0.6,0.7,0.8,0.7,0.35,0.35,0.6,4.15,5.7,5.35,6.2,2,6.25,7.25,3.75,5.45,3,3.1,6.15,3.25,3.35,3.65,5.5,4.95,3.45,4.3,3.45,2.25,2.25,2.1,2.05,1.05,1.9,2.1,3.4,1.75,1.65,1.2,2.1,1.5,0.85,1.8,2.1,2.2,1.05,1.05,1.35,0.5,0.85,0.65,0.6,0.6,1.1,0.75,0.45,1.15,0.4,0.6,0.65,0.55,0.65,0.5,0.55,0.55,0.3,0.5,0.65,0.9,0.75,0.8,0.65,0.55,0.9,1,0.55,1.05,2,1.65,0.9,1.4,1.65,0.4,0.85,1.05,0.6,1.4,1.75,5.25,3.55,2.5,2.45,3.8,3.4,2.5,2.85,3.25,7.3,8.95,3.05,6.8,6.15,3.15,3.85,4.45,2.85,4.4,6.75,4,6.35,5.95,6.1,2.35,5.95,6.8,3.8,5.2,4.05,3.35,7.35,4,3.85,3.8,5,5.45,2.95,4.4,4.2,2.45,2,2.4,1.85,2,1.95,1.65,1.85,1.65,3.1,2.7,2,4.45,2.85,1.6,1.85,2.75,1.45,2.35,3,1.25,0.85,0.85,1,1.3,0.9,1.3,0.95,1.3,1.25,2.1,1.2,1.55,2.8,1.35,1.05,0.95,1.45,2.05,1.55,1.55,1.9,2.05,1.95,0.75,2.25,2.05,1.3,1.65,1.45,1.8,2.3,1.65,1.55,3,1.8,1.85,1.65,1.35,1.25,3.55,3.5,4.1,3.95,1.85,3.45,3.9,3.25,3.4,2.15,2,3.75,2.2,1.8,2.35,4.75,4.75,2,2.45,2.8,3.55,3.3,3.25,3,3.3,3.4,3.5,2.5,3.15,4.15,3.8,3.7,3.85,2.9,3.4,4,5.5,1.35,2.55,4.35,0.35,0.45,0.35,0.15,0.2,0.3,0.35,0.35,0.4,0.55,0.45,0.45,0.75,0.65,0.1,0.3,0.4,1.6,0.75,0.5,1.9,1.95,2.05,1.25,1.65,1.6,1.7,1.2,3.1,2.85,3.25,1.95,3,4.7,1.1,2.3,2.15,2.2,5.4,2.7,4.15,2.8,2.75,2.3,2.6,3.1,3.6,2,2.8,6.1,5.45,2.9,5.05,5.05,2.6,3.6,4.25,2,3.95,6.35,0,0,0,0,0,0,0,0,0,0,0,0,0,0,0,0,0,0,0,0
1-212.txt_187,6.8333,3.7778,4.3889,4.2778,3,4.5,4.7778,5.0556,3.2222,3.5,3.2222,5.2778,3.3333,3.1667,5.4444,5.8889,5.6667,2.0556,3.7222,4.0556,1.3889,3.0556,1.7222,1.2778,0.5,1.6111,1.3889,0.7222,1.2222,0.5,0.7222,2.3889,0.8333,0.4444,0.7778,1.5,1.4444,0.3889,0.6667,0.8333,1.6667,2.3333,3.6111,2.1111,0.8889,2.1111,2.2222,1.7778,1.6111,1.6111,1.7778,1.8889,1.3333,1,1.4444,1.8889,2.0556,1.1667,1.1111,2,3.6111,3.7222,5.5,7.3333,2,4.1667,5.6111,3.1667,3.3889,2.1667,2.2778,4.5,2.8333,1.9444,3.5,4.0556,4.0556,1.5556,2.1667,2.5,1.8333,0.8889,1.3889,0.7778,5.3889,1.5556,0.8889,0.8889,0.8889,2.2222,2.1111,1.1111,1.7778,1.7222,0.8889,1.7778,1.9444,1.4444,1.2222,2.1667,0.6667,0.5556,0.8889,0.3889,0.2778,1.0556,0.6111,0.2778,0.5,0.4444,0.3333,0.9444,0.6111,0.5,0.3333,0.6667,0.4444,0.3333,0.7222,0.6111,2.1667,1.8333,2.8333,3.1667,0.8333,2.1111,3.6667,1.3889,1.7222,1.3889,1.3333,2.1667,1.6111,1.6667,2.1667,3.0556,2.2222,1.5556,1.6111,1.8889,2.6667,2.1667,3.0556,2.2778,2,2.2778,1.8889,4.7778,1.7778,1.7778,2,2.1667,1.8889,1.2222,2,2.9444,2.4444,1.1111,1.4444,2.1667,1.3889,1.1667,1.1111,0.7778,0.5,1.8333,1.1667,1,2.2778,0.8889,0.6111,1.1111,0.8333,0.8333,0.8333,1.1667,1,1.5,1.0556,0.8333,3.3333,2.5556,2.2222,2,2,2.5556,2.3333,2,2.1667,5.2222,3.7778,2.7222,3.9444,3.4444,2.6111,2.6111,3.3333,2.2778,2.7222,4.4444,1.8333,1.7778,1.8889,1.2222,1.0556,2.2778,1.5556,1.2222,1.3889,2.2778,3.2222,2.3889,2.3333,1.4444,1.6111,1.5,2.1111,1.3333,2,2.6111,2.6667,3.5,2.5556,2.2778,1.6111,2.7778,2.8333,2.0556,2.3333,2,1.8889,4.4444,2.1667,1.4444,1.8889,2.8333,2.8889,1,2.3889,2.1667,0.8889,1.0556,0.9444,0.8889,0.6667,1.0556,1.1111,1.0556,0.7222,1.5556,1.8333,1.3889,1.8333,1.3333,0.6667,1,0.9444,1.0556,1,1.2778,3.8333,2.8333,2.9444,2.5,3.3889,3.1667,2.6667,3.1111,3.5,4.9444,6.1111,3.4444,4.4444,9.6667,2.5556,4.1111,4.5,5.8333,6.5556,4.7778,2.6667,2.2778,2.6667,2.6111,1.4444,2.7778,3.2222,2.8333,2.1111,2.2222,2.3333,2.7222,2.6667,3.0556,5.7222,2.8333,3.0556,2.2222,2.2778,2.5,6.7222,4.9444,6.2778,6.2222,2.8333,6,5.8889,5.0556,4.2778,3.4444,4,4.7778,4.2222,3.2778,4.1667,8.2222,5.8889,2.0556,4,4,3.8889,3.3333,4.4444,2.8333,2.7778,2.8333,3,3.0556,2.7222,3.1667,3.0556,3.0556,3,2.6111,2.7222,4.5,5.7778,1.6667,2.9444,3.6111,3,2.9444,2.7222,2.4444,2.3333,3.0556,2.9444,2.8333,4.8889,3.1111,3.5,3.3889,3,6.2778,2.6667,2.8889,2.8889,4.9444,9.4444,3.1111,4,2.8333,2.6111,2.4444,3.1111,3.7778,3,2.3333,2.5,5.8889,5.3333,3.2222,5,3.9444,3.7778,3.2778,4.7222,2.0556,3.5556,7.4444,0,0,0,0,0,0,0,0,0,0,0,0,0,0,0,0,0,0,0,0
1-212.txt_189,8,3.4444,5.2222,4.0556,5,4.5556,4.1667,6.0556,3.8333,3.2778,3.5,4.7222,4.3889,2.8889,4.1111,6.1667,4.6667,2.1111,2.8333,4.2778,5.2222,10.2222,6.0556,5,2.7778,6.6111,6.2222,4.2222,4.8889,4.2778,4.7222,8.2222,4.6111,4.5556,4.0556,6.2222,6.2222,4.8333,4.8333,4.8889,1.1667,1.0556,2.2222,1.6667,0.5556,1,1.5556,0.7778,1.1667,0.6667,0.6111,1.3889,1,0.4444,1.4444,1.2222,1.7222,0.3333,0.6667,1.1111,4.2222,3.8333,6.6667,8.5556,1.9444,4.7778,6.5556,4,4.2222,2.3333,1.9444,4.8333,3.0556,1.8889,3.9444,5.2222,4.8333,1.3889,3.1667,3.0556,0.6667,0.3333,0.3333,0.3333,1.6667,0.3333,0.2222,0.4444,0.3333,0.5556,0.5556,0.3333,0.5556,0.4444,0.3333,0.5556,0.5556,0.4444,0.4444,0.5556,1.7222,1.7222,1.6667,1.8333,0.8889,3.2778,2.2778,1.4444,1.7778,1.1111,1.3333,1.8333,1.7778,1.1111,1.2778,1.8333,2,1.1667,1.8333,1.3333,3.1111,3.5,4.3889,4.0556,1.5556,4.5,6.2778,2.8333,3.8333,2.5556,2.5556,3.7778,3,2.6667,2.5556,3.5,3.5,2.2778,2.6111,3.2222,3.2222,2.2778,4.0556,3.2778,2.2778,2.3333,2.7222,6.0556,2.6667,1.7778,1.4444,2.4444,1.7778,1.6667,2.4444,3.3333,2.8333,1.8333,2.6667,1.9444,2.2778,1.6667,1.1111,0.9444,1.6667,1.6667,1.2222,0.8889,1.8889,5.1667,3.3889,1.6111,3.2222,4.0556,1.1667,2,2.8889,2,3.8333,4.1667,4.7778,3.4444,2.6111,2.3333,5,3.3889,2.7222,2.3333,3.0556,7.4444,9.1111,3.3889,7.3333,6.5556,2.8889,3.8333,4.8333,4.7222,5.3889,7.0556,2.8889,3.5556,4.2222,2.8333,2.4444,3.5,3.1667,2.7778,2.6111,2.2222,2.5,5.4444,2.2778,2.0556,2.8889,3.5,3.2222,1.8333,2.7222,2.5,2.2778,1.3889,1.1667,0.8333,1.6667,1.8333,1.1667,1.3333,1.6111,2.6111,3.0556,1.8333,4,2.4444,1.1111,1.8889,2.1111,1.5,2.1667,2.2778,1.6111,0.9444,1.0556,1.1667,1.1111,0.9444,1,0.8889,1.3333,1.8889,2.0556,0.9444,1.7222,3.7778,0.7778,1.3333,1.4444,1.7778,2.7778,1.5556,4.3333,3.7778,4.2222,4.5,2.8333,4,4.3889,3.2222,3.1667,2.7222,2.7778,4.3889,3.3333,2.6667,9,4.7222,4.4444,2,3.6667,3.8889,2.7778,2.2778,2.8889,2.3889,2.0556,2.5,2.4444,2.5,2.7778,1.8889,2.0556,2.7778,2.0556,2.1667,2.5,4.3333,3.5,1.5556,3,2.0556,3.6111,3.2778,3,2.5,2.2778,3.0556,2.7222,2.2778,2.2222,2.8889,2.7778,3.3333,3.1111,2.3889,2.6667,4.4444,5.6667,1.6667,2.1667,3.6111,0.9444,0.9444,1.0556,0.7778,0.6111,1.0556,0.7778,0.6667,1.6667,0.8333,1.3889,1.0556,1.5,1.8333,0.5,1.0556,1.1667,3.8333,1.9444,1,1.9444,2.1111,2.8333,2.2778,1.1111,2,2.3333,2.3333,2.8889,1.8889,1.8889,2.2778,2.1667,2.9444,1.7222,2.3333,2.3333,2.7778,5.2778,1.9444,4.8333,3.5,2.9444,3.3889,3.7778,4,4,2.3889,2.7222,7.0556,5.8333,4,5.5556,5.0556,3.7222,4.0556,5.3333,2.6111,4.2778,8.5556,0,0,0,0,0,0,0,0,0,0,0,0,0,0,0,0,0,0,0,0
1-212.txt_191,11.6667,6.2222,6.9444,6.3889,5.1111,6.3333,7.5556,6,5.9444,7.0556,6.7222,6.8333,6.9444,5.6111,5.9444,9.2778,7.7778,4,5.7778,8.4444,5.5556,10.0556,6.6667,4.3333,3.2778,6.4444,6.5,3.8889,4.8889,4.3333,4.8889,8.4444,4.6667,3.7222,3.7778,5.9444,6.2222,2.7222,4.7778,5.1667,0.5556,0.6111,1.2222,0.8333,0.2778,0.5,0.6667,0.5556,0.6111,0.3333,0.4444,0.6111,0.3333,0.2778,0.3889,0.7778,0.6667,0.2778,0.3333,0.3333,2.5,2.1667,4.8889,6.3333,2.3889,2.7222,3.8333,2.1111,2.7778,1.2778,1.0556,2.7778,1.6667,1.1667,2.7222,3.3889,3.1111,0.6111,1.3889,1.4444,1.5556,0.5556,0.6111,0.6111,2.8889,0.6111,0.5556,1,0.5,1.2778,1.2222,0.6111,1,0.7222,0.6111,1.4444,1.0556,0.5556,0.7222,1.2778,1.5,1.7778,2.1111,1.1111,1.0556,2.1667,1.6667,0.8889,1.4444,1.1667,0.9444,1.8333,1.3889,0.8889,0.9444,1.7222,2.1667,0.6111,1.3889,1.5,1.6111,1.2778,1.2778,1.3889,0.5556,2.5,2.4444,1,1.3889,0.7778,1.3333,1.7222,1.5556,1,1.1667,1.5556,1.4444,0.6111,1.1667,1,4.8333,3,5.6667,4.3333,2.0556,3.7778,3.6667,8.6667,3.2222,2,2.3333,3.6667,2.7222,2.2778,3.3889,4.7778,3.2778,2.3889,2.9444,2.6667,0.8333,1,1.7778,1.3333,0.5,1.3889,1.2222,0.7222,2.3333,0.6667,0.7778,0.9444,0.8333,0.8333,0.9444,1.0556,1.0556,1.3889,1.3333,1.1111,0.9444,0.6111,0.8889,0.7222,1.1111,0.7222,0.8889,0.4444,0.6111,1.9444,1.5,0.7222,1.3333,1.2222,0.5,0.9444,1.2222,0.5556,0.8889,1.8333,5.7222,4.3889,3.6667,3,5.8333,4.5556,3.8889,3.0556,4.2222,9,11,5,8.6667,9,3.8333,4.7778,6.0556,4.8889,7.1667,7.8889,1.3889,1.8333,1.1667,1.2222,0.6111,1.7222,1.7778,0.9444,1,1,0.9444,2.7222,1.4444,1,1.8333,1.5,1.6667,1.1667,1,1.2778,0.5,0.6667,0.6111,0.3333,0.7222,0.5556,0.5,0.6667,0.3889,0.6111,0.9444,0.5,1.1111,0.5,0.3333,0.5,0.6111,0.3889,0.4444,0.6111,1.5,1.2222,1.5556,1.5556,1,1.2222,1.2778,1.4444,1.8333,1.7222,2.1111,1.2778,2.0556,4.5,1.4444,1.4444,1.4444,2.4444,3,1.8333,2.5,2.8889,2.6667,2.7778,2.5556,2.3333,3.2222,2.1667,2.3889,1.7222,1.8333,2.5,1.8333,2.2222,5.4444,3.1111,2.8333,1.3333,2.7222,2.0556,3.3333,3.2778,3.7778,3.6111,2,3.7222,3.6667,3,3.8333,2.4444,1.9444,4,2.2778,1.8333,2.5556,5.1111,4.3333,1.8889,2.6111,2.3889,4.5556,4.5,5.3889,6.2222,2.9444,5.1667,6,3.1667,3.3889,3.4444,3.1111,5.1111,3.2778,2.6667,4.6667,5.7778,7.2222,1.8333,3.0556,3.8889,0.8333,0.9444,0.5,0.4444,1.1111,0.8889,0.8333,0.5556,1.1111,1.2222,1.1667,1.2778,1.1111,1.8333,0.6667,0.6667,0.9444,3.8889,2.5,1.0556,1.9444,1.8889,2.1111,1.5,1.3889,1.8333,1.5,1.5,3.6111,2.2222,2.5,2,2.2778,4.3333,1.7222,2,2,3,6.2778,2.1667,4.3889,3.3889,3.0556,3,2.6667,4.1667,3.2778,2.7222,3.0556,6.8333,4.8889,3.7222,5.9444,4.2222,3.3333,3.7778,5,2.1111,4.1667,8.1667
1-212.txt_193,4.8125,2,1.9375,1.875,2.0625,2.5,2.5,3.125,1.75,1.8125,1.75,2.3125,2.0625,1.25,2.0625,3.1875,2.625,1.1875,1.5625,2.5625,1,2.5,1.0625,0.9375,0.3125,1.5,1.25,0.75,1.0625,0.5,0.5625,2.125,0.8125,0.5,0.75,1,1,0.5,0.75,0.5625,2.125,2.375,5.3125,2.6875,1.25,2.375,2.25,2.0625,2.4375,0.875,0.9375,2.4375,1.375,1,1.5,3.0625,2.8125,0.5625,1.5,1.1875,1.8125,1.5625,3.125,5.4375,0.875,2.1875,2.875,1.6875,1.9375,1,1,1.9375,1.0625,0.875,1.6875,2.25,2,0.375,0.875,1,2.0625,0.75,1.125,0.6875,6.8125,1.125,0.625,1.0625,1.5,2,2,1.0625,1.875,1.375,1,1.875,1.9375,1.125,1.375,2.125,1.25,1.75,1.625,1.75,0.625,3.0625,2.125,1,1.5625,0.625,0.75,1.75,1.3125,0.5,1.125,1.75,1.3125,0.8125,1,0.8125,2.9375,3.375,3.625,4.6875,1.25,4.9375,7,2.25,3.25,1.5,1.5625,4.25,2.125,1.125,3.25,4.0625,4,1.3125,2.0625,2.0625,5.6875,3.8125,5.4375,5.8125,3.0625,4.5,4.375,11.9375,3.6875,2.4375,2.5,4.8125,3.4375,2.3125,3.25,5.6875,4.9375,3.25,2.6875,2.5625,0.625,0.875,0.9375,0.75,0.4375,1.25,1,0.625,2.375,0.375,0.5,0.875,0.6875,0.625,0.5625,0.8125,0.6875,0.5,1.125,0.4375,1.3125,1.375,0.875,0.75,1.3125,1.0625,0.875,0.6875,0.875,3.1875,2.125,1.125,2,1.9375,0.875,1.1875,1.8125,1,1.375,2.5,1.9375,1.5625,1,0.875,1.875,1.8125,1.4375,0.8125,1.375,3.5,5.125,1.5625,3.75,2.75,1.3125,1.5,2,1.75,2.125,3.25,5.3125,7.75,5.5625,4.625,2.5625,7.3125,7.0625,3.625,4.75,2.875,3.625,10.8125,4.5625,2.125,4.625,6,4.8125,2.375,3.5625,3.3125,1.6875,1.5,1.1875,0.9375,1.5625,1.375,1.25,0.9375,1.875,2.9375,3.1875,1.5625,3.1875,5.9375,1,1.5625,1.8125,2.875,3.8125,2.625,2.75,2.3125,2.625,2.5625,1.3125,2.3125,2.5,2.1875,1.875,1.375,1.25,2.5625,1.5625,0.8125,7.3125,2.6875,2.4375,0.9375,1.375,1.5625,2.9375,2.0625,2.625,2.875,1.875,2.375,2.5,2.1875,1.875,1.3125,1.3125,2.25,1.5625,1.1875,2.0625,4.3125,3.0625,1,1.4375,1.5625,2.8125,2.375,3.3125,2.5,2.1875,2.9375,2.75,2.3125,2.1875,2.25,2.125,2.5625,2.6875,1.8125,2.25,3.6875,5.75,1.625,2.3125,2.6875,0.25,0.25,0.125,0,0.25,0.375,0.25,0.25,0.25,0.25,0.375,0.25,0.375,0.75,0.125,0.25,0.25,2,0.875,0.25,2.25,2.4375,2.125,1.6875,1.75,2.4375,2.125,1.3125,4,2.75,3,2.625,2.9375,5.0625,1.625,2.3125,2.375,4,7.75,3,4.3125,2.4375,2,1.4375,4,2.625,2.1875,2,1.9375,6.25,5.3125,2.6875,5.625,4.125,2.125,3.1875,4.3125,2.3125,3.8125,7.875,0,0,0,0,0,0,0,0,0,0,0,0,0,0,0,0,0,0,0,0
1-212.txt_195,4.2222,2.2778,2.4444,1.8889,1.8333,2.3889,2.2222,2.5,1.7778,2.8333,2.6111,2.3889,2.4444,2.5,1.9444,3.1111,3,1.4444,2.1667,2.8889,3.7222,6.6667,4.2778,3.2778,1.8889,4.2778,4,2.8333,3.1111,2.6667,2.6111,5.8889,2.7778,2.5,3.1667,3.8889,3.3333,1.7222,3.3333,2.5556,3,3.6111,6.4444,4.6667,2.0556,3.7222,3.9444,3.1667,3.4444,2.3889,2.0556,3.3889,2.7222,2.1667,2.6667,3.8889,4.1667,2.2222,2.6111,2.4444,2.6667,2.4444,3.9444,5.3333,1.2222,3.6111,3.7222,2.7778,2.4444,1.4444,1.1667,3.2778,1.9444,1.6667,1.8889,3.2778,3.0556,0.8889,2.0556,1.6667,0.9444,0.7778,0.8889,0.4444,3.4444,0.7222,0.4444,0.8889,0.5,0.7222,0.7222,0.8333,0.7222,0.7222,0.7222,0.7778,0.8333,0.5,0.5556,1.0556,1.3889,1.5,2.2778,1.3889,1.3333,2.8333,2.3333,1,1.8333,1.1667,1.1667,1.7778,1.5556,1.6667,1,1.8889,1.5,2.2778,2.7222,1.3889,3.1111,2.5,3.8333,3.3333,1.4444,3.3333,4.9444,2.3889,3.2222,1.6111,1.7222,3.4444,1.9444,1.7222,2.4444,3.5556,3.3333,1.2778,1.8889,1.9444,5.5,4.2778,4.4444,5,4.1111,4.6111,4.3333,8.8333,3.8333,3.3889,3.2778,4.5556,3.3333,3.5556,3.4444,5.1111,4,2.6111,3.9444,3.5556,0.6667,0.8889,0.4444,0.5,0.2222,0.5,0.4444,0.3889,1.1667,0.2778,0.3889,0.8889,0.3333,0.3333,0.2778,0.6111,0.6667,0.2222,0.7222,0.4444,4.1111,3.1667,3.7778,3.2778,3.1111,2.9444,3.2778,2.2778,2.6667,6.6667,4.5556,3.3333,4.1667,4.1111,2.7778,3.6667,4.5556,3.0556,4.0556,5.6111,5.0556,4.3889,3.6667,2.7222,3.4444,4.6111,3.6667,3.5,3.9444,6.8889,9.1111,4,6.7778,6.5,3.5556,4.2778,4.6111,3.8889,5.2222,7.1111,2.8889,3.3889,4.2222,4.0556,1.4444,3.6111,3.3889,3,2.8889,2.1667,2.1111,5.1667,2.0556,2,2.3889,3.6111,3.5556,1.5,2.3889,2.6111,1.5,1.3889,1.1111,0.8333,1,1.8333,1.2778,1.0556,1,1.7222,1.9444,1.6111,2.7222,1.2778,1.1111,1.3333,1.3333,1.3333,1.3333,1.9444,2.1667,1.8333,2.2778,2.2778,1.6667,2.3889,1.8889,1.9444,2.7222,2.9444,3.8889,2.1111,3.4444,5.9444,3.0556,2.4444,2.7778,2.3333,4.8333,3.2222,3.3889,3.1111,3.1667,3.1111,2.7222,3.5,3.3889,2.7222,3,2.3889,2.2778,3.2778,2.6667,2.8889,6.7778,3.5556,3.7778,2.6111,2.6667,3.3333,7.5,5.5556,7.5556,6.3333,4.7222,6.5556,6.6111,6.6111,4.8333,4.3889,4.7778,6.6667,4.8889,5.1667,5.8333,10,8.5,3.4444,5,5.6111,2.6667,2.0556,2.3333,2.2222,2.2222,2.1667,2.0556,2.5556,2,2.9444,2.2778,2.2778,2.3333,2.2222,1.8889,3.0556,4.3333,2,2.3889,3,0.5556,0.5556,0.3889,0.2778,0.5,0.7778,0.6111,0.4444,0.7778,0.6111,0.8333,0.5,0.8333,1.8889,0.3333,0.5556,0.7778,3.4444,2,0.5556,2.4444,2.6111,2.4444,2.3333,1.7222,2.5556,3.0556,1.3333,3.1667,2.4444,2.2222,2.5,2.2222,3.7778,2.6111,2.5,2.5,3.0556,5.4444,2.8889,3.1667,2.3889,2.3333,1.9444,2.4444,2.3889,2.2778,1.7222,2.1667,4.6667,3.7778,2.3333,4.1111,4.4444,2,2.6111,3.1111,2.6111,4.2778,5.6667
1-212.txt_197,10.3,7.55,6.4,6.3,5.9,7.45,7.6,7.2,6.2,6.65,6.55,7.75,7.1,5.75,6.4,8.35,7.6,4.7,6.25,6.85,1.4,2.65,1.55,1.65,0.6,1.9,2,0.8,1.2,1.1,1,2.25,0.95,0.65,1.55,1.4,1.65,0.6,0.85,0.95,3.35,3.95,6.85,4.7,2.4,4.15,4.3,3.35,4.35,2.4,2.3,3.95,3,2.15,3.05,4.3,4.15,1.6,2.8,2.75,3.5,3.65,5.9,8,2.05,5.1,5.75,3.8,3.55,2.2,2,4.5,2.35,1.9,4,4.95,4.15,1.6,2.65,2.5,1.05,1.05,1.1,0.9,3.25,1.1,0.75,1.3,0.7,0.9,0.9,1,1.1,0.65,0.9,1.1,1,0.65,0.65,0.95,2.25,2.65,2.75,2.9,1.9,3.55,3.3,2.05,2.2,1.65,1.6,2.8,2.2,1.85,1.9,2.9,2.9,1.5,1.95,2.1,2.5,2.75,3.35,3.7,1.2,3.65,4.8,1.85,2.65,1.65,1.75,3.3,1.95,1.3,2.1,3.2,3.25,1.4,2.05,2,5,3.1,4.15,4.05,3.6,3.75,3.85,8.1,3.25,2.45,2.65,3.7,3,2.85,3.65,4.75,3.85,2.65,2.95,3.1,1.2,1.45,1.3,1.1,0.7,1.45,1.55,0.85,2.7,0.8,1.05,1.3,1.35,0.95,0.85,1.25,1.05,0.8,1.35,0.8,2.9,2.35,2.05,1.65,2.4,2.3,2.15,1.85,2.15,4.8,4.05,2.4,3.55,3.45,1.65,2.45,2.95,2.05,3.05,4.05,5.7,3.65,3.65,3.2,4.4,4.45,4.2,3.3,3.8,6.85,8.8,3.95,7.5,7.45,4.25,4.9,5.5,5.7,6.3,7.5,3.45,3.75,3.4,3.55,2.35,3.45,3.85,2.95,2.7,2,2.15,4.8,2.95,1.75,2.85,3.8,3.55,1.55,2.55,2.6,0.75,0.7,0.65,0.35,0.45,0.75,0.45,0.35,0.65,0.65,0.95,0.5,1.1,0.6,0.4,0.7,0.6,0.45,0.5,0.7,2.7,2.5,2.8,2.6,2,2.55,2.25,2.45,3.15,2.75,2.95,2.35,2.95,5.5,2.55,2.7,3.2,2.75,4.2,3.15,3.65,2.75,3.55,4.35,2.2,3.4,3.6,3.15,2.4,2.45,3.05,3.1,2.6,2.95,6.9,3.7,3.35,2.95,3.1,3.05,4.5,3.9,5.75,4.75,2.95,4.3,4.1,4.2,3.75,2.85,3.2,4.45,3.35,3.3,3.35,6.5,5.6,2.75,3.5,3.5,4.3,4.35,5.25,4.55,3.05,4.2,4.4,4.7,4.25,3.65,4.15,4.8,3.65,4.15,3.45,5.5,7.1,3.25,4.05,4.25,0.75,0.65,0.45,0.4,0.5,0.6,0.75,0.65,0.5,0.6,0.85,0.7,0.65,1.1,0.45,0.6,0.95,2.4,1.05,0.75,2.5,2.25,2.05,1.7,1.6,2.35,2,1.4,4.15,3.65,3.1,2.3,2.9,5.45,1.55,2.55,2.9,4.35,6.85,3.5,7.65,6,5.2,4.25,5.8,6,5.25,4.4,5.35,10,8.75,6.4,8.9,7.9,4.9,6.5,8.1,4.45,7.4,11.65
1-212.txt_199,4.5,2.15,2.6,3.25,1.9,2.55,3.05,3.7,2.9,2.35,2.2,2.7,3.05,2.4,2.2,3.15,2.75,1.25,2.45,2.55,0.5,1.5,0.7,0.75,0.4,0.7,0.65,0.3,0.5,0.85,1.2,0.95,1.15,0.95,0.6,0.55,0.75,0.45,0.75,0.75,1.75,1.95,2.85,2.3,0.75,2.1,2.35,1.65,1.6,1.4,1.4,2.3,1.55,1.25,1.5,2,2.05,0.85,1.25,1.8,2.05,2.7,3.5,4.15,1.25,3.2,3.6,1.8,2.45,1.6,1.8,3.7,1.9,1.7,3,3.4,3.1,1.05,1.55,2.1,1.45,0.9,1.1,1,3.65,0.85,0.85,0.8,0.8,1.15,1,0.9,0.85,1.05,0.8,1.6,1.75,0.6,1,1.45,3.4,3.85,3.35,3.4,2.05,4.9,4.45,2.85,4,2.3,2.75,3.7,3.1,2.45,2.95,3.85,3.7,3.75,3.45,3.15,3.35,4.1,3.8,4.5,1.3,4.95,5.35,2.8,3.4,2.65,3.25,4.35,3.1,2.25,2.9,3.55,3.6,2.2,2.3,3,3.1,2.4,3.85,2.95,1.85,2.8,2.7,5.5,2.8,1.5,1.55,2.3,1.8,1.45,2.15,3.3,2.5,1.7,1.7,1.95,1.55,1.95,1.45,1.6,0.95,1.7,1.65,1.25,1.9,1.4,1.25,2.05,1.15,1.2,1.2,1.45,1.55,1.1,1.35,1.55,3.25,2.55,2.15,1.7,2.8,2.65,2.05,1.85,2.1,5.65,5.05,2.65,4.4,4.35,1.8,2.95,3.2,2.4,3.45,5.3,2.65,1.85,1.85,1.8,1.85,2.1,2.1,1.75,1.5,4.1,5.2,1.9,3.1,3.9,2.15,2.55,2.8,1.85,2.7,3.3,5.2,6.8,6.4,6.95,2.2,7.05,7.95,4.75,5.8,4.5,4.2,8.35,4.35,3.35,5.15,6.35,6.6,3.2,4.75,4.5,2.95,2.9,2.45,2.15,1.65,2.9,2.8,1.7,2.15,3.6,3.7,3.4,5,3.55,2,2.9,2.85,2.2,3,3.1,2.1,1.7,1.5,1.3,2.35,1.85,1.55,1.7,2.55,2.7,3.15,1.85,3.25,5,1.4,1.95,1.95,1.95,4.35,3.05,1.7,1.55,1.75,1.55,1.05,1.9,1.8,1.2,1.45,1.3,1.25,1.6,1.65,1.75,3.3,2.1,2.05,0.7,1.45,1.65,2.55,1.85,2.05,1.95,1.35,1.9,2.15,1.75,2.15,2.05,2.05,2.35,1.75,1.85,1.55,2.6,2.65,1.05,1.65,2.7,3.5,3.95,3.7,3.2,2.1,3.85,3.7,2.35,3.5,3.45,3.2,4.2,3.25,3.15,2.65,4.3,5.15,1.75,3,3.4,0.3,0.4,0.25,0.15,0.25,0.3,0.3,0.4,0.3,0.5,0.5,0.3,0.7,0.75,0.2,0.45,0.4,1.55,1.05,0.45,0.9,1.35,0.85,0.9,0.65,1.25,1.35,0.7,1.8,1.7,1.3,1.2,1.3,2.2,0.75,1,1.3,1.1,2.75,1.6,4.65,3.65,2.85,2.5,3.1,4.2,3.5,3,3.35,5.2,5.35,3.4,4.8,3.95,3.25,3.85,5.25,1.85,3.65,6
1-212.txt_201,7.2941,3,3.2941,2.7059,3.1176,3.5882,3.4706,4.1176,2.7059,3.5294,3.5882,3.9412,3.7647,2.9412,3.2353,5.4706,5.3529,2.0588,3,4.2353,1.1176,2.0588,1.2353,0.8235,0.4118,1.1176,1.1765,0.6471,1.2353,0.4118,0.5882,1.6471,0.7647,0.8235,0.6471,1,1.1176,0.4706,0.8235,0.6471,2.3529,2.9412,6.6471,4.2353,1.7059,3.2353,3.4706,2.5294,3.5294,1.3529,1.2941,3.8235,1.8824,1.8235,2.2941,3.4118,3,1.2941,2.8235,1.7059,4.2353,4.3529,6.8235,10.5882,2.2941,5.4706,6.3529,4.5294,4.0588,2.4118,2.8824,5.6471,3,2.4118,3.6471,5.5294,4.5882,1.9412,2.7647,2.5882,1.0588,0.4118,0.4706,0.3529,3.4118,0.4118,0.3529,0.4706,0.3529,0.7059,0.7059,0.5882,0.7059,0.4706,0.4118,0.8824,1.0588,0.4706,0.4706,0.8824,1.6471,2.0588,1.4118,1.2941,0.8235,3,1.8824,1,1.4118,0.9412,1.1765,2.3529,1.4706,0.6471,1.1765,1.8235,1.7647,0.7647,1.0588,1.0588,2.7059,2.7059,2.7059,3.9412,1.1176,3.9412,5.4706,2.5294,2.5882,1.5294,1.5294,3.6471,2.2941,1.4706,2.6471,2.9412,2.4706,1.1176,1.7647,2.0588,3.4118,2.4118,3.3529,3.7647,1.6471,2.7059,3.0588,7.1765,2.1176,1.4118,1.3529,2.9412,1.8235,1.6471,2.5294,3.7647,3.4118,1.5294,1.6471,1.8235,0.8235,0.6471,0.8235,0.8235,0.3529,0.8235,0.7647,0.4706,2.0588,0.2353,0.2353,0.7059,0.4706,0.4706,0.7647,0.9412,0.8235,0.2353,0.8824,0.2941,1.6471,1,0.8235,0.7647,1.2353,1,0.9412,0.7647,0.7059,2.8235,2.1765,1.2353,1.8235,1.2941,0.9412,1.2941,1.8235,0.8824,1.1765,2.4118,2.9412,2.2353,1.7647,2.1765,2.8235,2.3529,2.2941,1.2353,1.9412,5.4706,8.0588,2.4706,5.5294,5,2.5294,2.4118,3.5294,2.5294,3.4706,5.2353,6.3529,8.0588,6.8824,5.7059,2.8824,8.7059,7.5294,5.5294,5.2353,3,3.4118,12.3529,4.7059,2.3529,5.4118,7.1176,6.5882,2.5294,3.8824,4.2353,0.5882,0.2941,0.2353,0.1176,0.3529,0.4118,0.2353,0.2353,0.2941,0.6471,0.9412,0.3529,1.2941,0.4706,0.2353,0.3529,0.4706,0.2941,0.3529,0.5882,2.0588,1.4118,1.2353,1.1765,1.5882,1.5294,1.6471,1.4706,2,2.8824,3.1765,1.4706,2.7059,6,1.2353,1.6471,1.8235,2.6471,3.9412,2.5882,1,1,1.1765,0.8235,0.5294,1,0.9412,0.6471,1.1765,0.4118,0.4118,1,0.5882,0.2941,2.5882,1.2941,1.1765,0.2941,0.5882,0.5882,4.8235,3.2941,4.9412,4.8235,3.2353,3.8824,4.5294,3.7647,3.5882,2.4706,2.4706,4,3.1765,3.4118,3,7.4118,5.2353,2.4118,3.8824,2.8235,4.5882,3.1176,4.4706,4.2941,2.7059,3.9412,3.7647,3.3529,2.7647,2.7059,2.4118,3.7059,3,2.2353,3.7647,5.5294,7.4706,1.7647,2.6471,3.2353,0.3529,0.1765,0.0588,0.0588,0.9412,0.2353,0.1176,0.2353,0.1765,0.2941,0.3529,0.1176,0.3529,0.4706,0.0588,0.2353,0.2941,1.7059,0.6471,0.2353,2.6471,2.5294,2.5294,2.8235,2.1176,2.9412,2.7059,1.7059,4.7647,3.1765,3.2353,2.4118,3.2353,6.4706,1.8235,3.1176,3,5.0588,9.9412,3.2941,5.7647,2.9412,3,2.6471,4.2353,3.3529,3.2941,2.8235,2.2353,7.2353,5.4706,3.9412,5.3529,3.7059,3.1765,4.2941,5.4706,1.8824,3.3529,9.1176
1-212.txt_203,6.45,3.95,3.85,3.45,4.9,4.25,4.3,3.8,3.6,4.5,4.65,4.55,4.15,3.5,3.75,5.15,5.65,2.6,3.15,5.5,2.75,5.25,3.9,3.55,1.2,4.1,4.7,2.45,3.35,2.2,2.3,4.75,2.45,2,3.25,3.55,3.05,2.15,2,2.2,2.55,3.45,4.45,4.45,1.4,3.4,4.35,3.15,3.2,1.45,1.55,3.35,1.8,1.7,2.3,3.25,3.35,2.5,2.25,2.15,3.3,3.55,4.8,5.5,1.35,4.65,5.25,3.35,4.6,2.35,2.3,4.25,2.45,2.4,2.75,4.35,4.15,1.15,2.55,2.6,0.85,0.3,0.35,0.3,2.55,0.3,0.5,0.65,0.25,0.45,0.65,0.4,0.5,0.5,0.3,0.95,0.75,0.3,0.35,0.65,1.8,1.95,1.9,1.55,1.3,2.8,2.35,1.4,1.35,1.5,1.45,2.5,2,1.05,1.55,1.9,2,1.55,1.25,2.05,0.5,0.5,0.55,1.05,0.2,0.7,1.1,0.8,0.6,0.5,0.35,0.65,0.25,0.35,0.3,0.5,0.55,0.15,0.4,0.45,3.6,2.9,3.3,2.8,1.35,2.65,2.7,5.3,2.4,1.4,1.35,2.45,1.9,1.55,1.7,3.2,2.75,1.5,1.5,2.2,0.5,0.7,0.65,0.45,0.65,0.85,0.8,0.6,0.85,0.5,0.6,0.7,0.45,0.65,0.45,0.5,0.6,0.8,1.05,0.65,1.2,1.25,1.1,0.85,0.8,1.05,1,0.75,1,2.15,2.2,1.35,1.7,1.9,1.2,1.1,1.3,0.6,1.1,1.9,3.3,2.95,2.85,2.8,2.45,3.6,3.25,2.35,3.4,4.5,5.25,3.2,4.3,3.8,2.5,2.9,3.15,2.45,3.3,4.25,2.7,4.05,3.5,3.2,1.4,3.6,3.85,2.05,2.85,2.45,2.5,4.9,3.15,2.2,3.2,3.2,3.25,1.35,2.5,2.8,2.9,1.7,2.2,1.3,2.1,2.4,1.95,2,2.45,3.4,3.4,2,4.25,3.1,2.4,2.45,2.65,2.05,2.1,3.25,2.75,2.5,1.8,2.15,1.75,2.25,2.3,1.95,2.6,3.6,4.35,2.4,3.45,6.5,1.85,2.45,2.55,2.45,4.6,3.4,2.85,2.55,2.9,3.55,1.15,3.2,3.8,2.05,2.45,2.55,2.65,3.35,2.75,1.9,5.25,2.9,3.3,1.15,1.65,2.9,3.05,2.85,3.55,3.85,2.5,3.25,4.15,2.8,3.25,2.4,2.2,3.15,2.85,2.8,2.2,3.85,3.5,1.8,2.4,2.65,4,4.9,3.95,4.15,2.65,4.1,4.45,3.55,4.2,4.2,4.25,4.15,4,3.2,3,5,6.5,2.5,3.8,4.4,0.45,0.45,0.3,0.15,0.25,0.5,0.3,0.3,0.6,0.35,0.45,0.4,0.35,0.5,0.15,0.4,0.7,1.4,0.9,0.35,2.4,2.1,2.1,1.15,1.5,2.25,1.45,2.15,3.2,2.55,2.75,2.1,2.7,4.4,1.4,2.2,2.4,3.1,5.3,2.7,6.3,4.7,4.2,3.55,4.15,5.25,4.9,4.4,4.65,8.75,8.6,5.15,7.75,7.15,3.75,5.7,6.45,3.85,6.35,9.3
1-212.txt_205,3.7778,1.5556,1.8333,1.3889,1.8889,1.7778,1.7778,2.5556,1.8889,1.7222,1.5556,1.8333,1.7778,0.9444,1.4444,2.4444,1.9444,0.8333,1.3889,1.8333,1.2222,2.6111,1.3889,1.1667,0.5556,1.6111,1.3889,1.3333,1,0.8333,1.1111,2.1667,1.3333,0.5556,1.6111,1.5,1.1667,0.9444,0.8333,0.8889,2.1111,1.8889,4.2222,2.8889,1.7222,2.7778,2.9444,2.7222,1.9444,0.8889,0.9444,2.5556,1.2222,0.8889,2.6111,2.5,2.6667,0.8333,1.1111,1.2222,3.1667,2.7222,5.1667,7.1111,1.3889,3.8333,5,3.5,2.7222,2.1667,1.7778,3.6111,2.0556,1.5556,3.2222,3.9444,3.4444,1.0556,2.0556,2.2222,0.7222,0.7778,0.6111,0.5,1.8889,0.8889,0.8889,1.4444,0.7778,0.6667,1,0.7222,0.8889,0.9444,0.3889,0.7778,0.8889,0.3889,0.5556,0.8333,1.6667,1.7778,2.3333,1.9444,0.7222,3.1111,2.6111,1.3333,1.5556,0.7222,1.1111,2.4444,1.1667,0.8333,1.5,2.1667,1.6111,0.5556,0.9444,0.8889,2.9444,2.3333,4.2778,4.2222,2,3.4444,5.2222,2.7222,2.6111,1.8333,1.5,3.3333,2.2778,1.9444,3.5,3.3889,3.1667,1.2778,2.3889,2.1111,1.6667,0.8333,1.3333,1.3333,1.1667,1.2222,1.0556,2.5,1.0556,0.7778,1.0556,0.9444,0.8889,0.8889,0.7222,1.3333,1.0556,1.0556,1.2778,1.0556,1.9444,1.0556,0.9444,1.3333,1.7778,1.6111,1.1111,0.8333,1,4.3889,2.8889,1.3333,2.8333,2.6667,1,1.3889,2.2222,1.1111,1.7778,3.8333,4.7222,3,2.0556,2.0556,3.5,3.2222,2.7222,1.8333,2.7778,5.8333,7.6667,3.3889,6.3333,5.7778,2.6111,3.6111,4.4444,3.1667,4.6111,6.0556,6.4444,9.2222,8.1111,6.2778,3.6111,7.8889,6.9444,4.8889,6,5.1111,4.6667,10.6667,5.3889,4.5,5.1111,6.8889,6.4444,3.2778,5.6111,5.6667,1.2222,1.3889,1.4444,0.7778,0.8889,1.1667,1.1667,0.7778,1.4444,1.9444,2.1111,1.2222,2.4444,1.5,1.3333,1.1667,1.4444,0.8333,1.1111,1.6667,2.7222,2.1667,2.2222,1.6111,1.8889,1.9444,2,2.2778,2.4444,3.3333,4.0556,1.7778,3.6111,6.5,1.6667,2.2778,2.7778,4,4.3889,3.8333,0.9444,0.8889,0.5,0.4444,1.1667,0.7778,0.8333,0.7222,0.7778,0.5,0.6667,0.8333,0.5556,0.5556,1.6111,1.0556,0.8333,0.2778,0.3889,0.7778,4.4444,3,4.6667,3.6667,2.5556,3.6111,3.5556,4.0556,3.5,2.7778,2.3889,3.9444,2.3889,2.2778,3.3889,6.1667,4.7222,1.8889,2.6111,2.8889,2.8889,2.6111,3.1667,2.6667,1.6667,2.5,2.5556,2.6667,2.2778,2.6667,2.1667,3,2.1111,2.1111,2.3333,3.4444,4.7222,1.2778,2.8333,3.3889,0.3333,0.3333,0.5556,0.1667,0.3333,0.3889,0.3889,0.3333,0.3889,0.4444,0.6111,0.2778,0.5556,1.1667,0.1667,0.3889,0.3889,2.8889,1.2778,0.5,2.2222,1.9444,2.1667,1.7778,1.5556,2.3333,2.1111,1.2222,4.2778,2.6111,2.6667,2.6667,2.5556,4.7778,1.7222,2.7222,3.1667,4.0556,7.4444,2.5556,3.7778,2,2.9444,2.0556,2.1111,2.9444,2.2222,2.4444,2.1111,4.6111,3.7222,3,4.0556,2.9444,1.6111,3.1667,4.2222,2,2.7778,5.9444,0,0,0,0,0,0,0,0,0,0,0,0,0,0,0,0,0,0,0,0
1-212.txt_207,4.2667,1.6,1.0667,1.0667,2.1333,1.6,1.6,2.1333,1.0667,1.6,1.6,1.6,1.6,1.0667,1.6,2.6667,2.1333,0.5333,1.0667,2.1333,2.8,8.4,3.7333,1.8667,0.9333,4.6667,3.7333,1.8667,3.7333,0.9333,1.8667,5.6,2.8,0.9333,1.8667,2.8,2.8,0.9333,1.8667,0.9333,1.3333,2.6667,6.6667,3.3333,0.6667,2.6667,2.6667,2.6667,3.3333,0.6667,0.6667,2.6667,1.3333,0.6667,1.3333,3.3333,2.6667,0,1.3333,0.6667,0.9333,0.9333,2.3333,4.6667,0.4667,1.8667,2.8,1.4,1.4,0.4667,0,1.4,0.4667,0,1.4,1.8667,1.4,0,0.4667,0.4667,1.8667,0.4667,0.4667,0.4667,6.0667,0.4667,0,0.4667,0.4667,1.4,1.4,0.4667,1.4,0.9333,0.4667,1.4,1.4,0.9333,0.9333,1.4,1.8,3,2.4,2.4,0.6,5.4,3.6,1.2,2.4,0.6,1.2,3,2.4,0.6,1.8,2.4,1.8,1.2,1.8,1.2,1.4,1.8667,1.8667,2.8,0,2.8,4.2,0.9333,1.8667,0.4667,0.4667,2.3333,0.9333,0.4667,1.4,1.8667,1.4,0.4667,0.9333,0.9333,4,2,4,3,1,2,2,10,2,0,0,2,1,1,2,4,2,1,1,1,0.8,1.6,2,1.2,0.4,1.6,1.6,0.8,4.8,0.4,0.4,1.2,0.8,1.2,0.8,1.2,0.8,0.8,2.4,0.4,0.8,0.2667,0.2667,0.2667,0.8,0.2667,0.2667,0,0.2667,2.1333,1.6,0.2667,1.3333,1.0667,0.2667,0.5333,0.8,0.2667,0.8,1.8667,2.6,1.7333,0.8667,0,2.6,1.7333,0.8667,0,0.8667,5.2,6.9333,1.7333,5.2,3.4667,0.8667,1.7333,2.6,1.7333,2.6,4.3333,1,2,1.3333,1,0.3333,1.6667,1.6667,0.6667,1,0.3333,0.6667,3,1,0.3333,1,1.3333,1,0.3333,0.6667,0.6667,0.6,0.6,0.4,0.2,0.6,0.8,0.4,0.2,0.4,1,1.2,0.6,1.8,0.8,0.4,0.6,0.6,0.6,0.6,1,0.9333,0.4667,0.4667,0,0.9333,0.4667,0.4667,0.4667,1.4,1.8667,1.8667,0.4667,1.8667,4.6667,0,0.9333,0.9333,2.3333,3.2667,1.4,2,1.3333,1.3333,2,0.6667,2,2,1.3333,1.3333,0.6667,0.6667,2,1.3333,0,7.3333,2,2,0,0.6667,1.3333,3.6667,2.2,3.6667,2.9333,2.2,2.9333,2.9333,2.9333,2.2,1.4667,1.4667,2.9333,2.2,1.4667,2.2,5.8667,3.6667,0.7333,1.4667,1.4667,3.4667,2.6,3.4667,2.6,2.6,2.6,2.6,1.7333,1.7333,2.6,2.6,2.6,2.6,1.7333,2.6,4.3333,7.8,1.7333,1.7333,3.4667,0.1333,0.1333,0,0,0.2667,0.2667,0.1333,0.1333,0.2667,0.1333,0.2667,0.1333,0.4,0.6667,0,0.1333,0.2667,2,0.8,0.1333,0.9333,0.9333,0.9333,0.4667,0.9333,1.4,0.9333,0.4667,2.8,1.4,1.4,0.9333,1.4,3.2667,0.4667,0.9333,0.9333,2.8,5.1333,1.4,6.1333,1.5333,1.5333,1.5333,4.6,3.0667,3.0667,1.5333,1.5333,10.7333,7.6667,3.0667,7.6667,4.6,3.0667,3.0667,6.1333,1.5333,4.6,12.2667
1-212.txt_209,9.4737,5.1579,5.0526,5.1053,6,5.6842,5.5263,6.3158,4.1579,5.5789,6.1053,5.1053,5.6316,5.0526,5.6316,7.3684,6.9474,3.8421,5.0526,6.4737,3.7895,6.6316,4.2632,4.2105,1.9474,4.4737,4.6316,3.6842,3.4737,3,3.5263,6.2105,3.5789,3,3.3684,4.2105,4.2632,2.0526,2.8421,3.5263,3.5263,4.6316,7.3158,5.7895,2.2632,5.1053,5.1053,3.3684,4.5789,2.5263,2.2105,4.9474,3.0526,2.6842,2.5263,4.8421,4.5789,2.2632,3.4211,3.1053,3.8421,3.5789,5.4211,7.6316,2.2105,4.6316,5.8421,3.6316,3.8947,2.3684,2.3158,4.5263,2.5263,2.3684,3.4737,4.7368,4.2105,1.8421,2.6842,2.4211,1.2105,0.8947,1.1053,0.7368,3.3684,1.1053,0.8421,0.8421,0.8947,1.1579,1.0526,1.0526,1.2105,1.2632,0.9474,1.1053,1.1579,0.7895,1.0526,1.2632,2.1579,2.9474,2.7895,3,1.3158,4.3684,3.4211,1.8947,2.1579,1.7895,1.6316,3.2105,2.0526,1.7895,3.1053,2.8947,3.1053,1.2632,1.9474,1.9474,9.5263,9.8947,10.8947,12.1053,5.5263,12.5263,16.3158,7.8421,9.4737,6.5263,6.6316,11.2105,7.0526,6.1053,9.3158,11.3158,10.2632,6.3158,7.3158,7.4737,4.2105,3.0526,4.2632,3.7368,3.3158,3.7895,3.3684,6.8421,2.8947,2.5263,2.4211,3.9474,2.5263,2.4737,3,4.0526,3.5789,2.6316,3.1053,2.5789,5.6316,5.1579,4.7368,4.4737,5.4211,4.7895,4.8421,4.3684,4.5263,9.7368,7.5263,5.4211,7.2632,6.4211,4.0526,5.2105,6.2632,4,5.8421,8.8947,6.9474,4.8947,4.8947,4.4211,4.2105,5.9474,5.2632,4.6316,4.6842,6.4211,8.6842,5.3684,6.9474,6.5789,4.7895,5.5789,5.8947,4.7895,6.3684,6.7895,5.3158,7.0526,5.8947,5.3158,4.2105,6.5789,6.4737,6.2105,5.0526,3.8421,4,9.3684,4.9474,3.3684,5.2105,6.0526,5.6842,3.6316,4.2105,4.6842,3.5789,3.5263,3.0526,2.6316,3.0526,4.4737,3.8421,2.5263,3.1579,4.4211,4.6316,4.3158,6.6842,3.8947,3.3158,3.4211,3.9474,3.1053,3.7895,4.8421,2.7895,2.6842,2.6316,1.8947,1.8421,2.4211,2.1579,1.7895,3,4.2632,4.1053,2.6316,3.6316,6.3684,3.1053,2.8947,2.8421,3.4211,5.1053,3.5789,6.1053,4.5789,5,5.5789,3.8421,5.1579,6.1053,4.9474,4.8947,4.5263,4.7895,5.7895,4.6842,3.9474,11.9474,5.7895,5.4211,3.2632,4.2632,4.8947,7.5263,6.8947,8.4737,8,4.7895,7.3158,7.6842,6.3684,6.5263,5.7368,6.2632,6.7368,5.8421,6.1053,7.2105,10.0526,8.2105,5.5263,6.8947,6.7368,6.9474,6,6.6842,5.4211,4.7368,6.2632,5.4211,4.5789,5.5789,5.4737,6.1579,5.9474,5.2632,4.7895,5.1579,7.6842,9.8421,3.8947,4.4211,6.6316,1.0526,1.1053,0.7895,0.6316,1.1579,1.4211,1.0526,0.7895,1.2105,1,1.2105,1.3684,1.4737,2.3684,0.8947,1.0526,1.3684,3.7895,2.4737,1.0526,1.6842,2,1.6316,1.3684,1.0526,1.8421,1.5263,1.2105,2.6842,2.0526,1.8421,1.7895,1.8947,3.5263,1.2105,1.6316,1.5789,2.6316,4.8421,1.9474,8.3684,6.2632,5.3684,5,7.8947,6.4211,6.1579,5.5263,5.2632,10.4737,9.6316,6.2632,8.7895,7.3158,6.3158,7.0526,7.8947,5.3684,7.1579,12.3158,0,0,0,0,0,0,0,0,0,0,0,0,0,0,0,0,0,0,0,0
1-212.txt_211,4.6667,2.2778,3.1667,3.2222,1.9444,3,3.1111,2.7222,2.7778,2.6667,2.1111,2.9444,2.1111,1.7778,2.7222,4,4.2778,1.2222,1.7778,3.3889,1.2778,2.1111,1.3889,1.3333,0.8333,1.7222,1.9444,1.0556,1.6111,1.6111,1.2222,1.8889,1.7222,1,0.8333,1.3333,1.2222,0.3889,0.8333,1.6667,2.1667,2,4,2.7222,1.3889,2.5556,2.6111,1.8889,3.0556,2.1667,1.5,3,2.0556,0.7778,1.2778,2.5556,2.6111,0.5556,1.9444,1.7222,1.7778,1.6111,3.5,4.1667,1.3889,2.5,3.1667,1.8889,2.1111,1.3889,1.3333,2.5556,1.5,1.5,1.5556,2.5,2.6667,0.8889,1.6111,1.3333,1,0.3333,0.7778,0.5,3.1111,0.6111,0.7222,0.6667,1,0.6111,0.8889,0.5,0.6111,0.6667,0.8333,1.0556,0.9444,0.7222,0.4444,1.0556,2.7222,2.8333,2.6667,3,1.3333,3.5556,3.3333,1.9444,2.7778,2.5,2.1667,3.2778,2.5,1.5556,1.6111,2.9444,3.2778,0.8333,1.7778,2.5,4.1111,5.6667,5.3333,6.3889,2,6.3889,8.1667,3.1111,4.2222,2.6667,2.7778,6.8889,3.2778,2.6111,3.5,5.1667,5.4444,3,3.2222,3.2778,3.8889,2.6111,3.8333,3.4444,2,2.8889,3.0556,6.7222,2.1111,1.1667,1.3889,2.7222,2.0556,1.3889,2.1667,3.6111,2.8333,0.9444,1.5556,1.5,1.8333,1.8333,1.5556,1.7778,1.1111,2.5,1.9444,0.8333,2.6111,1.1667,1.6667,1.9444,1.4444,1.4444,2.1667,1.7778,1.4444,0.9444,1.2778,1.2222,1.0556,1.2222,0.5556,0.7222,1.1111,0.9444,1.1111,0.5,0.6667,3.1111,2.8889,1.2222,2.6111,2.1111,1.3333,0.9444,1.3333,0.7778,1.6667,2.2222,4.6667,2.2778,2.1111,2.1111,2.8889,2.7222,2.6111,1.8333,2.2778,7.8333,9.6111,2.5556,7.7222,7.3333,2.8333,3.5556,4.9444,3,5.4444,8.1667,3.1667,6.3889,4.2778,3.3333,1.4444,5.2222,4.7778,2.6111,5.3333,3.6111,3.6667,7.3333,4.1111,3.4444,3.5,4.2222,4.4444,2.7222,4.5,3.6111,1.2778,0.8889,0.5556,0.3333,0.6667,0.8333,0.6667,0.6667,0.6111,1.3333,1.6111,0.7222,2.3889,1.1111,0.5556,0.9444,1.0556,0.6111,0.8889,1.6667,1.3333,0.5556,0.6667,0.3333,1.3889,0.7778,0.5,0.3889,1.1111,2,2.2778,0.8333,1.8889,3.8889,0.7222,1.1111,1.4444,1.4444,2.7222,1.8889,1,0.8889,1.0556,1.2778,0.4444,1.1111,1.1667,0.6667,1.1111,0.7222,0.8889,1.2222,1.0556,0.6111,2.2778,1.7222,1.2778,0.3889,0.5,0.7778,0.8889,1.5,1.3333,1,0.3333,1.1667,1.5,1.2778,1.3333,0.8333,0.6667,1.3889,0.7222,0.7778,0.9444,1.2222,1.1111,0.7222,1.4444,0.9444,3.2778,4.5,4.4444,4.0556,2.2778,4.2778,5.1667,2.3333,4.1111,3.8889,3.5556,5.6667,3.8889,2.8333,2.6111,5.1667,6.6667,1.9444,3.4444,4.7222,1.3333,1.7222,0.8889,1,0.5,1.8333,1.7222,0.7778,2.5,1.5556,1.7778,1.7778,1.2778,2.5556,0.5,1.3333,2,1.6667,3.1667,1.7778,2.8333,1.9444,1.4444,1.0556,1.5556,1.7222,1.4444,1.7222,1.3889,3.8889,3.2222,2,4.2778,2.7778,1.3889,2.5,2.8889,1.3333,1.9444,4.2222,0,0,0,0,0,0,0,0,0,0,0,0,0,0,0,0,0,0,0,0
1-212.txt_213,8.6,5,6.25,6.1,5.1,6.3,6.45,6.15,5.7,5.5,5.35,6.15,5.2,4.75,5,7.2,6.7,4.4,4.85,5.5,3.5,6.7,3.95,3,2.9,4.3,4,3.1,4.2,3.35,3.65,5.1,4.2,2.65,3.05,4.05,4,2.85,2.8,3.15,1.95,2.1,3.2,2.65,1.15,2.75,2.45,1.75,2.05,1.4,1.9,2.3,2.05,1.3,2.35,2.3,2.45,1.45,1.6,1.7,1.9,2.35,3.05,3.75,1.3,2.55,2.35,1.8,1.6,1.2,1.3,2.7,1.45,0.95,1.5,2.3,2.65,0.7,1.05,1.55,1.15,0.6,0.7,0.5,2.05,0.6,0.65,0.85,0.55,0.85,0.85,0.75,0.65,0.55,0.55,1.2,0.9,0.5,0.55,1,3.05,3.95,3.2,3.6,1.7,5.4,4.8,2.9,2.75,2.4,2.55,4.25,3.1,1.85,3.1,4.25,3.55,2.75,2.25,2.9,1.65,1.8,1.95,2.05,1.15,2.15,2.9,1.3,1.85,1.9,1.6,2.35,1.85,1.5,1.5,1.9,1.95,1.4,1.65,2.1,5.15,4.2,4.9,5.05,3.55,5,5,7.75,4.35,3.85,3.6,4.3,3.8,4.15,4,5.4,4.8,3.45,4.25,4.15,1.1,1.25,1.5,1.05,0.9,1.5,1.1,1.4,2.25,0.8,0.85,1.25,0.85,1.1,1.1,1.45,1.2,1,1.3,0.85,1.5,1.05,1.05,1.2,1.35,1.2,1.65,1,1.15,2.45,1.75,1.15,1.65,1.45,0.7,1.55,1.8,0.7,1.1,2.15,7.7,6.95,5.3,4.5,6.4,7.05,5.45,4.9,5.25,10.85,14.95,7.4,11.7,10.05,5.05,7.25,7.7,5.35,7.6,10.65,4.65,5.7,4.85,5.35,2.5,5.85,6,3.9,4.55,3.05,3,7.3,3.25,2.85,5.05,4.85,4.6,2.55,3.65,3.15,0.55,0.75,0.4,0.45,0.4,0.6,0.6,0.35,0.45,0.8,0.7,0.75,1.25,0.45,0.35,0.6,0.75,0.35,0.4,0.75,1.85,2.2,1.75,1.75,1.25,2.1,2.2,1.5,2.25,2.65,2.85,2.5,2.65,5.55,1.95,1.75,2.15,2.4,3.4,2.85,1.75,1.65,1.55,1.8,1.3,1.9,1.95,1.75,1.45,1.2,1.3,1.9,1.75,1.25,3.6,1.8,1.9,1.25,1.15,1.55,4,3.4,3.9,3.9,2.4,3.45,4.05,2.65,3.25,2.9,3.65,3.7,3.25,2.55,3.8,5.3,4.9,1.6,2.7,3.3,2.1,1.65,1.55,1.45,1.15,1.5,1.3,1.7,1.4,1.35,1.65,1.5,1.7,1.25,1.45,2.3,2.85,0.85,1.15,1.85,0.65,0.55,0.9,0.6,0.55,0.65,0.8,0.75,0.55,0.75,1,0.65,0.7,1.1,0.8,0.7,0.65,2.25,0.9,0.75,1.55,1.7,1.4,1.45,1.65,1.45,1.55,1.1,3.3,2.1,1.9,1.75,1.65,3.8,1.15,1.65,1.55,2.35,4.45,1.75,6.2,4.35,3.9,3.75,5.45,4.65,4.8,4.45,3.75,7.7,7.2,4.7,6.05,5.35,4.2,4.9,6.55,3.5,5.2,9.1
1-212.txt_215,9,5.35,5.05,5.5,4.75,6.15,6.85,6.1,4.9,6.45,5.65,6.1,5.7,5.45,6.25,6.8,6.55,3.6,4.95,6.85,1.2,2.2,1.2,0.85,0.6,1.45,1.1,0.9,1.6,0.75,1,1.55,1.1,1.05,0.95,1.15,1.2,0.7,1.3,0.95,1.9,2.4,2.95,2.65,0.7,2.35,3.05,2.05,1.6,1.3,1.4,2.6,1.35,1,1.7,2.4,1.85,0.9,1,1.7,2.05,2.3,3.45,4.15,1.25,2.55,2.95,1.65,2.25,1.15,1.15,2.45,1.4,1,2.15,2.65,2.45,0.95,1.7,1.6,0.95,0.45,0.45,0.45,2.35,0.55,0.45,0.8,0.45,0.65,0.85,0.45,0.65,0.8,0.6,0.9,1,0.55,0.75,0.7,0.5,0.85,0.6,0.7,0.15,0.85,0.85,0.5,0.5,0.5,0.4,1.1,0.5,0.45,0.45,0.7,0.65,0.15,0.5,0.45,4.05,4.3,4.75,5.15,2.7,4.85,6.4,3.65,4.6,3.1,3.4,5.05,3.35,2.85,3.45,4.7,4.6,2.2,3.05,3.9,4.35,4,4.2,4.4,2.3,4.4,3.95,7,3.4,2.6,2.75,3.95,2.7,2.75,3.95,4.55,4.05,2,2.2,3,1.85,2.55,2.5,1.6,1.2,2.8,2.35,1.75,3.45,2.35,1.85,2.5,2.1,1.9,1.1,2.1,2.05,1.25,2.1,2.15,2.55,2.7,1.75,1.75,2.35,2.45,2.05,1.25,2.05,4.55,3.75,2.15,3.8,3.95,1.5,2.35,3.1,3.25,3,3.95,5.5,4.95,4.05,3.7,4.5,5.15,5.05,3.8,4.2,6.8,9.55,5.5,7.3,6.25,4.75,5.35,5.75,3.4,5,6.55,4.65,5.9,5.6,5.35,2.75,6.3,6.8,3.6,5.25,3.1,3.45,7.8,3.2,2.5,4.9,5.65,5.85,2.55,3.85,3.8,2.6,2.15,2.25,2.1,2.55,2.25,2.1,1.65,2.3,2.55,2.9,2.2,4.2,2.05,1.65,2.4,2.45,1.3,2.15,2.95,0.95,1.05,0.65,0.75,1.05,1.05,1.1,0.45,0.85,2.05,2.3,1.15,1.9,3.8,0.7,1.1,1.6,1.55,2.35,1.9,0.6,0.5,0.5,0.55,0.35,0.75,0.6,0.45,0.5,0.4,0.4,0.55,0.45,0.35,1.4,0.6,0.55,0.3,0.4,0.45,3.3,3.1,3.85,3.4,2.35,2.9,2.95,3.4,3.1,2.05,2.15,3.3,2.2,1.7,3.2,4.6,3.65,1.75,1.95,2.6,4.05,3.45,4.1,3.15,2.15,3.45,3.8,2.55,3.4,3.5,3.6,3.55,2.75,3.15,2.7,4.1,5.6,2,3.2,3.45,1.7,2.3,1.95,1.5,1.05,1.9,2.05,1.55,3.15,2.2,2.9,2.25,3.1,4.35,1.85,1.9,1.8,3,5.25,2.4,5.55,4.5,3.95,3.35,3.45,5.4,4.35,3.35,4.3,7.4,6.7,4.3,7.15,5.55,3.65,5.35,5.95,4.1,5.3,8.4,0,0,0,0,0,0,0,0,0,0,0,0,0,0,0,0,0,0,0,0
1-212.txt_217,7.75,4.3,4.55,3.95,4.05,4.6,4.85,5.2,4,4.45,4.85,5.1,5.2,4.3,4.2,6.25,5.45,3.4,4.45,5.85,1.1,2.4,1.55,1.05,0.6,1.65,1.35,1,1.5,1.15,1.35,2.5,1.5,0.95,1.35,1.6,1.55,0.6,1.2,1.1,1.65,2.3,3.1,2.35,0.95,1.75,2.05,1.55,2.25,1.2,1.5,1.95,1.4,1.05,1.75,2.3,2.25,1.1,1.55,1.45,3.2,4.15,6.3,7.2,1.55,5.1,5.5,3.5,3.75,1.9,2.15,5.25,2.35,2.5,4.25,4.7,4.15,2.55,2.85,2.5,1.15,1,1,0.65,3.2,1.1,0.8,0.75,0.65,1,1.15,1.15,1.05,0.65,0.85,1.35,0.95,0.6,0.65,1.2,1.8,3,2.1,2.5,0.95,3.6,2.65,1.4,1.75,1.65,1.5,2.85,1.85,1.2,1.85,2.05,2.2,1.3,1.25,1.75,3.15,3.15,3.25,3.6,2.4,4.1,4.95,2.95,3.3,2.6,2.4,3.15,2.85,3.05,2.4,3.9,4.3,2.4,3.5,2.7,4.65,3.9,5.6,4.2,3.05,4.9,4.65,8,3.9,3,2.95,4.55,3.4,3,3.35,4.8,4.55,2.75,3.25,3.05,1.2,1.6,1.8,1.25,0.6,1.75,1.55,1.25,2.35,1.25,1.3,2,1,1.4,1.05,1.6,1.55,0.9,1.55,1.05,1.85,1.4,1.25,0.85,2.15,1.95,1.4,1.15,1.4,3.6,2.6,1.55,2.6,2.85,1.1,1.65,2.1,1.35,2.5,3.15,5.3,4.15,3.25,2.85,3.9,3.8,3.55,2.9,3.95,6.65,8.3,4.35,7.2,7.2,3.15,4.45,5.1,3.6,6.6,6.95,2.95,3.5,3.3,4.25,1.55,3.4,4.3,2.15,2.75,1.85,2.25,4.6,2.95,2.05,2.8,3.45,3.3,1.55,2.35,2.4,0.45,0.5,0.4,0.4,0.4,0.55,0.4,0.3,0.4,0.85,0.85,0.85,1.25,0.5,0.35,0.45,0.55,0.4,0.55,0.8,2.5,1.8,1.9,2.35,1.9,1.9,1.95,1.9,2.95,2.9,3.6,1.95,3.3,4.75,2,2.4,2.3,2.7,3.75,2.6,3.25,2.15,2.8,3.15,1.8,2.4,3,2.65,2,1.95,2.25,2.35,2.15,2.2,4.8,3.35,3.1,1.7,2,2.2,2.35,1.6,2.25,2.45,1.45,1.9,2.35,2.05,1.5,1.7,1.6,1.85,1.55,1.25,1.6,2.8,2.9,0.85,1.45,1.8,2.85,2.55,2.95,2.35,1.85,3.1,2.85,2.05,2.4,2.2,2.55,2.75,2.2,1.65,2.05,3.55,4.25,1.4,1.65,2.55,0.7,0.85,0.7,0.45,0.6,0.95,1,0.55,1,0.8,1,0.9,1,1.8,0.5,0.95,1.05,3.05,1.8,0.95,2.3,2.05,2.4,2.05,2,2.8,2.4,1.85,3.3,3.25,2.95,2.2,2.9,4.6,1.9,2.35,2.8,3.05,5.9,3.3,5.75,3.7,3.65,4.2,4.05,3.9,4.15,3.35,3.3,7.2,6.55,4.1,6.45,4.85,4.45,5.15,6.5,2.85,4.7,8.4
1-212.txt_219,13.7143,5.1429,3.4286,3.4286,6.8571,5.1429,5.1429,6.8571,3.4286,5.1429,5.1429,5.1429,5.1429,3.4286,5.1429,8.5714,6.8571,1.7143,3.4286,6.8571,3.2143,9.6429,4.2857,2.1429,1.0714,5.3571,4.2857,2.1429,4.2857,1.0714,2.1429,6.4286,3.2143,1.0714,2.1429,3.2143,3.2143,1.0714,2.1429,1.0714,3.4286,6.8571,17.1429,8.5714,1.7143,6.8571,6.8571,6.8571,8.5714,1.7143,1.7143,6.8571,3.4286,1.7143,3.4286,8.5714,6.8571,0,3.4286,1.7143,2.5714,2.5714,6.4286,12.8571,1.2857,5.1429,7.7143,3.8571,3.8571,1.2857,0,3.8571,1.2857,1.2857,3.8571,5.1429,3.8571,0,1.2857,1.2857,2.2857,0.5714,0.5714,0.5714,7.4286,0.5714,0,1.1429,0.5714,1.7143,1.7143,0.5714,1.7143,1.1429,0.5714,1.7143,1.7143,1.1429,1.1429,1.7143,1.9286,3.2143,2.5714,2.5714,0.6429,5.7857,3.8571,1.2857,2.5714,0.6429,1.2857,3.2143,2.5714,0.6429,1.9286,2.5714,1.9286,1.2857,1.9286,1.2857,3.8571,5.1429,5.1429,7.7143,0,7.7143,11.5714,2.5714,5.1429,1.2857,1.2857,6.4286,2.5714,1.2857,3.8571,5.1429,3.8571,1.2857,2.5714,2.5714,3.4286,1.7143,3.4286,2.5714,1.7143,1.7143,1.7143,8.5714,1.7143,0,0,1.7143,0.8571,0.8571,1.7143,3.4286,1.7143,1.7143,0.8571,0.8571,0.5714,1.1429,1.4286,0.8571,0.2857,1.1429,1.1429,0.5714,3.4286,0.2857,0.2857,0.8571,0.5714,0.8571,0.5714,0.8571,0.5714,0.5714,1.7143,0.2857,2.7857,0.9286,0.9286,0.9286,2.7857,0.9286,0.9286,0,0.9286,7.4286,5.5714,0.9286,4.6429,3.7143,0.9286,1.8571,2.7857,0.9286,2.7857,6.5,5.7857,3.8571,1.9286,0,5.7857,3.8571,1.9286,0,1.9286,11.5714,15.4286,3.8571,11.5714,7.7143,1.9286,3.8571,5.7857,3.8571,5.7857,9.6429,4.0714,8.1429,5.4286,4.0714,1.3571,6.7857,6.7857,2.7143,4.0714,1.3571,2.7143,10.8571,4.0714,1.3571,4.0714,5.4286,4.0714,1.3571,2.7143,2.7143,2.1429,2.1429,1.4286,0.7143,2.1429,2.8571,1.4286,0.7143,1.4286,3.5714,4.2857,2.1429,6.4286,2.8571,1.4286,2.1429,2.1429,2.1429,2.1429,3.5714,1.2857,0.6429,0.6429,0.6429,1.2857,0.6429,0.6429,0.6429,1.9286,2.5714,2.5714,0.6429,2.5714,6.4286,0,1.2857,1.2857,3.2143,4.5,1.9286,4.0714,2.7143,2.7143,4.0714,1.3571,4.0714,4.0714,2.7143,2.7143,1.3571,1.3571,4.0714,2.7143,0,14.9286,4.0714,4.0714,0,1.3571,2.7143,7.8571,4.7143,7.8571,6.2857,4.7143,6.2857,6.2857,6.2857,4.7143,3.1429,3.1429,6.2857,4.7143,3.1429,4.7143,12.5714,7.8571,1.5714,3.1429,3.1429,6.5714,4.9286,6.5714,4.9286,4.9286,4.9286,4.9286,3.2857,3.2857,4.9286,4.9286,4.9286,4.9286,3.2857,4.9286,8.2143,14.7857,3.2857,3.2857,6.5714,0.2143,0.2143,0,0,0.4286,0.4286,0.2143,0.4286,0.4286,0.2143,0.4286,0.2143,0.6429,1.0714,0,0.2143,0.4286,3,1.2857,0.2143,2.1429,2.1429,2.1429,1.0714,2.1429,3.2143,2.1429,1.0714,6.4286,3.2143,3.2143,2.1429,3.2143,7.5,1.0714,2.1429,2.1429,6.4286,11.7857,3.2143,4,1,1,1,3,2,2,1,1,7,5,2,5,3,2,2,4,1,3,8
1-212.txt_221,6.8571,2.5714,1.7143,1.7143,3.4286,2.5714,2.5714,3.4286,1.7143,2.5714,2.5714,2.5714,2.5714,1.7143,2.5714,4.2857,3.4286,0.8571,1.7143,3.4286,0.8571,2.5714,1.1429,0.5714,0.2857,1.4286,1.1429,0.5714,1.1429,0.2857,0.5714,1.7143,0.8571,0.2857,0.5714,0.8571,0.8571,0.2857,0.5714,0.2857,2.1429,4.2857,10.7143,5.3571,1.0714,4.2857,4.2857,4.2857,5.3571,1.0714,1.0714,4.2857,2.1429,1.0714,2.1429,5.3571,4.2857,0,2.1429,1.0714,1.2857,1.2857,3.2143,6.4286,0.6429,2.5714,3.8571,1.9286,1.9286,0.6429,0,1.9286,0.6429,0.6429,1.9286,2.5714,1.9286,0,0.6429,0.6429,2,0.5,0.5,0.5,6.5,0.5,0,1,0.5,1.5,1.5,0.5,1.5,1,0.5,1.5,1.5,1,1,1.5,0.4286,0.7143,0.5714,0.5714,0.1429,1.2857,0.8571,0.2857,0.5714,0.1429,0.2857,0.7143,0.5714,0.1429,0.4286,0.5714,0.4286,0.2857,0.4286,0.2857,1.9286,2.5714,2.5714,3.8571,0,3.8571,5.7857,1.2857,2.5714,0.6429,0.6429,3.2143,1.2857,0.6429,1.9286,2.5714,1.9286,0.6429,1.2857,1.2857,4.2857,2.1429,4.2857,3.2143,2.1429,2.1429,2.1429,10.7143,2.1429,0,0,2.1429,1.0714,1.0714,2.1429,4.2857,2.1429,2.1429,1.0714,1.0714,0.4286,0.8571,1.0714,0.6429,0.2143,0.8571,0.8571,0.4286,2.5714,0.2143,0.2143,0.6429,0.4286,0.6429,0.4286,0.6429,0.4286,0.4286,1.2857,0.2143,1.2857,0.4286,0.4286,0.4286,1.2857,0.4286,0.4286,0,0.4286,3.4286,2.5714,0.4286,2.1429,1.7143,0.4286,0.8571,1.2857,0.4286,1.2857,3,2.5714,1.7143,0.8571,0,2.5714,1.7143,0.8571,0,0.8571,5.1429,6.8571,1.7143,5.1429,3.4286,0.8571,1.7143,2.5714,1.7143,2.5714,4.2857,2.5714,5.1429,3.4286,2.5714,0.8571,4.2857,4.2857,1.7143,2.5714,0.8571,1.7143,6.8571,2.5714,0.8571,2.5714,3.4286,2.5714,0.8571,1.7143,1.7143,0.8571,0.8571,0.5714,0.2857,0.8571,1.1429,0.5714,0.2857,0.5714,1.4286,1.7143,0.8571,2.5714,1.1429,0.5714,0.8571,0.8571,0.8571,0.8571,1.4286,1,0.5,0.5,0.5,1,0.5,0.5,0.5,1.5,2,2,0.5,2,5,0,1,1,2.5,3.5,1.5,2.1429,1.4286,1.4286,2.1429,0.7143,2.1429,2.1429,1.4286,1.4286,0.7143,0.7143,2.1429,1.4286,0,7.8571,2.1429,2.1429,0,0.7143,1.4286,4.6429,2.7857,4.6429,3.7143,2.7857,3.7143,3.7143,3.7143,2.7857,1.8571,1.8571,3.7143,2.7857,1.8571,2.7857,7.4286,4.6429,0.9286,1.8571,1.8571,5.1429,3.8571,5.1429,3.8571,3.8571,3.8571,3.8571,2.5714,2.5714,3.8571,3.8571,3.8571,3.8571,2.5714,3.8571,6.4286,11.5714,2.5714,2.5714,5.1429,0.2143,0.2143,0,0,0.4286,0.4286,0.2143,0.4286,0.4286,0.2143,0.4286,0.2143,0.6429,1.0714,0,0.2143,0.4286,3,1.2857,0.2143,1.8571,1.8571,1.8571,0.9286,1.8571,2.7857,1.8571,0.9286,5.5714,2.7857,2.7857,1.8571,2.7857,6.5,0.9286,1.8571,1.8571,5.5714,10.2143,2.7857,4,1,1,1,3,2,2,1,1,7,5,2,5,3,2,2,4,1,3,8
1-212.txt_223,4,1.75,1.65,1.65,2,2.05,2.45,2.35,1.8,2.1,2.5,1.85,2.4,1.95,1.85,2.45,2.6,1.65,1.95,2.8,2,3.45,2.2,1.95,1.3,2.45,2.15,1.85,2.2,1.4,1.75,2.5,1.6,1.8,1.55,2.25,2.15,0.95,1.9,1.65,1.45,1.8,2.65,2.05,0.8,1.75,1.7,1.35,1.4,1.1,1.2,2,1.15,0.75,1.35,1.7,1.6,0.8,1.1,0.8,1.75,2.35,3.05,3.9,0.8,2.75,3.4,2.25,2.1,1.75,1.5,2.8,1.95,1.5,2,2.45,2.3,1.3,1.35,2.05,1.05,0.45,0.9,0.4,3.1,0.65,0.35,0.5,0.8,1,1.1,0.65,0.75,0.95,0.45,1.15,1.25,0.75,0.95,1.05,1.2,1.55,1.35,1.2,0.6,1.7,1.75,0.8,1.25,0.9,0.75,1.8,0.65,0.55,0.8,1.4,1.6,0.35,1.1,1.2,1.55,1.5,1.75,1.85,1.15,1.9,2.15,1.4,1.05,1.25,1.4,1.9,1.1,0.6,1.45,1.6,1.6,0.7,0.9,1.55,2.4,1.9,2.55,2.4,1.95,1.85,1.95,4.5,1.9,1.55,1.25,1.85,1.45,1.25,2.35,2.7,2.25,1.35,1.2,1.85,4.05,5.1,5.55,4.85,2.75,5.9,5.95,4,7.7,3.65,3.6,5.25,3.35,3.7,3.7,5.05,5.2,2.45,4.85,3.75,2.1,1.4,1.1,1.05,1.55,1.4,1.2,1.25,1.3,4.35,3.3,1.4,3.35,3.4,1.3,1.55,2.35,1.1,2.3,3.65,3.75,2.8,2.1,1.8,3.35,3.35,2.6,2.4,2.5,5.4,7.35,2.55,5.85,4.7,2.7,2.95,3.05,1.95,3.15,5.55,5.4,7.35,6.95,7.8,3.1,7.15,8.4,5.05,6.05,4.35,4.55,9,5,3.95,5.25,6.75,6.45,4.1,4.75,4.9,2.85,2.95,2.45,1.9,1.55,3.05,2.7,2.2,2.35,4,3.95,3.2,4.8,3.2,1.5,2.85,2.9,1.3,2.3,3.85,3.2,2.85,2.4,1.55,2.15,2.7,2.2,2.55,3.75,3.8,4.65,2.4,4.4,7.45,2.1,3.1,3.55,4,6.65,4.25,2.9,2.9,3.1,3.1,1.5,3.7,3.6,2,2.4,2.8,2.85,2.95,2.7,2.5,4.85,3.2,2.9,1.7,2.5,2.45,2.45,2.4,3.2,3.05,0.95,2.25,3.1,2.6,2,1.5,1.8,2.55,1.35,1.35,1.95,3.55,2.65,1.6,1.45,1.95,4.4,5,4.7,5.2,2.45,5.2,5.45,3.75,4.8,4.2,3.9,5.55,4.5,2.85,3.65,5.4,7.1,2.5,3.7,4.45,0.35,0.4,0.35,0.45,0.15,0.55,0.7,0.4,0.3,0.2,0.25,0.4,0.3,0.4,0.3,0.4,0.4,1.5,0.7,0.15,0.55,0.35,0.2,0.25,0.25,0.25,0.2,0.35,0.5,0.75,0.7,0.25,0.7,1.3,0.15,0.25,0.45,0.95,1.05,0.6,4.9,3.5,2.85,2.75,3,3.65,3.45,2.7,2.8,5.9,5.65,3.7,5.2,4.1,2.9,3.4,4.65,2,3.3,6.2
1-212.txt_225,7.2,3.25,3.35,3.6,3.75,3.95,3.9,4.4,3.45,3.8,4,3.85,4.15,3.3,3.95,4.8,4.45,2.2,3.25,4.45,1.25,3.15,1.55,1.15,0.85,1.65,1.65,0.95,1.55,0.75,0.9,2.35,1.15,0.9,0.95,1.5,1.5,0.75,1.15,1.2,3.85,3.95,7.45,5.8,2.45,5.05,5.3,4.4,4.35,2.1,2.8,4.45,2.9,2,2.95,5.35,5.1,1.65,2.6,2.6,1.3,1.8,2.6,3.65,0.85,2.4,2.1,1.45,1.9,0.9,0.8,2.25,1.05,0.7,1.1,1.95,1.7,0.8,0.9,0.9,1.25,1.05,0.95,0.6,3.1,1.2,0.85,1.05,0.65,1.05,1.05,1.25,1.1,0.6,0.65,1.1,1.1,0.6,0.65,1.15,2,2.55,2.05,2.15,1.35,3.75,2.3,1.4,2.1,1.7,1.8,2.5,2.2,1.85,1.9,2.25,2.3,1.75,1.95,2.2,5.05,5,5.5,6.9,2.7,6.5,8.45,4.1,4.75,3.3,3.05,6,3.8,3.1,4.45,6.3,6.15,3.1,3.7,4.2,3.45,2.5,3.05,3.2,2.85,3.45,2.95,5.85,2.5,2.15,2.55,3.3,3.15,2.55,2,4,3.4,1.85,2.9,2.4,0.75,1.1,1.15,0.9,0.5,0.9,0.75,0.95,1.75,0.85,0.95,0.9,1,0.85,0.9,0.9,1,0.6,1.4,0.7,4.8,3.65,3.25,3.4,2.9,3.15,3.3,3.15,2.7,6.95,5.8,3.95,5.35,5.6,2.7,4.1,5.35,3.8,4.55,5.95,5.5,3.85,3.4,3.15,5.15,3.9,3.4,3.25,3.95,7.65,10.25,3.7,7.75,7.85,4,4.5,6,5.05,6.2,7.65,4.3,5.8,4.9,4.15,2.6,5.4,4.95,3.45,3.55,3.35,3.55,7.45,3.85,2.7,3.45,4.55,4.5,2.5,3.35,3.25,1.7,1.65,1.15,1.2,1.55,1.6,1.35,1.15,1.5,2.35,2.45,1.55,3.25,2.7,1.2,1.8,1.9,1.4,2,2.15,2.4,2.35,2.55,2.25,1.9,2.8,2.7,2.7,2.3,2.25,2.9,2.2,2.4,5.05,2.5,2.55,1.95,2.9,4.2,2.65,4.95,4.15,3.8,4.45,2.45,4.4,4.4,3.7,3.25,3.2,3,4.3,3.25,2.65,8.9,5.15,4.65,3,3.15,3.75,2.8,2.45,2.85,2.65,2,2.5,3.05,2.65,2.8,1.65,1.55,2.75,2.35,1.4,2.05,4.05,3.1,1.15,1.85,1.85,3.45,3.8,4.05,3.2,2.9,3.9,4,2.95,2.8,4.1,3.75,4.3,3.1,2.85,3.6,4.5,6.6,1.8,3.2,4.1,1.2,1.35,1.4,0.75,0.95,1.45,1.3,1.35,1.15,0.8,1.15,1.25,0.95,1.75,1.15,1.55,1.35,3.75,2,1.2,2.05,2.4,2.2,1.9,1.4,2.25,2.1,1.4,3.85,3.3,2.8,2.1,2.5,4.85,1.35,2.3,2.45,3.35,6.35,2.95,5.05,3.55,3.45,3.05,3.7,4.15,4.15,3.05,3.7,6.25,6.25,3.95,6.35,4.6,3.35,4.2,5.05,3.05,4.4,7.85
1-212.txt_227,9,3,3,3,5,4,4,5,3,4,3,4,4,3,4,6,5,2,3,5,0.9375,3.4375,1.5625,0.9375,0.3125,1.875,1.5625,0.625,1.5625,0.625,0.9375,2.1875,1.25,0.625,0.9375,1.25,1.25,0.625,0.9375,0.625,1.125,1.875,4.125,2.25,0.75,1.875,1.875,1.875,2.25,0.375,0.375,1.875,1.125,0.75,1.125,2.25,1.875,0.375,1.125,0.75,1.6875,1.6875,3.375,6.1875,0.5625,2.8125,3.9375,2.25,2.25,1.125,0.5625,2.25,1.125,0.5625,1.6875,2.8125,2.25,0,1.125,1.125,1.875,0.375,0.75,0.375,5.25,0.75,0.375,0.75,0.75,1.5,1.5,0.75,1.125,0.75,0.75,1.5,1.5,0.75,0.75,1.5,0.75,1.125,0.9375,0.9375,0.375,2.0625,1.3125,0.5625,0.9375,0.375,0.5625,1.125,0.9375,0.375,0.75,0.9375,0.75,0.5625,0.5625,0.5625,1,1.25,1.25,1.75,0.25,1.75,2.5,0.75,1.25,0.5,0.5,1.5,0.75,0.5,1,1.25,1,0.5,0.75,0.5,5.9375,2.375,5.9375,4.75,2.375,3.5625,3.5625,13.0625,3.5625,1.1875,1.1875,3.5625,2.375,2.375,3.5625,5.9375,3.5625,2.375,2.375,2.375,0.75,1.25,1.5,1,0.5,1.25,1.25,0.75,3.25,0.25,0.5,1,0.75,1,0.75,1,0.75,0.5,1.75,0.5,1,0.5,0.25,0.5,1,0.5,0.5,0.25,0.25,2.25,1.75,0.5,1.5,1.25,0.5,0.5,1,0.5,1,2,3.75,3.75,1.25,1.25,5,3.75,2.5,1.25,2.5,8.75,11.25,2.5,8.75,6.25,2.5,2.5,5,3.75,5,7.5,2.25,3.9375,2.8125,2.25,1.125,3.375,3.375,1.6875,2.25,1.125,1.125,5.625,2.25,1.125,2.25,2.8125,2.25,1.125,1.6875,1.6875,1.25,1.25,0.9375,0.625,0.9375,1.5625,0.9375,0.625,0.9375,1.875,2.1875,1.25,3.4375,1.5625,0.625,0.9375,1.25,0.9375,1.25,1.875,0.75,0.5,0.5,0.25,0.5,0.5,0.5,0.5,1,1.25,1.25,0.5,1.25,3,0.25,0.5,0.75,1.5,2,1,1.75,1.3125,1.3125,1.3125,0.875,1.75,1.75,1.3125,1.3125,0.875,0.875,1.75,0.875,0.4375,5.6875,1.75,1.75,0.4375,0.875,0.875,6,4,6,5,4,5,5,5,4,2,2,5,3,2,4,9,7,2,3,3,3.75,3,3.75,3,3,3,3,2.25,2.25,3,3,3,3,2.25,3,5.25,7.5,1.5,2.25,3.75,0.5,0.5,0.25,0,0.5,0.75,0.5,0.5,0.5,0.5,0.75,0.5,0.75,1.5,0.25,0.5,0.5,4,1.75,0.5,1.125,1.125,1.125,0.75,0.75,1.125,1.125,0.75,2.625,1.5,1.5,1.125,1.5,3,0.75,1.125,1.125,2.625,4.5,1.5,5.625,2.25,2.25,2.25,4.5,3.375,2.25,2.25,2.25,9,6.75,3.375,6.75,4.5,2.25,3.375,5.625,2.25,4.5,10.125
1-212.txt_229,4.3333,2,2.2778,2,2.1111,1.9444,2.0556,2.6667,3,2.3889,2.5,1.8889,2.2222,2.2222,1.5556,3.6111,2.8333,1.1667,2.2222,2.6111,3,4.9444,3.6111,3.0556,1.8333,3.4444,3.5,2.7222,2.1667,2.8889,2.5556,4.3333,3,2.7222,2.6667,3.2222,3.5556,1.5,2.2778,2.6111,2.1667,2.2778,4.8889,3.9444,1.2222,2.3333,2.7778,3,2.3889,1.2222,1.7778,2.8333,1.7778,1.4444,1.9444,2.7778,2.9444,1.2778,2.0556,2.1111,2.7222,2.6667,4.7778,6.3333,1.5,3.3333,4.2222,2.2222,2.6667,1.3333,1.1111,3.6667,1.4444,0.8889,2.5,3.7778,2.8889,0.6667,1.2778,2.1111,2.1667,1.7778,1.9444,1.1667,4.5556,2.2778,1.5,1.8889,1.5,1.3333,1.3333,1.9444,1.4444,1.2222,1.0556,2.0556,2.0556,0.9444,2,1.6111,2.6111,2.1667,3.5556,2.7778,1.2778,4.3333,3.0556,2.2778,2.2778,1.5556,1.7778,2.3889,1.7778,1.7222,2,3.5556,3.1111,1.1111,1.5556,2.1111,3.2222,3.8889,3.3333,4.6111,1.5556,3.8333,5.6111,2.3333,3,2.3333,2.7778,4,2.2222,2.3889,3.5,4.2778,3.9444,1.9444,2.5556,2.2222,2.3333,1.4444,2.3889,1.7778,1.6667,2.0556,1.4444,4.5556,1.5556,1.8333,1.7222,1.5556,1.8889,1.7778,1.5556,1.8889,1.7222,1.6667,1.9444,1.9444,0.6111,0.5556,0.7222,0.5,0.2778,0.6667,0.8889,0.6667,0.8333,0.3333,0.3333,0.6667,0.6667,0.2778,0.9444,0.7778,0.6111,0.2222,0.3333,0.4444,2.2778,1.3889,1.7778,1.0556,2.0556,1.9444,1.3333,1.3333,1.5,4.6667,3.1111,1.5,3.1667,3.3333,1.6667,1.8333,2.7222,1.3889,2.7222,4.3889,5.8889,4,2.8889,2.6667,3.7778,4.2222,3.7222,3.1111,4.3333,6.8333,9.2778,4.5,6.8333,7.6667,3.9444,4.5556,4.9444,5.7778,7.2778,6.6667,3.1111,5.0556,3.8333,3.6111,2,3.8333,4,2.7778,2.5556,2.1667,2,6.3889,2.6667,2.4444,2.5556,3.4444,4.3333,1.4444,2.4444,2.2222,1.2222,1.2778,1.0556,0.6667,1.0556,1.2222,0.8889,0.9444,0.8889,2,2.1111,1.1667,3,1.7222,0.7778,1.0556,1.2778,0.9444,1.1667,2,1.3889,1.0556,1.2222,1.1667,1.1111,1.6111,1.1667,1.0556,1.3889,1.8333,1.5556,1.2222,1.5556,3.4444,1.0556,1.6111,1.6667,2,2.6667,1.7222,4.2222,3.8333,4,4.7222,2.6111,4,4.7222,3.6111,3.2778,2.4444,3.0556,4.3333,3.5,4.0556,7.3333,4.7222,4.3889,2.7222,3.5,3.4444,5.9444,4.1111,6.8889,5.7222,3.3889,4.7778,4.6667,5.3333,4.5,4.1667,3.7778,4.6667,4.1111,3.5,3.5556,7.6667,5.9444,2.1111,3.9444,4.5556,3.0556,2.6111,3.7778,2.7778,1.6667,3.3889,3.7222,2.7222,3,2.3333,2.2222,3.3889,2.2222,2.2222,1.8889,3.8889,5.7222,2.0556,2.3889,3.0556,0.5556,0.5,0.6667,0.2222,0.5,0.6667,0.6111,0.5,0.6667,0.7222,0.6667,0.6667,0.7222,1.4444,0.3333,0.5556,0.7222,3.8333,2,0.7222,1.4444,1.8889,1.7222,0.9444,1.4444,1.5,1.4444,0.8333,3.8333,2.5,2.4444,1.8333,2.3333,4.2222,1,1.3889,1.6111,3.3333,6.2222,2.1667,6.1111,3.6111,3.5,3.6111,4.1111,3.9444,4.2222,3,3.7778,7.1667,6.7778,4.2778,6.1111,5.4444,3.7222,4.5,5.4444,2.8333,5.2222,8.6111
1-212.txt_231,5.3529,1.8235,2.1765,1.9412,2.2353,2.1765,2.4706,2.6471,1.7059,2.2353,1.8235,2.2353,2,1.6471,2.1176,3.6471,2.8824,1.2941,1.6471,2.8235,1.4706,4,1.8235,1.4706,0.6471,2.4118,2.2353,1,1.5882,0.7647,1.2353,3.2353,1.2941,0.7059,1,1.5294,1.3529,1.2353,1.0588,1.1176,1.9412,2.2941,5.8235,3.1176,1.0588,2.3529,2.4706,1.8824,2.8235,1.8235,1.5294,2.2353,1.7059,2.0588,1.2941,2.7647,2.2941,1.1176,2.5294,1.4706,2.2353,2.5294,4.6471,7.9412,0.9412,3.6471,4.7647,3.1765,3.4706,1.1765,0.8824,3.3529,1.3529,1.2941,2.4118,3.2353,2.5294,0.6471,1.7647,1.4118,0.4706,0.1176,0.1176,0.1176,1.7647,0.1176,0,0.2353,0.1176,0.3529,0.3529,0.1176,0.3529,0.2353,0.1176,0.3529,0.3529,0.2353,0.2353,0.3529,2,3,2.3529,2.1765,0.7647,6,3.7059,1.5294,3.0588,1.1765,1.8235,3.1765,2.2353,1.2353,2.1176,2.2941,2.2353,1.2941,2.4706,1.6471,4.7647,4.8824,4.6471,6.3529,1.6471,6.7647,10.8824,3.1765,4.6471,2.2353,2.7059,5.9412,3.0588,2.3529,3.4118,5.0588,4.2353,2,2.8235,3,3.2941,2.4118,3.1176,3.2353,1.8235,2.3529,2.7059,6.7647,1.8235,1.3529,1.2941,2.9412,1.7059,1.5294,2.1765,3.7059,2.4706,1.3529,1.4706,1.5294,1.4118,1.6471,1.5294,1.4118,2,2.2353,1.8824,0.8824,4.4118,1.3529,1.2941,1.8824,1.4706,1.5294,1.8824,1.7647,1.7059,1,2.0588,1.3529,3.5882,2.2941,1.9412,1.5294,2.5882,2.2353,2,1.3529,2.0588,7.7647,5.0588,2.6471,4.9412,4,1.7059,2.7647,4.2941,1.6471,2.9412,6.2353,4.3529,4.0588,2.3529,2.1176,3.9412,3.8235,2.5882,1.9412,3.7647,8.2353,12.0588,3.7059,8.4118,7.5294,2.2941,3.5882,4.4706,4.3529,5.1765,7.1765,4.3529,7.1176,5.7059,5.8235,1.4706,6.8235,6.6471,3.4706,4.9412,1.8824,2.2353,10.5294,3.4706,1.7059,3.8235,4.6471,5.0588,1.4706,2.9412,2.4118,1.8824,1.1765,1.3529,0.7647,1.4706,1.5294,1,0.8824,1.1176,3,2.7059,1.3529,4.7059,1.8235,1,1.8235,2.3529,1.8235,1.5882,2.6471,1.4706,1.2941,1,1,1.1176,1.0588,0.9412,0.7647,2,2.3529,2.4118,1,2.1765,6.0588,0.9412,1.5882,1.4118,2.7059,4.5294,2.1176,2.0588,1.2353,1.1765,1.4706,0.8824,1.7647,1.7647,1.0588,1.1176,1.0588,1.2353,1.7647,1.2353,0.5882,5.6471,2.0588,1.8235,0.5294,0.7647,1.3529,1.8235,1.2353,1.7059,1.4118,1.4706,1.4706,1.7059,1.3529,1.1765,0.7059,0.7059,1.3529,1.0588,1.1765,1.4706,3.4118,2.2353,0.5294,0.9412,1,2.4706,2.5882,3,2.5882,1.8235,2.3529,2.4118,1.7059,1.8235,2.0588,1.8235,2.5882,2.5882,1.2941,2.0588,3.5294,5.6471,1,1.5294,2.4706,0.4118,0.5294,0.2353,0.2353,0.3529,0.7647,0.6471,0.2941,0.4118,0.4706,0.8235,0.5882,0.6471,0.8235,0.1765,0.3529,0.4118,2.7647,1.0588,0.3529,0.7059,0.6471,0.5294,0.3529,0.8235,0.7647,0.7647,0.2353,1.5294,0.8235,0.7647,0.5294,0.7647,1.7647,0.2941,0.7059,0.7059,1.4118,2.8824,1.1176,3.2941,2.4706,1.8235,2.1176,2.0588,2.3529,2.6471,1.3529,1.7059,4.2353,3.4706,2.1765,3.4706,3.4118,1.6471,2.4118,3.5294,1.7059,2.5882,5.1765
1-212.txt_233,8.6111,4.7778,4.9444,4.9444,4.0556,5.2778,5.2222,5.1111,4.6111,5.1111,4.3889,5.7778,5.1667,4.0556,5.1667,6.5556,5.6667,2.7778,4.1111,5.5556,3.2778,5.5,3.5,3,1.7222,2.9444,2.9444,2.2222,2.8889,2,2.6111,4.3333,2.6111,2,2.2222,3.3889,3.1111,1.0556,2.2222,2.4444,2.2222,2.8333,5.7222,4.5556,1.3333,2.8333,3.3333,2.4444,2.8889,1.7778,1.3889,3.4444,1.7222,1.8889,2,3.4444,3,1.5556,2.3889,1.9444,2.6111,2.5556,4.8333,4.7222,1.5556,3.3889,2.9444,2.1667,2.9444,2.5,2.6667,3.3889,2.5556,2.5556,2.2778,3.5,3.3333,2.7222,2.7778,3.2222,1.0556,0.5556,0.8889,0.5556,3.5556,0.7222,0.4444,0.6111,0.5556,0.8333,0.7778,0.7222,0.7778,0.5556,0.5,0.8889,0.8889,0.5,0.5556,0.9444,1.7222,2.3889,2.0556,2.1667,1.6667,3.4444,2.5556,1.2222,2.1111,1.4444,1.5556,2.4444,1.6111,2.2222,1.7778,2.1667,2.3889,1.6111,2,1.6667,4.1667,3.2778,3.6667,4.2222,1.6111,4.2222,5.2778,3.1111,2.4444,2.4444,2.5,3.8333,2.5,1.8333,3.2222,3.8889,3.4444,1.8333,2.3889,3.1111,1.6111,0.8333,1.2778,1.2222,0.8889,0.9444,1,3.0556,0.7778,0.8333,0.8333,1.1111,0.8333,0.6111,0.8333,1.3333,1.4444,0.7222,0.6111,1.0556,1.5556,1.8333,2.1667,1.6667,0.8889,1.7778,1.8889,1.4444,3.5,1.2222,1.2222,1.8333,1.3333,1.3889,1.0556,2,1.7222,1.3333,2.0556,1.4444,3.9444,2.8333,2.2222,1.9444,4.4444,2.7778,2.5556,2.1111,2.8889,8.5,7.2222,2.7222,5.4444,6,3.1111,3.3333,4.5556,2.7778,4.8333,7.3889,5.0556,4.8333,3.3889,2.6111,4.1111,4.6111,3.3889,3.2778,3.8333,7.5556,9.4444,4.7222,7.3889,6.3889,3.7778,4.0556,5.3889,3.9444,5.3889,7,3.1667,4.0556,4.1111,3.5556,1.3889,3.7222,4.0556,2.7778,2.7222,1.4444,1.6111,5.2222,2.0556,1.5,2.7222,3.6667,3.2778,1.2222,2.0556,2.1667,1.7222,1.8333,1.5556,1.1667,1.6111,1.6667,1.2222,1.9444,1.2222,1.8889,2.2778,1.8333,3.1111,1.6667,1.4444,1.6111,1.6667,1.2222,1.5,2,2.7778,1.8889,1.6111,1.2222,1.6667,1.9444,1.8333,1.5556,2.5556,3.1111,2.9444,1.8889,2.8333,6.2222,2.1111,2.1111,2,2.7222,4.8333,2.7222,3.2778,2.9444,3.6667,4,1.8333,3.4444,3.9444,3,2.4444,2.3333,2.3333,3.6667,3.2778,2.4444,6.9444,3.6111,3.2778,1.8333,2.2222,3.2222,8.8889,6.4444,8.3889,8,6,8.1111,8.3889,7.5556,5.8889,5,4.6667,7.6667,6.1111,4.7778,5.2222,12,9.0556,4.3333,6,5.7778,5.1667,3.6667,5.4444,4.8889,3.6667,4,4.3333,4.5556,3.2778,3.7222,3.6111,4.5556,3.4444,3.6111,3.7778,6.1667,8.3333,2.4444,4.1667,4.0556,0.5,0.5,0.2778,0.1667,0.6111,0.6111,0.3889,0.5,0.6667,0.7222,1,0.3889,1.2778,1.9444,0.2778,0.5,0.8333,3.5,1.7222,0.6667,2.6111,2.3333,2.3889,2.2778,1.3889,2.5,3,1.8333,3.7222,2.2222,2.5556,2.7778,2.5556,4.5,1.5556,2.4444,2.6111,3.5556,6.9444,2.4444,4.3889,3.3333,4.1667,3.4444,3.2778,3.4444,4,3.7222,3.6111,5.5,4.7222,3.8889,4.6111,4.0556,2.7778,3.9444,4.7778,3.2222,3.8333,6.5
1-212.txt_235,2.6842,0.9474,1,0.8947,1.4211,1.1053,0.9474,2.2105,0.7895,1.4737,1.3158,1.1053,1.8947,1.1053,0.8947,1.8421,1.8947,0.6842,1.2105,1.8421,2.1053,4.9474,2.6316,2.4211,1.4211,3.5789,2.9474,1.8421,3.7368,2.1579,2.4737,3.8421,2.6842,2.8947,1.9474,2.6316,2.7368,1.6842,2.7895,2.2105,2.3158,3.2632,4.1579,3.5789,1.9474,3.6842,3.8421,3.2105,3.4737,1.9474,1.3684,3.8421,2.0526,1.1053,2.3684,2.8421,3.5263,0.9474,2,1.7895,2.6842,2.4737,3.3684,3.9474,1,3.3684,3.8947,1.6842,2.1579,1.4737,1.3684,3.3684,1.6842,1.0526,2.2105,3,2.7895,0.8421,1.6842,1.6842,1.1579,0.4737,0.7368,0.7895,3.2105,0.6842,0.9474,0.8947,1.1579,0.8947,1,0.7895,0.7895,0.8947,0.9474,1.1053,1.1579,0.9474,0.8947,1.2632,1.7368,2.1579,2.0526,2.1053,0.9474,2.4737,2.6316,1.2632,2.0526,1.7895,1.5263,2.2105,1.4737,1.2105,1.4737,1.9474,1.8421,0.7368,1.6316,2,3.1053,3.4211,3.6316,4.5263,1.5263,3.9474,5.4737,3,3.7895,2.4737,2.8421,4.4737,2.6842,2.1579,2.9474,4.1053,3.8421,2.4211,3,2.5789,2.7368,2.6842,3.4737,3.1053,1.3684,2.4737,3,4.9474,2.4211,1.3684,1.2632,3.1053,1.6842,1.5263,2.6316,2.5789,2.3684,1.4211,2.2632,1.7368,0.7895,0.7895,0.9474,0.8947,1.2105,0.9474,0.8421,0.8947,2,0.7368,0.7895,0.8421,0.8421,1.2105,0.4737,1.1053,1,0.6316,1.2632,1.0526,4.3684,4.0526,3.2632,3.4737,3.2105,4.3684,3.9474,2.8947,4.3158,7.8947,7.1579,3.9474,6.6842,5.5263,2.9474,3.8421,4.3684,2.5789,5.3158,6.5789,6.6316,4.5789,3.8421,4.1579,4.2632,4.9474,4.9474,3.6842,3.6842,8.3158,9.8947,4.9474,7.7368,6.4737,4.4211,4.8947,6.3684,3.5789,5.4211,8.2632,5.8947,8.1053,7.9474,7.8421,3,8.4211,9.4211,5.3684,5.7895,4.4737,5.2105,9.7368,5.6842,4.2632,6.4737,7.2105,6.5263,4.2105,4.7895,4.5263,1.7895,2.0526,1.3158,1.2632,1.1053,2.2105,1.6316,1.2105,1.4211,2.1579,2.1579,2.1053,3.7368,1.3684,1.2105,1.6316,2.2105,1.3684,1.2105,2.2105,2.0526,1.5789,1.4211,1.3158,1.5789,1.6316,2.0526,0.9474,1.8421,2.8947,2.8421,1.7368,2.6842,4.1579,1.2105,2,2.3684,1.6842,2.7895,2.8947,0.5789,0.3684,0.5263,0.6316,0.3684,0.5263,0.6842,0.3684,0.5789,0.5263,0.4211,0.5789,0.6842,0.3684,1.3684,0.8947,0.6316,0.3158,0.5789,0.7895,2.9474,1.9474,3.0526,2.8421,2.1053,3.1579,2.9474,2.2632,2.1053,1.3684,1.8421,2.1579,1.7368,1.5789,2.4737,3.8947,2.5789,1.4211,1.7895,1.7368,3.3158,4.0526,4.9474,4.2105,2.8421,3.5789,3.7368,2.6842,3.4211,3.1579,3.1579,4.1579,3.4211,2.8947,3,4.6842,6.1053,1.8947,2.8947,4.2105,2.4737,2.1579,2.1053,1.4211,2.2105,2.1579,1.7895,1.9474,3.3684,2.6842,3.1053,2.4211,2.5263,4.7895,1.1053,2.4737,3.2105,2.7895,5.1579,2.5263,3.5789,2.2105,2.2105,2.2632,2.9474,2.5789,2.3158,1.6842,2.1579,5.1053,4.1579,2.7895,4.1579,3.5789,2.7368,2.9474,4.4737,1.5263,2.4737,5.6842,0,0,0,0,0,0,0,0,0,0,0,0,0,0,0,0,0,0,0,0
1-212.txt_237,9.5,5.1667,4.5,5,4.7222,5.2222,6.0556,5.5556,4.2778,5.2778,4.6111,6.0556,5.1667,3.5556,4.6111,6.7778,6.1667,2.8333,4.1111,5.8889,2.5556,5.3333,3.7222,3.1111,1.1667,3.4444,3.2778,2.2222,3.2222,1.2222,1.5556,4.2222,1.8889,1.1667,1.7778,2.7778,2.6667,1.1667,2,1.6111,4.2222,5,10.5,6.8333,2.5,5.5556,5.8333,5.2778,5.5,2.5556,2.5,5.1111,3.2778,2.5556,3.9444,5.5,5.1111,2.3333,3.3889,3.1667,4.6667,4.3333,6.8333,9.6111,2.5,5.8333,6.8889,4.3333,4.1667,2.6667,2,4.8889,2.7778,2.5,4.3333,5.8333,4.4444,1.6667,3.1111,2.8333,1.3889,0.7778,1.3333,1.1111,3.8333,1.0556,1.1667,1.3333,1.1667,1.0556,1.2778,1,1.1111,1.1111,0.7778,1.2222,1.3333,1.1667,0.8889,1.1111,4.2222,5.7222,5.5556,4.5556,2.3889,8.9444,5.8333,3.3889,5,3.2778,3.6111,5.9444,4.5556,3.3889,4.2778,4.8889,4.9444,3.6667,4.2222,4.1111,5.7222,5.6111,6.1111,7.4444,2.5556,7.3333,10.1111,4.5,5.6111,3.4444,3.2778,6.3889,4.1111,3.6667,4.9444,6.1667,5.2778,3.3889,4.7778,4.9444,3.6667,2.7222,3.6111,3.4444,2,2.8333,3.2222,6.8889,2.6667,1.7778,2.1667,3.3333,2.8333,2.7778,2.5,3.6667,2.8333,2.1111,2.5,2.3333,3.2778,2.3889,2.2222,1.9444,3.3889,2.4444,2,1.3889,2,7.1667,5.3333,2.3889,4.7778,4.2222,2,2.6111,3.8333,2.1111,3.6667,6.4444,8.7778,6.5,5.6111,4.6111,7.7222,6.8889,5.7778,4.5556,5.6667,13.6111,16.5556,7.4444,13.5556,11.9444,5.7778,7.8333,8.8333,7,9.5,12.6111,6.6667,10.1667,8.5,6.7222,4.2778,9.0556,8.8333,5.3889,6.6111,5,5.5556,13.2222,6.6111,4.3333,5.9444,8.0556,7.6111,3.7222,5.2778,5.9444,0.8889,0.7778,0.8889,0.5556,0.7222,0.8889,0.7778,0.5,0.6111,1,1.1111,0.7778,1.6667,0.8333,0.7778,1,1.1111,0.6667,0.7222,1.2222,2.9444,2.6667,3.2222,2.7778,3.3333,2.5,2.5,2.2778,4.1111,4.5556,4.4444,3,4.1111,8.8333,1.9444,3.2778,3.7222,4.8889,7.2778,3.9444,3.3889,2.8889,3.3889,3.6667,2.1667,3.2778,3.3333,3.2778,2.7222,2.5556,3,3.3333,3.1667,2.7222,8.0556,3.5,3.4444,1.6111,3.2778,3.5,7.1667,5.7778,7.6111,6.7778,5.2778,6.6111,7.1111,5.9444,5.7778,5.3333,4.7778,6.8889,5.0556,5,5.2778,10.7222,7.8889,3.9444,5.6111,4.8333,5.6667,5.5,6.7222,5.2222,4.0556,5.6111,5.2222,4.5556,4.9444,4.8889,4.3889,5.6111,4.6667,3.6667,5.3333,7.1667,9.8889,4,4.2778,6.1111,0.2778,0.2222,0.4444,0.1667,0.2222,0.2778,0.3889,0.4444,0.2778,0.2778,0.3333,0.1667,0.3333,0.5556,0.0556,0.2222,0.2778,1.9444,0.7222,0.3889,1.9444,2,1.6667,1.1667,1.6111,2.1667,1.8889,1.0556,4.1111,2.2222,2.7222,1.7778,2.3889,4.6667,1.4444,1.9444,1.9444,4.2778,7.5,2.4444,5.7222,4,3.5,3.5556,4.5,4.3333,3.8889,3.5556,3.7222,8.1111,7.2778,4.1667,6.4444,6.5,4.5556,5,6.5556,3.8889,6.2222,9.7778,0,0,0,0,0,0,0,0,0,0,0,0,0,0,0,0,0,0,0,0
1-212.txt_239,7.8889,4.8333,4.6667,3.4444,3.3333,4.7778,4.4444,5.0556,3.2222,3,3.3889,4.7222,3.3333,3,4.0556,5.6667,4.6111,1.9444,3.8333,4.0556,1,2,1.1111,0.9444,0.5556,1.3889,0.9444,0.6111,0.7778,0.7778,1.0556,1.5,1.1111,0.9444,0.8889,1.3333,1.4444,0.4444,0.8333,1.1111,2.2778,2.1667,4.2778,3.0556,1.1111,2.7778,2.5,2.8333,2.1667,1.5556,1.5,2.8333,1.6111,2.5556,1.8333,2.7222,2.7778,1.2222,3.0556,1.8889,3.3889,3.5556,5.8889,8.6667,1.6667,5.2222,5.5556,3.6667,3.5556,1.8333,2.1667,4.1667,2,2.8333,3.6111,4.6111,3.7222,2.5556,2.6667,2.1667,1,0.6667,0.9444,0.4444,3.4444,0.7222,0.3889,0.7778,0.5,0.8333,1,0.7222,0.7778,0.5556,0.7222,1.1111,0.8333,0.5,0.5556,1.2222,1.1111,1.1111,0.5556,0.5,0.5,1.1667,0.7222,0.7222,0.7778,0.7778,0.8889,0.6667,0.9444,1,0.6667,1,1.1667,0.4444,0.9444,1,3.3889,3.3333,3.5,3.5556,2.0556,4.2778,5.5,2.4444,2.3333,2.5556,2.3889,3.8889,2.3333,1.5,2.7222,3.3333,3.7222,1.5556,2.6667,2.6111,3.2778,2.0556,3.4444,2.6111,2.4444,3,2.6111,6.8333,2.3333,2.3889,2.1667,2.8333,2.5556,2.3889,2.3333,3.2222,3.1667,3.3889,2.7778,2.5556,0.9444,1.0556,1.5,0.7778,1.7778,1.0556,1.0556,1.1111,2.4444,0.7222,0.8333,1.3333,1,1.6111,0.6667,1,1,1.1667,1.8889,0.8889,2.1667,1.3333,1,1,1.7778,1.3889,1.1667,1.3333,1.3333,4.1111,3.2222,1.5,2.5556,2,1.2778,1.7222,2.2778,1.3889,2.0556,3.8333,3.5,2.5,2.1667,1.4444,2,2.2222,1.7778,1.7778,2.6667,4.5,5.7222,2.6667,4.2778,4.9444,2.5,2.7222,3,2.4444,4.1111,4,5.8333,7.2222,6.8333,6.3889,2.7778,6.6111,6.1111,4.4444,4.9444,4.3889,4.1111,9.8889,4.5,3.0556,5.6111,5.6667,6.5556,2.5556,3.6111,4.8889,0.8333,0.8889,0.4444,0.3333,0.4444,0.7778,0.6667,0.3333,0.5,1.0556,1.1111,0.8333,1.6111,1,1.1111,0.7222,0.6667,0.8333,0.8889,1.2222,2.7778,2.1111,2.0556,1.7222,2.5,2.9444,2.4444,1.3889,3.0556,4.4444,4.5556,2.4444,4.2222,7.8889,2.1111,2.2778,3,4.0556,5.6111,3.7778,1.3889,1.0556,1.8889,1.8333,0.6111,1.2778,1.5556,1.0556,0.8889,0.7778,0.9444,1.2778,1.1667,0.7222,3,1.7222,1.2778,0.4444,0.9444,1.0556,4.8889,3.8889,4.7778,4.6667,2.4444,4.7222,5,4.0556,3.9444,2.8333,3.3333,4.5,3.3333,3.0556,3.3889,7.0556,5.8889,2,3,3.5,3.8889,4.1667,4.8889,3.1667,2.7222,4,3.7778,2.6667,3.7222,3.0556,2.5556,4.6111,3.2222,2.5556,3.4444,5.5556,7.3333,1.6667,3.5556,3.5556,0.3333,0.3333,0.4444,0.2222,0.3889,0.8333,0.4444,0.2778,0.4444,0.3889,0.5,0.5,0.5,1.1667,0.1667,0.5,0.6667,2.7778,1.3333,0.5,1.6111,1.7778,1.3889,1.1111,1.2778,1.8333,1.3889,0.8889,2.9444,2.3889,2.3333,1.5,2,4.5556,1.4444,1.7778,1.9444,3.2222,6.4444,1.9444,6.0556,4.2778,5.5556,5.2222,4.0556,5.3333,5.3889,4,4.9444,7.6667,6.5,4.8889,6.9444,6.2222,3.9444,5.2222,7.1111,3.7778,5.2222,9.4444
1-212.txt_241,5.4118,2.2941,2.4706,2.8235,2.3529,3.0588,3.0588,3,2.1176,2,2,2.7647,2.1765,1.6471,2.4118,3.7647,2.9412,1.7059,2.3529,2.6471,1.0588,2.4706,1.1765,1.2941,0.5294,1.5882,1.5294,1.1765,1.1176,0.5882,0.7059,1.5294,1,0.6471,1.3529,1.2353,1.3529,0.7059,1.1765,0.7647,4,5.5294,11.4706,7.3529,2.2941,5.6471,5.6471,4.3529,5.7647,2.3529,2.4118,5.5294,3.6471,2.2353,3.7059,5.9412,5.9412,1.2353,3.4118,2.7647,1.8824,1.7059,3.1765,5.4118,1.0588,2.2941,2.8824,1.8235,1.9412,1.2353,1.2353,2.2941,1.2941,1.1176,1.7647,2.4118,2.2941,0.7059,1.4118,1.2941,2.4706,1,1.7059,1.3529,6.7647,1.2353,1.1176,2,1.1765,1.5294,1.5294,1.1176,1.5882,1.4706,0.9412,2.4706,2.0588,1.4118,1.7647,1.8235,0.9412,1.4706,0.9412,0.7647,0.4118,2.2353,1.1765,1,0.9412,0.4706,0.7059,1.4118,0.9412,0.4118,0.6471,1,1.0588,0.4706,0.6471,0.5882,4.3529,5.0588,5.7059,6.7647,1.4706,6.9412,10.5294,3.5882,4.8235,2.3529,2.1176,6.2941,3.1765,1.7647,3.8235,5.3529,4.7059,1.8235,2.8824,3.2353,3,2.0588,2.9412,2.5294,1.7059,2.2941,1.8824,6.7059,2,0.7647,1.1176,2.1176,1.5294,1.5294,1.7059,2.8824,2,1.9412,1.8824,1.2941,0.8824,0.6471,0.7059,0.6471,0.4706,0.8235,1.0588,0.5294,1.9412,0.5294,0.5294,0.7059,0.9412,0.8235,0.5294,0.7647,0.8235,0.5882,1.0588,0.5294,1.4706,0.9412,1.0588,1.5882,1.4118,1,1.0588,0.6471,0.8235,3.7059,2.4706,1.0588,2.2353,1.7059,1,1.1765,1.6471,0.8824,1.4118,3,4.2941,3.1176,2.4706,2.2941,3.8824,3.4706,3.0588,1.5882,2.9412,7.2941,9.8235,3.2353,7.4118,6.6471,2.7647,3.4706,4.3529,3.8235,5.7647,6.1176,3.0588,4.1765,3.1765,3.4706,1.1765,4.1176,4.4118,2.4118,2.7059,1.5294,1.5882,6.4706,2.1765,1,2.4118,3.1176,3.0588,1.2353,1.9412,2,1.2353,0.9412,1,0.8824,0.8824,1.1176,0.8824,0.8824,0.7647,1.6471,1.8235,1.1176,2.8235,1.1765,0.7059,1.0588,1.2941,0.7647,0.9412,1.7059,2.4706,1.8824,2.1176,1.8235,1.7647,2,2,1.6471,3.3529,2.9412,3.1176,2.0588,3.1765,7.3529,1.2941,2.4118,2.4706,3.2353,5.0588,2.7059,1.3529,0.8824,1.0588,1.5294,0.8235,1.1765,1.2353,0.8235,0.8824,1.1176,0.9412,1.2353,1.1176,0.5882,3.9412,1.4118,1.7059,0.4118,0.7059,1.5882,5.5294,3.7059,5.3529,4.5882,3.3529,5.1176,4.4118,4,3.6471,2.7647,2.9412,4.7059,4.0588,2.4706,3.7647,7.7647,5,2,2.8235,3.1765,8,6.8824,8.6471,6.9412,6.5294,8.1176,7.7647,5.6471,5.6471,6.1176,5.8824,8.2353,7,4.5882,5.8235,9.4706,15.1765,5.5294,5.6471,7.6471,0.2353,0.2353,0,0,0.2353,0.2353,0.1176,0.2353,0.2353,0.2353,0.3529,0.1176,0.3529,0.5882,0.1176,0.2353,0.2353,2,0.8235,0.1176,2.3529,1.8235,2,1.8824,1.5882,2.4706,2.4118,1.7647,3.7647,1.8824,2.0588,2.0588,2.2353,4.2941,1.8824,2.5882,3.1176,3.8824,6.8824,2.1176,4.7059,2.8235,2.8235,2.2353,3.6471,3.0588,2.8824,2.4118,2.1765,6.7059,5.3529,3.2941,5.1765,3.8235,3,3.5294,5.4118,1.9412,3.5882,8.4118
1-212.txt_243,3.7368,2.4211,2.3684,2.7895,2.4211,3.3684,3.3684,2.6316,2.5789,2.2632,2.3684,3.3158,2.0526,1.8947,2.5789,3.3158,3.1053,1.3684,2.5789,2.6842,3,5.7368,3.4737,4,1.5263,4.3684,4.6316,2.2105,3.3158,2.4737,3,5.3158,2.8947,2.6316,2.6842,3.6842,3.6316,2.3684,2.4211,2.6842,3.6316,4.5263,6.9474,5.6316,1.5263,5.2632,5.1579,4.0526,5.1579,2.7368,2.2632,5.1579,3.0526,2.2632,3.5263,4.3684,4.2632,2.5263,2.9474,2.8947,2.2105,2.3158,3.2632,4.1579,1.4737,2.5263,2.8947,1.6842,2.3158,1.8421,2.1579,2.8421,2.0526,1.6842,2.2632,3.0526,2.8947,0.9474,2,2.1579,1.3684,0.3684,0.5789,0.3158,3,0.4737,0.3684,0.7895,0.3684,1,1.2632,0.4211,1.0526,1.1053,0.5789,0.9474,1,0.8421,0.8947,1.1579,1.7895,2.3158,2.3684,2.1053,1.2105,2.8947,2.7895,1.3158,1.9474,1.5263,1.6316,2.3158,1.8421,1.6842,1.4211,1.9474,2,1.4737,1.5789,1.6842,4.1579,6.1579,5.1579,5.5263,2.8947,6.4737,7.4211,3.7368,5.6316,3.5263,2.9474,6.4211,3.7368,2.5789,3.9474,5.4211,5.7895,2.4211,3.7368,3.7368,3.6842,3.2105,3.6842,3.6842,2.3684,2.7895,2.8421,6.6842,2.8947,1.5263,1.8947,3.2632,2,1.5263,2.7895,3.6842,3.1053,1.6316,1.4737,2.1053,1.3158,1.5263,1.8947,1.5789,2.1579,1.7368,1.5263,1.3158,2.7368,1.5789,1.6316,1.5789,1.3684,1.7895,1.2105,1.5263,1.4211,0.8947,1.9474,1.8421,3.2105,2.2632,1.7895,1.6316,1.4737,2.3684,1.8421,1.2105,1.4737,4.7368,3.7895,2.4211,3.5263,3.4737,1.7368,2.0526,2.3684,1.8947,3.0526,4.2632,5.3158,4.1053,3.5263,3.2105,5.1579,4.4737,3.6842,3.0526,3.5263,7.5789,10.2105,4.0526,8.4737,7.3158,3.7895,4.7895,5.2632,3,4.8947,7.4737,2,2.7368,2.2632,2.7368,1,2.6316,3.5263,2,2.0526,1.9474,1.2632,3.5789,1.6316,0.9474,2.6842,2.3158,2.5789,0.6842,1.3684,1.7368,1.5263,1.3684,1.1053,0.7895,0.9474,1.4737,1.2632,0.8421,1.2632,2,2.2105,1.6316,3.1579,1.4737,1.1053,1.4211,1.7895,1.4211,1.2105,2.1053,3.7368,2.1579,1.8947,2,2,2.4211,2.6842,2.6842,3.0526,3.5789,3.8947,1.8421,3.1053,5.3158,1.3684,2.7895,2.9474,2.2632,4.2105,3.5789,2.1579,1.9474,2.3158,2.4211,1.2105,2.2632,2.5789,1.6842,2.1579,1.6316,1.6842,2.3684,1.7368,1.3684,4.3684,2.5263,2.1053,0.9474,1.3158,1.5263,5,3.5789,4.4211,4.3684,2.8947,4.7895,5.2632,3.7368,3.4737,3.2105,4.0526,4.8947,3.3158,3,4.1053,6.4211,5.4211,2.3684,3.5789,4.2632,3.5789,3.7895,2.4737,3,1.9474,3.3158,3.0526,2.2632,3.2632,4,3.3684,3.3684,3.6316,3.3158,2.4211,3.5789,5.3158,1.7895,2.6842,3.9474,0.3684,0.3158,0.2105,0.1579,0.3684,0.3684,0.2632,0.3684,0.3684,0.3158,0.4211,0.2632,0.4737,0.7368,0.2105,0.3158,0.3684,1.8947,0.9474,0.3158,2.4211,2.8947,1.9474,1.6316,1.3158,2.7895,3.0526,1.6842,3.8947,3.1579,3.3684,2.6842,3.2105,5.2105,1.7368,2.1579,2.3158,3.0526,6.0526,3.3684,4.2632,4.2632,3.3158,2.6842,2.3684,3.7895,3.8947,2.4211,3.7368,5.9474,5,4.3158,5.4211,5,3.5789,4.1053,5.4737,2.7368,3.8947,6.7895
1-212.txt_245,6.2105,3.9474,4,3.5263,2.4737,3.9474,4.5263,4.6842,3.7368,4,4.4737,4.2632,3.7895,3.5263,3.9474,5.3158,5.1579,3.4737,3.3684,5.3684,0.7895,1.6842,0.8421,0.8947,0.3158,1.3158,0.9474,0.4211,1.1579,0.6842,0.6316,1.2632,0.6316,0.5789,0.6842,0.8947,0.8421,0.9474,0.8947,0.6316,1.1579,1.4737,2.3684,1.8947,0.5789,1.3158,1.4211,1.5263,1.5263,0.7895,0.6842,1.6316,0.7895,0.8421,0.7895,1.4737,1.4211,0.4737,0.9474,0.7895,4.3158,4.6316,6,7.1579,1.6316,5.3158,6.1053,4.2632,4.4737,2.7895,2.3158,5.4737,3.3684,2.1053,3.4211,5.1053,5.2105,1.6316,2.7895,3.4211,1,0.7895,1,0.7368,3.0526,0.6842,0.6316,0.6842,0.6842,1.2105,0.9474,0.9474,1,1.0526,0.7895,1.3158,1.4737,0.8947,0.7895,1.1053,2.6842,2.8947,2.4737,2.5789,1.8421,3.9474,3.4737,2.1579,2.9474,2.0526,1.7368,3.2105,2.3158,2.0526,2.3684,2.6842,3,1.7895,2.2632,2.6842,2.5789,2.7368,3,4.2632,1.3684,3.9474,4.8421,2.4737,2.8947,1.8947,2.2632,2.8947,2.2105,2.5263,2.3158,2.7895,2.7895,2.6316,2.2632,2.1579,4.1579,3.3684,3.7895,3.0526,2.5263,3.4211,3.2105,6.2632,3.3158,2.2105,2.4211,3.4737,2.4211,2.4737,2.2632,4.2632,4.2105,2.1053,2.4737,2.8947,1.2105,1.7368,2.0526,2.2632,0.5789,1.7895,2,1.1579,2.2632,1.0526,0.9474,2.1579,1.5263,1.1053,1.5789,1.4211,1.6842,0.8947,1.1579,1.2105,2.8947,2.1053,2.5789,2.3684,2.3684,2.5263,2.6842,2.0526,2.5263,4.4737,3.7895,2.6842,3.5789,3.8947,2.2105,2.9474,3.4211,1.6316,2.8947,4,5.0526,3.4737,2.7895,3.0526,4.4737,4.2105,3.6316,3.3158,3.4737,7.2105,8.8947,3.4737,6.8421,6.6316,3.4737,4.5789,4.7895,3.7895,5.4737,6.5789,1.9474,3.9474,2.9474,2.5789,1.2105,3.4211,3.4737,2.1579,2.2632,2.1053,1.8421,4.3158,2.0526,1.6842,1.6316,2.5263,3.1053,1.8421,2.2105,2.3158,3.8421,4.1053,3.7368,3.3684,2.7895,5.1579,4.4737,2.7368,2.7895,4.3684,4.5263,4.3684,7.1579,4,2.2632,3.7895,4.3684,2.6316,3.2632,4.8421,1.7895,1.6316,1.2105,1,1.3158,1.7368,1.3158,1.2632,1.5789,2.9474,3.3684,1.7895,2.7368,4.6842,1.4737,1.6316,1.6316,1.9474,3.8421,2.8947,3.1579,3.4737,3.3158,3.2105,2.1579,4.0526,3.8947,2.3684,3.2105,2.4737,3,3.7895,2.8421,1.9474,5.5789,3.7368,3.2105,1.9474,2.4737,2.9474,4.5263,4.9474,5.1053,5.2105,2.5263,4.4737,4.8947,4.5789,5.0526,3.4211,3.4211,5.3158,3.2632,3.5263,4.2632,5.8947,5.1053,2.2632,3.6842,3.8421,2.4211,2,2.2632,1.6842,1.5789,2.2632,2.1579,1.4211,1.8421,1.9474,2.4211,2.3684,2,2.3684,1.3684,2.5789,3.3158,0.8947,2.3158,2.2632,0.4211,0.2632,0.1579,0.0526,0.2632,0.3158,0.2105,0.2105,0.3158,0.3684,0.6842,0.2632,0.4737,0.9474,0.1579,0.2632,0.2632,1.8421,1,0.3684,1.2105,1.3158,1.1053,0.7895,1.2632,1.2105,1.3684,0.8947,2.1053,1.5263,1.7895,1.5263,1.4211,2.6316,0.6842,1.2632,1.1579,1.1579,3.2105,1.2105,6.4211,5.2105,3.9474,3.8421,3.8947,5.1579,5.6842,3.7368,4.5789,7.5263,7.3684,5.1579,7.1053,5.4737,4.5789,5.4211,5.9474,2.8947,5.2632,8.1053
1-212.txt_247,3.85,1.6,1.75,1.65,1.7,1.95,2.2,2,1.7,2.5,2.35,2,2.45,2.55,2.45,2.85,2.65,0.95,2.1,3.25,1.6,2.65,2.05,1.95,0.8,2.05,2.35,1.2,2.3,1.6,1.45,2.15,1.2,1.15,1.8,2.15,2.25,1,1,1.75,2.65,3.85,4.6,4.05,1.45,3.35,3.5,3.4,2.9,1.95,1.9,3.8,2.05,1.1,2.35,3.6,3.15,1.65,1.95,1.9,1.8,2.05,2.8,3.4,0.9,2.35,3.25,1.9,1.75,0.95,1.35,2.25,1.1,1.4,1.5,2.2,2.15,1.15,1.2,1.1,0.65,0.25,0.5,0.35,2.5,0.25,0.25,0.35,0.25,0.5,0.75,0.25,0.8,0.55,0.3,0.75,0.9,0.35,0.55,0.6,4.85,4.9,5.65,6.95,2.4,6.65,8.7,3.75,4.35,3.75,3.6,6.05,3.9,2.05,4.8,5.35,5.45,2.6,3.3,4.1,4.5,3.8,4.2,4.25,2.35,3.65,3.55,6.4,2.85,2.15,2.5,4.2,3.2,2,2.6,4.55,4.05,1.8,2,2.8,2,2.35,2.05,2.05,1.15,2.45,2.35,1.85,3.4,1.8,1.6,2.1,2.05,2.25,1.4,2.4,1.9,2.4,2.7,1.85,2.85,2.95,2.45,2.1,2.05,2.35,2.35,1.55,2.4,4,3.55,2.9,3.3,3.4,1.75,2.55,3.65,1.95,2.4,4,3.8,2.85,2.5,2.9,4.5,3.1,3.1,2.7,2.45,5.5,7.95,2.9,5.55,5.5,2.9,3.25,3.95,3.9,3.9,5.2,3.7,5.7,4.25,4.05,1.8,5.6,5.65,2.75,4.8,3.25,3.25,6.95,3.7,2.7,2.95,4.65,4.8,1.7,3.8,3.8,2.15,1.8,1.3,0.75,1.9,1.8,1.35,1.15,1.6,3.1,3.65,1.7,4.4,2.8,0.95,1.65,1.95,1.4,2.9,2.85,2.5,2.25,2.4,1.65,1.5,2.55,2.45,1.75,2.8,3.75,3.6,1.95,3.8,5.65,1.3,2.25,2.9,3.05,4.15,3.6,2.7,1.75,2.5,3,1.35,2.65,2.2,2.1,1.4,2.1,2.2,2.3,2.1,2,4.85,2.45,2.15,0.8,1.7,1.8,2.65,2.65,2.7,2.8,1.75,3.65,3.5,2.3,2.4,2.35,2.7,3,2.1,1.85,2.75,3.3,3,1.85,1.9,2.55,2.7,2.7,2.25,2.6,1.55,2.3,2.55,2.55,1.95,2.7,2.8,2.85,2.1,2.3,1.95,3.25,4.65,1.35,1.75,2.7,0.35,0.55,0.4,0.15,0.25,0.4,0.25,0.35,0.45,0.4,0.55,0.5,0.65,0.55,0.4,0.3,0.5,1.65,0.75,0.45,1.1,0.9,0.6,0.55,0.9,0.65,0.65,0.7,1.75,1.8,1.7,0.85,1.5,2.95,0.5,1,1.1,1.55,3,1.45,4.55,3.55,3.5,3.35,2.65,4,3.8,2.45,3.7,4.9,4.5,3.4,4.75,4.65,3.25,4.4,5.15,1.85,3.7,5.95,0,0,0,0,0,0,0,0,0,0,0,0,0,0,0,0,0,0,0,0
1-212.txt_249,1.2,0.4,0.4,0.4,0.6667,0.5333,0.5333,0.6667,0.4,0.5333,0.4,0.5333,0.5333,0.4,0.5333,0.8,0.6667,0.2667,0.4,0.6667,0.4,1.4667,0.6667,0.4,0.1333,0.8,0.6667,0.2667,0.6667,0.2667,0.4,0.9333,0.4,0.2667,0.4,0.5333,0.5333,0.2667,0.4,0.2667,2,3.3333,7.3333,4,1.3333,3.3333,3.3333,3.3333,4,0.6667,0.6667,3.3333,2,1.3333,2,4,3.3333,0.6667,2,1.3333,1.6,1.6,3.2,5.8667,0.5333,2.6667,3.7333,2.1333,2.1333,0.5333,0.5333,2.1333,1.0667,0.5333,1.6,2.6667,2.1333,0,1.0667,0.5333,0.6667,0.1333,0.2667,0.1333,2,0.2667,0.1333,0.2667,0.2667,0.5333,0.5333,0.2667,0.4,0.2667,0.2667,0.5333,0.5333,0.2667,0.2667,0.5333,1.0667,1.6,1.3333,1.3333,0.5333,2.9333,1.8667,0.8,1.6,0.5333,0.8,1.6,1.3333,0.2667,1.0667,1.3333,1.0667,0.8,0.8,0.8,2.4,3,3,4.2,0.6,4.2,6.6,1.8,3,0.6,1.2,3.6,1.8,0.6,2.4,3,2.4,1.2,1.8,1.2,3,1.2,3,2.4,1.2,1.8,1.8,6.6,1.8,0.6,0.6,1.8,1.2,1.2,1.8,3,1.8,1.2,1.2,0.6,0.8,1.3333,1.6,1.0667,0.5333,1.6,1.3333,0.8,3.4667,0.2667,0.5333,1.0667,0.8,1.0667,0.8,1.0667,0.8,0.5333,1.8667,0.2667,4.5333,2.2667,1.1333,1.1333,4.5333,2.2667,1.1333,1.1333,1.1333,10.2,7.9333,2.2667,6.8,5.6667,2.2667,2.2667,4.5333,2.2667,4.5333,9.0667,2.2,2.2,0.7333,0.7333,2.9333,2.2,1.4667,0.7333,1.4667,5.1333,6.6,1.4667,5.1333,3.6667,1.4667,1.4667,2.9333,2.2,2.9333,4.4,1.8667,3.2667,2.3333,1.8667,0.9333,2.8,2.8,1.4,1.8667,0.9333,0.9333,4.6667,1.4,0.9333,1.8667,2.3333,1.8667,0.9333,1.4,0.9333,1.0667,0.8,0.8,0.5333,0.8,1.3333,0.8,0.5333,0.8,1.6,1.8667,0.8,2.9333,1.3333,0.5333,0.8,1.0667,0.8,1.0667,1.6,0.6,0.4,0.4,0.2,0.4,0.2,0.2,0.4,0.8,1,1,0.4,1,2.4,0.2,0.4,0.6,1.2,1.6,0.8,1.0667,0.8,0.8,0.8,0.5333,1.0667,1.0667,0.8,0.8,0.5333,0.5333,1.0667,0.5333,0.2667,3.4667,1.0667,1.0667,0.2667,0.5333,0.5333,2.8,1.8667,2.8,2.3333,1.8667,2.3333,2.3333,2.3333,1.8667,0.9333,0.9333,2.3333,1.4,0.9333,1.8667,4.2,3.2667,0.9333,1.4,1.4,1,0.8,1,0.8,0.8,0.8,0.8,0.6,0.6,0.8,0.8,0.8,0.8,0.6,0.8,1.4,2,0.4,0.6,1,1.4,1.4,1.4,0.9333,0.9333,1.4,1.4,0.9333,3.2667,1.8667,1.8667,1.4,1.8667,3.7333,0.9333,1.4,1.4,3.2667,5.6,1.8667,3.3333,1.3333,1.3333,0.6667,2.6667,2,1.3333,0.6667,0.6667,5.3333,4,1.3333,4,2.6667,1.3333,2,3.3333,1.3333,2.6667,6,0,0,0,0,0,0,0,0,0,0,0,0,0,0,0,0,0,0,0,0
1-212.txt_251,10.2632,4.9474,5.4737,5,4.5789,5.2105,5.4211,5.1053,4.8421,4.5789,4.6842,5.8947,5.4211,4.1053,5.3684,7.4737,6.8421,3.2632,4.3684,5.7895,4.5263,9.1053,5.2632,5.0526,2.2632,5.7895,5.2105,3.5263,4.6842,3.1579,3.7368,7.0526,4,3.1579,3.7895,5.1579,5.1053,2.3684,4.2105,3.6842,2.1053,2.4737,5.1053,6.4737,2.1053,2.8421,3.8947,2.3158,2.9474,1,0.9474,2.7368,1.2105,1.1053,2.3684,2.8947,2.7895,0.6316,1.5789,1.4211,0.8947,0.4737,0.5263,0.4737,1.8421,0.5263,0.6316,1.2105,0.7368,0.7368,0.8421,0.6316,0.6316,0.5789,0.4211,0.8421,0.8947,0.4737,0.7895,0.6842,3.7895,4.1053,4.2632,3.7895,2.2632,5.3684,4.8947,2.3684,3.2632,2.4737,2.2632,4.7368,2.9474,2.7895,3.3158,4.0526,4.9474,1.5263,4.1053,3.2105,2.3684,2.2632,2.9474,2.6842,1.3684,2.7368,3.6316,1.8421,2.0526,1.2632,1.1579,2.6842,1.4211,0.9474,2.1579,2.9474,2.5263,0.8947,1.4211,1.5263,3.3158,2.4737,3.8421,2.7368,1.8421,3.1053,2.5789,6.2632,3.1579,1.3684,1.7895,3.1053,2.2105,2.4211,2.0526,3.6316,2.6842,2,2.6316,1.8947,0.5263,0.9474,0.7368,0.5263,0.3684,0.7368,0.7368,0.5789,1.7368,0.5263,0.4211,1,0.5263,0.7368,0.4211,0.7368,0.5263,0.8421,1.3158,0.4737,2.0526,1.4737,1.3158,0.9474,1.9474,1.2105,1.1579,1.0526,1,4.7368,3.4737,1.4211,3,2.5789,1.1579,1.5263,2.4737,1.4737,2.0526,4.0526,6.3684,4.6842,4,3.4211,5.8421,4.9474,4.1053,3.9474,4.7895,9.2105,11.8421,5.5263,9.4737,9.5789,3.5789,5.8421,6.5263,5.6316,7.4211,8.6842,0.9474,1.3158,1.5263,1.5263,0.5789,1.4737,1.6842,1.0526,0.8421,0.9474,0.8421,1.6316,0.7895,0.5789,0.8947,1.1053,1,0.4737,0.7895,1.2632,0.8421,1,1.0526,0.5789,0.7895,1.2105,0.9474,0.7368,1.0526,1.4737,1.6316,1,1.9474,0.9474,0.6316,1,1.0526,0.7368,0.8421,1.4211,1.1053,0.8421,1,0.8421,0.8421,1,0.7895,0.6316,1.0526,1.5263,1.6316,1.1053,1.2632,2.7895,0.8947,0.9474,1.2105,1.2105,2.2105,1.7895,4.2105,4.1053,4.4737,4.5263,3.1579,4.6316,5,3.8421,3.5263,2.7368,2.5263,4.6842,3.3684,2.4737,9.5263,4.6842,4.0526,1.8421,3.5263,3.1579,2.7895,2.2632,3.7368,2.6316,1.7368,2.3158,3,2.1053,2.2632,1.5789,1.4737,2.4737,2,1.4737,1.4211,4.1579,3.4737,0.5789,1.2105,2.1053,1.4211,1.3684,1.5263,1.1579,0.8947,1.7368,1.2632,1.0526,1.2105,1,1.1579,1.2632,1.1053,1,0.8947,1.8947,2.4737,1.5789,1.4211,1.3684,1.6316,1,1.4211,0.7895,1.0526,1.2105,1.1053,0.9474,1.5263,1.6316,1.7368,1.4737,1.4737,2.9474,0.7895,1.1579,1.2105,4.8421,3.3158,1.6842,1.1579,1.1053,1.3158,0.8947,1,1,1.1579,0.5789,2.1579,1.4737,1.2632,1,1.3684,2.8947,0.5263,1.1053,1.2105,1.9474,3.9474,1.4211,4.1579,2.9474,3.6316,3.3684,4.3684,3.8421,3.5263,2.6842,3.4211,5.8421,4.7368,4.1579,4.9474,3.8947,3.4211,4,4.8947,2.3684,3,7.4737,0,0,0,0,0,0,0,0,0,0,0,0,0,0,0,0,0,0,0,0
1-212.txt_253,9.7778,5.6667,6.0556,5.7222,4.5556,6.1667,6.4444,5.5,5.1111,4.6111,4.8333,6.1111,5.1111,4.1111,5.0556,7.0556,5.9444,3.5,5,5.8889,5.3333,10.4444,5.9444,4.7222,3.1111,6.4444,6.4444,3.8333,5.2222,5.1111,4.7778,8.1111,5.5556,4.0556,4.2222,5.8889,6.0556,2.9444,5.1667,5.5556,1.3333,1.3889,1.8889,1.6667,0.7222,1.1667,1.0556,0.9444,0.9444,0.8333,0.7222,1.1667,0.9444,0.6667,1.7778,1.2222,1.2222,0.6111,0.9444,0.7778,3.0556,3.3333,5.6111,6.9444,1.4444,3.7222,4.9444,3.0556,3.2778,1.6667,1.9444,4.0556,2.3889,1.7778,4.7222,4.0556,3.9444,1.1667,2.2222,2.2778,0.8333,0.7778,0.6111,0.5,1.9444,0.7778,0.7222,1.2778,0.7778,0.7222,0.9444,0.6667,0.9444,0.8333,0.5556,0.7222,0.8889,0.5556,0.5556,0.7778,1.5556,1.8333,2.0556,1.7778,0.8333,3.1111,2.5556,1.1111,1.7222,1.2222,1.1667,2.0556,1.3889,0.8333,1.6667,2,1.8889,1.3333,1.3889,1.5,1.8333,1.7778,2.7222,3.0556,0.7222,2.3889,3.5556,1.5,1.7778,0.9444,1.0556,2.1111,1.2222,0.8889,1.2222,2.1667,1.8333,0.7778,1.4444,1.3889,5.4444,3.9444,7.1667,5.2222,4.8333,5.2222,4.4444,10.2222,4.1667,2.7222,2.8333,4.4444,4.0556,3.4444,3.8333,6.1667,4.8889,3.2222,3.7222,3.8889,1.3333,0.5556,0.5,0.5,1.3333,0.7778,0.5556,0.5,0.5,2.1111,1.7222,0.6111,1.6111,1.5,0.5,0.9444,1,0.5556,0.8889,1.6667,5,4.4444,3.2222,2.1667,3.5556,3.8889,3.2222,2.7222,3.5556,6.2778,8.6667,4.4444,7.1667,6,2.6111,4,4.2778,3.4444,4.7778,5.8333,2.9444,3.5,2.7778,2.7778,1.3333,3.2222,3.7778,1.7778,2.4444,2.0556,2,5.0556,2.2222,2.0556,2.3889,3.1667,3.6667,1.8333,2.9444,2.6111,1,0.8333,0.9444,0.5556,0.8889,0.9444,0.6667,0.6111,1.0556,1.6667,1.6667,0.8333,2.2222,1.2778,0.7778,0.8889,1.1667,0.8333,0.9444,1.7778,1.5556,1.3889,1.6667,1.0556,0.8889,1,1.1667,1.4444,1.4444,1.5556,1.8889,1,1.8333,3.5,1.1667,1.6667,1.7222,1.6111,2.8333,1.9444,4.5,3.8333,4.2222,3.7222,3.1667,4,4.3889,3.2222,3.3889,3.1667,3.2222,4.5556,3.6111,3.2222,8.5556,4.4444,4.6667,3.3889,3.8889,4.5556,4.5,3.7778,4.6111,4.1111,3.6111,4.1111,3.8889,3.7778,4,2.6667,2.6111,4.1667,3.0556,1.9444,2.9444,6.8333,4.6667,1.7222,2.4444,2.7222,3.1667,2.2778,2.2778,2.5556,2.9444,3.0556,2.9444,2.5556,2.1667,2.7222,2.5,3.0556,2.4444,2.7222,2.2778,3.1667,4.7778,1.7778,2.6111,3.2222,0.5,0.5,1.1667,0.3889,0.8889,0.6111,0.6111,0.5,0.8889,0.5556,0.7778,0.4444,0.7222,1.4444,0.2778,0.6111,0.7778,3.5556,1.7778,0.7222,1.3333,1.2222,1.3333,0.6667,1,1.3889,1.2778,0.5556,3.1111,2.3333,2.2778,1.5,1.9444,4.0556,0.6667,1.3333,1.5556,2.8333,5.7222,1.8333,4.5,2.8889,3.1111,2.9444,3.1667,3.7778,3.0556,2.1667,3,7.5556,5.9444,3.0556,5.6667,5.2778,3.9444,3.8333,5.2222,2.8889,4.3333,8.7778,0,0,0,0,0,0,0,0,0,0,0,0,0,0,0,0,0,0,0,0
1-212.txt_255,6.7647,3.2353,2.7059,2.5294,3.2941,3.9412,3.5882,3.3529,3.1765,3.1176,3.1765,3.8235,3.3529,2.6471,2.9412,4.5882,3.7059,2.2941,3.3529,3.7647,1,2.9412,1.2353,1,0.4706,1.8235,1.5882,0.7059,1.2353,0.6471,0.7647,2,1,0.5294,0.7647,1.2353,1.2353,0.5882,0.8824,0.8824,1.8235,1.8235,4.3529,3.2353,0.8235,2.2941,2.6471,2.7059,2.3529,0.5294,0.5294,2.1176,1.0588,0.5882,1.2353,2.3529,1.8235,0.5294,1.1176,0.7059,3.4706,3.5294,4.9412,8.8235,1.4706,4.1176,5.8824,2.8235,3.1176,1.5882,1.4706,4.8824,1.8824,1.1176,2.7059,4.1765,4.2353,0.5882,1.5882,1.9412,0.7059,0.2353,0.2941,0.2353,1.2941,0.2941,0.2941,0.5882,0.3529,0.4118,0.5294,0.2941,0.4706,0.7059,0.2941,0.4706,0.4118,0.4118,0.7059,0.4706,2.0588,3.0588,2.8235,2.9412,0.7059,5.1176,3.7647,1.5294,2.5294,1,1.0588,3.5882,1.8235,0.5294,1.5882,2.6471,2.1765,1.0588,1.4706,1.0588,3.6471,4.2941,4.2353,5.7059,1.2941,6.0588,8.1765,2.4706,4.4706,1.2941,1.7647,5.1765,2.6471,1.2353,2.7059,3.9412,4.4706,1.4706,2.2941,2.1765,3.7059,2,3.7059,2.8235,1.7059,2.4706,2,7.8824,1.9412,0.9412,0.8824,2.7647,1.6471,1,1.8235,3.2941,2.4118,1.5882,1.1176,1.2941,1.8824,2.5882,3.0588,2,1.0588,2.8235,2.7647,1.4706,7.2941,1.2353,1.4118,2.4706,1.9412,2.2353,1.4706,2.3529,2.1765,1.4706,3.6471,1.3529,2.6471,1.3529,1.4706,1.1176,2.3529,1.6471,1.2941,0.9412,1.3529,6.2353,4.1765,1.5882,3.9412,3.0588,1.5294,2.1765,3.1765,1.6471,2.7647,5,2.5294,1.9412,1.2353,1.0588,2.3529,2.1176,1.9412,0.8235,2.2353,4.7059,6.8824,1.8235,5.2941,4.4706,1.4706,1.8824,2.6471,2.5294,3.5294,4.1176,4.5294,7,5.2353,4.5882,2,6.2941,5.7647,4.1176,4.2941,2.4118,2.5882,10.1176,3.9412,2.0588,4.2941,4.9412,5.5294,2.1765,3.6471,2.9412,1.2941,1.3529,1.1765,0.6471,1,1.5882,1,0.6471,1.0588,1.8824,2.2353,1.3529,3.6471,1.8235,0.7647,1.1765,1.3529,1.7059,1.4706,1.8235,1.7059,1.2941,0.9412,0.8235,1.3529,1.2941,1,0.8824,2.1176,2.4118,2.8235,1,2.7059,6.5294,0.7059,1.4706,1.5294,3.7647,4.8235,2.2941,2.2353,1.4706,1.4118,1.7059,1,2.0588,2.0588,1.5882,1.4118,1.0588,1.1176,2.2353,1.3529,1.0588,6.2941,2.1176,1.8235,0.7647,1.2941,1.2353,6.2353,4,5,4.8235,3.4706,4.7059,5,4.7059,3.7647,2.4706,2.2941,4.9412,3.1176,2.1765,3.8824,8.4118,5.7059,1.9412,2.9412,3.1765,2.4706,2.1176,2.4706,2,1.7059,2.5294,2.4118,1.8824,1.8235,1.7647,1.6471,3.0588,2.0588,1.2941,1.7059,3.0588,4.9412,1.1765,1.8824,2.1765,0.3529,0.3529,0.1765,0,0.3529,0.5294,0.3529,0.3529,0.4706,0.3529,0.5294,0.2353,0.5294,1.0588,0.1765,0.3529,0.3529,2.9412,1.4118,0.3529,2.5882,2.5294,2,1.4118,1.7647,2.6471,2,1.1176,4.8824,2.5294,3.1176,2.8235,3.1765,6.4706,1.7059,2.8235,2.5882,5.4118,10.1765,2.5882,3.4706,2.0588,2,1.5882,2.7647,2.1765,2.2353,1.3529,1.7059,5.1765,4.0588,2.1765,4.0588,3,1.8824,2.7059,3.7647,1.7059,3,6.5294
1-212.txt_257,2.5263,1.4737,1.9474,1.8421,1,2.2105,1.9474,2.1053,2,1.7368,1.4211,1.8421,1.7368,0.9474,1.6316,2.5263,2.2632,1.3158,1.5263,1.7895,0.8421,1.4737,1,0.7895,0.4737,1.3684,1.2105,0.7368,0.9474,0.8421,0.6842,1.4211,1.1579,0.6842,0.8421,1.1053,1.3684,0.4211,0.8421,0.8421,3.0526,4.0526,5.8947,4.3684,2.3684,4.1579,3.9474,3.5789,5.3684,3.2105,2.4737,5.1579,3.3684,3.3158,2.6316,3.8947,4.1579,2.3684,4.2632,3.1579,3.6842,3.6842,4.3158,5.8421,2.0526,4.6316,4.8947,3.1053,3.4211,2.3684,3.3684,4.5789,2.8421,2.4211,4.0526,4.1579,4.4737,1.2632,2.4211,2.6842,0.9474,0.2632,0.4211,0.2632,2.6842,0.4211,0.3158,0.4211,1,0.4737,0.4737,0.3684,0.5263,0.3684,0.4211,0.8947,0.6842,0.8421,0.4737,0.6842,1.7895,2.1579,1.5263,1.6316,1.2105,2.9474,2.6316,1.2632,1.8421,1.5789,1.5263,2.1579,1.8421,1.3158,1.8421,2.1579,2.2632,0.7895,1.2632,1.3684,5.6842,7.7895,8,9.1579,2.8947,8.5263,11.1579,5.2105,6.5789,3.9474,4.2105,8.6316,4.2105,3,5.4211,7.4211,6.6316,4.0526,4.7895,4.4211,4.8421,3.3684,4.2632,4.2105,3.0526,3.6316,3.7895,7.1579,3.2105,1.6842,1.7895,3.9474,2.4737,2,2.7895,4.3158,3.8421,1.4737,2.4211,2.9474,3.8421,4.0526,2.3158,2.3684,3.0526,3.6842,3.5789,1.9474,3.3684,7.3684,6.7895,3.4211,6.5789,6.1053,3.4737,3,4.5263,2.4211,4.3684,6.1053,3.7368,2.8421,1.8421,1.4737,2.8421,2.6842,2.2105,2.3684,2.6316,6.0526,7.7368,2.6842,5.7368,6,2,2.8421,3.3158,2.8421,4.4737,5.9474,3.3684,5.8947,4.0526,3.9474,1.6842,4.6842,5.0526,2.8947,3.8421,3.2632,3.2105,7,3.8947,2.7895,3.6842,3.7368,4.7368,2.5263,3,3.6842,0.8947,0.5263,0.4737,0.5263,0.8421,0.6316,0.4737,0.6316,0.4737,1.4211,1.1053,0.7368,2.1579,1.1579,0.7895,0.8421,1.0526,0.5789,0.8421,1.4737,2.6842,2.4737,1.8947,1.6316,2.2632,2.2632,2.3684,1.4737,2.6316,3,3.3158,2.1053,3.2632,5.1053,1.6842,2.8947,3.2632,2.4211,3.4211,3.3684,2,1.7368,1.8947,1.8421,1,2,2.3158,1.2632,1.6842,1.6316,1.8421,1.8947,1.6842,1.5789,3.5789,2.3158,2.4211,1.1579,1.4737,1.9474,4.3158,3.6316,4.3684,4,2.4211,3.6316,3.5263,3.4737,4,3.9474,3.6316,4.2105,3.5263,3.8421,2.7368,5.4737,5.2632,2.2632,4.3684,4.6316,2.6316,2.2105,2.3684,2.2105,2.5263,2.7895,2.6316,1.8421,2.1053,2.4211,2.3684,2.7895,2.2105,2.4211,1.8947,2.9474,3.5263,1,1.7368,2.6316,1.7368,0.9474,1.1579,1.2632,0.6316,1.4737,1.7368,1.2105,1.9474,1.3158,1.1053,1.6842,1.3158,1.8421,0.6842,1.5263,1.2105,1.2105,2.8947,1.3158,3.5789,2.3158,2.2632,1.6316,2.1053,2.6842,2.2632,1.9474,2.2632,4.3684,4.2632,2.2105,4,3.8421,1.6316,3.0526,3.2632,2.3158,3.2105,4.8947,0,0,0,0,0,0,0,0,0,0,0,0,0,0,0,0,0,0,0,0,0,0,0,0,0,0,0,0,0,0,0,0,0,0,0,0,0,0,0,0
1-212.txt_259,3.9375,1.3125,1.3125,1.3125,2.1875,1.75,1.75,2.1875,1.3125,1.75,1.3125,1.75,1.75,1.3125,1.75,2.625,2.1875,0.875,1.3125,2.1875,1.875,6.875,3.125,1.875,0.625,3.75,3.125,1.25,3.125,1.25,1.875,4.375,2.5,1.25,1.875,2.5,2.5,1.25,1.875,1.25,3.9375,6.5625,14.4375,7.875,2.625,6.5625,6.5625,6.5625,7.875,2.625,1.3125,6.5625,3.9375,2.625,3.9375,7.875,6.5625,1.3125,3.9375,2.625,1.6875,1.6875,3.375,6.1875,0.5625,2.8125,3.9375,2.25,2.25,1.125,0.5625,2.25,1.125,0.5625,1.6875,2.8125,2.25,0,1.125,1.125,2.5,0.5,1,0.5,7,1,0.5,1,1,2,2,1,1.5,1,1,2,2,1,1,2,1.5,2.25,1.875,1.875,0.75,4.125,2.625,1.125,1.875,0.75,1.125,2.25,1.875,0.75,1.5,1.875,1.5,1.125,1.125,1.125,2,2.5,2.5,3.5,0.5,3.5,5,1.5,2.5,1,1,3,1.5,1,2,2.5,2,1,1.5,1,4.0625,1.625,4.0625,3.25,1.625,2.4375,2.4375,8.9375,2.4375,0.8125,0.8125,2.4375,1.625,1.625,2.4375,4.0625,2.4375,1.625,1.625,1.625,0.9375,1.5625,1.875,1.25,0.625,1.5625,1.5625,0.9375,4.0625,0.3125,0.625,1.25,0.9375,1.25,0.9375,1.25,0.9375,0.625,2.1875,0.625,2,1,1,1,2,1,1,0.5,0.5,4.5,3.5,1,3,2.5,1,1,2,1,2,4,3.375,3.375,1.125,1.125,4.5,3.375,2.25,1.125,2.25,7.875,10.125,2.25,7.875,5.625,2.25,2.25,4.5,3.375,4.5,6.75,2.75,4.8125,3.4375,2.75,1.375,4.125,4.125,2.0625,2.75,1.375,1.375,6.875,2.75,1.375,2.75,3.4375,2.75,1.375,2.0625,2.0625,2,2,1.5,1,1.5,2.5,1.5,1,1.5,3,3.5,2,5.5,2.5,1,1.5,2,1.5,2,3,2.25,1.5,1.5,0.75,1.5,1.5,1.5,1.5,3,3.75,3.75,1.5,3.75,9,0.75,1.5,2.25,4.5,6,3,2.25,1.6875,1.6875,1.6875,1.125,2.25,2.25,1.6875,1.6875,1.125,1.125,2.25,1.125,0.5625,7.3125,2.25,2.25,0.5625,1.125,1.125,4.5,3,4.5,3.75,3,3.75,3.75,3.75,3,1.5,1.5,3.75,2.25,1.5,3,6.75,5.25,1.5,2.25,2.25,8.4375,6.75,8.4375,6.75,6.75,6.75,6.75,5.0625,5.0625,6.75,6.75,6.75,6.75,5.0625,6.75,11.8125,16.875,3.375,5.0625,8.4375,0.5,0.5,0.25,0,0.5,0.75,0.5,0.5,0.5,0.5,0.75,0.5,0.75,1.5,0.25,0.5,0.5,4,1.75,0.5,2.4375,2.4375,2.4375,1.625,1.625,2.4375,2.4375,1.625,5.6875,3.25,3.25,2.4375,3.25,6.5,1.625,2.4375,2.4375,5.6875,9.75,3.25,4.6875,1.875,1.875,1.875,3.75,2.8125,1.875,1.875,1.875,7.5,5.625,2.8125,5.625,3.75,1.875,2.8125,4.6875,1.875,3.75,8.4375
1-212.txt_261,6.9,4.1,4.55,4.6,3.75,4.85,5,4.75,3.9,4.05,4.15,4.9,4.2,4.15,5.1,5.65,5.8,2.7,4.15,4.6,1.9,2.9,1.5,1.65,1.25,2.05,1.9,1.6,1.35,1.25,1.6,2.45,1.8,1.1,2,1.75,1.55,0.9,1.4,1.3,2.9,3.3,6,5.35,1.6,4.35,4.4,3.55,3.45,1.9,2.15,3.45,2.3,2.7,2.5,4.85,3.6,2.5,3.05,2.05,1.25,1.4,2.1,2.8,0.5,1.9,2,1.2,1.1,0.8,0.75,1.9,1,1,1.1,1.5,1.5,0.45,1,1.25,1.4,1,1.15,0.75,3.9,1.25,1,0.8,1.05,1.55,1.55,1.3,1.6,0.85,0.8,1.5,1.45,0.8,0.9,1.5,1.95,2.25,2.55,1.8,1.35,3.5,2.7,2.25,1.85,1.6,1.65,2.45,1.8,1.45,2.1,2.25,2.3,1.85,2.15,1.9,4.8,4.8,6.35,6.4,2.35,5.1,7.3,4.25,4.85,3.65,3.65,5.7,4.05,3,3.75,6,5.8,2.3,3.1,3.85,2.2,1.75,2.25,2.4,1,1.85,2.35,3.65,2.15,1.1,1.3,2.1,1.2,1.2,1.45,2.3,2.1,0.95,1,1.05,1.4,1.85,2.85,2,0.95,2.35,2,1.95,2.75,1,1.35,1.85,1.05,1.4,1.85,1.8,1.85,0.95,1.55,1.4,1.8,1.15,1.4,0.95,1.5,1.65,1.1,1.35,1.35,2.8,2.65,1.6,2.25,2.35,1.05,1.45,1.85,1,1.7,2.6,4.1,2.35,2,2,3,2.7,2.45,1.65,2.4,5.35,6.8,2.45,5.45,4.85,2.7,3.1,3.55,2.8,3.75,4.65,3.3,4.95,3.95,3.65,2.65,4.15,4.25,3.15,2.6,2.3,2.75,5.75,2.75,2.05,3.2,4.1,3.9,1.8,2.6,2.85,1.95,1.5,1.7,1.05,1.4,1.5,1.15,1.75,1.55,2.15,2.35,1.7,3.1,1.9,1.05,1.75,2,1.2,2.6,2.4,2.1,2.35,2.25,1.5,2.05,1.85,2.35,1.3,1.95,4.05,3.25,2.8,2.8,5.65,2,2.3,2.9,3.3,4.65,3.6,2.85,1.95,2.4,3.7,1.35,2.45,2.7,2.5,2.55,2.2,2.1,2.65,2,2.3,4.7,3,2.9,1.9,2.1,2.6,3.2,2.7,2.7,2.05,2.6,2.8,2.75,2.95,2.5,2.55,2.6,2.9,2.25,2.9,1.75,3.55,3.35,2.05,2.15,2.7,3.95,3.85,3.1,3.75,2.4,3.65,3.65,3.4,3.25,3.8,3.55,4.35,3.6,3.15,3.15,4.65,6.4,2.6,2.85,3.95,0.75,0.55,0.45,0.35,0.7,1.05,0.8,0.5,0.5,0.45,0.75,0.8,0.6,1,0.4,0.75,0.9,2.3,1,0.45,3.95,3.9,3.6,2.25,2.85,3.2,2.9,2.2,5.05,5.25,4.75,3.4,4.6,6.25,2.4,3.85,4.7,4.75,8.6,4.8,4.65,3.35,3.2,2.75,3.45,4.2,3.85,2.95,2.55,5.7,5.45,3.7,4.95,3.95,3.4,4,4.7,2.35,3.85,7.3
1-212.txt_263,2.8,1.75,1.5,1.2,1.25,1.6,1.5,1.85,1.15,1.65,1.7,1.95,2.1,1.85,1.8,1.9,1.85,1.6,1.8,2.15,1.8,2.9,2,2.35,1.25,2.1,2.45,1.3,2.35,2,1.75,3.15,1.9,1.8,2.05,2.3,2.95,0.9,1.75,2,0.45,0.65,0.9,0.8,0.2,0.8,0.95,0.35,0.4,0.3,0.4,0.7,0.3,0.25,0.65,0.8,0.9,0.2,0.55,0.3,2.55,2.1,3.2,4.95,1.05,3.05,4.55,2.4,2.4,1.55,1.85,3,1.7,1.45,1.95,3.1,2.65,1,1.5,1.85,1.45,0.65,1.15,0.7,3.8,0.75,0.75,0.75,0.9,1.1,1.45,0.7,1.3,1.15,1.05,1.45,1.5,1,1.2,1.3,2.95,4.25,3.9,4,2.05,5.4,4.7,2.65,3.85,2.05,2.35,4.4,2.35,1.6,3.2,3.25,3.45,1.3,2.25,2.35,4.95,6.05,6.65,6.85,3.2,7.5,9.15,4.35,4.5,4.1,3.9,6.85,3.95,3.25,4.85,5.5,5.3,3.6,3.4,4.45,3.45,2.35,3.45,3.15,1.7,2.55,2.8,5.55,2.2,1.8,1.55,2.9,2.45,1.75,2.15,3.25,3.05,1.35,1.7,2.35,2.5,2.6,2.55,2.55,1.1,2.4,2.85,1.7,4.6,2.05,1.85,2.3,2,2.7,1.65,2.75,2.5,1.35,2.9,1.9,4.2,2.8,3.2,2.5,2.45,4.05,3.65,2.7,2.8,5.95,5.2,2.95,5.25,4.65,2.35,3.8,4.6,2.25,3.7,6.2,4.7,3.6,3.3,2.7,3.8,3.65,2.95,3.05,3.85,6.65,9.05,3.65,6.7,6.6,3.55,4.6,5.3,3,4.9,6.7,3.05,5.45,3.9,3.85,1.3,4.95,4.35,2.7,3.6,2.9,3.05,5.75,3.4,1.65,2.6,3.35,3.4,1.9,2.5,2.75,2.7,2.65,2.35,1.95,1.95,2.25,2,1.8,3.8,3.8,3.9,2.4,3.9,5.55,1.4,2.6,3.3,2.25,4.25,3.8,2.55,2.1,2.55,3.25,1.75,2.7,2.3,1.65,2.05,2.15,2.7,2.75,2.45,2.4,4.8,2.75,2.75,1.7,2.35,2.35,3.55,3,3.45,2.75,2.8,2.95,2.85,3.25,2.4,2.95,3.75,3.45,2.75,3.5,2.4,4.95,4.05,1.75,2.7,3.55,4.6,3.3,3.4,2.7,2.1,3.4,3.2,3.7,3.4,3.85,3.8,3.35,3.45,2.75,2.4,4.1,5.25,1.8,2.75,4,0.35,0.35,0.25,0.4,0.2,0.3,0.5,0.45,0.55,0.35,0.3,0.3,0.55,0.55,0.35,0.4,0.3,1.7,1.05,0.3,2.3,2.1,1.6,1.7,1.75,2.4,2.25,1.8,3.1,2.35,2.45,2.2,2.35,2.8,1.15,2.3,2.45,2.1,3.75,2.45,2.75,3.05,2.4,2.15,1.75,2.4,2.75,1.8,2.35,3.7,3.1,3.2,3.25,3.8,2.15,2.65,2.75,2.3,2.9,3.9,0,0,0,0,0,0,0,0,0,0,0,0,0,0,0,0,0,0,0,0
1-212.txt_265,7.3889,4.2778,4.6667,3.7778,5.1111,5.1667,4.8889,4.4444,3.9444,4.7222,4.3333,5.1667,5.4444,3.9444,3.5,5.5556,4.8889,2.3333,4.1667,4.7778,3.3889,6.7222,4.3889,2.8889,2.7222,4.5,3.7222,2.8889,5,2.9444,3.5556,5.1111,3.8333,3.2222,3.1111,3.9444,3.5556,2.3889,3.3333,3.3333,3.6667,3.4444,5.0556,4.2778,1.5556,4.4444,4.5,3.1667,3.8333,2,2.1111,5.3889,2.2778,1.7222,3.7778,3.8889,3.3333,2.5,2.3333,2.4444,5.2222,4.5556,7,9.8889,2.9444,6.2222,7.7778,6,6,3.5,3.5,6.2778,4.2778,3.2778,4.8333,6.3889,5.3333,2.3333,3.6667,3.7222,1.7778,0.9444,1,0.6667,1.3889,1.2778,1,0.9444,1.1667,1.3333,1.2778,1.1111,1.3333,1.2222,0.9444,1.2222,1.2222,1.2222,1.4444,1.2778,3.8333,4.3333,3.5556,3.8333,2.1111,5.1667,5.2222,3.0556,3.1667,2.6111,2.5,4.7778,3.8333,2.2778,3.2778,3.6111,3.2222,1.8333,2.8889,2.8333,4.8333,4.9444,5.2222,5.5,2.5,5.6111,7.2778,3.6111,4.3889,3.7778,3.4444,5.7222,3.5556,3.1111,4.7222,4.2778,4.7778,2.8889,3.7222,4,2.6667,1.8889,2.6111,2.7778,1.6111,2.5,2.3333,5.2222,2.3333,1,1.2222,2.7222,1.5556,1.0556,2.7222,2.7778,2.1111,0.8889,1.2222,1.1667,1.7222,2.3333,1.5556,1.4444,1.8333,2,2.0556,1.5,2.6667,1.8333,1.5,2.1111,1.6667,2.7778,1.2778,1.6111,1.8889,2.4444,2.7222,2.0556,5.4444,3.9444,3.1111,2.7778,5.5556,4.2222,3.3333,2.9444,4.0556,8.2778,7.0556,3.3333,6.8333,5.4444,3.5556,4.0556,5,3.6111,5.1111,7.3333,7.8889,6.2222,6.5,4.6667,7.4444,6.4444,5.6111,5.1111,7.1111,10.9444,14.2222,6.1667,11.1111,12.2222,5,5.9444,7.9444,7.6111,8.8889,10.9444,4.7222,5.7222,5.1111,5.4444,3.5,5.5,6,3.9444,4.0556,3,3.4444,7.3889,3.5,3.1111,3.7778,4.5,4.8333,2.6111,3.8333,3.5556,2.2778,2.2778,1.5556,1.6667,1.2778,2.3333,2.4444,1.7778,2.6111,2.8333,2.9444,2.1111,3.6667,2.7222,1.6667,1.7222,1.9444,2.5556,2.8333,2.5,3.1111,2.1111,2.0556,1.6667,2.5,2.2222,1.9444,1.7778,2.8333,4.0556,4.6111,2.3333,4.1111,5.5556,2.0556,2.3333,2.7778,3.4444,4.5,3.2778,3.8333,2.7778,3.2778,3.5556,2.5556,3.2778,3.4444,3.1111,2.6111,2.3333,2.7222,3.9444,3.3333,1.6667,8,3.8889,3.1667,1.3889,2.5556,2.8333,1.9444,1.8889,2.1667,1.5,1.5556,2,1.8889,1.5556,1.9444,1.5556,1.8889,2.1111,1.7778,1.5556,1.6111,2.8333,2.0556,0.8889,1.5556,1.6111,5.5556,5.5,5.8333,5.6667,5.2222,5.5556,5.1667,4.9444,5.7778,4.3889,4.6111,5.2778,5.1667,4.5,3.7778,6.2778,7.3333,3.3889,5.5556,4.8333,2.1111,1.6667,1.2222,1,2.2778,1.6111,1.1667,1.4444,2.7222,2.2778,2.8333,1.6111,2.5,3.7222,1.1667,1.7778,1.8333,4.6667,3.6667,2.3333,3.2222,2.7222,2.8333,2.0556,2.7222,3.0556,2.8333,2.3889,4.7222,3.3333,3.6111,2.5556,3.9444,4.6111,2.1667,2.7778,3.0556,3.7778,6.2222,3.6111,3.5556,2.1667,2.5,2.4444,2.8333,2.8333,3.0556,2,2.6111,5.1667,4.0556,2.5,4.8889,3.9444,2.2778,2.8333,3.2778,2.5556,3.3333,5.1111
1-212.txt_267,9.7778,5.4444,6.2222,5.6667,4.5556,5.8333,6.1111,5.5,4.6667,4.6111,4.8889,5.8333,5.1667,4.2778,5.7778,7.8889,7.4444,2.8889,4.7778,5.6111,2.4444,5.6667,3.1111,2.8889,1.6111,3.1111,3.3889,1.7222,2.5,2.1667,2.2222,4.3889,2.4444,1.5,2.4444,2.9444,2.8333,1.3333,1.8333,2.2778,3.2778,2.8889,6.1667,3.9444,2.6111,3.4444,3.7222,3.1111,4,2.6111,2.6667,3.6667,2.6111,2.3889,2.9444,3.8333,4.6667,1.3333,2.4444,2.9444,3.2222,2.8333,4.6667,6.3333,2.3889,3.7222,4.2778,3.4444,3.0556,1.8889,2.1667,3.1111,2.5556,1.5556,3.2222,3.5556,3.3333,1.1667,1.8889,2.5556,1.2222,0.8333,1.2778,0.6667,3.6667,1.2778,0.9444,1.5556,1.1111,1.2778,1.2778,1.3889,1.3889,1.4444,0.6667,1.3333,1.3889,0.8333,1.2778,1.2222,2.1667,2.8889,2.7778,2.8333,1.0556,4.6111,3.6667,1.5556,2.4444,1.4444,1.7778,2.9444,1.8889,1.4444,1.7778,2.3333,1.9444,1.2778,1.8889,1.3889,2.2778,2,2.5556,3.0556,1.0556,2.4444,3.2778,2.2222,1.8333,1.1111,1,2.6667,1.3333,1.2778,2.3889,2.9444,2.5556,1.3889,1.6111,1.6111,4.4444,2.9444,4.5556,3.8333,2.8889,3.5,3.1667,7.6667,2.6111,2.9444,2.7778,3.8333,2.8333,2.8333,2.5,4.1111,3.3333,3.2778,2.7778,2.6111,3.6667,2.8333,2.7222,2.1111,3.1667,2.8889,2.6667,1.8889,2.4444,6.7222,5,2.6111,5.1111,4.8889,2.6111,3.3889,4.0556,3.0556,3.7222,6.1667,4.6111,3.7222,2.8333,2.6111,3.8889,3.5,3.4444,2.5,2.9444,6.4444,8.5,3.8333,7.3333,5.5,2.7778,4.4444,4.9444,3.8889,5.0556,6.3333,1.1667,1.5,1.3889,1.5556,0.5556,1.1667,1.3333,1.1667,1.3889,0.5,0.5,2,0.7222,0.7778,0.7778,1.3889,1.4444,0.5,0.8333,0.6667,2.1111,2,1.9444,1.1111,1.9444,1.7778,1.2778,1.5,2.3333,2.5556,2.9444,1.9444,2.3889,4.8889,1.2778,2.0556,2.3889,3.1111,4.3333,2.6111,3.8889,3.1667,3.2778,4,2.6111,4.3889,3.7778,3.3889,3,3.3333,3,3.5,3.2778,2.6667,8.1667,4.1111,4.2778,1.6667,3.3889,3.6111,4.2778,3.3889,4.3333,3.3333,2.6111,4,4.2778,4.5556,3.6667,2.1667,2.3889,4.7222,2.6111,3.0556,3.3333,6.5,4.3889,2.6111,4.0556,3,3.7222,3.1111,3.5556,3.1111,2.6111,3.8333,2.9444,2.4444,2.9444,3.5,3.2778,3.8889,3.3333,2.5556,3.0556,4.1667,5.1667,2,2.8889,4.4444,0.5556,0.7222,0.7222,0.3889,0.4444,0.7778,0.6111,0.4444,0.5556,0.6667,0.5556,0.5556,0.6667,0.7222,0.3333,0.6667,0.8333,2.5556,0.9444,0.7222,1.8333,1.4444,1.3889,0.9444,1.2222,1.5556,1.6111,1,2.9444,1.6667,2.3333,1.7222,1.8333,3.9444,1.1667,1.6667,1.6667,2.8889,5.5556,1.7222,4.8889,3.7222,3.4444,3.2778,3.1111,4.2778,4.4444,2.9444,3.1111,5.9444,5.5,4.2222,5.2778,6.0556,4,4.3889,5,3.0556,4.8333,7.8889,0,0,0,0,0,0,0,0,0,0,0,0,0,0,0,0,0,0,0,0,0,0,0,0,0,0,0,0,0,0,0,0,0,0,0,0,0,0,0,0
1-212.txt_269,5,2.8,2.9,3.25,2.8,3.4,3.3,4,2.9,3.45,3.5,3.4,3.25,2.6,3.3,3.85,3.9,1.7,2.1,4.05,1,2.4,1.15,0.6,0.4,1.35,0.9,0.75,1.25,1.3,1,1.65,1.55,0.8,0.9,1.15,1.05,0.95,0.75,1.05,2.35,2.05,3.5,2.65,0.85,2.3,2.5,1.85,1.75,1.75,1.6,2.25,1.65,0.95,2,2.5,2.15,0.95,1.35,1.7,2.6,3,3.8,4.6,1.45,3.65,3.95,2.1,2.95,1.55,1.35,3.2,2,1.9,2.15,3.1,2.75,1.2,1.55,1.85,1.7,0.9,0.9,0.85,3.3,0.8,1.1,1.1,1,1.5,1.25,1.05,1.05,1.2,0.7,1.55,1.65,0.75,1.35,1.5,1.3,1.8,1.65,1.65,0.85,2.3,2.3,1.3,1.8,1.2,1.2,2.2,1.15,0.9,1,1.6,1.5,1.45,1.65,1.5,3.1,3,3.05,3.95,1.75,3.8,4.6,2.6,2.45,2.7,2.75,3.85,2.85,2.8,4.2,3.65,4.45,1.15,2.25,2.95,4.65,4.15,5.65,4.85,2.8,5.05,4.9,7.75,4.4,2.9,3.05,4.85,3.3,2.85,3.4,5.35,5.45,2.25,3.05,3.6,0.85,0.85,0.7,0.55,0.75,1.15,1,0.55,1.55,0.95,0.85,0.95,0.7,1.05,0.6,0.75,0.7,0.7,1.4,1,1.75,2.05,1.8,1.6,1,2.3,1.8,1.3,2.15,3.1,2.7,1.75,2.7,1.7,0.95,1.65,2.1,0.85,2.05,2.7,5.4,3.4,3.1,3.3,4.35,4.1,3.85,3.9,3.9,6.7,8.3,3.6,6.05,5.75,2.8,3.95,4.6,3.05,5.25,6.1,4.8,7.05,5.8,5.5,2.6,6.9,6.65,4.9,5.85,4.1,4.3,8.7,4.4,3.05,4.3,5.5,5.8,2.55,3.9,4.2,2.3,1.8,1.8,1.45,1.25,2.25,2.35,1.4,1.45,2.45,2.65,2.1,3.6,2.35,1.3,2.1,1.9,2.15,2.25,2.3,3.2,2.75,2.45,2.45,2.8,3,2.6,1.9,3.15,4.45,5.55,2.8,4.6,8.25,2.8,3.35,3.4,3.45,5.6,4.2,3.25,3.5,3.65,3.35,1.65,3.4,3.9,2.55,2.7,2.45,2.9,3.35,2.75,2.5,5.7,4.05,3.7,1.45,2.65,3,1.95,2.5,2.35,2.7,0.95,2.2,2.8,1.75,1.95,1.75,1.6,2.65,1.55,1.55,1.75,2.75,2.8,0.75,1.75,1.95,3.75,3.8,3.9,4.1,2.95,4,4.15,2.85,3.8,3.8,3.65,3.85,3.65,3.95,2.8,4.3,5.45,3.35,4.6,4.1,0.5,0.25,0.15,0.15,0.5,0.5,0.4,0.25,0.4,0.35,0.6,0.35,0.5,0.7,0.4,0.4,0.5,1.4,0.6,0.45,0.95,0.75,0.6,0.55,0.7,0.5,0.45,0.45,1.15,1,1.1,0.6,0.85,1.8,0.4,0.75,1.15,1.3,1.6,1.2,3.45,2.75,2.95,2.4,2.05,2.65,2.7,2.5,3.3,4.8,4.65,3.3,4.65,3.75,2.05,3.25,3.35,2.05,3.9,5.7
1-212.txt_271,12.5714,4.7143,3.1429,3.1429,6.2857,4.7143,4.7143,6.2857,3.1429,4.7143,4.7143,4.7143,4.7143,3.1429,4.7143,7.8571,6.2857,1.5714,3.1429,6.2857,1.2857,3.8571,1.7143,0.8571,0.4286,2.1429,1.7143,0.8571,1.7143,0.4286,0.8571,2.5714,1.2857,0.4286,0.8571,1.2857,1.2857,0.4286,0.8571,0.4286,1,2,5,2.5,0.5,2,2,2,2.5,0.5,0.5,2,1,0.5,1,2.5,2,0,1,0.5,2,2,5,10,1,4,6,3,3,1,0,3,1,1,3,4,3,0,1,1,1.7143,0.4286,0.4286,0.4286,5.5714,0.4286,0,0.8571,0.4286,1.2857,1.2857,0.4286,1.2857,0.8571,0.4286,1.2857,1.2857,0.8571,0.8571,1.2857,1.9286,3.2143,2.5714,2.5714,0.6429,5.7857,3.8571,1.2857,2.5714,0.6429,1.2857,3.2143,2.5714,0.6429,1.9286,2.5714,1.9286,1.2857,1.9286,1.2857,2.7857,3.7143,3.7143,5.5714,0,5.5714,8.3571,1.8571,3.7143,0.9286,0.9286,4.6429,1.8571,0.9286,2.7857,3.7143,2.7857,0.9286,1.8571,1.8571,2.8571,1.4286,2.8571,2.1429,1.4286,1.4286,1.4286,7.1429,1.4286,0,0,1.4286,0.7143,0.7143,1.4286,2.8571,1.4286,1.4286,0.7143,0.7143,1.5,0.5,0.5,0.5,1.5,0.5,0.5,0,0.5,4,3,0.5,2.5,2,0.5,1,1.5,0.5,1.5,3.5,3,2,1,0,3,2,1,0,1,6,8,2,6,4,1,2,3,2,3,5,2.3571,4.7143,3.1429,2.3571,0.7857,3.9286,3.9286,1.5714,2.3571,0.7857,1.5714,6.2857,2.3571,0.7857,2.3571,3.1429,2.3571,0.7857,1.5714,1.5714,1.0714,1.0714,0.7143,0.3571,1.0714,1.4286,0.7143,0.3571,0.7143,1.7857,2.1429,1.0714,3.2143,1.4286,0.7143,1.0714,1.0714,1.0714,1.0714,1.7857,0.8571,0.4286,0.4286,0.4286,0.8571,0.4286,0.4286,0.4286,1.2857,1.7143,1.7143,0.4286,1.7143,4.2857,0,0.8571,0.8571,2.1429,3,1.2857,0.8571,0.5714,0.5714,0.8571,0.2857,0.8571,0.8571,0.5714,0.5714,0.2857,0.2857,0.8571,0.5714,0,3.1429,0.8571,0.8571,0,0.2857,0.5714,6.0714,3.6429,6.0714,4.8571,3.6429,4.8571,4.8571,4.8571,3.6429,2.4286,2.4286,4.8571,3.6429,2.4286,3.6429,9.7143,6.0714,1.2143,2.4286,2.4286,2.8571,2.1429,2.8571,2.1429,2.1429,2.1429,2.1429,1.4286,1.4286,2.1429,2.1429,2.1429,2.1429,1.4286,2.1429,3.5714,6.4286,1.4286,1.4286,2.8571,0.8571,0.8571,0.8571,0.4286,0.8571,1.2857,0.8571,0.4286,2.5714,1.2857,1.2857,0.8571,1.2857,3,0.4286,0.8571,0.8571,2.5714,4.7143,1.2857,4.5714,1.1429,1.1429,1.1429,3.4286,2.2857,2.2857,1.1429,1.1429,8,5.7143,2.2857,5.7143,3.4286,2.2857,2.2857,4.5714,1.1429,3.4286,9.1429,0,0,0,0,0,0,0,0,0,0,0,0,0,0,0,0,0,0,0,0,0,0,0,0,0,0,0,0,0,0,0,0,0,0,0,0,0,0,0,0
1-212.txt_273,4.2,2.15,2.45,2.45,2.85,2.4,2.35,2.9,2.15,2.85,2.35,2.7,2.75,2.5,2.2,2.95,3.6,1.85,2.5,3.3,2,3.65,2.1,1.9,1.4,2.8,2.85,1.95,2,2.2,2.45,3.25,2.25,2.15,2.05,2.35,2.3,1.95,1.9,2.35,2.6,2.9,4.3,4.05,1.15,3,3.95,2.55,3.35,1.45,1.35,3.3,1.65,1.35,2.15,3.3,2.7,1,2.05,1.65,2.9,2.6,3.35,4.7,1.65,3.35,5,2.95,2.25,2.1,1.9,3.55,1.6,1.7,2.65,2.9,2.7,1.95,1.8,2.05,0.4,0.15,0.2,0.15,1.8,0.2,0.3,0.2,0.15,0.35,0.35,0.3,0.3,0.25,0.2,0.4,0.4,0.55,0.25,0.5,3.4,3.95,3.9,3.7,1.7,5.65,4.45,2.55,3.2,1.9,2.5,4.2,2.6,2.2,2.95,3.6,3.45,2,2.25,2.55,2.35,2.5,2.65,3.05,1.35,3.15,4.25,1.95,1.95,1.75,1.75,3.3,1.8,1.55,2.05,2.55,2.8,1.15,2.05,2.05,4.25,2.65,3.25,2.95,2.05,2.75,2.45,6.15,2.45,1.65,1.7,2.65,2.05,2.4,2.6,3.65,3.05,1.85,2.25,2.4,1.25,1.35,2,1.35,0.6,1.55,1.45,1.65,2.8,1.05,1.3,1.25,1.35,1.7,1,1.45,1.1,1.3,2.1,0.85,2.75,2.75,2.6,2.65,2.05,2.65,3.2,2.2,2.85,4.45,3.2,2.95,3.3,2.95,2.8,3.2,3.55,1.5,3,4.2,6.3,5.4,4.25,3.6,5.5,5.05,4.8,3.9,4.7,8.65,11.1,5.05,9,7.8,4.85,4.75,6.25,4.65,6.35,9.2,3.75,5.7,5.45,4.9,2.05,5.4,4.95,4.05,4.2,3.75,4.4,6.6,4.5,2.85,4.35,4.95,5.5,2.3,3.35,3.45,0.95,0.8,0.85,0.65,1.05,1.05,1.15,0.55,0.7,1.8,1.6,1.1,2.25,1.4,0.7,0.75,1.1,0.6,1,1.65,2.55,2.3,2.15,1.9,2.7,2.25,1.85,1.5,3.25,3.6,4.45,2.2,3.9,6.25,1.3,2.3,2.7,3.05,5.15,3.3,3.9,3.75,3.6,3.9,2.6,4.25,3.35,3,3.25,3.1,3.1,4.4,3.1,2.85,6.6,3.7,3.6,2.55,2.4,2.95,5.75,4.9,5.4,5.25,3.75,5.05,5.3,5.1,5.1,3.8,4,5.3,3.9,4.25,4.8,6.4,6.15,3.45,3.6,4,3.1,3.9,3.7,3.5,1.95,3.3,3.9,2.35,3.25,2.75,2.9,3.6,2.55,1.9,2.6,4.25,5.45,2.2,2.85,3.65,0.65,0.6,0.5,0.25,0.75,0.6,0.5,0.4,0.55,0.95,0.85,0.6,0.95,0.95,0.25,0.55,0.85,2.45,0.95,0.75,2.1,2.2,2.15,1.85,1.85,2.35,2.2,1.6,2.95,2.7,2.9,2.15,3.1,4.2,1.55,2.3,2.3,2.15,5.2,2.85,3.85,2.2,2.15,2.55,2.5,3.3,3.15,2.5,2.9,5.2,4.55,2.75,4.1,3.8,2.65,3.35,4.1,1.55,3.15,5.7
1-212.txt_275,5.3158,2.7895,2.4737,2.5789,3.1053,2.7368,2.5789,3.5263,2.1053,3.3684,2.9474,3.0526,2.9474,2.6842,2.6316,3.6316,3.3684,2.5263,2.3158,3.5263,2.4737,4.4737,3,2.4737,1.8421,3.2105,3.2105,2,2.7368,2.5263,2.4737,3.7895,2.7368,2,2.4211,2.8947,2.8421,1.7368,2.1579,2.5263,2.6316,3.6316,4.6842,4.7895,1.3158,3.4211,4.5789,2.7895,3.4211,2.0526,1.8947,3.8421,2.2632,2.1053,3.1053,3.8947,3.1579,1.9474,2.3158,2.1053,4.2105,3.5789,5.5789,6.6316,1.6842,5.0526,6.5789,4.5789,3.5263,2.4211,2.3684,4.3158,2.2105,2,3.9474,4.5789,3.8947,1.9474,2.4737,2.7368,0.6842,0.3684,0.4211,0.3158,2.5263,0.4211,0.4211,0.4737,0.3684,0.7368,0.7368,0.4737,0.6316,0.4737,0.4211,0.7368,1.1579,1.1579,0.4737,0.8421,3.2105,3.5263,3.8947,3.8421,1.7368,5.2632,4.3158,2.6316,2.6842,1.9474,2.3158,3.9474,3.0526,1.5789,2.4211,3.5789,3.3684,1.9474,2.5263,2.7368,1.8421,2.2105,2.1053,2.4211,0.7368,2.7368,3,1.5789,1.8947,1.1579,1.3158,2.4211,1.4211,1.1053,1.6316,1.8947,2.1053,1,1.3158,1.5263,4.3158,2.7895,3.1579,2.6316,2,2.7895,2.5263,6.2632,3.3684,2.2632,2.3158,2.6842,2.3684,2.9474,2.9474,4.1053,3.2632,2.6316,2.5789,2.6842,1.6842,2,2.6842,2.4211,1.3158,2.2632,2.2105,2.1579,2.7368,1.2105,1.2105,2.5789,1.7895,1.3684,1.5263,1.9474,1.8947,1.7368,2.0526,1.2632,5.2632,4.4737,3.6316,3.7368,4.5263,4.6842,4.6842,3.5789,3.6842,7.8947,6.6842,4.8947,6.7368,5.7895,4.5263,5.3684,5.9474,3.6842,4.8421,7.4211,5.7368,5.3684,4.3158,4.6316,4.8947,5.3684,5.5789,3.9474,5.2632,7.8947,9.6842,5.5263,7.3158,6.5263,5.0526,5.1053,6.5263,3.5789,5.8421,7.7895,3.0526,4.6316,3.3684,3.2632,2.1579,4,3.7368,2.9474,2.8421,3.1579,3.4211,5.4211,3.5789,2.5789,2.8421,3.5789,4.3158,2,2.7895,2.7895,1.1053,0.7368,0.7895,0.6316,1,1,0.9474,0.5789,0.7895,1.8421,1.9474,1.0526,2.5789,1.4211,0.7895,0.8421,0.9474,0.7368,0.8947,1.7895,3.4737,3.4737,2.7895,2.8947,3.6316,2.8421,2.9474,2.2632,4.4737,4.8421,5.3684,2.8947,5,8.6842,2.3684,3.3684,4.1053,4.0526,6.7368,4.3158,2.9474,3.2632,3.1579,3.1053,2.1579,4,3.3158,2.4211,2.8947,2.2105,2.6316,3.8421,2.6316,2.3684,5.8421,3.1579,2.9474,1.9474,2.0526,2.6316,3.4211,3.6316,4,3.6316,1.9474,3.7368,3.8421,3.4737,3.3158,2.5263,2.4211,3.4737,2.4211,2.2632,2.5789,4.4737,4.1579,1.8947,2.1053,2.7895,4.5789,5.0526,4.7895,4.7368,2.5789,5.1053,5.7895,3.5263,4.9474,4.6316,4.8947,5.7368,4.6316,3.5263,4.1053,5.6842,7.4737,2.5789,3.7895,5.2632,0.3684,0.4737,0.4211,0.1579,0.2632,0.4737,0.3684,0.2632,0.2632,0.5789,0.4737,0.5263,0.7368,0.6842,0.2105,0.4211,0.3684,1.6316,0.6842,0.5263,1.7895,1.7368,1.7368,1.4211,1.6842,1.8421,2.2105,1.3684,2.9474,2.7368,2.7895,1.8947,2.5789,3.8947,1.4737,1.9474,1.9474,1.8947,4.8947,2.8421,3.6842,2.2632,2.2105,2.4211,2.4211,2.9474,3.0526,2.7895,3.1579,4.1579,3.7895,2.4737,3.3158,3.8421,2.2105,3.2105,3.4211,2.0526,2.9474,4.9474
1-212.txt_277,6.45,4.6,4.35,4.15,3.15,4.85,5.25,4.4,3.8,5.1,5.2,4.85,4.85,4.3,4.8,5,5.1,3.65,4.35,5.3,1.7,3.35,1.65,1.8,0.9,2.25,2.45,1,2.1,1.7,1.8,3.15,1.95,2.1,1.75,2.15,2.45,1.3,2,2.05,0.6,0.65,0.9,0.7,0.25,0.9,0.95,0.55,0.55,0.45,0.45,0.7,0.35,0.2,0.3,0.75,0.7,0.55,0.25,0.6,3.4,3.75,5.5,6.9,1.6,4.55,5.85,3.35,3.9,1.85,1.9,4.7,2.15,1.5,2.85,4.35,3.75,1.45,2.55,2.6,1.6,0.7,1,0.85,3.5,0.9,1.1,1,0.7,1.45,1.25,1,1.25,1.45,0.8,1.45,1.6,1,0.95,1.45,1.75,1.8,1.85,2.05,0.7,2.7,2.6,1.3,1.45,1.1,1.65,2.4,1.55,0.85,2.05,1.85,2.05,1.5,1.3,1.2,2.15,2.35,2.25,2.55,1,2.85,3,1.6,2.75,1.6,1.7,2.4,1.75,2,1.7,2.35,2.75,1.05,2,2,4,3.9,4.65,4.25,2.5,4.05,4.2,7.1,3.25,2.2,1.65,3.7,2.1,1.5,2.8,4.1,3.55,1.85,1.95,2.25,0.65,1.05,0.8,0.85,0.7,1.05,0.95,0.45,1.25,0.9,0.85,1.45,0.75,0.5,0.9,1.1,1.25,0.5,0.7,1.15,0.45,0.3,0.45,0.2,0.85,0.3,0.35,0.2,0.3,0.9,1.1,0.3,0.9,0.75,0.25,0.5,0.7,0.35,0.45,0.65,4.8,5.15,3.75,3.95,3.2,5,4.35,3.35,4.2,6.65,8.05,4.7,6.25,6.35,4,4.65,4.8,3.5,5.05,6.2,3.1,4.9,4.4,4.25,1.35,5.05,5.1,2.7,3.25,2.4,2.35,6.1,2.9,2.25,2.9,3.8,3.45,2.3,3,2.2,1.8,1.65,2.25,1.55,1.25,1.5,1.55,1.1,1.5,2.25,1.95,1.55,3.15,2.2,0.95,1.75,2.1,1.15,1.7,2.25,1.5,1.65,1.1,1,0.95,1.6,1.4,1.05,2.25,2.7,3.05,1.5,2.65,5.15,1.05,1.25,1.75,2.1,4,2.35,2.2,2.75,2.6,2.75,0.9,2.95,2.85,1.6,2.7,1.5,1.8,3.2,2,1.3,4.2,2.6,2.85,1.3,1.5,1.85,5.65,4.1,4.85,4.8,3.1,4.65,5.25,4.3,4,4.35,3.55,5.15,3.95,3.85,4.2,6.8,6.1,2,4.4,4.8,1.6,2.45,1.95,1.9,0.8,2.1,2.05,1.5,2.25,1.65,1.75,2.05,1.55,1.35,1.2,2.1,2.95,0.6,1.3,1.5,0.95,0.5,0.5,0.3,0.65,0.75,0.45,0.95,0.65,0.85,0.85,0.4,0.6,0.9,0.4,0.7,0.6,1.85,0.95,0.75,2.2,1.95,1.9,1.2,2.6,1.9,1.9,1.45,3.05,2.25,2.7,1.75,2.3,3.4,1.35,2.1,1.95,2.1,4.4,2.5,8.25,4.75,4.75,4,5.6,6.05,5.7,4.75,5.8,10.95,10,5.35,8.95,8.5,4.4,6.35,7.7,4.4,6.6,11.7
1-212.txt_279,3.85,1.75,2.1,2.05,2.9,1.9,2.15,2.35,1.4,2.8,2.5,2.15,2.5,2.1,2,2.55,2.9,1.9,1.75,3.05,3.65,5.2,3.95,3.25,1.95,4.55,3.75,3.1,3.7,3.4,3.3,4.55,3.7,3.8,3.45,3.75,3.6,3.1,3,3.1,2.6,3.05,4.15,3.8,1.65,3,4,2.15,3.35,1.85,1.75,3.75,2.05,1.4,1.8,3,2.85,1.2,2.05,2.15,3.15,3.55,4.85,6.05,1.5,4.65,5.5,3.9,2.7,2.05,1.7,4.2,1.65,1.55,2.7,3.9,3,1.8,2.15,2.45,0.4,0.15,0.3,0.1,1.8,0.15,0.3,0.2,0.15,0.3,0.3,0.3,0.3,0.2,0.2,0.35,0.4,0.55,0.35,0.45,2.8,3.85,3.8,3.75,1.9,5.1,4.6,2.25,3.9,2.35,2.5,4.5,3,1.8,2.3,3.35,3.55,2.55,2.55,2.8,2.05,2.1,2.45,2.9,0.9,2.75,3.95,1.75,1.75,1.35,1.3,2.75,1.45,1.3,2.05,2.25,2.35,1.1,1.65,1.35,4.35,2.45,3.25,3.05,2.35,2.8,2.65,6.55,3.35,2.25,2.55,2.85,2.55,3,2.95,3.95,3.2,2.85,2.8,2.9,0.65,0.6,0.9,0.65,0.3,1,0.75,0.6,0.95,0.6,0.35,0.65,0.7,0.45,0.5,0.65,0.55,0.3,0.4,0.65,3.4,3.35,2.7,2.85,2.9,3.3,3.1,2.55,3,5.1,3.8,3.7,4.65,3.75,2.75,3.85,4.4,2.4,3.9,4.85,5.25,5.25,4.25,3.6,5.3,5.15,4.9,3.9,4.65,7.85,9.55,4.75,8.25,6.4,5.05,4.55,5.75,4.4,5.85,8.15,3.9,6.3,4.75,4.45,2.9,4.95,4.9,4.25,4.45,4.15,4.7,6.25,4.4,3.85,4.65,5,5.3,3.1,3.45,3.75,0.6,0.4,0.45,0.35,0.65,0.55,0.5,0.25,0.35,0.65,0.85,0.45,1.45,0.75,0.4,0.35,0.55,0.4,0.45,0.85,2.6,2.15,1.85,1.75,2.5,2.2,2,1.65,3.1,3.75,4.4,2,3.85,6.6,1.3,2.05,2.75,3,5.05,3.3,2.9,3,3,3.2,1.7,3.5,3.05,2,2.7,1.8,1.85,3.55,1.8,1.35,5.05,3,2.6,1.15,1.55,1.85,5.8,4.7,4.8,4.75,3.15,4.9,5.3,5,4.75,3.85,3.6,5.25,3.55,3.65,4.45,6.3,6.15,2.6,3,4.05,4.35,4.6,4.6,4.3,3,4.3,4.85,3.55,4.4,3.95,4.45,4.8,3.6,3.4,4.15,5.7,7.3,2.6,3.3,5.15,0.3,0.2,0.15,0.1,0.7,0.25,0.2,0.25,0.25,0.3,0.55,0.2,0.4,0.65,0.15,0.3,0.6,1.8,0.75,0.3,2.5,2.2,2.85,2.2,2.6,2.6,2.75,1.65,4.15,3.45,3.45,2.4,3.35,5.45,2.05,2.5,2.65,2.7,6.55,3.35,4.05,2.7,2.25,2.5,2.3,3.65,3.6,2.45,2.8,5.75,5.3,3.15,5.05,4.3,2.85,3.15,4.1,1.75,3.7,6.2
1-212.txt_281,4.8421,2.7895,3.1053,3.4211,3.9474,2.8421,2.9474,3,2,3.3684,2.9474,3.2105,3.1053,2.6316,2.4737,3.8421,3.7895,2.3684,2.5263,3.7368,1.6842,3.2632,1.8947,1.4211,1.2632,1.9474,1.9474,1.3158,1.8421,1.5789,1.8947,2.4737,1.7895,1.7895,1.5789,1.7368,1.7368,1.3684,1.7368,1.5789,2.8421,3.4737,5.1579,4.7368,1.4211,3.3158,4.4737,2.9474,3.5789,1.7895,1.5263,3.7368,2.1579,1.8947,2.8421,3.7895,3,1.9474,2.6316,2,2.6316,2.4211,2.8947,4.0526,1.3684,2.8421,3.8421,2.5789,1.9474,1.8421,1.9474,2.6842,1.7368,1.3684,2.5789,2.5789,2.5263,1.6842,1.4737,2.2105,0.4211,0.1579,0.2105,0.1053,1.8947,0.2105,0.2105,0.2105,0.1579,0.3684,0.4211,0.2632,0.4737,0.2105,0.2105,0.3684,0.4211,0.5789,0.2105,0.5263,4.3684,5.1579,5.5789,5.8421,2.2105,7,5.8421,4.0526,4.6842,2.8947,3.2105,5.7368,3.5263,2.8421,3.5263,4.8421,4.5789,2.8947,2.7368,3.5263,2.7368,3,3.2632,3.6842,1.3158,3.7368,5,2.0526,2.2632,1.5789,1.8421,4,2.0526,2.0526,3.1053,2.9474,3.3684,1.1579,2.1579,2.4211,5.6842,3.9474,4.3684,3.7895,2.7368,4.2105,3.8947,8.0526,4.1579,3.1579,3.3158,4,3.5789,4.0526,3.5789,5.4737,4.6842,4.4211,3.3158,3.8947,0.6842,0.5789,0.8421,0.5789,0.3684,0.9474,0.8421,0.7368,0.8421,0.4211,0.5789,0.7368,0.4737,0.6316,0.4737,0.7895,0.6842,0.4737,0.8421,0.4737,3.2105,2.7368,2.6842,2.3684,2.5263,2.6316,2.9474,2.1053,2.0526,4.7368,3.3158,3.2632,3.6842,2.9474,2.5263,3.4211,4.1579,1.6842,2.7895,4.2632,6,5.7368,4.2632,3.7368,5.4737,5.1053,4.7368,4.3158,5.0526,9.1053,11.8947,5.1579,9.7368,8.6842,4.5789,4.9474,6.4211,4.6842,6.8947,9.2632,4.4211,6.6316,5.2105,4.7895,2.6842,6.2105,6.1579,4.7368,4.5263,4.8947,5.1053,7.2105,5.4211,3.9474,4.3158,5.2632,5.8947,3.1053,4.2632,4.4211,0.7895,0.5263,0.6842,0.3684,1.0526,0.7368,0.6316,0.3158,0.5263,1.3158,1.3684,0.6316,2.0526,1.2105,0.6316,0.5789,0.9474,0.5789,0.6842,1.3158,2.7368,2.4737,1.8947,1.8947,3.1579,2.1579,1.9474,1.4211,3.4211,4.0526,4.5789,1.9474,4.2105,6.7368,1.4737,2.4737,3.4737,3.1053,5.3158,3.5789,3.7368,3.2105,3.4737,3.8947,2.1579,3.8947,3.4737,3.3158,3.3158,2.6842,2.5263,4.4737,2.4211,2.2105,6.7368,3.6316,3.5789,2.2632,2.0526,2.8421,5.6316,4.7895,4.5789,5.2105,3.6316,4.4211,4.8947,4.8947,4.5263,4.2632,4.5263,5,4.5789,3.8421,5.4211,6.2632,5.4737,3.1053,3.2632,4.4211,2.8421,3.2105,3.2632,2.7368,1.6316,2.8947,3.4211,2.2105,2.7368,2.2105,2.3158,3.2105,2.5789,2,2.1053,3.8947,4.7895,1.7895,2.3158,2.5789,0.7895,0.6842,0.5263,0.4211,0.8947,0.5789,0.5789,0.4211,0.5789,0.9474,0.8947,0.6316,1,1,0.3158,0.6842,0.9474,2.4211,0.9474,0.7895,2.2105,2.1053,2.5789,2.2632,2.1053,2.7368,2.6316,2,4.2105,3.2632,3.0526,2.4737,3.0526,5.1053,2,2.7895,2.7895,2.6316,6.3684,3.2632,4.6316,3.1579,3.0526,3.5789,2.6842,4.1579,4.6316,2.8421,3.6316,6.1579,5.4211,3.8421,4.6316,5,3.8421,4.2632,4.6316,2.1579,4.2105,6.8421
1-212.txt_283,4.6,2.2,2.4,2.6,2.95,2.45,2.75,2.85,1.7,3.1,3.1,3.05,2.7,2.35,2.8,3.1,3.4,1.85,1.9,3.55,3.35,5.2,3.85,3.65,2.3,4.4,4.5,2.5,2.95,3.3,2.85,4.7,3.2,2.4,2.6,3.7,4.25,2.45,3.05,3.55,2.9,3.25,5,4.4,1.35,3.45,4.1,3,3.75,1.9,2,3.45,2.25,1.5,2.8,3.4,3,1.5,2.45,2,2.45,3.05,4.3,5.35,1.25,3.5,4.55,2.55,2.85,1.7,1.7,3.55,1.75,1.65,2.75,3.3,2.85,2.15,1.85,1.85,0.7,0.3,0.4,0.25,2.45,0.5,0.5,0.35,0.35,0.55,0.9,0.35,0.55,0.65,0.35,0.6,0.9,1.4,0.5,0.75,5.3,7,5.85,5.75,3.45,8.6,7.15,5.1,5.7,3.9,4.4,6.6,4.95,4.55,4.95,5.7,5.65,5,4.4,5.05,2.45,2.35,2.6,3.6,0.75,3.1,4.2,2.4,2.2,1.35,1.45,3.15,1.7,1.55,2.4,2.75,2.6,1.45,1.75,1.4,4.15,2.75,3.1,2.55,1.8,2.8,2.65,5.8,2.6,2.5,2.1,2.8,2.55,2.75,2.35,3.5,2.95,2.7,2.1,2.8,2.7,2.4,2.6,2.1,2.4,2.6,2.75,2.15,2.2,4.65,3.4,3,3.55,3,2.2,3.1,3.45,2.25,2.9,4.2,5.7,4.25,3.4,3.25,4.85,4.4,4.2,3.05,4.3,7.65,9.55,4.4,7.2,7.05,4.65,3.95,5.3,3.35,5.55,7.75,2.55,3.75,3.2,3,2.05,3.2,3.05,2.8,3.05,2.55,3.3,4.15,3.4,2.05,2.75,3,3.5,1.5,1.8,2.35,1.1,0.95,0.8,0.8,1.05,1.05,0.95,0.75,0.75,1.7,1.5,1.1,2.3,1.45,1,1.15,1.25,0.75,1.05,1.7,2.65,2.4,2.3,2.15,3.05,2.6,2.05,1.75,3.85,4.1,4.6,2.5,4.25,7.05,1.4,2.4,3.1,2.95,5.75,3.55,2.35,2.55,2.6,2.8,1.7,3.55,2.75,1.75,2.15,1.65,1.9,3,1.85,1.45,4.5,2.7,2.35,1.45,1.55,1.75,5.05,4.5,4.75,4.6,3.3,4.25,4.5,4.5,4.1,4.05,4.1,4.45,4.2,3.6,4.8,6.1,5.75,2.45,3,4.4,4.1,4.6,3.85,4.25,2.55,4.3,4.4,2.95,4.15,3.35,3.6,4.9,3.75,3.2,3,5.05,6.15,2.4,3.7,3.95,0.35,0.45,0.25,0.1,0.25,0.4,0.3,0.25,0.4,0.55,0.45,0.45,0.7,0.65,0.1,0.35,0.4,1.6,0.6,0.5,2.25,2.35,2.7,2.4,2.15,2.6,2.3,1.9,3.35,2.95,3.05,2.55,3.05,4.7,1.95,2.7,2.7,2.25,5.85,3.05,4.45,3.15,2.65,3.05,3.05,3.65,3.95,2.85,3.5,5.7,5.5,3.45,4.8,4.65,3.25,4,4.4,2.3,3.6,6.35,0,0,0,0,0,0,0,0,0,0,0,0,0,0,0,0,0,0,0,0
1-212.txt_285,4.8421,2.5263,3,2.8421,2.8947,2.4737,3.1053,3.2632,2.2632,2.8947,3.3158,2.7895,2.4737,2.5789,1.9474,3.4737,3.4211,1.7895,2.2105,2.8947,3.5263,5.6316,4.4211,3.7368,2,4.4737,4.2632,3.8947,4.4211,3.6316,3.3158,4.9474,3.7895,2.9474,3.7368,4,3.6316,2.8421,3.4737,3.3684,2.6842,2.8947,4.2105,3.5263,1.6842,3.1053,3.8947,2.4737,3.5789,2.3158,1.6316,3.7368,2.1053,1.9474,2,3,2.9474,1.5263,2.2105,2.3158,3.9474,4.3684,5.4737,6.6316,1.7895,4.7895,6.5263,3.5263,3.2632,2.5263,2.3684,4.7895,2.6842,2,3.6316,4.5789,4.2632,1.7368,2.3684,3,0.6842,0.3158,0.4737,0.3158,2.5263,0.4737,0.4211,0.4737,0.3158,0.7368,0.6842,0.5263,0.7895,0.4737,0.3684,0.7368,1.1579,0.9474,0.4737,0.8947,4.0526,4.3684,4.6842,5.5263,1.8947,6.4211,5.5789,3.7895,3.8421,2.5789,3.2105,4.8947,3.2632,2.2632,3.5263,4.3158,3.8947,3.3158,2.7368,2.7895,1.4737,1.7368,1.6316,1.9474,0.9474,2.0526,2.6316,1,1.4737,1,1,2.3158,1.3158,0.6842,1.4737,1.8421,2.2105,0.4737,1.1579,1.4211,5.6316,3.5789,4.2105,4.0526,2.2105,3.8421,3.7368,7.5789,3.8947,2.9474,2.5263,4.1579,2.6842,3.4211,3.7368,4.8421,4.2632,3.3158,3.3158,3,0.6316,0.5263,0.6842,0.6842,0.2632,0.8421,1.0526,0.4211,0.5789,0.5789,0.6842,0.7368,0.6842,0.6316,0.7895,0.5789,0.6842,0.5263,0.6316,0.6316,2.3158,2,1.5789,1.5789,2.1053,1.8421,1.6842,1.5789,1.4737,4.2632,3.0526,2.4211,3.5263,2.4737,1.8947,2.5263,2.7368,1.4211,2.4211,3.5789,5.9474,5.0526,4.0526,3.6842,5.1053,5.1579,4.4737,3.6842,4.7895,8.4211,11.0526,5.0526,8.4737,9.1579,5.3684,4.4211,6.2632,5.3158,7,8.7895,2.9474,4.5263,3.3158,3.2632,2.2632,4.2632,3.9474,2.3684,2.8421,3.2632,3.7895,5.2105,3.8947,3.1053,3.1579,3.5789,4.4211,2.2632,2.7895,3.1053,0.6842,0.3684,0.5789,0.3684,0.7895,0.5263,0.3684,0.2632,0.3684,0.8421,0.7895,0.4211,1.5789,0.7368,0.2632,0.4211,0.4737,0.3684,0.4737,0.8947,3.2105,2.7368,2.3158,2.1579,3,2.4737,2.3684,2.1053,3.6842,4.5789,5.1579,2.5263,5.0526,7.8947,2,2.7368,3.3684,3.4737,6.3684,3.9474,3.3158,3.1053,3.3684,3.6316,1.8947,4.4737,3.5789,3.1053,2.6842,1.9474,2.4211,3.7895,2.1053,1.8421,5.9474,3.4211,3.1579,1.6316,2,2.1053,4,4.1579,4.0526,3.7895,2.1579,3.3684,4.1053,3.7895,4.2632,2.8947,2.7368,3.8947,2.5789,2.5263,3.6842,5,4.6842,2.2632,2.2632,3.4737,5.7895,5.4737,4.9474,4.5789,4.5263,4.7368,5.0526,4.2105,5.3684,5.6842,5.6842,5.5263,5.6316,4.8947,4,6.6842,8.3158,2.9474,4.7368,6.6842,0.3684,0.5263,0.4211,0.1579,0.2632,0.4737,0.4211,0.3684,0.2632,0.5789,0.4737,0.5263,0.7368,0.6316,0.2105,0.3684,0.3684,1.6316,0.7368,0.5789,1.8421,1.7895,2.2105,1.7368,1.8421,1.8947,2.1579,1.4211,3,2.7895,2.6316,1.8421,2.1053,4.3158,1.8947,2.2632,2.3158,2.1579,5.2105,2.6316,4.0526,3.4737,3.4211,3.2632,2.8421,4.1579,4.4211,2.7895,3.5789,5.5263,4.9474,3.7895,4.6316,4.6316,3.1053,3.7895,4.4737,2.0526,3.6842,6.5789
1-212.txt_287,4.8421,2.2632,2.3158,1.8947,2.6842,2.3158,2.6316,2.9474,2.3158,3.1053,2.9474,2.5263,2.8421,2.1053,2.2105,3.3158,3.3158,1.9474,2,3.4737,1.3158,1.8421,1.2632,1.5263,0.8421,1.4211,1.5263,1.3158,1.2632,1.0526,1.0526,1.9474,1.2632,1.1579,1.3684,1.4737,1.2632,1.2632,1.0526,1.2105,4.9474,5.0526,7,5.5789,2.5263,4.9474,5.4211,4.5789,5.2105,3.5789,4.3158,5.5263,4.4211,3.2632,4.0526,5.3684,5.5789,3,3.5263,4.3684,1.8947,1.8421,3.3684,3.9474,1.0526,2.2105,2.4737,2.8421,2,1.2632,1.0526,2.1053,1.2105,1,1.5789,2.5789,2,0.8421,1.1579,1.2632,0.6316,0.3684,0.4737,0.3684,1.4211,0.4737,0.7895,0.3684,0.3684,0.4211,0.3684,0.4737,0.4211,0.2632,0.3684,0.8421,0.8421,0.2632,0.3158,0.4737,2.9474,3.6316,4,3.5789,2,5.4737,4.2632,2.6842,3.3684,1.9474,2.5789,4,2.3158,2.0526,2.5789,3.3684,3,2,2.5263,2.3684,2.4737,3.1579,2.6842,2.6842,1.2105,3.4737,3.8421,2.3684,2.6316,1.3158,1.3158,3.1053,2.2105,1.2632,2.4211,2.6842,2.6842,1.3158,1.6842,1.9474,3.8421,2.3158,2.6316,2.4211,2.4211,3,2.9474,5.5263,3,2.2632,2.2105,2.6842,2.5263,2.7368,2.6316,3.6316,3.2632,2.2105,2.3158,2.3158,1.2632,1.7368,1.2105,1.1579,0.6842,1.7895,1.4737,1,1.8421,0.9474,0.9474,1.8421,1.2105,0.9474,0.8947,1.4737,1.5789,1.5263,1.0526,1.3158,2.5263,2.2632,2,1.7895,1.8947,2.4211,2.1053,1.8947,1.7895,3.7895,3.4737,2.0526,3.4211,2.4211,2.3158,2.3684,3.3684,1.4211,2,3.4737,5.5263,4.6316,3.7895,4.3158,4.5789,4.4737,4.6842,3.7368,3.9474,7.4737,9.7895,5.1053,7.3684,6.2632,5.6316,5.0526,5.5263,3.7368,5.0526,7.3684,2.8947,4.8421,3.3684,2.5263,2,3.9474,3.5789,2.6316,2.5789,3,2.8947,5.1579,3.0526,2.5789,2.8421,3.4737,3.5263,2.1579,2.6842,2.5789,1.3684,1.3158,0.7895,0.6842,1.2632,1.2632,1.0526,0.7368,0.8421,1.5263,1.8947,1.1053,2.8421,1.3684,1.3684,0.9474,1.1053,0.8947,0.9474,1.5263,2,1.5789,1.5789,1.4211,1.5263,1.7895,1.7895,1.5263,2.3684,2.5789,2.8947,1.5263,2.4211,4.8421,1.4737,2.2632,2.3684,2.6316,4,2.4211,2.6842,2.3684,2.4211,2.2632,1.5263,3.3684,2.8421,2.2105,2.1579,1.6316,2.1053,3.1579,1.8421,1.6842,4.9474,2.7895,2.8421,1.4737,1.8421,2.0526,1.8421,2.0526,2.2632,1.6842,1.2105,2.3158,1.7895,1.7368,2.0526,2.0526,1.7895,2.0526,2,1.5789,1.5789,2.6842,2.3158,1.6316,1.6842,1.8421,3.4211,3.1579,2.8947,3.1579,2,3.1579,3.3158,2.7368,3.1579,3.1579,2.5263,3.4737,2.8421,2.1579,2.6842,4.0526,5.2105,2.2105,2.1579,3.3158,0.5789,1,0.6842,0.4737,0.8421,0.7368,0.5263,0.5789,0.4737,0.6842,0.6842,0.7895,0.6316,0.7368,0.3684,0.6842,1,2.3158,0.8947,0.6316,2.5263,1.8421,2.1053,1.7368,2.3684,1.9474,1.8947,2,3.8947,3.1579,3.5789,1.9474,3.3684,5.3684,1.7368,2.4211,2.1053,2.8947,6.7368,3.0526,3.2105,2.1579,1.7895,1.5263,1.7368,2.4211,2.5263,1.8421,2,3.4211,3.5263,2.3158,3.7368,3.0526,2.2632,2.5789,3.1053,1.5263,2.3158,4.7368
1-212.txt_289,6.1,3.05,2.95,3.05,2.6,3.75,3.9,3.5,2.3,3.35,3.75,3.85,3.95,3.05,4.1,4.2,4.2,1.95,2.6,4.3,3,5.65,3.65,4.05,2.25,4.1,4.25,2.4,4.65,2.3,2.5,4.6,3,2.6,2.45,3.65,3.25,2.2,3.4,2.55,1.65,2.1,2.65,2,0.85,2.3,2.45,1.6,1.65,1.45,2.25,2.15,1.7,1.1,1.75,2.1,1.8,1.4,1.05,1.7,2.5,2.25,4.05,5.15,1.2,3.15,3.8,2.2,2.8,1.45,1.4,3.1,1.6,1,2.75,2.9,2.8,0.65,1.25,1.8,0.6,0.35,0.3,0.2,1.65,0.3,0.2,0.3,0.2,0.6,0.55,0.35,0.45,0.35,0.25,0.55,0.6,0.25,0.3,0.85,0.65,0.95,0.5,0.45,0.25,0.95,1,0.45,0.6,0.65,0.55,0.6,0.4,0.3,0.7,0.55,0.6,0.55,0.35,0.55,3.15,3.8,3.95,4.4,1.65,4.15,5.95,2.75,3.25,2,2.1,4.9,2.9,2.05,3.35,4.55,4.65,1.4,2.15,3,5.95,4.05,4.55,5.1,3.3,4.6,5.5,8.6,4.05,4.15,3.7,5.05,4.35,3.15,3.75,5.6,4.45,2.35,3.75,4.3,1.2,2,1.9,1.7,0.65,1.7,1.85,1.15,2.8,0.95,1,1.6,1.5,1.25,1.5,1.8,1.75,1.1,1.65,1.25,1.9,1.05,1.4,0.95,1.55,1.1,1.1,1,1.15,3,2.5,1.15,2.3,2.5,1,1.45,1.5,1,1.45,2.65,6.2,5,4.15,4.2,5.1,6.15,5.4,4.5,4,9.05,10.9,5.25,8.7,7.1,5.7,5.3,5.9,4.3,4.95,8.25,2.1,3.2,2.3,2.4,1.7,3.35,3.4,1.45,1.85,1.65,1.9,4.35,2.3,1.15,2.1,2.6,2.65,0.95,1.8,1.9,0.8,0.45,0.4,0.35,0.55,0.55,0.45,0.35,0.7,1.3,1.35,0.5,1.65,1.4,0.4,0.7,0.75,0.9,0.9,1.35,2.1,2.7,1.95,1.3,1.8,2.1,2.2,1.5,2.9,2.85,3.4,2.55,3.55,5.85,1.7,2.2,2.55,2.75,4.75,2.9,1,1.2,1,1.6,0.75,1.6,1.3,0.95,1.25,0.8,0.9,1.45,0.75,0.75,2.35,1.45,1.2,0.5,0.85,0.75,5.1,4.85,4.8,4.7,3.45,4.9,5.2,5.1,4.1,3.35,3.35,5.15,3.3,2.75,3.9,6.6,5.5,2.5,3,3.65,3.45,2.65,2.35,2.05,2.35,2.85,2.85,2.55,2.4,3.25,3.05,2.8,3.45,2.55,2,3.2,4.65,1.3,2.25,3.95,0.4,0.5,0.35,0.35,0.25,0.4,0.35,0.3,0.45,0.4,0.45,0.65,0.55,0.75,0.35,0.4,0.4,1.5,0.6,0.4,0.75,0.95,0.7,0.55,0.85,0.85,0.6,0.4,1.85,0.95,1.35,0.75,0.95,1.95,0.7,0.7,0.65,1.15,2.7,1.15,5.9,3.35,3.05,3.25,3.7,3.65,3.6,3.05,3.25,6,6.15,3.85,5.95,4.55,3.4,4.7,5.65,2.25,3.7,7.25
1-212.txt_291,9.7,5.8,6,6.45,4.4,6.35,6.7,8,5.95,5.8,5.65,6.35,5.6,4.15,5.35,7.35,7.3,3.5,4,6.55,4,6.9,4.35,4.7,1.95,5.55,5.7,3.65,3.9,2.8,3.85,6.6,3.65,2.65,4.1,4.85,4.85,3.45,3.35,2.9,1.35,1.3,2.1,1.75,0.7,1.3,1.3,0.85,1.4,1.45,1.4,1.4,1.5,1.15,0.9,1.7,1.95,0.65,1.4,1.55,1.4,1.7,2,2.6,0.95,1.8,1.6,1.3,0.95,1,0.6,1.75,0.8,0.6,1.1,1.75,2,0.55,0.95,1.1,0.45,0.3,0.45,0.15,1.8,0.25,0.15,0.35,0.15,0.4,0.45,0.2,0.35,0.25,0.2,0.4,0.4,0.25,0.25,0.45,3.1,3.55,3.7,3.65,1.5,4.9,4.35,2.45,2.8,2.4,2,3.45,2.65,1.85,2.55,3.35,3.1,3.05,2.2,2.35,1.65,1.4,1.7,1.55,1.25,1.6,2.25,1.6,1.6,1.2,1.1,1.75,1.35,0.75,1.2,1.6,1.65,0.65,0.95,1.5,3.65,2.25,3.35,3.1,1.95,3.65,3.5,5.2,3.55,2.15,2.35,3.05,2.3,2.45,1.8,3.85,3.25,1.95,2.35,2.8,1.15,1.15,1.3,0.95,0.65,1.5,1.15,1.25,2.25,0.9,0.75,1.1,1.05,1.1,0.85,1.5,1.3,1,1.3,1.05,8.5,6.4,5.55,4.9,7.3,6.85,6.65,5.6,5.95,11.25,14.8,7.5,12.1,9.8,5.05,7.4,7.85,6.4,8.55,10.6,3.5,4.65,3.45,4.5,2.1,4.8,4.55,2.95,4.25,2.85,2.9,5.3,2.7,2.45,3.95,4.15,3.9,1.95,3.05,2.8,0.55,0.8,0.4,0.45,0.35,0.7,0.7,0.3,0.45,0.7,0.65,0.7,1.15,0.45,0.35,0.55,0.7,0.35,0.4,0.7,2.3,2.5,1.7,1.75,1.5,2.5,2.15,1.3,2.5,3.35,3.85,2.95,3.15,6.55,1.95,2.45,3.2,2.5,4.6,3.55,2.15,1.75,1.5,1.55,1.9,2.1,1.95,1.3,1.35,1.7,2.05,1.8,2.25,1.4,4.15,2.1,2.25,1.5,1.45,2.15,4.1,4.45,4.85,4.4,2.5,4.5,4.5,3.4,4.1,2.45,3.1,4.7,3.25,2.25,3.7,5.4,4.65,2,2.8,2.95,1.9,1.65,1.9,1.85,1.05,1.55,1.8,1.2,1.95,1.3,1.4,1.7,1.5,1.1,1.75,2.3,3.05,1.1,1.15,2.1,0.4,0.4,0.25,0.2,0.25,0.5,0.6,0.35,0.3,0.5,0.55,0.35,0.4,0.5,0.4,0.4,0.4,1.55,0.65,0.45,0.65,0.9,1,0.7,0.75,0.65,1.05,0.6,1.9,0.9,1.05,0.95,0.85,2.2,0.6,0.8,0.9,1.15,2.7,1,4.7,3.7,3.35,3.15,2.85,3.75,4.15,2.8,3.5,6.8,6.2,3.85,5.25,5.6,3,4.4,5.5,3.25,4.3,7.7,0,0,0,0,0,0,0,0,0,0,0,0,0,0,0,0,0,0,0,0
1-212.txt_293,6.25,3.5,3.8,3.7,2.95,4.05,3.95,4.5,3.8,3.9,3.8,4,4.35,2.75,3.75,4.95,4.75,2.2,2.6,4.45,2.5,4.85,3.1,3,1.7,3.45,4.05,2.05,2.5,2.35,2.6,4.15,2.75,2.2,2,3.4,3.15,2.85,2.3,2.35,1.55,1.75,2.45,1.95,0.75,2.15,2.05,1.7,1.7,1.3,1.4,1.9,1.6,1,1.85,2.05,1.95,1.45,1.35,1.65,2.05,2.25,2.75,3.7,1.15,2.2,2.4,1.9,1.35,1.25,1.1,2.3,1.25,0.75,1.55,2.35,2.6,0.6,1.35,1.5,0.9,0.55,0.7,0.25,2.5,0.5,0.3,0.5,0.3,0.7,0.7,0.35,0.55,0.5,0.35,0.75,0.75,0.3,0.4,0.85,2.05,2.35,3.1,3.2,1.25,3.7,3.15,2.95,2.55,1.2,1.2,2.8,1.65,0.95,2.2,2.7,2.5,0.95,1.4,1.35,1.5,1.75,1.55,1.6,0.8,1.8,2.55,1.05,1.55,1.45,1.35,1.9,1.7,1,1.2,1.5,1.8,0.75,1.2,1.6,4.15,2.8,3.7,3.55,2,4,3.95,5.7,3.95,2.15,2.25,3.25,2.4,2.65,2,4.15,3.5,2.5,2.9,2.8,1.1,1.35,1.35,1,0.55,1.5,1.2,0.8,2.2,0.85,1.25,1.3,1,0.95,0.6,1.35,1.3,0.95,1.45,0.85,2.55,2,2.05,1.9,2.2,2,2.45,1.5,1.7,4,3.45,2.35,3.1,2.95,1.55,2.6,2.95,1.65,2.1,3.9,6.45,5.15,4.3,3.95,5.25,5.7,5.25,3.9,4.8,8.1,11.25,5.65,9.4,7.4,3.9,5.35,6.1,3.8,6.45,7.95,5.2,7.3,5.75,6.35,2.75,6.9,6.75,4.1,6.15,4.2,4.15,8.3,4.5,3.55,5.55,5.6,5.85,2.65,4.6,4.25,0.95,0.9,0.5,0.45,0.55,0.75,0.95,0.55,0.7,1.1,1.15,0.95,1.65,1.1,0.85,0.75,0.9,1.05,0.7,1.3,2.3,2.5,2.3,2.4,1.45,2.35,2.2,1.55,2.7,3.55,3.8,2.85,3.35,6.45,2.35,2.35,2.9,2.6,4.3,3.45,2,1.95,1.85,1.8,1.1,2.1,2.1,1.85,1.9,1.4,2,2.15,1.8,1.3,3.9,1.9,1.9,1.25,1.5,1.45,3.1,3,3,2.7,1.45,3,3.15,1.85,2.55,2.7,3.4,3,3.2,2.5,2.7,4,3.6,1.6,2.5,2.9,4.4,3.25,3.6,3.7,3.4,3.1,3.35,2.7,2.95,3.35,2.85,3.3,3.4,2.2,2.75,4.4,5.7,1.75,2.1,3.7,0.6,0.6,0.65,0.4,0.7,1.1,0.9,0.5,0.55,0.75,0.8,0.65,0.65,0.7,0.4,0.65,0.7,2.3,0.9,0.85,0.8,1.15,1.25,0.85,1.2,0.85,1.1,0.65,2.5,1.15,1.35,1.25,1.15,2.75,0.7,1,1.05,1.4,3.5,1.1,3.8,2.9,2.8,2.25,2.5,3.25,2.9,3.3,2.8,4.6,4.2,2.95,3.55,3.8,2,3.4,4,2.75,2.85,5.65
1-212.txt_295,6.35,2.8,3.6,3.5,3.5,3.35,3.9,3.75,2.7,4.7,4.35,3.9,3.65,3.1,3.25,4.45,5.05,2.45,3.25,5.7,2.65,3.8,3.05,3.05,1.05,3,3.25,1.9,2.85,1.75,1.8,3.1,2.2,2.05,2.65,2.65,2.9,1.85,2.2,1.85,1.25,1.6,2.45,1.9,0.6,1.4,1.45,1.6,1.45,1.2,1.15,1.65,1,1,0.95,1.75,1.35,0.45,1.05,1.35,2.4,2.9,4.35,5.2,1.35,3.8,4.25,3.4,3.6,2.1,1.5,3.5,1.8,1.4,2.3,3,3.2,1.3,1.65,1.9,0.45,0.35,0.45,0.2,1.8,0.2,0.15,0.3,0.2,0.4,0.3,0.3,0.3,0.25,0.2,0.4,0.45,0.25,0.25,0.4,3.2,4.3,3.15,3.9,2.4,5.7,5.05,2.15,3.3,3.1,2.9,4.4,3,2.1,3,3.55,3.75,2.6,2.9,2.75,2.6,2.95,2.4,2.7,2,3.65,4.2,2.1,2.55,2.05,2.5,3.5,2.7,2.2,2.45,3.35,3.45,1.3,2.1,2.15,3.15,3.3,3.05,3,1.4,3.2,3.45,4.75,3.3,1.9,1.95,3.25,2.15,1.2,2.4,3.25,2.75,1,1.35,1.9,1,1.35,1.5,1.3,0.65,1.55,1.5,0.85,1.85,0.85,0.95,1.35,1,0.65,1.45,1.2,1.1,1.3,0.8,1.05,1.3,0.6,0.9,0.85,1.15,0.75,0.95,0.8,0.95,1.8,1.65,0.7,1.35,1.4,0.65,1.1,1.1,0.5,0.8,1.95,6.65,5.7,5.05,4.9,4.4,6.15,5.75,4.3,5.6,8.55,11,6.65,8.85,7.9,5.05,5.85,6.85,4.2,6.8,8.5,2.85,4.35,3.9,4.3,1.85,4.35,4.65,2.85,3.55,1.85,2.05,5.55,2.5,1.85,2.65,3.7,3.25,1.15,2.05,2.15,1.25,1.65,1.15,1.3,0.8,1.7,1.7,1.15,0.85,1.65,1.9,2,2.55,1.25,1.45,1.5,1.5,0.7,0.85,1.55,1.8,2,1.9,1.95,1.9,1.65,1.75,1.35,2.55,2.7,3,2.15,2.45,5.05,1.55,1.85,1.95,2.3,4.25,2.6,2.35,1.9,2.1,2,0.95,1.9,2.5,1.6,1.75,1.6,2.45,2.25,1.7,1.65,3.5,2.15,2.5,1.3,1.45,1.85,3.9,3.35,3.4,2.95,2.55,3.25,3,3.45,2.85,2.7,2.65,3.55,2.55,2.35,2.15,4.8,4.1,1.65,2.55,3.35,3.3,3.05,3.15,2.35,2.25,3.3,3.2,2,2.7,3.1,3.4,3.6,3.65,2.85,1.9,4.35,5.45,1.4,2.85,3.5,1.6,1.45,0.9,0.65,0.8,1.3,0.85,1.15,1.65,1.3,1.65,1.05,1.2,2,0.95,1.15,1.2,3.2,1.9,1.55,0.6,0.65,0.5,0.35,0.65,0.7,0.5,0.25,1.85,1.1,1.25,0.55,1.15,2.25,0.3,0.85,0.75,1.3,2.65,1.2,4.6,2.8,2.5,2.25,3.65,3.55,3,2.4,2.55,5.75,5.5,2.95,6.3,5.6,2.5,3.85,4.1,2.45,3.8,6.75
1-212.txt_297,5.1579,3,2.6842,2.3684,3.4211,2.9474,2.8421,3.4211,2.3684,3.4737,3.1579,3.2632,2.9474,2.3158,2.7895,3.5789,3.6316,2.1053,2.9474,3.7895,2.1053,3.5789,2.4737,2.3158,1.2105,2.6842,2.6842,2,1.9474,2,1.8947,2.9474,1.7368,1.3158,1.8421,2.2632,2.2632,1.2105,1.7368,1.6842,3.6842,4.4211,4.8947,4.1579,2.3158,3.7895,3.8947,3.7368,3.2632,3.5789,3,4.5789,3.5789,3,3.5263,4.2105,3.9474,2.1053,2.6842,3.0526,3.5789,3.6316,5,5.9474,2.4737,4.1579,5,3.6842,3.8421,2.6842,2.6316,4.6316,3.1053,2.3684,4,4.1053,4.2105,2.6842,2.7895,3.3158,1.5789,1.1053,1.3158,1.2632,3.2632,1.3158,1.4211,1.5789,1.1053,1.7368,1.7895,1.2105,1.6316,1.3158,1.1579,1.8947,1.7895,1.6842,1.2105,1.7368,5.1579,5.7895,5.6842,5.6842,3.5789,8.1053,5.6842,4.2632,4.6842,4.2632,4.3684,6.0526,5.2632,3.8947,4.5789,5.5263,5.0526,4.2632,4.1053,4.8947,4.5789,4.3684,4.3158,6.0526,2.7368,6.0526,7.6842,3.8947,4.4211,3.7368,3.3684,5.4211,3.6842,2.5789,4,4.9474,5,3.3158,3.4211,3.5789,5.6842,3.7368,4.5789,5,3.6842,4.1053,4.2105,8.6842,3.5263,3.1053,3.1053,4,3.6842,4.0526,3.5263,4.9474,4,3.3158,3.2632,3.3684,2.7895,2.8421,3.1579,3,2,3.0526,3.2632,3.2105,4.4211,2.8947,2.4211,3.0526,2.9474,2.6842,2.6316,3.2632,3,2.2105,3.1053,2.4737,2.1579,1.4737,1.6316,1.4211,1.7895,1.6316,2,1.3684,1.3684,2.4211,2.5263,1.7368,2.4737,2.3684,1.3158,2,2.4737,1.5263,1.7368,2.5789,5.8421,5.3158,4.7895,4.1579,5.4211,5.7895,5.4211,4.1053,5.1053,7.6316,10.3158,5.2632,7.7895,6.8421,5.5789,5.3684,6.1579,4.4211,5.5789,7.9474,3.3684,4.8947,3.7895,4.2105,1.8947,4.6842,4.6316,3.0526,3.3684,3.1053,3.5263,5.6842,3.7368,2.6842,3.3158,4.0526,4.7895,2.3158,2.8947,3.1053,2.4737,2.1579,1.5789,1.5789,1.7895,2.0526,2.2105,1.8421,2,2.6842,2.8421,2.1579,4,2.2105,1.7895,2.3158,2.3158,1.8947,1.7368,2.6316,2.3158,2.6316,2.2105,2.5263,2.1053,2.3684,2.2632,1.6316,3,4.1053,3.5789,2.1053,3.0526,6.1579,1.8421,2.3684,3.1053,3.4211,4.6842,3.3684,4.2632,3.8947,3.7895,4.1053,2.8947,4.4737,3.7895,3.0526,3.3684,2.8947,3.7368,4.2632,2.9474,2.7895,7.1053,4.2632,3.8421,2.2105,2.6316,3.2105,3.2105,3.2105,3.6842,3.2105,1.7368,2.9474,3.2105,2.9474,2.7895,2.4211,2.4211,3.2632,2.6842,2.5789,3.0526,4.3158,3.1579,1.5263,2.4211,2,5.2105,4.6842,4.8947,4.6842,4.5263,4.5263,4.4211,4,4.0526,5,4.8421,5,4.8947,4.1579,4.8947,5.5789,7.4211,3.3684,3.8421,5.4737,1.1053,1.2632,0.9474,0.8947,0.8947,1.2632,1.1579,1.0526,1.1053,1.0526,1.2105,1.1579,1.4737,1.7895,0.9474,1,1.2632,2.7368,1.6316,1.0526,2.8421,2.8421,2.4737,2.1579,2.3684,2.6842,2.3158,1.8947,4.5263,3.8421,4.1053,2.6842,3.7895,5.6842,2,2.6842,2.6316,3.6842,7.6842,3.9474,5.6316,5.2105,4.2105,4,3.6316,4.6842,4.5263,3.8947,4.6316,7.4737,7.4211,5.2632,7.2632,6.8947,4.1579,4.9474,5.8421,5.3158,5.2632,8.3684
1-212.txt_299,3.85,1.8,2.15,1.9,2.9,1.95,2,2.4,1.9,2.5,2.55,2.2,2.85,2.3,1.95,2.7,2.75,1.85,2.4,2.6,2.05,4.35,2.5,2.15,1.6,3.05,3.15,1.7,2.15,1.3,1.55,3.65,1.75,1.3,1.65,2.45,2.5,1.55,1.6,1.8,2.95,3.95,6.05,4.8,1.7,3.55,4,3.3,3.75,1.9,1.5,3.9,2.35,1.7,2.75,4.4,3.65,1.65,2.15,1.95,3.75,3.8,5.85,6.35,1.9,4.8,5.55,3.8,3.65,2.35,2.35,4.55,2.65,1.95,3.6,4.3,3.8,2.1,2.45,2.7,0.65,0.4,0.5,0.4,1.4,0.35,0.4,0.45,0.35,0.55,0.55,0.4,0.5,0.3,0.6,0.7,0.5,0.3,0.3,0.6,3.5,3.9,4.05,3.75,2.25,5.45,4.5,2.85,3.15,2.75,3.3,4.45,3.45,2.25,2.45,3.85,3.75,3.5,2.9,3.15,3.45,3.45,3.75,4.4,2,4.15,5.25,3,3.65,2.4,2.7,4.15,3.2,2.5,3.75,3.55,4.1,1.65,2.65,3.15,6.6,4.45,5.3,4.7,3.5,4.3,4.85,9.75,3.9,3.65,3.95,4.8,3.9,3.95,3.95,5.85,4.75,3.5,3.4,4.55,2.05,1.95,1.85,1.95,1.2,2.55,2.3,1.45,3.05,1.7,1.6,2.25,2.05,1.85,1.35,1.9,1.65,1.3,2,1.7,5.2,5.7,4.3,4.45,3.95,5.15,5.05,3.8,4.35,8.5,6.3,5.65,6.25,5.65,4.65,5.5,6.3,4.05,5.65,7.65,6.25,5.05,4.15,3.6,5.4,5.9,4.85,3.85,4.3,9.15,11.45,5,8.7,7.8,5.25,5.1,6,4.5,6.45,8.45,3.9,5.05,4.05,4.35,2.5,5.6,5.1,3.3,3.55,3.15,4,6.45,4.5,3.3,4.7,4.25,4.8,2.95,2.95,3.65,2.4,2,1.8,1.6,2,2.55,2.1,1.9,2.35,3.2,3.25,2.25,4.45,3.1,1.9,2.1,2.35,1.75,2.25,3.05,2.75,2.45,1.95,1.95,2.1,2.2,1.8,1.85,3.75,3.85,4.65,2.35,3.95,7.25,1.95,2.25,3.05,3,5.8,3.5,3.65,3.2,3.25,3.65,2.7,4.15,3.55,2.6,2.55,2.35,2.4,4,2.45,2,6.4,3.8,3.45,1.9,2.2,2.7,4.3,4.25,4.6,4.45,2.7,4.2,4.15,3.7,3.75,3.7,3.65,4.45,3.5,3.4,3.9,5.5,4.9,2.25,3.05,3.65,5.2,4.55,5.25,4.7,3.95,4.45,5,4.05,4.75,5.25,4.7,5.1,4.7,4.6,3.85,5.65,7.7,3.3,4.45,5.8,0.7,0.85,0.55,0.65,0.75,1,0.95,0.85,0.8,0.65,0.9,0.85,0.95,1.6,0.45,0.85,0.9,3.35,1.6,0.65,3.85,3.75,3.5,3.25,4.5,3.1,3.25,2.9,4.65,4.55,5.1,3.7,5.05,6.55,2.85,3.9,4.6,4.2,7.75,4.8,3.45,3.15,3.25,3.3,2.55,3.5,3.8,2.6,2.85,4.1,3.4,3.45,3.05,2.9,2.85,3.3,3.95,1.8,2.65,4.8
1-212.txt_301,5.35,2.65,2.65,2.25,2.35,3.1,2.95,2.9,2.3,3,3.25,3.15,3.05,2.65,3.3,4.45,3.35,1.6,2.5,3.45,3.4,6.65,4.05,3.95,1.5,4.7,4.35,3.35,3.9,2.55,2.5,5.9,3.7,2.25,3.05,3.8,4.35,1.5,3.15,3.25,1.25,1.55,2.25,1.5,0.7,1.7,1.65,1.2,1.7,1.45,1.5,1.8,1.35,1.1,1.55,1.75,1.55,1.15,1.15,1.3,2.3,2.45,3.3,3.9,1.8,2.55,3.25,1.85,2.15,1.6,1.3,2.95,1.5,1,1.75,2.9,2.25,1.1,1.05,1.75,1.1,0.8,0.6,0.45,3,0.6,0.5,0.55,0.9,1.05,1,0.55,0.85,0.95,0.5,1.15,1.05,1.1,1.1,1.2,1.45,2.35,1.95,2.15,1.3,3.05,2.45,1.55,2.5,1.1,1.3,2.5,1.7,1.1,1.75,1.8,1.65,0.8,1.45,1.5,3.65,4,4.2,5.45,1.65,4.95,6.85,2.7,3.95,2.05,2.45,5.1,3,2.3,4.1,4.95,4.05,1.65,2.5,2.65,4.3,3,3.2,3.35,2,2.7,3.05,6.65,2.45,2.4,2.5,3.1,3.15,2.3,2.6,3.25,2.6,1.85,2.35,2.6,1.15,1.85,2.15,1.75,0.9,1.95,1.85,1.2,2.95,0.9,1.05,1.7,1.35,1.2,1.45,1.7,1.75,0.65,1.65,1.05,1.7,1.35,1.15,1,1.3,1.1,0.95,0.75,1.35,3.6,3.3,1.25,3.15,2.75,0.85,1.6,2.15,1.1,1.7,3.25,6.55,5.25,4.1,4,5.95,6.15,5.95,4.55,4.7,9.25,11.9,5.55,9.55,8.3,4.3,5.85,6.5,4.55,6,8.6,2.1,3.3,2.25,2.9,1.5,3.2,3.5,1.65,3.65,2.25,2.15,4.1,2.05,2.45,1.6,2.35,2.65,1.35,2.9,2.25,0.8,0.6,0.6,0.5,0.65,0.85,0.6,0.45,0.6,1.3,1.3,0.65,1.55,1.5,0.7,0.65,1.1,0.95,0.95,1.2,2.3,2,2.1,1.3,1.7,2,1.95,1.5,2.95,3.1,3.35,2.3,3.35,5.6,1.85,2.45,2.95,2.15,4.25,3.3,2.05,1.7,1.9,2.15,1.05,2,2.2,1.55,1.65,1.7,1.8,2.1,1.45,1.15,4.2,2.25,2.1,1.5,1.35,1.7,4.55,4.75,4.5,4.7,3.05,5.1,5.65,3.95,4.1,3.55,3.25,5.05,3.7,2.55,3.2,6.2,5.25,2.5,3.1,3.95,5.35,3.35,4.05,3.5,3.05,3.95,4.8,3.6,2.75,3.9,3.5,4.05,3.45,3,3.15,4.95,6.15,2.05,3.3,4.95,1.4,1.45,1.2,1.3,1.35,1.65,1.65,1.35,1.55,1.4,1.4,1.6,1.4,1.95,1.25,1.45,1.35,4.6,2.3,1.2,2.05,2.35,2,1.4,1.9,2.15,2.05,1.45,3.25,1.85,2.2,2.05,2.2,3.55,1.45,2.05,1.95,2.15,4.65,2.25,4.5,3.25,2.6,2.85,2.8,3.55,3.65,2.15,2.55,5.3,5.2,3.25,5.1,4.3,2.95,3.75,4.7,2.3,3.1,6.65
1-212.txt_303,7.4286,2.7857,1.8571,1.8571,3.7143,2.7857,2.7857,3.7143,1.8571,2.7857,2.7857,2.7857,2.7857,1.8571,2.7857,4.6429,3.7143,0.9286,1.8571,3.7143,1.5,4.5,2,1,0.5,2.5,2,1,2,0.5,1,3,1.5,0.5,1,1.5,1.5,0.5,1,0.5,1.5714,3.1429,7.8571,3.9286,0.7857,3.1429,3.1429,3.1429,3.9286,0.7857,0.7857,3.1429,1.5714,0.7857,1.5714,3.9286,3.1429,0,1.5714,0.7857,0.8571,0.8571,2.1429,4.2857,0.4286,1.7143,2.5714,1.2857,1.2857,0.4286,0,1.2857,0.4286,0.4286,1.2857,1.7143,1.2857,0,0.4286,0.4286,0.8571,0.2143,0.2143,0.2143,2.7857,0.2143,0,0.4286,0.2143,0.6429,0.6429,0.2143,0.6429,0.4286,0.2143,0.6429,0.6429,0.4286,0.4286,0.6429,0.8571,1.4286,1.1429,1.1429,0.2857,2.5714,1.7143,0.5714,1.1429,0.2857,0.5714,1.4286,1.1429,0.2857,0.8571,1.1429,0.8571,0.5714,0.8571,0.5714,2.1429,2.8571,2.8571,4.2857,0,4.2857,6.4286,1.4286,2.8571,0.7143,0.7143,3.5714,1.4286,0.7143,2.1429,2.8571,2.1429,0.7143,1.4286,1.4286,5.7143,2.8571,5.7143,4.2857,2.8571,2.8571,2.8571,14.2857,2.8571,0,0,2.8571,1.4286,1.4286,2.8571,5.7143,2.8571,2.8571,1.4286,1.4286,2.1429,0.7143,0.7143,0.7143,2.1429,0.7143,0.7143,0,0.7143,5.7143,4.2857,0.7143,3.5714,2.8571,0.7143,1.4286,2.1429,0.7143,2.1429,5,1.9286,1.2857,0.6429,0,1.9286,1.2857,0.6429,0,0.6429,3.8571,5.1429,1.2857,3.8571,2.5714,0.6429,1.2857,1.9286,1.2857,1.9286,3.2143,3,6,4,3,1,5,5,2,3,1,2,8,3,1,3,4,3,1,2,2,1.0714,1.0714,0.7143,0.3571,1.0714,1.4286,0.7143,0.3571,0.7143,1.7857,2.1429,1.0714,3.2143,1.4286,0.7143,1.0714,1.0714,1.0714,1.0714,1.7857,1.7143,0.8571,0.8571,0.8571,1.7143,0.8571,0.8571,0.8571,2.5714,3.4286,3.4286,0.8571,3.4286,8.5714,0,1.7143,1.7143,4.2857,6,2.5714,1.5,1,1,1.5,0.5,1.5,1.5,1,1,0.5,0.5,1.5,1,0,5.5,1.5,1.5,0,0.5,1,7.1429,4.2857,7.1429,5.7143,4.2857,5.7143,5.7143,5.7143,4.2857,2.8571,2.8571,5.7143,4.2857,2.8571,4.2857,11.4286,7.1429,1.4286,2.8571,2.8571,4,3,4,3,3,3,3,2,2,3,3,3,3,2,3,5,9,2,2,4,0.2857,0.2857,0,0,0.5714,0.5714,0.2857,0.5714,0.5714,0.2857,0.5714,0.2857,0.8571,1.4286,0,0.2857,0.5714,4,1.7143,0.2857,0.7143,0.7143,0.7143,0.3571,0.7143,1.0714,0.7143,0.3571,2.1429,1.0714,1.0714,0.7143,1.0714,2.5,0.3571,0.7143,0.7143,2.1429,3.9286,1.0714,3.7143,0.9286,0.9286,0.9286,2.7857,1.8571,1.8571,0.9286,0.9286,6.5,4.6429,1.8571,4.6429,2.7857,1.8571,1.8571,3.7143,0.9286,2.7857,7.4286,0,0,0,0,0,0,0,0,0,0,0,0,0,0,0,0,0,0,0,0
1-212.txt_305,42.5,20.7778,20.0556,21,23.5556,22.2778,23.0556,26.3333,19.5,20.6111,20.1667,22.5,21.1111,17.6667,24.4444,31,26.0556,16.2222,18.3889,25.0556,6,12.9444,7.6111,6.1111,3.4444,8.7778,8.1667,4.6667,6.5,4.0556,4.9444,9.8889,5.8889,3.5,5.2778,6.7778,6.6667,3.8889,5,4.9444,7.1111,8.8889,16.7222,10.3889,4.8889,9.3889,9.1111,8.4444,9.1667,5.3333,4.9444,9.6667,6.8889,4.6111,7.0556,9.8333,9.0556,3.3889,6.0556,5.6111,13.6111,13.6111,22.8333,37.5556,8.0556,17.9444,23.7222,14.7222,15.4444,7.9444,6.7778,16.7222,8.9444,8.0556,14.4444,18.7778,15.6111,5.5556,9.1667,8.8333,1,0.5,0.5,0.5,2.3333,0.5,0.3333,0.6667,0.5,0.8333,0.8333,0.5,0.8333,0.6667,0.5,0.8333,0.8333,0.6667,0.6667,0.8333,6.9444,9.3333,8.7778,7.9444,4.2222,14.7778,10.3889,5.8889,8.6667,4.2778,5.2778,9.2778,7.8333,4.1111,6.6667,8.6111,7.5,5.1111,6.5,5.5,4.5556,4.3889,4.8333,5.5,2,5.9444,8.5556,3.2222,4.2778,2.5556,2.5,5.0556,3.2222,2.4444,4.4444,5.0556,4.1111,2.3333,3.5556,3.0556,20.6667,13.6111,20.3889,17.0556,13.5,14.7222,13.9444,39.7778,14.3333,7.8889,8.2778,14.6111,11,10.3889,13.1667,20.3333,15.1667,13.5,10.6111,10.5,1.7778,2.3889,2.4444,1.7778,1.1111,2.2778,2.1667,2.1111,4.8333,1.2222,1.1111,2.1667,1.6111,1.6667,1.5,2.1667,1.6667,1.3889,2.6667,1.3889,4.3889,2.5556,2.5,2.1111,4.3889,2.6111,2.4444,1.6111,2.5,9.3333,7.4444,2.6667,6.9444,6.0556,2.5,3.5556,4.7222,2.8889,4.6111,8.0556,12.3889,10.3889,8.5,7.0556,11.1111,10.5556,9,6,8.5556,18,22.7222,11.2778,18.1111,14.6667,9,10.2778,13.6111,9.7222,12.3889,16.6111,3.9444,6.2222,5.4444,6.2222,2.1111,5.7222,6.2222,3.6111,4.8333,2.6111,2.8333,8.0556,3.4444,2.2778,4.5556,5.0556,4.6667,2.5,3.1111,3.1667,2.5,2.5,2,1.5,2.5,3,2,1.5,2,3.5,4,2.5,5.5,3,2,2.5,2.5,2.5,2.5,3.5,5.3889,4.4444,4.7222,4.2222,5.0556,4.3889,4.6111,4.2778,6.1111,7.5,7.7222,4.5556,7.5556,15.2222,3.3333,5.6667,5.5556,9.1667,11.2222,6.8333,12,10.1667,10.9444,13.2222,6.7778,12.6111,12.8889,9.7222,9.7778,7.2778,7.2222,12.5,9.2222,6.6111,29.7778,12.7222,12.2778,5.5556,8.4444,9.4444,19.5,15.5556,20.3889,19.5556,14.9444,18,18.2778,17.3889,15.6111,11.3889,11.5,17.8889,13.3333,11.1111,15.7778,28.9444,20.3333,9.2222,13.1667,12,17.1111,15.2778,17.6111,17.0556,13.2778,15.1111,15.1667,12.7222,12.2222,14.7222,13.5,15.5556,14.3333,10.5556,13.7778,20.4444,28.7778,9.8333,11.1667,17,2.2222,2.0556,1.8889,1.2222,2,2.5556,2,2.0556,2.5556,1.6667,2.1667,2.1667,2.6667,3.9444,1.1111,1.8889,2.2222,9.3889,4.8333,1.8333,3.3889,3.3889,3,2.5556,2.8333,3.9444,3.4444,2.2778,5.7778,3.9444,4,3.4444,3.8333,6.7778,2.6667,3.3889,3.3889,6,10.1667,4.2222,16.3333,11.6111,10,10.3333,13.2778,11.9444,11.9444,9.2222,9.5556,23.2222,18.8889,12.1667,18.8333,14.5556,10.7222,13.0556,17.5556,9.5,14.7778,27.5556
1-212.txt_307,4.8,2.45,2.25,2.3,2.3,2.8,2.5,2.95,1.9,3.35,3.2,2.8,3.35,2.45,2.6,3.1,3.15,2.3,2.35,3.55,3.85,4.75,3.45,4.1,1.8,4.55,4,3.5,3.4,3.1,2.75,4.45,2.7,2.5,3.9,4.1,3.7,2.5,2.75,3.05,2.6,3.45,4.35,4,1.15,3.35,3.9,3.05,3.25,1.95,2.2,4.15,2.25,1.85,2.6,3.1,2.55,1.75,2.4,2,2.25,2.45,3.7,4.75,1.1,3.1,4.35,2.4,2.05,1.65,1.55,3.1,1.7,1,2.55,2.85,2.75,1.3,1.45,2.05,0.4,0.1,0.2,0.1,1.8,0.2,0.1,0.2,0.1,0.3,0.3,0.1,0.3,0.2,0.2,0.4,0.45,0.55,0.2,0.4,4.2,4.15,4.7,4.25,2.1,6.35,5.05,3.9,3.9,2.6,2.9,4.6,3.15,2.35,3.45,4.65,4.45,2.4,2.8,3.15,2.05,2.25,2.15,2.8,1.2,2.9,3.4,1.85,2.15,1.3,1.7,2.65,2.15,1.25,2.1,2.45,2.55,1.3,1.5,1.9,4.05,2.7,3,2.65,2.35,2.65,2.35,5.75,2.95,2,2.05,2.75,2.15,2.45,2.55,3.75,3.25,2.3,2.2,2.55,1.15,1.45,2,1.6,0.4,1.8,1.9,0.95,1.5,0.6,0.55,1.5,0.85,0.4,0.9,1.35,1.35,0.4,1,0.55,4.4,4.2,3.6,3.8,3,4.7,4.65,3.35,3.6,6.25,4.95,4.35,5.4,4.55,3.6,4.4,5.5,2.35,4.1,6.15,7.15,4.85,3.9,3.95,5.85,5.4,5.25,4.1,5.3,9.9,11.7,5.6,9.7,8.6,4.6,5.25,6.55,4.25,6.75,10,2.9,4.8,3.6,3.6,1.85,4.35,4.75,2.6,2.7,3.05,3.25,5.8,3.4,2.2,3.15,3.5,3.9,2,2.35,2.6,0.7,0.5,0.45,0.3,0.6,0.6,0.45,0.35,0.5,1.5,1.4,0.65,1.85,1.25,0.65,0.65,0.85,0.55,0.8,1.25,2.75,3.1,2.55,2.5,3.2,2.4,2.5,1.75,3.85,4,4.65,2.45,3.95,6.95,1.7,2.45,3.2,3.35,5,3.55,2.4,2.4,2.55,2.8,1.7,3.4,3.2,2.05,2.5,2.35,2.75,2.9,2.55,2.65,5.15,2.7,2.25,1.6,1.7,2.25,1.85,2.2,2.4,2.15,1.15,1.85,2.55,1.6,2.05,1.2,1.2,2.05,1.3,1.1,1.3,2.7,2.25,1,1.05,1.15,4.75,5.9,5.2,4.9,3,5.1,5.15,4.15,5,4.2,4.25,5.05,3.65,3.1,4,6.45,7.95,3,4.25,4.85,0.8,1.25,0.8,0.55,1,0.85,0.85,0.75,0.75,1.2,1.15,1.1,1.25,1.3,0.4,0.8,1.05,2.75,1.15,1.1,2.5,2.4,2.6,1.8,2.15,2.1,2.3,2,3.8,3.5,3.65,2.4,3.4,5.5,1.8,2.7,2.75,2.65,6.4,3.45,2.2,1,1.25,1.1,1.2,1.3,1.5,1.4,1.3,2.5,1.95,1.35,2.2,1.8,1.2,1.85,2.3,0.95,1.45,3.15
1-212.txt_309,5.45,2.55,2.65,2.75,3.1,2.65,2.8,3.3,2.35,4.2,4.2,3.35,4.2,3.5,2.85,3.6,3.8,2.5,2.75,4.75,2.45,3.35,2.35,2.45,1.4,2.35,2.3,2.2,2.3,2.1,2.15,2.7,2.05,2.25,2.85,2.65,2.6,2.3,2.15,2.1,2.2,2.75,3.45,2.95,1.2,2.8,3.25,2.65,2.4,1.9,2.2,3,2.15,1.65,2.3,2.65,2.35,1.3,2.05,1.85,2.6,2.4,3.7,4.6,1.1,3.2,4.25,2.4,1.95,1.75,1.85,2.85,1.8,1.4,2.35,2.75,2.6,1.25,1.55,2.15,0.4,0.1,0.2,0.1,1.8,0.2,0.2,0.2,0.15,0.4,0.3,0.15,0.3,0.25,0.2,0.4,0.5,0.55,0.4,0.45,4.1,4.35,4.45,4.3,2.35,6.45,4.95,3.65,3.75,2.6,3.05,4.75,3.3,2.5,3.4,4.2,3.85,2.7,2.55,3.15,3.55,3.4,3.65,4.2,1.85,4.2,5.7,3,3.3,1.95,2.05,4.2,2.45,2.2,3.15,3.95,3.75,1.55,2.15,2.7,4,2.9,2.95,2.6,1.95,2.75,2.55,5.95,3.2,1.95,2.25,2.5,2.3,2.6,2.9,3.75,3.1,2.1,2.45,2.7,1.4,1.75,2.35,2.05,0.9,1.95,2.15,1.45,1.95,0.65,0.65,1.85,1.3,0.9,1.35,1.65,1.6,0.55,1.25,0.7,3.95,3.35,3.1,3.25,3.1,4,3.75,3.15,3,5.6,4.2,3.85,4.35,3.75,3.45,3.8,4.65,1.9,3.8,5.35,6.6,5.45,4.5,4.5,5.8,5.55,5.35,4,5.5,9.6,11.5,5.75,9.55,8.4,5,5.25,7.2,4.2,6.8,9.7,2.65,4.5,3.8,3.3,1.7,4,4,2.65,3.15,3,3.1,5.3,3.25,2.45,2.9,3.2,3.75,2.25,2.4,2.5,1,0.8,1.05,0.9,0.9,1,0.9,0.55,0.7,1.55,1.55,1.05,2.2,1.2,0.75,1,1.25,0.65,1,1.5,3,2.8,2.6,2.5,3.3,2.7,2.6,1.95,3.9,4.3,4.95,2.65,4.45,7.65,1.9,2.7,3.6,3.7,6.05,3.9,2.85,2.8,2.95,3,2.05,3.9,3.05,2.3,2.4,1.8,1.9,3.45,1.9,1.65,5.15,2.85,2.7,1.4,1.8,1.8,2.35,2.15,2.65,2.35,1,2,2.2,2.3,2.45,2.05,1.65,2.25,2,2.05,1.65,2.85,2.45,0.9,1.55,1.85,5.2,5.95,5.25,5.05,3.25,5.35,5.6,4.1,5.15,4.35,4.2,5.55,4.1,3.25,4.15,6.6,8.4,3.5,3.65,5.3,1,1.5,1.2,1,1.2,1.3,1.45,1,1.1,1.6,1.35,1.55,1.55,1.3,0.85,1.15,1.55,3,1.25,1.45,2.35,2.2,2.4,1.9,2.25,2,2.2,1.95,3.45,3.1,3.25,2.3,2.9,4.95,1.7,2.5,2.5,2.7,5.8,3,2.05,1.25,1.45,1.6,1.35,1.6,1.95,1.45,1.4,2.45,2,1.45,1.75,1.85,1.35,1.95,2.05,0.95,1.55,2.85
1-212.txt_311,5.5263,2.7895,2.7895,2.7368,2.7895,3.2632,3.2105,3.5263,2.5263,3.5789,3.6316,3.5263,3.9474,3.0526,3.2632,3.5789,3.8421,2.6316,2.8947,4.1053,4.2632,5.9474,4,4.4211,2.0526,5.0526,4.6842,3.8421,4,3.7895,3.2105,5.3684,3.1579,2.8947,4.2105,4.3158,4.1053,2.8421,3.2632,3.2632,3.1053,4.4211,5.0526,4.7368,1.4737,4.0526,4.4737,3.4211,3.9474,2.3158,2.5263,4.7895,2.5263,2.3158,3.0526,3.7368,3.2105,2,2.6316,2.4737,1.9474,2.0526,3.2632,3.8421,0.9474,2.4737,3.5263,1.8947,1.6842,1.4737,1.2632,2.5789,1.4737,0.9474,2.1053,2.3684,2.2632,1.2105,1.2632,1.8947,4.7368,4.8947,5.8421,5.0526,2.8421,8.1579,6.2105,4.5789,4.5789,3.3684,3.8947,5.5263,4.2632,2.7895,4.2632,5.7368,4.7895,3.3158,3.2105,4.1579,2.2632,2.4211,2.1053,2.8421,1.5789,3,3.5789,2,2.3158,1.4211,1.9474,2.7368,2.1053,1.4211,2.1579,2.6316,2.6842,1.2632,1.6842,2,5.5263,3.7895,4.4737,4.2105,3.3684,4.1579,4.0526,8.6316,4.0526,2.7895,3.1053,4.2105,3,3.2105,3.3684,5.2105,4.3158,2.6842,2.8947,3.4211,1.8421,1.9474,2.5789,2.0526,1.6316,2.4211,2.6316,1.3158,2.5789,0.8947,0.9474,2,1.4211,0.7895,1.4211,1.9474,1.8421,0.7895,1.5263,1.1053,4.5789,4.5789,3.7368,3.9474,3.5263,4.6842,4.8947,3.7368,3.8421,6.7895,5.3158,4.7368,5.3684,4.5789,3.8421,4.5263,5.7895,2.3158,4.3684,6.3684,7.5789,5.5263,4.5263,4.4737,6.2632,6.4211,6,4.8421,6.3684,10.7368,12.8421,6.1053,10.5263,9.4211,5.7368,5.6842,7.2105,4.7895,7.5789,10.5789,3.0526,4.6842,3.4737,3.4737,1.7368,4.1053,4.3684,2.4737,2.6842,3.1053,3.3684,5.5789,3.5263,2.3684,3.0526,3.4737,3.8947,2.3684,2.3684,2.6842,1.0526,1,1,0.7895,1.0526,1.1053,0.8421,0.7368,0.8947,1.8947,2,1.0526,2.6316,1.5263,0.8421,0.9474,1.2105,1.0526,1.1053,1.5263,2.8947,3.0526,2.8947,2.6842,3.3684,2.5789,2.4737,1.7368,3.9474,4.1579,5.1053,2.5263,4.4737,7.2105,1.8421,2.5789,3.4737,3.5263,5.3684,3.9474,2.7368,2.5789,2.8421,2.9474,1.8421,3.3158,3.1053,2.2105,2.1579,2.4211,2.7368,3.1053,2.6316,2.5263,5.7368,2.8947,2.6316,1.5789,1.8947,2.3158,2.0526,2.4211,2.4737,2.2632,1.2105,2,2.5789,1.8421,2.4211,1.2632,1.3158,2.1579,1.3684,1.2105,1.4211,2.7895,2.3158,0.6842,1.1579,1.1579,5.5263,6.3158,5.7895,5.4211,3.5263,5.5789,5.4737,4.5263,5.1579,4.7895,4.8421,5.4737,4.2632,3.3158,4.7368,7.1053,9.0526,3.4211,4.1053,5.6842,0.8947,1.2632,1,0.5789,1,1,1,0.6842,0.8421,1.2632,1.1579,1.1579,1.2632,1.3158,0.4737,0.8947,1.2105,2.8421,1.2105,1.1579,2.5789,2.5263,2.7368,2.0526,2.3684,2.2632,2.3684,2.2632,4,3.7368,3.7895,2.6842,3.5263,5.7368,2.1579,2.9474,2.9474,2.8421,6.8421,3.5263,3,1.4737,1.5789,1.6316,1.6842,1.6316,1.8421,1.7368,1.5789,3.1053,2.4737,1.5789,2.5263,2.3158,1.5789,2.2632,2.8421,1.2632,1.8421,3.9474,0,0,0,0,0,0,0,0,0,0,0,0,0,0,0,0,0,0,0,0
1-212.txt_313,4.8,2.35,2.3,2.35,2.65,2.85,2.65,2.9,2,3.3,3.15,2.95,3.15,2.7,2.6,2.95,3.35,2.4,2.45,3.55,3.8,4.65,3.6,4.3,1.8,4.2,3.8,3.6,3.4,3.15,2.75,4.5,2.65,2.45,4.05,3.95,3.6,2.7,2.6,3,3.05,3.55,4.65,4.1,1.45,3.4,4.25,3.3,3.4,2.45,2.8,4.1,2.6,2.45,3,3.8,3.55,1.7,2.9,2.5,2.35,2.4,3.8,4.7,1.4,3.15,4.4,2.55,2.05,1.55,1.4,3.1,1.45,1.05,2.35,2.95,2.75,1.3,1.4,1.85,0.4,0.15,0.2,0.15,1.8,0.2,0.25,0.2,0.15,0.3,0.3,0.15,0.3,0.2,0.2,0.4,0.5,0.55,0.25,0.45,4.15,4.45,4.4,4.45,2.4,6.3,4.95,3.9,4.1,2.5,2.85,4.6,3.5,2.65,3.45,4.45,4.15,2.75,2.7,3.05,2.4,2.95,2.45,3.15,1.4,3.3,3.9,2,2.3,1.6,1.75,3.2,2.25,1.4,2.05,2.65,2.7,1.75,1.95,1.8,4.15,2.45,3,2.65,1.95,2.7,2.4,5.8,3,1.9,2.15,2.55,2.2,2.8,2.7,3.8,3.1,2.35,2.35,2.5,1.15,1.3,2.05,1.7,0.55,1.8,1.9,0.9,1.5,0.6,0.5,1.6,1,0.6,0.9,1.35,1.35,0.45,1.05,0.6,4.6,4.05,3.75,3.95,3.3,4.65,4.9,3.4,3.4,6.2,4.95,4.4,5.25,4.35,3.6,4.5,5.4,2.35,4.2,5.95,6.5,5.1,4.15,3.65,5.5,5.65,5.15,3.8,5.35,9.85,11.9,5.6,9.65,8.6,4.85,5,6.9,4.1,6.9,10.25,3,4.9,3.65,3.6,1.85,4.35,4.7,2.55,2.8,3,3.3,5.7,3.55,2.45,3.15,3.35,4.1,2.1,2.6,2.75,0.7,0.5,0.4,0.3,0.6,0.55,0.4,0.3,0.5,1.5,1.35,0.65,1.85,1.15,0.6,0.65,0.8,0.5,0.8,1.25,2.6,2.8,2.35,2.25,2.7,2.65,2.55,1.7,3.85,3.85,4.7,2.6,4.4,6.9,1.5,2.6,3.05,3.4,5.15,3.45,2.65,2.5,2.75,2.85,1.95,3.4,2.65,2.1,2,2.25,2.4,3.1,2.4,2.2,5.15,3,2.5,1.4,1.8,2.2,1.9,2.25,2.3,2.05,1.15,2.05,2.6,1.65,2.05,1.2,1.25,2.1,1.3,1.1,1.4,2.5,2.25,0.65,1.05,1.3,4.5,5.5,4.95,4.7,2.6,4.75,4.95,3.9,5.1,4,3.75,4.85,3.55,2.95,4.05,5.85,7.25,3.05,3.6,4.7,0.75,1.2,0.85,0.55,0.85,0.95,0.9,0.7,0.75,1.3,1.2,1.05,1.25,1.2,0.45,0.9,1.2,2.75,1.1,1.1,2.45,2.55,2.45,2,2.3,2.2,2.15,2.15,3.8,3.5,3.5,2.4,3.25,5.55,1.8,2.65,2.9,2.85,6.5,3.4,2.55,1.25,1.75,1.75,1.75,1.6,1.75,1.65,1.3,2.8,2.2,1.5,2.2,2.05,1.55,2.35,2.5,1,1.6,3.45
1-212.txt_315,4.1053,2.3158,2.0526,2.3158,2.2105,2.2105,2.5789,2.7895,2.2105,2.7368,2.1053,2.4211,2.5789,2.1053,1.6316,2.6316,2.8421,1.6316,1.9474,2.9474,1.8947,3.1579,2.6316,2.3684,1.2105,2.4737,2.3684,1.8421,2.0526,1.7895,1.8947,2.3684,1.9474,1.7895,2.2632,2.5789,2.5263,2.1579,1.8947,2.0526,3.7895,4.2632,5.3158,4.8947,2.1579,4.0526,4.6842,4,4.1053,3,2.4737,4.6842,2.5263,2.5789,3.6842,4.5263,4.1053,2.2632,3.1053,3,2.1579,2.3684,3.4737,4.5263,1.2105,2.8421,3.8421,2.4211,1.9474,1.5263,1.4737,2.6316,1.4211,1,2,2.7895,2.3684,1.2105,1.5263,1.8947,0.8421,0.3684,0.4211,0.3684,2.2105,0.5789,0.5263,0.5263,0.3158,0.6316,0.6316,0.4737,0.5263,0.3158,0.3684,0.7895,1.1579,0.6842,0.3684,0.8421,3.5263,4,3.5263,3.7368,1.7895,6,4.3158,2.7895,3.8421,2.3158,3,4.3158,3.2632,2.2105,2.9474,4,3.9474,2.6842,2.4737,2.9474,3.4211,3.5263,4.0526,4.9474,2.2105,4.6316,5.6842,2.8947,3.3684,2.3158,2.4211,4.4211,2.6842,1.8947,3.3158,3.9474,4.1053,1.8947,2.7895,2.7895,4.3684,2.8421,3.1579,2.6842,1.9474,2.7895,2.5789,6.2632,3.2632,1.9474,2.3158,2.7895,2.6316,3.1579,2.5263,4,3.2105,2.4737,2.5263,2.6842,1.0526,1.2105,1.4211,1.1053,0.9474,1.2105,1.0526,0.8947,1.3158,0.7368,0.5789,1.1579,1,0.4211,1,1.1579,1,0.4211,0.6842,0.6842,4.3158,4.0526,3.5263,3.7368,3.4211,3.8421,4.5263,3.1579,2.9474,6.6842,5.0526,4.6316,4.8421,4.2632,4.1579,4.4737,4.8947,2.6842,4.1053,5.8947,5.3684,4.5789,3.3684,3,4.7368,4.2632,4,2.8947,3.7895,8.2105,10.3158,4.4211,8,7.0526,4.4737,4,5.5263,4,5.6316,8.2632,4.4737,6.5263,6.0526,5.4737,2.3684,6.1579,5.7368,4.7368,4.5789,3.6842,4.4737,7.8947,4.7368,3.1579,4.4737,4.8947,5.2632,3.4737,3.3684,3.4737,1.1053,0.7368,0.6842,0.6316,0.9474,0.9474,0.8421,0.5263,0.6842,1.9474,1.7895,0.9474,2.6316,1.6316,1.0526,1,1.0526,0.7368,1.0526,1.8947,3.3684,3,2.6316,2.5263,3.3158,2.6316,2.5263,2.1053,4,4.2105,5.0526,2.6842,4.7368,8.1053,1.8421,2.9474,3.5789,3.7895,6.4211,3.9474,3.4737,3.1579,3.5789,3.7895,2.3158,4.4737,3.7368,2.7895,2.7895,2.8947,3.1053,4,2.7368,2.3684,6.6316,3.5263,3.1579,1.7368,2.2632,2.6842,1.7895,1.6316,2,1.8947,1.1053,1.4737,1.8421,1.8947,1.6316,1.3684,1.1579,1.7368,1.3684,1.5263,1.3158,2.1579,1.8947,0.6842,1.0526,1.2105,5.3158,5.4211,5.1053,4.9474,3.6316,4.9474,5.6316,4.2105,5.7895,4.7368,4.9474,5.7895,4.5263,3.9474,4.2632,6.5263,8.1579,3.0526,4.1579,5.8421,1,1.3158,0.8421,0.5263,1,1,1,0.6842,0.5789,1.4737,1.2105,1.0526,1.3684,1.0526,0.4211,1,1.2632,2.7895,1.1053,1.1579,2.4211,2.1053,2.5789,2,1.9474,2.5263,2.6316,1.8947,3.7895,3.0526,3.4737,2.6316,3.3158,4.8947,2,2.5789,2.6316,3,6.1053,3.2632,4.0526,2.8421,2.4211,2.3158,3.1053,3.5263,3.8421,2.7895,3.3158,4.8421,4.6842,3.2632,4.1053,4.1579,2.4211,3.6316,4.2632,2.1579,3.4737,5.5263
1-212.txt_317,5.45,2.55,2.7,2.75,3.1,2.7,2.85,3.3,2.4,4.2,4.25,3.35,4.1,3.45,2.85,3.65,3.8,2.45,2.75,4.6,2.45,3.35,2.35,2.5,1.4,2.3,2.3,2.2,2.25,2.1,2.15,2.65,2.05,2.25,2.85,2.65,2.6,2.3,2.15,2.1,2.5,3.05,4.1,3.45,1.35,3.1,3.5,2.8,2.85,2.05,2.45,3.4,2.35,1.8,2.5,3.15,2.65,1.5,2.3,2.15,2.5,2.45,3.65,4.6,1.35,3.2,4.25,2.35,1.9,1.7,1.85,2.9,1.8,1.4,2.25,2.8,2.6,1.3,1.55,2.15,0.4,0.1,0.2,0.1,1.8,0.2,0.2,0.2,0.15,0.4,0.3,0.15,0.3,0.2,0.2,0.4,0.5,0.55,0.4,0.45,4.05,4.3,4.6,4.3,2.25,6.45,5,3.65,3.75,2.6,3.15,4.7,3.3,2.5,3.35,4.2,3.9,2.7,2.55,3.15,3.5,3.4,3.4,4.25,1.85,4.15,5.75,2.9,3.3,1.85,2.05,4.25,2.45,2.2,3.15,3.95,3.7,1.55,2.15,2.7,4,2.8,2.95,2.6,1.95,2.7,2.5,5.95,3.2,2,2.25,2.5,2.25,2.6,2.85,3.8,3.05,2.1,2.4,2.65,1.4,1.7,2.5,2.05,0.9,1.95,2.15,1.45,1.95,0.65,0.6,1.85,1.3,0.9,1.35,1.65,1.55,0.6,1.25,0.7,3.95,3.35,3.15,3.2,3.1,4.05,3.7,3.2,3,5.55,4.2,3.85,4.65,3.75,3.45,3.75,4.65,1.85,3.8,5.3,6.55,5.3,4.5,4.55,5.8,5.45,5.3,4.05,5.4,9.7,11.55,5.75,9.5,8.5,4.95,5.3,7.25,4.3,6.75,9.7,2.65,4.65,3.7,3.25,1.95,3.95,3.9,2.45,3.1,3.1,3.05,5.2,3.2,2.4,2.85,3.2,3.75,2.2,2.35,2.7,1,0.8,1.05,0.85,0.9,1,1,0.55,0.8,1.55,1.55,1,2.2,1.2,0.75,0.95,1.25,0.65,1,1.5,3,2.8,2.55,2.6,3.3,2.7,2.7,2,3.9,4.2,4.95,2.55,4.45,7.65,1.8,2.65,3.7,3.7,6.1,3.8,2.85,2.75,2.95,3.15,2.05,3.9,3.15,2.3,2.45,1.85,1.95,3.45,1.85,1.65,5.15,2.85,2.65,1.4,1.75,1.8,2.05,1.85,2.15,1.8,0.85,1.7,1.9,2.1,2,1.9,1.5,1.95,1.8,1.85,1.45,2.4,2.15,0.75,1.3,1.55,5.2,6.05,5.25,5.15,3.2,5.35,5.6,4.15,5.15,4.35,4.15,5.55,4.1,3.25,4.15,6.6,8.4,3.55,3.65,5.4,1,1.4,1.25,1.05,1.2,1.35,1.45,1,1.1,1.6,1.35,1.6,1.55,1.35,0.85,1.2,1.55,3.05,1.25,1.45,2.35,2.15,2.3,1.85,2.25,2,2.1,2,3.5,3.15,3.3,2.25,2.95,4.9,1.65,2.45,2.5,2.7,5.8,3,2.05,1.25,1.4,1.6,1.35,1.65,1.85,1.55,1.4,2.45,2,1.4,1.75,1.85,1.35,1.95,2.15,0.95,1.55,2.8
1-212.txt_319,4.7,2.1,2.05,2,2.85,2.2,2.25,2.85,1.75,3,2.7,2.35,2.65,1.9,1.9,3.2,3.15,1.7,2.25,3.3,1.1,1.95,1.25,1.15,0.6,1.35,1.15,0.9,1.4,0.9,0.95,1.4,0.9,1.05,1.25,1.4,1.15,1.6,1.15,1.05,4.7,5.2,6.6,6.45,2.6,4.95,5.85,5,5.35,3.55,3.6,5.7,3.5,3.65,4.4,5.65,5.6,2.85,3.75,3.75,2.45,2.5,4.1,4.75,1,3.25,4.15,2.6,2.15,1.45,1.65,2.9,1.55,1,2.3,3,2.75,1.25,1.85,1.8,0.4,0.15,0.2,0.15,1.8,0.2,0.3,0.2,0.15,0.3,0.3,0.15,0.3,0.2,0.2,0.4,0.5,0.55,0.25,0.45,3.75,3.8,4.3,4.05,1.95,5.9,4.45,3.5,4.1,2.35,2.75,4.15,3.35,2.25,3.15,3.9,3.7,2,2.7,3.3,2.35,2.5,2.7,3.3,0.85,3.55,4.05,2,2.35,1.55,1.6,3.2,1.75,1.55,2.7,2.8,2.65,1.2,1.7,1.75,4.2,2.55,2.8,2.55,2.2,2.6,2.5,5.85,2.65,1.85,2.1,2.75,2.1,2.35,2.6,4,3.35,2.4,1.95,2.8,1.1,1.4,1.85,1.55,0.9,1.8,1.8,0.95,1.55,0.75,0.75,1.75,1.1,0.65,1,1.25,1.45,0.45,1.05,0.85,3,3.8,2.65,2.85,2.05,3.55,3.75,2.35,3.2,5.4,4.2,4.15,3.9,3.15,2.7,3.15,4.25,1.9,3.65,4.6,6.9,5.45,4.4,4.7,5.35,5.65,5.45,4.25,4.6,9.15,11.6,5.75,9.4,8.1,5.9,5.55,6.6,4.4,5.95,9.5,3.35,5.25,3.95,3.55,2.35,4.65,4.65,3.05,2.9,3.55,3.75,6.2,4.2,2.55,3.15,3.5,4.35,2.9,2.7,3.1,0.6,0.5,0.5,0.4,0.55,0.6,0.55,0.3,0.4,0.7,0.75,0.45,1.4,0.7,0.35,0.5,0.55,0.4,0.45,0.9,2.65,2.3,2.05,2.2,2.5,1.9,2.15,1.85,3.1,3.55,4.2,2.35,3.8,6.5,1.6,2.35,3.1,3.55,5.05,3.1,2.9,3.25,3.15,3.05,2.2,3.65,2.75,2.45,2.4,2.35,2.55,3.5,2.4,2.15,5.55,3.35,3.05,1.6,2.15,2.25,3.15,3.6,3.85,3.65,1.85,3.7,3.95,3,3.5,2.45,2.1,3.5,2.5,2.3,2.75,3.75,3.35,1.3,2,2.25,4.3,4.55,4.3,4.3,3.45,4.5,4.85,3.45,5.1,4.65,4.3,5.05,3.85,3.75,4.2,5.75,6.95,3.35,4.25,5.4,0.8,1.25,0.75,0.55,0.95,0.9,0.95,0.65,0.8,1.35,1.2,1,1.2,1.15,0.4,0.9,1.2,2.75,1.1,1.1,2.15,2.15,2.3,1.4,2.5,1.7,2,1.75,3.8,3.2,3.3,2.15,3.15,5.1,1.55,2.3,2.3,2.75,6.2,3.15,4.1,2.65,2.3,2.25,2.3,2.8,3.6,2.5,2.65,4.5,4.3,3.1,4.4,3.75,2.65,3.65,4,1.9,3.35,5.45
1-212.txt_321,3.4,1.8,1.85,1.85,1.65,1.8,2.05,2.3,1.8,2.35,1.75,1.8,2.15,1.9,1.35,2.15,2.55,1.4,1.7,2.5,1.85,3,2.55,2.25,1.2,2.35,2.4,1.75,1.85,1.75,1.8,2.2,1.75,1.65,2.1,2.4,2.4,1.95,1.75,2.1,3.2,3.85,4.8,4.5,1.85,3.55,4.1,3.45,3.9,2.35,2,4.25,2.1,2.2,3.1,4.05,3.7,1.85,2.85,2.45,2,2.2,3.45,4.3,0.9,2.7,3.7,2.25,1.9,1.4,1.45,2.55,1.25,0.95,1.95,2.6,2.2,1.15,1.45,1.65,1.15,0.6,0.6,0.6,2.85,0.8,0.7,0.75,0.5,0.9,0.9,0.65,0.9,0.65,0.55,1.1,1.4,0.95,0.75,1.1,3.6,4.2,4,3.95,1.9,6.35,4.6,3,3.95,2.4,2.7,4.55,3.35,2.1,3.2,4.15,4.05,2.85,2.6,3,3.2,3.45,3.8,4.65,2.15,4.45,5.35,2.65,3.2,2.2,2.3,4.3,2.65,1.8,3.05,3.8,3.9,1.8,2.7,2.8,4.2,2.5,3.05,2.65,1.8,2.65,2.4,6.05,2.45,1.85,2,2.65,2.4,3,2.5,3.75,3.05,2.4,2.4,2.6,1.5,1.85,2.1,1.65,1.15,1.85,1.8,1.35,2.2,1.35,1.15,1.7,1.55,1,1.5,1.65,1.45,1.05,1.25,1.25,4,3.95,3.35,3.65,3.3,3.75,4.45,3,2.8,6.35,4.6,4.45,4.5,4,3.9,4.15,4.7,2.8,4,5.7,4.85,4.1,3,2.8,4.2,3.75,3.8,2.7,3.45,7.45,9.25,4,6.9,6.2,4,3.45,4.75,3.6,5,7.3,4.25,6.15,5.6,5.2,2.25,5.85,5.5,4.35,4.45,3.65,4.25,7.35,4.35,2.9,4.35,4.8,5.15,3.15,3.3,3.3,0.85,0.45,0.5,0.45,0.7,0.55,0.6,0.3,0.4,1.5,1.25,0.6,1.75,1.2,0.8,0.7,0.8,0.45,0.75,1.45,3.15,2.75,2.65,2.4,3.1,2.5,2.35,2.25,4,3.95,4.8,2.45,4.5,7.7,1.75,2.75,3.55,3.35,6.25,3.75,3.65,3.3,3.55,3.85,2.4,4.75,3.85,2.95,2.9,2.7,3.05,4.15,2.9,2.45,7,3.65,3.35,1.85,2.35,2.75,1.7,1.55,1.9,1.8,1.05,1.35,1.8,1.8,1.5,1.25,1.05,1.7,1.25,1.55,1.25,2.05,1.85,0.6,1.05,1.1,5,5.3,4.8,4.6,3.35,4.8,5.3,4,5.5,4.5,4.65,5.5,4.3,3.65,3.95,6.3,7.75,2.85,4.1,5.35,0.9,1.2,0.7,0.55,0.95,0.95,0.95,0.7,0.6,1.4,1.1,1,1.25,1,0.4,0.95,1.2,2.7,1.1,1.15,2.35,2.2,2.35,2,1.85,2.3,2.5,1.7,3.65,2.85,3.3,2.55,3,4.7,1.85,2.45,2.5,2.7,5.75,3.05,3.95,2.6,2.5,2.25,3,3.25,3.6,2.55,3.35,4.35,4.5,3.1,3.9,3.95,2.25,3.5,4.1,2,3.2,5.4
1-212.txt_323,4.6316,2.2632,2.5789,2.8421,3.5263,2.4211,2.6316,2.9474,1.8947,3.2632,2.6316,2.7368,3.1579,2.4737,2.2105,3.6316,3.4737,1.7368,2.0526,3.3684,1.8947,3.6316,2.4737,2.0526,1.2632,2.5263,2.4211,1.5789,1.9474,2.0526,2,3,1.8421,1.4737,1.8421,2.3158,2.1053,1.3684,1.5789,2,2.8421,3.4737,5.1579,4.6316,1.4211,3.3158,4.4737,2.9474,3.5263,1.9474,1.5789,3.8947,1.9474,1.9474,2.5789,3.7895,3.2632,1.8421,2.5263,2.2105,2.5263,2.5263,3.2105,3.8421,1.3158,2.7368,3.9474,2.6316,2,2.0526,1.7895,2.6316,1.6316,1.2632,2.4737,2.5789,2.3684,1.7368,1.7895,2.1579,0.4211,0.1579,0.2105,0.1579,1.8947,0.2632,0.3158,0.3158,0.2105,0.3684,0.3158,0.2632,0.3158,0.2105,0.2105,0.4211,0.5263,0.2105,0.2105,0.4737,3.6842,4.2632,4.2105,4.1053,1.6842,5.6842,4.3684,2.8947,3.7895,2.3158,2.6842,4.4211,2.7368,2.5789,3.1053,3.9474,3.6316,2.4737,2.3684,2.7368,2.6842,3.4737,3.5263,4.2105,1.7368,4.3684,5.3684,2.6842,2.4737,1.7368,1.7368,4.4211,2.0526,1.6842,3.2632,3.1579,3.6842,1.3158,2.3158,2.3158,5.3158,3.7368,3.7895,3.3684,2.4737,3.8421,3.6842,7.4211,4.3158,2.7895,2.9474,3.5789,3.1053,3.9474,3.3684,4.9474,4.3684,3.8947,3.2632,3.6842,1.1053,0.8947,1.4211,1.0526,0.5263,1.3684,1.2105,1,1.3158,0.6842,0.7368,1.1579,0.8947,0.6842,0.6316,1.1579,0.9474,0.5789,1,0.6316,3.2632,2.8421,2.7368,2.3158,2.4737,2.9474,3.0526,2.2105,2.5789,4.6316,3.4211,3.2632,3.8421,2.9474,2.4211,3.5789,4,1.5789,2.9474,4.2632,6.3684,5.7368,4.3158,3.5263,5.4211,5.3158,4.5789,4.3684,5,9.0526,11.6842,5.4211,9.8947,8.4737,4.8421,5,6.7368,4.8421,6.7895,9.1579,4.3158,6.3684,5.5789,5.5789,3.0526,6,6,4.7895,4.6842,4.6842,4.9474,7.4211,5.2632,3.5789,4.4737,5.2105,5.6842,3.0526,4.3158,4.2105,0.7368,0.5263,0.5263,0.3684,0.7895,0.7368,0.7368,0.3684,0.5263,1.4737,1.3684,0.7368,2.0526,1.0526,0.6316,0.5789,0.8947,0.5789,0.6842,1.3684,2.7368,2.4211,1.9474,2,2.8947,2.2105,2.1579,1.4737,3.0526,3.8421,4.5263,2.1053,4.1579,6.6842,1.6316,2.3158,3.3158,3.6842,5.3684,3.5789,3.8421,3.2105,3.4737,3.9474,2.2632,4.2632,3.4737,3.3684,3.3158,2.6842,2.6316,4.4737,2.6842,2.0526,6.5263,3.7368,3.6842,2.1053,2.2105,2.7895,5.7368,4.6316,5,5.2105,3.7368,4.3158,5.0526,4.6842,4.7368,4.3684,4.5263,4.9474,4.0526,4.2105,5.1579,6.2632,5.4211,2.8947,3.4211,4.4737,2.5263,3.2105,3.3684,2.8947,1.7895,3,3.3158,2.2105,2.7368,2.2105,2.5789,3.2105,2.4211,2.0526,2.1053,3.7895,4.7895,2.0526,2.4737,3,0.7895,0.6842,0.5789,0.3158,0.8947,0.6316,0.5263,0.4211,0.5263,1,0.8947,0.6842,1,0.9474,0.3684,0.5789,0.8947,2.4211,0.9474,0.7895,2.2632,2.0526,2.2105,1.8947,2,2.3684,2.4737,1.6316,4.1579,3.1053,3.3684,2.2105,3.4211,5.2632,1.8421,2.6316,2.6842,2.7895,6.3158,3.1579,4.5789,3.3158,3.0526,3.4737,2.9474,4.2105,4.6842,3,3.5263,6.1053,5.4211,3.7368,4.7895,5,3.7895,4.1053,4.8421,2.1579,4.1579,7
1-212.txt_325,4.9,2.7,2.75,3.65,3.5,2.9,3.45,3,2.25,3.35,2.95,2.95,3.1,2.55,2.85,3.65,3.6,1.75,2.1,3.75,2.1,2.9,2.1,2.15,1.45,2.35,2.25,1.75,1.95,1.95,1.75,2.65,1.9,1.55,1.8,2.2,2.35,1.5,1.65,1.95,2.85,3.65,5.25,4.95,1.45,3.4,4.05,3.7,4.25,2.3,1.8,4.05,2.3,2.4,2.7,3.95,3.1,1.55,2.75,2.3,2.75,2.65,3.45,4.15,1,3.5,4.5,2.5,2.5,1.6,1.4,2.75,1.5,1.05,2.35,2.9,2.35,1.5,1.45,1.95,0.4,0.25,0.25,0.15,1.8,0.25,0.25,0.35,0.15,0.35,0.3,0.15,0.3,0.25,0.2,0.4,0.55,0.25,0.25,0.5,3.65,3.85,4.2,4.4,1.65,5.85,4.65,3.6,3.55,2.3,3,4.25,3.25,2.25,3,3.9,3.65,2.9,2.45,2.65,3.1,3.7,3.35,4,1.55,4.55,5.4,2.85,3.3,2.35,2.5,4.6,2.45,1.75,3.55,3.25,3.5,2.2,2.7,2.85,4.9,3.25,3.9,3.8,2.4,3.25,3.25,6.75,3.55,2.7,2.55,3.4,2.5,3.3,3.25,4.25,3.25,3.7,2.75,2.8,0.95,1.05,1.5,1.15,0.75,1.1,1,1.2,1.15,0.55,0.5,1.15,0.85,0.35,0.55,1,0.85,0.65,0.5,0.5,2.45,2.15,1.7,1.85,1.8,2.25,2.3,1.9,1.35,3.7,2.4,2.45,3.05,2.1,2.05,2.55,3.05,1.15,2.3,3.25,6.35,5.4,4.2,3.15,5.45,5.35,4.95,4,4.65,9.2,11.55,5.4,9.15,8.5,4.7,4.6,6.55,5.3,6.95,9.6,3.1,5.45,4.25,3.7,2.35,4.4,4.6,2.9,3.5,3.3,3.9,5.85,3.95,2.9,3.2,4.15,5.05,2.05,2.7,3.2,0.65,0.4,0.6,0.35,0.75,0.55,0.35,0.25,0.35,0.7,0.75,0.4,1.45,0.7,0.25,0.45,0.5,0.35,0.4,0.9,3.05,3.2,2.95,2.65,3.05,3,2.85,2.1,4.05,4.05,4.95,2.85,4.75,7.25,2.3,2.75,3.8,3.45,5.7,3.85,3.85,4.1,3.95,4,2.7,4.4,3.95,3.1,3.6,2.9,3.4,4.6,3.7,2.7,6.85,4.2,4.1,2.4,2.65,3.1,2.8,3.05,3.05,3,1.55,3.25,3.6,2.7,3.2,2.45,2.15,2.95,1.95,2.3,2.35,3.65,3.3,1.55,1.9,2.3,4.7,4.65,4.45,3.95,3.55,4.4,4.65,3.35,4.25,4.6,4.45,4.85,4.1,3.85,3.7,5.8,7.1,3.15,3.8,5.15,0.45,0.2,0.15,0.1,0.7,0.25,0.2,0.25,0.25,0.5,0.55,0.2,0.4,0.5,0.15,0.3,0.6,1.75,0.7,0.35,2.55,2.25,2.45,2,2.35,2.55,2.55,2.05,3.5,3.55,3.55,2.4,3.25,5.5,1.8,2.85,2.8,2.75,6.55,3.15,3.75,3.1,2.65,2.75,2.8,3.7,3.6,2.45,3.55,5.1,4.05,3.5,3.95,3.8,2.55,3.55,4.4,1.65,3.3,5.45
1-212.txt_327,3.85,1.8,2.05,1.95,2.55,1.9,1.95,2.65,1.5,2.6,2.45,2.15,2.55,1.9,2.05,3.15,3,1.7,1.8,2.85,2.1,3.9,2.3,2.05,1.9,2.85,2.75,2.05,2.4,2.2,2.15,3.25,2.2,1.9,2.05,2.3,2.45,2.05,2,2.05,2.25,2.55,3.95,3.5,1.1,2.65,3.3,2.3,2.75,1.45,1.2,2.9,1.55,1.35,2.2,2.85,2.6,0.95,1.75,1.5,2.75,2.35,3.35,4.35,1.35,2.8,4.2,2.75,2.1,1.8,1.8,2.95,1.45,1.1,2.4,2.7,2.3,1.9,1.4,2.1,0.45,0.15,0.2,0.15,1.8,0.2,0.3,0.3,0.15,0.3,0.35,0.3,0.3,0.2,0.2,0.4,0.4,0.45,0.2,0.5,3.45,3.9,3.65,4,1.95,5.5,4.4,2.4,3.1,2.2,2.6,4.1,2.95,2.3,2.95,3.6,3.7,1.7,2.35,2.55,2.5,3.05,3.05,3.35,1.35,3.65,4.25,2.05,2.25,1.95,2.05,4,1.95,1.85,2.6,2.75,3.2,1.35,2.35,2.45,4.55,3.35,4.1,3.7,1.95,3.55,3.75,6.55,3.5,1.8,2.15,3.4,2.45,2.8,3.1,4.15,3.45,2.45,2.55,2.65,1.35,1.4,1.75,1.35,0.6,1.45,1.3,1.5,2.2,0.9,0.95,1.35,1.05,0.8,1,1.4,1.05,1.05,1.3,0.75,2.5,2.55,2.35,2.4,1.85,2.45,2.8,2.1,2.55,3.9,2.9,2.7,2.95,2.65,2.65,3.15,3.45,1.35,2.65,3.65,5.8,5.15,4.1,3.55,4.7,5,4.7,3.85,4.7,8.2,10.55,4.85,8.35,7.15,4.65,4.95,6.15,4.2,6.05,8.65,4,5.55,5.05,5,2.1,5.2,5.05,4.35,3.85,3.6,4.5,6.75,4.6,2.8,3.65,4.75,5.35,2.55,3.6,3.35,0.7,0.55,0.55,0.45,0.75,0.7,0.7,0.4,0.45,1.35,1.25,0.75,1.9,1.1,0.4,0.6,0.75,0.5,0.65,1.3,2.55,2.2,1.9,1.95,2.85,1.85,2,1.5,3.05,3.65,4.35,2,4,6.45,1.65,2.2,3.15,3.3,5.05,3.35,4.15,4.05,3.9,3.95,2.65,4.7,3.65,3.65,3.45,3.1,3.5,4.75,3.55,3.15,6.85,3.95,3.7,2.85,2.55,3.25,6.2,5.2,5.35,5.8,3.7,5.25,5.45,5.2,5.55,4.6,4.2,5.65,4.1,4.35,5.05,6.9,6.45,3.7,3.75,4.45,2.6,3.7,3.3,3.45,1.7,3.05,3.65,2.2,3,2.65,2.65,3.45,2.5,1.9,2.6,3.85,4.85,1.75,2.45,3.3,0.55,0.6,0.5,0.25,0.75,0.55,0.5,0.4,0.4,0.85,0.85,0.65,1,1.25,0.25,0.55,0.75,2.4,1,0.7,2.15,1.75,2.35,1.8,2.05,2.25,2.35,1.6,3.7,2.8,3.05,2.2,3.2,5.05,1.8,2.45,2.7,2.85,6.1,2.85,4.55,2.75,2.65,2.5,3,3.75,3.65,2.8,3.35,6,5.05,3.5,4.65,4.65,3,3.9,4.5,2.25,3.85,6.75
1-212.txt_329,4.7,2.1,2,1.95,2.8,2.1,2.25,3,1.75,2.9,2.65,2.55,2.7,2.1,1.8,3.25,3.15,1.7,2.2,3.4,1.05,1.95,1.25,1.1,0.6,1.35,1.2,0.85,1.35,0.95,0.95,1.35,0.9,1.1,1.25,1.4,1.15,1.65,1.25,1.1,4.75,5.15,6.6,6.6,2.6,4.8,5.8,5.05,5.25,3.45,3.65,5.55,3.35,3.45,4.4,5.8,5.6,2.6,3.7,3.6,2.8,3.15,4.45,5.15,1.35,3.7,4.55,2.75,2.45,1.55,1.75,3.3,1.7,1.4,2.5,3.2,3.15,1.35,2.05,1.95,0.4,0.1,0.2,0.1,1.8,0.2,0.3,0.2,0.2,0.3,0.35,0.15,0.4,0.2,0.2,0.35,0.4,0.55,0.2,0.5,3.7,3.8,4.3,4,1.9,5.95,4.5,3.45,4.05,2.4,2.85,4.1,3.35,2.2,3.1,3.8,3.65,2.05,2.7,3.35,1.9,1.95,2.2,2.95,0.75,3,3.6,1.95,2.1,1.35,1.4,2.75,1.6,1.15,2.45,2.45,2.1,1.05,1.5,1.45,4.3,2.55,2.85,2.55,2.1,2.65,2.5,5.95,2.7,1.8,2.15,2.7,2.1,2.25,2.55,3.95,3.3,2.35,1.9,2.65,1.1,1.4,1.9,1.6,0.95,1.85,1.8,0.85,1.55,0.85,0.7,1.7,1.1,0.65,1,1.25,1.4,0.45,1.05,0.85,2.9,3.85,2.6,2.9,2.05,3.5,3.65,2.4,3.2,5.45,4.2,4,3.95,3.15,2.7,3.1,4.3,1.6,3.55,4.5,7,5.35,4.45,4.5,5.3,5.45,5.35,4,4.55,9.1,11.6,5.65,9.35,8.05,5.7,5.5,6.7,4.15,5.9,9.6,3.35,5.35,4.2,3.6,2.3,4.6,4.4,3,2.9,3.6,3.7,6.15,4.2,2.75,3.1,3.55,4.4,2.8,2.7,3,0.6,0.45,0.5,0.4,0.45,0.6,0.55,0.3,0.4,0.7,0.75,0.45,1.4,0.65,0.35,0.5,0.5,0.4,0.45,0.9,2.7,2.2,1.8,2.1,2.55,1.9,2.1,1.8,2.85,3.5,4.1,2.5,3.7,6.55,1.65,2.35,2.95,3.55,4.95,3.1,2.85,3.25,3.05,3.15,2.1,3.7,2.9,2.45,2.4,2.35,2.55,3.45,2.4,2.1,5.5,3.35,3.05,1.6,2.15,2.4,3.05,3.6,3.85,3.7,1.85,3.65,3.95,3.05,3.45,2.5,2.1,3.5,2.45,2.25,2.8,3.8,3.35,1.25,2,2.2,4.3,4.55,4.25,4.2,3.35,4.4,4.85,3.55,5.05,4.6,4.15,5,3.95,3.7,4.2,5.75,6.95,3.5,4,5.5,0.8,1.15,0.75,0.55,0.95,0.9,0.95,0.65,0.6,1.35,1.2,1.05,1.25,1.2,0.4,0.95,1.25,2.65,1.1,1.1,2.05,2,2.3,1.5,2.6,1.8,1.85,1.8,3.8,3.15,3.4,2.25,3,5.1,1.6,2.35,2.3,2.75,6.1,3.2,4.15,2.7,2.45,2.15,2.35,2.9,3.6,2.5,2.65,4.45,4.45,3.15,4.45,3.9,2.65,3.65,3.85,1.9,3.3,5.4
1-212.txt_331,5.1,2.35,2.4,2.6,3.45,2.35,2.9,3.25,1.8,3.3,2.55,2.65,2.55,2.45,2.05,3.55,3.35,1.75,2.05,3.35,1.75,3.45,1.95,1.55,0.95,2.65,2.3,1.85,1.95,2.3,2.15,2.35,2.25,1.75,1.65,1.95,1.95,1.95,1.75,2.2,2.1,2.6,3.7,3.75,1.1,2.6,3.1,2.35,3.2,1.4,1.4,3.05,1.4,1.85,2.4,2.85,2.1,1.25,2.2,1.5,3.15,3.45,4.95,5.8,1.5,4.6,6.1,3.1,2.6,2.25,2.1,3.9,2.15,1.5,3.4,3.75,3.65,1.9,1.8,2.55,0.4,0.15,0.2,0.15,1.8,0.2,0.3,0.2,0.15,0.3,0.4,0.15,0.3,0.2,0.2,0.4,0.5,0.55,0.25,0.5,4.65,5.6,6.05,5.8,2.8,7.8,6.1,4.45,5.2,2.8,3.55,6.15,4.15,2.6,4.05,5.15,5.35,3.3,3.6,3.5,1.1,1.25,1.25,1.6,0.6,1.65,2.05,1.25,1.1,0.9,1,1.35,1.05,0.9,1.5,1.2,1.2,0.9,1,1,4.55,2.95,3.4,3,2.3,3.1,2.8,6.2,3.3,2.05,2.1,3.05,2.55,3,2.75,4.15,3.3,2.25,2.6,2.8,1.15,1.05,2,1.45,0.45,1.45,1.45,1.3,1.45,0.6,0.7,1.45,0.95,0.9,0.8,1.3,1.15,0.6,1.4,0.8,3.85,3.2,2.75,2.4,3.25,3.1,3.1,2.75,2.35,6.1,4.75,3.55,5.05,4.1,4,3.8,4.1,2.75,3.4,5.6,5.5,5,3.8,3.55,4.8,4.75,4.5,3.25,4.1,7.85,9.95,4.7,7.9,6.8,4.05,4.2,5.8,3.75,5.45,7.9,4.1,5.95,4.7,4.55,2.4,5.6,5.2,3.9,4.55,3.9,4.25,6.95,4.6,3.25,3.75,4.9,5.5,2.45,3.5,3.7,0.75,0.5,0.5,0.45,0.75,0.7,0.6,0.4,0.5,1.4,1.35,0.7,1.95,1.25,0.4,0.6,0.75,0.5,0.7,1.3,2.95,2.2,2.05,2.1,2.95,2.25,2,1.75,3.55,4.1,4.35,2.1,3.85,7.05,1.75,2.4,3.45,3.25,5.65,3.5,3.15,3.4,3.55,3.65,2.2,3.9,3.45,2.7,2.65,2.5,2.75,4,2.6,2.4,6.05,3.6,3.3,1.7,2,2.6,2.75,2.6,2.85,2.8,1.8,2.35,2.75,2.7,2.55,1.95,1.75,2.65,1.9,1.8,2,3.4,3.45,1.05,1.65,2,4.85,5.85,5.15,5.3,2.75,5.35,5.5,3.75,5.65,4.75,4.7,6.45,4.55,3.8,4.85,6.25,7.95,3.15,4.05,5.55,0.7,0.65,0.5,0.2,0.85,0.6,0.45,0.4,0.5,1.05,0.85,0.6,0.95,0.9,0.25,0.6,0.9,2.35,0.9,0.75,2.35,2.25,2.15,2,2.2,2.15,2.45,1.75,3.65,3.3,3.35,2.4,3.1,4.65,1.8,2.5,2.65,2.55,5.55,3.3,4,2.8,2.65,2.8,2.75,3.35,3.5,2.95,3,4.85,4.4,3.05,4.1,3.8,2.95,3.5,4.1,2.35,3.4,5.4
1-212.txt_333,7.7,5.1,5.45,4.4,4,4.9,5.95,5.6,4.75,4.6,5.2,5.6,4.6,4.45,4.8,6.05,5.55,3.6,4.6,5.3,2.15,3.45,2.75,2.6,1.1,3.1,2.95,1.75,3.05,1.95,1.85,3.1,1.95,1.4,1.95,2.35,2.65,2,2.25,2.05,1.35,1.6,1.95,1.35,0.85,1.3,1.3,1.35,1.95,1.35,1.15,1.55,1.45,2,1.35,1.65,2,1.1,1.9,1.6,3.3,3.25,5.75,6.3,1.9,3.8,4.6,3.6,3,1.9,1.95,4.15,1.95,1.55,3.2,4.25,3.9,1.8,2,2.35,0.5,0.1,0.2,0.1,1.8,0.15,0.2,0.2,0.1,0.3,0.35,0.25,0.4,0.2,0.1,0.35,0.35,0.6,0.2,0.45,5.5,7.3,6.25,6.2,2.95,9.35,7.8,4.15,6.35,3.9,4.1,8.25,4.5,3.4,4.45,6.25,6.3,3.95,4.05,4.85,1.45,1.45,1.85,2.05,0.95,2.05,2.35,1.05,1.75,1.15,1.05,2.05,1.3,0.8,1.6,1.75,1.75,0.5,1.35,1.35,4.3,3,3.65,3.6,2.25,3.6,3.4,6.3,3.2,2.8,2.65,3.15,2.55,3,2.5,3.75,4.1,2.4,3.05,3,0.8,0.75,0.8,0.6,0.7,0.65,0.75,0.5,0.6,1.05,0.9,0.65,0.85,0.85,1.05,1.1,1.05,0.7,0.8,1.25,6.1,4.25,3.85,3.5,5.45,4.15,3.85,3.4,3.95,8.35,10.2,3.75,9.25,8.8,3.65,4.95,5.25,4,5.85,8.2,1.35,2.4,2.1,2.05,0.65,2.3,2.4,1.25,1.85,1.7,1.35,3.1,1.55,1.5,1.5,1.8,1.85,0.95,1.7,1.45,1.3,1.25,1.2,0.95,0.85,1.15,1.25,0.8,1.25,1.75,1.65,1.15,2.8,2.05,1.05,1.3,1.35,1.75,1.7,1.95,1.5,1.45,1.35,1.05,1.45,1.4,1.35,1.05,2.35,2.9,3.3,1.7,2.35,4.9,1.25,1.65,1.75,2.35,3.95,2.3,2.15,2.85,2.5,2.65,1.05,3.1,3.05,1.7,2.3,2,2.4,3.2,2.35,1.65,3.75,2.75,2.7,1.3,1.75,1.9,4.15,3.35,4.05,4.25,2.5,3.65,4.55,3.3,3.4,2.8,2.85,3.95,3.05,3.25,3.3,4.85,4.45,1.75,2.9,3.15,4.4,5.55,4.7,4.45,2.6,5.25,5.45,4.15,4.9,4.9,4.6,6,4.75,4.55,2.8,5.05,6.9,2.6,4.15,5.1,0.75,0.5,0.6,0.2,0.45,0.5,0.35,0.55,0.4,0.95,1,0.5,1.1,1.05,0.2,0.7,0.7,2.1,1.05,1,0.45,0.75,0.75,0.45,0.85,0.6,0.55,0.3,1.4,0.75,0.75,0.65,0.8,1.55,0.5,0.6,0.5,0.85,2.2,0.75,4.9,3.65,3.45,3.35,3.45,3.95,4.1,2.85,3.55,7.2,6.4,3.95,6.3,4.85,3.3,3.85,5,2.85,4.45,7.5,0,0,0,0,0,0,0,0,0,0,0,0,0,0,0,0,0,0,0,0
1-212.txt_335,3.5,1.5,1.45,1.4,2.35,1.75,1.8,2.25,1.3,2.55,2.05,2,2.15,1.9,1.45,2.3,2.45,1.35,1.55,2.65,1.85,2.75,2.45,2.25,1.1,2.75,2.3,2.7,1.85,2.2,1.9,2.3,2.1,1.15,1.4,2.2,2.5,1,1.5,2.3,1.85,2.1,3.6,3.25,0.9,2,2.65,2.2,2.35,1.1,0.95,2.35,1.25,1,1.7,2.45,2.15,0.8,1.55,1.4,2,2.1,2.95,3.65,1.4,2.25,2.85,2.4,2,1.1,1,2.45,1.15,0.8,1.7,2.45,2,0.8,1.25,1.25,0.55,0.3,0.5,0.3,1.4,0.35,0.3,0.3,0.3,0.4,0.35,0.4,0.4,0.3,0.3,0.75,0.95,0.25,0.3,0.6,3.75,5.55,4.75,4.4,2.5,6.7,5.3,3,4.8,2.8,2.95,5.3,3.9,2.5,3.4,4.65,3.95,2.8,3.25,3.25,1.55,1.6,1.8,1.95,0.65,1.95,2.5,1.2,1.45,0.9,1.2,2.05,1.2,0.65,1.75,1.75,1.8,0.55,0.85,1.35,4.55,2.65,3.25,3.4,2.35,3.45,3.1,6.1,2.9,2.5,2.55,3.35,2.6,3.05,2.75,4.05,3.4,4.05,2.65,2.5,0.65,0.5,0.65,0.65,0.3,1.1,0.9,0.7,0.7,0.35,0.55,0.6,0.6,0.55,0.45,0.65,0.7,0.35,0.6,0.4,1.6,1.3,1.4,1.25,0.95,1.35,1.5,1.4,1.05,2.05,1.95,1.45,1.65,1.4,1.55,2.05,1.7,0.85,1.3,1.9,4.7,4.1,2.75,2.3,4.1,3.8,3.35,2.4,3.55,6.25,8.9,3.9,6.7,6.5,3.8,3.45,4.6,4.2,5.05,6.7,2.8,4.25,3.1,3.05,1.85,3.45,3.05,2.45,2.95,2.7,3.1,4.55,3,2.8,2.95,3.15,3.4,1.85,2.2,2.55,0.8,0.55,0.45,0.4,1,0.65,0.65,0.4,0.55,1.35,1.35,0.65,1.9,1.2,0.5,0.55,0.75,0.6,0.7,1.25,3,2.85,2.5,2.15,2.6,2.55,2.5,2.2,3.35,3.25,4.05,2.55,3.65,5.75,2.2,2.8,3.05,2.85,4.85,2.9,3.7,3.35,3.1,3.45,2.6,4.15,3.5,3.1,2.8,2.4,2.75,4,2.65,2.2,6.3,3.6,3.2,1.85,2.5,2.75,2.75,2.45,3.2,2.55,1.8,2.25,2.45,2.75,2.15,1.85,1.95,2.25,1.95,1.75,2.3,3.55,3.25,1.25,1.7,2.1,4.8,3.9,3.95,4,3.15,4.3,4.6,2.95,3.6,4,4.1,4.9,4.35,3.35,3.15,5.1,6.7,2.2,2.75,5.05,0.6,0.7,0.4,0.3,0.75,0.65,0.6,0.45,0.45,0.9,0.8,0.7,1,1.05,0.4,0.6,0.95,2.45,0.9,0.75,2.25,2.05,2.15,1.9,2.35,1.8,1.7,1.65,3.8,3.05,3.5,2.35,2.7,4.9,1.8,2.5,2.45,2.8,5.95,3.1,3.2,2.35,1.9,2.05,1.7,2.8,2.75,1.95,2.7,4.25,3.5,2.6,3.4,3.35,2.05,2.75,3.3,2,2.55,4.85
1-212.txt_337,20.8,11.55,10.35,9.9,11.8,11.85,12.9,13.8,10.45,12.3,11.9,11.8,12.05,10.1,11.65,15.45,13.4,8.45,10.05,13.85,5.25,9.8,5.75,4.55,3.2,7,6.55,4,6,3.95,4.35,7.55,5.1,3.75,5.05,5.4,5.45,3.65,4.65,4.1,2.15,2.55,3.9,2.75,1.1,2.3,2.65,2.05,2.15,1.85,1.65,2.95,2.25,1.6,3,2.9,3.1,0.95,1.95,2.25,5,5.1,7.85,9.9,2.9,6.05,7.1,5.2,5.15,3.4,3.3,5.9,3.45,2.9,4.9,6.2,5.75,2.2,3.05,3.95,1.6,0.85,0.9,0.85,4.1,0.9,0.85,1.1,0.85,1.35,1.4,0.85,1.5,1.1,0.85,1.35,1.35,1.35,1.1,1.5,7.75,9.85,8.8,8.5,4.3,13.7,11.75,6,8.4,5.7,6.3,10.55,7.65,4.85,6.6,8.65,8.15,5.7,6.7,7,4.2,4.65,4.85,5.9,2.55,5.9,7.3,3.25,4.85,2.8,2.45,5.25,2.85,3.05,3.6,4.8,4.8,2.2,2.95,3.25,13.2,9.6,12.4,11.3,8.35,10.8,10.9,22.55,9.85,6.7,6.75,10.1,7.75,8.4,8.85,12.45,10.4,8.15,7.8,8.05,3.7,4.95,5.85,4.4,2.85,5.1,5.1,3.65,10.75,3.1,3.2,4.45,4.05,4.95,3.5,4.45,4.05,3.6,6.4,3.05,1.5,0.9,0.85,0.85,1.5,1,0.95,0.75,1,2.6,2.2,0.85,1.95,1.85,0.85,1.4,1.65,1.15,1.4,2.6,13.4,11.1,9.25,7.6,12.1,10.9,9.35,7.35,10.4,20.2,24.75,10.45,20,16.65,9.3,11.25,13.9,10.55,13.5,18.6,3.15,5.25,3.9,3.85,1.85,4.35,4.65,3,3.5,3,3.25,6.45,3.45,2.65,3.35,3.8,3.6,2.3,2.65,3,1.1,0.85,0.9,0.7,1.05,1.15,0.8,0.6,0.8,1.35,1.55,1.1,2.3,1.9,0.7,0.95,1,1,1.25,1.6,3.85,3.15,3.3,2.6,3.15,3.05,3,2.8,4.25,5.3,6,3.15,5.05,9.6,2.35,3.85,3.85,4.8,7.65,4.45,14.55,12.75,12.5,14.15,9.5,15.75,15.5,11.3,12.15,9.65,10.45,15.35,11.7,8.05,31.4,14.65,14.6,7.05,9.85,12.15,10.65,8.8,10.7,10.3,8.15,10.35,10.15,8.25,8.8,7,7.2,10.8,8.45,7.2,7.85,14.4,11.45,5.25,7.95,7.25,8.75,9.15,9.05,7.45,6.45,7.8,8.1,6.9,6.7,8.3,8,8.75,7.95,6.75,6.7,9.95,14.95,5.7,6.8,9.35,2.1,1.95,1.55,1.35,2.7,2.4,1.85,2.5,2.35,2.05,2.6,1.95,3.15,3.55,1.3,2.3,2.5,8.2,4.15,2.25,1.15,1.45,1.35,0.7,1.3,1.35,1.2,0.8,2.55,1.65,2,1.2,1.7,3.2,0.8,1.3,1.15,2,4.15,1.75,8.6,6.9,6,5.65,6.6,7.25,6.95,5.4,6.05,12.15,11,7.45,11.25,8.65,5.75,7.4,9.6,4.85,7.55,12.8
1-212.txt_339,6,3.15,3,3.35,3.7,3.05,3.5,4.1,2.8,3.4,3.3,3.55,3.55,2.95,2.95,4.15,4.25,3,3.2,3.9,1.5,3.1,2.05,1.4,1.05,2,1.9,1.4,1.7,1.55,1.6,2.3,1.6,1.2,1.15,1.9,1.8,1.25,1.35,1.75,1.75,2.3,3.3,2.85,1.35,2.15,2.65,2.35,2.95,1.5,1.2,2.45,1.4,1,1.85,2.6,2.05,0.95,1.65,1.75,2.95,3.35,4.65,5.25,1.15,4.1,5.35,2.95,2.65,1.95,1.9,3.95,2,1.4,2.6,3.5,3.1,1.95,1.95,2.4,0.4,0.15,0.2,0.15,1.8,0.2,0.3,0.3,0.15,0.3,0.35,0.25,0.4,0.2,0.2,0.45,0.45,0.55,0.2,0.5,4.6,5.5,5.7,5.35,3,7.65,6.65,4.2,4.65,3.2,3.85,6.25,4.3,2.75,3.95,4.95,4.9,3.1,3.35,3.95,2.9,2.9,3.4,4.25,1.1,4.45,5.65,2.8,2.85,1.7,1.75,3.55,2.05,1.5,3,3.1,3.1,1.4,2.1,2,4.35,2.8,3.3,2.95,2.1,2.7,2.45,6.45,3.15,2.35,2.3,2.85,2.7,3.45,2.8,3.85,3.1,3.35,2.5,2.75,1.15,1.3,1.8,1.75,0.85,1.4,1.35,1.4,1.7,0.75,0.75,1.45,1,0.65,0.75,1.3,1.15,0.9,0.95,0.6,2.8,2.4,2,1.95,2.3,2.15,2.15,1.95,1.95,3.95,3.1,2.4,3.35,2.75,1.9,3,3.5,1.8,2.8,3.8,6.5,4.8,3.8,3.55,5,4.9,4.8,3.6,4.6,9.15,10.9,4.7,8.4,8,4.8,4.8,6.2,4.3,6.3,9.15,4.3,6.4,4.95,4.8,3.15,5.75,5.2,4,5.1,4,4.9,7.45,4.7,3.7,4.95,5,5.8,2.95,3.65,3.85,1.05,0.9,0.9,0.6,1.15,1,0.85,0.5,0.7,1.7,1.7,0.9,2.55,1.5,0.6,0.85,1,0.8,0.95,1.7,3.2,3.1,3.05,2.45,3.1,3.25,2.85,2.1,4.4,4.6,5.55,3.15,5.5,7.75,1.8,2.85,3.65,4.35,6.3,4.25,4.65,3.85,4,4.6,2.65,5,4.2,3.4,3.25,3.45,3.6,4.85,3.6,2.95,8.25,4.3,3.75,2.2,2.75,3.2,3.85,3.7,3.85,3.85,2.25,3.75,4.45,3.4,3.6,3.15,3.05,4.2,3.25,3.6,3.3,5.05,5,2.35,3.15,3.25,4.35,4.85,4.5,4.1,3.15,3.8,4.4,3.2,4.35,3.8,3.95,4.35,3.25,3.05,3.5,5.5,6.9,2.25,2.9,4.9,0.3,0.2,0.15,0.1,0.7,0.3,0.2,0.25,0.25,0.35,0.6,0.2,0.45,0.5,0.15,0.25,0.6,1.8,0.75,0.3,2.25,2.3,2.8,2.1,2.3,2.3,2.5,1.75,3.45,3.05,3.2,2.2,3,4.7,1.85,2.5,2.65,2.55,5.95,3.1,4.2,3.25,2.9,3.2,3,4.15,4.35,2.75,3.3,6,5.05,4.05,4.55,4.75,3.3,4.15,4.45,2.6,3.95,6.4
1-212.txt_341,4.65,2.25,2.35,1.9,3.1,2.5,2.55,2.95,2.05,3.6,2.95,2.75,3.25,2.8,2.2,3.3,3.85,1.95,2.7,3.85,2,3.3,2.65,2.4,1.1,2.65,2.65,2.6,2.35,2.35,2.05,2.9,2.25,1.4,1.7,2.6,2.6,1.75,1.6,2.4,2.3,2.95,4.4,4.3,1.45,2.6,3.45,2.75,3.35,2.05,1.6,3.35,1.75,1.25,2.25,3.15,2.7,1.15,2.15,1.95,2.35,2.65,3.7,4.45,1.25,3.5,4.5,2.55,2.2,1.55,1.4,3.2,1.45,1.15,2.45,3.1,2.45,1.25,1.75,1.8,0.4,0.15,0.2,0.15,1.8,0.2,0.3,0.2,0.15,0.3,0.45,0.25,0.4,0.2,0.2,0.4,0.4,0.55,0.2,0.5,4,4.9,4.95,4.7,2.65,6.6,5.8,3.5,5,2.6,3.1,5.4,3.75,2.05,3.6,4.55,4.3,2.25,2.75,3.2,2.35,2.55,2.8,3.65,0.85,3.15,4.05,2.35,1.85,1.35,1.5,2.9,1.6,0.9,2.3,2.55,2.85,1.05,1.8,1.7,5,3.2,3.35,3.25,2.4,3.35,3.05,6.75,3.5,2.7,2.5,3.35,2.7,3.5,3.2,4.2,3.7,3.65,3.05,2.8,0.95,0.9,1.05,1,0.65,1.55,1.5,0.8,1.15,0.4,0.7,1.15,0.65,0.7,0.65,0.85,0.95,0.35,0.8,0.6,2.4,2.5,2.1,1.95,1.45,2.2,2.45,1.95,1.8,4.05,2.9,2.6,3.25,2.5,2.45,2.95,3.45,1.6,2.85,3.4,5.95,5.2,3.75,3.3,5.2,5.1,4.6,3.25,4.6,8.8,11.15,5.25,8.8,8.2,4.6,4.3,6.15,4.7,6.6,9,3.95,6.2,4.7,4.55,2.45,5.35,5.05,3.6,4.35,3.75,4.5,6.85,4.65,3.8,4.45,4.55,5.25,3.25,3.55,3.5,0.6,0.4,0.6,0.35,0.55,0.55,0.55,0.3,0.4,0.8,0.8,0.5,1.4,0.7,0.35,0.45,0.6,0.4,0.45,0.9,3.55,3.4,3.05,3.1,3.25,3.25,3.15,2.4,4.1,4.45,5.15,3.3,4.9,7.55,2.4,2.9,3.4,3.9,6.15,4,4.5,4.15,4.3,4.55,2.7,5.3,4.45,3.55,3.25,3.55,3.7,5.05,3.35,2.8,7.8,4.4,3.7,2.95,2.95,3.45,2.7,2.7,2.8,2.5,1.4,2.5,2.9,2.45,2.75,1.95,1.9,2.45,1.8,1.7,1.9,3.45,3.5,1.05,1.7,2.2,4.75,4.95,4.65,5.05,3.1,4.25,5.1,3.55,4.4,3.75,4.25,4.8,3.95,3.15,3.6,6,7.1,2.6,3.35,5.05,0.6,0.65,0.55,0.3,0.8,0.55,0.55,0.4,0.6,0.85,0.9,0.65,1.05,1.05,0.25,0.55,0.85,2.4,0.95,0.75,2.7,2.65,2.95,2.4,2.55,2.4,2.65,1.8,4.15,3.5,3.55,2.75,3.65,5.1,1.9,2.95,2.8,3.1,6,3.4,3.05,1.95,2,2.25,2.25,2.9,2.75,2.2,2.5,4.25,3.6,2.55,3.7,3.55,2.45,2.6,3.15,1.6,2.95,4.8
1-212.txt_343,3.8,1.7,2.1,1.65,2.8,2,1.8,2.3,1.35,2.8,2.45,2.1,2.45,2.35,1.9,2.55,2.85,1.6,2,3.05,2.35,3.75,3.1,2.75,1.75,3.1,3.2,2.75,2.7,2.4,2.05,3.45,2.4,1.5,1.85,2.85,3,1.75,1.75,2.55,2.4,2.85,4.4,4.25,1.65,2.6,3.4,2.9,3.05,1.8,1.6,3.3,1.7,1.25,2.25,3.2,2.85,1.2,2.25,1.95,2.25,2.55,3.8,4.5,1.2,3.55,4.45,2.7,2.2,1.4,1.55,3.2,1.5,1.15,2.4,3.1,2.5,1.2,1.65,1.8,0.4,0.15,0.2,0.15,1.8,0.2,0.25,0.2,0.15,0.35,0.45,0.25,0.4,0.2,0.2,0.35,0.4,0.55,0.25,0.55,4,4.75,4.7,4.85,2.35,6.65,5.7,3.6,5,2.55,3.25,5.1,3.75,2.3,3.7,4.6,4.35,2.65,2.95,3.15,2.35,2.5,2.8,3.75,0.75,3.2,4.05,2.25,1.85,1.4,1.3,2.8,1.55,1.25,2.35,2.55,2.8,1,1.75,1.75,4.9,3.25,3.5,3.35,2.35,3.3,3,6.7,3.65,2.65,2.6,3.25,2.95,3.65,3.2,4.45,3.6,3.8,3.15,2.9,0.65,0.45,0.6,0.6,0.25,1.15,1,0.6,0.7,0.3,0.55,0.6,0.5,0.65,0.45,0.55,0.7,0.3,0.65,0.35,2.65,2.7,2.55,2.15,1.8,2.5,2.8,1.9,2.35,4.4,3.35,3.05,3.45,2.65,2.55,3.2,3.75,1.7,3.05,3.9,6.15,5.65,4.1,3.55,5.15,5.45,5,3.6,4.85,9.35,11.4,5.8,9.05,8.6,5.1,4.75,6.35,5.5,6.85,9.45,3.95,6.15,4.6,4.4,2.5,5.2,5.05,3.3,4.65,3.75,4.8,6.95,4.95,3.95,4.25,4.4,5.3,3.25,3.55,3.6,0.6,0.4,0.5,0.35,0.65,0.6,0.55,0.3,0.4,0.75,0.75,0.5,1.35,0.7,0.4,0.55,0.55,0.35,0.4,0.9,3.3,3,2.95,2.6,2.85,2.9,2.8,2.45,3.8,4.35,4.8,2.75,4.5,7.05,2.05,2.85,3.25,3.35,5.85,3.65,4.6,4.1,4.25,4.5,2.7,5.4,4.55,3.35,3.35,3.6,3.9,5,3.5,2.7,7.8,4.2,3.75,3.05,2.9,3.35,2.7,2.55,2.6,2.35,1.6,2.45,2.8,2.5,2.75,2.05,1.95,2.45,1.85,1.85,1.95,3.5,3.4,1,1.65,2.25,4.6,5.2,4.6,4.85,3.35,4.3,4.95,3.4,4.55,3.7,4.1,5,3.9,3.25,3.75,6,7.2,2.6,3.65,4.85,0.7,0.6,0.45,0.3,0.75,0.55,0.5,0.45,0.55,1.05,0.9,0.6,0.95,0.9,0.25,0.6,0.85,2.45,0.9,0.75,2.6,2.55,2.95,2.55,2.6,2.35,2.6,1.95,4.2,3.55,3.5,2.75,3.85,5.05,1.8,2.95,2.95,2.9,6,3.4,3.55,2.2,2.1,2.35,2.75,3.15,2.85,2.55,2.7,4.75,4,2.6,4.3,3.85,2.45,3,3.45,1.7,3.25,5.35
1-212.txt_345,4.85,2.6,2.45,2.95,2.7,2.6,3.15,3.1,2.5,2.95,2.65,3.05,2.6,2.2,2.3,3.2,3.55,1.75,2.2,3.1,1.55,2.55,1.95,1.85,1,2,1.95,1.6,1.6,1.6,1.7,2,1.7,1.55,1.8,1.9,2,1.95,1.7,1.75,3.25,3.85,4.65,4.25,1.65,3.45,4.05,3.5,3.65,2.6,2.45,4.1,2.4,2.35,3.3,3.8,3.3,2.25,2.8,2.5,2.2,2.35,3.5,4.35,1.4,2.6,3.75,2.25,1.75,1.4,1.25,2.55,1.3,0.9,1.65,2.65,2.2,1.15,1.4,1.8,0.8,0.45,0.4,0.35,2.1,0.55,0.5,0.5,0.3,0.6,0.5,0.45,0.6,0.3,0.35,0.75,1.1,0.65,0.35,0.8,3.4,3.5,3.65,3.7,1.8,5.6,4.1,3,3.55,2.4,2.85,3.85,3.05,1.95,3.25,3.8,3.4,1.65,2.3,2.75,3.5,3.85,3.85,4.85,2.2,4.85,5.95,2.8,3.6,2.25,2.55,4.8,2.7,2.3,3.35,4.15,4.25,1.55,2.75,2.75,4.15,2.65,3,2.6,1.85,2.65,2.25,5.95,3,1.85,2.2,2.65,2.4,2.75,2.45,3.8,3.15,2.1,2.35,2.65,1.05,1.15,1.4,1.15,0.75,1.15,1.05,0.75,1.2,0.8,0.55,1.1,1,0.5,0.95,1.1,0.9,0.45,0.7,0.6,4.1,3.7,3.1,3.15,3.25,3.6,3.65,2.85,2.85,6.55,4.95,4.05,5,4.2,3.85,4.05,4.5,2.5,3.95,5.9,5.3,4.25,2.9,3.05,4.5,3.9,3.8,2.65,3.55,7.5,10,4.3,7.35,6.5,4,3.75,5.45,3.4,5.4,7.75,4.4,6.25,5.75,5.4,2.35,5.75,5,4.4,4.6,3.45,4.35,7.55,4.4,2.95,4.25,4.6,4.95,3.45,3.25,3.2,0.65,0.65,0.55,0.45,0.75,0.7,0.65,0.35,0.5,1.35,1.3,0.7,1.95,1.2,0.45,0.65,0.7,0.55,0.65,1.3,3.2,2.9,2.4,2.55,3.1,2.7,2.5,1.9,3.9,4.1,4.9,2.5,4.65,7.6,1.85,2.85,3.4,3.85,6.1,3.8,2.75,2.4,2.7,2.7,2.05,3.35,2.4,2.1,2.15,2.4,2.45,3.3,2.15,2.1,5.25,2.8,2.4,1.45,1.85,2.3,2.5,2.9,3.05,2.6,1.75,2.75,3.15,2.75,2.85,2.2,1.55,2.95,2.1,1.8,1.65,3.1,3,1.05,1.55,2.15,4.8,5.2,5.15,4.7,3.1,4.65,5.35,3.7,5,4.25,4.35,5.4,4.25,3.75,4.05,6.35,7.75,2.85,4,5.4,0.75,1.2,0.9,0.55,0.95,0.9,0.95,0.7,0.6,1.35,1.15,1.05,1.25,1.15,0.45,1,1.2,2.75,1.1,1.1,2.65,2.2,2.85,2.2,2,2.75,2.85,2.15,4.2,3.1,3.55,2.75,3.4,4.95,2.35,2.75,2.65,3.05,6.3,3.35,3.2,2.3,1.8,1.7,2.3,2.95,2.85,2.35,2.85,3.9,3.85,2.5,3.45,3.45,1.95,2.7,3.3,1.95,3,4.6
1-212.txt_347,4.7895,2.3684,2.5789,2.6316,2.9474,2.3158,2.8947,3.3158,1.8947,2.8947,2.4211,2.4737,2.3158,2.3158,1.8947,3.3684,3.2105,1.8421,2.1053,2.9474,2.3158,4.4737,3.1053,2.2105,1.4737,3.6842,3,2.4737,3,2.7368,2.6842,3.2632,3.0526,2,2.5789,3,2.6316,2.2632,2.4211,2.6316,2,2.9474,3.9474,3.7368,1.1579,2.5789,3.2632,3,3.3158,1.5263,1.4737,3.1579,1.5263,2,2.5789,3.0526,2.4737,1.7895,2.0526,1.8421,3.5789,3.5263,5.2105,6.3158,1.7895,4.7895,6.1579,3.1579,3,2.5789,2.1053,4.1579,2.3684,1.6842,3.4737,4,3.7895,2.1053,2.2105,3,0.4211,0.1579,0.2105,0.1579,1.8947,0.2105,0.3158,0.2105,0.2105,0.3158,0.3158,0.3158,0.3158,0.2105,0.2105,0.4211,0.5263,0.5789,0.2105,0.5263,4.3684,5.1579,5.1579,5.5789,2.2632,7.3158,5.7895,4.1579,4.3684,2.5789,3.2105,5.5263,3.6316,2.5263,3.4211,4.6316,4.7368,3.2105,3.1579,3.5263,1.5263,1.6316,1.7895,1.9474,0.6316,2.3158,3,1.3684,1.5263,1,1.1579,2,1.1579,0.8421,1.6316,1.7368,1.5263,0.9474,1.4211,1.2105,4.7368,3.2632,3.5789,3.2632,2.4211,3.2632,3,6.5263,3.5263,2.2105,2.2632,3.2632,2.6316,2.9474,2.8421,4.4737,3.6842,2.3158,2.6842,3.0526,0.6316,0.3684,0.7895,0.8421,0.2632,0.7895,0.7895,0.8421,0.7368,0.2105,0.3684,0.7368,0.4737,0.4211,0.4737,0.6842,0.7368,0.2632,0.5789,0.2632,4,3.4211,3.3158,3.1053,3.3158,3.3158,3.4737,3.2632,2.6842,6.1053,4.8421,3.8421,4.9474,3.8947,4.3684,4.2632,4.2105,2.7368,3.3684,5.4211,7,6.1053,4.6842,4.7368,5.7895,5.8947,5.5263,4.4737,5.2105,9.2105,11.6842,5.7895,9.4737,7.8947,5.6316,5.3684,7.3158,5.0526,6.8421,9.4211,4.7368,6.5789,5.4737,5.1053,3.1579,6.1053,5.7368,4.3158,4.8947,4.4737,4.7895,7.7368,5.1579,4,4.5263,5.4211,6.0526,2.8421,3.8947,4.1579,1.4737,1,0.9474,0.7895,1.3158,1.3158,1.2632,0.7368,0.9474,2.3158,2.4737,1.2632,3.1579,1.9474,0.8947,1.2105,1.3158,1.0526,1.2105,2.3158,3.2632,2.6316,2.3684,2.5263,3.5789,2.6316,2.5789,2.2632,4.1053,4.5263,5.0526,2.4737,4.4737,8.0526,1.8421,2.9474,3.7895,3.7368,6.5263,3.9474,3.8947,4.1053,4.3684,4.5263,2.5263,4.7895,4.2632,3.3158,3.2105,2.9474,3.2632,4.6842,3.2105,2.7895,7.8421,4.5789,4,2.1053,2.5263,3.2632,3.4737,3,3.2105,3.0526,2.6316,2.9474,3.1053,2.8947,2.7895,2.5789,2.2105,3.0526,2.7368,2.2632,2.2632,4.1579,3.8421,1.3684,1.9474,2.4211,4.7895,5.8421,5.1579,4.8947,2.8421,5.1579,5.5263,3.5263,5.0526,4.8947,5,6.6316,4.7895,3.6842,4.2632,6.0526,8.1053,3.2632,4.2632,5.9474,0.7895,0.6842,0.5789,0.3158,0.8947,0.6316,0.5263,0.4737,0.5263,1,0.8947,0.6842,1,1,0.3158,0.6316,0.8947,2.4211,0.9474,0.7895,2.9474,3.1579,3.4211,2.9474,2.4737,3,3.4211,2.4211,4.9474,3.7895,4.0526,3.5789,4.1579,5.4211,2.3158,3.2632,3.2632,3.3158,6.7895,3.8947,4.2105,2.9474,2.5789,2.6316,2.9474,3.0526,3.5263,2.8421,2.9474,5.2105,4.8421,3,4.3158,4,2.9474,3.6842,4.2632,1.9474,3.3158,6.1053
1-212.txt_349,5.9,4.1,4.45,3.65,2.55,4.3,5.05,5,4.05,4.05,3.95,4,3.5,3.4,3.5,5.05,4.3,3.5,3.6,4.5,1.25,2.15,1.55,1.35,0.65,1.95,1.4,1,1.8,1.2,1.2,1.85,1.05,1.05,1.5,1.4,1.5,1.1,1.45,1.3,1.55,1.8,2.8,2.3,1.15,1.75,1.75,1.6,1.85,1.45,1.4,1.85,1.55,1.5,1.8,2.05,2.3,0.75,1.6,1.75,3.25,3.55,5.3,6.1,1.95,4.1,4.5,3.45,2.95,2.05,1.9,4.2,2.1,1.5,3.4,4.25,3.9,1.35,2.15,2.6,0.4,0.1,0.2,0.1,1.8,0.15,0.1,0.3,0.1,0.3,0.35,0.1,0.5,0.2,0.15,0.35,0.45,0.55,0.2,0.5,5.3,7,5.8,5.8,2.45,8.55,7.8,3.85,5.95,3.75,4.1,7.5,4.7,3.75,3.9,5.9,6.1,4,4.35,4.95,1.25,1.2,1.5,1.8,0.6,1.65,2,0.95,1.3,0.75,0.8,1.65,0.9,0.4,1.1,1.4,1.55,0.3,0.95,0.8,5.6,4.25,4.8,4.65,3.35,5.1,5.05,7.85,5.2,4.05,3.45,4.2,3.5,3.9,3.4,5.1,5.5,3.6,3.65,3.85,1.05,1.1,0.6,0.6,0.9,0.7,0.95,0.6,1.1,1.5,1.55,1.15,1.4,1.45,0.95,1.1,1.5,0.85,1,1.75,5.8,4.45,3.65,3.3,4.65,4.8,4,3.4,4.25,8.4,9.9,4.35,8.45,7.6,3.9,4.55,5.4,3.6,5.1,7.55,1.95,3.3,2.8,3,1,2.95,3.2,1.6,2.65,2.1,1.85,4,2.1,1.65,2.05,2.45,2.55,1.4,1.9,1.8,2.2,2.6,2.2,1.6,1.4,2,1.95,1.95,1.6,2.5,2.7,2.4,4.35,3,1.8,2,2.25,2.25,2.15,2.75,2.5,1.95,2,1.5,1.9,1.8,1.75,1.7,2.5,3.25,3.85,2.15,2.9,5.55,1.55,2.4,2.35,2.35,4.45,2.75,3.05,3.15,3.05,3.2,2,3.65,3.9,1.85,2.7,2.35,2.7,3.55,2.45,2.35,4.85,3.45,3.35,1.5,2.4,2.65,3.35,3,3.15,3.6,2.05,3.25,3.7,2.2,3.15,2.25,2.45,3.85,2.75,2.35,2.5,4.35,3.45,1.5,2.75,2.25,1.85,2.4,2.05,1.55,0.9,2.1,2.15,1.65,2.2,2.55,2.2,2.5,2.6,1.9,0.85,2.05,3.15,1.25,2.25,2.65,0.7,0.45,0.55,0.2,0.45,0.4,0.4,0.55,0.4,0.9,1.05,0.5,1.25,1.05,0.25,0.55,0.7,1.95,1.15,0.95,0.85,1.2,1.15,0.6,1.1,1,1,0.5,2.1,1.3,1.6,0.95,1.4,2.7,0.65,1.05,1,1.45,3.45,1.55,6.4,4.25,3.65,4,4.45,4.95,4.9,3.75,4,7.85,7,4.7,7.05,5.8,4.05,5.15,6.35,2.75,4.7,8.4,0,0,0,0,0,0,0,0,0,0,0,0,0,0,0,0,0,0,0,0
1-212.txt_351,5.2105,2.7368,2.7368,3,3.3158,2.9474,3.0526,3.3684,2.2632,3.3158,2.8421,2.7895,2.5263,2.4737,2.3158,3.8421,3.5789,2,2.3158,3.3158,2.2105,4.5789,3.1053,2.2632,1.6842,3.7368,3.1053,2.4737,3,2.6842,2.6316,3.2632,3.1053,2.2105,2.5263,2.9474,2.6842,2.2632,2.2632,2.6316,2.0526,2.7895,3.8947,3.6842,1.2632,2.5789,3.2105,2.9474,3,1.4737,1.5263,3.2105,1.4737,2,2.7368,3,2.5789,1.8421,2.0526,1.8421,3.6316,3.5789,5.1579,6.3158,1.7368,4.6842,6.1579,3.1053,3,2.4211,2.2105,4.1579,2.3158,1.9474,3.4737,4.2105,3.7368,2.0526,2.1579,2.9474,0.4211,0.1579,0.2105,0.1579,1.8947,0.2105,0.3158,0.2105,0.2105,0.3158,0.3158,0.2632,0.3158,0.2105,0.2105,0.4211,0.5263,0.5789,0.2632,0.5263,4.5789,5,5.1053,5.3684,2.2632,7.2632,5.8947,4.0526,4.4211,2.6316,3.2105,5.4737,3.5789,2.4737,3.3158,4.7368,5,2.7895,3.2632,3.2632,1.5263,1.6316,1.7895,1.8421,0.6842,2.3158,3,1.4211,1.5263,1,1.1053,2.0526,1.2632,0.8421,1.5789,1.6842,1.5263,0.9474,1.3158,1.3158,4.7895,3.2632,3.5789,3.2105,2.3684,3.3158,3.2105,6.5263,3.7368,2.1579,2.2105,3.2105,2.6842,3.1579,2.8947,4.4211,3.6316,2.3684,2.7368,2.9474,0.6316,0.3684,0.7895,0.8421,0.2105,0.7895,0.8947,0.8421,0.5789,0.2632,0.3684,0.7368,0.4737,0.4737,0.4737,0.6316,0.6316,0.2632,0.5789,0.3158,3.8947,3.5263,3.2105,2.9474,3.4737,3.5263,3.4211,3.2632,2.6842,6.0526,4.7895,3.6842,5.0526,4.3158,4.2632,4.1579,4.2105,2.8421,3.4211,5.3158,7,5.9474,4.7368,4.5263,5.8421,5.7895,5.2632,4.4737,5.3684,9.4737,11.7368,5.7368,9.5263,8.1579,5.8421,5.3158,7.2105,5.1579,6.8421,9.5263,4.6316,6.5263,5.4737,5.3158,2.8947,6.1579,5.8421,4.3684,5,4.4737,4.7895,7.8421,5,4.0526,4.3684,5.5263,6,2.8421,4.0526,4.1579,1.5789,1,0.9474,0.7895,1.5263,1.2632,1.2105,0.7895,1.1053,2.3684,2.4737,1.2632,3.1579,1.9474,1,1.1579,1.3158,1.0526,1.2105,2.3158,3.2105,2.5789,2.3158,2.4737,3.4737,2.7895,2.6316,2.2105,3.9474,4.4737,5,2.4211,4.6316,8.2105,1.8421,2.7895,3.8947,3.7895,6.6842,3.9474,3.5789,3.6316,3.9474,4.0526,2.4211,4.3684,3.8947,3.2105,3,2.7368,2.9474,4.3684,2.9474,2.3684,7.2632,4.1579,3.6316,1.8421,2.2632,3.2105,3.4211,2.9474,3.1053,3,2.4737,2.7895,3.1053,3.0526,2.8947,2.6316,2.2632,2.9474,2.5263,2.5263,2.1053,4.0526,3.9474,1.2632,2,2.4737,4.8947,5.8421,4.8421,4.9474,2.7368,5.2105,5.6842,3.4737,4.8947,4.7895,4.8421,6.5789,4.8947,3.7895,4.4737,6.0526,8.1053,3.3158,4.2105,5.8421,0.7368,0.6842,0.5789,0.3158,0.8947,0.6316,0.5263,0.4737,0.5263,1.1053,0.8947,0.6842,1,0.9474,0.3158,0.6316,0.8947,2.4211,0.9474,0.7895,3.0526,3.1579,3.4211,2.9474,2.6316,2.9474,3.3158,2.3158,4.7368,3.8421,3.8421,3.5789,3.8947,5.5263,2.3158,3.2632,3.4211,3.2632,6.7895,3.7368,4.2632,3,2.5263,2.5263,2.9474,3.1579,3.5263,2.8421,3,5.2632,4.8947,3.0526,4.3158,3.9474,2.8421,3.6316,4.3158,1.8947,3.2632,6.1053
1-212.txt_353,4.4211,2.1579,2.0526,2.2632,2.6316,2.2632,2.0526,2.9474,1.8421,3.0526,2.2105,2.2632,2.2105,1.8421,1.9474,3.0526,2.8947,1.8421,2.0526,2.7895,1.7895,3.6842,2.3158,1.5789,1.6316,3.0526,2.4211,2.2632,2.6316,1.9474,2,2.6316,2.5263,1.6316,1.4737,2.1579,2.1053,2.2105,1.8947,2.1579,2.5263,3.1053,4.6842,4.3684,1.2632,3.1579,3.8947,2.9474,3,1.7368,1.8947,3.5263,2,1.6316,2.7895,3.1579,2.3684,1.1579,1.7895,2.0526,2.1053,1.9474,2.5263,2.7368,1.2105,2.2632,2.9474,1.7368,1.5263,1.4737,1.2105,2.0526,1.2105,0.8947,1.7368,2.2632,2.2105,1.2632,1.0526,1.7895,4.1579,4.9474,4.8421,5.1579,2.4211,7.6842,6.0526,4.0526,4.6316,2.6316,3.2105,5.6842,4.2105,2.7895,3.6316,4.8421,4.5263,2.7895,2.9474,3.3684,0.8421,1.2105,1.2105,1.3158,0.5789,1.1579,1.4737,1.0526,1.1579,0.6842,0.9474,1,0.7895,0.5263,1.1579,0.8947,1,0.5263,0.6316,0.8947,4.1053,2.2105,2.9474,2.6316,1.9474,2.6316,2.4211,5.8421,2.6316,1.9474,2,2.4737,2.3158,2.4211,2.3684,3.6316,2.8421,2.2105,2.2105,2.2632,2.7368,2.4211,2.1579,1.9474,2.1053,2.2632,2.2632,2,1.9474,3.4211,2.6842,2.2105,3.1053,2.6842,3.0526,2.9474,2.9474,1.9474,2.2632,3.1053,4.7895,4.0526,2.8947,3.0526,3.3158,3.9474,4.0526,2.6316,3.6842,6.1053,8.7368,3.8421,6.6842,5.8947,3.9474,3.5789,4.9474,3.3158,4.4211,6.2105,3.1053,4.4211,3.5789,3.2632,1.5789,3.8947,3.4211,3.1053,4,2.4737,2.4737,5,2.7895,1.8421,2.2632,3.7895,3.7368,1.3158,2.2105,2,1.3158,0.7895,0.7368,0.6316,0.8947,0.9474,0.9474,0.7895,0.7895,1.8947,2,0.8421,2.5263,1.3684,0.9474,0.8947,1.0526,0.8421,0.9474,1.8421,2.1053,1.9474,1.7368,1.4737,2.2105,1.9474,1.5789,1.3684,3.1053,2.6316,3.2105,1.7368,3,5.4211,1.7368,2.4211,2.9474,2.4211,4.6316,2.4211,2.8421,2.6842,2.5263,2.6842,2.0526,3.1053,2.8421,2.0526,2.1579,1.6316,2.1053,2.8421,1.7895,1.7368,4.9474,2.7895,2.3684,1.4737,1.7895,1.8421,2.6842,2.2632,2.6316,2.4211,1.6316,2.2105,2.2105,2.3684,1.7368,1.7368,1.4737,2.5263,1.6842,1.6842,2.2105,3.5789,3.2632,1.2632,1.6316,1.7895,4.1053,3.5263,3.2632,3.4737,2.3684,3.8947,4,2.7895,3,3.7368,3.6842,4.7895,3.8947,2.5789,3.5789,4.3684,6.2632,2.5263,2.6842,4.3684,0.6842,0.7368,0.4211,0.3158,0.8421,0.8421,0.6316,0.4211,0.6316,0.8421,0.8421,0.6842,1,0.9474,0.4737,0.6842,0.8947,2.6316,1.0526,0.7895,2.5789,2.2105,2.3158,1.7895,2.0526,2.1579,2.1579,1.8421,3.5789,3.1579,3.6316,2.3684,3,5.1579,1.6316,2.6842,2.8947,2.8947,6.3158,3.4211,4,2.6316,2.5789,2.8947,2.4211,3.1579,3.3684,2.6842,3.3684,5.2105,4.6842,3.4737,4.6842,3.6842,2.6842,3.6316,3.9474,2.5789,2.8947,6.1579,0,0,0,0,0,0,0,0,0,0,0,0,0,0,0,0,0,0,0,0,0,0,0,0,0,0,0,0,0,0,0,0,0,0,0,0,0,0,0,0
1-212.txt_355,4,1.7895,1.7895,2,1.7368,1.9474,1.9474,2.7895,1.5263,2.5789,2.0526,2,1.7895,1.6842,1.8947,2.6316,2.2632,1.6316,1.8421,2.4211,2.1053,3.8947,2.6316,2.0526,1.5263,3.3158,2.8947,2.4211,3,2.5263,2.3158,3,3.0526,1.8947,2.0526,2.7368,2.4737,2.2632,2.1053,2.5789,2.2632,2.6842,3.7895,3.6316,1.3158,2.5789,3.3158,2.6842,2.6842,1.6842,1.8421,3,1.7368,1.8947,2.7895,2.8421,2.4737,1.7895,2.0526,1.7895,3.3158,2.5789,4.4211,5.1053,1.9474,3.3684,4.3158,3,2.3158,2.1053,1.7895,3.2632,1.7895,1.3684,2.6842,3.5789,3.0526,1.6316,1.5789,2.7368,0.6316,0.2632,0.3684,0.3158,1.5263,0.3684,0.5263,0.3158,0.5789,0.4211,0.3684,0.4211,0.5789,0.2632,0.3158,0.7895,0.8947,0.2105,0.3158,0.6316,3.6842,5.2105,4.6842,4.7895,2.2632,7.0526,5.3684,3.4737,4,2.6316,2.9474,5.2105,3.5789,2.2632,3.1579,4.3684,3.8947,2.3158,2.7368,2.9474,1.2105,1.4737,1.5789,1.5263,0.6316,1.8421,2.2632,1.1579,1.4211,0.9474,0.9474,1.5263,1.3684,0.6842,1.3158,1.4737,1.2105,0.6842,0.8947,1.1579,3.8421,2,2.4211,2.2105,1.7895,2.4737,2.3158,5.1053,2.3158,1.8421,2,2.3684,2.1579,2.5263,2.2632,3.3158,2.7368,2.1579,2,2.3158,0.6842,0.4211,0.8421,0.8421,0.2632,0.7368,0.8947,0.8421,0.7368,0.2632,0.3684,0.6842,0.3684,0.3158,0.4737,0.6316,0.6842,0.2632,0.5263,0.4737,3.2105,3.0526,2.3158,2.4211,3.1579,2.4211,2.7368,2.4737,2.4211,4.4737,3.7368,3.1579,4.2632,3.1579,3.6842,3.4737,3.6842,2.2632,2.7368,3.9474,5.7895,4.8947,3.4737,3.8947,4.3684,4.6316,4.4737,3.7368,4.3158,7.2632,9.8947,4.8421,8.2632,6.7895,5.3158,4.4211,5.7895,4.5789,5.4211,7.4737,4.1053,5.4737,4.6316,4.4737,2.4737,4.7895,5.0526,3.7895,4.6316,3.5263,3.3158,6.3684,3.7895,2.4211,3,5.1579,5,1.8947,2.9474,3.1053,1.5789,1.0526,0.8947,0.7895,1.3158,1.2632,1.2632,0.7368,0.9474,2.3158,2.4737,1.1579,3.2632,1.8947,1.1053,1.1579,1.3684,1.1053,1.2632,2.3158,2.4737,1.9474,1.7895,1.5263,2.7368,2.3158,1.9474,1.7895,3.4737,3.1579,3.8421,1.9474,3.3158,6.1053,1.3158,2.4737,2.9474,2.6316,5.2105,3.0526,3.4211,3.3684,2.8421,3.2632,2.3684,3.8421,3.4211,2.6842,2.8947,2,2.4211,3.5789,2.2632,1.8947,6.3684,3.5263,2.9474,1.7368,2.0526,2.2632,3.1053,2.3684,2.9474,2.6842,2.4737,2.4211,2.5789,2.6842,1.7368,2.2105,1.8947,2.6842,2.4211,2.0526,2.2632,3.7895,3.5789,1.3158,1.8421,2.2632,3.8421,3.5789,3.5263,3.6842,2.0526,4.2105,4.3158,2.5263,3.1053,3.7368,3.7895,4.7368,3.7895,2.8947,3.2105,4.5263,6.0526,2.5789,2.4211,4.5263,0.6842,0.6842,0.3684,0.3158,0.8947,0.7895,0.6316,0.3684,0.5789,0.9474,0.8421,0.6842,1,1,0.4737,0.6316,0.9474,2.5263,0.9474,0.7895,2.5263,2.1053,2.6316,2.0526,2.3684,2.1053,2.0526,2,3.5263,3.2632,3.5789,2.5789,3.0526,5.1053,2,2.5789,2.7368,2.5263,6.2105,3.2632,3.8421,2.4737,2.1579,2.2105,2.6842,2.8947,3.1579,2.3158,2.8947,4.8947,4.5789,2.7895,4.3158,3.6842,2.1579,3.2632,3.8421,1.9474,2.8421,5.7895
1-212.txt_357,4.4211,2.2632,2.1579,2.6316,2.6316,2.3684,2.2632,2.8947,1.7368,2.7895,2.3158,2.3158,2,1.8947,2.1053,3,2.7895,1.4737,2.0526,2.6316,2.1053,3.8947,2.6316,2.0526,1.5263,3.3158,2.8947,2.4211,3,2.5789,2.3158,3,3.0526,1.8947,2.0526,2.7368,2.4737,2.2632,2.0526,2.5789,2.2632,2.6842,3.7895,3.6316,1.3158,2.5789,3.3158,2.6316,2.6842,1.6842,1.8421,3,1.7368,1.8947,2.7895,2.8947,2.4211,1.7368,2.0526,1.7368,3.1579,2.6842,4.3684,5.1053,1.9474,3.3158,4.3684,3.0526,2.3158,2.1053,1.7895,3.3684,1.7895,1.3684,2.7895,3.6842,3.0526,1.5263,1.5263,2.6842,0.6316,0.2632,0.3684,0.3158,1.5263,0.3684,0.5263,0.3158,0.3158,0.4211,0.3684,0.4211,0.5789,0.2632,0.3158,0.7895,0.8947,0.2632,0.2632,0.6316,3.8421,5.1579,4.5789,4.6316,2.1579,6.9474,5.3158,3.7895,3.7895,2.4737,2.8421,5.1579,3.5263,2.4211,2.7895,4.2632,3.9474,2.6316,2.6842,2.8421,1.2632,1.4737,1.5263,1.4211,0.6316,1.8947,2.2632,1.1579,1.4211,0.9474,0.9474,1.5263,1.3684,0.6842,1.3158,1.4737,1.2105,0.6842,0.9474,1.1579,3.8947,2,2.4211,2.2105,1.7368,2.4737,2.2632,5.1579,2.2632,1.8421,1.8421,2.3684,2.0526,2.7895,2.2632,3.2632,2.7368,2.1579,2.0526,2.1579,0.6842,0.4211,0.8421,0.8421,0.2632,0.7368,0.8947,0.8421,0.7368,0.2632,0.3684,0.6842,0.3684,0.3158,0.4737,0.6316,0.6842,0.2632,0.5263,0.4737,3.2105,3,2.3684,2.4211,2.7895,2.5263,2.7368,2.4737,2.4211,4.4211,3.7895,3.2105,4.3158,3.1579,3.7368,3.5789,3.5263,2.3158,2.7895,3.8947,5.6842,4.9474,3.4211,3.8421,4.3684,4.6842,4.5263,3.3684,4.1579,7.5789,10,4.6842,8.1053,6.7368,5.2105,4.5263,5.8421,4.5263,5.4211,7.6842,4.1053,5.5789,4.6842,4.5789,2.3158,4.7895,5.0526,3.7368,4.8421,3.4737,3.2632,6.3684,3.6842,2.3684,3,5.1579,5.0526,1.8947,3,3.1579,1.5789,1.0526,0.8947,0.7368,1.3158,1.2632,1.2632,0.7368,0.9474,2.3158,2.4737,1.1579,3.2632,1.8947,1.1053,1.2105,1.3684,1.0526,1.2632,2.3158,2.4737,1.9474,1.7895,1.4737,2.7368,2.3158,1.8947,1.6316,3.3158,3.1579,3.8421,1.9474,3.3158,6.1579,1.2632,2.5263,2.9474,2.6842,5.1579,3.0526,3.1053,3,2.5263,3,2.4737,3.3684,3.0526,2.4737,2.3684,1.7895,2.0526,3.3684,2.0526,1.7368,5.7895,2.9474,2.5263,1.5789,1.8421,2.2105,3.0526,2.4211,2.8947,2.7368,2.4211,2.5263,2.5263,2.6842,1.7368,2.1579,1.8421,2.6842,2.4211,2.2105,2.2632,3.7895,3.4737,1.2632,1.8421,2.2632,3.8421,3.5789,3.5263,3.6842,2.0526,4.2105,4.3158,2.5263,3.1053,3.7368,3.7895,4.6842,3.7895,2.8947,3.2105,4.5263,6.0526,2.5789,2.3158,4.5263,0.6842,0.6842,0.3684,0.3158,0.8421,0.7895,0.6316,0.3684,0.5789,1.0526,0.8421,0.6842,1,1,0.4737,0.6316,0.9474,2.5263,0.9474,0.7895,2.6316,2.1053,2.6842,2.1053,2.3684,2.0526,2.0526,2,3.6842,3.2632,3.5263,2.5789,2.9474,5.1053,2,2.5789,2.7368,2.5263,6.2105,3.3158,3.8421,2.4737,2.1579,2.1053,2.6316,2.8947,3.1579,2.2632,2.8421,4.8947,4.5789,2.7895,4.3158,3.6842,2.1579,3.2632,3.7895,1.9474,2.8421,5.8421
1-212.txt_359,6.35,3.1,3.6,3.25,3.3,3.85,3.65,4.85,3.6,4.3,4.1,3.8,3.85,3.7,3.35,4.8,4.85,2.75,3.4,4.35,3.35,5.65,4.5,4.25,2.05,4.45,5.2,3.3,3.9,2.8,3,5.6,3.7,2.6,3.15,3.95,3.65,2.85,2.9,2.8,1.4,1.25,2.15,1.7,0.7,1.7,1.55,1.35,1.35,1.35,1.3,1.3,1.3,0.85,1.55,1.55,1.75,1,1.1,1.45,2,2.15,2.7,3.65,1.15,2.3,2.3,2.15,1.35,1.2,1.15,2.3,1.25,1,1.5,2.3,2.65,0.65,1.3,1.5,0.9,0.5,0.5,0.2,2.45,0.5,0.25,0.45,0.3,0.65,0.65,0.35,0.5,0.5,0.35,0.75,0.8,0.3,0.35,0.9,1.9,2.55,2.55,2.4,1.3,3.1,2.95,2.3,2.35,1.15,1.15,2.55,1.3,0.75,1.95,2.65,1.9,1.15,1.1,1.6,1.85,1.7,1.95,2.35,0.8,2.35,3.1,1.15,1.7,1.55,1.4,2.15,1.7,0.95,1.6,1.9,2.1,0.7,1.2,1.65,3.2,2.6,2.85,2.9,2.05,3,3.2,4.8,3.35,2.35,1.95,2.5,2.2,2.4,1.6,3.2,2.9,2.05,2.5,2.35,1.1,1.45,1.1,0.95,0.75,1.5,1.25,0.75,2.2,0.9,1.25,1.3,1.15,0.95,0.95,1.3,1.35,1.05,1.35,0.8,2.7,2,2.25,2,1.45,2.1,2.6,1.5,1.85,4.25,3.5,2.6,3.1,2.4,1.6,2.7,3.15,1.2,1.8,3.7,6.5,5.55,4.3,3.7,5.8,5.85,5.2,4.45,4.8,8.8,11.65,5.9,10.05,8.45,3.8,5.2,6.1,3.95,6.85,8.7,4.4,6.15,5.1,5.25,2.15,5.9,5.95,3.65,5,3,3.3,7.15,3.3,2.4,4.85,5,4.8,2.1,3.9,3.5,0.55,0.45,0.35,0.25,0.8,0.5,0.4,0.3,0.4,0.75,1,0.45,1.4,0.65,0.35,0.45,0.55,0.45,0.5,0.65,2.5,2.55,2.25,2.05,1.5,2.45,2.25,1.5,2.9,3.5,3.7,2.55,3.55,6.35,2.35,2.8,3.1,2.7,4.7,3.65,1.75,1.7,1.65,1.6,0.85,1.8,1.85,1.75,1.5,1.05,1.45,1.85,1.35,1.1,3.4,1.95,1.75,1.1,1.2,1.2,4.2,4,4.05,3.6,2.55,4.35,4.8,3.1,3.65,3.15,4,4.1,4.15,2.55,3.5,5.25,4.75,2,3,3.75,4.5,3.5,4.2,4.15,2.85,3.3,3.7,3.05,3.05,3.55,3,3.7,3.45,2.55,3.15,4.7,5.75,2.1,2.35,4.1,0.8,0.7,0.55,0.35,0.4,1.2,0.8,0.65,0.5,0.65,0.9,0.75,0.85,0.75,0.6,0.65,0.7,2.1,0.8,0.75,0.9,1.15,1.2,0.85,1.15,0.9,1,0.6,2.6,1.1,1.4,1.1,1.3,2.7,0.7,0.95,1.05,1.4,3.45,1.1,3.45,2.65,2.25,1.85,2.8,3.05,2.85,2.5,2.6,4.75,4.55,3.15,4.1,4.35,2.35,3.05,4.2,2.7,3.05,5.9
1-212.txt_361,9.05,5.4,5.15,5.55,4.9,6.25,6.85,5.65,5.3,6.55,5.7,6.15,5.85,5.5,6.1,6.7,6.6,3.65,5.15,6.85,1.3,2.25,1.2,0.8,0.65,1.4,1.15,0.85,1.6,0.7,1,1.45,1.05,1.05,0.95,1.15,1.2,0.7,1.3,0.95,1.5,2.15,2.55,2.3,0.55,1.75,2.6,1.8,1.25,1.2,1.25,2.3,1.2,0.75,1.55,1.95,1.65,0.8,1.05,1.5,2,1.95,3.5,4.15,1.3,2.6,3.1,1.75,2.2,1.2,1.15,2.4,1.4,1.05,2.15,2.75,2.4,1.05,1.75,1.45,0.85,0.45,0.45,0.45,2.35,0.55,0.5,0.8,0.45,0.65,0.85,0.55,0.65,0.9,0.6,0.9,1,0.85,0.8,0.7,0.5,0.8,0.6,0.7,0.15,0.8,0.85,0.5,0.55,0.6,0.45,1.1,0.5,0.35,0.5,0.7,0.65,0.15,0.45,0.5,3.85,4.3,4.8,5.2,2.45,4.9,6.35,3.6,3.95,3.2,3.3,5.1,3.45,2.7,4.35,4.8,4.55,2.15,2.9,3.8,4.85,4.45,4.5,4.9,2.55,4.8,4.6,7.5,3.4,2.7,2.85,4.25,2.8,2.8,4.25,4.95,4.35,2.5,2.7,3.2,1.85,2.5,2.35,1.45,1.45,2.65,2.35,1.9,3.35,2.35,1.85,2.6,2.25,1.95,1.1,2.1,2,1.25,2.15,2.2,2.1,2.25,1.25,1.35,1.35,1.9,1.45,1.5,1.75,3.95,3,2,2.95,3,1.2,1.9,2.3,2.65,2.3,3.2,5.55,4.85,4.05,3.8,4.4,5.25,5.3,3.8,3.95,6.5,9.5,5.55,7.25,6.3,4.55,5.35,6,3.25,5,6.6,4.65,6.45,5.6,5.45,2.7,6.15,6.75,3.65,4.75,3.1,3.3,7.85,3.25,2.75,4.45,5.35,5.75,2.6,3.85,3.75,2.65,2.1,2.3,2.05,2.5,2.2,2.2,1.55,2.3,2.5,2.85,2.25,4.3,2.2,1.45,2.4,2.5,1.2,1.95,2.85,1.15,1.1,0.7,0.7,1.05,1.15,1.15,0.45,0.95,2,2.25,1.15,1.9,3.7,0.8,1.05,1.6,1.6,2.3,1.95,0.95,0.7,0.7,0.75,0.55,0.95,0.9,0.65,0.65,0.65,0.6,1,0.65,0.45,2.15,0.85,0.8,0.45,0.55,0.8,3.2,3.05,3.9,3.5,1.9,3.05,3.05,3.3,3.2,2.15,2.15,3.35,2.1,1.9,3.05,4.55,3.5,1.65,1.9,2.55,4.8,4.15,4.8,4.25,2.85,4.6,4.65,3.1,4.1,4.4,4.2,4.3,3.75,4.2,3.9,5.2,6.9,2.5,4.1,4.35,1.6,2.25,1.95,1.35,1.7,1.9,2.05,1.35,3.2,2.2,2.85,2.15,2.85,4.45,1.9,2,1.8,3.05,5.25,2.4,5.7,4.6,4.2,3.45,3.95,5.55,4.6,3.35,4.4,7.6,7.2,4.6,7.5,5.75,3.8,5.55,6.5,4.55,5.35,8.75,0,0,0,0,0,0,0,0,0,0,0,0,0,0,0,0,0,0,0,0
1-212.txt_363,5.6,2.2,2.95,3,3.3,2.75,3.4,3.65,2.3,4.5,4.05,2.95,3.5,3.35,2.8,3.75,3.9,2.05,3,4.8,1.85,3.1,2.45,2.1,1.05,2.25,2.35,1.55,2.4,1.35,1.4,2.45,1.6,1.6,1.75,2.2,2.15,1.55,1.9,1.4,1.25,1.65,2.25,1.7,1.05,1.4,1.55,1.6,1.35,1.05,1,1.8,1.25,1,1.1,1.75,1.3,0.55,0.95,1.4,2.05,2.25,3.3,4,1,2.9,3.5,2.75,2.75,1.4,1.5,2.7,1.55,1.15,1.85,2.55,2.7,1.3,1.45,1.9,0.4,0.45,0.2,0.15,1.8,0.2,0.15,0.3,0.2,0.4,0.3,0.35,0.3,0.25,0.2,0.4,0.45,0.25,0.4,0.4,3.75,4.35,4,4.45,2.25,6.25,5.15,2.8,3.35,3.2,2.7,4.7,3.45,2.2,3,3.8,4.25,2.15,3.1,2.85,2.95,2.95,2.7,3.2,1.85,3.55,4.6,2.3,2.5,2.4,2.6,3.8,3.05,2.55,2.65,3.65,3.85,1.7,2.55,2.6,3.3,3.5,3.45,3.7,1.5,3.75,3.9,5.15,3.45,1.9,1.8,3.55,2.15,1.15,2.65,3.45,2.95,1.05,1.55,2.35,1.3,1.35,1.15,1.2,0.7,1.65,1.55,0.85,1.75,0.9,1.1,1.15,1,0.85,1.8,1.25,1.05,1.25,0.9,1.05,1.15,0.65,0.65,0.7,0.8,0.9,1.05,0.65,0.85,1.75,1.55,0.9,1.2,1.55,0.65,1,1.15,0.6,1.05,2,7.55,6.05,5.6,5.4,5.2,6.75,6,5.4,5.65,9.2,11.95,7.1,8.95,8.65,5.7,6.4,7.15,4.8,7.8,8.8,2.7,4.4,4.2,4.1,1.85,4.45,4.7,2.75,3.35,1.95,2.05,5.5,2.6,1.85,2.85,3.6,3.3,1.25,1.85,1.95,1.3,1.55,1.1,1.5,0.75,1.65,1.45,1.05,1.1,1.75,1.9,1.9,2.45,1.15,1.65,1.35,1.5,0.65,0.85,1.4,1.5,2,1.6,1.2,1.75,1.2,1.1,1.05,2.55,2.45,2.85,1.8,2.45,4.8,1.4,1.65,1.7,2.2,4.1,2.5,1.85,1.7,2.05,1.8,1.4,1.7,2.25,1.3,1.4,1.3,1.65,2.25,1.4,1.45,3,1.95,2,1.3,1.2,1.55,4.25,3.6,3.85,3.1,2.9,3.35,3.65,3.3,3.2,2.75,3.15,4.15,2.6,2.95,2.35,5.15,4.5,2.3,2.6,3.55,2.85,3.2,2.95,2.45,2.15,3,2.95,2,2.5,2.85,3,3.5,3.2,2.2,1.95,4,5.15,1.15,2.4,3.05,1.7,1.4,0.75,0.85,0.75,1.1,0.85,1.4,0.95,1.35,1.6,1,1.4,2.1,1,1.15,1.3,3.2,1.65,1.6,0.7,0.7,0.55,0.35,0.5,0.7,0.55,0.3,1.95,1.1,1.3,0.6,1.25,2.25,0.35,0.8,0.75,1.05,2.65,1.2,5.6,3.5,3.9,3.15,4.15,5.25,4.7,3.7,4.2,7.25,7.1,4.2,7.05,5.95,3.9,4.85,5.65,2.85,4.7,8.55
1-212.txt_365,4.4,1.9,2.2,2,2.75,2.25,2.65,2.5,1.9,3.1,2.8,2.15,2.55,2.65,2,3.2,3.15,2,2.25,3.2,2.35,4.15,2.8,2.2,1.35,2.95,2.75,2.45,2.85,2.7,2.5,3.75,2.7,2.25,1.9,2.55,2.3,2.35,2.25,2.3,2.2,2.65,4,3.6,1.1,2.75,3.1,2.3,2.9,1.65,1.35,3.05,2.35,1.45,2.3,2.9,2.2,0.95,1.8,1.85,3.4,4.05,4.5,5.4,2,4.1,5.95,2.9,2.7,2.5,2.35,4.2,2.35,1.45,3.7,3.8,4.15,1.55,2,2.8,0.85,0.3,0.35,0.3,2.45,0.4,0.4,0.35,0.3,0.65,0.75,0.3,0.55,0.5,0.35,0.7,1,1.15,0.5,0.7,4.65,5.1,4.65,5,3.2,7.2,6.05,4.2,4.1,3.2,3.65,5.4,4.1,3.35,4.15,4.45,4.7,3,3.35,3.7,2.25,2.35,2.65,3.5,0.85,2.85,4.15,2.15,2.1,1.55,1.55,2.85,1.65,1.45,2.15,2.8,2.75,0.75,1.6,1.45,4.6,2.95,3.25,3.25,2.45,2.7,2.9,6.1,3.15,2.05,2.45,3.1,2.4,2.85,2.85,4.1,3.15,3.1,2.6,3,1.05,1.1,1.55,1.35,0.85,1.5,1.5,1.35,1.45,0.8,0.7,1.55,1.15,0.7,1.1,1.2,1.35,0.55,1.2,1,2.1,2,1.65,1.6,1.55,1.95,1.65,1.55,1.25,4.05,2.75,2.4,3.35,2.3,1.85,2.5,2.65,1.1,2.3,3.35,5.15,4.7,3.65,2.75,4.2,4.4,3.9,3.4,4.3,7.2,9.9,4,7.5,6.55,4.6,3.8,5.35,3.95,5.55,7.55,2.85,4.4,3.35,3.75,1.35,4.25,3.7,2.4,3.1,2.5,3.1,4.85,3.3,2.7,3.1,3.35,4.2,2.25,2.55,2.4,1,0.55,0.65,0.7,1,1.1,0.95,0.75,0.8,1.05,1,0.75,1.7,1.15,0.75,0.95,1,0.55,0.75,1.25,3.1,2.8,2.65,2.7,3.35,2.8,2.8,2.2,4.1,4.55,5.3,2.95,4.8,7.85,2.7,3.15,3.75,3.8,6.15,4.2,3.6,3.6,3.95,4,2.3,4.1,3.6,2.8,2.9,2.35,2.6,4.05,2.25,2.6,5.85,3.5,3.25,1.6,2.15,2.6,4.35,4.25,4.5,4.35,2.75,4.15,4.05,4.55,4.05,3.35,3.25,4.05,3.05,2.75,3.9,5.35,5.35,2.15,2.55,3.3,4.9,4.3,3.75,3.65,3.65,3.7,4.1,3.7,4,4.1,4.3,4.5,4.1,2.9,2.95,5.35,6.9,2.7,3.35,4.85,0.3,0.45,0.35,0.15,0.25,0.4,0.25,0.4,0.25,0.55,0.45,0.5,0.7,0.65,0.1,0.35,0.35,1.6,0.65,0.5,1.95,1.8,2.4,1.8,2,1.95,1.95,1.6,3.05,3,3.05,1.95,2.9,4.5,1.7,2.3,2.25,2.5,5.45,2.8,4.3,3.6,3.15,3.35,2.4,4.25,4.4,3.1,3.85,5.9,5,4.2,4.95,4.5,2.8,3.65,4.6,2.55,4.15,6.3
1-212.txt_367,6.8,3.5,3.35,3.5,3.95,3.65,3.95,4.1,2.95,4.8,4.3,3.85,3.6,3.65,3.45,4.6,4.85,2.5,3.15,5.1,2.55,4.35,3.2,2.65,1.5,3.1,3.25,2,3,1.75,1.8,3.35,2.55,2.05,2.25,2.7,2.65,2.05,2.5,1.95,1.3,1.65,2.25,1.75,0.6,1.35,1.4,1.6,1.45,1.1,1,1.8,1.25,1,0.95,1.9,1.3,0.45,1.1,1.25,2.6,2.7,4.15,5.3,1.6,3.55,4.25,3.5,3.3,1.85,1.85,3.45,1.95,1.5,2.7,3.15,3.35,1.6,1.7,2.1,1.8,0.95,1,0.95,4.9,1,0.75,1.25,1,1.7,1.65,0.95,1.55,1.6,0.95,1.55,1.65,1.35,1.4,1.85,3.65,4.95,4.05,5,2.85,6.9,5.7,3.2,3.75,3.35,3.1,5.25,3.8,2.55,4.05,4.05,4.35,2.2,3.4,3.4,3.8,3.85,3.9,4.9,2.3,4.75,6.45,3.05,3.45,2.95,3.05,4.75,3.55,3,3.45,4.65,4.4,2.55,3.15,3,6.2,5.85,6.3,6.05,3.5,6,6.1,10.15,5.35,3.15,3.1,5.85,3.75,3.05,4.3,6.4,5.3,2.9,3.05,3.95,1.85,2.5,2.6,2.2,1.15,2.7,2.55,1.7,4.05,1.5,1.8,2.15,1.9,1.95,2.1,2.05,1.8,2.25,2.4,1.75,1.75,1.3,1.2,1.2,1.45,1.35,1.55,0.95,1.3,2.9,2.55,1.35,2.05,2.1,1.2,1.5,1.85,1.05,1.75,2.8,10.45,8.05,7,6.45,7.85,8.95,7.6,6.65,7.6,13.2,16.55,9.25,13,11.45,6.75,8.55,9.65,6.7,10.35,12.35,2.95,4.2,4.05,3.9,2.05,4.6,4.4,2.85,3.2,1.9,2.1,5.55,3.15,1.9,2.6,3.9,3.45,1.4,1.9,2.15,1.3,1.55,1.15,1.55,0.75,1.75,1.35,0.95,1.1,1.8,2,1.95,2.5,0.95,1.65,1.3,1.45,0.6,0.8,1.45,1.6,2,1.6,1.3,1.85,1.4,1.25,0.95,2.3,2.65,2.75,2.05,2.45,4.7,1.4,1.7,1.8,2.2,4.05,2.4,3,2.85,3,2.9,1.9,2.8,3.5,2.4,2.35,2.05,2.55,3.4,2.5,2.05,5.85,3.1,3.2,1.95,2.1,2.45,7.3,6.15,6.55,5.5,5.45,6.6,6,6.45,5.75,4.5,4.6,6.85,5,4.5,4.65,9.5,7.65,3.55,4.6,5.5,4.85,4.35,4.75,4.15,3.8,4.25,4.4,3.3,3.55,4.25,4.55,4.7,5.1,3.5,3.55,6.05,8.2,2.5,3.8,4.7,1.95,1.75,1.15,1.05,0.95,1.55,1.15,1.35,2,1.55,1.9,1.3,1.4,2.85,1.45,1.4,1.4,3.75,2.15,1.95,0.95,0.8,0.7,0.45,0.9,1,0.7,0.4,2.3,1.35,1.45,0.85,1.4,2.8,0.4,1.1,1,1.75,3.4,1.45,7,4.6,4.6,3.95,5.05,5.95,5.65,4.2,4.85,9.1,8.7,5.4,8.85,7.15,4.7,5.9,7.15,3.75,5.65,10.75
1-212.txt_369,5.6,2.15,2.55,2.4,3.85,2.55,2.7,3.65,2.85,3.8,3.7,2.6,3.45,3.7,2.8,3.7,4.05,2,3.2,4.65,2.25,4.3,3.45,3.05,1.35,3.45,3.45,1.75,3.15,2.15,2.6,4.5,2.6,2.2,2.35,2.9,3.2,2.45,2.8,2.8,1.75,2.15,2.4,2.5,0.95,2.1,2.4,1.7,1.75,1.25,1.2,2.1,1.2,1.1,1.7,1.85,2.05,0.65,1.4,1.55,2.85,3.7,5.15,5.3,1.6,4.05,4.8,3,3.15,2.1,1.9,4.55,2,1.55,2.8,3.9,3.5,1.65,1.65,1.95,0.8,0.25,0.45,0.2,2.5,0.3,0.25,0.3,0.4,0.65,0.8,0.25,0.75,0.55,0.35,0.85,0.9,0.6,0.45,0.65,2.85,3.55,3.45,3.95,1.6,5.45,4.55,2.2,3.8,3.15,2.5,4.5,2.85,1.35,3.9,3.3,3.65,2.15,2.2,2.55,3.95,4.7,5.55,6.65,1.65,5.85,8,3.55,4.15,2.55,2.5,6.05,2.8,2.25,3.55,4.85,4.85,1.6,3.45,3.15,4.65,3.95,5.15,5.2,2.3,3.95,4.7,8.45,3.35,1.85,2.05,3.85,2.55,2.55,3.65,5,3.65,2.35,2.3,2.65,0.7,0.7,0.7,0.3,0.65,0.6,0.4,0.4,0.85,1.65,1.1,0.65,1.2,1.2,0.3,0.7,0.95,0.4,0.8,1.25,5.8,4.55,3.4,3.15,4.95,4.75,4.35,3.35,4.65,8.45,10.65,4.1,8.3,8.35,4.1,5.15,6.45,5.55,6.75,8.2,1.75,3.05,2.05,1.8,0.8,2.5,2.4,1.4,2.55,1.85,2.05,3.35,2.15,1.85,1.3,2.2,2.5,1.25,1.9,2.3,0.55,0.65,0.4,0.35,0.6,0.65,0.6,0.3,0.35,0.7,0.75,0.4,1.4,0.5,0.3,0.55,0.65,0.3,0.35,0.7,1.45,0.8,0.65,0.55,0.7,0.65,0.7,0.8,1.05,2.15,2.05,0.85,1.45,2.95,0.5,0.85,1,1.6,2.1,1.85,1.65,1.6,1.6,2.5,0.65,1.45,1.95,1.45,1.4,1.05,1.85,1.7,1.55,1.15,3.5,1.8,1.3,0.65,1.5,1.35,3.2,3.75,3.35,2.75,1.6,3.35,3.55,2.45,2.65,3.15,3.05,3.65,3.2,3.15,3.3,4.4,4.4,1.3,2.8,3.35,4.45,3.85,3.65,2.9,2.85,4.4,4.05,2.95,3.5,3.75,3.25,4.3,3.6,3.9,3,4.8,5.8,2.9,3.4,4.7,0.4,0.75,0.75,0.75,0.3,0.85,0.65,0.45,0.45,0.6,0.8,0.85,0.9,0.7,0.3,0.55,0.8,1.7,0.75,0.6,0.55,0.9,0.75,0.8,0.8,0.8,0.75,0.45,1.8,0.95,1.05,0.65,1.05,2.45,0.4,0.7,0.95,1.45,2.75,0.8,3.95,2.85,2.5,1.9,2.55,3,2.9,2.15,3.1,5.7,5.2,2.5,4.95,5.25,2.75,3.1,4.15,2.35,3.65,6.15,0,0,0,0,0,0,0,0,0,0,0,0,0,0,0,0,0,0,0,0
1-212.txt_371,8.5556,3.2778,3.9444,3.7222,3.1667,4,4.1667,4.5556,3.5,4,3.8889,4.3889,3.8333,3.2222,3.6111,5.8889,4.6111,1.9444,3.3333,5.0556,3.1111,6.3333,3.5,3.5556,1.8889,4.2222,4.1667,2.1667,3.2778,3.0556,2.7222,4.8889,3.5,2.6667,2.4444,4,4,2.6111,2.7778,3.8889,0.9444,0.8333,1.8889,1.4444,0.6111,1.1111,1.1667,0.8333,1.3333,0.7778,0.8333,1,1.2222,1.1111,1.1667,1.1667,1.4444,0.7222,1.3333,0.7222,3.8889,4.3889,7.3333,9.1111,2.7222,5.0556,6.5556,4.3333,3.9444,2.3889,2.3333,5.2222,2.7778,2.0556,4.3333,5.1667,4.5,1.7222,3.2778,2.7778,1.4444,2.2222,1.9444,1.6667,0.6111,2.5556,2.0556,0.8889,1.2778,0.7222,0.7222,1.9444,1,0.7778,0.9444,1.4444,1.5,1.1667,1.4444,0.9444,3.6667,3.5556,5.2778,4.5,1.6667,4.5556,6.3333,3.5556,3.1111,2.2778,1.8889,4.0556,2.5,1.8333,3.8889,4.7222,4.3333,1.5,3.0556,2.5,4.6111,2.9444,5.1111,4.5,3.8333,3.3889,3.5556,8.2778,3.5,2.2222,2.8333,3.6667,3.5556,2.7778,4.0556,4.3333,4,2.6667,2.8889,2.6111,0.4444,0.5,0.5556,0.3333,0.3333,0.5556,0.4444,0.3889,0.7778,0.8889,0.4444,0.6667,0.5,0.3333,0.3333,0.6667,0.8889,0.2778,0.3333,0.9444,1.5556,1,1.2778,1,1.6111,0.9444,1.0556,1.3889,0.8333,2.8333,2.2778,1.0556,2.0556,1.6667,0.8889,1.8333,1.8889,0.8333,1.6111,2.3889,3.1667,2.3333,1.9444,1.8889,3.2222,2.3889,2,2.0556,3.1667,5.1111,6.6111,2.2778,5.3333,5.9444,1.8333,3.3889,3.8333,3.3889,4.7778,4.8889,3.8889,5.4444,5,4.9444,2.8333,4.7222,5,3.1111,4.5,3.2778,2.9444,7.6111,3.3333,3.6111,3.7222,4.5,4.7778,2.0556,3.7778,3.5556,1,0.7222,0.5,0.3889,0.6111,0.7778,0.5556,0.4444,1.1667,1.1111,1.2778,0.5556,1.7222,1,0.4444,0.7778,0.7778,0.5556,1,1,1.6667,1.3889,1.8889,1.1667,1.6111,1.3889,1.3333,1.4444,1.8333,2.0556,2.1667,1.5556,2.3333,3.9444,1.6111,2.0556,1.8889,2.3333,3.2222,1.9444,3.8889,3.1667,3.3333,3.6667,3.5556,3.5,3.6111,3.6111,2.6111,2.7222,2.8889,3.1111,2.7778,2.4444,7.6111,3.5556,3.1667,1.7222,2.5556,3,2.8333,2.6111,3.3333,2.2778,2.1667,3.1667,2.7778,2.3333,2.7222,2.1111,1.8889,2.8889,2,1.3889,2.1667,4.0556,3.6667,1.2778,2,2.5556,3.8889,3.5556,3.6111,2.6667,3.4444,4.1111,3.4444,3.0556,2.9444,3.5,3.6667,3.8333,3.3889,2.6667,3.3333,4.2222,5.9444,2.7778,2.5,4.3889,1.0556,1.1667,1.2222,0.8889,1,1.2222,1.2778,1,1.2778,0.9444,1.1111,1.2222,1.2778,2.1111,0.5556,1.2222,1.5,5.1667,2.5,1.2222,2.7222,2.3333,2.1111,1.9444,2.1111,2.7778,2.9444,1.4444,3.8889,3.5556,3.3333,3.0556,2.8333,5.2778,1.8333,2.6111,3.0556,4.3333,7.2778,3.2778,4.7778,3.3333,4.0556,3.1111,3.1111,4.6667,3.6111,3.1667,4.0556,6.2778,5.3333,3.8889,5.3889,3.7778,3.3889,4.3889,5.1667,3,3.5,7.8889,0,0,0,0,0,0,0,0,0,0,0,0,0,0,0,0,0,0,0,0
1-212.txt_373,3.7222,1.7222,1.9444,1.7778,2.1667,2,2,2.5556,1.6111,2.3333,2.2222,2,1.9444,1.3889,2.3333,2.7222,2.7222,1.0556,1.3889,2.8889,0.6667,2.0556,0.8333,0.6111,0.3333,1.0556,0.8889,0.5,0.8333,0.3889,0.5,1.2778,0.6667,0.3889,0.5,0.7778,0.7222,0.4444,0.6111,0.5,2.1667,2.3333,4,2.9444,1.6111,2.4444,2.5556,2.3333,2.0556,1.1111,1.2222,2.8889,1.6111,0.9444,2.4444,2.9444,2.5556,0.8333,1.5,1.4444,1.7778,1.5,2.8889,4.2222,0.8333,2.2222,2.7778,1.7222,1.6111,1,1,2.1667,1.4444,1,1.3333,2.2222,2.1111,0.6667,1.1111,1.2778,0.6667,0.2222,0.4444,0.5556,1.3333,0.2778,0.2778,0.3889,0.2778,0.3333,0.3333,0.3889,0.3333,0.4444,0.2778,0.6667,0.8333,0.2222,0.5556,0.5,2.2222,2.7222,2.1111,2.1667,1.1667,4.3889,2.6111,1.6111,2,1.6667,2.1111,2.5,2.1667,1.9444,2.3889,2.2778,2.2222,1.4444,2.0556,2.3889,2.6111,2.9444,2.6111,2.6667,1.3889,2.8333,4.1667,1.7222,2.4444,2.0556,1.8333,3.4444,2.1667,1.1667,1.8333,2.7222,2.7778,0.6111,1.2778,2.6111,3.3889,2.2778,3.0556,2.5556,1.8333,2.3333,3.1111,6.5,1.9444,1.3889,1.3333,2.6667,1.6111,1.2222,1.8333,3.3889,2.5,2,1.3889,1.6111,0.7222,0.8889,0.8889,0.8333,0.3889,1.3333,0.9444,0.7778,1.6667,0.6667,0.5556,0.9444,0.8333,0.7222,0.6667,0.8889,0.8333,0.5556,1.1111,0.6667,2.5,2.3889,2.6111,2.8889,1.8889,3.1667,2.9444,2.1111,2.3889,4.8889,2.8889,3.1667,2.9444,2.8333,1.6667,2.8889,3.3889,1.6111,2.8889,3.8333,5.5,4.5,3.6667,3.2222,4.2222,5,3.7222,3.3889,3.6667,7.9444,11.2222,4.1667,8.8889,6.7778,5.4444,4.8889,6.4444,4.3333,5.7778,7.6667,3.5556,6.1111,3.7222,4.7222,2.2778,5.7222,5.2778,2.7222,3.1667,2.7778,3.6667,7.1667,3.7778,2.1667,4,4.0556,4.3889,2.3333,2.4444,2.5556,0.7778,0.8333,0.3889,0.2778,0.5,0.7778,0.6667,0.3333,0.8333,1.1111,1.2222,0.5556,2.0556,1.3889,0.6111,0.5556,0.6667,0.6111,0.8889,1,1.8333,1.3333,1.1111,1.2222,1.7222,1.3889,1.3889,1,2.3333,3.9444,4.0556,1.2222,3.3889,7.3333,0.8889,1.5556,2.0556,3.6667,4.7778,3.6111,1.9444,1.6111,1.8889,2.2778,0.8889,2.2222,2.2222,1.3889,1.7778,1.3333,1.5556,1.9444,1.2778,1.1111,4.6111,2.1667,1.7222,0.8333,1,1.5556,6.6111,4.9444,5.8889,5.3333,3.8889,5.5,5.3889,5.1111,4.3333,4.3889,3.8333,5.3333,4.7222,3.0556,5.3889,8.1111,6.2222,2.3889,3.2778,4.6667,2.7778,2.1111,2.6111,2.2778,1.5556,2.5,2.5,1.7778,2.5,2,2.0556,2.8333,2.0556,1.5,2.6111,3.8333,4.6111,1.3333,2.2222,2.4444,1.0556,0.9444,0.5,0.3889,1.0556,0.8889,0.6667,0.9444,0.6111,0.8889,0.7778,1,1.0556,1.1111,0.3889,0.7222,0.9444,3.3333,1.2222,0.8333,1.5556,1.2222,1.4444,1.6667,1.5556,1.2778,1.1667,1.7778,2.0556,1.3889,1.6667,1.2778,1.7778,2.2778,0.8889,1.5,1.5,1.5,3.2222,1.5556,2.2778,1.8333,1.3333,1.0556,2.0556,1.9444,1.5556,1.4444,1.4444,3,2.8889,2,3.0556,1.6111,1.1111,2.0556,2.5,1.1111,1.7222,3.8333
1-212.txt_375,6,3,3.1,2.8,2.5,3.8,3.65,3.45,2.45,3.3,3.7,3.85,3.85,3.15,4.5,4,4.25,1.9,2.85,4.2,3.15,5.45,3.65,4.1,2.05,4.25,4.05,2.95,4.7,2.15,2.25,4.65,2.7,2.7,2.45,3.6,3.2,2.75,3.5,2.6,1.75,1.95,2.55,1.85,0.8,2.1,2.35,1.65,1.6,1.85,2.15,2.05,1.65,0.9,2.15,2,1.7,1.5,1.05,1.9,2.5,2.25,4.15,5.1,1.2,3.1,3.85,2.15,3,1.35,1.35,3,1.65,1,2.65,2.95,2.8,0.75,1.25,1.9,0.55,0.2,0.2,0.2,1.7,0.2,0.35,0.2,0.25,0.65,0.5,0.35,0.4,0.3,0.2,0.5,0.55,0.25,0.45,0.8,0.65,0.9,0.5,0.45,0.25,0.95,1,0.4,0.6,0.65,0.55,0.6,0.4,0.3,0.65,0.6,0.6,0.55,0.35,0.6,3.2,3.9,3.8,4.3,1.7,4.4,5.8,2.9,3.15,2.15,2.35,4.95,2.95,1.95,3.25,4.45,4.55,1.55,2.15,3,6.05,4.35,4.75,5.2,3.05,4.65,5.55,8.45,4.2,3.8,3.55,5.1,4.25,3.2,3.55,5.4,4.55,2.25,3.6,4.2,1.2,2,1.85,1.65,0.6,1.75,1.75,1.2,2.95,0.9,1.05,1.55,1.45,1.3,1.55,1.85,1.75,1.05,1.75,1.2,2.25,1.35,1.55,1.2,1.75,1.3,1.45,1.1,1.2,3.4,2.9,1.35,2.65,2.95,1.2,1.65,1.8,1.2,1.7,3.1,5.8,4.75,4.05,3.9,4.45,5.8,5.3,4.05,3.6,8.4,10.15,5.1,8.15,6.7,6.1,5.3,5.7,3.75,4.6,7.55,2.2,3,2.05,2.8,1.75,3.3,3.25,1.45,1.65,1.8,2.15,4.25,2.35,1.5,2,2.4,2.85,1,1.7,2.15,0.8,0.55,0.45,0.35,0.55,0.6,0.5,0.4,0.75,1.3,1.35,0.55,1.6,1.35,0.45,0.8,0.8,0.8,0.9,1.35,2,2.45,2,1.25,1.55,2,2.2,1.55,2.75,3,3.4,2.5,3.4,6,1.55,2.25,2.5,2.7,5,3.1,1,1.1,1.3,1.55,0.8,1.6,1.35,0.8,1.2,0.8,0.85,1.65,0.75,0.75,2.25,1.3,1.25,0.75,0.85,0.65,3.6,3.45,3.3,3.55,2.2,3.4,3.75,3.85,3.05,2.35,2.35,3.75,2.1,1.8,2.75,4.45,4.05,1.6,2,2.45,3.25,2.8,2.35,2.15,2.45,2.85,2.85,2.4,2.6,3.3,3,2.95,3.4,2.35,2.05,3.2,4.45,1.4,2.2,4.05,0.4,0.55,0.4,0.35,0.25,0.4,0.4,0.3,0.45,0.35,0.45,0.6,0.5,0.75,0.35,0.45,0.4,1.5,0.6,0.4,0.75,0.95,0.6,0.5,0.85,0.9,0.6,0.35,1.75,0.85,1.3,0.8,0.95,1.9,0.65,0.8,0.8,1.15,2.65,1.1,5,2.9,2.85,2.95,2.7,2.85,3.15,2.4,3.2,5.2,5.55,3.15,5.3,4.15,2.2,3.95,5.15,1.9,3.2,6.4
1-212.txt_377,7.5263,4.0526,4,4.1579,3.1579,4.7895,5.1053,4.6316,3.2105,3.9474,4.4737,4.9474,4.5263,4,4.5789,5.4737,5.4737,2.8421,3.4211,5.2632,3.8947,7.2105,4.5789,5.0526,2.7895,5.2632,5.0526,3.3158,5.6316,2.8421,3.1053,5.6842,3.3158,3.2105,2.7368,4.2632,3.7368,2.8421,4.2105,3.0526,1.7368,2.2105,2.7368,2.2105,0.8947,2.2632,2.5263,1.7368,1.8421,1.5789,2.3158,2.3684,1.7895,1.1053,2,2.1579,2,1.3158,1.1579,1.7895,2.6842,2.5263,4.2105,5.4211,1.3158,3.3158,3.9474,2.3684,2.8947,1.4737,1.4211,3.2632,1.6316,1.2105,2.8421,2.9474,2.9474,0.7368,1.3158,2,1.6316,1.5263,1.2632,1.1579,3.7895,1.3158,1.2105,1.4211,1.1579,1.3684,1.3158,1.5789,1.3158,1,1.7368,1.6316,1.7368,1.0526,1.1053,1.5263,0.6842,0.9474,0.5263,0.5263,0.2632,0.9474,1.0526,0.4737,0.5263,0.6842,0.6316,0.6842,0.4211,0.2632,0.7368,0.5789,0.6316,0.5789,0.3158,0.6316,3.2632,4.0526,4.1053,4.5263,1.7368,4.7368,6.3158,2.6842,3.3158,2.3684,2.3684,5.0526,3.1053,2.1579,3.3684,4.6316,4.7368,1.5263,2.3684,3.3684,9.1053,6.5263,7,7.5789,4.9474,7.2105,8.7368,12.3684,6.2632,6.0526,5.7368,7.7368,6.6316,5.2105,6.7895,8.2632,7.1579,4.2105,5.7895,6.8421,1.7895,2.2632,2.3684,2.1579,1.1579,2.3158,2.2632,1.5789,3.4737,1.2632,1.4211,1.9474,1.8947,1.6316,1.8947,2.4211,2.1053,1.4737,2.0526,1.6842,2.2105,1.2632,1.5263,1.1579,1.8947,1.3158,1.3684,1.3684,1.2105,3.6316,3.2105,1.3684,2.8421,3,1.0526,1.5789,1.9474,1.2632,1.8421,3.3684,7.1053,5.8421,4.8947,4.5789,6.6842,7.2105,6.8421,5.3158,5.3684,10.2105,12.4737,6.3684,10.0526,8.1579,6.8421,6.5789,7,5.3684,5.9474,8.9474,2.4211,3.2632,2.2632,2.5263,1.8421,3.5789,3.4737,1.5789,1.7368,1.9474,2.2632,4.5263,2.6316,1.3158,1.8947,2.6842,2.8421,1.1053,1.9474,2.2632,0.8421,0.4737,0.4211,0.3158,0.5263,0.6316,0.4211,0.3684,0.7368,1.4211,1.4737,0.4737,1.7368,1.4737,0.3684,0.6316,0.8421,0.8947,0.9474,1.4211,2.2105,2.7895,2,1.3158,2,1.9474,2.1579,1.5789,3.1053,3.1053,3.6316,2.6316,3.9474,6.2632,1.7368,2.4737,2.5263,3.3158,4.9474,3.1053,2.0526,2.5789,2.2105,2.5789,1.6316,2.8421,2.7895,1.9474,2.2105,1.6842,1.6842,2.6842,1.6842,1.5789,4.1579,2.4737,2.3684,1.3158,1.7368,1.7895,4.2632,4.4211,4.3684,4.4737,3.0526,4.4211,4.7368,4.6316,3.6842,3.0526,3,4.7368,3.1053,2.4737,3.6842,5.8421,5.1579,2.2632,2.7368,3.4211,3.9474,3.3158,2.7895,2.4737,2.5789,3.3684,3.3158,2.9474,2.7368,3.6316,3.4737,3.5263,3.7895,2.9474,2.5789,3.7895,5.4737,1.5789,2.5263,4.4211,0.4211,0.5263,0.3684,0.4211,0.2632,0.4211,0.4737,0.3158,0.4737,0.3684,0.4737,0.6842,0.5263,0.7368,0.4737,0.4211,0.3684,1.5263,0.6316,0.4211,0.8421,0.7895,0.7368,0.6316,0.9474,0.6842,0.6316,0.4211,2,1,1.4211,0.6316,1.0526,2.1053,0.7368,0.7368,0.6842,1.2632,2.7895,1.2105,5.4737,3.2105,2.6316,2.7895,3.0526,3.5263,3.3158,2.7368,3.2105,5.4211,5.7895,3.6316,5.1579,4.4737,3.1053,4.2105,4.7895,1.9474,3.4211,6.5263
1-212.txt_379,7.2632,4.8421,4.2632,4.4737,3.6842,5.0526,5.2632,4.4737,3.6842,5.0526,5.4211,4.6842,4.8947,4.7895,5,5.1053,5.5263,2.9474,4.2105,5.7368,1.4737,2.6842,1.5789,1.5789,0.8947,1.8947,1.7895,0.6842,1.8421,2.0526,1.9474,2.4211,1.5263,2.1053,1.7368,1.6842,1.6842,1.3684,1.7895,1.6842,0.8421,1.2105,1.4211,0.9474,0.3684,1.2105,1.4211,0.7368,1.1053,0.8421,0.8421,1.2105,0.7895,0.5263,0.4211,1.1579,1.1053,0.6316,0.4211,1.1053,3.5263,3.5789,5.4737,6.7895,1.7368,4.2105,5.4211,3.7368,3.5789,2.0526,1.8947,4.3684,2.1579,1.7895,2.7368,4.1053,3.8421,1.4211,2.1579,2.5263,0.7895,0.4737,0.6842,0.5263,2.5263,0.5789,0.6316,0.4211,0.3684,0.7368,0.6316,0.6842,0.7368,0.4211,0.4737,0.7895,0.9474,0.6842,0.6316,0.7368,2.3684,2.5789,2.6316,2.9474,1,4.1579,3.4737,1.6316,2.0526,1.7368,2.0526,3.5789,2.5263,1.3684,2.5263,2.4737,2.7368,2.0526,2.2632,1.9474,2.0526,2.2105,2.7895,2.9474,1,2.8947,3.1579,2.1579,2.8947,1.6316,1.7368,2.3684,1.7368,1.8421,1.7368,2.4737,2.9474,0.7895,1.6316,1.9474,4.7368,5.5263,5.2105,4.6316,2.1053,5.0526,5.3158,8,4.4211,2.7895,2.6316,5.0526,3.2105,1.9474,3.9474,4.9474,3.9474,2.3158,2.5789,3.2105,1,1.5789,1.1579,1.4211,0.8421,1.5263,1.5263,0.6316,1.6316,1.1053,1.0526,2,1.2105,0.6842,1.2632,1.4211,1.5789,0.6316,1.2105,1.4211,4.8421,5.4737,4.2632,4.1579,4,5.0526,4.7368,3.5263,4.7368,6.8421,8.6316,5.4211,7.3684,7.3158,4.2105,5.3158,5.6316,4.1579,5.5789,7.1053,2.0526,2.8947,3.1053,2.8421,0.7368,3.3158,3,2.1053,1.8947,1.2105,1.2632,3.7368,1.4737,1.2632,2.0526,2.4737,2,1.4211,1.2632,1.2105,2.2632,2.3158,2.5789,1.4737,1.4737,2.2105,2.0526,1.1053,1.8421,3.4211,3.1053,2.4737,4.6316,2.8421,1.3158,2,2.4737,1.7368,1.9474,2.9474,1.6316,1.4211,1.1579,1.2105,1.4737,1.4211,1.2632,1.1053,2.3158,2.6842,3,1.4737,2.7895,5.4211,0.9474,1.5789,1.6316,2.2632,4.4211,2.5263,2.7895,3.2105,3.4737,3.5263,1.2632,3.3684,3.4737,2,3.2105,1.7368,2.3158,3.7895,2.5263,1.4211,4.7895,3.1053,3.3158,1.5789,2.0526,2.1579,5.0526,4.6316,5,5.3684,3.5789,5.1053,5.8421,4.1053,4.7895,3.8947,3.0526,5.4737,3.7368,2.9474,4.3158,6.5789,6.2105,2.2105,3.6842,4.2105,3.6842,4.3158,3.3684,3.3684,1.7368,4.0526,3.8947,3.3684,3.8421,3.8947,3.8421,4,3.4737,3.0526,2.9474,4.1579,6,1.5789,3.4211,3.7895,0.5789,0.2632,0.2105,0.2632,0.6842,0.3158,0.2632,0.6842,0.2632,0.2632,0.4211,0.4211,0.3158,0.6842,0.1579,0.5789,0.3684,1.4211,0.8421,0.2105,2.3158,1.8947,1.8947,1.3158,2.7368,1.8947,2.0526,1.5789,3.0526,2.2632,2.7368,1.9474,2.3158,3.5263,1.3158,2.2632,1.9474,2.4211,4.7368,2.6842,7.2632,3.8947,4,3.2105,4.9474,5.2105,4.8947,4.6316,5.3158,9.5789,9.0526,4.8947,8.2632,7.5789,3.8421,5.5789,6.8421,4.3158,5.9474,10.6316,0,0,0,0,0,0,0,0,0,0,0,0,0,0,0,0,0,0,0,0
1-212.txt_381,7.3,3.85,3.65,3.5,3.2,4.45,4.7,4.4,2.95,3.85,4.55,4.7,4.35,3.75,4.5,5.35,5.1,2.75,3.15,5.15,3.75,6.8,4.4,4.95,2.5,5.05,4.85,2.9,5.35,2.55,2.95,5.4,3.4,2.95,2.85,4.15,3.9,2.6,3.95,2.85,1.65,2.05,2.6,2.1,0.8,2.15,2.4,1.65,1.75,1.5,2.2,2.25,1.7,1.05,1.9,2.05,1.9,1.25,1.1,1.6,2.55,2.4,4,5.2,1.2,3.15,3.75,2.25,2.7,1.4,1.3,3.15,1.5,1.1,2.7,2.75,2.8,0.7,1.25,1.8,1.6,0.8,0.95,0.8,3.85,0.9,0.7,1.3,0.8,1.35,1.4,0.95,1.3,1.35,0.85,1.5,1.65,1,1.05,1.5,0.65,0.9,0.5,0.45,0.25,0.9,1,0.45,0.5,0.65,0.55,0.65,0.4,0.25,0.7,0.55,0.55,0.55,0.3,0.6,3.1,3.9,3.9,4.3,1.55,4.5,6,2.6,3.2,2.3,2.25,4.85,2.95,2.1,3.2,4.4,4.55,1.4,2.2,3.25,8.5,6.1,6.7,7.2,4.6,6.65,7.95,12.7,5.75,5.05,4.65,7.05,5.55,4.35,5.45,7.9,6.4,3.8,4.95,5.7,1.45,2.2,2.35,2.05,1,2.15,2.25,1.35,3.45,1.15,1.3,1.8,1.75,1.6,1.55,2.2,2.05,1.45,2.25,1.5,1.8,1,1.25,0.95,1.5,1.05,1.1,1.15,1,2.85,2.65,1.1,2.3,2.55,0.8,1.3,1.55,1,1.5,2.7,6.95,5.7,4.65,4,6.4,7.1,6.3,4.65,5.05,10.4,12.7,6.1,10.35,8.25,6.35,6.15,6.65,5.2,6.1,9.2,2.3,3.25,2.25,2.35,1.8,3.3,3.15,1.55,1.7,1.75,2.15,4.4,2.5,1.3,1.9,2.65,2.7,1.05,1.85,2,0.8,0.5,0.4,0.35,0.55,0.6,0.4,0.35,0.7,1.35,1.35,0.5,1.65,1.4,0.35,0.6,0.8,0.85,0.9,1.35,2.1,2.65,1.9,1.2,1.85,1.85,2.05,1.45,2.9,2.95,3.5,2.5,3.75,5.95,1.65,2.3,2.45,3.15,4.75,2.95,1.9,2.1,1.95,2.4,1.35,2.45,2.4,1.8,2,1.3,1.3,2.45,1.4,1.15,4.35,2.35,2.2,0.85,1.45,1.45,5.8,5.4,6,5.45,4.1,5.6,5.85,5.8,4.75,3.8,3.75,5.9,4.1,3.25,4.6,7.85,6.5,2.8,3.45,4.05,3.8,2.85,2.7,2.35,2.5,3.15,3.2,2.75,2.55,3.5,3.3,3.3,3.6,2.75,2.2,3.65,5.3,1.55,2.4,4.35,0.4,0.5,0.35,0.4,0.25,0.4,0.45,0.3,0.45,0.35,0.45,0.65,0.5,0.7,0.4,0.4,0.35,1.55,0.55,0.4,0.75,0.75,0.7,0.6,0.85,0.65,0.6,0.4,1.9,0.95,1.35,0.75,0.95,2,0.7,0.7,0.65,1.2,2.7,1.1,5.85,3.5,2.9,3.05,3.5,3.8,3.6,3,3.4,6.15,6.25,3.95,5.7,4.85,3.45,4.5,5.25,2.25,3.85,7.35
1-212.txt_383,6.2,2.45,3,3.15,3.1,3.05,3.7,3.7,2.6,4.25,4.2,2.9,3.4,2.75,3.75,4.15,4.15,1.9,2.9,5.1,3.55,6,4.55,5.15,1.75,5.05,5.45,3.05,4.15,2.65,2.75,5.35,3.15,2.4,3.7,4.2,4.6,2.85,3.15,2.4,1.3,1.65,2.2,1.8,0.75,1.45,1.2,1.5,1.35,1,1.05,1.75,1.05,1.05,0.95,1.85,1.45,0.45,0.9,1.3,1.65,1.85,2.6,3.2,0.85,2.1,2.45,2.1,2.2,0.95,0.65,2.05,1.1,0.65,1.5,1.9,2,0.8,1.05,0.8,0.4,0.35,0.5,0.2,1.8,0.2,0.3,0.25,0.2,0.4,0.35,0.2,0.35,0.25,0.2,0.4,0.45,0.25,0.25,0.4,3.15,4,3.5,3.95,2.05,5.6,4.55,1.85,3.45,3.5,3.2,4.1,3.3,2.75,2.5,3.35,3.95,1.95,2.95,3.15,3.55,3.6,3.7,4.15,2.8,4.6,5.8,3.25,3.4,2.65,2.8,4.5,3.3,2.95,3.05,4.2,4.1,1.6,2.8,2.9,3.8,3.95,3.5,3.45,1.9,3.7,3.8,5.7,3.5,2.35,2.1,3.95,2.3,1.5,3.7,3.8,3.25,1.1,1.55,2.5,0.7,0.95,1.1,0.7,0.4,1.1,0.95,0.55,1.7,0.6,0.85,1.05,0.9,0.65,1.1,1.1,1.05,1.2,0.9,0.75,0.6,0.35,0.5,0.35,0.9,0.35,0.6,0.4,0.4,0.95,0.75,0.35,0.5,0.4,0.4,0.7,0.6,0.25,0.35,0.95,7.35,6.3,5.05,5,4.75,7.5,6.05,5.2,5.6,8.85,12.15,7.7,9.2,8.6,5,6.85,6.85,4.9,7.95,8.9,1.75,2.65,3,2.55,1.05,3,3.05,1.7,2.05,1.15,1.45,3.25,1.6,0.95,2,2.5,2.05,1.1,1.1,1.4,0.9,0.95,0.55,0.75,0.55,0.9,0.7,0.65,0.55,1.25,1.25,0.7,1.5,0.6,1,0.8,0.9,0.5,0.55,1.05,1.65,2,2,1.9,1.9,1.45,1.65,1.45,2.45,2.5,3,2.15,2.3,5.2,1.3,1.95,1.9,2.35,4.3,2.5,1.6,1.85,1.4,1.1,0.65,1.35,1.8,0.85,1.4,1.35,1.35,1.75,1.5,1.45,2.3,1.45,1.85,1.3,1.45,1.75,3.95,3.55,3.85,3.4,2.65,3.6,3.8,3.6,3.05,3.25,3.2,4.1,2.8,2.9,2.4,4.85,4.5,2.75,2.3,3.6,4.25,3.7,3.95,3.35,3.05,3.9,4.15,3.05,2.85,3.75,3.4,4.65,3.8,3.3,3.1,4.95,6.2,1.55,3.15,3.95,1.5,1.25,0.85,0.7,0.8,0.9,0.95,1.25,1.35,1.45,1.55,1.1,1.3,1.7,1.35,1.05,1.6,2.85,1.65,1.55,0.65,0.7,0.5,0.2,0.7,0.65,0.45,0.2,1.7,1.15,1.35,0.5,1.3,2.3,0.3,0.85,0.75,1.05,2.65,1.25,4.65,3.15,3,2.45,3.2,3.95,3.65,2.7,3.25,6.1,6,3.5,6.25,5.25,3.4,4.05,4.9,2.05,4,7.35
1-212.txt_385,8.5,5.05,4.85,5.45,4.65,5.55,6.4,5.6,4.7,6.05,5.45,5.75,5.6,5.2,6.05,6.45,6.5,3.35,4.65,6.35,1.3,2.25,1.1,0.8,0.65,1.45,1.1,0.85,1.6,0.75,1.05,1.45,1,1.05,0.95,1.15,1.2,0.7,1.25,0.95,1.5,2.2,2.55,2.3,0.65,1.8,2.55,1.85,1.25,1.15,1.25,2.2,1.15,0.75,1.45,1.95,1.7,0.9,0.85,1.35,1.95,1.95,3.65,4.25,1.25,2.45,3.05,1.75,2.2,1.15,1.1,2.35,1.45,1.05,2.05,2.6,2.2,0.95,1.7,1.45,0.85,0.45,0.45,0.45,2.35,0.55,0.5,0.8,0.45,0.65,0.85,0.45,0.65,0.8,0.6,0.9,1.05,0.8,0.75,0.7,0.5,0.8,0.65,0.7,0.15,0.85,0.85,0.5,0.5,0.5,0.45,1.1,0.45,0.35,0.55,0.65,0.65,0.15,0.45,0.5,3.75,4.1,4.4,5,1.55,4.55,6.1,3.45,3.8,3.05,3.3,4.9,3.15,2.6,3.9,4.4,4.55,2.15,2.8,3.5,4.05,3.75,3.8,4.2,2.2,4.2,3.5,6.5,2.85,2.55,2.45,3.5,2.5,2.55,3.85,4.2,3.75,2.1,2.1,2.7,1.75,2.5,2.25,1.5,1.15,2.75,2.25,1.7,3.4,2.25,1.9,2.55,2.25,1.95,1.05,2,2.05,1.2,2.15,2.15,1.5,1.65,0.8,0.85,0.95,1.45,1.05,0.85,1.5,3.05,2.3,1.3,2.15,2.6,0.9,1.2,1.4,2.4,1.9,2.4,5.2,4.8,3.7,3.35,4.5,4.95,4.7,3.7,3.3,6.3,9.1,5.2,7,5.9,4.5,5.1,5.5,3.1,4.5,6.45,3.95,5.15,4.95,4.65,2.55,5.25,5.75,3.4,4.15,2.7,2.95,6.8,2.65,2.3,3.9,4.7,5.3,2.3,3.35,3.15,2.55,2.3,2.3,2.1,2.3,2.25,2.2,1.55,2.3,2.5,2.85,2.1,4.3,2,1.6,2.25,2.5,1.2,2,2.9,1.1,1.05,0.7,0.7,1.05,1.15,1.15,0.45,0.9,1.95,2.3,1.2,1.9,3.7,0.7,1.1,1.65,1.6,2.3,1.95,3.2,3.05,3.95,3.5,1.95,3.05,3,3.45,3.2,2.05,2.15,3.4,2.1,1.65,3.1,4.5,3.6,1.6,1.9,2.55,4.15,3.6,4.2,3.65,2.3,3.75,3.8,2.55,3.35,4.05,3.85,3.75,3.35,3.75,2.8,4.5,5.95,2.15,3.45,3.85,1.4,2.15,1.4,0.85,0.9,1.6,1.45,1.15,3.3,2,2.7,1.95,2.65,4.35,1.6,1.7,1.65,2.9,5.05,2.25,5.8,4.6,3.9,3.5,3.85,5.5,4.4,3.35,4.25,7.7,7.15,4.5,7.5,5.85,3.9,5.7,6.6,4.45,5.35,8.65,0,0,0,0,0,0,0,0,0,0,0,0,0,0,0,0,0,0,0,0,0,0,0,0,0,0,0,0,0,0,0,0,0,0,0,0,0,0,0,0
1-212.txt_387,8.9,5.25,5,5.6,4.65,6.25,6.75,6.25,5.55,6.1,5.8,6,5.65,5.55,6.15,6.75,6.55,3.6,5.2,6.65,1.35,2.2,1.2,1,0.55,1.4,1.1,0.8,1.55,0.8,1.2,1.5,1.05,1.05,0.9,1.15,1.2,0.65,1.2,0.95,1.8,2.3,2.85,2.45,0.75,2.4,3,2,1.75,1.4,1.5,2.55,1.5,0.9,2.05,2.25,2.1,1,1.15,1.6,2.15,2.3,3.35,4,1.4,2.55,3.05,1.75,2.4,1.3,1.15,2.7,1.7,1.15,2.2,2.6,2.6,1.05,1.95,1.55,1.1,0.5,0.55,0.5,3.2,0.6,0.65,0.85,0.5,0.95,1.05,0.5,0.85,0.9,0.7,1.05,1.15,0.85,0.85,0.9,0.95,1.45,1.15,1.3,0.5,2.05,1.8,1.35,1.05,0.8,1,1.85,0.95,1.05,0.95,1.2,1.05,0.8,0.9,0.9,3.8,4,4.75,5,1.85,4.65,6,3.4,3.9,3.2,3.25,4.8,3.15,2.9,3.7,4.4,4.65,2.05,2.95,3.95,4.15,3.85,4.1,4.55,2.75,4.55,4.2,6.9,3.15,2.65,2.7,3.95,2.95,2.75,4.35,4.35,3.9,2,2.3,3.3,1.75,2.5,2.5,1.55,1.25,2.9,2.35,1.8,3.35,2.35,1.9,2.65,2.15,1.8,1.3,2.05,1.95,1.2,2.05,2.15,1.85,1.8,1,1,1.2,1.65,1.25,0.85,1.5,3.65,2.75,1.45,2.55,2.9,1.05,1.45,1.8,2.45,2.25,3.05,5.6,5.05,4.8,4.7,4.3,5.75,5.75,4.5,3.55,6.9,9.7,5.65,7.5,6.25,4.8,5.55,5.6,3.25,5,6.65,3.85,5.35,5,4.95,2.4,5.25,5.7,3.3,4.7,2.9,3,6.7,2.85,2.5,3.55,4.8,5.25,2.45,3.85,3.55,2.6,2.1,2.3,2,2.45,2.25,2.2,1.5,2.2,2.4,2.85,2.1,4.35,1.85,1.4,2.15,2.6,1.6,1.95,2.8,1.1,1.25,0.75,0.65,1.1,1.2,1.15,0.5,1.05,2,2.5,1.45,1.9,3.7,0.85,1.15,1.55,1.55,2.3,1.8,3.55,3.3,4.35,3.9,2.05,3.45,3.65,3.55,3.5,2.35,2.35,3.65,2.3,2.2,3.15,4.95,3.75,2.1,2.1,2.9,4.5,4.3,4.85,4,2.3,4.15,4.55,2.8,3.85,4.3,3.9,4.35,3.5,4.2,3.2,4.65,6.35,2.55,3.95,4,1.5,2.25,1.4,0.9,0.9,1.7,1.6,1.2,3.2,2.1,2.55,2,2.6,4.25,1.65,1.75,1.7,2.9,4.85,2.3,6.05,4.7,4.4,3.75,4.3,5.8,5.05,3.85,5,8.05,7.55,4.8,8.15,6.5,4.2,5.65,6.65,4.7,5.85,9.1,0,0,0,0,0,0,0,0,0,0,0,0,0,0,0,0,0,0,0,0,0,0,0,0,0,0,0,0,0,0,0,0,0,0,0,0,0,0,0,0
1-212.txt_389,8.8947,5.0526,4.6316,4.1579,5.2105,6.0526,5.7895,5.8947,5,6.4211,6.4211,5.4211,5.5263,5.7895,4.7895,6.4737,6.6842,4,5.1053,7.0526,1.9474,3.5263,2.3684,2,1.2105,2.9474,2.5263,1.2105,2.8421,1.5263,1.4737,3.1053,1.7895,1.3158,2.0526,2.2632,2.1579,1.8947,2.4737,1.6316,1.2632,1.7368,2.6842,2.4211,0.5263,1.6316,1.9474,1.6316,1.8947,0.8421,0.9474,1.7368,0.7895,0.8947,1.4211,1.8947,1.7368,0.3684,0.8421,1.1579,1.8421,2,3.2632,3.7895,1.3158,2.4737,2.5263,1.7368,2.4737,1.4211,1.2105,2.3158,1.7895,1.4211,1.6316,2.4211,2.4211,1,1.7895,1.6842,0.7895,0.5263,0.5789,0.3684,2.5789,0.7368,0.5789,0.5789,0.3684,0.7895,0.7895,0.5263,0.6842,0.6316,0.4211,0.7368,1,0.4211,0.4737,1,1.4211,1.9474,1.5789,1.7368,0.7368,2.3158,1.8421,1.2632,1.8421,1.1579,1.4211,2.0526,1.4211,1.1579,2,1.7368,2.1053,0.7368,1.3158,1.4737,4.5263,5.0526,5.7368,6.7895,1.8421,6.0526,7.7368,4.2632,4.7368,3.3684,3.6842,6,3.5263,3.8421,4.3684,5.3158,4.9474,4,3.3684,3.8947,4.1053,3.5789,4.2632,4.1579,1.9474,3.3158,3.6316,6.9474,3.5263,2.0526,2.0526,3.6316,2.3684,2.3158,3.1579,4.1579,3.6842,2.4211,2.6842,2.2105,2.1053,2.6842,2.1053,1.6316,1.5263,2.6842,2.2105,1.8421,3.3684,2.4211,2.1053,2.4211,2.2105,2.6316,1.5789,2.0526,2.4211,1.4211,2.5789,2.6316,1.8947,1.7368,1.7895,1.5263,1.3684,2.1053,1.8947,1.3684,1.5263,2.5263,2.0526,2,3,1.8421,1.2632,1.6842,2.1053,1.2632,1.8947,2.5263,5.9474,4.6842,3.9474,3.9474,3.7368,4.6316,4.6316,3.4737,3.6842,7.3158,9.3684,4.6842,7.6842,6.9474,4.4737,4.6842,5.6316,3.3684,5.3158,7.6316,4.3158,6.3158,5.2105,5.8421,2.7895,5.8947,6.7895,3.4737,4.3684,3.1579,3.3684,7.8947,3.6842,2.1053,4.0526,5.1053,5.3158,2.4211,3.7895,3.3158,1.3684,1.5789,1.2105,1.4211,0.8421,1.3684,1.4737,1.1053,1.5789,1.7895,1.9474,1.5789,2.5789,2.0526,0.8421,1.3158,1.4737,1,1.2105,1.7895,1.7895,1.7368,1.5263,1.1053,1.3158,1.7895,1.8421,1.3684,1.4211,3.7895,3.9474,2.1579,3.1579,4.8947,1.3158,1.5263,1.8947,2.2632,3.5263,3.0526,1.1579,1.3158,1.3158,1.5789,0.5263,1.6316,1.6842,1,1.0526,0.6316,0.8947,1.4211,1,1.2105,2,1.3158,1.1579,0.5263,0.8421,0.7368,2.8421,2.0526,2.7368,2.1053,1.3684,2.2105,2.3684,3,2.0526,1.9474,1.9474,2,1.8947,1.2632,1.7368,3.1579,2.4211,0.8947,1.2632,1.9474,3.3158,3.7368,3.5263,3.4211,1.8947,4.1053,4.2105,3.2105,3.3158,3.6842,3.8947,4.3684,3.6842,3.1053,3.2105,4.4211,5.8421,1.6316,3.3684,4.1579,0.5789,0.2105,0.4211,0.1579,0.3158,0.3158,0.2105,0.5789,0.2632,0.3684,0.6842,0.2105,0.4211,0.4737,0.1579,0.4211,0.5789,1.4737,0.6842,0.4737,1,1.2632,1.3158,0.7368,0.5263,1.0526,1.0526,0.6842,2,1.4211,1.6842,1.2632,1.5263,2.6316,0.9474,1.1053,0.8421,1.8947,3.4211,1.4737,6.1579,4.6842,4.8421,4.9474,5.8421,5.3158,5.4737,3.5263,4.6316,7.3158,6.7368,5.2632,7.5263,5.5263,3.8947,6.1053,6.6842,3.6316,5,8.4737
1-212.txt_391,7.6,3.95,4.35,4,5.35,4.35,4.45,4.45,3.6,4.25,4.8,4.75,4.45,3.4,3.9,5.55,6.15,3.8,4,5.6,3.7,6.4,5.1,4.35,1.6,5.35,5.65,3.25,4.6,2.85,3.3,6.2,3.5,2.9,4,4.2,4.05,2.6,3.05,3.35,2.35,3.3,4.8,4.75,1.05,3.65,4.4,3.05,3.45,1.55,1.5,3.55,1.6,1.3,2.15,3.4,3.2,2.15,2.15,1.85,3.05,3.45,4.4,5.65,1.5,4.05,4.75,2.9,3.5,2.15,1.9,3.7,2.6,2.45,2.4,3.9,3.65,1.2,2.15,2.1,0.9,0.25,0.35,0.25,2.5,0.3,0.4,0.7,0.3,0.45,0.6,0.5,0.55,0.5,0.45,0.9,0.65,0.65,0.35,0.7,1.65,2.05,1.65,1.5,1.35,2.65,2.2,1.25,1.8,1.55,1.65,2.45,2.1,1.25,1.5,1.8,2.2,1.3,1.2,2.1,1.2,1.6,1.9,2.4,0.45,1.95,2.6,1.55,1.9,1.05,1,1.8,0.9,0.9,1.15,1.45,1.7,0.5,0.8,1,3.6,2.6,2.85,2.9,1.8,2.8,2.8,5.5,2.25,1.3,1.5,2.4,1.85,1.7,1.9,3.15,2.65,1.6,1.65,2.05,0.75,1.1,0.95,0.65,0.8,1.4,1.25,0.8,1.45,0.8,0.65,0.95,0.9,0.8,0.9,0.9,0.9,0.9,1.35,1.05,1.95,1.8,1.7,1.45,1.35,1.95,1.65,1.6,1.75,3.75,3.25,2,2.7,2.8,1.65,2,2.1,1.15,2.15,3.25,4.35,4.15,3.65,3.25,3.55,4.5,4.35,3.4,3.95,5.95,7.15,4.65,6.05,5.25,3.05,4.25,4.5,2.9,4.35,5.8,3,4.3,3.9,3.35,1.7,3.95,4.2,2.35,3.15,3.05,2.75,4.95,3.6,2.65,3.35,3.6,3.8,2.05,2.9,3.35,2.05,1.35,1.55,0.95,2.2,2.1,1.55,1.1,1.85,2.45,2.9,1.5,3.4,2.8,2.2,1.95,1.95,1.5,1.8,2.45,2.5,2.4,1.95,2.25,1.6,2.55,2.4,1.9,2.9,3.65,4.3,2.6,3.45,6.55,2.05,2.3,2.5,2.85,4.7,3.2,3.3,2.9,3.3,3.7,1.65,3.55,4.2,2.35,2.6,3.05,3.05,3.65,2.9,2,7.25,3.6,3.8,1.25,1.95,3.4,7.3,6.65,8.25,7.5,5.25,7.75,8.45,7.15,6.4,4.7,4.4,7.15,5.8,5.05,5.35,9.6,7.8,4.1,5.35,5.05,4.35,5.5,4.55,4.65,2.9,4.75,4.8,3.85,4.75,4.95,5.1,4.9,4.85,4.25,4.2,5.6,7.25,3.75,4,5.1,0.45,0.45,0.3,0.15,0.25,0.5,0.3,0.3,0.6,0.35,0.45,0.4,0.35,0.65,0.15,0.45,0.65,1.35,0.9,0.4,2.4,1.9,1.9,1.05,1.5,2.15,1.55,2.15,3.2,2.6,2.9,2.05,2.85,4.35,1.35,2.2,2.35,2.9,5.25,2.7,7.2,4.5,4.65,4.05,5.35,5.1,5,5.1,4.5,9.65,9.3,4.85,8.5,7.35,4.3,6.05,6.65,3.65,5.1,10
1-212.txt_393,4.8,3.4,3.1,3.05,2.4,3.55,3.8,3.35,3.3,3.35,2.65,3.55,2.65,2,2.75,3.6,4.15,2.05,2.35,3.25,2.8,5.35,3.9,2.8,2.15,4.1,4.05,2.85,3.5,2.85,2.75,4.85,3.05,2.25,2.3,3.45,3.5,1.8,2.5,2.6,2.35,2.5,3.45,2.95,0.9,2.25,2.55,1.7,2.5,1.2,1.05,2.65,1.65,1.4,1.35,2.85,2.6,0.85,1.55,1.5,2.9,3.4,4.4,5.55,1.4,4,5.35,2.85,2.45,2.1,1.8,3.55,1.9,1.65,3.3,3.35,3.45,2.05,2.2,2.55,1.05,0.95,1.15,0.85,2.75,0.95,0.95,0.9,0.7,0.85,0.9,1.05,1.1,0.55,0.95,1.15,1.25,0.5,0.6,1.05,3.65,4.6,4.4,4.45,2,6.05,5.35,3.4,4.05,2.75,3.2,5.2,3.1,2.25,2.6,4,3.45,3.05,3.05,3.25,1.55,2.25,2.15,1.9,0.8,1.95,2.95,1.3,2.05,1.25,1.4,2.55,1.75,1.35,1.25,2.05,2.1,0.85,1.85,1.55,5.35,3.8,4.2,4.1,2.7,3.75,4.2,6.6,3.65,2.5,2.95,3.8,2.75,2.65,3.6,4.6,3.95,3.85,3.2,3.15,1.35,1.75,1.7,1.8,1.05,2.1,2.2,1.65,2.5,1.4,1.25,1.85,1.65,1.35,1.15,1.45,1.45,0.8,1.65,1.4,1,0.95,0.75,0.95,1.15,0.9,0.95,0.8,1,1.8,1.35,1.05,1.4,1.35,0.5,1,1.3,0.5,1,1.5,6.7,5.5,4.25,4.2,6.9,5.9,4.9,4.35,5.9,9.75,11.9,5.95,9.9,9.15,4.45,5.55,6.6,4.5,7.35,8.85,0.7,0.55,0.6,0.6,0.35,0.65,0.45,1.05,0.55,0.5,0.5,0.65,0.5,0.6,0.65,0.75,0.65,0.3,0.35,0.6,1,1.05,0.65,0.65,0.7,1.5,1.05,0.75,1.25,1.5,1.6,1.05,2.35,1.65,0.6,0.75,1.2,0.8,1.35,1.6,2.45,2.15,2.15,2,1.9,2.2,2.25,1.55,3.4,4.1,4.1,2.15,3.7,6.95,1.25,2.25,2.95,3.35,6.25,3.6,4.7,4.55,4.35,4.95,2.7,5.2,4.8,3.15,3.75,3.8,4.65,5.3,4.75,3.85,9.15,5,4.4,2.45,3,4.9,5.2,3.85,4.4,4.2,4.9,4.2,4.45,4.25,3.55,3.9,3.95,4.65,3.85,3.15,3.6,6.3,6.25,2.35,3.1,4.65,3.75,3.65,3.4,3.85,2.3,3.5,3.8,2.55,3.85,3.75,3.5,4.15,3.65,3.25,3.55,4.1,5.35,2.05,2.9,3.95,1.85,1.95,1.3,1.2,1.85,1.95,1.4,1.25,1.25,2.1,2.1,1.9,1.95,1.9,1.7,1.9,2.35,4.8,1.85,1.75,0.45,0.65,0.65,0.3,0.25,0.55,0.4,0.55,0.45,0.6,0.55,0.55,0.75,0.8,0.4,0.35,0.5,0.45,1.2,0.55,3.65,2.3,2.05,2,2.15,2.55,2.6,2.1,1.7,4.65,4.4,2.45,3.85,3.25,2.5,3.15,3.3,2.15,2.65,5.55
1-212.txt_395,5.7,3.1,3.05,3.25,3.3,3,3.5,3.4,3.25,3.6,3.35,3.75,3.4,3,2.85,4.3,4.45,2.55,2.75,4.2,1.65,2.75,1.65,1.6,1.15,2.1,1.95,1.6,1.9,1.7,1.8,2.05,1.8,1.7,1.55,1.9,1.85,1.95,1.85,1.7,3.3,4,5.2,4.85,1.75,3.95,4.75,4.05,3.65,2.8,3.05,4.45,2.85,2.65,3.3,3.95,3.55,2.25,3.1,2.7,2.4,2.15,3.15,4.2,1.1,2.75,3.55,2.1,1.95,1.75,1.7,2.4,1.45,1.25,2.25,2.75,2.25,1.25,1.45,1.8,0.4,0.15,0.2,0.15,1.8,0.2,0.15,0.3,0.15,0.3,0.3,0.15,0.3,0.25,0.2,0.4,0.55,0.25,0.4,0.45,3.8,3.75,4.5,4.15,2,5.85,4.7,2.8,3.4,2.7,3.2,4.15,3.15,2.4,3.75,4.25,4.2,1.9,2.55,3.1,4.3,4.6,5.25,6.65,1.9,5.95,7.8,4.1,4.7,2.35,2.45,5.85,3.15,2,3.85,4.95,4.7,2,3.05,3.05,3.75,2.7,2.8,2.5,1.6,2.5,2.3,5.35,3.05,1.55,1.8,2.35,2.05,2.5,2.45,3.45,2.75,1.65,1.95,2.4,1.45,1.65,2.35,2.05,0.65,2.35,2,1.15,2.05,0.75,0.95,2.1,1.35,0.55,1.65,1.55,1.5,0.8,1,0.75,4.35,4,3,3.2,2.95,4.25,4.15,3,3.15,6.1,4.65,4.15,4.8,3.9,3.6,4,5.35,2.65,3.95,5.7,6.05,5.85,4.3,4.4,4.95,5.7,5.45,3.85,4.7,8.75,11.2,5.95,9.25,8.15,5.2,4.8,6.9,4.45,6.5,8.9,2.05,3.65,2.7,2.4,1.8,3,2.9,1.8,2.55,2.65,2.75,4.1,3.15,2.15,2.65,2.65,3.25,2.4,2.35,2.35,0.65,0.4,0.5,0.25,0.75,0.55,0.35,0.3,0.35,0.65,0.8,0.4,1.45,0.7,0.3,0.45,0.55,0.4,0.45,0.9,3.1,2.9,2.35,2.6,3.95,2.25,2.5,2.25,3.7,4.35,4.85,2.55,4.5,7.6,2.35,2.8,3.75,3.55,5.8,4.2,2.55,2.2,2.15,2.3,1.55,2.9,2.3,1.85,1.65,1.75,2.2,2.85,2,1.9,4.8,2.4,2.35,1.25,1.4,1.9,3.05,2.75,2.95,3,1.75,2.8,3,3.25,2.45,2.35,1.9,3.05,2.25,2.5,1.95,3.6,3.35,1.7,1.9,2.35,4.45,5.6,5.4,4.5,3.55,4.85,5.2,4.3,5.15,4.7,4.55,5.5,4.3,3.45,3.75,5.95,7.15,2.8,3.65,5.05,0.85,1.2,0.8,0.5,0.95,0.9,0.85,0.65,0.8,1.45,1.1,1.1,1.25,1,0.5,0.9,1.25,2.75,1.1,1.1,2.05,2.15,2.15,1.55,1.9,1.6,1.85,1.55,3.35,2.95,3.05,2.15,2.75,4.55,1.5,2.05,1.95,2.25,5.3,2.75,2.8,1.4,1.35,1.6,1.95,2.15,2.05,1.6,2.6,3.9,3.35,2.25,3.4,3.25,1.75,2,2.6,1.5,3,4.4
1-212.txt_397,3.95,2,1.95,2.25,2.3,2.05,2.55,2.45,2.15,2.3,2.25,2.5,1.95,2,1.65,2.55,2.8,1.4,1.75,2.5,0.95,2,1.25,1.2,0.55,1.5,1.4,1.1,1.4,0.8,0.85,1.45,1.15,0.75,1.05,1.25,1.1,1.05,0.95,1.05,3.3,3.5,4.35,4.1,1.9,3.5,4.1,3.7,3.3,2.7,2.75,4.2,2.85,1.9,2.95,3.75,3.6,2.25,2.9,2.7,2.3,2.35,3.6,4.3,0.95,2.7,3.6,2.3,1.7,1.35,1.35,2.65,1.25,0.9,1.65,2.7,2.25,1.15,1.3,1.75,0.4,0.15,0.2,0.15,1.8,0.15,0.1,0.2,0.15,0.45,0.3,0.15,0.3,0.25,0.2,0.4,0.5,0.6,0.25,0.5,4.25,4.35,4.75,5.05,2.85,6.7,5.3,3.75,4.15,3.1,3.45,4.85,3.7,2.3,3.6,4.8,4.4,3.15,3,3.7,3.4,3.4,3.65,4.55,1.65,4.35,5.5,2.85,3.15,1.5,1.85,4.45,2.25,2.3,3.25,3.9,3.85,1.75,2.7,2.3,4.2,2.9,2.95,2.7,1.95,2.65,2.65,5.85,3.2,2.15,2.25,2.55,2.4,2.95,2.5,3.85,3.1,2.1,2.4,2.55,1.8,2,2.4,2.25,0.95,2.55,2.5,1.55,2.45,1.1,1.4,2.05,1.5,1.4,2.2,2.05,1.75,1.2,1.4,1,3.85,4.1,3.5,3.35,2.75,4.2,4.45,3.2,3.5,5.9,4.8,4.55,4.7,4.3,3.55,4.05,4.4,2.75,4.25,5.45,6.2,6,4.25,4.4,5.65,5.95,5.2,3.65,4.8,9.4,11.7,5.9,10.05,8.65,5,5.3,6.9,4.7,6.8,9.3,2.85,5.15,4,3.9,1.85,4.2,4,2.65,3.5,3.2,3.1,5.75,3.35,2.65,3.55,3.7,3.85,2.1,2.9,2.6,1,0.75,0.8,0.55,1.45,0.9,0.7,0.55,0.75,1.7,1.7,0.9,2.65,1.45,0.5,0.85,1.2,0.95,1,1.7,3.05,2.65,2.55,2.4,2.95,2.1,2.45,1.95,3.25,3.7,4.45,2.2,3.9,6.7,1.75,2.75,3.35,2.9,5.1,3.4,3.65,3.4,3.6,3.9,2.25,4.5,3.7,2.85,3,3.05,3.25,4.15,3.2,2.85,6.55,3.75,3.55,2.75,2.7,3,2.1,2.15,2,1.9,1.2,1.85,1.95,2.1,1.65,1.65,1.1,2.25,1.55,1.25,1.5,2.3,2.55,1.05,1,1.7,4.55,4.85,4.75,4.1,3.5,4.1,4.7,3.7,4.8,4.5,4.15,4.7,4.2,3.5,3.9,5.4,7.3,2.65,3.15,5.45,0.95,1.1,0.9,0.45,0.95,0.85,0.9,0.7,0.6,1.35,1.05,1.1,1.25,1.05,0.45,0.95,1.3,2.8,1.05,1.1,2.25,2.3,2.05,1.9,1.9,2.1,2.4,1.9,3.95,3.15,3.1,2.65,3.1,4.75,2.1,2.65,2.25,2.75,6,3,3.45,1.85,1.9,1.8,2.5,2.25,2.4,1.9,2.75,4,3.65,1.95,3.2,3.3,1.85,2.9,3.4,1.75,3.1,4.75
1-212.txt_399,5.05,2.35,2.2,2.45,3.3,2.35,2.65,2.9,2.45,3.25,2.65,3.05,2.85,2.6,2.25,3.35,3.55,1.75,2.2,3.6,1.75,3.55,2.1,2,1.15,2.35,2.35,1.95,2,2.05,1.9,2.35,2,1.9,1.7,2.15,2.3,2.1,2,2.05,3.05,4.25,5.35,4.75,2.4,3.9,4.65,3.55,4.2,2.4,3.05,4.7,2.95,2.9,3.65,4.2,3.75,1.6,3.35,2.45,2.65,2.85,4.15,5.05,1.2,3.6,4.65,2.55,2.25,1.95,1.95,3.2,1.9,1.35,2.4,3.25,2.7,1.65,1.75,2.2,0.8,0.35,0.35,0.45,2.4,0.35,0.45,0.35,0.3,0.7,0.7,0.5,0.55,0.4,0.35,0.65,1,1.3,0.5,0.75,4.3,4.45,5,5.45,2.4,6.95,5.3,3.9,4.35,2.6,3.3,4.9,3.5,2.6,4,4.75,4.55,2.1,2.55,3.45,3.25,3.45,3.5,4.65,1.2,4.5,5.95,2.8,3.6,1.7,2,4.15,2.55,2.05,3.05,3.65,3.6,1.5,2.7,2.2,3.9,2.3,2.8,2.4,1.85,2.55,2.3,5.4,3.1,1.55,1.9,2.4,1.9,2.55,2.3,3.45,2.7,1.7,2.15,2.45,0.55,0.55,0.95,0.8,0.2,1,0.95,0.4,0.75,0.4,0.4,0.8,0.6,0.4,0.45,0.65,0.7,0.25,0.6,0.35,3.15,3,2.45,2.45,2.5,2.9,3,2.35,1.8,4.95,3.65,3.35,3.95,3.1,2.75,3.4,3.9,2.2,3.3,4.65,6.85,6.65,4.95,4.4,5.7,6.55,6.1,4.8,5.6,9.8,11.65,6.7,9.55,8.3,5.8,5.7,7.2,5.1,6.7,9.75,2.45,4.05,3.25,2.7,1.7,3.4,3.1,2.15,2.5,2.7,3.1,4.8,3.1,2.15,2.75,2.9,3.45,2.5,2.5,2.4,0.65,0.4,0.45,0.4,0.65,0.55,0.45,0.3,0.4,0.75,0.75,0.45,1.4,0.7,0.35,0.45,0.55,0.4,0.45,0.9,3.5,3.35,2.85,3.4,3.75,2.9,3.2,2.55,3.95,4.3,5.15,3,4.6,7.8,2.6,3.3,3.95,3.95,5.9,4,3.35,3,3.3,3.7,2.05,4.05,3.2,2.65,2.7,2.8,2.8,3.95,2.85,2.5,6.2,3.45,3.5,2.15,2.15,2.7,3.65,3,3.3,3.25,2.25,2.8,3.1,3.6,2.9,2.85,2.25,3.3,2.1,2.6,1.95,3.95,3.6,1.7,1.9,2.55,4,4.7,4.45,4.3,3.05,4.1,4.65,2.95,4.55,4.05,3.85,4.75,3.65,3.2,3.4,5.25,6.8,2.5,3.15,4.75,0.35,0.45,0.35,0.15,0.25,0.4,0.3,0.35,0.4,0.6,0.45,0.45,0.7,0.6,0.15,0.35,0.4,1.6,0.65,0.5,2.05,2,2.1,1.65,1.75,1.85,1.95,1.7,3.15,2.9,3,2,2.95,4.45,1.7,2.15,2,2.25,5.25,2.9,3.6,1.8,1.85,1.7,2.55,2.75,2.65,2.3,2.95,4.65,4.25,2.5,3.65,3.75,2.1,3.1,3.45,1.7,3.35,5.35
1-212.txt_401,5.55,2,2.25,2.4,3.9,2.35,2.85,3.55,2.45,3.95,3.8,2.5,3.45,3.65,3.2,3.5,3.95,1.9,3.25,4.65,2.65,4.6,3.7,3.7,1.7,3.65,4.05,1.95,3.75,2.35,2.85,4.95,2.7,2.5,2.6,3.15,3.4,2.45,2.95,3.05,1.7,2.1,2.45,2.55,0.9,2.25,2.45,1.8,1.7,1.35,1.1,2.1,1.15,1.05,1.75,2,2.1,0.6,1.2,1.45,2.7,3.25,4.9,4.95,1.6,3.55,4.35,2.75,3.1,1.95,1.8,3.95,1.8,1.55,2.6,3.55,3.4,1.3,1.45,1.95,0.7,0.25,0.5,0.25,2.5,0.3,0.25,0.3,0.55,0.6,0.75,0.3,0.8,0.6,0.25,0.8,0.8,0.7,0.45,0.65,2.9,3.7,3.6,3.7,1.6,5.45,4.6,2,3.7,2.85,2.5,4.65,3,1.7,3.75,3.45,3.5,2.45,2.45,2.55,3.8,4.75,5.8,6.6,1.75,6,8,3.65,4.1,2.85,2.7,6,3.15,2.2,3.5,4.8,4.9,1.7,3.2,3.15,4.55,4.05,5.2,5.15,2.55,4.15,4.8,8.35,3.2,1.75,2.05,4.1,2.1,2.25,3.05,4.95,3.55,2.35,2.2,2.45,0.75,0.5,0.6,0.35,0.65,0.6,0.35,0.35,0.8,1.65,1.15,0.7,1.25,1.2,0.3,0.7,1,0.45,0.8,1.25,5.6,4.45,3.1,3.05,3.85,4.2,4,3.5,4.3,8.2,10.4,3.85,8.15,7.7,3.6,4.95,6.1,4.45,6.3,8.1,1.8,3.05,2,1.65,0.8,2.45,2.45,1.5,2.55,1.75,2.05,3.35,2.25,1.35,1.25,2.05,2.45,0.95,1.8,2.25,0.55,0.7,0.3,0.3,0.65,0.6,0.55,0.3,0.35,0.65,0.8,0.45,1.35,0.65,0.3,0.5,0.7,0.35,0.4,0.7,1.65,1.2,0.8,0.65,1.05,1.15,0.85,0.9,1.7,2.5,2.3,0.95,1.7,3.6,0.6,1.25,1.35,2.25,2.85,2.05,1.3,1.2,1.35,1.9,0.5,1.45,1.5,1,0.85,1,1.55,1.25,1.3,1.1,3.25,1.45,1.1,0.85,1.15,1.25,3.3,3.65,3.3,2.75,1.95,3.25,3.55,2.3,2.65,3.15,3.1,3.65,3.1,2.9,3.3,4.3,4.45,1.25,2.75,3.5,4.6,4,3.65,3.05,2.8,4.25,3.75,3,3.6,3.9,3.35,4.1,3.6,3.75,2.95,4.95,5.95,2.9,3.15,4.55,0.7,1.15,0.85,0.95,0.4,1.15,1.05,0.75,0.85,0.95,1,1.15,1.25,1.05,0.6,0.9,0.95,2.35,1.4,0.95,0.6,1.1,0.85,0.65,0.75,0.8,0.65,0.45,1.95,1,1.1,0.8,1.1,2.4,0.3,0.75,0.9,1.05,2.75,0.85,4.05,3.15,2.5,2,2.65,3.1,2.85,2.3,3.25,5.85,5.2,2.85,5,5.05,2.55,2.9,4.2,2.25,3.75,6.2,0,0,0,0,0,0,0,0,0,0,0,0,0,0,0,0,0,0,0,0
1-212.txt_403,4.95,2.55,2.4,2.25,3.05,2.95,2.75,3.25,2.75,3.75,3.15,3.05,2.9,2.95,2.15,3.5,3.7,2.65,3.1,4.05,0.75,1.75,0.8,0.7,0.35,1,1.05,0.85,1.15,0.7,0.6,0.95,0.6,0.55,0.75,0.75,0.8,0.85,0.7,0.75,3.05,3.25,4.2,3.85,1.8,3,2.95,3.25,2.95,2.4,2.2,3.35,2.55,2.05,2.55,3.75,3.65,1.7,2.55,2.3,3.65,3.9,4.95,6.2,1.95,4.55,5.5,4,3.85,2.6,2.85,4.3,2.65,2.45,3.45,4.1,3.6,1.9,2.45,3.05,0.4,0.15,0.2,0.15,1.8,0.2,0.35,0.35,0.2,0.3,0.4,0.2,0.3,0.2,0.2,0.4,0.55,0.2,0.2,0.4,3.55,4.5,4.75,4.85,2.2,6.3,5.55,3.5,4.2,2.55,2.85,4.75,3.1,2.85,3.35,4.6,3.85,2.9,3.3,3,3.9,3.85,3.9,4.3,2.05,4.95,6,2.85,3.4,2.45,2.7,4.15,3.3,1.85,3.6,4.1,4.15,1.95,2.35,3.05,3.7,2.1,2.85,2.45,1.9,2.6,2.35,5.35,2.8,1.85,2.1,2.25,2,2.65,1.9,3.75,2.8,1.9,1.85,2.2,0.85,1,1.3,1.05,0.6,1.35,1.25,0.7,1.15,0.65,0.7,1.3,1.05,0.5,0.8,0.95,1.25,0.65,0.7,0.8,3.8,4.45,3.1,3.1,3,3.8,4.25,2.5,2.85,6.05,4.95,4.5,4.85,4.1,2.9,3.35,4.65,2.45,3.7,5.3,6.75,6.5,4.7,5,5.2,5.9,5.65,4.1,5.3,9.25,11.9,6.45,9.35,8.9,5.7,5.6,6.6,4.65,6.75,8.8,3.25,4.95,3.95,3.6,2,4,3.65,2.5,3.15,3.45,3.5,5.8,3.85,2.85,3.1,3.4,3.9,1.85,2.95,3.15,0.6,0.4,0.45,0.3,0.7,0.6,0.5,0.3,0.4,0.7,0.8,0.5,1.4,0.65,0.45,0.45,0.5,0.4,0.45,0.9,2.6,2.2,1.65,2,2.3,1.8,2.2,1.35,3,3.8,4.1,1.8,3.75,6.15,1.3,2.4,3.1,3.45,5,3.35,3.2,3.15,3.25,3.4,1.85,4,3.55,2.65,2.85,2.2,2.95,3.85,2.65,2.2,6.4,3.8,3.3,1.65,1.95,2.4,1.7,1.6,1.85,1.7,0.85,1.45,1.4,1.85,1.35,1.4,1.2,1.7,1.3,1.6,1.3,2.25,1.8,0.9,1.2,1.25,4.1,4.45,4.35,4.5,2.9,4.15,4.75,3.4,4.1,4.3,3.7,4.95,3.8,3,4.15,5.4,6.7,2.5,3.4,4.5,1.1,1.65,1.2,1,1.15,1.45,1.2,0.85,0.95,1.65,1.3,1.5,1.5,1.2,0.85,1.35,1.75,3.25,1.35,1.5,2.3,2.25,2.3,1.75,2.55,1.85,1.65,1.8,3.7,3,3.2,2.4,2.8,5.05,1.85,2.35,2.25,2.7,6.2,2.65,4.15,1.9,2.7,2.3,2.65,2.7,2.9,2.95,2.25,4.2,4.05,2.3,3.9,2.85,2.1,3.3,3.65,1.9,2.45,5.35
1-212.txt_405,8.6,4.15,4.4,3.7,6,4.8,4.6,5.15,3.35,6.3,6.7,4.25,5.7,5.7,5.05,6.3,6.25,3.3,4.55,7.25,2.25,3.85,2.6,2.3,1.3,3.15,3.1,2.35,3,1.65,1.65,3,1.65,1.5,1.65,2.55,2.65,1.25,1.75,1.95,1.75,2.65,3.85,2.8,1.15,2.65,2.9,1.95,2.4,1.3,1.3,2.6,1.55,0.95,1.9,2.7,2.35,1,1.15,1.05,1,1,1.4,1.3,0.3,1.1,1.3,0.8,0.95,0.5,0.35,1.25,0.9,0.45,0.6,1.2,1,0.25,0.75,0.6,0.75,0.3,0.4,0.3,2.55,0.3,0.25,0.45,0.3,0.6,0.6,0.3,0.6,0.45,0.35,0.8,0.7,0.7,0.45,0.65,3.85,5.3,4.25,4.75,1.95,7.05,5.9,3.05,5.25,3.45,3.4,5.45,4.3,3.1,3.65,4.55,4.6,2.55,3.75,3.85,5.7,6.55,7.6,9.15,2.7,8.3,10.9,4.9,5.65,4.65,4.6,7.85,4.65,3.5,5.5,6.75,6.65,3.65,4.65,5.3,5.1,4.15,5.6,5.4,2.95,3.7,4.55,9.05,3.05,2.3,2.55,3.95,2.65,2.6,3.8,5.05,4.45,2.55,2.2,3.15,1.95,2.3,2.4,2.75,0.8,2.15,2.45,1.45,3.05,1.65,1.8,2.55,2.05,1.65,1.75,2.4,2.1,1.45,1.9,1.7,2.2,2.2,1.4,1.05,1.7,1.8,1.7,1.05,1.8,3.8,3.05,2.1,3.65,3,0.95,2.1,2.9,1.5,2.6,3.75,6.5,5.3,4.6,3.85,5.55,5.75,5.05,4.3,4.95,9.15,12.25,5.4,9.45,8.2,4.85,6.2,7.15,5.6,6.05,9.3,5.1,8.4,6.35,6.15,3.3,7.45,7.25,4.55,6.6,4.85,4.6,10.15,5.4,3.55,5.1,6.15,6.45,3.6,5.3,5.5,1.6,1.4,1.3,0.9,1.1,1.3,1.25,1.35,1.5,1.85,2.4,1.65,2.85,2.15,1.15,1.3,1.35,1.9,2.6,1.75,2.85,1.95,2.15,1.75,2.3,2.35,1.85,1.95,3.35,4.15,4.05,1.95,4.2,6.35,1.3,2.4,2.75,2.5,4.7,3.7,3.75,3.1,4.05,4.35,2.55,4,4.1,2.8,2.85,3.65,3.9,4.1,3.75,3.75,7.95,4.25,4.2,2.1,3.05,3.85,4.65,3.15,3.6,3.4,2.85,3.6,3.35,3.5,3.2,2.9,3.05,3.7,3.2,2.9,3.15,5.7,4.05,2.55,2.85,3.15,3.9,4.6,4,3.4,2.8,3.9,4.05,2.9,4.3,3.7,3.6,4.5,3.3,3.6,3.45,4.45,6.6,2.35,3.6,4.35,0.35,0.3,0.15,0.15,0.35,0.35,0.25,0.35,0.35,0.3,0.4,0.25,0.45,0.7,0.15,0.25,0.35,1.85,0.9,0.25,0.4,0.95,0.45,0.55,0.5,0.85,0.55,0.25,1.35,0.85,0.8,0.55,0.75,1.75,0.25,0.65,0.7,1.15,1.95,0.7,3.65,2.5,2.95,2.3,2.85,2.75,2.55,2.3,3,5.4,4.4,2.35,4.7,4.2,2.4,3.05,3.8,2.1,3.45,5.5
1-212.txt_407,7.6667,3.7222,4,3.2222,3.3889,3.8889,4.1667,4.5,3.5556,3.7778,3.7222,4.3333,3.5556,3.0556,3.2222,5.5,4.5556,2.2778,3.1667,4.5556,2.1667,4.7222,2.6667,2.8333,1.0556,3,2.7222,1.7222,2.6111,1.8333,1.7222,3.6111,2,1.5556,1.3889,2.5556,2.5556,1.8333,1.8333,2.6667,0.8889,0.7778,1.7222,0.9444,0.5,1,0.9444,0.6111,1.0556,0.5556,0.6111,0.9444,1,0.5556,1.1111,0.8889,1.2222,0.4444,0.6111,0.7778,2.7778,3.3889,6.6111,7.8889,2.4444,3.8333,4.8889,3.6111,3.2778,2.1111,1.7222,4.1667,2.0556,1.9444,3.3889,4.0556,3.2778,2.1111,3.1111,2.0556,1,1.3889,1.8889,1.3333,0.5,2.1667,1.6111,0.7222,1.0556,0.5556,0.6111,1.4444,0.8333,0.6667,0.7778,1.2778,1.1667,0.6111,1.2778,0.7778,4.5556,4.7222,6.3889,5.6667,2.2222,5.6111,7.8333,3.7778,3.9444,2.5556,2.6111,5.1111,3.1667,2.3333,5,6.1111,5.0556,2.1667,3.3889,3,3.5,2.6667,4.7222,4.1111,2.7778,3.2222,3.0556,7.2222,3.2778,1.3889,1.8889,3.2778,2,2.1111,2.1667,3.5,2.6111,2.5,2.5,1.8333,0.7778,0.6111,1.1111,0.5556,0.5,0.9444,0.6667,0.6667,1.3889,1.1111,0.6667,0.9444,0.7222,0.6111,0.5,0.8889,1.2778,0.4444,0.8889,1.3889,1.5556,0.9444,1.2222,0.8889,1.0556,1.3889,0.9444,1.3333,0.7778,3.0556,2.2778,0.9444,2,1.7222,1,1.8333,2,0.8333,1.2778,2.5556,3.1667,2.4444,2.4444,2.1667,3.3333,2.8889,2.5,1.6111,2.5556,5.1111,6.6667,2.6111,5.1111,5.8889,1.7778,3,3.3333,2.7222,4.7222,4.7778,4.5,6.7222,5.5556,4.9444,3,5.4444,5.7778,3.6667,5,3.8333,3.1111,8.6111,4.2778,3.2778,3.8889,5.4444,5.7222,2.8333,4.3889,4.1111,1.2222,1.0556,0.7778,0.8889,0.8333,1.1111,0.8889,0.6667,1.0556,1.3333,1.6111,1.0556,2.3889,1.3889,0.7222,1.2778,1.1667,0.7778,1,1.2778,1.8333,1.6111,1.7778,1.5,1.3333,1.9444,1.6667,1.1111,2.0556,2.5556,2.7222,2,2.6667,4.5,1.6667,2.2222,2.2222,2.0556,3.6111,2.2778,3.8333,3.2222,3.2778,4.0556,3.6111,3.5556,3.6667,3.3333,2.7222,2.5556,2.8333,3.4444,3.1667,2.3889,7.6667,3.5,3.2778,1.8889,2.1667,3.0556,3.6111,2.7222,3.4444,2.8889,2.4444,3,3.0556,2.8889,3.0556,2.2778,1.9444,3.3333,2.2778,2.1667,2.8333,4.9444,3.6667,1.6667,2.5,2.2778,2.5,2.3333,2.8889,2.2778,1.9444,2.4444,2.7778,2.4444,2.3333,2.4444,2.2778,2.7778,2.0556,1.7222,2.3333,2.9444,4.1667,1.9444,1.7222,2.7778,1.0556,1.1667,1.2222,0.8889,1,1.1667,1.2222,1,1.0556,1.0556,1.2778,0.8889,1.5,2.1111,0.6667,1,1.2222,5.1667,2.5,1.2778,2.3333,2.2222,1.8889,1.7222,1.7222,2.2222,2.4444,1.2778,3.8889,2.8333,2.7222,2.3333,2.5556,5.0556,1.6111,2.2778,2.4444,4.0556,7.2778,3.1111,4.1111,2.6667,3.2222,2.2778,2.6667,3.7222,2.7778,3.1667,2.8889,5.3333,4.5,3.2778,4.7778,3.8333,2.8333,3.3889,5,2.9444,3.4444,6.8889,0,0,0,0,0,0,0,0,0,0,0,0,0,0,0,0,0,0,0,0
1-212.txt_409,6.7368,3.1053,3.3158,3.4211,3.9474,3.7368,3.7895,4.6842,3.3158,3.7895,4.1053,3.7368,3.6842,3.2632,3.8421,5.1579,4.3158,2.3158,3.3158,4.3684,2.5789,4.7895,2.8421,2.4737,1.7895,3.1053,3.1053,3.1053,2.2105,2.3158,2.4211,3.1579,2.7895,2.3684,2.3158,3,3.0526,1.8421,2.7368,2.3684,3.4737,4.2632,5.7895,4.5263,2.4211,3.8947,4.4211,3.3158,4.2105,2.7368,2.7368,4.1579,3.1579,2.6842,3.1579,4.1053,3.7895,2.1053,2.6316,2.4737,3.7895,3.4737,4.1579,6,2.2105,4,4.6842,3.5789,3.7895,2.3684,2.4737,3.3684,2.4737,2.1579,3.5263,4,3.8947,2.2632,2.6316,2.6842,1.6316,0.7895,0.8947,0.7368,3.0526,1,0.7895,0.8947,0.8421,1,1.1053,0.8947,1,0.8947,0.8421,1.3158,1.3158,0.8947,0.8947,1.2105,4.7895,5.4211,5.1053,5.2632,3.4737,8.3684,5.8947,5.1579,4.5263,4,4.4211,5.7368,4.5789,3.3158,4.5789,5.2105,4.7895,3.5263,3.7895,4.2632,4,3.8421,3.8421,5.1579,2.3158,5,6.6316,4,4.0526,2.6316,2.7895,4.2105,2.8421,2.3684,3.3684,3.8947,3.6842,2.3158,2.7895,3.1053,3.7368,3.5263,3.9474,3.3684,2.7368,3.8947,3.8421,6.8421,3.3684,2.9474,3.1579,3.7895,2.9474,2.8947,3.3684,4.1579,3.6316,3.2105,2.8421,3.1579,2.0526,2,1.8421,1.7895,1.5789,1.9474,1.8947,2.1579,3.2632,1.7895,1.5789,2,1.9474,1.5789,2.2105,2.2632,1.7368,1.6316,1.6842,1.8421,4.1579,4.4737,3.5789,3.4211,3.3684,4.6316,4.3684,3,4.1579,5.7895,5.2105,4.8947,4.7895,5.2632,4.1053,4.6316,5.5789,3,4.2632,5.4737,8.2632,6.7368,6.3158,5.7895,5.7895,7.3684,7.4211,5.6316,6.1053,9.3158,12.2105,7.0526,9.7895,7.3158,5.7368,7.1579,7.4211,5.2105,6.8947,9.3158,4.3684,6.1579,4.5789,5,2.6842,5.7368,5.8421,4.1053,4.2632,3.9474,4.6842,7.3684,5.2105,3.8421,4.9474,4.9474,5.2632,3.7368,3.4737,4.0526,3.3684,2.8421,2.2105,1.8947,2.6316,2.8421,2.8947,2.1579,2.2632,4.7368,4.5789,3,6.2105,4.4737,2.4211,2.8421,3.3684,2.8947,3.3684,4.7368,6.3158,5.1053,4.8421,4.6316,5.1579,5.5789,5.1579,5.1579,5.5263,7.6316,8.1053,5.3158,8.3158,11.7895,4.8947,6.1579,6.5789,6.4211,8.3158,7.7895,2.2105,2.1053,2.5263,2.6842,1.6842,2.6842,2.7368,2,2,1.7368,1.8947,2.6842,1.9474,1.4737,3.8421,2.3158,1.9474,1.4211,1.8947,1.8421,5.3158,5.6842,5.6316,6,3.5263,5.7895,5.9474,4.9474,5.3684,4.3684,4.1579,6,4.5789,4.4737,5.5263,7,5.5789,3.4211,4.8421,4.6842,4.1579,4.2105,4.6842,4.3158,3.2105,3.8947,4.3684,3.2632,3.3158,3.8421,3.6842,4.1579,3.4211,3.1579,3.6316,5.5263,7.2632,2.8421,3.2632,4.6316,0.7368,0.8947,0.5789,0.5263,0.5789,0.7368,0.8947,0.6316,0.6316,0.7895,0.8421,0.8947,0.8947,1.0526,0.5789,0.7368,0.6842,2.5789,1.0526,0.7368,3.7368,4.1579,4.1579,3.6316,3.7368,4,4.2105,3.1053,5.7895,4.1053,4.5263,4.2105,4.5263,5.9474,3.3684,4.1053,4.2632,4.8421,7.9474,4.5263,4.1053,3.0526,3.6316,3.6316,3.7368,3.0526,3.4211,2.7895,3.8421,5.4211,5.0526,3.3158,4.4737,4.6316,3.2105,3.4211,4.4737,3.0526,4.4211,6.1053
1-212.txt_411,19.4444,9.9444,9.5556,9,11.5,10.1111,10.0556,11.5,8.3889,10.0556,10.1667,10,10.3333,8.1111,8.9444,14.1667,12.8333,5.6667,7.6667,12.2778,2.1667,3.8889,2.2778,2,1.2778,2.6111,2.5556,1.5556,1.8333,1.8333,2,3.3333,2.0556,1.4444,1.7222,2.4444,2.5,1.1667,1.7222,2.1111,4.4444,6,12.0556,6.4444,3.3333,6.1667,6.0556,5.7222,6.6667,3,3.1667,6.2222,4.0556,3.3333,4,7,6.3889,3.2778,4.5556,3.6111,4.6667,4.2778,8.8333,12.3889,3.2778,5.8889,7.3333,5.0556,5.2222,2.6667,2.2222,5.4444,2.8889,2.6667,5.2222,6.3889,5.3889,1.5556,2.8333,2.9444,1.4444,1.3333,0.8889,0.8333,3.7222,1.1111,1,1.3889,1.1667,1.3333,1.4444,0.9444,1.5556,1.2778,0.8333,1.2778,1.2222,1.3333,1.2222,1.3333,4.6667,6.2222,6.3889,5.3889,2.3333,9.3889,6.8333,4.1111,5.8889,2.7778,3.0556,6.7778,4.3889,2.6667,4.5,5.4444,4.9444,2.8333,4.3889,3.1667,4.8889,4.8889,5.1667,5.6667,2.5,6.2222,8.8889,3.3333,4.8889,2.7222,3.1111,5.6667,4.1111,2.5556,4.3889,5.1111,4.5,2.2778,3.5,3.6111,4.7778,3.6667,4.8889,4.8333,3.2222,4,3.9444,9.4444,3.5556,1.7778,2,4,2.7778,2.5556,3.8889,4.8889,3.3333,3.1667,2.7222,2.5556,1.6111,1.8333,2.3333,1.8333,1.0556,2.0556,1.9444,1.6667,4.1111,0.9444,0.9444,1.6667,1.3333,1.5,1.2778,1.7222,1.5,1.2222,2.3333,1,6.7778,4.3889,4.2778,4.2778,5.7222,5,4.9444,2.9444,4.3333,12.6111,10,4.7778,9,8,3.9444,5.5556,7.3889,4.4444,7.1111,11.2778,5.9444,4.5556,3.3333,3.1667,5.9444,5,4.1667,2.7222,3.7778,10.3333,12,5.4444,9.3333,8.6667,4.4444,5.1111,6.5,6.3333,7.2222,9.2222,9.2222,12.2222,9.2222,8.8333,5.3333,10.5556,10.9444,6.9444,7.8889,6.4444,6.7778,15.6111,8.1667,5.2778,7.3333,10.3333,9.1667,4.6111,7.8889,7.9444,1.8333,1.7778,1.7778,1.1111,1.7222,2.1667,1.4444,1.0556,1.8889,2.5556,3.0556,1.7778,4.2778,2.1667,1.8333,1.8333,2.0556,1.6667,1.7778,2.6667,2.2222,1.7222,2.0556,1.6667,2.1667,1.7778,1.8889,1.8889,2.8333,3.5556,3.6111,1.7222,3.8889,7.3889,1.1667,2.2778,2.5,3.9444,5.6667,3.1667,5.4444,4.5556,4.6111,5.1667,4.1111,5.3889,5.8333,4.3889,4.5556,3.6111,3.4444,5.2778,4.5556,3.8889,12.8889,5.1111,4.8889,2.7222,4.7778,4.4444,12.6667,9.5556,13.5,11.5,8.5,11,11.1111,10.5556,9.5556,6.9444,6.9444,11.4444,8.5,7.1667,9.8333,18.1111,12.7222,5.1111,7.7222,7.7778,8.3889,6.8333,8.2778,7.3333,7.1111,7.5556,7.6111,5.8889,6.3333,7.3889,7,7.4444,7,5.4444,7.0556,10.4444,14.7778,6.3333,6.5,8.6667,1.0556,1.2778,1.2778,0.8889,0.9444,1.1111,1.0556,1.0556,1.0556,1.2222,1.5556,1.2778,1.3333,2.5556,0.7778,0.9444,1.0556,5.0556,2.4444,1.2222,2.9444,2.8333,3.1111,2,2.8889,3.3333,2.9444,1.8889,5.7222,4.1111,4.3889,3.0556,4.0556,7,2.2222,3.2222,3.6111,5.1667,9.8889,4.2778,6.7778,4.5,3.7778,3.7222,5.2222,5,4.3889,3.7778,4,10.5556,8.1111,4.8333,8.2778,7,4.3333,5.5,6.9444,3.7222,6.3889,12.1111
1-212.txt_413,8.25,5.5,5.25,4.7,4,6.2,5.95,6.05,5.25,5.95,6.05,5.85,5.2,5.6,5.3,6,6.4,3.6,5.5,6.6,2.05,3.55,2.25,2.25,1,2.8,2.75,1.3,2.4,2.05,2,3.5,2.05,2.15,1.7,2.75,2.75,1.65,2.3,2.25,4.1,4.2,6.55,8,1.75,5.3,6.5,4.5,4.5,2.3,2.3,5.2,2.5,1.75,3.45,5.1,4.75,1.55,2.65,2.85,0.75,0.4,0.65,0.6,2.4,0.5,0.65,0.45,0.35,0.7,0.55,0.6,0.7,0.5,0.5,0.8,0.9,0.55,0.4,0.7,1.3,1.75,1.5,1.45,0.6,2.45,2.1,0.75,1.05,1.2,1.35,2.25,1.85,1,1.45,1.45,1.85,1.6,1.5,1.4,3.05,3.75,3.95,4.55,1.95,4.15,5.55,2.65,3.6,2.4,2.25,3.9,2.3,2,2.85,3.8,3.75,1.55,2.45,2.45,3.65,3.6,4.1,3.6,1.85,3.75,3.5,6.55,3.4,1.7,1.8,3.2,2.25,2.1,3.05,3.45,3,1.85,2,2.2,0.7,1.05,1.05,0.9,0.6,1.2,1.3,0.45,1.3,0.7,0.55,1.5,0.8,0.3,0.9,1.1,0.95,0.25,0.65,0.95,0.8,0.35,0.5,0.25,0.9,0.35,0.6,0.25,0.35,1.5,1.35,0.35,1.25,1.1,0.45,0.75,0.95,0.45,1.1,1.45,5,5.2,3.85,3.85,4.15,4.55,4.15,3.95,4.2,6.35,7.9,5.1,6.35,6.2,4.25,5.1,5.1,3.45,4.9,6,2,3.35,3,2.95,0.85,3.5,3.4,2,2.2,1.6,1.65,4,1.85,1.4,2.1,2.3,2.2,1.95,1.95,1.15,1.8,1.65,2.2,1.2,1.05,1.6,1.5,1.15,1.3,2.1,2.3,1.65,3.3,2.1,0.9,1.7,1.85,1.1,1.35,2.2,1.8,1.95,1.4,1.4,1.1,2,1.8,1.45,2.8,2.95,3.2,2,2.8,5.3,1.4,1.45,2,2.4,4.3,2.75,2.6,2.9,2.8,2.9,1.45,3,3.05,1.85,2.9,1.75,2.45,3.2,2.4,1.65,4.45,2.95,3.1,1.5,1.85,2.2,4.95,3.95,4.55,4.7,3.4,4.9,5.05,3.8,4.05,3.95,3.3,4.7,3.8,3,4.05,6.5,5.8,2.15,3.9,4.45,1.85,2.55,2.05,2.4,1.1,2.1,2,1.7,2.3,2.2,1.95,2.2,2.1,2.05,1.45,2.2,3.35,0.8,1.8,2.1,0.55,0.25,0.3,0.25,0.5,0.55,0.25,0.4,0.3,0.3,0.55,0.35,0.4,0.7,0.35,0.4,0.4,1.55,0.7,0.35,2.1,1.85,1.9,1.35,2.55,1.95,1.9,1.5,2.95,2.25,2.65,1.8,2.3,3.5,1.45,2.1,1.9,2.1,4.35,2.5,6.85,4.25,4.15,3.7,4.55,4.5,4.7,4.55,4.6,8.95,8.55,4.6,7.95,7.1,3.8,5.15,7.05,4,5.15,9.85,0,0,0,0,0,0,0,0,0,0,0,0,0,0,0,0,0,0,0,0
1-212.txt_415,3.25,1.55,1.6,1.35,2.3,2,1.9,2.1,2.2,2.2,2.55,1.85,2.25,2.95,1.6,2.45,2.45,1.5,2.6,2.4,2.3,3.4,1.9,2.35,1.25,3.05,2.9,1.8,3,2.45,2.5,3.4,2.1,2.2,2.45,2.55,2.8,1.15,2.85,2.35,3.95,4.8,6.15,4.25,1.95,4.65,4.75,3.9,4.3,2.75,3.1,4.95,3.5,2.35,2.3,4.25,4.15,2.15,3.05,3.1,3.7,4.15,5.35,7.3,2.1,4.65,5.55,3.35,3.35,3.25,2.35,5.15,3.4,1.85,3.5,4.65,4.9,1.65,2.35,3.9,0.85,0.2,0.45,0.2,2.45,0.75,0.25,0.35,0.25,0.75,0.65,0.3,0.5,0.5,0.4,0.7,0.75,0.55,0.35,0.85,1.75,1.95,2.1,2.6,0.75,2.8,2.65,1.4,2.3,1.25,1.05,2.35,1.55,1.35,1.5,2.3,2.1,1.6,1.25,1.25,3.6,4.7,4.3,5.05,1.6,5.4,5.95,3.6,4.25,2.3,2.6,5.5,2.6,2.35,3.55,4.15,4.15,2.7,2.85,2.75,3.5,2.95,4.1,3.4,1.4,2.75,3.05,5.75,3,1.75,1.9,2.9,2.05,1.95,2.85,3.55,2.9,1.55,2.4,2.15,1.15,1.65,1.35,1.4,1.05,1.95,1.9,1.1,2.35,1.4,1.4,1.7,1.6,1,1.9,1.7,1.85,0.95,1.25,1.65,3.8,2.65,2.05,2.2,3.15,3.45,2.9,2.05,2.6,7.1,5.9,2.95,5.55,5.55,2.5,3.15,3.95,2,4.05,6.35,5,3.2,2.1,1.9,2.9,3.55,3.05,2.8,3.45,7.25,8.2,2.7,6.55,7.5,2.3,3.55,3.9,3.6,5.35,6.3,5.05,7.75,6.1,6.65,2.3,8.05,8.55,4.65,6.15,4.3,4,9,4.55,3.05,5.5,6.1,6.1,2.8,3.45,4.4,1.45,1.4,0.75,0.8,0.85,1.25,1.1,1.15,0.8,1.9,2.35,1.15,3,1.75,1.05,1.25,1.35,0.7,1.1,1.9,1.7,0.95,1.2,0.7,1.3,1.15,0.9,0.85,1.4,2.2,2.2,0.95,2.15,3.3,0.65,1.6,2.05,1.15,2.3,2.4,0.45,0.55,0.75,0.85,0.2,0.7,0.85,0.3,0.75,0.45,0.55,0.7,0.3,0.2,0.95,0.65,0.9,0.15,0.55,0.55,3.5,3.2,4,3.95,2.3,2.75,3.35,2.65,2.85,2.3,2.9,3.35,2.2,2.4,3.5,4.65,4.05,1.45,2.45,3.15,1.4,1.85,1.8,1.35,1.5,1.85,1.85,1.15,1.65,1.75,1.8,1.8,2.05,1.75,1.55,2,2.75,1.1,1.45,1.9,0.45,0.45,0.4,0.15,0.25,0.45,0.45,0.25,0.25,0.5,0.6,0.4,0.4,0.65,0.55,0.3,0.4,1.5,0.75,0.45,1.85,1.95,1.6,1.3,1.45,2,1.95,1.1,2.15,2.35,2.3,2,2.4,3,1.15,2.55,2.05,2.2,3.55,2.7,3.3,2.65,2.25,1.95,2.1,2.55,2.7,1.45,2.1,3.85,3.75,2.7,3.75,2.8,1.7,2.6,3.3,2.15,2.5,4.5
1-212.txt_417,4.5,1.5,1.8333,1.6667,1.7222,1.7222,1.8333,2.4444,2,1.9444,1.9444,2,1.7222,1.6667,1.5,2.8333,2.3333,1.0556,1.6667,2.6111,2.7222,5.0556,3.7778,2.9444,1.3889,3.2778,2.9444,1.7778,2.6111,1.8333,2.0556,3.6111,2.3333,1.5556,1.7222,3.5556,3.5556,2.0556,2.1667,2.4444,2.7222,3.5556,5.6667,4.1667,1.3889,3,3.5556,2.7778,3.1667,2.1667,1.7222,3.6667,2.2222,2.0556,3.3889,3.1667,2.7778,1.5,2.6111,2,2.6667,2.6667,5.5,6.8889,2,3.5,4.6667,2.5556,2.8333,1.3889,1.3889,3.4444,1.6111,1.5,3.2778,3.7222,3.0556,1,1.8333,1.6667,0.6111,0.6667,0.5,0.4444,0.8889,0.5,0.5,0.7222,0.3889,0.5,0.3889,0.8889,0.3333,0.2222,0.3333,0.8333,0.6111,0.2222,0.3333,0.3333,1.1667,1.5,2.1111,1.6111,0.7222,2.6667,1.8889,1.1667,1.3333,0.7222,0.7778,1.4444,1.1111,1.3333,1,1.7222,1.5556,0.8333,1.7222,0.8333,3.8333,3.7222,5,4.8889,1.5556,5.1111,6.4444,3.2778,3.2222,2.1111,1.8333,4.5556,2.4444,1.7778,3.8333,4.5556,3.7222,1.4444,2.4444,2.3333,2.8333,2.1111,3.6667,3.2222,2.7778,2.6111,2.3333,6.2778,2.2222,1.5556,2.3333,2.2778,2.3889,2.1111,1.8333,2.9444,2.3333,2.1111,2.5,1.9444,0.6667,0.6667,1.1111,0.5556,0.4444,0.9444,0.6667,0.4444,1.3333,0.8889,0.6111,0.9444,0.6111,0.7778,0.4444,1,1.5,0.3889,0.8333,1.2778,3.7222,2.2222,2.8333,2.7778,2.9444,3,2.7222,2.2778,2.3333,6.3333,4.4444,2.6667,4.3333,3.4444,2.3333,3.5556,4.6667,2.3333,3.2222,5.7222,2.6111,2,1.4444,1.2222,2.8889,1.6667,1.5,1.2222,1.8333,4.7222,6.0556,1.6667,4.7778,5.3889,1.3889,2.8333,3.3333,2.2778,3.8889,4.3333,3.7778,5.3333,3.7778,3.2778,2.1667,4.2778,4.5556,2.7222,3.7222,3.3333,3.1111,7,3.5,3.2222,3.8889,4.0556,4.8333,2.6111,4.4444,3.3889,1.3333,1.1667,0.8333,0.6111,0.7222,1.2222,0.8889,0.6111,1,1.3889,1.3889,1.0556,2.2778,1.2778,1,1.1111,1.0556,0.6667,1.1111,1.4444,1,0.7222,0.6111,0.6111,0.7222,0.7222,0.6667,0.5556,1.1667,1.3889,1.5556,1.0556,1.5,2.3333,0.7778,0.9444,0.8333,1.0556,1.9444,1.2778,4.1667,3.7222,3.7222,4.3889,3.3889,4.0556,4.3333,3.6111,3.1111,2.5,2.6111,4.2222,2.8889,2.9444,7.8333,3.9444,3.3889,2,3.3889,2.9444,3.2778,2.3333,3.9444,3.1667,2.5556,3.1667,3.3333,2.5556,3,2.4444,1.9444,3.2222,2.1111,1.9444,2.8333,4.8333,3.8889,1.7778,2.1111,2.6111,2.6111,2.2778,3.2778,2.2222,3,3.1111,2.6667,3.1111,2.7778,2.4444,2.3333,2.8333,2.6111,2.0556,1.7778,3.1667,4.3889,1.8333,1.9444,2.8889,1,1.2222,1.1667,0.5556,0.9444,1.1111,1.1111,0.8889,1.0556,1,1.3889,1,1.3333,2.1667,0.5,0.9444,1.0556,5.1667,2.5556,1.3333,2.4444,2.2778,2.4444,2.1111,1.7778,2.6667,2.3889,1.3889,4.5,3.1111,3,2.5,2.7222,5.4444,1.6667,2.5556,3.0556,3.9444,7.9444,3.1111,3.3333,2.3333,2.5556,2,1.8333,3.0556,2.1111,1.7778,2.3889,4.3889,3.3889,2.8333,4.0556,2.3889,2.6111,2.6111,3,2.7222,2.2222,5.4444
1-212.txt_419,3.9444,1.1667,1.5556,1.2778,1.3333,1.5,1.6111,2.1111,1.7222,1.7222,1.6111,1.6667,1.4444,1.6111,1.1667,2.3889,2,0.8889,1.6667,2.2222,2.1667,4.0556,2.9444,2.1667,1.5,2.6111,2.3889,1.2778,1.5556,1.6667,1.7222,2.9444,1.8333,1.2222,1.2222,2.6111,2.7778,1.7222,1.7222,2.1111,2.1667,2.5,4.6111,3.1111,1.8889,2.3333,2.7222,2.0556,2.6111,1.7778,1.5556,2.6667,2.0556,1.8889,2.2222,2.6111,2.1667,1.2222,2.3889,1.6667,3.5556,3.6667,6.1667,8.0556,1.6111,4.3889,5.8333,3,3.2778,1.6111,1.8333,4.1111,2,1.6111,4.3333,4.4444,3.5,1.1111,2.1667,1.8889,1.1667,1.5,1.8889,1.3889,0.7222,2.5556,1.7778,1.1667,1.3333,0.8333,0.8333,1.4444,1.0556,1.5,0.8889,1.5556,1.5,0.9444,2.0556,0.9444,3.7778,3.3333,4.8333,4.3333,1.5,4.6111,5.8889,3.1667,2.9444,1.7778,1.4444,4.2222,2.2778,1.3333,3.3333,4.4444,3.6111,1.1667,2.1111,2.0556,3.2222,2.1111,4.0556,3.2778,2.9444,2.7222,2.6667,6.9444,2.5556,1.5556,2.3333,2.7222,2.3333,2.3333,1.9444,3.1111,2.7222,2.2778,2.5556,2.0556,0.6667,0.6667,1.1111,0.5556,0.4444,1.0556,0.6667,0.4444,1.2778,0.8889,0.6111,0.9444,0.6111,0.7222,0.4444,1,1.5556,0.3333,0.7778,1.2222,3.7222,2.5,2.8333,2.8333,2.8333,2.9444,2.6667,2.6111,2.6667,6.0556,4.3889,2.6667,4.1111,3.5,2.2222,3.5,4.7222,2.6667,3.2778,5.3889,2.7778,2.1111,1.5,1.2222,3.0556,1.8333,1.5556,1.3889,1.8889,5.1667,6.5,1.8889,5.1667,5.7222,1.5,2.9444,3.3889,2.5,4.0556,4.7778,4.1667,6,4.6667,3.9444,2.4444,5.0556,5.3333,3.3333,4.5,3.7222,3.3333,8,4.3333,3.6667,4.2778,4.7778,5.5556,2.7778,4.7778,3.8889,1.2778,1.1667,0.8333,0.5556,0.7222,1.1667,0.8333,0.5556,1,1.5,1.3889,1.0556,2.1667,1.4444,0.6111,1.1111,1,0.7222,1.5,1.5,1.1667,0.7222,0.6111,0.6111,0.6667,0.7222,0.6667,0.8333,1.1111,1.3889,1.5556,1,1.5,2.3333,0.7778,1,1,1.0556,1.8889,1.2778,4.2222,3.6667,3.7222,4.3333,4.2222,4,4.2778,3.5,3,2.8889,2.7222,4.0556,2.9444,3,7.8333,4.0556,3.5556,2.1667,3.2778,3.1667,3.9444,3.2778,4.0556,3.6111,3.2222,3.7222,3.7222,3.3889,3.6111,2.8889,2.1111,4.1111,2.5556,2.0556,3.0556,5.5556,4.3889,1.8889,2.3333,3.0556,2.1667,2.1667,2.6111,1.8333,2.5556,2.7222,2.6111,2.2222,2.3333,2.3333,2.1111,3.0556,2.3333,1.7222,2.3333,2.6111,4.0556,1.5,1.6111,2.4444,1,1.2222,1.1111,0.5556,0.8889,1.1111,1.1667,0.9444,1.1111,1,1.3333,1.2222,1.3333,2.1667,0.5,0.9444,1.0556,5.1667,2.6667,1.2222,2.2778,2.2778,2.4444,2.1667,1.6667,2.5556,2.5,1.4444,4.7222,3.5,3,2.6111,2.7778,5.5,1.7778,2.4444,3.0556,3.8333,7.7778,3.1667,3.2778,2.3333,2.7778,2.2778,1.8889,3.0556,2.2222,1.6111,2.2222,4.3889,3.5,2.8889,4.2778,2.5,2.6667,2.6667,2.8333,2.1667,2.1667,5.6111,0,0,0,0,0,0,0,0,0,0,0,0,0,0,0,0,0,0,0,0
1-212.txt_421,10.2857,3.8571,2.5714,2.5714,5.1429,3.8571,3.8571,5.1429,2.5714,3.8571,3.8571,3.8571,3.8571,2.5714,3.8571,6.4286,5.1429,2.5714,2.5714,5.1429,0.8571,1.7143,4.2857,2.1429,0.4286,1.7143,1.7143,1.7143,2.1429,0.4286,0.4286,1.7143,0.8571,0.4286,0.8571,2.1429,1.7143,0,0.8571,0.4286,1.2857,1.2857,3.2143,6.4286,0.6429,2.5714,3.2143,1.9286,1.9286,0.6429,0,1.9286,0.6429,0.6429,1.9286,2.5714,1.9286,0,0.6429,0.6429,0.5714,0.1429,0.1429,0.1429,1.7143,0.1429,0,0.2857,0.1429,0.4286,0.4286,0.1429,0.4286,0.2857,0.1429,0.4286,0.4286,0.2857,0.2857,0.4286,1.2857,2.1429,1.7143,1.7143,0.4286,3.8571,2.5714,0.8571,1.7143,0.4286,0.8571,2.1429,1.7143,0.4286,1.2857,1.7143,1.2857,0.8571,1.2857,0.8571,3.4286,4.5714,4.5714,5.7143,0,6.8571,10.2857,2.2857,4.5714,1.1429,1.1429,5.7143,2.2857,1.1429,3.4286,4.5714,3.4286,1.1429,2.2857,2.2857,4.5714,2.2857,4.5714,3.4286,2.2857,2.2857,2.2857,11.4286,2.2857,0,0,2.2857,1.1429,1.1429,2.2857,4.5714,2.2857,2.2857,1.1429,1.1429,1.9286,0.6429,0.6429,0.6429,1.9286,0.6429,0.6429,0,0.6429,5.1429,3.8571,0.6429,3.2143,2.5714,0.6429,1.2857,1.9286,0.6429,1.9286,4.5,3,2,1,0,3,2,1,0,1,6,8,2,6,4,1,2,3,2,3,5,4.9286,9.8571,6.5714,4.9286,1.6429,8.2143,8.2143,3.2857,4.9286,1.6429,3.2857,13.1429,4.9286,1.6429,4.9286,6.5714,4.9286,1.6429,3.2857,3.2857,0.5714,0.2857,0.2857,0.2857,0.5714,0.2857,0.2857,0.2857,0.8571,1.1429,1.1429,0.2857,1.1429,2.8571,0,0.5714,0.5714,1.4286,2,0.8571,0.6429,0.4286,0.4286,0.6429,0.2143,0.6429,0.6429,0.4286,0.4286,0.2143,0.2143,0.6429,0.4286,0,2.3571,0.6429,0.6429,0,0.2143,0.4286,5.7143,3.4286,5.7143,4.5714,3.4286,4.5714,4.5714,4.5714,3.4286,2.2857,2.2857,4.5714,3.4286,2.2857,3.4286,9.1429,5.7143,1.1429,2.2857,2.2857,5.4286,4.0714,5.4286,4.0714,4.0714,4.0714,4.0714,2.7143,2.7143,4.0714,4.0714,4.0714,4.0714,2.7143,4.0714,6.7857,10.8571,2.7143,2.7143,5.4286,0.4286,0.4286,0.4286,0.2143,0.4286,0.6429,0.4286,0.2143,1.2857,0.6429,0.6429,0.4286,0.6429,1.5,0.2143,0.4286,0.4286,1.2857,2.3571,0.6429,3.1429,1.5714,0.7857,0.7857,2.3571,1.5714,1.5714,0.7857,0.7857,5.5,3.9286,1.5714,3.9286,2.3571,1.5714,1.5714,3.1429,0.7857,2.3571,6.2857,0,0,0,0,0,0,0,0,0,0,0,0,0,0,0,0,0,0,0,0,0,0,0,0,0,0,0,0,0,0,0,0,0,0,0,0,0,0,0,0,0,0,0,0,0,0,0,0,0,0,0,0,0,0,0,0,0,0,0,0,0,0,0,0,0,0,0,0,0,0,0,0,0,0,0,0,0,0,0,0
1-212.txt_423,6.2857,2.3571,1.5714,1.5714,3.1429,2.3571,2.3571,3.1429,1.5714,2.3571,2.3571,2.3571,2.3571,1.5714,2.3571,3.9286,3.1429,0.7857,1.5714,3.1429,0.4286,1.2857,0.5714,0.2857,0.1429,0.7143,0.5714,0.2857,0.5714,0.1429,0.2857,0.8571,0.4286,0.1429,0.2857,0.4286,0.4286,0.1429,0.2857,0.1429,1.2857,2.5714,6.4286,3.2143,0.6429,2.5714,2.5714,2.5714,3.2143,0.6429,0.6429,2.5714,1.2857,0.6429,1.2857,3.2143,2.5714,0,1.2857,0.6429,0.7143,0.7143,1.7857,3.5714,0.3571,1.4286,2.1429,1.0714,1.0714,0.3571,0,1.0714,0.3571,0.3571,1.0714,1.4286,1.0714,0,0.3571,0.3571,0.5714,0.1429,0.1429,0.1429,1.8571,0.1429,0,0.2857,0.1429,0.4286,0.4286,0.1429,0.4286,0.2857,0.1429,0.4286,0.4286,0.2857,0.2857,0.4286,1.5,2.5,2,2,0.5,4.5,3,1,2,0.5,1,2.5,2,0.5,1.5,2,1.5,1,1.5,1,1.7143,2.2857,2.2857,3.4286,0,3.4286,5.1429,1.1429,2.2857,0.5714,0.5714,2.8571,1.1429,0.5714,1.7143,2.2857,1.7143,0.5714,1.1429,1.1429,3.4286,1.7143,3.4286,2.5714,1.7143,1.7143,1.7143,8.5714,1.7143,0,0,1.7143,0.8571,0.8571,1.7143,3.4286,1.7143,1.7143,0.8571,0.8571,0.2857,0.5714,0.7143,0.4286,0.1429,0.5714,0.5714,0.2857,1.7143,0.1429,0.1429,0.4286,0.2857,0.4286,0.2857,0.4286,0.2857,0.2857,0.8571,0.1429,2.1429,0.7143,0.7143,0.7143,2.1429,0.7143,0.7143,0,0.7143,5.7143,4.2857,0.7143,3.5714,2.8571,0.7143,1.4286,2.1429,0.7143,2.1429,5,2.1429,1.4286,0.7143,0,2.1429,1.4286,0.7143,0,0.7143,4.2857,5.7143,1.4286,4.2857,2.8571,0.7143,1.4286,2.1429,1.4286,2.1429,3.5714,2.5714,5.1429,3.4286,2.5714,0.8571,4.2857,4.2857,1.7143,2.5714,0.8571,1.7143,6.8571,2.5714,0.8571,2.5714,3.4286,2.5714,0.8571,1.7143,1.7143,1.0714,1.0714,0.7143,0.3571,1.0714,1.4286,0.7143,0.3571,0.7143,1.7857,2.1429,1.0714,3.2143,1.4286,0.7143,1.0714,1.0714,1.0714,1.0714,1.7857,1.5,1,1,1.5,0.5,1.5,1.5,1,1,0.5,0.5,1.5,1,0,5.5,1.5,1.5,0,0.5,1,3.5714,2.1429,3.5714,2.8571,2.1429,2.8571,2.8571,2.8571,2.1429,1.4286,1.4286,2.8571,2.1429,1.4286,2.1429,5.7143,3.5714,0.7143,1.4286,1.4286,4.5714,3.4286,4.5714,3.4286,3.4286,3.4286,3.4286,2.2857,2.2857,3.4286,3.4286,3.4286,3.4286,2.2857,3.4286,5.7143,10.2857,2.2857,2.2857,4.5714,0.2143,0.2143,0,0,0.4286,0.4286,0.2143,0.4286,0.4286,0.2143,0.4286,0.2143,0.6429,1.0714,0,0.2143,0.4286,3,1.2857,0.2143,0.2857,0.2857,0.2857,0.1429,0.2857,0.4286,0.2857,0.1429,0.8571,0.4286,0.4286,0.2857,0.4286,1,0.1429,0.2857,0.2857,0.8571,1.5714,0.4286,2.5714,0.6429,0.6429,0.6429,1.9286,1.2857,1.2857,0.6429,0.6429,4.5,3.2143,1.2857,3.2143,1.9286,1.2857,1.2857,2.5714,0.6429,1.9286,5.1429,0,0,0,0,0,0,0,0,0,0,0,0,0,0,0,0,0,0,0,0
