#name,V1,V2,V3,V4,V5,V6,V7,V8,V9,V10,V11,V12,V13,V14,V15,V16,V17,V18,V19,V20,V21,V22,V23,V24,V25,V26,V27,V28,V29,V30,V31,V32,V33,V34,V35,V36,V37,V38,V39,V40,V41,V42,V43,V44,V45,V46,V47,V48,V49,V50,V51,V52,V53,V54,V55,V56,V57,V58,V59,V60,V61,V62,V63,V64,V65,V66,V67,V68,V69,V70,V71,V72,V73,V74,V75,V76,V77,V78,V79,V80,V81,V82,V83,V84,V85,V86,V87,V88,V89,V90,V91,V92,V93,V94,V95,V96,V97,V98,V99,V100,V101,V102,V103,V104,V105,V106,V107,V108,V109,V110,V111,V112,V113,V114,V115,V116,V117,V118,V119,V120,V121,V122,V123,V124,V125,V126,V127,V128,V129,V130,V131,V132,V133,V134,V135,V136,V137,V138,V139,V140,V141,V142,V143,V144,V145,V146,V147,V148,V149,V150,V151,V152,V153,V154,V155,V156,V157,V158,V159,V160,V161,V162,V163,V164,V165,V166,V167,V168,V169,V170,V171,V172,V173,V174,V175,V176,V177,V178,V179,V180,V181,V182,V183,V184,V185,V186,V187,V188,V189,V190,V191,V192,V193,V194,V195,V196,V197,V198,V199,V200,V201,V202,V203,V204,V205,V206,V207,V208,V209,V210,V211,V212,V213,V214,V215,V216,V217,V218,V219,V220,V221,V222,V223,V224,V225,V226,V227,V228,V229,V230,V231,V232,V233,V234,V235,V236,V237,V238,V239,V240,V241,V242,V243,V244,V245,V246,V247,V248,V249,V250,V251,V252,V253,V254,V255,V256,V257,V258,V259,V260,V261,V262,V263,V264,V265,V266,V267,V268,V269,V270,V271,V272,V273,V274,V275,V276,V277,V278,V279,V280,V281,V282,V283,V284,V285,V286,V287,V288,V289,V290,V291,V292,V293,V294,V295,V296,V297,V298,V299,V300,V301,V302,V303,V304,V305,V306,V307,V308,V309,V310,V311,V312,V313,V314,V315,V316,V317,V318,V319,V320,V321,V322,V323,V324,V325,V326,V327,V328,V329,V330,V331,V332,V333,V334,V335,V336,V337,V338,V339,V340,V341,V342,V343,V344,V345,V346,V347,V348,V349,V350,V351,V352,V353,V354,V355,V356,V357,V358,V359,V360,V361,V362,V363,V364,V365,V366,V367,V368,V369,V370,V371,V372,V373,V374,V375,V376,V377,V378,V379,V380,V381,V382,V383,V384,V385,V386,V387,V388,V389,V390,V391,V392,V393,V394,V395,V396,V397,V398,V399,V400
1-212.txt_1,0.855,0.115,0.185,0.233,0.241,0.206,0.299,0.397,0.21,0.255,0.32,0.212,0.19,0.225,0.219,0.577,0.434,0.063,0.218,0.522,0.355,0.887,0.555,0.28,0.049,0.484,0.263,0.074,0.233,0.177,0.204,0.613,0.274,0.137,0.218,0.553,0.394,0.044,0.283,0.25,0.348,0.369,0.943,0.639,0.123,0.333,0.41,0.356,0.405,0.059,0.062,0.474,0.134,0.033,0.355,0.444,0.417,0.018,0.132,0.062,0.159,0.326,0.783,0.833,0.021,0.379,0.547,0.1,0.136,0.174,0.098,0.367,0.064,0.027,0.15,0.546,0.435,0.016,0.077,0.164,0.31,0.389,0.5,0.083,0.982,0.083,0.464,0.625,0.464,0.389,0.5,0.083,0.5,0.31,0.047,0.384,0.119,0.047,0.389,0.274,0.424,0.458,0.376,0.382,0.242,0.777,0.589,0.266,0.179,0.161,0.075,0.469,0.19,0.215,0.357,0.322,0.297,0.182,0.472,0.154,0.265,0.369,0.334,0.614,0.189,0.534,0.846,0.208,0.23,0.078,0.14,0.444,0.126,0.184,0.213,0.292,0.252,0.149,0.256,0.207,0.62,0.056,0.294,0.314,0.167,0.176,0.13,0.909,0.056,0.104,0.151,0.197,0.075,0.175,0.063,0.434,0.143,0.127,0.11,0.111,0.196,0.595,0.66,0.101,0.018,0.492,0.405,0.04,0.887,0.204,0.083,0.384,0.083,0.292,0.455,0.576,0.482,0.271,0.537,0.324,0.236,0.108,0.049,0.278,0.084,0.182,0.167,0.116,0.043,0.838,0.586,0.148,0.521,0.54,0.128,0.213,0.389,0.046,0.196,0.839,0.285,0.112,0.116,0.068,0.165,0.18,0.16,0.042,0.194,0.624,0.838,0.192,0.539,0.502,0.109,0.226,0.274,0.274,0.397,0.632,0.25,0.587,0.349,0.426,0.17,0.413,0.56,0.264,0.218,0.163,0.169,0.82,0.165,0.141,0.177,0.425,0.347,0.031,0.241,0.14,0.269,0.269,0.119,0.047,0.269,0.5,0.119,0.047,0.119,0.731,0.881,0.269,0.993,0.5,0.119,0.269,0.269,0.269,0.269,0.731,0.197,0.142,0.307,0.066,0.071,0.205,0.319,0.05,0.132,0.39,0.373,0.167,0.465,0.892,0.302,0.298,0.428,0.284,0.803,0.41,0.265,0.292,0.203,0.362,0.04,0.248,0.353,0.396,0.16,0.267,0.233,0.414,0.222,0.238,0.911,0.32,0.479,0.04,0.216,0.257,0.361,0.388,0.48,0.217,0.079,0.463,0.254,0.395,0.516,0.314,0.159,0.315,0.394,0.057,0.079,0.842,0.614,0.177,0.066,0.307,0.46,0.183,0.458,0.284,0.289,0.429,0.269,0.155,0.308,0.205,0.16,0.333,0.09,0.173,0.142,0.677,0.864,0.029,0.147,0.316,0.044,0.12,0.205,0.022,0.03,0.064,0.124,0.03,0.036,0.132,0.273,0.214,0.243,0.506,0.016,0.124,0.05,1,0.805,0.291,0.228,0.281,0.244,0.181,0.178,0.159,0.257,0.032,0.506,0.337,0.335,0.199,0.243,0.586,0.153,0.228,0.266,0.272,0.902,0.402,0.367,0.145,0.19,0.104,0.121,0.283,0.159,0.158,0.18,0.558,0.42,0.288,0.369,0.314,0.182,0.305,0.461,0.06,0.328,0.84
1-212.txt_3,0.965,0.169,0.189,0.15,0.254,0.229,0.229,0.503,0.11,0.18,0.231,0.249,0.301,0.082,0.278,0.713,0.517,0.062,0.105,0.372,0.245,0.986,0.364,0.153,0.077,0.58,0.381,0.112,0.287,0.222,0.222,0.741,0.296,0.097,0.103,0.389,0.532,0.055,0.119,0.23,0.236,0.406,0.993,0.577,0.06,0.633,0.502,0.252,0.449,0.122,0.07,0.556,0.153,0.046,0.111,0.5,0.425,0.028,0.119,0.173,0.194,0.285,0.577,0.994,0.031,0.365,0.675,0.263,0.219,0.087,0.046,0.454,0.084,0.026,0.192,0.423,0.244,0.014,0.053,0.108,0.269,0.018,0.047,0.018,1,0.047,0.018,0.047,0.058,0.141,0.141,0.047,0.141,0.183,0.043,0.248,0.248,0.112,0.145,0.269,0.281,0.533,0.57,0.471,0.049,0.986,0.777,0.285,0.434,0.043,0.058,0.566,0.205,0.022,0.287,0.532,0.302,0.058,0.119,0.058,0.248,0.536,0.413,0.669,0.032,0.81,0.982,0.099,0.38,0.137,0.075,0.668,0.195,0.037,0.205,0.434,0.269,0.043,0.109,0.177,0.5,0.134,0.346,0.242,0.071,0.201,0.188,0.991,0.119,0.044,0.066,0.239,0.144,0.046,0.113,0.421,0.208,0.057,0.053,0.049,0.219,0.423,0.5,0.219,0.121,0.423,0.423,0.457,0.999,0.052,0.111,0.346,0.169,0.169,0.121,0.346,0.169,0.121,0.704,0.102,0.209,0.09,0.085,0.079,0.209,0.105,0.09,0.036,0.138,0.958,0.591,0.09,0.546,0.438,0.09,0.333,0.697,0.152,0.324,0.761,0.214,0.059,0.023,0.02,0.144,0.114,0.053,0.039,0.065,0.724,0.97,0.059,0.84,0.563,0.049,0.097,0.244,0.177,0.333,0.692,0.293,0.786,0.438,0.326,0.057,0.645,0.555,0.198,0.317,0.12,0.157,0.976,0.257,0.118,0.188,0.464,0.287,0.083,0.175,0.093,0.497,0.119,0.071,0.038,0.169,0.219,0.095,0.111,0.095,0.738,0.831,0.169,0.995,0.423,0.071,0.246,0.269,0.119,0.219,0.704,0.076,0.047,0.047,0.018,0.047,0.03,0.03,0.018,0.272,0.408,0.5,0.03,0.408,0.998,0.018,0.076,0.119,0.731,0.971,0.269,0.388,0.3,0.333,0.372,0.054,0.287,0.346,0.161,0.137,0.063,0.054,0.4,0.079,0.025,0.998,0.346,0.269,0.025,0.047,0.097,0.728,0.335,0.504,0.401,0.226,0.434,0.434,0.335,0.259,0.068,0.068,0.503,0.162,0.047,0.248,0.97,0.698,0.043,0.119,0.152,0.393,0.2,0.43,0.352,0.234,0.258,0.313,0.109,0.109,0.347,0.353,0.241,0.341,0.132,0.2,0.677,0.985,0.059,0.108,0.458,0.152,0.062,0.068,0.031,0.076,0.149,0.092,0.092,0.062,0.138,0.286,0.062,0.242,0.639,0.038,0.228,0.152,1,0.821,0.092,0.119,0.31,0.194,0.083,0.047,0.551,0.31,0.047,0.806,0.119,0.194,0.31,0.269,0.842,0.083,0.194,0.194,0.806,0.996,0.119,0.384,0.159,0.151,0.155,0.224,0.189,0.166,0.047,0.061,0.848,0.523,0.265,0.592,0.194,0.083,0.286,0.456,0.044,0.119,0.971
1-212.txt_5,0.907,0.215,0.267,0.094,0.061,0.328,0.163,0.38,0.166,0.274,0.243,0.243,0.199,0.241,0.16,0.604,0.348,0.117,0.29,0.419,0.277,0.846,0.266,0.261,0.185,0.532,0.413,0.163,0.143,0.272,0.287,0.707,0.153,0.221,0.26,0.451,0.457,0.167,0.178,0.309,0.198,0.274,0.863,0.593,0.029,0.326,0.402,0.335,0.271,0.086,0.223,0.363,0.414,0.285,0.345,0.556,0.445,0.12,0.265,0.146,0.302,0.369,0.444,0.911,0.105,0.437,0.734,0.215,0.134,0.165,0.108,0.439,0.112,0.179,0.228,0.468,0.437,0.017,0.183,0.152,0.402,0.259,0.274,0.025,1,0.216,0.051,0.211,0.04,0.121,0.065,0.158,0.179,0.196,0.146,0.347,0.157,0.043,0.234,0.254,0.349,0.482,0.354,0.491,0.048,0.744,0.586,0.058,0.328,0.058,0.322,0.365,0.331,0.043,0.5,0.387,0.329,0.043,0.211,0.274,0.345,0.258,0.573,0.64,0.02,0.441,0.834,0.284,0.205,0.141,0.118,0.458,0.169,0.024,0.233,0.577,0.49,0.096,0.143,0.198,0.196,0.094,0.462,0.368,0.218,0.239,0.308,0.941,0.196,0.171,0.123,0.316,0.128,0.218,0.271,0.355,0.3,0.213,0.057,0.148,0.119,0.611,0.269,0.119,0.018,0.988,0.5,0.047,0.976,0.018,0.018,0.631,0.119,0.033,0.083,0.194,0.119,0.033,0.31,0.018,0.365,0.115,0.251,0.095,0.271,0.289,0.423,0.184,0.101,0.682,0.39,0.25,0.305,0.687,0.138,0.188,0.459,0.134,0.417,0.586,0.336,0.159,0.107,0.146,0.149,0.183,0.164,0.209,0.132,0.496,0.836,0.184,0.559,0.601,0.229,0.166,0.31,0.069,0.392,0.466,0.394,0.617,0.43,0.263,0.024,0.378,0.454,0.178,0.447,0.144,0.092,0.916,0.199,0.08,0.062,0.301,0.516,0.024,0.456,0.313,0.222,0.246,0.071,0.038,0.577,0.349,0.299,0.339,0.397,0.272,0.577,0.095,0.817,0.735,0.038,0.349,0.296,0.095,0.527,0.476,0.124,0.184,0.228,0.082,0.134,0.117,0.105,0.245,0.375,0.45,0.357,0.091,0.23,0.938,0.126,0.095,0.149,0.369,0.914,0.331,0.38,0.433,0.384,0.486,0.057,0.287,0.355,0.244,0.298,0.206,0.219,0.409,0.302,0.243,0.894,0.348,0.524,0.124,0.288,0.27,0.37,0.404,0.526,0.37,0.049,0.375,0.316,0.351,0.462,0.191,0.233,0.393,0.085,0.114,0.319,0.795,0.701,0.03,0.228,0.258,0.457,0.214,0.34,0.249,0.068,0.426,0.329,0.255,0.183,0.396,0.413,0.213,0.153,0.261,0.055,0.643,0.893,0.129,0.145,0.419,0.034,0.034,0.31,0.023,0.028,0.265,0.185,0.024,0.038,0.034,0.062,0.034,0.047,0.507,0.013,0.185,0.462,1,0.754,0.262,0.192,0.183,0.207,0.025,0.03,0.169,0.069,0.1,0.522,0.492,0.357,0.217,0.205,0.863,0.079,0.157,0.165,0.492,0.901,0.263,0.398,0.204,0.305,0.13,0.127,0.305,0.225,0.091,0.097,0.63,0.478,0.299,0.52,0.33,0.169,0.258,0.335,0.124,0.18,0.853
1-212.txt_7,0.854,0.205,0.348,0.244,0.206,0.335,0.344,0.324,0.139,0.196,0.226,0.309,0.271,0.067,0.381,0.642,0.514,0.042,0.135,0.354,0.188,0.934,0.282,0.144,0.06,0.582,0.458,0.222,0.312,0.107,0.204,0.72,0.24,0.273,0.252,0.348,0.274,0.073,0.272,0.106,0.31,0.384,0.982,0.678,0.287,0.498,0.906,0.407,0.269,0.051,0.051,0.384,0.065,0.025,0.299,0.327,0.575,0.043,0.065,0.065,0.164,0.191,0.642,0.937,0.029,0.27,0.678,0.272,0.307,0.104,0.029,0.274,0.049,0.202,0.093,0.337,0.254,0.125,0.252,0.042,0.194,0.143,0.143,0.143,0.999,0.143,0.143,0.842,0.069,0.269,0.575,0.143,0.611,0.194,0.143,0.194,0.194,0.158,0.083,0.269,0.271,0.405,0.498,0.508,0.051,0.956,0.748,0.31,0.555,0.033,0.076,0.5,0.234,0.033,0.176,0.505,0.289,0.073,0.139,0.076,0.252,0.423,0.448,0.504,0.046,0.528,0.94,0.204,0.243,0.254,0.223,0.412,0.155,0.062,0.11,0.422,0.436,0.15,0.071,0.268,0.45,0.185,0.43,0.206,0.078,0.261,0.214,0.921,0.169,0.122,0.189,0.35,0.136,0.093,0.11,0.38,0.157,0.123,0.13,0.161,0.119,0.982,0.881,0.119,0.018,0.5,0.269,0.047,0.982,0.018,0.018,0.982,0.047,0.018,0.047,0.269,0.119,0.018,0.119,0.018,0.169,0.045,0.045,0.154,0.288,0.181,0.075,0.033,0.04,0.921,0.525,0.079,0.423,0.41,0.351,0.12,0.423,0.075,0.286,0.836,0.244,0.228,0.222,0.071,0.103,0.206,0.211,0.049,0.127,0.446,0.84,0.266,0.621,0.464,0.108,0.27,0.228,0.165,0.504,0.425,0.207,0.589,0.448,0.307,0.051,0.492,0.515,0.235,0.195,0.263,0.163,0.897,0.279,0.18,0.215,0.369,0.394,0.104,0.201,0.281,0.376,0.139,0.18,0.161,0.121,0.224,0.257,0.053,0.193,0.599,0.708,0.243,0.979,0.493,0.067,0.157,0.347,0.126,0.242,0.614,0.367,0.089,0.209,0.151,0.107,0.104,0.181,0.186,0.148,0.452,0.471,0.104,0.366,0.978,0.073,0.319,0.195,0.338,0.705,0.455,0.39,0.113,0.213,0.199,0.046,0.276,0.187,0.305,0.093,0.286,0.125,0.212,0.117,0.072,0.994,0.432,0.443,0.055,0.255,0.27,0.565,0.245,0.423,0.45,0.249,0.249,0.516,0.286,0.285,0.1,0.12,0.236,0.1,0.122,0.196,0.909,0.502,0.054,0.235,0.192,0.211,0.487,0.562,0.254,0.085,0.443,0.529,0.079,0.169,0.185,0.073,0.567,0.221,0.163,0.289,0.499,0.931,0.042,0.172,0.366,0.259,0.033,0.02,0.02,0.065,0.065,0.033,0.259,0.025,0.259,0.161,0.033,0.121,0.384,0.027,0.069,0.051,1,0.558,0.146,0.283,0.089,0.086,0.159,0.086,0.089,0.086,0.057,0.367,0.281,0.333,0.086,0.281,0.751,0.174,0.226,0.229,0.424,0.986,0.233,0.271,0.065,0.13,0.142,0.097,0.129,0.248,0.097,0.072,0.671,0.552,0.124,0.434,0.277,0.182,0.331,0.424,0.131,0.237,0.918
1-212.txt_9,0.816,0.123,0.106,0.134,0.273,0.169,0.215,0.6,0.07,0.132,0.229,0.271,0.283,0.177,0.096,0.522,0.476,0.095,0.263,0.443,0.269,0.863,0.323,0.432,0.04,0.5,0.499,0.271,0.444,0.121,0.187,0.82,0.154,0.13,0.225,0.433,0.422,0.143,0.178,0.22,0.319,0.231,0.836,0.764,0.119,0.272,0.602,0.445,0.618,0.046,0.028,0.519,0.058,0.149,0.17,0.605,0.461,0.019,0.202,0.174,0.139,0.379,0.777,0.832,0.217,0.403,0.595,0.27,0.118,0.162,0.074,0.424,0.181,0.133,0.278,0.452,0.241,0.009,0.089,0.182,0.475,0.031,0.065,0.073,0.998,0.101,0.024,0.284,0.298,0.249,0.274,0.063,0.21,0.237,0.101,0.172,0.363,0.15,0.278,0.323,0.291,0.744,0.425,0.374,0.034,0.911,0.645,0.217,0.382,0.138,0.131,0.671,0.25,0.072,0.441,0.399,0.513,0.145,0.185,0.188,0.12,0.536,0.537,0.666,0.086,0.662,0.92,0.201,0.342,0.242,0.108,0.694,0.159,0.224,0.139,0.301,0.416,0.163,0.168,0.238,0.388,0.056,0.136,0.193,0.393,0.042,0.122,0.811,0.078,0.213,0.085,0.178,0.048,0.169,0.078,0.38,0.263,0.072,0.36,0.294,0.033,0.616,0.259,0.444,0.007,0.194,0.259,0.027,0.99,0.194,0.194,0.31,0.047,0.506,0.494,0.143,0.449,0.138,0.634,0.143,0.417,0.196,0.201,0.147,0.035,0.304,0.285,0.223,0.209,0.748,0.536,0.239,0.674,0.393,0.118,0.291,0.494,0.278,0.206,0.72,0.228,0.206,0.099,0.092,0.089,0.243,0.178,0.068,0.154,0.628,0.89,0.229,0.591,0.533,0.181,0.174,0.231,0.124,0.344,0.569,0.171,0.447,0.33,0.475,0.137,0.579,0.66,0.072,0.362,0.113,0.157,0.895,0.297,0.147,0.143,0.475,0.517,0.173,0.232,0.223,0.196,0.309,0.088,0.145,0.025,0.322,0.298,0.082,0.029,0.623,0.669,0.504,0.957,0.236,0.204,0.189,0.11,0.021,0.137,0.546,0.228,0.207,0.044,0.048,0.165,0.122,0.101,0.02,0.165,0.681,0.585,0.161,0.569,0.824,0.147,0.128,0.16,0.264,0.516,0.607,0.471,0.22,0.415,0.501,0.147,0.262,0.354,0.325,0.399,0.159,0.13,0.273,0.077,0.273,0.793,0.443,0.436,0.13,0.134,0.245,0.297,0.411,0.637,0.553,0.198,0.45,0.53,0.243,0.52,0.212,0.188,0.535,0.198,0.188,0.156,0.683,0.551,0.225,0.201,0.367,0.445,0.371,0.32,0.327,0.114,0.245,0.453,0.328,0.272,0.234,0.22,0.406,0.264,0.149,0.326,0.619,0.884,0.099,0.105,0.386,0.259,0.132,0.284,0.106,0.209,0.502,0.411,0.262,0.563,0.098,0.102,0.411,0.265,0.135,0.408,0.259,0.185,0.908,0.553,0.047,0.094,0.141,0.112,0.061,0.369,0.12,0.275,0.04,0.757,0.408,0.324,0.072,0.456,0.88,0.009,0.283,0.165,0.575,0.988,0.317,0.313,0.116,0.091,0.159,0.111,0.153,0.202,0.095,0.181,0.801,0.839,0.121,0.404,0.625,0.151,0.092,0.161,0.046,0.231,0.752
1-212.txt_11,0.982,0.269,0.119,0.119,0.5,0.269,0.269,0.5,0.119,0.269,0.269,0.269,0.269,0.119,0.269,0.731,0.5,0.047,0.119,0.5,0.269,0.993,0.5,0.119,0.047,0.731,0.5,0.119,0.5,0.047,0.119,0.881,0.269,0.047,0.119,0.269,0.269,0.047,0.119,0.047,0.119,0.5,0.998,0.731,0.047,0.5,0.5,0.5,0.731,0.047,0.047,0.5,0.119,0.047,0.119,0.731,0.5,0.018,0.119,0.047,0.119,0.119,0.731,0.998,0.047,0.5,0.881,0.269,0.269,0.047,0.018,0.269,0.047,0.018,0.269,0.5,0.269,0.018,0.047,0.047,0.5,0.047,0.047,0.047,1,0.047,0.018,0.047,0.047,0.269,0.269,0.047,0.269,0.119,0.047,0.269,0.269,0.119,0.119,0.269,0.269,0.731,0.5,0.5,0.047,0.993,0.881,0.119,0.5,0.047,0.119,0.731,0.5,0.047,0.269,0.5,0.269,0.119,0.269,0.119,0.269,0.5,0.5,0.881,0.018,0.881,0.993,0.119,0.5,0.047,0.047,0.731,0.119,0.047,0.269,0.5,0.269,0.047,0.119,0.119,0.5,0.119,0.5,0.269,0.047,0.119,0.119,0.998,0.119,0.018,0.018,0.119,0.047,0.047,0.119,0.5,0.119,0.047,0.047,0.047,0.119,0.5,0.731,0.269,0.047,0.5,0.5,0.119,1,0.047,0.047,0.269,0.119,0.269,0.119,0.269,0.119,0.119,0.881,0.047,0.269,0.047,0.047,0.047,0.269,0.047,0.047,0.018,0.047,0.982,0.881,0.047,0.731,0.5,0.047,0.119,0.269,0.047,0.269,0.953,0.269,0.119,0.047,0.018,0.269,0.119,0.047,0.018,0.047,0.881,0.982,0.119,0.881,0.5,0.047,0.119,0.269,0.119,0.269,0.731,0.269,0.881,0.5,0.269,0.047,0.731,0.731,0.119,0.269,0.047,0.119,0.993,0.269,0.047,0.269,0.5,0.269,0.047,0.119,0.119,0.269,0.269,0.119,0.047,0.269,0.5,0.119,0.047,0.119,0.731,0.881,0.269,0.993,0.5,0.119,0.269,0.269,0.269,0.269,0.731,0.119,0.047,0.047,0.018,0.119,0.047,0.047,0.047,0.269,0.5,0.5,0.047,0.5,0.998,0.018,0.119,0.119,0.731,0.953,0.269,0.269,0.119,0.119,0.269,0.047,0.269,0.269,0.119,0.119,0.047,0.047,0.269,0.119,0.018,0.999,0.269,0.269,0.018,0.047,0.119,0.731,0.269,0.731,0.5,0.269,0.5,0.5,0.5,0.269,0.119,0.119,0.5,0.269,0.119,0.269,0.982,0.731,0.047,0.119,0.119,0.5,0.269,0.5,0.269,0.269,0.269,0.269,0.119,0.119,0.269,0.269,0.269,0.269,0.119,0.269,0.731,0.993,0.119,0.119,0.5,0.047,0.047,0.018,0.018,0.119,0.119,0.047,0.047,0.119,0.047,0.119,0.047,0.269,0.731,0.018,0.047,0.119,1,0.881,0.047,0.119,0.119,0.119,0.047,0.119,0.269,0.119,0.047,0.881,0.269,0.269,0.119,0.269,0.953,0.047,0.119,0.119,0.881,0.999,0.269,0.5,0.047,0.047,0.047,0.269,0.119,0.119,0.047,0.047,0.953,0.731,0.119,0.731,0.269,0.119,0.119,0.5,0.047,0.269,0.982
1-212.txt_13,0.75,0.131,0.235,0.261,0.172,0.21,0.28,0.243,0.058,0.293,0.349,0.219,0.307,0.232,0.048,0.485,0.576,0.148,0.151,0.642,0.127,0.735,0.282,0.369,0.054,0.564,0.661,0.362,0.483,0.122,0.075,0.622,0.164,0.313,0.021,0.433,0.597,0.336,0.372,0.327,0.174,0.43,0.886,0.446,0.163,0.42,0.471,0.19,0.391,0.24,0.238,0.506,0.212,0.195,0.165,0.472,0.471,0.015,0.249,0.166,0.213,0.317,0.785,0.929,0.071,0.57,0.784,0.207,0.389,0.024,0.023,0.636,0.117,0.012,0.299,0.43,0.399,0.011,0.203,0.083,0.365,0.038,0.212,0.19,0.997,0.12,0.363,0.192,0.09,0.152,0.223,0.089,0.064,0.2,0.242,0.243,0.12,0.223,0.124,0.303,0.308,0.418,0.253,0.382,0.015,0.788,0.768,0.188,0.299,0.415,0.29,0.46,0.175,0.372,0.068,0.268,0.309,0.113,0.219,0.355,0.173,0.59,0.414,0.631,0.06,0.688,0.904,0.21,0.311,0.181,0.204,0.663,0.175,0.035,0.199,0.414,0.429,0.07,0.158,0.203,0.5,0.155,0.353,0.218,0.198,0.091,0.147,0.967,0.195,0.069,0.211,0.259,0.211,0.2,0.21,0.424,0.194,0.086,0.225,0.157,0.363,0.452,0.27,0.228,0.226,0.536,0.33,0.13,0.838,0.393,0.206,0.367,0.511,0.429,0.059,0.433,0.515,0.15,0.464,0.368,0.404,0.079,0.047,0.104,0.142,0.091,0.13,0.131,0.184,0.803,0.729,0.187,0.609,0.605,0.016,0.155,0.377,0.146,0.54,0.569,0.26,0.174,0.05,0.094,0.036,0.199,0.219,0.044,0.19,0.609,0.792,0.251,0.499,0.509,0.193,0.181,0.164,0.107,0.287,0.624,0.144,0.598,0.373,0.33,0.012,0.515,0.445,0.079,0.218,0.156,0.296,0.906,0.294,0.131,0.326,0.361,0.301,0.166,0.183,0.159,0.158,0.069,0.027,0.012,0.083,0.143,0.083,0.027,0.027,0.862,0.842,0.194,0.975,0.384,0.027,0.069,0.158,0.069,0.083,0.917,0.309,0.038,0.034,0.012,0.334,0.028,0.017,0.017,0.175,0.796,0.729,0.024,0.559,0.968,0.298,0.209,0.296,0.083,0.619,0.716,0.195,0.5,0.577,0.577,0.014,0.615,0.701,0.052,0.383,0.373,0.336,0.447,0.071,0.024,0.938,0.296,0.349,0.298,0.111,0.416,0.282,0.263,0.564,0.767,0.029,0.489,0.557,0.387,0.451,0.115,0.133,0.283,0.062,0.045,0.372,0.748,0.337,0.154,0.181,0.154,0.152,0.316,0.502,0.244,0.072,0.277,0.306,0.05,0.278,0.359,0.317,0.483,0.259,0.335,0.222,0.581,0.856,0.021,0.428,0.436,0.007,0.007,0.002,0.001,0.007,0.018,0.007,0.007,0.018,0.007,0.018,0.007,0.018,0.269,0.002,0.007,0.007,1,0.881,0.007,0.288,0.177,0.068,0.033,0.022,0.235,0.15,0.194,0.619,0.336,0.298,0.525,0.349,0.556,0.019,0.225,0.269,0.359,0.975,0.473,0.287,0.254,0.036,0.064,0.205,0.143,0.21,0.188,0.068,0.73,0.662,0.284,0.613,0.457,0.259,0.185,0.45,0.026,0.217,0.808
1-212.txt_15,0.853,0.231,0.198,0.224,0.248,0.356,0.384,0.463,0.12,0.301,0.283,0.239,0.285,0.178,0.207,0.428,0.383,0.091,0.209,0.386,0.115,0.736,0.356,0.264,0.147,0.677,0.593,0.093,0.425,0.262,0.11,0.708,0.364,0.254,0.16,0.361,0.445,0.375,0.522,0.202,0.444,0.394,0.578,0.519,0.154,0.387,0.244,0.23,0.55,0.28,0.325,0.415,0.431,0.167,0.169,0.402,0.481,0.014,0.346,0.318,0.338,0.358,0.688,0.857,0.025,0.581,0.676,0.268,0.419,0.13,0.036,0.562,0.099,0.073,0.231,0.531,0.373,0.103,0.082,0.188,0.532,0.01,0.13,0.019,0.998,0.019,0.062,0.212,0.01,0.307,0.267,0.132,0.146,0.236,0.186,0.333,0.411,0.184,0.072,0.38,0.378,0.454,0.669,0.652,0.16,0.719,0.757,0.201,0.374,0.12,0.067,0.733,0.161,0.181,0.54,0.468,0.378,0.013,0.179,0.132,0.245,0.495,0.657,0.695,0.056,0.659,0.781,0.185,0.271,0.089,0.114,0.576,0.081,0.155,0.123,0.576,0.574,0.177,0.218,0.1,0.358,0.286,0.492,0.544,0.177,0.196,0.339,0.929,0.302,0.032,0.045,0.161,0.125,0.149,0.173,0.293,0.164,0.015,0.256,0.124,0.069,0.083,0.143,0.375,0.5,0.143,0.5,0.027,0.931,0.384,0.384,0.464,0.5,0.726,0.063,0.083,0.033,0.063,0.634,0.069,0.088,0.347,0.202,0.08,0.112,0.393,0.247,0.012,0.248,0.871,0.703,0.288,0.693,0.689,0.028,0.084,0.221,0.013,0.287,0.576,0.291,0.217,0.109,0.126,0.118,0.141,0.282,0.178,0.298,0.612,0.843,0.217,0.559,0.428,0.188,0.234,0.404,0.104,0.283,0.685,0.139,0.763,0.39,0.445,0.081,0.434,0.555,0.242,0.302,0.228,0.199,0.9,0.217,0.213,0.244,0.412,0.361,0.247,0.094,0.119,0.179,0.368,0.25,0.127,0.088,0.336,0.256,0.02,0.324,0.639,0.602,0.285,0.847,0.589,0.17,0.158,0.396,0.164,0.184,0.715,0.247,0.137,0.049,0.046,0.116,0.22,0.115,0.027,0.305,0.43,0.659,0.189,0.497,0.881,0.179,0.086,0.137,0.332,0.603,0.483,0.409,0.176,0.267,0.359,0.209,0.409,0.363,0.016,0.307,0.174,0.409,0.335,0.267,0.108,0.982,0.255,0.5,0.373,0.181,0.48,0.382,0.478,0.398,0.196,0.101,0.486,0.532,0.212,0.462,0.327,0.3,0.477,0.289,0.291,0.391,0.644,0.574,0.017,0.153,0.425,0.306,0.308,0.352,0.344,0.12,0.455,0.43,0.297,0.307,0.241,0.311,0.525,0.413,0.291,0.285,0.53,0.817,0.037,0.302,0.417,0.226,0.11,0.185,0.225,0.015,0.605,0.552,0.085,0.256,0.261,0.284,0.167,0.04,0.397,0.039,0.202,0.111,0.999,0.541,0.376,0.165,0.116,0.225,0.099,0.017,0.162,0.123,0.227,0.544,0.386,0.45,0.157,0.349,0.95,0.049,0.187,0.298,0.191,0.908,0.404,0.356,0.227,0.157,0.214,0.08,0.303,0.259,0.107,0.112,0.637,0.651,0.259,0.414,0.312,0.299,0.3,0.363,0.019,0.182,0.75
1-212.txt_17,0.82,0.25,0.309,0.184,0.247,0.239,0.277,0.428,0.121,0.242,0.278,0.231,0.256,0.203,0.228,0.521,0.38,0.097,0.316,0.374,0.354,0.832,0.343,0.142,0.038,0.468,0.467,0.251,0.097,0.21,0.227,0.699,0.093,0.223,0.183,0.37,0.318,0.037,0.151,0.238,0.258,0.266,0.875,0.651,0.022,0.318,0.528,0.137,0.444,0.12,0.158,0.423,0.276,0.231,0.178,0.377,0.5,0.027,0.303,0.285,0.27,0.213,0.638,0.916,0.022,0.478,0.766,0.222,0.18,0.089,0.11,0.561,0.113,0.048,0.277,0.467,0.223,0.018,0.096,0.163,0.129,0.025,0.404,0.216,0.946,0.287,0.116,0.126,0.028,0.039,0.033,0.229,0.033,0.013,0.213,0.211,0.167,0.013,0.016,0.054,0.262,0.252,0.511,0.473,0.028,0.785,0.523,0.248,0.292,0.129,0.22,0.417,0.164,0.345,0.394,0.355,0.348,0.204,0.168,0.162,0.308,0.269,0.488,0.703,0.031,0.467,0.811,0.25,0.151,0.243,0.169,0.416,0.117,0.22,0.215,0.496,0.435,0.072,0.145,0.274,0.393,0.232,0.323,0.34,0.15,0.278,0.346,0.859,0.27,0.129,0.114,0.312,0.056,0.26,0.054,0.469,0.397,0.038,0.2,0.119,0.359,0.268,0.387,0.316,0.136,0.32,0.364,0.242,0.228,0.298,0.308,0.361,0.255,0.341,0.23,0.377,0.402,0.152,0.342,0.368,0.213,0.216,0.203,0.201,0.233,0.059,0.235,0.091,0.214,0.738,0.556,0.142,0.481,0.693,0.272,0.227,0.449,0.058,0.422,0.632,0.364,0.273,0.115,0.149,0.186,0.251,0.185,0.074,0.158,0.65,0.857,0.219,0.656,0.58,0.179,0.147,0.24,0.139,0.455,0.625,0.305,0.494,0.456,0.186,0.026,0.446,0.447,0.183,0.446,0.274,0.3,0.761,0.274,0.194,0.164,0.294,0.546,0.023,0.393,0.446,0.269,0.269,0.119,0.047,0.269,0.5,0.119,0.047,0.119,0.731,0.881,0.269,0.993,0.5,0.119,0.269,0.269,0.269,0.269,0.731,0.244,0.195,0.196,0.107,0.101,0.138,0.102,0.121,0.279,0.451,0.524,0.119,0.25,0.941,0.14,0.203,0.264,0.413,0.751,0.392,0.529,0.205,0.452,0.407,0.064,0.129,0.395,0.141,0.065,0.187,0.159,0.357,0.179,0.309,0.963,0.356,0.546,0.035,0.324,0.264,0.365,0.304,0.57,0.325,0.151,0.331,0.327,0.3,0.321,0.162,0.204,0.596,0.192,0.119,0.198,0.821,0.61,0.189,0.314,0.315,0.386,0.402,0.486,0.206,0.039,0.302,0.294,0.223,0.218,0.28,0.19,0.434,0.205,0.144,0.328,0.53,0.812,0.207,0.047,0.477,0.093,0.03,0.132,0.018,0.023,0.153,0.256,0.012,0.093,0.208,0.04,0.03,0.266,0.618,0.011,0.085,0.143,0.998,0.861,0.321,0.255,0.128,0.166,0.123,0.131,0.075,0.098,0.255,0.556,0.326,0.348,0.147,0.189,0.729,0.062,0.117,0.227,0.446,0.976,0.234,0.449,0.058,0.233,0.106,0.248,0.351,0.235,0.245,0.148,0.558,0.495,0.205,0.494,0.312,0.153,0.204,0.461,0.099,0.388,0.85
1-212.txt_19,0.852,0.171,0.26,0.228,0.203,0.273,0.26,0.459,0.132,0.249,0.335,0.226,0.219,0.189,0.326,0.541,0.437,0.106,0.138,0.413,0.249,0.765,0.3,0.214,0.028,0.479,0.364,0.168,0.279,0.277,0.141,0.599,0.299,0.311,0.324,0.25,0.315,0.029,0.312,0.259,0.262,0.327,0.9,0.64,0.075,0.489,0.533,0.409,0.309,0.03,0.147,0.414,0.046,0.146,0.283,0.578,0.481,0.082,0.174,0.092,0.305,0.179,0.735,0.963,0.121,0.313,0.487,0.187,0.156,0.146,0.136,0.518,0.041,0.042,0.147,0.355,0.346,0.01,0.054,0.035,0.241,0.172,0.237,0.03,1,0.253,0.03,0.45,0.141,0.085,0.09,0.223,0.35,0.044,0.12,0.195,0.12,0.042,0.196,0.409,0.222,0.272,0.855,0.169,0.312,0.87,0.473,0.353,0.383,0.052,0.024,0.195,0.085,0.563,0.339,0.296,0.222,0.034,0.082,0.339,0.305,0.341,0.396,0.512,0.027,0.547,0.766,0.232,0.163,0.237,0.203,0.489,0.293,0.218,0.361,0.37,0.55,0.091,0.223,0.201,0.615,0.199,0.397,0.275,0.2,0.3,0.235,0.919,0.175,0.098,0.174,0.311,0.136,0.219,0.1,0.381,0.214,0.046,0.248,0.146,0.119,0.38,0.715,0.378,0.208,0.348,0.53,0.446,0.889,0.1,0.126,0.62,0.09,0.124,0.12,0.424,0.488,0.064,0.389,0.167,0.253,0.055,0.074,0.038,0.199,0.168,0.046,0.046,0.237,0.823,0.608,0.228,0.535,0.48,0.03,0.124,0.252,0.048,0.401,0.812,0.271,0.183,0.155,0.109,0.138,0.201,0.124,0.076,0.048,0.664,0.801,0.233,0.498,0.575,0.097,0.198,0.234,0.087,0.326,0.636,0.347,0.761,0.214,0.186,0.158,0.373,0.423,0.149,0.225,0.097,0.143,0.947,0.122,0.158,0.099,0.33,0.585,0.129,0.413,0.148,0.381,0.235,0.38,0.072,0.254,0.399,0.266,0.229,0.27,0.367,0.554,0.193,0.824,0.38,0.341,0.44,0.338,0.168,0.367,0.422,0.171,0.093,0.206,0.378,0.051,0.037,0.037,0.093,0.121,0.387,0.5,0.037,0.412,0.996,0.021,0.281,0.171,0.31,0.736,0.176,0.445,0.139,0.349,0.292,0.04,0.405,0.442,0.672,0.349,0.103,0.349,0.5,0.299,0.248,0.949,0.525,0.176,0.269,0.065,0.176,0.465,0.287,0.421,0.327,0.101,0.327,0.405,0.344,0.323,0.143,0.249,0.372,0.191,0.16,0.382,0.783,0.536,0.138,0.263,0.213,0.419,0.357,0.358,0.319,0.204,0.407,0.32,0.174,0.096,0.408,0.394,0.375,0.246,0.185,0.318,0.531,0.822,0.129,0.156,0.465,0.033,0.188,0.178,0.185,0.11,0.299,0.259,0.013,0.098,0.128,0.086,0.164,0.042,0.567,0.033,0.214,0.259,0.99,0.67,0.22,0.285,0.127,0.128,0.09,0.095,0.043,0.057,0.04,0.326,0.333,0.303,0.039,0.26,0.785,0.022,0.171,0.173,0.504,0.938,0.317,0.41,0.171,0.207,0.128,0.247,0.228,0.155,0.234,0.105,0.661,0.508,0.285,0.45,0.391,0.098,0.252,0.471,0.157,0.36,0.901
1-212.txt_21,0.982,0.269,0.119,0.119,0.5,0.269,0.269,0.5,0.119,0.269,0.269,0.269,0.269,0.119,0.269,0.731,0.5,0.047,0.119,0.5,0.269,0.993,0.5,0.119,0.047,0.731,0.5,0.119,0.5,0.047,0.119,0.881,0.269,0.047,0.119,0.269,0.269,0.047,0.119,0.047,0.119,0.5,0.998,0.731,0.047,0.5,0.5,0.5,0.731,0.047,0.047,0.5,0.119,0.047,0.119,0.731,0.5,0.018,0.119,0.047,0.119,0.119,0.731,0.998,0.047,0.5,0.881,0.269,0.269,0.047,0.018,0.269,0.047,0.018,0.269,0.5,0.269,0.018,0.047,0.047,0.5,0.047,0.047,0.047,1,0.047,0.018,0.047,0.047,0.269,0.269,0.047,0.269,0.119,0.047,0.269,0.269,0.119,0.119,0.269,0.269,0.731,0.5,0.5,0.047,0.993,0.881,0.119,0.5,0.047,0.119,0.731,0.5,0.047,0.269,0.5,0.269,0.119,0.269,0.119,0.269,0.5,0.5,0.881,0.018,0.881,0.993,0.119,0.5,0.047,0.047,0.731,0.119,0.047,0.269,0.5,0.269,0.047,0.119,0.119,0.5,0.119,0.5,0.269,0.047,0.119,0.119,0.998,0.119,0.018,0.018,0.119,0.047,0.047,0.119,0.5,0.119,0.047,0.047,0.047,0.119,0.5,0.731,0.269,0.047,0.5,0.5,0.119,1,0.047,0.047,0.269,0.119,0.269,0.119,0.269,0.119,0.119,0.881,0.047,0.269,0.047,0.047,0.047,0.269,0.047,0.047,0.018,0.047,0.982,0.881,0.047,0.731,0.5,0.047,0.119,0.269,0.047,0.269,0.953,0.269,0.119,0.047,0.018,0.269,0.119,0.047,0.018,0.047,0.881,0.982,0.119,0.881,0.5,0.047,0.119,0.269,0.119,0.269,0.731,0.269,0.881,0.5,0.269,0.047,0.731,0.731,0.119,0.269,0.047,0.119,0.993,0.269,0.047,0.269,0.5,0.269,0.047,0.119,0.119,0.269,0.269,0.119,0.047,0.269,0.5,0.119,0.047,0.119,0.731,0.881,0.269,0.993,0.5,0.119,0.269,0.269,0.269,0.269,0.731,0.119,0.047,0.047,0.018,0.119,0.047,0.047,0.047,0.269,0.5,0.5,0.047,0.5,0.998,0.018,0.119,0.119,0.731,0.953,0.269,0.269,0.119,0.119,0.269,0.047,0.269,0.269,0.119,0.119,0.047,0.047,0.269,0.119,0.018,0.999,0.269,0.269,0.018,0.047,0.119,0.731,0.269,0.731,0.5,0.269,0.5,0.5,0.5,0.269,0.119,0.119,0.5,0.269,0.119,0.269,0.982,0.731,0.047,0.119,0.119,0.5,0.269,0.5,0.269,0.269,0.269,0.269,0.119,0.119,0.269,0.269,0.269,0.269,0.119,0.269,0.731,0.993,0.119,0.119,0.5,0.047,0.047,0.018,0.018,0.119,0.119,0.047,0.047,0.119,0.047,0.119,0.047,0.269,0.731,0.018,0.047,0.119,1,0.881,0.047,0.119,0.119,0.119,0.047,0.119,0.269,0.119,0.047,0.881,0.269,0.269,0.119,0.269,0.953,0.047,0.119,0.119,0.881,0.999,0.269,0.5,0.047,0.047,0.047,0.269,0.119,0.119,0.047,0.047,0.953,0.731,0.119,0.731,0.269,0.119,0.119,0.5,0.047,0.269,0.982
1-212.txt_23,0.982,0.269,0.119,0.119,0.5,0.269,0.269,0.5,0.119,0.269,0.269,0.269,0.269,0.119,0.269,0.731,0.5,0.047,0.119,0.5,0.269,0.993,0.5,0.119,0.047,0.731,0.5,0.119,0.5,0.047,0.119,0.881,0.269,0.047,0.119,0.269,0.269,0.047,0.119,0.047,0.119,0.5,0.998,0.731,0.047,0.5,0.5,0.5,0.731,0.047,0.047,0.5,0.119,0.047,0.119,0.731,0.5,0.018,0.119,0.047,0.119,0.119,0.731,0.998,0.047,0.5,0.881,0.269,0.269,0.047,0.018,0.269,0.047,0.047,0.269,0.5,0.269,0.018,0.047,0.047,0.5,0.047,0.047,0.047,1,0.047,0.018,0.119,0.047,0.269,0.269,0.047,0.269,0.119,0.047,0.269,0.269,0.119,0.119,0.269,0.269,0.731,0.5,0.5,0.047,0.993,0.881,0.119,0.5,0.047,0.119,0.731,0.5,0.047,0.269,0.5,0.269,0.119,0.269,0.119,0.269,0.5,0.5,0.881,0.018,0.881,0.993,0.119,0.5,0.047,0.047,0.731,0.119,0.047,0.269,0.5,0.269,0.047,0.119,0.119,0.5,0.119,0.5,0.269,0.119,0.119,0.119,0.998,0.119,0.018,0.018,0.119,0.047,0.047,0.119,0.5,0.119,0.119,0.047,0.047,0.119,0.5,0.731,0.269,0.047,0.5,0.5,0.119,1,0.047,0.047,0.269,0.119,0.269,0.119,0.269,0.119,0.119,0.881,0.047,0.269,0.047,0.047,0.047,0.269,0.047,0.047,0.018,0.047,0.982,0.881,0.047,0.731,0.5,0.047,0.119,0.269,0.047,0.269,0.953,0.269,0.119,0.047,0.018,0.269,0.119,0.047,0.018,0.047,0.881,0.982,0.119,0.881,0.5,0.047,0.119,0.269,0.119,0.269,0.731,0.269,0.881,0.5,0.269,0.047,0.731,0.731,0.119,0.269,0.047,0.119,0.993,0.269,0.047,0.269,0.5,0.269,0.047,0.119,0.119,0.269,0.269,0.119,0.047,0.269,0.5,0.119,0.047,0.119,0.731,0.881,0.269,0.993,0.5,0.119,0.269,0.269,0.269,0.269,0.731,0.119,0.047,0.047,0.047,0.119,0.047,0.047,0.047,0.269,0.5,0.5,0.047,0.5,0.998,0.018,0.119,0.119,0.731,0.953,0.269,0.269,0.119,0.119,0.269,0.047,0.269,0.269,0.119,0.119,0.047,0.047,0.269,0.119,0.018,0.999,0.269,0.269,0.018,0.047,0.119,0.731,0.269,0.731,0.5,0.269,0.5,0.5,0.5,0.269,0.119,0.119,0.5,0.269,0.119,0.269,0.982,0.731,0.047,0.119,0.119,0.5,0.269,0.5,0.269,0.269,0.269,0.269,0.119,0.119,0.269,0.269,0.269,0.269,0.119,0.269,0.731,0.993,0.119,0.119,0.5,0.047,0.047,0.018,0.018,0.119,0.119,0.047,0.119,0.119,0.047,0.119,0.047,0.269,0.731,0.018,0.047,0.119,1,0.881,0.047,0.119,0.119,0.119,0.047,0.119,0.269,0.119,0.047,0.881,0.269,0.269,0.119,0.269,0.953,0.047,0.119,0.119,0.881,0.999,0.269,0.5,0.047,0.047,0.047,0.269,0.119,0.119,0.047,0.047,0.953,0.731,0.119,0.731,0.269,0.119,0.119,0.5,0.047,0.269,0.982
1-212.txt_25,0.815,0.294,0.23,0.254,0.215,0.194,0.22,0.316,0.209,0.406,0.338,0.359,0.311,0.271,0.242,0.449,0.402,0.088,0.283,0.44,0.158,0.891,0.252,0.179,0.023,0.537,0.252,0.227,0.292,0.206,0.204,0.897,0.065,0.023,0.058,0.565,0.369,0.253,0.033,0.153,0.231,0.593,0.894,0.501,0.025,0.454,0.48,0.235,0.452,0.213,0.095,0.501,0.17,0.089,0.143,0.511,0.367,0.048,0.332,0.274,0.197,0.227,0.588,0.865,0.098,0.39,0.678,0.196,0.265,0.096,0.082,0.318,0.13,0.039,0.355,0.446,0.391,0.014,0.093,0.205,0.269,0.018,0.047,0.018,1,0.047,0.018,0.047,0.018,0.119,0.5,0.047,0.119,0.047,0.018,0.881,0.269,0.018,0.047,0.119,0.079,0.424,0.769,0.612,0.012,0.78,0.599,0.264,0.228,0.032,0.084,0.625,0.137,0.112,0.174,0.481,0.239,0.012,0.122,0.188,0.348,0.45,0.649,0.509,0.017,0.605,0.892,0.177,0.146,0.131,0.085,0.713,0.336,0.187,0.249,0.423,0.483,0.016,0.139,0.109,0.405,0.168,0.574,0.424,0.344,0.276,0.239,0.918,0.063,0.062,0.095,0.256,0.115,0.177,0.257,0.335,0.146,0.028,0.131,0.17,0.083,0.5,0.857,0.731,0.033,0.31,0.119,0.033,0.862,0.083,0.31,0.425,0.389,0.389,0.485,0.425,0.806,0.033,0.5,0.616,0.321,0.112,0.118,0.181,0.16,0.196,0.253,0.065,0.099,0.813,0.506,0.326,0.443,0.566,0.1,0.256,0.507,0.119,0.377,0.719,0.485,0.101,0.076,0.129,0.223,0.162,0.182,0.154,0.089,0.547,0.859,0.181,0.575,0.382,0.055,0.276,0.366,0.076,0.211,0.644,0.375,0.587,0.418,0.269,0.03,0.569,0.562,0.126,0.186,0.154,0.134,0.854,0.323,0.111,0.127,0.387,0.516,0.12,0.187,0.258,0.237,0.1,0.056,0.07,0.261,0.132,0.048,0.192,0.249,0.532,0.592,0.398,0.88,0.842,0.176,0.247,0.357,0.191,0.676,0.273,0.179,0.213,0.317,0.162,0.04,0.241,0.127,0.173,0.232,0.349,0.526,0.217,0.364,0.948,0.073,0.218,0.232,0.219,0.604,0.536,0.255,0.342,0.457,0.443,0.021,0.331,0.349,0.275,0.077,0.084,0.181,0.33,0.154,0.181,0.909,0.382,0.383,0.222,0.158,0.277,0.329,0.324,0.525,0.462,0.068,0.38,0.441,0.333,0.386,0.185,0.094,0.286,0.28,0.133,0.244,0.77,0.527,0.023,0.123,0.198,0.28,0.261,0.333,0.162,0.236,0.399,0.261,0.211,0.237,0.314,0.299,0.436,0.298,0.319,0.237,0.551,0.833,0.234,0.287,0.428,0.073,0.262,0.25,0.137,0.179,0.32,0.291,0.162,0.196,0.381,0.509,0.23,0.172,0.634,0.213,0.123,0.05,0.983,0.555,0.384,0.124,0.168,0.164,0.219,0.033,0.079,0.157,0.189,0.464,0.285,0.371,0.224,0.232,0.695,0.231,0.121,0.091,0.463,0.988,0.36,0.387,0.119,0.325,0.256,0.124,0.302,0.235,0.199,0.204,0.635,0.395,0.188,0.36,0.241,0.177,0.256,0.38,0.182,0.255,0.899
1-212.txt_27,0.982,0.269,0.119,0.119,0.5,0.269,0.269,0.5,0.119,0.269,0.269,0.269,0.269,0.119,0.269,0.731,0.5,0.047,0.119,0.5,0.269,0.993,0.5,0.119,0.047,0.731,0.5,0.119,0.5,0.047,0.119,0.881,0.269,0.047,0.119,0.269,0.269,0.047,0.119,0.047,0.119,0.5,0.998,0.731,0.047,0.5,0.5,0.5,0.731,0.047,0.047,0.5,0.119,0.047,0.119,0.731,0.5,0.018,0.119,0.047,0.119,0.119,0.731,0.998,0.047,0.5,0.881,0.269,0.269,0.047,0.018,0.269,0.047,0.018,0.269,0.5,0.269,0.018,0.047,0.047,0.5,0.047,0.047,0.047,1,0.047,0.018,0.047,0.047,0.269,0.269,0.047,0.269,0.119,0.047,0.269,0.269,0.119,0.119,0.269,0.269,0.731,0.5,0.5,0.047,0.993,0.881,0.119,0.5,0.047,0.119,0.731,0.5,0.047,0.269,0.5,0.269,0.119,0.269,0.119,0.269,0.5,0.5,0.881,0.018,0.881,0.993,0.119,0.5,0.047,0.047,0.731,0.119,0.047,0.269,0.5,0.269,0.047,0.119,0.119,0.5,0.119,0.5,0.269,0.047,0.119,0.119,0.998,0.119,0.018,0.018,0.119,0.047,0.047,0.119,0.5,0.119,0.047,0.047,0.047,0.119,0.5,0.731,0.269,0.047,0.5,0.5,0.119,1,0.047,0.047,0.269,0.119,0.269,0.119,0.269,0.119,0.119,0.881,0.047,0.269,0.047,0.047,0.047,0.269,0.047,0.047,0.018,0.047,0.982,0.881,0.047,0.731,0.5,0.047,0.119,0.269,0.047,0.269,0.953,0.269,0.119,0.047,0.018,0.269,0.119,0.047,0.018,0.047,0.881,0.982,0.119,0.881,0.5,0.047,0.119,0.269,0.119,0.269,0.731,0.269,0.881,0.5,0.269,0.047,0.731,0.731,0.119,0.269,0.047,0.119,0.993,0.269,0.047,0.269,0.5,0.269,0.047,0.119,0.119,0.269,0.269,0.119,0.047,0.269,0.5,0.119,0.047,0.119,0.731,0.881,0.269,0.993,0.5,0.119,0.269,0.269,0.269,0.269,0.731,0.119,0.047,0.047,0.018,0.119,0.047,0.047,0.047,0.269,0.5,0.5,0.047,0.5,0.998,0.018,0.119,0.119,0.731,0.953,0.269,0.269,0.119,0.119,0.269,0.047,0.269,0.269,0.119,0.119,0.047,0.047,0.269,0.119,0.018,0.999,0.269,0.269,0.018,0.047,0.119,0.731,0.269,0.731,0.5,0.269,0.5,0.5,0.5,0.269,0.119,0.119,0.5,0.269,0.119,0.269,0.982,0.731,0.047,0.119,0.119,0.5,0.269,0.5,0.269,0.269,0.269,0.269,0.119,0.119,0.269,0.269,0.269,0.269,0.119,0.269,0.731,0.993,0.119,0.119,0.5,0.047,0.047,0.018,0.018,0.119,0.119,0.047,0.047,0.119,0.047,0.119,0.047,0.269,0.731,0.018,0.047,0.119,1,0.881,0.047,0.119,0.119,0.119,0.047,0.119,0.269,0.119,0.047,0.881,0.269,0.269,0.119,0.269,0.953,0.047,0.119,0.119,0.881,0.999,0.269,0.5,0.047,0.047,0.047,0.269,0.119,0.119,0.047,0.047,0.953,0.731,0.119,0.731,0.269,0.119,0.119,0.5,0.047,0.269,0.982
1-212.txt_29,0.915,0.221,0.156,0.19,0.38,0.292,0.31,0.413,0.18,0.258,0.264,0.274,0.237,0.16,0.277,0.626,0.424,0.053,0.153,0.415,0.291,0.922,0.521,0.187,0.05,0.526,0.471,0.138,0.411,0.055,0.095,0.837,0.161,0.045,0.192,0.388,0.426,0.042,0.168,0.167,0.126,0.535,0.997,0.635,0.042,0.514,0.444,0.355,0.605,0.045,0.038,0.444,0.09,0.038,0.093,0.688,0.576,0.019,0.173,0.107,0.232,0.207,0.672,0.932,0.052,0.354,0.697,0.243,0.265,0.088,0.109,0.426,0.135,0.065,0.147,0.47,0.347,0.077,0.196,0.129,0.461,0.069,0.229,0.088,0.991,0.096,0.061,0.18,0.196,0.232,0.315,0.109,0.277,0.279,0.151,0.302,0.263,0.105,0.196,0.252,0.241,0.55,0.416,0.405,0.056,0.947,0.645,0.284,0.429,0.15,0.125,0.548,0.309,0.174,0.263,0.449,0.297,0.239,0.279,0.207,0.374,0.292,0.47,0.686,0.107,0.596,0.931,0.255,0.288,0.069,0.065,0.483,0.224,0.192,0.354,0.478,0.372,0.11,0.151,0.157,0.421,0.241,0.509,0.241,0.082,0.205,0.214,0.863,0.191,0.108,0.16,0.165,0.199,0.169,0.171,0.47,0.226,0.083,0.238,0.159,0.194,0.537,0.653,0.422,0.083,0.384,0.537,0.328,0.986,0.216,0.083,0.422,0.157,0.194,0.157,0.327,0.194,0.119,0.575,0.236,0.29,0.138,0.071,0.109,0.181,0.082,0.076,0.046,0.08,0.92,0.704,0.17,0.634,0.459,0.069,0.227,0.315,0.144,0.43,0.831,0.272,0.115,0.054,0.027,0.23,0.115,0.061,0.06,0.061,0.818,0.957,0.148,0.824,0.568,0.061,0.149,0.288,0.156,0.314,0.7,0.292,0.609,0.54,0.352,0.045,0.53,0.617,0.161,0.182,0.146,0.111,0.882,0.18,0.094,0.373,0.449,0.352,0.037,0.13,0.226,0.321,0.176,0.153,0.151,0.297,0.284,0.308,0.086,0.089,0.602,0.686,0.315,0.983,0.386,0.217,0.201,0.263,0.12,0.201,0.648,0.144,0.125,0.211,0.091,0.086,0.2,0.114,0.052,0.275,0.436,0.479,0.15,0.462,0.966,0.044,0.186,0.192,0.488,0.888,0.339,0.334,0.225,0.191,0.308,0.055,0.337,0.272,0.186,0.1,0.15,0.177,0.327,0.163,0.077,0.977,0.248,0.264,0.108,0.083,0.221,0.61,0.237,0.577,0.388,0.264,0.399,0.446,0.439,0.258,0.16,0.133,0.443,0.227,0.155,0.21,0.897,0.612,0.078,0.158,0.122,0.36,0.223,0.569,0.277,0.174,0.265,0.197,0.18,0.22,0.382,0.32,0.231,0.274,0.18,0.214,0.636,0.951,0.136,0.146,0.55,0.018,0.018,0.002,0.002,0.018,0.018,0.007,0.018,0.018,0.018,0.047,0.007,0.047,0.5,0.007,0.018,0.018,1,0.731,0.007,0.128,0.143,0.166,0.052,0.123,0.134,0.267,0.061,0.474,0.309,0.362,0.141,0.372,0.827,0.033,0.091,0.196,0.476,0.967,0.323,0.44,0.112,0.163,0.068,0.222,0.232,0.143,0.081,0.11,0.785,0.609,0.196,0.566,0.282,0.091,0.189,0.468,0.046,0.222,0.91
1-212.txt_31,0.982,0.119,0.119,0.119,0.5,0.269,0.269,0.5,0.119,0.269,0.119,0.269,0.269,0.119,0.269,0.731,0.5,0.047,0.119,0.5,0.119,0.998,0.5,0.119,0.018,0.731,0.5,0.047,0.5,0.047,0.119,0.881,0.119,0.047,0.119,0.269,0.269,0.047,0.119,0.047,0.119,0.5,0.998,0.731,0.047,0.5,0.5,0.5,0.731,0.018,0.018,0.5,0.119,0.047,0.119,0.731,0.5,0.018,0.119,0.047,0.119,0.119,0.731,0.998,0.018,0.5,0.881,0.269,0.269,0.047,0.018,0.269,0.047,0.018,0.119,0.5,0.269,0.007,0.047,0.047,0.5,0.018,0.047,0.018,1,0.047,0.018,0.047,0.047,0.269,0.269,0.047,0.119,0.047,0.047,0.269,0.269,0.047,0.047,0.269,0.269,0.731,0.5,0.5,0.047,0.998,0.881,0.119,0.5,0.047,0.119,0.731,0.5,0.018,0.269,0.5,0.269,0.119,0.119,0.119,0.269,0.5,0.5,0.881,0.018,0.881,0.993,0.119,0.5,0.018,0.047,0.731,0.119,0.018,0.269,0.5,0.269,0.047,0.119,0.047,0.5,0.047,0.5,0.269,0.047,0.119,0.119,0.998,0.119,0.018,0.018,0.119,0.047,0.047,0.119,0.5,0.119,0.047,0.047,0.047,0.119,0.5,0.731,0.269,0.047,0.5,0.5,0.119,1,0.018,0.047,0.269,0.119,0.269,0.119,0.269,0.119,0.047,0.881,0.047,0.269,0.047,0.018,0.047,0.269,0.047,0.018,0.018,0.018,0.982,0.881,0.047,0.731,0.5,0.047,0.047,0.269,0.047,0.269,0.953,0.119,0.119,0.018,0.018,0.269,0.119,0.047,0.018,0.047,0.881,0.982,0.047,0.881,0.5,0.047,0.047,0.269,0.119,0.269,0.731,0.269,0.881,0.5,0.269,0.047,0.731,0.731,0.119,0.269,0.047,0.047,0.993,0.119,0.047,0.269,0.5,0.269,0.047,0.119,0.047,0.269,0.119,0.119,0.047,0.119,0.5,0.119,0.047,0.119,0.731,0.881,0.119,0.998,0.5,0.047,0.119,0.269,0.119,0.269,0.731,0.119,0.047,0.047,0.018,0.047,0.018,0.018,0.047,0.269,0.5,0.5,0.047,0.5,0.999,0.018,0.047,0.119,0.731,0.953,0.269,0.269,0.119,0.119,0.119,0.047,0.269,0.269,0.119,0.119,0.047,0.047,0.269,0.047,0.018,1,0.269,0.269,0.018,0.047,0.047,0.731,0.269,0.731,0.5,0.269,0.5,0.5,0.5,0.269,0.047,0.047,0.5,0.119,0.047,0.269,0.982,0.881,0.047,0.119,0.119,0.5,0.269,0.5,0.269,0.269,0.269,0.269,0.119,0.119,0.269,0.269,0.269,0.269,0.119,0.269,0.881,0.993,0.047,0.119,0.5,0.047,0.047,0.018,0.007,0.047,0.119,0.047,0.047,0.047,0.047,0.119,0.047,0.119,0.731,0.018,0.047,0.047,1,0.881,0.047,0.119,0.119,0.119,0.047,0.047,0.119,0.119,0.047,0.881,0.269,0.269,0.119,0.269,0.953,0.047,0.119,0.119,0.881,0.999,0.269,0.5,0.047,0.047,0.047,0.269,0.119,0.047,0.047,0.047,0.953,0.731,0.047,0.731,0.269,0.047,0.119,0.5,0.047,0.269,0.982
1-212.txt_33,0.878,0.148,0.126,0.056,0.19,0.13,0.179,0.278,0.144,0.489,0.373,0.244,0.23,0.252,0.188,0.281,0.528,0.014,0.042,0.646,0.278,0.797,0.47,0.408,0.068,0.43,0.538,0.363,0.387,0.088,0.193,0.528,0.27,0.073,0.223,0.407,0.282,0.012,0.169,0.088,0.159,0.447,0.843,0.537,0.01,0.452,0.672,0.466,0.46,0.071,0.06,0.415,0.173,0.11,0.13,0.521,0.435,0.012,0.275,0.099,0.271,0.326,0.523,0.93,0.012,0.428,0.72,0.219,0.349,0.112,0.093,0.624,0.23,0.123,0.254,0.47,0.319,0.096,0.198,0.142,0.331,0.007,0.017,0.007,0.97,0.14,0.01,0.01,0.187,0.322,0.382,0.011,0.43,0.253,0.01,0.153,0.329,0.012,0.158,0.299,0.232,0.5,0.588,0.716,0.012,0.777,0.598,0.043,0.562,0.307,0.171,0.651,0.248,0.082,0.375,0.384,0.299,0.01,0.033,0.395,0.264,0.412,0.42,0.529,0.045,0.608,0.837,0.151,0.334,0.202,0.19,0.568,0.175,0.121,0.179,0.307,0.342,0.147,0.228,0.305,0.384,0.229,0.218,0.362,0.012,0.153,0.073,0.997,0.025,0.007,0.006,0.113,0.015,0.008,0.085,0.445,0.033,0.01,0.074,0.132,0.113,0.52,0.525,0.254,0.191,0.567,0.595,0.269,0.939,0.189,0.048,0.806,0.033,0.238,0.201,0.367,0.311,0.437,0.41,0.169,0.294,0.147,0.112,0.075,0.112,0.079,0.072,0.164,0.13,0.845,0.546,0.247,0.492,0.577,0.053,0.17,0.481,0.101,0.175,0.703,0.382,0.09,0.092,0.058,0.174,0.208,0.137,0.178,0.1,0.442,0.908,0.179,0.604,0.47,0.183,0.18,0.225,0.032,0.293,0.391,0.135,0.587,0.421,0.432,0.156,0.506,0.709,0.136,0.229,0.222,0.141,0.875,0.313,0.061,0.326,0.493,0.509,0.178,0.109,0.238,0.033,0.027,0.012,0.005,0.033,0.069,0.012,0.005,0.027,0.616,0.862,0.027,0.997,0.425,0.012,0.033,0.31,0.033,0.047,0.5,0.308,0.189,0.179,0.099,0.198,0.152,0.15,0.145,0.234,0.678,0.675,0.17,0.368,0.961,0.189,0.268,0.224,0.151,0.417,0.527,0.259,0.318,0.29,0.451,0.102,0.344,0.289,0.059,0.117,0.369,0.338,0.439,0.348,0.168,0.898,0.336,0.17,0.009,0.024,0.181,0.4,0.077,0.172,0.228,0.497,0.198,0.221,0.291,0.218,0.143,0.317,0.206,0.321,0.397,0.301,0.742,0.386,0.139,0.27,0.305,0.335,0.332,0.241,0.22,0.029,0.257,0.205,0.121,0.25,0.467,0.455,0.353,0.454,0.22,0.136,0.435,0.844,0.149,0.364,0.509,0.953,0.018,0.018,0.007,0.018,0.018,0.018,0.018,0.119,0.731,0.5,0.018,0.119,0.881,0.018,0.047,0.047,0.982,0.998,0.269,0.238,0.209,0.238,0.129,0.196,0.126,0.259,0.034,0.558,0.168,0.088,0.22,0.132,0.533,0.183,0.183,0.168,0.313,0.868,0.351,0.329,0.185,0.251,0.186,0.123,0.181,0.247,0.204,0.354,0.513,0.521,0.195,0.412,0.335,0.243,0.382,0.487,0.139,0.264,0.813
1-212.txt_35,0.982,0.119,0.119,0.119,0.5,0.269,0.269,0.5,0.119,0.269,0.119,0.269,0.269,0.119,0.269,0.731,0.5,0.047,0.119,0.5,0.119,0.998,0.5,0.119,0.018,0.731,0.5,0.047,0.5,0.047,0.119,0.881,0.119,0.047,0.119,0.269,0.269,0.047,0.119,0.047,0.119,0.5,0.998,0.731,0.047,0.5,0.5,0.5,0.731,0.018,0.018,0.5,0.119,0.047,0.119,0.731,0.5,0.018,0.119,0.047,0.119,0.119,0.731,0.998,0.018,0.5,0.881,0.269,0.269,0.047,0.018,0.269,0.047,0.018,0.119,0.5,0.269,0.007,0.047,0.047,0.5,0.018,0.047,0.018,1,0.047,0.018,0.047,0.047,0.269,0.269,0.047,0.119,0.047,0.047,0.269,0.269,0.047,0.047,0.269,0.269,0.731,0.5,0.5,0.047,0.998,0.881,0.119,0.5,0.047,0.119,0.731,0.5,0.018,0.269,0.5,0.269,0.119,0.119,0.119,0.269,0.5,0.5,0.881,0.018,0.881,0.993,0.119,0.5,0.018,0.047,0.731,0.119,0.018,0.269,0.5,0.269,0.047,0.119,0.047,0.5,0.047,0.5,0.269,0.047,0.119,0.119,0.998,0.119,0.018,0.018,0.119,0.047,0.047,0.119,0.5,0.119,0.047,0.047,0.047,0.119,0.5,0.731,0.269,0.047,0.5,0.5,0.119,1,0.018,0.047,0.269,0.119,0.269,0.119,0.269,0.119,0.047,0.881,0.047,0.269,0.047,0.018,0.047,0.269,0.047,0.018,0.018,0.018,0.982,0.881,0.047,0.731,0.5,0.047,0.047,0.269,0.047,0.269,0.953,0.119,0.119,0.018,0.018,0.269,0.119,0.047,0.018,0.047,0.881,0.982,0.047,0.881,0.5,0.047,0.047,0.269,0.119,0.269,0.731,0.269,0.881,0.5,0.269,0.047,0.731,0.731,0.119,0.269,0.047,0.047,0.993,0.119,0.047,0.269,0.5,0.269,0.047,0.119,0.047,0.269,0.119,0.119,0.047,0.119,0.5,0.119,0.047,0.119,0.731,0.881,0.119,0.998,0.5,0.047,0.119,0.269,0.119,0.269,0.731,0.119,0.047,0.047,0.018,0.047,0.018,0.018,0.047,0.269,0.5,0.5,0.047,0.5,0.999,0.018,0.047,0.119,0.731,0.953,0.269,0.269,0.119,0.119,0.119,0.047,0.269,0.269,0.119,0.119,0.047,0.047,0.269,0.047,0.018,1,0.269,0.269,0.018,0.047,0.047,0.731,0.269,0.731,0.5,0.269,0.5,0.5,0.5,0.269,0.047,0.047,0.5,0.119,0.047,0.269,0.982,0.881,0.047,0.119,0.119,0.5,0.269,0.5,0.269,0.269,0.269,0.269,0.119,0.119,0.269,0.269,0.269,0.269,0.119,0.269,0.881,0.993,0.047,0.119,0.5,0.047,0.047,0.018,0.007,0.047,0.119,0.047,0.047,0.047,0.047,0.119,0.047,0.119,0.731,0.018,0.047,0.047,1,0.881,0.047,0.119,0.119,0.119,0.047,0.047,0.119,0.119,0.047,0.881,0.269,0.269,0.119,0.269,0.953,0.047,0.119,0.119,0.881,0.999,0.269,0.5,0.047,0.047,0.047,0.269,0.119,0.047,0.047,0.047,0.953,0.731,0.047,0.731,0.269,0.047,0.119,0.5,0.047,0.269,0.982
1-212.txt_37,0.797,0.15,0.277,0.239,0.17,0.322,0.355,0.519,0.152,0.171,0.192,0.258,0.153,0.131,0.154,0.555,0.406,0.062,0.333,0.318,0.311,0.947,0.398,0.095,0.023,0.523,0.258,0.043,0.315,0.13,0.209,0.838,0.144,0.276,0.215,0.335,0.259,0.082,0.495,0.059,0.218,0.332,0.925,0.474,0.037,0.308,0.411,0.238,0.395,0.078,0.115,0.462,0.254,0.118,0.258,0.584,0.453,0.122,0.092,0.235,0.259,0.144,0.831,0.967,0.028,0.321,0.46,0.348,0.282,0.021,0.017,0.348,0.045,0.021,0.324,0.651,0.296,0.015,0.033,0.04,0.255,0.036,0.404,0.036,1,0.217,0.03,0.056,0.036,0.15,0.12,0.217,0.12,0.05,0.166,0.225,0.149,0.044,0.056,0.38,0.342,0.342,0.322,0.313,0.059,0.859,0.494,0.352,0.295,0.261,0.167,0.43,0.248,0.258,0.171,0.518,0.406,0.044,0.249,0.364,0.484,0.291,0.412,0.41,0.029,0.664,0.953,0.077,0.436,0.041,0.115,0.562,0.115,0.03,0.1,0.339,0.3,0.11,0.081,0.124,0.38,0.049,0.264,0.087,0.354,0.292,0.088,0.941,0.148,0.06,0.2,0.156,0.154,0.077,0.047,0.202,0.163,0.028,0.108,0.129,0.139,0.234,0.773,0.622,0.048,0.384,0.613,0.101,0.975,0.048,0.048,0.232,0.113,0.103,0.083,0.48,0.365,0.045,0.369,0.088,0.538,0.195,0.107,0.093,0.179,0.145,0.168,0.081,0.071,0.889,0.624,0.136,0.576,0.286,0.119,0.225,0.361,0.086,0.329,0.752,0.388,0.249,0.213,0.182,0.15,0.144,0.175,0.125,0.088,0.489,0.822,0.256,0.565,0.554,0.266,0.208,0.443,0.106,0.277,0.516,0.248,0.593,0.587,0.466,0.033,0.495,0.454,0.198,0.35,0.123,0.056,0.878,0.098,0.11,0.177,0.484,0.378,0.044,0.149,0.289,0.194,0.158,0.083,0.047,0.194,0.31,0.083,0.047,0.119,0.616,0.917,0.158,0.988,0.5,0.083,0.158,0.194,0.269,0.625,0.806,0.121,0.059,0.243,0.07,0.05,0.079,0.109,0.12,0.254,0.343,0.413,0.079,0.331,0.973,0.084,0.105,0.186,0.473,0.781,0.371,0.565,0.156,0.101,0.36,0.055,0.223,0.279,0.239,0.055,0.17,0.272,0.382,0.227,0.125,0.988,0.389,0.285,0.198,0.07,0.275,0.497,0.327,0.391,0.292,0.104,0.454,0.464,0.327,0.208,0.163,0.165,0.455,0.201,0.129,0.188,0.902,0.631,0.043,0.187,0.212,0.311,0.337,0.52,0.258,0.102,0.412,0.281,0.25,0.332,0.29,0.239,0.497,0.193,0.184,0.116,0.642,0.919,0.185,0.18,0.315,0.018,0.018,0.007,0.002,0.018,0.047,0.018,0.018,0.018,0.018,0.047,0.018,0.047,0.5,0.007,0.018,0.018,1,0.731,0.018,0.174,0.063,0.046,0.02,0.047,0.063,0.055,0.021,0.486,0.456,0.427,0.182,0.439,0.806,0.029,0.098,0.147,0.534,0.985,0.298,0.436,0.185,0.047,0.036,0.12,0.185,0.13,0.139,0.107,0.668,0.488,0.127,0.59,0.396,0.184,0.321,0.364,0.074,0.251,0.914
1-212.txt_39,0.928,0.11,0.215,0.197,0.148,0.157,0.3,0.479,0.175,0.159,0.226,0.138,0.167,0.068,0.11,0.637,0.327,0.022,0.065,0.357,0.272,0.911,0.382,0.135,0.036,0.53,0.5,0.199,0.179,0.187,0.228,0.697,0.119,0.03,0.213,0.376,0.272,0.018,0.047,0.07,0.187,0.243,0.949,0.359,0.136,0.371,0.347,0.572,0.252,0.051,0.083,0.461,0.119,0.12,0.409,0.494,0.249,0.033,0.073,0.131,0.234,0.21,0.715,0.953,0.048,0.233,0.5,0.197,0.259,0.164,0.143,0.29,0.103,0.055,0.229,0.36,0.41,0.019,0.168,0.318,0.194,0.069,0.5,0.069,0.999,0.083,0.069,0.5,0.5,0.119,0.806,0.083,0.269,0.083,0.047,0.425,0.194,0.033,0.083,0.119,0.214,0.651,0.625,0.289,0.03,0.924,0.74,0.083,0.6,0.018,0.025,0.734,0.101,0.018,0.119,0.555,0.5,0.018,0.065,0.04,0.166,0.484,0.526,0.518,0.031,0.61,0.921,0.075,0.274,0.039,0.045,0.597,0.209,0.087,0.161,0.437,0.442,0.112,0.16,0.064,0.269,0.147,0.597,0.373,0.191,0.26,0.158,0.933,0.145,0.017,0.024,0.26,0.05,0.103,0.071,0.46,0.12,0.186,0.19,0.028,0.258,0.255,0.365,0.271,0.1,0.313,0.36,0.218,0.217,0.329,0.304,0.374,0.298,0.276,0.195,0.383,0.343,0.167,0.294,0.342,0.153,0.097,0.096,0.04,0.09,0.209,0.143,0.028,0.086,0.947,0.632,0.196,0.542,0.385,0.159,0.157,0.354,0.171,0.285,0.761,0.308,0.097,0.05,0.11,0.103,0.084,0.104,0.04,0.084,0.682,0.865,0.178,0.556,0.429,0.22,0.216,0.224,0.25,0.27,0.667,0.203,0.479,0.466,0.412,0.042,0.557,0.611,0.078,0.182,0.248,0.127,0.858,0.209,0.166,0.25,0.432,0.563,0.159,0.23,0.16,0.194,0.095,0.076,0.033,0.121,0.196,0.058,0.264,0.299,0.623,0.658,0.121,0.985,0.405,0.259,0.121,0.157,0.121,0.367,0.671,0.2,0.151,0.164,0.144,0.079,0.1,0.125,0.065,0.195,0.307,0.415,0.083,0.524,0.969,0.145,0.301,0.281,0.412,0.808,0.339,0.169,0.121,0.349,0.423,0.355,0.246,0.349,0.299,0.095,0.038,0.038,0.397,0.085,0.058,0.959,0.373,0.373,0.058,0.339,0.085,0.315,0.302,0.501,0.354,0.062,0.369,0.545,0.422,0.202,0.112,0.066,0.468,0.148,0.158,0.171,0.802,0.419,0.059,0.297,0.242,0.258,0.255,0.365,0.271,0.1,0.313,0.36,0.218,0.217,0.329,0.304,0.374,0.298,0.276,0.195,0.383,0.343,0.167,0.294,0.342,0.018,0.018,0.007,0.007,0.047,0.047,0.018,0.018,0.047,0.018,0.047,0.018,0.119,0.5,0.007,0.018,0.018,1,0.731,0.018,0.139,0.112,0.188,0.146,0.063,0.186,0.201,0.051,0.618,0.301,0.214,0.112,0.223,0.725,0.069,0.187,0.225,0.568,0.979,0.276,0.338,0.068,0.138,0.059,0.111,0.112,0.077,0.211,0.156,0.743,0.601,0.232,0.462,0.314,0.046,0.266,0.363,0.104,0.31,0.907
1-212.txt_41,0.982,0.269,0.119,0.119,0.5,0.269,0.269,0.5,0.119,0.269,0.269,0.269,0.269,0.119,0.269,0.731,0.5,0.047,0.119,0.5,0.269,0.998,0.5,0.119,0.047,0.731,0.5,0.119,0.5,0.047,0.119,0.881,0.269,0.047,0.119,0.269,0.269,0.047,0.119,0.047,0.119,0.5,0.998,0.731,0.047,0.5,0.5,0.5,0.731,0.047,0.047,0.5,0.119,0.047,0.119,0.731,0.5,0.018,0.119,0.047,0.119,0.119,0.731,0.998,0.018,0.5,0.881,0.269,0.269,0.047,0.018,0.269,0.047,0.018,0.119,0.5,0.269,0.018,0.047,0.047,0.5,0.047,0.047,0.018,1,0.047,0.018,0.047,0.047,0.269,0.269,0.047,0.269,0.119,0.047,0.269,0.269,0.119,0.119,0.269,0.269,0.731,0.5,0.5,0.047,0.993,0.881,0.119,0.5,0.047,0.119,0.731,0.5,0.047,0.269,0.5,0.269,0.119,0.269,0.119,0.269,0.5,0.5,0.881,0.018,0.881,0.993,0.119,0.5,0.047,0.047,0.731,0.119,0.047,0.269,0.5,0.269,0.047,0.119,0.119,0.5,0.119,0.5,0.269,0.047,0.119,0.119,0.998,0.119,0.018,0.018,0.119,0.047,0.047,0.119,0.5,0.119,0.047,0.047,0.047,0.119,0.5,0.731,0.269,0.047,0.5,0.5,0.119,1,0.047,0.047,0.269,0.119,0.269,0.119,0.269,0.119,0.119,0.881,0.047,0.269,0.047,0.047,0.047,0.269,0.047,0.047,0.018,0.047,0.982,0.881,0.047,0.731,0.5,0.047,0.119,0.269,0.047,0.269,0.953,0.269,0.119,0.047,0.018,0.269,0.119,0.047,0.018,0.047,0.881,0.982,0.119,0.881,0.5,0.047,0.119,0.269,0.119,0.269,0.731,0.269,0.881,0.5,0.269,0.047,0.731,0.731,0.119,0.269,0.047,0.119,0.993,0.269,0.047,0.269,0.5,0.269,0.047,0.119,0.119,0.269,0.269,0.119,0.047,0.269,0.5,0.119,0.047,0.119,0.731,0.881,0.269,0.993,0.5,0.047,0.119,0.269,0.269,0.269,0.731,0.119,0.047,0.047,0.018,0.119,0.047,0.047,0.047,0.269,0.5,0.5,0.047,0.5,0.998,0.018,0.119,0.119,0.731,0.953,0.269,0.269,0.119,0.119,0.119,0.047,0.269,0.269,0.119,0.119,0.047,0.047,0.269,0.047,0.018,0.999,0.269,0.269,0.018,0.047,0.119,0.731,0.269,0.731,0.5,0.269,0.5,0.5,0.5,0.269,0.119,0.119,0.5,0.119,0.119,0.269,0.982,0.731,0.047,0.119,0.119,0.5,0.269,0.5,0.269,0.269,0.269,0.269,0.119,0.119,0.269,0.269,0.269,0.269,0.119,0.269,0.731,0.993,0.119,0.119,0.5,0.047,0.047,0.018,0.018,0.119,0.119,0.047,0.047,0.119,0.047,0.119,0.047,0.269,0.731,0.018,0.047,0.119,1,0.881,0.047,0.119,0.119,0.119,0.047,0.119,0.269,0.119,0.047,0.881,0.269,0.269,0.119,0.269,0.953,0.047,0.119,0.119,0.881,0.999,0.269,0.5,0.047,0.047,0.047,0.269,0.119,0.119,0.047,0.047,0.953,0.731,0.119,0.731,0.269,0.119,0.119,0.5,0.047,0.269,0.982
1-212.txt_43,0.659,0.389,0.404,0.257,0.17,0.276,0.299,0.496,0.228,0.346,0.309,0.323,0.303,0.195,0.296,0.409,0.348,0.123,0.247,0.283,0.15,0.916,0.407,0.312,0.113,0.479,0.722,0.069,0.303,0.201,0.137,0.641,0.158,0.296,0.274,0.402,0.279,0.134,0.144,0.203,0.058,0.331,0.954,0.858,0.008,0.433,0.442,0.266,0.576,0.085,0.038,0.518,0.234,0.132,0.171,0.405,0.139,0.132,0.234,0.058,0.243,0.33,0.728,0.721,0.02,0.548,0.769,0.113,0.355,0.157,0.136,0.415,0.118,0.197,0.408,0.529,0.537,0.077,0.055,0.379,0.275,0.168,0.248,0.319,0.994,0.093,0.106,0.044,0.019,0.212,0.085,0.056,0.185,0.014,0.019,0.315,0.265,0.252,0.098,0.145,0.176,0.558,0.378,0.43,0.03,0.784,0.699,0.285,0.314,0.225,0.254,0.74,0.427,0.171,0.197,0.358,0.536,0.017,0.48,0.421,0.196,0.6,0.445,0.514,0.015,0.624,0.902,0.148,0.418,0.237,0.189,0.614,0.252,0.219,0.29,0.444,0.52,0.121,0.134,0.372,0.44,0.219,0.357,0.42,0.285,0.417,0.271,0.885,0.37,0.145,0.164,0.152,0.191,0.225,0.169,0.382,0.255,0.141,0.171,0.154,0.261,0.446,0.47,0.438,0.136,0.484,0.545,0.179,0.856,0.08,0.296,0.685,0.192,0.247,0.278,0.392,0.425,0.155,0.431,0.171,0.156,0.208,0.273,0.135,0.02,0.241,0.076,0.087,0.15,0.821,0.486,0.487,0.742,0.615,0.126,0.236,0.382,0.405,0.511,0.791,0.479,0.134,0.084,0.106,0.312,0.074,0.136,0.142,0.178,0.709,0.829,0.189,0.495,0.602,0.255,0.162,0.289,0.178,0.232,0.717,0.228,0.628,0.435,0.431,0.071,0.569,0.533,0.256,0.286,0.289,0.22,0.796,0.173,0.187,0.43,0.413,0.553,0.234,0.229,0.339,0.364,0.303,0.105,0.033,0.136,0.334,0.231,0.056,0.059,0.397,0.684,0.346,0.846,0.418,0.166,0.302,0.316,0.113,0.408,0.383,0.231,0.01,0.01,0.009,0.024,0.093,0.093,0.053,0.026,0.55,0.796,0.027,0.335,0.988,0.01,0.056,0.123,0.085,0.615,0.505,0.554,0.253,0.382,0.507,0.231,0.305,0.479,0.283,0.163,0.115,0.112,0.36,0.131,0.085,0.886,0.554,0.315,0.01,0.055,0.17,0.231,0.235,0.582,0.425,0.266,0.322,0.548,0.158,0.448,0.348,0.255,0.449,0.264,0.377,0.403,0.572,0.742,0.014,0.437,0.415,0.304,0.405,0.509,0.579,0.113,0.495,0.529,0.347,0.342,0.2,0.203,0.545,0.356,0.126,0.14,0.553,0.661,0.04,0.097,0.337,0.058,0.106,0.13,0.3,0.014,0.54,0.562,0.209,0.108,0.058,0.413,0.08,0.038,0.651,0.106,0.257,0.209,0.998,0.738,0.183,0.271,0.128,0.072,0.063,0.283,0.143,0.253,0.032,0.471,0.38,0.373,0.124,0.274,0.832,0.154,0.179,0.192,0.356,0.924,0.35,0.474,0.088,0.152,0.111,0.276,0.173,0.112,0.098,0.223,0.754,0.745,0.198,0.511,0.497,0.105,0.199,0.341,0.304,0.243,0.875
1-212.txt_45,0.925,0.116,0.222,0.234,0.105,0.239,0.272,0.333,0.194,0.269,0.22,0.312,0.191,0.183,0.143,0.614,0.328,0.026,0.161,0.451,0.202,0.801,0.317,0.337,0.098,0.446,0.425,0.113,0.218,0.255,0.153,0.603,0.335,0.271,0.168,0.427,0.403,0.239,0.222,0.457,0.227,0.101,0.815,0.616,0.051,0.31,0.317,0.171,0.339,0.113,0.211,0.254,0.394,0.294,0.442,0.387,0.595,0.106,0.455,0.065,0.183,0.277,0.725,0.867,0.082,0.37,0.654,0.287,0.178,0.07,0.071,0.406,0.081,0.051,0.271,0.402,0.272,0.045,0.154,0.087,0.5,0.047,0.119,0.047,0.953,0.119,0.047,0.881,0.047,0.018,0.119,0.047,0.047,0.018,0.047,0.993,0.731,0.007,0.018,0.047,0.348,0.833,0.599,0.5,0.028,0.903,0.735,0.062,0.209,0.036,0.036,0.667,0.09,0.09,0.076,0.331,0.362,0.223,0.404,0.1,0.336,0.289,0.722,0.529,0.032,0.553,0.832,0.331,0.184,0.125,0.066,0.417,0.114,0.065,0.366,0.556,0.45,0.023,0.283,0.168,0.345,0.105,0.428,0.353,0.271,0.138,0.171,0.851,0.194,0.053,0.159,0.173,0.252,0.157,0.228,0.271,0.233,0.112,0.096,0.075,0.119,0.375,0.389,0.069,0.047,0.389,0.259,0.253,0.731,0.741,0.158,0.5,0.194,0.047,0.069,0.5,0.741,0.033,0.047,0.857,0.299,0.118,0.284,0.185,0.337,0.057,0.143,0.227,0.05,0.769,0.609,0.12,0.512,0.336,0.055,0.471,0.45,0.033,0.324,0.689,0.192,0.119,0.047,0.085,0.205,0.079,0.08,0.094,0.239,0.586,0.865,0.097,0.582,0.635,0.037,0.287,0.31,0.176,0.497,0.526,0.267,0.599,0.505,0.441,0.156,0.434,0.495,0.153,0.364,0.199,0.134,0.863,0.185,0.261,0.243,0.388,0.439,0.041,0.266,0.223,0.5,0.222,0.062,0.028,0.095,0.246,0.071,0.038,0.637,0.601,0.711,0.071,0.986,0.5,0.038,0.299,0.246,0.071,0.447,0.5,0.207,0.122,0.351,0.053,0.197,0.122,0.112,0.155,0.261,0.381,0.424,0.187,0.512,0.903,0.243,0.358,0.305,0.451,0.802,0.292,0.377,0.254,0.292,0.319,0.208,0.32,0.362,0.318,0.135,0.2,0.222,0.215,0.185,0.176,0.961,0.288,0.208,0.04,0.173,0.216,0.459,0.356,0.57,0.247,0.192,0.477,0.424,0.286,0.407,0.237,0.134,0.402,0.137,0.048,0.253,0.84,0.683,0.036,0.177,0.371,0.37,0.338,0.334,0.149,0.239,0.438,0.28,0.249,0.201,0.3,0.373,0.365,0.263,0.169,0.23,0.483,0.809,0.188,0.084,0.512,0.074,0.18,0.303,0.079,0.062,0.115,0.25,0.062,0.187,0.053,0.078,0.191,0.133,0.517,0.018,0.191,0.294,0.999,0.792,0.225,0.221,0.12,0.117,0.124,0.123,0.19,0.302,0.046,0.433,0.396,0.336,0.307,0.196,0.742,0.092,0.209,0.294,0.485,0.924,0.317,0.376,0.151,0.311,0.163,0.093,0.368,0.203,0.165,0.314,0.655,0.495,0.253,0.449,0.229,0.183,0.32,0.399,0.153,0.169,0.875
1-212.txt_47,0.719,0.235,0.385,0.318,0.317,0.231,0.373,0.379,0.051,0.244,0.27,0.294,0.113,0.277,0.294,0.405,0.5,0.107,0.367,0.363,0.284,0.805,0.311,0.266,0.011,0.563,0.349,0.238,0.274,0.078,0.065,0.927,0.051,0.012,0.387,0.234,0.266,0.253,0.051,0.143,0.212,0.557,0.692,0.61,0.008,0.737,0.801,0.18,0.27,0.222,0.137,0.562,0.123,0.022,0.357,0.396,0.462,0.186,0.017,0.123,0.243,0.519,0.694,0.687,0.373,0.442,0.731,0.5,0.309,0.251,0.061,0.587,0.116,0.075,0.29,0.548,0.48,0.006,0.053,0.191,0.407,0.01,0.14,0.128,0.998,0.018,0.018,0.246,0.251,0.106,0.252,0.018,0.252,0.253,0.038,0.47,0.274,0.133,0.133,0.216,0.155,0.518,0.353,0.351,0.21,0.854,0.77,0.158,0.744,0.213,0.156,0.578,0.277,0.111,0.178,0.362,0.383,0.235,0.403,0.257,0.203,0.413,0.382,0.636,0.011,0.568,0.874,0.234,0.32,0.173,0.123,0.486,0.232,0.106,0.317,0.4,0.339,0.164,0.258,0.271,0.326,0.324,0.564,0.509,0.01,0.264,0.265,0.809,0.24,0.058,0.057,0.234,0.042,0.116,0.173,0.455,0.236,0.056,0.012,0.098,0.071,0.265,0.543,0.185,0.007,0.349,0.325,0.044,0.981,0.423,0.262,0.389,0.399,0.664,0.094,0.135,0.466,0.058,0.74,0.493,0.256,0.36,0.254,0.273,0.175,0.189,0.317,0.132,0.307,0.636,0.691,0.215,0.522,0.557,0.027,0.282,0.497,0.233,0.273,0.547,0.33,0.213,0.148,0.132,0.122,0.231,0.245,0.084,0.192,0.569,0.731,0.253,0.5,0.488,0.177,0.246,0.35,0.056,0.239,0.582,0.192,0.708,0.302,0.361,0.009,0.541,0.661,0.072,0.52,0.239,0.198,0.908,0.314,0.291,0.245,0.263,0.407,0.063,0.229,0.324,0.242,0.322,0.181,0.225,0.148,0.238,0.194,0.151,0.147,0.41,0.609,0.428,0.799,0.332,0.094,0.24,0.531,0.152,0.27,0.548,0.228,0.244,0.11,0.064,0.073,0.361,0.124,0.067,0.394,0.409,0.586,0.157,0.227,0.937,0.142,0.183,0.249,0.183,0.661,0.397,0.261,0.219,0.241,0.245,0.014,0.327,0.304,0.032,0.066,0.105,0.266,0.401,0.134,0.148,0.992,0.344,0.268,0.134,0.169,0.091,0.508,0.159,0.392,0.459,0.129,0.301,0.275,0.254,0.18,0.221,0.238,0.216,0.34,0.17,0.352,0.863,0.646,0.228,0.231,0.428,0.519,0.245,0.322,0.137,0.287,0.307,0.17,0.224,0.239,0.462,0.308,0.299,0.342,0.221,0.033,0.434,0.8,0.14,0.396,0.604,0.007,0.007,0.002,0.001,0.007,0.007,0.002,0.007,0.007,0.007,0.018,0.002,0.018,0.269,0.002,0.007,0.007,1,0.881,0.002,0.231,0.138,0.251,0.401,0.206,0.209,0.351,0.211,0.386,0.275,0.273,0.244,0.251,0.644,0.066,0.112,0.079,0.565,0.807,0.112,0.381,0.22,0.334,0.246,0.089,0.357,0.266,0.178,0.21,0.55,0.368,0.396,0.409,0.369,0.248,0.225,0.437,0.156,0.353,0.688
1-212.txt_49,0.982,0.119,0.119,0.119,0.5,0.269,0.269,0.5,0.119,0.269,0.119,0.269,0.269,0.119,0.269,0.731,0.5,0.047,0.119,0.5,0.119,0.998,0.5,0.119,0.018,0.731,0.5,0.047,0.5,0.047,0.119,0.881,0.269,0.047,0.119,0.269,0.269,0.047,0.119,0.047,0.119,0.5,0.998,0.731,0.047,0.5,0.5,0.5,0.731,0.018,0.018,0.5,0.119,0.047,0.119,0.731,0.5,0.018,0.119,0.047,0.119,0.119,0.731,0.998,0.018,0.5,0.881,0.269,0.269,0.047,0.018,0.269,0.047,0.018,0.119,0.5,0.269,0.007,0.047,0.047,0.5,0.018,0.047,0.018,1,0.047,0.018,0.047,0.047,0.269,0.269,0.047,0.119,0.047,0.047,0.269,0.269,0.047,0.047,0.269,0.269,0.731,0.5,0.5,0.047,0.998,0.881,0.119,0.5,0.047,0.119,0.731,0.5,0.047,0.269,0.5,0.269,0.119,0.119,0.119,0.269,0.5,0.5,0.881,0.018,0.881,0.993,0.119,0.5,0.047,0.047,0.731,0.119,0.047,0.269,0.5,0.269,0.047,0.119,0.047,0.5,0.047,0.5,0.269,0.047,0.119,0.119,0.998,0.119,0.018,0.018,0.119,0.047,0.047,0.119,0.5,0.119,0.047,0.047,0.047,0.119,0.5,0.731,0.269,0.047,0.5,0.5,0.119,1,0.018,0.047,0.269,0.119,0.269,0.119,0.269,0.119,0.047,0.881,0.047,0.269,0.047,0.018,0.047,0.269,0.047,0.047,0.018,0.018,0.982,0.881,0.047,0.731,0.5,0.047,0.047,0.269,0.047,0.269,0.953,0.119,0.119,0.018,0.018,0.269,0.119,0.047,0.018,0.047,0.881,0.982,0.047,0.881,0.5,0.047,0.047,0.269,0.119,0.269,0.731,0.269,0.881,0.5,0.269,0.047,0.731,0.731,0.119,0.269,0.047,0.047,0.993,0.269,0.047,0.269,0.5,0.269,0.047,0.119,0.119,0.269,0.269,0.119,0.047,0.119,0.5,0.119,0.047,0.119,0.731,0.881,0.269,0.998,0.5,0.047,0.119,0.269,0.119,0.269,0.731,0.119,0.047,0.047,0.018,0.047,0.047,0.047,0.047,0.269,0.5,0.5,0.047,0.5,0.999,0.018,0.047,0.119,0.731,0.953,0.269,0.269,0.119,0.119,0.119,0.047,0.269,0.269,0.119,0.119,0.047,0.047,0.269,0.047,0.018,1,0.269,0.269,0.018,0.047,0.047,0.731,0.269,0.731,0.5,0.269,0.5,0.5,0.5,0.269,0.047,0.047,0.5,0.119,0.047,0.269,0.982,0.881,0.047,0.119,0.119,0.5,0.269,0.5,0.269,0.269,0.269,0.269,0.119,0.119,0.269,0.269,0.269,0.269,0.119,0.269,0.881,0.993,0.047,0.119,0.5,0.047,0.047,0.018,0.007,0.047,0.119,0.047,0.047,0.047,0.047,0.119,0.047,0.119,0.731,0.018,0.047,0.047,1,0.881,0.047,0.119,0.119,0.119,0.047,0.047,0.119,0.119,0.047,0.881,0.269,0.269,0.119,0.269,0.953,0.047,0.119,0.119,0.881,0.999,0.269,0.5,0.047,0.047,0.047,0.269,0.119,0.047,0.047,0.047,0.953,0.731,0.119,0.731,0.269,0.047,0.119,0.5,0.047,0.269,0.982
1-212.txt_51,0.645,0.253,0.227,0.248,0.396,0.323,0.5,0.167,0.193,0.163,0.358,0.416,0.281,0.368,0.082,0.352,0.302,0.129,0.458,0.217,0.219,0.812,0.071,0.577,0.014,0.627,0.651,0.062,0.299,0.349,0.349,0.741,0.222,0.315,0.038,0.349,0.275,0.336,0.315,0.349,0.171,0.206,0.928,0.566,0.129,0.484,0.246,0.422,0.276,0.21,0.205,0.542,0.25,0.23,0.325,0.407,0.382,0.125,0.267,0.267,0.269,0.273,0.669,0.862,0.105,0.357,0.514,0.312,0.181,0.075,0.156,0.324,0.102,0.202,0.259,0.406,0.38,0.079,0.149,0.149,0.301,0.116,0.217,0.019,0.99,0.036,0.019,0.074,0.024,0.243,0.333,0.08,0.305,0.187,0.161,0.225,0.242,0.024,0.042,0.35,0.234,0.284,0.599,0.599,0.177,0.899,0.631,0.173,0.145,0.038,0.182,0.526,0.066,0.019,0.217,0.625,0.498,0.014,0.038,0.222,0.306,0.422,0.269,0.3,0.021,0.576,0.812,0.242,0.097,0.236,0.159,0.557,0.098,0.26,0.195,0.28,0.441,0.129,0.366,0.343,0.411,0.183,0.503,0.384,0.026,0.176,0.265,0.761,0.133,0.087,0.15,0.292,0.162,0.387,0.137,0.446,0.227,0.03,0.316,0.17,0.083,0.523,0.119,0.5,0.012,0.269,0.536,0.375,0.937,0.138,0.033,0.425,0.047,0.369,0.033,0.389,0.083,0.012,0.083,0.143,0.234,0.03,0.337,0.137,0.283,0.044,0.138,0.193,0.136,0.881,0.657,0.181,0.673,0.332,0.078,0.159,0.283,0.13,0.242,0.703,0.266,0.125,0.114,0.073,0.127,0.133,0.042,0.092,0.16,0.567,0.84,0.159,0.549,0.63,0.09,0.164,0.44,0.159,0.401,0.705,0.241,0.751,0.508,0.136,0.019,0.865,0.49,0.056,0.135,0.359,0.161,0.882,0.12,0.075,0.086,0.301,0.301,0.031,0.353,0.307,0.405,0.416,0.03,0.015,0.065,0.094,0.037,0.015,0.055,0.678,0.678,0.266,0.955,0.507,0.146,0.369,0.157,0.292,0.445,0.641,0.22,0.106,0.174,0.035,0.28,0.465,0.25,0.14,0.177,0.549,0.486,0.442,0.285,0.75,0.088,0.386,0.282,0.309,0.42,0.533,0.292,0.349,0.493,0.417,0.033,0.31,0.424,0.248,0.083,0.095,0.095,0.463,0.065,0.319,0.926,0.613,0.463,0.266,0.248,0.362,0.614,0.237,0.548,0.426,0.172,0.313,0.339,0.52,0.228,0.089,0.141,0.313,0.214,0.087,0.281,0.789,0.383,0.016,0.188,0.281,0.319,0.414,0.425,0.391,0.099,0.33,0.448,0.141,0.128,0.32,0.234,0.482,0.233,0.232,0.335,0.451,0.867,0.07,0.292,0.324,0.219,0.219,0.234,0.138,0.018,0.222,0.158,0.349,0.04,0.085,0.113,0.374,0.103,0.679,0.234,0.219,0.209,0.997,0.576,0.048,0.192,0.27,0.275,0.038,0.1,0.223,0.115,0.084,0.623,0.271,0.312,0.148,0.115,0.703,0.083,0.246,0.206,0.469,0.95,0.311,0.461,0.22,0.174,0.097,0.205,0.319,0.074,0.202,0.269,0.59,0.407,0.25,0.473,0.361,0.191,0.311,0.375,0.027,0.3,0.764
1-212.txt_53,0.975,0.178,0.145,0.17,0.219,0.383,0.383,0.397,0.152,0.162,0.212,0.304,0.287,0.072,0.333,0.628,0.397,0.055,0.111,0.423,0.119,0.982,0.119,0.047,0.119,0.5,0.269,0.047,0.119,0.5,0.953,0.5,0.731,0.269,0.047,0.119,0.269,0.119,0.119,0.269,0.194,0.384,0.992,0.652,0.065,0.471,0.452,0.339,0.413,0.098,0.155,0.476,0.14,0.068,0.11,0.5,0.387,0.029,0.092,0.103,0.186,0.272,0.706,0.993,0.047,0.426,0.721,0.148,0.308,0.157,0.089,0.365,0.131,0.034,0.138,0.528,0.298,0.017,0.065,0.122,0.302,0.032,0.079,0.032,1,0.079,0.032,0.079,0.058,0.248,0.119,0.058,0.119,0.047,0.058,0.367,0.302,0.047,0.058,0.269,0.313,0.618,0.442,0.292,0.072,0.988,0.723,0.114,0.404,0.23,0.177,0.67,0.355,0.068,0.169,0.442,0.328,0.077,0.132,0.235,0.27,0.384,0.503,0.72,0.048,0.737,0.985,0.229,0.346,0.055,0.062,0.579,0.102,0.046,0.287,0.538,0.367,0.054,0.102,0.09,0.515,0.116,0.351,0.274,0.081,0.227,0.221,0.989,0.134,0.078,0.049,0.204,0.096,0.061,0.124,0.437,0.21,0.058,0.072,0.11,0.346,0.408,0.552,0.285,0.076,0.546,0.408,0.179,0.998,0.064,0.076,0.406,0.179,0.119,0.119,0.408,0.376,0.047,0.576,0.106,0.149,0.047,0.03,0.03,0.209,0.047,0.03,0.018,0.044,0.981,0.775,0.047,0.685,0.552,0.042,0.062,0.239,0.106,0.272,0.871,0.188,0.195,0.1,0.074,0.142,0.281,0.157,0.066,0.127,0.678,0.966,0.162,0.803,0.485,0.163,0.127,0.257,0.166,0.27,0.571,0.283,0.836,0.404,0.365,0.045,0.644,0.617,0.178,0.241,0.078,0.113,0.976,0.176,0.054,0.249,0.442,0.314,0.042,0.101,0.08,0.269,0.119,0.095,0.038,0.119,0.269,0.095,0.047,0.119,0.731,0.905,0.119,0.997,0.5,0.047,0.119,0.269,0.119,0.269,0.731,0.083,0.047,0.047,0.018,0.065,0.051,0.025,0.04,0.214,0.555,0.558,0.047,0.442,0.996,0.018,0.065,0.119,0.616,0.908,0.384,0.472,0.259,0.42,0.259,0.071,0.282,0.282,0.207,0.169,0.108,0.108,0.358,0.12,0.19,0.998,0.398,0.244,0.07,0.161,0.133,0.673,0.279,0.529,0.562,0.213,0.5,0.56,0.387,0.25,0.075,0.075,0.442,0.138,0.075,0.279,0.973,0.644,0.071,0.12,0.12,0.442,0.27,0.465,0.286,0.224,0.293,0.302,0.185,0.15,0.263,0.229,0.329,0.281,0.114,0.224,0.729,0.981,0.08,0.156,0.441,0.152,0.062,0.068,0.031,0.076,0.149,0.092,0.092,0.062,0.138,0.286,0.062,0.242,0.639,0.038,0.228,0.152,1,0.821,0.106,0.149,0.105,0.12,0.05,0.076,0.149,0.09,0.042,0.652,0.255,0.452,0.135,0.361,0.902,0.056,0.195,0.286,0.791,0.996,0.315,0.368,0.068,0.079,0.041,0.226,0.088,0.068,0.031,0.108,0.831,0.631,0.078,0.599,0.347,0.193,0.195,0.437,0.118,0.308,0.968
1-212.txt_55,0.982,0.269,0.119,0.119,0.5,0.269,0.269,0.5,0.119,0.269,0.269,0.269,0.269,0.119,0.269,0.731,0.5,0.047,0.119,0.5,0.269,0.993,0.5,0.119,0.047,0.731,0.5,0.119,0.5,0.047,0.119,0.881,0.269,0.047,0.119,0.269,0.269,0.047,0.119,0.119,0.119,0.5,0.998,0.731,0.047,0.5,0.5,0.5,0.731,0.047,0.047,0.5,0.119,0.047,0.119,0.731,0.5,0.018,0.119,0.047,0.119,0.119,0.731,0.998,0.047,0.5,0.881,0.269,0.269,0.047,0.018,0.269,0.047,0.047,0.269,0.5,0.269,0.018,0.047,0.047,0.5,0.047,0.047,0.047,1,0.047,0.018,0.119,0.047,0.269,0.269,0.047,0.269,0.119,0.047,0.269,0.269,0.119,0.119,0.269,0.269,0.731,0.5,0.5,0.047,0.993,0.881,0.119,0.5,0.047,0.119,0.731,0.5,0.047,0.269,0.5,0.269,0.119,0.269,0.119,0.269,0.5,0.5,0.881,0.018,0.881,0.993,0.119,0.5,0.047,0.047,0.731,0.119,0.047,0.269,0.5,0.269,0.047,0.119,0.119,0.5,0.119,0.5,0.269,0.119,0.119,0.119,0.998,0.119,0.018,0.018,0.119,0.047,0.047,0.119,0.5,0.119,0.119,0.047,0.047,0.119,0.5,0.731,0.269,0.047,0.5,0.5,0.119,0.999,0.047,0.047,0.269,0.119,0.269,0.119,0.269,0.119,0.119,0.881,0.047,0.269,0.047,0.047,0.047,0.269,0.047,0.047,0.018,0.047,0.982,0.881,0.047,0.731,0.5,0.047,0.119,0.269,0.047,0.269,0.953,0.269,0.119,0.047,0.018,0.269,0.119,0.047,0.018,0.047,0.881,0.982,0.119,0.881,0.5,0.047,0.119,0.269,0.119,0.269,0.731,0.269,0.881,0.5,0.269,0.047,0.731,0.731,0.119,0.269,0.047,0.119,0.982,0.269,0.047,0.269,0.5,0.269,0.047,0.119,0.119,0.269,0.269,0.119,0.047,0.269,0.5,0.119,0.047,0.119,0.731,0.881,0.269,0.993,0.5,0.119,0.269,0.269,0.269,0.269,0.731,0.119,0.047,0.047,0.047,0.119,0.047,0.047,0.047,0.269,0.5,0.5,0.047,0.5,0.998,0.018,0.119,0.119,0.731,0.953,0.269,0.269,0.119,0.119,0.269,0.047,0.269,0.269,0.119,0.119,0.047,0.047,0.269,0.119,0.018,0.999,0.269,0.269,0.018,0.047,0.119,0.731,0.269,0.731,0.5,0.269,0.5,0.5,0.5,0.269,0.119,0.119,0.5,0.269,0.119,0.269,0.982,0.731,0.047,0.119,0.119,0.5,0.269,0.5,0.269,0.269,0.269,0.269,0.119,0.119,0.269,0.269,0.269,0.269,0.119,0.269,0.731,0.993,0.119,0.119,0.5,0.047,0.047,0.018,0.018,0.119,0.119,0.047,0.119,0.119,0.047,0.119,0.047,0.269,0.731,0.018,0.047,0.119,1,0.881,0.047,0.119,0.119,0.119,0.047,0.119,0.269,0.119,0.047,0.881,0.269,0.269,0.119,0.269,0.953,0.047,0.119,0.119,0.881,0.999,0.269,0.5,0.119,0.047,0.047,0.269,0.119,0.119,0.047,0.047,0.953,0.731,0.119,0.731,0.269,0.119,0.119,0.5,0.047,0.269,0.982
1-212.txt_57,0.982,0.119,0.119,0.119,0.5,0.269,0.269,0.5,0.119,0.269,0.119,0.269,0.269,0.119,0.269,0.731,0.5,0.047,0.119,0.5,0.119,0.998,0.5,0.119,0.018,0.731,0.5,0.047,0.5,0.047,0.119,0.881,0.119,0.047,0.119,0.269,0.269,0.047,0.119,0.047,0.119,0.5,0.998,0.731,0.047,0.5,0.5,0.5,0.731,0.018,0.018,0.5,0.119,0.047,0.119,0.731,0.5,0.018,0.119,0.047,0.119,0.119,0.731,0.998,0.018,0.5,0.881,0.269,0.269,0.047,0.018,0.269,0.047,0.018,0.119,0.5,0.269,0.007,0.047,0.047,0.5,0.018,0.047,0.018,1,0.047,0.018,0.047,0.047,0.269,0.269,0.047,0.119,0.047,0.047,0.269,0.269,0.047,0.047,0.269,0.269,0.731,0.5,0.5,0.047,0.998,0.881,0.119,0.5,0.047,0.119,0.731,0.5,0.018,0.269,0.5,0.269,0.119,0.119,0.119,0.269,0.5,0.5,0.881,0.018,0.881,0.993,0.119,0.5,0.018,0.047,0.731,0.119,0.018,0.269,0.5,0.269,0.047,0.119,0.047,0.5,0.047,0.5,0.269,0.047,0.119,0.119,0.998,0.119,0.018,0.018,0.119,0.047,0.047,0.119,0.5,0.119,0.047,0.047,0.047,0.119,0.5,0.731,0.269,0.047,0.5,0.5,0.119,1,0.018,0.047,0.269,0.119,0.269,0.119,0.269,0.119,0.047,0.881,0.047,0.269,0.047,0.018,0.047,0.269,0.047,0.018,0.018,0.018,0.982,0.881,0.047,0.731,0.5,0.047,0.047,0.269,0.047,0.269,0.953,0.119,0.119,0.018,0.018,0.269,0.119,0.047,0.018,0.047,0.881,0.982,0.047,0.881,0.5,0.047,0.047,0.269,0.119,0.269,0.731,0.269,0.881,0.5,0.269,0.047,0.731,0.731,0.119,0.269,0.047,0.047,0.993,0.119,0.047,0.269,0.5,0.269,0.047,0.119,0.047,0.269,0.119,0.119,0.047,0.119,0.5,0.119,0.047,0.119,0.731,0.881,0.119,0.998,0.5,0.047,0.119,0.269,0.119,0.269,0.731,0.119,0.047,0.047,0.018,0.047,0.018,0.018,0.047,0.269,0.5,0.5,0.047,0.5,0.999,0.018,0.047,0.119,0.731,0.953,0.269,0.269,0.119,0.119,0.119,0.047,0.269,0.269,0.119,0.119,0.047,0.047,0.269,0.047,0.018,1,0.269,0.269,0.018,0.047,0.047,0.731,0.269,0.731,0.5,0.269,0.5,0.5,0.5,0.269,0.047,0.047,0.5,0.119,0.047,0.269,0.982,0.881,0.047,0.119,0.119,0.5,0.269,0.5,0.269,0.269,0.269,0.269,0.119,0.119,0.269,0.269,0.269,0.269,0.119,0.269,0.881,0.993,0.047,0.119,0.5,0.047,0.047,0.018,0.007,0.047,0.119,0.047,0.047,0.047,0.047,0.119,0.047,0.119,0.731,0.018,0.047,0.047,1,0.881,0.047,0.119,0.119,0.119,0.047,0.047,0.119,0.119,0.047,0.881,0.269,0.269,0.119,0.269,0.953,0.047,0.119,0.119,0.881,0.999,0.269,0.5,0.047,0.047,0.047,0.269,0.119,0.047,0.047,0.047,0.953,0.731,0.047,0.731,0.269,0.047,0.119,0.5,0.047,0.269,0.982
1-212.txt_59,0.85,0.256,0.187,0.167,0.149,0.359,0.389,0.288,0.087,0.305,0.282,0.34,0.251,0.218,0.226,0.462,0.355,0.046,0.103,0.444,0.095,0.924,0.246,0.463,0.019,0.638,0.411,0.222,0.107,0.138,0.171,0.669,0.083,0.024,0.3,0.373,0.495,0.335,0.059,0.142,0.107,0.288,0.944,0.537,0.016,0.537,0.5,0.443,0.144,0.213,0.16,0.638,0.054,0.133,0.043,0.514,0.144,0.01,0.045,0.101,0.239,0.451,0.622,0.978,0.115,0.287,0.675,0.359,0.277,0.08,0.021,0.432,0.039,0.01,0.254,0.372,0.351,0.008,0.036,0.124,0.157,0.063,0.106,0.14,1,0.063,0.253,0.204,0.498,0.04,0.04,0.158,0.047,0.025,0.146,0.518,0.157,0.018,0.088,0.083,0.331,0.492,0.322,0.277,0.223,0.787,0.307,0.235,0.167,0.488,0.506,0.243,0.255,0.374,0.141,0.303,0.378,0.062,0.439,0.349,0.203,0.325,0.4,0.575,0.051,0.688,0.918,0.131,0.32,0.05,0.073,0.516,0.063,0.209,0.136,0.507,0.33,0.068,0.152,0.165,0.318,0.341,0.243,0.354,0.102,0.298,0.31,0.959,0.139,0.151,0.191,0.19,0.163,0.105,0.199,0.405,0.265,0.034,0.055,0.17,0.217,0.399,0.289,0.202,0.035,0.292,0.51,0.118,0.929,0.263,0.498,0.665,0.176,0.25,0.253,0.279,0.217,0.234,0.486,0.282,0.207,0.131,0.164,0.264,0.183,0.043,0.062,0.015,0.282,0.947,0.667,0.039,0.493,0.589,0.022,0.089,0.47,0.071,0.431,0.673,0.25,0.209,0.154,0.119,0.118,0.166,0.215,0.073,0.144,0.689,0.882,0.189,0.594,0.377,0.036,0.203,0.414,0.051,0.173,0.573,0.212,0.458,0.221,0.502,0.031,0.573,0.431,0.138,0.216,0.397,0.203,0.888,0.315,0.219,0.362,0.323,0.433,0.179,0.273,0.253,0.247,0.387,0.228,0.106,0.095,0.335,0.146,0.181,0.311,0.562,0.551,0.427,0.922,0.495,0.111,0.157,0.205,0.108,0.265,0.539,0.187,0.044,0.125,0.085,0.05,0.177,0.216,0.068,0.103,0.644,0.523,0.061,0.449,0.946,0.033,0.176,0.281,0.249,0.73,0.364,0.294,0.267,0.352,0.309,0.036,0.491,0.417,0.142,0.12,0.135,0.118,0.372,0.159,0.032,0.964,0.262,0.286,0.116,0.053,0.203,0.431,0.343,0.472,0.308,0.199,0.215,0.241,0.204,0.27,0.192,0.198,0.335,0.237,0.299,0.177,0.829,0.591,0.235,0.239,0.19,0.289,0.368,0.382,0.375,0.051,0.306,0.401,0.161,0.236,0.168,0.199,0.294,0.28,0.222,0.299,0.504,0.848,0.049,0.232,0.359,0.018,0.018,0.007,0.002,0.018,0.018,0.018,0.018,0.018,0.018,0.047,0.007,0.047,0.5,0.007,0.018,0.018,1,0.731,0.018,0.627,0.071,0.865,0.275,0.363,0.095,0.275,0.222,0.373,0.095,0.185,0.121,0.388,0.433,0.038,0.577,0.527,0.135,0.902,0.426,0.152,0.238,0.134,0.148,0.074,0.209,0.209,0.026,0.081,0.625,0.522,0.227,0.494,0.47,0.287,0.24,0.401,0.171,0.3,0.861
1-212.txt_61,0.669,0.192,0.191,0.334,0.206,0.377,0.309,0.246,0.049,0.4,0.33,0.302,0.445,0.209,0.103,0.43,0.435,0.072,0.164,0.6,0.185,0.943,0.253,0.17,0.14,0.577,0.452,0.201,0.386,0.066,0.115,0.896,0.23,0.112,0.177,0.195,0.26,0.165,0.269,0.173,0.239,0.311,0.813,0.7,0.097,0.515,0.641,0.376,0.421,0.135,0.041,0.464,0.041,0.125,0.31,0.395,0.321,0.081,0.228,0.066,0.168,0.38,0.567,0.912,0.084,0.653,0.805,0.115,0.471,0.149,0.049,0.449,0.096,0.082,0.257,0.392,0.348,0.243,0.065,0.155,0.329,0.12,0.093,0.178,0.999,0.15,0.225,0.073,0.064,0.236,0.179,0.154,0.187,0.069,0.046,0.286,0.239,0.069,0.073,0.24,0.251,0.53,0.466,0.472,0.105,0.895,0.829,0.336,0.357,0.212,0.18,0.653,0.285,0.127,0.17,0.361,0.292,0.109,0.166,0.168,0.224,0.432,0.292,0.609,0.046,0.661,0.94,0.069,0.359,0.183,0.212,0.604,0.219,0.142,0.294,0.366,0.433,0.019,0.305,0.214,0.467,0.208,0.471,0.18,0.116,0.194,0.204,0.8,0.181,0.143,0.175,0.201,0.151,0.128,0.181,0.508,0.224,0.043,0.184,0.238,0.047,0.383,0.476,0.5,0.252,0.651,0.45,0.353,0.895,0.014,0.014,0.5,0.038,0.312,0.423,0.145,0.315,0.014,0.389,0.018,0.268,0.204,0.074,0.11,0.052,0.203,0.248,0.023,0.163,0.792,0.731,0.267,0.449,0.41,0.282,0.117,0.209,0.196,0.155,0.765,0.2,0.294,0.23,0.165,0.073,0.214,0.269,0.17,0.18,0.662,0.736,0.263,0.569,0.574,0.123,0.238,0.243,0.131,0.357,0.553,0.288,0.737,0.367,0.364,0.072,0.669,0.603,0.139,0.334,0.163,0.172,0.92,0.209,0.057,0.301,0.408,0.301,0.02,0.112,0.211,0.354,0.283,0.129,0.11,0.227,0.43,0.187,0.199,0.084,0.668,0.838,0.262,0.87,0.517,0.096,0.167,0.228,0.132,0.408,0.707,0.084,0.054,0.059,0.105,0.022,0.115,0.077,0.066,0.209,0.52,0.733,0.19,0.438,0.977,0.205,0.132,0.098,0.337,0.333,0.592,0.406,0.214,0.24,0.352,0.052,0.239,0.397,0.201,0.238,0.138,0.165,0.335,0.123,0.092,0.896,0.343,0.387,0.15,0.147,0.158,0.343,0.283,0.547,0.609,0.081,0.357,0.567,0.313,0.364,0.159,0.202,0.428,0.072,0.104,0.362,0.74,0.609,0.047,0.127,0.186,0.285,0.453,0.338,0.323,0.118,0.422,0.405,0.192,0.441,0.325,0.308,0.48,0.378,0.375,0.222,0.563,0.862,0.034,0.268,0.428,0.244,0.15,0.039,0.134,0.066,0.281,0.262,0.066,0.066,0.208,0.094,0.092,0.151,0.4,0.014,0.092,0.186,0.998,0.628,0.262,0.233,0.15,0.174,0.166,0.324,0.165,0.053,0.059,0.558,0.156,0.372,0.187,0.378,0.738,0.09,0.232,0.281,0.147,0.907,0.201,0.476,0.212,0.049,0.076,0.199,0.151,0.113,0.137,0.087,0.753,0.6,0.222,0.608,0.37,0.162,0.241,0.429,0.086,0.291,0.888
1-212.txt_63,0.942,0.237,0.218,0.187,0.242,0.349,0.294,0.44,0.186,0.157,0.152,0.359,0.213,0.141,0.267,0.629,0.484,0.131,0.224,0.346,0.232,0.978,0.372,0.26,0.059,0.678,0.556,0.12,0.391,0.18,0.196,0.713,0.258,0.177,0.151,0.327,0.301,0.159,0.296,0.196,0.207,0.372,0.988,0.66,0.073,0.489,0.544,0.31,0.411,0.123,0.063,0.507,0.12,0.063,0.211,0.538,0.421,0.047,0.102,0.119,0.202,0.265,0.735,0.991,0.054,0.431,0.71,0.292,0.335,0.047,0.041,0.292,0.059,0.05,0.194,0.453,0.247,0.036,0.081,0.05,0.356,0.066,0.103,0.066,1,0.088,0.062,0.112,0.069,0.157,0.157,0.069,0.157,0.084,0.084,0.383,0.327,0.084,0.093,0.25,0.355,0.551,0.565,0.434,0.062,0.983,0.738,0.152,0.449,0.052,0.08,0.626,0.245,0.135,0.169,0.574,0.346,0.088,0.17,0.096,0.29,0.481,0.374,0.628,0.039,0.81,0.983,0.12,0.381,0.097,0.071,0.646,0.154,0.128,0.201,0.416,0.317,0.071,0.161,0.176,0.494,0.164,0.341,0.178,0.094,0.189,0.162,0.984,0.198,0.07,0.089,0.302,0.202,0.097,0.187,0.466,0.194,0.105,0.144,0.09,0.119,0.384,0.5,0.269,0.047,0.5,0.726,0.083,0.996,0.158,0.464,0.269,0.31,0.269,0.083,0.194,0.119,0.083,0.575,0.158,0.179,0.042,0.018,0.018,0.149,0.047,0.03,0.018,0.018,0.983,0.775,0.047,0.685,0.361,0.047,0.062,0.269,0.047,0.119,0.915,0.224,0.087,0.067,0.103,0.142,0.152,0.085,0.107,0.081,0.679,0.96,0.092,0.719,0.542,0.038,0.121,0.305,0.281,0.391,0.547,0.274,0.801,0.446,0.283,0.06,0.705,0.651,0.207,0.303,0.069,0.107,0.982,0.234,0.045,0.225,0.473,0.394,0.048,0.137,0.125,0.269,0.31,0.139,0.065,0.157,0.347,0.157,0.065,0.139,0.729,0.748,0.365,0.992,0.384,0.083,0.232,0.44,0.139,0.194,0.558,0.095,0.071,0.349,0.102,0.071,0.062,0.062,0.028,0.169,0.728,0.651,0.071,0.577,0.991,0.028,0.121,0.169,0.45,0.728,0.423,0.232,0.423,0.252,0.41,0.04,0.327,0.327,0.328,0.119,0.04,0.04,0.498,0.083,0.033,0.996,0.269,0.232,0.025,0.047,0.083,0.591,0.307,0.548,0.497,0.175,0.409,0.486,0.378,0.219,0.104,0.069,0.407,0.15,0.063,0.209,0.942,0.622,0.042,0.095,0.166,0.39,0.315,0.421,0.297,0.191,0.403,0.375,0.188,0.18,0.224,0.235,0.446,0.305,0.128,0.206,0.685,0.974,0.137,0.159,0.354,0.071,0.047,0.102,0.332,0.047,0.119,0.121,0.349,0.071,0.038,0.095,0.052,0.095,0.527,0.028,0.121,0.071,1,0.677,0.038,0.162,0.143,0.121,0.055,0.068,0.195,0.1,0.055,0.632,0.271,0.183,0.218,0.226,0.814,0.18,0.358,0.314,0.62,0.994,0.195,0.36,0.163,0.108,0.118,0.203,0.163,0.134,0.161,0.073,0.822,0.658,0.179,0.554,0.29,0.097,0.16,0.384,0.082,0.208,0.956
1-212.txt_65,0.978,0.131,0.22,0.143,0.246,0.246,0.246,0.484,0.125,0.184,0.137,0.257,0.264,0.064,0.234,0.696,0.556,0.047,0.114,0.488,0.179,0.987,0.331,0.307,0.044,0.546,0.424,0.263,0.285,0.223,0.152,0.765,0.195,0.092,0.105,0.239,0.239,0.042,0.09,0.184,0.208,0.465,0.994,0.703,0.059,0.539,0.577,0.269,0.5,0.033,0.033,0.542,0.095,0.038,0.119,0.575,0.384,0.018,0.095,0.047,0.194,0.216,0.703,0.991,0.05,0.384,0.683,0.347,0.259,0.072,0.042,0.367,0.089,0.035,0.184,0.517,0.319,0.029,0.079,0.08,0.269,0.018,0.047,0.018,1,0.047,0.018,0.047,0.047,0.269,0.119,0.047,0.119,0.047,0.047,0.269,0.269,0.047,0.047,0.269,0.269,0.64,0.5,0.442,0.038,0.989,0.809,0.107,0.539,0.059,0.083,0.696,0.244,0.142,0.169,0.461,0.269,0.185,0.265,0.059,0.275,0.408,0.502,0.724,0.037,0.775,0.984,0.254,0.346,0.035,0.04,0.626,0.11,0.024,0.199,0.546,0.33,0.038,0.09,0.067,0.545,0.069,0.3,0.22,0.069,0.149,0.165,0.991,0.112,0.095,0.049,0.164,0.084,0.052,0.112,0.522,0.187,0.044,0.055,0.125,0.157,0.442,0.558,0.447,0.04,0.621,0.616,0.119,0.999,0.025,0.04,0.327,0.139,0.194,0.119,0.269,0.157,0.065,0.69,0.04,0.119,0.047,0.018,0.047,0.269,0.047,0.018,0.018,0.018,0.993,0.731,0.047,0.731,0.5,0.047,0.047,0.269,0.047,0.119,0.953,0.157,0.186,0.085,0.131,0.125,0.19,0.178,0.032,0.094,0.665,0.966,0.133,0.811,0.469,0.061,0.149,0.275,0.141,0.27,0.599,0.36,0.847,0.526,0.292,0.059,0.733,0.639,0.164,0.315,0.055,0.055,0.985,0.149,0.047,0.239,0.522,0.292,0.044,0.119,0.077,0.269,0.296,0.219,0.095,0.169,0.507,0.246,0.071,0.169,0.577,0.704,0.296,0.995,0.346,0.095,0.296,0.497,0.119,0.219,0.5,0.071,0.059,0.043,0.018,0.059,0.04,0.028,0.043,0.282,0.5,0.575,0.047,0.5,0.997,0.018,0.059,0.119,0.718,0.948,0.307,0.307,0.144,0.144,0.144,0.084,0.144,0.307,0.144,0.144,0.084,0.084,0.269,0.084,0.035,0.999,0.307,0.269,0.06,0.084,0.084,0.689,0.318,0.479,0.444,0.255,0.5,0.479,0.444,0.255,0.13,0.088,0.523,0.167,0.074,0.276,0.982,0.71,0.068,0.133,0.209,0.442,0.282,0.43,0.232,0.256,0.263,0.251,0.132,0.126,0.309,0.346,0.301,0.387,0.126,0.232,0.71,0.98,0.059,0.119,0.48,0.047,0.047,0.018,0.007,0.047,0.119,0.047,0.047,0.047,0.047,0.119,0.047,0.119,0.731,0.018,0.047,0.047,1,0.881,0.047,0.149,0.242,0.135,0.056,0.047,0.195,0.181,0.062,0.775,0.149,0.285,0.272,0.269,0.916,0.056,0.149,0.149,0.805,0.998,0.239,0.351,0.134,0.095,0.04,0.248,0.172,0.101,0.024,0.062,0.891,0.712,0.15,0.682,0.303,0.063,0.168,0.386,0.068,0.205,0.967
1-212.txt_67,0.982,0.269,0.119,0.119,0.5,0.269,0.269,0.5,0.119,0.269,0.269,0.269,0.269,0.119,0.269,0.731,0.5,0.047,0.119,0.5,0.269,0.993,0.5,0.119,0.047,0.731,0.5,0.119,0.5,0.047,0.119,0.881,0.269,0.047,0.119,0.269,0.269,0.047,0.119,0.047,0.119,0.5,0.998,0.731,0.047,0.5,0.5,0.5,0.731,0.047,0.047,0.5,0.119,0.047,0.119,0.731,0.5,0.018,0.119,0.047,0.119,0.119,0.731,0.998,0.047,0.5,0.881,0.269,0.269,0.047,0.018,0.269,0.047,0.047,0.269,0.5,0.269,0.018,0.047,0.047,0.5,0.047,0.047,0.047,1,0.047,0.018,0.119,0.047,0.269,0.269,0.047,0.269,0.119,0.047,0.269,0.269,0.119,0.119,0.269,0.269,0.731,0.5,0.5,0.047,0.993,0.881,0.119,0.5,0.047,0.119,0.731,0.5,0.047,0.269,0.5,0.269,0.119,0.269,0.119,0.269,0.5,0.5,0.881,0.018,0.881,0.993,0.119,0.5,0.047,0.047,0.731,0.119,0.047,0.269,0.5,0.269,0.047,0.119,0.119,0.5,0.119,0.5,0.269,0.119,0.119,0.119,0.998,0.119,0.018,0.018,0.119,0.047,0.047,0.119,0.5,0.119,0.119,0.047,0.047,0.119,0.5,0.731,0.269,0.047,0.5,0.5,0.119,1,0.047,0.047,0.269,0.119,0.269,0.119,0.269,0.119,0.119,0.881,0.047,0.269,0.047,0.047,0.047,0.269,0.047,0.047,0.018,0.047,0.982,0.881,0.047,0.731,0.5,0.047,0.119,0.269,0.047,0.269,0.953,0.269,0.119,0.047,0.018,0.269,0.119,0.047,0.018,0.047,0.881,0.982,0.119,0.881,0.5,0.047,0.119,0.269,0.119,0.269,0.731,0.269,0.881,0.5,0.269,0.047,0.731,0.731,0.119,0.269,0.047,0.119,0.982,0.269,0.047,0.269,0.5,0.269,0.047,0.119,0.119,0.269,0.269,0.119,0.047,0.269,0.5,0.119,0.047,0.119,0.731,0.881,0.269,0.993,0.5,0.119,0.269,0.269,0.269,0.269,0.731,0.119,0.047,0.047,0.047,0.119,0.047,0.047,0.047,0.269,0.5,0.5,0.047,0.5,0.998,0.018,0.119,0.119,0.731,0.953,0.269,0.269,0.119,0.119,0.269,0.047,0.269,0.269,0.119,0.119,0.047,0.047,0.269,0.119,0.018,0.999,0.269,0.269,0.018,0.047,0.119,0.731,0.269,0.731,0.5,0.269,0.5,0.5,0.5,0.269,0.119,0.119,0.5,0.269,0.119,0.269,0.982,0.731,0.047,0.119,0.119,0.5,0.269,0.5,0.269,0.269,0.269,0.269,0.119,0.119,0.269,0.269,0.269,0.269,0.119,0.269,0.731,0.993,0.119,0.119,0.5,0.047,0.047,0.018,0.018,0.119,0.119,0.047,0.119,0.119,0.047,0.119,0.047,0.269,0.731,0.018,0.047,0.119,1,0.881,0.047,0.119,0.119,0.119,0.047,0.119,0.269,0.119,0.047,0.881,0.269,0.269,0.119,0.269,0.953,0.047,0.119,0.119,0.881,0.999,0.269,0.5,0.047,0.047,0.047,0.269,0.119,0.119,0.047,0.047,0.953,0.731,0.119,0.731,0.269,0.119,0.119,0.5,0.047,0.269,0.982
1-212.txt_69,0.789,0.222,0.235,0.275,0.254,0.306,0.326,0.268,0.226,0.301,0.234,0.327,0.298,0.302,0.214,0.45,0.381,0.126,0.289,0.386,0.278,0.858,0.513,0.342,0.119,0.65,0.463,0.19,0.423,0.182,0.171,0.743,0.288,0.24,0.199,0.4,0.324,0.17,0.354,0.209,0.196,0.313,0.952,0.557,0.172,0.467,0.47,0.366,0.624,0.188,0.114,0.55,0.184,0.067,0.116,0.424,0.343,0.029,0.274,0.166,0.249,0.252,0.622,0.933,0.081,0.369,0.543,0.373,0.293,0.078,0.061,0.325,0.116,0.208,0.131,0.467,0.245,0.1,0.236,0.091,0.29,0.144,0.144,0.115,0.998,0.113,0.136,0.068,0.075,0.173,0.154,0.139,0.172,0.122,0.126,0.267,0.252,0.168,0.162,0.22,0.239,0.49,0.462,0.412,0.175,0.836,0.597,0.234,0.448,0.162,0.113,0.583,0.214,0.232,0.227,0.538,0.391,0.28,0.265,0.157,0.364,0.331,0.53,0.597,0.062,0.522,0.909,0.18,0.35,0.158,0.136,0.494,0.185,0.126,0.211,0.451,0.306,0.129,0.198,0.276,0.434,0.216,0.385,0.308,0.133,0.267,0.286,0.897,0.21,0.108,0.116,0.254,0.138,0.125,0.207,0.426,0.3,0.166,0.156,0.14,0.226,0.384,0.489,0.306,0.101,0.402,0.402,0.221,0.923,0.155,0.212,0.415,0.207,0.345,0.112,0.356,0.273,0.275,0.722,0.173,0.296,0.196,0.157,0.141,0.117,0.149,0.172,0.103,0.161,0.862,0.619,0.3,0.636,0.345,0.116,0.154,0.302,0.183,0.243,0.77,0.297,0.211,0.21,0.115,0.153,0.168,0.132,0.139,0.148,0.623,0.824,0.259,0.612,0.413,0.107,0.239,0.306,0.2,0.388,0.574,0.358,0.62,0.652,0.544,0.219,0.521,0.7,0.115,0.311,0.09,0.244,0.929,0.159,0.067,0.3,0.281,0.468,0.105,0.167,0.222,0.282,0.379,0.277,0.114,0.063,0.332,0.191,0.199,0.351,0.569,0.692,0.396,0.946,0.475,0.21,0.238,0.353,0.205,0.388,0.433,0.153,0.097,0.055,0.127,0.095,0.136,0.107,0.087,0.185,0.417,0.506,0.075,0.554,0.961,0.023,0.125,0.182,0.434,0.75,0.323,0.421,0.282,0.255,0.293,0.1,0.319,0.394,0.224,0.255,0.214,0.18,0.39,0.237,0.085,0.947,0.414,0.339,0.101,0.204,0.279,0.434,0.389,0.436,0.363,0.325,0.362,0.338,0.378,0.272,0.1,0.131,0.512,0.171,0.159,0.265,0.789,0.52,0.094,0.311,0.19,0.372,0.334,0.477,0.299,0.145,0.332,0.301,0.316,0.258,0.33,0.287,0.413,0.264,0.212,0.249,0.603,0.807,0.063,0.243,0.448,0.201,0.192,0.232,0.15,0.08,0.238,0.27,0.186,0.216,0.142,0.124,0.283,0.197,0.455,0.122,0.274,0.18,0.97,0.696,0.083,0.268,0.211,0.228,0.162,0.151,0.292,0.224,0.085,0.539,0.313,0.251,0.262,0.226,0.643,0.172,0.262,0.264,0.427,0.959,0.379,0.489,0.177,0.322,0.286,0.262,0.204,0.252,0.226,0.26,0.635,0.411,0.171,0.457,0.139,0.326,0.309,0.369,0.073,0.282,0.826
1-212.txt_71,0.982,0.269,0.119,0.119,0.5,0.269,0.269,0.5,0.119,0.269,0.269,0.269,0.269,0.119,0.269,0.731,0.5,0.047,0.119,0.5,0.269,0.993,0.5,0.119,0.047,0.731,0.5,0.119,0.5,0.047,0.119,0.881,0.269,0.047,0.119,0.269,0.269,0.047,0.119,0.047,0.119,0.5,0.998,0.731,0.047,0.5,0.5,0.5,0.731,0.047,0.047,0.5,0.119,0.047,0.119,0.731,0.5,0.018,0.119,0.047,0.119,0.119,0.731,0.998,0.047,0.5,0.881,0.269,0.269,0.047,0.018,0.269,0.047,0.047,0.269,0.5,0.269,0.018,0.047,0.047,0.5,0.047,0.047,0.047,1,0.047,0.018,0.119,0.047,0.269,0.269,0.047,0.269,0.119,0.047,0.269,0.269,0.119,0.119,0.269,0.269,0.731,0.5,0.5,0.047,0.993,0.881,0.119,0.5,0.047,0.119,0.731,0.5,0.047,0.269,0.5,0.269,0.119,0.269,0.119,0.269,0.5,0.5,0.881,0.018,0.881,0.993,0.119,0.5,0.047,0.047,0.731,0.119,0.047,0.269,0.5,0.269,0.047,0.119,0.119,0.5,0.119,0.5,0.269,0.119,0.119,0.119,0.998,0.119,0.018,0.018,0.119,0.047,0.047,0.119,0.5,0.119,0.119,0.047,0.047,0.119,0.5,0.731,0.269,0.047,0.5,0.5,0.119,1,0.047,0.047,0.269,0.119,0.269,0.119,0.269,0.119,0.119,0.881,0.047,0.269,0.047,0.047,0.047,0.269,0.047,0.047,0.018,0.047,0.982,0.881,0.047,0.731,0.5,0.047,0.119,0.269,0.047,0.269,0.953,0.269,0.119,0.047,0.018,0.269,0.119,0.047,0.018,0.047,0.881,0.982,0.119,0.881,0.5,0.047,0.119,0.269,0.119,0.269,0.731,0.269,0.881,0.5,0.269,0.047,0.731,0.731,0.119,0.269,0.047,0.119,0.982,0.269,0.047,0.269,0.5,0.269,0.047,0.119,0.119,0.269,0.269,0.119,0.047,0.269,0.5,0.119,0.047,0.119,0.731,0.881,0.269,0.993,0.5,0.119,0.269,0.269,0.269,0.269,0.731,0.119,0.047,0.047,0.047,0.119,0.047,0.047,0.047,0.269,0.5,0.5,0.047,0.5,0.998,0.018,0.119,0.119,0.731,0.953,0.269,0.269,0.119,0.119,0.269,0.047,0.269,0.269,0.119,0.119,0.047,0.047,0.269,0.119,0.018,0.999,0.269,0.269,0.018,0.047,0.119,0.731,0.269,0.731,0.5,0.269,0.5,0.5,0.5,0.269,0.119,0.119,0.5,0.269,0.119,0.269,0.982,0.731,0.047,0.119,0.119,0.5,0.269,0.5,0.269,0.269,0.269,0.269,0.119,0.119,0.269,0.269,0.269,0.269,0.119,0.269,0.731,0.993,0.119,0.119,0.5,0.047,0.047,0.018,0.018,0.119,0.119,0.047,0.119,0.119,0.047,0.119,0.047,0.269,0.731,0.018,0.047,0.119,1,0.881,0.047,0.119,0.119,0.119,0.047,0.119,0.269,0.119,0.047,0.881,0.269,0.269,0.119,0.269,0.953,0.047,0.119,0.119,0.881,0.999,0.269,0.5,0.047,0.047,0.047,0.269,0.119,0.119,0.047,0.047,0.953,0.731,0.119,0.731,0.269,0.119,0.119,0.5,0.047,0.269,0.982
1-212.txt_73,0.967,0.219,0.163,0.183,0.404,0.276,0.276,0.449,0.126,0.27,0.232,0.256,0.256,0.101,0.244,0.693,0.559,0.053,0.132,0.48,0.244,0.983,0.404,0.281,0.051,0.655,0.505,0.122,0.417,0.069,0.126,0.767,0.257,0.176,0.125,0.299,0.282,0.122,0.239,0.086,0.33,0.338,0.99,0.705,0.058,0.499,0.6,0.346,0.478,0.054,0.054,0.49,0.129,0.075,0.152,0.474,0.388,0.068,0.225,0.062,0.119,0.138,0.764,0.996,0.029,0.413,0.786,0.28,0.213,0.029,0.018,0.345,0.036,0.029,0.166,0.384,0.194,0.012,0.036,0.029,0.355,0.046,0.148,0.042,1,0.054,0.033,0.084,0.096,0.178,0.178,0.046,0.186,0.172,0.034,0.32,0.252,0.155,0.185,0.236,0.269,0.759,0.442,0.442,0.044,0.993,0.814,0.119,0.471,0.044,0.101,0.759,0.442,0.04,0.232,0.471,0.345,0.101,0.232,0.11,0.464,0.356,0.422,0.545,0.051,0.557,0.962,0.23,0.25,0.073,0.073,0.508,0.111,0.265,0.11,0.337,0.213,0.102,0.179,0.098,0.486,0.133,0.47,0.428,0.076,0.258,0.328,0.975,0.164,0.043,0.041,0.252,0.072,0.055,0.187,0.404,0.169,0.092,0.136,0.062,0.422,0.289,0.384,0.214,0.058,0.41,0.402,0.553,0.997,0.033,0.051,0.442,0.121,0.083,0.121,0.327,0.347,0.065,0.384,0.069,0.226,0.058,0.066,0.045,0.183,0.058,0.049,0.031,0.035,0.975,0.786,0.058,0.632,0.38,0.053,0.197,0.349,0.043,0.183,0.862,0.27,0.211,0.201,0.097,0.185,0.261,0.201,0.037,0.089,0.672,0.955,0.247,0.761,0.383,0.063,0.175,0.337,0.095,0.199,0.536,0.341,0.663,0.501,0.42,0.055,0.655,0.674,0.207,0.239,0.065,0.085,0.974,0.207,0.041,0.175,0.465,0.387,0.048,0.096,0.099,0.327,0.176,0.111,0.068,0.185,0.299,0.111,0.068,0.187,0.691,0.777,0.185,0.992,0.432,0.098,0.26,0.368,0.244,0.304,0.724,0.258,0.059,0.065,0.043,0.09,0.071,0.065,0.05,0.246,0.4,0.438,0.053,0.355,0.989,0.047,0.204,0.311,0.57,0.819,0.362,0.35,0.101,0.23,0.337,0.057,0.226,0.317,0.199,0.114,0.079,0.105,0.244,0.108,0.028,0.996,0.333,0.295,0.017,0.045,0.179,0.53,0.27,0.489,0.363,0.165,0.416,0.444,0.24,0.263,0.151,0.088,0.463,0.165,0.128,0.164,0.937,0.595,0.083,0.27,0.189,0.423,0.276,0.561,0.45,0.195,0.263,0.276,0.151,0.17,0.258,0.252,0.263,0.285,0.112,0.266,0.628,0.975,0.09,0.12,0.461,0.047,0.047,0.007,0.007,0.047,0.047,0.018,0.047,0.047,0.047,0.119,0.018,0.119,0.5,0.007,0.018,0.047,1,0.881,0.018,0.133,0.12,0.185,0.201,0.088,0.208,0.181,0.053,0.674,0.257,0.275,0.129,0.263,0.853,0.107,0.138,0.229,0.717,0.997,0.271,0.437,0.116,0.153,0.11,0.19,0.177,0.21,0.105,0.064,0.792,0.553,0.217,0.534,0.235,0.097,0.21,0.386,0.052,0.185,0.954
1-212.txt_75,0.975,0.133,0.159,0.123,0.296,0.252,0.236,0.434,0.122,0.257,0.212,0.247,0.336,0.085,0.3,0.693,0.492,0.05,0.119,0.503,0.221,0.99,0.359,0.174,0.038,0.705,0.491,0.177,0.42,0.072,0.103,0.85,0.148,0.064,0.142,0.358,0.29,0.064,0.128,0.096,0.177,0.315,0.996,0.722,0.057,0.522,0.5,0.304,0.5,0.058,0.036,0.51,0.126,0.069,0.116,0.538,0.479,0.031,0.151,0.092,0.15,0.179,0.716,0.993,0.021,0.532,0.746,0.159,0.267,0.022,0.022,0.353,0.052,0.019,0.165,0.492,0.272,0.01,0.047,0.027,0.296,0.097,0.078,0.04,1,0.091,0.045,0.065,0.069,0.26,0.159,0.091,0.146,0.116,0.063,0.287,0.314,0.087,0.109,0.26,0.287,0.689,0.535,0.447,0.058,0.993,0.852,0.131,0.482,0.053,0.092,0.767,0.269,0.023,0.188,0.553,0.339,0.103,0.119,0.076,0.284,0.467,0.521,0.748,0.02,0.845,0.994,0.157,0.45,0.038,0.051,0.691,0.121,0.022,0.244,0.494,0.269,0.045,0.111,0.062,0.483,0.135,0.297,0.176,0.13,0.179,0.167,0.988,0.128,0.069,0.055,0.203,0.092,0.088,0.109,0.521,0.217,0.064,0.074,0.071,0.152,0.432,0.606,0.383,0.147,0.5,0.537,0.128,0.999,0.029,0.052,0.278,0.119,0.202,0.111,0.295,0.169,0.047,0.712,0.046,0.198,0.06,0.037,0.035,0.294,0.06,0.045,0.036,0.04,0.976,0.759,0.063,0.734,0.485,0.06,0.095,0.306,0.083,0.165,0.915,0.145,0.111,0.055,0.057,0.159,0.127,0.075,0.032,0.098,0.763,0.966,0.068,0.832,0.523,0.059,0.073,0.254,0.157,0.322,0.701,0.319,0.817,0.554,0.354,0.059,0.733,0.651,0.149,0.302,0.069,0.064,0.97,0.16,0.054,0.241,0.544,0.388,0.051,0.125,0.073,0.269,0.286,0.12,0.062,0.105,0.285,0.12,0.042,0.135,0.759,0.805,0.272,0.996,0.454,0.062,0.149,0.269,0.119,0.239,0.669,0.141,0.063,0.065,0.033,0.102,0.048,0.043,0.062,0.261,0.492,0.516,0.063,0.492,0.995,0.035,0.114,0.171,0.67,0.909,0.285,0.292,0.202,0.135,0.145,0.064,0.221,0.318,0.116,0.132,0.104,0.138,0.317,0.122,0.084,0.999,0.269,0.272,0.043,0.094,0.081,0.685,0.331,0.633,0.418,0.219,0.485,0.469,0.374,0.314,0.09,0.077,0.49,0.167,0.057,0.268,0.958,0.716,0.049,0.137,0.17,0.487,0.278,0.463,0.242,0.249,0.29,0.27,0.191,0.127,0.314,0.31,0.323,0.334,0.132,0.23,0.714,0.98,0.051,0.119,0.464,0.093,0.192,0.056,0.079,0.047,0.214,0.192,0.164,0.112,0.047,0.11,0.141,0.119,0.558,0.038,0.112,0.074,1,0.825,0.047,0.141,0.146,0.12,0.053,0.053,0.181,0.136,0.045,0.789,0.168,0.34,0.146,0.308,0.901,0.12,0.141,0.13,0.816,0.997,0.275,0.449,0.062,0.059,0.044,0.247,0.101,0.115,0.043,0.042,0.905,0.705,0.079,0.686,0.333,0.064,0.166,0.467,0.071,0.261,0.974
1-212.txt_77,0.933,0.202,0.216,0.268,0.251,0.346,0.439,0.343,0.147,0.251,0.228,0.304,0.229,0.177,0.187,0.586,0.423,0.08,0.219,0.348,0.349,0.978,0.39,0.13,0.053,0.5,0.347,0.256,0.325,0.064,0.12,0.77,0.183,0.173,0.249,0.314,0.314,0.151,0.224,0.13,0.346,0.255,0.987,0.687,0.064,0.504,0.667,0.391,0.361,0.094,0.094,0.361,0.15,0.044,0.149,0.546,0.406,0.05,0.09,0.223,0.22,0.119,0.735,0.995,0.039,0.346,0.729,0.169,0.186,0.039,0.028,0.269,0.046,0.039,0.152,0.346,0.265,0.125,0.062,0.039,0.337,0.039,0.153,0.036,0.999,0.058,0.044,0.081,0.13,0.152,0.17,0.047,0.169,0.254,0.049,0.329,0.236,0.182,0.262,0.236,0.448,0.616,0.426,0.384,0.045,0.987,0.796,0.144,0.384,0.043,0.047,0.78,0.194,0.023,0.119,0.486,0.421,0.047,0.119,0.083,0.204,0.412,0.473,0.722,0.029,0.724,0.982,0.156,0.361,0.038,0.083,0.576,0.105,0.099,0.159,0.407,0.29,0.083,0.197,0.081,0.446,0.154,0.423,0.277,0.1,0.303,0.189,0.98,0.168,0.046,0.1,0.202,0.107,0.099,0.1,0.416,0.243,0.112,0.135,0.082,0.308,0.398,0.519,0.271,0.062,0.505,0.398,0.263,0.997,0.086,0.205,0.472,0.208,0.184,0.107,0.269,0.244,0.103,0.528,0.103,0.194,0.5,0.631,0.194,0.083,0.384,0.269,0.083,0.194,0.881,0.269,0.967,0.269,0.119,0.083,0.269,0.611,0.033,0.119,0.384,0.173,0.094,0.123,0.123,0.152,0.164,0.078,0.029,0.106,0.707,0.964,0.094,0.81,0.537,0.039,0.154,0.183,0.188,0.323,0.555,0.305,0.619,0.464,0.38,0.064,0.567,0.523,0.25,0.219,0.14,0.113,0.966,0.208,0.047,0.215,0.445,0.328,0.044,0.107,0.182,0.194,0.194,0.083,0.033,0.158,0.31,0.083,0.033,0.425,0.5,0.69,0.194,0.988,0.69,0.083,0.194,0.194,0.5,0.634,0.5,0.216,0.096,0.165,0.129,0.079,0.189,0.227,0.059,0.331,0.347,0.443,0.154,0.389,0.993,0.043,0.216,0.191,0.47,0.819,0.245,0.252,0.138,0.17,0.178,0.063,0.392,0.338,0.28,0.109,0.141,0.175,0.245,0.17,0.039,0.996,0.287,0.379,0.028,0.06,0.208,0.565,0.308,0.653,0.412,0.184,0.368,0.357,0.287,0.227,0.165,0.165,0.45,0.267,0.079,0.173,0.948,0.715,0.039,0.104,0.255,0.456,0.296,0.472,0.295,0.178,0.451,0.329,0.128,0.219,0.212,0.171,0.489,0.316,0.135,0.169,0.619,0.969,0.089,0.224,0.279,0.047,0.047,0.018,0.007,0.047,0.047,0.018,0.047,0.047,0.047,0.119,0.018,0.119,0.731,0.018,0.047,0.047,1,0.881,0.018,0.249,0.219,0.16,0.117,0.083,0.297,0.173,0.061,0.661,0.206,0.2,0.251,0.211,0.793,0.071,0.201,0.208,0.678,0.996,0.228,0.403,0.076,0.066,0.101,0.198,0.145,0.177,0.049,0.116,0.838,0.593,0.116,0.566,0.3,0.12,0.151,0.422,0.112,0.266,0.962
1-212.txt_79,0.965,0.211,0.211,0.152,0.243,0.37,0.303,0.406,0.168,0.212,0.217,0.39,0.276,0.089,0.345,0.626,0.379,0.069,0.125,0.374,0.157,0.963,0.402,0.329,0.04,0.558,0.621,0.065,0.232,0.189,0.445,0.842,0.468,0.094,0.083,0.232,0.232,0.047,0.101,0.292,0.257,0.318,0.986,0.521,0.074,0.401,0.318,0.341,0.49,0.105,0.073,0.394,0.113,0.05,0.106,0.521,0.541,0.03,0.115,0.171,0.222,0.181,0.626,0.988,0.039,0.439,0.733,0.216,0.187,0.038,0.044,0.373,0.057,0.055,0.146,0.332,0.187,0.042,0.136,0.051,0.358,0.04,0.059,0.035,0.999,0.082,0.065,0.079,0.159,0.144,0.144,0.065,0.144,0.198,0.079,0.282,0.244,0.173,0.218,0.244,0.446,0.5,0.384,0.456,0.046,0.976,0.794,0.191,0.361,0.068,0.112,0.642,0.35,0.038,0.149,0.446,0.269,0.044,0.105,0.106,0.428,0.38,0.46,0.663,0.062,0.672,0.968,0.209,0.274,0.102,0.069,0.629,0.106,0.045,0.175,0.472,0.364,0.047,0.088,0.119,0.391,0.114,0.384,0.473,0.085,0.241,0.293,0.983,0.152,0.051,0.104,0.213,0.108,0.091,0.133,0.346,0.245,0.117,0.133,0.074,0.119,0.423,0.812,0.98,0.018,0.5,0.577,0.119,0.993,0.018,0.018,0.725,0.071,0.047,0.119,0.269,0.219,0.018,0.269,0.028,0.28,0.194,0.186,0.069,0.157,0.348,0.132,0.038,0.086,0.947,0.693,0.197,0.618,0.413,0.062,0.148,0.308,0.074,0.214,0.779,0.276,0.169,0.238,0.166,0.157,0.22,0.162,0.08,0.108,0.593,0.917,0.219,0.709,0.37,0.076,0.299,0.319,0.104,0.178,0.551,0.336,0.628,0.425,0.374,0.11,0.654,0.606,0.265,0.27,0.124,0.13,0.954,0.199,0.086,0.308,0.505,0.467,0.167,0.155,0.191,0.269,0.194,0.119,0.047,0.194,0.384,0.119,0.047,0.119,0.731,0.881,0.194,0.996,0.5,0.083,0.194,0.269,0.194,0.269,0.731,0.08,0.092,0.128,0.05,0.054,0.077,0.13,0.023,0.257,0.412,0.465,0.134,0.418,0.995,0.023,0.074,0.1,0.57,0.896,0.305,0.269,0.076,0.243,0.316,0.047,0.179,0.225,0.076,0.106,0.062,0.184,0.179,0.106,0.03,0.996,0.285,0.301,0.018,0.036,0.09,0.563,0.217,0.513,0.537,0.165,0.369,0.486,0.233,0.355,0.199,0.21,0.323,0.233,0.096,0.172,0.92,0.596,0.068,0.143,0.267,0.411,0.241,0.388,0.203,0.207,0.325,0.296,0.153,0.145,0.326,0.279,0.361,0.322,0.167,0.236,0.586,0.962,0.088,0.157,0.454,0.062,0.047,0.018,0.009,0.062,0.062,0.047,0.062,0.062,0.047,0.119,0.024,0.149,0.731,0.018,0.047,0.062,1,0.881,0.047,0.178,0.258,0.196,0.095,0.136,0.346,0.224,0.068,0.678,0.195,0.162,0.263,0.205,0.797,0.074,0.26,0.178,0.686,0.995,0.163,0.426,0.118,0.142,0.183,0.183,0.219,0.274,0.059,0.112,0.711,0.512,0.209,0.477,0.253,0.083,0.237,0.466,0.129,0.244,0.942
1-212.txt_81,0.695,0.099,0.136,0.277,0.145,0.188,0.115,0.265,0.403,0.319,0.374,0.244,0.674,0.255,0.38,0.294,0.43,0.175,0.336,0.423,0.21,0.853,0.33,0.313,0.054,0.548,0.493,0.163,0.472,0.194,0.26,0.757,0.337,0.161,0.183,0.336,0.346,0.157,0.184,0.223,0.157,0.539,0.987,0.652,0.006,0.718,0.56,0.502,0.374,0.081,0.067,0.616,0.215,0.008,0.016,0.525,0.384,0.005,0.177,0.116,0.205,0.411,0.779,0.857,0.21,0.401,0.675,0.16,0.364,0.169,0.061,0.432,0.152,0.203,0.22,0.43,0.487,0.017,0.146,0.157,0.275,0.041,0.17,0.008,0.756,0.017,0.007,0.01,0.008,0.179,0.179,0.017,0.344,0.171,0.043,0.038,0.265,0.252,0.02,0.349,0.135,0.683,0.092,0.426,0.183,0.863,0.91,0.092,0.439,0.134,0.098,0.665,0.202,0.183,0.351,0.38,0.333,0.207,0.211,0.355,0.243,0.506,0.524,0.629,0.007,0.687,0.864,0.172,0.398,0.172,0.069,0.712,0.224,0.161,0.235,0.323,0.336,0.165,0.25,0.184,0.49,0.291,0.388,0.373,0.21,0.307,0.198,0.931,0.282,0.161,0.105,0.266,0.096,0.068,0.13,0.378,0.258,0.165,0.072,0.204,0.222,0.353,0.339,0.323,0.015,0.303,0.392,0.064,0.808,0.217,0.284,0.297,0.336,0.544,0.032,0.236,0.179,0.263,0.716,0.324,0.23,0.268,0.042,0.027,0.138,0.203,0.078,0.046,0.218,0.835,0.814,0.151,0.824,0.514,0.127,0.028,0.339,0.014,0.237,0.765,0.355,0.167,0.119,0.174,0.172,0.248,0.185,0.042,0.098,0.536,0.802,0.336,0.536,0.47,0.196,0.179,0.308,0.095,0.242,0.517,0.253,0.466,0.179,0.264,0.015,0.466,0.527,0.337,0.225,0.463,0.128,0.837,0.22,0.033,0.216,0.234,0.386,0.01,0.284,0.503,0.252,0.048,0.021,0.014,0.051,0.129,0.058,0.047,0.048,0.861,0.708,0.226,0.94,0.662,0.255,0.073,0.234,0.058,0.232,0.613,0.165,0.118,0.312,0.044,0.226,0.118,0.139,0.042,0.43,0.49,0.521,0.174,0.395,0.723,0.053,0.329,0.383,0.133,0.806,0.464,0.424,0.484,0.394,0.454,0.031,0.333,0.582,0.168,0.141,0.175,0.208,0.58,0.064,0.182,0.868,0.331,0.376,0.108,0.062,0.317,0.332,0.38,0.349,0.564,0.071,0.47,0.502,0.269,0.379,0.147,0.092,0.477,0.237,0.098,0.241,0.781,0.815,0.197,0.138,0.368,0.337,0.299,0.405,0.352,0.129,0.364,0.363,0.069,0.259,0.38,0.363,0.373,0.186,0.269,0.248,0.623,0.798,0.09,0.322,0.58,0.336,0.413,0.023,0.009,0.336,0.369,0.023,0.044,0.175,0.209,0.423,0.334,0.354,0.259,0.321,0.302,0.058,0.667,0.315,0.132,0.22,0.233,0.089,0.033,0.012,0.077,0.094,0.152,0.267,0.361,0.537,0.179,0.398,0.888,0.007,0.311,0.235,0.179,0.767,0.349,0.406,0.339,0.167,0.157,0.262,0.339,0.312,0.033,0.152,0.63,0.589,0.268,0.372,0.422,0.028,0.27,0.413,0.111,0.218,0.835
1-212.txt_83,0.982,0.119,0.119,0.119,0.269,0.269,0.269,0.5,0.119,0.151,0.132,0.269,0.269,0.119,0.269,0.731,0.5,0.047,0.119,0.532,0.136,0.996,0.269,0.111,0.021,0.705,0.474,0.047,0.474,0.098,0.187,0.864,0.215,0.072,0.111,0.269,0.269,0.055,0.119,0.072,0.157,0.269,0.995,0.73,0.056,0.471,0.471,0.25,0.673,0.038,0.034,0.471,0.119,0.133,0.11,0.74,0.471,0.078,0.228,0.056,0.162,0.174,0.731,0.995,0.022,0.5,0.837,0.242,0.248,0.043,0.022,0.356,0.047,0.018,0.141,0.5,0.248,0.01,0.047,0.022,0.269,0.018,0.047,0.018,1,0.047,0.018,0.047,0.047,0.269,0.269,0.047,0.119,0.047,0.047,0.269,0.269,0.047,0.047,0.269,0.269,0.685,0.462,0.431,0.047,0.985,0.843,0.119,0.526,0.047,0.105,0.73,0.254,0.021,0.327,0.477,0.269,0.112,0.15,0.098,0.269,0.511,0.517,0.862,0.018,0.859,0.99,0.119,0.467,0.02,0.045,0.732,0.114,0.02,0.269,0.5,0.269,0.045,0.114,0.047,0.5,0.064,0.287,0.131,0.064,0.131,0.131,0.996,0.131,0.026,0.026,0.131,0.064,0.064,0.131,0.5,0.131,0.064,0.064,0.037,0.119,0.596,0.685,0.239,0.042,0.546,0.5,0.119,0.999,0.024,0.047,0.361,0.119,0.239,0.119,0.269,0.119,0.047,0.805,0.047,0.242,0.092,0.114,0.092,0.269,0.092,0.068,0.068,0.038,0.941,0.758,0.092,0.639,0.424,0.092,0.234,0.361,0.047,0.119,0.862,0.133,0.127,0.031,0.024,0.249,0.149,0.068,0.059,0.057,0.858,0.976,0.071,0.867,0.511,0.051,0.061,0.262,0.126,0.283,0.706,0.298,0.843,0.617,0.356,0.056,0.731,0.644,0.175,0.356,0.084,0.084,0.988,0.157,0.075,0.279,0.5,0.374,0.071,0.138,0.084,0.298,0.214,0.139,0.084,0.157,0.279,0.177,0.062,0.12,0.691,0.738,0.242,0.985,0.376,0.065,0.243,0.463,0.11,0.232,0.691,0.134,0.055,0.052,0.021,0.062,0.031,0.031,0.052,0.254,0.5,0.545,0.055,0.523,0.998,0.021,0.116,0.134,0.685,0.938,0.292,0.287,0.131,0.142,0.16,0.056,0.293,0.312,0.114,0.125,0.082,0.053,0.287,0.07,0.02,0.999,0.304,0.287,0.018,0.047,0.106,0.731,0.269,0.73,0.477,0.269,0.5,0.5,0.477,0.269,0.055,0.055,0.5,0.134,0.047,0.269,0.982,0.753,0.047,0.119,0.134,0.494,0.248,0.434,0.226,0.258,0.248,0.248,0.13,0.114,0.351,0.324,0.248,0.4,0.192,0.226,0.709,0.985,0.09,0.174,0.511,0.047,0.047,0.018,0.007,0.047,0.119,0.047,0.047,0.047,0.047,0.119,0.047,0.119,0.731,0.018,0.047,0.047,1,0.881,0.047,0.144,0.119,0.144,0.059,0.059,0.144,0.119,0.059,0.856,0.119,0.244,0.119,0.269,0.941,0.047,0.221,0.144,0.881,0.999,0.244,0.401,0.047,0.047,0.018,0.269,0.109,0.047,0.018,0.043,0.936,0.794,0.047,0.731,0.335,0.047,0.119,0.434,0.068,0.269,0.974
1-212.txt_85,0.81,0.159,0.311,0.2,0.147,0.2,0.284,0.325,0.198,0.386,0.387,0.267,0.378,0.293,0.303,0.417,0.437,0.174,0.323,0.548,0.241,0.856,0.386,0.162,0.179,0.621,0.323,0.09,0.619,0.299,0.122,0.664,0.15,0.237,0.247,0.386,0.369,0.188,0.361,0.177,0.119,0.616,0.937,0.862,0.012,0.31,0.384,0.389,0.274,0.007,0.012,0.69,0.018,0.027,0.018,0.806,0.857,0.005,0.083,0.033,0.32,0.267,0.728,0.964,0.056,0.452,0.747,0.277,0.251,0.073,0.062,0.348,0.096,0.077,0.1,0.479,0.351,0.111,0.081,0.146,0.387,0.066,0.191,0.237,0.998,0.138,0.142,0.15,0.019,0.211,0.222,0.143,0.164,0.228,0.102,0.389,0.274,0.193,0.14,0.216,0.115,0.573,0.458,0.467,0.086,0.793,0.714,0.21,0.415,0.148,0.131,0.764,0.211,0.148,0.308,0.294,0.412,0.273,0.199,0.141,0.209,0.529,0.433,0.62,0.144,0.644,0.788,0.382,0.493,0.167,0.083,0.647,0.215,0.183,0.116,0.417,0.419,0.131,0.257,0.212,0.271,0.278,0.423,0.357,0.157,0.303,0.348,0.826,0.217,0.2,0.115,0.275,0.254,0.222,0.221,0.348,0.184,0.114,0.158,0.241,0.11,0.565,0.622,0.44,0.115,0.668,0.636,0.149,0.924,0.056,0.062,0.672,0.083,0.184,0.081,0.342,0.463,0.228,0.336,0.086,0.157,0.414,0.205,0.021,0.193,0.224,0.223,0.047,0.472,0.623,0.671,0.482,0.734,0.887,0.019,0.281,0.424,0.379,0.593,0.595,0.318,0.212,0.066,0.118,0.215,0.12,0.127,0.115,0.151,0.8,0.824,0.21,0.575,0.618,0.229,0.199,0.278,0.054,0.153,0.707,0.248,0.507,0.523,0.56,0.062,0.73,0.788,0.185,0.382,0.134,0.101,0.846,0.166,0.145,0.306,0.418,0.364,0.202,0.286,0.206,0.219,0.268,0.278,0.12,0.107,0.309,0.352,0.126,0.209,0.617,0.618,0.394,0.807,0.391,0.117,0.266,0.359,0.086,0.248,0.653,0.332,0.053,0.061,0.027,0.45,0.136,0.017,0.19,0.121,0.348,0.815,0.178,0.262,0.946,0.179,0.128,0.183,0.054,0.687,0.488,0.283,0.316,0.324,0.42,0.089,0.492,0.433,0.137,0.34,0.093,0.203,0.55,0.232,0.141,0.926,0.312,0.34,0.155,0.1,0.211,0.494,0.362,0.521,0.353,0.335,0.23,0.369,0.225,0.363,0.23,0.146,0.374,0.355,0.429,0.293,0.7,0.721,0.097,0.396,0.287,0.441,0.408,0.439,0.235,0.084,0.47,0.485,0.203,0.342,0.184,0.363,0.387,0.219,0.223,0.237,0.604,0.733,0.078,0.202,0.357,0.002,0.002,0.001,0.001,0.007,0.007,0.002,0.002,0.007,0.002,0.007,0.002,0.018,0.119,0.001,0.002,0.007,1,0.881,0.002,0.028,0.07,0.116,0.01,0.259,0.028,0.066,0.015,0.553,0.227,0.409,0.037,0.363,0.885,0.102,0.092,0.03,0.179,0.999,0.313,0.433,0.182,0.081,0.161,0.101,0.172,0.172,0.181,0.156,0.669,0.561,0.123,0.338,0.52,0.167,0.237,0.321,0.159,0.31,0.814
1-212.txt_87,0.739,0.185,0.095,0.213,0.452,0.171,0.273,0.43,0.093,0.208,0.392,0.191,0.331,0.272,0.148,0.36,0.361,0.014,0.195,0.554,0.204,0.822,0.284,0.14,0.01,0.412,0.438,0.059,0.39,0.169,0.225,0.733,0.281,0.262,0.386,0.408,0.398,0.01,0.057,0.294,0.402,0.497,0.802,0.676,0.217,0.269,0.356,0.546,0.366,0.176,0.105,0.546,0.091,0.269,0.179,0.577,0.381,0.128,0.156,0.125,0.159,0.48,0.501,0.837,0.053,0.498,0.752,0.303,0.402,0.132,0.071,0.567,0.071,0.094,0.19,0.459,0.502,0.094,0.184,0.16,0.5,0.01,0.038,0.01,0.999,0.073,0.01,0.198,0.01,0.196,0.196,0.036,0.043,0.196,0.131,0.324,0.211,0.136,0.075,0.322,0.251,0.438,0.51,0.45,0.097,0.662,0.708,0.206,0.34,0.347,0.253,0.446,0.306,0.134,0.338,0.43,0.356,0.088,0.083,0.314,0.36,0.578,0.333,0.581,0.04,0.661,0.813,0.097,0.382,0.221,0.096,0.678,0.336,0.038,0.223,0.369,0.408,0.197,0.229,0.303,0.393,0.089,0.427,0.404,0.088,0.361,0.207,0.669,0.155,0.248,0.183,0.213,0.225,0.249,0.227,0.323,0.225,0.16,0.075,0.257,0.171,0.576,0.373,0.324,0.01,0.548,0.604,0.119,0.827,0.042,0.203,0.561,0.271,0.409,0.409,0.612,0.495,0.153,0.376,0.258,0.212,0.355,0.133,0.092,0.096,0.346,0.24,0.041,0.299,0.765,0.712,0.344,0.656,0.598,0.134,0.197,0.307,0.069,0.388,0.749,0.277,0.171,0.092,0.019,0.185,0.182,0.075,0.102,0.19,0.654,0.856,0.171,0.595,0.557,0.195,0.155,0.245,0.131,0.312,0.617,0.177,0.492,0.568,0.696,0.13,0.641,0.776,0.09,0.212,0.08,0.147,0.842,0.175,0.043,0.493,0.367,0.435,0.007,0.136,0.205,0.121,0.023,0.171,0.008,0.267,0.066,0.088,0.006,0.153,0.505,0.804,0.023,0.859,0.621,0.011,0.196,0.475,0.051,0.474,0.537,0.211,0.213,0.078,0.293,0.173,0.203,0.347,0.151,0.205,0.411,0.461,0.252,0.337,0.789,0.184,0.085,0.337,0.182,0.533,0.311,0.191,0.409,0.317,0.448,0.009,0.524,0.742,0.12,0.243,0.07,0.241,0.657,0.313,0.176,0.474,0.135,0.378,0.449,0.335,0.199,0.386,0.345,0.495,0.415,0.142,0.366,0.493,0.18,0.318,0.306,0.204,0.535,0.253,0.213,0.341,0.646,0.613,0.046,0.26,0.39,0.378,0.311,0.269,0.237,0.209,0.45,0.409,0.249,0.383,0.361,0.273,0.38,0.228,0.034,0.209,0.394,0.917,0.203,0.072,0.514,0.058,0.413,0.407,0.411,0.01,0.336,0.538,0.336,0.462,0.385,0.062,0.485,0.028,0.135,0.173,0.334,0.262,0.756,0.553,0.08,0.169,0.435,0.139,0.231,0.325,0.217,0.169,0.009,0.961,0.285,0.255,0.237,0.502,0.856,0.059,0.329,0.139,0.629,0.82,0.185,0.352,0.269,0.215,0.114,0.176,0.156,0.086,0.14,0.091,0.718,0.515,0.228,0.586,0.573,0.052,0.335,0.443,0.2,0.205,0.786
1-212.txt_89,0.921,0.142,0.258,0.091,0.467,0.283,0.217,0.272,0.193,0.196,0.425,0.316,0.239,0.298,0.117,0.634,0.695,0.045,0.088,0.468,0.189,0.85,0.367,0.246,0.223,0.385,0.332,0.033,0.129,0.239,0.161,0.686,0.228,0.27,0.193,0.349,0.303,0.161,0.206,0.14,0.215,0.247,0.938,0.61,0.109,0.411,0.486,0.3,0.342,0.052,0.058,0.481,0.127,0.021,0.187,0.659,0.463,0.011,0.045,0.121,0.084,0.068,0.672,0.921,0.135,0.401,0.645,0.36,0.078,0.022,0.012,0.152,0.025,0.01,0.424,0.489,0.185,0.009,0.022,0.223,0.5,0.047,0.047,0.047,1,0.047,0.018,0.119,0.047,0.269,0.269,0.047,0.269,0.119,0.047,0.269,0.269,0.119,0.119,0.269,0.548,0.558,0.387,0.387,0.037,0.897,0.776,0.076,0.196,0.095,0.113,0.5,0.161,0.023,0.311,0.405,0.354,0.04,0.151,0.076,0.315,0.347,0.56,0.558,0.017,0.656,0.859,0.138,0.357,0.147,0.132,0.528,0.179,0.119,0.125,0.387,0.415,0.025,0.233,0.29,0.326,0.164,0.391,0.307,0.154,0.166,0.237,0.874,0.248,0.13,0.112,0.233,0.13,0.148,0.074,0.473,0.299,0.158,0.291,0.137,0.069,0.259,0.375,0.138,0.033,0.274,0.259,0.063,0.976,0.047,0.047,0.143,0.083,0.625,0.063,0.143,0.069,0.551,0.94,0.047,0.314,0.116,0.297,0.16,0.042,0.244,0.208,0.038,0.119,0.885,0.619,0.303,0.461,0.467,0.245,0.269,0.485,0.103,0.295,0.579,0.322,0.113,0.079,0.019,0.221,0.086,0.083,0.168,0.242,0.548,0.803,0.11,0.547,0.613,0.164,0.207,0.174,0.187,0.378,0.53,0.436,0.629,0.225,0.203,0.15,0.443,0.529,0.191,0.298,0.165,0.149,0.768,0.226,0.235,0.071,0.432,0.598,0.019,0.308,0.198,0.269,0.5,0.425,0.083,0.138,0.384,0.551,0.033,0.119,0.375,0.5,0.625,0.747,0.616,0.31,0.384,0.158,0.143,0.158,0.375,0.21,0.126,0.166,0.098,0.122,0.046,0.04,0.106,0.233,0.449,0.353,0.126,0.318,0.978,0.16,0.245,0.21,0.48,0.838,0.296,0.299,0.264,0.149,0.278,0.157,0.395,0.339,0.142,0.17,0.074,0.109,0.328,0.283,0.347,0.973,0.404,0.404,0.278,0.26,0.373,0.692,0.34,0.528,0.506,0.177,0.456,0.5,0.428,0.18,0.091,0.104,0.408,0.154,0.097,0.366,0.862,0.548,0.029,0.106,0.178,0.335,0.307,0.514,0.491,0.189,0.424,0.401,0.115,0.379,0.385,0.206,0.451,0.146,0.146,0.063,0.507,0.867,0.113,0.337,0.575,0.175,0.175,0.023,0.023,0.018,0.339,0.413,0.014,0.038,0.262,0.289,0.302,0.426,0.437,0.17,0.108,0.265,0.998,0.476,0.262,0.118,0.189,0.147,0.156,0.136,0.21,0.078,0.122,0.574,0.353,0.338,0.166,0.347,0.747,0.165,0.212,0.224,0.537,0.927,0.506,0.41,0.164,0.175,0.241,0.147,0.25,0.379,0.125,0.131,0.534,0.419,0.247,0.346,0.24,0.287,0.251,0.423,0.031,0.167,0.785
1-212.txt_91,0.862,0.12,0.409,0.09,0.441,0.322,0.301,0.135,0.424,0.076,0.047,0.486,0.105,0.074,0.266,0.546,0.301,0.038,0.251,0.38,0.323,0.925,0.308,0.222,0.026,0.577,0.282,0.13,0.308,0.108,0.038,0.903,0.083,0.045,0.217,0.448,0.283,0.033,0.354,0.118,0.279,0.227,0.92,0.458,0.101,0.36,0.372,0.375,0.364,0.103,0.197,0.327,0.21,0.118,0.257,0.388,0.436,0.043,0.234,0.23,0.183,0.259,0.658,0.895,0.1,0.374,0.755,0.147,0.279,0.17,0.047,0.364,0.066,0.112,0.23,0.45,0.404,0.022,0.169,0.136,0.194,0.069,0.158,0.069,0.996,0.069,0.069,0.982,0.5,0.119,0.425,0.069,0.5,0.083,0.069,0.194,0.119,0.069,0.069,0.119,0.323,0.574,0.219,0.246,0.034,0.865,0.512,0.071,0.447,0.048,0.188,0.738,0.387,0.048,0.397,0.423,0.577,0.028,0.095,0.062,0.284,0.288,0.402,0.514,0.04,0.47,0.869,0.068,0.143,0.244,0.084,0.499,0.167,0.155,0.23,0.496,0.522,0.033,0.199,0.268,0.447,0.051,0.157,0.407,0.088,0.083,0.179,0.994,0.065,0.04,0.023,0.121,0.051,0.238,0.058,0.252,0.121,0.04,0.033,0.078,0.322,0.262,0.384,0.278,0.111,0.309,0.344,0.204,0.215,0.295,0.289,0.375,0.269,0.313,0.209,0.371,0.387,0.148,0.337,0.353,0.279,0.047,0.22,0.041,0.084,0.184,0.097,0.025,0.048,0.892,0.675,0.103,0.568,0.424,0.079,0.171,0.48,0.224,0.362,0.812,0.348,0.18,0.118,0.141,0.074,0.182,0.172,0.077,0.142,0.568,0.805,0.325,0.54,0.422,0.163,0.221,0.366,0.152,0.367,0.539,0.251,0.685,0.607,0.428,0.028,0.655,0.547,0.197,0.23,0.073,0.106,0.93,0.197,0.142,0.166,0.429,0.332,0.062,0.247,0.14,0.121,0.043,0.023,0.01,0.083,0.095,0.043,0.017,0.051,0.773,0.834,0.051,0.974,0.621,0.025,0.058,0.139,0.076,0.347,0.719,0.3,0.101,0.175,0.098,0.112,0.153,0.215,0.29,0.143,0.261,0.288,0.338,0.246,0.907,0.255,0.235,0.234,0.447,0.585,0.37,0.194,0.611,0.194,0.274,0.018,0.625,0.611,0.047,0.158,0.018,0.033,0.741,0.083,0.012,0.995,0.194,0.194,0.027,0.033,0.033,0.554,0.262,0.443,0.25,0.264,0.342,0.347,0.384,0.228,0.122,0.128,0.266,0.141,0.074,0.368,0.859,0.474,0.165,0.164,0.204,0.347,0.293,0.691,0.26,0.081,0.216,0.326,0.295,0.222,0.168,0.134,0.383,0.131,0.174,0.078,0.596,0.897,0.037,0.213,0.327,0.018,0.018,0.007,0.002,0.018,0.047,0.018,0.018,0.018,0.018,0.047,0.018,0.047,0.726,0.007,0.018,0.018,1,0.731,0.018,0.273,0.172,0.239,0.029,0.046,0.13,0.137,0.07,0.372,0.389,0.357,0.082,0.299,0.669,0.177,0.163,0.307,0.393,0.96,0.488,0.313,0.051,0.111,0.141,0.102,0.051,0.098,0.048,0.044,0.732,0.529,0.146,0.327,0.515,0.155,0.197,0.385,0.077,0.482,0.929
1-212.txt_93,0.828,0.196,0.217,0.149,0.179,0.137,0.229,0.424,0.316,0.308,0.355,0.247,0.25,0.31,0.237,0.44,0.45,0.062,0.292,0.428,0.196,0.845,0.288,0.375,0.046,0.545,0.461,0.313,0.271,0.228,0.186,0.826,0.128,0.076,0.096,0.362,0.31,0.163,0.252,0.218,0.36,0.31,0.954,0.448,0.066,0.307,0.453,0.315,0.517,0.15,0.086,0.36,0.349,0.062,0.5,0.423,0.461,0.045,0.108,0.325,0.238,0.338,0.642,0.916,0.153,0.289,0.676,0.245,0.229,0.114,0.059,0.433,0.118,0.147,0.52,0.338,0.329,0.038,0.178,0.111,0.473,0.085,0.095,0.085,0.994,0.349,0.363,0.383,0.363,0.135,0.349,0.095,0.145,0.071,0.071,0.423,0.169,0.359,0.071,0.145,0.109,0.468,0.609,0.365,0.045,0.886,0.578,0.053,0.366,0.268,0.269,0.48,0.275,0.076,0.253,0.271,0.564,0.035,0.295,0.387,0.217,0.299,0.59,0.334,0.033,0.453,0.718,0.315,0.206,0.194,0.217,0.511,0.249,0.147,0.115,0.503,0.493,0.037,0.345,0.117,0.226,0.2,0.517,0.377,0.295,0.322,0.188,0.802,0.345,0.089,0.075,0.286,0.108,0.156,0.107,0.375,0.279,0.13,0.211,0.187,0.341,0.267,0.384,0.319,0.152,0.315,0.357,0.257,0.231,0.304,0.28,0.351,0.27,0.304,0.257,0.373,0.385,0.132,0.317,0.356,0.537,0.143,0.139,0.127,0.06,0.27,0.168,0.098,0.106,0.869,0.479,0.173,0.477,0.441,0.293,0.166,0.32,0.183,0.425,0.698,0.337,0.154,0.046,0.027,0.348,0.138,0.056,0.041,0.145,0.64,0.89,0.125,0.599,0.487,0.042,0.195,0.325,0.107,0.316,0.493,0.446,0.602,0.51,0.327,0.154,0.422,0.526,0.252,0.26,0.06,0.107,0.921,0.187,0.062,0.327,0.532,0.479,0.039,0.285,0.208,0.329,0.139,0.313,0.284,0.113,0.234,0.131,0.349,0.121,0.379,0.53,0.292,0.955,0.408,0.076,0.442,0.194,0.111,0.209,0.553,0.283,0.162,0.449,0.243,0.054,0.177,0.27,0.109,0.257,0.376,0.33,0.159,0.195,0.887,0.23,0.298,0.292,0.259,0.642,0.328,0.321,0.22,0.271,0.396,0.193,0.433,0.438,0.209,0.101,0.162,0.084,0.335,0.17,0.163,0.965,0.311,0.216,0.052,0.123,0.238,0.431,0.296,0.599,0.306,0.05,0.424,0.408,0.311,0.129,0.183,0.154,0.486,0.096,0.221,0.123,0.916,0.529,0.02,0.142,0.24,0.328,0.279,0.647,0.388,0.142,0.359,0.414,0.275,0.19,0.274,0.169,0.337,0.145,0.184,0.166,0.527,0.795,0.062,0.216,0.44,0.033,0.033,0.246,0.018,0.025,0.051,0.133,0.018,0.106,0.058,0.121,0.02,0.274,0.623,0.012,0.033,0.033,1,0.864,0.264,0.114,0.218,0.182,0.155,0.136,0.127,0.174,0.197,0.368,0.249,0.335,0.314,0.292,0.758,0.138,0.127,0.259,0.406,0.974,0.279,0.331,0.083,0.171,0.251,0.112,0.239,0.246,0.095,0.151,0.677,0.458,0.2,0.455,0.485,0.101,0.319,0.405,0.159,0.319,0.826
1-212.txt_95,0.976,0.166,0.166,0.186,0.314,0.22,0.234,0.461,0.126,0.245,0.238,0.22,0.234,0.12,0.204,0.634,0.429,0.06,0.163,0.433,0.214,0.966,0.375,0.159,0.071,0.623,0.426,0.115,0.375,0.108,0.172,0.788,0.206,0.066,0.101,0.278,0.25,0.047,0.116,0.127,0.282,0.229,0.955,0.57,0.079,0.353,0.387,0.341,0.493,0.285,0.21,0.317,0.19,0.141,0.103,0.541,0.452,0.026,0.131,0.269,0.241,0.249,0.685,0.984,0.043,0.377,0.698,0.235,0.246,0.039,0.038,0.319,0.059,0.036,0.142,0.446,0.279,0.029,0.09,0.053,0.281,0.074,0.193,0.062,0.996,0.11,0.049,0.306,0.154,0.272,0.358,0.068,0.401,0.269,0.047,0.205,0.226,0.172,0.214,0.282,0.369,0.527,0.456,0.362,0.042,0.979,0.732,0.329,0.481,0.094,0.1,0.599,0.224,0.117,0.127,0.431,0.285,0.066,0.165,0.077,0.338,0.402,0.342,0.75,0.036,0.673,0.964,0.193,0.354,0.056,0.113,0.569,0.147,0.071,0.281,0.492,0.3,0.139,0.093,0.114,0.47,0.183,0.336,0.234,0.07,0.202,0.206,0.972,0.136,0.084,0.059,0.22,0.097,0.034,0.111,0.393,0.201,0.046,0.054,0.122,0.119,0.46,0.575,0.194,0.033,0.461,0.423,0.083,1,0.023,0.118,0.282,0.144,0.119,0.047,0.244,0.119,0.047,0.742,0.028,0.267,0.12,0.096,0.061,0.166,0.118,0.067,0.093,0.067,0.951,0.74,0.1,0.612,0.445,0.154,0.175,0.295,0.138,0.221,0.799,0.255,0.104,0.05,0.035,0.162,0.136,0.076,0.075,0.098,0.675,0.938,0.118,0.749,0.454,0.129,0.133,0.264,0.148,0.243,0.636,0.36,0.756,0.475,0.429,0.061,0.62,0.576,0.172,0.326,0.114,0.084,0.933,0.137,0.041,0.177,0.448,0.342,0.041,0.152,0.142,0.384,0.164,0.143,0.167,0.31,0.384,0.245,0.119,0.157,0.569,0.683,0.225,0.98,0.293,0.129,0.293,0.494,0.128,0.179,0.554,0.075,0.047,0.038,0.018,0.075,0.027,0.025,0.018,0.103,0.63,0.6,0.029,0.536,0.991,0.027,0.053,0.143,0.589,0.855,0.463,0.42,0.116,0.148,0.177,0.084,0.183,0.255,0.197,0.089,0.115,0.163,0.24,0.132,0.055,0.994,0.514,0.379,0.036,0.096,0.15,0.647,0.265,0.423,0.339,0.178,0.423,0.428,0.395,0.255,0.19,0.154,0.371,0.171,0.103,0.233,0.922,0.557,0.078,0.143,0.208,0.484,0.268,0.303,0.178,0.184,0.363,0.286,0.152,0.141,0.315,0.276,0.331,0.304,0.149,0.308,0.667,0.946,0.078,0.168,0.402,0.106,0.106,0.06,0.042,0.14,0.233,0.131,0.06,0.253,0.08,0.187,0.106,0.228,0.645,0.033,0.08,0.08,1,0.809,0.08,0.264,0.22,0.12,0.043,0.062,0.226,0.144,0.217,0.74,0.189,0.294,0.192,0.278,0.86,0.053,0.18,0.142,0.684,0.993,0.203,0.551,0.167,0.127,0.084,0.278,0.183,0.176,0.092,0.113,0.782,0.661,0.201,0.598,0.219,0.104,0.271,0.427,0.066,0.207,0.926
1-212.txt_97,0.892,0.177,0.283,0.264,0.304,0.324,0.384,0.294,0.295,0.153,0.176,0.214,0.188,0.072,0.263,0.507,0.479,0.054,0.103,0.348,0.203,0.938,0.423,0.204,0.089,0.451,0.438,0.136,0.367,0.269,0.31,0.5,0.28,0.201,0.236,0.373,0.312,0.136,0.229,0.259,0.161,0.333,0.977,0.545,0.051,0.326,0.336,0.241,0.389,0.262,0.227,0.318,0.208,0.114,0.125,0.556,0.416,0.216,0.178,0.144,0.158,0.252,0.578,0.973,0.038,0.405,0.665,0.118,0.398,0.054,0.108,0.334,0.083,0.132,0.277,0.366,0.207,0.09,0.259,0.072,0.203,0.173,0.179,0.079,0.995,0.101,0.09,0.168,0.092,0.433,0.272,0.181,0.3,0.316,0.062,0.212,0.33,0.184,0.244,0.471,0.342,0.459,0.352,0.302,0.125,0.958,0.631,0.162,0.243,0.144,0.127,0.5,0.279,0.048,0.174,0.469,0.468,0.054,0.147,0.17,0.223,0.338,0.384,0.676,0.024,0.709,0.944,0.297,0.28,0.024,0.028,0.452,0.071,0.026,0.129,0.412,0.185,0.155,0.071,0.045,0.415,0.224,0.331,0.227,0.046,0.321,0.386,0.933,0.269,0.095,0.184,0.341,0.259,0.053,0.243,0.369,0.226,0.129,0.148,0.11,0.165,0.265,0.599,0.387,0.056,0.327,0.357,0.311,0.992,0.058,0.124,0.235,0.165,0.355,0.098,0.439,0.287,0.176,0.637,0.1,0.272,0.138,0.359,0.223,0.135,0.09,0.199,0.223,0.076,0.926,0.514,0.167,0.546,0.257,0.062,0.211,0.385,0.05,0.135,0.652,0.202,0.124,0.111,0.026,0.091,0.095,0.054,0.103,0.127,0.691,0.896,0.084,0.576,0.508,0.029,0.11,0.247,0.136,0.27,0.577,0.238,0.671,0.382,0.355,0.156,0.551,0.485,0.194,0.22,0.215,0.133,0.946,0.304,0.079,0.288,0.339,0.334,0.068,0.097,0.208,0.173,0.278,0.084,0.037,0.173,0.315,0.084,0.037,0.084,0.83,0.884,0.223,0.994,0.401,0.074,0.169,0.248,0.163,0.205,0.73,0.21,0.252,0.242,0.085,0.082,0.184,0.108,0.086,0.443,0.194,0.412,0.172,0.258,0.985,0.082,0.172,0.145,0.398,0.831,0.247,0.34,0.194,0.332,0.313,0.041,0.24,0.239,0.225,0.089,0.067,0.05,0.264,0.149,0.02,0.99,0.366,0.286,0.015,0.035,0.108,0.646,0.325,0.466,0.336,0.194,0.43,0.353,0.318,0.188,0.121,0.15,0.393,0.212,0.088,0.255,0.962,0.729,0.114,0.185,0.16,0.39,0.23,0.309,0.242,0.186,0.261,0.275,0.205,0.242,0.219,0.215,0.252,0.302,0.206,0.261,0.568,0.933,0.089,0.272,0.361,0.12,0.092,0.074,0.114,0.056,0.243,0.228,0.056,0.195,0.191,0.205,0.208,0.195,0.73,0.024,0.214,0.167,0.999,0.772,0.09,0.232,0.217,0.226,0.1,0.059,0.293,0.227,0.041,0.479,0.223,0.374,0.25,0.49,0.738,0.119,0.14,0.12,0.573,0.985,0.202,0.374,0.126,0.112,0.104,0.194,0.138,0.126,0.17,0.267,0.768,0.62,0.132,0.548,0.358,0.205,0.252,0.395,0.098,0.285,0.94
1-212.txt_99,0.796,0.259,0.188,0.243,0.134,0.356,0.309,0.179,0.155,0.32,0.495,0.3,0.305,0.162,0.23,0.384,0.439,0.142,0.208,0.417,0.158,0.75,0.365,0.375,0.093,0.568,0.427,0.16,0.559,0.057,0.116,0.738,0.274,0.197,0.295,0.282,0.394,0.042,0.309,0.118,0.246,0.272,0.791,0.543,0.01,0.5,0.55,0.289,0.577,0.082,0.349,0.654,0.349,0.02,0.577,0.373,0.497,0.336,0.102,0.185,0.38,0.234,0.616,0.951,0.086,0.218,0.658,0.247,0.402,0.076,0.174,0.391,0.102,0.017,0.399,0.523,0.285,0.006,0.033,0.178,0.095,0.247,0.048,0.247,0.833,0.322,0.297,0.014,0.02,0.175,0.175,0.336,0.052,0.02,0.024,0.071,0.071,0.01,0.014,0.062,0.119,0.5,0.269,0.5,0.982,0.5,0.731,0.119,0.047,0.731,0.269,0.953,0.881,0.018,0.119,0.731,0.5,0.007,0.018,0.269,0.201,0.535,0.247,0.449,0.02,0.583,0.84,0.167,0.241,0.23,0.204,0.64,0.15,0.163,0.223,0.383,0.441,0.17,0.119,0.309,0.569,0.127,0.286,0.428,0.08,0.18,0.352,0.811,0.135,0.123,0.184,0.262,0.177,0.159,0.174,0.312,0.231,0.071,0.174,0.203,0.296,0.473,0.299,0.466,0.014,0.587,0.711,0.111,0.898,0.098,0.111,0.426,0.038,0.462,0.259,0.831,0.373,0.326,0.427,0.339,0.267,0.102,0.09,0.12,0.065,0.194,0.161,0.117,0.016,0.74,0.617,0.127,0.556,0.561,0.052,0.219,0.517,0.019,0.091,0.675,0.238,0.131,0.091,0.241,0.186,0.243,0.3,0.137,0.096,0.602,0.888,0.115,0.642,0.417,0.134,0.176,0.234,0.167,0.199,0.556,0.196,0.575,0.421,0.358,0.125,0.618,0.69,0.159,0.225,0.19,0.128,0.911,0.188,0.078,0.034,0.5,0.622,0.015,0.213,0.367,0.384,0.384,0.31,0.047,0.143,0.69,0.536,0.083,0.5,0.425,0.575,0.384,0.862,0.616,0.31,0.384,0.5,0.143,0.158,0.616,0.035,0.161,0.113,0.022,0.107,0.044,0.093,0.008,0.17,0.513,0.461,0.189,0.467,0.959,0.101,0.165,0.382,0.16,0.658,0.379,0.382,0.289,0.273,0.392,0.026,0.468,0.315,0.197,0.451,0.106,0.21,0.499,0.237,0.065,0.924,0.37,0.414,0.138,0.081,0.161,0.233,0.47,0.451,0.495,0.039,0.602,0.652,0.263,0.31,0.262,0.158,0.607,0.235,0.132,0.302,0.643,0.496,0.084,0.097,0.279,0.449,0.317,0.304,0.255,0.198,0.256,0.399,0.354,0.267,0.151,0.185,0.337,0.17,0.121,0.232,0.551,0.67,0.074,0.125,0.453,0.259,0.312,0.106,0.411,0.01,0.289,0.351,0.098,0.315,0.171,0.188,0.359,0.028,0.389,0.18,0.132,0.132,0.978,0.55,0.098,0.074,0.17,0.116,0.019,0.2,0.263,0.092,0.016,0.726,0.221,0.412,0.255,0.287,0.91,0.108,0.036,0.12,0.15,0.977,0.48,0.451,0.062,0.072,0.029,0.118,0.069,0.107,0.026,0.051,0.726,0.806,0.231,0.646,0.418,0.096,0.171,0.41,0.02,0.162,0.863
1-212.txt_101,0.963,0.213,0.111,0.111,0.356,0.319,0.256,0.381,0.111,0.37,0.327,0.241,0.332,0.12,0.272,0.616,0.413,0.05,0.115,0.58,0.288,0.984,0.485,0.25,0.055,0.63,0.516,0.119,0.409,0.078,0.124,0.791,0.281,0.05,0.124,0.298,0.352,0.048,0.11,0.172,0.161,0.437,0.996,0.732,0.05,0.52,0.532,0.396,0.637,0.041,0.043,0.447,0.106,0.039,0.119,0.647,0.416,0.023,0.1,0.05,0.203,0.165,0.709,0.996,0.05,0.454,0.813,0.246,0.254,0.05,0.03,0.334,0.052,0.049,0.239,0.465,0.292,0.019,0.052,0.054,0.461,0.045,0.047,0.043,1,0.045,0.02,0.107,0.043,0.295,0.276,0.045,0.276,0.113,0.045,0.256,0.269,0.107,0.113,0.326,0.335,0.566,0.423,0.423,0.062,0.985,0.758,0.197,0.434,0.081,0.145,0.631,0.404,0.054,0.272,0.494,0.337,0.115,0.2,0.141,0.295,0.468,0.464,0.834,0.022,0.85,0.991,0.153,0.459,0.044,0.045,0.695,0.111,0.043,0.28,0.464,0.263,0.044,0.111,0.113,0.449,0.103,0.482,0.228,0.103,0.111,0.103,0.993,0.111,0.096,0.046,0.111,0.072,0.091,0.095,0.406,0.136,0.12,0.145,0.141,0.178,0.449,0.628,0.295,0.06,0.526,0.528,0.145,0.999,0.052,0.072,0.345,0.136,0.253,0.136,0.345,0.178,0.201,0.754,0.055,0.396,0.055,0.052,0.044,0.236,0.072,0.052,0.033,0.149,0.967,0.782,0.055,0.654,0.432,0.052,0.128,0.252,0.047,0.236,0.878,0.267,0.114,0.085,0.049,0.225,0.131,0.092,0.035,0.064,0.81,0.971,0.123,0.84,0.466,0.065,0.128,0.247,0.114,0.241,0.706,0.288,0.754,0.406,0.248,0.069,0.665,0.609,0.123,0.279,0.112,0.179,0.977,0.293,0.107,0.207,0.42,0.303,0.083,0.159,0.171,0.209,0.346,0.15,0.05,0.12,0.331,0.135,0.042,0.325,0.5,0.65,0.316,0.991,0.47,0.076,0.179,0.331,0.195,0.524,0.424,0.129,0.047,0.044,0.04,0.11,0.044,0.044,0.04,0.232,0.529,0.5,0.044,0.5,0.997,0.022,0.11,0.129,0.673,0.925,0.354,0.361,0.13,0.141,0.275,0.061,0.302,0.364,0.125,0.13,0.058,0.053,0.285,0.114,0.022,0.998,0.329,0.269,0.02,0.053,0.125,0.655,0.281,0.649,0.433,0.222,0.456,0.46,0.413,0.26,0.133,0.137,0.454,0.222,0.146,0.231,0.961,0.665,0.058,0.146,0.165,0.407,0.282,0.502,0.385,0.206,0.305,0.342,0.127,0.235,0.214,0.238,0.323,0.237,0.16,0.23,0.647,0.981,0.151,0.167,0.371,0.047,0.075,0.02,0.015,0.083,0.12,0.049,0.08,0.111,0.056,0.138,0.148,0.213,0.707,0.018,0.047,0.083,1,0.876,0.053,0.175,0.21,0.148,0.109,0.108,0.295,0.159,0.098,0.74,0.216,0.227,0.286,0.254,0.842,0.069,0.166,0.177,0.721,0.996,0.223,0.459,0.121,0.053,0.109,0.239,0.128,0.108,0.058,0.057,0.869,0.623,0.156,0.623,0.293,0.093,0.17,0.438,0.141,0.27,0.968
1-212.txt_103,0.931,0.188,0.235,0.27,0.204,0.369,0.413,0.375,0.163,0.161,0.123,0.327,0.21,0.055,0.401,0.678,0.544,0.045,0.104,0.36,0.194,0.982,0.384,0.119,0.018,0.842,0.5,0.047,0.634,0.033,0.047,0.731,0.119,0.069,0.515,0.269,0.194,0.047,0.31,0.047,0.298,0.374,0.987,0.605,0.078,0.535,0.456,0.307,0.434,0.071,0.104,0.524,0.137,0.055,0.186,0.632,0.45,0.026,0.099,0.079,0.245,0.203,0.696,0.993,0.057,0.386,0.7,0.169,0.306,0.097,0.051,0.32,0.082,0.047,0.165,0.397,0.334,0.035,0.087,0.123,0.269,0.018,0.047,0.018,1,0.047,0.018,0.047,0.047,0.119,0.119,0.047,0.119,0.047,0.047,0.269,0.269,0.047,0.047,0.269,0.269,0.731,0.5,0.269,0.047,0.993,0.731,0.119,0.5,0.047,0.047,0.982,0.269,0.018,0.269,0.5,0.269,0.047,0.119,0.047,0.244,0.423,0.384,0.78,0.023,0.779,0.979,0.258,0.346,0.028,0.043,0.619,0.095,0.023,0.194,0.5,0.371,0.038,0.083,0.059,0.476,0.25,0.304,0.154,0.07,0.23,0.177,0.989,0.142,0.023,0.029,0.326,0.075,0.027,0.087,0.374,0.189,0.047,0.053,0.035,0.119,0.51,0.5,0.219,0.038,0.577,0.5,0.095,0.999,0.018,0.047,0.423,0.119,0.119,0.047,0.269,0.119,0.047,0.754,0.028,0.289,0.065,0.095,0.043,0.232,0.103,0.058,0.043,0.043,0.96,0.768,0.103,0.673,0.327,0.065,0.31,0.327,0.047,0.119,0.836,0.161,0.096,0.041,0.037,0.149,0.095,0.07,0.073,0.058,0.715,0.967,0.109,0.809,0.483,0.096,0.118,0.176,0.127,0.27,0.661,0.255,0.785,0.524,0.37,0.055,0.701,0.67,0.116,0.273,0.098,0.098,0.983,0.184,0.039,0.235,0.521,0.394,0.042,0.113,0.108,0.194,0.119,0.047,0.018,0.119,0.269,0.083,0.033,0.083,0.731,0.931,0.119,0.996,0.5,0.047,0.119,0.269,0.119,0.269,0.616,0.111,0.056,0.064,0.031,0.083,0.045,0.045,0.022,0.167,0.529,0.612,0.045,0.529,0.995,0.031,0.113,0.227,0.587,0.847,0.356,0.473,0.119,0.219,0.169,0.095,0.219,0.269,0.145,0.095,0.071,0.071,0.269,0.095,0.038,0.998,0.55,0.584,0.028,0.047,0.145,0.655,0.211,0.57,0.434,0.2,0.376,0.411,0.523,0.2,0.076,0.111,0.376,0.154,0.053,0.278,0.958,0.644,0.047,0.103,0.132,0.423,0.285,0.49,0.323,0.219,0.351,0.343,0.192,0.144,0.24,0.145,0.363,0.254,0.091,0.239,0.708,0.981,0.045,0.11,0.372,0.047,0.047,0.018,0.007,0.047,0.119,0.047,0.047,0.047,0.047,0.119,0.047,0.119,0.731,0.018,0.047,0.047,1,0.881,0.047,0.146,0.13,0.13,0.06,0.053,0.157,0.181,0.05,0.822,0.135,0.248,0.157,0.248,0.926,0.053,0.189,0.146,0.826,0.998,0.141,0.469,0.097,0.077,0.067,0.239,0.127,0.234,0.045,0.047,0.848,0.669,0.142,0.515,0.239,0.077,0.19,0.464,0.052,0.129,0.976
1-212.txt_105,0.982,0.269,0.119,0.119,0.5,0.269,0.269,0.5,0.119,0.269,0.269,0.269,0.269,0.119,0.269,0.731,0.5,0.047,0.119,0.5,0.269,0.993,0.5,0.119,0.047,0.731,0.5,0.119,0.5,0.047,0.119,0.881,0.269,0.047,0.119,0.269,0.269,0.047,0.119,0.047,0.119,0.5,0.998,0.731,0.047,0.5,0.5,0.5,0.731,0.047,0.047,0.5,0.119,0.047,0.119,0.731,0.5,0.018,0.119,0.047,0.119,0.119,0.731,0.998,0.047,0.5,0.881,0.269,0.269,0.047,0.018,0.269,0.047,0.047,0.269,0.5,0.269,0.018,0.047,0.047,0.5,0.047,0.047,0.047,1,0.047,0.018,0.119,0.047,0.269,0.269,0.047,0.269,0.119,0.047,0.269,0.269,0.119,0.119,0.269,0.269,0.731,0.5,0.5,0.047,0.993,0.881,0.119,0.5,0.047,0.119,0.731,0.5,0.047,0.269,0.5,0.269,0.119,0.269,0.119,0.269,0.5,0.5,0.881,0.018,0.881,0.993,0.119,0.5,0.047,0.047,0.731,0.119,0.047,0.269,0.5,0.269,0.047,0.119,0.119,0.5,0.119,0.5,0.269,0.119,0.119,0.119,0.998,0.119,0.018,0.018,0.119,0.047,0.047,0.119,0.5,0.119,0.119,0.047,0.047,0.119,0.5,0.731,0.269,0.047,0.5,0.5,0.119,1,0.047,0.047,0.269,0.119,0.269,0.119,0.269,0.119,0.119,0.881,0.047,0.269,0.047,0.047,0.047,0.269,0.047,0.047,0.018,0.047,0.982,0.881,0.047,0.731,0.5,0.047,0.119,0.269,0.047,0.269,0.953,0.269,0.119,0.047,0.018,0.269,0.119,0.047,0.018,0.047,0.881,0.982,0.119,0.881,0.5,0.047,0.119,0.269,0.119,0.269,0.731,0.269,0.881,0.5,0.269,0.047,0.731,0.731,0.119,0.269,0.047,0.119,0.982,0.269,0.047,0.269,0.5,0.269,0.047,0.119,0.119,0.269,0.269,0.119,0.047,0.269,0.5,0.119,0.047,0.119,0.731,0.881,0.269,0.993,0.5,0.119,0.269,0.269,0.269,0.269,0.731,0.119,0.047,0.047,0.047,0.119,0.047,0.047,0.047,0.269,0.5,0.5,0.047,0.5,0.998,0.018,0.119,0.119,0.731,0.953,0.269,0.269,0.119,0.119,0.269,0.047,0.269,0.269,0.119,0.119,0.047,0.047,0.269,0.119,0.018,0.999,0.269,0.269,0.018,0.047,0.119,0.731,0.269,0.731,0.5,0.269,0.5,0.5,0.5,0.269,0.119,0.119,0.5,0.269,0.119,0.269,0.982,0.731,0.047,0.119,0.119,0.5,0.269,0.5,0.269,0.269,0.269,0.269,0.119,0.119,0.269,0.269,0.269,0.269,0.119,0.269,0.731,0.993,0.119,0.119,0.5,0.047,0.047,0.018,0.018,0.119,0.119,0.047,0.119,0.119,0.047,0.119,0.047,0.269,0.731,0.018,0.047,0.119,1,0.881,0.047,0.119,0.119,0.119,0.047,0.119,0.269,0.119,0.047,0.881,0.269,0.269,0.119,0.269,0.953,0.047,0.119,0.119,0.881,0.999,0.269,0.5,0.047,0.047,0.047,0.269,0.119,0.119,0.047,0.047,0.953,0.731,0.119,0.731,0.269,0.119,0.119,0.5,0.047,0.269,0.982
1-212.txt_107,0.754,0.268,0.309,0.269,0.108,0.316,0.354,0.289,0.155,0.31,0.233,0.384,0.272,0.195,0.271,0.508,0.387,0.1,0.268,0.397,0.321,0.84,0.423,0.296,0.124,0.436,0.382,0.223,0.278,0.141,0.116,0.661,0.19,0.151,0.233,0.428,0.328,0.132,0.234,0.204,0.255,0.384,0.912,0.596,0.11,0.401,0.423,0.295,0.365,0.164,0.139,0.527,0.108,0.147,0.168,0.481,0.5,0.134,0.152,0.199,0.337,0.203,0.587,0.884,0.034,0.367,0.619,0.246,0.195,0.103,0.106,0.333,0.076,0.138,0.279,0.428,0.321,0.059,0.11,0.147,0.286,0.08,0.238,0.049,0.996,0.166,0.052,0.092,0.035,0.152,0.144,0.161,0.164,0.078,0.064,0.226,0.187,0.038,0.044,0.208,0.338,0.447,0.485,0.401,0.131,0.836,0.496,0.252,0.334,0.159,0.184,0.477,0.214,0.3,0.211,0.434,0.387,0.105,0.331,0.253,0.461,0.268,0.412,0.416,0.068,0.479,0.836,0.218,0.354,0.201,0.144,0.432,0.158,0.173,0.226,0.421,0.406,0.108,0.151,0.261,0.379,0.195,0.345,0.344,0.092,0.26,0.299,0.879,0.145,0.094,0.12,0.295,0.227,0.232,0.194,0.339,0.307,0.115,0.232,0.171,0.212,0.125,0.354,0.265,0.071,0.222,0.218,0.178,0.903,0.192,0.174,0.163,0.115,0.527,0.131,0.272,0.147,0.36,0.725,0.177,0.302,0.189,0.154,0.128,0.146,0.16,0.208,0.102,0.14,0.844,0.546,0.19,0.53,0.588,0.203,0.22,0.34,0.136,0.395,0.729,0.219,0.182,0.086,0.125,0.206,0.133,0.19,0.051,0.162,0.638,0.824,0.214,0.569,0.538,0.171,0.183,0.265,0.167,0.459,0.59,0.262,0.372,0.222,0.134,0.085,0.236,0.257,0.101,0.331,0.472,0.379,0.598,0.231,0.102,0.217,0.208,0.251,0.051,0.269,0.503,0.403,0.276,0.12,0.021,0.169,0.305,0.085,0.025,0.284,0.52,0.824,0.16,0.964,0.388,0.062,0.303,0.363,0.112,0.27,0.634,0.188,0.12,0.152,0.101,0.079,0.197,0.148,0.093,0.233,0.362,0.473,0.154,0.332,0.955,0.2,0.136,0.181,0.309,0.751,0.396,0.398,0.255,0.368,0.401,0.088,0.329,0.397,0.221,0.129,0.137,0.149,0.392,0.11,0.159,0.944,0.452,0.395,0.1,0.189,0.238,0.465,0.251,0.503,0.342,0.077,0.341,0.399,0.358,0.218,0.186,0.162,0.373,0.152,0.15,0.261,0.789,0.524,0.115,0.22,0.232,0.305,0.333,0.52,0.382,0.086,0.383,0.458,0.217,0.251,0.218,0.195,0.505,0.224,0.214,0.237,0.558,0.824,0.122,0.283,0.308,0.038,0.051,0.272,0.029,0.025,0.238,0.101,0.057,0.178,0.14,0.114,0.106,0.083,0.581,0.014,0.09,0.18,0.992,0.764,0.191,0.115,0.229,0.189,0.081,0.077,0.113,0.135,0.056,0.445,0.329,0.322,0.204,0.241,0.799,0.081,0.106,0.167,0.466,0.961,0.198,0.312,0.216,0.214,0.18,0.121,0.24,0.283,0.174,0.159,0.647,0.472,0.295,0.386,0.336,0.221,0.257,0.389,0.087,0.356,0.859
1-212.txt_109,0.98,0.237,0.128,0.128,0.329,0.278,0.278,0.449,0.128,0.237,0.211,0.332,0.295,0.079,0.252,0.68,0.474,0.071,0.119,0.525,0.311,0.987,0.349,0.203,0.06,0.606,0.452,0.124,0.346,0.129,0.162,0.752,0.244,0.179,0.109,0.331,0.294,0.13,0.218,0.17,0.222,0.384,0.994,0.632,0.055,0.604,0.533,0.269,0.457,0.046,0.046,0.533,0.115,0.036,0.119,0.543,0.46,0.027,0.115,0.089,0.149,0.119,0.731,0.998,0.038,0.269,0.685,0.119,0.239,0.038,0.024,0.269,0.038,0.024,0.119,0.315,0.412,0.009,0.024,0.038,0.422,0.039,0.08,0.039,1,0.08,0.04,0.096,0.055,0.152,0.152,0.063,0.169,0.063,0.063,0.371,0.295,0.063,0.079,0.252,0.232,0.529,0.514,0.38,0.062,0.987,0.748,0.129,0.413,0.17,0.131,0.587,0.308,0.069,0.148,0.471,0.339,0.193,0.205,0.17,0.383,0.503,0.333,0.616,0.043,0.815,0.986,0.12,0.411,0.107,0.078,0.635,0.163,0.039,0.255,0.423,0.269,0.045,0.113,0.166,0.395,0.26,0.437,0.373,0.08,0.321,0.264,0.987,0.146,0.03,0.031,0.342,0.08,0.034,0.106,0.457,0.259,0.062,0.054,0.046,0.119,0.327,0.384,0.252,0.04,0.442,0.505,0.101,0.999,0.033,0.065,0.289,0.119,0.254,0.303,0.232,0.119,0.218,0.72,0.058,0.248,0.068,0.074,0.12,0.195,0.122,0.187,0.164,0.045,0.971,0.632,0.1,0.632,0.292,0.068,0.206,0.371,0.047,0.141,0.846,0.254,0.164,0.202,0.123,0.183,0.153,0.1,0.141,0.1,0.661,0.966,0.185,0.735,0.401,0.079,0.207,0.277,0.109,0.194,0.576,0.36,0.821,0.439,0.277,0.066,0.662,0.664,0.142,0.254,0.1,0.152,0.985,0.21,0.052,0.254,0.522,0.292,0.047,0.119,0.106,0.269,0.219,0.145,0.111,0.219,0.373,0.145,0.111,0.145,0.738,0.831,0.219,0.993,0.5,0.145,0.219,0.346,0.219,0.269,0.704,0.12,0.062,0.086,0.05,0.09,0.056,0.056,0.042,0.179,0.408,0.408,0.056,0.408,0.996,0.038,0.167,0.272,0.692,0.908,0.239,0.346,0.219,0.219,0.346,0.111,0.423,0.507,0.145,0.219,0.121,0.121,0.346,0.145,0.052,0.998,0.346,0.269,0.102,0.121,0.145,0.615,0.276,0.519,0.393,0.183,0.434,0.468,0.41,0.276,0.079,0.079,0.435,0.135,0.117,0.295,0.963,0.616,0.089,0.172,0.12,0.413,0.203,0.52,0.431,0.213,0.274,0.313,0.183,0.148,0.256,0.158,0.265,0.237,0.149,0.218,0.644,0.986,0.106,0.161,0.367,0.12,0.227,0.109,0.18,0.092,0.301,0.323,0.106,0.15,0.092,0.135,0.317,0.149,0.5,0.109,0.15,0.12,1,0.791,0.092,0.149,0.253,0.161,0.053,0.063,0.252,0.166,0.045,0.719,0.191,0.321,0.263,0.318,0.866,0.062,0.212,0.222,0.73,0.998,0.195,0.437,0.087,0.085,0.044,0.255,0.087,0.08,0.031,0.078,0.849,0.688,0.087,0.668,0.318,0.08,0.188,0.525,0.089,0.254,0.974
1-212.txt_111,0.823,0.197,0.079,0.158,0.031,0.352,0.179,0.453,0.386,0.293,0.283,0.179,0.179,0.029,0.164,0.556,0.315,0.268,0.029,0.486,0.144,0.876,0.144,0.124,0.022,0.713,0.251,0.062,0.666,0.187,0.273,0.67,0.374,0.364,0.124,0.223,0.191,0.078,0.399,0.267,0.299,0.415,0.751,0.622,0.268,0.317,0.535,0.248,0.306,0.225,0.13,0.519,0.349,0.248,0.23,0.438,0.472,0.016,0.212,0.262,0.137,0.447,0.663,0.912,0.008,0.529,0.712,0.279,0.407,0.06,0.04,0.595,0.052,0.089,0.17,0.452,0.301,0.012,0.259,0.101,0.413,0.023,0.18,0.178,0.915,0.046,0.242,0.18,0.344,0.162,0.341,0.078,0.217,0.218,0.205,0.334,0.271,0.182,0.162,0.45,0.211,0.576,0.249,0.326,0.015,0.866,0.777,0.134,0.375,0.193,0.111,0.587,0.29,0.175,0.216,0.473,0.53,0.176,0.235,0.24,0.292,0.322,0.415,0.646,0.05,0.592,0.837,0.272,0.391,0.218,0.162,0.573,0.098,0.141,0.208,0.434,0.359,0.109,0.129,0.165,0.301,0.25,0.521,0.354,0.217,0.281,0.296,0.816,0.295,0.124,0.168,0.365,0.198,0.155,0.172,0.292,0.234,0.07,0.159,0.188,0.083,0.425,0.425,0.536,0.012,0.31,0.842,0.143,0.862,0.31,0.063,0.917,0.158,0.033,0.274,0.616,0.616,0.018,0.726,0.143,0.258,0.222,0.162,0.131,0.081,0.204,0.216,0.085,0.23,0.794,0.656,0.281,0.496,0.406,0.355,0.226,0.415,0.029,0.324,0.587,0.438,0.064,0.012,0.026,0.244,0.022,0.011,0.202,0.013,0.656,0.951,0.071,0.617,0.605,0.01,0.133,0.228,0.178,0.397,0.653,0.09,0.846,0.218,0.275,0.012,0.539,0.518,0.162,0.33,0.258,0.336,0.929,0.383,0.185,0.28,0.311,0.197,0.383,0.189,0.198,0.119,0.047,0.018,0.007,0.047,0.119,0.018,0.007,0.047,0.5,0.881,0.047,1,0.119,0.018,0.047,0.119,0.047,0.047,0.881,0.088,0.345,0.199,0.156,0.109,0.236,0.306,0.018,0.22,0.375,0.591,0.463,0.448,0.696,0.108,0.278,0.33,0.199,0.456,0.385,0.228,0.21,0.366,0.437,0.021,0.464,0.457,0.037,0.223,0.277,0.242,0.393,0.153,0.101,0.962,0.444,0.435,0.143,0.056,0.304,0.347,0.091,0.441,0.397,0.138,0.431,0.487,0.154,0.214,0.301,0.276,0.519,0.236,0.306,0.071,0.662,0.649,0.028,0.471,0.398,0.289,0.392,0.5,0.325,0.204,0.416,0.354,0.151,0.187,0.281,0.309,0.329,0.237,0.159,0.264,0.584,0.76,0.011,0.178,0.521,0.007,0.007,0.002,0.001,0.007,0.018,0.007,0.007,0.018,0.007,0.018,0.007,0.018,0.269,0.002,0.007,0.007,1,0.881,0.007,0.274,0.163,0.146,0.059,0.352,0.22,0.153,0.142,0.454,0.25,0.395,0.237,0.277,0.661,0.013,0.263,0.462,0.242,0.951,0.23,0.367,0.18,0.154,0.104,0.237,0.197,0.229,0.219,0.127,0.546,0.57,0.285,0.41,0.33,0.094,0.345,0.566,0.02,0.184,0.849
1-212.txt_113,0.839,0.187,0.264,0.266,0.319,0.228,0.341,0.489,0.21,0.177,0.268,0.281,0.233,0.165,0.161,0.517,0.422,0.048,0.186,0.336,0.255,0.943,0.532,0.228,0.042,0.665,0.443,0.093,0.384,0.179,0.144,0.812,0.195,0.092,0.117,0.346,0.32,0.091,0.145,0.165,0.227,0.26,0.949,0.58,0.033,0.43,0.497,0.299,0.348,0.113,0.194,0.407,0.075,0.126,0.239,0.404,0.654,0.172,0.166,0.174,0.315,0.337,0.725,0.838,0.14,0.304,0.588,0.411,0.11,0.095,0.083,0.283,0.054,0.094,0.292,0.402,0.429,0.019,0.135,0.112,0.298,0.059,0.291,0.193,0.996,0.185,0.159,0.278,0.198,0.234,0.334,0.21,0.207,0.285,0.043,0.284,0.284,0.078,0.209,0.234,0.406,0.43,0.406,0.345,0.027,0.857,0.564,0.133,0.373,0.053,0.079,0.598,0.236,0.164,0.264,0.368,0.379,0.149,0.428,0.328,0.248,0.554,0.533,0.644,0.018,0.793,0.956,0.109,0.446,0.043,0.043,0.769,0.109,0.047,0.237,0.467,0.367,0.043,0.228,0.109,0.424,0.175,0.382,0.313,0.189,0.206,0.251,0.857,0.13,0.099,0.108,0.262,0.207,0.148,0.113,0.444,0.273,0.068,0.108,0.193,0.119,0.5,0.425,0.384,0.033,0.31,0.5,0.119,0.94,0.047,0.158,0.611,0.083,0.194,0.083,0.5,0.31,0.083,0.931,0.389,0.314,0.112,0.104,0.039,0.433,0.058,0.039,0.022,0.039,0.91,0.815,0.047,0.697,0.467,0.039,0.254,0.51,0.039,0.184,0.823,0.276,0.179,0.087,0.067,0.155,0.134,0.125,0.061,0.101,0.662,0.904,0.19,0.616,0.634,0.072,0.173,0.213,0.142,0.438,0.545,0.269,0.881,0.5,0.269,0.047,0.731,0.731,0.119,0.269,0.047,0.119,0.982,0.269,0.047,0.269,0.5,0.269,0.047,0.119,0.119,0.269,0.269,0.119,0.047,0.269,0.5,0.119,0.047,0.119,0.731,0.881,0.269,0.993,0.5,0.119,0.269,0.269,0.269,0.269,0.731,0.074,0.043,0.042,0.033,0.07,0.064,0.139,0.098,0.32,0.294,0.38,0.042,0.514,0.994,0.085,0.084,0.203,0.708,0.964,0.315,0.347,0.213,0.248,0.334,0.122,0.253,0.347,0.15,0.223,0.089,0.119,0.285,0.126,0.167,0.959,0.34,0.285,0.086,0.196,0.186,0.458,0.257,0.684,0.35,0.121,0.456,0.343,0.413,0.226,0.213,0.18,0.498,0.19,0.171,0.166,0.871,0.601,0.041,0.172,0.202,0.29,0.374,0.437,0.292,0.153,0.365,0.473,0.124,0.173,0.367,0.261,0.422,0.305,0.21,0.15,0.474,0.872,0.05,0.222,0.445,0.189,0.129,0.167,0.072,0.058,0.284,0.397,0.051,0.292,0.266,0.196,0.515,0.158,0.347,0.288,0.168,0.094,0.995,0.786,0.281,0.066,0.041,0.022,0.016,0.026,0.049,0.058,0.012,0.565,0.376,0.263,0.095,0.11,0.952,0.016,0.062,0.053,0.606,0.997,0.187,0.454,0.109,0.129,0.16,0.209,0.202,0.142,0.074,0.188,0.667,0.614,0.184,0.553,0.355,0.228,0.277,0.316,0.08,0.185,0.881
1-212.txt_115,0.982,0.269,0.119,0.119,0.5,0.269,0.269,0.5,0.119,0.269,0.269,0.269,0.269,0.119,0.269,0.731,0.5,0.047,0.119,0.5,0.269,0.993,0.5,0.119,0.047,0.731,0.5,0.119,0.5,0.047,0.119,0.881,0.269,0.047,0.119,0.269,0.269,0.047,0.119,0.047,0.119,0.5,0.998,0.731,0.047,0.5,0.5,0.5,0.731,0.047,0.047,0.5,0.119,0.047,0.119,0.731,0.5,0.018,0.119,0.047,0.119,0.119,0.731,0.998,0.047,0.5,0.881,0.269,0.269,0.047,0.018,0.269,0.047,0.047,0.269,0.5,0.269,0.018,0.047,0.047,0.5,0.047,0.047,0.047,1,0.047,0.018,0.119,0.047,0.269,0.269,0.047,0.269,0.119,0.047,0.269,0.269,0.119,0.119,0.269,0.269,0.731,0.5,0.5,0.047,0.993,0.881,0.119,0.5,0.047,0.119,0.731,0.5,0.047,0.269,0.5,0.269,0.119,0.269,0.119,0.269,0.5,0.5,0.881,0.018,0.881,0.993,0.119,0.5,0.047,0.047,0.731,0.119,0.047,0.269,0.5,0.269,0.047,0.119,0.119,0.5,0.119,0.5,0.269,0.119,0.119,0.119,0.998,0.119,0.018,0.018,0.119,0.047,0.047,0.119,0.5,0.119,0.119,0.047,0.047,0.413,0.275,0.359,0.282,0.23,0.341,0.336,0.293,0.245,0.269,0.274,0.319,0.318,0.221,0.198,0.455,0.372,0.155,0.219,0.311,0.269,0.047,0.047,0.047,0.269,0.047,0.047,0.018,0.047,0.982,0.881,0.047,0.731,0.5,0.047,0.119,0.269,0.047,0.269,0.953,0.269,0.119,0.047,0.018,0.269,0.119,0.047,0.018,0.047,0.881,0.982,0.119,0.881,0.5,0.047,0.119,0.269,0.119,0.269,0.731,0.269,0.881,0.5,0.269,0.047,0.731,0.731,0.119,0.269,0.047,0.119,0.982,0.269,0.047,0.269,0.5,0.269,0.047,0.119,0.119,0.269,0.269,0.119,0.047,0.269,0.5,0.119,0.047,0.119,0.731,0.881,0.269,0.993,0.5,0.119,0.269,0.269,0.269,0.269,0.731,0.119,0.047,0.047,0.047,0.119,0.047,0.047,0.047,0.269,0.5,0.5,0.047,0.5,0.998,0.018,0.119,0.119,0.731,0.953,0.269,0.269,0.119,0.119,0.269,0.047,0.269,0.269,0.119,0.119,0.047,0.047,0.269,0.119,0.018,0.999,0.269,0.269,0.018,0.047,0.119,0.731,0.269,0.731,0.5,0.269,0.5,0.5,0.5,0.269,0.119,0.119,0.5,0.269,0.119,0.269,0.982,0.731,0.047,0.119,0.119,0.5,0.269,0.5,0.269,0.269,0.269,0.269,0.119,0.119,0.269,0.269,0.269,0.269,0.119,0.269,0.731,0.993,0.119,0.119,0.5,0.413,0.275,0.359,0.282,0.23,0.341,0.336,0.293,0.245,0.269,0.274,0.319,0.318,0.221,0.198,0.455,0.372,0.155,0.219,0.311,0.119,0.119,0.119,0.047,0.119,0.269,0.119,0.047,0.881,0.269,0.269,0.119,0.269,0.953,0.047,0.119,0.119,0.881,0.999,0.269,0.5,0.047,0.047,0.047,0.269,0.119,0.119,0.047,0.047,0.953,0.731,0.119,0.731,0.269,0.119,0.119,0.5,0.047,0.269,0.982
1-212.txt_117,0.754,0.36,0.191,0.206,0.027,0.232,0.229,0.487,0.085,0.263,0.215,0.383,0.19,0.179,0.204,0.39,0.593,0.218,0.106,0.388,0.279,0.705,0.432,0.297,0.033,0.417,0.519,0.175,0.429,0.124,0.312,0.485,0.184,0.093,0.363,0.434,0.463,0.025,0.069,0.27,0.367,0.549,0.866,0.652,0.222,0.5,0.555,0.24,0.56,0.178,0.108,0.624,0.235,0.25,0.174,0.692,0.377,0.01,0.148,0.203,0.113,0.412,0.631,0.99,0.006,0.252,0.653,0.302,0.216,0.007,0.017,0.633,0.078,0.008,0.234,0.289,0.121,0.004,0.035,0.14,0.438,0.033,0.019,0.03,0.999,0.024,0.062,0.176,0.205,0.05,0.281,0.059,0.228,0.132,0.061,0.243,0.15,0.019,0.307,0.214,0.121,0.685,0.145,0.038,0.336,0.909,0.577,0.085,0.383,0.252,0.102,0.423,0.349,0.389,0.339,0.5,0.071,0.344,0.071,0.052,0.269,0.361,0.437,0.568,0.048,0.495,0.82,0.284,0.325,0.125,0.178,0.543,0.172,0.126,0.353,0.344,0.29,0.119,0.124,0.277,0.444,0.038,0.261,0.192,0.212,0.024,0.04,0.655,0.158,0.341,0.371,0.033,0.206,0.265,0.013,0.319,0.166,0.031,0.302,0.25,0.375,0.69,0.119,0.025,0.449,0.5,0.138,0.025,0.806,0.143,0.52,0.069,0.389,0.375,0.48,0.464,0.259,0.033,0.5,0.119,0.36,0.152,0.145,0.203,0.034,0.181,0.146,0.082,0.136,0.823,0.655,0.248,0.487,0.526,0.187,0.275,0.394,0.09,0.373,0.697,0.277,0.133,0.066,0.031,0.078,0.197,0.148,0.059,0.211,0.546,0.888,0.142,0.667,0.749,0.056,0.087,0.258,0.03,0.276,0.611,0.198,0.536,0.237,0.41,0.055,0.541,0.656,0.127,0.216,0.217,0.148,0.87,0.305,0.202,0.168,0.492,0.463,0.072,0.151,0.307,0.23,0.456,0.261,0.196,0.142,0.456,0.248,0.025,0.304,0.452,0.652,0.469,0.95,0.4,0.11,0.126,0.197,0.021,0.171,0.479,0.199,0.056,0.078,0.097,0.179,0.216,0.174,0.299,0.182,0.4,0.473,0.136,0.472,0.908,0.241,0.13,0.351,0.265,0.439,0.4,0.311,0.445,0.386,0.665,0.015,0.259,0.478,0.098,0.42,0.097,0.197,0.424,0.12,0.257,0.885,0.398,0.465,0.297,0.207,0.179,0.283,0.584,0.391,0.399,0.163,0.247,0.382,0.429,0.493,0.302,0.319,0.44,0.175,0.24,0.281,0.595,0.396,0.141,0.19,0.402,0.492,0.31,0.415,0.264,0.111,0.259,0.327,0.387,0.192,0.231,0.214,0.211,0.222,0.074,0.213,0.52,0.834,0.219,0.09,0.322,0.007,0.007,0.002,0.001,0.007,0.018,0.007,0.007,0.018,0.007,0.018,0.007,0.018,0.269,0.002,0.007,0.007,1,0.953,0.007,0.126,0.274,0.377,0.309,0.021,0.234,0.189,0.192,0.628,0.101,0.237,0.255,0.299,0.555,0.187,0.183,0.234,0.25,0.873,0.358,0.438,0.16,0.131,0.14,0.124,0.335,0.283,0.048,0.089,0.713,0.673,0.201,0.459,0.351,0.088,0.297,0.385,0.166,0.094,0.812
1-212.txt_119,0.886,0.121,0.195,0.269,0.275,0.329,0.254,0.403,0.29,0.384,0.239,0.173,0.261,0.313,0.167,0.474,0.411,0.026,0.307,0.518,0.233,0.855,0.484,0.21,0.072,0.62,0.511,0.201,0.51,0.213,0.174,0.789,0.289,0.224,0.09,0.369,0.329,0.114,0.15,0.171,0.214,0.442,0.996,0.768,0.037,0.405,0.5,0.558,0.731,0.037,0.037,0.558,0.094,0.037,0.094,0.768,0.5,0.014,0.094,0.037,0.119,0.317,0.649,0.856,0.082,0.423,0.834,0.343,0.308,0.122,0.073,0.444,0.133,0.136,0.152,0.506,0.234,0.014,0.146,0.041,0.386,0.047,0.073,0.045,1,0.048,0.032,0.084,0.208,0.177,0.279,0.047,0.304,0.077,0.048,0.384,0.348,0.072,0.125,0.207,0.241,0.565,0.5,0.452,0.141,0.96,0.904,0.08,0.44,0.122,0.188,0.646,0.516,0.099,0.239,0.442,0.318,0.078,0.266,0.233,0.324,0.234,0.542,0.743,0.024,0.663,0.926,0.156,0.221,0.124,0.123,0.607,0.204,0.014,0.228,0.562,0.263,0.109,0.05,0.217,0.45,0.222,0.404,0.401,0.154,0.294,0.325,0.773,0.142,0.097,0.071,0.23,0.141,0.059,0.204,0.398,0.304,0.093,0.118,0.209,0.119,0.5,0.731,0.269,0.047,0.5,0.5,0.119,1,0.047,0.047,0.269,0.119,0.269,0.119,0.269,0.119,0.119,0.881,0.047,0.246,0.162,0.031,0.071,0.102,0.212,0.228,0.133,0.111,0.937,0.652,0.068,0.584,0.58,0.022,0.145,0.486,0.177,0.343,0.929,0.238,0.089,0.086,0.077,0.204,0.157,0.128,0.019,0.11,0.644,0.914,0.123,0.69,0.488,0.096,0.177,0.365,0.097,0.322,0.588,0.167,0.687,0.396,0.27,0.158,0.494,0.494,0.064,0.411,0.234,0.18,0.919,0.368,0.094,0.196,0.436,0.487,0.163,0.174,0.339,0.333,0.217,0.11,0.009,0.194,0.141,0.144,0.124,0.022,0.622,0.885,0.196,0.986,0.363,0.154,0.042,0.287,0.226,0.237,0.53,0.179,0.225,0.078,0.021,0.146,0.041,0.152,0.017,0.233,0.526,0.607,0.195,0.461,0.995,0.118,0.15,0.204,0.321,0.614,0.347,0.273,0.113,0.156,0.374,0.042,0.224,0.233,0.102,0.138,0.14,0.098,0.276,0.144,0.055,0.993,0.293,0.293,0.015,0.06,0.213,0.573,0.293,0.573,0.417,0.265,0.443,0.429,0.335,0.238,0.12,0.202,0.466,0.301,0.171,0.289,0.858,0.618,0.04,0.21,0.131,0.504,0.331,0.387,0.268,0.227,0.303,0.27,0.201,0.235,0.291,0.212,0.358,0.197,0.156,0.172,0.586,0.924,0.115,0.253,0.449,0.041,0.041,0.015,0.015,0.088,0.09,0.036,0.088,0.102,0.078,0.127,0.036,0.227,0.698,0.015,0.041,0.088,1,0.893,0.053,0.179,0.327,0.171,0.09,0.029,0.329,0.117,0.023,0.829,0.246,0.446,0.091,0.131,0.836,0.017,0.161,0.227,0.576,0.925,0.276,0.516,0.112,0.105,0.04,0.073,0.206,0.175,0.109,0.22,0.634,0.567,0.166,0.59,0.379,0.087,0.319,0.376,0.09,0.159,0.894
1-212.txt_121,0.921,0.298,0.31,0.159,0.244,0.388,0.368,0.419,0.177,0.171,0.163,0.361,0.205,0.096,0.18,0.65,0.425,0.076,0.183,0.289,0.259,0.957,0.404,0.206,0.056,0.486,0.33,0.263,0.25,0.171,0.165,0.681,0.231,0.091,0.132,0.34,0.334,0.109,0.184,0.193,0.524,0.627,0.976,0.55,0.085,0.473,0.269,0.296,0.269,0.052,0.038,0.346,0.095,0.028,0.411,0.661,0.577,0.028,0.071,0.071,0.228,0.313,0.723,0.975,0.047,0.449,0.704,0.246,0.278,0.05,0.05,0.447,0.071,0.047,0.161,0.397,0.304,0.037,0.071,0.07,0.31,0.143,0.143,0.143,0.999,0.143,0.143,0.485,0.143,0.269,0.575,0.143,0.269,0.119,0.143,0.194,0.194,0.158,0.158,0.269,0.239,0.576,0.53,0.331,0.056,0.97,0.779,0.119,0.606,0.086,0.199,0.591,0.285,0.07,0.149,0.53,0.408,0.076,0.272,0.106,0.277,0.378,0.502,0.629,0.057,0.561,0.951,0.11,0.278,0.17,0.143,0.485,0.166,0.087,0.233,0.384,0.354,0.133,0.113,0.26,0.478,0.158,0.27,0.195,0.081,0.167,0.252,0.954,0.109,0.045,0.103,0.183,0.101,0.083,0.347,0.44,0.235,0.074,0.114,0.087,0.119,0.993,0.269,0.119,0.018,0.5,0.5,0.047,0.993,0.018,0.047,0.982,0.119,0.047,0.119,0.269,0.119,0.018,0.269,0.047,0.328,0.115,0.073,0.054,0.13,0.271,0.111,0.059,0.086,0.948,0.608,0.115,0.528,0.441,0.167,0.206,0.262,0.128,0.281,0.708,0.196,0.184,0.048,0.048,0.133,0.128,0.155,0.034,0.082,0.716,0.956,0.184,0.718,0.448,0.062,0.128,0.263,0.108,0.216,0.578,0.233,0.682,0.36,0.437,0.033,0.58,0.696,0.135,0.296,0.074,0.071,0.952,0.234,0.167,0.107,0.282,0.415,0.142,0.218,0.185,0.252,0.139,0.121,0.033,0.139,0.289,0.083,0.04,0.492,0.463,0.537,0.139,0.989,0.621,0.058,0.176,0.384,0.329,0.509,0.558,0.274,0.047,0.033,0.023,0.065,0.058,0.033,0.04,0.119,0.384,0.537,0.051,0.327,0.993,0.269,0.083,0.083,0.567,0.766,0.271,0.253,0.148,0.212,0.401,0.039,0.238,0.27,0.199,0.099,0.09,0.071,0.243,0.12,0.032,0.998,0.275,0.215,0.089,0.049,0.098,0.576,0.181,0.271,0.189,0.135,0.331,0.195,0.454,0.105,0.235,0.277,0.331,0.346,0.207,0.301,0.906,0.5,0.064,0.105,0.486,0.377,0.225,0.301,0.215,0.162,0.369,0.343,0.14,0.18,0.327,0.287,0.308,0.278,0.224,0.336,0.51,0.939,0.085,0.237,0.317,0.553,0.085,0.132,0.058,0.071,0.095,0.085,0.359,0.387,0.062,0.071,0.062,0.119,0.346,0.058,0.135,0.145,1,0.627,0.062,0.078,0.068,0.064,0.037,0.078,0.137,0.064,0.037,0.587,0.238,0.361,0.064,0.292,0.903,0.041,0.068,0.109,0.729,0.997,0.238,0.296,0.199,0.158,0.144,0.125,0.149,0.236,0.053,0.1,0.712,0.487,0.253,0.499,0.312,0.125,0.278,0.432,0.103,0.315,0.901
1-212.txt_123,0.682,0.248,0.3,0.192,0.112,0.341,0.365,0.332,0.23,0.358,0.436,0.309,0.279,0.214,0.237,0.429,0.386,0.115,0.265,0.494,0.194,0.808,0.316,0.315,0.25,0.417,0.361,0.293,0.302,0.269,0.266,0.667,0.333,0.239,0.318,0.371,0.355,0.098,0.248,0.328,0.047,0.047,0.999,0.982,0.018,0.119,0.5,0.5,0.119,0.007,0.007,0.119,0.018,0.018,0.047,0.269,0.119,0.007,0.018,0.018,0.107,0.262,0.781,0.961,0.011,0.568,0.697,0.197,0.338,0.02,0.044,0.409,0.022,0.08,0.352,0.443,0.186,0.071,0.052,0.037,0.121,0.091,0.094,0.319,0.994,0.094,0.168,0.02,0.019,0.256,0.111,0.262,0.493,0.02,0.019,0.349,0.262,0.302,0.02,0.195,0.265,0.582,0.565,0.566,0.159,0.802,0.704,0.191,0.475,0.175,0.188,0.669,0.209,0.149,0.177,0.388,0.452,0.124,0.244,0.092,0.338,0.658,0.218,0.554,0.213,0.603,0.928,0.119,0.37,0.226,0.144,0.67,0.325,0.125,0.178,0.542,0.449,0.123,0.192,0.265,0.327,0.372,0.403,0.384,0.092,0.316,0.433,0.822,0.304,0.181,0.165,0.434,0.07,0.157,0.219,0.286,0.255,0.047,0.13,0.25,0.199,0.378,0.789,0.448,0.013,0.532,0.504,0.383,0.817,0.208,0.077,0.426,0.214,0.214,0.141,0.241,0.348,0.033,0.357,0.265,0.157,0.229,0.085,0.055,0.153,0.382,0.416,0.204,0.49,0.898,0.56,0.151,0.5,0.55,0.161,0.095,0.234,0.025,0.234,0.849,0.236,0.201,0.152,0.095,0.136,0.22,0.22,0.085,0.18,0.521,0.81,0.246,0.505,0.552,0.174,0.248,0.352,0.135,0.297,0.469,0.287,0.713,0.409,0.439,0.361,0.621,0.424,0.155,0.228,0.223,0.144,0.859,0.327,0.042,0.185,0.38,0.454,0.526,0.353,0.355,0.119,0.31,0.464,0.069,0.069,0.269,0.464,0.018,0.083,0.731,0.917,0.31,0.99,0.384,0.033,0.194,0.194,0.069,0.384,0.384,0.114,0.22,0.04,0.058,0.082,0.245,0.232,0.086,0.272,0.362,0.459,0.2,0.29,0.968,0.108,0.188,0.207,0.255,0.684,0.393,0.393,0.117,0.247,0.401,0.112,0.384,0.375,0.227,0.108,0.116,0.37,0.276,0.117,0.169,0.919,0.421,0.459,0.036,0.074,0.244,0.382,0.369,0.428,0.618,0.025,0.375,0.528,0.282,0.304,0.122,0.162,0.452,0.268,0.157,0.249,0.798,0.565,0.102,0.086,0.187,0.449,0.264,0.394,0.318,0.118,0.266,0.311,0.236,0.168,0.269,0.324,0.364,0.252,0.294,0.27,0.475,0.895,0.016,0.199,0.401,0.369,0.369,0.366,0.135,0.007,0.444,0.478,0.007,0.012,0.253,0.033,0.251,0.033,0.063,0.009,0.061,0.253,0.991,0.375,0.442,0.22,0.217,0.133,0.284,0.317,0.167,0.074,0.056,0.318,0.348,0.458,0.175,0.438,0.782,0.233,0.082,0.271,0.393,0.964,0.323,0.444,0.162,0.137,0.158,0.18,0.179,0.226,0.064,0.192,0.791,0.679,0.229,0.558,0.385,0.136,0.238,0.344,0.132,0.256,0.9
1-212.txt_125,0.722,0.297,0.262,0.32,0.113,0.372,0.269,0.258,0.265,0.289,0.271,0.281,0.429,0.31,0.324,0.284,0.492,0.071,0.226,0.349,0.164,0.898,0.224,0.334,0.009,0.579,0.692,0.09,0.284,0.252,0.104,0.836,0.236,0.031,0.498,0.445,0.308,0.01,0.06,0.225,0.24,0.386,0.891,0.693,0.01,0.535,0.593,0.314,0.445,0.091,0.132,0.531,0.111,0.029,0.186,0.47,0.405,0.071,0.158,0.138,0.181,0.384,0.613,0.918,0.012,0.528,0.662,0.273,0.395,0.155,0.055,0.585,0.109,0.261,0.174,0.44,0.45,0.084,0.167,0.146,0.546,0.019,0.091,0.016,0.999,0.071,0.065,0.214,0.019,0.327,0.281,0.041,0.1,0.211,0.021,0.374,0.404,0.404,0.141,0.448,0.144,0.594,0.437,0.286,0.15,0.875,0.617,0.086,0.478,0.277,0.215,0.517,0.343,0.383,0.108,0.296,0.539,0.154,0.285,0.311,0.243,0.431,0.392,0.605,0.067,0.749,0.898,0.348,0.295,0.129,0.119,0.534,0.196,0.123,0.238,0.451,0.388,0.091,0.115,0.187,0.506,0.246,0.44,0.311,0.137,0.309,0.302,0.887,0.304,0.116,0.075,0.296,0.188,0.042,0.112,0.439,0.344,0.204,0.07,0.172,0.278,0.436,0.381,0.235,0.107,0.495,0.461,0.176,0.95,0.088,0.222,0.372,0.145,0.308,0.197,0.324,0.334,0.069,0.599,0.15,0.236,0.216,0.104,0.082,0.047,0.237,0.213,0.089,0.104,0.891,0.715,0.246,0.432,0.505,0.12,0.166,0.204,0.03,0.327,0.715,0.3,0.12,0.125,0.102,0.215,0.088,0.139,0.087,0.143,0.646,0.852,0.134,0.599,0.553,0.252,0.127,0.309,0.175,0.306,0.641,0.217,0.641,0.323,0.589,0.103,0.364,0.569,0.065,0.316,0.295,0.243,0.897,0.325,0.246,0.224,0.39,0.361,0.206,0.216,0.169,0.42,0.182,0.164,0.18,0.181,0.109,0.181,0.425,0.027,0.5,0.679,0.177,0.831,0.258,0.014,0.113,0.349,0.172,0.148,0.506,0.137,0.165,0.201,0.085,0.364,0.102,0.157,0.084,0.315,0.443,0.523,0.094,0.407,0.942,0.023,0.307,0.375,0.31,0.683,0.332,0.264,0.227,0.153,0.199,0.028,0.594,0.361,0.407,0.076,0.141,0.205,0.388,0.233,0.042,0.904,0.355,0.195,0.104,0.039,0.133,0.434,0.341,0.427,0.433,0.106,0.481,0.457,0.276,0.226,0.168,0.119,0.574,0.151,0.206,0.358,0.843,0.578,0.177,0.166,0.254,0.348,0.392,0.274,0.265,0.114,0.509,0.409,0.13,0.501,0.324,0.265,0.327,0.308,0.324,0.351,0.598,0.805,0.124,0.3,0.621,0.253,0.063,0.136,0.06,0.063,0.138,0.136,0.138,0.063,0.027,0.033,0.136,0.069,0.194,0.06,0.498,0.253,1,0.575,0.025,0.092,0.166,0.068,0.01,0.015,0.124,0.166,0.038,0.394,0.185,0.387,0.128,0.221,0.932,0.161,0.098,0.022,0.414,0.999,0.257,0.401,0.266,0.166,0.091,0.168,0.26,0.297,0.129,0.233,0.678,0.647,0.331,0.537,0.297,0.398,0.313,0.453,0.242,0.321,0.816
1-212.txt_127,0.725,0.284,0.198,0.3,0.216,0.337,0.332,0.266,0.183,0.363,0.413,0.316,0.323,0.184,0.41,0.362,0.455,0.131,0.214,0.365,0.177,0.804,0.419,0.301,0.11,0.347,0.467,0.145,0.306,0.323,0.144,0.851,0.368,0.229,0.238,0.365,0.547,0.215,0.094,0.357,0.209,0.514,0.879,0.655,0.198,0.378,0.611,0.289,0.296,0.028,0.025,0.53,0.141,0.011,0.275,0.639,0.5,0.011,0.159,0.056,0.142,0.174,0.86,0.925,0.153,0.463,0.719,0.475,0.2,0.051,0.031,0.45,0.015,0.025,0.259,0.412,0.225,0.006,0.091,0.199,0.103,0.188,0.027,0.098,0.928,0.235,0.255,0.141,0.196,0.164,0.025,0.266,0.113,0.253,0.01,0.236,0.445,0.017,0.253,0.349,0.209,0.539,0.323,0.323,0.014,0.934,0.588,0.379,0.5,0.267,0.217,0.539,0.429,0.23,0.367,0.36,0.398,0.133,0.048,0.37,0.235,0.419,0.397,0.677,0.027,0.71,0.958,0.054,0.306,0.174,0.113,0.603,0.108,0.028,0.386,0.396,0.314,0.228,0.076,0.272,0.385,0.35,0.547,0.444,0.118,0.338,0.361,0.81,0.271,0.059,0.162,0.363,0.087,0.106,0.159,0.437,0.318,0.067,0.088,0.081,0.196,0.52,0.613,0.5,0.02,0.558,0.573,0.281,0.866,0.093,0.244,0.641,0.216,0.201,0.088,0.196,0.139,0.201,0.422,0.281,0.018,0.007,0.007,0.007,0.018,0.119,0.007,0.002,0.007,0.999,0.5,0.007,0.5,0.731,0.007,0.018,0.269,0.018,0.269,0.881,0.344,0.179,0.089,0.053,0.186,0.226,0.105,0.113,0.218,0.679,0.893,0.138,0.645,0.568,0.166,0.169,0.342,0.133,0.259,0.655,0.238,0.589,0.438,0.484,0.009,0.685,0.614,0.284,0.405,0.275,0.187,0.85,0.276,0.261,0.276,0.223,0.379,0.177,0.076,0.128,0.348,0.058,0.122,0.022,0.345,0.139,0.082,0.106,0.024,0.713,0.745,0.094,0.988,0.652,0.066,0.223,0.348,0.024,0.197,0.839,0.115,0.307,0.118,0.131,0.061,0.103,0.123,0.032,0.352,0.521,0.624,0.16,0.488,0.993,0.018,0.079,0.245,0.331,0.805,0.407,0.33,0.302,0.341,0.488,0.176,0.46,0.53,0.148,0.369,0.25,0.299,0.333,0.218,0.249,0.86,0.33,0.295,0.127,0.094,0.316,0.409,0.448,0.398,0.379,0.091,0.354,0.466,0.347,0.336,0.347,0.231,0.504,0.328,0.238,0.15,0.741,0.471,0.134,0.32,0.343,0.271,0.378,0.403,0.352,0.248,0.457,0.492,0.136,0.262,0.274,0.261,0.594,0.234,0.247,0.216,0.595,0.852,0.115,0.385,0.342,0.198,0.047,0.102,0.139,0.246,0.264,0.438,0.198,0.281,0.111,0.435,0.142,0.058,0.726,0.036,0.127,0.093,0.999,0.604,0.2,0.108,0.029,0.155,0.172,0.175,0.026,0.019,0.032,0.398,0.348,0.413,0.078,0.429,0.938,0.052,0.045,0.098,0.373,0.998,0.42,0.409,0.179,0.146,0.139,0.142,0.211,0.259,0.124,0.265,0.708,0.706,0.173,0.561,0.527,0.114,0.31,0.387,0.099,0.321,0.871
1-212.txt_129,0.839,0.232,0.343,0.281,0.291,0.343,0.295,0.4,0.162,0.319,0.332,0.274,0.208,0.189,0.276,0.54,0.416,0.078,0.149,0.362,0.237,0.932,0.449,0.232,0.026,0.488,0.386,0.062,0.33,0.208,0.181,0.784,0.187,0.113,0.121,0.188,0.341,0.03,0.159,0.164,0.285,0.272,0.961,0.62,0.019,0.301,0.544,0.333,0.453,0.086,0.07,0.398,0.172,0.116,0.459,0.454,0.47,0.017,0.062,0.158,0.096,0.171,0.514,0.906,0.024,0.296,0.746,0.218,0.096,0.262,0.099,0.412,0.075,0.18,0.279,0.398,0.562,0.033,0.304,0.148,0.269,0.69,0.389,0.158,0.988,0.119,0.5,0.917,0.047,0.083,0.611,0.389,0.083,0.5,0.018,0.119,0.158,0.033,0.083,0.047,0.318,0.586,0.544,0.423,0.089,0.868,0.702,0.101,0.259,0.039,0.101,0.497,0.165,0.09,0.185,0.487,0.316,0.017,0.239,0.024,0.404,0.264,0.348,0.675,0.154,0.613,0.895,0.108,0.319,0.175,0.084,0.441,0.162,0.125,0.161,0.271,0.244,0.137,0.138,0.397,0.275,0.205,0.459,0.203,0.147,0.377,0.126,0.868,0.262,0.136,0.141,0.293,0.089,0.168,0.165,0.395,0.291,0.16,0.189,0.261,0.384,0.464,0.194,0.5,0.047,0.464,0.5,0.033,0.881,0.158,0.269,0.274,0.119,0.033,0.389,0.31,0.559,0.033,0.389,0.083,0.338,0.097,0.093,0.029,0.234,0.218,0.033,0.142,0.233,0.911,0.861,0.132,0.632,0.502,0.029,0.14,0.214,0.168,0.262,0.815,0.29,0.121,0.164,0.07,0.233,0.279,0.156,0.168,0.109,0.551,0.822,0.173,0.52,0.492,0.193,0.122,0.183,0.177,0.262,0.659,0.191,0.484,0.546,0.426,0.123,0.369,0.462,0.166,0.294,0.194,0.183,0.766,0.277,0.102,0.119,0.537,0.439,0.094,0.245,0.352,0.242,0.081,0.104,0.023,0.081,0.243,0.042,0.059,0.193,0.533,0.764,0.081,0.934,0.522,0.038,0.21,0.209,0.181,0.49,0.598,0.133,0.07,0.106,0.019,0.054,0.075,0.031,0.08,0.267,0.587,0.639,0.125,0.415,0.99,0.177,0.091,0.135,0.444,0.785,0.473,0.286,0.266,0.212,0.34,0.098,0.364,0.337,0.1,0.115,0.147,0.238,0.296,0.204,0.11,0.971,0.453,0.403,0.017,0.125,0.232,0.683,0.182,0.561,0.333,0.261,0.257,0.5,0.667,0.258,0.141,0.105,0.303,0.092,0.225,0.303,0.864,0.454,0.025,0.064,0.237,0.336,0.258,0.503,0.257,0.249,0.235,0.298,0.341,0.203,0.226,0.196,0.348,0.116,0.148,0.183,0.618,0.864,0.114,0.274,0.472,0.259,0.111,0.047,0.023,0.038,0.086,0.073,0.199,0.314,0.253,0.254,0.09,0.21,0.609,0.147,0.366,0.509,0.989,0.665,0.14,0.065,0.179,0.121,0.025,0.043,0.103,0.058,0.023,0.961,0.292,0.234,0.058,0.347,0.907,0.146,0.121,0.065,0.6,0.998,0.292,0.382,0.088,0.085,0.031,0.241,0.12,0.145,0.091,0.096,0.624,0.545,0.239,0.385,0.304,0.106,0.35,0.436,0.145,0.431,0.799
1-212.txt_131,0.839,0.244,0.478,0.384,0.162,0.433,0.377,0.283,0.196,0.222,0.317,0.396,0.253,0.209,0.207,0.434,0.357,0.031,0.133,0.354,0.416,0.835,0.373,0.329,0.027,0.405,0.557,0.137,0.22,0.145,0.117,0.584,0.156,0.241,0.265,0.331,0.391,0.058,0.352,0.315,0.45,0.55,0.892,0.397,0.038,0.423,0.169,0.426,0.095,0.339,0.111,0.447,0.349,0.028,0.359,0.323,0.577,0.014,0.038,0.577,0.19,0.139,0.764,0.922,0.015,0.482,0.683,0.161,0.204,0.024,0.042,0.152,0.036,0.02,0.339,0.363,0.348,0.011,0.122,0.11,0.5,0.018,0.018,0.018,0.999,0.047,0.018,0.018,0.881,0.269,0.953,0.018,0.269,0.881,0.018,0.269,0.119,0.047,0.119,0.5,0.208,0.348,0.602,0.299,0.191,0.943,0.391,0.043,0.286,0.086,0.232,0.723,0.209,0.035,0.054,0.313,0.39,0.186,0.066,0.371,0.327,0.358,0.437,0.626,0.142,0.308,0.882,0.086,0.196,0.109,0.035,0.407,0.166,0.268,0.142,0.576,0.376,0.026,0.275,0.271,0.282,0.066,0.524,0.441,0.191,0.197,0.269,0.956,0.078,0.116,0.141,0.222,0.252,0.15,0.184,0.387,0.185,0.033,0.269,0.078,0.213,0.409,0.38,0.223,0.038,0.474,0.257,0.424,0.979,0.146,0.191,0.456,0.424,0.436,0.05,0.333,0.319,0.12,0.768,0.181,0.239,0.17,0.163,0.086,0.134,0.262,0.081,0.067,0.131,0.898,0.693,0.096,0.664,0.409,0.175,0.243,0.413,0.222,0.341,0.79,0.447,0.241,0.114,0.024,0.105,0.092,0.052,0.091,0.128,0.587,0.868,0.264,0.559,0.414,0.035,0.205,0.303,0.083,0.397,0.577,0.302,0.478,0.607,0.353,0.151,0.351,0.557,0.148,0.237,0.086,0.133,0.918,0.253,0.309,0.156,0.377,0.508,0.151,0.308,0.177,0.447,0.349,0.407,0.325,0.135,0.45,0.169,0.198,0.246,0.339,0.349,0.447,0.918,0.212,0.095,0.55,0.577,0.108,0.399,0.553,0.228,0.187,0.056,0.042,0.036,0.12,0.293,0.036,0.363,0.363,0.506,0.267,0.468,0.864,0.028,0.369,0.5,0.237,0.624,0.287,0.249,0.187,0.197,0.327,0.163,0.261,0.45,0.179,0.078,0.056,0.089,0.275,0.064,0.119,0.997,0.533,0.228,0.022,0.258,0.174,0.479,0.22,0.314,0.295,0.072,0.309,0.343,0.429,0.232,0.164,0.143,0.4,0.163,0.219,0.292,0.796,0.475,0.105,0.098,0.073,0.33,0.166,0.64,0.25,0.04,0.263,0.326,0.321,0.215,0.361,0.186,0.235,0.121,0.254,0.129,0.661,0.85,0.03,0.166,0.427,0.266,0.076,0.299,0.09,0.259,0.342,0.186,0.5,0.058,0.051,0.161,0.244,0.065,0.214,0.048,0.435,0.284,0.995,0.347,0.168,0.168,0.152,0.197,0.103,0.266,0.225,0.258,0.24,0.491,0.334,0.256,0.284,0.298,0.719,0.085,0.19,0.204,0.405,0.938,0.235,0.31,0.174,0.189,0.092,0.149,0.239,0.203,0.034,0.083,0.64,0.516,0.347,0.338,0.251,0.265,0.27,0.508,0.057,0.267,0.889
1-212.txt_133,0.954,0.29,0.182,0.214,0.277,0.378,0.38,0.372,0.145,0.252,0.195,0.384,0.251,0.083,0.219,0.596,0.397,0.066,0.132,0.391,0.233,0.981,0.513,0.395,0.033,0.589,0.413,0.083,0.337,0.077,0.16,0.766,0.175,0.126,0.083,0.337,0.289,0.089,0.202,0.169,0.423,0.169,0.987,0.651,0.062,0.346,0.574,0.507,0.346,0.038,0.038,0.269,0.095,0.038,0.119,0.627,0.574,0.018,0.047,0.085,0.236,0.167,0.69,0.987,0.042,0.353,0.731,0.222,0.267,0.033,0.023,0.352,0.052,0.046,0.119,0.505,0.266,0.023,0.142,0.05,0.308,0.043,0.052,0.03,0.999,0.136,0.046,0.063,0.146,0.202,0.247,0.058,0.217,0.243,0.042,0.224,0.224,0.183,0.266,0.262,0.3,0.439,0.366,0.309,0.067,0.977,0.625,0.095,0.443,0.21,0.22,0.545,0.419,0.166,0.12,0.323,0.341,0.069,0.21,0.273,0.282,0.282,0.384,0.776,0.04,0.64,0.974,0.239,0.219,0.04,0.04,0.498,0.071,0.023,0.119,0.46,0.403,0.023,0.059,0.079,0.39,0.133,0.428,0.363,0.06,0.233,0.241,0.974,0.171,0.111,0.092,0.29,0.169,0.114,0.157,0.365,0.194,0.101,0.125,0.203,0.119,0.423,0.815,0.51,0.038,0.5,0.5,0.119,0.997,0.038,0.038,0.269,0.095,0.195,0.119,0.269,0.169,0.085,0.677,0.038,0.219,0.047,0.038,0.038,0.219,0.047,0.038,0.018,0.038,0.982,0.881,0.047,0.731,0.423,0.047,0.095,0.269,0.047,0.219,0.953,0.233,0.108,0.261,0.201,0.126,0.17,0.206,0.075,0.249,0.56,0.895,0.139,0.623,0.372,0.073,0.279,0.334,0.072,0.17,0.488,0.325,0.587,0.362,0.36,0.049,0.534,0.483,0.094,0.311,0.144,0.239,0.953,0.285,0.212,0.165,0.319,0.362,0.173,0.261,0.218,0.269,0.269,0.119,0.047,0.269,0.5,0.119,0.047,0.119,0.731,0.881,0.269,0.993,0.5,0.119,0.269,0.269,0.269,0.269,0.731,0.166,0.043,0.053,0.15,0.078,0.053,0.045,0.035,0.259,0.401,0.467,0.053,0.347,0.998,0.026,0.088,0.099,0.665,0.95,0.281,0.426,0.119,0.169,0.194,0.108,0.269,0.269,0.144,0.119,0.071,0.071,0.269,0.119,0.028,0.997,0.448,0.492,0.023,0.047,0.169,0.335,0.25,0.495,0.331,0.094,0.469,0.452,0.198,0.233,0.189,0.176,0.418,0.231,0.143,0.172,0.898,0.564,0.158,0.229,0.237,0.397,0.285,0.398,0.261,0.181,0.349,0.298,0.161,0.188,0.258,0.224,0.346,0.335,0.156,0.167,0.639,0.971,0.066,0.154,0.335,0.047,0.047,0.018,0.007,0.047,0.047,0.018,0.047,0.047,0.047,0.119,0.018,0.119,0.731,0.018,0.047,0.047,1,0.881,0.018,0.195,0.105,0.15,0.231,0.076,0.179,0.12,0.237,0.669,0.135,0.165,0.135,0.179,0.826,0.05,0.301,0.179,0.728,0.995,0.135,0.427,0.196,0.109,0.095,0.212,0.21,0.19,0.059,0.093,0.78,0.491,0.274,0.514,0.264,0.158,0.217,0.523,0.086,0.255,0.952
1-212.txt_135,0.982,0.119,0.119,0.119,0.5,0.269,0.269,0.5,0.119,0.269,0.119,0.269,0.269,0.119,0.269,0.731,0.5,0.047,0.119,0.5,0.119,0.998,0.5,0.119,0.018,0.731,0.5,0.047,0.5,0.047,0.119,0.881,0.269,0.047,0.119,0.269,0.269,0.047,0.119,0.047,0.119,0.5,0.998,0.731,0.047,0.5,0.5,0.5,0.731,0.047,0.018,0.5,0.119,0.047,0.119,0.731,0.5,0.018,0.119,0.047,0.119,0.119,0.731,0.998,0.018,0.5,0.881,0.269,0.269,0.047,0.018,0.269,0.047,0.018,0.119,0.5,0.269,0.007,0.047,0.047,0.5,0.018,0.047,0.018,1,0.047,0.018,0.047,0.047,0.269,0.269,0.047,0.119,0.047,0.047,0.269,0.269,0.047,0.047,0.269,0.269,0.731,0.5,0.5,0.047,0.998,0.881,0.119,0.5,0.047,0.119,0.731,0.5,0.047,0.269,0.5,0.269,0.119,0.119,0.119,0.269,0.5,0.5,0.881,0.018,0.881,0.993,0.119,0.5,0.047,0.047,0.731,0.119,0.047,0.269,0.5,0.269,0.047,0.119,0.047,0.5,0.047,0.5,0.269,0.047,0.119,0.119,0.998,0.119,0.018,0.018,0.119,0.047,0.047,0.119,0.5,0.119,0.047,0.047,0.047,0.119,0.5,0.731,0.269,0.047,0.5,0.5,0.119,1,0.018,0.047,0.269,0.119,0.269,0.119,0.269,0.119,0.047,0.881,0.047,0.423,0.265,0.331,0.251,0.22,0.345,0.329,0.247,0.249,0.314,0.28,0.333,0.338,0.216,0.192,0.445,0.405,0.123,0.236,0.357,0.119,0.119,0.018,0.018,0.269,0.119,0.047,0.018,0.047,0.881,0.982,0.047,0.881,0.5,0.047,0.047,0.269,0.119,0.269,0.731,0.269,0.881,0.5,0.269,0.047,0.731,0.731,0.119,0.269,0.047,0.047,0.993,0.269,0.047,0.269,0.5,0.269,0.047,0.119,0.119,0.269,0.269,0.119,0.047,0.119,0.5,0.119,0.047,0.119,0.731,0.881,0.269,0.998,0.5,0.047,0.119,0.269,0.119,0.269,0.731,0.119,0.047,0.047,0.018,0.047,0.047,0.047,0.047,0.269,0.5,0.5,0.047,0.5,0.999,0.018,0.047,0.119,0.731,0.953,0.269,0.269,0.119,0.119,0.119,0.047,0.269,0.269,0.119,0.119,0.047,0.047,0.269,0.047,0.018,1,0.269,0.269,0.018,0.047,0.047,0.731,0.269,0.731,0.5,0.269,0.5,0.5,0.5,0.269,0.047,0.047,0.5,0.119,0.047,0.269,0.982,0.881,0.047,0.119,0.119,0.5,0.269,0.5,0.269,0.269,0.269,0.269,0.119,0.119,0.269,0.269,0.269,0.269,0.119,0.269,0.881,0.993,0.047,0.119,0.5,0.047,0.047,0.018,0.007,0.047,0.119,0.047,0.047,0.047,0.047,0.119,0.047,0.119,0.731,0.018,0.047,0.047,1,0.881,0.047,0.119,0.119,0.119,0.047,0.047,0.119,0.119,0.047,0.881,0.269,0.269,0.119,0.269,0.953,0.047,0.119,0.119,0.881,0.999,0.269,0.5,0.047,0.047,0.047,0.269,0.119,0.047,0.047,0.047,0.953,0.731,0.119,0.731,0.269,0.047,0.119,0.5,0.047,0.269,0.982
1-212.txt_137,0.794,0.15,0.163,0.313,0.316,0.103,0.209,0.27,0.043,0.42,0.362,0.318,0.256,0.218,0.222,0.438,0.502,0.112,0.09,0.583,0.307,0.585,0.425,0.346,0.165,0.595,0.573,0.14,0.238,0.308,0.217,0.625,0.262,0.192,0.128,0.303,0.508,0.186,0.266,0.344,0.278,0.38,0.893,0.744,0.092,0.459,0.561,0.367,0.484,0.136,0.092,0.57,0.221,0.041,0.189,0.472,0.36,0.091,0.208,0.198,0.242,0.345,0.663,0.874,0.016,0.484,0.782,0.272,0.3,0.105,0.092,0.507,0.058,0.051,0.275,0.424,0.291,0.199,0.096,0.057,0.047,0.019,0.01,0.009,0.998,0.034,0.023,0.01,0.009,0.038,0.246,0.17,0.052,0.326,0.01,0.071,0.349,0.653,0.098,0.071,0.351,0.586,0.393,0.38,0.182,0.841,0.694,0.308,0.309,0.099,0.172,0.571,0.221,0.313,0.283,0.37,0.415,0.322,0.216,0.258,0.358,0.392,0.513,0.797,0.079,0.609,0.921,0.311,0.191,0.109,0.101,0.62,0.202,0.109,0.328,0.467,0.434,0.203,0.161,0.057,0.603,0.212,0.265,0.185,0.091,0.248,0.25,0.848,0.262,0.276,0.083,0.226,0.281,0.26,0.207,0.381,0.284,0.214,0.165,0.224,0.5,0.5,0.119,0.119,0.047,0.269,0.269,0.881,0.982,0.047,0.119,0.953,0.731,0.731,0.5,0.269,0.269,0.047,0.269,0.119,0.279,0.169,0.268,0.097,0.264,0.212,0.306,0.09,0.178,0.803,0.545,0.328,0.571,0.441,0.271,0.283,0.465,0.119,0.354,0.831,0.322,0.171,0.105,0.093,0.182,0.172,0.161,0.083,0.151,0.71,0.886,0.162,0.547,0.533,0.287,0.126,0.253,0.095,0.331,0.71,0.159,0.618,0.327,0.409,0.12,0.5,0.441,0.31,0.391,0.404,0.433,0.68,0.433,0.178,0.356,0.37,0.452,0.106,0.152,0.246,0.191,0.141,0.06,0.064,0.409,0.313,0.168,0.161,0.086,0.645,0.705,0.205,0.94,0.498,0.214,0.217,0.317,0.05,0.199,0.514,0.18,0.158,0.119,0.174,0.261,0.132,0.079,0.083,0.375,0.436,0.608,0.106,0.523,0.976,0.036,0.137,0.243,0.239,0.755,0.336,0.299,0.405,0.376,0.491,0.132,0.736,0.465,0.161,0.234,0.133,0.146,0.486,0.161,0.104,0.925,0.406,0.253,0.208,0.097,0.142,0.46,0.345,0.337,0.384,0.167,0.28,0.375,0.383,0.334,0.271,0.269,0.382,0.278,0.282,0.491,0.705,0.531,0.168,0.069,0.372,0.312,0.528,0.336,0.421,0.103,0.454,0.511,0.109,0.393,0.284,0.369,0.654,0.299,0.215,0.172,0.577,0.773,0.167,0.281,0.325,0.063,0.367,0.06,0.009,0.012,0.138,0.061,0.012,0.253,0.444,0.143,0.367,0.5,0.425,0.004,0.136,0.253,0.997,0.389,0.442,0.106,0.178,0.396,0.238,0.166,0.179,0.227,0.123,0.499,0.351,0.362,0.262,0.387,0.79,0.126,0.226,0.267,0.106,0.915,0.407,0.451,0.2,0.112,0.158,0.141,0.241,0.336,0.151,0.297,0.668,0.642,0.264,0.392,0.563,0.233,0.333,0.418,0.08,0.343,0.796
1-212.txt_139,0.834,0.108,0.286,0.299,0.081,0.284,0.261,0.323,0.191,0.335,0.317,0.254,0.234,0.165,0.118,0.608,0.506,0.03,0.22,0.31,0.405,0.786,0.684,0.339,0.058,0.548,0.385,0.261,0.253,0.313,0.125,0.542,0.222,0.052,0.204,0.452,0.357,0.313,0.1,0.31,0.17,0.365,0.91,0.562,0.017,0.432,0.497,0.203,0.316,0.279,0.134,0.521,0.434,0.088,0.159,0.534,0.499,0.118,0.145,0.216,0.307,0.272,0.509,0.898,0.058,0.433,0.606,0.223,0.105,0.07,0.027,0.378,0.105,0.098,0.378,0.654,0.433,0.077,0.093,0.128,0.233,0.028,0.188,0.023,0.996,0.118,0.028,0.038,0.028,0.468,0.373,0.113,0.298,0.188,0.195,0.197,0.183,0.038,0.062,0.461,0.306,0.203,0.334,0.234,0.07,0.872,0.641,0.094,0.213,0.336,0.333,0.402,0.401,0.192,0.078,0.334,0.42,0.24,0.217,0.415,0.301,0.357,0.527,0.59,0.033,0.576,0.789,0.159,0.376,0.093,0.122,0.5,0.074,0.242,0.31,0.47,0.367,0.03,0.203,0.425,0.388,0.125,0.495,0.343,0.181,0.283,0.315,0.901,0.19,0.061,0.169,0.285,0.263,0.231,0.11,0.401,0.334,0.024,0.081,0.182,0.5,0.627,0.373,0.373,0.262,0.346,0.5,0.121,0.959,0.102,0.135,0.812,0.121,0.121,0.325,0.5,0.169,0.339,0.423,0.111,0.255,0.262,0.168,0.037,0.16,0.14,0.152,0.107,0.299,0.873,0.604,0.292,0.5,0.326,0.096,0.162,0.291,0.086,0.374,0.756,0.206,0.22,0.231,0.161,0.137,0.225,0.171,0.142,0.215,0.475,0.84,0.193,0.55,0.569,0.1,0.152,0.264,0.188,0.478,0.409,0.358,0.461,0.443,0.333,0.104,0.514,0.52,0.308,0.13,0.142,0.194,0.898,0.223,0.129,0.3,0.472,0.461,0.172,0.391,0.23,0.285,0.348,0.333,0.146,0.07,0.408,0.348,0.486,0.227,0.532,0.546,0.394,0.909,0.175,0.214,0.318,0.669,0.056,0.251,0.576,0.169,0.052,0.069,0.014,0.143,0.078,0.026,0.04,0.289,0.484,0.581,0.052,0.388,0.967,0.015,0.087,0.181,0.312,0.674,0.496,0.632,0.363,0.321,0.294,0.151,0.322,0.362,0.24,0.238,0.185,0.127,0.362,0.119,0.216,0.982,0.556,0.327,0.079,0.231,0.216,0.593,0.378,0.489,0.314,0.177,0.423,0.382,0.252,0.138,0.208,0.233,0.491,0.212,0.268,0.181,0.844,0.525,0.143,0.231,0.362,0.347,0.365,0.55,0.233,0.179,0.183,0.239,0.154,0.143,0.378,0.166,0.411,0.127,0.163,0.187,0.62,0.877,0.098,0.313,0.322,0.018,0.018,0.005,0.005,0.018,0.012,0.007,0.012,0.033,0.069,0.274,0.007,0.158,0.634,0.007,0.012,0.018,0.999,0.731,0.063,0.271,0.182,0.28,0.06,0.114,0.127,0.202,0.249,0.361,0.204,0.243,0.15,0.231,0.8,0.287,0.314,0.281,0.459,0.949,0.238,0.382,0.159,0.132,0.082,0.143,0.164,0.253,0.242,0.111,0.575,0.413,0.212,0.259,0.379,0.17,0.385,0.418,0.107,0.241,0.914
1-212.txt_141,0.97,0.304,0.205,0.183,0.259,0.437,0.401,0.434,0.183,0.141,0.141,0.437,0.248,0.079,0.302,0.697,0.467,0.079,0.141,0.401,0.214,0.99,0.289,0.139,0.051,0.558,0.405,0.103,0.232,0.274,0.161,0.748,0.214,0.065,0.065,0.402,0.327,0.047,0.119,0.236,0.163,0.354,0.994,0.616,0.078,0.461,0.34,0.27,0.522,0.074,0.114,0.449,0.134,0.109,0.12,0.518,0.442,0.126,0.214,0.084,0.286,0.164,0.595,0.993,0.058,0.382,0.673,0.217,0.224,0.096,0.059,0.295,0.085,0.098,0.203,0.422,0.312,0.032,0.09,0.119,0.302,0.031,0.047,0.022,1,0.047,0.026,0.058,0.039,0.315,0.249,0.047,0.249,0.078,0.047,0.226,0.269,0.058,0.078,0.464,0.269,0.558,0.405,0.347,0.076,0.988,0.736,0.101,0.384,0.179,0.292,0.678,0.384,0.088,0.194,0.5,0.447,0.065,0.119,0.158,0.277,0.404,0.442,0.78,0.052,0.768,0.986,0.139,0.365,0.048,0.081,0.598,0.12,0.04,0.258,0.557,0.386,0.075,0.12,0.109,0.416,0.213,0.339,0.233,0.081,0.229,0.162,0.989,0.14,0.036,0.038,0.288,0.094,0.058,0.094,0.318,0.225,0.158,0.106,0.061,0.179,0.5,0.5,0.285,0.056,0.546,0.55,0.135,0.999,0.056,0.106,0.474,0.149,0.301,0.135,0.285,0.179,0.243,0.722,0.106,0.194,0.059,0.088,0.166,0.208,0.114,0.179,0.027,0.064,0.967,0.654,0.091,0.596,0.438,0.151,0.12,0.239,0.093,0.257,0.801,0.19,0.168,0.046,0.032,0.22,0.135,0.076,0.025,0.06,0.715,0.971,0.153,0.826,0.446,0.056,0.121,0.267,0.107,0.216,0.68,0.29,0.724,0.441,0.312,0.065,0.695,0.631,0.127,0.291,0.192,0.232,0.975,0.292,0.078,0.214,0.478,0.29,0.045,0.119,0.177,0.194,0.144,0.059,0.023,0.194,0.282,0.071,0.043,0.159,0.704,0.793,0.144,0.993,0.569,0.059,0.144,0.244,0.31,0.467,0.728,0.179,0.093,0.104,0.097,0.098,0.101,0.138,0.062,0.229,0.435,0.447,0.083,0.429,0.996,0.063,0.248,0.179,0.571,0.882,0.287,0.269,0.103,0.157,0.214,0.04,0.272,0.447,0.047,0.103,0.047,0.047,0.327,0.047,0.018,0.999,0.269,0.269,0.018,0.047,0.047,0.579,0.275,0.515,0.363,0.189,0.466,0.488,0.334,0.281,0.122,0.093,0.422,0.185,0.15,0.222,0.966,0.631,0.065,0.177,0.165,0.415,0.264,0.368,0.201,0.214,0.335,0.278,0.12,0.241,0.299,0.333,0.3,0.374,0.169,0.201,0.646,0.983,0.129,0.234,0.423,0.083,0.047,0.018,0.012,0.083,0.119,0.047,0.083,0.083,0.047,0.119,0.047,0.194,0.731,0.018,0.047,0.083,1,0.881,0.047,0.214,0.317,0.158,0.051,0.101,0.252,0.158,0.051,0.558,0.423,0.423,0.274,0.405,0.806,0.065,0.328,0.252,0.558,0.998,0.367,0.409,0.114,0.18,0.106,0.249,0.164,0.134,0.112,0.167,0.814,0.55,0.137,0.52,0.28,0.127,0.191,0.42,0.102,0.251,0.966
1-212.txt_143,0.781,0.352,0.316,0.253,0.246,0.387,0.361,0.418,0.21,0.201,0.174,0.357,0.239,0.184,0.297,0.53,0.297,0.134,0.169,0.319,0.348,0.85,0.356,0.226,0.105,0.463,0.347,0.155,0.121,0.267,0.259,0.837,0.35,0.314,0.296,0.356,0.304,0.305,0.185,0.205,0.262,0.348,0.887,0.52,0.289,0.357,0.462,0.271,0.279,0.15,0.06,0.386,0.082,0.034,0.184,0.558,0.5,0.012,0.06,0.166,0.239,0.232,0.758,0.918,0.023,0.404,0.635,0.273,0.212,0.049,0.038,0.356,0.075,0.088,0.345,0.495,0.384,0.074,0.078,0.087,0.69,0.033,0.047,0.018,0.976,0.033,0.033,0.158,0.033,0.194,0.842,0.033,0.31,0.464,0.033,0.5,0.119,0.047,0.158,0.194,0.272,0.481,0.581,0.585,0.228,0.877,0.742,0.071,0.281,0.093,0.092,0.681,0.179,0.214,0.113,0.413,0.548,0.027,0.234,0.186,0.348,0.302,0.472,0.701,0.027,0.451,0.822,0.129,0.286,0.295,0.252,0.323,0.161,0.143,0.186,0.528,0.499,0.022,0.19,0.2,0.457,0.165,0.412,0.18,0.152,0.227,0.205,0.984,0.188,0.092,0.207,0.216,0.17,0.174,0.096,0.363,0.189,0.145,0.256,0.15,0.425,0.389,0.551,0.083,0.018,0.425,0.274,0.047,0.988,0.027,0.069,0.747,0.389,0.018,0.515,0.69,0.31,0.012,0.274,0.259,0.31,0.043,0.152,0.033,0.108,0.054,0.079,0.021,0.033,0.908,0.676,0.043,0.544,0.254,0.079,0.222,0.724,0.043,0.293,0.833,0.376,0.188,0.068,0.04,0.185,0.24,0.153,0.083,0.099,0.651,0.882,0.17,0.63,0.458,0.117,0.182,0.314,0.072,0.337,0.61,0.241,0.652,0.454,0.347,0.028,0.639,0.765,0.237,0.179,0.056,0.115,0.95,0.281,0.05,0.46,0.424,0.438,0.036,0.394,0.205,0.269,0.269,0.119,0.047,0.269,0.5,0.119,0.047,0.119,0.731,0.881,0.269,0.993,0.5,0.119,0.269,0.269,0.269,0.269,0.731,0.128,0.257,0.184,0.099,0.184,0.21,0.087,0.177,0.337,0.509,0.538,0.118,0.423,0.949,0.113,0.254,0.224,0.466,0.798,0.595,0.5,0.164,0.153,0.354,0.278,0.274,0.189,0.081,0.025,0.347,0.171,0.065,0.058,0.201,0.985,0.292,0.252,0.016,0.143,0.598,0.51,0.386,0.464,0.36,0.196,0.38,0.423,0.281,0.29,0.098,0.132,0.419,0.208,0.028,0.344,0.903,0.564,0.02,0.055,0.26,0.311,0.395,0.452,0.333,0.075,0.463,0.263,0.148,0.343,0.371,0.337,0.464,0.287,0.269,0.172,0.411,0.75,0.339,0.199,0.447,0.024,0.034,0.023,0.019,0.306,0.062,0.252,0.014,0.028,0.185,0.289,0.336,0.198,0.661,0.019,0.034,0.315,1,0.423,0.262,0.16,0.124,0.132,0.226,0.021,0.125,0.181,0.023,0.471,0.18,0.096,0.209,0.063,0.717,0.065,0.166,0.227,0.393,0.994,0.129,0.252,0.092,0.283,0.152,0.077,0.238,0.156,0.103,0.198,0.71,0.515,0.144,0.521,0.303,0.232,0.19,0.427,0.155,0.284,0.922
1-212.txt_145,0.685,0.233,0.293,0.293,0.326,0.323,0.381,0.458,0.201,0.216,0.228,0.364,0.236,0.116,0.141,0.634,0.401,0.072,0.194,0.287,0.276,0.841,0.439,0.327,0.119,0.323,0.423,0.156,0.189,0.272,0.246,0.554,0.301,0.207,0.201,0.245,0.361,0.128,0.113,0.372,0.083,0.083,0.939,0.611,0.027,0.425,0.551,0.464,0.425,0.027,0.063,0.31,0.033,0.012,0.389,0.384,0.931,0.012,0.033,0.033,0.21,0.202,0.535,0.864,0.113,0.379,0.557,0.14,0.187,0.156,0.153,0.264,0.189,0.085,0.268,0.44,0.45,0.057,0.191,0.132,0.119,0.047,0.731,0.047,0.953,0.047,0.269,0.018,0.047,0.269,0.953,0.047,0.269,0.953,0.018,0.5,0.731,0.047,0.119,0.731,0.148,0.403,0.564,0.439,0.162,0.908,0.468,0.157,0.437,0.13,0.196,0.567,0.115,0.196,0.159,0.43,0.586,0.063,0.497,0.216,0.48,0.147,0.184,0.205,0.345,0.463,0.702,0.091,0.4,0.09,0.234,0.312,0.361,0.332,0.235,0.563,0.5,0.045,0.47,0.331,0.544,0.165,0.475,0.279,0.159,0.264,0.332,0.878,0.168,0.107,0.22,0.201,0.088,0.093,0.322,0.391,0.308,0.036,0.121,0.095,0.047,0.464,0.464,0.389,0.033,0.158,0.194,0.375,0.806,0.616,0.731,0.52,0.119,0.449,0.033,0.31,0.194,0.063,0.5,0.31,0.331,0.113,0.131,0.017,0.181,0.033,0.017,0.096,0.038,0.934,0.855,0.209,0.599,0.487,0.012,0.152,0.261,0.063,0.434,0.683,0.32,0.113,0.173,0.209,0.154,0.119,0.17,0.12,0.187,0.572,0.738,0.269,0.574,0.407,0.277,0.248,0.326,0.14,0.387,0.539,0.276,0.689,0.373,0.461,0.024,0.296,0.385,0.631,0.634,0.097,0.14,0.865,0.205,0.063,0.156,0.246,0.21,0.033,0.321,0.327,0.338,0.194,0.164,0.15,0.086,0.368,0.194,0.028,0.319,0.443,0.711,0.117,0.962,0.397,0.037,0.259,0.262,0.132,0.536,0.494,0.306,0.093,0.26,0.216,0.359,0.18,0.256,0.258,0.314,0.471,0.215,0.187,0.301,0.929,0.201,0.328,0.27,0.274,0.557,0.452,0.266,0.404,0.241,0.461,0.025,0.469,0.401,0.177,0.072,0.13,0.084,0.474,0.178,0.243,0.928,0.48,0.342,0.183,0.203,0.155,0.452,0.358,0.449,0.383,0.202,0.41,0.487,0.292,0.091,0.146,0.145,0.516,0.202,0.119,0.393,0.737,0.554,0.021,0.228,0.206,0.434,0.222,0.529,0.25,0.3,0.222,0.258,0.241,0.402,0.3,0.412,0.265,0.227,0.126,0.114,0.635,0.912,0.017,0.128,0.41,0.144,0.13,0.132,0.022,0.03,0.132,0.072,0.212,0.05,0.084,0.237,0.2,0.409,0.641,0.019,0.311,0.457,0.989,0.601,0.183,0.04,0.066,0.079,0.011,0.028,0.106,0.023,0.011,0.372,0.506,0.406,0.142,0.177,0.693,0.011,0.145,0.162,0.401,0.945,0.403,0.46,0.091,0.274,0.173,0.178,0.23,0.269,0.085,0.092,0.653,0.49,0.191,0.4,0.3,0.217,0.337,0.476,0.152,0.161,0.849
1-212.txt_147,0.982,0.269,0.119,0.119,0.5,0.269,0.269,0.5,0.119,0.269,0.269,0.269,0.269,0.119,0.269,0.731,0.5,0.047,0.119,0.5,0.269,0.993,0.5,0.119,0.047,0.731,0.5,0.119,0.5,0.047,0.119,0.881,0.269,0.047,0.119,0.269,0.269,0.047,0.119,0.047,0.119,0.5,0.998,0.731,0.047,0.5,0.5,0.5,0.731,0.047,0.047,0.5,0.119,0.047,0.119,0.731,0.5,0.018,0.119,0.047,0.119,0.119,0.731,0.998,0.047,0.5,0.881,0.269,0.269,0.047,0.018,0.269,0.047,0.047,0.269,0.5,0.269,0.018,0.047,0.047,0.5,0.047,0.047,0.047,1,0.047,0.018,0.119,0.047,0.269,0.269,0.047,0.269,0.119,0.047,0.269,0.269,0.119,0.119,0.269,0.269,0.731,0.5,0.5,0.047,0.993,0.881,0.119,0.5,0.047,0.119,0.731,0.5,0.047,0.269,0.5,0.269,0.119,0.269,0.119,0.269,0.5,0.5,0.881,0.018,0.881,0.993,0.119,0.5,0.047,0.047,0.731,0.119,0.047,0.269,0.5,0.269,0.047,0.119,0.119,0.5,0.119,0.5,0.269,0.119,0.119,0.119,0.998,0.119,0.018,0.018,0.119,0.047,0.047,0.119,0.5,0.119,0.119,0.047,0.047,0.119,0.5,0.731,0.269,0.047,0.5,0.5,0.119,1,0.047,0.047,0.269,0.119,0.269,0.119,0.269,0.119,0.119,0.881,0.047,0.269,0.047,0.047,0.047,0.269,0.047,0.047,0.018,0.047,0.982,0.881,0.047,0.731,0.5,0.047,0.119,0.269,0.047,0.269,0.953,0.269,0.119,0.047,0.018,0.269,0.119,0.047,0.018,0.047,0.881,0.982,0.119,0.881,0.5,0.047,0.119,0.269,0.119,0.269,0.731,0.269,0.881,0.5,0.269,0.047,0.731,0.731,0.119,0.269,0.047,0.119,0.982,0.269,0.047,0.269,0.5,0.269,0.047,0.119,0.119,0.269,0.269,0.119,0.047,0.269,0.5,0.119,0.047,0.119,0.731,0.881,0.269,0.993,0.5,0.119,0.269,0.269,0.269,0.269,0.731,0.119,0.047,0.047,0.047,0.119,0.047,0.047,0.047,0.269,0.5,0.5,0.047,0.5,0.998,0.018,0.119,0.119,0.731,0.953,0.269,0.269,0.119,0.119,0.269,0.047,0.269,0.269,0.119,0.119,0.047,0.047,0.269,0.119,0.018,0.999,0.269,0.269,0.018,0.047,0.119,0.731,0.269,0.731,0.5,0.269,0.5,0.5,0.5,0.269,0.119,0.119,0.5,0.269,0.119,0.269,0.982,0.731,0.047,0.119,0.119,0.5,0.269,0.5,0.269,0.269,0.269,0.269,0.119,0.119,0.269,0.269,0.269,0.269,0.119,0.269,0.731,0.993,0.119,0.119,0.5,0.047,0.047,0.018,0.018,0.119,0.119,0.047,0.119,0.119,0.047,0.119,0.047,0.269,0.731,0.018,0.047,0.119,1,0.881,0.047,0.119,0.119,0.119,0.047,0.119,0.269,0.119,0.047,0.881,0.269,0.269,0.119,0.269,0.953,0.047,0.119,0.119,0.881,0.999,0.269,0.5,0.047,0.047,0.047,0.269,0.119,0.119,0.047,0.047,0.953,0.731,0.119,0.731,0.269,0.119,0.119,0.5,0.047,0.269,0.982
1-212.txt_149,0.982,0.269,0.119,0.119,0.5,0.269,0.269,0.5,0.119,0.269,0.269,0.269,0.269,0.119,0.269,0.731,0.5,0.047,0.119,0.5,0.269,0.993,0.5,0.119,0.047,0.731,0.5,0.119,0.5,0.047,0.119,0.881,0.269,0.047,0.119,0.269,0.269,0.047,0.119,0.047,0.119,0.5,0.998,0.731,0.047,0.5,0.5,0.5,0.731,0.047,0.047,0.5,0.119,0.047,0.119,0.731,0.5,0.018,0.119,0.047,0.119,0.119,0.731,0.998,0.047,0.5,0.881,0.269,0.269,0.047,0.018,0.269,0.047,0.018,0.269,0.5,0.269,0.018,0.047,0.047,0.5,0.047,0.047,0.047,1,0.047,0.018,0.047,0.047,0.269,0.269,0.047,0.269,0.119,0.047,0.269,0.269,0.119,0.119,0.269,0.269,0.731,0.5,0.5,0.047,0.993,0.881,0.119,0.5,0.047,0.119,0.731,0.5,0.047,0.269,0.5,0.269,0.119,0.269,0.119,0.269,0.5,0.5,0.881,0.018,0.881,0.993,0.119,0.5,0.047,0.047,0.731,0.119,0.047,0.269,0.5,0.269,0.047,0.119,0.119,0.5,0.119,0.5,0.269,0.047,0.119,0.119,0.998,0.119,0.018,0.018,0.119,0.047,0.047,0.119,0.5,0.119,0.047,0.047,0.047,0.119,0.5,0.731,0.269,0.047,0.5,0.5,0.119,1,0.047,0.047,0.269,0.119,0.269,0.119,0.269,0.119,0.119,0.881,0.047,0.269,0.047,0.047,0.047,0.269,0.047,0.047,0.018,0.047,0.982,0.881,0.047,0.731,0.5,0.047,0.119,0.269,0.047,0.269,0.953,0.269,0.119,0.047,0.018,0.269,0.119,0.047,0.018,0.047,0.881,0.982,0.119,0.881,0.5,0.047,0.119,0.269,0.119,0.269,0.731,0.269,0.881,0.5,0.269,0.047,0.731,0.731,0.119,0.269,0.047,0.119,0.993,0.269,0.047,0.269,0.5,0.269,0.047,0.119,0.119,0.269,0.269,0.119,0.047,0.269,0.5,0.119,0.047,0.119,0.731,0.881,0.269,0.993,0.5,0.119,0.269,0.269,0.269,0.269,0.731,0.119,0.047,0.047,0.018,0.119,0.047,0.047,0.047,0.269,0.5,0.5,0.047,0.5,0.998,0.018,0.119,0.119,0.731,0.953,0.269,0.269,0.119,0.119,0.269,0.047,0.269,0.269,0.119,0.119,0.047,0.047,0.269,0.119,0.018,0.999,0.269,0.269,0.018,0.047,0.119,0.731,0.269,0.731,0.5,0.269,0.5,0.5,0.5,0.269,0.119,0.119,0.5,0.269,0.119,0.269,0.982,0.731,0.047,0.119,0.119,0.5,0.269,0.5,0.269,0.269,0.269,0.269,0.119,0.119,0.269,0.269,0.269,0.269,0.119,0.269,0.731,0.993,0.119,0.119,0.5,0.047,0.047,0.018,0.018,0.119,0.119,0.047,0.047,0.119,0.047,0.119,0.047,0.269,0.731,0.018,0.047,0.119,1,0.881,0.047,0.119,0.119,0.119,0.047,0.119,0.269,0.119,0.047,0.881,0.269,0.269,0.119,0.269,0.953,0.047,0.119,0.119,0.881,0.999,0.269,0.5,0.047,0.047,0.047,0.269,0.119,0.119,0.047,0.047,0.953,0.731,0.119,0.731,0.269,0.119,0.119,0.5,0.047,0.269,0.982
1-212.txt_151,0.736,0.19,0.404,0.448,0.06,0.267,0.42,0.396,0.19,0.165,0.095,0.3,0.213,0.209,0.115,0.533,0.267,0.027,0.159,0.279,0.196,0.832,0.558,0.368,0.089,0.443,0.458,0.127,0.312,0.207,0.157,0.584,0.19,0.276,0.251,0.386,0.451,0.202,0.27,0.256,0.363,0.365,0.821,0.62,0.022,0.301,0.301,0.486,0.277,0.162,0.016,0.364,0.178,0.019,0.232,0.476,0.179,0.016,0.211,0.028,0.164,0.339,0.823,0.915,0.016,0.327,0.728,0.306,0.088,0.016,0.02,0.251,0.039,0.016,0.463,0.499,0.241,0.151,0.031,0.022,0.708,0.236,0.236,0.058,0.931,0.405,0.369,0.369,0.493,0.254,0.635,0.083,0.518,0.482,0.04,0.555,0.442,0.269,0.121,0.349,0.243,0.411,0.404,0.359,0.022,0.939,0.554,0.217,0.181,0.228,0.351,0.363,0.301,0.406,0.05,0.15,0.167,0.056,0.566,0.349,0.367,0.331,0.571,0.475,0.126,0.541,0.804,0.125,0.162,0.129,0.076,0.655,0.094,0.164,0.221,0.237,0.416,0.174,0.257,0.15,0.322,0.221,0.527,0.554,0.025,0.26,0.387,0.799,0.169,0.125,0.192,0.256,0.069,0.237,0.164,0.364,0.263,0.027,0.261,0.141,0.5,0.269,0.5,0.269,0.119,0.5,0.5,0.269,0.999,0.047,0.047,0.269,0.119,0.119,0.119,0.953,0.5,0.047,0.5,0.047,0.216,0.275,0.042,0.107,0.185,0.153,0.122,0.152,0.048,0.857,0.594,0.27,0.841,0.593,0.025,0.308,0.452,0.161,0.425,0.707,0.211,0.163,0.155,0.09,0.23,0.253,0.167,0.019,0.125,0.584,0.84,0.192,0.588,0.634,0.103,0.175,0.235,0.079,0.386,0.538,0.354,0.667,0.605,0.273,0.034,0.523,0.471,0.159,0.309,0.214,0.25,0.831,0.23,0.079,0.33,0.453,0.359,0.17,0.331,0.37,0.292,0.475,0.31,0.073,0.088,0.495,0.189,0.065,0.171,0.59,0.537,0.555,0.834,0.164,0.058,0.537,0.633,0.078,0.103,0.445,0.121,0.04,0.153,0.03,0.051,0.146,0.146,0.085,0.139,0.31,0.5,0.033,0.347,0.997,0.193,0.076,0.083,0.671,0.945,0.269,0.153,0.269,0.41,0.446,0.161,0.294,0.395,0.098,0.081,0.146,0.091,0.369,0.194,0.157,0.919,0.239,0.078,0.015,0.056,0.198,0.272,0.327,0.589,0.301,0.287,0.363,0.228,0.317,0.372,0.168,0.084,0.383,0.047,0.256,0.231,0.787,0.569,0.198,0.3,0.117,0.341,0.296,0.412,0.482,0.04,0.329,0.343,0.111,0.263,0.337,0.117,0.39,0.165,0.164,0.126,0.628,0.933,0.096,0.108,0.577,0.025,0.023,0.245,0.016,0.018,0.033,0.136,0.015,0.259,0.211,0.103,0.136,0.083,0.621,0.006,0.03,0.033,0.995,0.836,0.238,0.111,0.25,0.177,0.11,0.064,0.318,0.097,0.049,0.576,0.213,0.331,0.317,0.153,0.669,0.156,0.2,0.213,0.427,0.98,0.349,0.3,0.11,0.258,0.104,0.043,0.247,0.191,0.058,0.113,0.674,0.478,0.209,0.439,0.219,0.19,0.167,0.338,0.189,0.182,0.863
1-212.txt_153,0.962,0.202,0.267,0.18,0.331,0.277,0.277,0.439,0.172,0.202,0.187,0.277,0.239,0.186,0.255,0.71,0.548,0.133,0.21,0.416,0.119,0.998,0.269,0.119,0.018,0.731,0.5,0.047,0.269,0.018,0.047,0.881,0.119,0.047,0.047,0.269,0.119,0.047,0.119,0.047,0.214,0.45,0.99,0.671,0.058,0.5,0.384,0.232,0.442,0.025,0.033,0.442,0.083,0.033,0.101,0.613,0.48,0.018,0.083,0.065,0.248,0.284,0.568,0.988,0.047,0.473,0.712,0.248,0.225,0.052,0.059,0.411,0.12,0.031,0.197,0.462,0.32,0.018,0.043,0.08,0.327,0.025,0.065,0.043,1,0.047,0.025,0.284,0.025,0.101,0.101,0.025,0.101,0.047,0.047,0.269,0.232,0.047,0.047,0.232,0.358,0.563,0.505,0.423,0.05,0.986,0.723,0.315,0.423,0.045,0.071,0.657,0.233,0.028,0.169,0.461,0.244,0.059,0.132,0.096,0.359,0.402,0.312,0.521,0.054,0.708,0.974,0.134,0.347,0.082,0.087,0.603,0.216,0.096,0.347,0.504,0.297,0.104,0.186,0.156,0.431,0.167,0.331,0.218,0.176,0.211,0.215,0.991,0.12,0.076,0.125,0.236,0.13,0.058,0.09,0.346,0.134,0.083,0.049,0.071,0.119,0.269,0.631,0.274,0.047,0.384,0.269,0.158,0.998,0.069,0.069,0.194,0.119,0.464,0.047,0.31,0.194,0.375,0.749,0.083,0.245,0.093,0.075,0.064,0.202,0.096,0.078,0.06,0.065,0.973,0.794,0.096,0.767,0.423,0.088,0.213,0.396,0.096,0.152,0.8,0.2,0.217,0.142,0.078,0.189,0.179,0.113,0.067,0.121,0.7,0.962,0.231,0.788,0.503,0.085,0.132,0.247,0.16,0.293,0.607,0.381,0.612,0.341,0.262,0.066,0.575,0.555,0.137,0.274,0.166,0.218,0.959,0.271,0.148,0.305,0.341,0.246,0.075,0.191,0.197,0.25,0.194,0.12,0.049,0.232,0.347,0.101,0.053,0.101,0.692,0.808,0.213,0.993,0.502,0.092,0.318,0.358,0.204,0.308,0.676,0.149,0.087,0.093,0.097,0.09,0.113,0.142,0.129,0.235,0.412,0.452,0.089,0.435,0.994,0.055,0.19,0.138,0.583,0.882,0.252,0.298,0.111,0.138,0.213,0.075,0.242,0.298,0.111,0.111,0.075,0.075,0.298,0.111,0.049,0.999,0.298,0.298,0.049,0.075,0.111,0.601,0.291,0.573,0.351,0.218,0.425,0.385,0.354,0.213,0.203,0.181,0.395,0.261,0.105,0.258,0.959,0.676,0.044,0.11,0.201,0.392,0.319,0.413,0.24,0.204,0.432,0.341,0.12,0.207,0.285,0.21,0.374,0.295,0.086,0.331,0.608,0.971,0.075,0.134,0.405,0.12,0.096,0.107,0.222,0.096,0.169,0.235,0.108,0.108,0.084,0.12,0.133,0.157,0.539,0.228,0.133,0.12,1,0.729,0.084,0.141,0.13,0.154,0.176,0.088,0.238,0.174,0.045,0.68,0.316,0.413,0.12,0.429,0.816,0.058,0.13,0.162,0.609,0.996,0.348,0.424,0.157,0.083,0.06,0.288,0.141,0.104,0.132,0.063,0.816,0.612,0.146,0.61,0.265,0.091,0.186,0.409,0.067,0.174,0.953
1-212.txt_155,0.77,0.03,0.106,0.174,0.32,0.133,0.264,0.32,0.078,0.522,0.569,0.176,0.249,0.35,0.302,0.322,0.36,0.088,0.216,0.61,0.162,0.766,0.491,0.353,0.081,0.416,0.524,0.194,0.395,0.189,0.198,0.534,0.279,0.232,0.223,0.391,0.299,0.201,0.225,0.103,0.237,0.424,0.803,0.443,0.11,0.293,0.331,0.284,0.273,0.242,0.299,0.484,0.256,0.281,0.114,0.454,0.228,0.01,0.242,0.25,0.263,0.241,0.627,0.9,0.014,0.608,0.741,0.498,0.449,0.099,0.093,0.508,0.075,0.094,0.193,0.354,0.416,0.105,0.095,0.126,0.047,0.253,0.007,0.005,1,0.007,0.005,0.027,0.007,0.069,0.018,0.027,0.018,0.012,0.007,0.047,0.047,0.012,0.138,0.047,0.247,0.461,0.354,0.549,0.097,0.756,0.626,0.09,0.287,0.311,0.163,0.55,0.197,0.105,0.195,0.357,0.467,0.032,0.139,0.225,0.271,0.401,0.192,0.252,0.223,0.614,0.779,0.221,0.371,0.195,0.235,0.624,0.382,0.293,0.231,0.548,0.595,0.232,0.334,0.299,0.355,0.422,0.386,0.348,0.097,0.42,0.535,0.697,0.435,0.188,0.064,0.468,0.14,0.045,0.303,0.44,0.282,0.007,0.042,0.23,0.405,0.445,0.292,0.322,0.078,0.711,0.671,0.076,0.686,0.143,0.284,0.289,0.259,0.141,0.628,0.405,0.176,0.472,0.204,0.294,0.216,0.1,0.267,0.363,0.035,0.273,0.457,0.07,0.225,0.668,0.479,0.333,0.359,0.345,0.209,0.507,0.596,0.017,0.187,0.695,0.34,0.245,0.176,0.149,0.162,0.241,0.18,0.143,0.208,0.514,0.795,0.356,0.432,0.405,0.181,0.232,0.279,0.132,0.355,0.498,0.138,0.61,0.474,0.656,0.17,0.723,0.779,0.24,0.322,0.038,0.017,0.901,0.08,0.088,0.289,0.431,0.348,0.114,0.042,0.051,0.237,0.317,0.12,0.299,0.196,0.454,0.1,0.072,0.196,0.626,0.733,0.439,0.789,0.193,0.351,0.237,0.227,0.022,0.036,0.376,0.09,0.157,0.206,0.18,0.216,0.069,0.139,0.125,0.363,0.293,0.426,0.244,0.321,0.881,0.147,0.158,0.184,0.209,0.705,0.361,0.456,0.363,0.591,0.532,0.016,0.257,0.789,0.235,0.17,0.187,0.217,0.727,0.161,0.179,0.845,0.348,0.522,0.28,0.109,0.313,0.521,0.398,0.41,0.337,0.248,0.24,0.358,0.305,0.279,0.285,0.195,0.443,0.12,0.234,0.149,0.71,0.546,0.149,0.158,0.377,0.318,0.486,0.336,0.212,0.228,0.413,0.451,0.055,0.283,0.264,0.35,0.506,0.474,0.241,0.064,0.653,0.911,0.01,0.236,0.266,0.524,0.295,0.059,0.205,0.019,0.229,0.111,0.399,0.255,0.235,0.374,0.097,0.48,0.476,0.302,0.182,0.142,0.968,0.45,0.513,0.075,0.078,0.012,0.005,0.133,0.043,0.012,0.004,0.765,0.354,0.445,0.017,0.387,0.985,0.005,0.088,0.081,0.359,0.932,0.437,0.387,0.208,0.202,0.091,0.19,0.345,0.296,0.156,0.199,0.607,0.627,0.201,0.615,0.442,0.211,0.24,0.339,0.114,0.196,0.869
1-212.txt_157,0.797,0.271,0.417,0.396,0.168,0.358,0.431,0.358,0.271,0.225,0.225,0.352,0.304,0.238,0.225,0.528,0.454,0.038,0.251,0.284,0.255,0.754,0.41,0.301,0.036,0.282,0.524,0.232,0.22,0.211,0.146,0.603,0.192,0.089,0.254,0.501,0.536,0.175,0.31,0.271,0.226,0.432,0.804,0.519,0.124,0.395,0.542,0.407,0.365,0.152,0.125,0.629,0.304,0.365,0.057,0.317,0.379,0.135,0.531,0.138,0.257,0.289,0.568,0.974,0.117,0.286,0.622,0.288,0.243,0.121,0.064,0.576,0.143,0.02,0.162,0.347,0.442,0.014,0.032,0.287,0.322,0.136,0.237,0.212,0.999,0.094,0.045,0.074,0.042,0.181,0.076,0.139,0.249,0.024,0.225,0.287,0.272,0.024,0.024,0.273,0.318,0.492,0.509,0.54,0.052,0.857,0.648,0.191,0.347,0.116,0.106,0.611,0.161,0.25,0.24,0.401,0.242,0.038,0.155,0.136,0.37,0.371,0.684,0.488,0.032,0.606,0.857,0.27,0.2,0.23,0.188,0.426,0.187,0.135,0.228,0.453,0.333,0.123,0.071,0.32,0.429,0.137,0.397,0.378,0.152,0.223,0.298,0.947,0.117,0.133,0.166,0.287,0.138,0.091,0.249,0.343,0.238,0.094,0.145,0.068,0.119,0.119,0.967,0.119,0.033,0.536,0.119,0.389,0.995,0.083,0.269,0.31,0.425,0.274,0.464,0.119,0.536,0.485,0.119,0.731,0.279,0.167,0.116,0.067,0.171,0.056,0.159,0.127,0.12,0.857,0.708,0.222,0.548,0.363,0.075,0.1,0.417,0.138,0.349,0.793,0.266,0.167,0.058,0.05,0.095,0.074,0.054,0.132,0.097,0.68,0.924,0.094,0.694,0.564,0.176,0.142,0.233,0.078,0.357,0.7,0.158,0.551,0.384,0.558,0.007,0.269,0.806,0.033,0.047,0.033,0.259,0.973,0.033,0.012,0.047,0.119,0.384,0.007,0.018,0.259,0.376,0.287,0.062,0.036,0.267,0.348,0.213,0.12,0.38,0.472,0.626,0.293,0.916,0.454,0.05,0.394,0.498,0.29,0.439,0.516,0.319,0.157,0.036,0.029,0.057,0.055,0.08,0.217,0.071,0.366,0.437,0.055,0.376,0.978,0.118,0.193,0.192,0.43,0.753,0.246,0.465,0.384,0.391,0.28,0.043,0.223,0.495,0.296,0.142,0.129,0.183,0.444,0.333,0.246,0.983,0.43,0.417,0.038,0.19,0.19,0.507,0.249,0.556,0.43,0.097,0.265,0.248,0.354,0.254,0.212,0.201,0.434,0.236,0.194,0.222,0.786,0.631,0.071,0.421,0.137,0.307,0.203,0.497,0.355,0.126,0.348,0.327,0.284,0.332,0.215,0.18,0.505,0.124,0.262,0.152,0.671,0.902,0.158,0.27,0.335,0.098,0.175,0.013,0.009,0.018,0.038,0.058,0.014,0.111,0.185,0.212,0.302,0.349,0.711,0.013,0.024,0.034,0.998,0.793,0.058,0.272,0.057,0.23,0.278,0.145,0.097,0.136,0.192,0.407,0.333,0.304,0.114,0.197,0.797,0.21,0.104,0.234,0.444,0.947,0.227,0.332,0.167,0.166,0.149,0.207,0.295,0.161,0.098,0.159,0.666,0.529,0.27,0.445,0.313,0.159,0.294,0.406,0.101,0.247,0.837
1-212.txt_159,0.618,0.287,0.344,0.213,0.217,0.292,0.355,0.39,0.204,0.29,0.224,0.349,0.312,0.153,0.18,0.519,0.554,0.092,0.107,0.445,0.033,0.94,0.033,0.012,0.061,0.269,0.083,0.007,0.857,0.253,0.158,0.389,0.143,0.444,0.063,0.389,0.143,0.503,0.5,0.138,0.158,0.445,0.916,0.507,0.012,0.417,0.322,0.383,0.347,0.102,0.044,0.519,0.136,0.038,0.324,0.289,0.563,0.007,0.015,0.078,0.269,0.307,0.708,0.863,0.031,0.436,0.685,0.308,0.316,0.163,0.14,0.466,0.12,0.137,0.195,0.541,0.33,0.027,0.084,0.158,0.047,0.005,0.027,0.005,1,0.027,0.025,0.007,0.007,0.033,0.083,0.027,0.274,0.012,0.007,0.047,0.158,0.69,0.012,0.083,0.387,0.563,0.518,0.512,0.007,0.839,0.708,0.31,0.771,0.075,0.238,0.673,0.57,0.073,0.169,0.424,0.272,0.01,0.234,0.191,0.22,0.478,0.52,0.715,0.048,0.688,0.915,0.271,0.427,0.06,0.109,0.557,0.111,0.159,0.225,0.322,0.455,0.232,0.194,0.103,0.407,0.287,0.476,0.424,0.1,0.093,0.396,0.793,0.258,0.047,0.026,0.362,0.018,0.109,0.113,0.5,0.227,0.176,0.318,0.07,0.209,0.442,0.377,0.377,0.011,0.59,0.379,0.047,0.756,0.307,0.266,0.416,0.266,0.287,0.255,0.362,0.284,0.071,0.271,0.324,0.329,0.246,0.105,0.109,0.166,0.179,0.043,0.146,0.15,0.852,0.553,0.256,0.492,0.497,0.108,0.303,0.322,0.015,0.176,0.753,0.538,0.149,0.086,0.104,0.222,0.155,0.138,0.078,0.064,0.56,0.817,0.17,0.479,0.575,0.102,0.148,0.3,0.175,0.318,0.493,0.229,0.61,0.512,0.558,0.101,0.589,0.717,0.13,0.2,0.298,0.184,0.82,0.147,0.164,0.111,0.396,0.453,0.106,0.125,0.29,0.211,0.133,0.133,0.023,0.243,0.261,0.303,0.094,0.159,0.654,0.827,0.171,0.87,0.441,0.061,0.228,0.318,0.024,0.423,0.773,0.177,0.099,0.044,0.124,0.173,0.267,0.1,0.075,0.313,0.441,0.632,0.047,0.544,0.94,0.105,0.149,0.353,0.182,0.519,0.374,0.369,0.4,0.241,0.229,0.172,0.428,0.386,0.185,0.212,0.203,0.251,0.292,0.165,0.145,0.84,0.535,0.368,0.011,0.021,0.349,0.425,0.356,0.086,0.128,0.282,0.534,0.458,0.17,0.269,0.237,0.396,0.471,0.471,0.276,0.412,0.684,0.45,0.302,0.25,0.563,0.306,0.27,0.296,0.306,0.164,0.307,0.316,0.247,0.201,0.455,0.454,0.444,0.155,0.236,0.291,0.55,0.829,0.146,0.227,0.468,0.007,0.007,0.002,0.001,0.007,0.007,0.002,0.007,0.007,0.007,0.018,0.002,0.018,0.119,0.002,0.007,0.007,1,0.731,0.002,0.113,0.198,0.184,0.151,0.289,0.172,0.373,0.149,0.501,0.19,0.425,0.361,0.359,0.68,0.16,0.253,0.215,0.339,0.772,0.263,0.427,0.352,0.101,0.126,0.168,0.383,0.31,0.089,0.171,0.616,0.604,0.313,0.446,0.234,0.196,0.318,0.465,0.017,0.222,0.816
1-212.txt_161,0.973,0.21,0.218,0.266,0.224,0.323,0.371,0.408,0.149,0.157,0.195,0.348,0.285,0.07,0.254,0.661,0.431,0.052,0.112,0.393,0.327,0.984,0.379,0.333,0.138,0.582,0.508,0.211,0.314,0.063,0.083,0.718,0.169,0.061,0.107,0.409,0.342,0.122,0.152,0.102,0.347,0.384,0.993,0.623,0.083,0.558,0.558,0.269,0.5,0.04,0.04,0.563,0.101,0.04,0.119,0.726,0.5,0.018,0.101,0.047,0.164,0.233,0.592,0.993,0.031,0.41,0.679,0.205,0.232,0.101,0.049,0.371,0.084,0.028,0.295,0.408,0.254,0.018,0.062,0.126,0.327,0.047,0.103,0.043,1,0.084,0.043,0.084,0.056,0.186,0.223,0.065,0.214,0.075,0.065,0.365,0.387,0.056,0.074,0.298,0.239,0.592,0.645,0.506,0.056,0.987,0.821,0.149,0.454,0.062,0.09,0.592,0.285,0.036,0.179,0.546,0.412,0.076,0.149,0.106,0.269,0.573,0.442,0.616,0.027,0.767,0.985,0.199,0.431,0.081,0.132,0.664,0.18,0.052,0.194,0.431,0.269,0.044,0.112,0.07,0.565,0.122,0.335,0.224,0.068,0.189,0.189,0.991,0.119,0.026,0.029,0.232,0.073,0.029,0.119,0.448,0.222,0.045,0.047,0.034,0.119,0.384,0.747,0.384,0.047,0.5,0.5,0.194,0.999,0.018,0.047,0.269,0.119,0.119,0.083,0.384,0.194,0.047,0.69,0.033,0.149,0.092,0.068,0.038,0.119,0.234,0.132,0.024,0.086,0.978,0.818,0.138,0.685,0.424,0.062,0.092,0.269,0.09,0.209,0.865,0.133,0.093,0.021,0.018,0.119,0.107,0.047,0.018,0.074,0.754,0.969,0.054,0.837,0.635,0.039,0.054,0.228,0.223,0.395,0.682,0.312,0.755,0.447,0.331,0.071,0.645,0.6,0.13,0.27,0.187,0.122,0.981,0.244,0.063,0.219,0.5,0.348,0.047,0.112,0.212,0.269,0.157,0.083,0.04,0.157,0.289,0.083,0.033,0.101,0.794,0.899,0.157,0.995,0.5,0.065,0.157,0.269,0.157,0.269,0.768,0.09,0.047,0.042,0.018,0.062,0.036,0.036,0.03,0.272,0.454,0.591,0.047,0.454,0.996,0.018,0.076,0.119,0.685,0.926,0.315,0.336,0.264,0.312,0.276,0.053,0.242,0.298,0.148,0.24,0.056,0.049,0.327,0.074,0.025,0.998,0.327,0.25,0.025,0.104,0.075,0.587,0.232,0.558,0.537,0.175,0.413,0.502,0.447,0.194,0.065,0.065,0.327,0.139,0.047,0.232,0.958,0.649,0.04,0.083,0.121,0.45,0.237,0.486,0.253,0.248,0.275,0.253,0.152,0.163,0.286,0.286,0.275,0.326,0.169,0.243,0.713,0.986,0.117,0.192,0.466,0.071,0.047,0.018,0.01,0.071,0.119,0.047,0.047,0.047,0.198,0.397,0.047,0.323,0.731,0.018,0.047,0.071,1,0.831,0.121,0.169,0.323,0.169,0.071,0.047,0.246,0.169,0.047,0.831,0.119,0.219,0.397,0.269,0.879,0.071,0.169,0.169,0.754,0.997,0.219,0.448,0.164,0.088,0.047,0.236,0.218,0.138,0.056,0.064,0.877,0.603,0.214,0.654,0.219,0.079,0.195,0.397,0.047,0.186,0.976
1-212.txt_163,0.982,0.119,0.119,0.119,0.5,0.269,0.269,0.5,0.119,0.269,0.119,0.269,0.269,0.119,0.269,0.731,0.5,0.047,0.119,0.5,0.119,0.998,0.5,0.119,0.018,0.731,0.5,0.047,0.5,0.047,0.119,0.881,0.119,0.047,0.119,0.269,0.269,0.047,0.119,0.047,0.119,0.5,0.998,0.731,0.047,0.5,0.5,0.5,0.731,0.018,0.018,0.5,0.119,0.047,0.119,0.731,0.5,0.018,0.119,0.047,0.119,0.119,0.731,0.998,0.018,0.5,0.881,0.269,0.269,0.047,0.018,0.269,0.047,0.018,0.119,0.5,0.269,0.007,0.047,0.047,0.5,0.018,0.047,0.018,1,0.047,0.018,0.047,0.047,0.269,0.269,0.047,0.119,0.047,0.047,0.269,0.269,0.047,0.047,0.269,0.269,0.731,0.5,0.5,0.047,0.998,0.881,0.119,0.5,0.047,0.119,0.731,0.5,0.018,0.269,0.5,0.269,0.119,0.119,0.119,0.269,0.5,0.5,0.881,0.018,0.881,0.993,0.119,0.5,0.018,0.047,0.731,0.119,0.018,0.269,0.5,0.269,0.047,0.119,0.047,0.5,0.047,0.5,0.269,0.047,0.119,0.119,0.998,0.119,0.018,0.018,0.119,0.047,0.047,0.119,0.5,0.119,0.047,0.047,0.047,0.119,0.5,0.731,0.269,0.047,0.5,0.5,0.119,1,0.018,0.047,0.269,0.119,0.269,0.119,0.269,0.119,0.047,0.881,0.047,0.269,0.047,0.018,0.047,0.269,0.047,0.018,0.018,0.018,0.982,0.881,0.047,0.731,0.5,0.047,0.047,0.269,0.047,0.269,0.953,0.119,0.119,0.018,0.018,0.269,0.119,0.047,0.018,0.047,0.881,0.982,0.047,0.881,0.5,0.047,0.047,0.269,0.119,0.269,0.731,0.269,0.881,0.5,0.269,0.047,0.731,0.731,0.119,0.269,0.047,0.047,0.993,0.119,0.047,0.269,0.5,0.269,0.047,0.119,0.047,0.269,0.119,0.119,0.047,0.119,0.5,0.119,0.047,0.119,0.731,0.881,0.119,0.998,0.5,0.047,0.119,0.269,0.119,0.269,0.731,0.119,0.047,0.047,0.018,0.047,0.018,0.018,0.047,0.269,0.5,0.5,0.047,0.5,0.999,0.018,0.047,0.119,0.731,0.953,0.269,0.269,0.119,0.119,0.119,0.047,0.269,0.269,0.119,0.119,0.047,0.047,0.269,0.047,0.018,1,0.269,0.269,0.018,0.047,0.047,0.731,0.269,0.731,0.5,0.269,0.5,0.5,0.5,0.269,0.047,0.047,0.5,0.119,0.047,0.269,0.982,0.881,0.047,0.119,0.119,0.5,0.269,0.5,0.269,0.269,0.269,0.269,0.119,0.119,0.269,0.269,0.269,0.269,0.119,0.269,0.881,0.993,0.047,0.119,0.5,0.047,0.047,0.018,0.007,0.047,0.119,0.047,0.047,0.047,0.047,0.119,0.047,0.119,0.731,0.018,0.047,0.047,1,0.881,0.047,0.119,0.119,0.119,0.047,0.047,0.119,0.119,0.047,0.881,0.269,0.269,0.119,0.269,0.953,0.047,0.119,0.119,0.881,0.999,0.269,0.5,0.047,0.047,0.047,0.269,0.119,0.047,0.047,0.047,0.953,0.731,0.047,0.731,0.269,0.047,0.119,0.5,0.047,0.269,0.982
1-212.txt_165,0.812,0.242,0.213,0.218,0.214,0.199,0.266,0.426,0.118,0.261,0.355,0.281,0.23,0.205,0.149,0.595,0.416,0.048,0.224,0.474,0.304,0.836,0.462,0.164,0.035,0.45,0.414,0.15,0.361,0.156,0.129,0.742,0.181,0.102,0.241,0.467,0.399,0.041,0.298,0.203,0.409,0.484,0.931,0.179,0.044,0.537,0.301,0.167,0.704,0.243,0.144,0.611,0.076,0.03,0.385,0.424,0.424,0.022,0.09,0.199,0.174,0.098,0.762,0.937,0.023,0.348,0.605,0.205,0.248,0.046,0.138,0.28,0.061,0.102,0.284,0.462,0.378,0.027,0.115,0.142,0.31,0.083,0.119,0.083,0.988,0.536,0.274,0.967,0.515,0.119,0.731,0.083,0.119,0.5,0.047,0.119,0.31,0.083,0.158,0.119,0.095,0.349,0.296,0.062,0.018,0.832,0.272,0.028,0.685,0.339,0.085,0.476,0.373,0.339,0.038,0.246,0.246,0.111,0.388,0.339,0.268,0.4,0.53,0.569,0.03,0.473,0.855,0.164,0.226,0.15,0.166,0.528,0.245,0.154,0.195,0.404,0.426,0.049,0.178,0.289,0.397,0.21,0.562,0.366,0.161,0.233,0.176,0.806,0.167,0.143,0.218,0.278,0.232,0.126,0.159,0.429,0.321,0.034,0.133,0.188,0.356,0.286,0.352,0.283,0.14,0.321,0.323,0.259,0.226,0.305,0.32,0.35,0.284,0.299,0.227,0.385,0.377,0.135,0.301,0.383,0.323,0.187,0.033,0.015,0.071,0.15,0.033,0.012,0.021,0.884,0.724,0.179,0.631,0.509,0.023,0.079,0.351,0.045,0.222,0.821,0.321,0.221,0.051,0.109,0.072,0.201,0.08,0.096,0.17,0.592,0.89,0.251,0.574,0.6,0.129,0.191,0.255,0.149,0.424,0.626,0.463,0.68,0.525,0.31,0.03,0.719,0.595,0.065,0.194,0.196,0.153,0.953,0.101,0.025,0.101,0.194,0.157,0.033,0.179,0.153,0.145,0.121,0.212,0.038,0.145,0.246,0.222,0.038,0.222,0.738,0.55,0.373,0.952,0.788,0.299,0.272,0.346,0.46,0.651,0.781,0.076,0.062,0.208,0.03,0.251,0.199,0.132,0.377,0.09,0.727,0.622,0.228,0.576,0.984,0.12,0.152,0.167,0.195,0.817,0.424,0.188,0.281,0.304,0.43,0.136,0.563,0.424,0.187,0.076,0.131,0.171,0.294,0.252,0.282,0.94,0.332,0.279,0.128,0.283,0.23,0.555,0.329,0.454,0.279,0.146,0.455,0.382,0.287,0.292,0.123,0.04,0.432,0.159,0.108,0.3,0.889,0.596,0.108,0.132,0.209,0.238,0.475,0.515,0.395,0.167,0.399,0.352,0.36,0.214,0.215,0.088,0.466,0.173,0.137,0.269,0.5,0.75,0.147,0.074,0.198,0.2,0.123,0.474,0.259,0.057,0.115,0.211,0.188,0.225,0.153,0.26,0.152,0.145,0.663,0.116,0.199,0.204,0.984,0.746,0.369,0.164,0.049,0.039,0.03,0.166,0.06,0.065,0.03,0.542,0.229,0.348,0.045,0.239,0.919,0.03,0.081,0.079,0.516,0.99,0.285,0.291,0.067,0.082,0.133,0.299,0.155,0.115,0.124,0.147,0.667,0.504,0.148,0.402,0.354,0.228,0.214,0.435,0.151,0.401,0.817
1-212.txt_167,0.82,0.219,0.295,0.183,0.197,0.453,0.32,0.479,0.311,0.221,0.194,0.314,0.256,0.095,0.382,0.644,0.505,0.088,0.201,0.366,0.158,0.777,0.389,0.27,0.08,0.566,0.46,0.283,0.446,0.314,0.258,0.653,0.279,0.225,0.309,0.419,0.381,0.166,0.23,0.232,0.381,0.554,0.848,0.554,0.026,0.543,0.467,0.247,0.392,0.133,0.056,0.599,0.071,0.292,0.324,0.817,0.533,0.165,0.345,0.083,0.307,0.278,0.498,0.798,0.023,0.607,0.755,0.189,0.276,0.137,0.107,0.47,0.078,0.086,0.34,0.417,0.43,0.189,0.117,0.226,0.51,0.191,0.268,0.16,0.811,0.364,0.258,0.464,0.062,0.113,0.339,0.351,0.209,0.052,0.464,0.521,0.554,0.052,0.292,0.162,0.291,0.474,0.416,0.421,0.068,0.86,0.711,0.278,0.268,0.11,0.191,0.615,0.126,0.022,0.237,0.425,0.271,0.105,0.182,0.27,0.398,0.537,0.483,0.364,0.047,0.499,0.806,0.171,0.386,0.084,0.109,0.61,0.295,0.311,0.374,0.61,0.393,0.049,0.276,0.269,0.572,0.155,0.31,0.269,0.087,0.334,0.253,0.876,0.19,0.082,0.154,0.207,0.074,0.098,0.421,0.493,0.372,0.133,0.171,0.161,0.302,0.416,0.317,0.425,0.112,0.754,0.598,0.338,0.912,0.191,0.141,0.442,0.325,0.255,0.331,0.364,0.539,0.049,0.539,0.21,0.42,0.387,0.083,0.172,0.2,0.274,0.518,0.184,0.16,0.685,0.4,0.374,0.369,0.318,0.331,0.103,0.45,0.024,0.149,0.754,0.37,0.228,0.134,0.153,0.208,0.315,0.207,0.224,0.224,0.507,0.786,0.23,0.576,0.411,0.362,0.226,0.363,0.069,0.307,0.534,0.575,0.158,0.158,0.083,0.047,0.726,0.158,0.551,0.069,0.083,0.425,0.575,0.119,0.806,0.5,0.69,0.194,0.069,0.083,0.425,0.196,0.184,0.066,0.073,0.22,0.36,0.14,0.079,0.23,0.45,0.627,0.286,0.936,0.395,0.036,0.205,0.339,0.05,0.205,0.575,0.102,0.124,0.06,0.127,0.105,0.085,0.093,0.053,0.436,0.467,0.552,0.045,0.418,0.954,0.021,0.091,0.164,0.225,0.864,0.353,0.345,0.156,0.133,0.171,0.027,0.439,0.232,0.193,0.163,0.087,0.098,0.212,0.138,0.108,0.994,0.422,0.316,0.048,0.139,0.154,0.57,0.276,0.311,0.267,0.161,0.515,0.322,0.445,0.307,0.106,0.148,0.338,0.194,0.083,0.564,0.84,0.712,0.053,0.238,0.177,0.418,0.357,0.316,0.369,0.14,0.327,0.355,0.128,0.319,0.417,0.256,0.47,0.473,0.327,0.387,0.494,0.789,0.137,0.208,0.475,0.413,0.217,0.091,0.108,0.172,0.246,0.121,0.321,0.067,0.375,0.581,0.284,0.301,0.364,0.289,0.375,0.43,0.925,0.236,0.341,0.284,0.176,0.272,0.03,0.238,0.437,0.069,0.321,0.384,0.236,0.292,0.252,0.317,0.736,0.264,0.324,0.342,0.35,0.93,0.56,0.554,0.143,0.282,0.162,0.153,0.267,0.195,0.289,0.111,0.643,0.523,0.126,0.566,0.318,0.345,0.369,0.583,0.112,0.298,0.773
1-212.txt_169,0.982,0.119,0.119,0.119,0.5,0.269,0.269,0.5,0.119,0.269,0.119,0.269,0.269,0.119,0.269,0.731,0.5,0.047,0.119,0.5,0.119,0.998,0.5,0.119,0.018,0.731,0.5,0.047,0.5,0.047,0.119,0.881,0.269,0.047,0.119,0.269,0.269,0.047,0.119,0.047,0.119,0.5,0.998,0.731,0.047,0.5,0.5,0.5,0.731,0.018,0.018,0.5,0.119,0.047,0.119,0.731,0.5,0.018,0.119,0.047,0.119,0.119,0.731,0.998,0.018,0.5,0.881,0.269,0.269,0.047,0.018,0.269,0.047,0.018,0.119,0.5,0.269,0.007,0.047,0.047,0.5,0.018,0.047,0.018,1,0.047,0.018,0.047,0.047,0.269,0.269,0.047,0.119,0.047,0.047,0.269,0.269,0.047,0.047,0.269,0.269,0.731,0.5,0.5,0.047,0.998,0.881,0.119,0.5,0.047,0.119,0.731,0.5,0.047,0.269,0.5,0.269,0.119,0.119,0.119,0.269,0.5,0.5,0.881,0.018,0.881,0.993,0.119,0.5,0.047,0.047,0.731,0.119,0.047,0.269,0.5,0.269,0.047,0.119,0.047,0.5,0.047,0.5,0.269,0.047,0.119,0.119,0.998,0.119,0.018,0.018,0.119,0.047,0.047,0.119,0.5,0.119,0.047,0.047,0.047,0.119,0.5,0.731,0.269,0.047,0.5,0.5,0.119,1,0.018,0.047,0.269,0.119,0.269,0.119,0.269,0.119,0.047,0.881,0.047,0.269,0.047,0.018,0.047,0.269,0.047,0.047,0.018,0.018,0.982,0.881,0.047,0.731,0.5,0.047,0.047,0.269,0.047,0.269,0.953,0.119,0.119,0.018,0.018,0.269,0.119,0.047,0.018,0.047,0.881,0.982,0.047,0.881,0.5,0.047,0.047,0.269,0.119,0.269,0.731,0.269,0.881,0.5,0.269,0.047,0.731,0.731,0.119,0.269,0.047,0.047,0.993,0.269,0.047,0.269,0.5,0.269,0.047,0.119,0.119,0.269,0.269,0.119,0.047,0.119,0.5,0.119,0.047,0.119,0.731,0.881,0.269,0.998,0.5,0.047,0.119,0.269,0.119,0.269,0.731,0.119,0.047,0.047,0.018,0.047,0.047,0.047,0.047,0.269,0.5,0.5,0.047,0.5,0.999,0.018,0.047,0.119,0.731,0.953,0.269,0.269,0.119,0.119,0.119,0.047,0.269,0.269,0.119,0.119,0.047,0.047,0.269,0.047,0.018,1,0.269,0.269,0.018,0.047,0.047,0.731,0.269,0.731,0.5,0.269,0.5,0.5,0.5,0.269,0.047,0.047,0.5,0.119,0.047,0.269,0.982,0.881,0.047,0.119,0.119,0.5,0.269,0.5,0.269,0.269,0.269,0.269,0.119,0.119,0.269,0.269,0.269,0.269,0.119,0.269,0.881,0.993,0.047,0.119,0.5,0.047,0.047,0.018,0.007,0.047,0.119,0.047,0.047,0.047,0.047,0.119,0.047,0.119,0.731,0.018,0.047,0.047,1,0.881,0.047,0.119,0.119,0.119,0.047,0.047,0.119,0.119,0.047,0.881,0.269,0.269,0.119,0.269,0.953,0.047,0.119,0.119,0.881,0.999,0.269,0.5,0.047,0.047,0.047,0.269,0.119,0.047,0.047,0.047,0.953,0.731,0.119,0.731,0.269,0.047,0.119,0.5,0.047,0.269,0.982
1-212.txt_171,0.773,0.219,0.317,0.374,0.226,0.255,0.367,0.181,0.353,0.348,0.313,0.332,0.235,0.197,0.268,0.499,0.454,0.012,0.181,0.5,0.056,0.998,0.211,0.036,0.11,0.454,0.257,0.018,0.213,0.206,0.05,0.689,0.056,0.023,0.018,0.106,0.365,0.011,0.166,0.168,0.236,0.329,0.964,0.519,0.225,0.119,0.425,0.649,0.331,0.016,0.129,0.47,0.023,0.01,0.018,0.289,0.236,0.006,0.015,0.13,0.199,0.17,0.631,0.856,0.028,0.511,0.755,0.302,0.25,0.08,0.036,0.512,0.037,0.052,0.103,0.271,0.306,0.06,0.058,0.114,0.575,0.018,0.012,0.007,0.94,0.018,0.018,0.138,0.033,0.464,0.269,0.018,0.31,0.842,0.033,0.449,0.158,0.515,0.953,0.52,0.214,0.101,0.179,0.076,0.387,0.935,0.568,0.088,0.455,0.236,0.266,0.613,0.176,0.379,0.146,0.347,0.537,0.023,0.058,0.748,0.157,0.12,0.096,0.563,0.21,0.539,0.989,0.057,0.21,0.425,0.095,0.539,0.225,0.104,0.05,0.221,0.298,0.177,0.361,0.378,0.263,0.062,0.549,0.611,0.016,0.091,0.221,0.896,0.12,0.055,0.093,0.16,0.111,0.034,0.224,0.423,0.097,0.105,0.01,0.106,0.119,0.119,0.018,0.007,0.018,0.018,0.047,0.007,0.731,0.982,0.269,0.731,0.119,0.047,0.018,0.018,0.5,0.018,0.881,0.982,0.121,0.26,0.229,0.069,0.18,0.273,0.198,0.033,0.325,0.682,0.469,0.375,0.39,0.628,0.023,0.122,0.449,0.34,0.344,0.789,0.076,0.025,0.017,0.017,0.294,0.131,0.085,0.01,0.241,0.831,0.773,0.023,0.592,0.815,0.017,0.106,0.171,0.574,0.748,0.576,0.154,0.61,0.401,0.36,0.018,0.721,0.66,0.083,0.26,0.109,0.03,0.915,0.182,0.047,0.091,0.402,0.568,0.012,0.164,0.233,0.235,0.098,0.119,0.138,0.153,0.24,0.26,0.026,0.092,0.566,0.855,0.266,0.933,0.428,0.047,0.14,0.244,0.252,0.118,0.672,0.146,0.04,0.038,0.034,0.55,0.04,0.027,0.191,0.266,0.139,0.252,0.228,0.328,0.998,0.035,0.209,0.088,0.358,0.623,0.176,0.274,0.158,0.143,0.033,0.018,0.5,0.158,0.194,0.375,0.259,0.143,0.747,0.047,0.259,0.991,0.269,0.083,0.012,0.033,0.143,0.187,0.348,0.509,0.483,0.08,0.487,0.628,0.161,0.359,0.252,0.143,0.68,0.079,0.14,0.052,0.765,0.693,0.016,0.36,0.354,0.254,0.2,0.41,0.208,0.124,0.29,0.32,0.204,0.193,0.475,0.134,0.395,0.217,0.028,0.157,0.574,0.962,0.015,0.215,0.423,0.018,0.018,0.012,0.005,0.018,0.018,0.012,0.007,0.5,0.375,0.158,0.012,0.515,0.939,0.007,0.018,0.033,0.991,0.99,0.259,0.033,0.018,0.012,0.012,0.018,0.018,0.012,0.012,0.194,0.158,0.194,0.018,0.274,0.995,0.007,0.485,0.033,0.616,0.999,0.274,0.445,0.077,0.085,0.151,0.152,0.159,0.214,0.052,0.107,0.844,0.636,0.155,0.667,0.392,0.026,0.13,0.21,0.019,0.334,0.898
1-212.txt_173,0.684,0.168,0.26,0.223,0.326,0.311,0.238,0.367,0.153,0.332,0.367,0.265,0.183,0.244,0.219,0.463,0.348,0.146,0.202,0.556,0.31,0.916,0.365,0.337,0.025,0.5,0.276,0.094,0.197,0.235,0.226,0.765,0.128,0.288,0.235,0.377,0.465,0.032,0.238,0.117,0.373,0.535,0.867,0.204,0.203,0.407,0.242,0.5,0.241,0.054,0.205,0.627,0.071,0.075,0.168,0.437,0.296,0.024,0.314,0.279,0.257,0.327,0.658,0.965,0.162,0.361,0.604,0.221,0.258,0.031,0.043,0.405,0.047,0.129,0.279,0.465,0.219,0.091,0.189,0.106,0.5,0.389,0.083,0.425,0.991,0.5,0.616,0.931,0.047,0.158,0.375,0.274,0.083,0.018,0.033,0.31,0.274,0.018,0.018,0.274,0.435,0.528,0.639,0.094,0.163,0.829,0.506,0.043,0.554,0.118,0.319,0.642,0.197,0.192,0.201,0.456,0.294,0.017,0.053,0.201,0.233,0.241,0.624,0.784,0.021,0.601,0.911,0.09,0.289,0.112,0.167,0.583,0.07,0.141,0.074,0.546,0.423,0.115,0.268,0.236,0.436,0.074,0.403,0.354,0.118,0.207,0.204,0.928,0.124,0.162,0.157,0.156,0.129,0.077,0.114,0.381,0.273,0.034,0.15,0.142,0.5,0.731,0.269,0.047,0.953,0.119,0.119,0.881,0.999,0.018,0.018,0.119,0.047,0.018,0.047,0.731,0.881,0.018,0.119,0.047,0.272,0.046,0.122,0.031,0.202,0.096,0.059,0.027,0.062,0.973,0.655,0.067,0.58,0.467,0.14,0.093,0.322,0.089,0.311,0.819,0.272,0.158,0.1,0.088,0.122,0.255,0.19,0.102,0.046,0.655,0.795,0.31,0.576,0.513,0.219,0.201,0.239,0.125,0.302,0.607,0.353,0.531,0.446,0.401,0.041,0.42,0.606,0.183,0.328,0.202,0.218,0.819,0.247,0.104,0.221,0.398,0.439,0.042,0.338,0.273,0.31,0.121,0.302,0.058,0.347,0.196,0.083,0.04,0.302,0.405,0.786,0.31,0.97,0.412,0.292,0.176,0.621,0.095,0.194,0.711,0.436,0.206,0.14,0.117,0.172,0.175,0.235,0.235,0.274,0.339,0.417,0.089,0.357,0.949,0.135,0.187,0.196,0.254,0.613,0.405,0.239,0.296,0.368,0.322,0.026,0.251,0.36,0.174,0.128,0.276,0.156,0.36,0.344,0.497,0.959,0.228,0.391,0.048,0.431,0.22,0.555,0.144,0.47,0.456,0.058,0.319,0.52,0.375,0.168,0.136,0.167,0.277,0.257,0.065,0.257,0.829,0.453,0.027,0.129,0.197,0.25,0.266,0.447,0.339,0.303,0.278,0.293,0.057,0.367,0.38,0.264,0.376,0.215,0.228,0.223,0.485,0.874,0.113,0.287,0.52,0.168,0.112,0.175,0.037,0.174,0.101,0.242,0.137,0.081,0.279,0.246,0.379,0.174,0.538,0.25,0.167,0.157,0.993,0.658,0.386,0.035,0.137,0.094,0.012,0.022,0.039,0.025,0.012,0.644,0.256,0.252,0.031,0.207,0.916,0.012,0.132,0.099,0.481,0.993,0.197,0.3,0.122,0.194,0.11,0.075,0.156,0.086,0.12,0.121,0.701,0.467,0.194,0.611,0.241,0.14,0.328,0.391,0.106,0.373,0.852
1-212.txt_175,0.879,0.278,0.291,0.21,0.114,0.291,0.292,0.288,0.274,0.244,0.212,0.241,0.283,0.215,0.114,0.558,0.495,0.028,0.186,0.446,0.267,0.958,0.444,0.234,0.028,0.643,0.459,0.142,0.315,0.146,0.11,0.763,0.11,0.176,0.287,0.337,0.343,0.034,0.292,0.232,0.179,0.357,0.966,0.555,0.161,0.381,0.484,0.383,0.429,0.052,0.094,0.625,0.251,0.216,0.269,0.627,0.526,0.037,0.172,0.13,0.318,0.225,0.714,0.956,0.072,0.492,0.712,0.242,0.275,0.092,0.139,0.438,0.187,0.081,0.242,0.454,0.311,0.066,0.225,0.15,0.398,0.05,0.118,0.101,0.999,0.23,0.148,0.307,0.184,0.096,0.083,0.23,0.185,0.084,0.193,0.144,0.424,0.043,0.156,0.261,0.252,0.412,0.501,0.258,0.159,0.879,0.548,0.372,0.322,0.176,0.416,0.549,0.247,0.161,0.113,0.404,0.403,0.038,0.284,0.346,0.409,0.248,0.541,0.773,0.1,0.592,0.963,0.127,0.378,0.096,0.094,0.411,0.104,0.144,0.427,0.408,0.317,0.032,0.132,0.198,0.511,0.27,0.448,0.192,0.126,0.124,0.234,0.974,0.17,0.136,0.182,0.288,0.142,0.129,0.168,0.476,0.312,0.046,0.308,0.215,0.194,0.158,0.274,0.069,0.018,0.515,0.274,0.033,0.996,0.375,0.259,0.158,0.119,0.389,0.274,0.384,0.31,0.083,0.749,0.375,0.121,0.03,0.03,0.085,0.083,0.051,0.055,0.143,0.023,0.985,0.537,0.033,0.653,0.121,0.033,0.131,0.595,0.238,0.083,0.923,0.225,0.299,0.084,0.138,0.141,0.282,0.255,0.184,0.063,0.64,0.906,0.262,0.585,0.545,0.176,0.255,0.331,0.133,0.248,0.56,0.32,0.68,0.249,0.208,0.032,0.621,0.597,0.101,0.335,0.274,0.232,0.899,0.525,0.086,0.153,0.389,0.356,0.206,0.275,0.281,0.149,0.112,0.078,0.019,0.05,0.281,0.078,0.236,0.033,0.765,0.622,0.462,0.992,0.454,0.162,0.1,0.225,0.406,0.257,0.651,0.197,0.078,0.116,0.034,0.037,0.105,0.153,0.136,0.204,0.407,0.467,0.12,0.341,0.983,0.248,0.204,0.206,0.231,0.732,0.389,0.255,0.227,0.243,0.251,0.028,0.211,0.181,0.126,0.036,0.168,0.172,0.316,0.1,0.022,0.998,0.5,0.242,0.011,0.028,0.161,0.62,0.232,0.444,0.386,0.068,0.322,0.397,0.264,0.165,0.14,0.255,0.31,0.287,0.148,0.254,0.884,0.61,0.036,0.377,0.256,0.271,0.331,0.434,0.278,0.038,0.349,0.483,0.211,0.175,0.308,0.241,0.453,0.347,0.234,0.221,0.568,0.905,0.019,0.335,0.3,0.113,0.267,0.228,0.11,0.048,0.281,0.267,0.349,0.317,0.329,0.256,0.128,0.09,0.485,0.215,0.088,0.431,1,0.656,0.393,0.102,0.162,0.073,0.039,0.142,0.086,0.146,0.078,0.719,0.149,0.126,0.184,0.206,0.946,0.078,0.054,0.082,0.613,0.999,0.072,0.327,0.138,0.182,0.081,0.304,0.181,0.224,0.125,0.135,0.734,0.655,0.184,0.54,0.31,0.217,0.277,0.397,0.097,0.193,0.924
1-212.txt_177,0.823,0.192,0.235,0.144,0.158,0.258,0.282,0.342,0.204,0.249,0.373,0.295,0.251,0.266,0.129,0.588,0.348,0.05,0.318,0.383,0.246,0.793,0.169,0.071,0.028,0.601,0.222,0.038,0.272,0.121,0.219,0.627,0.397,0.664,0.062,0.447,0.677,0.121,0.534,0.145,0.325,0.378,0.882,0.518,0.037,0.406,0.421,0.22,0.359,0.168,0.148,0.407,0.213,0.22,0.199,0.492,0.479,0.035,0.264,0.175,0.32,0.186,0.763,0.963,0.032,0.408,0.738,0.121,0.18,0.09,0.074,0.391,0.059,0.093,0.217,0.453,0.304,0.093,0.052,0.107,0.194,0.025,0.266,0.025,1,0.146,0.023,0.095,0.033,0.139,0.101,0.146,0.101,0.04,0.266,0.119,0.119,0.033,0.04,0.292,0.119,0.423,0.119,0.407,0.018,0.889,0.5,0.198,0.145,0.038,0.212,0.664,0.135,0.339,0.977,0.219,0.169,0.052,0.111,0.038,0.28,0.379,0.521,0.31,0.032,0.606,0.897,0.226,0.174,0.209,0.224,0.469,0.308,0.165,0.33,0.431,0.395,0.209,0.223,0.152,0.375,0.134,0.419,0.343,0.34,0.231,0.231,0.981,0.107,0.123,0.129,0.179,0.127,0.156,0.158,0.271,0.22,0.11,0.26,0.147,0.192,0.446,0.652,0.362,0.045,0.272,0.281,0.147,0.985,0.2,0.083,0.433,0.083,0.505,0.174,0.229,0.191,0.272,0.683,0.059,0.33,0.153,0.114,0.034,0.385,0.252,0.067,0.156,0.153,0.894,0.712,0.106,0.526,0.646,0.15,0.171,0.31,0.162,0.3,0.797,0.313,0.112,0.259,0.217,0.123,0.129,0.103,0.209,0.149,0.526,0.824,0.228,0.619,0.501,0.138,0.181,0.297,0.179,0.481,0.458,0.324,0.511,0.497,0.445,0.081,0.448,0.5,0.225,0.201,0.182,0.167,0.868,0.112,0.13,0.239,0.389,0.408,0.127,0.139,0.248,0.169,0.222,0.047,0.265,0.071,0.145,0.198,0.028,0.353,0.728,0.731,0.071,0.983,0.145,0.028,0.222,0.373,0.062,0.299,0.778,0.266,0.228,0.104,0.113,0.133,0.165,0.135,0.238,0.291,0.432,0.402,0.138,0.263,0.979,0.093,0.198,0.107,0.408,0.829,0.363,0.501,0.138,0.243,0.348,0.053,0.129,0.348,0.166,0.171,0.19,0.294,0.186,0.117,0.226,0.951,0.452,0.455,0.063,0.168,0.339,0.454,0.355,0.517,0.312,0.078,0.546,0.477,0.348,0.211,0.101,0.074,0.566,0.167,0.037,0.091,0.935,0.713,0.029,0.098,0.313,0.387,0.376,0.365,0.227,0.095,0.295,0.3,0.196,0.149,0.309,0.194,0.445,0.213,0.143,0.148,0.601,0.936,0.106,0.078,0.367,0.024,0.024,0.251,0.019,0.028,0.212,0.175,0.024,0.038,0.185,0.111,0.024,0.095,0.664,0.023,0.175,0.188,1,0.778,0.185,0.18,0.321,0.218,0.115,0.076,0.258,0.278,0.106,0.477,0.239,0.301,0.346,0.266,0.661,0.115,0.215,0.319,0.416,0.951,0.22,0.417,0.276,0.232,0.197,0.096,0.2,0.295,0.139,0.119,0.6,0.397,0.305,0.455,0.314,0.24,0.198,0.397,0.039,0.39,0.847
1-212.txt_179,0.982,0.269,0.119,0.119,0.5,0.269,0.269,0.5,0.119,0.269,0.269,0.269,0.269,0.119,0.269,0.731,0.5,0.047,0.119,0.5,0.269,0.993,0.5,0.119,0.047,0.731,0.5,0.119,0.5,0.047,0.119,0.881,0.269,0.047,0.119,0.269,0.269,0.047,0.119,0.047,0.119,0.5,0.998,0.731,0.047,0.5,0.5,0.5,0.731,0.047,0.047,0.5,0.119,0.047,0.119,0.731,0.5,0.018,0.119,0.047,0.119,0.119,0.731,0.998,0.047,0.5,0.881,0.269,0.269,0.047,0.018,0.269,0.047,0.047,0.269,0.5,0.269,0.018,0.047,0.047,0.5,0.047,0.047,0.047,1,0.047,0.018,0.119,0.047,0.269,0.269,0.047,0.269,0.119,0.047,0.269,0.269,0.119,0.119,0.269,0.269,0.731,0.5,0.5,0.047,0.993,0.881,0.119,0.5,0.047,0.119,0.731,0.5,0.047,0.269,0.5,0.269,0.119,0.269,0.119,0.269,0.5,0.5,0.881,0.018,0.881,0.993,0.119,0.5,0.047,0.047,0.731,0.119,0.047,0.269,0.5,0.269,0.047,0.119,0.119,0.5,0.119,0.5,0.269,0.119,0.119,0.119,0.998,0.119,0.018,0.018,0.119,0.047,0.047,0.119,0.5,0.119,0.119,0.047,0.047,0.119,0.5,0.731,0.269,0.047,0.5,0.5,0.119,1,0.047,0.047,0.269,0.119,0.269,0.119,0.269,0.119,0.119,0.881,0.047,0.269,0.047,0.047,0.047,0.269,0.047,0.047,0.018,0.047,0.982,0.881,0.047,0.731,0.5,0.047,0.119,0.269,0.047,0.269,0.953,0.269,0.119,0.047,0.018,0.269,0.119,0.047,0.018,0.047,0.881,0.982,0.119,0.881,0.5,0.047,0.119,0.269,0.119,0.269,0.731,0.269,0.881,0.5,0.269,0.047,0.731,0.731,0.119,0.269,0.047,0.119,0.982,0.269,0.047,0.269,0.5,0.269,0.047,0.119,0.119,0.269,0.269,0.119,0.047,0.269,0.5,0.119,0.047,0.119,0.731,0.881,0.269,0.993,0.5,0.119,0.269,0.269,0.269,0.269,0.731,0.119,0.047,0.047,0.047,0.119,0.047,0.047,0.047,0.269,0.5,0.5,0.047,0.5,0.998,0.018,0.119,0.119,0.731,0.953,0.269,0.269,0.119,0.119,0.269,0.047,0.269,0.269,0.119,0.119,0.047,0.047,0.269,0.119,0.018,0.999,0.269,0.269,0.018,0.047,0.119,0.731,0.269,0.731,0.5,0.269,0.5,0.5,0.5,0.269,0.119,0.119,0.5,0.269,0.119,0.269,0.982,0.731,0.047,0.119,0.119,0.5,0.269,0.5,0.269,0.269,0.269,0.269,0.119,0.119,0.269,0.269,0.269,0.269,0.119,0.269,0.731,0.993,0.119,0.119,0.5,0.047,0.047,0.018,0.018,0.119,0.119,0.047,0.119,0.119,0.047,0.119,0.047,0.269,0.731,0.018,0.047,0.119,1,0.881,0.047,0.119,0.119,0.119,0.047,0.119,0.269,0.119,0.047,0.881,0.269,0.269,0.119,0.269,0.953,0.047,0.119,0.119,0.881,0.999,0.269,0.5,0.047,0.047,0.047,0.269,0.119,0.119,0.047,0.047,0.953,0.731,0.119,0.731,0.269,0.119,0.119,0.5,0.047,0.269,0.982
1-212.txt_181,0.878,0.033,0.138,0.158,0.463,0.033,0.031,0.602,0.018,0.295,0.475,0.043,0.413,0.354,0.185,0.217,0.343,0.173,0.325,0.451,0.219,0.666,0.246,0.418,0.055,0.439,0.301,0.207,0.354,0.18,0.289,0.607,0.284,0.15,0.378,0.322,0.292,0.175,0.237,0.276,0.305,0.499,0.76,0.589,0.078,0.496,0.612,0.197,0.454,0.192,0.127,0.637,0.245,0.163,0.262,0.45,0.557,0.011,0.236,0.218,0.316,0.298,0.515,0.759,0.137,0.345,0.536,0.368,0.423,0.289,0.259,0.269,0.334,0.35,0.134,0.298,0.41,0.123,0.141,0.443,0.445,0.018,0.14,0.226,0.998,0.136,0.043,0.198,0.251,0.234,0.088,0.08,0.051,0.291,0.195,0.304,0.113,0.143,0.02,0.236,0.165,0.765,0.195,0.213,0.108,0.923,0.835,0.214,0.562,0.227,0.208,0.787,0.182,0.059,0.12,0.271,0.409,0.2,0.03,0.383,0.266,0.424,0.553,0.741,0.066,0.746,0.89,0.182,0.315,0.187,0.109,0.659,0.223,0.12,0.296,0.478,0.365,0.085,0.106,0.153,0.561,0.102,0.386,0.394,0.146,0.226,0.199,0.816,0.185,0.394,0.254,0.14,0.269,0.095,0.185,0.362,0.229,0.172,0.042,0.334,0.151,0.847,0.284,0.414,0.007,0.31,0.4,0.012,0.736,0.091,0.076,0.734,0.234,0.797,0.186,0.322,0.555,0.291,0.351,0.088,0.313,0.234,0.028,0.094,0.146,0.224,0.203,0.033,0.18,0.845,0.713,0.16,0.548,0.592,0.298,0.104,0.354,0.147,0.389,0.698,0.282,0.143,0.143,0.022,0.203,0.127,0.096,0.122,0.211,0.643,0.863,0.121,0.515,0.558,0.096,0.173,0.297,0.079,0.332,0.708,0.123,0.537,0.287,0.446,0.054,0.561,0.56,0.181,0.156,0.23,0.273,0.693,0.285,0.186,0.275,0.329,0.365,0.143,0.119,0.202,0.121,0.336,0.096,0.019,0.262,0.363,0.326,0.043,0.252,0.409,0.661,0.336,0.74,0.286,0.01,0.102,0.121,0.024,0.071,0.413,0.182,0.202,0.099,0.095,0.257,0.152,0.198,0.066,0.246,0.523,0.59,0.18,0.494,0.806,0.082,0.229,0.336,0.161,0.627,0.519,0.289,0.195,0.287,0.418,0.017,0.454,0.55,0.064,0.253,0.086,0.207,0.484,0.08,0.158,0.651,0.439,0.47,0.236,0.393,0.223,0.461,0.286,0.318,0.5,0.171,0.424,0.473,0.184,0.348,0.15,0.158,0.294,0.164,0.142,0.355,0.727,0.71,0.2,0.096,0.334,0.348,0.521,0.433,0.214,0.015,0.312,0.467,0.283,0.586,0.292,0.294,0.327,0.302,0.305,0.22,0.554,0.858,0.133,0.282,0.51,0.253,0.253,0.136,0.024,0.027,0.253,0.367,0.063,0.027,0.369,0.449,0.251,0.069,0.194,0.251,0.138,0.138,0.94,0.575,0.367,0.192,0.407,0.241,0.145,0.025,0.417,0.456,0.086,0.612,0.449,0.288,0.329,0.327,0.599,0.091,0.465,0.331,0.408,0.79,0.442,0.383,0.283,0.194,0.123,0.255,0.363,0.166,0.16,0.357,0.51,0.594,0.397,0.545,0.456,0.154,0.288,0.486,0.015,0.259,0.772
1-212.txt_183,0.831,0.198,0.211,0.242,0.346,0.158,0.284,0.459,0.135,0.352,0.326,0.19,0.346,0.178,0.179,0.254,0.446,0.076,0.181,0.544,0.169,0.928,0.271,0.266,0.008,0.573,0.519,0.405,0.603,0.188,0.081,0.689,0.201,0.01,0.354,0.329,0.169,0.01,0.051,0.193,0.147,0.461,0.907,0.804,0.016,0.571,0.552,0.154,0.454,0.192,0.155,0.5,0.125,0.095,0.415,0.562,0.625,0.134,0.045,0.068,0.135,0.624,0.618,0.901,0.04,0.594,0.869,0.257,0.213,0.202,0.074,0.535,0.112,0.009,0.084,0.426,0.349,0.19,0.102,0.147,0.047,0.002,0.005,0.002,1,0.002,0.002,0.007,0.002,0.018,0.018,0.002,0.018,0.007,0.002,0.033,0.033,0.369,0.007,0.033,0.203,0.495,0.537,0.445,0.01,0.851,0.688,0.089,0.478,0.119,0.141,0.655,0.242,0.165,0.355,0.339,0.391,0.256,0.271,0.222,0.172,0.386,0.437,0.736,0.047,0.672,0.959,0.206,0.147,0.177,0.089,0.675,0.149,0.037,0.312,0.359,0.498,0.08,0.167,0.147,0.373,0.293,0.487,0.417,0.202,0.316,0.202,0.881,0.246,0.048,0.131,0.31,0.22,0.073,0.147,0.371,0.165,0.103,0.092,0.136,0.113,0.57,0.475,0.532,0.01,0.646,0.565,0.472,0.916,0.148,0.048,0.628,0.324,0.281,0.201,0.227,0.417,0.072,0.351,0.196,0.195,0.25,0.233,0.282,0.103,0.158,0.338,0.044,0.174,0.774,0.68,0.218,0.694,0.531,0.102,0.203,0.299,0.181,0.209,0.718,0.231,0.127,0.08,0.091,0.208,0.095,0.051,0.083,0.061,0.592,0.932,0.155,0.618,0.549,0.118,0.145,0.204,0.084,0.244,0.529,0.267,0.604,0.341,0.333,0.123,0.581,0.675,0.129,0.434,0.292,0.18,0.813,0.292,0.182,0.247,0.404,0.505,0.169,0.214,0.422,0.198,0.553,0.256,0.024,0.024,0.323,0.339,0.024,0.272,0.423,0.5,0.399,0.978,0.373,0.014,0.145,0.373,0.353,0.349,0.627,0.154,0.137,0.324,0.132,0.245,0.231,0.126,0.172,0.211,0.688,0.513,0.197,0.322,0.941,0.184,0.363,0.354,0.102,0.481,0.471,0.273,0.253,0.245,0.46,0.01,0.228,0.34,0.121,0.124,0.416,0.348,0.41,0.369,0.483,0.904,0.353,0.215,0.107,0.203,0.35,0.293,0.402,0.444,0.479,0.129,0.412,0.433,0.293,0.295,0.198,0.125,0.515,0.179,0.115,0.234,0.795,0.575,0.097,0.198,0.306,0.382,0.406,0.263,0.122,0.273,0.367,0.295,0.158,0.358,0.258,0.313,0.312,0.345,0.519,0.25,0.562,0.84,0.109,0.292,0.525,0.369,0.027,0.06,0.024,0.027,0.027,0.025,0.138,0.138,0.027,0.018,0.136,0.143,0.269,0.024,0.498,0.253,0.94,0.464,0.251,0.207,0.239,0.124,0.105,0.328,0.163,0.071,0.083,0.576,0.344,0.466,0.049,0.323,0.84,0.025,0.206,0.242,0.569,0.918,0.176,0.371,0.184,0.188,0.125,0.106,0.15,0.156,0.034,0.332,0.613,0.672,0.2,0.529,0.728,0.054,0.177,0.431,0.127,0.418,0.827
1-212.txt_185,0.675,0.21,0.172,0.229,0.232,0.351,0.298,0.316,0.206,0.293,0.351,0.265,0.207,0.362,0.193,0.545,0.454,0.144,0.291,0.454,0.232,0.753,0.357,0.215,0.007,0.672,0.623,0.165,0.413,0.188,0.271,0.805,0.339,0.127,0.281,0.253,0.333,0.323,0.202,0.335,0.145,0.296,0.915,0.674,0.326,0.373,0.262,0.7,0.272,0.008,0.017,0.296,0.01,0.009,0.289,0.299,0.373,0.005,0.044,0.01,0.315,0.323,0.636,0.929,0.019,0.538,0.675,0.423,0.348,0.101,0.026,0.454,0.074,0.007,0.308,0.477,0.257,0.005,0.049,0.064,0.349,0.009,0.044,0.008,1,0.044,0.023,0.359,0.009,0.018,0.018,0.056,0.018,0.248,0.262,0.275,0.095,0.01,0.01,0.062,0.269,0.731,0.5,0.731,0.007,0.881,0.119,0.047,0.5,0.269,0.018,0.881,0.269,0.007,0.5,0.269,0.953,0.007,0.5,0.269,0.197,0.511,0.425,0.592,0.059,0.637,0.791,0.247,0.456,0.112,0.064,0.58,0.106,0.225,0.174,0.481,0.393,0.25,0.294,0.167,0.38,0.42,0.355,0.351,0.112,0.315,0.415,0.746,0.27,0.272,0.15,0.395,0.189,0.024,0.269,0.315,0.398,0.132,0.041,0.187,0.158,0.625,0.384,0.269,0.449,0.973,0.616,0.083,0.988,0.069,0.31,0.384,0.274,0.384,0.259,0.274,0.274,0.018,0.158,0.384,0.094,0.191,0.11,0.187,0.015,0.198,0.27,0.026,0.317,0.897,0.728,0.253,0.5,0.623,0.008,0.076,0.157,0.029,0.5,0.804,0.374,0.195,0.069,0.088,0.204,0.134,0.037,0.068,0.177,0.758,0.933,0.084,0.604,0.505,0.185,0.129,0.234,0.071,0.235,0.67,0.166,0.669,0.547,0.588,0.086,0.54,0.736,0.184,0.409,0.222,0.115,0.824,0.224,0.268,0.22,0.362,0.444,0.186,0.27,0.254,0.363,0.259,0.324,0.205,0.302,0.175,0.107,0.157,0.167,0.613,0.478,0.214,0.895,0.501,0.163,0.162,0.481,0.124,0.345,0.61,0.291,0.075,0.059,0.205,0.349,0.117,0.35,0.159,0.261,0.167,0.743,0.258,0.38,0.932,0.356,0.106,0.086,0.246,0.713,0.395,0.184,0.373,0.441,0.432,0.012,0.616,0.488,0.162,0.267,0.22,0.336,0.614,0.327,0.235,0.824,0.282,0.388,0.317,0.194,0.18,0.411,0.44,0.543,0.571,0.103,0.412,0.51,0.307,0.369,0.164,0.144,0.509,0.101,0.065,0.173,0.745,0.739,0.145,0.217,0.24,0.314,0.264,0.281,0.267,0.321,0.339,0.344,0.156,0.311,0.488,0.38,0.384,0.38,0.23,0.339,0.467,0.77,0.01,0.126,0.531,0.063,0.367,0.25,0.009,0.007,0.027,0.136,0.063,0.138,0.444,0.143,0.367,0.506,0.425,0.004,0.061,0.138,0.997,0.575,0.442,0.124,0.134,0.199,0.028,0.125,0.061,0.118,0.043,0.407,0.359,0.52,0.16,0.436,0.919,0.063,0.253,0.232,0.187,0.907,0.367,0.293,0.129,0.154,0.114,0.135,0.194,0.35,0.067,0.171,0.693,0.616,0.15,0.532,0.508,0.127,0.217,0.32,0.039,0.315,0.754
1-212.txt_187,0.73,0.216,0.3,0.301,0.119,0.292,0.386,0.454,0.117,0.199,0.145,0.468,0.126,0.19,0.463,0.594,0.534,0.047,0.238,0.268,0.333,0.943,0.474,0.249,0.016,0.454,0.318,0.036,0.211,0.019,0.048,0.915,0.056,0.017,0.042,0.378,0.348,0.015,0.038,0.12,0.23,0.512,0.813,0.448,0.026,0.362,0.428,0.308,0.22,0.26,0.308,0.294,0.107,0.041,0.201,0.294,0.37,0.154,0.043,0.368,0.293,0.306,0.63,0.877,0.095,0.343,0.667,0.212,0.213,0.104,0.138,0.448,0.192,0.105,0.285,0.328,0.364,0.078,0.086,0.15,0.295,0.029,0.174,0.023,0.996,0.239,0.038,0.035,0.029,0.417,0.385,0.104,0.262,0.298,0.029,0.262,0.315,0.17,0.064,0.435,0.5,0.269,0.842,0.083,0.033,0.864,0.384,0.033,0.194,0.259,0.047,0.917,0.464,0.375,0.047,0.5,0.119,0.069,0.515,0.464,0.31,0.232,0.587,0.594,0.019,0.237,0.821,0.092,0.17,0.147,0.141,0.331,0.162,0.264,0.375,0.617,0.33,0.14,0.197,0.266,0.355,0.258,0.486,0.278,0.19,0.287,0.143,0.889,0.149,0.219,0.277,0.24,0.172,0.035,0.234,0.466,0.324,0.027,0.087,0.282,0.507,0.347,0.31,0.083,0.04,0.7,0.347,0.314,0.94,0.259,0.051,0.31,0.101,0.211,0.171,0.347,0.274,0.511,0.292,0.222,0.418,0.233,0.148,0.102,0.075,0.233,0.228,0.117,0.147,0.873,0.506,0.289,0.591,0.441,0.282,0.222,0.403,0.158,0.245,0.67,0.318,0.296,0.356,0.132,0.045,0.479,0.181,0.139,0.151,0.501,0.796,0.496,0.512,0.127,0.283,0.166,0.414,0.164,0.382,0.63,0.346,0.66,0.331,0.255,0.135,0.375,0.423,0.242,0.193,0.243,0.196,0.882,0.249,0.069,0.165,0.423,0.42,0.022,0.36,0.262,0.139,0.292,0.236,0.189,0.058,0.292,0.31,0.372,0.065,0.621,0.899,0.468,0.834,0.5,0.058,0.254,0.157,0.292,0.214,0.442,0.222,0.11,0.128,0.147,0.15,0.154,0.096,0.189,0.14,0.371,0.566,0.21,0.249,0.924,0.131,0.285,0.309,0.412,0.599,0.344,0.279,0.189,0.335,0.272,0.042,0.318,0.428,0.368,0.152,0.199,0.229,0.295,0.261,0.487,0.938,0.325,0.385,0.239,0.23,0.278,0.572,0.332,0.531,0.529,0.05,0.489,0.497,0.364,0.214,0.104,0.196,0.267,0.199,0.166,0.213,0.836,0.461,0.03,0.218,0.19,0.455,0.329,0.513,0.213,0.24,0.2,0.251,0.307,0.205,0.35,0.262,0.27,0.251,0.234,0.214,0.626,0.869,0.045,0.271,0.415,0.007,0.007,0.002,0.002,0.018,0.018,0.007,0.018,0.018,0.007,0.018,0.007,0.047,0.269,0.002,0.007,0.018,1,0.731,0.007,0.186,0.195,0.152,0.16,0.137,0.179,0.167,0.251,0.497,0.187,0.268,0.275,0.143,0.794,0.194,0.153,0.147,0.452,0.985,0.181,0.293,0.151,0.121,0.123,0.123,0.284,0.189,0.117,0.093,0.631,0.547,0.187,0.465,0.271,0.293,0.173,0.421,0.037,0.252,0.907
1-212.txt_189,0.844,0.106,0.376,0.177,0.291,0.285,0.209,0.511,0.179,0.133,0.177,0.321,0.268,0.122,0.231,0.56,0.294,0.027,0.055,0.274,0.239,0.905,0.391,0.244,0.036,0.485,0.42,0.178,0.199,0.187,0.232,0.7,0.177,0.279,0.148,0.42,0.416,0.232,0.227,0.259,0.347,0.252,0.928,0.746,0.033,0.194,0.641,0.083,0.317,0.058,0.04,0.558,0.274,0.023,0.51,0.384,0.843,0.012,0.058,0.369,0.266,0.211,0.703,0.9,0.03,0.366,0.692,0.259,0.241,0.092,0.038,0.337,0.134,0.029,0.269,0.471,0.373,0.017,0.195,0.175,0.5,0.047,0.047,0.047,1,0.047,0.018,0.119,0.047,0.269,0.269,0.047,0.269,0.119,0.047,0.269,0.269,0.119,0.119,0.269,0.361,0.375,0.296,0.398,0.038,0.925,0.679,0.222,0.373,0.118,0.159,0.412,0.373,0.152,0.14,0.425,0.44,0.137,0.292,0.159,0.239,0.347,0.561,0.499,0.031,0.575,0.921,0.22,0.416,0.209,0.167,0.423,0.234,0.247,0.153,0.354,0.341,0.117,0.159,0.321,0.362,0.14,0.579,0.397,0.147,0.106,0.249,0.882,0.205,0.133,0.047,0.155,0.049,0.074,0.208,0.382,0.258,0.074,0.252,0.095,0.119,0.047,0.047,0.047,0.999,0.047,0.5,0.953,0.881,0.119,0.881,0.047,0.269,0.047,0.018,0.119,0.047,0.018,0.047,0.119,0.174,0.088,0.023,0.018,0.064,0.11,0.032,0.035,0.17,0.884,0.523,0.087,0.396,0.549,0.029,0.162,0.343,0.146,0.574,0.696,0.276,0.108,0.042,0.069,0.28,0.078,0.045,0.068,0.092,0.758,0.922,0.107,0.713,0.556,0.086,0.136,0.243,0.218,0.323,0.681,0.258,0.406,0.655,0.251,0.208,0.412,0.348,0.295,0.189,0.2,0.218,0.905,0.118,0.167,0.259,0.43,0.34,0.114,0.285,0.234,0.467,0.1,0.053,0.022,0.219,0.272,0.053,0.147,0.214,0.642,0.786,0.306,0.969,0.532,0.049,0.294,0.391,0.131,0.364,0.479,0.291,0.043,0.15,0.187,0.071,0.05,0.111,0.048,0.152,0.437,0.478,0.05,0.335,0.953,0.031,0.179,0.222,0.4,0.835,0.219,0.331,0.252,0.282,0.361,0.115,0.245,0.342,0.144,0.115,0.099,0.13,0.347,0.167,0.17,0.952,0.413,0.344,0.047,0.245,0.307,0.398,0.256,0.394,0.258,0.202,0.314,0.279,0.331,0.406,0.169,0.22,0.407,0.171,0.232,0.3,0.915,0.669,0.08,0.406,0.189,0.479,0.371,0.292,0.176,0.125,0.299,0.216,0.14,0.093,0.279,0.277,0.37,0.294,0.221,0.199,0.705,0.939,0.051,0.094,0.454,0.141,0.172,0.256,0.205,0.024,0.193,0.078,0.03,0.564,0.08,0.325,0.288,0.409,0.582,0.019,0.217,0.277,0.995,0.57,0.13,0.155,0.214,0.457,0.261,0.031,0.137,0.308,0.348,0.422,0.192,0.185,0.256,0.218,0.445,0.204,0.281,0.299,0.371,0.944,0.195,0.33,0.157,0.094,0.185,0.165,0.218,0.231,0.057,0.08,0.698,0.538,0.227,0.459,0.342,0.202,0.196,0.408,0.054,0.225,0.877
1-212.txt_191,0.781,0.25,0.326,0.269,0.121,0.224,0.395,0.213,0.212,0.317,0.302,0.273,0.285,0.216,0.218,0.551,0.373,0.072,0.195,0.459,0.309,0.86,0.462,0.146,0.085,0.458,0.449,0.141,0.215,0.212,0.239,0.721,0.185,0.146,0.104,0.374,0.394,0.042,0.236,0.305,0.31,0.425,0.99,0.625,0.033,0.194,0.5,0.31,0.384,0.047,0.158,0.425,0.047,0.033,0.083,0.69,0.5,0.033,0.047,0.047,0.183,0.126,0.769,0.949,0.191,0.227,0.549,0.127,0.239,0.062,0.018,0.256,0.105,0.038,0.241,0.403,0.334,0.009,0.047,0.041,0.69,0.033,0.04,0.04,0.933,0.04,0.033,0.274,0.025,0.463,0.405,0.04,0.194,0.065,0.04,0.525,0.232,0.043,0.065,0.442,0.394,0.592,0.693,0.135,0.208,0.735,0.5,0.07,0.395,0.269,0.132,0.55,0.365,0.094,0.092,0.514,0.779,0.028,0.365,0.458,0.438,0.257,0.257,0.317,0.022,0.876,0.818,0.178,0.301,0.058,0.383,0.562,0.424,0.238,0.228,0.424,0.38,0.028,0.309,0.146,0.415,0.136,0.623,0.348,0.035,0.255,0.24,0.971,0.171,0.059,0.108,0.238,0.143,0.091,0.205,0.436,0.146,0.092,0.191,0.128,0.121,0.234,0.861,0.41,0.03,0.433,0.405,0.065,0.929,0.073,0.153,0.176,0.101,0.151,0.266,0.271,0.292,0.296,0.5,0.419,0.176,0.055,0.264,0.201,0.329,0.095,0.264,0.023,0.055,0.782,0.672,0.095,0.54,0.405,0.03,0.266,0.405,0.033,0.158,0.789,0.259,0.14,0.107,0.077,0.245,0.147,0.147,0.068,0.129,0.659,0.856,0.219,0.606,0.571,0.151,0.156,0.251,0.164,0.398,0.528,0.285,0.606,0.181,0.211,0.024,0.546,0.592,0.1,0.106,0.106,0.1,0.972,0.395,0.258,0.469,0.394,0.5,0.221,0.155,0.241,0.194,0.5,0.425,0.047,0.575,0.31,0.194,0.5,0.083,0.425,0.917,0.194,0.973,0.274,0.069,0.194,0.384,0.143,0.158,0.425,0.16,0.141,0.276,0.273,0.041,0.112,0.111,0.256,0.272,0.241,0.38,0.145,0.318,0.994,0.227,0.139,0.161,0.477,0.692,0.261,0.226,0.414,0.252,0.31,0.229,0.185,0.454,0.156,0.232,0.109,0.139,0.238,0.081,0.275,0.865,0.416,0.325,0.078,0.304,0.183,0.404,0.397,0.535,0.454,0.104,0.499,0.493,0.354,0.47,0.21,0.076,0.512,0.121,0.068,0.204,0.834,0.69,0.127,0.202,0.171,0.333,0.334,0.487,0.607,0.119,0.444,0.558,0.133,0.135,0.205,0.166,0.437,0.141,0.14,0.35,0.568,0.797,0.031,0.129,0.263,0.088,0.2,0.033,0.031,0.219,0.086,0.132,0.022,0.231,0.315,0.197,0.381,0.167,0.506,0.183,0.042,0.172,0.998,0.829,0.229,0.182,0.169,0.268,0.117,0.064,0.126,0.07,0.152,0.571,0.221,0.314,0.225,0.238,0.857,0.199,0.176,0.172,0.46,0.996,0.213,0.305,0.193,0.175,0.187,0.055,0.321,0.197,0.144,0.134,0.737,0.416,0.257,0.548,0.326,0.199,0.206,0.388,0.034,0.31,0.896
1-212.txt_193,0.965,0.211,0.194,0.187,0.228,0.35,0.35,0.53,0.145,0.188,0.162,0.304,0.228,0.063,0.219,0.627,0.423,0.055,0.103,0.389,0.269,0.993,0.327,0.232,0.025,0.731,0.5,0.119,0.327,0.047,0.065,0.957,0.157,0.047,0.119,0.269,0.269,0.047,0.119,0.065,0.337,0.387,0.995,0.587,0.083,0.442,0.384,0.308,0.471,0.045,0.049,0.471,0.101,0.047,0.119,0.7,0.589,0.022,0.119,0.084,0.223,0.138,0.706,0.995,0.045,0.356,0.673,0.185,0.26,0.098,0.138,0.25,0.102,0.06,0.175,0.384,0.269,0.017,0.045,0.073,0.298,0.038,0.075,0.034,1,0.075,0.031,0.056,0.163,0.29,0.29,0.056,0.262,0.121,0.047,0.232,0.25,0.065,0.131,0.337,0.285,0.639,0.546,0.506,0.056,0.99,0.851,0.149,0.5,0.047,0.076,0.639,0.331,0.036,0.209,0.591,0.315,0.09,0.165,0.09,0.263,0.384,0.461,0.678,0.052,0.79,0.985,0.126,0.346,0.058,0.06,0.617,0.114,0.033,0.292,0.576,0.466,0.04,0.101,0.121,0.396,0.16,0.362,0.339,0.084,0.221,0.222,0.986,0.123,0.107,0.104,0.257,0.129,0.07,0.094,0.376,0.266,0.107,0.082,0.098,0.169,0.423,0.5,0.269,0.071,0.664,0.577,0.169,0.999,0.062,0.121,0.423,0.219,0.169,0.145,0.346,0.219,0.121,0.704,0.111,0.194,0.252,0.098,0.082,0.194,0.133,0.098,0.07,0.098,0.964,0.654,0.172,0.577,0.442,0.091,0.184,0.401,0.121,0.246,0.798,0.186,0.138,0.064,0.057,0.169,0.192,0.122,0.049,0.097,0.733,0.977,0.138,0.831,0.474,0.08,0.113,0.202,0.136,0.236,0.671,0.353,0.81,0.436,0.262,0.063,0.698,0.672,0.135,0.278,0.103,0.173,0.981,0.262,0.058,0.253,0.499,0.281,0.047,0.119,0.121,0.269,0.269,0.119,0.047,0.269,0.5,0.119,0.047,0.119,0.731,0.881,0.269,0.993,0.5,0.119,0.269,0.269,0.269,0.269,0.731,0.137,0.13,0.073,0.06,0.112,0.124,0.09,0.056,0.169,0.551,0.601,0.174,0.58,0.995,0.064,0.121,0.152,0.526,0.822,0.405,0.345,0.228,0.29,0.275,0.071,0.232,0.277,0.222,0.143,0.074,0.068,0.3,0.091,0.031,0.998,0.338,0.254,0.049,0.07,0.099,0.672,0.298,0.558,0.508,0.232,0.442,0.5,0.356,0.232,0.102,0.102,0.384,0.157,0.084,0.298,0.966,0.705,0.068,0.12,0.157,0.384,0.247,0.503,0.285,0.194,0.386,0.342,0.228,0.202,0.217,0.203,0.3,0.296,0.159,0.209,0.684,0.984,0.13,0.2,0.346,0.047,0.047,0.018,0.007,0.047,0.119,0.047,0.047,0.047,0.047,0.119,0.047,0.119,0.731,0.018,0.047,0.047,1,0.881,0.047,0.16,0.238,0.169,0.15,0.094,0.223,0.169,0.063,0.667,0.306,0.353,0.271,0.339,0.87,0.084,0.174,0.187,0.667,0.998,0.346,0.392,0.106,0.068,0.042,0.278,0.131,0.077,0.111,0.079,0.818,0.622,0.141,0.643,0.339,0.067,0.19,0.378,0.102,0.268,0.962
1-212.txt_195,0.81,0.265,0.315,0.174,0.1,0.28,0.221,0.314,0.101,0.441,0.396,0.263,0.279,0.322,0.146,0.542,0.491,0.087,0.24,0.466,0.348,0.899,0.482,0.261,0.092,0.464,0.406,0.221,0.196,0.198,0.147,0.794,0.154,0.216,0.238,0.383,0.254,0.051,0.341,0.151,0.234,0.406,0.926,0.6,0.116,0.364,0.474,0.312,0.311,0.199,0.125,0.322,0.226,0.176,0.205,0.431,0.538,0.185,0.228,0.174,0.307,0.243,0.63,0.894,0.03,0.579,0.587,0.329,0.235,0.098,0.027,0.453,0.183,0.185,0.12,0.469,0.389,0.019,0.217,0.124,0.157,0.253,0.259,0.038,1,0.146,0.038,0.259,0.04,0.065,0.065,0.241,0.065,0.146,0.146,0.083,0.101,0.025,0.033,0.292,0.157,0.261,0.619,0.197,0.191,0.86,0.583,0.054,0.371,0.156,0.13,0.373,0.279,0.336,0.075,0.437,0.221,0.418,0.695,0.244,0.382,0.202,0.604,0.456,0.042,0.492,0.884,0.236,0.442,0.087,0.139,0.538,0.1,0.161,0.185,0.536,0.516,0.036,0.128,0.143,0.45,0.293,0.272,0.337,0.223,0.315,0.283,0.871,0.17,0.189,0.143,0.295,0.133,0.197,0.143,0.344,0.199,0.053,0.271,0.164,0.5,0.741,0.119,0.274,0.018,0.194,0.119,0.143,0.865,0.033,0.083,0.741,0.047,0.069,0.033,0.384,0.5,0.027,0.515,0.259,0.387,0.242,0.362,0.303,0.184,0.168,0.251,0.106,0.136,0.831,0.461,0.272,0.333,0.361,0.181,0.306,0.459,0.191,0.332,0.689,0.294,0.252,0.192,0.1,0.077,0.284,0.164,0.2,0.209,0.562,0.869,0.158,0.534,0.468,0.19,0.228,0.212,0.112,0.322,0.61,0.294,0.403,0.582,0.523,0.041,0.486,0.417,0.332,0.248,0.179,0.147,0.829,0.084,0.153,0.154,0.486,0.473,0.088,0.196,0.285,0.378,0.301,0.207,0.056,0.13,0.582,0.257,0.217,0.09,0.562,0.699,0.454,0.936,0.257,0.175,0.271,0.255,0.311,0.287,0.659,0.137,0.104,0.22,0.239,0.043,0.205,0.096,0.192,0.249,0.307,0.553,0.18,0.398,0.889,0.375,0.199,0.295,0.161,0.625,0.39,0.329,0.306,0.312,0.272,0.263,0.337,0.322,0.195,0.237,0.194,0.156,0.304,0.182,0.329,0.89,0.386,0.443,0.202,0.212,0.346,0.521,0.261,0.517,0.364,0.169,0.39,0.393,0.395,0.154,0.141,0.21,0.4,0.166,0.309,0.304,0.836,0.632,0.081,0.226,0.283,0.355,0.206,0.264,0.245,0.257,0.205,0.206,0.35,0.234,0.505,0.265,0.265,0.217,0.279,0.174,0.526,0.87,0.243,0.287,0.513,0.037,0.037,0.021,0.011,0.025,0.153,0.085,0.023,0.153,0.055,0.151,0.03,0.101,0.781,0.014,0.037,0.153,0.998,0.815,0.037,0.239,0.324,0.247,0.271,0.123,0.281,0.473,0.042,0.405,0.231,0.179,0.262,0.159,0.596,0.32,0.262,0.294,0.409,0.855,0.335,0.308,0.19,0.19,0.162,0.148,0.18,0.171,0.107,0.131,0.631,0.458,0.167,0.5,0.598,0.113,0.169,0.263,0.18,0.511,0.82
1-212.txt_197,0.691,0.362,0.245,0.244,0.215,0.382,0.4,0.367,0.225,0.314,0.275,0.376,0.347,0.204,0.288,0.507,0.401,0.11,0.271,0.315,0.281,0.933,0.395,0.48,0.013,0.591,0.599,0.028,0.12,0.153,0.088,0.85,0.042,0.013,0.376,0.225,0.456,0.011,0.03,0.078,0.26,0.427,0.973,0.622,0.106,0.451,0.49,0.296,0.481,0.11,0.08,0.417,0.2,0.065,0.195,0.522,0.488,0.015,0.155,0.147,0.176,0.2,0.747,0.94,0.024,0.529,0.685,0.226,0.169,0.042,0.054,0.397,0.034,0.024,0.306,0.471,0.315,0.011,0.111,0.068,0.157,0.301,0.274,0.204,1,0.324,0.055,0.384,0.033,0.113,0.083,0.209,0.274,0.025,0.234,0.194,0.139,0.025,0.025,0.161,0.243,0.443,0.436,0.522,0.254,0.701,0.738,0.232,0.264,0.15,0.078,0.427,0.274,0.207,0.186,0.508,0.493,0.128,0.185,0.301,0.255,0.357,0.576,0.682,0.014,0.712,0.937,0.083,0.333,0.12,0.111,0.522,0.107,0.021,0.179,0.508,0.502,0.073,0.201,0.198,0.519,0.114,0.304,0.303,0.239,0.216,0.254,0.925,0.148,0.063,0.132,0.211,0.127,0.127,0.24,0.462,0.243,0.059,0.144,0.154,0.31,0.447,0.384,0.254,0.033,0.558,0.563,0.065,0.986,0.088,0.216,0.384,0.338,0.101,0.065,0.347,0.157,0.047,0.463,0.069,0.311,0.252,0.21,0.105,0.184,0.217,0.159,0.158,0.194,0.791,0.612,0.239,0.489,0.465,0.047,0.192,0.286,0.125,0.33,0.67,0.326,0.052,0.085,0.083,0.132,0.142,0.131,0.118,0.092,0.542,0.81,0.119,0.643,0.563,0.187,0.201,0.286,0.288,0.409,0.627,0.477,0.576,0.454,0.487,0.197,0.469,0.645,0.334,0.243,0.064,0.121,0.859,0.326,0.057,0.276,0.614,0.515,0.026,0.25,0.201,0.575,0.5,0.425,0.033,0.143,0.616,0.083,0.033,0.425,0.425,0.917,0.158,0.973,0.31,0.069,0.5,0.269,0.143,0.158,0.5,0.239,0.232,0.285,0.289,0.09,0.207,0.137,0.233,0.36,0.274,0.294,0.145,0.302,0.901,0.266,0.253,0.43,0.268,0.671,0.37,0.342,0.132,0.334,0.501,0.098,0.276,0.353,0.243,0.056,0.131,0.254,0.201,0.123,0.241,0.934,0.348,0.247,0.26,0.272,0.253,0.377,0.245,0.625,0.41,0.098,0.337,0.299,0.319,0.23,0.109,0.183,0.363,0.184,0.226,0.151,0.836,0.653,0.094,0.23,0.189,0.277,0.287,0.458,0.298,0.095,0.257,0.269,0.4,0.283,0.189,0.291,0.383,0.152,0.309,0.146,0.523,0.812,0.171,0.262,0.316,0.312,0.132,0.047,0.046,0.048,0.062,0.259,0.252,0.034,0.108,0.339,0.209,0.111,0.457,0.047,0.108,0.54,0.998,0.5,0.259,0.192,0.133,0.089,0.099,0.022,0.14,0.057,0.015,0.544,0.405,0.272,0.165,0.225,0.86,0.038,0.173,0.291,0.58,0.904,0.397,0.386,0.219,0.141,0.071,0.159,0.206,0.139,0.091,0.16,0.706,0.557,0.23,0.545,0.394,0.12,0.25,0.435,0.082,0.388,0.863
1-212.txt_199,0.71,0.145,0.257,0.464,0.12,0.194,0.364,0.573,0.355,0.232,0.142,0.271,0.392,0.257,0.19,0.395,0.246,0.015,0.226,0.282,0.028,0.716,0.188,0.326,0.023,0.095,0.071,0.007,0.028,0.385,0.51,0.493,0.627,0.373,0.175,0.038,0.265,0.024,0.265,0.259,0.331,0.398,0.877,0.627,0.014,0.473,0.605,0.247,0.255,0.182,0.199,0.64,0.261,0.167,0.235,0.45,0.475,0.053,0.086,0.323,0.092,0.372,0.622,0.732,0.089,0.534,0.606,0.117,0.31,0.077,0.131,0.698,0.155,0.208,0.385,0.593,0.492,0.102,0.096,0.2,0.319,0.118,0.236,0.207,0.995,0.115,0.16,0.031,0.114,0.211,0.064,0.134,0.03,0.206,0.108,0.458,0.532,0.015,0.2,0.319,0.355,0.525,0.29,0.402,0.164,0.762,0.617,0.241,0.556,0.13,0.204,0.477,0.313,0.188,0.29,0.5,0.444,0.506,0.389,0.337,0.243,0.49,0.438,0.559,0.01,0.708,0.804,0.211,0.302,0.248,0.32,0.556,0.299,0.154,0.227,0.283,0.329,0.208,0.095,0.309,0.38,0.205,0.565,0.33,0.137,0.297,0.345,0.869,0.315,0.096,0.088,0.151,0.1,0.084,0.157,0.416,0.179,0.112,0.112,0.176,0.331,0.652,0.331,0.482,0.186,0.526,0.492,0.291,0.606,0.341,0.259,0.689,0.17,0.229,0.229,0.327,0.347,0.326,0.307,0.431,0.264,0.211,0.118,0.056,0.187,0.181,0.052,0.096,0.132,0.811,0.685,0.178,0.54,0.564,0.074,0.236,0.219,0.105,0.297,0.739,0.244,0.113,0.136,0.144,0.095,0.116,0.173,0.142,0.042,0.697,0.938,0.102,0.324,0.539,0.18,0.228,0.305,0.121,0.311,0.424,0.239,0.515,0.454,0.528,0.011,0.599,0.665,0.18,0.361,0.269,0.164,0.766,0.167,0.15,0.265,0.456,0.467,0.138,0.273,0.191,0.31,0.373,0.302,0.208,0.09,0.285,0.277,0.074,0.189,0.48,0.508,0.498,0.845,0.523,0.132,0.333,0.256,0.192,0.303,0.368,0.231,0.148,0.044,0.044,0.323,0.114,0.083,0.208,0.314,0.372,0.478,0.15,0.551,0.912,0.12,0.145,0.181,0.089,0.713,0.48,0.259,0.31,0.311,0.301,0.156,0.42,0.323,0.092,0.19,0.238,0.153,0.242,0.327,0.415,0.861,0.506,0.448,0.012,0.224,0.337,0.577,0.284,0.311,0.35,0.144,0.28,0.36,0.248,0.417,0.345,0.357,0.486,0.193,0.325,0.173,0.516,0.517,0.08,0.227,0.619,0.284,0.417,0.378,0.329,0.097,0.417,0.391,0.099,0.354,0.333,0.319,0.503,0.254,0.329,0.176,0.515,0.732,0.091,0.254,0.323,0.027,0.138,0.025,0.009,0.012,0.027,0.061,0.138,0.027,0.369,0.259,0.061,0.5,0.575,0.01,0.367,0.138,0.991,0.937,0.367,0.112,0.267,0.042,0.084,0.013,0.231,0.379,0.05,0.53,0.311,0.205,0.217,0.197,0.622,0.063,0.161,0.245,0.136,0.798,0.482,0.455,0.331,0.144,0.116,0.203,0.379,0.22,0.147,0.265,0.556,0.613,0.236,0.447,0.29,0.249,0.277,0.558,0.015,0.26,0.727
1-212.txt_201,0.9,0.162,0.222,0.127,0.176,0.261,0.237,0.34,0.127,0.277,0.301,0.328,0.294,0.203,0.2,0.632,0.566,0.064,0.172,0.382,0.463,0.964,0.447,0.194,0.051,0.442,0.44,0.121,0.413,0.051,0.083,0.776,0.157,0.284,0.121,0.327,0.402,0.058,0.234,0.121,0.176,0.341,0.977,0.597,0.124,0.417,0.467,0.233,0.407,0.066,0.063,0.504,0.102,0.176,0.193,0.455,0.34,0.11,0.274,0.127,0.259,0.279,0.641,0.978,0.06,0.452,0.607,0.298,0.218,0.091,0.15,0.456,0.119,0.102,0.163,0.475,0.302,0.055,0.096,0.085,0.384,0.051,0.047,0.033,1,0.051,0.033,0.047,0.033,0.119,0.119,0.204,0.119,0.047,0.04,0.232,0.384,0.047,0.047,0.232,0.423,0.665,0.309,0.232,0.071,0.957,0.577,0.127,0.309,0.135,0.215,0.678,0.321,0.07,0.182,0.552,0.486,0.059,0.119,0.159,0.304,0.333,0.318,0.609,0.051,0.664,0.953,0.314,0.276,0.125,0.114,0.527,0.219,0.129,0.287,0.373,0.249,0.053,0.121,0.248,0.369,0.185,0.352,0.421,0.068,0.249,0.343,0.972,0.121,0.071,0.078,0.277,0.084,0.115,0.182,0.47,0.361,0.066,0.08,0.118,0.423,0.219,0.423,0.397,0.062,0.423,0.346,0.095,0.994,0.028,0.028,0.269,0.095,0.095,0.359,0.55,0.423,0.028,0.5,0.052,0.423,0.12,0.098,0.074,0.194,0.12,0.115,0.074,0.062,0.938,0.716,0.234,0.539,0.232,0.095,0.272,0.485,0.083,0.169,0.756,0.143,0.094,0.072,0.161,0.129,0.096,0.131,0.038,0.065,0.658,0.946,0.129,0.687,0.485,0.164,0.098,0.239,0.124,0.247,0.597,0.378,0.642,0.423,0.285,0.07,0.661,0.549,0.263,0.229,0.087,0.101,0.964,0.176,0.048,0.235,0.468,0.386,0.052,0.111,0.174,0.5,0.083,0.047,0.018,0.119,0.194,0.047,0.047,0.083,0.616,0.931,0.119,0.991,0.269,0.047,0.119,0.269,0.083,0.119,0.5,0.214,0.096,0.075,0.092,0.105,0.146,0.167,0.148,0.203,0.441,0.548,0.123,0.408,0.983,0.091,0.128,0.158,0.401,0.717,0.354,0.347,0.328,0.41,0.194,0.065,0.327,0.269,0.101,0.339,0.04,0.04,0.327,0.083,0.025,0.994,0.555,0.48,0.025,0.103,0.083,0.472,0.199,0.505,0.466,0.179,0.313,0.437,0.299,0.251,0.097,0.105,0.327,0.19,0.24,0.157,0.91,0.582,0.155,0.296,0.134,0.5,0.21,0.447,0.424,0.14,0.361,0.341,0.261,0.15,0.161,0.113,0.31,0.184,0.12,0.286,0.694,0.947,0.056,0.14,0.23,0.158,0.033,0.012,0.012,0.524,0.047,0.018,0.047,0.033,0.083,0.119,0.018,0.119,0.31,0.012,0.069,0.083,1,0.575,0.069,0.145,0.12,0.146,0.247,0.084,0.18,0.177,0.076,0.592,0.231,0.238,0.116,0.23,0.825,0.082,0.226,0.19,0.648,0.992,0.25,0.462,0.126,0.166,0.122,0.229,0.156,0.163,0.14,0.069,0.739,0.445,0.235,0.432,0.179,0.149,0.288,0.419,0.049,0.123,0.922
1-212.txt_203,0.71,0.303,0.251,0.209,0.456,0.318,0.346,0.19,0.207,0.361,0.415,0.362,0.268,0.194,0.222,0.464,0.575,0.14,0.144,0.537,0.166,0.825,0.481,0.451,0.012,0.569,0.736,0.169,0.359,0.17,0.12,0.707,0.166,0.132,0.343,0.403,0.31,0.206,0.053,0.133,0.17,0.477,0.768,0.698,0.046,0.49,0.714,0.373,0.425,0.063,0.093,0.455,0.134,0.118,0.177,0.417,0.411,0.351,0.175,0.179,0.234,0.33,0.583,0.806,0.01,0.63,0.757,0.275,0.577,0.126,0.068,0.539,0.124,0.175,0.178,0.544,0.488,0.007,0.154,0.185,0.325,0.009,0.01,0.009,1,0.009,0.096,0.298,0.005,0.018,0.111,0.043,0.028,0.094,0.009,0.373,0.198,0.007,0.01,0.071,0.349,0.398,0.413,0.23,0.252,0.848,0.612,0.219,0.123,0.202,0.237,0.684,0.389,0.053,0.203,0.36,0.437,0.357,0.117,0.522,0.119,0.259,0.274,0.864,0.007,0.5,0.982,0.69,0.389,0.369,0.033,0.464,0.012,0.136,0.018,0.119,0.274,0.005,0.138,0.253,0.504,0.335,0.444,0.289,0.024,0.286,0.289,0.805,0.199,0.056,0.069,0.168,0.155,0.09,0.052,0.402,0.254,0.106,0.1,0.219,0.158,0.5,0.425,0.143,0.485,0.806,0.731,0.31,0.806,0.259,0.31,0.5,0.083,0.384,0.143,0.119,0.31,0.508,0.864,0.384,0.185,0.223,0.182,0.195,0.064,0.179,0.193,0.08,0.16,0.678,0.763,0.319,0.41,0.55,0.256,0.136,0.18,0.011,0.124,0.646,0.288,0.275,0.203,0.217,0.121,0.404,0.29,0.116,0.386,0.595,0.786,0.304,0.522,0.456,0.194,0.177,0.227,0.146,0.248,0.543,0.239,0.64,0.468,0.402,0.037,0.51,0.609,0.143,0.308,0.163,0.191,0.877,0.37,0.198,0.398,0.401,0.409,0.058,0.223,0.265,0.416,0.106,0.251,0.03,0.209,0.2,0.132,0.176,0.303,0.633,0.515,0.153,0.77,0.506,0.316,0.275,0.279,0.208,0.166,0.556,0.266,0.157,0.124,0.192,0.061,0.147,0.178,0.116,0.234,0.431,0.648,0.24,0.34,0.969,0.158,0.195,0.168,0.157,0.621,0.373,0.276,0.264,0.377,0.561,0.01,0.396,0.592,0.12,0.26,0.286,0.252,0.483,0.33,0.189,0.918,0.279,0.432,0.055,0.051,0.337,0.36,0.292,0.458,0.606,0.261,0.417,0.668,0.303,0.409,0.181,0.088,0.374,0.328,0.337,0.142,0.646,0.468,0.113,0.217,0.26,0.266,0.48,0.294,0.319,0.124,0.333,0.426,0.265,0.374,0.374,0.365,0.381,0.309,0.213,0.143,0.521,0.761,0.104,0.258,0.39,0.253,0.367,0.135,0.009,0.012,0.369,0.061,0.027,0.48,0.063,0.143,0.251,0.033,0.119,0.009,0.251,0.5,0.866,0.881,0.136,0.322,0.164,0.177,0.025,0.099,0.205,0.029,0.26,0.492,0.281,0.38,0.235,0.336,0.861,0.12,0.167,0.309,0.483,0.866,0.376,0.325,0.203,0.174,0.114,0.119,0.243,0.252,0.178,0.223,0.683,0.666,0.28,0.529,0.457,0.124,0.257,0.361,0.136,0.358,0.789
1-212.txt_205,0.95,0.187,0.295,0.122,0.299,0.228,0.25,0.575,0.316,0.263,0.164,0.249,0.233,0.031,0.166,0.566,0.304,0.022,0.145,0.295,0.227,0.869,0.301,0.228,0.025,0.438,0.301,0.319,0.09,0.084,0.174,0.722,0.319,0.022,0.413,0.394,0.181,0.205,0.047,0.086,0.272,0.177,0.941,0.523,0.15,0.538,0.572,0.504,0.205,0.023,0.031,0.442,0.04,0.023,0.486,0.413,0.49,0.021,0.033,0.04,0.226,0.139,0.632,0.84,0.021,0.365,0.605,0.329,0.121,0.153,0.096,0.297,0.094,0.061,0.246,0.382,0.284,0.016,0.134,0.178,0.169,0.299,0.095,0.062,0.988,0.373,0.466,0.889,0.339,0.145,0.5,0.169,0.373,0.476,0.028,0.246,0.373,0.028,0.071,0.349,0.336,0.36,0.631,0.448,0.023,0.929,0.74,0.205,0.246,0.026,0.172,0.688,0.096,0.133,0.217,0.562,0.298,0.017,0.05,0.038,0.293,0.12,0.647,0.555,0.113,0.394,0.855,0.24,0.189,0.105,0.037,0.367,0.187,0.185,0.42,0.388,0.315,0.03,0.21,0.168,0.468,0.056,0.272,0.287,0.261,0.243,0.161,0.789,0.161,0.083,0.244,0.076,0.086,0.179,0.044,0.255,0.12,0.229,0.232,0.172,0.119,0.047,0.953,0.047,0.018,0.119,0.047,0.047,0.982,0.119,0.269,0.047,0.731,0.018,0.993,0.119,0.731,0.007,0.047,0.731,0.245,0.037,0.049,0.14,0.179,0.202,0.11,0.023,0.035,0.898,0.585,0.098,0.531,0.505,0.028,0.082,0.33,0.035,0.184,0.868,0.382,0.119,0.036,0.067,0.174,0.157,0.11,0.024,0.095,0.597,0.88,0.205,0.632,0.516,0.131,0.228,0.289,0.133,0.368,0.607,0.335,0.689,0.526,0.304,0.103,0.514,0.382,0.198,0.253,0.245,0.151,0.803,0.219,0.205,0.196,0.384,0.311,0.087,0.234,0.29,0.243,0.389,0.404,0.062,0.07,0.237,0.277,0.042,0.404,0.667,0.673,0.283,0.859,0.45,0.359,0.165,0.348,0.064,0.15,0.532,0.26,0.152,0.199,0.077,0.065,0.079,0.126,0.238,0.162,0.371,0.56,0.052,0.439,0.971,0.109,0.168,0.259,0.393,0.658,0.527,0.45,0.426,0.062,0.058,0.355,0.339,0.363,0.195,0.339,0.062,0.265,0.349,0.071,0.179,0.966,0.524,0.349,0.014,0.028,0.299,0.491,0.228,0.528,0.315,0.124,0.337,0.313,0.448,0.317,0.194,0.132,0.391,0.07,0.108,0.295,0.838,0.612,0.1,0.165,0.171,0.355,0.3,0.451,0.299,0.056,0.234,0.277,0.347,0.23,0.305,0.212,0.373,0.113,0.193,0.227,0.496,0.832,0.029,0.389,0.507,0.018,0.018,0.321,0.017,0.018,0.028,0.094,0.018,0.028,0.038,0.121,0.02,0.071,0.51,0.007,0.028,0.028,1,0.805,0.175,0.151,0.075,0.185,0.151,0.038,0.149,0.146,0.03,0.602,0.211,0.232,0.275,0.182,0.723,0.168,0.292,0.377,0.523,0.984,0.211,0.45,0.058,0.32,0.126,0.063,0.26,0.1,0.18,0.099,0.636,0.397,0.296,0.439,0.169,0.032,0.275,0.529,0.123,0.23,0.879
1-212.txt_207,0.982,0.269,0.119,0.119,0.5,0.269,0.269,0.5,0.119,0.269,0.269,0.269,0.269,0.119,0.269,0.731,0.5,0.047,0.119,0.5,0.269,0.993,0.5,0.119,0.047,0.731,0.5,0.119,0.5,0.047,0.119,0.881,0.269,0.047,0.119,0.269,0.269,0.047,0.119,0.047,0.119,0.5,0.998,0.731,0.047,0.5,0.5,0.5,0.731,0.047,0.047,0.5,0.119,0.047,0.119,0.731,0.5,0.018,0.119,0.047,0.119,0.119,0.731,0.998,0.047,0.5,0.881,0.269,0.269,0.047,0.018,0.269,0.047,0.018,0.269,0.5,0.269,0.018,0.047,0.047,0.5,0.047,0.047,0.047,1,0.047,0.018,0.047,0.047,0.269,0.269,0.047,0.269,0.119,0.047,0.269,0.269,0.119,0.119,0.269,0.269,0.731,0.5,0.5,0.047,0.993,0.881,0.119,0.5,0.047,0.119,0.731,0.5,0.047,0.269,0.5,0.269,0.119,0.269,0.119,0.269,0.5,0.5,0.881,0.018,0.881,0.993,0.119,0.5,0.047,0.047,0.731,0.119,0.047,0.269,0.5,0.269,0.047,0.119,0.119,0.5,0.119,0.5,0.269,0.047,0.119,0.119,0.998,0.119,0.018,0.018,0.119,0.047,0.047,0.119,0.5,0.119,0.047,0.047,0.047,0.119,0.5,0.731,0.269,0.047,0.5,0.5,0.119,1,0.047,0.047,0.269,0.119,0.269,0.119,0.269,0.119,0.119,0.881,0.047,0.269,0.047,0.047,0.047,0.269,0.047,0.047,0.018,0.047,0.982,0.881,0.047,0.731,0.5,0.047,0.119,0.269,0.047,0.269,0.953,0.269,0.119,0.047,0.018,0.269,0.119,0.047,0.018,0.047,0.881,0.982,0.119,0.881,0.5,0.047,0.119,0.269,0.119,0.269,0.731,0.269,0.881,0.5,0.269,0.047,0.731,0.731,0.119,0.269,0.047,0.119,0.993,0.269,0.047,0.269,0.5,0.269,0.047,0.119,0.119,0.269,0.269,0.119,0.047,0.269,0.5,0.119,0.047,0.119,0.731,0.881,0.269,0.993,0.5,0.119,0.269,0.269,0.269,0.269,0.731,0.119,0.047,0.047,0.018,0.119,0.047,0.047,0.047,0.269,0.5,0.5,0.047,0.5,0.998,0.018,0.119,0.119,0.731,0.953,0.269,0.269,0.119,0.119,0.269,0.047,0.269,0.269,0.119,0.119,0.047,0.047,0.269,0.119,0.018,0.999,0.269,0.269,0.018,0.047,0.119,0.731,0.269,0.731,0.5,0.269,0.5,0.5,0.5,0.269,0.119,0.119,0.5,0.269,0.119,0.269,0.982,0.731,0.047,0.119,0.119,0.5,0.269,0.5,0.269,0.269,0.269,0.269,0.119,0.119,0.269,0.269,0.269,0.269,0.119,0.269,0.731,0.993,0.119,0.119,0.5,0.047,0.047,0.018,0.018,0.119,0.119,0.047,0.047,0.119,0.047,0.119,0.047,0.269,0.731,0.018,0.047,0.119,1,0.881,0.047,0.119,0.119,0.119,0.047,0.119,0.269,0.119,0.047,0.881,0.269,0.269,0.119,0.269,0.953,0.047,0.119,0.119,0.881,0.999,0.269,0.5,0.047,0.047,0.047,0.269,0.119,0.119,0.047,0.047,0.953,0.731,0.119,0.731,0.269,0.119,0.119,0.5,0.047,0.269,0.982
1-212.txt_209,0.838,0.237,0.21,0.234,0.354,0.289,0.262,0.404,0.076,0.266,0.347,0.204,0.266,0.214,0.27,0.583,0.488,0.06,0.184,0.409,0.24,0.844,0.372,0.379,0.02,0.406,0.438,0.281,0.21,0.198,0.232,0.801,0.234,0.192,0.192,0.32,0.384,0.024,0.13,0.285,0.206,0.422,0.894,0.664,0.078,0.582,0.562,0.193,0.435,0.088,0.048,0.515,0.152,0.123,0.05,0.493,0.441,0.095,0.239,0.168,0.27,0.184,0.625,0.924,0.035,0.44,0.684,0.196,0.244,0.052,0.051,0.373,0.048,0.096,0.176,0.464,0.308,0.018,0.082,0.043,0.252,0.146,0.256,0.033,1,0.266,0.088,0.058,0.095,0.234,0.179,0.209,0.292,0.369,0.153,0.196,0.254,0.04,0.218,0.31,0.177,0.545,0.424,0.474,0.026,0.872,0.667,0.139,0.168,0.163,0.072,0.599,0.19,0.223,0.521,0.471,0.557,0.025,0.167,0.132,0.326,0.405,0.504,0.665,0.071,0.717,0.925,0.167,0.353,0.099,0.115,0.565,0.104,0.081,0.285,0.573,0.41,0.106,0.143,0.14,0.42,0.168,0.406,0.347,0.223,0.346,0.226,0.906,0.132,0.145,0.113,0.404,0.07,0.09,0.184,0.386,0.276,0.118,0.255,0.109,0.119,0.269,0.731,0.731,0.018,0.881,0.5,0.881,0.999,0.018,0.018,0.5,0.047,0.018,0.047,0.269,0.047,0.018,0.119,0.119,0.239,0.255,0.196,0.173,0.227,0.165,0.202,0.17,0.154,0.868,0.582,0.266,0.554,0.404,0.075,0.209,0.355,0.06,0.303,0.783,0.479,0.206,0.244,0.2,0.108,0.37,0.3,0.236,0.187,0.409,0.723,0.286,0.488,0.434,0.227,0.276,0.291,0.19,0.397,0.462,0.288,0.666,0.409,0.279,0.155,0.582,0.536,0.445,0.235,0.105,0.094,0.929,0.22,0.075,0.259,0.446,0.343,0.093,0.132,0.199,0.246,0.24,0.174,0.11,0.21,0.479,0.34,0.101,0.195,0.535,0.587,0.458,0.946,0.361,0.24,0.228,0.373,0.231,0.363,0.637,0.171,0.184,0.212,0.101,0.025,0.125,0.076,0.06,0.217,0.595,0.525,0.181,0.372,0.926,0.286,0.215,0.181,0.319,0.664,0.348,0.367,0.136,0.211,0.316,0.09,0.215,0.365,0.201,0.207,0.163,0.209,0.328,0.155,0.127,0.975,0.308,0.241,0.042,0.143,0.201,0.41,0.32,0.577,0.458,0.099,0.399,0.445,0.285,0.265,0.189,0.27,0.32,0.194,0.249,0.363,0.733,0.519,0.2,0.341,0.309,0.46,0.329,0.439,0.245,0.174,0.38,0.23,0.139,0.271,0.245,0.348,0.318,0.207,0.187,0.233,0.619,0.87,0.1,0.114,0.451,0.164,0.194,0.035,0.03,0.2,0.315,0.092,0.034,0.19,0.062,0.115,0.345,0.313,0.669,0.183,0.092,0.305,0.973,0.769,0.124,0.146,0.298,0.164,0.134,0.019,0.256,0.15,0.115,0.471,0.239,0.164,0.206,0.197,0.806,0.115,0.101,0.137,0.489,0.925,0.207,0.43,0.197,0.106,0.09,0.329,0.216,0.178,0.155,0.117,0.734,0.595,0.176,0.507,0.288,0.216,0.25,0.367,0.116,0.262,0.858
1-212.txt_211,0.719,0.192,0.332,0.414,0.121,0.332,0.348,0.311,0.288,0.312,0.122,0.311,0.135,0.136,0.285,0.544,0.625,0.092,0.107,0.454,0.209,0.749,0.301,0.355,0.2,0.514,0.643,0.217,0.526,0.454,0.267,0.593,0.514,0.282,0.116,0.359,0.275,0.013,0.08,0.444,0.3,0.279,0.81,0.509,0.169,0.482,0.506,0.281,0.621,0.423,0.152,0.623,0.283,0.025,0.095,0.442,0.471,0.014,0.31,0.258,0.159,0.152,0.802,0.885,0.149,0.454,0.664,0.251,0.277,0.153,0.169,0.487,0.137,0.245,0.148,0.413,0.52,0.121,0.202,0.088,0.274,0.036,0.253,0.188,0.997,0.14,0.289,0.228,0.376,0.051,0.259,0.081,0.051,0.198,0.291,0.292,0.216,0.201,0.027,0.311,0.407,0.463,0.399,0.509,0.103,0.699,0.614,0.213,0.437,0.349,0.289,0.57,0.372,0.14,0.131,0.452,0.512,0.016,0.199,0.345,0.198,0.475,0.463,0.582,0.105,0.632,0.8,0.138,0.255,0.157,0.116,0.701,0.176,0.169,0.182,0.42,0.453,0.222,0.191,0.199,0.455,0.213,0.449,0.409,0.223,0.296,0.298,0.899,0.14,0.027,0.097,0.191,0.179,0.147,0.12,0.412,0.219,0.013,0.113,0.046,0.432,0.425,0.319,0.386,0.177,0.683,0.515,0.043,0.796,0.21,0.406,0.475,0.276,0.262,0.602,0.373,0.209,0.15,0.213,0.262,0.086,0.289,0.032,0.095,0.172,0.116,0.196,0.017,0.024,0.886,0.878,0.242,0.76,0.543,0.357,0.073,0.179,0.028,0.376,0.64,0.234,0.049,0.083,0.06,0.075,0.081,0.111,0.052,0.075,0.634,0.832,0.078,0.557,0.484,0.126,0.115,0.283,0.11,0.287,0.694,0.14,0.652,0.28,0.205,0.042,0.471,0.383,0.104,0.479,0.271,0.254,0.762,0.309,0.258,0.293,0.319,0.327,0.199,0.373,0.226,0.357,0.274,0.037,0.014,0.058,0.151,0.073,0.2,0.066,0.52,0.663,0.111,0.921,0.379,0.037,0.157,0.252,0.066,0.169,0.766,0.212,0.017,0.034,0.009,0.321,0.041,0.015,0.014,0.155,0.486,0.606,0.053,0.38,0.99,0.131,0.155,0.289,0.222,0.644,0.45,0.274,0.209,0.322,0.553,0.018,0.329,0.367,0.058,0.4,0.106,0.259,0.445,0.281,0.051,0.926,0.734,0.463,0.015,0.025,0.164,0.169,0.633,0.5,0.214,0.012,0.347,0.613,0.463,0.5,0.256,0.103,0.558,0.146,0.198,0.266,0.384,0.289,0.196,0.409,0.317,0.148,0.409,0.4,0.33,0.14,0.364,0.521,0.066,0.35,0.355,0.279,0.637,0.334,0.178,0.139,0.536,0.768,0.126,0.263,0.475,0.007,0.007,0.002,0.002,0.018,0.018,0.007,0.007,0.018,0.007,0.018,0.007,0.047,0.269,0.002,0.007,0.018,1,0.881,0.007,0.145,0.408,0.068,0.145,0.012,0.478,0.391,0.098,0.696,0.319,0.433,0.42,0.193,0.698,0.012,0.205,0.56,0.356,0.907,0.333,0.459,0.238,0.129,0.093,0.132,0.162,0.065,0.191,0.103,0.743,0.549,0.25,0.8,0.442,0.121,0.394,0.458,0.123,0.195,0.891
1-212.txt_213,0.719,0.185,0.381,0.377,0.232,0.375,0.396,0.387,0.308,0.288,0.239,0.37,0.217,0.208,0.238,0.542,0.454,0.176,0.22,0.269,0.235,0.925,0.348,0.142,0.142,0.445,0.37,0.209,0.38,0.265,0.285,0.611,0.372,0.121,0.171,0.366,0.373,0.177,0.131,0.189,0.262,0.327,0.814,0.569,0.035,0.652,0.529,0.21,0.345,0.085,0.329,0.413,0.26,0.093,0.431,0.413,0.5,0.187,0.166,0.229,0.274,0.468,0.738,0.9,0.142,0.543,0.434,0.254,0.122,0.056,0.091,0.55,0.132,0.017,0.131,0.413,0.58,0.008,0.021,0.133,0.534,0.175,0.256,0.048,0.984,0.102,0.111,0.219,0.052,0.272,0.219,0.306,0.071,0.052,0.052,0.651,0.349,0.048,0.052,0.503,0.208,0.498,0.267,0.439,0.028,0.843,0.773,0.222,0.177,0.168,0.151,0.624,0.335,0.085,0.335,0.646,0.385,0.277,0.12,0.269,0.234,0.336,0.398,0.415,0.067,0.539,0.865,0.098,0.361,0.42,0.196,0.605,0.361,0.262,0.212,0.386,0.378,0.199,0.307,0.56,0.368,0.243,0.371,0.42,0.14,0.387,0.41,0.802,0.255,0.24,0.181,0.23,0.181,0.3,0.229,0.457,0.322,0.111,0.277,0.285,0.214,0.367,0.525,0.216,0.153,0.565,0.214,0.415,0.924,0.103,0.141,0.347,0.076,0.379,0.324,0.518,0.31,0.274,0.435,0.106,0.301,0.094,0.179,0.185,0.22,0.176,0.496,0.116,0.238,0.866,0.516,0.17,0.456,0.383,0.016,0.404,0.546,0.019,0.141,0.733,0.226,0.231,0.123,0.058,0.131,0.194,0.094,0.131,0.088,0.572,0.913,0.263,0.616,0.472,0.073,0.212,0.208,0.067,0.245,0.526,0.358,0.574,0.39,0.507,0.075,0.614,0.617,0.242,0.352,0.126,0.105,0.888,0.111,0.127,0.446,0.382,0.359,0.082,0.203,0.12,0.194,0.536,0.047,0.143,0.069,0.269,0.389,0.033,0.083,0.731,0.5,0.536,0.976,0.143,0.033,0.31,0.575,0.063,0.069,0.616,0.111,0.235,0.131,0.17,0.022,0.222,0.287,0.07,0.21,0.295,0.404,0.302,0.297,0.961,0.208,0.091,0.214,0.233,0.508,0.373,0.271,0.234,0.197,0.303,0.175,0.387,0.328,0.295,0.173,0.054,0.071,0.373,0.337,0.107,0.939,0.282,0.386,0.18,0.05,0.197,0.416,0.282,0.422,0.392,0.112,0.265,0.486,0.139,0.261,0.212,0.414,0.378,0.238,0.149,0.433,0.793,0.692,0.016,0.17,0.286,0.46,0.247,0.227,0.215,0.053,0.205,0.101,0.286,0.191,0.174,0.304,0.205,0.236,0.116,0.203,0.54,0.744,0.019,0.05,0.391,0.132,0.058,0.485,0.26,0.058,0.085,0.336,0.259,0.058,0.286,0.543,0.132,0.135,0.55,0.411,0.209,0.132,0.997,0.296,0.286,0.153,0.177,0.077,0.161,0.247,0.081,0.135,0.085,0.755,0.338,0.252,0.193,0.11,0.902,0.066,0.167,0.153,0.382,0.977,0.216,0.448,0.19,0.142,0.149,0.289,0.227,0.266,0.223,0.131,0.645,0.594,0.218,0.356,0.3,0.167,0.213,0.467,0.087,0.28,0.853
1-212.txt_215,0.707,0.246,0.176,0.251,0.186,0.351,0.415,0.336,0.19,0.391,0.267,0.313,0.263,0.279,0.362,0.413,0.376,0.129,0.171,0.456,0.379,0.916,0.269,0.106,0.044,0.518,0.214,0.129,0.535,0.072,0.229,0.653,0.304,0.321,0.171,0.331,0.379,0.048,0.35,0.166,0.206,0.447,0.721,0.632,0.009,0.44,0.727,0.25,0.168,0.196,0.218,0.547,0.101,0.061,0.237,0.444,0.184,0.13,0.029,0.261,0.198,0.307,0.677,0.853,0.13,0.431,0.557,0.115,0.277,0.047,0.084,0.358,0.118,0.123,0.288,0.424,0.348,0.051,0.166,0.078,0.426,0.024,0.024,0.024,1,0.038,0.018,0.336,0.024,0.111,0.339,0.024,0.111,0.289,0.108,0.349,0.423,0.052,0.145,0.121,0.158,0.726,0.269,0.5,0.005,0.806,0.806,0.369,0.158,0.369,0.069,0.973,0.259,0.143,0.143,0.5,0.425,0.005,0.259,0.143,0.28,0.378,0.442,0.59,0.103,0.485,0.771,0.224,0.432,0.2,0.209,0.585,0.205,0.188,0.225,0.451,0.432,0.1,0.159,0.319,0.364,0.362,0.358,0.385,0.087,0.411,0.346,0.754,0.207,0.138,0.131,0.284,0.107,0.171,0.346,0.43,0.303,0.065,0.083,0.201,0.173,0.583,0.51,0.174,0.122,0.61,0.474,0.227,0.88,0.477,0.336,0.527,0.349,0.317,0.025,0.344,0.294,0.092,0.412,0.408,0.19,0.275,0.077,0.109,0.212,0.146,0.139,0.017,0.121,0.743,0.603,0.195,0.59,0.584,0.063,0.202,0.363,0.385,0.309,0.647,0.286,0.231,0.174,0.156,0.222,0.298,0.29,0.127,0.207,0.493,0.808,0.359,0.499,0.444,0.223,0.251,0.308,0.089,0.226,0.461,0.271,0.529,0.475,0.44,0.128,0.644,0.746,0.145,0.442,0.096,0.109,0.911,0.096,0.076,0.363,0.519,0.547,0.117,0.228,0.189,0.395,0.293,0.33,0.269,0.388,0.323,0.307,0.104,0.295,0.396,0.593,0.311,0.819,0.245,0.09,0.319,0.328,0.05,0.285,0.582,0.036,0.166,0.014,0.055,0.156,0.053,0.21,0.006,0.016,0.428,0.614,0.173,0.36,0.953,0.05,0.171,0.312,0.22,0.596,0.386,0.269,0.158,0.158,0.194,0.033,0.536,0.31,0.083,0.158,0.069,0.069,0.194,0.083,0.033,0.999,0.269,0.194,0.027,0.069,0.083,0.472,0.383,0.604,0.514,0.2,0.307,0.326,0.404,0.363,0.129,0.171,0.452,0.12,0.056,0.365,0.791,0.517,0.117,0.077,0.217,0.421,0.347,0.473,0.3,0.099,0.362,0.4,0.114,0.316,0.384,0.358,0.363,0.147,0.264,0.192,0.482,0.815,0.131,0.271,0.342,0.007,0.002,0.001,0.001,0.007,0.007,0.002,0.007,0.007,0.007,0.018,0.002,0.018,0.119,0.001,0.002,0.007,1,0.881,0.002,0.061,0.277,0.183,0.13,0.01,0.1,0.218,0.126,0.446,0.142,0.421,0.285,0.483,0.757,0.205,0.111,0.106,0.384,0.836,0.289,0.372,0.268,0.171,0.14,0.111,0.359,0.225,0.133,0.267,0.681,0.554,0.197,0.568,0.43,0.162,0.329,0.392,0.224,0.335,0.818
1-212.txt_217,0.778,0.238,0.252,0.189,0.195,0.254,0.292,0.366,0.195,0.28,0.332,0.316,0.373,0.279,0.235,0.528,0.402,0.167,0.242,0.529,0.132,0.798,0.395,0.118,0.013,0.408,0.179,0.164,0.365,0.26,0.279,0.92,0.389,0.114,0.262,0.409,0.404,0.011,0.217,0.136,0.247,0.594,0.945,0.552,0.023,0.298,0.454,0.204,0.532,0.108,0.205,0.384,0.161,0.06,0.358,0.627,0.588,0.135,0.27,0.18,0.146,0.321,0.732,0.85,0.016,0.549,0.628,0.236,0.258,0.049,0.06,0.551,0.086,0.128,0.392,0.428,0.316,0.198,0.143,0.111,0.232,0.264,0.248,0.03,1,0.379,0.093,0.051,0.03,0.209,0.271,0.416,0.236,0.025,0.196,0.442,0.101,0.023,0.025,0.329,0.208,0.745,0.327,0.55,0.015,0.865,0.62,0.137,0.187,0.247,0.131,0.669,0.247,0.136,0.293,0.316,0.392,0.15,0.041,0.273,0.277,0.279,0.361,0.475,0.194,0.572,0.823,0.297,0.353,0.218,0.168,0.305,0.259,0.345,0.145,0.535,0.589,0.232,0.468,0.209,0.358,0.267,0.576,0.281,0.177,0.432,0.4,0.894,0.249,0.134,0.098,0.33,0.185,0.173,0.194,0.383,0.362,0.129,0.196,0.107,0.161,0.418,0.57,0.203,0.011,0.54,0.404,0.331,0.698,0.231,0.237,0.635,0.047,0.313,0.208,0.45,0.42,0.184,0.27,0.166,0.247,0.157,0.086,0.012,0.333,0.379,0.188,0.108,0.185,0.901,0.559,0.173,0.565,0.606,0.113,0.161,0.326,0.127,0.521,0.796,0.328,0.222,0.143,0.095,0.174,0.141,0.124,0.102,0.168,0.564,0.816,0.226,0.622,0.563,0.121,0.19,0.29,0.106,0.499,0.604,0.338,0.54,0.448,0.647,0.093,0.47,0.745,0.101,0.262,0.059,0.191,0.805,0.385,0.192,0.349,0.461,0.432,0.114,0.22,0.187,0.083,0.119,0.047,0.069,0.069,0.194,0.047,0.018,0.069,0.806,0.806,0.556,0.976,0.158,0.033,0.083,0.194,0.069,0.194,0.69,0.314,0.106,0.146,0.367,0.164,0.108,0.19,0.214,0.409,0.398,0.686,0.174,0.546,0.872,0.206,0.273,0.229,0.292,0.624,0.293,0.56,0.147,0.374,0.518,0.128,0.24,0.441,0.355,0.141,0.143,0.185,0.205,0.174,0.305,0.916,0.576,0.487,0.133,0.182,0.224,0.468,0.117,0.394,0.566,0.158,0.292,0.46,0.353,0.14,0.217,0.251,0.247,0.159,0.143,0.162,0.628,0.739,0.014,0.156,0.22,0.353,0.304,0.37,0.226,0.114,0.51,0.408,0.163,0.267,0.238,0.301,0.302,0.2,0.1,0.203,0.643,0.786,0.092,0.06,0.308,0.048,0.201,0.135,0.018,0.023,0.222,0.224,0.02,0.264,0.093,0.229,0.255,0.229,0.741,0.019,0.226,0.351,0.988,0.662,0.206,0.158,0.137,0.234,0.172,0.116,0.315,0.223,0.108,0.377,0.429,0.31,0.178,0.311,0.793,0.143,0.145,0.293,0.341,0.9,0.46,0.412,0.12,0.151,0.269,0.148,0.132,0.181,0.115,0.113,0.654,0.521,0.165,0.513,0.275,0.258,0.292,0.533,0.069,0.263,0.782
1-212.txt_219,0.982,0.269,0.119,0.119,0.5,0.269,0.269,0.5,0.119,0.269,0.269,0.269,0.269,0.119,0.269,0.731,0.5,0.047,0.119,0.5,0.269,0.993,0.5,0.119,0.047,0.731,0.5,0.119,0.5,0.047,0.119,0.881,0.269,0.047,0.119,0.269,0.269,0.047,0.119,0.047,0.119,0.5,0.998,0.731,0.047,0.5,0.5,0.5,0.731,0.047,0.047,0.5,0.119,0.047,0.119,0.731,0.5,0.018,0.119,0.047,0.119,0.119,0.731,0.998,0.047,0.5,0.881,0.269,0.269,0.047,0.018,0.269,0.047,0.047,0.269,0.5,0.269,0.018,0.047,0.047,0.5,0.047,0.047,0.047,1,0.047,0.018,0.119,0.047,0.269,0.269,0.047,0.269,0.119,0.047,0.269,0.269,0.119,0.119,0.269,0.269,0.731,0.5,0.5,0.047,0.993,0.881,0.119,0.5,0.047,0.119,0.731,0.5,0.047,0.269,0.5,0.269,0.119,0.269,0.119,0.269,0.5,0.5,0.881,0.018,0.881,0.993,0.119,0.5,0.047,0.047,0.731,0.119,0.047,0.269,0.5,0.269,0.047,0.119,0.119,0.5,0.119,0.5,0.269,0.119,0.119,0.119,0.998,0.119,0.018,0.018,0.119,0.047,0.047,0.119,0.5,0.119,0.119,0.047,0.047,0.119,0.5,0.731,0.269,0.047,0.5,0.5,0.119,1,0.047,0.047,0.269,0.119,0.269,0.119,0.269,0.119,0.119,0.881,0.047,0.269,0.047,0.047,0.047,0.269,0.047,0.047,0.018,0.047,0.982,0.881,0.047,0.731,0.5,0.047,0.119,0.269,0.047,0.269,0.953,0.269,0.119,0.047,0.018,0.269,0.119,0.047,0.018,0.047,0.881,0.982,0.119,0.881,0.5,0.047,0.119,0.269,0.119,0.269,0.731,0.269,0.881,0.5,0.269,0.047,0.731,0.731,0.119,0.269,0.047,0.119,0.982,0.269,0.047,0.269,0.5,0.269,0.047,0.119,0.119,0.269,0.269,0.119,0.047,0.269,0.5,0.119,0.047,0.119,0.731,0.881,0.269,0.993,0.5,0.119,0.269,0.269,0.269,0.269,0.731,0.119,0.047,0.047,0.047,0.119,0.047,0.047,0.047,0.269,0.5,0.5,0.047,0.5,0.998,0.018,0.119,0.119,0.731,0.953,0.269,0.269,0.119,0.119,0.269,0.047,0.269,0.269,0.119,0.119,0.047,0.047,0.269,0.119,0.018,0.999,0.269,0.269,0.018,0.047,0.119,0.731,0.269,0.731,0.5,0.269,0.5,0.5,0.5,0.269,0.119,0.119,0.5,0.269,0.119,0.269,0.982,0.731,0.047,0.119,0.119,0.5,0.269,0.5,0.269,0.269,0.269,0.269,0.119,0.119,0.269,0.269,0.269,0.269,0.119,0.269,0.731,0.993,0.119,0.119,0.5,0.047,0.047,0.018,0.018,0.119,0.119,0.047,0.119,0.119,0.047,0.119,0.047,0.269,0.731,0.018,0.047,0.119,1,0.881,0.047,0.119,0.119,0.119,0.047,0.119,0.269,0.119,0.047,0.881,0.269,0.269,0.119,0.269,0.953,0.047,0.119,0.119,0.881,0.999,0.269,0.5,0.047,0.047,0.047,0.269,0.119,0.119,0.047,0.047,0.953,0.731,0.119,0.731,0.269,0.119,0.119,0.5,0.047,0.269,0.982
1-212.txt_221,0.982,0.269,0.119,0.119,0.5,0.269,0.269,0.5,0.119,0.269,0.269,0.269,0.269,0.119,0.269,0.731,0.5,0.047,0.119,0.5,0.269,0.993,0.5,0.119,0.047,0.731,0.5,0.119,0.5,0.047,0.119,0.881,0.269,0.047,0.119,0.269,0.269,0.047,0.119,0.047,0.119,0.5,0.998,0.731,0.047,0.5,0.5,0.5,0.731,0.047,0.047,0.5,0.119,0.047,0.119,0.731,0.5,0.018,0.119,0.047,0.119,0.119,0.731,0.998,0.047,0.5,0.881,0.269,0.269,0.047,0.018,0.269,0.047,0.047,0.269,0.5,0.269,0.018,0.047,0.047,0.5,0.047,0.047,0.047,1,0.047,0.018,0.119,0.047,0.269,0.269,0.047,0.269,0.119,0.047,0.269,0.269,0.119,0.119,0.269,0.269,0.731,0.5,0.5,0.047,0.993,0.881,0.119,0.5,0.047,0.119,0.731,0.5,0.047,0.269,0.5,0.269,0.119,0.269,0.119,0.269,0.5,0.5,0.881,0.018,0.881,0.993,0.119,0.5,0.047,0.047,0.731,0.119,0.047,0.269,0.5,0.269,0.047,0.119,0.119,0.5,0.119,0.5,0.269,0.119,0.119,0.119,0.998,0.119,0.018,0.018,0.119,0.047,0.047,0.119,0.5,0.119,0.119,0.047,0.047,0.119,0.5,0.731,0.269,0.047,0.5,0.5,0.119,1,0.047,0.047,0.269,0.119,0.269,0.119,0.269,0.119,0.119,0.881,0.047,0.269,0.047,0.047,0.047,0.269,0.047,0.047,0.018,0.047,0.982,0.881,0.047,0.731,0.5,0.047,0.119,0.269,0.047,0.269,0.953,0.269,0.119,0.047,0.018,0.269,0.119,0.047,0.018,0.047,0.881,0.982,0.119,0.881,0.5,0.047,0.119,0.269,0.119,0.269,0.731,0.269,0.881,0.5,0.269,0.047,0.731,0.731,0.119,0.269,0.047,0.119,0.982,0.269,0.047,0.269,0.5,0.269,0.047,0.119,0.119,0.269,0.269,0.119,0.047,0.269,0.5,0.119,0.047,0.119,0.731,0.881,0.269,0.993,0.5,0.119,0.269,0.269,0.269,0.269,0.731,0.119,0.047,0.047,0.047,0.119,0.047,0.047,0.047,0.269,0.5,0.5,0.047,0.5,0.998,0.018,0.119,0.119,0.731,0.953,0.269,0.269,0.119,0.119,0.269,0.047,0.269,0.269,0.119,0.119,0.047,0.047,0.269,0.119,0.018,0.999,0.269,0.269,0.018,0.047,0.119,0.731,0.269,0.731,0.5,0.269,0.5,0.5,0.5,0.269,0.119,0.119,0.5,0.269,0.119,0.269,0.982,0.731,0.047,0.119,0.119,0.5,0.269,0.5,0.269,0.269,0.269,0.269,0.119,0.119,0.269,0.269,0.269,0.269,0.119,0.269,0.731,0.993,0.119,0.119,0.5,0.047,0.047,0.018,0.018,0.119,0.119,0.047,0.119,0.119,0.047,0.119,0.047,0.269,0.731,0.018,0.047,0.119,1,0.881,0.047,0.119,0.119,0.119,0.047,0.119,0.269,0.119,0.047,0.881,0.269,0.269,0.119,0.269,0.953,0.047,0.119,0.119,0.881,0.999,0.269,0.5,0.047,0.047,0.047,0.269,0.119,0.119,0.047,0.047,0.953,0.731,0.119,0.731,0.269,0.119,0.119,0.5,0.047,0.269,0.982
1-212.txt_223,0.846,0.175,0.119,0.135,0.246,0.203,0.341,0.346,0.219,0.221,0.397,0.147,0.339,0.258,0.177,0.338,0.407,0.142,0.235,0.49,0.312,0.726,0.352,0.279,0.153,0.523,0.371,0.35,0.45,0.188,0.233,0.533,0.174,0.315,0.133,0.391,0.388,0.015,0.326,0.276,0.239,0.546,0.885,0.673,0.108,0.484,0.47,0.211,0.321,0.209,0.193,0.601,0.187,0.034,0.251,0.454,0.409,0.108,0.109,0.024,0.095,0.346,0.554,0.8,0.008,0.429,0.68,0.293,0.241,0.213,0.07,0.515,0.258,0.149,0.219,0.358,0.287,0.135,0.107,0.242,0.266,0.016,0.129,0.015,0.998,0.04,0.007,0.017,0.249,0.259,0.375,0.047,0.051,0.291,0.01,0.292,0.407,0.14,0.256,0.266,0.349,0.653,0.482,0.329,0.072,0.661,0.773,0.143,0.417,0.113,0.04,0.791,0.025,0.037,0.138,0.52,0.711,0.006,0.354,0.434,0.331,0.285,0.584,0.588,0.211,0.591,0.733,0.257,0.126,0.32,0.371,0.622,0.2,0.016,0.383,0.378,0.409,0.105,0.056,0.448,0.33,0.151,0.425,0.374,0.277,0.132,0.235,0.872,0.229,0.214,0.095,0.162,0.127,0.123,0.378,0.482,0.278,0.122,0.033,0.256,0.222,0.464,0.576,0.431,0.127,0.627,0.621,0.282,0.861,0.215,0.221,0.505,0.126,0.264,0.264,0.438,0.479,0.079,0.375,0.236,0.211,0.125,0.036,0.028,0.135,0.116,0.056,0.115,0.12,0.964,0.729,0.065,0.677,0.626,0.131,0.139,0.355,0.015,0.332,0.83,0.253,0.168,0.072,0.079,0.254,0.214,0.161,0.084,0.151,0.635,0.905,0.106,0.674,0.458,0.174,0.109,0.113,0.017,0.143,0.664,0.235,0.543,0.479,0.606,0.09,0.511,0.702,0.207,0.377,0.168,0.169,0.783,0.223,0.144,0.256,0.452,0.393,0.222,0.195,0.207,0.3,0.354,0.244,0.183,0.025,0.377,0.297,0.17,0.236,0.691,0.611,0.436,0.728,0.486,0.029,0.32,0.311,0.013,0.174,0.654,0.261,0.22,0.077,0.02,0.089,0.115,0.054,0.152,0.347,0.34,0.543,0.1,0.444,0.937,0.145,0.209,0.332,0.323,0.847,0.461,0.315,0.335,0.376,0.368,0.042,0.556,0.522,0.13,0.203,0.347,0.354,0.351,0.303,0.362,0.768,0.378,0.287,0.125,0.212,0.232,0.348,0.399,0.57,0.634,0.011,0.268,0.638,0.397,0.183,0.118,0.226,0.431,0.034,0.16,0.23,0.78,0.433,0.193,0.134,0.267,0.286,0.439,0.392,0.515,0.094,0.506,0.527,0.213,0.393,0.324,0.219,0.558,0.356,0.164,0.201,0.541,0.824,0.139,0.234,0.331,0.063,0.138,0.136,0.441,0.005,0.444,0.5,0.138,0.027,0.007,0.012,0.251,0.018,0.138,0.061,0.138,0.138,0.976,0.5,0.005,0.444,0.063,0.007,0.025,0.012,0.012,0.007,0.063,0.158,0.575,0.5,0.012,0.5,0.996,0.005,0.012,0.143,0.917,0.75,0.389,0.493,0.264,0.163,0.131,0.183,0.255,0.256,0.09,0.151,0.707,0.681,0.269,0.504,0.308,0.138,0.216,0.4,0.074,0.207,0.817
1-212.txt_225,0.925,0.142,0.155,0.226,0.274,0.278,0.253,0.339,0.193,0.293,0.316,0.228,0.323,0.153,0.321,0.473,0.38,0.029,0.148,0.4,0.159,0.995,0.395,0.115,0.075,0.424,0.424,0.062,0.38,0.027,0.056,0.885,0.13,0.048,0.062,0.317,0.326,0.025,0.115,0.157,0.245,0.298,0.953,0.642,0.102,0.508,0.598,0.406,0.346,0.05,0.138,0.375,0.133,0.053,0.143,0.603,0.551,0.069,0.107,0.092,0.152,0.336,0.745,0.987,0.128,0.644,0.5,0.227,0.426,0.13,0.043,0.589,0.133,0.026,0.098,0.398,0.299,0.128,0.031,0.045,0.347,0.301,0.241,0.023,1,0.419,0.111,0.266,0.025,0.216,0.216,0.457,0.274,0.023,0.025,0.194,0.234,0.023,0.025,0.292,0.306,0.554,0.305,0.388,0.127,0.912,0.446,0.066,0.349,0.203,0.203,0.533,0.375,0.27,0.298,0.402,0.424,0.245,0.331,0.398,0.324,0.327,0.396,0.623,0.073,0.623,0.88,0.192,0.261,0.122,0.077,0.509,0.152,0.131,0.233,0.562,0.545,0.165,0.157,0.222,0.369,0.136,0.237,0.347,0.249,0.401,0.27,0.917,0.143,0.091,0.188,0.346,0.336,0.241,0.046,0.503,0.388,0.036,0.279,0.151,0.145,0.55,0.627,0.363,0.028,0.349,0.212,0.426,0.959,0.339,0.346,0.349,0.383,0.339,0.416,0.296,0.45,0.062,0.818,0.095,0.391,0.235,0.171,0.202,0.076,0.1,0.146,0.183,0.062,0.771,0.626,0.264,0.555,0.525,0.088,0.261,0.494,0.259,0.351,0.649,0.274,0.108,0.113,0.083,0.236,0.091,0.043,0.09,0.124,0.599,0.918,0.084,0.627,0.554,0.173,0.133,0.341,0.197,0.33,0.614,0.331,0.709,0.486,0.333,0.078,0.648,0.511,0.224,0.209,0.199,0.207,0.966,0.265,0.085,0.214,0.419,0.397,0.092,0.218,0.138,0.279,0.291,0.06,0.122,0.237,0.242,0.14,0.071,0.205,0.652,0.682,0.227,0.953,0.7,0.072,0.383,0.386,0.115,0.423,0.539,0.231,0.234,0.31,0.235,0.14,0.434,0.378,0.447,0.193,0.168,0.399,0.189,0.222,0.93,0.278,0.293,0.076,0.408,0.824,0.288,0.416,0.26,0.234,0.359,0.032,0.295,0.311,0.225,0.113,0.14,0.128,0.291,0.13,0.126,0.946,0.448,0.353,0.144,0.152,0.224,0.54,0.353,0.529,0.398,0.251,0.387,0.614,0.433,0.5,0.127,0.079,0.446,0.351,0.09,0.212,0.888,0.673,0.021,0.167,0.113,0.226,0.341,0.415,0.213,0.148,0.355,0.359,0.18,0.147,0.402,0.298,0.434,0.148,0.149,0.329,0.482,0.909,0.029,0.173,0.411,0.22,0.311,0.426,0.032,0.158,0.327,0.281,0.375,0.174,0.028,0.115,0.312,0.042,0.452,0.284,0.448,0.311,0.996,0.667,0.229,0.091,0.215,0.175,0.159,0.024,0.189,0.188,0.035,0.529,0.46,0.249,0.138,0.19,0.747,0.04,0.135,0.188,0.467,0.941,0.338,0.381,0.143,0.134,0.116,0.128,0.217,0.273,0.104,0.216,0.627,0.647,0.189,0.601,0.331,0.166,0.234,0.361,0.127,0.289,0.848
1-212.txt_227,0.982,0.119,0.119,0.119,0.5,0.269,0.269,0.5,0.119,0.269,0.119,0.269,0.269,0.119,0.269,0.731,0.5,0.047,0.119,0.5,0.119,0.998,0.5,0.119,0.018,0.731,0.5,0.047,0.5,0.047,0.119,0.881,0.269,0.047,0.119,0.269,0.269,0.047,0.119,0.047,0.119,0.5,0.998,0.731,0.047,0.5,0.5,0.5,0.731,0.018,0.018,0.5,0.119,0.047,0.119,0.731,0.5,0.018,0.119,0.047,0.119,0.119,0.731,0.998,0.018,0.5,0.881,0.269,0.269,0.047,0.018,0.269,0.047,0.018,0.119,0.5,0.269,0.007,0.047,0.047,0.5,0.018,0.047,0.018,1,0.047,0.018,0.047,0.047,0.269,0.269,0.047,0.119,0.047,0.047,0.269,0.269,0.047,0.047,0.269,0.269,0.731,0.5,0.5,0.047,0.998,0.881,0.119,0.5,0.047,0.119,0.731,0.5,0.047,0.269,0.5,0.269,0.119,0.119,0.119,0.269,0.5,0.5,0.881,0.018,0.881,0.993,0.119,0.5,0.047,0.047,0.731,0.119,0.047,0.269,0.5,0.269,0.047,0.119,0.047,0.5,0.047,0.5,0.269,0.047,0.119,0.119,0.998,0.119,0.018,0.018,0.119,0.047,0.047,0.119,0.5,0.119,0.047,0.047,0.047,0.119,0.5,0.731,0.269,0.047,0.5,0.5,0.119,1,0.018,0.047,0.269,0.119,0.269,0.119,0.269,0.119,0.047,0.881,0.047,0.269,0.047,0.018,0.047,0.269,0.047,0.047,0.018,0.018,0.982,0.881,0.047,0.731,0.5,0.047,0.047,0.269,0.047,0.269,0.953,0.119,0.119,0.018,0.018,0.269,0.119,0.047,0.018,0.047,0.881,0.982,0.047,0.881,0.5,0.047,0.047,0.269,0.119,0.269,0.731,0.269,0.881,0.5,0.269,0.047,0.731,0.731,0.119,0.269,0.047,0.047,0.993,0.269,0.047,0.269,0.5,0.269,0.047,0.119,0.119,0.269,0.269,0.119,0.047,0.119,0.5,0.119,0.047,0.119,0.731,0.881,0.269,0.998,0.5,0.047,0.119,0.269,0.119,0.269,0.731,0.119,0.047,0.047,0.018,0.047,0.047,0.047,0.047,0.269,0.5,0.5,0.047,0.5,0.999,0.018,0.047,0.119,0.731,0.953,0.269,0.269,0.119,0.119,0.119,0.047,0.269,0.269,0.119,0.119,0.047,0.047,0.269,0.047,0.018,1,0.269,0.269,0.018,0.047,0.047,0.731,0.269,0.731,0.5,0.269,0.5,0.5,0.5,0.269,0.047,0.047,0.5,0.119,0.047,0.269,0.982,0.881,0.047,0.119,0.119,0.5,0.269,0.5,0.269,0.269,0.269,0.269,0.119,0.119,0.269,0.269,0.269,0.269,0.119,0.269,0.881,0.993,0.047,0.119,0.5,0.047,0.047,0.018,0.007,0.047,0.119,0.047,0.047,0.047,0.047,0.119,0.047,0.119,0.731,0.018,0.047,0.047,1,0.881,0.047,0.119,0.119,0.119,0.047,0.047,0.119,0.119,0.047,0.881,0.269,0.269,0.119,0.269,0.953,0.047,0.119,0.119,0.881,0.999,0.269,0.5,0.047,0.047,0.047,0.269,0.119,0.047,0.047,0.047,0.953,0.731,0.119,0.731,0.269,0.047,0.119,0.5,0.047,0.269,0.982
1-212.txt_229,0.808,0.203,0.282,0.199,0.174,0.164,0.189,0.373,0.526,0.316,0.349,0.138,0.23,0.292,0.073,0.738,0.423,0.041,0.248,0.356,0.314,0.797,0.479,0.311,0.119,0.438,0.412,0.271,0.087,0.394,0.217,0.619,0.325,0.333,0.226,0.362,0.465,0.048,0.194,0.265,0.213,0.282,0.9,0.747,0.074,0.264,0.406,0.522,0.28,0.033,0.17,0.432,0.149,0.109,0.231,0.415,0.448,0.121,0.264,0.279,0.278,0.232,0.781,0.923,0.111,0.371,0.628,0.122,0.232,0.049,0.033,0.467,0.041,0.015,0.153,0.52,0.272,0.014,0.029,0.233,0.413,0.339,0.349,0.102,0.941,0.525,0.231,0.362,0.231,0.147,0.147,0.352,0.155,0.141,0.039,0.37,0.37,0.033,0.417,0.203,0.33,0.205,0.607,0.415,0.041,0.835,0.512,0.249,0.216,0.12,0.17,0.262,0.096,0.191,0.16,0.699,0.511,0.033,0.069,0.272,0.291,0.432,0.31,0.62,0.034,0.436,0.848,0.14,0.241,0.155,0.277,0.465,0.075,0.209,0.325,0.583,0.464,0.112,0.19,0.108,0.322,0.171,0.416,0.254,0.249,0.323,0.146,0.949,0.193,0.301,0.263,0.118,0.254,0.246,0.204,0.157,0.185,0.231,0.348,0.318,0.425,0.31,0.536,0.194,0.033,0.5,0.842,0.5,0.806,0.047,0.047,0.5,0.5,0.033,0.857,0.611,0.425,0.027,0.047,0.158,0.238,0.083,0.192,0.03,0.184,0.208,0.044,0.148,0.128,0.915,0.534,0.095,0.515,0.598,0.143,0.157,0.39,0.059,0.425,0.858,0.39,0.162,0.069,0.066,0.11,0.135,0.146,0.113,0.205,0.514,0.83,0.228,0.487,0.62,0.205,0.204,0.223,0.288,0.493,0.496,0.252,0.702,0.462,0.392,0.13,0.442,0.47,0.214,0.127,0.136,0.072,0.937,0.172,0.215,0.163,0.355,0.542,0.026,0.155,0.118,0.195,0.281,0.22,0.033,0.12,0.235,0.082,0.205,0.082,0.689,0.773,0.237,0.979,0.546,0.054,0.129,0.241,0.1,0.165,0.697,0.23,0.13,0.191,0.22,0.179,0.401,0.187,0.177,0.197,0.398,0.273,0.225,0.259,0.894,0.177,0.371,0.369,0.427,0.752,0.348,0.391,0.31,0.351,0.511,0.113,0.331,0.517,0.287,0.182,0.09,0.188,0.413,0.254,0.425,0.927,0.505,0.424,0.12,0.28,0.255,0.547,0.214,0.708,0.49,0.133,0.335,0.308,0.418,0.266,0.263,0.18,0.303,0.221,0.161,0.161,0.818,0.559,0.031,0.246,0.335,0.32,0.218,0.51,0.281,0.045,0.432,0.461,0.254,0.308,0.191,0.153,0.406,0.133,0.2,0.054,0.544,0.922,0.186,0.207,0.371,0.037,0.03,0.23,0.008,0.025,0.058,0.085,0.025,0.058,0.15,0.058,0.143,0.065,0.555,0.014,0.037,0.095,1,0.897,0.15,0.085,0.201,0.155,0.041,0.12,0.052,0.085,0.023,0.718,0.349,0.333,0.188,0.281,0.856,0.067,0.046,0.104,0.583,0.973,0.24,0.517,0.147,0.143,0.181,0.191,0.164,0.217,0.099,0.17,0.682,0.653,0.225,0.452,0.414,0.199,0.234,0.39,0.061,0.383,0.858
1-212.txt_231,0.978,0.142,0.24,0.172,0.239,0.224,0.331,0.384,0.112,0.255,0.134,0.239,0.179,0.144,0.209,0.721,0.433,0.066,0.105,0.446,0.228,0.988,0.328,0.205,0.035,0.664,0.553,0.078,0.248,0.055,0.187,0.893,0.141,0.051,0.078,0.226,0.162,0.177,0.1,0.133,0.188,0.27,0.957,0.561,0.042,0.285,0.311,0.165,0.454,0.234,0.151,0.255,0.128,0.306,0.066,0.439,0.262,0.161,0.267,0.107,0.126,0.171,0.684,0.992,0.028,0.428,0.692,0.322,0.309,0.05,0.03,0.37,0.047,0.094,0.173,0.322,0.165,0.028,0.141,0.102,0.269,0.018,0.018,0.018,1,0.018,0.007,0.047,0.018,0.119,0.119,0.018,0.119,0.047,0.018,0.119,0.119,0.047,0.047,0.119,0.179,0.515,0.285,0.248,0.027,0.992,0.7,0.142,0.443,0.1,0.209,0.568,0.255,0.112,0.193,0.262,0.255,0.074,0.314,0.16,0.347,0.35,0.306,0.633,0.043,0.709,0.979,0.158,0.299,0.116,0.147,0.533,0.117,0.134,0.135,0.374,0.246,0.054,0.098,0.132,0.403,0.241,0.352,0.362,0.132,0.182,0.291,0.966,0.089,0.087,0.095,0.335,0.081,0.117,0.168,0.518,0.194,0.056,0.07,0.107,0.183,0.292,0.226,0.229,0.321,0.432,0.39,0.064,0.996,0.23,0.197,0.424,0.205,0.306,0.435,0.335,0.337,0.089,0.437,0.207,0.317,0.146,0.11,0.056,0.12,0.099,0.118,0.043,0.106,0.963,0.627,0.185,0.593,0.358,0.054,0.181,0.453,0.049,0.175,0.809,0.162,0.166,0.066,0.052,0.12,0.148,0.079,0.05,0.157,0.704,0.968,0.142,0.732,0.553,0.056,0.129,0.172,0.162,0.255,0.57,0.27,0.736,0.449,0.486,0.027,0.676,0.623,0.148,0.339,0.04,0.069,0.978,0.156,0.072,0.184,0.305,0.372,0.027,0.101,0.061,0.28,0.083,0.185,0.047,0.138,0.157,0.056,0.064,0.074,0.687,0.633,0.12,0.982,0.28,0.056,0.31,0.47,0.184,0.196,0.589,0.13,0.141,0.058,0.12,0.055,0.062,0.05,0.031,0.254,0.372,0.397,0.054,0.295,0.998,0.11,0.19,0.104,0.526,0.923,0.305,0.366,0.112,0.093,0.148,0.054,0.252,0.252,0.065,0.074,0.08,0.157,0.252,0.102,0.033,0.999,0.356,0.281,0.029,0.042,0.179,0.539,0.194,0.461,0.282,0.288,0.321,0.448,0.244,0.169,0.047,0.047,0.244,0.119,0.275,0.288,0.99,0.754,0.033,0.095,0.107,0.315,0.32,0.491,0.346,0.134,0.277,0.3,0.12,0.142,0.202,0.15,0.369,0.334,0.062,0.21,0.675,0.986,0.043,0.09,0.315,0.071,0.265,0.048,0.034,0.047,0.373,0.339,0.038,0.071,0.095,0.45,0.315,0.219,0.423,0.024,0.062,0.071,1,0.704,0.062,0.119,0.101,0.065,0.043,0.274,0.157,0.256,0.018,0.736,0.194,0.157,0.065,0.157,0.917,0.025,0.139,0.119,0.731,0.999,0.463,0.395,0.231,0.109,0.205,0.133,0.232,0.28,0.069,0.084,0.684,0.454,0.174,0.451,0.402,0.078,0.228,0.456,0.104,0.253,0.872
1-212.txt_233,0.763,0.265,0.285,0.251,0.166,0.32,0.286,0.305,0.217,0.323,0.199,0.341,0.281,0.211,0.29,0.521,0.367,0.08,0.183,0.364,0.337,0.805,0.459,0.321,0.113,0.278,0.297,0.155,0.301,0.162,0.273,0.642,0.25,0.189,0.166,0.402,0.316,0.02,0.192,0.217,0.143,0.341,0.965,0.786,0.032,0.324,0.45,0.255,0.32,0.148,0.039,0.546,0.063,0.176,0.118,0.546,0.378,0.136,0.224,0.135,0.243,0.233,0.789,0.714,0.05,0.432,0.271,0.116,0.296,0.238,0.321,0.413,0.239,0.228,0.187,0.444,0.418,0.219,0.308,0.4,0.271,0.033,0.259,0.033,1,0.146,0.023,0.04,0.033,0.101,0.083,0.146,0.083,0.033,0.025,0.119,0.119,0.03,0.033,0.157,0.206,0.51,0.37,0.413,0.235,0.881,0.537,0.064,0.391,0.155,0.182,0.514,0.174,0.414,0.285,0.413,0.487,0.197,0.337,0.23,0.51,0.31,0.395,0.545,0.03,0.524,0.797,0.281,0.102,0.182,0.188,0.426,0.141,0.094,0.317,0.482,0.354,0.109,0.206,0.302,0.454,0.056,0.225,0.243,0.07,0.085,0.146,0.944,0.05,0.193,0.161,0.167,0.084,0.028,0.056,0.255,0.307,0.044,0.028,0.22,0.273,0.425,0.582,0.309,0.038,0.386,0.45,0.229,0.956,0.188,0.188,0.398,0.159,0.25,0.074,0.486,0.348,0.215,0.525,0.235,0.187,0.126,0.071,0.032,0.244,0.065,0.111,0.078,0.138,0.883,0.741,0.073,0.434,0.537,0.153,0.137,0.271,0.071,0.311,0.744,0.263,0.246,0.094,0.07,0.155,0.219,0.09,0.173,0.145,0.72,0.888,0.253,0.678,0.508,0.149,0.112,0.323,0.135,0.325,0.627,0.326,0.607,0.522,0.407,0.028,0.496,0.587,0.239,0.216,0.029,0.048,0.816,0.092,0.068,0.2,0.493,0.342,0.025,0.107,0.137,0.321,0.411,0.273,0.13,0.284,0.349,0.095,0.434,0.095,0.463,0.652,0.384,0.922,0.349,0.222,0.258,0.323,0.128,0.267,0.54,0.345,0.17,0.107,0.04,0.06,0.165,0.139,0.126,0.241,0.44,0.363,0.142,0.325,0.982,0.257,0.189,0.143,0.302,0.746,0.29,0.277,0.248,0.431,0.454,0.052,0.328,0.459,0.284,0.102,0.127,0.108,0.368,0.34,0.197,0.975,0.379,0.277,0.096,0.125,0.344,0.581,0.244,0.48,0.406,0.222,0.462,0.492,0.427,0.174,0.136,0.086,0.409,0.24,0.127,0.122,0.86,0.572,0.113,0.238,0.195,0.449,0.165,0.433,0.405,0.164,0.214,0.296,0.381,0.104,0.211,0.207,0.338,0.127,0.214,0.219,0.65,0.892,0.056,0.29,0.261,0.03,0.03,0.011,0.007,0.051,0.051,0.02,0.04,0.069,0.15,0.284,0.02,0.357,0.748,0.011,0.03,0.171,0.999,0.824,0.093,0.265,0.179,0.212,0.252,0.032,0.187,0.341,0.133,0.476,0.184,0.229,0.297,0.19,0.676,0.09,0.199,0.243,0.409,0.965,0.209,0.374,0.212,0.368,0.229,0.182,0.192,0.354,0.275,0.236,0.548,0.426,0.326,0.408,0.345,0.126,0.28,0.427,0.224,0.273,0.785
1-212.txt_235,0.933,0.068,0.074,0.11,0.226,0.166,0.044,0.675,0.022,0.345,0.267,0.126,0.546,0.179,0.03,0.5,0.546,0.017,0.214,0.532,0.106,0.884,0.251,0.209,0.067,0.619,0.361,0.069,0.567,0.21,0.214,0.615,0.313,0.33,0.118,0.269,0.294,0.054,0.274,0.166,0.12,0.479,0.663,0.597,0.223,0.635,0.68,0.482,0.568,0.136,0.025,0.649,0.143,0.01,0.237,0.287,0.495,0.007,0.155,0.11,0.366,0.34,0.676,0.827,0.014,0.648,0.776,0.118,0.237,0.108,0.108,0.646,0.131,0.044,0.272,0.509,0.443,0.008,0.183,0.105,0.274,0.018,0.133,0.244,0.998,0.045,0.367,0.246,0.339,0.065,0.171,0.1,0.04,0.201,0.253,0.216,0.234,0.253,0.146,0.369,0.247,0.508,0.411,0.486,0.054,0.652,0.638,0.092,0.428,0.379,0.257,0.463,0.148,0.173,0.279,0.381,0.311,0.01,0.237,0.373,0.246,0.357,0.394,0.612,0.014,0.458,0.815,0.207,0.439,0.159,0.229,0.61,0.182,0.145,0.216,0.528,0.449,0.19,0.31,0.207,0.245,0.326,0.537,0.384,0.065,0.25,0.417,0.814,0.287,0.071,0.066,0.446,0.115,0.121,0.331,0.203,0.207,0.094,0.256,0.087,0.212,0.265,0.349,0.219,0.587,0.349,0.289,0.385,0.993,0.121,0.198,0.315,0.222,0.514,0.024,0.527,0.373,0.062,0.538,0.423,0.194,0.237,0.156,0.163,0.104,0.285,0.212,0.11,0.306,0.795,0.666,0.198,0.637,0.425,0.122,0.142,0.187,0.024,0.369,0.655,0.376,0.176,0.119,0.144,0.123,0.196,0.249,0.112,0.087,0.63,0.792,0.209,0.494,0.4,0.193,0.174,0.349,0.071,0.199,0.656,0.232,0.51,0.486,0.555,0.036,0.584,0.72,0.202,0.233,0.122,0.224,0.789,0.264,0.157,0.322,0.417,0.31,0.17,0.187,0.131,0.259,0.438,0.079,0.118,0.043,0.43,0.257,0.15,0.184,0.461,0.535,0.403,0.933,0.122,0.07,0.217,0.487,0.159,0.05,0.5,0.239,0.14,0.155,0.069,0.22,0.193,0.319,0.016,0.262,0.692,0.659,0.227,0.514,0.936,0.135,0.32,0.368,0.168,0.62,0.629,0.194,0.033,0.158,0.389,0.033,0.158,0.384,0.033,0.274,0.259,0.069,0.274,0.464,0.033,0.998,0.806,0.31,0.018,0.375,0.536,0.53,0.142,0.495,0.42,0.251,0.543,0.485,0.25,0.179,0.05,0.235,0.187,0.082,0.135,0.281,0.841,0.358,0.131,0.161,0.102,0.209,0.425,0.625,0.455,0.218,0.292,0.367,0.134,0.296,0.244,0.292,0.45,0.25,0.189,0.168,0.576,0.88,0.094,0.187,0.475,0.007,0.007,0.002,0.001,0.007,0.018,0.007,0.007,0.018,0.007,0.018,0.007,0.018,0.269,0.002,0.007,0.007,1,0.881,0.007,0.201,0.21,0.199,0.046,0.222,0.172,0.075,0.141,0.465,0.286,0.424,0.275,0.249,0.826,0.014,0.239,0.489,0.359,0.913,0.267,0.355,0.128,0.117,0.188,0.206,0.153,0.152,0.062,0.145,0.703,0.52,0.253,0.477,0.377,0.223,0.216,0.606,0.016,0.107,0.908
1-212.txt_237,0.863,0.27,0.176,0.233,0.272,0.266,0.393,0.362,0.148,0.324,0.222,0.418,0.299,0.093,0.203,0.597,0.468,0.042,0.158,0.435,0.249,0.884,0.596,0.352,0.026,0.554,0.457,0.167,0.4,0.034,0.074,0.755,0.114,0.026,0.07,0.293,0.287,0.027,0.145,0.097,0.227,0.361,0.975,0.702,0.041,0.473,0.502,0.443,0.483,0.061,0.072,0.378,0.091,0.078,0.178,0.474,0.388,0.076,0.13,0.125,0.288,0.259,0.707,0.908,0.044,0.531,0.725,0.215,0.195,0.088,0.027,0.319,0.054,0.05,0.249,0.517,0.258,0.019,0.126,0.083,0.301,0.042,0.263,0.223,0.998,0.161,0.293,0.287,0.228,0.144,0.281,0.146,0.15,0.207,0.042,0.179,0.255,0.237,0.07,0.15,0.242,0.606,0.5,0.346,0.038,0.947,0.62,0.138,0.419,0.151,0.166,0.654,0.343,0.188,0.281,0.395,0.394,0.178,0.276,0.26,0.379,0.38,0.464,0.661,0.038,0.659,0.905,0.19,0.372,0.09,0.08,0.517,0.139,0.153,0.255,0.476,0.303,0.118,0.222,0.268,0.391,0.188,0.376,0.311,0.062,0.177,0.308,0.936,0.162,0.075,0.131,0.323,0.211,0.272,0.148,0.398,0.177,0.07,0.176,0.145,0.325,0.303,0.386,0.322,0.142,0.362,0.376,0.223,0.246,0.309,0.313,0.375,0.304,0.284,0.213,0.399,0.376,0.14,0.285,0.367,0.206,0.114,0.105,0.044,0.253,0.124,0.047,0.019,0.047,0.972,0.764,0.113,0.624,0.461,0.041,0.098,0.325,0.048,0.311,0.918,0.271,0.105,0.109,0.092,0.185,0.13,0.106,0.091,0.077,0.739,0.896,0.187,0.707,0.537,0.112,0.21,0.268,0.134,0.321,0.671,0.245,0.735,0.521,0.271,0.079,0.614,0.593,0.13,0.255,0.133,0.167,0.931,0.262,0.1,0.186,0.449,0.356,0.041,0.126,0.198,0.346,0.219,0.373,0.071,0.195,0.373,0.246,0.047,0.095,0.527,0.627,0.219,0.956,0.349,0.246,0.473,0.507,0.185,0.195,0.781,0.089,0.09,0.205,0.158,0.132,0.056,0.097,0.056,0.296,0.414,0.397,0.166,0.326,0.951,0.069,0.157,0.235,0.426,0.876,0.274,0.248,0.174,0.264,0.31,0.102,0.231,0.248,0.295,0.139,0.127,0.288,0.248,0.251,0.244,0.968,0.277,0.278,0.033,0.325,0.326,0.479,0.261,0.545,0.421,0.229,0.384,0.45,0.34,0.241,0.239,0.132,0.409,0.164,0.21,0.199,0.844,0.587,0.111,0.208,0.15,0.371,0.349,0.551,0.31,0.145,0.365,0.289,0.215,0.27,0.253,0.176,0.334,0.211,0.098,0.321,0.643,0.903,0.166,0.169,0.481,0.033,0.018,0.442,0.025,0.018,0.033,0.253,0.259,0.033,0.033,0.047,0.012,0.047,0.269,0.005,0.027,0.033,1,0.616,0.253,0.116,0.139,0.064,0.028,0.061,0.143,0.133,0.024,0.709,0.158,0.302,0.074,0.18,0.854,0.099,0.083,0.083,0.758,0.998,0.227,0.354,0.131,0.083,0.125,0.182,0.187,0.115,0.146,0.118,0.671,0.615,0.16,0.452,0.379,0.198,0.248,0.465,0.111,0.402,0.85
1-212.txt_239,0.881,0.365,0.328,0.18,0.19,0.396,0.33,0.433,0.132,0.122,0.173,0.367,0.136,0.154,0.281,0.546,0.353,0.031,0.276,0.253,0.254,0.796,0.31,0.216,0.037,0.468,0.196,0.04,0.083,0.129,0.322,0.673,0.31,0.301,0.248,0.54,0.565,0.023,0.171,0.434,0.255,0.253,0.816,0.543,0.027,0.442,0.398,0.44,0.205,0.16,0.152,0.463,0.086,0.392,0.19,0.416,0.468,0.06,0.494,0.257,0.206,0.228,0.682,0.947,0.05,0.556,0.56,0.253,0.217,0.041,0.119,0.323,0.035,0.234,0.256,0.387,0.237,0.206,0.144,0.093,0.234,0.143,0.266,0.023,1,0.146,0.02,0.153,0.03,0.131,0.234,0.146,0.083,0.033,0.146,0.31,0.101,0.03,0.033,0.405,0.627,0.627,0.071,0.062,0.062,0.704,0.222,0.315,0.299,0.339,0.466,0.119,0.423,0.447,0.212,0.5,0.677,0.038,0.383,0.5,0.395,0.385,0.419,0.458,0.128,0.662,0.896,0.217,0.113,0.272,0.209,0.517,0.153,0.037,0.236,0.396,0.514,0.043,0.275,0.243,0.29,0.091,0.344,0.206,0.182,0.284,0.173,0.936,0.153,0.238,0.158,0.256,0.202,0.182,0.184,0.291,0.328,0.344,0.297,0.227,0.236,0.292,0.613,0.083,0.72,0.252,0.292,0.329,0.976,0.095,0.151,0.5,0.274,0.729,0.069,0.214,0.234,0.347,0.781,0.248,0.31,0.168,0.043,0.08,0.173,0.127,0.092,0.16,0.141,0.906,0.683,0.175,0.422,0.264,0.132,0.195,0.358,0.144,0.323,0.888,0.38,0.214,0.174,0.026,0.051,0.111,0.045,0.103,0.235,0.62,0.883,0.189,0.499,0.664,0.221,0.181,0.221,0.158,0.474,0.513,0.326,0.591,0.491,0.42,0.04,0.475,0.391,0.203,0.224,0.22,0.182,0.889,0.172,0.1,0.318,0.337,0.448,0.07,0.108,0.26,0.349,0.373,0.038,0.018,0.052,0.272,0.145,0.024,0.062,0.577,0.627,0.349,0.894,0.5,0.514,0.222,0.145,0.363,0.373,0.661,0.148,0.075,0.116,0.096,0.119,0.242,0.167,0.023,0.221,0.508,0.525,0.166,0.431,0.976,0.115,0.09,0.207,0.339,0.742,0.36,0.317,0.152,0.596,0.535,0.028,0.242,0.424,0.176,0.062,0.062,0.128,0.225,0.228,0.116,0.942,0.53,0.241,0.019,0.2,0.22,0.475,0.288,0.416,0.432,0.055,0.402,0.492,0.342,0.264,0.158,0.232,0.41,0.19,0.217,0.217,0.843,0.664,0.086,0.157,0.253,0.298,0.377,0.498,0.181,0.129,0.348,0.258,0.118,0.309,0.197,0.097,0.466,0.192,0.151,0.244,0.665,0.878,0.035,0.302,0.276,0.024,0.024,0.247,0.019,0.028,0.416,0.098,0.02,0.038,0.034,0.062,0.108,0.047,0.51,0.009,0.175,0.259,1,0.788,0.175,0.104,0.185,0.064,0.071,0.044,0.175,0.064,0.02,0.434,0.325,0.268,0.093,0.172,0.908,0.158,0.19,0.222,0.522,0.995,0.173,0.35,0.16,0.338,0.293,0.143,0.263,0.319,0.153,0.226,0.6,0.414,0.235,0.447,0.397,0.149,0.244,0.522,0.128,0.236,0.813
1-212.txt_241,0.945,0.208,0.264,0.33,0.243,0.401,0.404,0.409,0.167,0.169,0.154,0.325,0.174,0.098,0.235,0.641,0.395,0.107,0.211,0.312,0.209,0.964,0.285,0.362,0.058,0.544,0.43,0.293,0.239,0.064,0.076,0.546,0.179,0.094,0.31,0.331,0.324,0.1,0.293,0.106,0.187,0.407,0.986,0.636,0.052,0.438,0.426,0.244,0.429,0.082,0.104,0.415,0.164,0.077,0.145,0.507,0.473,0.041,0.139,0.105,0.22,0.152,0.658,0.988,0.057,0.346,0.603,0.194,0.228,0.098,0.161,0.337,0.124,0.096,0.178,0.406,0.3,0.072,0.153,0.115,0.383,0.054,0.205,0.168,0.999,0.094,0.083,0.289,0.104,0.12,0.12,0.07,0.128,0.156,0.05,0.414,0.252,0.139,0.169,0.194,0.269,0.623,0.269,0.157,0.04,0.979,0.5,0.302,0.289,0.088,0.248,0.671,0.289,0.051,0.101,0.327,0.384,0.047,0.101,0.113,0.257,0.399,0.467,0.674,0.034,0.726,0.982,0.191,0.359,0.108,0.066,0.61,0.124,0.037,0.186,0.432,0.303,0.037,0.089,0.164,0.423,0.175,0.402,0.27,0.093,0.209,0.127,0.989,0.162,0.03,0.095,0.167,0.081,0.124,0.093,0.381,0.133,0.155,0.142,0.055,0.447,0.219,0.296,0.272,0.095,0.423,0.651,0.145,0.998,0.145,0.145,0.296,0.457,0.383,0.145,0.373,0.423,0.222,0.584,0.119,0.205,0.085,0.146,0.314,0.195,0.095,0.146,0.061,0.071,0.976,0.696,0.1,0.599,0.314,0.089,0.12,0.269,0.064,0.195,0.867,0.225,0.094,0.071,0.127,0.176,0.131,0.122,0.033,0.111,0.714,0.949,0.105,0.715,0.559,0.095,0.143,0.232,0.191,0.39,0.55,0.346,0.685,0.364,0.419,0.055,0.656,0.658,0.195,0.244,0.083,0.079,0.978,0.145,0.034,0.188,0.365,0.339,0.057,0.108,0.153,0.331,0.197,0.251,0.223,0.135,0.272,0.167,0.223,0.106,0.607,0.673,0.287,0.989,0.301,0.076,0.225,0.361,0.106,0.149,0.637,0.241,0.122,0.192,0.159,0.083,0.157,0.183,0.125,0.372,0.335,0.379,0.159,0.361,0.992,0.063,0.215,0.221,0.424,0.805,0.264,0.244,0.083,0.145,0.303,0.071,0.182,0.221,0.078,0.09,0.21,0.142,0.194,0.171,0.045,0.996,0.282,0.365,0.023,0.054,0.378,0.662,0.27,0.588,0.451,0.208,0.53,0.428,0.337,0.255,0.137,0.18,0.47,0.326,0.102,0.272,0.952,0.572,0.074,0.134,0.195,0.392,0.275,0.436,0.271,0.211,0.371,0.357,0.172,0.16,0.215,0.201,0.403,0.267,0.107,0.172,0.579,0.969,0.143,0.164,0.361,0.047,0.047,0.007,0.007,0.047,0.047,0.018,0.047,0.047,0.047,0.119,0.018,0.119,0.5,0.018,0.047,0.047,1,0.881,0.018,0.218,0.106,0.154,0.185,0.091,0.257,0.254,0.158,0.58,0.127,0.161,0.161,0.187,0.727,0.16,0.299,0.433,0.586,0.993,0.174,0.427,0.125,0.146,0.09,0.221,0.147,0.127,0.117,0.074,0.771,0.556,0.175,0.546,0.259,0.147,0.227,0.532,0.051,0.212,0.95
1-212.txt_243,0.562,0.247,0.225,0.368,0.246,0.517,0.494,0.325,0.292,0.183,0.23,0.422,0.13,0.135,0.275,0.482,0.442,0.113,0.353,0.312,0.175,0.828,0.298,0.474,0.016,0.604,0.609,0.061,0.286,0.109,0.241,0.823,0.199,0.235,0.173,0.397,0.383,0.188,0.128,0.173,0.22,0.436,0.887,0.685,0.01,0.615,0.587,0.331,0.576,0.122,0.07,0.566,0.187,0.102,0.238,0.37,0.366,0.159,0.144,0.132,0.211,0.304,0.583,0.827,0.134,0.274,0.426,0.141,0.254,0.242,0.197,0.482,0.26,0.176,0.273,0.587,0.481,0.014,0.256,0.27,0.464,0.007,0.035,0.005,0.932,0.018,0.007,0.191,0.007,0.222,0.43,0.01,0.259,0.316,0.037,0.153,0.241,0.198,0.246,0.274,0.272,0.617,0.582,0.437,0.17,0.797,0.796,0.11,0.348,0.26,0.227,0.59,0.308,0.336,0.103,0.361,0.386,0.255,0.205,0.322,0.201,0.642,0.416,0.5,0.156,0.664,0.865,0.211,0.541,0.169,0.072,0.66,0.201,0.099,0.258,0.459,0.537,0.121,0.208,0.219,0.361,0.266,0.389,0.451,0.195,0.197,0.182,0.905,0.248,0.062,0.06,0.298,0.086,0.037,0.239,0.397,0.228,0.088,0.021,0.114,0.223,0.287,0.546,0.374,0.605,0.536,0.287,0.218,0.871,0.357,0.404,0.301,0.228,0.494,0.218,0.335,0.235,0.042,0.401,0.468,0.444,0.228,0.166,0.107,0.023,0.243,0.129,0.018,0.045,0.837,0.742,0.262,0.585,0.568,0.118,0.143,0.172,0.197,0.398,0.797,0.276,0.169,0.106,0.145,0.271,0.166,0.157,0.088,0.128,0.585,0.862,0.154,0.646,0.532,0.147,0.202,0.264,0.022,0.181,0.607,0.217,0.587,0.325,0.588,0.026,0.499,0.833,0.269,0.308,0.213,0.033,0.868,0.153,0.045,0.526,0.381,0.506,0.006,0.1,0.225,0.319,0.253,0.138,0.034,0.048,0.281,0.144,0.04,0.229,0.591,0.759,0.404,0.965,0.209,0.138,0.283,0.422,0.226,0.106,0.626,0.487,0.155,0.046,0.159,0.122,0.163,0.296,0.234,0.339,0.478,0.552,0.057,0.318,0.799,0.037,0.25,0.305,0.147,0.612,0.474,0.271,0.207,0.37,0.373,0.032,0.337,0.512,0.128,0.339,0.19,0.174,0.403,0.15,0.103,0.87,0.456,0.261,0.017,0.049,0.112,0.456,0.186,0.338,0.369,0.159,0.442,0.459,0.221,0.197,0.182,0.321,0.469,0.155,0.122,0.262,0.76,0.545,0.115,0.229,0.401,0.355,0.416,0.128,0.285,0.086,0.317,0.314,0.099,0.318,0.479,0.349,0.333,0.346,0.339,0.196,0.395,0.77,0.095,0.21,0.48,0.063,0.027,0.01,0.009,0.063,0.063,0.025,0.063,0.063,0.027,0.069,0.025,0.143,0.5,0.01,0.027,0.063,1,0.881,0.027,0.158,0.358,0.067,0.044,0.012,0.274,0.391,0.043,0.534,0.317,0.406,0.25,0.36,0.792,0.154,0.105,0.145,0.311,0.861,0.454,0.309,0.376,0.168,0.073,0.069,0.244,0.303,0.093,0.253,0.673,0.488,0.386,0.49,0.463,0.302,0.268,0.539,0.147,0.233,0.819
1-212.txt_245,0.638,0.275,0.288,0.217,0.031,0.244,0.372,0.362,0.231,0.282,0.387,0.317,0.235,0.234,0.277,0.521,0.474,0.242,0.176,0.569,0.119,0.871,0.315,0.339,0.007,0.587,0.296,0.014,0.51,0.185,0.082,0.651,0.062,0.247,0.252,0.299,0.195,0.337,0.339,0.175,0.214,0.46,0.963,0.736,0.015,0.327,0.463,0.577,0.518,0.081,0.03,0.613,0.051,0.193,0.04,0.5,0.463,0.01,0.113,0.081,0.293,0.398,0.61,0.823,0.009,0.546,0.685,0.307,0.357,0.133,0.033,0.593,0.194,0.094,0.168,0.483,0.479,0.042,0.142,0.196,0.161,0.137,0.311,0.226,0.986,0.081,0.131,0.075,0.081,0.342,0.164,0.205,0.222,0.264,0.085,0.427,0.5,0.15,0.14,0.176,0.366,0.491,0.31,0.393,0.2,0.812,0.711,0.208,0.52,0.25,0.127,0.589,0.269,0.265,0.283,0.386,0.499,0.231,0.265,0.446,0.186,0.285,0.41,0.788,0.021,0.737,0.856,0.21,0.357,0.13,0.217,0.344,0.179,0.287,0.206,0.31,0.288,0.326,0.174,0.17,0.407,0.291,0.336,0.224,0.188,0.275,0.238,0.755,0.29,0.108,0.127,0.271,0.094,0.154,0.047,0.462,0.357,0.143,0.117,0.22,0.146,0.496,0.596,0.789,0.01,0.47,0.591,0.1,0.721,0.204,0.036,0.605,0.311,0.206,0.316,0.243,0.409,0.115,0.209,0.183,0.234,0.146,0.28,0.189,0.198,0.169,0.296,0.141,0.223,0.754,0.468,0.268,0.426,0.528,0.198,0.313,0.436,0.037,0.284,0.632,0.32,0.114,0.069,0.128,0.248,0.209,0.164,0.141,0.113,0.64,0.861,0.105,0.579,0.534,0.142,0.269,0.266,0.137,0.337,0.572,0.102,0.838,0.5,0.348,0.071,0.7,0.728,0.243,0.245,0.231,0.109,0.932,0.175,0.133,0.11,0.309,0.561,0.25,0.266,0.302,0.258,0.387,0.248,0.309,0.169,0.518,0.399,0.117,0.093,0.436,0.43,0.404,0.786,0.346,0.052,0.264,0.389,0.157,0.167,0.527,0.086,0.139,0.047,0.012,0.026,0.082,0.051,0.041,0.068,0.475,0.663,0.196,0.415,0.857,0.09,0.069,0.049,0.145,0.747,0.38,0.317,0.444,0.37,0.34,0.169,0.63,0.584,0.143,0.376,0.156,0.296,0.55,0.275,0.125,0.876,0.523,0.332,0.159,0.166,0.303,0.348,0.474,0.489,0.532,0.088,0.369,0.435,0.353,0.49,0.197,0.177,0.55,0.134,0.288,0.341,0.661,0.498,0.083,0.184,0.24,0.401,0.246,0.337,0.194,0.156,0.406,0.316,0.069,0.25,0.256,0.475,0.448,0.258,0.431,0.151,0.54,0.778,0.014,0.45,0.319,0.138,0.012,0.005,0.002,0.012,0.018,0.007,0.007,0.018,0.063,0.485,0.012,0.143,0.631,0.005,0.012,0.012,1,0.917,0.063,0.17,0.259,0.203,0.066,0.341,0.255,0.305,0.07,0.602,0.255,0.454,0.319,0.275,0.795,0.017,0.161,0.109,0.112,0.896,0.09,0.437,0.282,0.149,0.152,0.145,0.243,0.348,0.096,0.25,0.625,0.633,0.299,0.554,0.344,0.236,0.301,0.373,0.07,0.301,0.739
1-212.txt_247,0.818,0.098,0.147,0.135,0.146,0.21,0.234,0.241,0.126,0.357,0.381,0.219,0.315,0.401,0.451,0.529,0.443,0.011,0.281,0.699,0.256,0.699,0.441,0.458,0.015,0.461,0.639,0.095,0.58,0.279,0.107,0.525,0.075,0.136,0.376,0.565,0.622,0.164,0.028,0.374,0.188,0.585,0.763,0.636,0.083,0.483,0.52,0.389,0.297,0.183,0.07,0.586,0.119,0.009,0.22,0.522,0.363,0.117,0.089,0.094,0.174,0.305,0.597,0.819,0.045,0.446,0.816,0.269,0.204,0.038,0.155,0.371,0.031,0.185,0.131,0.392,0.382,0.151,0.045,0.036,0.071,0.008,0.094,0.041,1,0.008,0.008,0.01,0.008,0.028,0.306,0.008,0.33,0.171,0.009,0.198,0.349,0.01,0.171,0.047,0.119,0.731,0.119,0.881,0.007,0.998,0.5,0.5,0.953,0.007,0.047,0.119,0.047,0.007,0.119,0.269,0.269,0.007,0.269,0.007,0.263,0.293,0.437,0.693,0.068,0.631,0.884,0.175,0.223,0.221,0.187,0.537,0.209,0.04,0.298,0.391,0.397,0.144,0.139,0.253,0.47,0.338,0.419,0.446,0.154,0.322,0.26,0.743,0.181,0.113,0.154,0.431,0.275,0.072,0.138,0.497,0.387,0.078,0.056,0.177,0.272,0.508,0.333,0.316,0.066,0.506,0.448,0.327,0.845,0.266,0.203,0.344,0.333,0.48,0.117,0.447,0.246,0.479,0.557,0.336,0.292,0.434,0.304,0.207,0.185,0.198,0.25,0.102,0.287,0.587,0.559,0.433,0.398,0.496,0.111,0.21,0.525,0.158,0.185,0.631,0.206,0.117,0.074,0.199,0.332,0.15,0.217,0.107,0.067,0.537,0.914,0.117,0.498,0.525,0.164,0.141,0.22,0.266,0.226,0.501,0.201,0.652,0.337,0.297,0.029,0.612,0.647,0.089,0.484,0.229,0.162,0.88,0.233,0.102,0.126,0.423,0.473,0.027,0.283,0.316,0.26,0.246,0.085,0.008,0.246,0.181,0.056,0.075,0.148,0.534,0.855,0.223,0.873,0.47,0.011,0.077,0.18,0.038,0.433,0.549,0.179,0.218,0.243,0.076,0.062,0.22,0.198,0.108,0.323,0.591,0.53,0.159,0.565,0.914,0.094,0.192,0.343,0.336,0.614,0.566,0.442,0.137,0.392,0.603,0.131,0.443,0.299,0.289,0.055,0.342,0.276,0.307,0.307,0.266,0.989,0.358,0.235,0.008,0.168,0.176,0.306,0.351,0.331,0.338,0.172,0.698,0.557,0.231,0.289,0.272,0.398,0.441,0.173,0.217,0.355,0.559,0.459,0.217,0.142,0.313,0.34,0.409,0.192,0.376,0.051,0.226,0.346,0.346,0.158,0.376,0.396,0.446,0.135,0.244,0.163,0.551,0.867,0.067,0.103,0.323,0.063,0.444,0.251,0.009,0.012,0.138,0.025,0.063,0.253,0.138,0.375,0.442,0.485,0.194,0.251,0.027,0.369,0.999,0.575,0.253,0.209,0.084,0.011,0.028,0.156,0.013,0.013,0.066,0.431,0.49,0.47,0.054,0.365,0.972,0.008,0.092,0.109,0.331,0.898,0.296,0.407,0.239,0.275,0.243,0.137,0.356,0.276,0.088,0.313,0.509,0.444,0.224,0.465,0.465,0.199,0.375,0.555,0.029,0.237,0.711
1-212.txt_249,0.982,0.119,0.119,0.119,0.5,0.269,0.269,0.5,0.119,0.269,0.119,0.269,0.269,0.119,0.269,0.731,0.5,0.047,0.119,0.5,0.119,0.998,0.5,0.119,0.018,0.731,0.5,0.047,0.5,0.047,0.119,0.881,0.119,0.047,0.119,0.269,0.269,0.047,0.119,0.047,0.119,0.5,0.998,0.731,0.047,0.5,0.5,0.5,0.731,0.018,0.018,0.5,0.119,0.047,0.119,0.731,0.5,0.018,0.119,0.047,0.119,0.119,0.731,0.998,0.018,0.5,0.881,0.269,0.269,0.018,0.018,0.269,0.047,0.018,0.119,0.5,0.269,0.007,0.047,0.018,0.5,0.018,0.047,0.018,1,0.047,0.018,0.047,0.047,0.269,0.269,0.047,0.119,0.047,0.047,0.269,0.269,0.047,0.047,0.269,0.269,0.731,0.5,0.5,0.047,0.998,0.881,0.119,0.731,0.047,0.119,0.731,0.5,0.018,0.269,0.5,0.269,0.119,0.119,0.119,0.269,0.5,0.5,0.881,0.018,0.881,0.998,0.119,0.5,0.018,0.047,0.731,0.119,0.018,0.269,0.5,0.269,0.047,0.119,0.047,0.5,0.047,0.5,0.269,0.047,0.119,0.119,0.998,0.119,0.018,0.018,0.119,0.047,0.047,0.119,0.5,0.119,0.047,0.047,0.018,0.119,0.5,0.731,0.269,0.047,0.731,0.5,0.119,1,0.018,0.047,0.269,0.119,0.269,0.119,0.269,0.119,0.047,0.881,0.018,0.269,0.047,0.018,0.018,0.269,0.047,0.018,0.018,0.018,0.982,0.881,0.047,0.731,0.5,0.047,0.047,0.269,0.047,0.269,0.953,0.119,0.119,0.018,0.018,0.269,0.119,0.047,0.018,0.047,0.881,0.982,0.047,0.881,0.5,0.047,0.047,0.269,0.119,0.269,0.731,0.269,0.881,0.5,0.269,0.047,0.731,0.731,0.119,0.269,0.047,0.047,0.993,0.119,0.047,0.269,0.5,0.269,0.047,0.119,0.047,0.269,0.119,0.119,0.047,0.119,0.5,0.119,0.047,0.119,0.731,0.881,0.119,0.998,0.5,0.047,0.119,0.269,0.119,0.269,0.731,0.119,0.047,0.047,0.018,0.047,0.018,0.018,0.047,0.269,0.5,0.5,0.047,0.5,0.999,0.018,0.047,0.119,0.731,0.953,0.269,0.269,0.119,0.119,0.119,0.047,0.269,0.269,0.119,0.119,0.047,0.047,0.269,0.047,0.018,1,0.269,0.269,0.018,0.047,0.047,0.731,0.269,0.731,0.5,0.269,0.5,0.5,0.5,0.269,0.047,0.047,0.5,0.119,0.047,0.269,0.982,0.881,0.047,0.119,0.119,0.5,0.269,0.5,0.269,0.269,0.269,0.269,0.119,0.119,0.269,0.269,0.269,0.269,0.119,0.269,0.881,0.993,0.047,0.119,0.5,0.297,0.256,0.359,0.302,0.155,0.355,0.344,0.21,0.296,0.374,0.36,0.299,0.374,0.262,0.155,0.358,0.335,0.117,0.252,0.373,0.119,0.119,0.119,0.047,0.047,0.119,0.119,0.047,0.881,0.269,0.269,0.119,0.269,0.953,0.047,0.119,0.119,0.881,0.999,0.269,0.5,0.047,0.047,0.018,0.269,0.119,0.047,0.018,0.018,0.953,0.731,0.047,0.731,0.269,0.047,0.119,0.5,0.047,0.269,0.982
1-212.txt_251,0.85,0.223,0.292,0.242,0.163,0.23,0.269,0.257,0.239,0.194,0.211,0.311,0.263,0.181,0.268,0.583,0.442,0.107,0.153,0.329,0.263,0.895,0.433,0.417,0.031,0.526,0.423,0.159,0.301,0.136,0.205,0.735,0.196,0.127,0.201,0.367,0.386,0.038,0.25,0.196,0.881,0.119,0.993,0.731,0.047,0.119,0.119,0.119,0.119,0.018,0.018,0.5,0.047,0.047,0.047,0.881,0.881,0.018,0.881,0.047,0.122,0.218,0.894,0.986,0.195,0.285,0.568,0.191,0.272,0.024,0.034,0.265,0.024,0.04,0.245,0.306,0.3,0.011,0.114,0.086,0.45,0.047,0.071,0.047,0.982,0.071,0.265,0.685,0.325,0.339,0.413,0.198,0.185,0.095,0.038,0.373,0.423,0.062,0.349,0.262,0.359,0.453,0.391,0.351,0.096,0.714,0.588,0.117,0.257,0.155,0.095,0.515,0.213,0.221,0.249,0.407,0.576,0.033,0.48,0.3,0.424,0.386,0.681,0.557,0.146,0.555,0.798,0.26,0.271,0.106,0.086,0.576,0.074,0.037,0.378,0.646,0.49,0.034,0.14,0.167,0.331,0.18,0.483,0.229,0.107,0.353,0.181,0.89,0.349,0.045,0.095,0.3,0.157,0.244,0.113,0.456,0.216,0.132,0.235,0.128,0.085,0.5,0.299,0.132,0.028,0.272,0.272,0.209,0.909,0.111,0.038,0.428,0.071,0.339,0.058,0.272,0.085,0.373,0.643,0.047,0.24,0.156,0.126,0.029,0.182,0.039,0.053,0.096,0.023,0.939,0.696,0.124,0.51,0.381,0.076,0.073,0.365,0.132,0.24,0.876,0.282,0.13,0.084,0.076,0.21,0.146,0.078,0.131,0.146,0.641,0.87,0.209,0.636,0.573,0.056,0.232,0.272,0.168,0.374,0.554,0.194,0.537,0.678,0.623,0.051,0.69,0.861,0.34,0.158,0.234,0.209,0.784,0.101,0.051,0.236,0.347,0.252,0.045,0.222,0.5,0.158,0.322,0.31,0.055,0.151,0.493,0.284,0.153,0.31,0.711,0.753,0.322,0.9,0.284,0.069,0.232,0.289,0.143,0.158,0.673,0.213,0.062,0.184,0.126,0.07,0.152,0.047,0.03,0.15,0.438,0.53,0.228,0.255,0.895,0.196,0.106,0.257,0.257,0.812,0.62,0.253,0.271,0.323,0.315,0.141,0.334,0.414,0.227,0.147,0.125,0.093,0.318,0.171,0.152,0.912,0.342,0.241,0.04,0.193,0.152,0.501,0.316,0.738,0.393,0.151,0.288,0.504,0.248,0.307,0.174,0.092,0.339,0.223,0.161,0.052,0.865,0.71,0.009,0.039,0.283,0.393,0.348,0.398,0.211,0.1,0.591,0.272,0.207,0.257,0.136,0.227,0.255,0.149,0.193,0.1,0.657,0.94,0.432,0.394,0.38,0.341,0.048,0.266,0.058,0.061,0.137,0.079,0.061,0.22,0.277,0.323,0.213,0.153,0.675,0.037,0.09,0.091,0.985,0.84,0.31,0.128,0.15,0.298,0.136,0.167,0.079,0.188,0.029,0.511,0.286,0.185,0.079,0.222,0.862,0.027,0.15,0.193,0.442,0.991,0.274,0.3,0.122,0.228,0.236,0.318,0.262,0.217,0.154,0.221,0.613,0.433,0.345,0.401,0.3,0.206,0.277,0.457,0.093,0.098,0.867
1-212.txt_253,0.791,0.305,0.347,0.321,0.18,0.324,0.417,0.283,0.225,0.174,0.222,0.342,0.229,0.157,0.225,0.5,0.312,0.104,0.224,0.359,0.283,0.87,0.376,0.185,0.051,0.466,0.47,0.102,0.266,0.301,0.208,0.693,0.313,0.166,0.151,0.347,0.377,0.039,0.267,0.337,0.48,0.537,0.795,0.746,0.076,0.347,0.252,0.176,0.176,0.131,0.106,0.347,0.236,0.103,0.702,0.405,0.384,0.1,0.277,0.083,0.209,0.273,0.708,0.916,0.028,0.33,0.658,0.209,0.255,0.053,0.134,0.43,0.126,0.127,0.517,0.417,0.332,0.022,0.097,0.081,0.296,0.299,0.095,0.062,0.988,0.246,0.222,0.664,0.325,0.169,0.397,0.119,0.423,0.349,0.071,0.169,0.373,0.071,0.071,0.246,0.233,0.412,0.498,0.36,0.036,0.886,0.721,0.078,0.348,0.188,0.09,0.512,0.184,0.043,0.276,0.473,0.41,0.205,0.217,0.281,0.294,0.262,0.625,0.646,0.019,0.499,0.835,0.177,0.216,0.033,0.102,0.38,0.064,0.086,0.075,0.401,0.249,0.052,0.172,0.146,0.327,0.144,0.584,0.289,0.243,0.325,0.203,0.882,0.178,0.068,0.085,0.201,0.161,0.138,0.164,0.455,0.269,0.109,0.174,0.166,0.269,0.269,0.269,0.881,0.269,0.269,0.269,0.269,0.881,0.731,0.881,0.269,0.5,0.269,0.269,0.269,0.5,0.269,0.731,0.269,0.46,0.033,0.025,0.025,0.358,0.153,0.033,0.025,0.025,0.967,0.794,0.04,0.623,0.653,0.025,0.196,0.194,0.033,0.139,0.746,0.325,0.294,0.172,0.042,0.125,0.193,0.117,0.114,0.153,0.542,0.875,0.282,0.644,0.439,0.069,0.188,0.192,0.126,0.28,0.453,0.327,0.501,0.301,0.313,0.034,0.43,0.617,0.086,0.191,0.158,0.122,0.914,0.167,0.194,0.244,0.439,0.555,0.133,0.368,0.336,0.214,0.131,0.281,0.048,0.139,0.227,0.073,0.055,0.292,0.681,0.766,0.131,0.956,0.442,0.168,0.169,0.347,0.121,0.157,0.861,0.259,0.244,0.396,0.123,0.038,0.054,0.13,0.262,0.222,0.259,0.437,0.054,0.338,0.933,0.22,0.363,0.328,0.284,0.77,0.488,0.359,0.257,0.325,0.21,0.177,0.266,0.324,0.141,0.161,0.163,0.173,0.388,0.201,0.195,0.901,0.368,0.386,0.175,0.294,0.396,0.529,0.353,0.576,0.423,0.257,0.435,0.383,0.372,0.38,0.162,0.128,0.431,0.181,0.046,0.176,0.946,0.588,0.032,0.078,0.139,0.423,0.206,0.178,0.301,0.342,0.393,0.391,0.313,0.203,0.33,0.262,0.389,0.211,0.38,0.218,0.455,0.886,0.128,0.316,0.478,0.025,0.025,0.487,0.043,0.259,0.051,0.14,0.025,0.259,0.033,0.103,0.027,0.065,0.45,0.01,0.051,0.204,0.999,0.74,0.15,0.047,0.045,0.093,0.012,0.025,0.062,0.089,0.01,0.575,0.387,0.368,0.15,0.215,0.861,0.012,0.047,0.113,0.542,0.991,0.197,0.281,0.076,0.171,0.17,0.087,0.222,0.128,0.067,0.12,0.762,0.563,0.1,0.438,0.365,0.265,0.177,0.408,0.105,0.273,0.909
1-212.txt_255,0.944,0.287,0.168,0.147,0.304,0.398,0.357,0.314,0.252,0.248,0.282,0.4,0.297,0.191,0.205,0.609,0.384,0.138,0.254,0.39,0.179,0.987,0.315,0.179,0.044,0.729,0.576,0.076,0.315,0.126,0.106,0.819,0.179,0.042,0.09,0.315,0.331,0.047,0.119,0.199,0.271,0.271,0.973,0.737,0.04,0.451,0.564,0.515,0.427,0.022,0.022,0.384,0.065,0.025,0.092,0.5,0.25,0.024,0.084,0.038,0.291,0.312,0.609,0.982,0.049,0.423,0.789,0.149,0.199,0.055,0.043,0.524,0.068,0.026,0.129,0.428,0.413,0.014,0.044,0.102,0.611,0.047,0.083,0.047,0.998,0.083,0.083,0.5,0.158,0.194,0.425,0.083,0.31,0.551,0.083,0.31,0.194,0.274,0.551,0.31,0.252,0.644,0.55,0.528,0.028,0.982,0.843,0.111,0.449,0.044,0.047,0.784,0.186,0.018,0.119,0.491,0.295,0.057,0.103,0.047,0.3,0.453,0.438,0.718,0.037,0.804,0.978,0.11,0.427,0.037,0.053,0.636,0.135,0.03,0.129,0.377,0.446,0.038,0.101,0.091,0.464,0.116,0.427,0.229,0.064,0.16,0.116,0.99,0.098,0.037,0.026,0.236,0.064,0.027,0.075,0.34,0.142,0.059,0.035,0.082,0.149,0.369,0.554,0.187,0.05,0.462,0.439,0.083,0.998,0.111,0.1,0.315,0.172,0.255,0.083,0.277,0.22,0.083,0.745,0.133,0.245,0.056,0.124,0.052,0.176,0.078,0.06,0.041,0.106,0.96,0.678,0.072,0.635,0.353,0.059,0.184,0.336,0.104,0.217,0.834,0.165,0.092,0.043,0.057,0.143,0.121,0.119,0.02,0.171,0.729,0.973,0.081,0.833,0.593,0.048,0.087,0.188,0.184,0.355,0.589,0.29,0.719,0.385,0.306,0.048,0.623,0.513,0.219,0.258,0.065,0.081,0.967,0.207,0.081,0.248,0.371,0.421,0.076,0.15,0.105,0.219,0.271,0.242,0.057,0.12,0.371,0.147,0.043,0.132,0.55,0.727,0.271,0.992,0.478,0.066,0.182,0.244,0.279,0.321,0.539,0.159,0.07,0.04,0.034,0.069,0.126,0.055,0.049,0.217,0.3,0.454,0.055,0.408,0.994,0.028,0.107,0.098,0.712,0.916,0.254,0.32,0.138,0.104,0.17,0.044,0.242,0.262,0.172,0.104,0.052,0.069,0.329,0.096,0.126,0.997,0.278,0.186,0.049,0.128,0.071,0.71,0.288,0.5,0.402,0.194,0.437,0.465,0.393,0.234,0.084,0.074,0.456,0.146,0.063,0.251,0.949,0.635,0.048,0.12,0.155,0.423,0.305,0.423,0.245,0.17,0.422,0.371,0.207,0.195,0.186,0.171,0.563,0.261,0.106,0.152,0.671,0.963,0.072,0.207,0.322,0.047,0.047,0.018,0.007,0.047,0.119,0.047,0.047,0.121,0.047,0.119,0.028,0.119,0.731,0.018,0.047,0.047,1,0.918,0.047,0.146,0.141,0.101,0.094,0.058,0.163,0.101,0.04,0.709,0.135,0.242,0.186,0.248,0.908,0.056,0.189,0.146,0.799,0.998,0.141,0.366,0.103,0.137,0.118,0.211,0.132,0.172,0.056,0.117,0.771,0.577,0.126,0.526,0.276,0.081,0.231,0.47,0.098,0.221,0.941
1-212.txt_257,0.556,0.115,0.381,0.304,0.036,0.527,0.335,0.403,0.325,0.247,0.096,0.311,0.307,0.018,0.217,0.644,0.442,0.176,0.261,0.319,0.195,0.905,0.346,0.145,0.024,0.778,0.627,0.135,0.349,0.262,0.111,0.855,0.577,0.252,0.262,0.5,0.738,0.02,0.262,0.262,0.163,0.429,0.754,0.498,0.134,0.467,0.39,0.315,0.719,0.286,0.1,0.702,0.277,0.3,0.15,0.374,0.426,0.14,0.457,0.249,0.304,0.327,0.518,0.768,0.096,0.57,0.633,0.224,0.271,0.138,0.331,0.558,0.152,0.177,0.391,0.411,0.512,0.008,0.121,0.164,0.349,0.008,0.02,0.008,1,0.02,0.017,0.02,0.495,0.018,0.018,0.019,0.028,0.01,0.02,0.325,0.071,0.336,0.024,0.071,0.246,0.405,0.147,0.21,0.136,0.767,0.633,0.082,0.291,0.228,0.271,0.448,0.344,0.191,0.338,0.461,0.43,0.017,0.145,0.122,0.184,0.501,0.517,0.699,0.056,0.579,0.885,0.206,0.324,0.125,0.096,0.6,0.086,0.041,0.221,0.438,0.323,0.172,0.159,0.143,0.455,0.227,0.409,0.402,0.264,0.27,0.323,0.82,0.208,0.018,0.078,0.339,0.11,0.131,0.165,0.377,0.279,0.011,0.142,0.182,0.29,0.322,0.318,0.321,0.136,0.373,0.405,0.213,0.306,0.338,0.342,0.414,0.32,0.318,0.214,0.369,0.401,0.119,0.278,0.38,0.195,0.286,0.051,0.084,0.118,0.226,0.25,0.033,0.236,0.79,0.741,0.184,0.643,0.574,0.266,0.08,0.293,0.037,0.245,0.637,0.221,0.141,0.034,0.024,0.094,0.067,0.072,0.076,0.119,0.686,0.911,0.119,0.597,0.604,0.076,0.098,0.12,0.109,0.279,0.69,0.141,0.731,0.301,0.336,0.012,0.465,0.564,0.158,0.307,0.214,0.197,0.884,0.284,0.128,0.272,0.231,0.501,0.145,0.165,0.301,0.219,0.028,0.018,0.048,0.315,0.062,0.018,0.175,0.018,0.855,0.5,0.188,0.994,0.524,0.306,0.195,0.423,0.038,0.275,0.905,0.284,0.266,0.14,0.114,0.228,0.219,0.255,0.053,0.318,0.39,0.482,0.164,0.438,0.915,0.14,0.391,0.483,0.242,0.52,0.494,0.4,0.247,0.349,0.311,0.023,0.386,0.577,0.062,0.295,0.237,0.344,0.336,0.222,0.225,0.956,0.563,0.6,0.161,0.209,0.321,0.408,0.251,0.415,0.28,0.094,0.242,0.194,0.241,0.354,0.373,0.321,0.376,0.236,0.337,0.113,0.652,0.604,0.092,0.438,0.511,0.347,0.272,0.318,0.274,0.406,0.504,0.402,0.145,0.261,0.344,0.333,0.484,0.224,0.352,0.153,0.48,0.758,0.014,0.187,0.48,0.007,0.007,0.002,0.001,0.007,0.018,0.007,0.007,0.018,0.007,0.018,0.007,0.018,0.269,0.002,0.007,0.007,1,0.881,0.007,0.38,0.036,0.209,0.297,0.015,0.281,0.424,0.214,0.576,0.135,0.082,0.441,0.223,0.455,0.013,0.383,0.146,0.238,0.913,0.159,0.49,0.19,0.175,0.049,0.12,0.278,0.141,0.162,0.189,0.688,0.679,0.132,0.534,0.504,0.031,0.391,0.364,0.202,0.364,0.828
1-212.txt_259,0.982,0.119,0.119,0.119,0.5,0.269,0.269,0.5,0.119,0.269,0.119,0.269,0.269,0.119,0.269,0.731,0.5,0.047,0.119,0.5,0.119,0.998,0.5,0.119,0.018,0.731,0.5,0.047,0.5,0.047,0.119,0.881,0.269,0.047,0.119,0.269,0.269,0.047,0.119,0.047,0.119,0.5,0.998,0.731,0.047,0.5,0.5,0.5,0.731,0.047,0.018,0.5,0.119,0.047,0.119,0.731,0.5,0.018,0.119,0.047,0.119,0.119,0.731,0.998,0.018,0.5,0.881,0.269,0.269,0.047,0.018,0.269,0.047,0.018,0.119,0.5,0.269,0.007,0.047,0.047,0.5,0.018,0.047,0.018,1,0.047,0.018,0.047,0.047,0.269,0.269,0.047,0.119,0.047,0.047,0.269,0.269,0.047,0.047,0.269,0.269,0.731,0.5,0.5,0.047,0.998,0.881,0.119,0.5,0.047,0.119,0.731,0.5,0.047,0.269,0.5,0.269,0.119,0.119,0.119,0.269,0.5,0.5,0.881,0.018,0.881,0.993,0.119,0.5,0.047,0.047,0.731,0.119,0.047,0.269,0.5,0.269,0.047,0.119,0.047,0.5,0.047,0.5,0.269,0.047,0.119,0.119,0.998,0.119,0.018,0.018,0.119,0.047,0.047,0.119,0.5,0.119,0.047,0.047,0.047,0.119,0.5,0.731,0.269,0.047,0.5,0.5,0.119,1,0.018,0.047,0.269,0.119,0.269,0.119,0.269,0.119,0.047,0.881,0.047,0.269,0.047,0.047,0.047,0.269,0.047,0.047,0.018,0.018,0.982,0.881,0.047,0.731,0.5,0.047,0.047,0.269,0.047,0.269,0.953,0.119,0.119,0.018,0.018,0.269,0.119,0.047,0.018,0.047,0.881,0.982,0.047,0.881,0.5,0.047,0.047,0.269,0.119,0.269,0.731,0.269,0.881,0.5,0.269,0.047,0.731,0.731,0.119,0.269,0.047,0.047,0.993,0.269,0.047,0.269,0.5,0.269,0.047,0.119,0.119,0.269,0.269,0.119,0.047,0.119,0.5,0.119,0.047,0.119,0.731,0.881,0.269,0.998,0.5,0.047,0.119,0.269,0.119,0.269,0.731,0.119,0.047,0.047,0.018,0.047,0.047,0.047,0.047,0.269,0.5,0.5,0.047,0.5,0.999,0.018,0.047,0.119,0.731,0.953,0.269,0.269,0.119,0.119,0.119,0.047,0.269,0.269,0.119,0.119,0.047,0.047,0.269,0.047,0.018,1,0.269,0.269,0.018,0.047,0.047,0.731,0.269,0.731,0.5,0.269,0.5,0.5,0.5,0.269,0.047,0.047,0.5,0.119,0.047,0.269,0.982,0.881,0.047,0.119,0.119,0.5,0.269,0.5,0.269,0.269,0.269,0.269,0.119,0.119,0.269,0.269,0.269,0.269,0.119,0.269,0.881,0.993,0.047,0.119,0.5,0.047,0.047,0.018,0.007,0.047,0.119,0.047,0.047,0.047,0.047,0.119,0.047,0.119,0.731,0.018,0.047,0.047,1,0.881,0.047,0.119,0.119,0.119,0.047,0.047,0.119,0.119,0.047,0.881,0.269,0.269,0.119,0.269,0.953,0.047,0.119,0.119,0.881,0.999,0.269,0.5,0.047,0.047,0.047,0.269,0.119,0.047,0.047,0.047,0.953,0.731,0.119,0.731,0.269,0.047,0.119,0.5,0.047,0.269,0.982
1-212.txt_261,0.738,0.253,0.331,0.353,0.23,0.351,0.411,0.371,0.217,0.227,0.236,0.342,0.259,0.25,0.404,0.537,0.533,0.084,0.287,0.309,0.42,0.851,0.185,0.341,0.184,0.435,0.36,0.312,0.156,0.147,0.265,0.689,0.383,0.078,0.452,0.284,0.217,0.024,0.199,0.155,0.154,0.254,0.864,0.737,0.016,0.524,0.553,0.34,0.292,0.075,0.148,0.265,0.106,0.265,0.127,0.65,0.336,0.204,0.285,0.052,0.223,0.225,0.703,0.962,0.008,0.55,0.643,0.217,0.092,0.108,0.051,0.606,0.164,0.249,0.196,0.301,0.317,0.009,0.192,0.191,0.257,0.132,0.214,0.027,1,0.275,0.106,0.04,0.17,0.363,0.323,0.205,0.31,0.033,0.04,0.365,0.319,0.028,0.048,0.333,0.239,0.425,0.52,0.203,0.152,0.836,0.567,0.42,0.225,0.194,0.256,0.5,0.226,0.158,0.36,0.357,0.435,0.342,0.417,0.258,0.352,0.359,0.669,0.616,0.034,0.391,0.796,0.273,0.351,0.23,0.212,0.514,0.243,0.175,0.178,0.59,0.54,0.073,0.087,0.203,0.404,0.236,0.362,0.467,0.019,0.247,0.494,0.835,0.413,0.063,0.154,0.315,0.045,0.097,0.158,0.424,0.344,0.017,0.02,0.024,0.128,0.381,0.836,0.45,0.093,0.632,0.393,0.397,0.704,0.108,0.187,0.361,0.04,0.219,0.395,0.309,0.374,0.154,0.264,0.255,0.383,0.08,0.196,0.094,0.265,0.311,0.059,0.218,0.258,0.835,0.823,0.279,0.575,0.596,0.063,0.19,0.328,0.031,0.346,0.784,0.39,0.049,0.052,0.085,0.159,0.108,0.095,0.016,0.085,0.653,0.943,0.083,0.669,0.506,0.182,0.148,0.253,0.122,0.241,0.536,0.254,0.672,0.394,0.363,0.214,0.481,0.512,0.288,0.118,0.138,0.234,0.813,0.18,0.116,0.289,0.492,0.418,0.09,0.16,0.221,0.398,0.239,0.306,0.063,0.188,0.225,0.05,0.344,0.264,0.539,0.626,0.286,0.874,0.386,0.063,0.271,0.423,0.062,0.708,0.644,0.092,0.213,0.232,0.039,0.163,0.09,0.256,0.023,0.057,0.658,0.401,0.348,0.249,0.953,0.214,0.188,0.315,0.279,0.761,0.526,0.417,0.123,0.269,0.642,0.02,0.288,0.345,0.325,0.346,0.251,0.193,0.328,0.184,0.267,0.877,0.432,0.39,0.227,0.249,0.38,0.497,0.349,0.367,0.145,0.312,0.4,0.357,0.473,0.287,0.286,0.316,0.416,0.185,0.43,0.107,0.625,0.554,0.214,0.205,0.34,0.336,0.322,0.133,0.327,0.068,0.273,0.294,0.268,0.217,0.371,0.268,0.415,0.323,0.23,0.197,0.497,0.877,0.165,0.128,0.352,0.312,0.058,0.047,0.022,0.302,0.573,0.336,0.048,0.034,0.024,0.212,0.384,0.062,0.423,0.023,0.286,0.462,0.984,0.476,0.024,0.231,0.264,0.22,0.037,0.139,0.128,0.103,0.048,0.467,0.488,0.402,0.197,0.359,0.697,0.107,0.23,0.419,0.414,0.844,0.431,0.371,0.17,0.182,0.138,0.197,0.328,0.291,0.144,0.071,0.576,0.564,0.218,0.397,0.291,0.19,0.252,0.392,0.078,0.267,0.886
1-212.txt_263,0.771,0.318,0.239,0.142,0.177,0.202,0.145,0.381,0.07,0.247,0.286,0.398,0.487,0.321,0.343,0.4,0.361,0.298,0.362,0.498,0.186,0.739,0.289,0.468,0.15,0.332,0.5,0.071,0.457,0.343,0.193,0.749,0.338,0.24,0.383,0.458,0.647,0.077,0.262,0.361,0.083,0.464,0.741,0.69,0.007,0.611,0.857,0.063,0.047,0.027,0.138,0.5,0.018,0.012,0.384,0.611,0.881,0.01,0.444,0.027,0.255,0.126,0.49,0.975,0.013,0.467,0.846,0.253,0.222,0.121,0.147,0.458,0.079,0.128,0.12,0.483,0.32,0.035,0.095,0.16,0.319,0.024,0.258,0.066,0.996,0.068,0.152,0.037,0.19,0.124,0.351,0.038,0.261,0.227,0.211,0.287,0.357,0.132,0.273,0.221,0.195,0.595,0.497,0.532,0.178,0.834,0.711,0.179,0.462,0.102,0.144,0.654,0.135,0.077,0.368,0.292,0.369,0.012,0.1,0.173,0.239,0.458,0.556,0.551,0.126,0.743,0.902,0.224,0.198,0.224,0.174,0.59,0.158,0.145,0.276,0.342,0.306,0.232,0.1,0.236,0.369,0.153,0.423,0.354,0.098,0.192,0.214,0.733,0.141,0.184,0.152,0.273,0.208,0.124,0.136,0.325,0.274,0.053,0.121,0.271,0.367,0.395,0.411,0.359,0.02,0.369,0.524,0.128,0.893,0.212,0.142,0.322,0.184,0.429,0.092,0.516,0.402,0.039,0.473,0.206,0.309,0.155,0.205,0.148,0.087,0.354,0.299,0.193,0.137,0.659,0.593,0.19,0.545,0.464,0.119,0.295,0.421,0.088,0.208,0.774,0.23,0.154,0.133,0.129,0.166,0.146,0.094,0.087,0.22,0.556,0.851,0.172,0.499,0.526,0.208,0.225,0.303,0.072,0.27,0.594,0.174,0.784,0.381,0.394,0.011,0.705,0.561,0.207,0.316,0.232,0.211,0.864,0.353,0.02,0.15,0.246,0.282,0.131,0.148,0.253,0.047,0.047,0.018,0.007,0.047,0.119,0.018,0.007,0.047,0.5,0.731,0.047,1,0.119,0.018,0.047,0.119,0.047,0.047,0.269,0.229,0.22,0.212,0.146,0.111,0.148,0.096,0.122,0.479,0.506,0.539,0.15,0.468,0.806,0.087,0.198,0.395,0.126,0.497,0.561,0.277,0.211,0.357,0.471,0.172,0.369,0.244,0.072,0.247,0.241,0.374,0.377,0.321,0.32,0.87,0.362,0.37,0.206,0.237,0.25,0.439,0.256,0.338,0.188,0.285,0.224,0.252,0.35,0.106,0.235,0.505,0.376,0.177,0.384,0.148,0.769,0.584,0.043,0.236,0.436,0.575,0.309,0.267,0.202,0.084,0.296,0.262,0.403,0.361,0.464,0.42,0.31,0.285,0.174,0.113,0.475,0.718,0.075,0.22,0.488,0.063,0.063,0.06,0.366,0.007,0.027,0.442,0.253,0.444,0.063,0.018,0.061,0.375,0.194,0.25,0.251,0.027,1,0.937,0.061,0.317,0.289,0.151,0.174,0.227,0.379,0.393,0.229,0.56,0.351,0.381,0.252,0.381,0.473,0.047,0.334,0.383,0.299,0.705,0.308,0.217,0.427,0.227,0.208,0.115,0.207,0.3,0.108,0.22,0.514,0.404,0.416,0.367,0.662,0.241,0.224,0.262,0.231,0.225,0.637
1-212.txt_265,0.767,0.244,0.319,0.182,0.388,0.388,0.33,0.265,0.209,0.334,0.268,0.361,0.443,0.279,0.124,0.429,0.296,0.047,0.241,0.297,0.17,0.909,0.473,0.122,0.182,0.507,0.292,0.15,0.665,0.139,0.313,0.655,0.342,0.292,0.267,0.376,0.231,0.154,0.273,0.249,0.373,0.32,0.82,0.512,0.009,0.652,0.704,0.236,0.45,0.092,0.051,0.811,0.062,0.025,0.409,0.458,0.264,0.25,0.125,0.119,0.216,0.147,0.594,0.906,0.064,0.425,0.705,0.367,0.374,0.112,0.108,0.432,0.23,0.095,0.246,0.439,0.235,0.053,0.114,0.095,0.793,0.262,0.286,0.024,0.55,0.423,0.212,0.095,0.323,0.5,0.45,0.339,0.5,0.346,0.262,0.346,0.373,0.54,0.654,0.476,0.472,0.564,0.33,0.49,0.105,0.824,0.868,0.207,0.253,0.163,0.132,0.732,0.468,0.127,0.32,0.365,0.235,0.048,0.25,0.168,0.364,0.414,0.495,0.564,0.072,0.601,0.84,0.156,0.268,0.239,0.17,0.65,0.175,0.162,0.415,0.215,0.364,0.185,0.217,0.249,0.316,0.113,0.312,0.328,0.179,0.326,0.264,0.993,0.23,0.006,0.009,0.366,0.084,0.01,0.406,0.348,0.135,0.004,0.013,0.01,0.305,0.636,0.159,0.162,0.425,0.331,0.506,0.124,0.773,0.313,0.181,0.48,0.231,0.696,0.113,0.188,0.311,0.539,0.722,0.409,0.356,0.174,0.073,0.088,0.403,0.213,0.116,0.069,0.236,0.856,0.65,0.055,0.637,0.329,0.156,0.155,0.278,0.136,0.306,0.655,0.264,0.134,0.207,0.049,0.24,0.162,0.115,0.064,0.24,0.571,0.903,0.151,0.594,0.67,0.066,0.077,0.233,0.25,0.343,0.599,0.322,0.512,0.443,0.528,0.167,0.47,0.624,0.256,0.218,0.095,0.17,0.897,0.121,0.176,0.21,0.302,0.367,0.14,0.239,0.152,0.298,0.378,0.045,0.111,0.029,0.383,0.393,0.215,0.441,0.589,0.619,0.276,0.791,0.539,0.121,0.086,0.147,0.483,0.602,0.398,0.329,0.067,0.085,0.046,0.2,0.148,0.07,0.056,0.318,0.647,0.855,0.154,0.738,0.98,0.136,0.103,0.236,0.418,0.825,0.426,0.351,0.128,0.232,0.295,0.222,0.156,0.245,0.214,0.135,0.077,0.104,0.388,0.284,0.054,0.986,0.329,0.134,0.015,0.082,0.179,0.365,0.343,0.502,0.1,0.227,0.363,0.355,0.178,0.389,0.296,0.36,0.424,0.335,0.227,0.298,0.752,0.361,0.057,0.21,0.261,0.344,0.353,0.422,0.408,0.332,0.382,0.301,0.311,0.37,0.191,0.211,0.363,0.34,0.268,0.117,0.497,0.672,0.123,0.368,0.249,0.312,0.115,0.089,0.017,0.411,0.116,0.027,0.102,0.572,0.378,0.515,0.153,0.411,0.916,0.052,0.158,0.126,0.978,0.698,0.383,0.325,0.22,0.242,0.095,0.205,0.233,0.253,0.157,0.668,0.317,0.383,0.138,0.437,0.691,0.097,0.138,0.222,0.375,0.827,0.387,0.384,0.169,0.179,0.155,0.273,0.271,0.35,0.072,0.202,0.807,0.508,0.159,0.79,0.55,0.134,0.224,0.278,0.232,0.35,0.797
1-212.txt_267,0.794,0.269,0.358,0.307,0.153,0.311,0.351,0.287,0.168,0.176,0.235,0.302,0.235,0.19,0.323,0.614,0.531,0.039,0.222,0.288,0.235,0.937,0.4,0.359,0.119,0.416,0.507,0.075,0.214,0.221,0.179,0.784,0.235,0.081,0.229,0.363,0.325,0.04,0.069,0.23,0.297,0.216,0.88,0.426,0.194,0.355,0.401,0.289,0.427,0.186,0.199,0.431,0.166,0.181,0.251,0.449,0.684,0.028,0.155,0.288,0.291,0.216,0.629,0.873,0.191,0.404,0.559,0.368,0.253,0.075,0.186,0.266,0.204,0.049,0.259,0.373,0.309,0.018,0.076,0.215,0.179,0.064,0.257,0.033,0.995,0.313,0.141,0.48,0.223,0.257,0.257,0.389,0.301,0.38,0.03,0.272,0.301,0.064,0.273,0.227,0.29,0.605,0.492,0.566,0.037,0.976,0.851,0.089,0.35,0.126,0.213,0.559,0.157,0.146,0.169,0.347,0.185,0.049,0.196,0.071,0.348,0.254,0.347,0.549,0.031,0.395,0.68,0.359,0.178,0.043,0.03,0.48,0.058,0.139,0.41,0.644,0.372,0.141,0.152,0.185,0.393,0.161,0.45,0.336,0.187,0.248,0.184,0.909,0.085,0.23,0.207,0.316,0.136,0.201,0.083,0.375,0.19,0.241,0.167,0.143,0.119,0.047,0.119,0.047,0.018,0.881,0.047,0.993,0.953,0.047,0.5,0.119,0.119,0.881,0.018,0.119,0.047,0.047,0.119,0.047,0.261,0.173,0.188,0.094,0.144,0.17,0.161,0.076,0.112,0.836,0.55,0.119,0.537,0.525,0.155,0.261,0.353,0.19,0.288,0.762,0.299,0.183,0.085,0.088,0.15,0.114,0.164,0.056,0.063,0.628,0.92,0.186,0.765,0.433,0.058,0.308,0.333,0.133,0.365,0.63,0.347,0.613,0.468,0.671,0.033,0.347,0.52,0.347,0.488,0.025,0.025,0.857,0.065,0.153,0.083,0.498,0.525,0.025,0.161,0.058,0.119,0.119,0.047,0.018,0.119,0.119,0.047,0.018,0.047,0.953,0.953,0.119,0.993,0.5,0.047,0.119,0.269,0.119,0.269,0.731,0.197,0.221,0.253,0.071,0.14,0.172,0.039,0.166,0.272,0.357,0.483,0.24,0.254,0.877,0.117,0.206,0.269,0.364,0.825,0.391,0.321,0.215,0.219,0.349,0.114,0.429,0.294,0.281,0.16,0.272,0.219,0.225,0.202,0.201,0.936,0.358,0.396,0.053,0.235,0.318,0.393,0.212,0.412,0.185,0.128,0.342,0.395,0.415,0.232,0.058,0.089,0.474,0.076,0.248,0.203,0.826,0.401,0.129,0.345,0.194,0.397,0.279,0.38,0.286,0.146,0.439,0.215,0.192,0.265,0.384,0.35,0.468,0.329,0.197,0.28,0.538,0.79,0.118,0.252,0.577,0.111,0.33,0.384,0.056,0.052,0.339,0.182,0.052,0.111,0.212,0.071,0.185,0.145,0.169,0.047,0.259,0.363,0.999,0.423,0.336,0.263,0.086,0.107,0.041,0.056,0.098,0.193,0.043,0.552,0.121,0.377,0.195,0.148,0.865,0.137,0.186,0.151,0.525,0.979,0.15,0.364,0.183,0.161,0.176,0.083,0.296,0.344,0.114,0.091,0.552,0.478,0.271,0.372,0.511,0.254,0.27,0.362,0.079,0.324,0.806
1-212.txt_269,0.615,0.209,0.242,0.298,0.187,0.366,0.281,0.46,0.245,0.32,0.339,0.276,0.258,0.21,0.319,0.402,0.425,0.084,0.064,0.456,0.229,0.976,0.271,0.023,0.008,0.412,0.153,0.085,0.457,0.53,0.158,0.729,0.664,0.193,0.168,0.292,0.227,0.256,0.051,0.281,0.434,0.282,0.842,0.569,0.012,0.447,0.476,0.225,0.21,0.322,0.274,0.402,0.227,0.026,0.287,0.533,0.337,0.13,0.121,0.269,0.262,0.423,0.707,0.912,0.093,0.6,0.766,0.171,0.428,0.1,0.024,0.495,0.206,0.228,0.187,0.465,0.33,0.089,0.047,0.152,0.502,0.061,0.116,0.16,0.922,0.045,0.271,0.112,0.205,0.357,0.159,0.252,0.126,0.297,0.019,0.395,0.384,0.034,0.265,0.349,0.149,0.546,0.424,0.456,0.07,0.815,0.783,0.237,0.462,0.193,0.12,0.739,0.146,0.156,0.088,0.378,0.349,0.331,0.38,0.317,0.236,0.293,0.266,0.483,0.1,0.508,0.72,0.185,0.142,0.214,0.166,0.482,0.243,0.34,0.552,0.46,0.642,0.009,0.126,0.272,0.271,0.217,0.493,0.366,0.108,0.39,0.373,0.758,0.305,0.145,0.167,0.364,0.166,0.15,0.16,0.458,0.474,0.06,0.154,0.201,0.325,0.385,0.182,0.058,0.312,0.641,0.423,0.08,0.942,0.399,0.299,0.419,0.095,0.427,0.13,0.145,0.135,0.135,0.676,0.45,0.17,0.42,0.283,0.223,0.016,0.441,0.263,0.143,0.443,0.683,0.642,0.267,0.599,0.217,0.026,0.15,0.287,0.012,0.328,0.642,0.417,0.12,0.119,0.165,0.289,0.233,0.239,0.207,0.221,0.598,0.877,0.148,0.484,0.403,0.099,0.178,0.244,0.081,0.35,0.543,0.238,0.609,0.41,0.398,0.066,0.588,0.567,0.281,0.431,0.206,0.232,0.821,0.191,0.121,0.182,0.35,0.394,0.098,0.137,0.187,0.435,0.186,0.234,0.116,0.049,0.414,0.408,0.137,0.11,0.523,0.603,0.333,0.78,0.417,0.045,0.327,0.229,0.315,0.391,0.441,0.162,0.129,0.102,0.13,0.111,0.134,0.108,0.071,0.169,0.375,0.611,0.156,0.384,0.963,0.191,0.198,0.227,0.191,0.587,0.335,0.347,0.415,0.416,0.348,0.023,0.344,0.521,0.149,0.223,0.19,0.245,0.374,0.23,0.171,0.885,0.558,0.408,0.016,0.169,0.294,0.267,0.579,0.422,0.602,0.017,0.404,0.696,0.219,0.348,0.27,0.146,0.62,0.141,0.233,0.233,0.559,0.656,0.009,0.299,0.262,0.299,0.326,0.377,0.348,0.204,0.4,0.444,0.158,0.363,0.365,0.325,0.344,0.308,0.418,0.122,0.43,0.718,0.262,0.505,0.409,0.369,0.012,0.009,0.009,0.369,0.369,0.251,0.012,0.138,0.063,0.449,0.136,0.259,0.5,0.366,0.251,0.369,0.866,0.389,0.367,0.426,0.145,0.108,0.052,0.188,0.028,0.024,0.024,0.627,0.423,0.55,0.062,0.299,0.991,0.014,0.212,0.574,0.685,0.904,0.704,0.273,0.164,0.268,0.149,0.039,0.156,0.2,0.199,0.306,0.631,0.623,0.312,0.557,0.359,0.094,0.297,0.276,0.047,0.363,0.857
1-212.txt_271,0.982,0.269,0.119,0.119,0.5,0.269,0.269,0.5,0.119,0.269,0.269,0.269,0.269,0.119,0.269,0.731,0.5,0.047,0.119,0.5,0.269,0.993,0.5,0.119,0.047,0.731,0.5,0.119,0.5,0.047,0.119,0.881,0.269,0.047,0.119,0.269,0.269,0.047,0.119,0.047,0.119,0.5,0.998,0.731,0.047,0.5,0.5,0.5,0.731,0.047,0.047,0.5,0.119,0.047,0.119,0.731,0.5,0.018,0.119,0.047,0.119,0.119,0.731,0.998,0.047,0.5,0.881,0.269,0.269,0.047,0.018,0.269,0.047,0.047,0.269,0.5,0.269,0.018,0.047,0.047,0.5,0.047,0.047,0.047,1,0.047,0.018,0.119,0.047,0.269,0.269,0.047,0.269,0.119,0.047,0.269,0.269,0.119,0.119,0.269,0.269,0.731,0.5,0.5,0.047,0.993,0.881,0.119,0.5,0.047,0.119,0.731,0.5,0.047,0.269,0.5,0.269,0.119,0.269,0.119,0.269,0.5,0.5,0.881,0.018,0.881,0.993,0.119,0.5,0.047,0.047,0.731,0.119,0.047,0.269,0.5,0.269,0.047,0.119,0.119,0.5,0.119,0.5,0.269,0.119,0.119,0.119,0.998,0.119,0.018,0.018,0.119,0.047,0.047,0.119,0.5,0.119,0.119,0.047,0.047,0.119,0.5,0.731,0.269,0.047,0.5,0.5,0.119,1,0.047,0.047,0.269,0.119,0.269,0.119,0.269,0.119,0.119,0.881,0.047,0.269,0.047,0.047,0.047,0.269,0.047,0.047,0.018,0.047,0.982,0.881,0.047,0.731,0.5,0.047,0.119,0.269,0.047,0.269,0.953,0.269,0.119,0.047,0.018,0.269,0.119,0.047,0.018,0.047,0.881,0.982,0.119,0.881,0.5,0.047,0.119,0.269,0.119,0.269,0.731,0.269,0.881,0.5,0.269,0.047,0.731,0.731,0.119,0.269,0.047,0.119,0.982,0.269,0.047,0.269,0.5,0.269,0.047,0.119,0.119,0.269,0.269,0.119,0.047,0.269,0.5,0.119,0.047,0.119,0.731,0.881,0.269,0.993,0.5,0.119,0.269,0.269,0.269,0.269,0.731,0.119,0.047,0.047,0.047,0.119,0.047,0.047,0.047,0.269,0.5,0.5,0.047,0.5,0.998,0.018,0.119,0.119,0.731,0.953,0.269,0.269,0.119,0.119,0.269,0.047,0.269,0.269,0.119,0.119,0.047,0.047,0.269,0.119,0.018,0.999,0.269,0.269,0.018,0.047,0.119,0.731,0.269,0.731,0.5,0.269,0.5,0.5,0.5,0.269,0.119,0.119,0.5,0.269,0.119,0.269,0.982,0.731,0.047,0.119,0.119,0.5,0.269,0.5,0.269,0.269,0.269,0.269,0.119,0.119,0.269,0.269,0.269,0.269,0.119,0.269,0.731,0.993,0.119,0.119,0.5,0.047,0.047,0.018,0.018,0.119,0.119,0.047,0.119,0.119,0.047,0.119,0.047,0.269,0.731,0.018,0.047,0.119,1,0.881,0.047,0.119,0.119,0.119,0.047,0.119,0.269,0.119,0.047,0.881,0.269,0.269,0.119,0.269,0.953,0.047,0.119,0.119,0.881,0.999,0.269,0.5,0.047,0.047,0.047,0.269,0.119,0.119,0.047,0.047,0.953,0.731,0.119,0.731,0.269,0.119,0.119,0.5,0.047,0.269,0.982
1-212.txt_273,0.78,0.125,0.294,0.317,0.42,0.236,0.228,0.408,0.201,0.39,0.188,0.323,0.357,0.278,0.195,0.424,0.678,0.132,0.273,0.55,0.163,0.702,0.221,0.194,0.089,0.47,0.519,0.26,0.228,0.305,0.408,0.69,0.288,0.335,0.245,0.336,0.342,0.255,0.191,0.363,0.271,0.434,0.783,0.757,0.022,0.414,0.73,0.29,0.545,0.093,0.037,0.528,0.062,0.075,0.21,0.541,0.296,0.02,0.188,0.125,0.323,0.245,0.419,0.769,0.14,0.439,0.924,0.358,0.139,0.238,0.163,0.515,0.052,0.071,0.261,0.295,0.247,0.276,0.12,0.199,0.047,0.005,0.007,0.005,1,0.007,0.061,0.007,0.005,0.033,0.033,0.061,0.018,0.012,0.007,0.047,0.047,0.444,0.012,0.158,0.344,0.509,0.481,0.426,0.031,0.914,0.69,0.18,0.322,0.053,0.218,0.579,0.149,0.177,0.286,0.41,0.376,0.095,0.115,0.186,0.301,0.347,0.453,0.589,0.117,0.642,0.918,0.195,0.17,0.129,0.132,0.683,0.119,0.175,0.218,0.386,0.51,0.075,0.2,0.2,0.575,0.171,0.325,0.286,0.1,0.23,0.126,0.927,0.162,0.053,0.083,0.175,0.106,0.261,0.192,0.385,0.281,0.078,0.191,0.179,0.15,0.267,0.57,0.351,0.011,0.404,0.359,0.456,0.932,0.082,0.237,0.174,0.267,0.514,0.132,0.327,0.1,0.277,0.481,0.042,0.23,0.33,0.243,0.316,0.123,0.222,0.428,0.181,0.338,0.697,0.442,0.372,0.38,0.338,0.333,0.426,0.495,0.029,0.349,0.743,0.301,0.252,0.103,0.05,0.232,0.174,0.167,0.071,0.173,0.643,0.91,0.161,0.637,0.482,0.215,0.115,0.289,0.121,0.31,0.723,0.177,0.607,0.509,0.419,0.046,0.52,0.437,0.267,0.324,0.22,0.332,0.793,0.309,0.15,0.366,0.442,0.558,0.117,0.159,0.189,0.171,0.143,0.147,0.047,0.266,0.281,0.433,0.021,0.084,0.72,0.671,0.274,0.811,0.5,0.065,0.055,0.234,0.023,0.179,0.708,0.204,0.203,0.208,0.11,0.258,0.158,0.073,0.063,0.332,0.417,0.708,0.156,0.535,0.893,0.032,0.134,0.238,0.244,0.767,0.335,0.408,0.402,0.358,0.453,0.174,0.471,0.262,0.274,0.28,0.225,0.205,0.48,0.204,0.226,0.949,0.341,0.329,0.123,0.073,0.185,0.528,0.387,0.457,0.458,0.187,0.416,0.438,0.421,0.422,0.214,0.204,0.443,0.208,0.338,0.373,0.696,0.608,0.195,0.17,0.216,0.258,0.521,0.444,0.404,0.1,0.335,0.572,0.175,0.346,0.215,0.258,0.377,0.158,0.052,0.22,0.653,0.891,0.17,0.257,0.43,0.132,0.251,0.173,0.009,0.326,0.108,0.096,0.014,0.098,0.486,0.339,0.251,0.373,0.373,0.009,0.08,0.359,0.999,0.399,0.334,0.124,0.244,0.241,0.202,0.178,0.241,0.222,0.127,0.451,0.331,0.359,0.205,0.463,0.791,0.108,0.225,0.255,0.174,0.926,0.404,0.392,0.118,0.072,0.157,0.162,0.287,0.278,0.11,0.275,0.768,0.598,0.216,0.47,0.399,0.209,0.283,0.445,0.016,0.3,0.855
1-212.txt_275,0.881,0.272,0.158,0.24,0.294,0.221,0.196,0.439,0.09,0.425,0.289,0.315,0.257,0.21,0.187,0.477,0.401,0.217,0.124,0.411,0.219,0.756,0.399,0.286,0.159,0.467,0.475,0.16,0.338,0.345,0.288,0.633,0.302,0.233,0.222,0.339,0.345,0.13,0.183,0.313,0.159,0.501,0.79,0.707,0.014,0.433,0.728,0.22,0.416,0.083,0.096,0.553,0.125,0.16,0.362,0.544,0.317,0.123,0.104,0.11,0.366,0.218,0.64,0.883,0.017,0.564,0.857,0.466,0.207,0.145,0.044,0.384,0.035,0.045,0.293,0.435,0.26,0.088,0.1,0.159,0.071,0.019,0.02,0.009,0.998,0.02,0.023,0.024,0.01,0.256,0.256,0.032,0.102,0.044,0.02,0.121,0.437,0.501,0.044,0.195,0.364,0.411,0.532,0.489,0.091,0.887,0.713,0.223,0.194,0.049,0.147,0.513,0.301,0.031,0.17,0.454,0.401,0.131,0.201,0.243,0.284,0.453,0.45,0.567,0.012,0.791,0.862,0.195,0.403,0.149,0.181,0.64,0.187,0.147,0.237,0.323,0.483,0.13,0.17,0.281,0.545,0.171,0.242,0.148,0.035,0.171,0.112,0.93,0.335,0.138,0.14,0.144,0.123,0.278,0.247,0.488,0.277,0.248,0.215,0.168,0.196,0.426,0.696,0.64,0.2,0.525,0.493,0.441,0.718,0.084,0.11,0.716,0.342,0.23,0.2,0.335,0.349,0.374,0.445,0.072,0.301,0.268,0.106,0.163,0.241,0.269,0.272,0.125,0.155,0.727,0.586,0.323,0.526,0.445,0.286,0.388,0.43,0.137,0.28,0.7,0.254,0.259,0.145,0.21,0.181,0.243,0.313,0.115,0.265,0.595,0.762,0.269,0.463,0.37,0.278,0.213,0.392,0.043,0.303,0.582,0.2,0.647,0.307,0.322,0.148,0.472,0.376,0.28,0.203,0.294,0.376,0.856,0.33,0.182,0.194,0.359,0.55,0.124,0.195,0.224,0.227,0.048,0.085,0.039,0.171,0.151,0.148,0.021,0.085,0.719,0.849,0.139,0.983,0.482,0.066,0.073,0.083,0.043,0.065,0.726,0.195,0.219,0.116,0.193,0.248,0.14,0.129,0.065,0.362,0.438,0.554,0.079,0.462,0.963,0.099,0.211,0.285,0.271,0.702,0.314,0.277,0.426,0.36,0.352,0.169,0.542,0.405,0.137,0.296,0.098,0.241,0.497,0.219,0.229,0.915,0.317,0.257,0.123,0.057,0.202,0.449,0.469,0.55,0.501,0.105,0.523,0.545,0.444,0.399,0.213,0.132,0.432,0.162,0.212,0.246,0.762,0.595,0.116,0.144,0.246,0.293,0.418,0.367,0.328,0.039,0.409,0.564,0.125,0.416,0.344,0.37,0.519,0.35,0.157,0.273,0.546,0.819,0.095,0.215,0.462,0.063,0.253,0.251,0.009,0.012,0.253,0.136,0.012,0.012,0.444,0.143,0.442,0.5,0.425,0.01,0.138,0.063,0.997,0.464,0.442,0.108,0.15,0.149,0.126,0.141,0.145,0.281,0.097,0.51,0.38,0.411,0.166,0.323,0.789,0.116,0.167,0.152,0.131,0.866,0.478,0.488,0.137,0.112,0.189,0.213,0.291,0.329,0.228,0.379,0.652,0.546,0.217,0.386,0.519,0.142,0.344,0.401,0.123,0.277,0.829
1-212.txt_277,0.587,0.309,0.237,0.303,0.174,0.349,0.432,0.283,0.199,0.413,0.446,0.366,0.346,0.286,0.395,0.357,0.403,0.237,0.245,0.46,0.172,0.825,0.133,0.181,0.025,0.391,0.523,0.028,0.366,0.22,0.243,0.726,0.308,0.424,0.288,0.371,0.506,0.15,0.329,0.365,0.31,0.384,0.631,0.5,0.012,0.842,0.917,0.274,0.375,0.253,0.083,0.5,0.033,0.01,0.018,0.575,0.5,0.478,0.012,0.48,0.2,0.315,0.704,0.897,0.063,0.5,0.792,0.242,0.303,0.057,0.037,0.538,0.073,0.028,0.131,0.441,0.321,0.045,0.114,0.161,0.441,0.038,0.192,0.16,0.991,0.121,0.214,0.168,0.024,0.383,0.231,0.129,0.231,0.399,0.069,0.319,0.378,0.124,0.09,0.343,0.284,0.296,0.361,0.475,0.01,0.765,0.676,0.145,0.227,0.068,0.234,0.691,0.227,0.029,0.386,0.361,0.475,0.319,0.248,0.085,0.325,0.428,0.431,0.543,0.028,0.718,0.734,0.177,0.635,0.214,0.209,0.479,0.216,0.392,0.22,0.468,0.612,0.08,0.323,0.338,0.351,0.331,0.503,0.427,0.188,0.391,0.417,0.908,0.234,0.177,0.052,0.294,0.085,0.03,0.148,0.377,0.234,0.101,0.047,0.1,0.071,0.527,0.222,0.272,0.256,0.5,0.373,0.044,0.754,0.323,0.339,0.915,0.198,0.048,0.343,0.577,0.661,0.094,0.256,0.627,0.083,0.018,0.253,0.007,0.522,0.018,0.033,0.007,0.018,0.741,0.973,0.018,0.842,0.575,0.012,0.259,0.5,0.033,0.083,0.384,0.242,0.399,0.176,0.253,0.081,0.329,0.245,0.1,0.242,0.536,0.704,0.317,0.431,0.517,0.218,0.264,0.267,0.128,0.286,0.47,0.184,0.679,0.502,0.499,0.01,0.67,0.709,0.17,0.248,0.13,0.1,0.928,0.207,0.114,0.187,0.373,0.278,0.197,0.214,0.093,0.343,0.307,0.528,0.298,0.18,0.205,0.21,0.111,0.259,0.602,0.425,0.204,0.837,0.48,0.056,0.351,0.5,0.14,0.346,0.588,0.118,0.195,0.027,0.022,0.011,0.123,0.11,0.03,0.292,0.427,0.614,0.18,0.424,0.995,0.115,0.039,0.135,0.221,0.809,0.355,0.214,0.471,0.415,0.496,0.01,0.587,0.504,0.058,0.482,0.118,0.174,0.671,0.254,0.06,0.846,0.395,0.529,0.131,0.091,0.185,0.473,0.271,0.351,0.381,0.133,0.309,0.437,0.249,0.23,0.29,0.183,0.425,0.192,0.266,0.257,0.722,0.602,0.029,0.329,0.366,0.216,0.676,0.411,0.446,0.017,0.486,0.475,0.212,0.542,0.291,0.354,0.488,0.27,0.194,0.152,0.54,0.839,0.008,0.132,0.232,0.54,0.096,0.173,0.012,0.252,0.326,0.047,0.419,0.252,0.413,0.339,0.023,0.062,0.349,0.046,0.284,0.108,0.871,0.399,0.334,0.317,0.28,0.194,0.057,0.464,0.224,0.256,0.168,0.562,0.308,0.458,0.194,0.337,0.669,0.116,0.246,0.24,0.229,0.816,0.392,0.433,0.132,0.126,0.065,0.198,0.23,0.201,0.144,0.234,0.716,0.675,0.175,0.517,0.48,0.102,0.23,0.335,0.12,0.236,0.841
1-212.txt_279,0.883,0.117,0.257,0.325,0.497,0.171,0.31,0.331,0.046,0.52,0.377,0.26,0.387,0.186,0.244,0.366,0.548,0.234,0.104,0.584,0.332,0.728,0.414,0.32,0.051,0.578,0.404,0.286,0.388,0.357,0.299,0.581,0.336,0.434,0.366,0.39,0.339,0.27,0.215,0.27,0.307,0.475,0.753,0.649,0.149,0.432,0.771,0.196,0.549,0.133,0.105,0.692,0.168,0.093,0.106,0.423,0.355,0.104,0.174,0.212,0.23,0.327,0.668,0.874,0.088,0.613,0.797,0.46,0.14,0.152,0.046,0.513,0.017,0.041,0.153,0.398,0.168,0.157,0.093,0.141,0.047,0.005,0.027,0.002,1,0.005,0.061,0.007,0.005,0.018,0.018,0.061,0.018,0.007,0.007,0.033,0.047,0.444,0.063,0.083,0.194,0.493,0.446,0.428,0.112,0.832,0.709,0.084,0.45,0.127,0.203,0.625,0.244,0.071,0.097,0.334,0.41,0.279,0.186,0.26,0.271,0.304,0.488,0.676,0.046,0.64,0.979,0.17,0.21,0.148,0.153,0.652,0.167,0.082,0.3,0.391,0.445,0.144,0.184,0.155,0.509,0.097,0.275,0.259,0.112,0.157,0.129,0.898,0.303,0.134,0.221,0.164,0.17,0.273,0.241,0.402,0.232,0.241,0.257,0.234,0.384,0.31,0.558,0.425,0.027,0.931,0.616,0.31,0.857,0.31,0.033,0.425,0.5,0.253,0.259,0.384,0.194,0.027,0.069,0.485,0.286,0.333,0.17,0.197,0.242,0.341,0.289,0.172,0.29,0.658,0.406,0.403,0.562,0.432,0.257,0.474,0.503,0.128,0.421,0.677,0.246,0.27,0.145,0.119,0.328,0.228,0.258,0.132,0.22,0.65,0.85,0.189,0.661,0.398,0.305,0.14,0.312,0.165,0.315,0.699,0.194,0.702,0.385,0.338,0.149,0.456,0.435,0.342,0.369,0.318,0.403,0.714,0.301,0.284,0.394,0.428,0.51,0.207,0.153,0.224,0.31,0.069,0.083,0.033,0.425,0.194,0.158,0.012,0.033,0.384,0.806,0.083,0.999,0.575,0.069,0.033,0.194,0.069,0.083,0.726,0.199,0.147,0.143,0.108,0.216,0.143,0.099,0.062,0.309,0.451,0.649,0.081,0.5,0.978,0.032,0.109,0.224,0.267,0.719,0.331,0.381,0.459,0.441,0.508,0.133,0.597,0.449,0.121,0.372,0.077,0.098,0.598,0.099,0.072,0.955,0.459,0.325,0.018,0.042,0.142,0.627,0.365,0.371,0.394,0.145,0.419,0.521,0.423,0.417,0.224,0.178,0.492,0.175,0.248,0.339,0.759,0.686,0.089,0.105,0.263,0.282,0.371,0.371,0.323,0.12,0.285,0.432,0.174,0.346,0.232,0.35,0.393,0.202,0.192,0.314,0.628,0.852,0.103,0.155,0.48,0.027,0.01,0.009,0.004,0.5,0.012,0.01,0.012,0.012,0.061,0.444,0.01,0.069,0.425,0.009,0.061,0.48,1,0.575,0.061,0.132,0.102,0.292,0.173,0.236,0.15,0.204,0.079,0.593,0.357,0.338,0.158,0.383,0.86,0.148,0.167,0.224,0.203,0.922,0.345,0.36,0.167,0.052,0.125,0.067,0.336,0.284,0.098,0.173,0.77,0.686,0.212,0.611,0.436,0.154,0.163,0.396,0.017,0.346,0.844
1-212.txt_281,0.794,0.26,0.33,0.451,0.537,0.247,0.305,0.285,0.058,0.409,0.249,0.368,0.33,0.199,0.154,0.521,0.53,0.201,0.152,0.499,0.242,0.841,0.363,0.164,0.176,0.335,0.348,0.17,0.337,0.272,0.379,0.606,0.293,0.437,0.262,0.247,0.281,0.18,0.324,0.215,0.203,0.448,0.822,0.744,0.018,0.379,0.706,0.253,0.47,0.1,0.028,0.495,0.107,0.156,0.275,0.538,0.272,0.119,0.231,0.096,0.367,0.352,0.481,0.835,0.085,0.442,0.835,0.383,0.162,0.207,0.179,0.386,0.109,0.106,0.299,0.358,0.329,0.225,0.09,0.274,0.047,0.005,0.007,0.002,1,0.007,0.01,0.007,0.005,0.033,0.069,0.025,0.143,0.007,0.007,0.033,0.047,0.444,0.007,0.158,0.298,0.471,0.553,0.617,0.029,0.85,0.648,0.275,0.377,0.096,0.15,0.605,0.178,0.129,0.212,0.424,0.367,0.166,0.081,0.203,0.263,0.382,0.483,0.63,0.089,0.652,0.953,0.139,0.196,0.053,0.087,0.74,0.118,0.156,0.411,0.347,0.534,0.062,0.19,0.277,0.491,0.24,0.263,0.185,0.037,0.262,0.185,0.826,0.27,0.13,0.16,0.201,0.176,0.271,0.181,0.451,0.299,0.313,0.145,0.209,0.464,0.194,0.551,0.194,0.033,0.631,0.69,0.5,0.731,0.047,0.194,0.5,0.083,0.389,0.083,0.616,0.425,0.083,0.52,0.083,0.36,0.263,0.27,0.198,0.217,0.249,0.333,0.113,0.105,0.75,0.427,0.432,0.458,0.321,0.257,0.429,0.62,0.09,0.252,0.67,0.202,0.24,0.104,0.073,0.181,0.147,0.152,0.105,0.182,0.643,0.913,0.168,0.669,0.546,0.169,0.101,0.288,0.088,0.347,0.668,0.199,0.629,0.423,0.28,0.08,0.569,0.542,0.3,0.285,0.364,0.361,0.748,0.383,0.181,0.201,0.365,0.497,0.154,0.193,0.264,0.212,0.048,0.26,0.013,0.45,0.182,0.108,0.009,0.048,0.587,0.805,0.062,0.993,0.627,0.108,0.058,0.296,0.052,0.071,0.728,0.236,0.204,0.083,0.105,0.285,0.126,0.086,0.021,0.383,0.478,0.673,0.067,0.549,0.939,0.035,0.142,0.35,0.246,0.714,0.362,0.432,0.241,0.32,0.459,0.118,0.395,0.299,0.305,0.305,0.184,0.115,0.547,0.097,0.101,0.964,0.376,0.355,0.113,0.04,0.194,0.511,0.39,0.323,0.461,0.158,0.268,0.397,0.386,0.333,0.299,0.265,0.413,0.295,0.251,0.484,0.678,0.501,0.148,0.11,0.325,0.34,0.458,0.466,0.316,0.038,0.313,0.569,0.186,0.32,0.164,0.23,0.418,0.317,0.151,0.177,0.738,0.885,0.149,0.202,0.268,0.286,0.252,0.096,0.046,0.339,0.058,0.173,0.014,0.098,0.462,0.339,0.251,0.373,0.373,0.009,0.132,0.409,0.998,0.349,0.334,0.116,0.072,0.222,0.21,0.162,0.273,0.235,0.119,0.565,0.376,0.315,0.179,0.339,0.843,0.125,0.252,0.244,0.2,0.964,0.396,0.375,0.163,0.127,0.236,0.067,0.295,0.39,0.062,0.221,0.683,0.562,0.281,0.375,0.479,0.274,0.317,0.387,0.021,0.332,0.793
1-212.txt_283,0.789,0.142,0.203,0.297,0.299,0.164,0.278,0.326,0.042,0.368,0.38,0.326,0.271,0.179,0.258,0.347,0.494,0.122,0.084,0.531,0.27,0.671,0.405,0.352,0.162,0.563,0.585,0.13,0.216,0.327,0.201,0.599,0.242,0.17,0.143,0.335,0.539,0.186,0.266,0.325,0.279,0.393,0.879,0.729,0.021,0.461,0.62,0.369,0.591,0.09,0.101,0.493,0.177,0.032,0.305,0.454,0.301,0.088,0.176,0.106,0.18,0.393,0.678,0.895,0.015,0.492,0.782,0.262,0.288,0.084,0.045,0.479,0.055,0.097,0.262,0.432,0.276,0.266,0.077,0.065,0.095,0.017,0.02,0.008,0.999,0.034,0.056,0.01,0.019,0.052,0.323,0.019,0.052,0.298,0.01,0.062,0.349,0.653,0.094,0.145,0.297,0.628,0.405,0.395,0.131,0.84,0.669,0.283,0.357,0.151,0.198,0.525,0.251,0.308,0.305,0.382,0.378,0.277,0.215,0.305,0.318,0.321,0.419,0.826,0.007,0.643,0.909,0.324,0.249,0.072,0.072,0.672,0.179,0.129,0.349,0.471,0.404,0.208,0.17,0.09,0.555,0.21,0.276,0.219,0.029,0.263,0.22,0.897,0.218,0.27,0.157,0.242,0.225,0.263,0.142,0.337,0.243,0.258,0.15,0.251,0.881,0.269,0.119,0.119,0.119,0.269,0.119,0.881,0.982,0.119,0.269,0.881,0.119,0.731,0.5,0.119,0.269,0.119,0.5,0.5,0.239,0.228,0.269,0.116,0.217,0.255,0.346,0.17,0.182,0.827,0.498,0.4,0.45,0.366,0.198,0.388,0.473,0.242,0.355,0.759,0.358,0.166,0.081,0.083,0.268,0.165,0.165,0.057,0.187,0.699,0.899,0.181,0.556,0.53,0.288,0.111,0.29,0.041,0.316,0.661,0.17,0.612,0.344,0.417,0.197,0.401,0.356,0.317,0.445,0.236,0.432,0.684,0.422,0.139,0.314,0.353,0.472,0.097,0.09,0.198,0.284,0.222,0.073,0.103,0.247,0.206,0.206,0.192,0.066,0.681,0.595,0.214,0.927,0.498,0.264,0.322,0.327,0.051,0.196,0.736,0.199,0.17,0.155,0.13,0.289,0.162,0.06,0.064,0.375,0.448,0.63,0.122,0.523,0.973,0.03,0.112,0.234,0.169,0.754,0.34,0.28,0.386,0.405,0.51,0.223,0.755,0.436,0.095,0.195,0.132,0.171,0.515,0.162,0.095,0.954,0.482,0.3,0.115,0.072,0.139,0.452,0.351,0.369,0.379,0.153,0.265,0.34,0.361,0.316,0.29,0.282,0.318,0.298,0.28,0.423,0.7,0.6,0.071,0.079,0.352,0.365,0.502,0.329,0.39,0.127,0.448,0.44,0.125,0.416,0.22,0.303,0.596,0.311,0.24,0.119,0.659,0.825,0.129,0.294,0.333,0.063,0.367,0.06,0.004,0.012,0.138,0.061,0.012,0.138,0.444,0.143,0.367,0.5,0.425,0.004,0.136,0.138,0.997,0.389,0.442,0.109,0.172,0.335,0.288,0.169,0.217,0.178,0.134,0.421,0.348,0.354,0.256,0.374,0.81,0.142,0.255,0.267,0.113,0.93,0.344,0.392,0.16,0.076,0.166,0.142,0.225,0.313,0.127,0.262,0.649,0.636,0.225,0.47,0.466,0.216,0.292,0.37,0.033,0.229,0.785
1-212.txt_285,0.769,0.217,0.304,0.29,0.294,0.137,0.334,0.383,0.147,0.335,0.395,0.256,0.147,0.196,0.055,0.424,0.417,0.111,0.144,0.252,0.256,0.715,0.506,0.33,0.06,0.512,0.473,0.383,0.5,0.323,0.243,0.629,0.333,0.239,0.36,0.386,0.275,0.212,0.291,0.289,0.237,0.386,0.743,0.53,0.099,0.446,0.698,0.245,0.648,0.204,0.113,0.589,0.151,0.216,0.177,0.404,0.365,0.12,0.216,0.202,0.311,0.413,0.582,0.847,0.022,0.5,0.855,0.268,0.139,0.104,0.124,0.475,0.154,0.086,0.221,0.423,0.353,0.075,0.055,0.152,0.071,0.009,0.024,0.009,0.998,0.024,0.023,0.024,0.009,0.256,0.179,0.056,0.306,0.044,0.01,0.095,0.51,0.337,0.044,0.325,0.282,0.361,0.449,0.661,0.023,0.809,0.652,0.27,0.288,0.119,0.186,0.479,0.183,0.079,0.274,0.371,0.284,0.285,0.134,0.172,0.257,0.456,0.347,0.552,0.185,0.637,0.903,0.058,0.289,0.135,0.078,0.795,0.235,0.017,0.281,0.5,0.743,0.006,0.209,0.311,0.572,0.184,0.292,0.309,0.023,0.257,0.254,0.823,0.263,0.2,0.07,0.301,0.077,0.265,0.277,0.377,0.274,0.254,0.204,0.114,0.31,0.158,0.425,0.425,0.012,0.69,0.931,0.047,0.194,0.375,0.464,0.5,0.384,0.269,0.575,0.194,0.425,0.259,0.449,0.389,0.264,0.203,0.124,0.118,0.259,0.139,0.136,0.159,0.085,0.857,0.603,0.369,0.647,0.345,0.239,0.387,0.36,0.114,0.327,0.756,0.248,0.228,0.104,0.089,0.202,0.199,0.159,0.097,0.179,0.603,0.894,0.201,0.591,0.688,0.278,0.072,0.305,0.179,0.384,0.646,0.161,0.627,0.292,0.3,0.175,0.548,0.454,0.146,0.221,0.309,0.417,0.801,0.401,0.297,0.265,0.38,0.614,0.173,0.195,0.264,0.425,0.033,0.375,0.033,0.515,0.119,0.033,0.012,0.033,0.69,0.616,0.047,0.999,0.5,0.012,0.047,0.083,0.033,0.083,0.726,0.222,0.174,0.089,0.091,0.219,0.106,0.083,0.059,0.269,0.451,0.612,0.129,0.55,0.93,0.091,0.108,0.223,0.213,0.706,0.299,0.379,0.278,0.394,0.457,0.104,0.668,0.454,0.322,0.17,0.049,0.152,0.454,0.064,0.084,0.959,0.425,0.349,0.035,0.09,0.068,0.493,0.528,0.449,0.432,0.054,0.293,0.507,0.417,0.57,0.217,0.121,0.444,0.128,0.191,0.397,0.812,0.683,0.124,0.062,0.372,0.406,0.406,0.318,0.281,0.283,0.224,0.291,0.17,0.38,0.384,0.418,0.381,0.366,0.285,0.158,0.571,0.796,0.063,0.243,0.576,0.063,0.369,0.251,0.009,0.012,0.253,0.138,0.063,0.012,0.444,0.143,0.442,0.5,0.31,0.01,0.063,0.063,0.997,0.5,0.444,0.13,0.121,0.336,0.206,0.2,0.176,0.193,0.108,0.476,0.398,0.357,0.165,0.179,0.915,0.254,0.26,0.294,0.177,0.984,0.372,0.313,0.253,0.24,0.23,0.156,0.367,0.44,0.141,0.266,0.681,0.529,0.324,0.421,0.458,0.222,0.262,0.406,0.027,0.284,0.835
1-212.txt_287,0.867,0.183,0.169,0.062,0.272,0.146,0.265,0.443,0.209,0.398,0.374,0.2,0.305,0.146,0.126,0.491,0.491,0.134,0.099,0.559,0.347,0.824,0.349,0.507,0.138,0.463,0.558,0.367,0.389,0.169,0.209,0.829,0.329,0.324,0.424,0.5,0.31,0.263,0.218,0.292,0.384,0.388,0.745,0.472,0.029,0.379,0.459,0.314,0.45,0.158,0.331,0.476,0.323,0.152,0.24,0.475,0.461,0.142,0.142,0.288,0.214,0.153,0.686,0.87,0.019,0.315,0.434,0.582,0.218,0.117,0.047,0.272,0.035,0.017,0.074,0.448,0.229,0.014,0.025,0.065,0.389,0.063,0.143,0.063,0.976,0.143,0.575,0.063,0.063,0.069,0.033,0.253,0.047,0.012,0.063,0.52,0.731,0.012,0.027,0.083,0.265,0.441,0.578,0.398,0.114,0.945,0.69,0.266,0.385,0.069,0.248,0.55,0.112,0.135,0.22,0.378,0.272,0.108,0.209,0.177,0.31,0.447,0.366,0.366,0.022,0.629,0.768,0.343,0.335,0.028,0.026,0.557,0.251,0.073,0.347,0.376,0.396,0.101,0.118,0.185,0.533,0.106,0.159,0.134,0.135,0.316,0.285,0.875,0.298,0.134,0.135,0.202,0.206,0.319,0.202,0.419,0.392,0.126,0.147,0.101,0.289,0.708,0.252,0.254,0.025,0.681,0.46,0.171,0.773,0.113,0.143,0.683,0.292,0.204,0.095,0.48,0.576,0.503,0.179,0.417,0.349,0.278,0.193,0.106,0.143,0.327,0.221,0.199,0.148,0.809,0.693,0.202,0.647,0.297,0.322,0.268,0.621,0.031,0.136,0.738,0.244,0.164,0.082,0.242,0.135,0.136,0.201,0.114,0.101,0.572,0.827,0.219,0.516,0.383,0.328,0.202,0.248,0.046,0.17,0.564,0.25,0.825,0.409,0.184,0.112,0.6,0.47,0.239,0.167,0.356,0.29,0.858,0.262,0.228,0.287,0.432,0.471,0.117,0.234,0.18,0.405,0.407,0.04,0.025,0.299,0.329,0.139,0.033,0.058,0.558,0.861,0.196,0.997,0.384,0.394,0.083,0.157,0.065,0.083,0.537,0.176,0.111,0.113,0.076,0.124,0.146,0.188,0.072,0.328,0.318,0.471,0.042,0.282,0.889,0.088,0.275,0.283,0.289,0.711,0.272,0.396,0.253,0.262,0.205,0.044,0.651,0.398,0.277,0.178,0.06,0.199,0.581,0.074,0.135,0.903,0.434,0.452,0.04,0.134,0.155,0.258,0.425,0.485,0.269,0.05,0.59,0.272,0.32,0.438,0.455,0.286,0.425,0.386,0.255,0.205,0.732,0.537,0.206,0.269,0.298,0.385,0.349,0.266,0.353,0.052,0.333,0.374,0.237,0.338,0.329,0.184,0.432,0.235,0.129,0.23,0.645,0.825,0.188,0.075,0.399,0.058,0.351,0.26,0.096,0.336,0.188,0.048,0.098,0.024,0.132,0.179,0.312,0.062,0.182,0.013,0.132,0.486,0.91,0.339,0.082,0.193,0.055,0.14,0.075,0.203,0.047,0.1,0.168,0.528,0.365,0.466,0.093,0.41,0.92,0.111,0.211,0.072,0.226,0.973,0.299,0.44,0.194,0.088,0.033,0.038,0.22,0.307,0.096,0.182,0.56,0.576,0.217,0.623,0.379,0.221,0.257,0.38,0.025,0.19,0.8
1-212.txt_289,0.814,0.192,0.132,0.165,0.105,0.311,0.362,0.236,0.037,0.256,0.336,0.359,0.351,0.185,0.403,0.394,0.373,0.07,0.128,0.405,0.185,0.724,0.349,0.507,0.136,0.465,0.499,0.125,0.544,0.115,0.133,0.601,0.225,0.214,0.131,0.359,0.258,0.135,0.25,0.136,0.221,0.48,0.81,0.45,0.016,0.614,0.682,0.256,0.307,0.2,0.649,0.565,0.286,0.045,0.411,0.5,0.336,0.312,0.06,0.246,0.287,0.163,0.738,0.974,0.023,0.5,0.74,0.191,0.356,0.073,0.054,0.457,0.046,0.009,0.402,0.381,0.4,0.004,0.017,0.137,0.31,0.063,0.018,0.007,1,0.018,0.007,0.018,0.007,0.31,0.274,0.063,0.083,0.033,0.012,0.274,0.31,0.012,0.018,0.806,0.425,0.857,0.119,0.083,0.012,0.917,0.931,0.143,0.449,0.464,0.444,0.389,0.069,0.027,0.5,0.274,0.269,0.444,0.033,0.375,0.19,0.36,0.394,0.527,0.017,0.498,0.862,0.159,0.245,0.061,0.086,0.632,0.207,0.139,0.26,0.588,0.573,0.01,0.066,0.235,0.471,0.205,0.249,0.359,0.114,0.249,0.433,0.822,0.218,0.249,0.183,0.31,0.222,0.121,0.194,0.429,0.222,0.02,0.202,0.237,0.136,0.667,0.598,0.526,0.013,0.454,0.544,0.187,0.979,0.118,0.132,0.409,0.357,0.331,0.398,0.546,0.5,0.209,0.384,0.215,0.466,0.099,0.279,0.108,0.203,0.104,0.138,0.076,0.163,0.881,0.754,0.143,0.484,0.658,0.095,0.264,0.145,0.031,0.18,0.77,0.256,0.163,0.087,0.126,0.15,0.305,0.215,0.152,0.072,0.714,0.911,0.19,0.596,0.404,0.271,0.154,0.237,0.08,0.118,0.577,0.186,0.626,0.262,0.349,0.168,0.695,0.744,0.047,0.137,0.142,0.171,0.963,0.312,0.044,0.257,0.395,0.418,0.013,0.139,0.186,0.169,0.024,0.02,0.01,0.038,0.052,0.024,0.01,0.188,0.778,0.855,0.028,0.871,0.744,0.014,0.188,0.145,0.349,0.323,0.788,0.082,0.305,0.141,0.025,0.12,0.134,0.19,0.073,0.335,0.26,0.466,0.274,0.425,0.964,0.121,0.138,0.254,0.238,0.68,0.295,0.179,0.31,0.158,0.631,0.191,0.66,0.445,0.131,0.387,0.193,0.083,0.413,0.051,0.136,0.965,0.537,0.349,0.012,0.231,0.051,0.454,0.419,0.39,0.416,0.145,0.419,0.466,0.455,0.253,0.148,0.144,0.447,0.124,0.102,0.249,0.727,0.54,0.076,0.11,0.163,0.477,0.288,0.145,0.091,0.205,0.32,0.276,0.258,0.215,0.429,0.356,0.313,0.463,0.22,0.1,0.386,0.789,0.015,0.155,0.652,0.138,0.369,0.136,0.25,0.012,0.069,0.063,0.027,0.253,0.138,0.143,0.494,0.375,0.575,0.136,0.138,0.138,0.976,0.31,0.138,0.081,0.222,0.048,0.02,0.246,0.196,0.023,0.008,0.778,0.121,0.397,0.136,0.121,0.894,0.133,0.033,0.025,0.292,0.986,0.342,0.559,0.148,0.099,0.13,0.177,0.146,0.163,0.11,0.178,0.588,0.592,0.207,0.525,0.321,0.151,0.34,0.476,0.019,0.162,0.773
1-212.txt_291,0.747,0.225,0.276,0.371,0.119,0.324,0.358,0.542,0.289,0.252,0.241,0.31,0.236,0.126,0.219,0.447,0.452,0.096,0.081,0.355,0.225,0.758,0.298,0.368,0.072,0.56,0.578,0.22,0.228,0.13,0.252,0.771,0.184,0.117,0.28,0.404,0.414,0.295,0.168,0.08,0.243,0.189,0.619,0.456,0.019,0.237,0.237,0.033,0.313,0.455,0.425,0.225,0.374,0.282,0.072,0.469,0.637,0.031,0.24,0.503,0.329,0.454,0.659,0.909,0.191,0.506,0.393,0.301,0.042,0.104,0.013,0.476,0.028,0.013,0.109,0.5,0.585,0.01,0.158,0.141,0.083,0.061,0.253,0.005,1,0.012,0.005,0.033,0.005,0.047,0.083,0.01,0.033,0.012,0.007,0.047,0.047,0.012,0.012,0.083,0.34,0.515,0.546,0.515,0.02,0.839,0.764,0.176,0.293,0.259,0.092,0.477,0.268,0.138,0.242,0.439,0.351,0.393,0.158,0.231,0.392,0.297,0.454,0.363,0.267,0.378,0.741,0.336,0.426,0.234,0.128,0.444,0.279,0.025,0.161,0.378,0.439,0.017,0.078,0.401,0.405,0.133,0.37,0.353,0.107,0.475,0.464,0.723,0.493,0.157,0.17,0.332,0.125,0.235,0.042,0.507,0.339,0.105,0.179,0.265,0.272,0.322,0.354,0.151,0.025,0.565,0.322,0.347,0.919,0.204,0.066,0.274,0.266,0.359,0.201,0.555,0.405,0.264,0.405,0.266,0.339,0.317,0.286,0.299,0.128,0.369,0.381,0.235,0.291,0.312,0.369,0.385,0.305,0.286,0.215,0.388,0.404,0.159,0.239,0.36,0.29,0.171,0.109,0.081,0.213,0.176,0.175,0.132,0.141,0.579,0.851,0.251,0.639,0.407,0.072,0.218,0.227,0.134,0.311,0.486,0.284,0.62,0.298,0.592,0.098,0.641,0.585,0.199,0.517,0.194,0.189,0.771,0.148,0.149,0.418,0.507,0.418,0.096,0.25,0.157,0.194,0.551,0.047,0.143,0.063,0.5,0.5,0.018,0.083,0.5,0.425,0.5,0.865,0.143,0.033,0.194,0.5,0.063,0.069,0.5,0.11,0.209,0.044,0.114,0.018,0.209,0.171,0.022,0.174,0.332,0.482,0.343,0.319,0.956,0.144,0.2,0.344,0.132,0.577,0.389,0.302,0.193,0.085,0.124,0.298,0.349,0.233,0.071,0.127,0.177,0.316,0.214,0.354,0.137,0.958,0.303,0.38,0.159,0.11,0.354,0.375,0.455,0.564,0.429,0.113,0.47,0.482,0.209,0.369,0.093,0.242,0.536,0.214,0.123,0.334,0.719,0.502,0.09,0.17,0.195,0.373,0.281,0.393,0.361,0.033,0.237,0.323,0.118,0.445,0.125,0.188,0.286,0.205,0.114,0.351,0.57,0.904,0.171,0.077,0.453,0.138,0.138,0.025,0.024,0.012,0.259,0.48,0.063,0.027,0.369,0.375,0.136,0.069,0.158,0.251,0.138,0.138,0.991,0.384,0.253,0.025,0.094,0.189,0.048,0.225,0.025,0.296,0.072,0.747,0.153,0.176,0.131,0.065,0.926,0.038,0.088,0.234,0.232,0.988,0.259,0.295,0.197,0.184,0.158,0.077,0.199,0.3,0.125,0.207,0.699,0.633,0.248,0.371,0.526,0.127,0.312,0.476,0.189,0.288,0.867
1-212.txt_293,0.754,0.21,0.251,0.282,0.105,0.331,0.263,0.411,0.3,0.263,0.268,0.295,0.35,0.116,0.301,0.511,0.442,0.083,0.045,0.386,0.163,0.814,0.371,0.357,0.133,0.477,0.62,0.135,0.238,0.264,0.263,0.694,0.268,0.231,0.102,0.446,0.379,0.43,0.17,0.206,0.21,0.318,0.656,0.425,0.012,0.585,0.469,0.306,0.286,0.205,0.269,0.386,0.302,0.154,0.351,0.435,0.425,0.317,0.181,0.364,0.333,0.402,0.575,0.867,0.138,0.404,0.455,0.315,0.043,0.078,0.114,0.418,0.092,0.009,0.119,0.434,0.529,0.007,0.133,0.111,0.349,0.173,0.182,0.005,1,0.096,0.009,0.048,0.009,0.188,0.188,0.013,0.038,0.094,0.01,0.198,0.198,0.007,0.014,0.325,0.168,0.306,0.591,0.626,0.101,0.785,0.637,0.493,0.406,0.103,0.032,0.51,0.15,0.011,0.309,0.442,0.352,0.014,0.108,0.056,0.317,0.5,0.348,0.378,0.028,0.498,0.882,0.086,0.395,0.311,0.307,0.518,0.454,0.092,0.161,0.301,0.53,0.025,0.193,0.409,0.471,0.175,0.378,0.398,0.101,0.463,0.459,0.741,0.447,0.108,0.128,0.268,0.126,0.285,0.046,0.514,0.307,0.173,0.246,0.206,0.214,0.493,0.392,0.169,0.02,0.576,0.329,0.073,0.901,0.161,0.347,0.354,0.179,0.246,0.023,0.463,0.405,0.256,0.452,0.106,0.246,0.151,0.279,0.195,0.232,0.182,0.31,0.097,0.141,0.713,0.605,0.303,0.437,0.444,0.096,0.356,0.433,0.12,0.193,0.751,0.271,0.197,0.111,0.116,0.196,0.254,0.204,0.096,0.167,0.498,0.806,0.265,0.652,0.437,0.067,0.18,0.232,0.039,0.289,0.47,0.287,0.677,0.369,0.524,0.056,0.612,0.562,0.157,0.493,0.197,0.168,0.807,0.208,0.158,0.365,0.36,0.394,0.101,0.269,0.183,0.373,0.323,0.028,0.018,0.052,0.145,0.373,0.038,0.135,0.577,0.627,0.373,0.904,0.577,0.345,0.119,0.269,0.378,0.121,0.778,0.099,0.241,0.231,0.272,0.014,0.164,0.18,0.077,0.212,0.394,0.505,0.343,0.341,0.935,0.252,0.144,0.285,0.174,0.546,0.361,0.261,0.285,0.219,0.243,0.036,0.366,0.344,0.244,0.298,0.125,0.257,0.348,0.237,0.091,0.866,0.229,0.246,0.141,0.091,0.129,0.364,0.357,0.329,0.329,0.02,0.317,0.407,0.053,0.238,0.307,0.528,0.366,0.393,0.254,0.299,0.647,0.514,0.108,0.243,0.375,0.543,0.231,0.368,0.382,0.269,0.224,0.308,0.17,0.233,0.288,0.224,0.281,0.321,0.078,0.185,0.553,0.857,0.057,0.041,0.373,0.108,0.108,0.207,0.032,0.302,0.425,0.462,0.048,0.058,0.312,0.315,0.18,0.085,0.121,0.023,0.132,0.209,0.997,0.296,0.413,0.024,0.099,0.231,0.054,0.341,0.03,0.141,0.029,0.749,0.17,0.267,0.175,0.138,0.939,0.031,0.12,0.191,0.209,0.996,0.124,0.396,0.245,0.242,0.131,0.117,0.283,0.224,0.318,0.222,0.59,0.528,0.291,0.31,0.403,0.039,0.316,0.437,0.221,0.138,0.85
1-212.txt_295,0.757,0.077,0.229,0.225,0.229,0.192,0.326,0.327,0.123,0.441,0.379,0.267,0.222,0.167,0.201,0.389,0.518,0.132,0.222,0.655,0.31,0.666,0.444,0.487,0.011,0.432,0.542,0.144,0.391,0.111,0.104,0.483,0.222,0.229,0.343,0.337,0.383,0.199,0.242,0.114,0.191,0.434,0.865,0.495,0.013,0.281,0.271,0.305,0.275,0.286,0.317,0.424,0.168,0.251,0.086,0.5,0.275,0.009,0.134,0.292,0.153,0.279,0.736,0.929,0.058,0.631,0.718,0.404,0.554,0.204,0.073,0.524,0.076,0.112,0.175,0.301,0.414,0.103,0.095,0.09,0.083,0.063,0.253,0.007,1,0.007,0.005,0.027,0.007,0.069,0.018,0.027,0.018,0.012,0.007,0.047,0.083,0.012,0.012,0.047,0.206,0.505,0.219,0.453,0.157,0.806,0.67,0.06,0.317,0.301,0.184,0.545,0.225,0.103,0.217,0.32,0.383,0.215,0.224,0.209,0.271,0.406,0.236,0.327,0.253,0.694,0.805,0.193,0.357,0.183,0.305,0.606,0.372,0.252,0.288,0.594,0.587,0.106,0.209,0.239,0.379,0.452,0.368,0.361,0.081,0.414,0.511,0.736,0.474,0.204,0.128,0.436,0.165,0.034,0.235,0.417,0.27,0.007,0.017,0.14,0.189,0.482,0.616,0.39,0.075,0.653,0.525,0.076,0.738,0.161,0.256,0.463,0.259,0.04,0.409,0.329,0.194,0.473,0.088,0.351,0.405,0.038,0.168,0.252,0.263,0.051,0.246,0.058,0.256,0.811,0.708,0.048,0.482,0.465,0.075,0.319,0.284,0.012,0.058,0.924,0.272,0.258,0.186,0.166,0.104,0.247,0.22,0.116,0.233,0.488,0.762,0.353,0.526,0.435,0.201,0.206,0.289,0.069,0.313,0.478,0.168,0.673,0.476,0.608,0.141,0.622,0.763,0.277,0.418,0.047,0.129,0.883,0.185,0.135,0.219,0.444,0.306,0.01,0.078,0.074,0.159,0.424,0.17,0.305,0.036,0.47,0.486,0.183,0.03,0.424,0.566,0.611,0.791,0.235,0.351,0.357,0.301,0.033,0.042,0.348,0.099,0.198,0.171,0.215,0.248,0.065,0.139,0.117,0.297,0.361,0.432,0.244,0.279,0.897,0.146,0.116,0.167,0.209,0.672,0.302,0.468,0.298,0.344,0.341,0.017,0.258,0.573,0.194,0.262,0.157,0.5,0.431,0.166,0.256,0.845,0.348,0.493,0.203,0.118,0.225,0.521,0.407,0.362,0.354,0.195,0.343,0.282,0.345,0.264,0.261,0.18,0.429,0.164,0.191,0.098,0.733,0.545,0.098,0.198,0.39,0.306,0.292,0.33,0.158,0.13,0.393,0.373,0.063,0.254,0.307,0.409,0.454,0.419,0.277,0.05,0.688,0.909,0.015,0.241,0.4,0.477,0.371,0.089,0.033,0.036,0.305,0.083,0.227,0.483,0.249,0.48,0.152,0.161,0.558,0.175,0.214,0.188,0.982,0.654,0.477,0.038,0.04,0.012,0.006,0.13,0.043,0.012,0.004,0.709,0.314,0.437,0.02,0.331,0.985,0.005,0.106,0.081,0.384,0.97,0.43,0.427,0.141,0.097,0.064,0.28,0.198,0.175,0.086,0.106,0.673,0.649,0.15,0.693,0.644,0.068,0.291,0.288,0.094,0.252,0.901
1-212.txt_297,0.868,0.336,0.201,0.141,0.303,0.293,0.255,0.417,0.121,0.416,0.325,0.395,0.233,0.1,0.24,0.462,0.469,0.09,0.309,0.522,0.278,0.739,0.434,0.347,0.084,0.554,0.483,0.346,0.219,0.326,0.211,0.656,0.167,0.121,0.262,0.348,0.336,0.084,0.256,0.174,0.368,0.614,0.688,0.509,0.082,0.417,0.423,0.376,0.276,0.347,0.226,0.68,0.366,0.25,0.345,0.57,0.472,0.061,0.169,0.236,0.259,0.298,0.562,0.81,0.122,0.417,0.618,0.337,0.342,0.159,0.113,0.557,0.226,0.135,0.418,0.384,0.421,0.196,0.171,0.283,0.301,0.086,0.182,0.217,0.89,0.199,0.315,0.317,0.094,0.408,0.438,0.138,0.316,0.167,0.124,0.546,0.422,0.276,0.106,0.408,0.348,0.474,0.435,0.447,0.157,0.83,0.43,0.223,0.271,0.227,0.228,0.497,0.346,0.189,0.272,0.398,0.334,0.237,0.212,0.326,0.33,0.276,0.279,0.68,0.102,0.688,0.943,0.222,0.343,0.282,0.154,0.565,0.227,0.089,0.306,0.428,0.456,0.236,0.181,0.22,0.499,0.181,0.298,0.382,0.128,0.25,0.27,0.946,0.13,0.154,0.154,0.203,0.198,0.329,0.157,0.358,0.198,0.142,0.147,0.13,0.27,0.354,0.445,0.464,0.142,0.43,0.501,0.412,0.837,0.348,0.216,0.381,0.341,0.326,0.336,0.465,0.359,0.159,0.487,0.223,0.502,0.108,0.223,0.164,0.339,0.223,0.413,0.091,0.111,0.614,0.677,0.247,0.639,0.529,0.113,0.4,0.639,0.22,0.274,0.676,0.26,0.267,0.168,0.115,0.231,0.289,0.273,0.115,0.245,0.542,0.848,0.218,0.527,0.423,0.304,0.229,0.309,0.102,0.198,0.595,0.202,0.58,0.353,0.425,0.024,0.556,0.557,0.195,0.249,0.21,0.292,0.801,0.293,0.141,0.223,0.402,0.568,0.104,0.186,0.213,0.457,0.362,0.111,0.171,0.189,0.285,0.366,0.27,0.255,0.494,0.631,0.3,0.94,0.344,0.209,0.41,0.335,0.24,0.127,0.51,0.136,0.275,0.164,0.256,0.108,0.21,0.195,0.038,0.316,0.593,0.412,0.124,0.272,0.974,0.127,0.119,0.322,0.321,0.7,0.393,0.449,0.348,0.329,0.405,0.191,0.496,0.296,0.15,0.229,0.129,0.313,0.401,0.132,0.188,0.96,0.449,0.335,0.058,0.118,0.174,0.458,0.449,0.573,0.466,0.062,0.356,0.467,0.338,0.315,0.213,0.222,0.443,0.286,0.345,0.43,0.814,0.383,0.058,0.238,0.106,0.424,0.349,0.361,0.363,0.268,0.288,0.288,0.238,0.213,0.362,0.355,0.397,0.356,0.24,0.421,0.521,0.815,0.111,0.144,0.479,0.261,0.414,0.205,0.204,0.141,0.379,0.319,0.314,0.261,0.203,0.322,0.355,0.53,0.681,0.255,0.206,0.434,0.958,0.653,0.203,0.159,0.159,0.139,0.142,0.107,0.164,0.122,0.059,0.495,0.372,0.405,0.147,0.356,0.724,0.082,0.117,0.09,0.327,0.877,0.393,0.325,0.303,0.203,0.184,0.062,0.239,0.193,0.177,0.241,0.598,0.628,0.318,0.599,0.52,0.193,0.252,0.359,0.27,0.276,0.772
1-212.txt_299,0.828,0.123,0.298,0.251,0.428,0.16,0.203,0.354,0.228,0.367,0.396,0.239,0.484,0.302,0.228,0.432,0.491,0.185,0.354,0.385,0.183,0.819,0.387,0.24,0.2,0.634,0.601,0.093,0.245,0.081,0.079,0.85,0.127,0.035,0.107,0.328,0.382,0.145,0.086,0.126,0.217,0.516,0.954,0.725,0.062,0.389,0.516,0.32,0.462,0.09,0.027,0.499,0.164,0.05,0.231,0.68,0.409,0.066,0.104,0.081,0.29,0.289,0.758,0.831,0.066,0.577,0.706,0.295,0.291,0.14,0.109,0.494,0.154,0.092,0.309,0.436,0.298,0.102,0.119,0.147,0.425,0.138,0.119,0.138,0.976,0.063,0.138,0.253,0.063,0.274,0.274,0.138,0.259,0.027,0.48,0.5,0.158,0.027,0.027,0.31,0.278,0.425,0.436,0.353,0.127,0.726,0.562,0.137,0.246,0.201,0.282,0.511,0.276,0.11,0.102,0.392,0.38,0.306,0.227,0.3,0.346,0.39,0.472,0.687,0.137,0.611,0.871,0.253,0.423,0.124,0.185,0.619,0.278,0.187,0.456,0.403,0.554,0.03,0.168,0.312,0.525,0.218,0.301,0.241,0.08,0.157,0.256,0.876,0.099,0.136,0.219,0.247,0.13,0.169,0.139,0.366,0.207,0.125,0.108,0.254,0.448,0.398,0.361,0.384,0.085,0.663,0.614,0.127,0.844,0.259,0.209,0.528,0.378,0.404,0.11,0.36,0.207,0.122,0.426,0.259,0.265,0.414,0.184,0.225,0.149,0.319,0.306,0.13,0.208,0.847,0.5,0.388,0.464,0.391,0.283,0.357,0.461,0.152,0.4,0.739,0.287,0.145,0.098,0.045,0.179,0.258,0.172,0.093,0.094,0.72,0.933,0.148,0.618,0.485,0.249,0.138,0.244,0.07,0.289,0.602,0.253,0.501,0.288,0.397,0.098,0.653,0.518,0.2,0.227,0.172,0.313,0.819,0.375,0.191,0.417,0.352,0.458,0.19,0.095,0.252,0.299,0.214,0.113,0.081,0.216,0.411,0.211,0.203,0.326,0.648,0.679,0.258,0.932,0.633,0.179,0.227,0.29,0.112,0.278,0.634,0.184,0.161,0.077,0.134,0.096,0.113,0.029,0.099,0.372,0.379,0.623,0.134,0.444,0.948,0.101,0.081,0.211,0.189,0.729,0.327,0.398,0.278,0.307,0.412,0.232,0.502,0.363,0.154,0.111,0.104,0.099,0.475,0.095,0.102,0.975,0.486,0.368,0.048,0.074,0.142,0.417,0.427,0.506,0.481,0.123,0.428,0.404,0.284,0.334,0.302,0.249,0.492,0.254,0.346,0.342,0.76,0.557,0.11,0.185,0.324,0.405,0.3,0.429,0.337,0.164,0.261,0.379,0.196,0.34,0.428,0.31,0.403,0.313,0.342,0.175,0.529,0.798,0.111,0.283,0.535,0.037,0.15,0.039,0.134,0.066,0.244,0.262,0.091,0.073,0.03,0.094,0.207,0.151,0.671,0.014,0.207,0.129,0.999,0.69,0.036,0.213,0.251,0.201,0.163,0.321,0.114,0.161,0.118,0.369,0.327,0.446,0.215,0.437,0.728,0.143,0.23,0.345,0.251,0.804,0.367,0.383,0.301,0.37,0.355,0.171,0.393,0.45,0.181,0.246,0.62,0.38,0.401,0.288,0.274,0.232,0.335,0.542,0.097,0.193,0.722
1-212.txt_301,0.828,0.157,0.146,0.075,0.111,0.276,0.228,0.252,0.101,0.274,0.37,0.286,0.237,0.164,0.317,0.679,0.327,0.022,0.187,0.394,0.215,0.877,0.344,0.358,0.011,0.529,0.435,0.241,0.343,0.093,0.071,0.803,0.334,0.098,0.208,0.295,0.399,0.011,0.222,0.239,0.167,0.395,0.797,0.43,0.019,0.454,0.48,0.161,0.43,0.327,0.365,0.562,0.299,0.248,0.435,0.5,0.331,0.227,0.211,0.189,0.271,0.358,0.622,0.761,0.271,0.366,0.664,0.185,0.23,0.173,0.103,0.524,0.138,0.07,0.182,0.548,0.263,0.125,0.016,0.235,0.234,0.234,0.027,0.018,0.933,0.044,0.036,0.035,0.26,0.227,0.169,0.026,0.095,0.256,0.017,0.311,0.216,0.284,0.284,0.329,0.133,0.579,0.385,0.512,0.182,0.884,0.656,0.217,0.624,0.098,0.205,0.707,0.306,0.114,0.324,0.323,0.221,0.017,0.18,0.199,0.254,0.354,0.391,0.698,0.013,0.571,0.926,0.093,0.321,0.07,0.101,0.655,0.172,0.136,0.362,0.593,0.353,0.015,0.099,0.121,0.518,0.22,0.267,0.325,0.091,0.113,0.268,0.889,0.116,0.184,0.233,0.224,0.293,0.141,0.182,0.241,0.085,0.087,0.165,0.206,0.106,0.544,0.789,0.492,0.16,0.637,0.544,0.144,0.982,0.072,0.126,0.454,0.275,0.213,0.327,0.454,0.516,0.031,0.48,0.122,0.16,0.161,0.118,0.051,0.051,0.051,0.026,0.009,0.133,0.926,0.886,0.067,0.741,0.552,0.014,0.194,0.337,0.025,0.16,0.821,0.241,0.163,0.072,0.101,0.191,0.259,0.254,0.148,0.122,0.612,0.876,0.202,0.635,0.437,0.105,0.201,0.257,0.083,0.189,0.533,0.126,0.55,0.19,0.454,0.119,0.484,0.671,0.056,0.584,0.299,0.134,0.749,0.127,0.32,0.106,0.21,0.346,0.053,0.346,0.232,0.169,0.062,0.062,0.034,0.071,0.339,0.062,0.024,0.062,0.831,0.778,0.071,0.894,0.825,0.188,0.085,0.457,0.373,0.373,0.704,0.176,0.142,0.174,0.027,0.11,0.112,0.119,0.087,0.33,0.34,0.427,0.205,0.406,0.932,0.162,0.24,0.346,0.125,0.528,0.432,0.282,0.12,0.229,0.348,0.023,0.284,0.381,0.115,0.173,0.258,0.283,0.315,0.081,0.084,0.904,0.414,0.315,0.243,0.104,0.177,0.425,0.442,0.408,0.464,0.195,0.537,0.667,0.261,0.341,0.247,0.162,0.558,0.243,0.1,0.156,0.732,0.578,0.136,0.136,0.284,0.565,0.184,0.338,0.243,0.141,0.313,0.459,0.199,0.097,0.259,0.237,0.314,0.185,0.19,0.178,0.533,0.699,0.081,0.191,0.525,0.151,0.203,0.116,0.231,0.204,0.254,0.223,0.147,0.217,0.222,0.172,0.283,0.148,0.481,0.154,0.19,0.113,0.989,0.613,0.121,0.228,0.373,0.206,0.061,0.256,0.29,0.235,0.132,0.639,0.127,0.218,0.255,0.234,0.782,0.089,0.243,0.205,0.235,0.939,0.308,0.397,0.212,0.099,0.147,0.101,0.274,0.264,0.049,0.106,0.595,0.612,0.172,0.479,0.399,0.205,0.235,0.401,0.101,0.138,0.804
1-212.txt_303,0.982,0.269,0.119,0.119,0.5,0.269,0.269,0.5,0.119,0.269,0.269,0.269,0.269,0.119,0.269,0.731,0.5,0.047,0.119,0.5,0.269,0.993,0.5,0.119,0.047,0.731,0.5,0.119,0.5,0.047,0.119,0.881,0.269,0.047,0.119,0.269,0.269,0.047,0.119,0.047,0.119,0.5,0.998,0.731,0.047,0.5,0.5,0.5,0.731,0.047,0.047,0.5,0.119,0.047,0.119,0.731,0.5,0.018,0.119,0.047,0.119,0.119,0.731,0.998,0.047,0.5,0.881,0.269,0.269,0.047,0.018,0.269,0.047,0.047,0.269,0.5,0.269,0.018,0.047,0.047,0.5,0.047,0.047,0.047,1,0.047,0.018,0.119,0.047,0.269,0.269,0.047,0.269,0.119,0.047,0.269,0.269,0.119,0.119,0.269,0.269,0.731,0.5,0.5,0.047,0.993,0.881,0.119,0.5,0.047,0.119,0.731,0.5,0.047,0.269,0.5,0.269,0.119,0.269,0.119,0.269,0.5,0.5,0.881,0.018,0.881,0.993,0.119,0.5,0.047,0.047,0.731,0.119,0.047,0.269,0.5,0.269,0.047,0.119,0.119,0.5,0.119,0.5,0.269,0.119,0.119,0.119,0.998,0.119,0.018,0.018,0.119,0.047,0.047,0.119,0.5,0.119,0.119,0.047,0.047,0.119,0.5,0.731,0.269,0.047,0.5,0.5,0.119,1,0.047,0.047,0.269,0.119,0.269,0.119,0.269,0.119,0.119,0.881,0.047,0.269,0.047,0.047,0.047,0.269,0.047,0.047,0.018,0.047,0.982,0.881,0.047,0.731,0.5,0.047,0.119,0.269,0.047,0.269,0.953,0.269,0.119,0.047,0.018,0.269,0.119,0.047,0.018,0.047,0.881,0.982,0.119,0.881,0.5,0.047,0.119,0.269,0.119,0.269,0.731,0.269,0.881,0.5,0.269,0.047,0.731,0.731,0.119,0.269,0.047,0.119,0.982,0.269,0.047,0.269,0.5,0.269,0.047,0.119,0.119,0.269,0.269,0.119,0.047,0.269,0.5,0.119,0.047,0.119,0.731,0.881,0.269,0.993,0.5,0.119,0.269,0.269,0.269,0.269,0.731,0.119,0.047,0.047,0.047,0.119,0.047,0.047,0.047,0.269,0.5,0.5,0.047,0.5,0.998,0.018,0.119,0.119,0.731,0.953,0.269,0.269,0.119,0.119,0.269,0.047,0.269,0.269,0.119,0.119,0.047,0.047,0.269,0.119,0.018,0.999,0.269,0.269,0.018,0.047,0.119,0.731,0.269,0.731,0.5,0.269,0.5,0.5,0.5,0.269,0.119,0.119,0.5,0.269,0.119,0.269,0.982,0.731,0.047,0.119,0.119,0.5,0.269,0.5,0.269,0.269,0.269,0.269,0.119,0.119,0.269,0.269,0.269,0.269,0.119,0.269,0.731,0.993,0.119,0.119,0.5,0.047,0.047,0.018,0.018,0.119,0.119,0.047,0.119,0.119,0.047,0.119,0.047,0.269,0.731,0.018,0.047,0.119,1,0.881,0.047,0.119,0.119,0.119,0.047,0.119,0.269,0.119,0.047,0.881,0.269,0.269,0.119,0.269,0.953,0.047,0.119,0.119,0.881,0.999,0.269,0.5,0.047,0.047,0.047,0.269,0.119,0.119,0.047,0.047,0.953,0.731,0.119,0.731,0.269,0.119,0.119,0.5,0.047,0.269,0.982
1-212.txt_305,0.937,0.212,0.194,0.217,0.336,0.258,0.293,0.434,0.163,0.221,0.21,0.267,0.221,0.145,0.313,0.664,0.434,0.103,0.152,0.405,0.241,0.954,0.472,0.26,0.041,0.664,0.559,0.113,0.331,0.094,0.136,0.812,0.241,0.044,0.167,0.346,0.333,0.081,0.153,0.144,0.21,0.448,0.949,0.635,0.08,0.485,0.481,0.4,0.504,0.118,0.085,0.528,0.193,0.062,0.219,0.574,0.467,0.025,0.136,0.133,0.16,0.165,0.688,0.984,0.036,0.405,0.729,0.216,0.239,0.045,0.026,0.318,0.045,0.052,0.198,0.44,0.254,0.019,0.059,0.066,0.5,0.047,0.047,0.047,1,0.047,0.018,0.119,0.047,0.269,0.269,0.047,0.269,0.119,0.047,0.269,0.269,0.119,0.119,0.269,0.275,0.66,0.529,0.439,0.054,0.976,0.772,0.157,0.511,0.061,0.118,0.651,0.43,0.051,0.252,0.527,0.345,0.1,0.227,0.137,0.388,0.347,0.431,0.581,0.042,0.724,0.966,0.133,0.327,0.107,0.072,0.499,0.141,0.121,0.328,0.483,0.281,0.078,0.201,0.119,0.466,0.137,0.453,0.263,0.128,0.164,0.139,0.969,0.147,0.044,0.054,0.162,0.068,0.067,0.113,0.452,0.184,0.143,0.069,0.068,0.216,0.51,0.566,0.205,0.049,0.467,0.401,0.357,0.997,0.104,0.049,0.367,0.141,0.184,0.109,0.367,0.174,0.088,0.652,0.162,0.239,0.039,0.061,0.03,0.239,0.04,0.036,0.015,0.042,0.966,0.821,0.045,0.729,0.564,0.037,0.114,0.293,0.061,0.246,0.873,0.282,0.173,0.109,0.113,0.212,0.178,0.143,0.045,0.112,0.719,0.901,0.232,0.731,0.461,0.144,0.152,0.348,0.128,0.283,0.63,0.195,0.67,0.484,0.548,0.03,0.591,0.671,0.153,0.325,0.105,0.103,0.896,0.132,0.038,0.262,0.428,0.322,0.089,0.091,0.123,0.269,0.269,0.119,0.047,0.269,0.5,0.119,0.047,0.119,0.731,0.881,0.269,0.993,0.5,0.119,0.269,0.269,0.269,0.269,0.731,0.147,0.109,0.153,0.088,0.129,0.083,0.129,0.094,0.218,0.434,0.458,0.115,0.44,0.98,0.081,0.182,0.169,0.604,0.852,0.311,0.265,0.174,0.218,0.342,0.044,0.305,0.324,0.142,0.135,0.056,0.057,0.296,0.116,0.108,0.977,0.311,0.289,0.039,0.111,0.146,0.541,0.273,0.594,0.491,0.236,0.436,0.453,0.407,0.264,0.116,0.107,0.409,0.171,0.106,0.28,0.909,0.59,0.074,0.161,0.128,0.435,0.296,0.474,0.365,0.199,0.287,0.294,0.183,0.143,0.279,0.217,0.316,0.246,0.093,0.218,0.657,0.956,0.081,0.103,0.429,0.108,0.121,0.169,0.027,0.082,0.179,0.103,0.087,0.179,0.039,0.09,0.13,0.195,0.623,0.018,0.065,0.097,0.999,0.774,0.062,0.166,0.171,0.107,0.115,0.098,0.271,0.184,0.068,0.634,0.271,0.26,0.198,0.214,0.769,0.135,0.177,0.161,0.706,0.993,0.327,0.423,0.149,0.117,0.15,0.211,0.165,0.163,0.096,0.088,0.776,0.612,0.177,0.593,0.274,0.118,0.216,0.48,0.09,0.304,0.932
1-212.txt_307,0.817,0.242,0.136,0.207,0.144,0.297,0.195,0.326,0.084,0.483,0.385,0.289,0.435,0.192,0.239,0.355,0.363,0.214,0.169,0.499,0.416,0.579,0.292,0.502,0.03,0.54,0.467,0.356,0.294,0.289,0.161,0.556,0.143,0.184,0.372,0.488,0.391,0.18,0.208,0.253,0.209,0.493,0.726,0.655,0.019,0.439,0.601,0.348,0.445,0.139,0.223,0.66,0.162,0.18,0.269,0.387,0.182,0.193,0.179,0.12,0.185,0.279,0.617,0.907,0.015,0.452,0.862,0.267,0.096,0.094,0.105,0.474,0.088,0.013,0.299,0.382,0.357,0.115,0.047,0.168,0.047,0.002,0.007,0.002,1,0.007,0.002,0.007,0.002,0.018,0.018,0.002,0.018,0.007,0.007,0.047,0.083,0.444,0.007,0.047,0.4,0.355,0.507,0.437,0.08,0.854,0.634,0.327,0.34,0.104,0.197,0.484,0.19,0.141,0.239,0.511,0.498,0.146,0.133,0.204,0.259,0.368,0.359,0.656,0.149,0.722,0.825,0.222,0.365,0.062,0.16,0.597,0.399,0.119,0.361,0.477,0.554,0.183,0.117,0.266,0.538,0.223,0.249,0.208,0.158,0.188,0.098,0.871,0.264,0.135,0.156,0.217,0.12,0.201,0.16,0.442,0.365,0.173,0.178,0.223,0.252,0.558,0.89,0.621,0.007,0.861,0.747,0.222,0.575,0.038,0.02,0.555,0.196,0.008,0.143,0.442,0.442,0.008,0.294,0.02,0.311,0.353,0.194,0.232,0.139,0.42,0.423,0.198,0.266,0.66,0.474,0.379,0.476,0.406,0.206,0.333,0.518,0.071,0.266,0.699,0.336,0.136,0.055,0.057,0.209,0.161,0.184,0.085,0.197,0.685,0.85,0.198,0.642,0.485,0.151,0.127,0.256,0.06,0.3,0.712,0.137,0.629,0.288,0.375,0.11,0.524,0.552,0.153,0.174,0.288,0.308,0.879,0.252,0.096,0.258,0.328,0.411,0.162,0.094,0.187,0.135,0.048,0.024,0.009,0.062,0.102,0.024,0.019,0.048,0.892,0.905,0.085,0.988,0.728,0.185,0.132,0.219,0.052,0.222,0.728,0.191,0.307,0.18,0.172,0.315,0.174,0.184,0.039,0.431,0.437,0.646,0.142,0.424,0.978,0.06,0.106,0.271,0.288,0.582,0.333,0.218,0.251,0.337,0.385,0.121,0.615,0.563,0.124,0.232,0.254,0.335,0.327,0.308,0.386,0.985,0.331,0.154,0.119,0.052,0.238,0.335,0.55,0.657,0.572,0.116,0.381,0.673,0.276,0.468,0.178,0.141,0.441,0.179,0.177,0.202,0.808,0.616,0.174,0.11,0.06,0.32,0.576,0.397,0.378,0.103,0.373,0.41,0.238,0.364,0.233,0.28,0.389,0.135,0.127,0.243,0.695,0.888,0.15,0.292,0.345,0.093,0.437,0.252,0.074,0.257,0.161,0.252,0.066,0.085,0.434,0.322,0.446,0.377,0.46,0.011,0.11,0.281,0.817,0.362,0.376,0.107,0.214,0.315,0.13,0.147,0.104,0.157,0.133,0.486,0.351,0.392,0.212,0.358,0.861,0.078,0.23,0.203,0.175,0.913,0.38,0.55,0.031,0.157,0.142,0.054,0.101,0.249,0.162,0.182,0.701,0.398,0.16,0.517,0.349,0.118,0.301,0.6,0.023,0.16,0.957
1-212.txt_309,0.774,0.167,0.164,0.186,0.258,0.122,0.185,0.301,0.127,0.53,0.49,0.28,0.477,0.331,0.183,0.303,0.38,0.177,0.156,0.652,0.363,0.629,0.321,0.398,0.086,0.301,0.307,0.311,0.309,0.249,0.24,0.452,0.203,0.335,0.462,0.463,0.48,0.271,0.302,0.264,0.214,0.511,0.72,0.557,0.038,0.5,0.645,0.378,0.354,0.214,0.31,0.58,0.303,0.16,0.377,0.444,0.271,0.053,0.21,0.17,0.307,0.245,0.576,0.838,0.015,0.495,0.851,0.284,0.089,0.15,0.135,0.373,0.108,0.068,0.263,0.339,0.271,0.105,0.051,0.234,0.047,0.002,0.007,0.002,1,0.007,0.01,0.007,0.005,0.069,0.018,0.005,0.018,0.012,0.007,0.047,0.158,0.444,0.138,0.083,0.371,0.401,0.443,0.388,0.132,0.886,0.611,0.316,0.299,0.098,0.204,0.499,0.204,0.125,0.213,0.394,0.328,0.153,0.103,0.261,0.389,0.329,0.467,0.625,0.136,0.581,0.883,0.26,0.349,0.063,0.1,0.625,0.211,0.165,0.283,0.513,0.48,0.064,0.1,0.232,0.517,0.261,0.235,0.19,0.052,0.206,0.16,0.927,0.311,0.107,0.186,0.123,0.178,0.256,0.296,0.44,0.284,0.115,0.254,0.209,0.225,0.468,0.812,0.689,0.196,0.669,0.693,0.327,0.636,0.017,0.029,0.561,0.261,0.084,0.275,0.408,0.378,0.009,0.247,0.019,0.345,0.297,0.197,0.251,0.232,0.408,0.366,0.233,0.224,0.696,0.441,0.398,0.371,0.353,0.337,0.343,0.522,0.026,0.372,0.673,0.257,0.196,0.102,0.127,0.209,0.175,0.196,0.072,0.199,0.654,0.833,0.229,0.613,0.469,0.18,0.144,0.348,0.043,0.316,0.665,0.16,0.696,0.448,0.357,0.098,0.549,0.51,0.257,0.323,0.269,0.307,0.861,0.273,0.169,0.247,0.318,0.476,0.242,0.148,0.163,0.169,0.103,0.266,0.253,0.168,0.259,0.238,0.037,0.048,0.613,0.653,0.227,0.866,0.434,0.085,0.169,0.347,0.04,0.179,0.565,0.207,0.202,0.156,0.17,0.292,0.162,0.156,0.04,0.333,0.427,0.633,0.175,0.465,0.972,0.047,0.121,0.252,0.292,0.724,0.322,0.391,0.329,0.424,0.441,0.212,0.709,0.44,0.202,0.205,0.13,0.119,0.524,0.086,0.115,0.961,0.373,0.331,0.035,0.112,0.09,0.457,0.377,0.534,0.497,0.019,0.249,0.375,0.453,0.517,0.382,0.156,0.414,0.306,0.394,0.225,0.718,0.512,0.017,0.15,0.296,0.346,0.519,0.357,0.331,0.109,0.379,0.447,0.219,0.372,0.249,0.232,0.396,0.205,0.129,0.233,0.622,0.876,0.175,0.156,0.4,0.068,0.401,0.304,0.235,0.229,0.305,0.4,0.092,0.168,0.477,0.251,0.533,0.372,0.349,0.085,0.171,0.416,0.706,0.247,0.4,0.152,0.174,0.273,0.205,0.19,0.1,0.18,0.17,0.493,0.328,0.367,0.232,0.299,0.881,0.095,0.261,0.247,0.247,0.891,0.329,0.461,0.116,0.237,0.242,0.184,0.209,0.411,0.14,0.128,0.689,0.45,0.203,0.311,0.324,0.167,0.418,0.461,0.026,0.217,0.826
1-212.txt_311,0.825,0.202,0.168,0.218,0.158,0.295,0.274,0.356,0.138,0.38,0.362,0.363,0.454,0.247,0.28,0.348,0.438,0.198,0.213,0.517,0.375,0.676,0.308,0.438,0.03,0.507,0.492,0.355,0.316,0.291,0.162,0.621,0.144,0.175,0.33,0.39,0.352,0.167,0.215,0.206,0.206,0.607,0.733,0.681,0.021,0.5,0.591,0.299,0.491,0.125,0.206,0.679,0.148,0.176,0.276,0.418,0.252,0.157,0.158,0.157,0.219,0.285,0.705,0.898,0.016,0.434,0.859,0.243,0.1,0.157,0.062,0.5,0.106,0.016,0.289,0.38,0.36,0.147,0.056,0.214,0.047,0.002,0.007,0.002,1,0.007,0.002,0.007,0.007,0.018,0.018,0.007,0.018,0.007,0.007,0.047,0.269,0.881,0.007,0.047,0.328,0.342,0.547,0.384,0.077,0.882,0.646,0.314,0.29,0.127,0.249,0.476,0.258,0.088,0.231,0.53,0.346,0.177,0.105,0.271,0.314,0.424,0.318,0.602,0.22,0.695,0.825,0.223,0.398,0.084,0.225,0.576,0.346,0.152,0.34,0.51,0.589,0.128,0.14,0.266,0.483,0.188,0.275,0.235,0.183,0.223,0.236,0.935,0.213,0.102,0.158,0.249,0.098,0.179,0.132,0.385,0.251,0.084,0.121,0.167,0.258,0.456,0.691,0.459,0.191,0.697,0.698,0.13,0.594,0.029,0.034,0.43,0.194,0.027,0.18,0.348,0.284,0.027,0.28,0.046,0.29,0.341,0.18,0.243,0.193,0.349,0.425,0.198,0.267,0.716,0.481,0.405,0.415,0.355,0.231,0.329,0.53,0.025,0.287,0.655,0.307,0.148,0.062,0.088,0.203,0.208,0.21,0.108,0.238,0.676,0.863,0.191,0.614,0.5,0.194,0.12,0.268,0.067,0.313,0.648,0.203,0.648,0.297,0.357,0.09,0.499,0.528,0.149,0.202,0.279,0.335,0.872,0.288,0.12,0.25,0.353,0.448,0.255,0.082,0.204,0.169,0.166,0.101,0.066,0.169,0.206,0.073,0.065,0.091,0.797,0.897,0.119,0.992,0.537,0.073,0.094,0.232,0.169,0.176,0.558,0.191,0.264,0.203,0.204,0.327,0.158,0.144,0.035,0.383,0.441,0.703,0.175,0.499,0.961,0.061,0.109,0.257,0.288,0.633,0.377,0.271,0.252,0.361,0.377,0.124,0.54,0.429,0.133,0.134,0.231,0.28,0.335,0.318,0.312,0.989,0.339,0.265,0.035,0.059,0.189,0.384,0.614,0.605,0.572,0.116,0.386,0.676,0.364,0.58,0.178,0.153,0.441,0.179,0.177,0.204,0.803,0.577,0.014,0.111,0.048,0.355,0.523,0.385,0.363,0.105,0.35,0.358,0.227,0.295,0.258,0.281,0.341,0.166,0.07,0.273,0.656,0.906,0.147,0.169,0.385,0.111,0.434,0.313,0.074,0.256,0.256,0.293,0.04,0.143,0.434,0.284,0.446,0.34,0.452,0.011,0.147,0.377,0.817,0.362,0.376,0.1,0.161,0.295,0.152,0.155,0.093,0.144,0.177,0.472,0.385,0.371,0.233,0.352,0.844,0.135,0.251,0.238,0.178,0.921,0.352,0.672,0.062,0.145,0.176,0.106,0.104,0.202,0.11,0.134,0.715,0.434,0.083,0.427,0.381,0.083,0.325,0.619,0.033,0.187,0.965
1-212.txt_313,0.82,0.192,0.155,0.192,0.237,0.296,0.256,0.315,0.098,0.46,0.379,0.342,0.387,0.259,0.225,0.302,0.447,0.214,0.204,0.507,0.396,0.547,0.343,0.559,0.026,0.465,0.39,0.391,0.307,0.244,0.151,0.569,0.131,0.181,0.431,0.444,0.359,0.183,0.177,0.234,0.274,0.418,0.685,0.532,0.017,0.348,0.566,0.31,0.384,0.166,0.322,0.572,0.192,0.215,0.32,0.486,0.37,0.088,0.245,0.201,0.219,0.236,0.618,0.906,0.093,0.451,0.887,0.326,0.096,0.085,0.037,0.492,0.027,0.013,0.268,0.406,0.33,0.115,0.045,0.152,0.047,0.005,0.007,0.005,1,0.007,0.025,0.007,0.005,0.018,0.018,0.005,0.018,0.007,0.007,0.047,0.158,0.444,0.012,0.083,0.395,0.443,0.425,0.439,0.131,0.862,0.599,0.348,0.411,0.09,0.173,0.496,0.251,0.141,0.234,0.458,0.417,0.169,0.122,0.211,0.289,0.521,0.388,0.617,0.137,0.699,0.889,0.219,0.306,0.151,0.097,0.618,0.323,0.133,0.243,0.413,0.462,0.27,0.195,0.158,0.54,0.151,0.249,0.208,0.07,0.205,0.138,0.879,0.267,0.111,0.166,0.148,0.147,0.244,0.234,0.455,0.291,0.155,0.201,0.155,0.252,0.445,0.858,0.736,0.035,0.861,0.802,0.164,0.575,0.038,0.017,0.621,0.259,0.038,0.143,0.442,0.442,0.01,0.296,0.023,0.356,0.323,0.225,0.244,0.201,0.41,0.471,0.2,0.19,0.639,0.464,0.399,0.445,0.355,0.254,0.353,0.509,0.071,0.286,0.662,0.241,0.171,0.078,0.056,0.178,0.174,0.175,0.063,0.199,0.678,0.869,0.211,0.637,0.487,0.195,0.104,0.305,0.039,0.318,0.75,0.175,0.668,0.293,0.375,0.127,0.524,0.539,0.151,0.188,0.244,0.292,0.857,0.279,0.102,0.251,0.283,0.458,0.163,0.135,0.195,0.135,0.048,0.023,0.009,0.062,0.098,0.023,0.009,0.048,0.892,0.855,0.085,0.988,0.627,0.183,0.132,0.195,0.048,0.222,0.728,0.19,0.249,0.146,0.146,0.235,0.179,0.157,0.043,0.385,0.392,0.669,0.17,0.515,0.968,0.052,0.142,0.233,0.294,0.623,0.302,0.328,0.285,0.386,0.411,0.211,0.584,0.304,0.193,0.099,0.25,0.222,0.42,0.245,0.28,0.981,0.459,0.287,0.035,0.117,0.213,0.373,0.616,0.554,0.535,0.116,0.488,0.698,0.327,0.461,0.151,0.133,0.48,0.179,0.177,0.216,0.741,0.616,0.014,0.11,0.162,0.333,0.606,0.426,0.413,0.048,0.389,0.45,0.252,0.451,0.27,0.229,0.39,0.197,0.121,0.297,0.645,0.861,0.165,0.199,0.396,0.055,0.436,0.255,0.074,0.246,0.206,0.255,0.048,0.085,0.53,0.359,0.408,0.347,0.4,0.014,0.165,0.395,0.817,0.304,0.376,0.104,0.222,0.246,0.187,0.159,0.108,0.107,0.134,0.483,0.371,0.359,0.205,0.297,0.864,0.076,0.211,0.258,0.208,0.901,0.359,0.554,0.043,0.282,0.282,0.276,0.194,0.264,0.127,0.065,0.659,0.418,0.163,0.387,0.316,0.196,0.4,0.521,0.019,0.14,0.842
1-212.txt_315,0.829,0.274,0.18,0.269,0.276,0.211,0.398,0.443,0.272,0.44,0.184,0.322,0.368,0.259,0.062,0.347,0.422,0.145,0.162,0.525,0.18,0.636,0.458,0.437,0.047,0.434,0.431,0.202,0.302,0.24,0.24,0.42,0.225,0.309,0.377,0.5,0.53,0.307,0.292,0.299,0.326,0.472,0.717,0.581,0.074,0.412,0.533,0.369,0.451,0.2,0.141,0.579,0.1,0.153,0.354,0.532,0.368,0.126,0.225,0.201,0.227,0.308,0.604,0.91,0.074,0.417,0.79,0.367,0.147,0.145,0.085,0.357,0.037,0.014,0.196,0.424,0.253,0.117,0.082,0.209,0.275,0.041,0.02,0.041,0.756,0.171,0.056,0.094,0.009,0.102,0.062,0.032,0.028,0.007,0.01,0.145,0.388,0.298,0.01,0.195,0.334,0.468,0.323,0.392,0.08,0.934,0.576,0.226,0.431,0.077,0.261,0.545,0.257,0.135,0.218,0.472,0.465,0.242,0.122,0.223,0.292,0.327,0.5,0.718,0.187,0.694,0.857,0.195,0.278,0.126,0.136,0.603,0.159,0.088,0.29,0.444,0.535,0.103,0.213,0.181,0.548,0.234,0.249,0.188,0.032,0.189,0.144,0.927,0.276,0.098,0.158,0.142,0.224,0.321,0.17,0.454,0.263,0.181,0.2,0.175,0.45,0.601,0.688,0.527,0.363,0.627,0.45,0.246,0.754,0.209,0.098,0.524,0.373,0.02,0.373,0.55,0.346,0.02,0.111,0.071,0.314,0.32,0.184,0.258,0.228,0.254,0.405,0.154,0.102,0.738,0.493,0.427,0.394,0.342,0.386,0.363,0.446,0.104,0.319,0.642,0.25,0.202,0.07,0.074,0.194,0.137,0.143,0.042,0.109,0.696,0.931,0.175,0.582,0.484,0.23,0.079,0.28,0.122,0.284,0.706,0.218,0.583,0.49,0.441,0.068,0.542,0.441,0.328,0.285,0.176,0.314,0.829,0.28,0.115,0.313,0.316,0.362,0.242,0.083,0.133,0.227,0.043,0.045,0.038,0.164,0.143,0.143,0.012,0.04,0.794,0.786,0.113,0.99,0.633,0.264,0.131,0.139,0.043,0.179,0.791,0.241,0.195,0.152,0.141,0.257,0.125,0.101,0.081,0.3,0.376,0.58,0.104,0.479,0.956,0.05,0.157,0.266,0.28,0.717,0.311,0.338,0.265,0.393,0.43,0.165,0.593,0.42,0.212,0.155,0.219,0.25,0.441,0.161,0.175,0.957,0.327,0.253,0.033,0.107,0.169,0.454,0.38,0.518,0.546,0.138,0.257,0.468,0.57,0.404,0.317,0.144,0.472,0.225,0.399,0.287,0.728,0.562,0.017,0.132,0.19,0.374,0.433,0.341,0.335,0.148,0.306,0.458,0.197,0.504,0.283,0.332,0.471,0.27,0.217,0.261,0.648,0.857,0.095,0.212,0.493,0.186,0.437,0.197,0.036,0.256,0.206,0.293,0.04,0.015,0.605,0.322,0.371,0.35,0.244,0.011,0.223,0.395,0.816,0.266,0.376,0.144,0.138,0.258,0.17,0.117,0.185,0.215,0.146,0.542,0.303,0.398,0.269,0.368,0.803,0.111,0.21,0.231,0.32,0.891,0.368,0.405,0.215,0.076,0.15,0.291,0.322,0.34,0.129,0.315,0.619,0.601,0.334,0.44,0.39,0.115,0.288,0.462,0.096,0.306,0.729
1-212.txt_317,0.774,0.167,0.167,0.186,0.258,0.123,0.188,0.301,0.133,0.53,0.509,0.293,0.465,0.312,0.183,0.329,0.38,0.176,0.156,0.62,0.363,0.629,0.321,0.427,0.086,0.272,0.307,0.311,0.308,0.249,0.24,0.424,0.203,0.335,0.462,0.463,0.48,0.271,0.302,0.264,0.22,0.484,0.753,0.587,0.035,0.474,0.577,0.333,0.413,0.192,0.279,0.579,0.274,0.145,0.34,0.509,0.271,0.05,0.2,0.181,0.274,0.261,0.559,0.838,0.107,0.495,0.851,0.259,0.081,0.149,0.135,0.398,0.108,0.068,0.221,0.356,0.271,0.106,0.051,0.234,0.047,0.002,0.007,0.002,1,0.007,0.01,0.007,0.005,0.069,0.018,0.005,0.018,0.007,0.007,0.047,0.158,0.444,0.138,0.083,0.36,0.396,0.478,0.388,0.097,0.886,0.622,0.316,0.299,0.098,0.227,0.487,0.204,0.125,0.211,0.394,0.334,0.153,0.103,0.261,0.375,0.329,0.384,0.638,0.136,0.575,0.883,0.244,0.349,0.062,0.1,0.646,0.211,0.165,0.283,0.513,0.466,0.064,0.1,0.247,0.518,0.227,0.235,0.19,0.052,0.205,0.154,0.927,0.311,0.107,0.172,0.123,0.164,0.256,0.275,0.454,0.263,0.115,0.233,0.188,0.225,0.454,0.903,0.689,0.196,0.669,0.693,0.327,0.636,0.017,0.015,0.561,0.261,0.084,0.275,0.408,0.348,0.011,0.247,0.019,0.345,0.297,0.202,0.251,0.232,0.413,0.348,0.234,0.209,0.678,0.441,0.403,0.46,0.353,0.337,0.332,0.526,0.026,0.371,0.671,0.254,0.184,0.108,0.128,0.207,0.172,0.195,0.073,0.197,0.666,0.835,0.229,0.606,0.478,0.165,0.145,0.354,0.067,0.313,0.665,0.16,0.73,0.441,0.356,0.143,0.528,0.483,0.222,0.32,0.297,0.306,0.852,0.271,0.156,0.246,0.326,0.476,0.241,0.127,0.221,0.169,0.103,0.266,0.252,0.168,0.259,0.264,0.037,0.103,0.613,0.653,0.189,0.866,0.434,0.085,0.166,0.347,0.04,0.179,0.565,0.206,0.202,0.138,0.2,0.292,0.162,0.174,0.04,0.333,0.397,0.633,0.152,0.465,0.972,0.046,0.115,0.275,0.292,0.736,0.305,0.391,0.313,0.424,0.491,0.212,0.709,0.482,0.202,0.212,0.138,0.145,0.524,0.07,0.115,0.961,0.373,0.306,0.035,0.087,0.09,0.489,0.381,0.498,0.409,0.019,0.246,0.393,0.52,0.457,0.443,0.179,0.438,0.349,0.456,0.254,0.69,0.552,0.017,0.155,0.301,0.346,0.537,0.357,0.344,0.107,0.379,0.447,0.228,0.372,0.249,0.219,0.396,0.205,0.116,0.233,0.622,0.876,0.175,0.155,0.413,0.068,0.354,0.31,0.237,0.229,0.311,0.4,0.092,0.168,0.477,0.251,0.538,0.331,0.351,0.085,0.186,0.416,0.752,0.247,0.4,0.152,0.167,0.249,0.19,0.19,0.1,0.157,0.18,0.502,0.342,0.382,0.225,0.322,0.878,0.092,0.26,0.247,0.247,0.891,0.329,0.461,0.116,0.199,0.242,0.184,0.221,0.374,0.204,0.128,0.689,0.45,0.191,0.311,0.324,0.167,0.418,0.511,0.026,0.217,0.801
1-212.txt_319,0.952,0.171,0.145,0.166,0.359,0.191,0.239,0.373,0.074,0.419,0.34,0.21,0.315,0.104,0.086,0.508,0.509,0.131,0.194,0.55,0.264,0.758,0.367,0.322,0.029,0.442,0.271,0.148,0.5,0.168,0.131,0.5,0.113,0.321,0.367,0.54,0.362,0.512,0.362,0.261,0.303,0.435,0.677,0.602,0.078,0.343,0.535,0.346,0.433,0.151,0.236,0.534,0.156,0.237,0.309,0.504,0.419,0.123,0.176,0.197,0.257,0.26,0.737,0.924,0.013,0.511,0.804,0.347,0.147,0.118,0.112,0.389,0.045,0.012,0.26,0.423,0.33,0.107,0.116,0.145,0.047,0.005,0.007,0.005,1,0.007,0.061,0.007,0.005,0.018,0.018,0.005,0.018,0.007,0.007,0.047,0.158,0.444,0.012,0.083,0.4,0.373,0.492,0.408,0.081,0.88,0.569,0.353,0.462,0.074,0.205,0.457,0.25,0.144,0.253,0.392,0.365,0.08,0.155,0.292,0.271,0.332,0.472,0.699,0.011,0.803,0.905,0.199,0.305,0.087,0.151,0.681,0.215,0.193,0.432,0.47,0.443,0.083,0.108,0.17,0.576,0.182,0.187,0.188,0.117,0.196,0.154,0.865,0.184,0.102,0.138,0.199,0.081,0.199,0.207,0.503,0.359,0.172,0.099,0.258,0.214,0.5,0.687,0.653,0.253,0.861,0.791,0.131,0.633,0.1,0.066,0.784,0.284,0.13,0.169,0.347,0.537,0.01,0.296,0.146,0.172,0.485,0.15,0.235,0.095,0.404,0.413,0.13,0.307,0.722,0.523,0.506,0.388,0.28,0.247,0.258,0.486,0.069,0.345,0.607,0.3,0.181,0.104,0.179,0.161,0.164,0.184,0.094,0.103,0.612,0.844,0.224,0.614,0.462,0.281,0.163,0.272,0.09,0.195,0.648,0.188,0.653,0.336,0.276,0.153,0.505,0.475,0.212,0.173,0.324,0.344,0.844,0.331,0.117,0.218,0.235,0.444,0.278,0.113,0.235,0.31,0.119,0.158,0.069,0.194,0.269,0.274,0.018,0.069,0.5,0.616,0.083,0.999,0.5,0.033,0.119,0.194,0.069,0.083,0.741,0.224,0.185,0.165,0.196,0.247,0.052,0.12,0.073,0.271,0.396,0.625,0.16,0.494,0.958,0.052,0.175,0.28,0.403,0.711,0.284,0.315,0.451,0.385,0.375,0.203,0.503,0.252,0.204,0.147,0.21,0.27,0.436,0.167,0.171,0.95,0.447,0.356,0.036,0.127,0.178,0.363,0.53,0.578,0.597,0.117,0.584,0.616,0.357,0.512,0.266,0.104,0.488,0.243,0.291,0.308,0.591,0.463,0.025,0.16,0.187,0.272,0.33,0.304,0.314,0.225,0.317,0.419,0.15,0.507,0.384,0.296,0.457,0.205,0.239,0.302,0.638,0.804,0.17,0.337,0.535,0.093,0.437,0.139,0.074,0.256,0.198,0.293,0.04,0.143,0.548,0.359,0.371,0.34,0.377,0.011,0.205,0.374,0.817,0.304,0.376,0.131,0.163,0.229,0.043,0.261,0.042,0.153,0.137,0.586,0.357,0.398,0.163,0.368,0.884,0.096,0.18,0.179,0.262,0.942,0.399,0.468,0.216,0.1,0.141,0.157,0.205,0.397,0.087,0.194,0.597,0.55,0.301,0.552,0.39,0.198,0.362,0.436,0.095,0.352,0.804
1-212.txt_321,0.829,0.26,0.276,0.276,0.181,0.203,0.362,0.435,0.283,0.474,0.193,0.232,0.393,0.306,0.055,0.325,0.532,0.163,0.2,0.562,0.201,0.636,0.491,0.448,0.051,0.446,0.479,0.202,0.27,0.273,0.24,0.387,0.199,0.3,0.375,0.479,0.53,0.295,0.259,0.338,0.282,0.54,0.748,0.658,0.072,0.41,0.521,0.362,0.517,0.131,0.075,0.62,0.066,0.143,0.327,0.562,0.426,0.078,0.257,0.153,0.213,0.279,0.633,0.91,0.013,0.417,0.819,0.323,0.156,0.144,0.094,0.366,0.031,0.014,0.205,0.415,0.249,0.117,0.082,0.175,0.331,0.044,0.027,0.044,0.817,0.198,0.065,0.1,0.019,0.143,0.113,0.036,0.113,0.04,0.02,0.234,0.358,0.271,0.066,0.234,0.316,0.49,0.406,0.4,0.076,0.922,0.627,0.242,0.417,0.085,0.159,0.573,0.252,0.088,0.221,0.481,0.442,0.241,0.121,0.22,0.278,0.369,0.493,0.701,0.188,0.701,0.856,0.179,0.278,0.126,0.155,0.645,0.213,0.088,0.274,0.465,0.514,0.103,0.212,0.236,0.569,0.179,0.263,0.201,0.029,0.209,0.134,0.929,0.166,0.09,0.084,0.161,0.184,0.331,0.191,0.44,0.263,0.182,0.194,0.182,0.333,0.561,0.59,0.424,0.202,0.576,0.546,0.227,0.676,0.243,0.214,0.422,0.348,0.12,0.301,0.408,0.255,0.182,0.247,0.199,0.281,0.341,0.184,0.264,0.231,0.265,0.449,0.133,0.102,0.754,0.438,0.405,0.378,0.329,0.379,0.342,0.451,0.155,0.346,0.661,0.253,0.204,0.072,0.086,0.186,0.123,0.18,0.05,0.122,0.71,0.922,0.187,0.548,0.451,0.248,0.06,0.229,0.124,0.272,0.671,0.213,0.589,0.471,0.451,0.058,0.542,0.437,0.294,0.308,0.196,0.314,0.813,0.249,0.106,0.323,0.342,0.398,0.237,0.104,0.147,0.339,0.018,0.094,0.044,0.256,0.052,0.175,0.009,0.014,0.892,0.728,0.062,0.987,0.704,0.336,0.135,0.169,0.018,0.198,0.889,0.224,0.189,0.181,0.154,0.256,0.125,0.089,0.1,0.349,0.376,0.576,0.092,0.488,0.972,0.033,0.155,0.279,0.216,0.764,0.311,0.352,0.256,0.339,0.404,0.155,0.623,0.407,0.21,0.152,0.18,0.208,0.434,0.175,0.174,0.959,0.322,0.253,0.036,0.097,0.139,0.454,0.348,0.518,0.546,0.138,0.211,0.474,0.546,0.389,0.303,0.138,0.502,0.223,0.416,0.231,0.728,0.592,0.016,0.135,0.184,0.354,0.471,0.345,0.307,0.144,0.339,0.461,0.183,0.481,0.283,0.307,0.476,0.27,0.202,0.22,0.654,0.864,0.095,0.24,0.46,0.148,0.436,0.102,0.074,0.256,0.206,0.293,0.048,0.023,0.625,0.264,0.371,0.347,0.189,0.011,0.223,0.374,0.816,0.304,0.433,0.139,0.174,0.242,0.2,0.117,0.164,0.237,0.114,0.557,0.286,0.398,0.292,0.327,0.814,0.111,0.19,0.235,0.259,0.907,0.365,0.424,0.195,0.103,0.149,0.302,0.29,0.334,0.094,0.368,0.559,0.607,0.334,0.456,0.39,0.096,0.301,0.468,0.095,0.284,0.78
1-212.txt_323,0.903,0.174,0.292,0.394,0.531,0.171,0.3,0.347,0.093,0.483,0.278,0.334,0.45,0.197,0.157,0.574,0.559,0.123,0.125,0.517,0.214,0.793,0.434,0.331,0.097,0.479,0.441,0.169,0.241,0.371,0.306,0.667,0.21,0.186,0.288,0.369,0.335,0.149,0.177,0.289,0.203,0.456,0.878,0.687,0.018,0.379,0.702,0.265,0.439,0.091,0.036,0.556,0.059,0.129,0.24,0.538,0.355,0.118,0.221,0.17,0.329,0.364,0.592,0.768,0.076,0.395,0.858,0.427,0.166,0.287,0.173,0.347,0.079,0.076,0.305,0.338,0.253,0.243,0.128,0.265,0.047,0.005,0.007,0.005,1,0.012,0.061,0.027,0.007,0.033,0.018,0.025,0.018,0.007,0.007,0.047,0.158,0.007,0.007,0.083,0.386,0.54,0.53,0.495,0.024,0.871,0.589,0.235,0.399,0.095,0.178,0.579,0.149,0.191,0.279,0.465,0.369,0.195,0.111,0.205,0.174,0.432,0.463,0.65,0.168,0.736,0.916,0.204,0.181,0.05,0.043,0.747,0.105,0.074,0.38,0.317,0.528,0.057,0.152,0.189,0.505,0.241,0.203,0.163,0.031,0.251,0.212,0.795,0.348,0.124,0.141,0.163,0.143,0.3,0.17,0.404,0.29,0.272,0.176,0.212,0.5,0.246,0.688,0.423,0.028,0.664,0.627,0.373,0.781,0.071,0.135,0.577,0.299,0.185,0.062,0.577,0.349,0.058,0.353,0.062,0.347,0.323,0.285,0.152,0.216,0.319,0.379,0.119,0.248,0.724,0.457,0.438,0.495,0.289,0.235,0.482,0.558,0.028,0.277,0.662,0.263,0.247,0.101,0.042,0.187,0.176,0.144,0.112,0.177,0.64,0.894,0.196,0.693,0.518,0.206,0.099,0.324,0.119,0.335,0.646,0.175,0.595,0.435,0.436,0.127,0.531,0.519,0.326,0.301,0.312,0.315,0.803,0.357,0.167,0.254,0.35,0.455,0.149,0.226,0.261,0.135,0.048,0.056,0.013,0.212,0.182,0.262,0.013,0.048,0.818,0.805,0.095,0.993,0.423,0.108,0.058,0.219,0.052,0.071,0.738,0.211,0.183,0.089,0.114,0.259,0.129,0.104,0.041,0.265,0.445,0.652,0.114,0.528,0.935,0.056,0.115,0.301,0.373,0.746,0.377,0.445,0.241,0.32,0.466,0.125,0.513,0.291,0.373,0.305,0.153,0.143,0.573,0.148,0.072,0.942,0.411,0.375,0.112,0.066,0.166,0.528,0.367,0.406,0.472,0.198,0.258,0.427,0.374,0.379,0.328,0.271,0.398,0.203,0.309,0.441,0.683,0.496,0.141,0.134,0.335,0.205,0.484,0.49,0.366,0.066,0.382,0.536,0.173,0.329,0.195,0.332,0.426,0.242,0.168,0.184,0.695,0.907,0.206,0.261,0.364,0.286,0.252,0.173,0.012,0.339,0.108,0.096,0.014,0.048,0.486,0.339,0.3,0.373,0.323,0.013,0.08,0.359,0.998,0.349,0.334,0.108,0.097,0.15,0.166,0.158,0.176,0.189,0.052,0.607,0.335,0.382,0.122,0.39,0.868,0.12,0.199,0.242,0.24,0.936,0.366,0.359,0.179,0.127,0.21,0.133,0.323,0.412,0.089,0.216,0.661,0.557,0.274,0.41,0.467,0.286,0.285,0.418,0.021,0.316,0.798
1-212.txt_325,0.748,0.227,0.21,0.502,0.414,0.214,0.412,0.231,0.085,0.416,0.239,0.29,0.309,0.237,0.199,0.438,0.424,0.1,0.099,0.515,0.344,0.593,0.338,0.414,0.128,0.446,0.397,0.259,0.285,0.359,0.23,0.546,0.258,0.225,0.252,0.392,0.497,0.161,0.204,0.299,0.182,0.452,0.839,0.737,0.019,0.355,0.522,0.454,0.624,0.104,0.04,0.529,0.112,0.194,0.21,0.527,0.244,0.032,0.221,0.141,0.37,0.319,0.555,0.767,0.01,0.635,0.936,0.314,0.25,0.155,0.113,0.339,0.072,0.021,0.232,0.381,0.197,0.2,0.031,0.241,0.047,0.025,0.012,0.005,1,0.012,0.025,0.063,0.005,0.033,0.018,0.005,0.018,0.012,0.007,0.047,0.274,0.012,0.012,0.158,0.359,0.376,0.477,0.498,0.021,0.848,0.626,0.363,0.333,0.072,0.234,0.491,0.227,0.099,0.215,0.405,0.345,0.289,0.147,0.171,0.236,0.451,0.37,0.556,0.078,0.675,0.84,0.226,0.353,0.164,0.191,0.716,0.173,0.12,0.432,0.285,0.404,0.189,0.234,0.264,0.564,0.192,0.334,0.366,0.099,0.199,0.225,0.9,0.266,0.191,0.13,0.255,0.108,0.274,0.256,0.397,0.165,0.325,0.16,0.144,0.346,0.5,0.87,0.627,0.259,0.577,0.45,0.462,0.627,0.08,0.096,0.574,0.413,0.01,0.052,0.45,0.219,0.252,0.048,0.048,0.353,0.345,0.144,0.178,0.226,0.34,0.425,0.204,0.047,0.79,0.345,0.441,0.562,0.257,0.298,0.438,0.562,0.029,0.332,0.71,0.27,0.224,0.098,0.026,0.197,0.175,0.166,0.073,0.157,0.653,0.909,0.212,0.614,0.543,0.189,0.091,0.295,0.162,0.358,0.727,0.154,0.664,0.384,0.302,0.16,0.453,0.483,0.188,0.263,0.258,0.36,0.82,0.333,0.204,0.192,0.417,0.613,0.138,0.118,0.216,0.425,0.069,0.389,0.033,0.536,0.194,0.033,0.012,0.033,0.5,0.616,0.069,0.999,0.5,0.012,0.083,0.119,0.063,0.069,0.741,0.207,0.29,0.243,0.185,0.239,0.199,0.155,0.075,0.389,0.36,0.605,0.198,0.516,0.931,0.1,0.129,0.296,0.244,0.662,0.335,0.316,0.409,0.341,0.411,0.127,0.448,0.329,0.237,0.271,0.168,0.26,0.446,0.321,0.182,0.883,0.413,0.374,0.13,0.104,0.216,0.383,0.475,0.435,0.481,0.084,0.52,0.61,0.407,0.517,0.277,0.161,0.433,0.12,0.271,0.263,0.694,0.505,0.122,0.1,0.216,0.371,0.406,0.341,0.267,0.202,0.321,0.43,0.134,0.328,0.367,0.338,0.393,0.261,0.291,0.234,0.651,0.843,0.164,0.23,0.501,0.253,0.01,0.009,0.004,0.5,0.012,0.01,0.012,0.012,0.369,0.375,0.01,0.069,0.119,0.009,0.061,0.48,1,0.5,0.136,0.12,0.153,0.252,0.166,0.191,0.173,0.204,0.162,0.384,0.403,0.378,0.154,0.303,0.847,0.086,0.252,0.263,0.166,0.956,0.297,0.367,0.279,0.189,0.173,0.226,0.384,0.366,0.107,0.345,0.704,0.472,0.374,0.427,0.398,0.174,0.344,0.502,0.022,0.311,0.75
1-212.txt_327,0.868,0.113,0.193,0.2,0.379,0.136,0.2,0.404,0.04,0.415,0.348,0.24,0.396,0.171,0.222,0.627,0.566,0.148,0.143,0.528,0.221,0.814,0.281,0.208,0.232,0.519,0.516,0.28,0.384,0.377,0.308,0.684,0.259,0.265,0.243,0.292,0.383,0.314,0.224,0.235,0.233,0.416,0.861,0.743,0.07,0.443,0.628,0.317,0.481,0.074,0.038,0.503,0.11,0.089,0.319,0.529,0.395,0.022,0.16,0.138,0.411,0.228,0.529,0.802,0.117,0.338,0.813,0.402,0.175,0.234,0.17,0.433,0.055,0.017,0.205,0.296,0.18,0.313,0.037,0.233,0.083,0.005,0.007,0.005,1,0.007,0.061,0.027,0.005,0.018,0.033,0.061,0.018,0.007,0.007,0.047,0.047,0.253,0.007,0.158,0.38,0.496,0.412,0.537,0.076,0.888,0.665,0.132,0.287,0.112,0.225,0.576,0.219,0.201,0.272,0.402,0.459,0.044,0.138,0.171,0.238,0.453,0.466,0.554,0.093,0.694,0.83,0.168,0.207,0.134,0.156,0.754,0.132,0.225,0.356,0.33,0.552,0.094,0.261,0.297,0.464,0.242,0.38,0.315,0.024,0.319,0.313,0.795,0.273,0.031,0.115,0.221,0.109,0.253,0.203,0.35,0.221,0.15,0.143,0.129,0.442,0.5,0.699,0.482,0.023,0.537,0.405,0.616,0.954,0.083,0.171,0.442,0.266,0.158,0.209,0.5,0.157,0.281,0.35,0.051,0.251,0.341,0.239,0.256,0.127,0.277,0.421,0.216,0.324,0.698,0.47,0.383,0.375,0.337,0.393,0.522,0.596,0.024,0.333,0.672,0.255,0.229,0.098,0.067,0.146,0.181,0.178,0.096,0.199,0.641,0.904,0.179,0.602,0.444,0.211,0.17,0.312,0.09,0.301,0.696,0.225,0.555,0.478,0.434,0.048,0.479,0.425,0.323,0.259,0.232,0.355,0.793,0.348,0.125,0.217,0.375,0.499,0.149,0.167,0.186,0.135,0.058,0.106,0.047,0.212,0.182,0.31,0.023,0.047,0.741,0.728,0.145,0.992,0.55,0.023,0.082,0.145,0.048,0.071,0.738,0.204,0.181,0.103,0.115,0.281,0.115,0.09,0.031,0.314,0.431,0.666,0.108,0.541,0.939,0.08,0.115,0.316,0.319,0.732,0.363,0.404,0.404,0.363,0.399,0.171,0.509,0.262,0.32,0.289,0.204,0.283,0.509,0.256,0.246,0.84,0.324,0.278,0.15,0.066,0.194,0.519,0.378,0.377,0.482,0.15,0.374,0.413,0.36,0.463,0.303,0.182,0.459,0.191,0.325,0.35,0.72,0.593,0.196,0.148,0.246,0.189,0.576,0.44,0.485,0.05,0.356,0.585,0.154,0.377,0.294,0.266,0.449,0.251,0.123,0.297,0.638,0.839,0.135,0.222,0.4,0.058,0.251,0.173,0.009,0.326,0.098,0.096,0.014,0.014,0.359,0.339,0.3,0.377,0.615,0.009,0.106,0.286,0.998,0.476,0.31,0.123,0.069,0.206,0.165,0.163,0.157,0.186,0.075,0.542,0.297,0.344,0.16,0.367,0.875,0.114,0.218,0.311,0.308,0.936,0.312,0.413,0.135,0.101,0.131,0.19,0.297,0.284,0.094,0.271,0.721,0.558,0.274,0.422,0.429,0.184,0.302,0.388,0.07,0.329,0.832
1-212.txt_329,0.952,0.153,0.151,0.165,0.351,0.157,0.239,0.432,0.074,0.399,0.315,0.286,0.34,0.148,0.062,0.551,0.509,0.131,0.191,0.584,0.227,0.758,0.367,0.284,0.029,0.463,0.329,0.141,0.482,0.186,0.131,0.482,0.113,0.379,0.367,0.54,0.362,0.513,0.397,0.319,0.322,0.42,0.677,0.62,0.078,0.327,0.543,0.371,0.444,0.137,0.233,0.496,0.139,0.207,0.299,0.538,0.415,0.111,0.18,0.168,0.265,0.379,0.717,0.904,0.095,0.548,0.801,0.314,0.18,0.107,0.087,0.424,0.042,0.084,0.223,0.385,0.375,0.097,0.109,0.132,0.047,0.002,0.007,0.002,1,0.007,0.061,0.007,0.007,0.018,0.033,0.005,0.069,0.007,0.007,0.033,0.047,0.444,0.007,0.158,0.374,0.373,0.485,0.402,0.078,0.892,0.589,0.317,0.443,0.08,0.243,0.445,0.25,0.127,0.246,0.38,0.352,0.082,0.155,0.293,0.206,0.228,0.404,0.738,0.012,0.771,0.877,0.279,0.332,0.084,0.137,0.652,0.243,0.116,0.477,0.466,0.327,0.084,0.117,0.135,0.603,0.186,0.208,0.188,0.112,0.209,0.154,0.907,0.19,0.095,0.152,0.178,0.092,0.191,0.193,0.502,0.338,0.192,0.078,0.217,0.214,0.5,0.802,0.671,0.256,0.869,0.791,0.076,0.633,0.111,0.033,0.726,0.284,0.13,0.169,0.347,0.5,0.01,0.296,0.146,0.141,0.497,0.13,0.254,0.095,0.409,0.387,0.149,0.324,0.722,0.523,0.49,0.417,0.255,0.247,0.257,0.505,0.027,0.344,0.575,0.314,0.18,0.129,0.167,0.15,0.152,0.188,0.091,0.111,0.612,0.83,0.222,0.599,0.464,0.273,0.164,0.278,0.078,0.194,0.651,0.188,0.661,0.379,0.3,0.142,0.487,0.428,0.201,0.173,0.341,0.342,0.839,0.346,0.137,0.201,0.234,0.456,0.271,0.113,0.212,0.31,0.083,0.158,0.069,0.083,0.269,0.274,0.018,0.069,0.5,0.616,0.083,0.999,0.384,0.033,0.119,0.158,0.069,0.083,0.741,0.245,0.17,0.1,0.161,0.248,0.052,0.106,0.066,0.232,0.393,0.609,0.201,0.481,0.958,0.087,0.175,0.272,0.403,0.677,0.284,0.292,0.451,0.347,0.413,0.179,0.526,0.313,0.204,0.147,0.21,0.272,0.412,0.167,0.163,0.924,0.447,0.377,0.042,0.132,0.189,0.332,0.53,0.578,0.6,0.117,0.561,0.616,0.365,0.505,0.289,0.104,0.496,0.24,0.304,0.316,0.614,0.463,0.023,0.166,0.18,0.272,0.33,0.291,0.294,0.194,0.297,0.414,0.153,0.487,0.389,0.261,0.442,0.233,0.229,0.305,0.633,0.802,0.176,0.313,0.561,0.093,0.433,0.139,0.039,0.256,0.168,0.293,0.04,0.023,0.548,0.359,0.408,0.347,0.379,0.011,0.223,0.432,0.815,0.304,0.376,0.121,0.118,0.219,0.053,0.265,0.064,0.103,0.144,0.598,0.374,0.428,0.193,0.323,0.882,0.119,0.189,0.201,0.262,0.94,0.406,0.474,0.233,0.13,0.119,0.159,0.237,0.39,0.087,0.194,0.578,0.601,0.33,0.571,0.405,0.198,0.342,0.392,0.095,0.332,0.784
1-212.txt_331,0.876,0.158,0.197,0.291,0.473,0.138,0.287,0.401,0.042,0.481,0.216,0.236,0.224,0.156,0.075,0.515,0.439,0.114,0.105,0.457,0.159,0.835,0.25,0.101,0.021,0.546,0.464,0.285,0.279,0.507,0.406,0.446,0.414,0.29,0.247,0.25,0.268,0.296,0.239,0.43,0.206,0.425,0.812,0.706,0.021,0.425,0.608,0.285,0.691,0.083,0.048,0.604,0.033,0.2,0.374,0.519,0.206,0.105,0.264,0.09,0.216,0.302,0.634,0.851,0.049,0.584,0.919,0.269,0.085,0.144,0.118,0.411,0.072,0.022,0.339,0.36,0.322,0.149,0.038,0.211,0.047,0.005,0.007,0.005,1,0.007,0.061,0.007,0.005,0.018,0.069,0.005,0.018,0.007,0.007,0.047,0.158,0.444,0.012,0.158,0.291,0.46,0.572,0.495,0.12,0.872,0.619,0.312,0.38,0.058,0.167,0.567,0.222,0.097,0.223,0.4,0.465,0.196,0.155,0.174,0.194,0.347,0.427,0.69,0.039,0.708,0.843,0.327,0.274,0.205,0.264,0.442,0.227,0.198,0.576,0.31,0.329,0.164,0.169,0.224,0.55,0.231,0.299,0.239,0.096,0.251,0.19,0.855,0.272,0.096,0.099,0.191,0.154,0.279,0.185,0.457,0.257,0.108,0.21,0.174,0.252,0.266,0.89,0.558,0.01,0.537,0.507,0.405,0.537,0.044,0.048,0.558,0.206,0.31,0.088,0.405,0.292,0.038,0.494,0.093,0.334,0.255,0.131,0.104,0.25,0.207,0.209,0.14,0.09,0.795,0.58,0.342,0.581,0.365,0.449,0.343,0.371,0.161,0.243,0.759,0.258,0.267,0.112,0.147,0.212,0.212,0.234,0.079,0.16,0.629,0.864,0.202,0.599,0.46,0.2,0.099,0.339,0.104,0.272,0.649,0.24,0.641,0.355,0.374,0.081,0.542,0.458,0.297,0.365,0.229,0.306,0.844,0.315,0.132,0.216,0.422,0.537,0.12,0.153,0.222,0.185,0.048,0.056,0.047,0.212,0.182,0.183,0.023,0.048,0.818,0.855,0.095,0.993,0.754,0.023,0.082,0.145,0.048,0.121,0.738,0.258,0.118,0.104,0.124,0.246,0.119,0.078,0.036,0.332,0.478,0.564,0.085,0.406,0.947,0.093,0.138,0.315,0.248,0.71,0.327,0.286,0.419,0.424,0.476,0.172,0.483,0.385,0.233,0.184,0.212,0.211,0.483,0.163,0.178,0.944,0.402,0.349,0.033,0.052,0.194,0.471,0.404,0.484,0.52,0.166,0.29,0.451,0.477,0.396,0.195,0.102,0.474,0.181,0.209,0.244,0.796,0.734,0.019,0.107,0.226,0.267,0.494,0.354,0.38,0.037,0.398,0.437,0.123,0.461,0.314,0.282,0.577,0.266,0.207,0.335,0.586,0.795,0.142,0.214,0.442,0.209,0.252,0.173,0.005,0.339,0.108,0.047,0.014,0.048,0.613,0.339,0.251,0.373,0.323,0.009,0.13,0.409,0.998,0.349,0.334,0.152,0.211,0.196,0.2,0.188,0.117,0.238,0.077,0.549,0.404,0.397,0.256,0.353,0.814,0.114,0.255,0.272,0.228,0.864,0.436,0.443,0.202,0.174,0.225,0.221,0.29,0.329,0.206,0.234,0.683,0.557,0.271,0.46,0.386,0.223,0.308,0.448,0.109,0.344,0.786
1-212.txt_333,0.686,0.319,0.322,0.232,0.201,0.257,0.466,0.405,0.282,0.265,0.349,0.403,0.205,0.263,0.287,0.465,0.323,0.197,0.264,0.334,0.23,0.705,0.491,0.437,0.028,0.643,0.566,0.174,0.579,0.217,0.167,0.653,0.195,0.133,0.252,0.29,0.469,0.256,0.323,0.29,0.243,0.393,0.637,0.375,0.11,0.269,0.261,0.227,0.584,0.295,0.159,0.363,0.359,0.626,0.375,0.456,0.635,0.173,0.591,0.477,0.257,0.262,0.834,0.885,0.111,0.393,0.62,0.349,0.229,0.077,0.037,0.501,0.075,0.051,0.248,0.519,0.448,0.13,0.091,0.132,0.158,0.002,0.007,0.002,1,0.005,0.01,0.007,0.002,0.018,0.033,0.025,0.069,0.007,0.002,0.033,0.033,0.48,0.007,0.083,0.28,0.612,0.386,0.407,0.111,0.873,0.707,0.137,0.457,0.145,0.134,0.72,0.212,0.137,0.179,0.411,0.447,0.233,0.157,0.255,0.239,0.272,0.592,0.673,0.203,0.745,0.781,0.079,0.532,0.26,0.07,0.745,0.281,0.153,0.334,0.5,0.484,0.008,0.351,0.279,0.428,0.176,0.33,0.318,0.092,0.243,0.258,0.738,0.241,0.187,0.167,0.168,0.088,0.244,0.134,0.308,0.323,0.143,0.191,0.24,0.315,0.34,0.342,0.325,0.151,0.368,0.406,0.227,0.312,0.35,0.358,0.405,0.337,0.344,0.22,0.354,0.393,0.179,0.284,0.387,0.195,0.312,0.336,0.251,0.262,0.132,0.259,0.056,0.062,0.567,0.49,0.132,0.413,0.348,0.613,0.497,0.527,0.31,0.336,0.661,0.336,0.155,0.111,0.097,0.259,0.104,0.105,0.085,0.133,0.666,0.87,0.074,0.704,0.644,0.109,0.189,0.191,0.112,0.281,0.664,0.09,0.647,0.44,0.475,0.01,0.58,0.617,0.143,0.374,0.286,0.174,0.894,0.224,0.215,0.293,0.296,0.374,0.056,0.293,0.25,0.205,0.275,0.22,0.163,0.082,0.142,0.25,0.109,0.231,0.5,0.424,0.199,0.888,0.524,0.211,0.249,0.235,0.444,0.454,0.58,0.068,0.082,0.081,0.028,0.134,0.058,0.047,0.045,0.325,0.533,0.693,0.153,0.29,0.991,0.12,0.177,0.157,0.31,0.799,0.316,0.205,0.519,0.357,0.454,0.016,0.643,0.579,0.113,0.327,0.233,0.339,0.671,0.34,0.222,0.719,0.461,0.442,0.12,0.137,0.184,0.474,0.313,0.449,0.519,0.18,0.349,0.55,0.294,0.272,0.168,0.215,0.454,0.191,0.29,0.301,0.628,0.553,0.057,0.185,0.219,0.219,0.503,0.318,0.298,0.1,0.439,0.474,0.282,0.404,0.393,0.328,0.6,0.353,0.319,0.068,0.384,0.7,0.129,0.227,0.381,0.259,0.096,0.18,0.005,0.024,0.048,0.019,0.171,0.014,0.486,0.49,0.096,0.428,0.447,0.005,0.257,0.262,0.988,0.5,0.612,0.024,0.198,0.212,0.024,0.339,0.062,0.098,0.009,0.738,0.145,0.145,0.071,0.275,0.902,0.17,0.062,0.028,0.219,0.999,0.212,0.338,0.215,0.177,0.171,0.172,0.253,0.277,0.103,0.226,0.779,0.663,0.237,0.628,0.375,0.16,0.189,0.382,0.107,0.283,0.841
1-212.txt_335,0.872,0.108,0.116,0.106,0.431,0.187,0.243,0.414,0.051,0.554,0.299,0.318,0.36,0.246,0.07,0.39,0.511,0.127,0.147,0.557,0.196,0.571,0.5,0.431,0.036,0.603,0.464,0.515,0.287,0.462,0.298,0.39,0.335,0.038,0.106,0.347,0.533,0.022,0.108,0.496,0.225,0.338,0.913,0.688,0.013,0.272,0.546,0.366,0.446,0.053,0.02,0.457,0.089,0.047,0.223,0.5,0.336,0.014,0.179,0.106,0.295,0.344,0.664,0.845,0.214,0.368,0.695,0.418,0.272,0.082,0.05,0.5,0.032,0.013,0.189,0.466,0.261,0.013,0.041,0.049,0.274,0.027,0.369,0.027,0.976,0.063,0.027,0.027,0.027,0.047,0.033,0.138,0.047,0.018,0.027,0.515,0.747,0.012,0.018,0.269,0.238,0.561,0.453,0.375,0.131,0.853,0.556,0.164,0.452,0.098,0.147,0.559,0.244,0.109,0.189,0.452,0.267,0.124,0.179,0.218,0.315,0.409,0.514,0.669,0.013,0.62,0.912,0.169,0.351,0.048,0.188,0.673,0.217,0.013,0.524,0.484,0.546,0.009,0.066,0.251,0.566,0.112,0.238,0.319,0.099,0.328,0.235,0.882,0.182,0.171,0.154,0.27,0.118,0.286,0.174,0.42,0.296,0.419,0.193,0.082,0.425,0.119,0.425,0.425,0.027,0.982,0.741,0.5,0.5,0.033,0.274,0.31,0.31,0.375,0.083,0.384,0.5,0.033,0.31,0.047,0.378,0.221,0.281,0.187,0.05,0.195,0.374,0.353,0.07,0.713,0.601,0.287,0.408,0.297,0.404,0.697,0.454,0.042,0.237,0.622,0.288,0.208,0.065,0.045,0.2,0.136,0.142,0.035,0.157,0.551,0.912,0.199,0.595,0.564,0.206,0.076,0.218,0.163,0.32,0.632,0.257,0.706,0.343,0.353,0.115,0.493,0.361,0.274,0.322,0.245,0.421,0.821,0.313,0.333,0.37,0.395,0.458,0.117,0.12,0.212,0.262,0.058,0.032,0.023,0.45,0.132,0.26,0.023,0.058,0.741,0.855,0.132,0.993,0.704,0.034,0.058,0.145,0.062,0.121,0.728,0.3,0.319,0.223,0.177,0.232,0.19,0.17,0.17,0.339,0.288,0.584,0.222,0.387,0.843,0.172,0.242,0.281,0.188,0.638,0.222,0.444,0.319,0.229,0.376,0.211,0.551,0.342,0.298,0.194,0.156,0.235,0.497,0.157,0.119,0.977,0.424,0.286,0.047,0.16,0.208,0.461,0.338,0.598,0.416,0.171,0.293,0.353,0.491,0.27,0.177,0.197,0.263,0.18,0.159,0.372,0.832,0.639,0.029,0.131,0.264,0.473,0.253,0.29,0.289,0.146,0.368,0.461,0.096,0.232,0.335,0.331,0.5,0.346,0.189,0.169,0.56,0.835,0.053,0.074,0.541,0.082,0.262,0.023,0.012,0.326,0.185,0.108,0.024,0.024,0.462,0.262,0.31,0.377,0.5,0.023,0.082,0.419,0.999,0.349,0.286,0.148,0.141,0.173,0.197,0.214,0.044,0.05,0.099,0.57,0.353,0.474,0.208,0.209,0.851,0.12,0.289,0.24,0.261,0.877,0.392,0.409,0.205,0.106,0.131,0.036,0.321,0.32,0.162,0.339,0.722,0.492,0.293,0.478,0.491,0.149,0.262,0.408,0.182,0.238,0.829
1-212.txt_337,0.878,0.266,0.161,0.139,0.349,0.257,0.338,0.453,0.181,0.31,0.296,0.268,0.273,0.156,0.271,0.629,0.414,0.109,0.151,0.465,0.269,0.882,0.421,0.167,0.041,0.669,0.535,0.1,0.452,0.131,0.125,0.767,0.266,0.116,0.252,0.287,0.311,0.09,0.19,0.146,0.26,0.376,0.836,0.516,0.021,0.292,0.449,0.203,0.26,0.23,0.138,0.566,0.33,0.169,0.506,0.548,0.603,0.014,0.243,0.343,0.245,0.303,0.739,0.9,0.074,0.454,0.658,0.282,0.27,0.113,0.087,0.408,0.09,0.063,0.243,0.474,0.368,0.025,0.036,0.14,0.409,0.038,0.039,0.038,1,0.039,0.038,0.097,0.038,0.219,0.225,0.038,0.269,0.097,0.038,0.219,0.219,0.195,0.097,0.269,0.291,0.615,0.44,0.412,0.079,0.909,0.832,0.136,0.423,0.133,0.18,0.669,0.348,0.106,0.21,0.429,0.356,0.192,0.215,0.252,0.292,0.439,0.501,0.732,0.135,0.781,0.883,0.137,0.469,0.146,0.043,0.624,0.069,0.145,0.205,0.461,0.45,0.083,0.105,0.166,0.448,0.162,0.408,0.287,0.13,0.265,0.254,0.906,0.188,0.083,0.079,0.184,0.087,0.158,0.126,0.402,0.188,0.114,0.081,0.125,0.114,0.429,0.671,0.278,0.043,0.47,0.47,0.118,0.982,0.057,0.09,0.283,0.19,0.348,0.101,0.275,0.201,0.121,0.813,0.055,0.269,0.039,0.033,0.033,0.317,0.084,0.054,0.022,0.056,0.956,0.851,0.033,0.685,0.508,0.033,0.225,0.408,0.178,0.225,0.964,0.262,0.158,0.095,0.064,0.209,0.12,0.094,0.051,0.146,0.791,0.924,0.112,0.748,0.488,0.099,0.131,0.287,0.132,0.271,0.688,0.186,0.82,0.398,0.379,0.034,0.578,0.63,0.174,0.301,0.178,0.254,0.964,0.298,0.135,0.247,0.399,0.313,0.14,0.099,0.202,0.319,0.141,0.185,0.054,0.261,0.292,0.09,0.029,0.069,0.502,0.633,0.214,0.966,0.683,0.065,0.166,0.203,0.169,0.367,0.641,0.148,0.118,0.148,0.076,0.104,0.078,0.08,0.08,0.21,0.447,0.58,0.108,0.394,0.933,0.06,0.182,0.173,0.397,0.846,0.272,0.293,0.185,0.162,0.279,0.08,0.38,0.349,0.108,0.151,0.062,0.1,0.35,0.129,0.059,0.961,0.301,0.298,0.034,0.079,0.161,0.545,0.279,0.561,0.475,0.226,0.482,0.47,0.284,0.291,0.145,0.172,0.55,0.258,0.162,0.212,0.82,0.622,0.057,0.229,0.148,0.412,0.41,0.432,0.223,0.173,0.258,0.3,0.194,0.171,0.321,0.282,0.377,0.279,0.153,0.191,0.598,0.913,0.107,0.151,0.483,0.088,0.065,0.044,0.018,0.209,0.159,0.043,0.161,0.116,0.095,0.207,0.065,0.302,0.555,0.015,0.179,0.169,0.999,0.759,0.172,0.067,0.177,0.09,0.016,0.192,0.16,0.151,0.094,0.663,0.207,0.396,0.065,0.312,0.939,0.057,0.088,0.113,0.423,0.996,0.344,0.352,0.234,0.141,0.156,0.18,0.232,0.223,0.113,0.167,0.726,0.674,0.257,0.657,0.358,0.122,0.228,0.471,0.062,0.221,0.78
1-212.txt_339,0.889,0.233,0.202,0.305,0.381,0.178,0.324,0.475,0.145,0.3,0.251,0.307,0.297,0.196,0.17,0.501,0.492,0.211,0.232,0.398,0.165,0.834,0.461,0.186,0.101,0.423,0.42,0.206,0.332,0.337,0.312,0.62,0.262,0.179,0.113,0.386,0.356,0.178,0.194,0.324,0.159,0.435,0.852,0.576,0.155,0.337,0.557,0.474,0.75,0.194,0.085,0.477,0.137,0.03,0.287,0.599,0.282,0.02,0.179,0.253,0.235,0.374,0.652,0.81,0.009,0.565,0.874,0.297,0.179,0.152,0.11,0.502,0.088,0.025,0.236,0.353,0.236,0.195,0.071,0.244,0.047,0.005,0.007,0.005,1,0.007,0.061,0.027,0.005,0.018,0.033,0.025,0.069,0.007,0.007,0.083,0.083,0.444,0.007,0.158,0.289,0.464,0.496,0.432,0.127,0.84,0.73,0.238,0.309,0.081,0.212,0.586,0.24,0.096,0.209,0.343,0.361,0.149,0.125,0.253,0.247,0.271,0.478,0.754,0.013,0.806,0.952,0.241,0.332,0.087,0.103,0.523,0.123,0.089,0.357,0.331,0.371,0.065,0.144,0.11,0.529,0.162,0.281,0.236,0.07,0.149,0.079,0.889,0.25,0.179,0.177,0.171,0.192,0.337,0.192,0.357,0.207,0.326,0.179,0.168,0.252,0.445,0.74,0.719,0.146,0.5,0.482,0.375,0.587,0.055,0.04,0.537,0.264,0.075,0.051,0.384,0.232,0.219,0.256,0.023,0.369,0.282,0.16,0.152,0.255,0.194,0.219,0.177,0.183,0.679,0.523,0.304,0.516,0.38,0.166,0.454,0.563,0.179,0.405,0.735,0.328,0.191,0.062,0.096,0.165,0.13,0.164,0.054,0.156,0.698,0.873,0.152,0.559,0.52,0.221,0.131,0.291,0.081,0.307,0.715,0.218,0.646,0.336,0.366,0.17,0.538,0.432,0.256,0.416,0.223,0.381,0.859,0.307,0.23,0.36,0.374,0.535,0.176,0.167,0.197,0.227,0.129,0.225,0.029,0.322,0.224,0.167,0.019,0.065,0.681,0.766,0.113,0.993,0.595,0.044,0.111,0.139,0.103,0.121,0.736,0.179,0.217,0.221,0.121,0.206,0.222,0.111,0.067,0.359,0.413,0.657,0.209,0.608,0.892,0.045,0.113,0.238,0.339,0.681,0.363,0.426,0.253,0.291,0.428,0.093,0.486,0.334,0.209,0.115,0.189,0.21,0.415,0.232,0.183,0.955,0.348,0.201,0.041,0.094,0.156,0.392,0.365,0.399,0.416,0.067,0.374,0.559,0.299,0.336,0.246,0.203,0.507,0.285,0.423,0.314,0.743,0.714,0.163,0.27,0.292,0.364,0.519,0.425,0.329,0.174,0.26,0.441,0.158,0.397,0.293,0.298,0.364,0.165,0.137,0.256,0.658,0.905,0.1,0.111,0.488,0.027,0.01,0.009,0.004,0.5,0.027,0.01,0.012,0.012,0.063,0.449,0.01,0.143,0.119,0.009,0.025,0.48,1,0.575,0.061,0.122,0.22,0.355,0.24,0.213,0.177,0.235,0.128,0.473,0.354,0.36,0.182,0.323,0.815,0.117,0.201,0.274,0.23,0.937,0.383,0.315,0.238,0.135,0.167,0.191,0.344,0.415,0.1,0.207,0.732,0.523,0.373,0.427,0.499,0.216,0.33,0.38,0.141,0.321,0.787
1-212.txt_341,0.803,0.182,0.198,0.122,0.391,0.191,0.234,0.33,0.134,0.55,0.302,0.282,0.417,0.285,0.141,0.416,0.609,0.123,0.267,0.59,0.154,0.576,0.413,0.395,0.028,0.404,0.443,0.402,0.348,0.424,0.228,0.528,0.288,0.136,0.133,0.415,0.47,0.197,0.158,0.434,0.176,0.451,0.832,0.768,0.097,0.28,0.578,0.344,0.545,0.147,0.063,0.535,0.072,0.026,0.239,0.5,0.305,0.018,0.179,0.183,0.254,0.31,0.642,0.872,0.112,0.617,0.905,0.339,0.164,0.146,0.044,0.526,0.029,0.025,0.297,0.457,0.221,0.107,0.111,0.16,0.047,0.005,0.007,0.005,1,0.007,0.061,0.007,0.005,0.018,0.083,0.025,0.069,0.007,0.007,0.047,0.047,0.444,0.007,0.158,0.292,0.48,0.496,0.431,0.166,0.852,0.687,0.225,0.477,0.084,0.172,0.576,0.251,0.024,0.225,0.408,0.348,0.098,0.097,0.214,0.26,0.386,0.55,0.8,0.009,0.662,0.878,0.278,0.137,0.072,0.131,0.558,0.148,0.021,0.322,0.376,0.544,0.07,0.198,0.178,0.591,0.202,0.207,0.248,0.069,0.239,0.169,0.862,0.269,0.179,0.133,0.238,0.15,0.337,0.232,0.362,0.288,0.316,0.261,0.136,0.373,0.349,0.527,0.503,0.252,0.948,0.938,0.33,0.627,0.014,0.209,0.534,0.111,0.257,0.111,0.219,0.426,0.013,0.315,0.047,0.249,0.362,0.2,0.15,0.031,0.244,0.344,0.209,0.131,0.711,0.443,0.349,0.502,0.291,0.34,0.493,0.596,0.13,0.422,0.601,0.249,0.225,0.068,0.05,0.203,0.174,0.16,0.027,0.167,0.652,0.908,0.214,0.629,0.535,0.21,0.065,0.277,0.125,0.348,0.674,0.212,0.68,0.339,0.374,0.132,0.509,0.445,0.249,0.343,0.22,0.375,0.83,0.333,0.272,0.358,0.341,0.497,0.257,0.163,0.182,0.31,0.069,0.389,0.033,0.194,0.194,0.274,0.018,0.069,0.731,0.69,0.119,0.999,0.5,0.033,0.083,0.269,0.069,0.083,0.741,0.254,0.252,0.225,0.248,0.236,0.205,0.178,0.149,0.338,0.392,0.58,0.191,0.48,0.854,0.105,0.135,0.199,0.27,0.659,0.281,0.388,0.329,0.372,0.44,0.151,0.568,0.39,0.259,0.152,0.247,0.236,0.498,0.188,0.164,0.956,0.381,0.225,0.185,0.152,0.213,0.452,0.452,0.455,0.387,0.048,0.397,0.522,0.368,0.471,0.195,0.194,0.368,0.159,0.156,0.221,0.805,0.763,0.019,0.128,0.322,0.376,0.473,0.377,0.441,0.128,0.28,0.489,0.152,0.333,0.219,0.328,0.394,0.245,0.128,0.206,0.68,0.829,0.099,0.162,0.462,0.082,0.26,0.183,0.012,0.336,0.058,0.106,0.014,0.108,0.359,0.389,0.26,0.427,0.527,0.009,0.08,0.359,0.998,0.399,0.334,0.183,0.226,0.306,0.274,0.237,0.145,0.17,0.071,0.597,0.364,0.383,0.241,0.443,0.799,0.091,0.273,0.231,0.329,0.821,0.391,0.332,0.141,0.108,0.199,0.205,0.345,0.312,0.16,0.283,0.7,0.546,0.282,0.584,0.539,0.246,0.237,0.37,0.088,0.366,0.825
1-212.txt_343,0.842,0.108,0.257,0.177,0.404,0.189,0.139,0.307,0.037,0.51,0.343,0.227,0.368,0.301,0.171,0.366,0.529,0.148,0.194,0.594,0.183,0.617,0.465,0.415,0.168,0.457,0.517,0.359,0.387,0.361,0.192,0.578,0.258,0.124,0.121,0.382,0.472,0.175,0.149,0.366,0.195,0.399,0.846,0.764,0.171,0.28,0.543,0.412,0.418,0.086,0.063,0.519,0.07,0.026,0.239,0.526,0.355,0.018,0.212,0.169,0.239,0.286,0.693,0.898,0.041,0.625,0.897,0.367,0.164,0.095,0.095,0.526,0.037,0.025,0.296,0.457,0.238,0.107,0.087,0.16,0.047,0.005,0.007,0.005,1,0.007,0.025,0.007,0.005,0.033,0.083,0.025,0.069,0.007,0.007,0.033,0.047,0.444,0.012,0.274,0.292,0.456,0.425,0.475,0.105,0.822,0.666,0.252,0.465,0.079,0.23,0.499,0.265,0.038,0.24,0.418,0.364,0.164,0.14,0.183,0.271,0.367,0.54,0.858,0.006,0.691,0.858,0.251,0.152,0.121,0.053,0.51,0.119,0.158,0.351,0.376,0.535,0.07,0.207,0.183,0.573,0.214,0.251,0.271,0.067,0.252,0.164,0.876,0.288,0.164,0.162,0.223,0.214,0.363,0.226,0.438,0.258,0.335,0.281,0.147,0.425,0.083,0.31,0.389,0.012,0.988,0.931,0.449,0.5,0.018,0.194,0.31,0.158,0.384,0.143,0.194,0.5,0.018,0.464,0.033,0.236,0.343,0.277,0.14,0.106,0.247,0.376,0.133,0.216,0.706,0.487,0.414,0.461,0.25,0.292,0.456,0.579,0.118,0.384,0.644,0.227,0.261,0.078,0.065,0.189,0.181,0.195,0.04,0.171,0.669,0.889,0.246,0.6,0.547,0.255,0.088,0.261,0.199,0.349,0.703,0.212,0.66,0.308,0.333,0.133,0.474,0.445,0.195,0.401,0.215,0.409,0.852,0.398,0.284,0.334,0.316,0.507,0.26,0.163,0.202,0.31,0.069,0.158,0.033,0.425,0.269,0.274,0.018,0.069,0.616,0.616,0.119,0.996,0.5,0.047,0.194,0.194,0.063,0.069,0.741,0.255,0.215,0.242,0.188,0.188,0.188,0.141,0.19,0.326,0.447,0.58,0.137,0.482,0.848,0.09,0.171,0.225,0.216,0.683,0.27,0.427,0.324,0.356,0.412,0.137,0.595,0.423,0.21,0.162,0.255,0.282,0.455,0.217,0.121,0.953,0.315,0.218,0.197,0.147,0.186,0.443,0.396,0.38,0.355,0.143,0.368,0.475,0.382,0.496,0.253,0.187,0.378,0.162,0.247,0.23,0.834,0.715,0.018,0.125,0.33,0.343,0.514,0.362,0.409,0.184,0.301,0.448,0.124,0.382,0.222,0.296,0.428,0.243,0.139,0.239,0.691,0.856,0.1,0.225,0.417,0.209,0.251,0.096,0.012,0.326,0.058,0.096,0.024,0.098,0.613,0.416,0.251,0.373,0.323,0.009,0.13,0.359,0.999,0.349,0.334,0.156,0.21,0.337,0.286,0.238,0.131,0.187,0.095,0.607,0.385,0.37,0.246,0.505,0.812,0.076,0.279,0.299,0.267,0.821,0.377,0.403,0.139,0.093,0.177,0.273,0.321,0.283,0.191,0.28,0.706,0.556,0.238,0.652,0.529,0.223,0.267,0.362,0.08,0.372,0.84
1-212.txt_345,0.863,0.263,0.212,0.373,0.288,0.221,0.423,0.355,0.229,0.364,0.224,0.389,0.233,0.16,0.163,0.394,0.515,0.111,0.148,0.388,0.177,0.595,0.384,0.388,0.042,0.437,0.425,0.299,0.242,0.279,0.259,0.423,0.259,0.324,0.356,0.4,0.497,0.346,0.339,0.354,0.299,0.533,0.696,0.595,0.059,0.401,0.536,0.36,0.482,0.218,0.166,0.572,0.13,0.175,0.404,0.486,0.28,0.213,0.254,0.185,0.254,0.355,0.662,0.913,0.161,0.405,0.838,0.338,0.134,0.115,0.036,0.386,0.028,0.01,0.097,0.424,0.259,0.117,0.063,0.201,0.275,0.093,0.02,0.041,0.756,0.247,0.056,0.094,0.009,0.102,0.028,0.032,0.062,0.007,0.01,0.198,0.388,0.298,0.01,0.195,0.348,0.383,0.412,0.407,0.084,0.921,0.583,0.289,0.411,0.112,0.25,0.475,0.25,0.093,0.303,0.472,0.355,0.061,0.137,0.233,0.278,0.389,0.405,0.653,0.172,0.67,0.878,0.149,0.297,0.131,0.157,0.684,0.165,0.162,0.267,0.461,0.539,0.052,0.179,0.166,0.548,0.204,0.249,0.201,0.032,0.189,0.103,0.907,0.271,0.098,0.179,0.157,0.185,0.287,0.177,0.446,0.29,0.116,0.197,0.203,0.5,0.601,0.698,0.627,0.286,0.627,0.5,0.119,0.704,0.222,0.052,0.524,0.423,0.034,0.373,0.55,0.269,0.024,0.135,0.062,0.302,0.279,0.17,0.191,0.218,0.233,0.308,0.149,0.124,0.752,0.536,0.353,0.493,0.359,0.363,0.34,0.402,0.095,0.336,0.71,0.286,0.188,0.048,0.095,0.194,0.105,0.163,0.037,0.109,0.654,0.942,0.193,0.572,0.442,0.212,0.083,0.303,0.044,0.304,0.682,0.246,0.602,0.488,0.476,0.083,0.528,0.363,0.304,0.312,0.153,0.312,0.818,0.254,0.108,0.303,0.294,0.353,0.282,0.103,0.132,0.085,0.085,0.058,0.024,0.212,0.135,0.185,0.013,0.048,0.741,0.805,0.135,0.993,0.677,0.024,0.085,0.095,0.052,0.071,0.738,0.229,0.207,0.144,0.181,0.256,0.156,0.109,0.066,0.318,0.399,0.603,0.104,0.514,0.938,0.046,0.163,0.266,0.335,0.723,0.335,0.37,0.265,0.37,0.361,0.223,0.547,0.225,0.198,0.154,0.245,0.239,0.496,0.17,0.253,0.959,0.365,0.222,0.043,0.12,0.211,0.347,0.528,0.559,0.465,0.185,0.471,0.632,0.541,0.544,0.354,0.099,0.572,0.266,0.247,0.15,0.633,0.605,0.019,0.095,0.308,0.317,0.427,0.395,0.335,0.101,0.306,0.453,0.157,0.407,0.252,0.297,0.432,0.266,0.227,0.251,0.664,0.862,0.096,0.222,0.472,0.055,0.436,0.262,0.039,0.256,0.148,0.293,0.048,0.023,0.548,0.322,0.378,0.347,0.397,0.014,0.28,0.395,0.817,0.304,0.376,0.162,0.137,0.262,0.172,0.11,0.21,0.233,0.16,0.542,0.28,0.399,0.255,0.331,0.75,0.17,0.223,0.202,0.288,0.899,0.367,0.401,0.214,0.066,0.1,0.276,0.322,0.306,0.188,0.348,0.613,0.609,0.311,0.485,0.445,0.111,0.239,0.432,0.116,0.353,0.775
1-212.txt_347,0.864,0.19,0.275,0.3,0.34,0.164,0.339,0.5,0.062,0.402,0.222,0.241,0.175,0.146,0.066,0.517,0.449,0.134,0.179,0.385,0.142,0.77,0.389,0.14,0.073,0.595,0.43,0.27,0.399,0.391,0.324,0.483,0.407,0.226,0.284,0.382,0.269,0.233,0.26,0.331,0.141,0.51,0.818,0.737,0.024,0.338,0.583,0.464,0.652,0.07,0.061,0.585,0.044,0.222,0.403,0.537,0.28,0.199,0.197,0.159,0.272,0.283,0.649,0.855,0.071,0.571,0.872,0.215,0.138,0.186,0.1,0.411,0.075,0.034,0.254,0.36,0.316,0.156,0.063,0.228,0.047,0.005,0.007,0.005,1,0.007,0.061,0.007,0.007,0.018,0.018,0.027,0.018,0.007,0.007,0.047,0.158,0.444,0.007,0.158,0.31,0.463,0.497,0.548,0.071,0.88,0.646,0.331,0.299,0.057,0.152,0.537,0.174,0.095,0.165,0.369,0.428,0.209,0.138,0.218,0.255,0.331,0.486,0.576,0.011,0.835,0.969,0.165,0.319,0.078,0.184,0.622,0.141,0.067,0.404,0.408,0.287,0.116,0.235,0.159,0.524,0.269,0.299,0.271,0.096,0.234,0.179,0.855,0.284,0.097,0.096,0.211,0.153,0.251,0.185,0.471,0.314,0.108,0.166,0.199,0.31,0.033,0.616,0.69,0.012,0.515,0.515,0.508,0.5,0.007,0.033,0.5,0.143,0.138,0.143,0.384,0.5,0.012,0.444,0.012,0.311,0.245,0.216,0.208,0.243,0.215,0.251,0.206,0.107,0.698,0.533,0.367,0.498,0.311,0.453,0.397,0.36,0.153,0.219,0.672,0.313,0.251,0.098,0.167,0.195,0.206,0.219,0.102,0.168,0.604,0.824,0.198,0.608,0.391,0.255,0.127,0.366,0.139,0.301,0.613,0.255,0.625,0.408,0.368,0.151,0.515,0.437,0.274,0.324,0.251,0.317,0.829,0.312,0.188,0.269,0.408,0.516,0.129,0.127,0.219,0.281,0.086,0.061,0.027,0.191,0.203,0.188,0.024,0.056,0.784,0.885,0.12,0.971,0.576,0.045,0.127,0.15,0.088,0.106,0.779,0.206,0.114,0.077,0.13,0.295,0.153,0.12,0.075,0.328,0.421,0.576,0.072,0.424,0.953,0.033,0.148,0.3,0.278,0.763,0.305,0.278,0.362,0.4,0.456,0.1,0.455,0.373,0.162,0.151,0.12,0.181,0.42,0.14,0.174,0.941,0.435,0.301,0.034,0.048,0.136,0.568,0.386,0.426,0.448,0.298,0.374,0.42,0.353,0.342,0.281,0.131,0.434,0.311,0.228,0.21,0.808,0.649,0.027,0.101,0.222,0.272,0.508,0.353,0.326,0.066,0.353,0.452,0.099,0.374,0.334,0.325,0.649,0.31,0.171,0.268,0.553,0.837,0.152,0.241,0.484,0.286,0.252,0.173,0.012,0.339,0.108,0.096,0.024,0.048,0.486,0.339,0.3,0.373,0.373,0.009,0.13,0.359,0.998,0.349,0.334,0.14,0.266,0.324,0.263,0.139,0.186,0.278,0.141,0.636,0.313,0.381,0.329,0.414,0.714,0.093,0.252,0.227,0.283,0.814,0.365,0.437,0.199,0.099,0.152,0.204,0.192,0.281,0.162,0.197,0.735,0.634,0.208,0.493,0.366,0.175,0.318,0.446,0.029,0.255,0.83
1-212.txt_349,0.566,0.31,0.326,0.235,0.087,0.317,0.468,0.425,0.307,0.318,0.315,0.297,0.158,0.23,0.207,0.471,0.266,0.307,0.209,0.34,0.159,0.616,0.419,0.339,0.031,0.569,0.313,0.2,0.57,0.188,0.229,0.561,0.135,0.279,0.401,0.257,0.357,0.207,0.327,0.349,0.17,0.282,0.742,0.634,0.163,0.298,0.344,0.222,0.388,0.26,0.209,0.374,0.264,0.272,0.353,0.489,0.574,0.015,0.322,0.367,0.251,0.357,0.748,0.858,0.112,0.475,0.552,0.298,0.209,0.116,0.044,0.507,0.085,0.039,0.283,0.519,0.435,0.048,0.107,0.145,0.047,0.002,0.007,0.002,1,0.005,0.002,0.027,0.002,0.018,0.033,0.002,0.259,0.007,0.005,0.033,0.083,0.444,0.007,0.158,0.306,0.606,0.38,0.412,0.076,0.848,0.774,0.141,0.446,0.155,0.149,0.666,0.286,0.227,0.148,0.415,0.48,0.263,0.197,0.305,0.347,0.31,0.616,0.791,0.129,0.748,0.851,0.131,0.445,0.197,0.058,0.748,0.129,0.008,0.284,0.5,0.633,0.005,0.256,0.103,0.406,0.224,0.328,0.313,0.166,0.36,0.368,0.713,0.365,0.278,0.217,0.2,0.17,0.243,0.115,0.347,0.363,0.219,0.173,0.241,0.269,0.269,0.982,0.881,0.007,0.731,0.881,0.269,0.881,0.119,0.018,0.731,0.269,0.007,0.018,0.731,0.731,0.007,0.018,0.018,0.176,0.319,0.038,0.038,0.208,0.048,0.256,0.072,0.284,0.576,0.618,0.307,0.5,0.473,0.311,0.284,0.595,0.231,0.179,0.734,0.331,0.236,0.133,0.098,0.209,0.18,0.161,0.102,0.207,0.739,0.879,0.16,0.631,0.545,0.167,0.166,0.261,0.13,0.232,0.591,0.139,0.696,0.48,0.543,0.04,0.542,0.626,0.126,0.463,0.196,0.195,0.911,0.272,0.177,0.223,0.358,0.411,0.178,0.196,0.203,0.306,0.462,0.305,0.151,0.093,0.148,0.236,0.261,0.118,0.357,0.452,0.4,0.854,0.477,0.214,0.221,0.296,0.286,0.285,0.436,0.227,0.161,0.186,0.095,0.166,0.072,0.101,0.109,0.196,0.431,0.627,0.153,0.329,0.883,0.107,0.217,0.206,0.19,0.713,0.312,0.324,0.395,0.352,0.394,0.204,0.553,0.601,0.067,0.255,0.161,0.263,0.547,0.22,0.228,0.776,0.461,0.447,0.099,0.229,0.302,0.471,0.329,0.395,0.538,0.14,0.417,0.512,0.12,0.367,0.175,0.23,0.637,0.274,0.216,0.171,0.718,0.449,0.086,0.31,0.141,0.173,0.49,0.305,0.161,0.013,0.332,0.377,0.236,0.469,0.554,0.369,0.561,0.541,0.229,0.012,0.305,0.705,0.149,0.368,0.598,0.182,0.047,0.13,0.005,0.024,0.014,0.023,0.171,0.014,0.462,0.5,0.096,0.632,0.5,0.009,0.173,0.262,0.944,0.627,0.588,0.042,0.188,0.099,0.018,0.209,0.092,0.16,0.015,0.619,0.165,0.362,0.054,0.321,0.936,0.06,0.07,0.161,0.255,0.996,0.42,0.431,0.225,0.116,0.207,0.193,0.277,0.274,0.156,0.174,0.647,0.583,0.243,0.564,0.38,0.172,0.261,0.439,0.059,0.204,0.766
1-212.txt_351,0.851,0.245,0.221,0.35,0.386,0.285,0.293,0.394,0.135,0.435,0.269,0.232,0.163,0.145,0.12,0.553,0.462,0.119,0.142,0.397,0.126,0.807,0.389,0.148,0.119,0.63,0.464,0.27,0.382,0.357,0.298,0.483,0.424,0.255,0.274,0.356,0.259,0.233,0.219,0.331,0.19,0.424,0.789,0.726,0.026,0.348,0.554,0.455,0.529,0.093,0.07,0.604,0.04,0.212,0.46,0.499,0.318,0.2,0.197,0.182,0.272,0.296,0.643,0.855,0.052,0.54,0.872,0.196,0.138,0.147,0.118,0.424,0.069,0.062,0.291,0.43,0.303,0.148,0.06,0.222,0.047,0.005,0.007,0.005,1,0.007,0.061,0.007,0.007,0.018,0.018,0.025,0.018,0.007,0.007,0.047,0.158,0.444,0.012,0.158,0.364,0.437,0.475,0.5,0.071,0.885,0.673,0.304,0.301,0.074,0.152,0.532,0.169,0.092,0.156,0.397,0.493,0.153,0.151,0.183,0.255,0.331,0.486,0.516,0.013,0.835,0.969,0.195,0.319,0.054,0.17,0.637,0.161,0.067,0.357,0.378,0.287,0.116,0.159,0.235,0.56,0.282,0.299,0.251,0.077,0.26,0.236,0.855,0.328,0.097,0.094,0.191,0.166,0.291,0.191,0.458,0.295,0.109,0.18,0.174,0.31,0.033,0.616,0.69,0.007,0.515,0.625,0.508,0.194,0.012,0.033,0.5,0.143,0.253,0.143,0.269,0.389,0.012,0.444,0.027,0.294,0.28,0.192,0.161,0.252,0.262,0.245,0.212,0.112,0.712,0.515,0.332,0.516,0.39,0.45,0.389,0.348,0.161,0.237,0.633,0.313,0.228,0.116,0.153,0.194,0.197,0.203,0.097,0.173,0.637,0.824,0.191,0.604,0.437,0.3,0.118,0.353,0.142,0.301,0.636,0.237,0.633,0.401,0.41,0.085,0.539,0.459,0.291,0.342,0.253,0.317,0.846,0.288,0.182,0.253,0.432,0.511,0.116,0.174,0.215,0.357,0.086,0.061,0.027,0.287,0.188,0.142,0.027,0.106,0.813,0.885,0.12,0.971,0.576,0.062,0.112,0.15,0.088,0.106,0.779,0.216,0.113,0.065,0.129,0.283,0.172,0.138,0.072,0.319,0.427,0.559,0.067,0.462,0.966,0.049,0.137,0.291,0.283,0.788,0.311,0.272,0.33,0.379,0.42,0.111,0.446,0.356,0.235,0.153,0.127,0.16,0.427,0.145,0.141,0.952,0.417,0.285,0.024,0.04,0.213,0.551,0.378,0.406,0.44,0.27,0.328,0.411,0.421,0.37,0.289,0.148,0.423,0.267,0.302,0.164,0.774,0.7,0.019,0.117,0.239,0.291,0.508,0.302,0.335,0.037,0.362,0.495,0.081,0.321,0.305,0.32,0.625,0.311,0.167,0.289,0.548,0.835,0.152,0.226,0.471,0.209,0.252,0.173,0.012,0.339,0.108,0.096,0.024,0.048,0.613,0.339,0.3,0.373,0.323,0.012,0.13,0.359,0.998,0.349,0.334,0.152,0.261,0.32,0.27,0.16,0.174,0.246,0.101,0.56,0.319,0.337,0.346,0.358,0.747,0.119,0.252,0.278,0.27,0.795,0.32,0.462,0.184,0.093,0.149,0.204,0.21,0.281,0.162,0.21,0.741,0.653,0.22,0.483,0.36,0.144,0.312,0.472,0.028,0.235,0.83
1-212.txt_353,0.937,0.228,0.135,0.266,0.332,0.215,0.135,0.5,0.08,0.528,0.166,0.215,0.177,0.084,0.107,0.502,0.501,0.15,0.17,0.414,0.131,0.9,0.369,0.074,0.167,0.671,0.435,0.388,0.456,0.267,0.28,0.473,0.447,0.15,0.128,0.316,0.261,0.298,0.243,0.333,0.195,0.442,0.873,0.74,0.02,0.441,0.693,0.354,0.391,0.087,0.164,0.576,0.135,0.122,0.386,0.423,0.154,0.017,0.101,0.156,0.463,0.361,0.545,0.765,0.137,0.512,0.788,0.281,0.147,0.185,0.14,0.398,0.057,0.019,0.281,0.525,0.486,0.178,0.035,0.339,0.047,0.007,0.007,0.007,1,0.007,0.047,0.007,0.007,0.269,0.047,0.007,0.047,0.018,0.007,0.047,0.269,0.007,0.007,0.119,0.29,0.425,0.393,0.447,0.083,0.918,0.717,0.297,0.351,0.055,0.154,0.588,0.302,0.135,0.206,0.424,0.365,0.14,0.107,0.17,0.195,0.627,0.627,0.754,0.052,0.497,0.791,0.423,0.577,0.071,0.416,0.346,0.145,0.048,0.603,0.219,0.399,0.048,0.102,0.246,0.574,0.132,0.265,0.207,0.045,0.235,0.143,0.949,0.193,0.09,0.089,0.138,0.142,0.219,0.171,0.457,0.271,0.129,0.166,0.113,0.269,0.119,0.881,0.731,0.007,0.953,0.982,0.018,0.5,0.018,0.119,0.731,0.047,0.018,0.018,0.269,0.953,0.018,0.731,0.119,0.395,0.352,0.198,0.202,0.168,0.215,0.275,0.234,0.157,0.674,0.366,0.206,0.466,0.371,0.53,0.535,0.48,0.162,0.235,0.546,0.287,0.208,0.075,0.162,0.054,0.172,0.249,0.071,0.169,0.538,0.899,0.183,0.619,0.469,0.256,0.113,0.325,0.057,0.193,0.52,0.318,0.709,0.466,0.392,0.025,0.552,0.389,0.375,0.554,0.21,0.223,0.823,0.231,0.054,0.117,0.538,0.523,0.014,0.098,0.078,0.387,0.055,0.048,0.029,0.065,0.113,0.168,0.092,0.055,0.776,0.917,0.073,0.965,0.405,0.148,0.076,0.139,0.058,0.103,0.843,0.16,0.136,0.109,0.039,0.216,0.136,0.041,0.065,0.373,0.224,0.458,0.06,0.391,0.907,0.131,0.26,0.423,0.184,0.705,0.18,0.452,0.411,0.299,0.396,0.258,0.514,0.397,0.165,0.193,0.067,0.209,0.4,0.076,0.152,0.949,0.464,0.253,0.056,0.086,0.085,0.532,0.36,0.459,0.435,0.124,0.349,0.315,0.414,0.161,0.173,0.062,0.501,0.157,0.186,0.366,0.909,0.756,0.042,0.153,0.178,0.398,0.286,0.177,0.244,0.04,0.341,0.386,0.124,0.181,0.307,0.334,0.585,0.351,0.139,0.322,0.488,0.827,0.158,0.105,0.471,0.132,0.262,0.023,0.012,0.336,0.315,0.108,0.02,0.102,0.336,0.262,0.185,0.373,0.269,0.047,0.132,0.359,1,0.423,0.286,0.156,0.132,0.16,0.101,0.119,0.095,0.147,0.115,0.45,0.333,0.465,0.19,0.264,0.89,0.038,0.242,0.294,0.246,0.927,0.397,0.38,0.107,0.109,0.193,0.058,0.205,0.272,0.164,0.291,0.678,0.563,0.311,0.553,0.346,0.134,0.302,0.387,0.11,0.153,0.881
1-212.txt_355,0.967,0.16,0.137,0.235,0.116,0.214,0.202,0.586,0.07,0.477,0.239,0.235,0.109,0.111,0.181,0.499,0.325,0.161,0.193,0.413,0.139,0.807,0.377,0.175,0.114,0.617,0.506,0.307,0.519,0.324,0.294,0.494,0.513,0.264,0.235,0.415,0.281,0.261,0.224,0.353,0.225,0.376,0.746,0.734,0.028,0.358,0.642,0.358,0.396,0.123,0.185,0.519,0.107,0.166,0.478,0.432,0.29,0.148,0.212,0.153,0.403,0.18,0.655,0.743,0.157,0.386,0.669,0.266,0.092,0.16,0.098,0.364,0.04,0.015,0.202,0.422,0.271,0.106,0.026,0.261,0.389,0.025,0.063,0.061,0.991,0.063,0.442,0.027,0.444,0.047,0.033,0.138,0.274,0.012,0.027,0.515,0.806,0.007,0.027,0.269,0.253,0.511,0.455,0.461,0.094,0.906,0.64,0.258,0.283,0.085,0.152,0.551,0.221,0.061,0.172,0.413,0.294,0.071,0.102,0.183,0.232,0.5,0.595,0.558,0.023,0.824,0.96,0.234,0.463,0.103,0.204,0.537,0.445,0.03,0.377,0.5,0.292,0.03,0.076,0.214,0.616,0.159,0.189,0.171,0.048,0.25,0.22,0.935,0.206,0.094,0.14,0.19,0.156,0.312,0.181,0.462,0.329,0.144,0.158,0.192,0.384,0.047,0.69,0.731,0.012,0.5,0.625,0.508,0.5,0.012,0.063,0.384,0.033,0.018,0.083,0.269,0.464,0.012,0.259,0.143,0.34,0.331,0.119,0.172,0.325,0.126,0.229,0.16,0.185,0.732,0.503,0.338,0.616,0.309,0.486,0.432,0.508,0.128,0.217,0.559,0.315,0.2,0.069,0.193,0.108,0.171,0.191,0.113,0.148,0.552,0.833,0.208,0.69,0.438,0.317,0.144,0.296,0.139,0.229,0.545,0.337,0.651,0.437,0.415,0.13,0.488,0.515,0.332,0.456,0.243,0.229,0.835,0.246,0.074,0.168,0.606,0.525,0.026,0.116,0.151,0.357,0.092,0.054,0.03,0.191,0.176,0.173,0.024,0.056,0.767,0.91,0.112,0.987,0.546,0.082,0.136,0.165,0.094,0.136,0.835,0.214,0.115,0.072,0.028,0.291,0.202,0.117,0.084,0.418,0.305,0.553,0.093,0.387,0.952,0.015,0.206,0.31,0.203,0.73,0.307,0.393,0.394,0.179,0.355,0.159,0.503,0.365,0.186,0.23,0.056,0.154,0.381,0.077,0.103,0.972,0.471,0.241,0.041,0.055,0.083,0.557,0.278,0.455,0.401,0.325,0.301,0.358,0.396,0.077,0.244,0.126,0.416,0.307,0.245,0.265,0.806,0.705,0.031,0.14,0.236,0.342,0.286,0.27,0.294,0.025,0.443,0.482,0.078,0.241,0.357,0.353,0.58,0.336,0.211,0.258,0.532,0.803,0.196,0.093,0.505,0.132,0.252,0.013,0.012,0.339,0.265,0.175,0.01,0.098,0.462,0.262,0.3,0.373,0.373,0.047,0.082,0.409,0.999,0.349,0.286,0.137,0.126,0.261,0.154,0.205,0.094,0.111,0.147,0.433,0.355,0.42,0.246,0.303,0.849,0.104,0.244,0.253,0.166,0.889,0.339,0.445,0.1,0.076,0.095,0.167,0.213,0.249,0.136,0.244,0.734,0.681,0.189,0.567,0.415,0.053,0.277,0.431,0.032,0.167,0.886
1-212.txt_357,0.937,0.26,0.193,0.392,0.392,0.253,0.21,0.451,0.067,0.424,0.254,0.239,0.111,0.113,0.164,0.509,0.434,0.04,0.175,0.357,0.139,0.807,0.377,0.175,0.114,0.617,0.506,0.307,0.519,0.353,0.294,0.494,0.513,0.264,0.235,0.415,0.281,0.261,0.195,0.353,0.225,0.376,0.746,0.734,0.028,0.358,0.642,0.357,0.396,0.123,0.185,0.519,0.107,0.166,0.478,0.461,0.272,0.148,0.212,0.152,0.357,0.21,0.64,0.74,0.157,0.363,0.7,0.273,0.092,0.16,0.112,0.402,0.04,0.015,0.26,0.468,0.271,0.105,0.019,0.258,0.389,0.025,0.063,0.061,0.991,0.063,0.442,0.027,0.027,0.047,0.033,0.138,0.274,0.012,0.027,0.515,0.806,0.012,0.012,0.269,0.3,0.499,0.432,0.42,0.086,0.9,0.622,0.318,0.243,0.072,0.128,0.54,0.194,0.111,0.121,0.39,0.311,0.134,0.097,0.172,0.269,0.5,0.558,0.442,0.023,0.831,0.96,0.234,0.463,0.103,0.204,0.537,0.445,0.03,0.377,0.5,0.292,0.03,0.083,0.214,0.633,0.159,0.189,0.171,0.044,0.25,0.212,0.938,0.203,0.094,0.09,0.19,0.14,0.391,0.181,0.437,0.329,0.144,0.161,0.141,0.384,0.047,0.69,0.731,0.012,0.5,0.625,0.508,0.5,0.012,0.063,0.384,0.033,0.018,0.083,0.269,0.464,0.012,0.259,0.143,0.34,0.308,0.134,0.172,0.238,0.164,0.249,0.196,0.185,0.717,0.518,0.353,0.617,0.309,0.509,0.47,0.447,0.136,0.224,0.536,0.291,0.208,0.069,0.189,0.108,0.179,0.211,0.067,0.146,0.598,0.842,0.173,0.677,0.43,0.308,0.16,0.304,0.137,0.229,0.589,0.331,0.68,0.449,0.444,0.083,0.488,0.515,0.293,0.508,0.232,0.211,0.835,0.234,0.073,0.168,0.593,0.536,0.026,0.122,0.152,0.357,0.092,0.054,0.024,0.191,0.176,0.173,0.024,0.056,0.767,0.91,0.112,0.987,0.546,0.082,0.139,0.165,0.088,0.136,0.835,0.214,0.115,0.072,0.028,0.291,0.202,0.11,0.073,0.391,0.305,0.553,0.093,0.367,0.959,0.014,0.221,0.31,0.206,0.723,0.307,0.406,0.382,0.169,0.364,0.272,0.477,0.341,0.219,0.15,0.057,0.107,0.445,0.081,0.117,0.965,0.374,0.186,0.049,0.06,0.146,0.548,0.297,0.436,0.43,0.316,0.359,0.329,0.396,0.077,0.235,0.117,0.416,0.307,0.301,0.265,0.826,0.648,0.023,0.14,0.236,0.342,0.286,0.27,0.294,0.025,0.443,0.482,0.078,0.241,0.357,0.353,0.579,0.336,0.211,0.258,0.532,0.803,0.196,0.088,0.505,0.132,0.252,0.013,0.012,0.336,0.265,0.175,0.01,0.098,0.589,0.262,0.3,0.373,0.373,0.047,0.082,0.409,0.999,0.349,0.286,0.159,0.126,0.284,0.177,0.205,0.091,0.111,0.147,0.478,0.355,0.397,0.246,0.265,0.849,0.104,0.244,0.265,0.166,0.889,0.362,0.445,0.1,0.076,0.09,0.161,0.213,0.249,0.133,0.241,0.734,0.681,0.189,0.567,0.415,0.053,0.277,0.424,0.032,0.167,0.893
1-212.txt_359,0.807,0.153,0.228,0.204,0.174,0.303,0.221,0.504,0.273,0.372,0.341,0.269,0.245,0.275,0.192,0.473,0.439,0.156,0.154,0.373,0.176,0.684,0.482,0.427,0.1,0.489,0.601,0.229,0.377,0.232,0.201,0.777,0.334,0.215,0.151,0.342,0.258,0.265,0.167,0.164,0.273,0.159,0.733,0.413,0.019,0.518,0.38,0.263,0.283,0.319,0.349,0.221,0.293,0.154,0.4,0.347,0.484,0.204,0.209,0.387,0.289,0.377,0.57,0.842,0.115,0.401,0.413,0.371,0.043,0.076,0.063,0.407,0.089,0.03,0.137,0.435,0.522,0.007,0.131,0.111,0.349,0.048,0.094,0.004,0.999,0.094,0.008,0.044,0.007,0.179,0.179,0.01,0.028,0.094,0.01,0.198,0.222,0.007,0.01,0.349,0.206,0.566,0.495,0.49,0.151,0.695,0.778,0.36,0.457,0.116,0.047,0.52,0.065,0.009,0.377,0.597,0.252,0.143,0.025,0.203,0.348,0.272,0.425,0.619,0.017,0.652,0.899,0.07,0.312,0.311,0.222,0.452,0.339,0.07,0.289,0.386,0.486,0.015,0.152,0.337,0.366,0.237,0.272,0.349,0.169,0.361,0.443,0.721,0.509,0.279,0.166,0.211,0.176,0.358,0.036,0.418,0.335,0.184,0.29,0.224,0.254,0.507,0.214,0.131,0.085,0.595,0.367,0.055,0.843,0.143,0.377,0.405,0.331,0.226,0.256,0.405,0.412,0.26,0.442,0.069,0.331,0.111,0.283,0.204,0.031,0.188,0.37,0.08,0.201,0.786,0.644,0.329,0.446,0.289,0.099,0.385,0.509,0.016,0.093,0.688,0.257,0.235,0.12,0.099,0.241,0.241,0.184,0.119,0.142,0.539,0.809,0.266,0.677,0.496,0.06,0.156,0.21,0.039,0.312,0.556,0.287,0.651,0.442,0.511,0.036,0.615,0.619,0.189,0.463,0.111,0.133,0.858,0.151,0.081,0.428,0.444,0.393,0.074,0.234,0.186,0.194,0.083,0.033,0.012,0.551,0.158,0.069,0.027,0.069,0.616,0.931,0.083,0.999,0.384,0.033,0.083,0.194,0.083,0.158,0.384,0.136,0.244,0.211,0.172,0.018,0.172,0.2,0.084,0.278,0.373,0.485,0.27,0.429,0.954,0.265,0.249,0.34,0.229,0.649,0.409,0.271,0.259,0.234,0.262,0.019,0.369,0.335,0.283,0.239,0.063,0.167,0.348,0.184,0.098,0.825,0.398,0.284,0.168,0.082,0.108,0.44,0.391,0.378,0.311,0.146,0.457,0.558,0.149,0.316,0.231,0.459,0.405,0.388,0.123,0.275,0.678,0.546,0.086,0.216,0.363,0.46,0.235,0.445,0.378,0.175,0.226,0.317,0.213,0.198,0.286,0.213,0.309,0.288,0.126,0.222,0.553,0.706,0.134,0.098,0.393,0.336,0.182,0.08,0.022,0.014,0.579,0.336,0.185,0.048,0.252,0.389,0.334,0.339,0.185,0.183,0.132,0.209,0.988,0.275,0.312,0.044,0.115,0.185,0.07,0.326,0.036,0.088,0.015,0.825,0.141,0.273,0.1,0.228,0.933,0.031,0.074,0.191,0.225,0.99,0.124,0.342,0.207,0.139,0.078,0.242,0.248,0.246,0.144,0.232,0.635,0.624,0.33,0.458,0.532,0.131,0.216,0.496,0.199,0.221,0.903
1-212.txt_361,0.712,0.263,0.187,0.263,0.184,0.373,0.412,0.286,0.234,0.401,0.283,0.312,0.292,0.296,0.35,0.392,0.379,0.129,0.214,0.469,0.455,0.954,0.269,0.058,0.047,0.5,0.271,0.111,0.535,0.054,0.229,0.558,0.227,0.321,0.171,0.331,0.379,0.048,0.35,0.166,0.145,0.505,0.733,0.614,0.007,0.331,0.697,0.272,0.113,0.227,0.214,0.557,0.115,0.051,0.274,0.398,0.234,0.15,0.05,0.296,0.199,0.155,0.706,0.851,0.132,0.449,0.65,0.131,0.274,0.048,0.084,0.319,0.118,0.123,0.301,0.471,0.334,0.081,0.195,0.057,0.272,0.024,0.024,0.024,1,0.038,0.028,0.336,0.024,0.111,0.339,0.038,0.111,0.363,0.108,0.349,0.423,0.339,0.222,0.121,0.158,0.69,0.31,0.5,0.005,0.731,0.806,0.259,0.274,0.389,0.143,0.973,0.259,0.033,0.259,0.5,0.425,0.005,0.253,0.158,0.231,0.384,0.467,0.59,0.085,0.484,0.769,0.212,0.32,0.207,0.196,0.58,0.208,0.201,0.367,0.478,0.416,0.097,0.151,0.336,0.403,0.386,0.363,0.419,0.089,0.427,0.405,0.81,0.159,0.12,0.112,0.289,0.07,0.159,0.331,0.426,0.314,0.123,0.116,0.167,0.184,0.561,0.423,0.118,0.209,0.544,0.474,0.323,0.802,0.477,0.356,0.513,0.414,0.328,0.027,0.355,0.261,0.092,0.457,0.41,0.186,0.32,0.026,0.082,0.029,0.116,0.061,0.138,0.172,0.871,0.576,0.261,0.514,0.515,0.045,0.186,0.256,0.368,0.279,0.661,0.28,0.205,0.16,0.168,0.207,0.303,0.312,0.125,0.149,0.436,0.804,0.333,0.492,0.461,0.212,0.255,0.345,0.084,0.226,0.444,0.271,0.667,0.477,0.477,0.13,0.614,0.71,0.164,0.35,0.109,0.104,0.907,0.098,0.093,0.312,0.458,0.523,0.117,0.216,0.173,0.404,0.274,0.359,0.265,0.387,0.294,0.327,0.092,0.295,0.387,0.574,0.313,0.838,0.276,0.049,0.319,0.337,0.048,0.232,0.562,0.113,0.171,0.015,0.02,0.156,0.09,0.211,0.006,0.023,0.423,0.582,0.173,0.36,0.952,0.052,0.146,0.312,0.232,0.557,0.425,0.373,0.121,0.095,0.119,0.038,0.373,0.323,0.071,0.071,0.071,0.047,0.423,0.071,0.018,0.999,0.219,0.169,0.018,0.038,0.275,0.418,0.324,0.625,0.536,0.124,0.353,0.364,0.389,0.409,0.159,0.171,0.475,0.11,0.075,0.328,0.802,0.448,0.113,0.074,0.194,0.366,0.291,0.416,0.35,0.094,0.404,0.377,0.103,0.28,0.359,0.298,0.346,0.177,0.284,0.237,0.5,0.802,0.096,0.281,0.323,0.007,0.002,0.001,0.001,0.007,0.007,0.002,0.007,0.007,0.007,0.018,0.002,0.018,0.119,0.001,0.002,0.007,1,0.881,0.002,0.048,0.261,0.174,0.115,0.121,0.124,0.212,0.037,0.45,0.16,0.417,0.261,0.39,0.76,0.208,0.144,0.113,0.386,0.845,0.276,0.33,0.232,0.182,0.13,0.145,0.327,0.224,0.128,0.243,0.65,0.578,0.212,0.565,0.414,0.162,0.333,0.425,0.262,0.313,0.807
1-212.txt_363,0.787,0.055,0.203,0.224,0.276,0.123,0.282,0.414,0.091,0.579,0.446,0.18,0.281,0.307,0.17,0.377,0.418,0.085,0.242,0.651,0.202,0.725,0.448,0.373,0.113,0.391,0.468,0.164,0.501,0.155,0.138,0.5,0.246,0.257,0.27,0.404,0.377,0.251,0.306,0.117,0.191,0.424,0.833,0.374,0.162,0.281,0.38,0.305,0.267,0.235,0.251,0.514,0.286,0.21,0.141,0.5,0.228,0.01,0.09,0.357,0.203,0.263,0.648,0.916,0.015,0.578,0.743,0.419,0.491,0.105,0.121,0.472,0.119,0.118,0.142,0.356,0.452,0.132,0.117,0.199,0.047,0.253,0.007,0.005,1,0.007,0.005,0.027,0.007,0.069,0.018,0.063,0.018,0.012,0.007,0.047,0.083,0.012,0.138,0.047,0.275,0.468,0.36,0.471,0.108,0.82,0.627,0.125,0.26,0.247,0.108,0.53,0.267,0.106,0.21,0.305,0.381,0.095,0.213,0.203,0.302,0.306,0.235,0.394,0.158,0.499,0.739,0.196,0.235,0.209,0.285,0.65,0.402,0.313,0.304,0.561,0.601,0.127,0.254,0.325,0.335,0.37,0.405,0.428,0.075,0.484,0.523,0.688,0.419,0.185,0.059,0.447,0.149,0.017,0.263,0.383,0.265,0.007,0.038,0.22,0.405,0.482,0.292,0.329,0.078,0.748,0.633,0.076,0.679,0.219,0.284,0.232,0.259,0.106,0.628,0.347,0.176,0.472,0.204,0.312,0.292,0.04,0.075,0.078,0.058,0.153,0.351,0.075,0.231,0.699,0.618,0.204,0.329,0.633,0.04,0.248,0.311,0.023,0.196,0.897,0.308,0.219,0.197,0.182,0.152,0.249,0.203,0.172,0.204,0.507,0.771,0.323,0.469,0.444,0.218,0.218,0.254,0.095,0.361,0.466,0.141,0.687,0.58,0.552,0.141,0.648,0.731,0.235,0.327,0.078,0.125,0.862,0.167,0.142,0.252,0.409,0.313,0.01,0.034,0.051,0.205,0.363,0.165,0.486,0.022,0.424,0.287,0.138,0.196,0.444,0.566,0.55,0.699,0.214,0.48,0.283,0.286,0.019,0.042,0.209,0.068,0.239,0.179,0.079,0.242,0.031,0.021,0.035,0.431,0.318,0.504,0.237,0.388,0.948,0.144,0.15,0.168,0.244,0.734,0.367,0.348,0.306,0.495,0.396,0.18,0.259,0.636,0.182,0.188,0.159,0.307,0.609,0.142,0.271,0.847,0.412,0.443,0.215,0.069,0.23,0.512,0.406,0.379,0.304,0.212,0.287,0.389,0.246,0.266,0.226,0.261,0.494,0.121,0.271,0.139,0.71,0.574,0.199,0.18,0.365,0.256,0.398,0.326,0.2,0.189,0.365,0.362,0.1,0.275,0.312,0.395,0.528,0.385,0.186,0.089,0.691,0.925,0.01,0.172,0.405,0.57,0.325,0.044,0.129,0.022,0.2,0.071,0.353,0.118,0.295,0.45,0.097,0.313,0.647,0.211,0.212,0.249,0.982,0.456,0.523,0.078,0.078,0.015,0.006,0.012,0.043,0.015,0.005,0.765,0.354,0.445,0.023,0.387,0.985,0.006,0.088,0.081,0.176,0.97,0.379,0.381,0.14,0.206,0.092,0.229,0.341,0.308,0.153,0.236,0.658,0.656,0.201,0.584,0.427,0.206,0.28,0.373,0.067,0.25,0.898
1-212.txt_365,0.867,0.1,0.222,0.16,0.348,0.208,0.346,0.274,0.164,0.523,0.374,0.188,0.264,0.306,0.128,0.508,0.509,0.23,0.252,0.521,0.255,0.754,0.374,0.253,0.069,0.406,0.384,0.328,0.413,0.369,0.273,0.688,0.32,0.286,0.171,0.304,0.193,0.308,0.275,0.269,0.224,0.454,0.917,0.674,0.017,0.461,0.608,0.292,0.557,0.067,0.031,0.594,0.381,0.067,0.312,0.548,0.224,0.013,0.174,0.16,0.282,0.482,0.487,0.788,0.086,0.475,0.903,0.241,0.126,0.185,0.154,0.47,0.109,0.016,0.338,0.373,0.487,0.083,0.061,0.257,0.325,0.009,0.01,0.009,0.999,0.02,0.023,0.01,0.009,0.179,0.306,0.009,0.052,0.048,0.01,0.095,0.476,0.502,0.048,0.095,0.353,0.441,0.347,0.443,0.198,0.836,0.639,0.318,0.273,0.151,0.204,0.508,0.224,0.204,0.279,0.302,0.381,0.162,0.156,0.242,0.243,0.345,0.454,0.718,0.01,0.519,0.925,0.255,0.236,0.196,0.15,0.549,0.117,0.11,0.22,0.52,0.466,0.007,0.168,0.084,0.562,0.231,0.255,0.299,0.167,0.155,0.195,0.851,0.244,0.091,0.155,0.247,0.132,0.258,0.226,0.425,0.256,0.344,0.164,0.216,0.176,0.274,0.633,0.502,0.235,0.555,0.51,0.441,0.498,0.158,0.078,0.583,0.356,0.048,0.314,0.289,0.502,0.02,0.379,0.314,0.216,0.251,0.189,0.135,0.069,0.215,0.164,0.216,0.034,0.831,0.541,0.397,0.642,0.316,0.258,0.462,0.389,0.027,0.337,0.747,0.273,0.256,0.103,0.036,0.161,0.178,0.176,0.08,0.225,0.6,0.926,0.14,0.6,0.417,0.268,0.089,0.298,0.099,0.321,0.654,0.175,0.618,0.361,0.432,0.013,0.61,0.452,0.143,0.309,0.146,0.307,0.748,0.305,0.258,0.28,0.341,0.599,0.189,0.193,0.143,0.45,0.052,0.111,0.135,0.45,0.55,0.399,0.185,0.289,0.5,0.423,0.145,0.831,0.574,0.145,0.373,0.423,0.052,0.212,0.728,0.191,0.15,0.127,0.17,0.257,0.121,0.137,0.08,0.351,0.405,0.615,0.148,0.45,0.9,0.19,0.142,0.265,0.266,0.643,0.341,0.424,0.41,0.549,0.563,0.194,0.519,0.388,0.187,0.222,0.147,0.156,0.489,0.069,0.292,0.893,0.397,0.314,0.026,0.093,0.179,0.466,0.434,0.457,0.454,0.174,0.383,0.369,0.444,0.375,0.28,0.207,0.366,0.192,0.194,0.393,0.71,0.663,0.091,0.086,0.267,0.472,0.377,0.261,0.255,0.277,0.222,0.325,0.24,0.358,0.336,0.384,0.423,0.331,0.114,0.109,0.614,0.848,0.134,0.175,0.483,0.027,0.367,0.25,0.009,0.012,0.138,0.025,0.138,0.012,0.444,0.143,0.442,0.5,0.425,0.004,0.136,0.063,0.997,0.464,0.442,0.105,0.075,0.358,0.219,0.184,0.103,0.172,0.104,0.451,0.392,0.426,0.212,0.387,0.912,0.135,0.218,0.223,0.278,0.975,0.361,0.337,0.277,0.174,0.238,0.049,0.386,0.381,0.181,0.317,0.714,0.521,0.336,0.504,0.431,0.175,0.203,0.424,0.14,0.353,0.773
1-212.txt_367,0.831,0.187,0.152,0.2,0.303,0.217,0.31,0.379,0.105,0.458,0.357,0.245,0.174,0.26,0.182,0.424,0.495,0.089,0.155,0.554,0.259,0.801,0.476,0.326,0.1,0.492,0.529,0.13,0.436,0.113,0.09,0.576,0.313,0.212,0.252,0.345,0.319,0.207,0.289,0.116,0.221,0.424,0.833,0.413,0.016,0.251,0.281,0.305,0.275,0.241,0.251,0.514,0.303,0.21,0.086,0.607,0.197,0.009,0.18,0.304,0.201,0.203,0.668,0.906,0.047,0.539,0.758,0.47,0.424,0.097,0.123,0.477,0.069,0.091,0.251,0.346,0.431,0.111,0.042,0.12,0.323,0.029,0.031,0.029,1,0.034,0.014,0.074,0.034,0.246,0.234,0.029,0.19,0.229,0.029,0.17,0.207,0.11,0.149,0.321,0.174,0.511,0.283,0.527,0.13,0.862,0.658,0.147,0.281,0.221,0.131,0.559,0.289,0.123,0.288,0.271,0.346,0.068,0.2,0.233,0.277,0.335,0.346,0.569,0.125,0.534,0.798,0.177,0.288,0.185,0.189,0.593,0.294,0.22,0.227,0.548,0.431,0.179,0.206,0.215,0.424,0.328,0.436,0.353,0.095,0.374,0.403,0.824,0.285,0.106,0.046,0.358,0.1,0.069,0.148,0.46,0.269,0.045,0.032,0.146,0.214,0.533,0.611,0.364,0.032,0.642,0.554,0.109,0.854,0.117,0.208,0.302,0.218,0.245,0.284,0.27,0.163,0.348,0.547,0.227,0.284,0.118,0.111,0.111,0.153,0.156,0.257,0.056,0.175,0.841,0.756,0.156,0.502,0.5,0.075,0.159,0.334,0.036,0.271,0.809,0.355,0.18,0.133,0.152,0.183,0.238,0.152,0.116,0.169,0.63,0.847,0.286,0.589,0.455,0.13,0.186,0.276,0.081,0.358,0.553,0.217,0.625,0.517,0.516,0.147,0.728,0.68,0.259,0.333,0.051,0.123,0.881,0.281,0.137,0.198,0.521,0.361,0.015,0.037,0.085,0.189,0.363,0.17,0.488,0.022,0.484,0.243,0.158,0.196,0.514,0.611,0.565,0.729,0.078,0.492,0.237,0.272,0.015,0.036,0.255,0.116,0.206,0.159,0.107,0.27,0.064,0.035,0.023,0.327,0.424,0.471,0.264,0.378,0.947,0.134,0.153,0.164,0.234,0.744,0.299,0.301,0.256,0.33,0.319,0.12,0.261,0.492,0.175,0.154,0.111,0.26,0.466,0.171,0.17,0.923,0.347,0.373,0.137,0.09,0.172,0.569,0.368,0.446,0.298,0.232,0.442,0.355,0.357,0.287,0.165,0.149,0.485,0.189,0.167,0.177,0.815,0.591,0.107,0.159,0.278,0.393,0.298,0.402,0.263,0.203,0.27,0.313,0.117,0.167,0.252,0.355,0.376,0.405,0.139,0.175,0.714,0.952,0.054,0.19,0.398,0.495,0.381,0.071,0.069,0.036,0.274,0.091,0.197,0.52,0.254,0.406,0.133,0.115,0.766,0.235,0.179,0.158,0.968,0.492,0.499,0.058,0.04,0.019,0.007,0.16,0.064,0.019,0.006,0.744,0.275,0.344,0.042,0.289,0.981,0.006,0.109,0.088,0.484,0.976,0.368,0.395,0.118,0.147,0.084,0.193,0.276,0.267,0.094,0.19,0.677,0.675,0.196,0.606,0.422,0.166,0.257,0.414,0.065,0.221,0.896
1-212.txt_369,0.832,0.082,0.141,0.135,0.432,0.121,0.159,0.362,0.243,0.423,0.378,0.147,0.292,0.418,0.229,0.368,0.462,0.106,0.24,0.65,0.119,0.669,0.459,0.332,0.081,0.477,0.493,0.051,0.355,0.151,0.279,0.737,0.297,0.181,0.216,0.303,0.422,0.3,0.309,0.331,0.271,0.539,0.644,0.741,0.056,0.406,0.671,0.376,0.381,0.25,0.185,0.527,0.118,0.172,0.293,0.408,0.415,0.01,0.199,0.217,0.201,0.444,0.788,0.881,0.098,0.562,0.797,0.3,0.266,0.17,0.053,0.712,0.075,0.032,0.227,0.521,0.411,0.16,0.039,0.125,0.195,0.008,0.044,0.004,1,0.009,0.008,0.007,0.091,0.179,0.33,0.008,0.306,0.171,0.01,0.299,0.349,0.175,0.044,0.111,0.175,0.396,0.376,0.511,0.096,0.825,0.706,0.125,0.49,0.317,0.14,0.656,0.248,0.032,0.48,0.313,0.438,0.246,0.108,0.233,0.183,0.384,0.564,0.781,0.054,0.642,0.954,0.182,0.289,0.097,0.1,0.651,0.117,0.113,0.193,0.398,0.43,0.069,0.236,0.159,0.355,0.236,0.438,0.49,0.079,0.25,0.377,0.912,0.174,0.043,0.083,0.211,0.088,0.132,0.204,0.439,0.165,0.122,0.069,0.086,0.018,0.018,0.018,0.119,0.007,0.047,0.119,0.007,0.999,0.018,0.018,0.018,0.269,0.982,0.007,0.018,0.018,0.269,1,0.018,0.188,0.182,0.182,0.009,0.179,0.175,0.014,0.043,0.385,0.907,0.55,0.252,0.637,0.591,0.007,0.256,0.373,0.02,0.315,0.754,0.242,0.196,0.09,0.106,0.244,0.159,0.148,0.091,0.192,0.612,0.805,0.137,0.567,0.55,0.158,0.191,0.319,0.275,0.339,0.59,0.153,0.764,0.333,0.237,0.01,0.487,0.507,0.128,0.572,0.299,0.322,0.899,0.377,0.279,0.091,0.381,0.481,0.149,0.286,0.453,0.274,0.464,0.069,0.063,0.389,0.425,0.449,0.027,0.033,0.5,0.616,0.047,0.997,0.119,0.018,0.274,0.425,0.027,0.033,0.5,0.387,0.064,0.019,0.014,0.016,0.019,0.033,0.113,0.162,0.725,0.745,0.042,0.272,0.94,0.008,0.07,0.092,0.409,0.727,0.592,0.247,0.216,0.295,0.701,0.009,0.193,0.445,0.211,0.216,0.136,0.361,0.306,0.298,0.196,0.873,0.31,0.071,0.009,0.272,0.184,0.307,0.482,0.359,0.255,0.02,0.367,0.422,0.118,0.217,0.334,0.354,0.471,0.329,0.327,0.34,0.665,0.673,0.014,0.294,0.379,0.439,0.359,0.282,0.164,0.215,0.459,0.406,0.152,0.281,0.333,0.239,0.46,0.273,0.411,0.21,0.519,0.761,0.215,0.261,0.575,0.014,0.286,0.384,0.335,0.007,0.359,0.3,0.044,0.024,0.175,0.336,0.408,0.343,0.209,0.018,0.173,0.336,0.667,0.306,0.13,0.02,0.168,0.136,0.093,0.243,0.069,0.066,0.018,0.726,0.131,0.227,0.03,0.266,0.992,0.032,0.048,0.222,0.413,0.999,0.069,0.358,0.175,0.146,0.04,0.146,0.193,0.199,0.101,0.284,0.788,0.682,0.119,0.492,0.593,0.2,0.182,0.386,0.094,0.319,0.83
1-212.txt_371,0.925,0.116,0.222,0.234,0.105,0.239,0.272,0.333,0.194,0.269,0.22,0.312,0.191,0.183,0.143,0.614,0.328,0.026,0.161,0.451,0.202,0.801,0.317,0.337,0.098,0.446,0.425,0.113,0.218,0.255,0.153,0.603,0.335,0.271,0.168,0.427,0.403,0.239,0.222,0.457,0.227,0.101,0.815,0.616,0.051,0.31,0.317,0.171,0.339,0.113,0.211,0.254,0.394,0.294,0.442,0.387,0.595,0.106,0.455,0.065,0.183,0.277,0.725,0.867,0.082,0.37,0.654,0.287,0.178,0.07,0.071,0.406,0.081,0.051,0.271,0.402,0.272,0.045,0.154,0.087,0.5,0.047,0.119,0.047,0.953,0.119,0.047,0.881,0.047,0.018,0.119,0.047,0.047,0.018,0.047,0.993,0.731,0.007,0.018,0.047,0.348,0.833,0.599,0.5,0.028,0.903,0.735,0.062,0.209,0.036,0.036,0.667,0.09,0.09,0.076,0.331,0.362,0.223,0.404,0.1,0.336,0.289,0.722,0.529,0.032,0.553,0.832,0.331,0.184,0.125,0.066,0.417,0.114,0.065,0.366,0.556,0.45,0.023,0.283,0.168,0.345,0.105,0.428,0.353,0.271,0.138,0.171,0.851,0.194,0.053,0.159,0.173,0.252,0.157,0.228,0.271,0.233,0.112,0.096,0.075,0.119,0.375,0.389,0.069,0.047,0.389,0.259,0.253,0.731,0.741,0.158,0.5,0.194,0.047,0.069,0.5,0.741,0.033,0.047,0.857,0.299,0.118,0.284,0.185,0.337,0.057,0.143,0.227,0.05,0.769,0.609,0.12,0.512,0.336,0.055,0.471,0.45,0.033,0.324,0.689,0.192,0.119,0.047,0.085,0.205,0.079,0.08,0.094,0.239,0.586,0.865,0.097,0.582,0.635,0.037,0.287,0.31,0.176,0.497,0.526,0.267,0.599,0.505,0.441,0.156,0.434,0.495,0.153,0.364,0.199,0.134,0.863,0.185,0.261,0.243,0.388,0.439,0.041,0.266,0.223,0.5,0.222,0.062,0.028,0.095,0.246,0.071,0.038,0.637,0.601,0.711,0.071,0.986,0.5,0.038,0.299,0.246,0.071,0.447,0.5,0.207,0.122,0.351,0.053,0.197,0.122,0.112,0.155,0.261,0.381,0.424,0.187,0.512,0.903,0.243,0.358,0.305,0.451,0.802,0.292,0.377,0.254,0.292,0.319,0.208,0.32,0.362,0.318,0.135,0.2,0.222,0.215,0.185,0.176,0.961,0.288,0.208,0.04,0.173,0.216,0.459,0.356,0.57,0.247,0.192,0.477,0.424,0.286,0.407,0.237,0.134,0.402,0.137,0.048,0.253,0.84,0.683,0.036,0.177,0.371,0.37,0.338,0.334,0.149,0.239,0.438,0.28,0.249,0.201,0.3,0.373,0.365,0.263,0.169,0.23,0.483,0.809,0.188,0.084,0.512,0.074,0.18,0.303,0.079,0.062,0.115,0.25,0.062,0.187,0.053,0.078,0.191,0.133,0.517,0.018,0.191,0.294,0.999,0.792,0.225,0.221,0.12,0.117,0.124,0.123,0.19,0.302,0.046,0.433,0.396,0.336,0.307,0.196,0.742,0.092,0.209,0.294,0.485,0.924,0.317,0.376,0.151,0.311,0.163,0.093,0.368,0.203,0.165,0.314,0.655,0.495,0.253,0.449,0.229,0.183,0.32,0.399,0.153,0.169,0.875
1-212.txt_373,0.855,0.15,0.23,0.184,0.23,0.244,0.244,0.467,0.133,0.352,0.329,0.234,0.195,0.067,0.316,0.529,0.509,0.037,0.062,0.54,0.145,0.997,0.296,0.095,0.024,0.577,0.373,0.062,0.296,0.034,0.062,0.831,0.145,0.034,0.062,0.219,0.195,0.038,0.095,0.062,0.321,0.337,0.837,0.591,0.159,0.384,0.432,0.402,0.238,0.046,0.118,0.575,0.157,0.029,0.394,0.594,0.437,0.026,0.134,0.128,0.216,0.109,0.75,0.977,0.025,0.434,0.667,0.229,0.152,0.089,0.118,0.39,0.173,0.049,0.089,0.423,0.38,0.015,0.066,0.154,0.5,0.027,0.259,0.389,0.94,0.033,0.033,0.143,0.033,0.047,0.047,0.143,0.047,0.259,0.033,0.5,0.556,0.018,0.389,0.274,0.299,0.519,0.297,0.353,0.042,0.94,0.456,0.17,0.224,0.136,0.321,0.424,0.271,0.265,0.386,0.363,0.319,0.088,0.263,0.406,0.365,0.483,0.374,0.364,0.128,0.432,0.782,0.2,0.315,0.275,0.18,0.592,0.249,0.097,0.17,0.361,0.433,0.009,0.039,0.365,0.41,0.161,0.306,0.208,0.119,0.16,0.348,0.909,0.079,0.142,0.082,0.239,0.057,0.047,0.066,0.381,0.19,0.14,0.05,0.093,0.195,0.426,0.373,0.389,0.028,0.666,0.503,0.219,0.904,0.198,0.111,0.476,0.296,0.315,0.212,0.346,0.349,0.132,0.438,0.145,0.169,0.212,0.252,0.325,0.089,0.384,0.337,0.213,0.216,0.665,0.352,0.42,0.307,0.311,0.043,0.29,0.364,0.042,0.266,0.559,0.238,0.151,0.109,0.113,0.093,0.232,0.123,0.154,0.099,0.57,0.906,0.118,0.672,0.397,0.33,0.195,0.347,0.124,0.231,0.525,0.212,0.666,0.24,0.439,0.142,0.61,0.545,0.135,0.129,0.148,0.302,0.817,0.279,0.128,0.305,0.308,0.39,0.145,0.094,0.09,0.219,0.349,0.028,0.014,0.062,0.219,0.265,0.024,0.349,0.654,0.781,0.071,0.994,0.791,0.262,0.071,0.145,0.095,0.373,0.5,0.055,0.025,0.019,0.061,0.05,0.028,0.084,0.017,0.167,0.557,0.567,0.021,0.395,0.992,0.012,0.042,0.103,0.379,0.749,0.453,0.327,0.214,0.26,0.387,0.055,0.446,0.423,0.117,0.291,0.113,0.176,0.275,0.085,0.133,0.991,0.413,0.218,0.036,0.043,0.233,0.594,0.305,0.456,0.364,0.165,0.398,0.361,0.346,0.211,0.259,0.18,0.373,0.266,0.108,0.38,0.818,0.531,0.041,0.112,0.313,0.398,0.214,0.347,0.274,0.073,0.278,0.305,0.127,0.277,0.185,0.211,0.419,0.18,0.088,0.29,0.795,0.909,0.118,0.31,0.297,0.322,0.301,0.047,0.037,0.27,0.248,0.093,0.266,0.051,0.259,0.083,0.379,0.292,0.329,0.021,0.111,0.266,0.999,0.405,0.226,0.306,0.148,0.289,0.379,0.24,0.153,0.15,0.443,0.468,0.23,0.343,0.187,0.42,0.578,0.098,0.301,0.267,0.254,0.897,0.232,0.368,0.257,0.073,0.039,0.199,0.233,0.133,0.148,0.148,0.653,0.533,0.304,0.589,0.107,0.035,0.268,0.413,0.033,0.16,0.851
1-212.txt_375,0.791,0.187,0.152,0.142,0.097,0.312,0.322,0.238,0.072,0.236,0.349,0.347,0.336,0.231,0.473,0.342,0.409,0.08,0.177,0.422,0.256,0.717,0.342,0.513,0.095,0.509,0.449,0.243,0.563,0.105,0.064,0.613,0.15,0.247,0.131,0.339,0.246,0.259,0.264,0.172,0.311,0.425,0.723,0.395,0.014,0.5,0.665,0.294,0.302,0.381,0.552,0.488,0.247,0.024,0.559,0.463,0.312,0.318,0.06,0.326,0.296,0.145,0.772,0.972,0.023,0.492,0.739,0.174,0.407,0.044,0.054,0.423,0.049,0.01,0.351,0.397,0.4,0.006,0.02,0.117,0.194,0.007,0.007,0.007,1,0.007,0.063,0.007,0.012,0.464,0.259,0.063,0.069,0.027,0.007,0.158,0.274,0.012,0.253,0.731,0.425,0.741,0.119,0.083,0.012,0.857,0.931,0.069,0.449,0.464,0.444,0.389,0.069,0.027,0.425,0.389,0.269,0.444,0.033,0.449,0.182,0.398,0.356,0.488,0.016,0.512,0.836,0.17,0.226,0.082,0.152,0.658,0.209,0.123,0.265,0.539,0.535,0.015,0.067,0.24,0.484,0.26,0.29,0.381,0.088,0.267,0.459,0.806,0.236,0.171,0.167,0.323,0.239,0.138,0.166,0.384,0.245,0.016,0.186,0.243,0.12,0.635,0.552,0.48,0.011,0.46,0.468,0.185,0.986,0.116,0.135,0.38,0.311,0.337,0.404,0.576,0.5,0.208,0.484,0.213,0.442,0.146,0.274,0.117,0.201,0.096,0.161,0.058,0.088,0.84,0.739,0.129,0.509,0.661,0.088,0.21,0.152,0.033,0.178,0.786,0.243,0.176,0.109,0.116,0.124,0.293,0.237,0.115,0.07,0.648,0.867,0.198,0.557,0.389,0.379,0.21,0.248,0.072,0.117,0.529,0.224,0.56,0.177,0.51,0.171,0.708,0.664,0.047,0.062,0.149,0.24,0.945,0.321,0.191,0.244,0.319,0.466,0.012,0.126,0.275,0.169,0.038,0.018,0.01,0.038,0.062,0.028,0.014,0.198,0.778,0.855,0.038,0.821,0.735,0.024,0.222,0.169,0.315,0.323,0.788,0.068,0.23,0.12,0.024,0.071,0.112,0.194,0.076,0.274,0.301,0.458,0.265,0.393,0.974,0.082,0.141,0.239,0.231,0.778,0.34,0.179,0.214,0.424,0.613,0.193,0.66,0.502,0.088,0.329,0.193,0.065,0.623,0.051,0.136,0.956,0.424,0.387,0.191,0.231,0.03,0.403,0.43,0.324,0.454,0.114,0.362,0.462,0.505,0.306,0.164,0.168,0.421,0.095,0.108,0.231,0.642,0.525,0.084,0.106,0.117,0.409,0.321,0.145,0.105,0.208,0.324,0.272,0.217,0.285,0.444,0.347,0.374,0.454,0.205,0.123,0.402,0.755,0.019,0.132,0.67,0.138,0.444,0.251,0.25,0.012,0.069,0.138,0.027,0.253,0.063,0.143,0.492,0.259,0.575,0.136,0.253,0.138,0.976,0.31,0.138,0.081,0.256,0.023,0.019,0.246,0.234,0.038,0.007,0.764,0.095,0.339,0.193,0.121,0.887,0.132,0.088,0.138,0.292,0.984,0.284,0.513,0.167,0.112,0.15,0.095,0.113,0.193,0.085,0.244,0.562,0.65,0.179,0.528,0.365,0.079,0.304,0.534,0.017,0.171,0.77
1-212.txt_377,0.821,0.221,0.182,0.212,0.081,0.349,0.414,0.296,0.077,0.201,0.307,0.381,0.293,0.229,0.335,0.49,0.45,0.095,0.144,0.415,0.23,0.771,0.354,0.486,0.132,0.513,0.455,0.188,0.52,0.118,0.15,0.619,0.14,0.185,0.071,0.291,0.184,0.124,0.253,0.11,0.221,0.48,0.771,0.527,0.016,0.525,0.644,0.254,0.371,0.225,0.61,0.642,0.286,0.043,0.453,0.475,0.4,0.236,0.065,0.252,0.304,0.204,0.697,0.974,0.024,0.491,0.705,0.208,0.352,0.047,0.053,0.474,0.038,0.022,0.376,0.329,0.4,0.005,0.017,0.14,0.315,0.315,0.144,0.128,0.995,0.174,0.142,0.267,0.112,0.149,0.135,0.317,0.135,0.054,0.415,0.315,0.408,0.068,0.07,0.272,0.425,0.741,0.119,0.158,0.012,0.842,0.931,0.253,0.259,0.464,0.449,0.464,0.069,0.012,0.5,0.274,0.269,0.444,0.018,0.449,0.184,0.379,0.368,0.508,0.017,0.585,0.868,0.116,0.233,0.102,0.114,0.615,0.203,0.12,0.229,0.537,0.528,0.013,0.087,0.292,0.504,0.248,0.252,0.348,0.092,0.289,0.483,0.834,0.211,0.198,0.178,0.328,0.219,0.128,0.268,0.414,0.259,0.044,0.173,0.262,0.272,0.498,0.568,0.488,0.114,0.53,0.498,0.212,0.979,0.118,0.194,0.348,0.343,0.301,0.32,0.627,0.423,0.196,0.398,0.242,0.384,0.088,0.207,0.095,0.202,0.092,0.125,0.133,0.084,0.864,0.816,0.125,0.542,0.63,0.019,0.145,0.196,0.033,0.193,0.829,0.259,0.17,0.091,0.087,0.218,0.312,0.271,0.147,0.122,0.675,0.905,0.211,0.619,0.396,0.283,0.222,0.255,0.099,0.133,0.509,0.242,0.618,0.195,0.349,0.172,0.731,0.713,0.066,0.077,0.205,0.215,0.954,0.367,0.031,0.149,0.386,0.437,0.018,0.148,0.275,0.169,0.044,0.02,0.009,0.028,0.102,0.02,0.01,0.188,0.802,0.865,0.044,0.871,0.744,0.01,0.062,0.222,0.339,0.323,0.788,0.082,0.298,0.126,0.038,0.122,0.087,0.161,0.064,0.33,0.306,0.481,0.259,0.485,0.974,0.12,0.17,0.213,0.369,0.695,0.294,0.25,0.477,0.281,0.477,0.201,0.559,0.586,0.202,0.321,0.183,0.128,0.471,0.146,0.148,0.968,0.434,0.402,0.058,0.187,0.189,0.341,0.406,0.363,0.455,0.137,0.394,0.461,0.476,0.256,0.195,0.139,0.439,0.165,0.121,0.281,0.71,0.544,0.07,0.11,0.199,0.458,0.319,0.157,0.098,0.124,0.336,0.275,0.225,0.216,0.387,0.335,0.403,0.435,0.222,0.157,0.41,0.825,0.024,0.143,0.585,0.138,0.369,0.136,0.366,0.012,0.069,0.253,0.027,0.253,0.063,0.143,0.494,0.259,0.5,0.367,0.138,0.063,0.976,0.31,0.138,0.138,0.051,0.048,0.038,0.253,0.025,0.023,0.008,0.781,0.121,0.397,0.023,0.158,0.897,0.133,0.033,0.025,0.329,0.986,0.292,0.573,0.178,0.069,0.113,0.131,0.185,0.18,0.104,0.216,0.562,0.621,0.218,0.439,0.375,0.16,0.318,0.389,0.015,0.17,0.734
1-212.txt_379,0.68,0.308,0.229,0.275,0.195,0.349,0.397,0.268,0.169,0.374,0.45,0.281,0.331,0.314,0.373,0.314,0.409,0.133,0.274,0.497,0.115,0.647,0.152,0.262,0.035,0.356,0.319,0.009,0.344,0.461,0.381,0.54,0.174,0.473,0.394,0.295,0.242,0.18,0.339,0.336,0.289,0.627,0.735,0.349,0.01,0.627,0.855,0.256,0.5,0.336,0.222,0.627,0.265,0.096,0.014,0.55,0.5,0.297,0.014,0.613,0.24,0.289,0.727,0.897,0.07,0.436,0.724,0.33,0.296,0.094,0.035,0.471,0.077,0.046,0.145,0.411,0.359,0.029,0.072,0.131,0.198,0.093,0.298,0.245,0.998,0.171,0.251,0.02,0.019,0.256,0.102,0.26,0.256,0.02,0.044,0.198,0.349,0.185,0.108,0.121,0.243,0.338,0.367,0.5,0.011,0.856,0.661,0.087,0.21,0.172,0.175,0.741,0.327,0.061,0.298,0.301,0.405,0.312,0.335,0.19,0.256,0.327,0.62,0.651,0.027,0.663,0.754,0.342,0.601,0.185,0.228,0.414,0.21,0.354,0.204,0.48,0.634,0.01,0.244,0.302,0.312,0.473,0.424,0.316,0.025,0.376,0.469,0.822,0.275,0.173,0.067,0.384,0.13,0.029,0.237,0.344,0.169,0.092,0.053,0.179,0.121,0.616,0.234,0.482,0.193,0.558,0.507,0.038,0.633,0.266,0.229,0.906,0.382,0.045,0.325,0.463,0.576,0.072,0.322,0.482,0.119,0.018,0.5,0.018,0.993,0.018,0.047,0.007,0.018,0.269,0.881,0.018,0.953,0.953,0.007,0.731,0.881,0.018,0.269,0.269,0.183,0.362,0.185,0.241,0.173,0.267,0.255,0.105,0.276,0.438,0.645,0.359,0.49,0.532,0.215,0.276,0.304,0.164,0.277,0.511,0.216,0.623,0.661,0.63,0.008,0.776,0.658,0.341,0.208,0.05,0.087,0.925,0.106,0.1,0.291,0.434,0.206,0.181,0.037,0.038,0.25,0.306,0.36,0.116,0.055,0.206,0.232,0.024,0.172,0.61,0.557,0.363,0.857,0.452,0.074,0.191,0.28,0.144,0.152,0.525,0.165,0.104,0.028,0.086,0.133,0.08,0.041,0.073,0.243,0.371,0.529,0.134,0.434,0.993,0.021,0.121,0.092,0.225,0.852,0.364,0.288,0.458,0.528,0.54,0.016,0.535,0.55,0.117,0.466,0.1,0.189,0.669,0.267,0.051,0.823,0.406,0.5,0.119,0.134,0.192,0.404,0.353,0.375,0.511,0.212,0.414,0.556,0.19,0.373,0.218,0.113,0.514,0.183,0.164,0.285,0.716,0.625,0.085,0.231,0.278,0.294,0.498,0.242,0.279,0.018,0.405,0.384,0.243,0.375,0.356,0.37,0.386,0.287,0.28,0.244,0.444,0.779,0.019,0.212,0.346,0.444,0.012,0.024,0.06,0.494,0.027,0.025,0.494,0.012,0.012,0.069,0.251,0.018,0.425,0.009,0.478,0.063,0.866,0.69,0.01,0.331,0.203,0.183,0.041,0.457,0.184,0.232,0.169,0.528,0.27,0.43,0.205,0.309,0.665,0.085,0.25,0.202,0.314,0.835,0.421,0.41,0.101,0.096,0.075,0.217,0.201,0.188,0.165,0.279,0.728,0.719,0.185,0.558,0.475,0.102,0.226,0.363,0.183,0.275,0.861
1-212.txt_381,0.839,0.229,0.147,0.139,0.128,0.328,0.368,0.321,0.057,0.221,0.359,0.381,0.298,0.222,0.351,0.531,0.435,0.09,0.124,0.448,0.235,0.761,0.371,0.529,0.121,0.515,0.472,0.128,0.526,0.097,0.13,0.619,0.2,0.175,0.126,0.318,0.276,0.113,0.251,0.1,0.221,0.441,0.771,0.527,0.014,0.525,0.644,0.254,0.371,0.225,0.61,0.642,0.286,0.043,0.453,0.475,0.4,0.236,0.065,0.242,0.304,0.204,0.697,0.974,0.023,0.491,0.705,0.208,0.336,0.047,0.052,0.482,0.035,0.021,0.376,0.313,0.4,0.005,0.017,0.137,0.378,0.031,0.05,0.031,0.999,0.036,0.019,0.245,0.031,0.179,0.241,0.054,0.165,0.255,0.033,0.285,0.408,0.076,0.106,0.301,0.425,0.741,0.119,0.143,0.012,0.842,0.931,0.253,0.259,0.464,0.444,0.464,0.069,0.012,0.5,0.274,0.194,0.444,0.018,0.449,0.184,0.398,0.381,0.508,0.015,0.585,0.868,0.122,0.252,0.105,0.114,0.634,0.206,0.123,0.239,0.55,0.528,0.013,0.09,0.298,0.473,0.225,0.272,0.348,0.083,0.255,0.449,0.861,0.189,0.152,0.126,0.291,0.15,0.1,0.172,0.434,0.214,0.036,0.14,0.176,0.133,0.537,0.645,0.488,0.098,0.505,0.575,0.174,0.982,0.106,0.182,0.323,0.318,0.325,0.274,0.55,0.475,0.2,0.588,0.225,0.403,0.095,0.238,0.108,0.191,0.099,0.138,0.152,0.095,0.806,0.83,0.138,0.51,0.69,0.014,0.162,0.184,0.031,0.205,0.808,0.241,0.163,0.073,0.055,0.203,0.31,0.221,0.106,0.104,0.722,0.928,0.195,0.676,0.421,0.252,0.163,0.213,0.092,0.157,0.574,0.242,0.684,0.253,0.32,0.176,0.729,0.682,0.075,0.095,0.167,0.205,0.967,0.367,0.035,0.186,0.443,0.437,0.018,0.148,0.189,0.169,0.048,0.02,0.01,0.038,0.102,0.02,0.01,0.188,0.802,0.855,0.048,0.871,0.744,0.01,0.062,0.222,0.339,0.323,0.788,0.082,0.298,0.126,0.023,0.121,0.087,0.161,0.064,0.327,0.306,0.484,0.259,0.485,0.974,0.12,0.169,0.216,0.369,0.695,0.294,0.217,0.315,0.216,0.444,0.149,0.428,0.455,0.181,0.278,0.065,0.039,0.405,0.066,0.084,0.977,0.434,0.369,0.012,0.135,0.07,0.469,0.379,0.491,0.425,0.168,0.419,0.456,0.482,0.268,0.164,0.126,0.453,0.18,0.116,0.256,0.78,0.588,0.054,0.09,0.135,0.479,0.252,0.178,0.098,0.138,0.315,0.278,0.224,0.202,0.401,0.335,0.386,0.435,0.219,0.092,0.431,0.834,0.025,0.143,0.641,0.138,0.369,0.136,0.366,0.012,0.069,0.253,0.027,0.253,0.063,0.143,0.494,0.259,0.5,0.251,0.138,0.063,0.991,0.274,0.138,0.081,0.051,0.048,0.038,0.246,0.025,0.023,0.008,0.781,0.121,0.397,0.136,0.121,0.897,0.133,0.033,0.025,0.329,0.986,0.284,0.55,0.169,0.067,0.105,0.148,0.175,0.171,0.097,0.193,0.611,0.63,0.206,0.476,0.362,0.155,0.293,0.403,0.019,0.183,0.767
1-212.txt_383,0.819,0.069,0.175,0.251,0.222,0.183,0.331,0.351,0.147,0.44,0.407,0.148,0.24,0.141,0.348,0.37,0.395,0.083,0.17,0.6,0.172,0.718,0.369,0.567,0.044,0.484,0.576,0.176,0.353,0.123,0.129,0.57,0.165,0.135,0.305,0.341,0.421,0.211,0.188,0.091,0.197,0.424,0.772,0.451,0.063,0.287,0.144,0.284,0.267,0.235,0.297,0.484,0.206,0.257,0.114,0.576,0.319,0.008,0.075,0.305,0.254,0.335,0.758,0.958,0.053,0.527,0.646,0.417,0.576,0.07,0.011,0.488,0.098,0.011,0.239,0.36,0.416,0.089,0.133,0.017,0.047,0.063,0.259,0.007,1,0.007,0.027,0.012,0.007,0.069,0.033,0.007,0.033,0.012,0.007,0.047,0.083,0.012,0.012,0.047,0.203,0.447,0.326,0.491,0.095,0.761,0.611,0.031,0.345,0.346,0.219,0.491,0.287,0.201,0.135,0.256,0.45,0.09,0.23,0.276,0.29,0.309,0.354,0.459,0.274,0.634,0.878,0.244,0.282,0.195,0.159,0.592,0.359,0.272,0.22,0.52,0.492,0.085,0.219,0.247,0.406,0.447,0.304,0.298,0.098,0.363,0.421,0.743,0.356,0.212,0.068,0.454,0.14,0.039,0.404,0.38,0.268,0.006,0.014,0.164,0.121,0.426,0.577,0.135,0.014,0.577,0.373,0.038,0.986,0.082,0.385,0.5,0.363,0.132,0.428,0.577,0.447,0.628,0.349,0.185,0.31,0.033,0.259,0.063,0.509,0.033,0.449,0.069,0.069,0.857,0.616,0.033,0.158,0.069,0.069,0.5,0.31,0.012,0.033,0.917,0.294,0.27,0.164,0.167,0.124,0.31,0.197,0.157,0.197,0.447,0.792,0.376,0.491,0.451,0.171,0.239,0.202,0.082,0.379,0.466,0.164,0.586,0.731,0.52,0.112,0.748,0.775,0.197,0.333,0.055,0.161,0.804,0.163,0.078,0.309,0.499,0.282,0.134,0.033,0.06,0.349,0.399,0.038,0.286,0.038,0.323,0.188,0.185,0.038,0.728,0.728,0.121,0.667,0.062,0.543,0.222,0.323,0.028,0.038,0.473,0.062,0.182,0.183,0.214,0.219,0.036,0.134,0.122,0.29,0.267,0.427,0.219,0.229,0.906,0.117,0.165,0.146,0.225,0.654,0.338,0.409,0.52,0.281,0.181,0.013,0.243,0.578,0.042,0.313,0.323,0.315,0.5,0.333,0.383,0.812,0.272,0.536,0.349,0.254,0.5,0.444,0.357,0.372,0.357,0.151,0.363,0.426,0.304,0.239,0.328,0.291,0.478,0.178,0.259,0.105,0.625,0.524,0.254,0.118,0.381,0.372,0.297,0.376,0.268,0.239,0.392,0.41,0.18,0.183,0.298,0.25,0.539,0.286,0.283,0.23,0.633,0.824,0.012,0.208,0.364,0.401,0.235,0.129,0.063,0.028,0.048,0.159,0.247,0.351,0.387,0.46,0.158,0.293,0.442,0.438,0.184,0.446,0.863,0.471,0.453,0.075,0.078,0.012,0.002,0.133,0.04,0.01,0.002,0.556,0.372,0.482,0.017,0.445,0.988,0.005,0.106,0.081,0.206,0.97,0.437,0.377,0.112,0.138,0.079,0.194,0.303,0.248,0.094,0.222,0.653,0.675,0.227,0.618,0.472,0.21,0.29,0.419,0.016,0.246,0.9
1-212.txt_385,0.689,0.243,0.178,0.291,0.201,0.322,0.403,0.317,0.195,0.37,0.288,0.304,0.301,0.304,0.378,0.421,0.423,0.133,0.187,0.441,0.455,0.954,0.214,0.058,0.047,0.518,0.214,0.111,0.535,0.055,0.266,0.558,0.209,0.321,0.171,0.331,0.379,0.048,0.347,0.166,0.145,0.507,0.733,0.614,0.01,0.343,0.71,0.297,0.113,0.226,0.225,0.517,0.113,0.051,0.257,0.398,0.246,0.163,0.03,0.251,0.17,0.155,0.754,0.836,0.129,0.383,0.604,0.131,0.264,0.047,0.082,0.31,0.137,0.123,0.273,0.384,0.249,0.051,0.166,0.064,0.272,0.024,0.024,0.024,1,0.038,0.028,0.336,0.024,0.111,0.339,0.024,0.111,0.336,0.108,0.349,0.5,0.336,0.145,0.121,0.158,0.69,0.384,0.5,0.005,0.806,0.806,0.259,0.158,0.369,0.143,0.973,0.143,0.033,0.375,0.384,0.425,0.005,0.253,0.158,0.275,0.39,0.453,0.617,0.013,0.463,0.816,0.227,0.323,0.243,0.222,0.593,0.217,0.216,0.354,0.453,0.484,0.107,0.162,0.33,0.36,0.381,0.341,0.423,0.093,0.445,0.289,0.767,0.154,0.143,0.122,0.26,0.112,0.199,0.404,0.431,0.311,0.135,0.105,0.174,0.153,0.57,0.44,0.14,0.118,0.61,0.42,0.231,0.824,0.423,0.358,0.5,0.414,0.328,0.026,0.312,0.271,0.09,0.428,0.408,0.145,0.277,0.017,0.023,0.023,0.127,0.066,0.022,0.262,0.868,0.614,0.182,0.565,0.664,0.054,0.082,0.121,0.487,0.325,0.644,0.276,0.237,0.157,0.109,0.245,0.304,0.277,0.143,0.094,0.472,0.803,0.34,0.519,0.45,0.23,0.263,0.322,0.087,0.201,0.49,0.233,0.534,0.49,0.452,0.15,0.581,0.714,0.198,0.376,0.118,0.11,0.899,0.082,0.085,0.293,0.463,0.58,0.131,0.232,0.165,0.386,0.359,0.359,0.269,0.299,0.323,0.327,0.089,0.295,0.377,0.584,0.266,0.838,0.226,0.071,0.263,0.357,0.048,0.251,0.565,0.101,0.166,0.015,0.02,0.156,0.09,0.211,0.006,0.021,0.398,0.594,0.178,0.36,0.952,0.05,0.171,0.314,0.232,0.557,0.425,0.318,0.334,0.32,0.307,0.143,0.359,0.386,0.224,0.272,0.334,0.37,0.386,0.322,0.326,0.241,0.375,0.401,0.161,0.261,0.38,0.418,0.332,0.648,0.536,0.125,0.353,0.349,0.443,0.409,0.113,0.171,0.478,0.11,0.054,0.343,0.779,0.474,0.113,0.074,0.194,0.363,0.294,0.423,0.35,0.093,0.37,0.357,0.095,0.256,0.43,0.335,0.361,0.228,0.309,0.176,0.494,0.785,0.106,0.259,0.355,0.007,0.002,0.001,0.001,0.007,0.007,0.002,0.007,0.007,0.007,0.018,0.002,0.018,0.119,0.001,0.002,0.007,1,0.881,0.002,0.063,0.335,0.083,0.011,0.01,0.121,0.119,0.036,0.595,0.174,0.487,0.287,0.433,0.896,0.243,0.118,0.122,0.46,0.945,0.323,0.346,0.228,0.152,0.134,0.128,0.317,0.201,0.121,0.235,0.655,0.57,0.201,0.566,0.43,0.155,0.342,0.45,0.239,0.311,0.791
1-212.txt_387,0.681,0.241,0.165,0.29,0.209,0.369,0.413,0.369,0.283,0.348,0.294,0.299,0.271,0.29,0.342,0.406,0.376,0.127,0.226,0.429,0.512,0.916,0.289,0.209,0.037,0.5,0.234,0.073,0.533,0.093,0.419,0.595,0.266,0.281,0.113,0.331,0.379,0.03,0.31,0.166,0.163,0.429,0.638,0.523,0.009,0.467,0.723,0.257,0.233,0.218,0.229,0.537,0.157,0.045,0.341,0.391,0.304,0.141,0.064,0.255,0.245,0.317,0.629,0.822,0.144,0.431,0.632,0.122,0.324,0.078,0.074,0.472,0.178,0.125,0.347,0.395,0.404,0.052,0.228,0.084,0.274,0.019,0.02,0.019,0.999,0.029,0.077,0.216,0.019,0.151,0.296,0.019,0.106,0.219,0.082,0.216,0.271,0.161,0.111,0.103,0.121,0.537,0.232,0.405,0.012,0.9,0.811,0.532,0.176,0.143,0.259,0.794,0.131,0.317,0.222,0.289,0.196,0.143,0.153,0.153,0.28,0.367,0.531,0.601,0.034,0.509,0.799,0.221,0.331,0.274,0.199,0.589,0.217,0.233,0.323,0.453,0.517,0.103,0.171,0.41,0.327,0.311,0.336,0.395,0.155,0.413,0.394,0.753,0.162,0.142,0.155,0.29,0.155,0.197,0.413,0.37,0.265,0.065,0.095,0.236,0.141,0.57,0.521,0.173,0.149,0.617,0.474,0.26,0.781,0.409,0.358,0.586,0.377,0.295,0.125,0.322,0.251,0.091,0.414,0.385,0.213,0.243,0.019,0.023,0.054,0.116,0.063,0.015,0.14,0.888,0.664,0.15,0.566,0.608,0.032,0.087,0.174,0.423,0.327,0.775,0.253,0.23,0.217,0.227,0.185,0.341,0.358,0.188,0.083,0.474,0.757,0.326,0.489,0.413,0.227,0.242,0.26,0.073,0.217,0.438,0.223,0.594,0.477,0.508,0.121,0.581,0.692,0.186,0.463,0.137,0.122,0.872,0.102,0.109,0.241,0.484,0.593,0.147,0.317,0.222,0.395,0.306,0.37,0.264,0.386,0.323,0.354,0.088,0.276,0.379,0.584,0.284,0.838,0.206,0.048,0.23,0.384,0.169,0.222,0.533,0.075,0.19,0.02,0.025,0.158,0.095,0.173,0.006,0.096,0.403,0.707,0.26,0.36,0.952,0.09,0.173,0.308,0.22,0.557,0.309,0.316,0.333,0.329,0.321,0.152,0.383,0.422,0.233,0.291,0.339,0.376,0.399,0.325,0.327,0.232,0.357,0.38,0.161,0.273,0.383,0.425,0.32,0.642,0.561,0.109,0.394,0.438,0.372,0.404,0.142,0.178,0.471,0.105,0.111,0.293,0.789,0.418,0.169,0.072,0.222,0.37,0.362,0.472,0.346,0.085,0.387,0.448,0.1,0.307,0.414,0.309,0.416,0.213,0.344,0.183,0.458,0.772,0.159,0.34,0.298,0.007,0.002,0.001,0.001,0.007,0.007,0.002,0.007,0.007,0.007,0.018,0.002,0.018,0.119,0.001,0.002,0.007,1,0.881,0.002,0.068,0.383,0.083,0.011,0.01,0.101,0.123,0.036,0.567,0.176,0.441,0.279,0.424,0.866,0.223,0.135,0.116,0.46,0.917,0.352,0.321,0.215,0.2,0.145,0.166,0.337,0.249,0.13,0.278,0.667,0.579,0.214,0.619,0.467,0.141,0.294,0.395,0.233,0.323,0.788
1-212.txt_389,0.752,0.229,0.174,0.136,0.251,0.37,0.311,0.31,0.276,0.441,0.434,0.266,0.276,0.348,0.221,0.396,0.442,0.177,0.267,0.491,0.19,0.792,0.391,0.275,0.127,0.648,0.513,0.038,0.596,0.138,0.079,0.727,0.229,0.182,0.308,0.348,0.322,0.322,0.401,0.181,0.176,0.439,0.914,0.815,0.008,0.363,0.592,0.416,0.574,0.158,0.202,0.424,0.034,0.075,0.283,0.514,0.424,0.004,0.064,0.294,0.199,0.28,0.681,0.834,0.149,0.508,0.467,0.127,0.394,0.092,0.063,0.358,0.237,0.164,0.161,0.413,0.424,0.059,0.255,0.131,0.198,0.096,0.098,0.013,1,0.324,0.173,0.098,0.013,0.212,0.265,0.096,0.085,0.175,0.014,0.121,0.399,0.014,0.024,0.399,0.211,0.504,0.333,0.48,0.016,0.69,0.5,0.161,0.476,0.136,0.235,0.637,0.275,0.248,0.582,0.424,0.635,0.019,0.223,0.281,0.267,0.423,0.54,0.757,0.011,0.614,0.877,0.224,0.339,0.21,0.192,0.606,0.184,0.258,0.243,0.433,0.39,0.311,0.156,0.251,0.405,0.269,0.449,0.424,0.058,0.235,0.34,0.899,0.265,0.077,0.069,0.302,0.109,0.074,0.249,0.427,0.294,0.187,0.155,0.071,0.238,0.615,0.312,0.196,0.207,0.532,0.309,0.187,0.78,0.416,0.329,0.453,0.378,0.527,0.18,0.291,0.447,0.152,0.574,0.499,0.323,0.267,0.322,0.234,0.189,0.457,0.403,0.158,0.224,0.657,0.425,0.446,0.78,0.394,0.155,0.222,0.463,0.175,0.369,0.664,0.36,0.228,0.172,0.183,0.118,0.175,0.235,0.07,0.136,0.588,0.796,0.219,0.575,0.505,0.236,0.157,0.292,0.111,0.296,0.618,0.216,0.699,0.426,0.558,0.117,0.57,0.721,0.126,0.271,0.121,0.12,0.897,0.207,0.061,0.278,0.425,0.425,0.122,0.228,0.142,0.149,0.401,0.159,0.307,0.036,0.18,0.257,0.203,0.389,0.554,0.529,0.333,0.845,0.607,0.069,0.191,0.241,0.175,0.159,0.538,0.126,0.171,0.128,0.062,0.017,0.097,0.162,0.115,0.022,0.567,0.687,0.256,0.377,0.699,0.113,0.055,0.097,0.221,0.505,0.447,0.234,0.387,0.387,0.555,0.017,0.633,0.566,0.201,0.248,0.038,0.231,0.442,0.256,0.433,0.69,0.347,0.234,0.019,0.103,0.078,0.619,0.262,0.565,0.335,0.111,0.344,0.426,0.598,0.279,0.296,0.316,0.258,0.232,0.085,0.227,0.794,0.372,0.014,0.048,0.213,0.183,0.343,0.283,0.286,0.023,0.418,0.463,0.208,0.278,0.329,0.413,0.504,0.321,0.231,0.248,0.506,0.769,0.016,0.299,0.441,0.444,0.01,0.366,0.009,0.027,0.027,0.01,0.444,0.012,0.063,0.485,0.01,0.069,0.083,0.009,0.251,0.444,0.94,0.464,0.367,0.05,0.261,0.231,0.061,0.007,0.132,0.132,0.022,0.465,0.211,0.409,0.229,0.319,0.884,0.157,0.135,0.024,0.498,0.853,0.337,0.335,0.209,0.234,0.264,0.288,0.272,0.328,0.114,0.206,0.526,0.481,0.31,0.519,0.324,0.156,0.351,0.452,0.159,0.237,0.701
1-212.txt_391,0.79,0.22,0.235,0.234,0.428,0.267,0.306,0.287,0.151,0.237,0.358,0.33,0.245,0.122,0.185,0.501,0.598,0.214,0.222,0.475,0.216,0.776,0.529,0.385,0.014,0.625,0.681,0.185,0.421,0.143,0.169,0.731,0.236,0.15,0.326,0.326,0.306,0.177,0.152,0.246,0.122,0.416,0.848,0.773,0.009,0.553,0.753,0.383,0.477,0.069,0.038,0.515,0.066,0.058,0.138,0.454,0.385,0.294,0.138,0.089,0.23,0.383,0.625,0.883,0.018,0.544,0.741,0.236,0.393,0.081,0.079,0.444,0.197,0.178,0.123,0.521,0.409,0.01,0.118,0.133,0.349,0.008,0.01,0.008,1,0.009,0.023,0.322,0.009,0.018,0.047,0.056,0.052,0.094,0.093,0.349,0.071,0.298,0.01,0.095,0.247,0.475,0.267,0.205,0.277,0.746,0.537,0.153,0.416,0.24,0.378,0.659,0.51,0.133,0.201,0.323,0.55,0.275,0.072,0.534,0.12,0.45,0.582,0.835,0.007,0.669,0.944,0.363,0.591,0.122,0.056,0.578,0.056,0.118,0.211,0.319,0.526,0.013,0.04,0.092,0.504,0.229,0.284,0.335,0.1,0.311,0.289,0.881,0.137,0.031,0.071,0.153,0.113,0.098,0.068,0.379,0.224,0.094,0.105,0.172,0.198,0.577,0.373,0.111,0.336,0.791,0.781,0.222,0.815,0.262,0.071,0.373,0.349,0.262,0.389,0.269,0.269,0.341,0.666,0.5,0.18,0.231,0.207,0.157,0.059,0.19,0.218,0.169,0.183,0.786,0.647,0.296,0.425,0.485,0.197,0.216,0.231,0.021,0.23,0.725,0.245,0.266,0.164,0.136,0.148,0.309,0.292,0.12,0.234,0.622,0.773,0.359,0.557,0.458,0.14,0.221,0.273,0.094,0.223,0.574,0.231,0.632,0.496,0.359,0.078,0.527,0.603,0.116,0.304,0.295,0.199,0.797,0.406,0.273,0.371,0.417,0.457,0.147,0.251,0.33,0.333,0.075,0.182,0.021,0.401,0.304,0.138,0.057,0.273,0.529,0.639,0.111,0.74,0.631,0.436,0.31,0.273,0.16,0.186,0.523,0.181,0.136,0.14,0.196,0.026,0.18,0.181,0.09,0.263,0.42,0.634,0.259,0.369,0.958,0.142,0.157,0.145,0.226,0.661,0.311,0.227,0.157,0.316,0.409,0.018,0.275,0.473,0.063,0.15,0.235,0.231,0.352,0.2,0.132,0.969,0.303,0.353,0.009,0.03,0.302,0.512,0.382,0.644,0.535,0.221,0.523,0.648,0.459,0.314,0.127,0.08,0.46,0.27,0.207,0.183,0.798,0.582,0.111,0.205,0.156,0.247,0.471,0.297,0.324,0.099,0.34,0.337,0.2,0.337,0.379,0.367,0.388,0.355,0.271,0.245,0.52,0.73,0.232,0.217,0.407,0.253,0.367,0.135,0.009,0.012,0.369,0.061,0.027,0.48,0.063,0.143,0.251,0.033,0.425,0.009,0.367,0.494,0.75,0.881,0.251,0.345,0.139,0.093,0.037,0.099,0.172,0.04,0.273,0.461,0.307,0.421,0.241,0.395,0.817,0.104,0.167,0.29,0.381,0.863,0.394,0.41,0.141,0.166,0.129,0.255,0.151,0.226,0.226,0.178,0.763,0.692,0.161,0.584,0.416,0.125,0.284,0.336,0.074,0.166,0.831
1-212.txt_393,0.735,0.359,0.298,0.316,0.157,0.396,0.493,0.378,0.395,0.378,0.234,0.429,0.195,0.127,0.22,0.41,0.507,0.179,0.156,0.359,0.18,0.81,0.499,0.22,0.182,0.583,0.577,0.257,0.418,0.281,0.217,0.761,0.25,0.189,0.127,0.39,0.386,0.084,0.148,0.219,0.446,0.533,0.847,0.715,0.013,0.38,0.492,0.172,0.521,0.119,0.049,0.62,0.167,0.185,0.073,0.729,0.547,0.014,0.164,0.08,0.211,0.377,0.609,0.88,0.017,0.556,0.808,0.263,0.098,0.136,0.059,0.374,0.041,0.098,0.351,0.312,0.383,0.173,0.141,0.196,0.176,0.256,0.416,0.201,0.931,0.226,0.241,0.238,0.037,0.111,0.219,0.271,0.284,0.026,0.256,0.232,0.347,0.019,0.027,0.157,0.26,0.496,0.45,0.473,0.076,0.816,0.701,0.249,0.368,0.148,0.26,0.595,0.162,0.1,0.116,0.354,0.242,0.264,0.225,0.278,0.197,0.555,0.539,0.36,0.017,0.398,0.89,0.162,0.488,0.079,0.162,0.719,0.318,0.217,0.113,0.461,0.493,0.029,0.274,0.191,0.547,0.273,0.324,0.359,0.102,0.26,0.366,0.745,0.264,0.104,0.176,0.255,0.092,0.16,0.306,0.388,0.276,0.354,0.225,0.19,0.211,0.5,0.454,0.546,0.206,0.687,0.819,0.48,0.932,0.281,0.191,0.504,0.439,0.351,0.115,0.287,0.272,0.036,0.34,0.297,0.248,0.186,0.14,0.347,0.377,0.238,0.261,0.14,0.369,0.683,0.502,0.312,0.448,0.372,0.012,0.264,0.405,0.017,0.259,0.555,0.263,0.193,0.098,0.128,0.322,0.216,0.189,0.162,0.257,0.598,0.818,0.248,0.585,0.529,0.149,0.142,0.231,0.093,0.302,0.512,0.5,0.274,0.389,0.389,0.033,0.384,0.083,0.967,0.375,0.158,0.158,0.384,0.158,0.31,0.485,0.575,0.384,0.018,0.033,0.389,0.119,0.281,0.03,0.077,0.043,0.45,0.216,0.081,0.387,0.595,0.711,0.281,0.975,0.573,0.027,0.051,0.31,0.058,0.463,0.671,0.096,0.115,0.089,0.139,0.091,0.095,0.167,0.053,0.321,0.472,0.44,0.152,0.364,0.903,0.009,0.102,0.236,0.251,0.829,0.356,0.3,0.325,0.234,0.423,0.043,0.415,0.344,0.074,0.169,0.22,0.324,0.401,0.348,0.232,0.954,0.334,0.239,0.072,0.102,0.414,0.453,0.205,0.3,0.309,0.383,0.288,0.326,0.271,0.202,0.274,0.285,0.388,0.219,0.145,0.174,0.738,0.672,0.079,0.115,0.39,0.354,0.365,0.283,0.417,0.135,0.294,0.38,0.119,0.415,0.425,0.341,0.501,0.372,0.319,0.337,0.455,0.804,0.095,0.222,0.442,0.25,0.379,0.074,0.099,0.296,0.333,0.106,0.138,0.049,0.421,0.366,0.35,0.239,0.306,0.229,0.266,0.488,0.944,0.265,0.274,0.143,0.384,0.425,0.018,0.012,0.274,0.069,0.444,0.143,0.449,0.375,0.375,0.515,0.731,0.138,0.033,0.259,0.143,0.865,0.375,0.445,0.141,0.087,0.112,0.1,0.153,0.238,0.101,0.035,0.717,0.694,0.195,0.493,0.365,0.192,0.29,0.327,0.142,0.175,0.841
1-212.txt_395,0.823,0.259,0.208,0.303,0.303,0.172,0.341,0.279,0.303,0.353,0.29,0.404,0.289,0.249,0.158,0.512,0.576,0.177,0.176,0.547,0.254,0.747,0.26,0.286,0.084,0.486,0.425,0.279,0.446,0.342,0.343,0.435,0.31,0.329,0.254,0.413,0.395,0.358,0.395,0.272,0.221,0.457,0.719,0.631,0.03,0.431,0.602,0.415,0.368,0.175,0.245,0.566,0.216,0.188,0.322,0.424,0.277,0.151,0.226,0.178,0.359,0.26,0.542,0.897,0.028,0.446,0.747,0.286,0.16,0.2,0.136,0.309,0.049,0.052,0.323,0.481,0.253,0.122,0.064,0.181,0.047,0.005,0.007,0.005,1,0.007,0.005,0.027,0.005,0.018,0.018,0.005,0.018,0.012,0.007,0.047,0.274,0.012,0.138,0.083,0.38,0.354,0.525,0.464,0.034,0.861,0.639,0.158,0.276,0.149,0.27,0.481,0.191,0.13,0.362,0.506,0.5,0.048,0.149,0.234,0.269,0.337,0.492,0.76,0.058,0.673,0.873,0.248,0.373,0.08,0.07,0.623,0.137,0.04,0.243,0.402,0.381,0.049,0.153,0.163,0.529,0.283,0.269,0.235,0.028,0.215,0.164,0.893,0.344,0.049,0.14,0.138,0.166,0.248,0.23,0.449,0.254,0.069,0.15,0.211,0.255,0.408,0.858,0.713,0.029,0.858,0.643,0.139,0.697,0.025,0.062,0.727,0.291,0.01,0.38,0.331,0.317,0.153,0.164,0.025,0.362,0.375,0.131,0.216,0.163,0.385,0.385,0.176,0.218,0.704,0.46,0.369,0.455,0.292,0.312,0.342,0.554,0.143,0.304,0.655,0.208,0.283,0.117,0.131,0.154,0.228,0.232,0.061,0.132,0.606,0.846,0.265,0.609,0.501,0.22,0.11,0.358,0.108,0.307,0.626,0.101,0.63,0.323,0.265,0.215,0.441,0.421,0.148,0.339,0.37,0.37,0.809,0.395,0.219,0.348,0.346,0.511,0.38,0.241,0.241,0.425,0.069,0.158,0.012,0.536,0.194,0.033,0.018,0.033,0.384,0.731,0.069,0.999,0.5,0.018,0.083,0.194,0.069,0.083,0.741,0.227,0.218,0.132,0.144,0.404,0.101,0.138,0.142,0.306,0.447,0.576,0.126,0.476,0.943,0.111,0.162,0.33,0.253,0.702,0.394,0.441,0.269,0.248,0.324,0.117,0.513,0.277,0.223,0.084,0.177,0.254,0.448,0.184,0.208,0.989,0.339,0.34,0.028,0.035,0.173,0.467,0.353,0.393,0.49,0.091,0.383,0.41,0.542,0.248,0.295,0.148,0.471,0.225,0.354,0.156,0.695,0.513,0.131,0.137,0.235,0.258,0.508,0.435,0.294,0.211,0.361,0.471,0.285,0.434,0.336,0.31,0.471,0.27,0.18,0.205,0.581,0.755,0.097,0.179,0.43,0.111,0.379,0.197,0.036,0.256,0.198,0.218,0.04,0.143,0.643,0.284,0.446,0.347,0.244,0.036,0.185,0.432,0.817,0.304,0.376,0.116,0.225,0.252,0.141,0.179,0.063,0.136,0.1,0.547,0.411,0.411,0.236,0.352,0.911,0.093,0.194,0.161,0.19,0.884,0.353,0.369,0.025,0.031,0.077,0.19,0.17,0.17,0.068,0.365,0.76,0.594,0.241,0.593,0.515,0.105,0.111,0.262,0.057,0.407,0.845
1-212.txt_397,0.858,0.219,0.223,0.358,0.323,0.218,0.426,0.383,0.298,0.324,0.273,0.392,0.175,0.259,0.082,0.386,0.48,0.131,0.165,0.417,0.151,0.775,0.367,0.34,0.026,0.555,0.519,0.299,0.5,0.09,0.141,0.537,0.342,0.197,0.227,0.387,0.284,0.265,0.222,0.261,0.306,0.422,0.652,0.545,0.104,0.43,0.528,0.383,0.349,0.216,0.252,0.607,0.243,0.102,0.292,0.458,0.388,0.222,0.276,0.214,0.301,0.355,0.737,0.91,0.014,0.463,0.781,0.367,0.08,0.115,0.081,0.413,0.024,0.01,0.097,0.442,0.253,0.117,0.05,0.2,0.047,0.005,0.007,0.005,1,0.005,0.002,0.007,0.005,0.143,0.018,0.005,0.018,0.012,0.007,0.047,0.158,0.48,0.012,0.158,0.334,0.365,0.431,0.499,0.148,0.827,0.586,0.284,0.33,0.146,0.236,0.464,0.205,0.077,0.223,0.473,0.39,0.218,0.171,0.269,0.348,0.322,0.452,0.702,0.1,0.659,0.871,0.19,0.297,0.032,0.087,0.715,0.124,0.211,0.299,0.514,0.522,0.133,0.247,0.128,0.572,0.247,0.235,0.221,0.041,0.179,0.188,0.885,0.315,0.147,0.172,0.129,0.182,0.312,0.176,0.455,0.284,0.118,0.194,0.194,0.323,0.41,0.608,0.582,0.096,0.746,0.694,0.217,0.715,0.088,0.142,0.475,0.225,0.259,0.527,0.448,0.311,0.179,0.199,0.038,0.26,0.373,0.229,0.239,0.145,0.395,0.446,0.214,0.221,0.651,0.493,0.476,0.457,0.395,0.318,0.35,0.375,0.149,0.36,0.651,0.207,0.255,0.089,0.12,0.204,0.232,0.18,0.049,0.132,0.632,0.86,0.21,0.65,0.516,0.192,0.122,0.31,0.106,0.305,0.633,0.148,0.738,0.391,0.423,0.092,0.507,0.43,0.179,0.337,0.259,0.28,0.888,0.252,0.198,0.335,0.358,0.376,0.15,0.189,0.111,0.189,0.066,0.11,0.021,0.558,0.148,0.054,0.037,0.102,0.681,0.786,0.113,0.995,0.537,0.019,0.161,0.31,0.256,0.179,0.736,0.246,0.186,0.204,0.196,0.247,0.11,0.178,0.103,0.268,0.389,0.611,0.103,0.435,0.87,0.056,0.233,0.34,0.205,0.624,0.289,0.329,0.304,0.351,0.463,0.099,0.54,0.356,0.183,0.21,0.231,0.268,0.434,0.266,0.214,0.903,0.36,0.34,0.189,0.17,0.194,0.5,0.498,0.403,0.4,0.111,0.348,0.371,0.52,0.301,0.348,0.055,0.582,0.217,0.191,0.245,0.6,0.685,0.17,0.038,0.332,0.33,0.401,0.392,0.285,0.194,0.242,0.422,0.194,0.455,0.374,0.288,0.381,0.298,0.185,0.29,0.525,0.88,0.1,0.104,0.568,0.186,0.376,0.312,0.018,0.256,0.161,0.255,0.048,0.023,0.587,0.266,0.446,0.347,0.247,0.014,0.223,0.49,0.931,0.266,0.376,0.117,0.169,0.155,0.147,0.118,0.087,0.207,0.129,0.591,0.35,0.351,0.258,0.375,0.833,0.189,0.294,0.143,0.262,0.896,0.345,0.481,0.097,0.124,0.102,0.281,0.176,0.181,0.074,0.315,0.687,0.581,0.085,0.394,0.404,0.109,0.323,0.442,0.091,0.337,0.816
1-212.txt_399,0.881,0.184,0.161,0.232,0.417,0.15,0.284,0.295,0.246,0.479,0.232,0.389,0.304,0.255,0.148,0.423,0.523,0.111,0.136,0.542,0.159,0.859,0.338,0.267,0.064,0.422,0.508,0.317,0.312,0.365,0.246,0.479,0.289,0.326,0.166,0.371,0.464,0.309,0.329,0.316,0.161,0.533,0.749,0.59,0.171,0.418,0.583,0.293,0.493,0.096,0.233,0.629,0.2,0.247,0.395,0.5,0.317,0.022,0.243,0.117,0.232,0.3,0.606,0.847,0.014,0.502,0.834,0.258,0.131,0.19,0.164,0.385,0.118,0.041,0.185,0.417,0.223,0.17,0.069,0.209,0.275,0.019,0.01,0.047,0.998,0.019,0.047,0.01,0.009,0.256,0.256,0.17,0.052,0.02,0.01,0.071,0.423,0.653,0.048,0.145,0.342,0.363,0.484,0.595,0.079,0.886,0.615,0.283,0.353,0.075,0.198,0.474,0.185,0.145,0.303,0.445,0.427,0.039,0.08,0.251,0.27,0.368,0.411,0.708,0.012,0.682,0.921,0.198,0.409,0.052,0.101,0.59,0.193,0.12,0.259,0.409,0.417,0.058,0.214,0.143,0.598,0.192,0.269,0.217,0.099,0.244,0.18,0.924,0.402,0.049,0.162,0.165,0.105,0.249,0.173,0.457,0.239,0.1,0.194,0.234,0.194,0.274,0.747,0.731,0.007,0.931,0.857,0.069,0.616,0.069,0.069,0.731,0.449,0.138,0.143,0.384,0.5,0.012,0.449,0.033,0.275,0.325,0.186,0.21,0.198,0.271,0.331,0.184,0.051,0.716,0.489,0.416,0.478,0.333,0.28,0.411,0.503,0.159,0.371,0.719,0.245,0.293,0.134,0.122,0.207,0.263,0.258,0.15,0.204,0.656,0.786,0.29,0.546,0.445,0.259,0.146,0.305,0.135,0.263,0.641,0.148,0.656,0.39,0.281,0.132,0.462,0.383,0.209,0.275,0.297,0.405,0.88,0.354,0.143,0.292,0.319,0.485,0.357,0.217,0.215,0.425,0.069,0.083,0.069,0.425,0.194,0.083,0.018,0.069,0.616,0.616,0.083,0.999,0.5,0.033,0.083,0.194,0.069,0.083,0.741,0.229,0.252,0.161,0.28,0.326,0.152,0.222,0.128,0.301,0.372,0.59,0.154,0.43,0.904,0.127,0.209,0.324,0.311,0.634,0.298,0.374,0.233,0.359,0.483,0.106,0.557,0.295,0.216,0.176,0.24,0.232,0.483,0.241,0.209,0.956,0.369,0.39,0.116,0.073,0.205,0.561,0.366,0.424,0.445,0.198,0.277,0.375,0.502,0.371,0.36,0.15,0.444,0.132,0.314,0.129,0.668,0.505,0.118,0.102,0.256,0.292,0.477,0.41,0.348,0.186,0.308,0.488,0.086,0.44,0.306,0.283,0.462,0.252,0.169,0.247,0.613,0.858,0.105,0.145,0.492,0.063,0.367,0.25,0.009,0.012,0.138,0.061,0.063,0.138,0.48,0.143,0.367,0.5,0.31,0.009,0.136,0.138,0.997,0.464,0.442,0.129,0.182,0.255,0.142,0.127,0.116,0.167,0.152,0.509,0.367,0.41,0.222,0.404,0.893,0.12,0.203,0.171,0.19,0.884,0.412,0.428,0.035,0.072,0.043,0.237,0.195,0.219,0.103,0.297,0.714,0.639,0.176,0.445,0.458,0.121,0.28,0.361,0.046,0.324,0.858
1-212.txt_401,0.829,0.061,0.089,0.135,0.439,0.097,0.238,0.338,0.153,0.454,0.396,0.138,0.297,0.405,0.317,0.278,0.447,0.105,0.269,0.636,0.153,0.633,0.448,0.433,0.139,0.449,0.555,0.072,0.462,0.147,0.266,0.75,0.252,0.227,0.199,0.279,0.38,0.274,0.284,0.312,0.259,0.487,0.669,0.766,0.031,0.507,0.696,0.426,0.376,0.277,0.169,0.527,0.113,0.134,0.305,0.463,0.427,0.008,0.118,0.2,0.223,0.409,0.847,0.889,0.094,0.523,0.796,0.29,0.355,0.141,0.06,0.675,0.078,0.051,0.249,0.523,0.478,0.081,0.019,0.139,0.095,0.008,0.094,0.008,1,0.009,0.008,0.007,0.247,0.102,0.306,0.009,0.33,0.248,0.005,0.222,0.315,0.302,0.044,0.111,0.196,0.444,0.424,0.441,0.096,0.831,0.734,0.081,0.45,0.213,0.16,0.682,0.289,0.066,0.476,0.361,0.389,0.291,0.153,0.202,0.158,0.405,0.61,0.749,0.056,0.672,0.96,0.18,0.282,0.113,0.091,0.656,0.167,0.097,0.178,0.378,0.413,0.07,0.198,0.145,0.33,0.267,0.454,0.493,0.15,0.271,0.406,0.881,0.13,0.058,0.084,0.249,0.025,0.09,0.144,0.41,0.166,0.122,0.044,0.091,0.047,0.018,0.269,0.119,0.007,0.047,0.047,0.007,0.999,0.119,0.018,0.018,0.269,0.982,0.007,0.018,0.018,0.119,0.999,0.018,0.145,0.094,0.108,0.01,0.179,0.102,0.01,0.019,0.336,0.907,0.627,0.262,0.641,0.591,0.007,0.256,0.423,0.024,0.315,0.754,0.257,0.205,0.062,0.121,0.127,0.148,0.139,0.101,0.179,0.639,0.834,0.131,0.614,0.519,0.15,0.202,0.311,0.19,0.315,0.642,0.163,0.781,0.298,0.15,0.01,0.454,0.54,0.188,0.591,0.261,0.333,0.899,0.402,0.138,0.098,0.311,0.46,0.078,0.232,0.431,0.274,0.5,0.018,0.027,0.464,0.31,0.375,0.027,0.033,0.384,0.69,0.083,0.991,0.425,0.018,0.158,0.5,0.033,0.047,0.5,0.337,0.175,0.052,0.013,0.096,0.138,0.033,0.095,0.359,0.687,0.64,0.036,0.286,0.95,0.008,0.143,0.113,0.507,0.843,0.488,0.197,0.185,0.339,0.622,0.007,0.319,0.389,0.124,0.066,0.164,0.38,0.191,0.333,0.221,0.994,0.272,0.076,0.154,0.183,0.263,0.349,0.482,0.358,0.275,0.105,0.339,0.422,0.123,0.231,0.339,0.347,0.449,0.309,0.27,0.333,0.623,0.694,0.014,0.292,0.413,0.48,0.401,0.298,0.205,0.196,0.436,0.333,0.158,0.311,0.39,0.225,0.408,0.277,0.332,0.224,0.567,0.793,0.215,0.225,0.528,0.048,0.397,0.255,0.28,0.007,0.337,0.408,0.1,0.201,0.206,0.264,0.394,0.382,0.281,0.081,0.255,0.256,0.749,0.479,0.202,0.038,0.274,0.231,0.081,0.225,0.193,0.04,0.018,0.754,0.189,0.234,0.093,0.274,0.985,0.005,0.066,0.164,0.176,0.999,0.106,0.387,0.209,0.153,0.058,0.169,0.203,0.157,0.112,0.309,0.798,0.7,0.144,0.51,0.582,0.184,0.162,0.379,0.093,0.321,0.844
1-212.txt_403,0.72,0.199,0.114,0.131,0.288,0.294,0.201,0.358,0.248,0.466,0.312,0.287,0.214,0.273,0.089,0.39,0.406,0.26,0.309,0.531,0.265,0.968,0.222,0.135,0.019,0.397,0.473,0.359,0.627,0.182,0.108,0.373,0.102,0.171,0.212,0.198,0.169,0.337,0.256,0.259,0.324,0.433,0.735,0.596,0.08,0.381,0.322,0.392,0.358,0.185,0.187,0.483,0.272,0.17,0.248,0.616,0.484,0.114,0.232,0.164,0.273,0.318,0.579,0.77,0.07,0.491,0.736,0.363,0.333,0.147,0.183,0.417,0.129,0.135,0.242,0.365,0.255,0.086,0.064,0.192,0.047,0.005,0.007,0.005,1,0.007,0.136,0.063,0.007,0.018,0.069,0.007,0.018,0.007,0.007,0.047,0.274,0.007,0.007,0.047,0.219,0.461,0.537,0.556,0.094,0.88,0.763,0.278,0.407,0.088,0.16,0.531,0.155,0.22,0.247,0.53,0.307,0.205,0.246,0.193,0.405,0.399,0.398,0.47,0.097,0.646,0.862,0.154,0.264,0.107,0.172,0.494,0.252,0.075,0.373,0.435,0.481,0.1,0.092,0.243,0.518,0.124,0.272,0.224,0.102,0.249,0.167,0.903,0.291,0.125,0.173,0.131,0.108,0.377,0.102,0.541,0.277,0.122,0.096,0.159,0.246,0.423,0.664,0.527,0.102,0.855,0.661,0.135,0.627,0.179,0.135,0.805,0.5,0.094,0.262,0.346,0.754,0.252,0.188,0.222,0.249,0.46,0.159,0.211,0.197,0.348,0.416,0.109,0.115,0.674,0.541,0.422,0.495,0.392,0.187,0.209,0.443,0.099,0.276,0.577,0.237,0.267,0.12,0.188,0.122,0.174,0.192,0.107,0.15,0.59,0.811,0.269,0.535,0.5,0.211,0.148,0.218,0.063,0.259,0.506,0.221,0.658,0.395,0.368,0.095,0.42,0.352,0.146,0.273,0.325,0.331,0.858,0.37,0.196,0.262,0.289,0.425,0.085,0.216,0.227,0.31,0.069,0.083,0.018,0.5,0.269,0.158,0.018,0.069,0.5,0.731,0.119,0.999,0.384,0.083,0.083,0.158,0.069,0.083,0.741,0.243,0.17,0.062,0.171,0.17,0.081,0.182,0.035,0.281,0.454,0.583,0.081,0.469,0.866,0.019,0.194,0.315,0.345,0.733,0.363,0.3,0.276,0.345,0.393,0.041,0.53,0.362,0.213,0.225,0.083,0.259,0.448,0.195,0.181,0.975,0.461,0.32,0.033,0.041,0.119,0.454,0.378,0.488,0.486,0.042,0.303,0.281,0.576,0.243,0.325,0.169,0.47,0.237,0.418,0.261,0.833,0.498,0.048,0.217,0.235,0.294,0.4,0.364,0.414,0.118,0.298,0.439,0.14,0.351,0.388,0.239,0.533,0.249,0.146,0.333,0.619,0.841,0.122,0.192,0.423,0.112,0.41,0.306,0.183,0.227,0.355,0.218,0.054,0.062,0.524,0.221,0.462,0.342,0.157,0.055,0.295,0.496,0.876,0.267,0.385,0.161,0.174,0.247,0.086,0.286,0.061,0.053,0.14,0.536,0.345,0.351,0.255,0.281,0.888,0.123,0.206,0.183,0.235,0.94,0.224,0.589,0.042,0.207,0.137,0.208,0.196,0.278,0.246,0.14,0.629,0.577,0.123,0.516,0.255,0.097,0.349,0.445,0.103,0.142,0.852
1-212.txt_405,0.755,0.137,0.159,0.122,0.363,0.238,0.221,0.285,0.058,0.454,0.525,0.147,0.326,0.37,0.287,0.445,0.436,0.107,0.205,0.618,0.253,0.851,0.395,0.281,0.105,0.581,0.588,0.28,0.55,0.135,0.144,0.605,0.099,0.138,0.122,0.376,0.434,0.076,0.137,0.235,0.164,0.598,0.886,0.719,0.057,0.586,0.7,0.268,0.536,0.128,0.048,0.516,0.153,0.033,0.264,0.653,0.457,0.112,0.044,0.026,0.423,0.423,0.812,0.778,0.007,0.577,0.711,0.289,0.399,0.034,0.013,0.781,0.462,0.093,0.102,0.704,0.45,0.008,0.326,0.062,0.198,0.017,0.02,0.017,1,0.017,0.008,0.044,0.017,0.102,0.102,0.017,0.102,0.044,0.019,0.195,0.121,0.209,0.044,0.111,0.217,0.603,0.352,0.485,0.019,0.823,0.741,0.106,0.574,0.202,0.209,0.621,0.392,0.19,0.241,0.402,0.407,0.12,0.238,0.287,0.208,0.38,0.547,0.735,0.035,0.658,0.903,0.159,0.233,0.189,0.152,0.581,0.159,0.082,0.229,0.38,0.38,0.14,0.197,0.251,0.386,0.232,0.471,0.432,0.148,0.115,0.296,0.932,0.065,0.08,0.075,0.169,0.049,0.091,0.191,0.391,0.281,0.11,0.024,0.197,0.279,0.435,0.447,0.561,0.01,0.377,0.489,0.09,0.66,0.236,0.174,0.572,0.333,0.267,0.26,0.519,0.344,0.271,0.209,0.255,0.249,0.349,0.09,0.042,0.194,0.148,0.153,0.07,0.224,0.832,0.644,0.334,0.784,0.498,0.011,0.211,0.502,0.136,0.384,0.852,0.257,0.159,0.112,0.094,0.158,0.177,0.151,0.092,0.141,0.584,0.882,0.174,0.616,0.441,0.162,0.207,0.296,0.194,0.187,0.633,0.168,0.713,0.391,0.345,0.101,0.572,0.55,0.156,0.417,0.177,0.158,0.92,0.297,0.083,0.251,0.348,0.401,0.148,0.289,0.302,0.269,0.225,0.135,0.129,0.138,0.119,0.153,0.287,0.179,0.348,0.664,0.337,0.722,0.512,0.136,0.098,0.164,0.386,0.548,0.311,0.25,0.089,0.172,0.105,0.158,0.175,0.091,0.129,0.383,0.598,0.567,0.095,0.605,0.92,0.028,0.181,0.215,0.187,0.685,0.444,0.221,0.13,0.31,0.321,0.094,0.297,0.296,0.117,0.105,0.268,0.295,0.302,0.251,0.284,0.853,0.329,0.315,0.077,0.125,0.26,0.767,0.254,0.492,0.379,0.19,0.424,0.359,0.401,0.282,0.193,0.248,0.452,0.267,0.167,0.268,0.899,0.584,0.147,0.179,0.265,0.355,0.499,0.391,0.231,0.185,0.337,0.393,0.158,0.4,0.275,0.294,0.479,0.182,0.32,0.292,0.464,0.893,0.099,0.274,0.423,0.063,0.027,0.009,0.009,0.063,0.063,0.025,0.063,0.063,0.027,0.069,0.025,0.143,0.5,0.009,0.025,0.063,1,0.881,0.025,0.02,0.54,0.024,0.058,0.094,0.246,0.098,0.008,0.674,0.219,0.169,0.058,0.198,0.958,0.008,0.252,0.135,0.46,0.997,0.135,0.352,0.132,0.25,0.144,0.211,0.171,0.129,0.164,0.272,0.752,0.584,0.066,0.565,0.471,0.153,0.185,0.393,0.084,0.245,0.801
1-212.txt_407,0.875,0.253,0.265,0.144,0.193,0.257,0.322,0.388,0.217,0.263,0.272,0.314,0.191,0.167,0.146,0.628,0.398,0.053,0.136,0.428,0.205,0.906,0.391,0.463,0.025,0.46,0.39,0.141,0.286,0.22,0.13,0.688,0.194,0.178,0.046,0.348,0.331,0.233,0.144,0.469,0.373,0.219,0.977,0.423,0.062,0.447,0.397,0.095,0.457,0.085,0.135,0.45,0.387,0.085,0.627,0.346,0.781,0.038,0.095,0.299,0.094,0.201,0.793,0.902,0.101,0.287,0.555,0.262,0.168,0.075,0.041,0.363,0.05,0.078,0.247,0.359,0.18,0.126,0.208,0.07,0.5,0.047,0.119,0.119,0.982,0.119,0.119,0.731,0.047,0.047,0.269,0.119,0.047,0.018,0.047,0.993,0.731,0.018,0.018,0.047,0.214,0.558,0.775,0.5,0.025,0.946,0.623,0.065,0.232,0.033,0.04,0.505,0.101,0.103,0.083,0.442,0.328,0.055,0.493,0.153,0.333,0.371,0.679,0.532,0.034,0.552,0.86,0.216,0.195,0.101,0.102,0.437,0.13,0.079,0.389,0.58,0.415,0.081,0.203,0.107,0.302,0.14,0.538,0.426,0.193,0.231,0.2,0.877,0.258,0.028,0.107,0.234,0.047,0.136,0.064,0.265,0.092,0.156,0.115,0.055,0.246,0.135,0.587,0.085,0.047,0.503,0.145,0.265,0.865,0.534,0.145,0.423,0.169,0.095,0.062,0.373,0.685,0.038,0.359,0.865,0.259,0.113,0.279,0.111,0.059,0.264,0.113,0.235,0.038,0.859,0.619,0.077,0.486,0.388,0.115,0.485,0.5,0.033,0.173,0.791,0.189,0.1,0.161,0.14,0.21,0.186,0.166,0.03,0.123,0.595,0.862,0.155,0.557,0.656,0.036,0.215,0.21,0.112,0.497,0.547,0.248,0.7,0.485,0.322,0.094,0.46,0.537,0.176,0.351,0.207,0.083,0.875,0.236,0.134,0.178,0.441,0.49,0.091,0.285,0.231,0.365,0.311,0.113,0.248,0.121,0.329,0.229,0.058,0.292,0.481,0.748,0.311,0.99,0.468,0.076,0.482,0.347,0.113,0.234,0.463,0.193,0.147,0.239,0.142,0.063,0.26,0.166,0.043,0.243,0.443,0.509,0.289,0.5,0.91,0.206,0.345,0.339,0.283,0.793,0.318,0.371,0.247,0.252,0.391,0.208,0.322,0.367,0.248,0.146,0.134,0.207,0.275,0.215,0.161,0.949,0.258,0.218,0.049,0.065,0.212,0.607,0.27,0.546,0.348,0.243,0.385,0.409,0.368,0.357,0.19,0.083,0.443,0.15,0.159,0.336,0.845,0.623,0.064,0.186,0.166,0.331,0.246,0.42,0.238,0.195,0.297,0.369,0.333,0.272,0.31,0.291,0.397,0.167,0.146,0.215,0.483,0.823,0.169,0.084,0.446,0.074,0.177,0.313,0.079,0.069,0.11,0.225,0.069,0.074,0.079,0.12,0.071,0.247,0.494,0.031,0.111,0.175,0.992,0.779,0.25,0.171,0.14,0.12,0.13,0.057,0.111,0.242,0.042,0.511,0.294,0.256,0.204,0.175,0.802,0.09,0.158,0.191,0.516,0.982,0.359,0.364,0.113,0.23,0.076,0.078,0.32,0.117,0.249,0.185,0.635,0.468,0.228,0.424,0.316,0.179,0.227,0.5,0.181,0.246,0.846
1-212.txt_409,0.869,0.145,0.176,0.211,0.256,0.25,0.274,0.443,0.166,0.255,0.321,0.243,0.244,0.161,0.263,0.581,0.365,0.051,0.188,0.389,0.235,0.841,0.291,0.223,0.073,0.415,0.402,0.372,0.117,0.26,0.262,0.467,0.308,0.261,0.173,0.359,0.398,0.089,0.356,0.236,0.313,0.576,0.854,0.548,0.128,0.437,0.603,0.293,0.563,0.149,0.181,0.527,0.267,0.16,0.212,0.514,0.424,0.053,0.119,0.1,0.391,0.335,0.498,0.934,0.07,0.448,0.639,0.344,0.373,0.119,0.115,0.264,0.086,0.089,0.348,0.419,0.43,0.111,0.138,0.151,0.543,0.066,0.111,0.065,0.994,0.226,0.102,0.111,0.073,0.121,0.236,0.111,0.121,0.076,0.073,0.367,0.367,0.076,0.076,0.292,0.316,0.459,0.393,0.407,0.119,0.908,0.592,0.439,0.28,0.231,0.293,0.531,0.26,0.097,0.266,0.424,0.306,0.13,0.142,0.236,0.343,0.329,0.329,0.647,0.091,0.648,0.939,0.391,0.382,0.155,0.153,0.423,0.145,0.12,0.226,0.335,0.291,0.103,0.122,0.243,0.283,0.295,0.334,0.212,0.122,0.381,0.369,0.948,0.249,0.235,0.262,0.339,0.189,0.178,0.272,0.387,0.288,0.223,0.152,0.228,0.384,0.386,0.291,0.292,0.212,0.388,0.369,0.438,0.865,0.316,0.192,0.36,0.3,0.262,0.443,0.539,0.234,0.227,0.242,0.344,0.261,0.357,0.206,0.149,0.168,0.393,0.357,0.125,0.298,0.646,0.511,0.481,0.396,0.511,0.325,0.427,0.56,0.119,0.346,0.562,0.36,0.223,0.236,0.193,0.102,0.278,0.324,0.157,0.165,0.531,0.782,0.25,0.549,0.286,0.123,0.262,0.273,0.08,0.21,0.517,0.247,0.586,0.295,0.365,0.07,0.54,0.587,0.268,0.253,0.194,0.337,0.814,0.412,0.248,0.338,0.363,0.428,0.222,0.127,0.232,0.278,0.227,0.111,0.057,0.137,0.238,0.23,0.122,0.098,0.646,0.666,0.243,0.911,0.595,0.154,0.174,0.307,0.241,0.311,0.667,0.301,0.154,0.135,0.142,0.151,0.234,0.171,0.226,0.189,0.474,0.527,0.179,0.566,0.908,0.15,0.294,0.327,0.258,0.564,0.454,0.315,0.261,0.467,0.52,0.177,0.473,0.587,0.269,0.218,0.198,0.246,0.483,0.247,0.085,0.835,0.358,0.196,0.084,0.266,0.222,0.377,0.452,0.405,0.5,0.08,0.466,0.489,0.312,0.345,0.217,0.157,0.516,0.225,0.275,0.396,0.713,0.434,0.078,0.243,0.283,0.324,0.348,0.449,0.362,0.13,0.26,0.395,0.146,0.151,0.27,0.223,0.342,0.153,0.176,0.214,0.69,0.936,0.156,0.146,0.431,0.182,0.385,0.106,0.106,0.058,0.135,0.413,0.108,0.108,0.286,0.262,0.385,0.339,0.423,0.106,0.182,0.132,1,0.45,0.209,0.184,0.316,0.305,0.242,0.239,0.272,0.345,0.139,0.569,0.253,0.354,0.321,0.337,0.603,0.17,0.279,0.297,0.387,0.87,0.359,0.346,0.153,0.27,0.304,0.26,0.135,0.24,0.129,0.329,0.62,0.583,0.183,0.424,0.421,0.183,0.202,0.427,0.127,0.363,0.754
1-212.txt_411,0.901,0.254,0.24,0.197,0.383,0.255,0.258,0.423,0.158,0.269,0.279,0.25,0.273,0.153,0.196,0.641,0.5,0.04,0.107,0.481,0.29,0.817,0.319,0.264,0.062,0.471,0.452,0.139,0.177,0.22,0.239,0.665,0.243,0.138,0.175,0.395,0.324,0.057,0.16,0.297,0.167,0.448,0.989,0.546,0.096,0.476,0.421,0.4,0.582,0.049,0.077,0.476,0.133,0.101,0.127,0.65,0.512,0.123,0.209,0.128,0.181,0.128,0.814,0.959,0.08,0.355,0.624,0.249,0.216,0.042,0.031,0.274,0.04,0.053,0.262,0.454,0.279,0.014,0.038,0.067,0.348,0.351,0.062,0.047,0.996,0.199,0.211,0.277,0.228,0.311,0.355,0.076,0.408,0.225,0.056,0.209,0.195,0.272,0.227,0.311,0.284,0.622,0.596,0.428,0.033,0.947,0.704,0.205,0.507,0.09,0.085,0.718,0.28,0.077,0.256,0.429,0.333,0.068,0.261,0.078,0.362,0.405,0.482,0.602,0.119,0.68,0.918,0.114,0.387,0.075,0.153,0.551,0.253,0.09,0.287,0.462,0.299,0.041,0.177,0.168,0.345,0.205,0.405,0.372,0.128,0.247,0.232,0.924,0.186,0.027,0.043,0.234,0.092,0.088,0.243,0.39,0.106,0.126,0.102,0.084,0.271,0.398,0.718,0.358,0.059,0.525,0.461,0.263,0.991,0.043,0.043,0.269,0.119,0.207,0.107,0.307,0.221,0.095,0.69,0.054,0.312,0.092,0.092,0.113,0.187,0.166,0.17,0.032,0.09,0.923,0.792,0.142,0.66,0.497,0.051,0.171,0.384,0.089,0.341,0.884,0.234,0.099,0.039,0.085,0.211,0.145,0.122,0.038,0.048,0.765,0.897,0.215,0.679,0.545,0.157,0.159,0.28,0.25,0.377,0.677,0.346,0.68,0.376,0.314,0.075,0.553,0.6,0.158,0.233,0.154,0.157,0.882,0.26,0.083,0.196,0.5,0.351,0.043,0.24,0.253,0.226,0.216,0.228,0.043,0.212,0.413,0.099,0.039,0.234,0.644,0.837,0.216,0.988,0.435,0.232,0.226,0.335,0.21,0.216,0.698,0.097,0.042,0.121,0.041,0.094,0.045,0.083,0.103,0.222,0.465,0.479,0.042,0.544,0.998,0.017,0.1,0.162,0.605,0.953,0.311,0.302,0.18,0.194,0.254,0.145,0.275,0.343,0.179,0.18,0.102,0.08,0.258,0.18,0.193,0.951,0.233,0.195,0.063,0.227,0.177,0.625,0.279,0.656,0.459,0.212,0.435,0.443,0.411,0.271,0.111,0.106,0.467,0.21,0.136,0.295,0.921,0.607,0.039,0.166,0.15,0.421,0.229,0.413,0.283,0.254,0.304,0.303,0.155,0.198,0.31,0.258,0.281,0.24,0.101,0.259,0.688,0.95,0.185,0.193,0.459,0.12,0.261,0.318,0.116,0.057,0.098,0.123,0.12,0.086,0.168,0.286,0.237,0.145,0.664,0.109,0.06,0.074,0.997,0.741,0.199,0.121,0.103,0.163,0.04,0.124,0.172,0.129,0.031,0.609,0.299,0.368,0.143,0.276,0.814,0.088,0.166,0.206,0.533,0.944,0.324,0.373,0.122,0.088,0.101,0.166,0.163,0.119,0.086,0.097,0.829,0.572,0.144,0.57,0.327,0.115,0.194,0.403,0.06,0.309,0.914
1-212.txt_413,0.604,0.299,0.248,0.24,0.17,0.372,0.363,0.367,0.295,0.34,0.368,0.336,0.229,0.32,0.268,0.319,0.386,0.127,0.291,0.46,0.222,0.718,0.278,0.298,0.024,0.5,0.511,0.058,0.339,0.308,0.252,0.733,0.263,0.3,0.196,0.491,0.461,0.165,0.367,0.35,0.731,0.5,0.269,0.269,0.018,0.953,0.953,0.047,0.018,0.5,0.119,0.269,0.047,0.018,0.018,0.269,0.269,0.953,0.018,0.953,0.234,0.265,0.745,0.907,0.041,0.526,0.765,0.357,0.331,0.064,0.035,0.466,0.068,0.026,0.157,0.464,0.397,0.024,0.089,0.127,0.198,0.043,0.298,0.297,0.998,0.17,0.207,0.044,0.019,0.256,0.052,0.183,0.256,0.094,0.094,0.275,0.349,0.098,0.02,0.121,0.181,0.468,0.317,0.287,0.011,0.894,0.703,0.061,0.086,0.176,0.227,0.85,0.492,0.132,0.27,0.272,0.592,0.45,0.401,0.313,0.256,0.465,0.522,0.71,0.131,0.611,0.912,0.213,0.424,0.222,0.146,0.535,0.155,0.133,0.293,0.501,0.458,0.097,0.197,0.171,0.322,0.353,0.485,0.368,0.062,0.411,0.354,0.883,0.351,0.111,0.093,0.256,0.161,0.17,0.268,0.278,0.175,0.131,0.072,0.142,0.095,0.527,0.5,0.349,0.248,0.704,0.711,0.024,0.778,0.095,0.098,0.918,0.262,0.007,0.343,0.577,0.373,0.005,0.179,0.399,0.222,0.01,0.17,0.008,0.343,0.01,0.047,0.008,0.013,0.825,0.855,0.01,0.728,0.603,0.024,0.265,0.373,0.024,0.457,0.74,0.267,0.394,0.164,0.218,0.258,0.265,0.204,0.181,0.252,0.511,0.681,0.361,0.444,0.484,0.246,0.344,0.31,0.122,0.268,0.419,0.159,0.722,0.513,0.576,0.009,0.69,0.701,0.234,0.274,0.116,0.134,0.919,0.167,0.093,0.257,0.281,0.224,0.275,0.18,0.026,0.343,0.268,0.476,0.145,0.136,0.269,0.205,0.113,0.179,0.5,0.58,0.254,0.856,0.5,0.054,0.332,0.348,0.158,0.15,0.55,0.137,0.228,0.111,0.112,0.012,0.227,0.205,0.082,0.364,0.406,0.534,0.267,0.378,0.889,0.167,0.04,0.191,0.26,0.749,0.388,0.28,0.412,0.396,0.445,0.093,0.481,0.48,0.073,0.456,0.109,0.281,0.521,0.267,0.109,0.757,0.406,0.501,0.119,0.114,0.238,0.424,0.255,0.329,0.411,0.212,0.404,0.438,0.193,0.253,0.246,0.172,0.39,0.229,0.156,0.229,0.747,0.613,0.05,0.278,0.346,0.253,0.554,0.333,0.519,0.053,0.315,0.312,0.197,0.43,0.418,0.31,0.381,0.43,0.394,0.184,0.415,0.846,0.01,0.22,0.389,0.444,0.025,0.135,0.06,0.369,0.444,0.025,0.138,0.027,0.027,0.375,0.136,0.069,0.5,0.25,0.251,0.138,0.991,0.5,0.136,0.299,0.232,0.194,0.089,0.439,0.215,0.223,0.169,0.531,0.308,0.439,0.203,0.337,0.701,0.145,0.246,0.231,0.229,0.787,0.392,0.385,0.148,0.116,0.102,0.188,0.149,0.204,0.161,0.2,0.729,0.694,0.167,0.57,0.455,0.112,0.181,0.415,0.142,0.196,0.847
1-212.txt_415,0.613,0.092,0.126,0.079,0.349,0.219,0.239,0.33,0.291,0.244,0.401,0.167,0.263,0.5,0.116,0.363,0.378,0.138,0.409,0.364,0.22,0.513,0.097,0.31,0.065,0.435,0.474,0.1,0.45,0.323,0.289,0.566,0.188,0.245,0.291,0.295,0.387,0.04,0.369,0.335,0.312,0.57,0.713,0.434,0.064,0.545,0.559,0.351,0.422,0.135,0.209,0.583,0.281,0.1,0.054,0.44,0.389,0.141,0.217,0.21,0.204,0.382,0.58,0.909,0.087,0.42,0.599,0.215,0.201,0.201,0.04,0.557,0.249,0.085,0.239,0.469,0.517,0.076,0.116,0.329,0.325,0.004,0.044,0.004,0.999,0.212,0.005,0.01,0.005,0.306,0.179,0.009,0.028,0.094,0.043,0.188,0.265,0.171,0.01,0.339,0.271,0.398,0.46,0.818,0.012,0.828,0.736,0.115,0.6,0.117,0.096,0.639,0.251,0.194,0.212,0.614,0.486,0.321,0.086,0.086,0.225,0.51,0.436,0.625,0.046,0.72,0.806,0.269,0.403,0.109,0.079,0.703,0.1,0.106,0.273,0.383,0.339,0.231,0.214,0.151,0.397,0.257,0.565,0.418,0.015,0.203,0.308,0.852,0.313,0.106,0.073,0.254,0.129,0.172,0.321,0.403,0.218,0.056,0.143,0.139,0.106,0.439,0.243,0.241,0.203,0.565,0.622,0.209,0.783,0.241,0.281,0.454,0.409,0.161,0.639,0.438,0.552,0.198,0.159,0.456,0.243,0.101,0.041,0.065,0.169,0.236,0.163,0.058,0.136,0.869,0.721,0.175,0.619,0.618,0.141,0.168,0.298,0.023,0.28,0.786,0.327,0.12,0.031,0.025,0.066,0.177,0.111,0.129,0.176,0.71,0.817,0.048,0.551,0.687,0.088,0.118,0.148,0.148,0.377,0.605,0.221,0.676,0.404,0.496,0.025,0.715,0.771,0.216,0.418,0.189,0.122,0.868,0.202,0.103,0.344,0.392,0.404,0.099,0.084,0.2,0.311,0.281,0.022,0.064,0.038,0.159,0.144,0.228,0.04,0.622,0.885,0.115,0.895,0.484,0.206,0.119,0.251,0.031,0.1,0.606,0.362,0.097,0.189,0.012,0.182,0.154,0.058,0.045,0.252,0.517,0.55,0.06,0.455,0.887,0.01,0.299,0.498,0.057,0.627,0.644,0.083,0.274,0.616,0.806,0.007,0.5,0.625,0.027,0.515,0.083,0.194,0.5,0.018,0.007,0.857,0.384,0.842,0.005,0.375,0.274,0.39,0.329,0.537,0.511,0.192,0.206,0.374,0.195,0.226,0.175,0.324,0.345,0.114,0.235,0.351,0.685,0.555,0.077,0.202,0.381,0.115,0.381,0.349,0.22,0.3,0.408,0.313,0.07,0.337,0.379,0.343,0.349,0.475,0.401,0.217,0.45,0.77,0.162,0.2,0.416,0.253,0.253,0.251,0.009,0.012,0.253,0.367,0.012,0.012,0.369,0.449,0.251,0.069,0.384,0.478,0.027,0.138,0.976,0.575,0.367,0.207,0.328,0.14,0.081,0.167,0.289,0.299,0.037,0.371,0.434,0.413,0.361,0.501,0.754,0.147,0.543,0.351,0.427,0.778,0.596,0.468,0.278,0.185,0.099,0.186,0.27,0.365,0.043,0.178,0.625,0.557,0.293,0.485,0.269,0.11,0.237,0.432,0.277,0.239,0.821
1-212.txt_417,0.964,0.084,0.207,0.146,0.14,0.12,0.197,0.39,0.274,0.225,0.25,0.224,0.13,0.186,0.084,0.576,0.337,0.034,0.151,0.461,0.31,0.857,0.645,0.395,0.039,0.477,0.343,0.094,0.28,0.161,0.164,0.563,0.213,0.086,0.059,0.544,0.537,0.213,0.208,0.295,0.224,0.48,0.872,0.568,0.028,0.278,0.436,0.246,0.355,0.185,0.079,0.478,0.144,0.177,0.399,0.348,0.23,0.084,0.208,0.102,0.172,0.165,0.797,0.9,0.105,0.354,0.664,0.167,0.19,0.03,0.04,0.335,0.042,0.08,0.305,0.411,0.24,0.019,0.094,0.068,0.425,0.5,0.194,0.119,0.881,0.194,0.194,0.616,0.083,0.274,0.083,0.558,0.047,0.018,0.047,0.556,0.425,0.018,0.047,0.047,0.197,0.409,0.676,0.47,0.036,0.88,0.552,0.228,0.255,0.036,0.05,0.331,0.167,0.331,0.106,0.474,0.392,0.068,0.498,0.056,0.359,0.342,0.642,0.578,0.024,0.667,0.893,0.267,0.225,0.106,0.065,0.503,0.118,0.089,0.332,0.54,0.33,0.024,0.131,0.101,0.251,0.109,0.455,0.356,0.294,0.225,0.168,0.92,0.111,0.061,0.219,0.136,0.167,0.171,0.059,0.271,0.128,0.135,0.195,0.093,0.119,0.212,0.587,0.085,0.038,0.503,0.212,0.038,0.815,0.359,0.121,0.423,0.121,0.299,0.038,0.447,0.953,0.028,0.349,0.738,0.342,0.073,0.207,0.212,0.179,0.234,0.196,0.127,0.118,0.853,0.542,0.152,0.494,0.308,0.101,0.347,0.504,0.11,0.243,0.761,0.176,0.108,0.032,0.026,0.217,0.038,0.033,0.026,0.045,0.656,0.929,0.041,0.632,0.691,0.03,0.266,0.356,0.097,0.469,0.575,0.288,0.663,0.305,0.185,0.068,0.408,0.467,0.132,0.268,0.253,0.187,0.87,0.24,0.22,0.284,0.342,0.51,0.116,0.438,0.25,0.46,0.407,0.211,0.051,0.065,0.424,0.179,0.04,0.284,0.558,0.537,0.292,0.926,0.442,0.274,0.329,0.252,0.069,0.329,0.525,0.274,0.065,0.04,0.04,0.076,0.065,0.047,0.037,0.347,0.498,0.671,0.292,0.633,0.957,0.204,0.236,0.101,0.292,0.905,0.442,0.38,0.294,0.294,0.383,0.173,0.359,0.43,0.293,0.162,0.105,0.118,0.403,0.136,0.232,0.934,0.297,0.184,0.046,0.278,0.155,0.477,0.157,0.664,0.447,0.22,0.407,0.5,0.257,0.378,0.239,0.095,0.446,0.12,0.143,0.34,0.877,0.683,0.125,0.144,0.288,0.256,0.186,0.449,0.183,0.339,0.468,0.259,0.422,0.35,0.249,0.209,0.34,0.272,0.216,0.078,0.397,0.817,0.145,0.131,0.392,0.069,0.188,0.288,0.023,0.057,0.098,0.185,0.055,0.074,0.054,0.184,0.148,0.145,0.519,0.017,0.073,0.074,0.992,0.831,0.255,0.148,0.124,0.205,0.163,0.051,0.189,0.186,0.044,0.556,0.292,0.271,0.191,0.151,0.736,0.099,0.167,0.256,0.452,0.968,0.292,0.389,0.204,0.272,0.126,0.051,0.335,0.143,0.113,0.267,0.665,0.431,0.32,0.474,0.16,0.305,0.214,0.292,0.283,0.129,0.875
1-212.txt_419,0.97,0.047,0.187,0.108,0.078,0.166,0.208,0.374,0.286,0.229,0.243,0.207,0.11,0.26,0.047,0.521,0.314,0.026,0.27,0.457,0.31,0.827,0.625,0.34,0.18,0.441,0.351,0.089,0.083,0.261,0.197,0.579,0.207,0.115,0.045,0.461,0.518,0.255,0.23,0.357,0.205,0.34,0.885,0.475,0.14,0.255,0.398,0.189,0.347,0.192,0.116,0.373,0.242,0.211,0.31,0.356,0.196,0.098,0.251,0.114,0.279,0.278,0.763,0.937,0.027,0.403,0.71,0.16,0.18,0.03,0.053,0.358,0.051,0.053,0.381,0.44,0.223,0.016,0.091,0.049,0.731,0.047,0.119,0.119,0.881,0.119,0.119,0.881,0.047,0.018,0.119,0.119,0.047,0.018,0.047,0.993,0.731,0.018,0.018,0.047,0.197,0.393,0.54,0.35,0.036,0.877,0.52,0.228,0.255,0.12,0.08,0.331,0.12,0.462,0.062,0.368,0.378,0.144,0.643,0.196,0.437,0.303,0.692,0.527,0.03,0.635,0.89,0.311,0.208,0.088,0.029,0.504,0.124,0.028,0.287,0.594,0.386,0.022,0.117,0.097,0.298,0.066,0.484,0.31,0.278,0.208,0.192,0.925,0.15,0.057,0.194,0.184,0.145,0.197,0.056,0.239,0.171,0.131,0.178,0.087,0.119,0.212,0.587,0.085,0.038,0.577,0.212,0.038,0.805,0.359,0.121,0.423,0.121,0.275,0.038,0.447,0.962,0.018,0.325,0.661,0.354,0.14,0.207,0.23,0.162,0.222,0.191,0.196,0.188,0.799,0.524,0.152,0.441,0.314,0.095,0.329,0.522,0.126,0.267,0.702,0.175,0.095,0.03,0.019,0.213,0.042,0.031,0.054,0.041,0.663,0.92,0.047,0.629,0.658,0.029,0.251,0.29,0.108,0.427,0.593,0.262,0.638,0.367,0.225,0.077,0.407,0.5,0.159,0.311,0.242,0.166,0.858,0.32,0.224,0.268,0.371,0.51,0.099,0.39,0.245,0.423,0.407,0.211,0.043,0.065,0.387,0.211,0.037,0.284,0.583,0.558,0.292,0.923,0.525,0.04,0.329,0.214,0.095,0.653,0.528,0.387,0.065,0.04,0.04,0.058,0.065,0.047,0.161,0.329,0.498,0.671,0.274,0.633,0.957,0.204,0.254,0.254,0.292,0.897,0.442,0.391,0.289,0.314,0.369,0.26,0.342,0.413,0.265,0.146,0.166,0.128,0.359,0.135,0.226,0.936,0.33,0.228,0.056,0.271,0.201,0.474,0.284,0.476,0.382,0.237,0.397,0.417,0.342,0.386,0.256,0.073,0.465,0.134,0.111,0.277,0.837,0.608,0.105,0.116,0.28,0.187,0.227,0.36,0.14,0.335,0.425,0.345,0.279,0.266,0.277,0.201,0.494,0.281,0.202,0.25,0.356,0.78,0.13,0.081,0.346,0.069,0.188,0.276,0.018,0.052,0.098,0.187,0.057,0.085,0.054,0.145,0.225,0.145,0.519,0.017,0.073,0.074,0.992,0.848,0.225,0.137,0.111,0.192,0.169,0.046,0.167,0.204,0.048,0.606,0.374,0.271,0.226,0.17,0.754,0.104,0.158,0.273,0.421,0.942,0.278,0.383,0.209,0.326,0.207,0.065,0.315,0.164,0.075,0.211,0.658,0.452,0.337,0.555,0.176,0.305,0.228,0.237,0.214,0.123,0.921
1-212.txt_421,0.982,0.269,0.119,0.119,0.5,0.269,0.269,0.5,0.119,0.269,0.269,0.269,0.269,0.119,0.269,0.731,0.5,0.119,0.119,0.5,0.426,0.325,0.391,0.318,0.199,0.396,0.403,0.271,0.23,0.288,0.288,0.391,0.334,0.185,0.21,0.501,0.413,0.111,0.181,0.341,0.119,0.5,0.998,0.731,0.047,0.5,0.5,0.5,0.731,0.047,0.047,0.5,0.119,0.047,0.119,0.731,0.5,0.018,0.119,0.047,0.119,0.119,0.731,0.998,0.047,0.5,0.731,0.269,0.269,0.047,0.018,0.269,0.047,0.047,0.269,0.5,0.269,0.018,0.047,0.047,0.5,0.047,0.047,0.047,1,0.047,0.018,0.119,0.047,0.269,0.269,0.047,0.269,0.119,0.047,0.269,0.269,0.119,0.119,0.269,0.269,0.731,0.5,0.5,0.047,0.993,0.881,0.119,0.5,0.047,0.119,0.731,0.5,0.047,0.269,0.5,0.269,0.119,0.269,0.119,0.269,0.5,0.5,0.731,0.018,0.881,0.993,0.119,0.5,0.047,0.047,0.731,0.119,0.047,0.269,0.5,0.269,0.047,0.119,0.119,0.5,0.119,0.5,0.269,0.119,0.119,0.119,0.998,0.119,0.018,0.018,0.119,0.047,0.047,0.119,0.5,0.119,0.119,0.047,0.047,0.426,0.325,0.391,0.318,0.199,0.396,0.403,0.271,0.23,0.288,0.288,0.391,0.334,0.185,0.21,0.501,0.413,0.111,0.181,0.341,0.269,0.047,0.047,0.047,0.269,0.047,0.047,0.018,0.047,0.982,0.881,0.047,0.731,0.5,0.047,0.119,0.269,0.047,0.269,0.953,0.269,0.119,0.047,0.018,0.269,0.119,0.047,0.018,0.047,0.881,0.982,0.119,0.881,0.5,0.047,0.119,0.269,0.119,0.269,0.731,0.269,0.881,0.5,0.269,0.047,0.731,0.731,0.119,0.269,0.047,0.119,0.982,0.269,0.047,0.269,0.5,0.269,0.047,0.119,0.119,0.269,0.269,0.119,0.047,0.269,0.5,0.119,0.047,0.119,0.731,0.881,0.269,0.993,0.5,0.119,0.269,0.269,0.269,0.269,0.731,0.119,0.047,0.047,0.047,0.119,0.047,0.047,0.047,0.269,0.5,0.5,0.047,0.5,0.998,0.018,0.119,0.119,0.731,0.953,0.269,0.269,0.119,0.119,0.269,0.047,0.269,0.269,0.119,0.119,0.047,0.047,0.269,0.119,0.018,0.999,0.269,0.269,0.018,0.047,0.119,0.731,0.269,0.731,0.5,0.269,0.5,0.5,0.5,0.269,0.119,0.119,0.5,0.269,0.119,0.269,0.982,0.731,0.047,0.119,0.119,0.5,0.269,0.5,0.269,0.269,0.269,0.269,0.119,0.119,0.269,0.269,0.269,0.269,0.119,0.269,0.731,0.982,0.119,0.119,0.5,0.119,0.047,0.018,0.018,0.119,0.119,0.047,0.119,0.119,0.047,0.119,0.047,0.269,0.731,0.018,0.047,0.119,1,0.881,0.047,0.119,0.119,0.119,0.047,0.119,0.269,0.119,0.047,0.881,0.269,0.269,0.119,0.269,0.953,0.047,0.119,0.119,0.881,0.999,0.269,0.5,0.119,0.047,0.047,0.269,0.119,0.119,0.047,0.047,0.953,0.731,0.119,0.731,0.269,0.119,0.119,0.5,0.047,0.269,0.982
1-212.txt_423,0.982,0.269,0.119,0.119,0.5,0.269,0.269,0.5,0.119,0.269,0.269,0.269,0.269,0.119,0.269,0.731,0.5,0.047,0.119,0.5,0.269,0.993,0.5,0.119,0.047,0.731,0.5,0.119,0.5,0.047,0.119,0.881,0.269,0.047,0.119,0.269,0.269,0.047,0.119,0.047,0.119,0.5,0.998,0.731,0.047,0.5,0.5,0.5,0.731,0.047,0.047,0.5,0.119,0.047,0.119,0.731,0.5,0.018,0.119,0.047,0.119,0.119,0.731,0.998,0.047,0.5,0.881,0.269,0.269,0.047,0.018,0.269,0.047,0.047,0.269,0.5,0.269,0.018,0.047,0.047,0.5,0.047,0.047,0.047,1,0.047,0.018,0.119,0.047,0.269,0.269,0.047,0.269,0.119,0.047,0.269,0.269,0.119,0.119,0.269,0.269,0.731,0.5,0.5,0.047,0.993,0.881,0.119,0.5,0.047,0.119,0.731,0.5,0.047,0.269,0.5,0.269,0.119,0.269,0.119,0.269,0.5,0.5,0.881,0.018,0.881,0.993,0.119,0.5,0.047,0.047,0.731,0.119,0.047,0.269,0.5,0.269,0.047,0.119,0.119,0.5,0.119,0.5,0.269,0.119,0.119,0.119,0.998,0.119,0.018,0.018,0.119,0.047,0.047,0.119,0.5,0.119,0.119,0.047,0.047,0.119,0.5,0.731,0.269,0.047,0.5,0.5,0.119,1,0.047,0.047,0.269,0.119,0.269,0.119,0.269,0.119,0.119,0.881,0.047,0.269,0.047,0.047,0.047,0.269,0.047,0.047,0.018,0.047,0.982,0.881,0.047,0.731,0.5,0.047,0.119,0.269,0.047,0.269,0.953,0.269,0.119,0.047,0.018,0.269,0.119,0.047,0.018,0.047,0.881,0.982,0.119,0.881,0.5,0.047,0.119,0.269,0.119,0.269,0.731,0.269,0.881,0.5,0.269,0.047,0.731,0.731,0.119,0.269,0.047,0.119,0.982,0.269,0.047,0.269,0.5,0.269,0.047,0.119,0.119,0.269,0.269,0.119,0.047,0.269,0.5,0.119,0.047,0.119,0.731,0.881,0.269,0.993,0.5,0.119,0.269,0.269,0.269,0.269,0.731,0.119,0.047,0.047,0.047,0.119,0.047,0.047,0.047,0.269,0.5,0.5,0.047,0.5,0.998,0.018,0.119,0.119,0.731,0.953,0.269,0.269,0.119,0.119,0.269,0.047,0.269,0.269,0.119,0.119,0.047,0.047,0.269,0.119,0.018,0.999,0.269,0.269,0.018,0.047,0.119,0.731,0.269,0.731,0.5,0.269,0.5,0.5,0.5,0.269,0.119,0.119,0.5,0.269,0.119,0.269,0.982,0.731,0.047,0.119,0.119,0.5,0.269,0.5,0.269,0.269,0.269,0.269,0.119,0.119,0.269,0.269,0.269,0.269,0.119,0.269,0.731,0.993,0.119,0.119,0.5,0.047,0.047,0.018,0.018,0.119,0.119,0.047,0.119,0.119,0.047,0.119,0.047,0.269,0.731,0.018,0.047,0.119,1,0.881,0.047,0.119,0.119,0.119,0.047,0.119,0.269,0.119,0.047,0.881,0.269,0.269,0.119,0.269,0.953,0.047,0.119,0.119,0.881,0.999,0.269,0.5,0.047,0.047,0.047,0.269,0.119,0.119,0.047,0.047,0.953,0.731,0.119,0.731,0.269,0.119,0.119,0.5,0.047,0.269,0.982
