#name,V1,V2,V3,V4,V5,V6,V7,V8,V9,V10,V11,V12,V13,V14,V15,V16,V17,V18,V19,V20,V21,V22,V23,V24,V25,V26,V27,V28,V29,V30,V31,V32,V33,V34,V35,V36,V37,V38,V39,V40,V41,V42,V43,V44,V45,V46,V47,V48,V49,V50,V51,V52,V53,V54,V55,V56,V57,V58,V59,V60,V61,V62,V63,V64,V65,V66,V67,V68,V69,V70,V71,V72,V73,V74,V75,V76,V77,V78,V79,V80,V81,V82,V83,V84,V85,V86,V87,V88,V89,V90,V91,V92,V93,V94,V95,V96,V97,V98,V99,V100,V101,V102,V103,V104,V105,V106,V107,V108,V109,V110,V111,V112,V113,V114,V115,V116,V117,V118,V119,V120,V121,V122,V123,V124,V125,V126,V127,V128,V129,V130,V131,V132,V133,V134,V135,V136,V137,V138,V139,V140,V141,V142,V143,V144,V145,V146,V147,V148,V149,V150,V151,V152,V153,V154,V155,V156,V157,V158,V159,V160,V161,V162,V163,V164,V165,V166,V167,V168,V169,V170,V171,V172,V173,V174,V175,V176,V177,V178,V179,V180,V181,V182,V183,V184,V185,V186,V187,V188,V189,V190,V191,V192,V193,V194,V195,V196,V197,V198,V199,V200,V201,V202,V203,V204,V205,V206,V207,V208,V209,V210,V211,V212,V213,V214,V215,V216,V217,V218,V219,V220,V221,V222,V223,V224,V225,V226,V227,V228,V229,V230,V231,V232,V233,V234,V235,V236,V237,V238,V239,V240,V241,V242,V243,V244,V245,V246,V247,V248,V249,V250,V251,V252,V253,V254,V255,V256,V257,V258,V259,V260,V261,V262,V263,V264,V265,V266,V267,V268,V269,V270,V271,V272,V273,V274,V275,V276,V277,V278,V279,V280,V281,V282,V283,V284,V285,V286,V287,V288,V289,V290,V291,V292,V293,V294,V295,V296,V297,V298,V299,V300,V301,V302,V303,V304,V305,V306,V307,V308,V309,V310,V311,V312,V313,V314,V315,V316,V317,V318,V319,V320,V321,V322,V323,V324,V325,V326,V327,V328,V329,V330,V331,V332,V333,V334,V335,V336,V337,V338,V339,V340,V341,V342,V343,V344,V345,V346,V347,V348,V349,V350,V351,V352,V353,V354,V355,V356,V357,V358,V359,V360,V361,V362,V363,V364,V365,V366,V367,V368,V369,V370,V371,V372,V373,V374,V375,V376,V377,V378,V379,V380,V381,V382,V383,V384,V385,V386,V387,V388,V389,V390,V391,V392,V393,V394,V395,V396,V397,V398,V399,V400
positive42-2.txt_sp|Q6UWW0|LCN15_HUMAN,1.5792,1.1148,0.8033,1.3825,3.6393,1.3388,0.3607,2.4645,1.8251,2.0656,1.9016,0.9071,1.5956,1.4536,2.9071,0.9891,0.5519,3.1038,0.694,1.6448,1.1311,1.8033,3.1421,2.7432,4.1475,0.9672,1.6011,3.459,1.4645,1,0.3333,1.1475,0.8361,1.2678,2.9727,0.8962,0.8251,4.1749,0.9727,0.4044,0.7486,1.6667,2.7104,2.6557,3.9781,1.2568,1.1475,3.7705,1.8361,1.5683,0.6393,1.1585,1.1093,2.2077,2.8361,0.8852,0.3005,4.0984,2.0109,0.3552,1.1257,2.4645,3.8798,3.9399,3.8689,2.4317,2.5082,4.1202,2.5355,0.776,0.224,2.4098,0.6503,1.8689,5.0164,1.5792,0.4372,4.9508,1.3443,-0.0656,4.6393,3.3388,2.9672,3.776,10.8689,2.6284,1.4372,6.5956,3.3825,5.7596,5.4809,1.6011,5.0055,5.8306,7.1475,3.6175,2.082,10.3825,5.4153,4.4754,0.9672,1.3388,2.0164,2.3552,2.9344,1.0383,1.5847,2.7104,1.5301,0.8415,-0.0546,1.2896,0.5628,0.9016,2.459,0.3716,0.082,3.6776,0.8525,-0.0765,0.3825,1.1311,2.6339,2.2404,1.8579,0.9945,1.4098,2.4536,1.4645,0.3661,-0.2896,1.6776,0.0601,0.776,1.5246,0.3388,-0.3115,2.8689,0.694,-0.5519,1.9126,3.4372,2.6011,3.7814,6.306,2.6011,2.0219,5.1639,3.7596,2.6448,2.2295,3.0164,2.5464,2.4809,5.5792,1.7268,1.1913,6.5738,1.4481,1.6721,1.2896,1.8634,1.7869,1.1475,5.3661,0.5137,0.224,3.2951,2.8907,2.3825,1.9235,0.7814,2.2568,3.4481,2.9126,0.8689,0.8525,5.5847,4.0383,1.1694,2.2459,1.1038,1.153,1.2787,5.1475,1.2514,0.4098,2.1749,1.7923,2.5082,2.9836,0.5847,2.6503,3.0546,3.6667,1.9399,1.2295,3.9836,2.6995,2.3716,2.0273,1.071,0.9071,1.3934,4.7596,1.0055,0.4863,2.5301,1.7377,1.9071,2.2514,0.5137,2.1639,2.1639,2.6776,2.0546,1.623,3.2951,2.1148,1.7923,0.4426,1.1913,2.3333,2.4317,1.8197,0.7322,1.1475,2.8306,1.082,0.306,-0.4699,0.9016,-0.1639,0.9508,1.4098,0.3716,0.0546,2.9126,0.8798,-0.5355,2.4153,1.0383,0.9235,1.1202,5.2951,0.8251,0.7978,2.3279,1.1803,2.3333,1.8852,0.8634,2.7268,1.8798,3.1858,1.5301,1.7268,3.3443,1.623,2.2077,1.9016,2.2022,1.0328,1.2295,6.082,1.1475,0.1257,2.3934,2.6776,3.7432,3.3552,0.7869,3.2186,3.5082,3.0984,2.377,2.4153,6.3169,4.3443,2.9727,2.7923,3.8852,4.1257,6.0929,6.1257,4.1585,4.0383,6.4317,3.6667,1.4863,0.7596,2.776,1.5628,1.388,6.847,2.9508,2.0164,5.8852,1.694,0.8306,1.1967,1.1694,1.6885,2.0273,3.0328,0.9727,0.6448,2.612,1.2568,1.3224,1.3005,0.8361,1.1311,0.9891,3.1257,0.5464,-0.2951,2.918,0.8306,0.7978,0.7158,0.4699,0.9617,0.7049,2.6885,0.2404,-0.0437,0.9781,0.8798,1.3388,1.4153,0.0492,1.4098,1.3497,2.071,-0.1858,-0.2459,1.9016,0.7432,1.2077,3.5956,3.8579,3.7486,3.9016,10.5137,2.5464,1.9727,6.0055,4.7978,5.2842,4.2186,2.7814,3.9508,5.9454,6.6448,3.1967,1.9945,11.0164,6.3279,3.9727,2.2131,2.1858,2.0109,1.7978,5.2623,0.5027,0.9945,3.2896,2.459,3.3443,2.7268,1.1038,2.5137,2.9071,2.776,2.0765,1.8361,5.6448,3.7869,2.3279,1.6011,0.6557,0.2295,0.5519,3.8852,0.4645,-0.4153,1.1967,1.1366,1.6503,2.541,0.0328,2.2295,2.2787,2.5738,1.2022,0.623,3.0219,2.1311,1.7814
positive42-2.txt_gi|8134622|sp|O97921.1|PTGDS_HORSE,1.7772,1.2591,0.4041,0.9585,3.7927,1.171,0.2642,2.4456,1.5285,1.5596,1.544,0.8187,1.5699,1.1295,2.4663,1.4767,1.3212,2.4715,0.7565,1.6218,0.9171,1.6684,2.7254,2.8187,4.0363,1.1192,1.6995,2.9741,2.0363,0.9067,0.3938,1.2021,0.7565,1.057,3.2073,0.7513,0.5285,3.2539,1.2902,0.3782,0.5285,1.658,2.3886,2.8705,3.5803,1.5699,1.3161,3.7098,2.2642,1.6269,0.7047,1.6269,1.5285,1.5181,3.1917,1.0104,0.0518,2.8497,1.9067,0.4508,0.9534,2.2383,3.3005,3.7358,4.0777,2.114,2.1813,3.5544,2.1399,1.3523,0.5648,2.5337,1.6736,1.5907,4.6632,1.2539,0.4249,3.3886,1.6684,0.4508,3.6528,3.3627,2.9689,3.7047,10.0622,2.7927,1.4301,6.3782,4.3886,5,4.6425,1.5959,4.9948,5.3834,6.1244,3.6218,2.3886,9.8187,5.4715,3.9534,1.0104,1.3109,2.2073,2.4611,3.0622,1.0984,1.7927,2.2642,1.4404,0.7668,-0.4508,1.2435,0.3472,0.4197,2.9171,0.5233,-0.0829,2.3886,1.0052,0.0674,0.0725,1.3575,2.5596,2.658,1.6736,1.3627,1.6839,1.6062,1.4922,0.2124,-0.4922,2.2383,0.6269,0.513,1.9016,0.0518,-0.4611,1.7617,0.7306,-0.4922,1.8756,3.8187,2.4301,3.5596,6.9171,2.5337,1.7513,5.0829,3.544,2.5285,2.0674,2.9845,2.3938,3.0777,5.4663,2.3005,1.2694,6.1606,2.2902,1.8964,1.2435,1.9275,2.2383,1.8808,4.9223,0.487,0.6943,3.3627,2.4767,1.9948,1.772,1.4974,2.2591,2.2124,3.7876,1.0622,0.6373,5.1088,3.5389,1.658,2.0155,1.1399,1.4974,1.5699,3.9585,1.2591,0.7202,2.5699,2.3679,2.0518,2.1606,0.399,1.544,2.6321,3.1295,2.0829,0.9119,3.7565,2.7772,1.9378,1.6632,0.9534,1.0933,1.3472,3.7254,0.9948,0.5648,2.544,2.0052,1.6114,1.8083,0.1295,1.3523,1.7668,2.0881,1.8705,1.0415,3.2798,1.5855,1.2642,0.4145,1.1865,1.9585,2.3057,1.9741,0.6321,1.171,2.0674,1.0829,0.7876,-0.1658,0.8705,0.1969,1.0052,1.7668,0.2073,0.0674,2.6528,1.4611,-0.2176,2.1658,0.7306,0.5751,1.1036,4.1503,0.8238,0.8497,2.9689,1.4352,1.715,1.2591,0.513,1.1088,1.5181,3.2073,1.399,0.7876,4.0466,1.8394,1.5492,1.6943,1.8342,1.5492,1.6995,5.4456,0.9378,-0.5699,2.658,2.9689,2.9378,2.9845,0.6839,2.7824,3.2694,2.8964,2.5181,1.4456,6.2176,4.3057,2.7461,2.6839,3.4508,3.772,5.2798,5.5544,3.4663,3.4352,5.5181,3.6632,1.3109,0.6943,2.3161,1.3005,1.3472,6.3627,2.8808,1.456,6.1451,1.9689,0.658,1.285,1.5699,1.6632,2.1813,3.1503,1.2124,0.7617,2.5389,1.6321,1.1192,0.7876,1.1762,1.3575,1.0207,3.0725,1.1192,0.3109,2.8187,1.1762,0.7461,0.6477,0.1554,0.7306,0.5959,2.6425,0.2591,-0.1969,0.4819,0.8342,1.1244,1.4404,0.0984,1.1865,1.2694,1.7927,0.0674,-0.3109,2.2383,1.2176,0.8601,3.0259,3.6425,3.4301,3.456,8.6684,2.4508,1.2746,5.6736,5.0466,4.4352,3.7409,2.3264,4.4715,5.8187,5.7254,3.171,1.5285,9.0259,6.114,3.7047,2.0259,1.9119,2.6632,2.3264,4.5803,0.7202,0.5959,3.7358,2.9326,2.9378,2.4715,0.9223,2.7202,3.2124,2.7254,2.4767,1.5337,5.3264,3.8705,2.6477,1.5699,0.715,0.4404,0.4041,3.3834,0.5803,0.0933,1.5648,1.2124,1.7617,2.1865,0.0725,1.7098,2.3575,1.9275,1.3472,0.8083,3.513,2.2746,1.772
positive42-2.txt_gi|121957959|sp|Q3SZR3.1|A1AG_BOVIN,0.99,0.9851,1.1741,1.3284,2.5373,0.4378,0.1891,1.9851,1.3781,1.4577,1.199,0.2488,1.1542,1.6169,1.8557,0.6915,0.6517,2.2388,1.0995,1.1891,1.0348,1.6119,1.801,1.9701,2.9801,1.5224,1.6866,2.7562,2.0348,0.2488,0.1692,2.0249,0.403,0.2637,2.2886,0.6667,0.3383,2.3333,0.6766,0.1692,1.2587,1.2289,1.1393,1.4826,3.0199,0.9502,0.8756,2.7065,1.8756,1.1244,0.8955,1.204,0.5721,1.4975,3.0846,0.8209,0.5622,3.3234,1.0697,0.8657,1.1194,1.7711,0.8856,1.1095,2.7164,1.0945,1.3582,2.2886,1.7711,0.8458,0.9154,1.6368,0.5224,0.7114,2.7612,0.6169,0.7264,3.5871,0.9701,0.8209,2.7164,2.5224,2.6368,2.3632,6.4876,0.9303,0.597,5.597,2.7562,4.0299,3.5473,0.8308,3.3582,4.5771,4.6517,2.0896,2.0299,6.1194,3.5124,3.9254,0.6716,1.2388,1.2935,1.5821,1.7761,1.3483,1.6418,1.4478,1.5423,-0.0398,-0.0149,1.5672,0.204,-0.7015,1.3781,0.4328,0.3234,0.9552,-0.2289,-0.3333,0.4726,0.7512,1.0796,1.005,1.3781,1.0498,1.2687,1.0149,1.4378,-0.2239,-0.4577,1.0597,-0.3483,-0.5174,1.5075,0.2935,0.3532,1.1294,0.2388,-0.2289,2.2239,2.398,2.2239,2.7015,5.2935,1.5821,1.5323,4.8109,2.6965,3.1194,2.3731,1.5473,2.4726,3.2736,4.2687,1.5274,1.5572,5.597,2.5672,2.7363,1.5075,1.2886,1.2189,1.2388,3.6866,0.6219,0.5323,2.6169,1.7164,1.8557,1.9055,0.7662,1.5522,2,2.4975,0.6766,0.9502,3.6468,1.602,1.6766,1.1741,1.2786,1.3532,0.9652,3.2935,0.4129,-0.4826,2.9055,1.1045,2.3134,2.3333,-0.1045,1.8607,2.8259,2.6269,1.2139,1.1642,2.9751,2.2537,2.3085,1.3035,1.4179,1.4577,0.9552,3.4577,0.1841,-0.1592,2.8209,1.2736,1.8905,2.1642,0.2438,1.6716,2.0547,2.204,1.5124,1.1542,2.6169,1.8358,1.9104,0.4279,1.0547,1.0647,1.607,1.806,1.4925,1.5423,1.3831,1.4826,-0.2488,-0.607,1.6567,-0.194,-0.7214,1.3831,0.2189,0.1393,1.403,-0.0249,-0.3234,1.3831,0.9701,1.0597,0.7512,2.8507,0.2935,-0.0597,2.2836,1.1791,1.8607,1.8109,0.005,1.3781,1.8756,2.2438,1.1891,0.9353,2.2736,1.6119,1.8209,1.3284,1.592,2.0597,0.9104,3.8259,0.592,-0.3632,3.0199,1.7463,2.194,2.5871,0.0647,2.0846,4.0647,2.3532,1.7164,1.3582,4.597,4.0348,2.5224,1.8507,2.204,2.3632,2.7463,4.4328,1.6219,1.99,4.199,2.3483,2.3781,2.2736,1.5174,2.0995,1.9701,3.6915,1.1741,1.005,4.607,1.7662,1.9204,0.8109,0.7711,0.8507,1.0597,1.8657,0.5572,0.3881,1.7214,1.3532,1.1891,1,0.5124,1.0498,1.0945,2.0697,0.3632,0.3831,2.3433,0.8458,0.791,0.5423,0.9652,0.9701,0.9851,1.8109,0.2935,-0.0249,1.8109,1.1095,1.2338,0.6766,0.6716,0.7861,0.6965,1.8856,0.3532,0.3731,1.3781,0.7861,0.6617,2.5522,2.4876,2.791,2.1095,6.4229,0.8557,0.1542,5.5373,2.9154,3.9055,3.7363,1.2289,2.9751,4.9104,4.209,1.9552,1.9602,6.4527,4.3134,3.5075,1.4279,1.7164,1.9353,1.2139,3.5572,0.7313,0.0199,2.7612,1.7811,2.0597,2.1443,0.5473,1.8806,3.2438,1.995,1.2388,1.0348,3.8657,2.796,2.0796,1.1144,1.1194,1.4229,1.2239,2.9403,0.403,-0.1692,2.7811,1.2139,1.7065,1.8905,0.0647,1.4577,2.3682,2.1493,1.1294,0.791,2.6816,2.0299,1.6219
positive42-2.txt_BAG12758.1|,1.4112,1.066,0.6294,1.4772,3.2081,1.1675,1.2386,2.2843,1.2538,1.0152,1.4924,1.3299,0.9645,0.6599,2.0457,0.5533,0.1675,1.599,0.4721,1.0406,0.6853,1.8071,2.0406,2.3604,4.0863,1.0711,1.3401,2.7005,2.5584,2.2437,1.7208,1.736,2.0102,2.8782,3.1015,0.6244,1.2944,4.8122,2.3553,1.5178,0.1015,1.9391,1.7462,1.7462,3.1421,0.9442,0.9188,2.2944,1.7817,1.7157,1.0964,1.3553,1.3858,1.8071,2.2183,0.2843,0.3198,3.3655,1.8122,0.8629,0.8782,2.8629,2.9492,2.9137,4.0152,1.5787,1.3655,3.2335,3.2284,1.7817,0.802,1.2843,1.797,2.9543,3.8528,0.6904,0.7005,4.5584,2.2081,0.7563,3.2893,4.4619,2.4924,3.9797,8.0863,3.5482,2.6244,5.3909,4.8782,3.802,3.6244,2.868,3.4772,3.7056,6.4772,2.2741,0.8629,8.2944,3.0558,3.2944,0.9137,1.2944,1.4162,1.6751,3.6701,0.9036,1.0152,2.2944,2.0051,1.665,0.8629,0.934,1.736,2,2.9492,0.2437,0.4924,2.9289,2.0152,1.2487,0.7157,1.4365,2.0558,2.0863,2.9848,0.6497,0.9695,2.2487,1.4772,1.3655,0.8173,0.9391,1.5431,2.3198,2.6193,0.3655,0.5228,2.2843,1.4873,0.5584,2.2081,3.8579,2.0203,2.2081,6.0761,2.198,1.6193,4.6954,3.6701,2.3046,2.9086,2.7919,2.5076,2.6193,3.9442,1.2437,0.9492,5.1218,2.2487,1.7107,1.264,3.0812,2.335,3.0355,5.5279,1.8629,2.1523,3.5635,3.6802,3.1218,2.3604,1.6091,2.7563,3.3655,3.9239,1.4569,1.6142,6.1777,3.1472,2.1624,1.5431,1.6142,0.6853,1.599,3.7868,1.7259,1.3249,2.6142,2.8832,2.9036,3.3604,1.2944,3.203,2.2944,2.3503,0.9543,0.9442,4.198,1.4873,2.269,1.5635,1.8883,1.2335,2.3452,3.4213,1.9239,1.5888,3.2183,2.6244,2.3756,2.9188,1.3604,2.2183,1.8731,2.2437,1.1066,0.6599,3.7817,1.2234,1.4822,0.0102,1.0305,1.599,1.3299,2.9137,0.4975,0.6244,1.8173,1.3299,1.6447,1.1827,1.0051,1.9848,2.5482,1.5279,0.3807,0.7107,3.0761,2.0508,0.8071,1.2335,1.6751,1.7665,2.2538,3.7107,1.7513,1.8173,2.8274,2.9645,2.335,1.8731,1.7614,2.5939,0.9086,2.7766,1.5228,1.0914,3.0914,0.8731,1.7208,2.4467,2.1168,0.9492,2.269,3.7513,2.0761,1.5431,3.3249,3.4061,2.8122,3,0.8376,2.3553,1.7513,2.2792,1.8477,0.797,5.3807,0.7513,1.6904,1.5228,2.4061,3.8122,4.8426,6.0914,2.9543,3.1675,4.2437,3.9289,1.3655,1.0254,1.3909,2.0355,1.4315,5.1117,1.9086,1.2284,4.6142,1.9137,1.4721,0.1574,1.1218,1.0508,0.8782,2.5076,0.736,0.4264,1.3756,1.2183,0.8426,0.5533,0.4924,0.6447,0.7817,2.0406,0.1218,0.3503,2.1675,1.0305,0.5482,-0.0558,0.9746,0.2741,1.0051,1.6802,0.4619,0.5939,0.802,0.5685,0.6701,0.8832,0.5888,1.0914,0.467,0.9289,0.0203,0.269,1.4822,0.6701,0.5431,2.4416,3.9797,2.8528,4.3706,8.3147,3.0305,2.736,5.0863,5.9746,5.1472,4.4365,2.264,4.0508,4.9543,5.2792,1.665,0.802,10.3046,4.264,3.5431,1.6294,1.2944,0.8934,2.1218,3.8325,1.4416,1.2944,2.5279,3.731,2.6396,2.1117,0.7107,1.8579,1.7766,2.2893,2.0812,0.802,4.1675,1.0812,1.2487,1.2081,0.9848,0.0711,1.2132,2.4162,1.5178,1.1624,1.5127,1.6751,1.7259,2.2843,0.8325,2.1675,0.7563,1.6396,0.4873,0.5127,3.066,0.868,1.7614
positive42-2.txt_BAB51309.1|,0.8571,1.6758,1.2637,1.5,2.6374,1.0989,1.2912,2.2198,1.4396,1.511,1.4066,1.4725,1.6593,0.9286,2.3791,0.5714,0.7253,2.2692,0.6209,0.7143,0.6099,1.2857,1.2473,1.5495,3.7912,1.8187,1.4286,2.0495,2.0385,2.4176,2.3901,0.8571,2.8956,2.7527,2.2253,0.4945,0.8242,3.7253,2.2527,1.3077,0.1923,1.0824,0.1593,0.2582,1.967,0.7692,0.3901,2.2363,1.0769,1.6538,1.6593,0.8022,1.7088,2.6429,1.456,-0.1593,-0.6593,2.3626,2.3187,0.3132,0.7143,2.3352,1.6593,1.8846,2.3681,1.533,1.4451,2.3956,2.9176,1.2802,1.5989,1.5495,1.8462,2.2692,3.2088,0.9066,0.6703,3.2308,2.3626,0.478,2.8736,3.2582,1.967,4.0714,5.4011,2.533,2.6044,4.967,4.3956,4.033,3.9615,2.4451,3.1538,3.2527,3.8297,1.978,1.8352,5.2637,1.8462,3.5989,0.9176,0.7527,1.1648,0.6648,2.7637,0.967,0.7473,1.7747,1.9835,1.5549,1.544,0.5934,1.7363,2.2088,2.1099,0.5659,0.5165,2.7418,2.5055,1.4945,0.9451,1.7088,1.4451,1.6429,2.1593,1.1703,0.9286,2.1758,1.8571,1.478,1.6813,1.2473,1.6923,2.1209,2.1429,0.3516,0.7418,2.4451,2.2912,0.9725,1.6868,3.1923,1.533,1.7308,5.0659,1.6319,1.6648,4.2527,3.1703,2.6593,3.0769,2.1319,3.3736,2.8077,4.0495,1.3407,1.3462,5.5934,2.7802,2.1319,1.9835,2.2143,1.5934,1.2637,3.967,1.7253,1.3516,3.5714,2.511,2.2692,2.6758,1.3187,2.6923,2.7198,2.7527,1.6154,1.1209,4.7637,2.1978,1.8352,2.3462,1.3901,1.2418,2.544,4.1538,1.7418,1.967,2.3297,2.3077,2.5824,2.522,1.0714,1.6758,2.4286,2.6593,1.489,1.5659,3.478,1.033,2.5385,2.0769,1.9231,1.5659,3.1978,3.7473,1.7582,2.0385,3.2308,2.1099,2.1319,2.044,1.489,1.6813,1.5385,2.7418,1.8681,1.3022,3.3681,0.7253,1.8187,0.2253,1.2473,1.1429,0.6538,2.4121,1.3022,0.8846,1.1923,1.467,1.3901,1.6429,0.9725,1.9176,2.0769,1.478,0.1099,0.6044,1.7527,1.9286,0.6154,1.8407,1.2198,1.1813,2.3571,4.1319,1.5934,1.9066,2.989,2.544,2.1923,2.2143,1.1868,1.6923,1.8132,3.1154,1.478,1.489,3.3132,0.9066,1.9341,2.2363,1.0659,0.6593,2.0934,3.8297,1.8407,1.9615,3.0824,1.9725,2.6264,2.6484,0.8736,1.9396,1.9286,2.4505,2.0385,1.5824,4.1154,0.3626,2.5934,2.4505,2.5989,2.7692,3.2802,3.4011,2.6868,2.9725,4.4725,4.5055,1.3736,1.7857,1.7692,2.3846,1.7418,5.1044,1.7857,1.2143,3.8736,2.0714,1.4176,0.544,1.1813,1.0659,0.5,1.9011,0.5824,0.2527,1.1868,0.9341,1.011,1.0165,0.5879,1.4176,1.0385,2.0769,0.1593,0.1319,1.6374,0.7637,0.4945,0.7253,0.9945,0.6484,1.0549,1.7912,0.4615,0.8352,1.4176,0.4176,1.0824,0.6319,0.7967,0.3901,0.6923,2.0165,0.0495,0.0659,1.7253,0.4011,0.5275,3.3681,1.9396,1.2473,2.2582,6.3901,2.0385,2.0165,4.1758,3.511,5.2857,4.3352,0.533,3.8626,4.3626,3.8242,1.3626,1.3626,6.5659,2.9835,4.4615,1.8022,0.7857,1.0549,1.4451,3.5769,1.4505,1.9505,2.4341,1.478,1.8462,1.7527,0.1813,1.533,1.3187,1.5824,1.9066,0.7033,2.8681,0.1868,1.5385,1.7088,1.1758,1.0549,2.1044,3.0549,1.456,1.4615,1.7802,1.3791,2,1.6154,1.1374,1.4286,1.2088,2.3516,1.1813,1.2473,2.7088,0.2692,1.9286
positive42-2.txt_NP_644257.1|,0.9402,1.7663,0.7717,1.212,2.7935,0.962,0.9239,2.5109,1.375,1.3315,1.3478,1.4076,1.5707,1.0598,2.125,0.5054,0.5815,2.2228,0.2663,0.9783,1.1957,1.7663,1.7446,1.7446,4.1739,0.962,1.0761,2.9674,2.4076,2.1087,2.288,1.2391,2.25,3.1359,1.9239,0.7826,0.913,4.2663,2.1196,1.3261,0.5924,1.625,0.6413,0.9837,2.875,0.6793,0.5815,2.0217,1.087,1.7717,1.6467,0.9402,1.913,2.2935,1.2989,-0.2446,-0.6793,3.0598,1.913,1.2011,0.9402,2.3152,2.1141,1.9946,2.8913,1.4076,1.2935,2.712,2.4837,1.837,1.5978,1.6685,2.0054,2.788,1.8804,0.2609,0.1467,3.8641,2.3587,1.125,2.6087,3.5,2.375,4.0054,7.0978,2.5652,3.0761,5.9293,3.6467,4.837,4.2554,2.538,4.1033,3.2989,5.3967,1.7935,1.8152,6.1304,2.3641,3.3152,1.4891,1.2065,1.6359,1.087,2.7011,0.9511,0.6957,2.4783,1.2826,1.212,1.1033,0.837,1.3315,1.2989,2.0217,0.7446,0.3804,2.1848,1.375,1.1793,1.2554,1.3804,1.875,1.9565,2.4674,1.163,1.4674,2.4457,1.2717,1.3696,1.0652,1.3152,1.2826,1.9185,1.4511,0.462,0.3315,2.5652,1.587,1.0435,1.6141,4.6304,1.9946,2.3043,5.9565,1.7337,1.7717,4.7391,3.3424,3.3641,3.3478,2.9783,3.6467,3.5,4.1739,0.6087,0.5652,5.875,2.4783,2.5761,1.8913,1.7989,0.7446,0.9402,4.5924,0.8967,1.0054,3.3913,2.0489,3.0543,2.6576,1.0163,2.5054,2.5815,3.1685,1.4891,0.6522,4.9837,2.5217,2.3587,1.9511,1.962,2.0217,2.9293,3.788,1.8152,2.2554,3.1141,2.6033,3.2228,2.8207,1.6793,2.0761,2.4293,2.4076,1.6033,1.1522,4.0217,1.6196,2.5163,1.5924,2.3533,1.8207,2.5543,3.6576,1.8261,1.962,3.5707,2.288,2.3261,2.1739,1.5326,2.0543,1.7826,2.9891,1.7609,0.9457,3.9239,1.337,1.913,0.6848,0.8804,1.3859,1.3207,3.2609,0.1141,0.5109,1.5598,1.3859,1.5707,1.8478,0.75,1.5707,2.5435,0.9457,0.0598,0.1196,2.5326,1.7554,1.0815,2.0815,1.6141,1.2989,2.1196,4.0652,1.4674,2.4185,3.1196,2.288,2.3967,2.1413,1.2935,1.8859,1.6304,2.5598,1.8478,1.4348,3.1033,1.0109,2.1141,1.6902,1.5272,1.0707,2.462,3.587,1.6848,1.9076,3.2174,2.1848,3.1413,3.3261,1.0652,1.9457,2.4239,2.2989,2.1739,1.6141,4.1196,1.587,2.4402,2.1196,2.3152,2.8098,2.8315,4.1304,1.9783,2.2337,4.75,3.7609,1.8913,2.5707,1.2065,1.9022,2.2446,4.4565,1.5054,0.837,4.3967,1.7772,2.1413,0.75,1.3098,0.7935,0.8098,2.1793,0.3859,0.125,2.1359,0.3098,0.7663,0.7337,0.6685,1.1902,0.6957,1.9891,0.038,0.0707,1.5489,0.1522,0.4837,0.7391,0.8261,0.1848,1.25,0.9565,0.4076,0.6957,1.413,0.1087,0.712,0.4674,0.462,0.4402,0.587,1.0707,-0.1467,-0.6739,1.3315,0.2772,0.663,2.6413,2.6685,2.4565,2.5815,6.8261,2.087,1.8967,4.9348,4.0326,5.5924,4.6739,1.4293,3.5924,4.3587,3.3913,1.9674,0.7663,7.6902,3.8804,4.6141,1.7935,0.962,0.4402,1.1359,3.9348,1.0272,1.0815,2.2772,1.8913,2.5978,2.4565,0.3696,1.5163,1.8641,1.7446,2.1467,0.8587,3.5761,1.8424,2.1359,1.4022,1.4293,1.3098,1.75,2.788,1.7011,1.6196,2.5217,1.788,2.1739,1.9565,1.4674,1.7174,1.4565,2.5598,1.3098,0.8533,3.337,0.8859,1.9891
positive42-2.txt_ZP_01913758.1|,0.9454,1.5246,0.8634,0.9126,2.623,0.6448,0.8415,2.0164,1.0656,1.2022,1.3005,1.0601,1.0109,0.9836,1.7541,0.4208,0.7923,1.8579,0.5137,0.8634,1.0601,2.6721,1.8306,1.9945,4.0219,1.4918,1.5082,2.8798,3.1967,2.153,1.9399,1.1858,2.459,3.2732,2.8415,0.6776,0.3443,4.4372,1.8689,1.2732,-0.3607,2.0601,0.8798,0.9508,1.6393,0.6831,0.4699,2.2678,1.541,1.2459,0.6175,1.4317,1.6776,2.0164,1.7104,-0.4809,-0.2022,2.3279,2.2131,0.0492,0.5956,2.6612,2.2842,2.0984,3.5628,1.3169,1.4372,2.9016,3.1585,1.3497,0.9016,1.5847,2.0328,2.3716,3.5301,0.4153,0.8361,4.4208,3.1913,0.7869,2.7978,3.9727,1.765,3.5738,7.5956,3.1257,3.3716,5.071,4.1421,3.7377,4.0874,2.071,2.7486,3.4481,5.9836,1.7978,1.776,6.541,2.7158,2.9672,0.6557,1.9836,1.3825,0.9563,2.7213,1.1694,1.0656,2.5246,2.1913,1.6831,1.3716,1.153,2.0383,1.9454,1.9235,0.3443,0.4863,2.8634,1.612,1.1311,0.388,2.2459,1.6776,1.4918,2.2131,1.2186,1.2022,2.4044,2.235,1.7432,1.0164,1.5628,1.9891,2.2077,2.2896,0.1858,0.9071,3.1148,2.6667,0.7705,1.4044,3.9399,1.6831,2.5519,5.4699,1.9235,1.847,4.6995,3.7049,2.1858,2.847,2.623,2.6776,3.4536,3.8415,1.1475,1.4262,5.4426,2.4536,1.7486,1.612,3.1585,1.4481,1.6557,4.5082,1.8798,1.7541,3.612,3.4481,3.0055,2.6995,1.5246,2.7541,2.5902,3.4426,1.1148,1.0656,5.1585,1.9454,2.0546,1.9126,1.0273,1.1093,2.5792,3.388,1.8251,2.235,2.1858,2.1202,1.8962,2.4208,0.847,1.2568,1.6667,1.8251,1.7486,1.4918,3.235,0.4098,1.5246,1.6448,1.4754,1.2514,3.0601,3.4481,1.8689,2.2732,2.7486,2.1585,1.4372,2.0929,1.1202,0.8689,1.694,2.3497,1.8087,0.8743,3.5574,0.4317,1.1421,0.3224,1.5738,1.3005,1.1257,2.5137,1,0.776,1.5574,1.765,1.4973,1.224,1.0984,2.0164,2.3934,1.5191,0.0328,0.3169,2.3279,1.6175,0.5574,1.4536,1.6284,1.1038,2.5027,3.5464,1.6448,2.2951,2.4754,1.8197,1.5738,1.7541,1.4645,1.306,1.3989,2.1858,1.2842,0.8251,3.3224,0.3825,1.3443,2.1202,1.2896,0.8962,2.8579,4.1038,2.1366,2.3825,2.5902,2.7923,1.8907,2.1694,1.0328,1.3443,0.7978,2.8361,2.4426,1.3661,3.6066,-0.0437,1.3443,1.765,3.4754,2.8907,3.5628,4.3443,2.7322,3,4.7213,4.2514,1.3989,1.541,2,2.3716,2.1967,5.9399,1.7377,1.5628,5.0273,2.4098,1.1967,0.5574,1.5027,0.7814,0.8415,2.1749,-0.0383,0.1749,1.3825,0.7486,0.8306,0.6995,0.6721,0.9945,0.7596,2.2022,0.3169,0.306,1.4536,0.4809,0.6995,0.8689,0.9454,0.2459,1.2896,1.8907,0.7869,0.8798,1.2131,0.8415,0.7978,0.5246,0.9454,0.6721,0.8306,2.2131,0.377,0.1038,1.929,0.5137,0.9071,3.0437,3.224,1.7322,3.5027,6.5683,2.8743,2.9727,4.8798,5.4153,4.1858,3.5246,1.7869,3.0546,3.1694,4.7705,1.8907,1.4153,7.2295,2.6503,2.847,2.082,1.0492,0.8087,1.7432,3.2404,1.5191,1.7322,2.0273,2.7104,1.0437,1.1913,0.6393,1.153,0.2787,1.7486,2.1366,1.1639,2.9563,-0.1257,0.5464,1.1858,0.4645,0.4153,1.7486,2.5792,1.4153,1.4754,1.153,0.7814,1.5137,1.5792,0.4372,0.7705,0.8634,1.4044,1.1858,0.8689,2.4372,-0.1038,1.3224
positive42-2.txt_XP_001870653.1|,0.4093,1.0622,0.601,1.114,1.7098,0.7409,0.7824,1.1347,1.0415,0.6269,1.0311,0.7306,0.6995,0.7565,0.8964,0.3316,0.3575,1.8601,0.6218,0.456,0.5907,0.9948,1.3834,1.3886,2.4249,0.5026,0.6321,2.0829,1.5078,0.9845,1.1088,0.544,0.6114,1.6632,0.8653,0.3782,0.1347,2.7254,1.6788,0.8031,0.0984,-0.1088,-0.6736,-0.3834,1.8238,-0.3834,-0.658,0.943,0.513,1.1762,1.4145,-0.487,0.6684,2.9119,-0.0777,-0.3731,-0.6218,2.8549,2.3057,0.7306,0.6114,0.7409,0.2953,0.9534,2.601,0.2487,0.2435,2.3523,1.2746,1.6062,1.7358,0.1606,0.8912,2.5078,1.4922,0.1969,-0.1088,2.9119,1.8342,1.1658,1.7306,2.4404,1.057,2.487,4.0363,1.4508,1.4145,3.2383,2.2228,2.7461,2.4301,1.7979,2.0207,2.1813,3.3212,1.1554,0.9793,3.6269,1.3212,2,0.2694,0.3938,0.3368,0.487,1.2746,0.3212,0.3212,1.5285,1.0466,0.6995,0.6632,0.2124,0.3057,1.3368,0.2642,0.0207,-0.3005,1.6684,1.3938,0.4301,0.3938,0.4145,0.3886,0.4145,1.5751,0.1554,0.1969,1.7047,0.8653,1.0622,0.9119,0.2176,0.4301,1.3679,0.5078,0.1088,-0.0933,1.7617,1.4197,0.7979,1.0881,2.3005,1.5544,2.0984,3.7358,1.114,1.3834,3.2591,2.2953,1.8964,2.1813,1.3472,1.3834,2.5855,1.9534,0.8653,0.4715,3.6943,1.9171,1.544,0.8705,0.8653,0.2021,0.8187,3.0311,0.2332,0.4767,2.1295,1.4663,1.5285,1.6684,0.2798,0.8912,2.2487,0.9378,0.3109,-0.1503,3.3005,2.0777,1.3316,0.9016,1.7513,1.0259,2.4352,1.9119,1.4197,1.3679,1.9016,1.5803,1.544,1.2435,1.1762,1.1088,0.6373,2.6114,0.7358,0.9482,1.3575,0.0777,0.9689,1.0259,1.9845,1.0984,2.057,1.8756,1.2798,1.3212,2.0104,1.5648,1.4611,1.0674,1.2228,1.0104,0.8653,2.544,0.9845,1.0881,1.4041,0.1503,1.0777,0.1658,0.2953,0.4145,0.2383,1.5596,0.0363,0.0104,1.057,0.8912,1.0829,1.2694,0.0259,0.8187,1.6269,0.1451,-0.1088,-0.0466,2.0518,1.601,0.886,0.5389,1.3057,0.6632,1.4145,1.1451,0.8964,0.8446,1.3627,1.2228,0.9275,0.7772,0.7668,0.7306,0.6218,1.4197,0.5026,0.7202,0.8653,0.1036,0.6788,1.3627,1.7254,0.7409,2.0622,2.1762,1.0622,1.399,2.2694,1.8446,1.6788,1.2642,1.2228,0.9275,0.9793,2.0622,0.9067,0.7461,1.6995,0.5389,1.5233,1.4974,2.1762,1.7409,2.1606,2.715,1.6218,1.7461,2.7617,1.7565,0.7358,0.9948,1.7824,0.7254,0.7202,1.9948,1.2746,0.6062,2.2332,0.6891,0.9119,0.4093,0.5855,-0.057,0.2953,1.5544,0.2124,0.0881,0.7409,0.5026,0.342,0.7306,0.487,0.3938,0.8756,0.2798,0.0622,-0.1088,1.7254,0.8705,0.2902,0.0155,0.3938,-0.2953,0.4715,0.9948,0.4508,0.2021,0.2798,0.2021,0.1865,0.4041,0.2124,0.4819,0.3834,0.6632,-0.0259,-0.1244,1.2539,0.3161,0.0518,1.5699,2.1451,1.2902,2.2746,3.5699,0.943,1.4145,3.3575,2.5285,2.943,2.4249,1.0155,1.7927,2.7772,2.1036,0.8083,0.5285,3.4352,1.943,2.5026,0.6528,1.1554,0.4715,1.2953,1.6269,0.4301,1.0207,1.456,1.5389,1.2124,1.057,0.456,0.6528,1.3627,0.6218,0.5285,0.0622,1.943,1.2539,1.0933,0.5596,1.399,0.8497,1.8964,1.6425,1.1036,0.9585,1.4041,1.1917,1.3834,1.1192,0.9223,0.943,0.5699,1.9275,0.5648,0.8031,1.1917,0.0311,0.7772
positive42-2.txt_sp|P11590|MUP4_MOUSE,1.8983,1.5424,1.3559,1.4689,3.9661,1.3616,1.0056,2.6667,1.7966,1.4859,1.5198,1.2938,1.6723,1.5763,2.8023,1.3842,0.8588,2.9718,1.1469,1.3333,0.9209,2.0395,3.322,3.6045,4.2542,1.5932,2.0847,3.5876,2.2881,0.4746,-0.2712,1.7514,0.9322,0.5085,3.4463,1.113,1.2373,3.8983,1.3107,-0.1186,0.8531,2.661,3.4859,3.3842,4.113,1.7627,1.6384,4.4068,2.1864,1.4463,0.2655,1.7627,1.548,1.7514,3.7175,1.2599,0.8136,3.8588,2.0621,-0.0452,1.2768,3.0508,4.1977,4.2599,3.9435,2.5424,2.7006,4.5763,2.548,0.791,0.1525,2.7458,1.2203,1.565,4.7797,1.1186,0.8983,4.4633,1.565,-0.3107,4.7006,3.6441,3.5254,3.2655,11.2599,2.6441,1.4576,6.1469,3.4124,6.113,5.8757,2.2599,5.7119,6.2994,7.4407,3.2938,1.9435,11.3729,5.7401,5.0847,0.9887,1.2034,2.7345,3.1186,2.6836,1.1582,2.0621,2.5706,1.6893,0.8079,-0.2712,1.2373,0.5706,0.0621,3.1356,0.4068,0.0508,2.7062,0.5537,0.0056,0.4294,1.8249,3.0056,2.8927,1.7006,1.2486,1.8701,2.3446,1.8418,0.0226,-0.6667,2.1582,0.2486,0.3333,2.2768,-0.1073,-0.0565,2.0339,0.4972,-1,2.2203,4.3164,2.9605,4.1469,7.2768,2.5311,2.2486,5.5763,3.887,2.7401,2.1751,3.2599,2.678,2.3955,5.8136,1.8079,1.3107,6.6497,2.3333,1.7966,1.4124,1.2034,1.7458,1.2373,4.9944,0.7119,0.4294,3.5028,2.661,2.1186,1.4972,0.6215,2.4068,2.3785,3.2203,0.7062,0.6497,4.9096,3.6723,1.1582,2.1017,0.7345,1.0847,1.0678,5.1073,1.1977,0.0847,2.4294,1.4294,2.1808,2.4972,0.3503,2.1469,2.7853,3.2203,1.7853,1,4.0565,2.774,2.1469,1.8192,0.4633,0.8927,0.6158,4.4294,0.4802,0.4181,2.6158,1.3051,1.6384,2.1243,0.0734,1.6271,2.435,2.0904,1.904,0.9661,3.3277,2.2599,1.9605,0.4237,1.7175,2.6215,2.8418,2.1864,0.8192,1.2203,2.7062,1.3164,0.2825,-0.4294,1.4011,0.4294,0.1356,1.887,0.4068,0.5706,2.8362,0.9435,-0.548,2.3785,0.904,0.8249,1.2486,5.0621,0.9548,0.9661,2.9435,1.2147,1.6723,1.4407,0.9266,1.9831,1.9774,3.3672,1.6949,1.3616,3.6723,2.0226,2.1864,2.0282,1.5311,1.2316,0.9379,6.4689,1.1017,-0.2034,2.9774,2.3955,3.2203,3.2203,0.774,2.8079,4.1243,3.7797,2.4633,1.7966,5.9435,4.5593,2.8588,3,3.8927,4.0452,5.9605,6.226,4.0226,3.9661,6.9266,2.9548,1.2768,0.7232,2.904,2.2599,1.7401,7.1469,2.7571,1.6441,6.2825,1.7232,0.6893,0.9605,1.5763,1.8418,2.1469,3.1017,0.9548,0.6893,2.6667,1.4802,0.8588,1.0847,1.2034,1.6158,0.9379,3.0395,0.7062,-0.0904,3.1299,1.1921,0.4746,0.3559,0.7684,1.3898,0.9548,2.8023,0.3672,0.0339,0.9774,1.2373,0.8249,1.3051,0.6215,1.4068,1.226,2.1525,0.1921,-0.1469,2.0621,1.3559,0.5593,3.8757,4.339,4.2825,4.0678,10.5198,3.0169,2.1243,6.8757,5.548,4.7119,3.9887,3.2373,3.7571,5.6215,6.4181,3.0395,1.9153,10.5424,6.7571,3.8023,2.6328,1.7966,1.5989,1.4011,5.7797,0.5028,0.1469,3.7175,2.5141,3.3503,2.9096,0.8475,3.0452,3.678,2.6102,2.0169,1.9774,6.3446,4.7232,2.6158,1.6893,0.6158,0.5141,0.0226,3.8531,0.2994,-0.339,1.7401,0.8079,1.2147,2.3051,0.2147,1.7006,2.3672,2.3277,1.209,0.1243,3.1243,2.4859,1.6102
positive42-2.txt_sp|P02760|AMBP_HUMAN,1.3618,0.9687,1.1909,1.2507,3.9316,0.698,0.5214,2.1083,1.1481,1.9174,1.567,0.4046,1.7749,1.5783,2.1026,1.0114,1.037,3.0655,1.4131,1.7607,0.8519,0.9658,1.8632,1.7578,2.5783,0.4729,1.0057,2.2251,1.4416,1.416,0.4416,1.0513,0.4558,2.1966,1.6296,0.8091,0.5954,3.5242,1.3476,0.7464,1.1937,1.6838,2.6695,2.339,3.0256,0.9516,1.1311,3.2051,1.4758,2.0484,0.6268,1.3846,1.359,2.1282,2.4644,1.3846,0.8405,3.4245,1.547,1.3077,1.7009,1.6382,2.4131,3.0142,3.8376,1.7009,2.1595,3.1795,1.8006,1.6439,0.6866,1.6382,1.188,1.4103,3.4046,1.396,1.0912,3.5385,0.9117,1.3561,2.8604,2.9402,2.8746,3.0883,6.0513,3.1453,3.0057,4.1083,3.7835,4.4302,4.963,2.2051,4.9858,3.7692,5.0399,2.4188,1.6581,7.5271,4.7094,3.6239,1.1425,0.9544,1.3732,1.9288,2.4815,0.7094,1.1624,2.0769,1.0826,0.963,0.5527,1.2137,0.5983,0.8319,1.8746,0.6154,0.4359,2.1111,0.4872,0.6496,0.906,1.3362,1.9231,2.339,2.2877,1.1937,1.8803,1.4046,1.1937,0.8291,0.0342,1.5527,0.4786,0.4615,2.1738,0.6467,0.6211,1.7265,-0.1453,0.698,1.7407,2.4302,2.7806,2.6097,4.5783,1.7664,1.094,4.2194,2.2279,2.8205,1.8063,1.5812,2.2023,2.6097,3.2877,1.5556,1.3875,5.2735,1.7863,2.2393,1.5527,1.4188,1.5299,1.1083,3.3533,0.6239,0.453,2.4217,2.4387,2.8775,2.359,0.9658,2.3077,3.5413,2.9886,1.0513,1.1254,4.9658,3.3333,2.1368,1.9088,0.9715,0.6923,1.1652,4.9687,1.1738,0.6695,2.1823,2.3276,3.51,3.7464,0.5128,3.0969,3.4387,3.114,1.1966,1.3105,5.433,3.6296,3.0798,1.8547,1.114,0.5926,0.9801,4.0769,1.1709,0.9003,2.208,2.433,2.9031,3.3875,0.6439,2.2564,2.4131,2.8547,1.094,1.0598,4.3419,2.3846,2.4872,0.943,0.9117,1.4302,1.6923,1.5299,0.8091,1.1966,1.5613,0.8889,0.6724,-0.3533,1.0199,0.1339,1.0427,1.5413,0.6382,0.5385,2.3989,0.9715,0.3048,1.7806,1.4615,0.9573,1.0655,3.8462,1.3447,1.0855,1.7892,2.4188,3.0228,2.6923,0.8604,2.0313,2.9088,2.7977,1.0712,1.2536,4.8632,2.8604,2.5983,1.5755,1.3903,1.1624,1.4245,4.2963,1.3219,0.6154,2.1795,3.1937,3.8746,3.6467,0.6752,3.0285,3.9003,2.7265,1.584,1.9972,6.2222,4.2564,2.9744,2.433,2.6809,2.4587,3.7094,3.7607,1.9772,2.3875,4.3561,2.433,2.2792,1.3191,2.2279,1.9402,1.8291,4.9402,2.0513,1.4188,5.0513,1.8091,2.1254,1.0028,0.8889,1.3333,1.3504,2.4986,0.5356,0.6325,2.114,1.037,1.3561,0.8832,0.6724,1.2365,1.0285,1.7578,0.8519,0.5783,2.3875,0.7407,0.9915,0.8376,0.416,0.9801,0.9516,2.4074,0.6467,0.567,1.0741,1.114,1.3846,1.1481,0.7721,1.208,1.057,1.0912,0.6496,0.3789,1.8604,0.9202,1.0199,3.3105,2.6325,2.8889,3.1738,7.0085,2.0171,1.8234,5.265,5.1937,6.1168,5.2165,1.5299,4.7607,7.2707,4.6325,2.3533,2.0655,11.3447,7.7123,4.9231,1.7293,1.0313,2.0399,1.7322,4.3846,0.2536,0.4188,3.1225,3.0057,3.5613,2.8291,0.3875,2.6667,3.5214,1.9231,1.4302,1.2165,5.8803,3.9145,2.7578,1.8775,1.1225,0.6325,1.0541,3.6895,1.0313,0.6439,1.9003,1.7265,2.7265,2.9744,0.6268,2.396,2.8319,2.8803,1.3276,1.2507,4.6068,2.6182,2.7578
positive42-2.txt_gi|219815997|gb|ACL37113.1|,1.2593,1.0212,0.7037,1.2487,3.3545,0.8413,0.8836,2.1799,1.0317,1.1323,1.1217,0.8783,1.291,0.6667,1.8095,0.5238,0.8624,2.127,0.4921,0.9048,0.9577,1.836,1.9312,2.1958,3.8201,1.2963,1.7725,3.0952,2.836,1.6825,1.4021,1.3598,2.6349,1.6984,3.0529,0.5661,1.2646,4.1217,2.0741,1.2116,0.1164,1.0529,1.1217,0.6455,3.545,0.8148,0.4656,1.9947,1.418,1.328,1.5608,0.9418,1.7937,1.9577,2.1217,-0.0529,0.1376,2.7196,1.9841,0.9259,0.2063,2.2593,2.381,2.2275,4.3175,1.3333,0.9101,3.2116,2.9101,1.7143,1.7619,1.418,2.1852,2.4656,3.6138,0.3492,0.9259,3.2751,2.7831,0.5926,2.7143,4.381,2.127,4.5344,6.8466,3.7249,3.0212,4.7778,4.9365,3.7831,3.672,2.9524,4.0952,3.0794,6.3968,1.5344,2,7.6138,2.0899,3.3439,0.7037,2.0423,1.5503,1.1799,3.1746,1.2169,1,2.4444,2.7725,1.7566,1.2222,1.2328,2.0423,1.873,2.1905,0.709,0.8201,2.8677,1.9259,0.8942,0.7143,2.1164,2.4656,1.7672,2.9259,1.0212,1.0476,2.2169,2.3386,2.0794,1.8677,1.3492,2.1323,1.4709,2.4497,0.2698,1.0899,2.2011,1.8995,1.3228,1.291,3.127,2.3439,2.3439,5.873,1.7989,2.2646,3.8095,3.455,1.7778,2.5873,2.4444,2.6984,2.9524,3.9206,1.0688,1.0106,4.9365,2.8254,0.9788,1.582,2.5608,2.0212,2.3757,4.4656,1.8836,1.8995,3.5397,3.0053,2.3757,2.3386,1.3228,2.963,1.8201,3.746,1.5608,1.127,5.1958,1.746,1.3122,1.582,1.7619,0.7778,2.4444,3.582,1.8148,2.3439,1.8624,2.4021,2.5026,2.7249,1.6243,2.0212,1.582,3.1005,0.9471,1.7302,3.6402,0.7619,1.9577,1.7778,1.8571,0.9048,2.2275,3.8942,1.9365,2.1587,2.7989,1.709,1.7989,2.1852,1.7619,1.9365,1.582,2.7619,1.2698,1.4444,3.1852,0.2593,1.6614,0.5132,1.4974,2.3122,1.3016,2.4339,1.1799,0.8254,2.2116,2.3228,0.9471,0.8624,1.5026,1.7778,1.127,2.0159,0.2593,1.455,2.4444,1.6455,0.7513,1.5767,2.5661,0.9471,2.0582,3.6455,1.9735,2.4233,2.7937,2.2751,2.4868,1.9206,2.1164,2.2963,1.8413,3.2963,0.9683,1.3228,3.746,0.4603,2.0635,1.9153,1.8836,0.4656,1.9894,3.2328,2.3862,2.5026,2.8677,1.6825,1.1958,1.9683,1.6402,1.3915,0.3386,2.873,1.9048,1.2646,3.9947,-0.3862,1.0476,1.8677,2.7143,3.8783,3.7619,5.2063,2.6825,3.0159,5.0529,4.619,1.8095,1.9841,1.9101,2.672,1.6296,5.1376,1.8783,1.873,5.3122,2.7937,1.8307,0.2698,0.8413,0.5185,0.418,2.381,0.5767,0.1958,1.418,1.0794,0.4868,0.4868,0.3439,0.9365,1.1587,1.6825,-0.0899,0.1534,1.545,0.5185,0.5714,0.9788,1.4233,0.4127,1.4497,1.6772,0.7884,0.7778,1.9365,1.3228,0.545,0.1852,1.2804,0.6402,0.6667,1.7725,0.291,0.5185,1.7672,0.4603,0.7989,2.037,3.4021,2.1534,3.5661,6.3598,3.0688,2.8783,3.9524,4.5079,4.4868,3.7884,1.9418,4.2857,3.2328,4.5661,1.7143,2.3651,7.2593,2.4021,3.3439,1.3651,1.4921,0.127,1.6032,2.9101,1.7143,2.0582,1.8466,1.8677,1.4815,1.5661,0.9048,1.8836,0.1534,1.6032,2.0106,0.5661,3.8254,-0.2857,0.5291,1.2328,1.3492,0.6085,1.7249,2.3704,1.582,1.9735,1.2011,2.0847,1.7196,1.8148,1.3968,1.2116,0.8148,1.9788,0.8466,1.1958,3.1217,0.3757,1.5344
positive42-2.txt_gi|62486|emb|CAA48138.1|,1.0432,1.1151,0.9496,2.1799,3.1583,1.6115,1.2158,2.2518,1.6763,1.5252,1.3741,1.6906,1.6403,1.0576,2.1439,0.8345,0.8777,2.446,0.7842,1.2014,0.6331,2.6763,3.1511,2.6403,3.964,1.5755,1.6259,3.4964,2.5827,1.7194,1.5108,1.3525,2.4245,2.3237,4.0432,0.6115,0.6115,5.4892,3.2734,0.9784,0.4892,2.6978,3.6115,3.5899,3.5971,1.8921,1.5468,4.3094,3.259,1.6187,0.5612,1.3813,0.8849,2.0504,3.9784,0.4676,0.446,4.3022,3.0504,0.6403,1.0432,3.4101,4.7842,5.036,3.8849,2.6691,2.3741,4.8705,4.1151,1.0432,-0.1295,2.4964,0.8345,2.1942,6.0144,1.2662,0.777,5.0863,3.1007,0.6691,3.5108,3.9424,2.9209,4.6978,10.223,3.8201,2.7194,5.2302,3.9065,5.518,4.9496,2.6187,4.741,4.7914,6.4604,2.4892,2.3525,9.2374,4.8705,3.6403,0.8345,2.3525,2.8993,2.5827,2.9209,0.9353,1.3957,2.9712,2,0.8705,0.4173,1.554,0.964,1.8921,4.1079,0.4317,0.0935,3.4676,2.0072,0.4173,0.0288,1.5755,3.4029,3.1942,1.9424,1.1223,1.2662,2.7338,1.9568,0.4892,-0.2446,1.7626,0.7554,1.518,3.705,-0.1655,-0.1655,2.7194,1.8489,-0.0935,1.2374,3.8273,3.5036,4.777,5.5899,3.4604,2.6619,5.1727,3.8705,2.0288,1.5324,3.2518,1.7482,1.8273,5.9281,1.4029,0.8273,4.8561,1.6259,1.7266,0.9928,2.7986,3.5324,2.8273,4.5036,1.223,1.6475,3.8129,4.2878,2.1223,1.5899,1.5108,2.2374,2.7842,4.3094,0.9784,1.0288,5.4676,4.5683,1.0647,2.482,1.5683,0.9137,1.1223,4.6115,1.6331,0.9928,1.6043,2.1942,2.4964,3.259,1.1799,2.8705,2.223,3.0576,2.1007,1.2014,3.7554,2.1223,1.5683,2.4245,1.4676,0.6043,1.1942,4.9568,1.3525,0.7842,2.1367,1.5396,2.4676,3.1655,0.7482,2.7914,2.2374,1.8345,1.777,1.1655,4.0432,1.7554,1.4388,0.554,1.9353,2.5468,2.2878,1.741,1.2158,1.0216,3.0791,1.2446,1.1799,0.0791,0.9353,0.8777,1.8849,3.2302,0.2806,0.2158,3.4173,2.1295,0.482,2.3309,1.8489,0.8058,1.2734,4.4388,1.3094,1.8058,2.2374,1.777,1.9856,1.9209,1.7122,2.1367,1.7482,2.0432,1.2878,1.2878,3.0935,1.9424,1.259,1.6475,2.446,1.6115,1.5612,5.6403,2.0072,0.518,1.8417,2.9928,3.3165,3.8417,1.3453,3.0576,2.6547,2.7986,2.0432,1.8058,6.0863,3.9568,1.5252,2.4532,4.0791,4.4388,6.0144,6.1151,4.3957,2.9928,5.6619,4.4964,1.7266,1.5468,2.9712,2.1727,1.8201,5.8849,2.1942,1.3957,7.1583,2.1151,0.777,0.7626,1.2014,1.8561,2.036,2.0791,1.4388,0.4892,2.4245,1.9065,0.9209,0.3741,0.9137,0.8561,0.8201,2.7842,0.1223,-0.1871,1.9712,0.8129,0.705,0.6475,1.1007,1.1367,1.2878,1.6403,0.6115,-0.036,0.9065,1.3022,0.9856,0.8705,0.8273,1.554,0.6475,1.554,-0.0504,0.1655,2.3957,1.2806,0.5612,2.5324,5.3237,4.9353,5.3597,9.4173,3.518,3.1007,4.8993,5.8273,4.6906,4.482,3.8129,3.9496,5.3381,7.1079,2.5324,1.6978,10.6187,7.6475,3.0576,2.1583,2.4892,2.7194,3.0935,5.9353,1.8921,1.8849,3.8058,3.259,3.2518,3.5396,1.7122,3.1295,2.4964,3.3237,2.295,1.9137,7.0288,4.8345,1.7194,2.1079,0.223,0,0.5324,3.5971,0.6115,-0.036,0.8417,0.5108,1.8345,2.4317,0.3309,2.0719,0.6187,1.2014,1.2014,0.6547,2.0935,1.2518,1.3525
positive42-2.txt_gi|20177826|sp|Q9Z1I7.1|APHR_MESAU,2.0904,1.5843,1.6928,2.012,4.0964,1.6506,0.9036,3.4639,2.2952,1.5301,1.6386,0.9819,1.7229,1.6747,2.9699,1.1988,0.6084,3.9578,1.5663,1.241,0.6988,2,2.9337,3.2952,3.8675,2.0181,1.9458,3.3494,1.9157,0.9819,-0.0964,1.4096,0.5361,0.8434,3.6807,0.8494,0.6024,4.4639,0.8253,0.1928,0.9036,2.1325,3.5181,3.5482,4.1386,2.0783,1.9157,4.1506,2.4578,2.1024,0.7831,1.241,1.2108,1.9518,3.6627,1.0602,-0.241,3.8855,1.6145,0.253,1.1988,2.4217,4.9458,5.2108,4.259,2.3855,3.2169,4.4277,2.4458,0.8012,0.012,2.1928,0.2169,1.4157,4.6928,1.759,0.2048,4.4639,1.5904,0.0482,4.7289,3.3554,3.2108,3.2229,10.6386,3.741,2.1084,7.5964,4.9578,4.2892,5.0723,1.259,5.4699,4.8795,7.3675,2.8253,1.1446,9.4759,5.1205,3.741,1.0602,1.6265,3.2229,3.3193,3.7952,1.3193,1.4759,3.5181,1.7229,0.7711,0.0783,1.1687,0.1988,1.0241,3.0783,0.753,0.4337,3.6988,0.6928,0.2349,0.1506,1.7349,3.0843,3.4217,2,1.5663,2.2048,2.7169,1.3614,0.0904,-0.506,2.0301,-0.7169,0.5241,2.0482,0.3554,-0.3253,2.512,-0.0301,-0.8373,2.5241,4,3.9157,4.3193,7.2349,4,2.5301,6.6807,3.9096,2.9217,1.9217,2.5602,2.2349,3.3735,5.9578,2.0542,0.8735,7.2048,2.4699,1.7289,1.8614,1.4518,2.2771,1.3012,5.5542,1.512,0.4639,4.5301,3.7952,2.741,2.5723,0.9036,2.7771,2.5301,3.8072,0.994,0.494,6.1807,2.8133,1.9578,2.8675,0.3855,1.0482,0.5482,4.1506,0.9398,-0.0542,2.6024,1.1867,2.5482,3.2952,-0.1084,3.1446,3.3313,2.2892,1.4337,0.9217,4.2108,2.6265,3.1386,3.3193,0.7892,0.6928,0.6988,3.988,1.1024,0.3072,2.7892,1.6325,2.2349,3.1024,0.2169,2.9759,2.6928,2.3795,1.6687,1.2771,3.6566,2.3373,2.7349,0.2831,0.7771,1.9337,2.6446,1.6325,0.8675,1.3614,2.1446,0.6747,0.3494,-0.5542,0.9398,-0.5904,0.4819,1.6084,0.0964,0.241,2.4096,0.5301,-0.5482,2.9036,0.9096,0.4337,0.8253,4.4458,1.1687,0.5723,2.9699,1.3133,1.9458,2.2169,0.4578,2.5301,1.9096,2.7771,1.0422,0.7892,3.9096,1.5964,2.2711,2.8133,1.3795,1,0.3193,5.7831,1.0301,-0.8614,3.5843,3.4578,3.494,4.3072,0.2289,4.5181,4.7952,3.0964,2.0422,2.2711,6.3072,4.0723,3.3855,2.7169,3.8133,4.2952,6.2651,5.4639,4.006,4.2651,6.3253,2.8735,1.494,1.1446,2.5241,1.8675,1.8373,6.0663,2.6627,1.1265,7.1205,1.5,0.7831,1.1205,1.5301,2.3976,2.3855,2.2952,1.5723,1.0843,2.3976,1.8072,0.5663,0.5422,1.2651,0.6807,0.8675,2.8855,1.0602,0.2229,2.6265,0.8855,0.4337,0.6265,0.006,0.9699,0.4578,1.9217,0.3133,0.1145,0.4458,0.6265,0.9036,1.3916,0.3434,0.8373,1.3193,1.494,0.1205,0.0964,1.4578,1.1446,0.9578,4.2711,4.2108,4.2952,4.488,8.9096,4.0542,1.9398,7.5361,6.4639,4.8916,4,2.1566,4.494,6.3072,6.3976,3.2831,1.6867,11.3373,6.6928,3.5181,2.5361,0.5422,1.3675,0.759,4.9337,0.6747,-0.6265,4.3072,3.9096,2.7169,3.1205,-0.1506,2.7651,3.7651,2.7349,1.3916,1.5181,6,4.253,2.6265,2.6928,0.488,0.3434,0.3373,3.759,0.4337,-0.4518,2.3253,0.8976,1.5602,2.6386,-0.1988,2.5964,2.6988,1.3313,1.4578,0.6084,3.6867,2.2771,2.4217
positive42-2.txt_tr|Q86PT3|Q86PT3_ANOGA,0.1059,0.3471,0.0824,0.0529,0.3824,0.1,0.1412,0.3412,0.2294,0.6471,0.6824,0.2118,0.4059,0.6941,0.2941,-0.0118,0.3235,0.9706,0.5647,0.5235,0.4,1.0118,0.5176,0.8059,1.8,0.6353,0.4471,1.6294,1.0588,1.4,1.3235,0.6353,0.9294,1.8,1.3471,0.1941,0.2588,2.7471,1.4706,1.0118,0.1647,0.9529,0.4412,0.0471,0.3647,0.2412,-0.0471,1.0765,0.8647,0.2824,0.3118,0.5235,0.2,0.9588,0.9176,0.0412,0.1059,1.4235,0.9118,0.1412,0.1235,1.1412,0.6529,0.8176,1.1765,0.6706,0.3647,1.2471,1.0647,1.2353,1.1824,0.7765,0.8118,1.6412,1.7529,-0.0588,0.3059,2.4765,1.4,0.8941,0.6471,1.2353,0.1118,1.3059,2.0882,0.7,0.8882,1.3235,1.4176,2.2882,2.2824,0.9176,1.4647,2.5294,2.6647,-0.2588,0.4706,3.6824,2.1176,1.8529,0.1059,0.4588,0.1059,0.0941,1.1941,0.2588,-0.1412,0.7,0.4294,1.3176,1.3176,0.1882,0.9471,1.5176,0.6235,-0.0765,0.0824,1.8529,1.1294,0.9235,0.1824,0.5882,0.4941,0.4706,1.3,0.3941,0.0353,1.0882,0.5176,0.9588,0.8765,0.3412,0.6412,1.1941,0.8412,0.2294,0.2,1.7412,0.9059,0.6294,0.5118,1.9176,1.5882,1.5059,1.1,1.2176,1.2118,1.9294,2.0588,0.8294,0.9176,1.3941,0.5941,1.6765,2.1235,0.3588,0.7588,2.9882,1.6765,0.6294,0.4882,1.4294,0.7647,1.0647,1.5471,0.8824,0.8059,1.8176,1.3471,1.3235,1.3118,1.2,0.9647,1.8941,1.9412,0.4294,0.2824,2.9471,1.5765,0.9588,0.0647,0.9765,0.1235,1.2588,2.1647,0.7176,0.9706,0.7,1.4824,1.9059,1.8941,0.7824,1.3647,2.2941,1.6412,-0.2059,0.3059,3.2471,1.9706,1.4,0.0824,0.9235,0.2824,1.3176,2.2176,0.6647,0.8588,0.9,1.5235,1.8,1.8176,0.7471,1.2941,2.2941,1.5824,0,0.3118,3.2471,2,1.2471,0.3235,0.6353,0.5059,0.5059,1.6765,0.2824,0.0294,1.3471,0.6824,0.9765,0.9,0.2941,0.6118,1.3412,0.8824,0.1471,0.2412,2.0294,1.0647,0.6824,-0.0059,0.5,-0.0294,0.5941,1.5471,0.3588,0.3471,0.4529,0.8471,1.4941,1.5353,0.3647,1.1706,1.7353,0.9412,-0.1941,0.1235,2.2765,1.4235,1.0824,0.1941,1.6412,0.9235,2.1941,2.1235,1.2118,1.6235,2.1588,2.0529,1.6471,1.7059,1.4588,1.1824,2.4647,2.8529,0.0529,0.2118,4.1235,2.1765,1.1706,0.7824,1.7647,0.4941,0.9294,2.3765,0.7647,0.5588,2.1647,1.6118,2,2.0471,1.0176,1.3765,2.9706,2.0529,-0.0294,0.4059,4.1824,2.3824,1.4824,-0.1882,0.1,0.1706,-0.4118,-0.2529,-0.2412,-0.4235,0.3235,0.1412,0.0294,0.1,-0.0588,-0.0176,0.5412,0.0059,-0.1529,0.0118,0.5,0.5529,-0.0412,-0.0294,0.3235,-0.3647,-0.4412,0.3706,-0.1176,-0.2412,0.0647,0.1294,0.8765,0.9118,0.0941,0.5529,0.9529,0.2059,-0.4118,0.2059,1.1412,0.8765,0.7471,0.7,2.6176,1.3941,2.7588,3.5353,1.7882,1.9824,3.1,3.0176,3.0353,3.1059,2.0412,2.1294,4.0588,4.0059,0.1294,0.6824,6.3765,3.5176,2.2529,0.3588,1.4647,0.7765,1.6529,1.9294,1.0529,1.3118,1.8118,1.6529,1.6118,1.6941,1.2647,1.1706,2.2,2.3059,0.1412,0.2118,3.5235,1.8588,1.1647,0.1294,0.7118,-0.0706,0.7353,1.8176,0.5059,0.6471,0.3059,0.9294,1.6765,1.6706,0.5235,1.2176,1.7353,1.0294,-0.2294,0.3765,2.4294,1.4353,1.3059
positive42-2.txt_AGAP009281-RA,0.5866,0.7933,0.3631,0.4749,2.9721,0.7039,0.6648,1.4469,0.5587,1.4693,1.4078,0.7709,1.0223,0.8883,1.2067,0.1844,0.4358,1.8827,0.3184,1.1676,0.6648,2.7654,2.3128,2.8492,4.4972,2.0056,1.6648,2.4134,2.6369,2,1.3911,1.9385,2.324,2.8268,3.067,0.7821,0.5754,5.6201,2.9274,1.419,-0.5754,1.9218,1.1899,1.162,2.3966,1.4302,1.2961,1.5698,1.6313,1.2737,0.7654,1.6704,1.2961,2.4916,2.7318,-0.0447,-0.1285,3.8101,2.4078,0.3464,0.3799,2.8883,2.2737,2.1117,3.6927,1.8603,1.6816,2.6145,2.8268,2.0223,1.2346,1.5587,1.9944,2.6816,3.7598,0.257,0.2067,4.581,3.1285,1.1173,2.3408,4.2179,2.4581,4.162,6.5307,3.1564,3.8156,4.838,4.1955,4.7151,3.6592,2.5475,2.8883,3.095,5.0168,2.0782,0.7709,7.324,1.9609,3.7486,0.8603,1.9385,1.3296,1.8939,3.6816,1.6313,1.4916,1.9777,1.8156,1.9777,1.3687,1.3128,1.6425,1.3575,2.6257,0.4581,0.3464,3.4413,2.0894,1.0447,0.581,2.162,2.3575,2.7374,3.1676,1.4022,1.1397,1.8827,2.0391,1.6257,1.3855,1.2514,1.5419,2.0112,2.1341,0.2849,0.7821,3.0056,2.5922,0.8715,1.3575,3.4358,1.7542,2.4134,5.838,2.3017,2.0615,3.6034,3.6201,2.3911,2.5028,2.6983,2.6872,3.2514,4.0559,0.9162,1.0056,5.486,2.1117,1.8101,0.9106,2.7207,1.9162,2.7095,4.0391,2.0279,2.0894,2.9274,3.3575,2.4916,2.1285,1.5307,2.7989,3.2458,3.0894,1.838,1.0503,6.0615,2.4469,1.5698,1.6369,1.6536,1.0726,2.5251,3.4972,1.7989,2.352,2.9832,2.5363,2.5587,2.5978,0.8045,2.1285,2.257,2.4972,1.4022,0.5642,3.6145,0.5587,2.1006,1.486,1.5363,1.4302,2.4413,3.5978,1.5698,2.1229,3.6257,1.6592,1.8492,2.1564,0.7542,1.8101,1.6648,2.0447,1.5754,0.419,3.1061,0.1564,1.419,0.1453,1.5698,2.0335,1.8939,3.5196,1.352,0.8268,1.3743,1.0223,1.4358,0.6536,1.8156,1.5028,2.0391,1.7486,0.095,0.5587,3.1676,1.8771,0.8659,1.7933,1.5587,1.095,2.4246,3.9832,1.257,2.4804,2.9106,1.6034,1.7207,1.7821,1.1788,1.2011,1.3128,2.9274,1.5642,0.5251,2.8883,0.6034,1.4078,1.8659,2.1173,1.2123,2.3687,3.2905,2.1899,2.5251,3.8827,2.6034,1.9162,2.5531,0.7151,1.8603,1.3352,2.5587,2.1899,0.6034,3.7374,-0.0615,1.4469,1.3408,3.4972,3.6313,4.0056,4.1564,2.8492,2.9106,3.095,4.5084,1.8101,1.6257,1.9497,2.095,2.4693,4.5922,1.3799,1.0782,4.6592,2.8436,1.3911,0.486,1.2291,0.3464,0.514,2.4469,0.4358,-0.1006,1.0503,0.5084,1.162,0.6704,0.4916,0.9609,1.6983,1.9497,0.0279,0.1229,2.0782,1.1061,0.8659,-0.0559,0.5978,0,0.4525,0.6983,-0.0335,0.3911,0.5475,0.4749,0.5866,0.162,0.7263,0.5251,0.5587,1.257,-0.2402,-0.2626,0.9385,0.5475,0.4916,2.9162,3.7709,2.4916,3.743,6.7263,3.2011,3.0056,4.514,4.7542,5.067,4.4525,1.352,4.324,4.0056,4.0168,2.0168,0.7318,8.5028,3.1732,4.0335,1.4972,1.838,1.0391,1.9385,2.5419,1.7989,2.3073,2.486,2.2793,1.5251,2.0279,0.7989,1.838,0.7486,1.8939,2.1285,0.648,2.8436,0.2793,1.4469,1.1397,1.095,-0.0391,1.1117,2.743,1.257,1.5587,1.6816,1.1173,2.3128,2.1899,0.7207,1.7765,1.3184,1.905,0.7765,0.3631,2.4804,0.1955,2.0279
positive42-2.txt_gi|156968281|gb|ABU98612.1|,0.6523,1.3693,0.4309,0.8261,3.041,0.8175,0.7743,1.7991,0.8931,1.2667,1.3607,1.013,1.3056,0.7462,1.7214,0.4536,0.6102,1.7894,0.3294,0.9395,0.8758,2.1134,1.4482,2.1652,4.3164,1.3629,1.378,3.0043,2.7063,1.986,2.2063,1.2181,2.2311,2.514,2.7171,0.6587,0.7419,4.189,2.1933,1.4179,-0.0238,1.2268,0.7808,0.7495,2.0875,0.8251,0.3391,2.122,1.0788,1.0767,1.067,0.7354,1.0886,1.5194,1.3629,-0.1091,-0.2991,2.2549,1.6199,0.5497,0.6577,2.1285,1.7268,1.8175,3.6706,1.5616,1.2376,3.3305,2.2484,1.824,1.6728,1.0562,1.6641,2.4762,2.8402,0.2894,0.4028,3.7408,1.8834,1.0691,2.4417,4.1404,1.7851,3.5572,6.9849,2.9255,2.8089,5.1285,4.3186,4.3661,4.446,2.3143,3.6695,3.5076,5.2127,1.2527,1.3045,6.6577,2.3099,3.3747,0.8121,1.6695,1.1544,1.3423,2.7441,1.216,1.0227,2.4136,1.7484,1.3348,1.5659,0.9827,1.5702,1.5259,1.8715,0.6425,0.3175,2.5799,1.5767,1.0032,0.7527,1.5724,1.6015,1.5248,2.594,0.959,0.9039,2.4125,1.5745,1.6274,1.5475,1.013,1.5886,1.5486,2.0054,0.3002,0.5583,2.2667,1.4568,0.8737,1.379,4.013,1.6533,2.4568,5.4881,2.3553,2.2225,4.4989,3.4946,2.405,2.9546,2.8834,2.8121,2.6857,3.9384,1.0842,1.1177,5.4708,2.365,1.689,1.6793,2.7624,1.1026,2.2387,4.3747,1.6717,1.5767,3.6382,2.6037,2.2311,2.6296,1.4633,2.5205,2.149,2.9492,1.4881,0.6026,4.6512,1.7689,1.5076,1.7149,1.7592,0.9503,2.4438,3.4514,1.4363,1.9741,2.4244,2.4525,2.4309,2.6825,1.3683,2.0227,2.1069,2.5292,0.8898,0.8056,3.8121,0.7538,1.8747,1.5875,2.1955,1.4298,2.811,3.7063,1.6965,2.1674,3.1479,2.4222,1.9104,2.3337,1.7397,2.041,1.9158,2.9514,1.3175,0.838,3.9039,0.9449,1.3067,0.243,1.0421,1.1339,0.9406,3.0626,0.6868,0.5,2.0248,1.4903,1.4773,1.7765,0.8197,1.9201,2.1814,1.419,0.0486,0.3359,2.7603,1.7581,0.892,1.5443,2.1685,1.1641,2.5281,3.5302,1.5432,2.2127,2.7084,2.3575,1.8737,2.0778,1.7819,1.9125,1.4633,2.7894,1.4503,0.9449,3.0767,0.54,1.4914,2.027,1.9924,0.7343,2.3423,3.3996,1.5356,1.7073,2.9536,2.4816,2.0497,2.4028,1.3985,1.8704,1.6199,2.7203,1.7106,0.838,3.5529,0.7171,1.3952,1.743,2.5864,2.6415,3.3326,4.3218,2.1998,2.568,4.581,3.5281,1.6069,2.2505,1.5691,2.6728,2.0432,4.5032,1.7095,1.0421,4.311,1.5821,1.7678,0.3661,1.0097,0.514,0.4914,2.1749,0.5194,0.3089,1.2505,0.4384,0.5864,0.7754,0.4212,0.8693,0.5216,1.6404,0.1685,0.2052,1.1749,0.1123,0.6177,0.3758,0.6134,0.257,1.0464,1.4946,0.3758,0.4957,0.8035,0.514,0.6177,0.4989,0.3812,0.46,0.4136,1.4417,0.2181,0.0043,1.0907,0.0432,0.608,2.7354,3.527,1.5821,3.1901,6.6879,2.5508,2.3002,4.9244,4.5724,4.5216,4.3715,1.9957,3.6004,3.4957,4.094,1.6501,1.0259,7.0821,2.6102,3.0432,1.7073,1.054,0.4525,1.7268,3.3132,0.8359,1.1274,1.73,1.9417,1.4914,1.8413,0.432,1.5022,1.0216,1.7613,1.5281,0.6803,2.6577,0.3413,0.9017,1.0583,1.1739,0.5616,1.7559,2.2495,1.1976,1.527,1.46,1.6469,1.7127,1.9212,0.986,1.4838,1.3045,1.8175,0.7214,0.6479,2.73,0.4125,1.4968
positive42-2.txt_gi|20178087|sp|P81608.1|SAL_PIG,1.5579,1.6526,0.8368,1.1895,3.7,1.5474,0.9158,1.8421,1.8526,1.1421,1.3211,1.1316,1.4737,1.4895,2.1947,1.1789,0.6526,2.9632,1.0947,1.1263,0.9,1.7789,2.4316,2.9842,3.9053,1.3211,1.6421,3.4316,1.7105,0.6158,0.1947,1.2947,0.6368,0.5789,3.8263,0.4579,0.7474,4.7053,1.4947,-0.1,0.3579,1.8263,2.8842,2.9526,3.8421,1.6895,2.0789,3.6526,2.6632,1.1526,0.5105,1.4263,1.4895,1.8263,3.3789,0.9053,0.1632,3.7316,1.9053,0.1,0.7895,2.3947,3.9421,3.9895,4.4368,2.3789,2.9211,3.9421,2.8,0.4579,0.1316,2.3895,0.7842,1.2632,5.0842,1.2368,0.5,4.5895,1.5632,-0.0421,3.9579,3.4263,3.5,3.5895,9.7947,3.2211,2.1842,6.3947,3.8158,4.5,4.3053,1.8263,4.1842,4.8947,6.5526,2.7579,1.6421,9.7789,5.0368,3.2895,0.7526,1.0947,2.5421,3.3263,3.0368,0.9211,1.8,2.6737,1.8158,0.3316,-0.5158,1.1158,0.1789,0.1737,3.2789,0.5895,0.4053,2.8842,0.8737,-0.0368,0.3421,1.2211,2.6632,2.7474,2.9158,1.0158,1.5211,2.2,1.2947,0.0263,-0.2947,1.7105,-0.1421,0.0789,2.7368,0.1526,-0.2105,3.0421,0.3158,-0.3842,2.0789,3.5579,2.6632,3.4,6.3316,2.1895,2.1842,5.0053,3.6684,2.3474,2.2632,2.8895,2.9579,2.6526,5.4263,1.6947,0.9158,6.1789,2.4,1.8474,1.2632,1.0632,1.8316,1.8158,5.7053,0.3263,0.1316,3.4368,2.7789,2.2263,1.9368,0.5947,1.9526,2.3632,3.3368,0.9368,1.1842,5.7053,3.6895,1.6684,2.1632,0.9474,0.8421,0.9684,3.9684,1.2053,0.2842,1.9211,1.7263,1.9842,2.3105,0.3632,2.2316,2.2368,2.6947,1.2474,1.3421,3.4105,1.9421,1.9526,1.9211,0.7,0.7263,0.9,3.8105,0.6053,0.3053,2.4895,1.1684,1.7947,1.9263,0.1421,1.5895,2.1789,1.8316,1.3895,1.4421,2.8737,1.8684,1.6895,0.4,0.8895,1.8737,2.5263,2.3316,0.6053,1.2474,2.3789,1.0263,0.2368,-0.0737,1.1632,0.2316,0.7158,2.2842,0.1053,0.5053,3.4316,1.2789,-0.3789,1.6684,0.5316,0.5158,0.7053,3.9,0.7053,0.4947,2.4368,1.8421,2.1421,1.6895,0.6368,2.0368,2.1737,2.4105,0.8895,1.5053,3.7842,2.1421,1.9632,1.6789,1.8263,0.7368,0.7316,5.1842,0.6895,-0.2211,2.5632,2.5053,3.0895,3.0263,0.5579,2.7579,3.2895,2.7842,1.7947,1.8105,5.3579,3.5368,2.5789,2.5842,3.7053,4.3368,5.8474,5.5737,3.6579,3.9105,5.4526,3.3158,1.4789,1.0842,2.5737,2.3368,2.4579,6.1474,2.4053,1.4158,6.4421,2.6263,0.5947,0.9,1.4105,1.9105,2.0684,2.5158,1.3105,1,1.8579,1.2211,0.4211,0.5053,1.2368,0.7421,0.3105,2.4947,0.9316,0.0526,2.6789,0.8579,0.2947,0.1316,0.4316,0.8895,1.1579,2.3,0.5368,0.3684,0.7105,0.7474,0.5947,0.8947,0.7947,0.8526,0.5947,2,0.1421,0.0421,1.5632,0.6,0.4579,3.2895,3.9526,3.8158,3.9211,8.7053,2.6,1.9842,6.5789,4.7526,4.7158,4.4632,2.1,4.1105,5.4421,5.8684,2.2263,1.4474,9.9474,6.7684,3.4947,2.2842,1.4053,1.6263,1.5895,4.8842,0.3105,0.4263,3.5474,2.2,3.2316,2.8579,0.4632,2.8053,2.9684,2.6421,1.5474,1.4105,6.0368,3.6895,2.4632,1.7368,0.5789,0.3789,0.2053,2.9947,0.6211,-0.2947,0.9,0.5895,1.4053,2.1632,-0.0632,1.9632,2.0526,1.5842,0.8579,0.4789,2.6263,1.7474,1.6421
positive42-2.txt_gi|75062228|sp|Q5VFH6.1|ALL4_FELCA,1.8486,1.5838,1.1946,1.3892,3.773,1.6486,0.7405,2.4649,1.9838,1.1189,1.373,1.2486,1.5514,1.6649,3.0324,1.1459,0.9946,3.3622,1.1135,1.3838,0.6108,1.9676,2.5081,3.5568,4.1027,1.3189,1.9405,3.373,2.1297,0.6162,0.0216,1.2865,0.5351,0.7081,3.6054,0.6865,0.627,3.4757,1.6324,0.0108,0.8378,2,2.8432,3.3027,4.4,1.4811,1.773,3.8,2.6703,1.4486,0.6432,1.4216,1.4108,1.6919,3.7351,1.1027,0.2216,3.6811,2.3892,0.4919,1.1514,2.4378,4.1027,3.6973,4.4703,1.6865,2.0541,3.8541,2.5892,1.3514,0.973,2.4,1.1459,1.9243,5.4054,1.3568,0.8595,4.3243,1.8541,0.6811,4.2108,3.0865,3.0757,3.4054,10.227,3.2595,1.4324,5.9838,3.8811,5.1189,5.5189,1.4054,5.2432,5.6486,6.9135,2.6811,2.1459,10.5135,5.3622,4.173,0.8541,1.2919,2.3568,3.6703,2.8649,0.5946,2.1243,2.4216,1.6595,0.2541,-0.4324,1.2703,-0.1784,0.3838,2.7892,0.5135,0.1784,2.2541,0.8054,-0.0595,0.3459,1.3568,2.6486,3.3189,2.5081,0.7189,1.4108,1.9351,1.6054,0.2919,-0.173,1.8919,-0.0324,0.8757,2.4757,0.0811,-0.2378,2.0432,0.9081,-0.3297,2.3189,3.3351,2.8703,3.6919,6.9351,2.2162,1.827,4.9405,3.8378,2.4162,2.5135,2.7514,2.4757,2.7243,5.8216,1.5027,0.9135,5.6432,2,1.9459,1.0919,1.4865,1.9568,1.9459,5.0486,0.6486,0.573,3.3405,3.2703,2.0378,2.1622,0.5459,1.9459,2.7297,3.8054,1.1676,0.8432,4.9892,3.6324,1.7189,1.8649,1.0919,1.3514,0.9405,4.4541,1.4,0.4811,1.8108,1.9027,2.6595,2.8324,0.427,2.6973,2.9568,3.1514,1.6811,1.4108,3.9459,2.573,2.4973,1.9622,1.173,0.8432,0.8757,3.9892,1.1459,0.6,2.7514,1.3405,2.4757,2.7027,0.4108,2.5351,2.8757,2.3946,1.8108,1.3405,3.5459,2.6973,2.1892,0.373,1.3027,2.1027,3.0216,2.4054,0.7189,1.3135,2.5405,1.3297,-0.0324,-0.5027,1.227,0.0216,0.4378,2.1351,0.1243,0.3784,2.3568,1.627,-0.4108,2.0432,1.5784,0.9514,1.6973,3.6162,1.2973,1.373,2.8757,1.6162,1.7081,1.5135,1.373,2.1189,1.8757,3.2595,1.3784,1.373,3.2649,2.0216,1.4703,2.1351,2.0108,1.1189,1.2595,5.5459,1.2216,-0.0757,2.7189,2.5892,3.6865,4.1135,0.8216,3.2595,4.0216,3.7243,2.1622,1.8432,6.7351,4.1081,3,2.827,3.7189,4.6703,6.1405,5.9405,3.9297,3.8324,6.1892,3.5027,1.5568,1.0811,3.027,2.2757,1.7622,6.5351,2.3568,1.2757,6.2324,2.1838,0.8541,1.1081,1.1676,1.6757,2.0973,2.2973,0.9405,0.8378,2.2865,1.2324,0.5568,1.1351,0.8811,1.1081,0.6541,2.7081,0.5459,0.1027,2.6216,0.8649,0.7189,0.2432,0.5243,1.3676,1.2324,2.2108,0.4,0.2919,0.6108,0.8054,0.8432,1.5838,0.5405,1.2757,1.3135,1.627,-0.1405,0.1135,2.0162,1.5351,0.8162,3.3081,4.173,4.2216,4.5081,8.8216,2.7351,2.1081,5.5027,5.5459,5.2541,4.8,2.6486,3.8973,5.8865,6.4324,2.627,1.8811,10.4541,6.9297,4.3243,2.1351,2,2.5189,2.8486,4.8432,1.0216,1.0378,3.7351,3.5351,3,2.5784,1.3892,2.1189,3.227,3.7622,2.1676,1.6919,6.5514,4.5676,2.2378,1.627,0.9351,0.7784,0.2054,3.4054,0.627,-0.1189,1.2432,1.1459,2.0757,2.5784,0.0973,1.9622,2.7568,1.8378,1.1784,0.6216,3.573,2.5027,2.1405
positive42-2.txt_gi|172051154|gb|ACB70352.1|,0.0364,0.7091,0.5697,0.503,1,0.9212,0.7515,0.2424,1.1879,0.9939,1.1333,0.303,0.8545,1.2121,1.0788,0.1212,0.4121,2.0303,1.2788,0.4909,0.8788,1.8667,2.2061,1.3455,1.6485,1.2848,1.1394,2.3697,2.4061,1.503,1.6364,1.1152,1.297,1.7091,1.9455,0.7879,0.1697,2.7273,1.5576,0.6848,1.1091,0.9636,1.0061,1.3333,2.0788,0.6182,0.8788,1.7697,1.4,1.1879,1.0182,0.5636,0.8364,0.4848,1.4667,0.3636,0.1939,1.3758,0.2788,0.8,1.1818,1.1455,1.1515,0.7576,2.7394,0.5879,0.7212,1.9152,1.4848,1.1879,1.2848,0.9333,1.0121,0.7818,1.897,0.6,0.0242,1.9879,1.0303,0.8606,1.0182,1.7879,1.1455,2.2242,3.6061,1.4,1.5394,1.8242,2.1333,2.4303,2.4545,0.6242,1.8182,2.8788,3.2061,0.3152,0.4424,3.7636,1.7152,1.7697,0.6848,1.2727,1.4727,1.4667,1.2,1.2303,1.2424,1.9091,1.4667,0.3879,0.5758,0.9212,0.4909,0.1273,1.4303,0.7152,-0.0121,1.2848,0.2061,-0.0242,0.6727,1.2121,1.7152,1.1939,1.3879,0.9818,1.1091,1.7879,1.5091,0.4242,0.6788,1.0485,0.5636,0.2909,1.1091,0.703,0.0909,1.5636,0.497,-0.0121,0.7212,2.2424,1.8606,2.4485,2.7939,1.8727,2.0606,1.6303,2.2424,1.7758,1.5636,1.5212,1.2909,1.4545,3.0727,0.6242,0.7879,2.9394,0.9939,1,0.8182,1.6242,1.3939,1.4485,2.2424,1.0727,1.3576,2.897,2,1.703,2.1515,0.8848,1.503,2.0182,2.0667,0.5758,0.2303,3.0788,1.3152,1.0788,0.4121,1.4909,0.7152,1,2.0788,0.6121,0.4424,1.7394,1.8424,2.9394,2.7939,0.2727,2.103,3.7818,2.4121,0.1333,0.2242,3.9879,2.6121,2.1333,0.4364,1.7394,1.097,0.8606,1.9152,0.7515,0.5576,1.8909,1.9758,2.6727,2.8182,0.4788,2.0788,3.7879,2.1212,0.1394,0.3091,4.4848,2.6727,1.9879,0.5939,1.4606,1.7515,0.7455,0.5758,1.0545,0.8424,1.2182,1.6606,0.8545,0.7394,1.1273,0.5939,0.4424,0.897,0.4848,0.0242,1.0303,0.5939,0.2121,0.3212,1.4424,0.8545,0.7333,1.3515,0.697,0.5152,1.4121,1.5879,1.9333,2.0303,0.4242,1.5273,2.7697,1.6909,0.2182,0.2121,3.1939,1.9636,1.3212,0.7273,1.6182,0.7515,0.8182,2.5273,0.5697,0.5879,2.8909,1.7939,2.9758,3.4061,0.3091,2.4606,4.2364,2.1879,0.4121,0.2424,4.3576,2.3697,2.3273,1.1455,2.5939,1.8424,2.0667,2.5152,1.8667,1.6061,3.1273,2.6121,1.903,2.0242,1.4848,1.6606,2.1273,3.8606,0.7273,0.4364,3.9273,1.8848,1.1394,0.4061,0.2848,0.5636,0.9697,0.7333,0.4606,0.6424,0.4,0.697,0.3818,0.2303,-0.0061,0.2545,-0.0667,0.8,0.2545,0.2909,0.4424,0.103,0.1697,0.4606,0,0.1758,0.6182,0.4061,0.2061,0.3455,0.3455,0.3273,0.5394,0.2242,-0.3758,0.4485,-0.0485,0.4667,0.1273,0.3394,0.2606,0.1212,0.4303,1.0788,3.3636,1.9394,2.3576,3.2303,1.7394,1.7091,3.6545,2.897,3.3697,3.6424,1.8,2.7879,4.0545,3.503,0.6606,0.4061,5.3273,2.4,2.5152,0.3576,1.1576,0.503,0.5697,1.5818,0.4788,0.5697,2.5879,1.1697,1.903,2.3636,0.3697,1.6545,2.7515,1.3576,0.2121,0.103,2.897,1.3576,1.5212,0.1455,0.9636,0.2848,0.4909,1.5758,0.5273,0.3333,0.7636,1.2303,2.2364,2.0121,0.0121,1.5939,2.8667,1.7455,0.0242,0.3333,3.1152,2.1394,1.5758
positive42-2.txt_gi|149287112|gb|ABR23455.1|,0.3353,0.5838,0.5607,0.9595,0.3353,0.5549,0.7514,0.2428,0.9306,0.4335,0.3931,0.4566,0.1445,0.6012,0.8497,0.474,0.3295,0.7168,0.7746,0.289,0.3931,1.0231,0.7688,1.4162,1.6532,0.1098,0.5434,1.6763,1.3353,1.5029,1.6821,0.4277,0.7977,1.9364,1.7283,0.0231,0.2775,2.4855,1.3757,1.052,0.2659,0.7919,0.5723,1.3179,1.7283,0.341,0.6994,1.1503,1.0462,1.3121,1.6185,0.289,0.6936,1.3988,1.4393,-0.0058,0.4509,1.7457,0.9942,0.9075,0.3642,1.2081,0.8671,1.7746,2.3757,0.8555,1.2254,1.6127,1.6127,1.341,1.815,0.8266,0.8728,1.6185,2.0636,0.0694,0.1156,2.5087,1.2832,0.8728,0.8613,2.1618,1.763,1.9769,2.1734,1.289,1.6705,1.4624,2.0173,2.3295,2.5954,1.7572,1.7341,2.4566,2.5896,0.5491,1.1214,3.6474,2.0578,1.8671,0.0347,0.5318,0.2659,0.4913,0.8092,-0.0751,0.1908,0.896,0.9595,0.7457,0.9133,0.1503,0.3237,1.0116,1.0694,-0.1965,-0.1676,1.1965,0.8324,0.4451,0.2659,0.6647,0.3006,0.7457,1.8786,0.1329,0.3873,1.0289,1.1965,0.9884,1.3064,0.3295,0.526,1.2717,1.5607,-0.1098,-0.1098,1.6821,0.9538,0.6127,0.578,1.341,1.4509,2.6994,1.6879,1.5665,2.0578,1.4162,1.8555,1.104,1.2428,1.1098,0.6474,1.6647,1.9306,0.8902,0.6012,2.4971,1.6012,0.6936,0.7803,1.2081,1.0405,1.3353,2.6994,0.4104,0.7225,1.4798,1.289,1.6532,1.8208,0.8671,1.0116,1.6243,2.526,0.4682,0.8035,2.4104,1.0694,1.2948,0.2948,1.4393,1.341,1.237,1.9306,0.4798,0.6243,1.4046,1.4566,2.3237,2.4509,1.052,1.6416,2.4913,2.1156,0.2023,0.8266,3.6532,1.9191,1.8555,0.3064,1.4913,1.3295,1.1272,2.2543,0.3179,0.4624,1.7052,1.5434,2.6416,2.7746,1.1098,1.9191,2.8844,2.185,0.0462,0.6705,4.3584,2.1561,2.1098,0.2081,0.6936,0.3815,0.8382,1.2254,0.0347,0.3237,1.2832,1.1098,1.2254,1.474,0.1734,0.6821,1.9364,1.185,-0.1908,-0.0116,1.9827,1.3584,0.8092,0.185,0.9422,0.8266,0.6012,1.1618,0.0694,0.1734,1.237,0.9191,1.5318,1.5954,0.6763,1.0636,1.7399,1.3526,0.0231,0.4566,2.5202,1.2659,1.2543,0.9133,1.9711,1.6936,1.5607,2.9422,0.8266,0.9017,1.8613,1.6301,2.474,2.5491,1.5665,1.8497,2.4509,2.6012,0.6763,1.1561,3.7919,1.7457,2.0751,0.3064,1.7052,1.2197,1.9017,2.2197,0.8439,1.4104,1.8324,2.2832,2.185,2.6358,1.2717,1.4335,2.9191,2.4509,0.0231,0.2543,3.9133,2.6069,1.5145,0.0462,0.3757,0.1503,0.7457,0.2775,0.2717,0.4971,0.0809,0.5723,0.2428,0.3988,0.0347,0.0116,0.3642,0.3699,0.0058,0.2197,0.2659,0.4393,0.0809,-0.0289,0.1676,-0.0694,0.0578,1.0405,-0.2543,-0.2081,0.0405,0.5434,1.185,1.2717,-0.104,0.6416,1.0173,0.3064,-0.422,0.1676,1.0636,0.8786,0.9364,1.3757,2.9711,2.3988,2.659,3.9075,1.4335,1.8786,2.8439,2.7341,3.237,3.4335,2.5954,2.3931,3.5376,3.8786,0.948,1.2023,5.3353,2.6936,2.6127,0.7977,1.5491,1.5087,1.2139,2.4451,0.578,0.6647,1.526,1.341,1.9942,1.948,1.3584,1.4913,1.896,2.2717,0.763,0.9306,2.8035,1.289,1.6532,0.1618,1.0405,1.0405,0.9133,1.3006,0.3642,0.474,0.9884,1.2543,1.8671,1.896,0.763,1.2543,2.0751,1.5549,0.1503,0.5838,2.7919,1.711,1.4855
positive42-2.txt_gi|149287084|gb|ABR23441.1|,0.358,0.5988,-0.0247,0.1358,0.8333,0.2346,0.1111,0.2778,0.4444,0.6481,0.5247,0.3272,0.4198,0.679,0.5432,0.0926,0.2593,0.8457,0.6173,0.5432,-0.0494,1.0802,1.0494,1.8519,0.5309,0.963,1.3395,1.8704,1.6111,0.5556,0.5062,0.9383,0.358,1.3272,1.6235,0.1296,-0.284,2.1852,1.1605,0.2346,-0.0988,0.8642,1.1728,1.5741,0.784,0.5988,0.9012,1.5062,1.3272,-0.0309,-0.0802,0.4938,-0.1049,0.6605,1.0864,0.2222,0.037,1.3889,0.716,-0.2716,0.0062,1.0185,1.7901,1.9691,1.7531,0.784,0.9012,1.7778,2.0556,1.1235,0.9444,0.5617,0.6235,1.6235,1.784,0.4321,0.5185,2.5802,1.5123,0.5802,1.0679,1.5309,0.1914,0.9383,2.7716,0.8642,0.6111,1.5062,1.6605,2.0679,1.9753,1.3086,1.4753,2.8086,2.0802,0.358,-0.1852,3.284,2.2654,1.4753,-0.1235,0.7963,1.2469,1.4753,0.4259,0.6358,0.858,1.3765,1.3395,0.4012,0.3395,0.5556,0.2037,0.8827,1.0864,0.2469,0.2222,1.6049,0.784,0.1235,-0.2778,0.6173,1.5,1.7037,0.4568,0.6173,0.8827,1.3704,1.5123,0.3086,0.1852,0.358,0.0802,0.7654,1.0988,0.2901,0.5,1.6914,0.7778,0.0556,0.1914,1.2593,0.4198,1.2037,2.1111,0.7407,0.7593,0.9136,1.6667,2.2901,1.9877,0.6543,1.5,2.2284,2.142,-0.1975,0.1914,2.8148,1.9321,1.6358,0.2901,1.3457,1.2469,1.963,1.4383,0.9444,1.1543,2.5556,2,1.216,1.2284,0.9444,0.7963,2.0679,2.1543,0.2222,-0.1049,3.1358,1.6358,0.6667,1.0494,1.4691,0.6605,1.2284,1.8951,1.1358,0.821,1.7593,1.6235,1.4444,1.5802,1.1173,1.1235,2.1296,1.9506,0.5617,0.0741,3.0062,1.7593,0.9506,0.9877,1.5679,0.5617,1.1481,1.5802,1.0926,0.8395,1.7593,1.5185,1.2654,1.4444,1.2407,1.0247,1.9815,1.9506,0.5679,0.1296,3.0185,1.6358,0.821,-0.1728,0.8889,1.2469,1.8519,0.1543,0.9136,1.2407,1.5185,1.3704,0.0802,-0.0062,0.8272,0.037,0.6605,1.3457,0.2901,-0.1235,1.4198,0.6481,-0.1235,0.5741,1.1481,0.4568,0.821,0.9444,0.7531,0.5802,1.179,1.0494,0.9444,1.0432,0.8519,0.7346,1.3333,1.2901,0.3086,0,1.9506,1.0494,0.5802,0.8333,1.5062,0.2963,1.1543,2.1667,0.9568,0.6852,1.821,1.784,2.5432,2.858,1.0432,1.8765,3.0432,2.716,0.037,-0.0741,3.9074,2.3025,1.7037,0.4074,1.4877,1.5926,2.0988,2.0802,1.1728,1.179,2.0679,2.4198,2.0556,1.8765,1.0494,1.3333,2.5741,2.4198,0.4691,0.1728,3.463,2.2654,1.2963,0.0123,0.4012,0.3148,0.3519,0.3333,0.0679,0.0988,0.6667,0.4877,-0.1667,-0.2099,0.0494,-0.1728,0.2716,0.2654,0.0802,0.0494,0.4938,0.3519,-0.2407,0,-0.2099,-0.1235,0.1173,0.4198,-0.0556,0.0247,0.0432,0.4753,-0.1728,-0.1914,-0.3086,-0.2654,0.5864,-0.0432,-0.142,-0.2716,0.5185,0.963,-0.216,0.8704,1.8148,0.5556,1.9383,3.0247,1.2963,1.2284,2.3519,2.7284,3.8333,3.6358,1.3272,2.5247,4.284,3.6173,-0.1605,-0.1358,5.3457,3.5062,2.8148,0.6605,1.2593,0.4753,1.3025,1.5556,0.8827,0.8704,1.963,1.6481,1.8395,2.0123,0.9877,1.3272,2.5432,2.2222,0.0679,-0.2654,3.2654,1.8889,1.2222,0.7346,0.9259,0.4383,0.8765,1.3395,0.8395,0.6111,0.9383,1.1543,1.0247,1.0556,0.7222,0.7654,1.4753,1.2593,0.3827,0.0617,1.963,1.3148,0.7037
positive42-2.txt_gi|114153056|gb|ABI52694.1|,0.44,0.5829,0.2914,0.2229,1.0057,0.36,0.4571,0.6057,0.5371,0.7429,0.5714,0.1943,0.5029,0.7314,1.0686,0.3371,0.2914,1.2629,0.8114,0.5486,0.3086,1.3886,1.1829,1.2457,2.1029,0.6571,1.1371,2.1257,1.8971,1.5029,1.6457,0.7429,1.2057,2.2857,1.8857,0.28,0.0343,3.08,1.6629,0.8514,0.3829,0.7314,0.5314,0.6914,2.1429,-0.16,0.4286,2.4571,0.9371,1.1314,1.0286,0.2286,0.7029,1.5429,1.2343,0.2286,-0.0971,2.6229,1.3257,0.7886,0.4229,0.3429,0.3486,0.3029,3.04,-0.3943,0.04,2.1371,0.64,1.7029,1.6286,-0.0857,1.0571,2.04,1.92,0.1429,-0.1657,2.8629,1.4171,1.2514,0.7086,2.2629,1.6229,2.5886,3.96,0.7029,1.8057,1.9314,3.0171,2.7314,2.3943,1.2571,1.8857,3.0914,3.3886,0.2114,-0.1714,4.0971,2.3257,2.1714,0.2629,0.44,0.4,0.3257,1.1657,0.0686,0,1.2229,0.5086,0.6114,0.7543,-0.1429,0.56,0.64,0.52,0.2457,-0.0343,1.6057,0.4057,0.2971,0.4514,0.5543,0.3143,0.4514,2.28,0.0229,0.1314,1.9486,0.7086,1.4343,1.6457,-0.0171,1.1086,1.5429,1.36,0.1314,0.1886,2.2914,0.88,1.0229,0.6914,1.9543,2.1486,2.2057,2.56,0.9257,1.5429,2.56,1.8114,1.52,1.04,1.1257,0.8857,1.88,3.0286,0.4057,0.2,2.7714,1.4343,0.9943,0.5886,1.6114,1.72,1.7714,2.7086,0.4629,1.5371,2.2686,2.0857,2.0343,2.0514,0.7943,1.32,2.36,1.8571,0.36,-0.0286,3.5486,1.6571,1.56,0.6343,2.1143,1.3771,1.28,2.1829,0.8114,1.5771,1.4629,2.5714,2.2971,1.9029,1.1714,1.7314,2.7943,2.3771,0.4514,0.4629,3.5086,2.3371,1.7257,0.6514,1.9943,1.2743,0.9543,1.8343,1.0857,1.36,1.0686,2.4457,2.0514,1.7886,1.1943,1.6571,2.4914,2.1829,0.3543,0.3257,3.3143,1.9657,1.6971,0.1943,0.6743,0.6,0.6857,1.1029,0.3886,0.5429,1.3943,0.8343,0.9143,0.8857,0.1829,0.6857,1.2286,1.1371,0.2857,-0.1371,1.7029,0.9257,0.2686,0.4686,1.5771,0.7257,0.5771,1.48,0.5943,0.8914,0.8114,1.5714,1.8686,1.6057,1.08,1.4514,1.9143,1.4514,0.1143,0.3829,2.4571,1.4629,1.5371,1.0343,2.3714,1.5657,1.92,2.8114,1.2514,2.12,1.9371,2.7429,2.4229,2.28,1.7714,1.7714,3.0514,2.4514,0.7257,0.5829,3.7429,2.2514,2.1086,0.7886,1.8514,1.0857,1.5314,2.76,0.68,1.3371,2.5086,1.9086,2.5543,2.2629,0.72,1.6629,2.7829,2.8571,0.0057,-0.5086,3.5314,1.72,1.8171,0.1429,-0.1429,-0.1486,0.1429,0.8343,-0.36,-0.1486,0.6286,0.1257,0.36,0.1829,-0.4229,0.1657,0.4571,0.3029,0.1143,-0.1657,0.5543,0.3943,0.3829,-0.36,-0.0286,-0.5829,-0.4571,0.1943,-0.4286,-0.2229,-0.3543,-0.1429,0.5543,0.7143,-0.2571,0.5771,1.0629,-0.0229,-0.3714,0.1257,1.0857,0.9829,0.4857,0.8057,3.2171,1.9371,2.6457,3.9829,1.9486,2.4686,2.5314,3.4057,3.7771,3.3886,2.3429,2.8971,3.8057,3.44,0.1371,0.2171,5.1143,2.7314,3.1886,0.52,1.7771,0.7829,1.3371,2.1714,0.88,1.6686,1.2229,2,1.9371,2.1657,1.4571,1.48,2.2229,1.4629,0.0857,0.0114,2.7486,1.6686,1.7943,0.56,1.4743,1.0629,0.7086,1.7257,0.5543,1.1486,0.8914,2.1714,1.68,1.48,0.7486,1.3714,2.2857,1.5714,0.5943,0.7657,2.9257,2.1429,1.24
positive42-2.txt_gi|114153282|gb|ABI52807.1|,0.3659,0.8699,0.4959,1.0407,1.2846,0.6992,0.6341,1.3252,0.8943,0.7886,0.8618,0.5122,0.561,0.9919,1.2683,0.2764,0.2358,1.1951,0.3171,0.4309,1.1301,1.6341,1.3252,0.748,1.561,1.2846,1.065,2.7236,2,1.0894,1.4228,1.1057,1.0407,1.5854,2.0488,1.0407,0.8862,2.5366,1.439,0.9431,0.6748,0.6992,1.1301,0.3415,2.626,0.6504,0.5691,1.7642,0.9024,0.8374,0.8455,0.3008,0.6667,0.626,0.9756,0.4309,0.5041,1.935,1.0081,0.5854,0.2846,0.7886,1.8537,0.5366,2.8862,0.5203,0.2683,1.4959,1.2195,1.0894,1.2927,0.252,0.7967,1.4309,1.2114,0.3089,0.3902,2.0894,1.4797,0.8943,0.9106,1.9106,0.5528,2.6667,3.2602,1.5285,1.7398,2.0488,1.3577,2.1138,2.5691,1.2927,1.5366,1.2927,2.8211,0.4065,-0.1138,2.5854,-0.1626,1.374,0.748,1.122,1.1463,0.5366,1.2927,0.8455,0.6179,2.1789,1.3415,0.7967,1.0813,0.8943,0.748,1.3252,1.3252,0.8943,0.6911,2.0163,1.1301,0.6423,0.5122,0.6016,1.6585,0.8374,0.7642,0.5122,0.439,1.813,0.9837,0.1951,0.5285,0.5772,0.374,0.8211,1.0244,0.8455,0.6992,1.5772,0.4797,0.1301,1.1057,2.2927,2.0894,2.0894,3.0325,2.1545,1.2439,3.9837,2.2927,1.8537,2.0163,1.3496,1.3577,1.6423,2.7154,1,0.7154,3.1707,1.0813,1.1789,0.8943,1.2683,1.4959,1.4553,1.7642,1.2683,1.3415,2.5122,1.6748,1.0894,1.4146,0.9675,0.8374,1.1951,1.9512,1.122,1.2602,2.3902,0.9756,0.7805,0.9268,1.4959,-0.4228,0.2846,2,0.6911,-0.1463,1.4959,1.0325,2.2846,2.439,0.8211,1.8293,2.9837,2.9593,0.1789,0.0488,3.2846,1.3171,1.5854,1.1138,1.6585,0.0081,0.4959,2.5122,0.9675,0.1951,1.9187,1.3333,2.3902,2.7805,0.9187,1.9106,2.8943,2.7967,0.4472,0.0732,3.9187,1.3171,1.6585,0.8943,1.1382,1.2276,0.0081,0.7642,0.7398,0.3659,1.7317,1.8374,0.6016,0.7561,0.5447,0.8862,1.374,1.0081,0.7561,0.2602,1.8537,1.4715,0.4309,0.561,1.2033,0.1138,0.3496,1.3496,0.8537,0.2276,1.4309,1.0813,1.7236,1.9919,0.7073,1.3252,2.1707,1.7886,0.1382,-0.122,2.7236,1.252,1.1138,1.2439,1.4228,0.252,1.0976,1.8618,0.9431,0.7724,1.5447,1.2846,2.3496,2.5122,0.8455,1.9837,1.935,2.3659,0.6423,0.6423,2.626,1.0813,1.9187,1.6829,2.2358,1.6179,1.6829,2.7154,1.3333,0.7317,3.3333,2.5203,2.4146,2.4634,1.0488,1.6585,2.2195,2.6911,0.9919,0.3821,3.1789,1.0569,1.7642,0.3252,0.8537,1.1707,1.4309,1.0163,0.7154,0.9024,1.4472,1.0081,-0.0732,0.0244,0.4065,0,-0.0732,0.6829,0.3821,0.0813,0.439,-0.1545,-0.2276,0.626,0.5122,0.1789,0.7236,0.8374,0.6341,0.8049,0.7236,0.0081,0.3333,0.0081,0.2033,0.1545,-0.1707,0.6179,0.4959,0.2683,-0.0894,-0.8699,0.1707,1.5528,2.3333,1.2033,2.122,2.9919,2.1463,1.6829,3.0244,2.0244,3.5772,3.748,1.7398,2.5285,2.2358,3.4878,1.0081,1.0244,3.6179,0.6423,2.9268,0.7561,0.6098,0.5528,1.5528,0.2033,0.7967,1.3659,0.9919,0.5285,0.9675,0.9512,0.9593,0.561,0.2683,1.7561,0.7561,0.748,0.5528,-0.3496,0.7317,0.5854,0.9187,-0.7073,0.0894,1.2439,0.3252,-0.3496,0.7073,0.5285,1.9593,1.8699,0.6748,1.439,2.5447,2.4228,-0.0244,-0.1789,2.439,0.8211,1.2439
positive42-2.txt_gi|114153198|gb|ABI52765.1|,-0.3033,0.9836,0.5656,0.7787,0.8033,0.918,0.6311,0.4508,0.9262,0.2705,0.377,0.7459,0.3279,0.541,1.1885,-0.0492,-0.2541,1.4672,0.6557,-0.1066,0.8689,1.4344,1.3361,1.1475,2.3852,1.082,0.877,2.6885,2.0164,1.3607,1.541,1.1967,1.2705,1.4508,2.1721,1,0.0246,2.4508,0.9672,0.7377,1.0492,0.7787,1.0492,-0.0656,2.5492,0.4098,0.1557,1.7131,0.918,0.4508,0.4426,0.5984,0.3279,0.1148,1.1803,0.8033,0.2295,0.7951,0.2705,0.7049,0.6557,0.7541,1.2541,0.582,2.1967,-0.0984,0.0246,2.918,1.0082,0.8033,0.6393,0.7377,0.2295,0.3607,1.8115,0.7295,0.377,1.2049,0.3525,0.7869,0.5164,2.2295,0.4426,1.6148,4.4508,0.8934,1.1721,2.4836,2.4016,3.2213,3.4262,1.4508,2.3361,3.1475,3.4918,0.3525,0.3279,4.2869,2.1639,2.0328,0.3852,0.8361,1.0656,0.6803,1.123,1.1311,0.7869,1.5902,0.9836,0.5164,0.7869,0.7541,0.7213,0.418,1.0082,0.6311,0.1393,0.7295,-0.1393,0.3852,0.541,0.6885,1.1557,0.918,1.3361,0.2377,0.3525,2.0246,0.6967,0.1803,0.4836,0.8443,0.1557,-0.1639,0.9016,0.6393,0.2541,0.4344,-0.4672,-0.041,1.2869,2.2459,1.377,1.1639,3.7623,1.2459,0.3934,3.582,2.5246,2.7049,2.5164,1.3115,1.7541,2.4754,3.6967,0.9754,0.3279,3.8361,1.5164,1.8689,1.1557,1.7377,1.5164,1.4426,3.1393,0.8361,0.8197,2.918,2.0738,1.623,1.7623,1.1721,1.3607,1.5656,2.5656,1.1557,0.8115,2.5328,0.6557,1.1967,-0.1803,2.1148,0.1148,0.7705,2.1721,0.7869,0.6148,1.5984,2.0738,2.4672,2.7131,1.2705,2.1066,3.5656,2.7213,-0.1393,0.0656,4.2541,2.5492,1.5492,0.0082,1.9918,0.3361,0.7295,2.3934,0.9672,0.959,2.0984,2.3607,2.3279,2.6721,1.0492,2.0328,3.8115,2.7459,0.0738,0.0902,4.7623,2.5082,1.1311,0.6721,0.7295,1.2787,0.7951,1.5082,0.5492,0.5082,1.8115,1.3197,0.877,1,0.5492,1.0246,0.8934,1.4016,0.6066,-0.0164,1.3279,0.6148,0.3525,0.1393,1.4754,0.7131,0.6885,1.7459,0.8197,0.7787,1.4426,1.918,1.582,1.8197,0.8279,1.4754,2.7295,1.9508,0.2705,0.2049,3.1803,1.8852,0.918,0.5492,1.9754,0.7623,1.0164,2.6639,0.459,0.459,2.1148,2.4016,2.918,2.9836,1.0902,2.4426,4.0328,2.5328,0.3443,0.6639,4.1967,2.582,1.8852,1.0902,2.4508,1.2951,2.541,3.6148,1.1967,1.3197,3.8115,2.4836,2.3525,2.5246,1.5246,1.6803,2.2869,3.5082,0.4918,-0.0902,4.2623,1.0574,1.582,0.3197,0.5164,0.9508,0.8607,1.1066,0.4344,0.4508,0.7295,0.582,0.041,-0.0492,0.4754,0.0656,-0.2787,0.8443,0.3525,0.1557,0.4016,-0.1311,-0.0082,0.0492,0.5082,-0.0082,0.8197,0.8033,0.459,0.9262,0.0738,0.1639,0.1967,0.0082,0.2459,0.0656,-0.0902,0.5902,-0.1639,-0.1803,0.082,-0.2049,0.2131,1.1148,2.7705,0.959,1.4262,4.0902,0.9918,0.7705,3.3689,3.0902,4.0082,3.918,1.877,2.8033,4.4426,3.7705,0.7541,0.7951,4.8689,2.2131,2.8197,0.5902,1.2623,0.5738,1.3443,1.3197,0.3033,0.6393,1.1393,1.5164,1.5164,1.5328,0.7131,1.123,1.8361,1.2787,0.4344,0.7541,1.7131,0.7623,1.3115,-0.6885,1.8607,-0.3443,0.3033,1.0082,0.7377,0.6148,0.4016,1.3443,1.8361,2.2705,0.9672,1.7377,2.6721,1.5328,-0.5492,-0.4098,3.1148,1.7787,0.9098
positive42-2.txt_gi|114153166|gb|ABI52749.1|,0.5827,0.874,0.4252,0.9764,0.9764,0.5512,0.9528,0.9449,0.8425,1.1496,1.0315,0.6299,0.5669,1.1181,0.8504,0.2362,0.3228,1.1654,0.6772,0.937,1.0787,0.7244,0.5197,0.6299,1.2126,0.7795,0.3937,1.1732,0.8504,1.5276,1.5591,0.7795,0.937,1.2126,1.0709,0.5433,0.2756,1.0709,0.8976,1.3071,0.5197,0.5276,1,0.6535,0.811,0.4094,0.1969,1.1181,1.0394,1.0157,0.9764,0.5591,0.5197,1.1102,1.0315,0.6378,0.7087,1.126,1.1102,0.8031,0.7559,1.0472,1.3543,1.1654,1.2756,0.7165,0.5669,2.0787,1.5669,1.2992,1.3465,1.0157,0.9055,1.3386,2.2598,0.5984,0.3228,1.4488,1.0394,1.0157,1.1732,1.2598,0.937,2.4331,2.8819,0.7953,1.9134,2.1024,1.8189,2.6142,2.0079,0.5827,1.0866,2.5276,2.063,0.7087,0.4331,2.5984,1.5591,1.8898,0.4409,1.0157,0.685,0.4094,0.1417,0.9055,0.5118,0.6929,0.7165,0.2598,0.5354,1.4252,0.4094,0.2677,0.7323,0.5118,0.1654,0.3307,0.315,0.2835,0.3622,0.8898,0.9213,0.4646,0.1575,0.8268,0.4173,0.9843,1.1024,0.4724,0.7717,1.1654,0.5276,0.5433,0.9764,0.3622,0.063,0.3937,0.5906,0.4173,1.1496,1.5748,0.9213,1.4803,2.7244,0.685,0.9606,2.5433,1.5669,2.0157,2.0236,1.1969,1.1417,2.1496,1.874,0.5039,0.3622,2.9685,1.3858,1.4961,0.8583,0.8346,1.0236,1.4409,1.6142,0.622,0.6929,1.748,1.4646,1.8268,1.6535,0.6299,0.937,1.9921,1.4567,0.6772,0.7244,2.6299,1.5276,1.3543,0.6299,1.5118,0.8583,1.5354,1.9449,0.3622,0.5984,1.8031,2.1732,2.8346,2.4016,0.2205,1.4488,3.6063,1.685,-0.0236,0.189,3.4331,2.7795,1.8504,0.5512,1.252,0.8819,1.5827,1.7165,0.4252,0.622,1.811,1.9843,2.2362,1.8425,0.2362,1.0472,3.0315,1.6063,0.063,0.1417,3.2283,2.4961,1.4409,0.5354,0.4488,0.4724,0.4567,0.5748,0.6614,0.2205,0.7953,0.5591,0.7244,0.7244,0.6378,0.4803,0.5748,0.7165,0.2598,0,0.252,0.4252,0.6929,0.2835,1.1969,0.4882,0.7638,0.874,0.3858,0.3386,0.9606,1.1969,1.189,1.0787,0.4094,0.6614,1.7953,0.7795,-0.0157,0.1102,2.1339,1.4803,0.7008,0.7953,1.3071,1.6693,2.8425,2.2598,0.6378,1.3307,2.5433,2.189,2.4961,1.9291,0.3937,1.0787,2.8583,2.3071,0.6299,0.7087,3.0866,1.9449,1.6457,1.748,1.0157,0.4016,0.8898,3.1181,0.3307,0.2441,2.2283,1.2598,2.4488,2.2205,0.5276,1.2598,2.378,1.8661,0.4803,0.7402,3.1024,1.5748,2.063,0.2992,0.3937,0.6457,0.7717,0.2913,0.4567,0.6299,0.7244,0.4252,0.2598,0.2441,0.5512,0.1417,0.1102,0.7008,0.4567,0.5669,0.1811,0.0157,0.3228,0.3307,0.3937,0.5433,0.4567,0.4331,0.2677,0.2835,0.5197,0.2677,0.2441,0.2913,0.3937,0.1024,0.0945,1.0315,0.4724,0.7087,-0.1024,-0.0709,0.2598,1.3701,1.2992,1.2992,2.4331,3.748,0.5197,0.8504,3.2913,1.748,2.5748,2.2205,0.5669,1.4173,2.5354,3.1496,0.8583,0.9291,3.126,1.3386,1.8819,0.7008,0.8268,1.2047,2.2205,1.685,0.4803,1.0394,1.7165,1.4173,1.9213,1.4331,0.3307,0.7795,1.9843,1.6142,0.7402,0.9134,2.0866,1.2047,1.3228,0.4252,1.4646,0.5433,0.9528,1.3701,0.3465,0.4646,1.1575,1.6299,2.0787,1.8583,0.4094,1.1102,2.7559,1.126,-0.1181,0.0945,2.4882,2.0551,1.3228
positive42-2.txt_gi|114153124|gb|ABI52728.1|,0.8257,0.1835,0.1284,0.7982,1.4128,0.0917,0.1468,1.3211,0.4954,1.3486,1.3761,-0.0183,0.7431,1.156,1.1009,0.3119,0.3578,1.6239,0.7156,1.0367,0.367,0.5505,0.4312,0.8073,0.3394,0.4771,0.5321,1.3211,0.945,0.789,0.8807,0.5046,0.6239,1.211,1.9817,0.1009,0.0642,1.5046,0.7706,0.6147,0.5872,0.8807,1.1743,1.5596,0.1193,0.6972,1.422,1.8899,1.2752,-0.1101,-0.2294,0.6514,-0.1835,0.4954,1.0459,0.6514,0.367,1,0.5413,-0.0183,0.8716,1.211,1.6789,2.2202,1.7982,0.5872,1.2018,2.8073,1.4679,0.6697,0.5596,0.9817,0.2385,1.1468,1.7156,0.9725,0.8073,2.0367,0.7156,0.4679,1.8165,1.2294,0.4862,1.7248,3.3119,0.633,0.789,3.4954,1.367,2.055,1.6422,0.3028,0.9633,2.0917,2.1193,0.6147,0.8899,3.7339,1.5138,1.8257,0.2385,0.422,0.7982,0.6789,0.2569,0.1651,0.3394,1.1468,0.633,0.3761,0.4128,0.6881,0.2844,0.8349,0.9908,0.3945,0.2385,0.8532,0.3945,0.2661,0.2294,0.5321,0.9908,0.8716,0.4771,0.0917,0.3394,1.3394,0.6239,0.211,0.367,0.8624,0.1651,0.6697,0.945,0.4679,0.4495,0.789,0.2385,0.1193,1.8899,1.2385,1.4037,2.6606,3.4495,0.8349,1.2018,3.945,1.8624,2.2569,1.9174,0.789,1.1835,2.4495,2.945,1.5413,1.1743,3.8532,1.6972,1.7706,0.5046,1.1101,0.8807,1.1101,0.9083,0.5688,0.6239,1.9908,1.2294,1.2752,1.156,0.8349,1.0826,2.0734,1.4495,0.3578,0.3578,2.4037,1.3578,0.9541,0.6422,0.9358,0.5138,1.1835,2.2018,0.7523,0.5321,2.055,1.5321,2.1101,1.7431,0.3853,1.211,2.6697,1.6422,0.0642,0.2936,3.9174,2.3028,1.6514,0.5505,0.578,-0.0826,0.7156,2.1835,0.6606,0.2844,1.5046,1.1193,2.1193,1.7248,0.2294,1.2661,2.4862,1.3486,-0.2202,0.1009,3.7431,2.1009,1.7615,0.3486,0.211,0.2752,0.6514,0.1101,0.1468,0.3211,0.8991,0.6606,0.5596,0.6514,0.422,0.3486,0.5505,1.4954,0.0826,0.0642,0.6789,0.3028,0.4862,0.3761,0.3394,0.0183,0.4954,1.2294,0.4128,0.211,1.0275,0.7523,1.4771,1.1376,0.1927,0.8532,1.6606,1.0275,-0.1193,0.0917,2.3486,1.3945,1.2752,0.7064,1.5688,0.633,1.5321,2.0734,1.0826,0.7064,2.2202,1.6606,2.4954,1.8899,1.0183,1.4587,2.6881,1.7156,0.1009,0.5413,4,2.422,2.055,1.3211,0.6422,0.7798,1.5688,2.4312,0.3028,0.3853,2.7615,1.2202,2.422,2.4679,0.4128,1.4495,2.3303,3.0183,0.9083,1.2385,3.2844,1.422,1.8991,0.6239,0.3394,0.3853,0.9725,0.4312,0.211,0.6514,1.0642,0.5505,0.422,0.3303,0.211,0.0826,0.2844,0.5963,0.3394,0.3119,0.5596,0.2018,0.4128,0.3119,0.211,0.5596,0.7706,0.3486,0.2752,0.578,0.9174,1.1376,0.7156,0.5505,0,0.2294,0.8073,0.6881,0.1101,0.3486,1.1743,0.9908,0.6606,1.578,1.7523,1.0826,2.2477,3.6147,1.055,0.8807,3.9174,2.2569,3.8991,3.0092,1.2018,2.1651,3.8349,3.156,0.5413,1.1284,5.4954,3,3.3578,0.4037,1.4404,0.844,1.0642,1.2018,0.7615,0.4862,1.7431,1.3303,1.8716,1.4312,1.055,1.2018,2.0917,1.2936,0.1101,0.3394,2.7982,1.7248,1.4771,0.5505,0.578,0.5963,0.9358,1.7523,0.4495,0.3028,1.7248,1.3211,1.7798,1.5413,0.2477,0.9908,2.1927,1.4404,0.1927,0.3394,3.0734,1.8991,1.367
positive42-2.txt_gi|114153090|gb|ABI52711.1|,0.6116,0.5124,0.438,0.6694,1.2149,0.314,0.6116,0.843,0.6529,1.0496,0.9339,0.5702,0.7025,1.5868,1.0661,0.3719,0.562,1.5702,0.876,0.8926,0.7025,1.2562,1.3884,2.8264,1.1074,1.4463,1.5868,1.7603,1.2645,1.1405,0.9339,1.5372,0.8264,0.843,1.719,0.8926,0.6281,1.9008,0.9421,1.1736,0.7686,0.8182,0.7438,1.3306,1.314,0.4876,0.7686,1.1653,0.8099,2.1818,2.2231,0.4959,1.6364,2.0413,0.9256,0.2479,0.8182,1.9256,1.2149,1.7934,0.7438,1.4711,1.8512,2.1488,2.0413,0.7934,1.124,2.2727,1.6281,2.4876,2.6529,1.0331,1.9339,2.314,1.5537,0.4959,0.9669,2.8595,1.5207,1.9917,0.8099,1.5537,1.0165,2.0331,2.9339,1.0413,1.9835,1.6694,2.6033,2.1653,2.3223,0.9421,1.2066,3.1157,4.3554,0.314,0.686,4.1983,2.4298,1.4463,0.3223,0.562,1.0413,1.7521,0.5289,0.8512,0.9008,1.3306,1.2066,0.4298,0.4132,0.6446,0.4298,0.8512,0.4628,0.4711,0.1736,1.1074,0.719,0.4463,0.5702,0.8182,1.1488,1.7521,1.2645,0.6694,0.8264,1.595,1.2066,1.0909,1.124,0.8595,0.8843,1.0826,0.595,0.4711,0.3719,1.4959,0.8512,1,1.1322,1.0661,1.4215,1.7438,3.2149,0.3636,0.8926,1.6694,0.8512,3.562,3.281,0.6198,2.4215,2.8678,1.719,0.686,2.0661,3.2231,1.6033,2.9835,0.9669,1.3636,1.1074,1.6446,1.4215,0.595,0.7769,2.0909,1.2893,1.843,1.7355,0.9174,1.2645,1.8182,1.2397,0.6777,0.7769,2.5455,1.7107,1.7107,0.8512,1.9504,1.2645,1.8182,2.4132,1.0826,1.1736,2.0992,2.1322,2.157,2.4298,1.0413,1.4545,2.4711,3.3554,0.6281,0.8017,4.124,2.2231,1.6777,0.7025,2.1322,1.4215,2.1736,2.4215,1.2893,1.3802,2.0331,2.2066,1.9504,2.1983,1.1405,1.2975,2.2066,3.124,0.7107,0.7769,4.281,2.2562,1.4959,0.7355,0.562,0.9091,1.876,1.0331,0.9174,1.0083,1.4876,0.8512,0.7934,0.5785,0.9587,0.5702,0.719,0.8926,0.6364,0.3802,1.2479,0.6612,0.8926,0.5455,1.3306,1.2314,1.6777,1.5124,0.9587,0.9421,1.5124,1.562,1.2893,1.3554,0.8017,0.8843,1.5207,1.9091,0.6446,0.5868,2.6694,1.5289,1.0496,1.4876,1.5041,1.1818,1.6116,2.8678,0.4298,0.6364,2.8099,1.4298,2.6777,2.6116,0.843,1.6033,2.3471,2.405,1.0331,1.1405,3.8182,2.2149,2.3223,0.8843,2.0579,1.6612,2.2727,2.0744,1.0248,1.3719,3.438,1.686,1.7851,1.9174,1.595,1.3554,2.3884,2.2231,0.6612,0.6529,4.7521,1.8595,1.5124,0.595,0.5041,0.2479,0.6612,0.5537,0.438,0.7934,0.4628,0.3884,0.9917,0.9421,0.4132,0.7934,1.3636,0.3223,0.1322,0.3554,0.9504,0.562,0.7769,0.5868,0.8843,0.4215,0.9917,0.7273,0.7025,1.0248,0.7355,0.7521,1.1322,1.157,0.6033,0.8182,1.438,1.1157,0.2562,0.3388,1.6942,0.9008,0.8512,1.9174,1.876,1.7355,2.8678,5.2893,0.7603,1.2314,3.6942,2.0579,4.2645,3.9669,1.0909,2.4132,3.5124,3.562,1,1.5372,5.4876,2.7686,3.5537,1.3554,1.3554,0.9587,1.314,2.1322,0.3471,0.4545,2.7686,1.1157,1.9421,1.843,0.7025,1.1488,1.7273,1.7603,0.7851,0.719,2.9174,1.6033,1.7603,0.8264,1.5207,1.0083,1.4876,1.9835,0.9587,1.0248,1.6942,1.7438,1.8595,1.9752,0.8347,1.2397,2.2314,2.8017,0.562,0.7438,3.3554,1.876,1.4959
positive42-2.txt_gi|114152960|gb|ABI52646.1|,0.1978,0.5989,0.1538,0.4451,0.7253,0.3571,0.4286,0.3516,0.3022,0.6484,0.6868,0.4176,0.533,0.3297,0.2692,0.1484,0.1978,0.6374,0.1484,0.467,0.5385,1.3626,1.0165,1.7967,1.533,0.6374,1.0604,1.967,1.5275,1.1648,1.0385,1.0549,0.6538,1.8022,1.5165,0.5,0.4066,2.2088,1.1374,0.7308,0.0659,0.7967,0.9505,1.522,1.044,0.3626,0.6923,0.978,1.2033,0.1429,0.0275,0.7363,-0.0824,0.7802,1.044,0.4231,0.1703,0.9615,0.8022,-0.1209,0.4176,1.478,1.3846,1.7418,2.0824,0.6264,0.978,1.7473,1.8516,1.3956,1.3132,1.1154,0.7527,1.5714,1.544,0.2308,0.2033,2.0275,1.2857,0.9011,0.3736,1.5549,0.7363,1.6374,1.7253,1.0165,1.4835,1.511,1.1538,2.1044,2.0385,1.3846,1.3956,1.5,2.2418,0.0275,0.3516,2.5165,0.9451,1.6813,0.3132,1.044,1.033,1.1813,0.7473,0.4945,0.7198,1.3846,1.3791,0.3242,0.3077,0.6923,0.1758,0.9341,0.6978,0.4835,0.2912,1.2143,0.6813,0.0659,0.3187,1.1813,1.1758,1.3901,1.3132,0.5055,0.7857,1.5055,1.7363,0.8626,0.8297,0.7967,0.467,1.3571,0.9176,0.3022,0.1264,1.6593,1.1374,0.4451,0.9231,1.9945,0.7253,1.7363,2.4066,1.0769,1.4011,1.9066,1.6868,1.6154,1.5824,1.6319,1.0549,1.7692,1.8132,0.1923,0.011,2.533,1.4231,1.2143,0.3571,1.5604,1.3956,2.0549,1.2747,0.9725,1.3077,1.7473,1.6978,0.9286,0.9505,1.2143,0.5824,1.4615,1.5604,0.3516,0.2747,2.1703,1.0879,0.5055,0.1429,1.1264,0.1538,0.9835,1.7308,0.8077,0.9011,1.3187,1.033,2.2802,2.2033,0.989,1.5549,1.989,1.7308,-0.4231,-0.1374,3.2088,1.5659,1.8077,0.2967,1.1429,0.1099,1.0275,1.4725,0.8132,0.9451,1.4451,0.9231,2.033,1.9176,1.0385,1.3791,1.7418,1.9231,-0.2802,-0.0495,2.956,1.2582,1.6593,0.3846,1.0659,0.8956,1.5769,1.2418,0.5055,0.9066,1.6154,1.3626,0.956,0.7912,0.8352,0.489,1.4066,1.2143,0.4011,0.2802,1.7857,0.9615,0.5989,0.1923,0.7473,0.1593,0.7198,0.8846,0.5,0.6319,1.0385,0.6978,1.2363,1.1593,0.6429,0.8187,1.2308,1.1703,-0.0824,0.1538,1.9945,0.8736,1.0055,0.1978,1.5879,0.4396,1.2033,1.489,1.1923,1.1758,1.3791,1.3407,2.1538,2.3242,1.2527,1.6209,2.1978,1.8516,-0.4121,-0.0549,3.3681,1.6978,1.6319,0.6374,1.533,1.1154,1.8791,1.989,0.6648,1.1429,2.3791,1.6099,1.6703,1.4451,1.2253,0.9286,1.7857,2.5385,0.2802,0.2692,2.511,1.1374,1.2418,-0.0055,0.2967,0.2747,0.4121,0.1813,0.0989,0.1978,0.1538,0.3407,-0.2088,-0.1978,0.1319,-0.1703,-0.1099,-0.0824,0.2088,0.2967,0,0,-0.2363,-0.2857,0.1648,0.2253,0.2363,0.467,-0.0549,-0.044,0.0824,0.1703,0.044,-0.0275,0,-0.0604,0,0.011,0.011,0.1593,0.1429,0.1484,-0.0714,0.8242,2.533,0.9615,2.2473,2.3571,1.5769,2.044,2.9835,2.2253,2.4835,2.5604,1.9451,1.7143,3.0385,2.6319,-0.1429,-0.0714,4.467,2.1209,1.8626,0.1374,1.4725,0.6758,1.1319,0.8516,1.1538,1.0934,1.1703,1.1703,1.2088,1.456,1.0659,1.0385,1.489,1.2473,-0.1484,0.1813,2.6538,1.1429,0.8571,0.0385,0.8407,0.1099,0.6538,1.4231,0.5824,0.6209,0.9286,0.7912,1.7637,1.6978,0.6978,1.2143,1.5,1.1154,-0.3297,-0.1374,2.456,1.2473,1.3736
positive42-2.txt_gi|114152958|gb|ABI52645.1|,0.0769,0.4725,0.4011,0.4011,0.6209,0.3022,0.3571,0.3901,0.4396,0.456,0.533,0.4121,0.3956,0.3516,0.0989,0.2033,0.0659,0.533,0.3352,0.2802,0.4835,1.2308,1.0385,1.6374,1.4945,0.7143,0.9396,1.9615,1.3132,0.9011,0.8571,0.9505,0.5165,1.4505,1.3571,0.4286,0.6923,1.9835,0.8846,0.6538,0.0934,0.7198,0.8626,1.7582,1.1978,0.533,0.7857,1.1429,1.044,0.3132,0.1978,0.6154,-0.0055,0.6374,1.2802,0.3352,0.5275,1.0879,0.5769,0.1319,0.3407,1.5495,1.5714,2.3626,1.9231,0.8846,1.4341,2.2033,1.9505,1.4451,1.3352,1.3242,0.7253,1.5714,1.8681,0.3352,0.3297,2.2308,1.1758,0.978,0.1758,1.3736,1.033,1.9231,1.6758,0.8956,1.4505,1.8352,1.3626,1.9945,1.9121,1.3956,1.2637,1.7088,2.1923,0.0165,0.044,2.6703,1.2088,1.5165,0.2967,1.0604,1.0165,1.1209,0.8791,0.5934,0.6868,1.3791,1.2253,0.1319,0.2033,0.7198,0.0934,0.6374,0.6264,0.4286,0.3681,0.967,0.4121,-0.0275,0.3077,1.2912,1.2527,1.511,1.2418,0.6264,0.9066,1.6374,1.5989,0.7143,0.7418,0.9286,0.3736,1.0604,0.967,0.3462,0.3242,1.4451,0.7747,0.3846,0.7637,1.5604,1.033,2.2582,2.7527,1.033,1.4231,2.2857,1.8626,1.9396,1.7857,1.3516,1.0769,2.1538,2.0495,0.2857,0.3626,2.9835,1.7473,1.489,0.3297,1.4451,1.4231,2.2527,1.4011,0.9615,1.3077,1.9505,1.5989,0.9396,0.9121,1.1538,0.5,1.3187,1.6099,0.3462,0.3571,2.1209,0.9231,0.544,-0.0165,1.0495,0.3407,1.1264,1.6154,0.5934,0.7857,1.6099,1.1374,2.044,1.956,1.033,1.4011,2.0714,1.5714,-0.4396,-0.5714,3.2198,1.6648,1.522,0.1484,1.1319,0.2363,1.0385,1.4176,0.6868,0.7857,1.6374,1.0055,1.7473,1.6868,1.0879,1.2912,1.7637,1.7253,-0.4011,-0.478,2.9505,1.3462,1.3736,0.467,1.0824,0.8571,1.3791,1.3297,0.5714,0.8022,1.6978,1.2253,0.8626,0.7967,0.8407,0.4615,1.2143,1.1868,0.3022,0.4725,1.6758,0.8022,0.6484,0.0989,0.8736,0.2033,0.6538,0.8462,0.533,0.5385,1.0824,0.7418,0.956,0.956,0.7473,0.7473,1.1264,0.989,-0.1868,-0.2143,1.8462,0.8626,0.7308,0.1923,1.5714,0.4176,1.3681,1.6538,0.8571,1.022,1.6374,1.4286,2.2527,2.2308,1.2637,1.5055,2.467,1.8132,-0.3736,-0.4231,3.4725,1.8571,1.5604,0.4835,1.3571,1.3022,2.0604,1.8956,0.6429,1.1429,2.6868,1.6538,1.5,1.3022,1.2143,0.7692,1.7802,2.5,0.2363,0.1593,2.522,1.1758,1.1154,0.044,0.3352,0.3516,0.4066,0.2088,0.1319,0.1593,0.0989,0.3242,-0.1484,-0.1154,0.2033,-0.1648,-0.1978,-0.0549,0.2363,0.4231,-0.2253,-0.0495,-0.1648,-0.3242,0.2363,0.1044,0.1044,0.3407,-0.0714,-0.1429,0.0165,0.1538,-0.1374,-0.1154,0.0275,-0.1374,-0.0659,-0.1319,-0.2143,-0.1099,0.3187,0.1978,-0.2308,0.9011,2.4011,0.9945,2.456,2.6484,1.3901,1.989,3.0055,2.3297,2.6538,2.6209,1.9396,1.6758,3.3297,2.6538,-0.1374,-0.2857,4.6264,2.3352,1.9286,0.1648,1.4011,0.6374,1.2418,1.0879,0.9231,0.9725,1.3352,1.2033,1.2857,1.4121,1.0495,0.956,1.6374,1.2088,-0.1593,-0.1538,2.6978,1.2253,0.8242,-0.1099,0.7857,0.2527,0.7143,1.3462,0.4121,0.5055,1.1813,0.9121,1.489,1.4615,0.7253,1.0549,1.5879,0.9451,-0.3901,-0.5934,2.5659,1.3901,1.0604
positive42-2.txt_gi|1575778|gb|AAC48691.1|,1.8548,1.4194,1.1559,1.2473,4.0591,1.3548,0.7043,2.3226,2.0108,1.3548,1.3817,0.8495,1.6183,1.4032,3.0161,1.2742,0.629,2.8118,1.0914,1.4785,0.4785,1.3763,2.9946,3.4194,4.1183,1.4785,1.5538,3.8226,2.1022,0.3925,-0.0376,1.3441,0.4086,0.7312,3.2312,0.8065,0.9892,3.2151,1.0591,-0.0538,0.7151,2.2151,2.9301,3.2473,3.5376,1.6935,1.7312,4.043,2.6398,1.2151,0.4247,1.8871,1.7849,1.5054,3.9516,1.0806,0.6183,3.9785,1.9194,0.3495,0.7849,2.9839,4.0806,4.2849,3.1667,2.5806,2.9194,3.8226,2.8817,0.5806,0.1452,2.7473,0.9624,0.9839,4.9516,1.4462,1.0806,4.4892,1.1559,0.0484,4.3065,3.4355,2.9892,3.0108,9.5161,2.7419,1.4301,6.2473,3.4946,5.2151,5.6882,1.7634,5.5323,5.5645,6.8495,3.1559,1.4731,10.4032,5.2527,4.6398,0.8118,1.1828,2.4355,2.7903,3.086,1.1989,1.5161,2.5753,1.2957,0.4624,0.1828,1.3817,1.0161,0.3978,3.2796,0.2312,0.2043,2.5108,0.5323,0.172,0.3602,1.3226,2.7473,2.7742,1.8011,1.2097,1.5323,2.0914,1.5,0.1559,-0.0645,1.5753,0.2151,0.4032,2.7204,0.0323,-0.0108,1.9892,0.1452,-0.414,2.1022,3.2849,2.6237,3.6398,5.9194,2.3495,2.129,4.9032,4.3118,2.3065,2.0806,2.7419,2.7366,2.4086,5.8548,1.8925,1.1935,6.1129,1.9194,2.0054,1.4301,1,1.8548,1.5968,5.2957,0.2849,-0.0484,3.8065,3.0108,2.2473,1.871,0.8226,2.0806,2.8763,3.3118,1.0215,0.8925,5.1022,3.4731,1.5645,1.6774,1.0806,1.3065,0.8495,4.7581,1.5538,0.3226,2.2043,2.0215,2.1882,2.4731,0.2796,2.2634,2.586,3.1559,1.914,1.371,3.9032,2.8817,2.2043,1.7957,0.8548,1.0484,0.7043,4.5914,1.0161,0.2043,2.7204,1.3978,2.0914,2.1398,0.3817,1.8011,2.2419,2.2151,1.9301,1.2473,3.6452,2.4032,1.8925,0.4355,1.2043,2.3333,2.3978,2.2742,1.0108,1.0914,2.7204,1.2581,-0.0323,-0.2204,1.0914,0.0376,0.7258,1.8763,0.3118,0.4946,2.9301,1.0215,-0.4785,2.0215,0.914,0.9086,1.1237,5.1559,1.2043,0.8925,2.6828,1.6667,2.0645,1.5968,0.8011,2.2796,1.957,3.4892,1.3978,1.2204,4.0269,2.1452,1.8387,1.8441,1.6344,1.3602,1.2634,5.4194,1.1344,-0.1183,2.3763,2.5161,3.2419,3.3871,0.5538,3.0914,3.7634,3.4624,2.5108,2.2634,6.2581,4.8118,2.9677,2.8387,3.7204,4.3871,5.8978,6.3817,3.9032,3.7796,6.0054,3.129,1.9086,1.7043,2.8333,2.2688,2.1075,6.9624,2.5054,1.5645,7.0108,2.1882,1.1989,1.0323,1.3011,1.7419,2.129,2.6075,1.1882,0.8656,2.5054,1.5054,0.9086,1.1774,0.9032,1.5538,0.543,3.2097,0.6344,-0.129,2.8656,0.5269,0.7419,0.2097,0.5699,1.0215,1.0215,2.629,0.3387,0.1183,0.6344,0.7581,1.1505,1.414,0.1613,1.5,0.8011,1.8118,-0.1344,-0.1882,1.6452,0.9247,0.5806,2.8011,4.2043,4.5753,4.4731,9.7258,3.2527,2.371,6.2473,5.457,4.871,4.2957,3.2097,3.9247,5.2581,6.5,3.371,1.8602,9.9462,6.5484,3.8172,1.8011,1.6935,2.2688,1.8656,5.1398,0.6935,0.3548,3.6667,3.2258,3.5,2.9247,0.9946,3.0538,3.6989,3.1989,2.2043,1.5699,6.0108,4.6828,2.7366,1.6398,0.8387,0.6022,0.6505,3.6022,0.8226,-0.0699,1.4409,1.1774,1.5108,2.2366,0.0753,2.0914,2.1129,2.5591,1.3548,0.5914,3.172,2.3817,1.543
positive42-2.txt_gi|131649|sp|P08938.1|PURP_CHICK,1.3077,1.0205,-0.0154,0.9385,2.2205,1.0256,0.6308,1.4,0.641,1.2872,1.2718,0.841,0.8154,0.6974,1.2974,0.5949,0.6308,1.1385,0.3026,1.0103,0.4923,1.8513,2.0718,2.5487,3.9744,1.3538,1.2974,2.3538,1.9282,2.0103,1.1949,1.6,1.559,1.8051,3.0872,0.8051,1.2205,3.8051,1.7641,0.8205,-0.3282,0.9846,1.3026,1.2359,2.4103,0.8821,0.7179,1.9282,1.9231,1.2718,0.6872,0.9846,1.3949,1.7385,2.0103,-0.0205,-0.0513,3.1641,2.2513,0.4359,0.1231,2.3026,2.6359,2.6769,3.7333,1.3385,1.1436,3.3077,3.0513,1.5282,0.8718,1.5436,1.9179,2.7795,3.4923,0.3538,0.7026,4.3436,2.8872,0.5333,2.7641,4.3385,2.1026,4.0051,5.7538,3.2051,3.0103,5.2051,4.1179,4.1282,3.2667,2.5846,3.7744,2.8103,5.1846,1.6718,1.6769,5.7179,2.6718,3.0667,0.3641,1.6564,1.4769,2.0308,2.7795,0.9846,1.3128,1.441,1.8564,1.1744,0.7744,1.1333,1.7128,1.7487,2.5487,0.3077,0.3179,2.7179,1.9077,0.5385,0.2923,1.0667,1.7026,2,2.4821,0.6872,1.041,1.7231,1.7077,1.3897,0.9179,0.8821,1.5026,1.8821,1.641,0.0359,0.441,2.3128,2.5077,0.5436,1.1949,3.2821,1.5333,2.2308,4.4667,2.2769,1.7641,3.4923,3.0769,2.0974,2.4154,2.4718,2.6564,2.9128,3.3846,1.4103,1.1744,4.3641,2.0462,2.0359,0.8513,2.0051,1.5077,2.4821,4.7282,0.9436,1.7744,3.0615,2.9641,2.6205,1.8462,0.7282,2.5949,2.4872,3.8769,1.1795,1.5128,5.2718,2.5692,2.0103,1.5385,1.8,0.8718,1.9077,3.6051,1.5436,1.5436,2.4,2.241,3.1692,3.4872,1.0667,2.4821,2,2.9385,0.9641,0.8205,3.5026,0.5487,2.5692,1.6,1.2667,0.6051,2.1333,3.3333,1.241,1.1385,2.7641,1.6308,2.0564,2.7179,0.7846,2.1949,2.2615,2.1897,1.0667,0.8103,2.5897,0.5487,1.6923,-0.0359,0.8872,1.5795,1.4051,2.2359,0.6872,0.9179,1.6308,1.7128,1.3231,0.7487,1.2205,1.3692,1.8103,1.4872,-0.0359,0.4462,2.6872,1.8154,0.5385,1.759,1.6718,1.4667,2.4256,3.6359,1.4615,1.6564,3.1487,2.3026,2.0205,1.8821,1.8154,1.8667,1.7333,3.4462,1.5692,1.041,3.0821,0.5282,1.6872,1.7949,1.9897,1.0513,1.9436,3.6051,1.8359,1.3231,2.8974,2.1282,2.4154,2.6718,1.0974,2.2974,1.5128,2.8872,1.5282,1.2615,3.4564,0.3231,1.9077,1.5692,2.8103,2.8821,4.1897,4.5179,2.5128,2.6974,3.7949,4.1897,1.9846,1.7128,1.959,2.7282,2.0205,5.1026,1.6564,1.6718,5.0256,2.6103,1.6359,0.3487,0.9692,0.5538,0.6923,2.2974,0.3487,0.1487,1.2308,1.1128,0.3949,0.3846,0.4205,0.8,1.0205,1.8769,0.1744,0.3128,1.8615,1.0821,0.3436,0.5179,0.6769,0.5538,1.241,2.0256,0.3692,0.4564,1.4205,0.4718,0.6308,0.4974,0.4256,1.1641,0.6256,1.8154,0.3231,0.1487,1.9231,0.5538,0.6308,1.7333,3.0667,2,3.6974,6.1487,2.2103,2.5846,4.4462,4.1641,4.5333,3.4923,1.3846,3.7385,4.4308,4.5385,1.5128,1.2615,6.7795,3.9333,3.1231,1.5949,1.3077,0.5487,1.3744,3.441,0.8359,0.8974,2.3436,2.0359,2.1128,1.6769,0.3692,1.5846,0.8359,2.9641,1.9897,1.3179,2.9179,0.5487,1.3487,1.4,1.2,0.2667,1.0513,2.6359,1.3231,1.1897,1.559,1.4718,1.9077,1.9846,0.6359,1.5949,0.8462,2.0256,0.8513,0.4564,2.9436,0.2923,1.9231
positive42-2.txt_gi|125905|sp|P21664.1|LACB2_FELCA,2.3951,1.3395,1.3765,2.0679,5.179,1.4444,1.1728,3.3519,2.2407,1.5988,1.8765,1.6481,2.0617,2.216,2.9506,1.5988,0.9568,3.9259,1.5062,1.5741,0.9753,0.7407,2.3457,2.3519,4.0185,0.9136,0.7901,3.179,1.6049,0.858,0.4568,0.4444,0.8025,0.642,2.8395,0.5123,0.4259,3.3086,0.5988,0.4074,0.9691,1.4877,2.3889,2.2778,4.537,1.4383,1.0679,4.2407,1.8642,1.9506,1.7037,1.0247,2.0926,2.9444,3.2778,0.5802,-0.4877,4.3827,1.5741,0.5247,1.1852,1.5494,3.142,3.0247,5.0864,1.9938,1.7963,4.5432,2.216,0.9877,1.1111,1.9506,1.6111,1.9753,4.7469,0.7963,-0.2963,4.9259,0.8272,0.0864,4.9074,4.4691,3.7778,4.4136,11.3457,4.0926,2.5185,7.4012,6,5.2901,5.9444,2.6049,4.9383,6.9074,8.3025,3.5247,2.3704,11.7037,6.3395,3.8765,0.858,0.7346,1.8519,1.9506,3.9938,0.9321,1.0988,3.0926,1.1173,1.2593,0.4877,0.8025,1.2654,0.5247,2.4198,0.1543,-0.0864,2.9198,0.1914,0.4691,-0.0802,0.1235,1.8025,2.0802,1.9815,0.6667,0.8889,2.0926,0.7222,0.3951,0.3519,0.9198,0.6358,0.642,1.963,-0.5062,-1.3025,2.3951,-0.3642,-0.6728,2.3086,3.6728,3.358,4.2346,7.8951,2.6049,2.1173,6.6049,4.1358,2.5247,2.6049,3.1358,3.1481,3.3642,5.8889,1.7654,0.9877,6.2654,2.0494,1.7901,1.4877,0.7284,1.4938,0.6543,6.5556,0.0309,-1.0679,4.0062,2.8519,3.5247,3.1358,-0.179,3.0123,3.7346,2.8025,0.6667,0.463,5.6173,3.679,2.1049,3.0802,0.6605,1.3519,1.1296,5.3333,1.0556,0.6235,2.5926,1.9938,2.9815,3.216,0.3395,3.037,3.1235,3.9753,1.9568,0.9259,3.9383,2.9753,2.858,2.9877,1.142,1.7963,1.9568,4.3827,1.0988,1.3519,3.0988,2.2716,2.5494,2.3642,0.679,2.2593,2.4012,3.4198,2.2531,1.5988,3.4691,2.858,2.2716,0.4136,0.4012,1.2901,1.4136,2.3457,0.2284,0.179,2.4938,0.4691,0.4012,0.0494,0.1173,0.3765,0.8333,1.1852,-0.179,-0.3148,2.9321,0.716,-0.3519,3.0617,0.858,0.7901,1.321,5.9691,0.9383,1.3951,2.9938,1.7531,2.3827,1.6667,0.6296,2.2284,2.5494,3.4136,1.716,1.3025,4.0988,2.9383,2.2469,2.9691,1.7963,1.9259,1.7407,6.6975,1.358,0.5062,2.9321,3.5556,3.9444,3.9815,0.8457,3.1605,4.3765,4.2963,2.6481,2.3086,6.2778,4.7531,2.9877,3.463,3.1852,3.8457,5.4568,8.0062,3.8086,3.6605,6.9691,3.0617,1.5679,1.858,2.2407,2.3827,2.4198,7.1173,3.1667,1.8086,8,1.8642,0.7531,1.1543,1.1049,1.7222,1.8148,3.7222,1.2901,0.6296,2.9877,1.3951,0.7531,0.9259,1.179,1.3889,1.0247,2.9815,1.0432,0.1543,3.3457,0.8086,0.6111,0.5494,0.2037,0.5494,0.3272,2.5556,0.4383,0.0123,0.8642,0.6296,1.1728,1.7222,0.179,1.9074,1.5864,1.7284,0.2593,-0.5062,2.3889,1.0494,0.9198,4.5988,3.6296,5.0432,4.7531,10.5185,3.1914,2.3642,7.3272,5.5926,5.6173,4.1296,2.6049,4.1111,5.5123,7.0309,3.4568,2.3519,9.8951,5.4074,3.9815,3.037,1.1543,1.9938,1.3827,5.8395,0.7531,0.0741,3.784,3.0494,3.5926,3.1481,0.1173,2.9136,3.3333,3.0864,2.3148,1.963,5.4568,3.858,2.7407,2.4136,0.1728,1.0617,0.8395,3.9136,0.2901,0.0988,1.784,1.1173,1.5988,2.0494,-0.0741,2.0741,2.463,2.8642,1.6111,0.5123,3.0556,2.8642,1.8272
positive42-2.txt_gi|182093|gb|AAA35802.1|,0.9045,2.0382,0.9363,1.7707,3.1911,1.7643,1.0255,2.6752,2.414,1.2548,1.6178,1.3185,1.3248,1.2357,2.3503,1.0191,0.4777,3.4395,1.2548,0.9363,0.9745,1.3822,2.8917,2.3248,4.5478,1.1847,1,2.7516,1.9554,1.7707,0.9809,1.1847,0.9045,2.0701,3.5605,1.3758,1.9108,4.4204,1.8981,1.5223,1.3758,1.2102,2.3185,2.707,3.3631,1.3758,1.2484,4.1401,2.4841,2.0446,1.6879,0.465,1.0064,2.6433,3.6943,1.242,0.879,5.0382,2.3567,1.1847,0.9108,2.1338,3.4395,3.0573,3.3312,2.1592,2.0064,4.172,3.3758,1.5414,1.5924,1.2293,0.9172,2.6624,4.7962,1.7325,0.6624,5.4713,2.586,1.051,3.1274,4.879,3.4013,4.1019,7.9299,4.1401,2.3057,6.3694,5.0573,3.879,4.2166,1.828,3.1656,4.7261,5.9363,2.6306,1.8089,9.7643,5.4395,2.9682,0.8535,1.3248,2.8535,2.8471,3.5924,0.8025,1.1592,2.6433,2.0573,1.0255,0.4713,1.1338,0.3758,1.707,2.3758,1.2229,1.1274,3.7325,1.8981,0.7325,-0.1338,1.0701,2.5732,2.3376,1.2994,0.8344,1.3057,2.0573,1.4204,0.414,-0.121,1.1975,-0.5796,0.9809,2.4204,0.5096,-0.0446,2.8471,1,-0.1465,1.6688,4.121,4.0446,4.2803,6.2166,3.828,3.1529,6.2293,4.2994,2.2102,2.0573,2.293,1.3312,2.3057,5.4713,2.7516,1.2293,6.5478,2.5987,1.6624,1.3949,1.5924,2.4076,2.4076,4.1019,0.7898,0.3822,3.6433,2.8408,2.6879,2.1146,0.7643,2.2484,3.2548,3.5669,1.6115,1.7261,5.7134,3.7771,2.4586,1.6815,1.3694,1.6369,1.9363,4.3439,1.3248,0.6433,1.4777,1.7516,2.1465,2.5159,0.2548,1.949,2.9045,3.5032,1.7197,0.8662,4.8153,2.2994,1.5987,1.8153,1.7261,1.1975,1.7261,4.293,1.7006,0.8089,2.3248,1.5223,1.6178,1.7452,0.4522,1.6497,2.6369,2.9045,1.5096,0.8344,4.6624,2.2357,1.1401,0.242,0.1975,1.7389,0.8662,1.6497,0.3822,0.414,0.9236,1.0955,0.7197,-0.0255,0.3567,0.1592,1.7771,1.9427,0.2675,0.9936,2.5669,1.1656,0.7261,1.293,1.414,1.2229,1.2038,4.3376,1.4013,0.8344,1.5924,1.3376,0.6752,0.7325,0.8408,1.5414,1.7516,1.5796,0.8153,0.3631,3.9745,1.7389,0.6115,1.7834,1.6752,1.4968,2.0382,5.7516,2.0382,0.3057,2.5414,3.1401,3.5159,3.3758,0.7834,3.0573,3.9108,3.465,2.0637,1.4968,6.2038,4.4013,2.9554,2.6242,3.6178,3.7006,5.1019,5.5924,2.4268,2.1975,6.0637,3.4586,2.0191,2.1274,1.6815,1.7962,2.5987,4.2866,2.8662,2.5159,6.8217,2.5096,1.707,0.7134,1.7134,1.8153,2.0764,2.3822,1.3503,0.8153,2.3694,2.4459,1.5924,1.5414,0.7643,1.0701,1.3885,2.9299,0.8599,0.3949,3.6306,1.9172,1.2102,0.6624,1.3312,0.8344,1.5478,1.6051,1.0892,0.2166,2.1847,1.5541,1.1847,1.5987,0.3439,1.1083,1.8089,2.3822,0.2866,-0.0382,3.1911,1.4459,1.1338,4.0955,4.4841,4.7707,5.7707,9.828,3.8662,2.758,7.3567,5.5732,5.0127,4.3631,1.9873,3.7389,6,6.7962,4.0127,2.6369,11.6815,7.7134,3.8662,2.4268,1.2166,1.9299,2.3185,5.293,1.1911,0.2611,3.8726,2.9936,3.3822,2.8726,0.1529,2.6879,3.7261,3.2293,2.414,1.8025,6.2548,4.7452,2.6879,1.3694,1.8535,1.6242,1.7898,3.3567,1.4268,0.7325,1.8089,1.4968,0.7325,1.1592,0.6242,1.0573,1.707,2.3567,1.6369,0.7707,3.7962,1.5796,0.5796
positive42-2.txt_gi|1575762|gb|AAB09589.1|,0.3881,0.4577,-0.0498,0.4428,0.592,0.2438,0.3234,0.5423,0.2388,0.8607,0.9701,0.393,0.8607,0.5274,0.6169,-0.0547,-0.1045,0.8905,0.1294,0.9502,0.3234,1.8856,1.1692,1.3682,2.398,1,1.2139,2.1891,1.8706,1.791,1.5771,0.7413,1.3483,2.4378,2.3532,0.0448,-0.1294,3.4826,2.0398,1.5025,0.4279,1.3831,0.3134,0.7264,1.3333,0.9254,0.7313,1.6716,0.8756,0.6915,0.5622,1.1692,0.5423,0.9005,1.8109,0.2488,-0.5174,1.7065,0.7065,0.597,0.3731,1.5274,0.4726,1.2189,1.8109,0.6965,0.5871,1.2886,0.9602,1.2239,1.4826,0.9701,0.9303,1.5075,2.403,-0.0149,-0.7861,2.209,1.2289,1.1194,1.2338,2.5672,1.2886,1.2239,3.8458,1.6716,1.2239,2.7612,2.3731,3.0945,3.1343,0.9154,2.5174,2.3881,2.9254,0.7164,0.7214,4.4826,1.7363,2.2289,0.0846,0.9005,0.1443,0.5423,1.0647,0.3035,0.4776,1.1741,0.9353,1.1791,1.01,0.403,0.7761,1.8209,1.2537,-0.393,-0.6119,2.1542,1.5871,1.0547,0.3831,1.1791,0.3532,0.6915,0.8308,0.4776,0.602,1.3781,1.0249,1.0597,1.0448,0.6667,0.6617,1.4179,1.7313,-0.0448,-0.7711,1.9851,1.3483,0.9005,0.8308,1.9652,1.0597,2.1343,2.2736,1.1493,1.3682,2.2488,1.7065,1.9154,2.0547,0.9652,1.5771,2.1393,2.791,0.0398,-0.204,3.4428,1.3781,1.791,0.3184,2.1542,1.1443,1.1244,2.3035,1.0498,0.8358,1.9353,2.2388,2.1244,1.796,0.6169,1.5274,2.8308,2.2587,-0.0299,0.1045,3.8259,2.602,1.6219,0.7363,1.8657,1,0.8955,3.2736,0.9453,1.2239,2.2886,2.4428,2.5025,2.3731,0.4577,1.9353,2.0647,2.2189,0.3781,0.4776,3.801,1.7015,1.6567,0.4776,1.8507,1.2886,1.0348,2.7711,1.0448,1.3582,2.2438,2.4328,2.3035,1.8557,0.4279,1.6567,2.0896,2.0348,0.2488,0.5124,3.8308,2.1841,1.597,-0.1891,0.5622,0.3881,0.8607,0.597,0.1443,0.7015,1.0746,0.4577,0.5572,0.403,0.1891,0.2388,1.2438,1.1542,-0.3383,-0.4876,1.3184,0.7711,0.5274,0.4229,1.5373,0.8109,0.6716,2.1244,0.8706,1.1144,1.9701,1.8308,1.8308,1.5672,0.5274,1.3483,1.7861,1.6965,0.1294,0.3582,3.1443,1.7413,1.3035,0.7015,1.8905,1.9701,1.1343,3.3582,0.8806,0.9055,2.2985,2.4279,2.2836,1.8408,0.3184,1.7811,1.8806,2.0647,0.6816,1.3433,3.6965,1.9701,1.6418,0.6866,2.5473,1.1692,2.1045,2.4925,1.6567,1.3682,3.3383,2.4129,2.1891,2.2786,1.398,2.0647,2.6617,2.6965,0.199,-0.6517,4.2687,2.2289,1.8657,0.4677,0.1692,-0.1692,0.0547,0.0348,0.1741,-0.0448,0.7015,0.005,0.1294,0.2289,0.1841,0.2488,0.4876,0.3731,0.0149,-0.5323,0.4726,0.0647,0.1542,0.3781,0.2239,-0.2736,-0.3035,0.3532,0.0796,-0.0796,0.1841,0.0149,0.393,0.3881,0.2239,0.2985,0.2786,0.2836,0.2687,-0.2338,0.4776,-0.1692,0.3184,0.9154,3.0547,2.0547,2.0398,4.7861,1.4726,1.4726,3.4527,3.801,3.791,3.5174,0.5721,3.0249,4.0796,3.8109,0.4279,0.7065,6.4826,3.8706,2.9701,0.4129,1.3433,1.4577,0.9353,2.7463,0.4925,0.3731,1.7463,2.204,1.8259,1.5522,-0.2488,1.4328,1.9701,1.5721,0.3035,0.8458,3.1642,1.995,1.3632,0.5473,1.5522,0.8259,0.8209,2.4527,0.9851,1.2736,1.7861,1.8408,1.806,1.8756,0.5821,1.5871,1.3483,1.8756,0.3582,0.4826,3.0348,1.0995,1.1791
positive42-2.txt_gi|662266|gb|AAA74407.1|,0.4757,0.4515,-0.1311,0.1602,0.9029,0.2524,0.0291,0.8932,0.0049,1.0485,1.0971,0.2476,0.8155,0.6311,0.7282,-0.0194,-0.034,0.9223,-0.0728,0.9515,0.5146,1.9175,1.3398,1.7184,2.4272,1.3689,1.4854,2.1553,1.9126,1.8835,1.3544,0.9563,1.2621,2.3932,2.2427,0.199,0.1262,3.3883,1.8835,1.3252,0.6553,1.3204,0.3107,0.6845,1.4515,0.7136,0.5485,1.5583,0.9029,1.3544,0.7233,0.9515,0.7039,1.2767,1.6214,0.2087,-0.301,1.8786,0.9029,0.9369,0.7718,1.4903,0.4126,0.9029,2.1796,0.7524,0.5243,1.8204,0.7961,1.9417,1.5631,0.8786,1.1408,1.801,2.5194,0.3641,-0.2573,2.534,1.0583,1.3883,1.2039,2.3641,0.8932,1.4903,4.1845,1.466,1.2573,2.9175,2.2233,3.5874,3.4612,0.5971,2.7864,3.5922,3.1845,0.5485,0.7621,5.0243,2.2961,2.7184,0.4563,1.0825,0.3786,0.8786,1.3883,0.7282,0.7961,1.5049,1.0874,1.2913,1.0049,0.534,0.8252,1.7864,1.4951,-0.0194,-0.1456,2.3786,1.4563,0.9175,0.8544,0.932,0.3058,0.8058,1.3447,0.6214,0.6456,1.8204,0.699,1.1748,0.9515,0.5291,0.6456,1.2282,1.8883,0.3447,-0.2427,1.8883,0.7816,0.8301,0.9078,2.1019,1.4078,2.1845,3.0388,1.5243,1.3447,2.4175,1.665,2.4515,1.9903,1.1796,1.6796,2.4903,2.7087,0.2961,0.1942,3.5243,1.2184,1.7961,0.432,1.6942,1.0825,1.1893,2.6019,1.0243,0.8447,1.801,2,2.3835,1.6068,0.5097,1.4515,2.9951,1.966,0.0922,0.2524,3.7087,2.466,1.5825,0.5825,1.9563,1.0534,1.2913,3.4757,1.1748,1.1456,2.4757,2.2379,2.6165,2.267,0.6019,1.9903,2.8592,2.568,0.5097,0.5631,4.2087,2.034,1.8204,0.3107,1.7427,1.1408,1.034,2.8204,1.0922,1.1262,2.1214,2.165,1.8932,1.5485,0.4854,1.4806,2.5243,1.8592,0.2913,0.5194,3.6553,2.1019,1.2718,0.1068,0.8155,0.6117,1.1699,0.835,0.7039,0.9029,1.034,0.6262,0.6165,0.2961,0.4951,0.2524,0.8447,1.0243,-0.0728,-0.068,1.2233,0.5437,0.5825,0.2913,1.4272,0.8495,0.8495,2.2621,0.8689,1.0049,1.8058,1.7039,1.6553,1.3252,0.4854,1.2282,2.0922,1.568,0.1359,0.3107,3.0291,1.7184,1.1359,0.6408,2.1262,2.0243,1.5825,4.0777,1.1699,1.1068,2.5583,2.8738,2.9223,2.1553,0.3981,2.0534,3.5728,2.5728,0.6019,0.9515,4.8544,2.8981,2.0777,0.7136,2.6165,1.0583,1.8252,2.8738,1.7767,1.2524,3.3058,2.1942,2.3786,1.9612,1.534,1.7816,2.8252,2.6068,0.2767,-0.2233,4.3204,2.1262,1.5534,0.6553,0.1748,-0.4417,-0.0922,0.4951,0.0825,-0.1165,0.9515,-0.0825,0.466,0.4854,0.0534,0.3398,0.3786,0.6165,0.0583,-0.3544,0.6117,0.0194,0.3689,0.5437,0.1408,-0.4417,-0.3786,0.6359,-0.0194,-0.2524,0.4515,-0.0534,0.6553,0.5728,-0.0583,0.534,0.3738,0.4078,-0.034,-0.2427,0.568,-0.0583,0.7282,0.9369,2.966,2.1602,2.3786,5.267,1.7233,1.5728,3.5874,3.767,4.1311,3.3204,0.6505,2.9223,5.2087,3.801,0.4369,0.801,6.8883,4.1068,2.9515,0.3495,1.267,1.3398,1.0728,3.0097,0.5485,0.4806,1.4806,2.2379,2.233,1.5146,-0.1748,1.4515,3.0437,1.5631,0.1359,0.7767,3.6845,2.5583,1.6408,0.5146,1.3058,0.6117,0.7476,2.3981,0.7718,0.7379,1.7864,1.3932,1.8835,1.733,0.3301,1.5437,1.8155,1.8835,0.432,0.5825,2.932,1.1553,1.3883
positive42-2.txt_gi|46411093|gb|AAS94228.1|,0.4951,0.5,0.0539,0.3284,1,0.1324,0.1324,0.9951,0.1029,1.0539,1.1275,0.2255,0.7745,0.7353,0.7941,0.0049,-0.0049,0.951,-0.0882,0.951,0.5098,2.049,1.3922,1.7549,2.5098,1.3088,1.6127,2.152,2.0588,1.9069,1.5294,0.9167,1.3186,2.6961,2.1078,0.2451,0.1324,3.6618,2.1127,1.3578,0.7843,1.4657,0.2892,0.6225,1.5637,0.8627,0.5245,1.8578,0.9657,1.3333,0.8971,1.2745,0.8088,1.4706,1.5784,0.1373,-0.152,2.0735,0.7745,1.0245,0.7206,1.6667,0.4804,0.8235,2.1863,0.9412,0.5686,1.8922,1.0147,1.75,1.5686,1.3382,1.2794,1.8088,2.4265,0.2892,-0.0245,2.5588,0.8578,1.2892,1.2598,2.5392,1.1863,1.5196,4.5098,1.4265,1.3824,3.1275,2.6078,3.652,3.701,0.6765,2.848,4.1275,3.7353,0.8088,0.7647,5.201,2.3627,2.75,0.5147,1.2059,0.4118,0.6961,1.402,0.6569,0.7843,1.3039,1.0294,1.25,1.0147,0.6225,0.8088,1.8725,1.2353,0.1225,-0.0686,2.2549,1.3775,0.9461,0.8431,1.2304,0.5,0.8137,1.75,0.6961,0.6912,1.7941,0.8775,1.2843,1.1569,0.7549,0.8627,1.3627,2,0.3529,-0.0147,2.049,0.75,0.9118,0.9265,2.1912,1.3529,1.9363,3.0539,1.2353,1.4755,2.7696,1.7108,2.5343,2.2892,1.2255,1.7941,2.6324,2.7206,0.3431,0.4216,3.6127,1.3382,2.0245,0.5392,1.8922,1.1765,1.2353,2.9216,1.1373,1.1275,1.9559,2.2892,2.4167,1.8088,0.6078,1.5637,3.1324,2.0784,0.1814,0.3676,3.902,2.4804,1.6814,0.5637,1.9118,1.2794,1.4706,3.6422,0.9657,1.1912,2.5588,2.4412,2.5147,2.2892,0.3922,1.9069,2.799,2.7402,0.5833,0.5147,3.9804,1.9412,1.8578,0.549,1.8824,1.4657,1.5245,3.0392,1.098,1.3627,2.3039,2.4951,1.8922,1.6029,0.4118,1.4216,2.4118,2.4167,0.5784,0.4363,3.5245,2.098,1.3529,0.0098,0.9314,0.8186,1.3284,0.7941,0.6471,1.049,0.8186,0.6863,0.4608,0.1667,0.6176,0.1373,0.9706,0.6912,0.0049,-0.1225,1.4755,0.8284,0.3676,0.3578,1.5588,1.0196,1.2402,2.299,0.8873,1.2647,1.9216,1.9265,1.5441,1.2892,0.4461,1.1422,1.9363,1.8039,0.3284,0.2255,2.9412,1.6961,1.1176,0.7549,2.1373,2.0098,1.7402,4.1863,1.0588,1.3186,2.5833,3.0196,2.9461,2.4608,0.0147,2.2598,3.4559,2.6324,0.9265,1.1422,4.6716,2.8824,2.1667,0.8333,2.7157,1.4069,2.0098,2.9804,1.7059,1.5392,3.4265,2.3431,2.3235,2.0147,1.4559,1.7451,2.8333,2.5735,0.3137,0.0098,4.1863,1.8088,1.652,0.6569,0.1961,-0.3873,-0.2892,0.6716,-0.0294,-0.3137,1.0931,-0.0686,0.4559,0.5833,0.0833,0.4118,0.7353,0.4902,0.1275,-0.152,1.0735,0.0637,0.3725,0.4412,0.1471,-0.2696,-0.3039,0.652,-0.0833,-0.2843,0.701,0.0539,0.652,0.6422,-0.0882,0.5539,0.5343,0.299,-0.0049,-0.2794,0.7843,-0.0931,0.7598,1.0049,3.1863,2.2353,2.549,5.3284,1.9412,2.1127,3.3578,4.0392,3.9265,3.5049,0.6225,3.0294,5.0245,3.8284,0.7745,0.9265,6.652,4.1716,2.9265,0.402,1.3088,1.4559,1.2696,3.0245,0.6422,0.8627,1.3824,2.4314,1.9804,1.5539,-0.3529,1.4412,2.6667,1.5245,0.4804,0.951,3.3873,2.5245,1.4755,0.5441,1.4265,0.9951,1.0784,2.6029,0.701,0.8725,1.9951,1.6814,1.9265,1.701,0.402,1.4314,1.8971,2.2451,0.5686,0.6667,2.9216,1.0539,1.4216
positive42-2.txt_gi|33518665|gb|AAQ20815.1|,0.553,1.0138,0.1014,0.2581,1.4747,0.4194,0.3364,0.6083,0.5576,1.4977,1.6682,0.2995,1.4147,0.9355,0.8295,-0.0369,0.1659,1.6129,0.5853,1.4378,0.6452,2.2442,1.0968,1.1659,3.7742,1.6175,1.3733,2.2719,2.7696,1.9816,1.871,0.6359,1.8756,2.6682,2.6498,0.2535,0.1705,4.424,2.2028,1.5253,0.4608,1.2028,0.6313,0.47,1.8018,0.8802,0.5161,1.5576,0.9401,0.8295,0.6037,0.7926,0.5161,1.0276,1.8387,0.1797,-0.5806,1.6129,0.4931,0.3041,0.7696,1.47,1.1106,1.6682,2.3733,0.7143,0.3502,1.5069,1.5161,1.2627,1.0922,0.8295,0.9309,1.2903,2.2903,0.1198,0.1382,1.7143,0.9263,1.0553,1.682,3.6037,1.3687,1.4286,4.576,2.2995,1.8065,3.3548,3.6221,3.3917,3.3456,1.3318,3.3825,3.0461,3.6682,1.0968,0.7097,5.2673,2.1106,2.4055,0.682,1.4194,0.8986,1.1935,2.0922,0.8479,1.1014,1.553,1.5945,1.3779,1.4147,0.3733,1.129,1.9217,1.7972,0.0968,-0.1659,2.3226,1.4885,1.424,0.6682,1.2212,1.0876,1.5207,1.8249,0.7281,0.6313,1.9124,1.3641,1.0553,1.0184,0.4424,0.682,1.2719,2.2166,0.3502,-0.0922,1.8571,0.9816,0.765,1.3456,2.7604,1.2627,2.0691,3.4286,1.9078,1.6682,2.2166,2.1935,1.8295,1.7788,1.0553,2.0369,2.0553,2.6359,0.1152,-0.023,3.1198,1.1336,1.5484,1.0599,2.1567,1.023,1.5484,3.4654,1.424,1.5899,2.3088,2.894,2.447,2.0737,0.6498,1.7512,2.871,2.9078,0.5991,0.0092,4.8341,2.9862,1.8341,1.0737,1.9032,0.7419,1.1843,3.0829,1.2765,1.5161,2.0369,1.9677,2.3456,2.2949,0.9816,2.1935,1.8433,2.7558,1.0922,0.7327,3.6912,1.1982,1.5576,0.871,2.2488,1.4286,1.235,3.0922,1.3272,1.4516,2.3871,2.0184,2.0184,1.8433,1.1751,1.9171,1.7189,2,1.1475,0.8894,3.3088,1.3548,1.2074,-0.0184,0.5023,0.3272,0.576,1.2673,0.553,0.5346,1.4194,1.0323,0.8894,0.9309,-0.1336,0.7926,1.8848,0.8664,-0.3779,-0.1705,1.8525,1.1843,0.6682,0.8571,2.1198,1.0323,1.1613,2.6728,1.3733,1.7189,1.9078,1.894,1.8894,1.7005,1.4839,1.7558,1.6774,2.1843,0.8986,0.6682,3.2581,1.3963,1.424,0.8387,1.8848,1.553,1.8295,3.1889,1.0276,1.4793,3.2396,1.9954,2.2719,1.9724,0.6175,1.8802,2.1014,2.1244,1.1751,0.9124,4.7558,1.9816,1.4378,1.2995,2.6267,1.318,2.3641,3.3687,1.7972,1.8111,3.3364,2.6544,2.553,2.53,1.0829,2.2166,2.7281,3.9585,0.576,0.1889,4.0691,1.7696,2.4516,0.6175,0.424,-0.0876,0.0737,1.0092,0.0922,-0.2488,0.7465,0.3963,0.7189,0.8618,-0.0829,0.7143,0.9309,0.6682,-0.1244,-0.3594,0.9309,0.2995,0.5991,0.2765,0.1797,-0.5438,-0.2995,0.6083,-0.0599,-0.1751,0.3871,0.2811,0.659,0.6636,0.0691,0.4286,0.6544,0.6498,0.0184,-0.3088,0.5069,0.0922,0.7465,1.4194,3.3502,1.553,2.2903,5.3548,2.0691,1.7558,3.4839,3.9355,3.9631,3.6037,0.8802,3.212,4.4332,4.1889,0.6498,0.4793,7.4286,4.1152,3.2719,1.023,1.2581,0.7235,1,2.9171,0.6037,0.8571,1.894,1.9539,2.2442,2.0092,-0.1106,1.5991,2.0046,1.6959,0.5853,0.3594,4.3548,2.0783,1.4055,0.7742,1.6544,0.9401,0.8387,2.5576,1.023,0.977,1.576,1.576,1.5253,1.8018,0.8157,2.0507,1.3456,1.6037,0.8618,0.9355,2.9954,0.9724,1.0276
positive42-2.txt_gi|33518659|gb|AAQ20812.1|,0.5243,0.335,-0.1942,0.0777,0.8398,0.2087,-0.0291,0.9078,-0.1165,1.0437,1.0243,0.0825,0.7961,0.5874,0.6845,0.034,0,0.7718,-0.199,0.9709,0.3689,1.8883,1.3592,1.6893,2.4369,1.3544,1.5049,2.0631,1.8981,1.8932,1.432,0.9078,1.267,2.5291,2.1699,0.2039,0.1699,3.3835,1.9563,1.2961,0.6019,1.3398,0.3738,0.6456,1.5243,0.7282,0.5388,1.5583,0.8058,1.2621,0.7476,0.8689,0.6748,1.267,1.5583,0.1602,-0.2913,1.8447,0.8544,0.8398,0.7087,1.5243,0.5049,1.0728,2.2524,0.8883,0.6165,1.8398,0.8447,1.9126,1.6068,0.8544,1.165,1.8592,2.534,0.301,-0.1505,2.5485,1.0534,1.3495,1.199,2.3301,0.8689,1.5534,4.1845,1.4806,1.3544,3.0631,2.2718,3.6214,3.4612,0.5971,2.8155,3.6699,3.2039,0.6019,0.801,5.034,2.2476,2.733,0.3592,1.0728,0.5485,0.9612,1.3835,0.8252,0.8641,1.5388,1.1262,1.1893,0.9903,0.4951,0.7621,1.801,1.4563,-0.0097,-0.1408,2.3689,1.5146,0.7767,0.8107,1.0194,0.4612,0.9272,1.5146,0.7282,0.7282,1.8689,0.8107,1.1942,1.0146,0.534,0.6845,1.3689,1.9903,0.3447,-0.1748,1.9709,0.9078,0.7864,0.8204,2.0874,1.3447,2.1456,3.034,1.4854,1.4223,2.568,1.7087,2.4806,2.0583,1.2039,1.699,2.5583,2.7427,0.2524,0.3301,3.534,1.2621,1.8592,0.2573,1.7282,1.1359,1.2282,2.5971,1.0146,0.9417,1.6942,2.0097,2.3738,1.6602,0.5194,1.4029,3.068,1.9126,0.0388,0.3252,3.7573,2.568,1.5437,0.5243,1.9029,0.932,1.3786,3.5049,1.1117,1.2524,2.3883,2.2961,2.7184,2.3058,0.6214,2.068,2.9515,2.6019,0.4854,0.6262,4.2233,2.0049,1.8981,0.233,1.7184,1.0485,1.1262,2.8204,1.0583,1.2476,2.034,2.2233,1.9612,1.5874,0.5874,1.5291,2.5922,1.8447,0.3155,0.6311,3.6748,2.034,1.3155,0.0194,0.8447,0.7039,1.1796,0.9417,0.7233,0.9272,0.9223,0.6165,0.6262,0.4078,0.4515,0.2913,0.966,1.0243,-0.0243,-0.068,1.267,0.6214,0.5437,0.1893,1.432,0.835,0.9903,2.2427,0.8932,1.1165,1.7961,1.8252,1.6602,1.2816,0.534,1.2136,2.1699,1.5971,0.1699,0.3592,3.1068,1.7913,1.0583,0.5097,2.1845,1.8786,1.7039,3.9854,1.1699,1.2961,2.466,2.8932,3.034,2.2573,0.5291,2.1359,3.7184,2.5922,0.5097,0.9757,4.9417,2.9466,2.1214,0.699,2.5437,1.1117,1.8738,2.9029,1.8107,1.4126,3.3107,2.1505,2.432,1.9854,1.4806,1.8155,2.8738,2.6602,0.233,-0.1359,4.2913,2.0485,1.6214,0.7621,0.1165,-0.4466,-0.1553,0.5049,0.0971,-0.2136,1.0437,-0.1408,0.3981,0.4757,-0.0825,0.3447,0.3883,0.5728,0.0922,-0.3689,0.5874,0.0146,0.3398,0.5825,0.1699,-0.4515,-0.3932,0.767,0.0437,-0.1942,0.4126,-0.1068,0.8058,0.7427,-0.1602,0.665,0.5097,0.5049,-0.1359,-0.2621,0.665,0.0146,0.8592,0.8058,2.9417,2.0631,2.5,5.2087,1.7184,1.7864,3.5922,3.7767,4.1019,3.3107,0.7427,2.9126,5.2476,3.7864,0.4029,0.9078,6.8544,4.0922,2.9029,0.267,1.301,1.3641,1.1845,2.835,0.5583,0.6408,1.4369,2.1893,2.1699,1.432,-0.0825,1.3738,2.9951,1.5485,0.1553,0.8786,3.6262,2.5291,1.568,0.5097,1.2767,0.5534,0.8155,2.4223,0.7427,0.8204,1.767,1.4563,1.932,1.665,0.3883,1.5583,1.8301,1.9369,0.4563,0.6117,2.9126,1.0971,1.4078
positive42-2.txt_gi|3388165|gb|AAC28738.1|,1.7076,1.0399,1.5249,1.7276,2.2957,0.9701,1.5515,2.7475,2.0033,1.8472,1.2824,1.01,1.3987,1.9302,3.0963,1,1.1329,3.4518,1.8904,1.5548,1.1429,1.6179,1.4585,1.7176,2.0997,1.3854,1.8106,1.5714,1.6412,2.8372,2.1362,1.5116,2.113,1.9601,2.8439,0.392,0.2924,2.8339,1.7542,1.6146,1.289,1.5482,0.8738,1.6445,2.7409,1.6844,1.9767,1.7807,2.2226,2.2791,2.1063,1.5382,1.6611,2.5216,2.5083,1.1296,0.8106,3.7874,2.7309,1.5349,1.5781,1.9468,1.6611,2.2625,2.608,2.2392,2.6013,2.3156,3.0399,2.3355,2.5282,1.7608,2.186,2.8704,3.4352,1.1429,0.8571,4.6545,3.4751,1.6545,3.1561,2.4286,2.814,3.299,6.1196,1.7209,2.4452,5.0532,3.804,4.2525,3.0532,1.8106,3.0033,4.2425,5.4718,1.8306,2.0698,6.5814,3.4684,3.2791,1.0831,1.3422,1.2193,1.7043,1.8837,1.5581,2.3488,1.9468,2.1262,1.7309,1.9535,1.4286,1.7076,1.8106,2.7973,0.7243,0.4153,3.1728,1.9568,1.1761,1.6512,1.6877,1.3854,1.9867,2.0565,2.01,2.7043,2.3389,2.8904,2.3422,2.2093,1.5515,1.9734,1.9435,3.5714,0.8505,0.4419,3.9037,2.7243,1.7674,2.5249,1.8472,2.6179,3.5648,4.3256,2.2027,2.8306,4.3023,2.9336,3.0631,1.9801,2.3787,2.3953,3.0631,4.9967,2.0399,2.3455,4.9601,2.711,2.2259,2.113,2.0133,1.7375,2.8173,3.4352,1.99,2.7741,2.7641,2.2359,2.5382,2.103,1.6246,2.2159,2.2359,3.7442,1.4086,0.7375,4.2159,2.4983,2.3056,1.9302,2.0498,2.402,2.309,4.6213,1.7409,1.8306,3.8771,2.2625,2.093,1.8904,1.2724,1.7807,2.8804,2.9601,1.794,1.8306,4.1595,1.8439,1.9635,1.9336,1.2824,2.1163,2.2625,3.8073,1.691,1.7874,2.9568,2.2292,1.9601,2.0299,0.99,1.9468,2.2425,2.7841,1.4419,1.3123,4.0266,1.5814,1.6013,1.2458,1.2757,1.2757,1.4385,1.4352,1.196,1.8372,1.6512,1.5183,1.6711,1.2591,1.4784,1.0033,1.2458,2.9136,0.7209,0.2724,2.2425,1.7375,0.9568,2.0332,1.8206,2.0764,2.0498,3.5914,1.5515,1.5615,3.5615,1.4086,1.7874,1.804,1.4651,1.5083,1.7674,2.4485,1.5282,1.3555,3.3588,1.2724,1.5515,2.289,2.4817,3.0532,3.4718,5.206,2.2591,2.3953,4.0166,2.2591,1.9336,1.3256,1.6346,1.6777,1.9934,4.3289,1.8704,1.4551,4.0066,1.2525,1.7774,3.1329,1.9801,2.4219,3.4385,4.5714,2.4551,3.113,4.5415,3.9435,3.2259,2.9037,2.2226,2.1728,3.495,6.412,1.9203,1.8804,6.1429,3.4684,2.6611,0.8073,0.9369,0.7508,0.9568,1.4718,0.8605,1.0797,1.3256,1.3787,0.9767,0.5681,0.8804,0.5847,1.3588,2.1296,0.5116,0.6379,2.6478,1.5116,0.8106,0.9269,1,1.0033,1.1628,1.6246,0.5282,0.7608,1.7375,0.7309,1.1296,0.5947,0.8206,0.6312,1.0664,1.8073,0.8206,0.6346,2.1495,1.0631,0.8837,3.5714,3.3721,3.9535,4.1462,8.2458,3.3953,3.887,5.6379,4.6711,3.3322,3.5615,2.6977,3.3189,4.2791,6.1096,2.3854,2.0831,7.7442,3.4983,2.9037,1.9867,2.6346,3.0066,3.505,4.1296,1.9369,2.4884,3.2924,2.5382,1.9535,1.299,1.8405,1.505,1.814,3.2791,1.4983,1.1927,3.4817,1.9203,1.9037,1.5681,1.5282,2.0233,1.6379,4.1661,0.8937,1.2292,3.1694,1.5548,2.1196,1.7076,1.0166,1.485,2.4585,2.4751,1.2824,1.5748,3.309,1.2957,2.0532
positive42-2.txt_gi|33518719|gb|AAQ20842.1|,0.5829,0.8235,0.4332,0.8235,0.9626,0.7487,0.7487,0.8235,0.6524,1.4759,1.5027,0.2995,1.5187,0.4973,1.4011,0.1444,0.1604,1.6417,0.123,1.4492,0.7112,2.631,1.861,2.0695,2.6898,1.5722,1.7219,2.631,2.5241,1.5561,1.508,0.9947,1.5455,2.2781,2.5348,0.5561,0.1176,4.1016,1.9893,1.0588,1.139,2.1658,0.6898,1.2353,1.7754,0.9519,1.1658,2.4278,1.3262,0.5829,0.5241,1.2406,0.6364,1.2353,2.3957,0.4439,-0.508,2.4278,0.9412,0.262,1.6952,1.5936,0.6578,1.3102,2.385,0.7647,1.107,2.5882,1.262,0.5187,0.9572,0.877,0.8128,1.3262,2.5989,0.5668,-0.123,2.7754,1.0856,0.5027,1.3957,2.8824,1.8075,1.2995,5.0107,1.1979,1.2032,2.4866,2.7968,3.3583,3.5775,0.8877,3.139,3.5936,3.5722,1.1123,0.6043,5.8235,2.6257,2.6043,0.738,1.3476,0.8021,0.8182,1.3422,0.6578,0.9037,1.984,1.0535,0.9144,0.6417,0.7807,0.7594,0.9305,1.6898,0.3155,-0.3957,2.2032,1.1176,0.631,0.8824,1.369,0.9786,1.0588,1.6952,0.9412,1.2941,2.0749,1.2781,0.8717,0.877,0.7112,0.9251,0.7701,2.5775,0.3209,-0.1444,2.2406,0.615,0.7059,1.2139,2.2567,2.4278,2.4652,2.1497,1.5829,1.6417,3.0642,2.1283,1.4973,1.8556,1.1497,1.7754,2.0214,3.5615,0.631,0.5668,4.107,1.0107,1.4813,1.0695,2.5187,1.5134,1.4706,2.9198,1.2513,1.3476,2.6952,2.7861,2.5508,1.984,0.8342,1.8075,2.8021,2.8717,0.3262,0.508,4.6845,2.893,1.5561,0.9198,1.369,0.3048,0.7059,3.4652,0.6791,0.9091,1.9305,1.9947,2.2941,2.2781,-0.1711,2.1176,2.4545,2.0107,0.4064,0.1658,3.8717,1.7754,2.1551,0.6684,1.7701,1.0214,1.1765,3.4439,0.984,1.262,1.7166,2.3209,2.1658,2.0107,0.0695,2.0267,2.2406,2.2353,0.5561,0.4545,3.9572,1.9679,1.754,-0.0856,1.016,0.877,1.4385,0.4813,0.8289,1.1016,0.9733,0.7754,0.1872,0.0214,0.4652,0.1283,1.1176,0.6738,-0.0267,-0.2834,1.5989,0.9465,0.0695,0.631,1.8449,0.9626,1.139,2.8877,1.1123,1.4706,1.861,2.107,1.7433,1.8235,0.5455,1.7968,2.0695,2.0535,0.5241,0.2193,3.7433,1.9786,1.4599,0.8717,2.2513,1.5615,0.9786,3.6898,0.984,0.9519,2.3904,2.7807,2.9305,2.2995,0.8021,2.0267,2.5615,2.5401,0.4545,1.0909,4.4813,2.2246,2.1283,1.7968,3.1337,1.6096,2.9947,3.2139,2.0535,2.2193,3.5027,2.861,1.9198,2.1979,1.2246,2.4706,2.2888,4.2567,1.3209,-0.2299,4.893,1.5561,1.5455,1.0909,0.6684,0.1925,0.7647,0.4278,0.4866,0.6203,1.3636,0.2406,0.1818,0.0909,0.2781,0.1337,0.2513,1.0588,0.3583,-0.2193,0.8503,-0.1016,0.2086,0.738,0.1497,-0.6791,-0.0802,0.2727,-0.0267,-0.0321,-0.0588,0.3743,0.7166,0.2567,-0.1658,0.3957,0.6738,0.1925,-0.0107,-0.5882,0.8235,0.5775,0.385,1.6096,3.8342,2.5134,2.3797,5.7807,1.861,2.0107,4.1658,4.7273,4.0963,3.9572,0.8717,3.6578,4.8663,5.0963,0.7326,0.7273,8.1818,4.1711,3.0909,0.754,1.7701,1.4011,0.6845,3.0321,0.9037,0.5401,1.6684,2.615,2.3422,2.0428,0.2567,1.6524,2.0428,2.3422,0.3957,1.492,3.5508,1.6203,1.4652,0.4332,1.2567,0.1444,0.5722,2.492,0.631,0.8503,0.9251,1.7807,1.9679,2.3422,0.0856,2.1711,2.2299,1.6417,0.1711,0.0588,3.4706,1.5722,1.754
positive42-2.txt_Q2LE37.1|APOM_PIG,1.0481,0.3904,0.492,0.861,2.0107,0.0535,0.3102,1.6631,0.3316,0.9251,0.754,0.4171,0.3904,0.8128,1.4278,0.5455,0.5134,1.4278,0.3904,0.9305,1.0642,1.4332,1.5027,1.7754,2.5294,0.8717,1.2193,2.0107,1.1444,1.1979,1.139,1.2995,0.8449,1.4706,1.5668,1.0588,0.9786,2.7861,1.0321,1.0802,0.9305,1.5348,1.369,1.754,2.3904,1.2406,1.2246,2.0321,0.9947,1.3583,1.3743,1.2727,1.2834,1.0909,1.6043,0.8984,0.6043,2.3422,0.5989,1.2246,1.0267,1.6471,1.5401,2.1925,2.8663,1.0053,1.2567,2.7807,1.3369,1.7754,1.8128,1.3369,1.5508,1.9198,1.9893,0.8342,0.6364,3.0909,1.1337,1.5455,1.5134,1.7112,1.4545,2.3262,3.9572,0.7219,1.1818,2.7914,1.6631,2.9572,2.5348,1.4011,1.5668,2.5241,3.8503,0.615,0.8984,4.2781,2.1765,2.6791,0.4385,0.5455,0.2299,0.5989,1.6898,0.1176,0.3904,1.0267,0.1337,0.8449,0.9358,0.3209,0.5455,0.7273,0.4866,0.2941,0.3262,1.5027,0.2513,0.7059,0.6524,0.7754,0.6791,1.1176,1.9144,0.3369,0.7326,1.6257,0.5829,0.9037,0.9786,0.615,0.7059,1.0749,0.9786,0.508,0.4599,1.7219,0.4171,0.7594,1.5989,1.8503,1.754,2.1658,3.4813,1.1658,1.1283,3.2086,1.5561,2.3636,2.107,1.4652,1.5882,2.0428,2.139,1.0909,0.7647,3.4439,1.5508,2.2727,0.7112,1.4759,1.3155,1.5722,2.3422,1.1604,0.984,1.861,1.2888,1.4973,1.6791,1.0374,1.1818,1.5348,1.6684,0.6791,0.4492,2.5668,1.0481,1.2674,0.7166,1.3262,1.3155,1.7754,2.1658,0.4385,0.7647,1.8289,1.7219,1.5989,1.4706,0.9572,0.9144,2.5241,1.3529,0.3743,0.4332,3.6471,2.4225,1.3529,0.5775,1.2674,1.1818,1.4225,2.0053,0.3102,0.5241,1.5936,1.5455,1.5027,1.4706,0.9037,0.8128,2.4278,0.9572,0.3316,0.4866,3.3904,2.3797,1.262,0.8824,0.9786,1.0749,1.5027,2.1497,0.631,1.123,1.6524,0.7701,0.8449,0.7807,0.9091,0.5508,0.9358,1.2299,0.8182,0.6631,2.1658,0.5508,0.754,0.4599,0.8824,0.8877,1.1765,1.3316,0.3422,0.5561,1.0214,1.0107,0.9786,0.9679,0.7701,0.492,1.7433,0.4171,0.246,0.2781,2.3422,1.6578,0.8289,0.6631,1.6631,2.1604,2.1497,2.4171,1.0107,0.9572,2.123,2.4171,1.8342,1.6471,1.3422,1.0374,2.5455,1.4171,0.6257,0.385,3.5401,2.4973,1.5241,0.8182,2.4759,1.6364,2.6043,2.1176,1.1604,2.0535,2.3369,2.2781,1.123,1,1.631,0.7112,1.123,2.1337,0.7112,0.5027,2.4439,1.1337,0.8877,0.8128,0.3904,0.508,0.7433,1.7754,0.3209,0.4706,1.1979,0.0856,0.6096,0.5187,0.5722,0.3957,0.1497,1.2246,0.7005,0.4866,0.8075,-0.1765,0.631,0.492,0.4545,0.5294,1.1765,0.9305,0.2567,0.8663,1.0107,0.2941,0.3048,0.1979,0.7326,0.1123,0.3369,1.1604,0.4332,0.2995,0.8449,0.1551,0.2193,1.6952,2.5027,2.6524,3.0481,4.4599,1.2406,1.5027,3.6096,3.0695,3.3529,2.8021,1.8877,1.8235,3.9091,2.5668,1.123,1.0588,5.6684,3.6043,2.9144,0.5401,1.508,1.7807,1.7594,2.0588,1.123,0.8877,1.8984,2.0802,1.4385,1.4064,1.0963,0.9251,2.2299,1.2032,0.5294,0.2353,3.0909,2,1.1604,0.7326,0.984,1.0481,1.5775,2.1337,0.2567,0.631,1.6898,1.3209,1.3636,1.1925,0.7701,0.6684,2.0909,1.385,0.3529,0.4118,3.1497,1.9091,1.1604
positive42-2.txt_Q9Z1R3.1|APOM_MOUSE,1.0529,0.381,0.5503,0.9577,2.0476,0.1005,0.3175,1.7619,0.381,1.0529,0.7778,0.4603,0.3598,0.8995,1.4815,0.5608,0.5132,1.4497,0.418,0.9894,1.0952,1.3968,1.5344,1.9312,2.5344,0.8889,1.2487,2.1746,1.1958,1.3439,1.1111,1.328,0.836,1.5238,1.582,1.0476,0.9577,2.7619,1.0529,1.2328,0.9153,1.5079,1.3598,1.8889,2.4339,1.3386,1.2381,2.2275,0.9841,1.6667,1.4074,1.3439,1.2698,1.1217,1.6772,0.9101,0.5926,2.3386,0.5873,1.4021,1.1376,1.746,1.6878,2.4392,3.1429,1.1111,1.3704,3.0794,1.5079,2.2063,1.9577,1.4709,1.6402,2.1852,2.1958,0.8995,0.6772,3.2593,1.291,1.8677,1.5926,1.7354,1.4974,2.5079,3.9524,0.8201,1.2169,2.8095,1.8042,3.4074,2.5344,1.3545,1.5079,2.8254,3.9206,0.6455,0.9418,4.2275,2.2169,2.9577,0.5397,0.6085,0.3069,0.709,1.8042,0.1852,0.5238,1.2381,0.1746,0.9894,0.9577,0.4021,0.582,0.8095,0.6243,0.3333,0.3545,1.6402,0.3439,0.8677,0.6984,0.7989,0.709,1.164,1.9577,0.3704,0.8677,1.7407,0.6402,1.0159,1.0265,0.6931,0.7354,1.2275,1.1058,0.5026,0.4762,1.8042,0.5608,0.9365,1.6614,1.9471,1.7884,2.3122,3.6402,1.3439,1.0688,3.3651,1.5926,2.836,2.291,1.6825,1.6614,2.1958,2.1746,1.1058,0.7831,3.4921,1.5503,2.582,0.7619,1.5079,1.3704,1.7672,2.4709,1.2487,1.0159,2.0847,1.3598,1.8413,1.7672,1.1323,1.2169,1.6349,1.8201,0.6984,0.4656,2.5503,1.0423,1.4921,0.8466,1.5238,1.4709,2.2011,2.5661,0.5132,0.873,2.0317,2.0159,2.1217,1.6931,1.0794,1.0899,2.963,1.5185,0.4286,0.5185,4.0741,2.6931,1.6984,0.6402,1.2487,1.1905,1.5926,2.0899,0.2857,0.4868,1.6984,1.672,1.6614,1.3492,0.8677,0.7566,2.6402,0.9524,0.3598,0.5291,3.5026,2.4444,1.2963,0.9471,0.963,1.1534,1.582,2.1693,0.672,1.1799,1.9365,0.8042,0.9206,0.7354,0.9418,0.5397,0.8995,1.2328,0.8466,0.6455,2.1746,0.545,0.9048,0.4974,0.873,0.9153,1.3862,1.3757,0.3228,0.5608,1.0794,1.1058,1.0582,0.8571,0.7831,0.4497,1.8413,0.4339,0.2751,0.3069,2.3492,1.6825,0.8042,0.7407,1.7513,2.2275,2.4603,2.6508,1.1111,0.8624,2.3439,2.6032,2.2275,1.7778,1.4603,1.1429,2.9206,1.5873,0.6667,0.418,3.8148,2.672,1.7143,0.8889,2.4497,1.6508,2.6349,2.164,1.2116,2.2011,2.4339,2.3439,1.2646,1.0476,1.619,0.7249,1.1799,2.1376,0.7143,0.5079,2.4444,1.127,1.0952,0.8095,0.3862,0.5238,0.7778,1.7566,0.3968,0.4868,1.254,0.0423,0.7725,0.5397,0.6138,0.3915,0.1693,1.2434,0.6931,0.4656,0.7725,-0.1799,0.7354,0.4815,0.4233,0.5026,1.2381,0.9418,0.2646,0.9206,1.0688,0.2963,0.3915,0.164,0.709,0.0688,0.3439,1.1323,0.4286,0.2751,0.8254,0.1376,0.2646,1.7354,2.4074,2.6138,3.254,4.4656,1.2646,1.3968,3.7196,3.1217,3.6349,2.7937,1.8677,1.8042,4.1958,2.5661,1.1058,1.0476,5.5873,3.6349,3.1534,0.5397,1.455,1.7672,1.9101,2.1005,1.0847,0.7937,2.0106,2.1058,1.6561,1.4339,1.1164,0.9048,2.4074,1.3069,0.5238,0.2434,3.1058,2.0317,1.2487,0.8466,1.1111,1.127,1.8942,2.4339,0.2857,0.7302,1.9048,1.5714,1.7143,1.2857,0.8571,0.6931,2.4127,1.5926,0.381,0.4815,3.381,2.0582,1.3545
